layer_name,input,kv_cache,tp_size,latency(ns)
embedding,1,0,4,2882
input_layernorm,1,0,4,17511
q_proj,1,0,4,5806
k_proj,1,0,4,5094
v_proj,1,0,4,5164
rope,1,0,4,15450
attn,1,0,4,3933
o_proj,1,0,4,4514
post_layernorm,1,0,4,17164
gate_proj,1,0,4,11321
up_proj,1,0,4,11059
act_fn,1,0,4,1955
down_proj,1,0,4,12304
final_layernorm,1,0,4,18400
lm_head,1,0,4,88167
embedding,2,0,4,3572
input_layernorm,2,0,4,20097
q_proj,2,0,4,5803
k_proj,2,0,4,5105
v_proj,2,0,4,5164
rope,2,0,4,17473
attn,2,0,4,6299
o_proj,2,0,4,4344
post_layernorm,2,0,4,19743
gate_proj,2,0,4,11390
up_proj,2,0,4,10893
act_fn,2,0,4,1939
down_proj,2,0,4,12280
final_layernorm,2,0,4,20942
lm_head,2,0,4,88329
embedding,3,0,4,4079
input_layernorm,3,0,4,20441
q_proj,3,0,4,5814
k_proj,3,0,4,5061
v_proj,3,0,4,5132
rope,3,0,4,18831
attn,3,0,4,6347
o_proj,3,0,4,4382
post_layernorm,3,0,4,19669
gate_proj,3,0,4,11588
up_proj,3,0,4,11096
act_fn,3,0,4,1956
down_proj,3,0,4,12255
final_layernorm,3,0,4,20953
lm_head,3,0,4,88811
embedding,4,0,4,4601
input_layernorm,4,0,4,21264
q_proj,4,0,4,5843
k_proj,4,0,4,5075
v_proj,4,0,4,5171
rope,4,0,4,18895
attn,4,0,4,6233
o_proj,4,0,4,4386
post_layernorm,4,0,4,20554
gate_proj,4,0,4,11476
up_proj,4,0,4,10950
act_fn,4,0,4,1947
down_proj,4,0,4,12277
final_layernorm,4,0,4,21634
lm_head,4,0,4,88847
embedding,5,0,4,5311
input_layernorm,5,0,4,21084
q_proj,5,0,4,5845
k_proj,5,0,4,5050
v_proj,5,0,4,5178
rope,5,0,4,18619
attn,5,0,4,6299
o_proj,5,0,4,4447
post_layernorm,5,0,4,20459
gate_proj,5,0,4,11593
up_proj,5,0,4,10988
act_fn,5,0,4,1960
down_proj,5,0,4,12280
final_layernorm,5,0,4,21676
lm_head,5,0,4,88980
embedding,6,0,4,5945
input_layernorm,6,0,4,21446
q_proj,6,0,4,5824
k_proj,6,0,4,5104
v_proj,6,0,4,5230
rope,6,0,4,18920
attn,6,0,4,6297
o_proj,6,0,4,4447
post_layernorm,6,0,4,20703
gate_proj,6,0,4,11588
up_proj,6,0,4,11021
act_fn,6,0,4,1981
down_proj,6,0,4,12350
final_layernorm,6,0,4,21580
lm_head,6,0,4,88901
embedding,7,0,4,6715
input_layernorm,7,0,4,21666
q_proj,7,0,4,5860
k_proj,7,0,4,5122
v_proj,7,0,4,5262
rope,7,0,4,18739
attn,7,0,4,6231
o_proj,7,0,4,4424
post_layernorm,7,0,4,20688
gate_proj,7,0,4,11684
up_proj,7,0,4,11118
act_fn,7,0,4,1971
down_proj,7,0,4,12380
final_layernorm,7,0,4,21689
lm_head,7,0,4,89031
embedding,8,0,4,7341
input_layernorm,8,0,4,23499
q_proj,8,0,4,5870
k_proj,8,0,4,5140
v_proj,8,0,4,5259
rope,8,0,4,19005
attn,8,0,4,6287
o_proj,8,0,4,4464
post_layernorm,8,0,4,22764
gate_proj,8,0,4,11666
up_proj,8,0,4,11125
act_fn,8,0,4,1980
down_proj,8,0,4,12446
final_layernorm,8,0,4,23400
lm_head,8,0,4,89152
embedding,9,0,4,8052
input_layernorm,9,0,4,23612
q_proj,9,0,4,5901
k_proj,9,0,4,5177
v_proj,9,0,4,5220
rope,9,0,4,19044
attn,9,0,4,6246
o_proj,9,0,4,4703
post_layernorm,9,0,4,22371
gate_proj,9,0,4,11722
up_proj,9,0,4,11124
act_fn,9,0,4,1989
down_proj,9,0,4,12678
final_layernorm,9,0,4,23856
lm_head,9,0,4,88892
embedding,10,0,4,8511
input_layernorm,10,0,4,23056
q_proj,10,0,4,5947
k_proj,10,0,4,5189
v_proj,10,0,4,5216
rope,10,0,4,19141
attn,10,0,4,6305
o_proj,10,0,4,4688
post_layernorm,10,0,4,22602
gate_proj,10,0,4,11800
up_proj,10,0,4,11187
act_fn,10,0,4,1965
down_proj,10,0,4,12879
final_layernorm,10,0,4,23699
lm_head,10,0,4,89181
embedding,11,0,4,9259
input_layernorm,11,0,4,23230
q_proj,11,0,4,5923
k_proj,11,0,4,5201
v_proj,11,0,4,5293
rope,11,0,4,19653
attn,11,0,4,6249
o_proj,11,0,4,4640
post_layernorm,11,0,4,22454
gate_proj,11,0,4,11722
up_proj,11,0,4,11194
act_fn,11,0,4,1981
down_proj,11,0,4,12775
final_layernorm,11,0,4,23624
lm_head,11,0,4,89293
embedding,12,0,4,9907
input_layernorm,12,0,4,23504
q_proj,12,0,4,5944
k_proj,12,0,4,5177
v_proj,12,0,4,5218
rope,12,0,4,19667
attn,12,0,4,6296
o_proj,12,0,4,4635
post_layernorm,12,0,4,22661
gate_proj,12,0,4,11750
up_proj,12,0,4,11127
act_fn,12,0,4,1997
down_proj,12,0,4,12825
final_layernorm,12,0,4,23503
lm_head,12,0,4,89245
embedding,13,0,4,10502
input_layernorm,13,0,4,23486
q_proj,13,0,4,5964
k_proj,13,0,4,5216
v_proj,13,0,4,5247
rope,13,0,4,19663
attn,13,0,4,6266
o_proj,13,0,4,4688
post_layernorm,13,0,4,22862
gate_proj,13,0,4,11868
up_proj,13,0,4,11216
act_fn,13,0,4,1997
down_proj,13,0,4,12778
final_layernorm,13,0,4,23757
lm_head,13,0,4,89320
embedding,14,0,4,10868
input_layernorm,14,0,4,23602
q_proj,14,0,4,5933
k_proj,14,0,4,5215
v_proj,14,0,4,5295
rope,14,0,4,19701
attn,14,0,4,6326
o_proj,14,0,4,4702
post_layernorm,14,0,4,23012
gate_proj,14,0,4,11856
up_proj,14,0,4,11246
act_fn,14,0,4,2031
down_proj,14,0,4,12808
final_layernorm,14,0,4,24024
lm_head,14,0,4,89255
embedding,15,0,4,11686
input_layernorm,15,0,4,24194
q_proj,15,0,4,5949
k_proj,15,0,4,5226
v_proj,15,0,4,5239
rope,15,0,4,19754
attn,15,0,4,6277
o_proj,15,0,4,4736
post_layernorm,15,0,4,23083
gate_proj,15,0,4,11809
up_proj,15,0,4,11253
act_fn,15,0,4,2026
down_proj,15,0,4,12805
final_layernorm,15,0,4,24118
lm_head,15,0,4,89362
embedding,16,0,4,12205
input_layernorm,16,0,4,27317
q_proj,16,0,4,5944
k_proj,16,0,4,5230
v_proj,16,0,4,5303
rope,16,0,4,19667
attn,16,0,4,6272
o_proj,16,0,4,4700
post_layernorm,16,0,4,26337
gate_proj,16,0,4,11795
up_proj,16,0,4,11214
act_fn,16,0,4,2028
down_proj,16,0,4,12805
final_layernorm,16,0,4,27035
lm_head,16,0,4,89466
embedding,17,0,4,3517
input_layernorm,17,0,4,26955
q_proj,17,0,4,6021
k_proj,17,0,4,5488
v_proj,17,0,4,5341
rope,17,0,4,19881
attn,17,0,4,6298
o_proj,17,0,4,4564
post_layernorm,17,0,4,26430
gate_proj,17,0,4,11800
up_proj,17,0,4,11334
act_fn,17,0,4,2051
down_proj,17,0,4,12783
final_layernorm,17,0,4,27271
lm_head,17,0,4,89596
embedding,18,0,4,3555
input_layernorm,18,0,4,27366
q_proj,18,0,4,5936
k_proj,18,0,4,5346
v_proj,18,0,4,5286
rope,18,0,4,20140
attn,18,0,4,6274
o_proj,18,0,4,4565
post_layernorm,18,0,4,26297
gate_proj,18,0,4,11928
up_proj,18,0,4,11282
act_fn,18,0,4,2036
down_proj,18,0,4,13013
final_layernorm,18,0,4,27739
lm_head,18,0,4,89484
embedding,19,0,4,3559
input_layernorm,19,0,4,27916
q_proj,19,0,4,6067
k_proj,19,0,4,5392
v_proj,19,0,4,5340
rope,19,0,4,20202
attn,19,0,4,6268
o_proj,19,0,4,4614
post_layernorm,19,0,4,26553
gate_proj,19,0,4,11851
up_proj,19,0,4,11281
act_fn,19,0,4,2092
down_proj,19,0,4,12952
final_layernorm,19,0,4,27552
lm_head,19,0,4,89770
embedding,20,0,4,3571
input_layernorm,20,0,4,27623
q_proj,20,0,4,6001
k_proj,20,0,4,5377
v_proj,20,0,4,5326
rope,20,0,4,20174
attn,20,0,4,6285
o_proj,20,0,4,4632
post_layernorm,20,0,4,26431
gate_proj,20,0,4,11847
up_proj,20,0,4,11375
act_fn,20,0,4,2117
down_proj,20,0,4,12962
final_layernorm,20,0,4,27339
lm_head,20,0,4,89648
embedding,21,0,4,3579
input_layernorm,21,0,4,27109
q_proj,21,0,4,6069
k_proj,21,0,4,5387
v_proj,21,0,4,5335
rope,21,0,4,20523
attn,21,0,4,6275
o_proj,21,0,4,4632
post_layernorm,21,0,4,26446
gate_proj,21,0,4,11853
up_proj,21,0,4,11342
act_fn,21,0,4,2093
down_proj,21,0,4,12888
final_layernorm,21,0,4,27555
lm_head,21,0,4,89698
embedding,22,0,4,3673
input_layernorm,22,0,4,26878
q_proj,22,0,4,6091
k_proj,22,0,4,5431
v_proj,22,0,4,5375
rope,22,0,4,20213
attn,22,0,4,6319
o_proj,22,0,4,4665
post_layernorm,22,0,4,26746
gate_proj,22,0,4,11904
up_proj,22,0,4,11413
act_fn,22,0,4,2102
down_proj,22,0,4,12945
final_layernorm,22,0,4,27683
lm_head,22,0,4,89681
embedding,23,0,4,3642
input_layernorm,23,0,4,27332
q_proj,23,0,4,6055
k_proj,23,0,4,5398
v_proj,23,0,4,5356
rope,23,0,4,20374
attn,23,0,4,6265
o_proj,23,0,4,4677
post_layernorm,23,0,4,26345
gate_proj,23,0,4,12043
up_proj,23,0,4,11297
act_fn,23,0,4,2108
down_proj,23,0,4,12857
final_layernorm,23,0,4,27994
lm_head,23,0,4,89754
embedding,24,0,4,3641
input_layernorm,24,0,4,27597
q_proj,24,0,4,6065
k_proj,24,0,4,5392
v_proj,24,0,4,5339
rope,24,0,4,20532
attn,24,0,4,6239
o_proj,24,0,4,4685
post_layernorm,24,0,4,26202
gate_proj,24,0,4,11928
up_proj,24,0,4,11357
act_fn,24,0,4,2105
down_proj,24,0,4,12887
final_layernorm,24,0,4,27474
lm_head,24,0,4,89706
embedding,25,0,4,3726
input_layernorm,25,0,4,28020
q_proj,25,0,4,6080
k_proj,25,0,4,5311
v_proj,25,0,4,5389
rope,25,0,4,20397
attn,25,0,4,6243
o_proj,25,0,4,4779
post_layernorm,25,0,4,27387
gate_proj,25,0,4,12057
up_proj,25,0,4,11452
act_fn,25,0,4,2118
down_proj,25,0,4,13015
final_layernorm,25,0,4,27986
lm_head,25,0,4,89993
embedding,26,0,4,3728
input_layernorm,26,0,4,27693
q_proj,26,0,4,6089
k_proj,26,0,4,5282
v_proj,26,0,4,5384
rope,26,0,4,20610
attn,26,0,4,6240
o_proj,26,0,4,4753
post_layernorm,26,0,4,26673
gate_proj,26,0,4,12016
up_proj,26,0,4,11363
act_fn,26,0,4,2130
down_proj,26,0,4,12914
final_layernorm,26,0,4,27567
lm_head,26,0,4,90039
embedding,27,0,4,3772
input_layernorm,27,0,4,27250
q_proj,27,0,4,6072
k_proj,27,0,4,5283
v_proj,27,0,4,5376
rope,27,0,4,20699
attn,27,0,4,6291
o_proj,27,0,4,4765
post_layernorm,27,0,4,26832
gate_proj,27,0,4,11982
up_proj,27,0,4,11417
act_fn,27,0,4,2114
down_proj,27,0,4,13122
final_layernorm,27,0,4,27887
lm_head,27,0,4,89990
embedding,28,0,4,3773
input_layernorm,28,0,4,27745
q_proj,28,0,4,6092
k_proj,28,0,4,5308
v_proj,28,0,4,5390
rope,28,0,4,20668
attn,28,0,4,6259
o_proj,28,0,4,4823
post_layernorm,28,0,4,26847
gate_proj,28,0,4,12063
up_proj,28,0,4,11454
act_fn,28,0,4,2128
down_proj,28,0,4,13091
final_layernorm,28,0,4,27693
lm_head,28,0,4,90094
embedding,29,0,4,3807
input_layernorm,29,0,4,27554
q_proj,29,0,4,6077
k_proj,29,0,4,5344
v_proj,29,0,4,5411
rope,29,0,4,20624
attn,29,0,4,6242
o_proj,29,0,4,4802
post_layernorm,29,0,4,27018
gate_proj,29,0,4,11972
up_proj,29,0,4,11446
act_fn,29,0,4,2111
down_proj,29,0,4,13039
final_layernorm,29,0,4,27925
lm_head,29,0,4,90067
embedding,30,0,4,3815
input_layernorm,30,0,4,28242
q_proj,30,0,4,6104
k_proj,30,0,4,5304
v_proj,30,0,4,5432
rope,30,0,4,20796
attn,30,0,4,6266
o_proj,30,0,4,4822
post_layernorm,30,0,4,26767
gate_proj,30,0,4,12040
up_proj,30,0,4,11468
act_fn,30,0,4,2126
down_proj,30,0,4,13052
final_layernorm,30,0,4,27741
lm_head,30,0,4,90115
embedding,31,0,4,3870
input_layernorm,31,0,4,27992
q_proj,31,0,4,6076
k_proj,31,0,4,5336
v_proj,31,0,4,5432
rope,31,0,4,20792
attn,31,0,4,6314
o_proj,31,0,4,4851
post_layernorm,31,0,4,27056
gate_proj,31,0,4,12049
up_proj,31,0,4,11444
act_fn,31,0,4,2130
down_proj,31,0,4,13058
final_layernorm,31,0,4,27825
lm_head,31,0,4,90165
embedding,32,0,4,3851
input_layernorm,32,0,4,27499
q_proj,32,0,4,6102
k_proj,32,0,4,5327
v_proj,32,0,4,5450
rope,32,0,4,20731
attn,32,0,4,6262
o_proj,32,0,4,4836
post_layernorm,32,0,4,26979
gate_proj,32,0,4,12028
up_proj,32,0,4,11441
act_fn,32,0,4,2136
down_proj,32,0,4,13024
final_layernorm,32,0,4,27242
lm_head,32,0,4,90258
embedding,33,0,4,3873
input_layernorm,33,0,4,27437
q_proj,33,0,4,6146
k_proj,33,0,4,5940
v_proj,33,0,4,5965
rope,33,0,4,20741
attn,33,0,4,6260
o_proj,33,0,4,4773
post_layernorm,33,0,4,26881
gate_proj,33,0,4,12031
up_proj,33,0,4,11594
act_fn,33,0,4,2147
down_proj,33,0,4,13163
final_layernorm,33,0,4,27883
lm_head,33,0,4,90545
embedding,34,0,4,4042
input_layernorm,34,0,4,26850
q_proj,34,0,4,6135
k_proj,34,0,4,5947
v_proj,34,0,4,5946
rope,34,0,4,20803
attn,34,0,4,6315
o_proj,34,0,4,4800
post_layernorm,34,0,4,27143
gate_proj,34,0,4,12033
up_proj,34,0,4,11549
act_fn,34,0,4,2132
down_proj,34,0,4,13182
final_layernorm,34,0,4,27225
lm_head,34,0,4,90649
embedding,35,0,4,4151
input_layernorm,35,0,4,27075
q_proj,35,0,4,6165
k_proj,35,0,4,5958
v_proj,35,0,4,5941
rope,35,0,4,20868
attn,35,0,4,6248
o_proj,35,0,4,4787
post_layernorm,35,0,4,26640
gate_proj,35,0,4,12121
up_proj,35,0,4,11489
act_fn,35,0,4,2148
down_proj,35,0,4,13240
final_layernorm,35,0,4,27361
lm_head,35,0,4,90712
embedding,36,0,4,4226
input_layernorm,36,0,4,27534
q_proj,36,0,4,6164
k_proj,36,0,4,5961
v_proj,36,0,4,5992
rope,36,0,4,20856
attn,36,0,4,6342
o_proj,36,0,4,4772
post_layernorm,36,0,4,26632
gate_proj,36,0,4,11985
up_proj,36,0,4,11563
act_fn,36,0,4,2167
down_proj,36,0,4,13233
final_layernorm,36,0,4,27554
lm_head,36,0,4,90684
embedding,37,0,4,4384
input_layernorm,37,0,4,27199
q_proj,37,0,4,6181
k_proj,37,0,4,5974
v_proj,37,0,4,5950
rope,37,0,4,20939
attn,37,0,4,6246
o_proj,37,0,4,4822
post_layernorm,37,0,4,26648
gate_proj,37,0,4,12064
up_proj,37,0,4,11541
act_fn,37,0,4,2143
down_proj,37,0,4,13206
final_layernorm,37,0,4,27531
lm_head,37,0,4,90762
embedding,38,0,4,4264
input_layernorm,38,0,4,27537
q_proj,38,0,4,6121
k_proj,38,0,4,5954
v_proj,38,0,4,5948
rope,38,0,4,20971
attn,38,0,4,6298
o_proj,38,0,4,4831
post_layernorm,38,0,4,26672
gate_proj,38,0,4,12210
up_proj,38,0,4,11576
act_fn,38,0,4,2155
down_proj,38,0,4,13301
final_layernorm,38,0,4,27671
lm_head,38,0,4,90597
embedding,39,0,4,4394
input_layernorm,39,0,4,27343
q_proj,39,0,4,6177
k_proj,39,0,4,5842
v_proj,39,0,4,5928
rope,39,0,4,20889
attn,39,0,4,6306
o_proj,39,0,4,4769
post_layernorm,39,0,4,26772
gate_proj,39,0,4,12116
up_proj,39,0,4,11637
act_fn,39,0,4,2196
down_proj,39,0,4,13209
final_layernorm,39,0,4,27602
lm_head,39,0,4,90840
embedding,40,0,4,4336
input_layernorm,40,0,4,27531
q_proj,40,0,4,6117
k_proj,40,0,4,5964
v_proj,40,0,4,5986
rope,40,0,4,20877
attn,40,0,4,6349
o_proj,40,0,4,4845
post_layernorm,40,0,4,26795
gate_proj,40,0,4,12213
up_proj,40,0,4,11657
act_fn,40,0,4,2151
down_proj,40,0,4,13213
final_layernorm,40,0,4,27315
lm_head,40,0,4,90966
embedding,41,0,4,4343
input_layernorm,41,0,4,27315
q_proj,41,0,4,5096
k_proj,41,0,4,5564
v_proj,41,0,4,5505
rope,41,0,4,20999
attn,41,0,4,6307
o_proj,41,0,4,4995
post_layernorm,41,0,4,26744
gate_proj,41,0,4,12211
up_proj,41,0,4,11602
act_fn,41,0,4,2159
down_proj,41,0,4,13284
final_layernorm,41,0,4,27737
lm_head,41,0,4,90881
embedding,42,0,4,4493
input_layernorm,42,0,4,27644
q_proj,42,0,4,5040
k_proj,42,0,4,5519
v_proj,42,0,4,5470
rope,42,0,4,20918
attn,42,0,4,6301
o_proj,42,0,4,5025
post_layernorm,42,0,4,26730
gate_proj,42,0,4,12077
up_proj,42,0,4,11623
act_fn,42,0,4,2164
down_proj,42,0,4,13272
final_layernorm,42,0,4,27577
lm_head,42,0,4,90494
embedding,43,0,4,4416
input_layernorm,43,0,4,28065
q_proj,43,0,4,5062
k_proj,43,0,4,5546
v_proj,43,0,4,5467
rope,43,0,4,21159
attn,43,0,4,6318
o_proj,43,0,4,5006
post_layernorm,43,0,4,26817
gate_proj,43,0,4,12205
up_proj,43,0,4,11635
act_fn,43,0,4,2155
down_proj,43,0,4,13249
final_layernorm,43,0,4,27708
lm_head,43,0,4,90494
embedding,44,0,4,4382
input_layernorm,44,0,4,27905
q_proj,44,0,4,5051
k_proj,44,0,4,5555
v_proj,44,0,4,5462
rope,44,0,4,21097
attn,44,0,4,6288
o_proj,44,0,4,5004
post_layernorm,44,0,4,26794
gate_proj,44,0,4,12200
up_proj,44,0,4,11612
act_fn,44,0,4,2159
down_proj,44,0,4,13265
final_layernorm,44,0,4,27656
lm_head,44,0,4,90527
embedding,45,0,4,4421
input_layernorm,45,0,4,27945
q_proj,45,0,4,5046
k_proj,45,0,4,5537
v_proj,45,0,4,5491
rope,45,0,4,21117
attn,45,0,4,6301
o_proj,45,0,4,5049
post_layernorm,45,0,4,26851
gate_proj,45,0,4,12172
up_proj,45,0,4,11591
act_fn,45,0,4,2186
down_proj,45,0,4,13233
final_layernorm,45,0,4,27716
lm_head,45,0,4,90692
embedding,46,0,4,4449
input_layernorm,46,0,4,27302
q_proj,46,0,4,5059
k_proj,46,0,4,5556
v_proj,46,0,4,5482
rope,46,0,4,21216
attn,46,0,4,6331
o_proj,46,0,4,5031
post_layernorm,46,0,4,26843
gate_proj,46,0,4,12264
up_proj,46,0,4,11561
act_fn,46,0,4,2179
down_proj,46,0,4,13282
final_layernorm,46,0,4,27841
lm_head,46,0,4,90842
embedding,47,0,4,4510
input_layernorm,47,0,4,28036
q_proj,47,0,4,5082
k_proj,47,0,4,5580
v_proj,47,0,4,5487
rope,47,0,4,21212
attn,47,0,4,6298
o_proj,47,0,4,5033
post_layernorm,47,0,4,27128
gate_proj,47,0,4,12254
up_proj,47,0,4,11649
act_fn,47,0,4,2185
down_proj,47,0,4,13325
final_layernorm,47,0,4,27831
lm_head,47,0,4,90806
embedding,48,0,4,4514
input_layernorm,48,0,4,27391
q_proj,48,0,4,6196
k_proj,48,0,4,5575
v_proj,48,0,4,5565
rope,48,0,4,21266
attn,48,0,4,6356
o_proj,48,0,4,5020
post_layernorm,48,0,4,26864
gate_proj,48,0,4,12367
up_proj,48,0,4,11673
act_fn,48,0,4,2172
down_proj,48,0,4,13354
final_layernorm,48,0,4,27430
lm_head,48,0,4,91274
embedding,49,0,4,4429
input_layernorm,49,0,4,27403
q_proj,49,0,4,6306
k_proj,49,0,4,5553
v_proj,49,0,4,5685
rope,49,0,4,21189
attn,49,0,4,6315
o_proj,49,0,4,4979
post_layernorm,49,0,4,27036
gate_proj,49,0,4,12287
up_proj,49,0,4,11668
act_fn,49,0,4,2197
down_proj,49,0,4,13511
final_layernorm,49,0,4,27792
lm_head,49,0,4,91690
embedding,50,0,4,4608
input_layernorm,50,0,4,27350
q_proj,50,0,4,6318
k_proj,50,0,4,5584
v_proj,50,0,4,5715
rope,50,0,4,21291
attn,50,0,4,6288
o_proj,50,0,4,4969
post_layernorm,50,0,4,26856
gate_proj,50,0,4,12324
up_proj,50,0,4,11692
act_fn,50,0,4,2213
down_proj,50,0,4,13475
final_layernorm,50,0,4,28323
lm_head,50,0,4,91997
embedding,51,0,4,4517
input_layernorm,51,0,4,27370
q_proj,51,0,4,6321
k_proj,51,0,4,5537
v_proj,51,0,4,5748
rope,51,0,4,21350
attn,51,0,4,6316
o_proj,51,0,4,5027
post_layernorm,51,0,4,26990
gate_proj,51,0,4,12247
up_proj,51,0,4,11658
act_fn,51,0,4,2216
down_proj,51,0,4,13446
final_layernorm,51,0,4,27965
lm_head,51,0,4,91919
embedding,52,0,4,4603
input_layernorm,52,0,4,27286
q_proj,52,0,4,6344
k_proj,52,0,4,5602
v_proj,52,0,4,5721
rope,52,0,4,21368
attn,52,0,4,6296
o_proj,52,0,4,4994
post_layernorm,52,0,4,26826
gate_proj,52,0,4,12359
up_proj,52,0,4,11743
act_fn,52,0,4,2179
down_proj,52,0,4,13431
final_layernorm,52,0,4,27999
lm_head,52,0,4,92060
embedding,53,0,4,4654
input_layernorm,53,0,4,27340
q_proj,53,0,4,6352
k_proj,53,0,4,5565
v_proj,53,0,4,5775
rope,53,0,4,21348
attn,53,0,4,6296
o_proj,53,0,4,5030
post_layernorm,53,0,4,26945
gate_proj,53,0,4,12268
up_proj,53,0,4,11670
act_fn,53,0,4,2225
down_proj,53,0,4,13456
final_layernorm,53,0,4,28126
lm_head,53,0,4,91906
embedding,54,0,4,4594
input_layernorm,54,0,4,27372
q_proj,54,0,4,6363
k_proj,54,0,4,5573
v_proj,54,0,4,5778
rope,54,0,4,21428
attn,54,0,4,6266
o_proj,54,0,4,5017
post_layernorm,54,0,4,26868
gate_proj,54,0,4,12351
up_proj,54,0,4,11729
act_fn,54,0,4,2221
down_proj,54,0,4,13447
final_layernorm,54,0,4,28617
lm_head,54,0,4,92092
embedding,55,0,4,4665
input_layernorm,55,0,4,27442
q_proj,55,0,4,6315
k_proj,55,0,4,5559
v_proj,55,0,4,5834
rope,55,0,4,21408
attn,55,0,4,6361
o_proj,55,0,4,5038
post_layernorm,55,0,4,26958
gate_proj,55,0,4,12381
up_proj,55,0,4,11753
act_fn,55,0,4,2241
down_proj,55,0,4,13460
final_layernorm,55,0,4,28104
lm_head,55,0,4,91894
embedding,56,0,4,4693
input_layernorm,56,0,4,27522
q_proj,56,0,4,6322
k_proj,56,0,4,5556
v_proj,56,0,4,5795
rope,56,0,4,21400
attn,56,0,4,6333
o_proj,56,0,4,5026
post_layernorm,56,0,4,26988
gate_proj,56,0,4,12341
up_proj,56,0,4,11809
act_fn,56,0,4,2246
down_proj,56,0,4,13446
final_layernorm,56,0,4,27706
lm_head,56,0,4,92099
embedding,57,0,4,4690
input_layernorm,57,0,4,27509
q_proj,57,0,4,6149
k_proj,57,0,4,5980
v_proj,57,0,4,6105
rope,57,0,4,21387
attn,57,0,4,6383
o_proj,57,0,4,5215
post_layernorm,57,0,4,27109
gate_proj,57,0,4,12664
up_proj,57,0,4,12024
act_fn,57,0,4,2227
down_proj,57,0,4,13506
final_layernorm,57,0,4,28015
lm_head,57,0,4,92146
embedding,58,0,4,4645
input_layernorm,58,0,4,27519
q_proj,58,0,4,6225
k_proj,58,0,4,6059
v_proj,58,0,4,6067
rope,58,0,4,21443
attn,58,0,4,6322
o_proj,58,0,4,5003
post_layernorm,58,0,4,27092
gate_proj,58,0,4,12168
up_proj,58,0,4,11664
act_fn,58,0,4,2291
down_proj,58,0,4,13443
final_layernorm,58,0,4,27968
lm_head,58,0,4,92549
embedding,59,0,4,4610
input_layernorm,59,0,4,27487
q_proj,59,0,4,6255
k_proj,59,0,4,6053
v_proj,59,0,4,6044
rope,59,0,4,21365
attn,59,0,4,6350
o_proj,59,0,4,5059
post_layernorm,59,0,4,27457
gate_proj,59,0,4,12372
up_proj,59,0,4,11571
act_fn,59,0,4,2236
down_proj,59,0,4,13482
final_layernorm,59,0,4,28003
lm_head,59,0,4,92474
embedding,60,0,4,4755
input_layernorm,60,0,4,27571
q_proj,60,0,4,6299
k_proj,60,0,4,6052
v_proj,60,0,4,6135
rope,60,0,4,21432
attn,60,0,4,6313
o_proj,60,0,4,5015
post_layernorm,60,0,4,27394
gate_proj,60,0,4,12389
up_proj,60,0,4,11639
act_fn,60,0,4,2242
down_proj,60,0,4,13484
final_layernorm,60,0,4,28357
lm_head,60,0,4,92513
embedding,61,0,4,4708
input_layernorm,61,0,4,27556
q_proj,61,0,4,6037
k_proj,61,0,4,6069
v_proj,61,0,4,6122
rope,61,0,4,21508
attn,61,0,4,6295
o_proj,61,0,4,5132
post_layernorm,61,0,4,27417
gate_proj,61,0,4,12249
up_proj,61,0,4,11614
act_fn,61,0,4,2248
down_proj,61,0,4,13507
final_layernorm,61,0,4,27958
lm_head,61,0,4,92501
embedding,62,0,4,4853
input_layernorm,62,0,4,27499
q_proj,62,0,4,6008
k_proj,62,0,4,6052
v_proj,62,0,4,6056
rope,62,0,4,21427
attn,62,0,4,6270
o_proj,62,0,4,5146
post_layernorm,62,0,4,27405
gate_proj,62,0,4,12388
up_proj,62,0,4,11634
act_fn,62,0,4,2251
down_proj,62,0,4,13512
final_layernorm,62,0,4,28010
lm_head,62,0,4,92583
embedding,63,0,4,4784
input_layernorm,63,0,4,27531
q_proj,63,0,4,6000
k_proj,63,0,4,6042
v_proj,63,0,4,6097
rope,63,0,4,21451
attn,63,0,4,6264
o_proj,63,0,4,5163
post_layernorm,63,0,4,27455
gate_proj,63,0,4,12413
up_proj,63,0,4,11722
act_fn,63,0,4,2240
down_proj,63,0,4,13561
final_layernorm,63,0,4,27976
lm_head,63,0,4,92610
embedding,64,0,4,4761
input_layernorm,64,0,4,27523
q_proj,64,0,4,6425
k_proj,64,0,4,5585
v_proj,64,0,4,5726
rope,64,0,4,21491
attn,64,0,4,6329
o_proj,64,0,4,5137
post_layernorm,64,0,4,27243
gate_proj,64,0,4,12392
up_proj,64,0,4,11556
act_fn,64,0,4,2267
down_proj,64,0,4,13478
final_layernorm,64,0,4,27698
lm_head,64,0,4,92882
embedding,65,0,4,4802
input_layernorm,65,0,4,27482
q_proj,65,0,4,5706
k_proj,65,0,4,5852
v_proj,65,0,4,5829
rope,65,0,4,21578
attn,65,0,4,8280
o_proj,65,0,4,5046
post_layernorm,65,0,4,27015
gate_proj,65,0,4,12495
up_proj,65,0,4,11717
act_fn,65,0,4,2276
down_proj,65,0,4,13951
final_layernorm,65,0,4,28003
lm_head,65,0,4,92771
embedding,66,0,4,4805
input_layernorm,66,0,4,27330
q_proj,66,0,4,5732
k_proj,66,0,4,5856
v_proj,66,0,4,5847
rope,66,0,4,21418
attn,66,0,4,8295
o_proj,66,0,4,5077
post_layernorm,66,0,4,26942
gate_proj,66,0,4,12475
up_proj,66,0,4,11644
act_fn,66,0,4,2264
down_proj,66,0,4,13932
final_layernorm,66,0,4,28178
lm_head,66,0,4,92871
embedding,67,0,4,5071
input_layernorm,67,0,4,27811
q_proj,67,0,4,5779
k_proj,67,0,4,5841
v_proj,67,0,4,5837
rope,67,0,4,21598
attn,67,0,4,8314
o_proj,67,0,4,5085
post_layernorm,67,0,4,27224
gate_proj,67,0,4,12502
up_proj,67,0,4,11747
act_fn,67,0,4,2293
down_proj,67,0,4,13938
final_layernorm,67,0,4,28253
lm_head,67,0,4,92930
embedding,68,0,4,5106
input_layernorm,68,0,4,27340
q_proj,68,0,4,5739
k_proj,68,0,4,5802
v_proj,68,0,4,5819
rope,68,0,4,21406
attn,68,0,4,8254
o_proj,68,0,4,5075
post_layernorm,68,0,4,26940
gate_proj,68,0,4,12432
up_proj,68,0,4,11685
act_fn,68,0,4,2288
down_proj,68,0,4,13938
final_layernorm,68,0,4,28144
lm_head,68,0,4,92871
embedding,69,0,4,5126
input_layernorm,69,0,4,27581
q_proj,69,0,4,5747
k_proj,69,0,4,5843
v_proj,69,0,4,5828
rope,69,0,4,21607
attn,69,0,4,8293
o_proj,69,0,4,5087
post_layernorm,69,0,4,27008
gate_proj,69,0,4,12484
up_proj,69,0,4,11718
act_fn,69,0,4,2278
down_proj,69,0,4,13936
final_layernorm,69,0,4,28299
lm_head,69,0,4,92741
embedding,70,0,4,5084
input_layernorm,70,0,4,27811
q_proj,70,0,4,5756
k_proj,70,0,4,5817
v_proj,70,0,4,5844
rope,70,0,4,21421
attn,70,0,4,8323
o_proj,70,0,4,5090
post_layernorm,70,0,4,26989
gate_proj,70,0,4,12462
up_proj,70,0,4,11743
act_fn,70,0,4,2292
down_proj,70,0,4,13948
final_layernorm,70,0,4,28045
lm_head,70,0,4,93060
embedding,71,0,4,5222
input_layernorm,71,0,4,27726
q_proj,71,0,4,5772
k_proj,71,0,4,5825
v_proj,71,0,4,5851
rope,71,0,4,21651
attn,71,0,4,8292
o_proj,71,0,4,5036
post_layernorm,71,0,4,27311
gate_proj,71,0,4,12438
up_proj,71,0,4,11749
act_fn,71,0,4,2317
down_proj,71,0,4,14011
final_layernorm,71,0,4,28373
lm_head,71,0,4,92973
embedding,72,0,4,5171
input_layernorm,72,0,4,27733
q_proj,72,0,4,5834
k_proj,72,0,4,5875
v_proj,72,0,4,5866
rope,72,0,4,21697
attn,72,0,4,8336
o_proj,72,0,4,4959
post_layernorm,72,0,4,27302
gate_proj,72,0,4,12410
up_proj,72,0,4,11779
act_fn,72,0,4,2321
down_proj,72,0,4,14019
final_layernorm,72,0,4,27818
lm_head,72,0,4,93142
embedding,73,0,4,5267
input_layernorm,73,0,4,27723
q_proj,73,0,4,5546
k_proj,73,0,4,6228
v_proj,73,0,4,6238
rope,73,0,4,22117
attn,73,0,4,8336
o_proj,73,0,4,5098
post_layernorm,73,0,4,27309
gate_proj,73,0,4,12464
up_proj,73,0,4,11768
act_fn,73,0,4,2326
down_proj,73,0,4,12115
final_layernorm,73,0,4,28512
lm_head,73,0,4,92606
embedding,74,0,4,5306
input_layernorm,74,0,4,28243
q_proj,74,0,4,5477
k_proj,74,0,4,6282
v_proj,74,0,4,6223
rope,74,0,4,21612
attn,74,0,4,8296
o_proj,74,0,4,5049
post_layernorm,74,0,4,27565
gate_proj,74,0,4,12508
up_proj,74,0,4,11728
act_fn,74,0,4,2306
down_proj,74,0,4,12058
final_layernorm,74,0,4,28117
lm_head,74,0,4,92758
embedding,75,0,4,5238
input_layernorm,75,0,4,27771
q_proj,75,0,4,5490
k_proj,75,0,4,6248
v_proj,75,0,4,6290
rope,75,0,4,21897
attn,75,0,4,8308
o_proj,75,0,4,5098
post_layernorm,75,0,4,27459
gate_proj,75,0,4,12445
up_proj,75,0,4,11755
act_fn,75,0,4,2338
down_proj,75,0,4,12089
final_layernorm,75,0,4,28533
lm_head,75,0,4,92781
embedding,76,0,4,5176
input_layernorm,76,0,4,28294
q_proj,76,0,4,5479
k_proj,76,0,4,6305
v_proj,76,0,4,6199
rope,76,0,4,21748
attn,76,0,4,8254
o_proj,76,0,4,5117
post_layernorm,76,0,4,27715
gate_proj,76,0,4,12467
up_proj,76,0,4,11756
act_fn,76,0,4,2333
down_proj,76,0,4,12163
final_layernorm,76,0,4,28108
lm_head,76,0,4,92660
embedding,77,0,4,5304
input_layernorm,77,0,4,27633
q_proj,77,0,4,5502
k_proj,77,0,4,6248
v_proj,77,0,4,6338
rope,77,0,4,21867
attn,77,0,4,8306
o_proj,77,0,4,5026
post_layernorm,77,0,4,27112
gate_proj,77,0,4,12597
up_proj,77,0,4,11756
act_fn,77,0,4,2333
down_proj,77,0,4,12135
final_layernorm,77,0,4,28828
lm_head,77,0,4,92692
embedding,78,0,4,5405
input_layernorm,78,0,4,28384
q_proj,78,0,4,5485
k_proj,78,0,4,6303
v_proj,78,0,4,6388
rope,78,0,4,21601
attn,78,0,4,8280
o_proj,78,0,4,5076
post_layernorm,78,0,4,27736
gate_proj,78,0,4,12537
up_proj,78,0,4,11777
act_fn,78,0,4,2364
down_proj,78,0,4,12170
final_layernorm,78,0,4,28366
lm_head,78,0,4,92802
embedding,79,0,4,5281
input_layernorm,79,0,4,27857
q_proj,79,0,4,5549
k_proj,79,0,4,6276
v_proj,79,0,4,6387
rope,79,0,4,21830
attn,79,0,4,8313
o_proj,79,0,4,5110
post_layernorm,79,0,4,27128
gate_proj,79,0,4,12579
up_proj,79,0,4,11779
act_fn,79,0,4,2351
down_proj,79,0,4,12095
final_layernorm,79,0,4,28621
lm_head,79,0,4,92941
embedding,80,0,4,5324
input_layernorm,80,0,4,27873
q_proj,80,0,4,5698
k_proj,80,0,4,6383
v_proj,80,0,4,6416
rope,80,0,4,21892
attn,80,0,4,8345
o_proj,80,0,4,4950
post_layernorm,80,0,4,27464
gate_proj,80,0,4,12538
up_proj,80,0,4,11833
act_fn,80,0,4,2379
down_proj,80,0,4,14109
final_layernorm,80,0,4,28161
lm_head,80,0,4,93348
embedding,81,0,4,5388
input_layernorm,81,0,4,28480
q_proj,81,0,4,5597
k_proj,81,0,4,5768
v_proj,81,0,4,5760
rope,81,0,4,21700
attn,81,0,4,8323
o_proj,81,0,4,4960
post_layernorm,81,0,4,27357
gate_proj,81,0,4,12644
up_proj,81,0,4,11832
act_fn,81,0,4,2378
down_proj,81,0,4,14220
final_layernorm,81,0,4,28409
lm_head,81,0,4,93795
embedding,82,0,4,5286
input_layernorm,82,0,4,27962
q_proj,82,0,4,5613
k_proj,82,0,4,5761
v_proj,82,0,4,5759
rope,82,0,4,21802
attn,82,0,4,8258
o_proj,82,0,4,4963
post_layernorm,82,0,4,27401
gate_proj,82,0,4,12720
up_proj,82,0,4,11820
act_fn,82,0,4,2377
down_proj,82,0,4,14191
final_layernorm,82,0,4,28465
lm_head,82,0,4,93839
embedding,83,0,4,5378
input_layernorm,83,0,4,28452
q_proj,83,0,4,5596
k_proj,83,0,4,5733
v_proj,83,0,4,5777
rope,83,0,4,21899
attn,83,0,4,8280
o_proj,83,0,4,4939
post_layernorm,83,0,4,27495
gate_proj,83,0,4,12763
up_proj,83,0,4,11829
act_fn,83,0,4,2387
down_proj,83,0,4,14265
final_layernorm,83,0,4,28505
lm_head,83,0,4,93898
embedding,84,0,4,5422
input_layernorm,84,0,4,28009
q_proj,84,0,4,5566
k_proj,84,0,4,5734
v_proj,84,0,4,5822
rope,84,0,4,21818
attn,84,0,4,8282
o_proj,84,0,4,4961
post_layernorm,84,0,4,27458
gate_proj,84,0,4,12701
up_proj,84,0,4,11868
act_fn,84,0,4,2380
down_proj,84,0,4,14236
final_layernorm,84,0,4,28473
lm_head,84,0,4,93604
embedding,85,0,4,5403
input_layernorm,85,0,4,28315
q_proj,85,0,4,5632
k_proj,85,0,4,5740
v_proj,85,0,4,5791
rope,85,0,4,21764
attn,85,0,4,8271
o_proj,85,0,4,4926
post_layernorm,85,0,4,27557
gate_proj,85,0,4,12764
up_proj,85,0,4,11860
act_fn,85,0,4,2424
down_proj,85,0,4,14310
final_layernorm,85,0,4,28709
lm_head,85,0,4,94037
embedding,86,0,4,5446
input_layernorm,86,0,4,28121
q_proj,86,0,4,5632
k_proj,86,0,4,5742
v_proj,86,0,4,5798
rope,86,0,4,21764
attn,86,0,4,8336
o_proj,86,0,4,4978
post_layernorm,86,0,4,27539
gate_proj,86,0,4,12805
up_proj,86,0,4,11906
act_fn,86,0,4,2411
down_proj,86,0,4,14237
final_layernorm,86,0,4,28760
lm_head,86,0,4,94092
embedding,87,0,4,5406
input_layernorm,87,0,4,28557
q_proj,87,0,4,5634
k_proj,87,0,4,5754
v_proj,87,0,4,5830
rope,87,0,4,21888
attn,87,0,4,8318
o_proj,87,0,4,4891
post_layernorm,87,0,4,27565
gate_proj,87,0,4,12753
up_proj,87,0,4,11873
act_fn,87,0,4,2414
down_proj,87,0,4,14300
final_layernorm,87,0,4,28754
lm_head,87,0,4,94365
embedding,88,0,4,5471
input_layernorm,88,0,4,28075
q_proj,88,0,4,5602
k_proj,88,0,4,5739
v_proj,88,0,4,5836
rope,88,0,4,21945
attn,88,0,4,8300
o_proj,88,0,4,4909
post_layernorm,88,0,4,27578
gate_proj,88,0,4,12811
up_proj,88,0,4,11838
act_fn,88,0,4,2418
down_proj,88,0,4,14311
final_layernorm,88,0,4,28305
lm_head,88,0,4,94389
embedding,89,0,4,5578
input_layernorm,89,0,4,28348
q_proj,89,0,4,5701
k_proj,89,0,4,5732
v_proj,89,0,4,5861
rope,89,0,4,21846
attn,89,0,4,8317
o_proj,89,0,4,4962
post_layernorm,89,0,4,27469
gate_proj,89,0,4,12844
up_proj,89,0,4,11980
act_fn,89,0,4,2437
down_proj,89,0,4,12190
final_layernorm,89,0,4,28953
lm_head,89,0,4,93691
embedding,90,0,4,5587
input_layernorm,90,0,4,28514
q_proj,90,0,4,5655
k_proj,90,0,4,5773
v_proj,90,0,4,5882
rope,90,0,4,21908
attn,90,0,4,8329
o_proj,90,0,4,4880
post_layernorm,90,0,4,27994
gate_proj,90,0,4,12839
up_proj,90,0,4,11868
act_fn,90,0,4,2423
down_proj,90,0,4,12166
final_layernorm,90,0,4,28592
lm_head,90,0,4,93682
embedding,91,0,4,5611
input_layernorm,91,0,4,28200
q_proj,91,0,4,5667
k_proj,91,0,4,5706
v_proj,91,0,4,5854
rope,91,0,4,21993
attn,91,0,4,8377
o_proj,91,0,4,4936
post_layernorm,91,0,4,27466
gate_proj,91,0,4,12722
up_proj,91,0,4,11935
act_fn,91,0,4,2427
down_proj,91,0,4,12222
final_layernorm,91,0,4,29085
lm_head,91,0,4,93634
embedding,92,0,4,5549
input_layernorm,92,0,4,28666
q_proj,92,0,4,5671
k_proj,92,0,4,5779
v_proj,92,0,4,5869
rope,92,0,4,21906
attn,92,0,4,8280
o_proj,92,0,4,4906
post_layernorm,92,0,4,28090
gate_proj,92,0,4,12763
up_proj,92,0,4,11953
act_fn,92,0,4,2417
down_proj,92,0,4,12279
final_layernorm,92,0,4,28536
lm_head,92,0,4,93722
embedding,93,0,4,5677
input_layernorm,93,0,4,28264
q_proj,93,0,4,5696
k_proj,93,0,4,5737
v_proj,93,0,4,5881
rope,93,0,4,21969
attn,93,0,4,8317
o_proj,93,0,4,4890
post_layernorm,93,0,4,27517
gate_proj,93,0,4,12812
up_proj,93,0,4,11995
act_fn,93,0,4,2450
down_proj,93,0,4,12192
final_layernorm,93,0,4,29009
lm_head,93,0,4,93839
embedding,94,0,4,5656
input_layernorm,94,0,4,28787
q_proj,94,0,4,5688
k_proj,94,0,4,5787
v_proj,94,0,4,5902
rope,94,0,4,21737
attn,94,0,4,8271
o_proj,94,0,4,4906
post_layernorm,94,0,4,27997
gate_proj,94,0,4,12916
up_proj,94,0,4,11949
act_fn,94,0,4,2456
down_proj,94,0,4,12192
final_layernorm,94,0,4,28809
lm_head,94,0,4,93971
embedding,95,0,4,5709
input_layernorm,95,0,4,28435
q_proj,95,0,4,5700
k_proj,95,0,4,5714
v_proj,95,0,4,5940
rope,95,0,4,22150
attn,95,0,4,8385
o_proj,95,0,4,4943
post_layernorm,95,0,4,27646
gate_proj,95,0,4,12843
up_proj,95,0,4,11977
act_fn,95,0,4,2469
down_proj,95,0,4,12233
final_layernorm,95,0,4,29103
lm_head,95,0,4,94007
embedding,96,0,4,5623
input_layernorm,96,0,4,28288
q_proj,96,0,4,5681
k_proj,96,0,4,5768
v_proj,96,0,4,5921
rope,96,0,4,22143
attn,96,0,4,8315
o_proj,96,0,4,4897
post_layernorm,96,0,4,27755
gate_proj,96,0,4,12866
up_proj,96,0,4,11941
act_fn,96,0,4,2467
down_proj,96,0,4,14394
final_layernorm,96,0,4,28493
lm_head,96,0,4,94683
embedding,97,0,4,5572
input_layernorm,97,0,4,28299
q_proj,97,0,4,5760
k_proj,97,0,4,6102
v_proj,97,0,4,6201
rope,97,0,4,22078
attn,97,0,4,8375
o_proj,97,0,4,5013
post_layernorm,97,0,4,27684
gate_proj,97,0,4,13045
up_proj,97,0,4,12147
act_fn,97,0,4,2470
down_proj,97,0,4,12308
final_layernorm,97,0,4,29078
lm_head,97,0,4,94558
embedding,98,0,4,5547
input_layernorm,98,0,4,28746
q_proj,98,0,4,5802
k_proj,98,0,4,6120
v_proj,98,0,4,6148
rope,98,0,4,22193
attn,98,0,4,8332
o_proj,98,0,4,5006
post_layernorm,98,0,4,27983
gate_proj,98,0,4,13057
up_proj,98,0,4,12079
act_fn,98,0,4,2511
down_proj,98,0,4,12337
final_layernorm,98,0,4,28857
lm_head,98,0,4,94622
embedding,99,0,4,5612
input_layernorm,99,0,4,28234
q_proj,99,0,4,5836
k_proj,99,0,4,6143
v_proj,99,0,4,6268
rope,99,0,4,22186
attn,99,0,4,8379
o_proj,99,0,4,5054
post_layernorm,99,0,4,27528
gate_proj,99,0,4,13084
up_proj,99,0,4,12056
act_fn,99,0,4,2506
down_proj,99,0,4,12329
final_layernorm,99,0,4,29303
lm_head,99,0,4,94352
embedding,100,0,4,5761
input_layernorm,100,0,4,28763
q_proj,100,0,4,5844
k_proj,100,0,4,6194
v_proj,100,0,4,6170
rope,100,0,4,22171
attn,100,0,4,8290
o_proj,100,0,4,5062
post_layernorm,100,0,4,28146
gate_proj,100,0,4,13070
up_proj,100,0,4,12087
act_fn,100,0,4,2502
down_proj,100,0,4,12371
final_layernorm,100,0,4,28904
lm_head,100,0,4,94463
embedding,101,0,4,5817
input_layernorm,101,0,4,28416
q_proj,101,0,4,5832
k_proj,101,0,4,6116
v_proj,101,0,4,6245
rope,101,0,4,22084
attn,101,0,4,8344
o_proj,101,0,4,5040
post_layernorm,101,0,4,27696
gate_proj,101,0,4,13052
up_proj,101,0,4,12082
act_fn,101,0,4,2531
down_proj,101,0,4,12249
final_layernorm,101,0,4,29284
lm_head,101,0,4,94378
embedding,102,0,4,5846
input_layernorm,102,0,4,29336
q_proj,102,0,4,5832
k_proj,102,0,4,6145
v_proj,102,0,4,6184
rope,102,0,4,21906
attn,102,0,4,8349
o_proj,102,0,4,5011
post_layernorm,102,0,4,28252
gate_proj,102,0,4,12993
up_proj,102,0,4,12093
act_fn,102,0,4,2544
down_proj,102,0,4,12357
final_layernorm,102,0,4,29121
lm_head,102,0,4,94172
embedding,103,0,4,5926
input_layernorm,103,0,4,28638
q_proj,103,0,4,5807
k_proj,103,0,4,6159
v_proj,103,0,4,6239
rope,103,0,4,22116
attn,103,0,4,8398
o_proj,103,0,4,5031
post_layernorm,103,0,4,27742
gate_proj,103,0,4,13094
up_proj,103,0,4,12064
act_fn,103,0,4,2535
down_proj,103,0,4,12331
final_layernorm,103,0,4,29371
lm_head,103,0,4,94348
embedding,104,0,4,6059
input_layernorm,104,0,4,28554
q_proj,104,0,4,5860
k_proj,104,0,4,6138
v_proj,104,0,4,6101
rope,104,0,4,22148
attn,104,0,4,8241
o_proj,104,0,4,5039
post_layernorm,104,0,4,28237
gate_proj,104,0,4,13048
up_proj,104,0,4,12057
act_fn,104,0,4,2540
down_proj,104,0,4,12424
final_layernorm,104,0,4,28483
lm_head,104,0,4,94481
embedding,105,0,4,6008
input_layernorm,105,0,4,28634
q_proj,105,0,4,5826
k_proj,105,0,4,6131
v_proj,105,0,4,6137
rope,105,0,4,22188
attn,105,0,4,8331
o_proj,105,0,4,5040
post_layernorm,105,0,4,27867
gate_proj,105,0,4,13038
up_proj,105,0,4,12034
act_fn,105,0,4,2573
down_proj,105,0,4,12352
final_layernorm,105,0,4,29344
lm_head,105,0,4,94901
embedding,106,0,4,5963
input_layernorm,106,0,4,29128
q_proj,106,0,4,5852
k_proj,106,0,4,6109
v_proj,106,0,4,6162
rope,106,0,4,22365
attn,106,0,4,8319
o_proj,106,0,4,5101
post_layernorm,106,0,4,28297
gate_proj,106,0,4,12851
up_proj,106,0,4,11937
act_fn,106,0,4,2543
down_proj,106,0,4,12334
final_layernorm,106,0,4,29241
lm_head,106,0,4,94956
embedding,107,0,4,6056
input_layernorm,107,0,4,28619
q_proj,107,0,4,5755
k_proj,107,0,4,6135
v_proj,107,0,4,6248
rope,107,0,4,22381
attn,107,0,4,8403
o_proj,107,0,4,4988
post_layernorm,107,0,4,27948
gate_proj,107,0,4,12961
up_proj,107,0,4,11981
act_fn,107,0,4,2574
down_proj,107,0,4,12332
final_layernorm,107,0,4,29625
lm_head,107,0,4,95119
embedding,108,0,4,6055
input_layernorm,108,0,4,29096
q_proj,108,0,4,5863
k_proj,108,0,4,6195
v_proj,108,0,4,6189
rope,108,0,4,22165
attn,108,0,4,8332
o_proj,108,0,4,5004
post_layernorm,108,0,4,28787
gate_proj,108,0,4,13010
up_proj,108,0,4,12016
act_fn,108,0,4,2552
down_proj,108,0,4,12304
final_layernorm,108,0,4,29172
lm_head,108,0,4,94462
embedding,109,0,4,6159
input_layernorm,109,0,4,28687
q_proj,109,0,4,5825
k_proj,109,0,4,6143
v_proj,109,0,4,6237
rope,109,0,4,22377
attn,109,0,4,8404
o_proj,109,0,4,4997
post_layernorm,109,0,4,28346
gate_proj,109,0,4,12987
up_proj,109,0,4,12016
act_fn,109,0,4,2579
down_proj,109,0,4,12384
final_layernorm,109,0,4,29628
lm_head,109,0,4,95140
embedding,110,0,4,6103
input_layernorm,110,0,4,29326
q_proj,110,0,4,5880
k_proj,110,0,4,6155
v_proj,110,0,4,6211
rope,110,0,4,22417
attn,110,0,4,8426
o_proj,110,0,4,5041
post_layernorm,110,0,4,28722
gate_proj,110,0,4,12989
up_proj,110,0,4,11946
act_fn,110,0,4,2576
down_proj,110,0,4,12293
final_layernorm,110,0,4,29219
lm_head,110,0,4,95109
embedding,111,0,4,6153
input_layernorm,111,0,4,28778
q_proj,111,0,4,5818
k_proj,111,0,4,6168
v_proj,111,0,4,6315
rope,111,0,4,22373
attn,111,0,4,8412
o_proj,111,0,4,4976
post_layernorm,111,0,4,28302
gate_proj,111,0,4,12980
up_proj,111,0,4,12004
act_fn,111,0,4,2593
down_proj,111,0,4,12361
final_layernorm,111,0,4,29555
lm_head,111,0,4,95302
embedding,112,0,4,6137
input_layernorm,112,0,4,29020
q_proj,112,0,4,7162
k_proj,112,0,4,6045
v_proj,112,0,4,6090
rope,112,0,4,22332
attn,112,0,4,8324
o_proj,112,0,4,5009
post_layernorm,112,0,4,28637
gate_proj,112,0,4,13060
up_proj,112,0,4,11970
act_fn,112,0,4,2556
down_proj,112,0,4,12371
final_layernorm,112,0,4,28849
lm_head,112,0,4,95282
embedding,113,0,4,6230
input_layernorm,113,0,4,28691
q_proj,113,0,4,5654
k_proj,113,0,4,6238
v_proj,113,0,4,6469
rope,113,0,4,22150
attn,113,0,4,8432
o_proj,113,0,4,4929
post_layernorm,113,0,4,28259
gate_proj,113,0,4,13140
up_proj,113,0,4,12023
act_fn,113,0,4,2607
down_proj,113,0,4,12408
final_layernorm,113,0,4,29524
lm_head,113,0,4,95165
embedding,114,0,4,6150
input_layernorm,114,0,4,29141
q_proj,114,0,4,5669
k_proj,114,0,4,6310
v_proj,114,0,4,6396
rope,114,0,4,22251
attn,114,0,4,8403
o_proj,114,0,4,4930
post_layernorm,114,0,4,28593
gate_proj,114,0,4,13133
up_proj,114,0,4,11943
act_fn,114,0,4,2645
down_proj,114,0,4,12456
final_layernorm,114,0,4,29143
lm_head,114,0,4,95005
embedding,115,0,4,6124
input_layernorm,115,0,4,28650
q_proj,115,0,4,5657
k_proj,115,0,4,6202
v_proj,115,0,4,6429
rope,115,0,4,22158
attn,115,0,4,8407
o_proj,115,0,4,4946
post_layernorm,115,0,4,28282
gate_proj,115,0,4,13097
up_proj,115,0,4,12009
act_fn,115,0,4,2608
down_proj,115,0,4,12379
final_layernorm,115,0,4,29599
lm_head,115,0,4,95066
embedding,116,0,4,6268
input_layernorm,116,0,4,29177
q_proj,116,0,4,5701
k_proj,116,0,4,6278
v_proj,116,0,4,6376
rope,116,0,4,22306
attn,116,0,4,8358
o_proj,116,0,4,4961
post_layernorm,116,0,4,29140
gate_proj,116,0,4,13079
up_proj,116,0,4,11950
act_fn,116,0,4,2633
down_proj,116,0,4,12361
final_layernorm,116,0,4,29292
lm_head,116,0,4,95153
embedding,117,0,4,6410
input_layernorm,117,0,4,28673
q_proj,117,0,4,5849
k_proj,117,0,4,6299
v_proj,117,0,4,6483
rope,117,0,4,22175
attn,117,0,4,8375
o_proj,117,0,4,4802
post_layernorm,117,0,4,28558
gate_proj,117,0,4,13156
up_proj,117,0,4,11985
act_fn,117,0,4,2647
down_proj,117,0,4,12361
final_layernorm,117,0,4,29734
lm_head,117,0,4,95079
embedding,118,0,4,6284
input_layernorm,118,0,4,29344
q_proj,118,0,4,5705
k_proj,118,0,4,6307
v_proj,118,0,4,6382
rope,118,0,4,22388
attn,118,0,4,8399
o_proj,118,0,4,4949
post_layernorm,118,0,4,28972
gate_proj,118,0,4,12992
up_proj,118,0,4,11994
act_fn,118,0,4,2658
down_proj,118,0,4,12369
final_layernorm,118,0,4,29506
lm_head,118,0,4,95368
embedding,119,0,4,6255
input_layernorm,119,0,4,28826
q_proj,119,0,4,5665
k_proj,119,0,4,6203
v_proj,119,0,4,6468
rope,119,0,4,22261
attn,119,0,4,8396
o_proj,119,0,4,4954
post_layernorm,119,0,4,28620
gate_proj,119,0,4,13153
up_proj,119,0,4,11980
act_fn,119,0,4,2674
down_proj,119,0,4,12362
final_layernorm,119,0,4,29540
lm_head,119,0,4,95254
embedding,120,0,4,6292
input_layernorm,120,0,4,29066
q_proj,120,0,4,5695
k_proj,120,0,4,6327
v_proj,120,0,4,6406
rope,120,0,4,22427
attn,120,0,4,8301
o_proj,120,0,4,4927
post_layernorm,120,0,4,28883
gate_proj,120,0,4,13084
up_proj,120,0,4,11895
act_fn,120,0,4,2660
down_proj,120,0,4,12382
final_layernorm,120,0,4,28873
lm_head,120,0,4,95186
embedding,121,0,4,6307
input_layernorm,121,0,4,28779
q_proj,121,0,4,6390
k_proj,121,0,4,6119
v_proj,121,0,4,6201
rope,121,0,4,22040
attn,121,0,4,8354
o_proj,121,0,4,4935
post_layernorm,121,0,4,28632
gate_proj,121,0,4,12989
up_proj,121,0,4,12098
act_fn,121,0,4,2666
down_proj,121,0,4,12377
final_layernorm,121,0,4,29733
lm_head,121,0,4,95832
embedding,122,0,4,6298
input_layernorm,122,0,4,29485
q_proj,122,0,4,6431
k_proj,122,0,4,6155
v_proj,122,0,4,6277
rope,122,0,4,22388
attn,122,0,4,8456
o_proj,122,0,4,5003
post_layernorm,122,0,4,29114
gate_proj,122,0,4,12993
up_proj,122,0,4,12006
act_fn,122,0,4,2693
down_proj,122,0,4,12401
final_layernorm,122,0,4,29516
lm_head,122,0,4,95807
embedding,123,0,4,6403
input_layernorm,123,0,4,28936
q_proj,123,0,4,6367
k_proj,123,0,4,6186
v_proj,123,0,4,6230
rope,123,0,4,22506
attn,123,0,4,8422
o_proj,123,0,4,5002
post_layernorm,123,0,4,28360
gate_proj,123,0,4,13100
up_proj,123,0,4,12042
act_fn,123,0,4,2728
down_proj,123,0,4,12382
final_layernorm,123,0,4,29833
lm_head,123,0,4,95959
embedding,124,0,4,6323
input_layernorm,124,0,4,29553
q_proj,124,0,4,6372
k_proj,124,0,4,6121
v_proj,124,0,4,6237
rope,124,0,4,22329
attn,124,0,4,8390
o_proj,124,0,4,4975
post_layernorm,124,0,4,29473
gate_proj,124,0,4,13045
up_proj,124,0,4,12031
act_fn,124,0,4,2685
down_proj,124,0,4,12480
final_layernorm,124,0,4,29669
lm_head,124,0,4,95898
embedding,125,0,4,6402
input_layernorm,125,0,4,29026
q_proj,125,0,4,6304
k_proj,125,0,4,6153
v_proj,125,0,4,6232
rope,125,0,4,22217
attn,125,0,4,8406
o_proj,125,0,4,4966
post_layernorm,125,0,4,28855
gate_proj,125,0,4,13095
up_proj,125,0,4,12038
act_fn,125,0,4,2699
down_proj,125,0,4,12431
final_layernorm,125,0,4,30067
lm_head,125,0,4,96028
embedding,126,0,4,6510
input_layernorm,126,0,4,29519
q_proj,126,0,4,6445
k_proj,126,0,4,6189
v_proj,126,0,4,6300
rope,126,0,4,22280
attn,126,0,4,8389
o_proj,126,0,4,4939
post_layernorm,126,0,4,29180
gate_proj,126,0,4,13169
up_proj,126,0,4,11980
act_fn,126,0,4,2717
down_proj,126,0,4,12468
final_layernorm,126,0,4,29556
lm_head,126,0,4,95985
embedding,127,0,4,6477
input_layernorm,127,0,4,29024
q_proj,127,0,4,6093
k_proj,127,0,4,6174
v_proj,127,0,4,6255
rope,127,0,4,22278
attn,127,0,4,8453
o_proj,127,0,4,5011
post_layernorm,127,0,4,28624
gate_proj,127,0,4,13082
up_proj,127,0,4,12090
act_fn,127,0,4,2742
down_proj,127,0,4,12433
final_layernorm,127,0,4,29995
lm_head,127,0,4,96011
embedding,128,0,4,6504
input_layernorm,128,0,4,29349
q_proj,128,0,4,5775
k_proj,128,0,4,6084
v_proj,128,0,4,6170
rope,128,0,4,22275
attn,128,0,4,7436
o_proj,128,0,4,5007
post_layernorm,128,0,4,28943
gate_proj,128,0,4,13141
up_proj,128,0,4,12041
act_fn,128,0,4,2715
down_proj,128,0,4,12493
final_layernorm,128,0,4,29217
lm_head,128,0,4,96094
embedding,129,0,4,6595
input_layernorm,129,0,4,29311
q_proj,129,0,4,6010
k_proj,129,0,4,6135
v_proj,129,0,4,6029
rope,129,0,4,22371
attn,129,0,4,6911
o_proj,129,0,4,4982
post_layernorm,129,0,4,29104
gate_proj,129,0,4,13288
up_proj,129,0,4,12269
act_fn,129,0,4,2709
down_proj,129,0,4,13523
final_layernorm,129,0,4,29941
lm_head,129,0,4,95764
embedding,130,0,4,6558
input_layernorm,130,0,4,29293
q_proj,130,0,4,6016
k_proj,130,0,4,6188
v_proj,130,0,4,6054
rope,130,0,4,22492
attn,130,0,4,6976
o_proj,130,0,4,5329
post_layernorm,130,0,4,28958
gate_proj,130,0,4,13332
up_proj,130,0,4,12199
act_fn,130,0,4,2757
down_proj,130,0,4,13518
final_layernorm,130,0,4,30093
lm_head,130,0,4,95720
embedding,131,0,4,6654
input_layernorm,131,0,4,29294
q_proj,131,0,4,6011
k_proj,131,0,4,6195
v_proj,131,0,4,6108
rope,131,0,4,22280
attn,131,0,4,6964
o_proj,131,0,4,5390
post_layernorm,131,0,4,28872
gate_proj,131,0,4,13349
up_proj,131,0,4,12203
act_fn,131,0,4,2752
down_proj,131,0,4,14227
final_layernorm,131,0,4,30005
lm_head,131,0,4,95767
embedding,132,0,4,6579
input_layernorm,132,0,4,29331
q_proj,132,0,4,6018
k_proj,132,0,4,6170
v_proj,132,0,4,6053
rope,132,0,4,22511
attn,132,0,4,6957
o_proj,132,0,4,5085
post_layernorm,132,0,4,28975
gate_proj,132,0,4,13277
up_proj,132,0,4,12189
act_fn,132,0,4,2738
down_proj,132,0,4,13440
final_layernorm,132,0,4,30136
lm_head,132,0,4,95762
embedding,133,0,4,6603
input_layernorm,133,0,4,29266
q_proj,133,0,4,5978
k_proj,133,0,4,6184
v_proj,133,0,4,6076
rope,133,0,4,22356
attn,133,0,4,7061
o_proj,133,0,4,5029
post_layernorm,133,0,4,28929
gate_proj,133,0,4,13316
up_proj,133,0,4,12193
act_fn,133,0,4,2758
down_proj,133,0,4,13153
final_layernorm,133,0,4,29966
lm_head,133,0,4,95858
embedding,134,0,4,6764
input_layernorm,134,0,4,29331
q_proj,134,0,4,5970
k_proj,134,0,4,6155
v_proj,134,0,4,6064
rope,134,0,4,22435
attn,134,0,4,7090
o_proj,134,0,4,5010
post_layernorm,134,0,4,29016
gate_proj,134,0,4,13283
up_proj,134,0,4,12222
act_fn,134,0,4,2778
down_proj,134,0,4,13244
final_layernorm,134,0,4,30168
lm_head,134,0,4,95987
embedding,135,0,4,6714
input_layernorm,135,0,4,29572
q_proj,135,0,4,6022
k_proj,135,0,4,6171
v_proj,135,0,4,6079
rope,135,0,4,22301
attn,135,0,4,6984
o_proj,135,0,4,5166
post_layernorm,135,0,4,29019
gate_proj,135,0,4,13301
up_proj,135,0,4,12272
act_fn,135,0,4,2781
down_proj,135,0,4,13260
final_layernorm,135,0,4,30200
lm_head,135,0,4,95778
embedding,136,0,4,6791
input_layernorm,136,0,4,29307
q_proj,136,0,4,5900
k_proj,136,0,4,6157
v_proj,136,0,4,6041
rope,136,0,4,22512
attn,136,0,4,6963
o_proj,136,0,4,5046
post_layernorm,136,0,4,28954
gate_proj,136,0,4,13300
up_proj,136,0,4,12251
act_fn,136,0,4,2833
down_proj,136,0,4,12756
final_layernorm,136,0,4,29645
lm_head,136,0,4,96034
embedding,137,0,4,6824
input_layernorm,137,0,4,29362
q_proj,137,0,4,5995
k_proj,137,0,4,6186
v_proj,137,0,4,6065
rope,137,0,4,22477
attn,137,0,4,6975
o_proj,137,0,4,5006
post_layernorm,137,0,4,29100
gate_proj,137,0,4,13482
up_proj,137,0,4,12335
act_fn,137,0,4,2815
down_proj,137,0,4,12999
final_layernorm,137,0,4,30165
lm_head,137,0,4,96205
embedding,138,0,4,6905
input_layernorm,138,0,4,29394
q_proj,138,0,4,5973
k_proj,138,0,4,6161
v_proj,138,0,4,6042
rope,138,0,4,22392
attn,138,0,4,6971
o_proj,138,0,4,4929
post_layernorm,138,0,4,29144
gate_proj,138,0,4,13483
up_proj,138,0,4,12316
act_fn,138,0,4,2819
down_proj,138,0,4,12716
final_layernorm,138,0,4,30265
lm_head,138,0,4,96235
embedding,139,0,4,6903
input_layernorm,139,0,4,29377
q_proj,139,0,4,5926
k_proj,139,0,4,6159
v_proj,139,0,4,6044
rope,139,0,4,22594
attn,139,0,4,7023
o_proj,139,0,4,5044
post_layernorm,139,0,4,28977
gate_proj,139,0,4,13488
up_proj,139,0,4,12343
act_fn,139,0,4,2822
down_proj,139,0,4,12910
final_layernorm,139,0,4,30030
lm_head,139,0,4,96459
embedding,140,0,4,6836
input_layernorm,140,0,4,29531
q_proj,140,0,4,5979
k_proj,140,0,4,6178
v_proj,140,0,4,6090
rope,140,0,4,22651
attn,140,0,4,6994
o_proj,140,0,4,5219
post_layernorm,140,0,4,29150
gate_proj,140,0,4,13478
up_proj,140,0,4,12348
act_fn,140,0,4,2827
down_proj,140,0,4,13196
final_layernorm,140,0,4,30264
lm_head,140,0,4,96311
embedding,141,0,4,6991
input_layernorm,141,0,4,29505
q_proj,141,0,4,5973
k_proj,141,0,4,6175
v_proj,141,0,4,6044
rope,141,0,4,22768
attn,141,0,4,7056
o_proj,141,0,4,4960
post_layernorm,141,0,4,29091
gate_proj,141,0,4,13509
up_proj,141,0,4,12302
act_fn,141,0,4,2842
down_proj,141,0,4,12999
final_layernorm,141,0,4,30135
lm_head,141,0,4,96372
embedding,142,0,4,7036
input_layernorm,142,0,4,29599
q_proj,142,0,4,5961
k_proj,142,0,4,6178
v_proj,142,0,4,6057
rope,142,0,4,22551
attn,142,0,4,7004
o_proj,142,0,4,4928
post_layernorm,142,0,4,29166
gate_proj,142,0,4,13486
up_proj,142,0,4,12347
act_fn,142,0,4,2843
down_proj,142,0,4,12799
final_layernorm,142,0,4,30360
lm_head,142,0,4,96460
embedding,143,0,4,6949
input_layernorm,143,0,4,29572
q_proj,143,0,4,5917
k_proj,143,0,4,6187
v_proj,143,0,4,6040
rope,143,0,4,22428
attn,143,0,4,7062
o_proj,143,0,4,4950
post_layernorm,143,0,4,29116
gate_proj,143,0,4,13501
up_proj,143,0,4,12350
act_fn,143,0,4,2857
down_proj,143,0,4,12976
final_layernorm,143,0,4,30197
lm_head,143,0,4,96425
embedding,144,0,4,6990
input_layernorm,144,0,4,29531
q_proj,144,0,4,5931
k_proj,144,0,4,6182
v_proj,144,0,4,6059
rope,144,0,4,22623
attn,144,0,4,7004
o_proj,144,0,4,4909
post_layernorm,144,0,4,29156
gate_proj,144,0,4,13520
up_proj,144,0,4,12345
act_fn,144,0,4,2852
down_proj,144,0,4,12851
final_layernorm,144,0,4,29827
lm_head,144,0,4,96540
embedding,145,0,4,7069
input_layernorm,145,0,4,29504
q_proj,145,0,4,6658
k_proj,145,0,4,6514
v_proj,145,0,4,6530
rope,145,0,4,22676
attn,145,0,4,6988
o_proj,145,0,4,5458
post_layernorm,145,0,4,29116
gate_proj,145,0,4,13609
up_proj,145,0,4,12481
act_fn,145,0,4,2858
down_proj,145,0,4,14288
final_layernorm,145,0,4,30116
lm_head,145,0,4,96677
embedding,146,0,4,7044
input_layernorm,146,0,4,29597
q_proj,146,0,4,6684
k_proj,146,0,4,6507
v_proj,146,0,4,6497
rope,146,0,4,22667
attn,146,0,4,6924
o_proj,146,0,4,5279
post_layernorm,146,0,4,29155
gate_proj,146,0,4,13573
up_proj,146,0,4,12418
act_fn,146,0,4,2881
down_proj,146,0,4,13787
final_layernorm,146,0,4,30212
lm_head,146,0,4,96702
embedding,147,0,4,7059
input_layernorm,147,0,4,29651
q_proj,147,0,4,6832
k_proj,147,0,4,6508
v_proj,147,0,4,6547
rope,147,0,4,22673
attn,147,0,4,6983
o_proj,147,0,4,5271
post_layernorm,147,0,4,29248
gate_proj,147,0,4,13676
up_proj,147,0,4,12431
act_fn,147,0,4,2881
down_proj,147,0,4,14207
final_layernorm,147,0,4,30407
lm_head,147,0,4,96774
embedding,148,0,4,6984
input_layernorm,148,0,4,29678
q_proj,148,0,4,6600
k_proj,148,0,4,6558
v_proj,148,0,4,6482
rope,148,0,4,22837
attn,148,0,4,6960
o_proj,148,0,4,5305
post_layernorm,148,0,4,29248
gate_proj,148,0,4,13561
up_proj,148,0,4,12447
act_fn,148,0,4,2876
down_proj,148,0,4,14143
final_layernorm,148,0,4,30396
lm_head,148,0,4,96779
embedding,149,0,4,7045
input_layernorm,149,0,4,29620
q_proj,149,0,4,6596
k_proj,149,0,4,6561
v_proj,149,0,4,6518
rope,149,0,4,22733
attn,149,0,4,6980
o_proj,149,0,4,5291
post_layernorm,149,0,4,29269
gate_proj,149,0,4,13630
up_proj,149,0,4,12484
act_fn,149,0,4,2896
down_proj,149,0,4,13818
final_layernorm,149,0,4,30412
lm_head,149,0,4,96783
embedding,150,0,4,7070
input_layernorm,150,0,4,29578
q_proj,150,0,4,6605
k_proj,150,0,4,6659
v_proj,150,0,4,6506
rope,150,0,4,22731
attn,150,0,4,7005
o_proj,150,0,4,5324
post_layernorm,150,0,4,29271
gate_proj,150,0,4,13689
up_proj,150,0,4,12417
act_fn,150,0,4,2922
down_proj,150,0,4,13380
final_layernorm,150,0,4,30468
lm_head,150,0,4,96471
embedding,151,0,4,7097
input_layernorm,151,0,4,29661
q_proj,151,0,4,6488
k_proj,151,0,4,6560
v_proj,151,0,4,6554
rope,151,0,4,22769
attn,151,0,4,6966
o_proj,151,0,4,5365
post_layernorm,151,0,4,29209
gate_proj,151,0,4,13681
up_proj,151,0,4,12447
act_fn,151,0,4,2916
down_proj,151,0,4,13419
final_layernorm,151,0,4,30353
lm_head,151,0,4,96984
embedding,152,0,4,7174
input_layernorm,152,0,4,29684
q_proj,152,0,4,6419
k_proj,152,0,4,6548
v_proj,152,0,4,6510
rope,152,0,4,22809
attn,152,0,4,6962
o_proj,152,0,4,4941
post_layernorm,152,0,4,29249
gate_proj,152,0,4,13783
up_proj,152,0,4,12446
act_fn,152,0,4,2917
down_proj,152,0,4,13167
final_layernorm,152,0,4,30045
lm_head,152,0,4,96933
embedding,153,0,4,7187
input_layernorm,153,0,4,29706
q_proj,153,0,4,6412
k_proj,153,0,4,6606
v_proj,153,0,4,6553
rope,153,0,4,22765
attn,153,0,4,6974
o_proj,153,0,4,5064
post_layernorm,153,0,4,29330
gate_proj,153,0,4,13649
up_proj,153,0,4,12375
act_fn,153,0,4,2931
down_proj,153,0,4,13062
final_layernorm,153,0,4,30298
lm_head,153,0,4,97166
embedding,154,0,4,7173
input_layernorm,154,0,4,29683
q_proj,154,0,4,6302
k_proj,154,0,4,6608
v_proj,154,0,4,6534
rope,154,0,4,22756
attn,154,0,4,7028
o_proj,154,0,4,5084
post_layernorm,154,0,4,29422
gate_proj,154,0,4,13733
up_proj,154,0,4,12404
act_fn,154,0,4,2938
down_proj,154,0,4,13132
final_layernorm,154,0,4,30576
lm_head,154,0,4,97136
embedding,155,0,4,7188
input_layernorm,155,0,4,29757
q_proj,155,0,4,6344
k_proj,155,0,4,6579
v_proj,155,0,4,6528
rope,155,0,4,22738
attn,155,0,4,7021
o_proj,155,0,4,5069
post_layernorm,155,0,4,29483
gate_proj,155,0,4,13774
up_proj,155,0,4,12495
act_fn,155,0,4,2938
down_proj,155,0,4,13150
final_layernorm,155,0,4,30565
lm_head,155,0,4,97198
embedding,156,0,4,7268
input_layernorm,156,0,4,29879
q_proj,156,0,4,6360
k_proj,156,0,4,6583
v_proj,156,0,4,6513
rope,156,0,4,22866
attn,156,0,4,6999
o_proj,156,0,4,5077
post_layernorm,156,0,4,29480
gate_proj,156,0,4,13686
up_proj,156,0,4,12434
act_fn,156,0,4,2953
down_proj,156,0,4,13048
final_layernorm,156,0,4,30601
lm_head,156,0,4,97343
embedding,157,0,4,7327
input_layernorm,157,0,4,29850
q_proj,157,0,4,6313
k_proj,157,0,4,6610
v_proj,157,0,4,6566
rope,157,0,4,22796
attn,157,0,4,7043
o_proj,157,0,4,5155
post_layernorm,157,0,4,29455
gate_proj,157,0,4,13727
up_proj,157,0,4,12430
act_fn,157,0,4,2966
down_proj,157,0,4,13260
final_layernorm,157,0,4,30659
lm_head,157,0,4,97353
embedding,158,0,4,7321
input_layernorm,158,0,4,29879
q_proj,158,0,4,6333
k_proj,158,0,4,6593
v_proj,158,0,4,6534
rope,158,0,4,22716
attn,158,0,4,6995
o_proj,158,0,4,4985
post_layernorm,158,0,4,29531
gate_proj,158,0,4,13759
up_proj,158,0,4,12505
act_fn,158,0,4,2964
down_proj,158,0,4,13043
final_layernorm,158,0,4,30679
lm_head,158,0,4,97350
embedding,159,0,4,7325
input_layernorm,159,0,4,29883
q_proj,159,0,4,6349
k_proj,159,0,4,6615
v_proj,159,0,4,6532
rope,159,0,4,22752
attn,159,0,4,7003
o_proj,159,0,4,5022
post_layernorm,159,0,4,29692
gate_proj,159,0,4,13813
up_proj,159,0,4,12462
act_fn,159,0,4,2973
down_proj,159,0,4,13412
final_layernorm,159,0,4,30581
lm_head,159,0,4,97322
embedding,160,0,4,7407
input_layernorm,160,0,4,29804
q_proj,160,0,4,7485
k_proj,160,0,4,6758
v_proj,160,0,4,6545
rope,160,0,4,22966
attn,160,0,4,7050
o_proj,160,0,4,4989
post_layernorm,160,0,4,29442
gate_proj,160,0,4,13796
up_proj,160,0,4,12545
act_fn,160,0,4,2967
down_proj,160,0,4,15709
final_layernorm,160,0,4,30111
lm_head,160,0,4,98331
embedding,161,0,4,7441
input_layernorm,161,0,4,30109
q_proj,161,0,4,5950
k_proj,161,0,4,6230
v_proj,161,0,4,6321
rope,161,0,4,22763
attn,161,0,4,7120
o_proj,161,0,4,5308
post_layernorm,161,0,4,29588
gate_proj,161,0,4,13972
up_proj,161,0,4,12713
act_fn,161,0,4,2988
down_proj,161,0,4,14925
final_layernorm,161,0,4,30609
lm_head,161,0,4,94913
embedding,162,0,4,7426
input_layernorm,162,0,4,30151
q_proj,162,0,4,5933
k_proj,162,0,4,6186
v_proj,162,0,4,6279
rope,162,0,4,22747
attn,162,0,4,7103
o_proj,162,0,4,5537
post_layernorm,162,0,4,29700
gate_proj,162,0,4,13986
up_proj,162,0,4,12669
act_fn,162,0,4,2993
down_proj,162,0,4,14457
final_layernorm,162,0,4,30822
lm_head,162,0,4,94912
embedding,163,0,4,7415
input_layernorm,163,0,4,30180
q_proj,163,0,4,5944
k_proj,163,0,4,6210
v_proj,163,0,4,6288
rope,163,0,4,22761
attn,163,0,4,7132
o_proj,163,0,4,5509
post_layernorm,163,0,4,29759
gate_proj,163,0,4,14014
up_proj,163,0,4,12717
act_fn,163,0,4,2995
down_proj,163,0,4,14706
final_layernorm,163,0,4,30941
lm_head,163,0,4,95023
embedding,164,0,4,7479
input_layernorm,164,0,4,30152
q_proj,164,0,4,5951
k_proj,164,0,4,6190
v_proj,164,0,4,6289
rope,164,0,4,22964
attn,164,0,4,7094
o_proj,164,0,4,5269
post_layernorm,164,0,4,29768
gate_proj,164,0,4,14062
up_proj,164,0,4,12601
act_fn,164,0,4,2989
down_proj,164,0,4,14816
final_layernorm,164,0,4,30857
lm_head,164,0,4,95051
embedding,165,0,4,7483
input_layernorm,165,0,4,30086
q_proj,165,0,4,5964
k_proj,165,0,4,6144
v_proj,165,0,4,6247
rope,165,0,4,22797
attn,165,0,4,7103
o_proj,165,0,4,5360
post_layernorm,165,0,4,29795
gate_proj,165,0,4,14007
up_proj,165,0,4,12682
act_fn,165,0,4,2993
down_proj,165,0,4,14769
final_layernorm,165,0,4,30819
lm_head,165,0,4,95224
embedding,166,0,4,7481
input_layernorm,166,0,4,30139
q_proj,166,0,4,5967
k_proj,166,0,4,6178
v_proj,166,0,4,6257
rope,166,0,4,22792
attn,166,0,4,7120
o_proj,166,0,4,5502
post_layernorm,166,0,4,29803
gate_proj,166,0,4,14034
up_proj,166,0,4,12647
act_fn,166,0,4,2998
down_proj,166,0,4,13836
final_layernorm,166,0,4,30811
lm_head,166,0,4,95160
embedding,167,0,4,7550
input_layernorm,167,0,4,30257
q_proj,167,0,4,5976
k_proj,167,0,4,6239
v_proj,167,0,4,6305
rope,167,0,4,22788
attn,167,0,4,7153
o_proj,167,0,4,5351
post_layernorm,167,0,4,29758
gate_proj,167,0,4,14020
up_proj,167,0,4,12621
act_fn,167,0,4,3009
down_proj,167,0,4,13826
final_layernorm,167,0,4,30834
lm_head,167,0,4,95198
embedding,168,0,4,7577
input_layernorm,168,0,4,30556
q_proj,168,0,4,6012
k_proj,168,0,4,6216
v_proj,168,0,4,6363
rope,168,0,4,22926
attn,168,0,4,7123
o_proj,168,0,4,5287
post_layernorm,168,0,4,29908
gate_proj,168,0,4,14082
up_proj,168,0,4,12664
act_fn,168,0,4,3024
down_proj,168,0,4,13730
final_layernorm,168,0,4,30722
lm_head,168,0,4,95229
embedding,169,0,4,7674
input_layernorm,169,0,4,30261
q_proj,169,0,4,8604
k_proj,169,0,4,6255
v_proj,169,0,4,6061
rope,169,0,4,22948
attn,169,0,4,6991
o_proj,169,0,4,5342
post_layernorm,169,0,4,29755
gate_proj,169,0,4,14099
up_proj,169,0,4,12774
act_fn,169,0,4,3054
down_proj,169,0,4,13518
final_layernorm,169,0,4,30914
lm_head,169,0,4,95711
embedding,170,0,4,7623
input_layernorm,170,0,4,30337
q_proj,170,0,4,8615
k_proj,170,0,4,6240
v_proj,170,0,4,6059
rope,170,0,4,22928
attn,170,0,4,7019
o_proj,170,0,4,5209
post_layernorm,170,0,4,29940
gate_proj,170,0,4,14057
up_proj,170,0,4,12731
act_fn,170,0,4,3035
down_proj,170,0,4,13446
final_layernorm,170,0,4,31107
lm_head,170,0,4,95608
embedding,171,0,4,7624
input_layernorm,171,0,4,30346
q_proj,171,0,4,8429
k_proj,171,0,4,6234
v_proj,171,0,4,6105
rope,171,0,4,22969
attn,171,0,4,7080
o_proj,171,0,4,5323
post_layernorm,171,0,4,30025
gate_proj,171,0,4,14196
up_proj,171,0,4,12697
act_fn,171,0,4,3237
down_proj,171,0,4,13507
final_layernorm,171,0,4,31028
lm_head,171,0,4,95833
embedding,172,0,4,7704
input_layernorm,172,0,4,30448
q_proj,172,0,4,8767
k_proj,172,0,4,6238
v_proj,172,0,4,6133
rope,172,0,4,23163
attn,172,0,4,7063
o_proj,172,0,4,5311
post_layernorm,172,0,4,30096
gate_proj,172,0,4,14179
up_proj,172,0,4,12772
act_fn,172,0,4,3060
down_proj,172,0,4,13311
final_layernorm,172,0,4,31217
lm_head,172,0,4,95857
embedding,173,0,4,7785
input_layernorm,173,0,4,30440
q_proj,173,0,4,8847
k_proj,173,0,4,6238
v_proj,173,0,4,6074
rope,173,0,4,22955
attn,173,0,4,7034
o_proj,173,0,4,5312
post_layernorm,173,0,4,30098
gate_proj,173,0,4,14218
up_proj,173,0,4,12725
act_fn,173,0,4,3065
down_proj,173,0,4,13256
final_layernorm,173,0,4,31123
lm_head,173,0,4,96006
embedding,174,0,4,7646
input_layernorm,174,0,4,30435
q_proj,174,0,4,8507
k_proj,174,0,4,6248
v_proj,174,0,4,6105
rope,174,0,4,23020
attn,174,0,4,7050
o_proj,174,0,4,5121
post_layernorm,174,0,4,30187
gate_proj,174,0,4,14203
up_proj,174,0,4,12723
act_fn,174,0,4,3058
down_proj,174,0,4,13375
final_layernorm,174,0,4,31187
lm_head,174,0,4,95894
embedding,175,0,4,7588
input_layernorm,175,0,4,30437
q_proj,175,0,4,8393
k_proj,175,0,4,6266
v_proj,175,0,4,6093
rope,175,0,4,23035
attn,175,0,4,7053
o_proj,175,0,4,5049
post_layernorm,175,0,4,30050
gate_proj,175,0,4,14238
up_proj,175,0,4,12696
act_fn,175,0,4,3086
down_proj,175,0,4,13349
final_layernorm,175,0,4,31030
lm_head,175,0,4,95936
embedding,176,0,4,7761
input_layernorm,176,0,4,30514
q_proj,176,0,4,7297
k_proj,176,0,4,6209
v_proj,176,0,4,6131
rope,176,0,4,23177
attn,176,0,4,7094
o_proj,176,0,4,5082
post_layernorm,176,0,4,30148
gate_proj,176,0,4,14205
up_proj,176,0,4,12735
act_fn,176,0,4,3075
down_proj,176,0,4,15178
final_layernorm,176,0,4,30847
lm_head,176,0,4,95808
embedding,177,0,4,7745
input_layernorm,177,0,4,30504
q_proj,177,0,4,8067
k_proj,177,0,4,6176
v_proj,177,0,4,6285
rope,177,0,4,23090
attn,177,0,4,7072
o_proj,177,0,4,5740
post_layernorm,177,0,4,30032
gate_proj,177,0,4,14396
up_proj,177,0,4,12664
act_fn,177,0,4,3106
down_proj,177,0,4,14946
final_layernorm,177,0,4,31145
lm_head,177,0,4,95944
embedding,178,0,4,7799
input_layernorm,178,0,4,30514
q_proj,178,0,4,8006
k_proj,178,0,4,6214
v_proj,178,0,4,6349
rope,178,0,4,23172
attn,178,0,4,7148
o_proj,178,0,4,5638
post_layernorm,178,0,4,30250
gate_proj,178,0,4,14499
up_proj,178,0,4,12750
act_fn,178,0,4,3114
down_proj,178,0,4,15418
final_layernorm,178,0,4,31408
lm_head,178,0,4,96072
embedding,179,0,4,7783
input_layernorm,179,0,4,30679
q_proj,179,0,4,8078
k_proj,179,0,4,6227
v_proj,179,0,4,6351
rope,179,0,4,23199
attn,179,0,4,7163
o_proj,179,0,4,5744
post_layernorm,179,0,4,30385
gate_proj,179,0,4,14459
up_proj,179,0,4,12794
act_fn,179,0,4,3131
down_proj,179,0,4,14646
final_layernorm,179,0,4,31514
lm_head,179,0,4,96150
embedding,180,0,4,7815
input_layernorm,180,0,4,30696
q_proj,180,0,4,8596
k_proj,180,0,4,6221
v_proj,180,0,4,6334
rope,180,0,4,23312
attn,180,0,4,7131
o_proj,180,0,4,5772
post_layernorm,180,0,4,30363
gate_proj,180,0,4,14285
up_proj,180,0,4,12712
act_fn,180,0,4,3136
down_proj,180,0,4,15386
final_layernorm,180,0,4,31532
lm_head,180,0,4,95988
embedding,181,0,4,7822
input_layernorm,181,0,4,30627
q_proj,181,0,4,8674
k_proj,181,0,4,6200
v_proj,181,0,4,6315
rope,181,0,4,23144
attn,181,0,4,7142
o_proj,181,0,4,5734
post_layernorm,181,0,4,30380
gate_proj,181,0,4,14364
up_proj,181,0,4,12828
act_fn,181,0,4,3151
down_proj,181,0,4,14125
final_layernorm,181,0,4,31427
lm_head,181,0,4,96103
embedding,182,0,4,7909
input_layernorm,182,0,4,30641
q_proj,182,0,4,8384
k_proj,182,0,4,6142
v_proj,182,0,4,6285
rope,182,0,4,23129
attn,182,0,4,7101
o_proj,182,0,4,5689
post_layernorm,182,0,4,30184
gate_proj,182,0,4,14293
up_proj,182,0,4,12704
act_fn,182,0,4,3132
down_proj,182,0,4,14554
final_layernorm,182,0,4,31199
lm_head,182,0,4,96159
embedding,183,0,4,7870
input_layernorm,183,0,4,30701
q_proj,183,0,4,8359
k_proj,183,0,4,6176
v_proj,183,0,4,6306
rope,183,0,4,23067
attn,183,0,4,7140
o_proj,183,0,4,5638
post_layernorm,183,0,4,30238
gate_proj,183,0,4,14353
up_proj,183,0,4,12682
act_fn,183,0,4,3131
down_proj,183,0,4,14395
final_layernorm,183,0,4,31307
lm_head,183,0,4,96045
embedding,184,0,4,7918
input_layernorm,184,0,4,30667
q_proj,184,0,4,6759
k_proj,184,0,4,6195
v_proj,184,0,4,6249
rope,184,0,4,23249
attn,184,0,4,7149
o_proj,184,0,4,5313
post_layernorm,184,0,4,30217
gate_proj,184,0,4,14368
up_proj,184,0,4,12684
act_fn,184,0,4,3132
down_proj,184,0,4,14045
final_layernorm,184,0,4,30932
lm_head,184,0,4,96135
embedding,185,0,4,7867
input_layernorm,185,0,4,30702
q_proj,185,0,4,7682
k_proj,185,0,4,6234
v_proj,185,0,4,6286
rope,185,0,4,23173
attn,185,0,4,7143
o_proj,185,0,4,5305
post_layernorm,185,0,4,30282
gate_proj,185,0,4,14294
up_proj,185,0,4,12725
act_fn,185,0,4,3161
down_proj,185,0,4,13699
final_layernorm,185,0,4,31422
lm_head,185,0,4,98840
embedding,186,0,4,8072
input_layernorm,186,0,4,30637
q_proj,186,0,4,7531
k_proj,186,0,4,6164
v_proj,186,0,4,6287
rope,186,0,4,23131
attn,186,0,4,7119
o_proj,186,0,4,5344
post_layernorm,186,0,4,30280
gate_proj,186,0,4,14483
up_proj,186,0,4,12654
act_fn,186,0,4,3164
down_proj,186,0,4,14173
final_layernorm,186,0,4,31506
lm_head,186,0,4,98707
embedding,187,0,4,7917
input_layernorm,187,0,4,30891
q_proj,187,0,4,7612
k_proj,187,0,4,6198
v_proj,187,0,4,6314
rope,187,0,4,23155
attn,187,0,4,7153
o_proj,187,0,4,5473
post_layernorm,187,0,4,30468
gate_proj,187,0,4,14538
up_proj,187,0,4,12700
act_fn,187,0,4,3155
down_proj,187,0,4,13806
final_layernorm,187,0,4,31678
lm_head,187,0,4,98970
embedding,188,0,4,7935
input_layernorm,188,0,4,30895
q_proj,188,0,4,7666
k_proj,188,0,4,6251
v_proj,188,0,4,6351
rope,188,0,4,23378
attn,188,0,4,7138
o_proj,188,0,4,5491
post_layernorm,188,0,4,30497
gate_proj,188,0,4,14409
up_proj,188,0,4,12682
act_fn,188,0,4,3164
down_proj,188,0,4,13861
final_layernorm,188,0,4,31609
lm_head,188,0,4,98956
embedding,189,0,4,7988
input_layernorm,189,0,4,30899
q_proj,189,0,4,7606
k_proj,189,0,4,6197
v_proj,189,0,4,6323
rope,189,0,4,23143
attn,189,0,4,7192
o_proj,189,0,4,5358
post_layernorm,189,0,4,30563
gate_proj,189,0,4,14363
up_proj,189,0,4,12703
act_fn,189,0,4,3195
down_proj,189,0,4,13976
final_layernorm,189,0,4,31601
lm_head,189,0,4,99014
embedding,190,0,4,8029
input_layernorm,190,0,4,30860
q_proj,190,0,4,8094
k_proj,190,0,4,6190
v_proj,190,0,4,6318
rope,190,0,4,23116
attn,190,0,4,7138
o_proj,190,0,4,5434
post_layernorm,190,0,4,30621
gate_proj,190,0,4,14308
up_proj,190,0,4,12747
act_fn,190,0,4,3399
down_proj,190,0,4,13673
final_layernorm,190,0,4,31724
lm_head,190,0,4,99019
embedding,191,0,4,8169
input_layernorm,191,0,4,30952
q_proj,191,0,4,8032
k_proj,191,0,4,6249
v_proj,191,0,4,6363
rope,191,0,4,23148
attn,191,0,4,7194
o_proj,191,0,4,5189
post_layernorm,191,0,4,30679
gate_proj,191,0,4,14361
up_proj,191,0,4,12785
act_fn,191,0,4,3205
down_proj,191,0,4,13752
final_layernorm,191,0,4,31708
lm_head,191,0,4,99109
embedding,192,0,4,8102
input_layernorm,192,0,4,30826
q_proj,192,0,4,7780
k_proj,192,0,4,6305
v_proj,192,0,4,6560
rope,192,0,4,23314
attn,192,0,4,7179
o_proj,192,0,4,5152
post_layernorm,192,0,4,30500
gate_proj,192,0,4,14415
up_proj,192,0,4,12765
act_fn,192,0,4,3199
down_proj,192,0,4,13855
final_layernorm,192,0,4,31293
lm_head,192,0,4,99064
embedding,193,0,4,8139
input_layernorm,193,0,4,30905
q_proj,193,0,4,7899
k_proj,193,0,4,6925
v_proj,193,0,4,6723
rope,193,0,4,23241
attn,193,0,4,7407
o_proj,193,0,4,5953
post_layernorm,193,0,4,30421
gate_proj,193,0,4,14339
up_proj,193,0,4,12917
act_fn,193,0,4,3180
down_proj,193,0,4,15221
final_layernorm,193,0,4,31410
lm_head,193,0,4,97601
embedding,194,0,4,8237
input_layernorm,194,0,4,31028
q_proj,194,0,4,7823
k_proj,194,0,4,6884
v_proj,194,0,4,6766
rope,194,0,4,23282
attn,194,0,4,7439
o_proj,194,0,4,5963
post_layernorm,194,0,4,30502
gate_proj,194,0,4,14306
up_proj,194,0,4,13037
act_fn,194,0,4,3211
down_proj,194,0,4,15875
final_layernorm,194,0,4,31519
lm_head,194,0,4,97582
embedding,195,0,4,8327
input_layernorm,195,0,4,31151
q_proj,195,0,4,7817
k_proj,195,0,4,6884
v_proj,195,0,4,6761
rope,195,0,4,23336
attn,195,0,4,7454
o_proj,195,0,4,5927
post_layernorm,195,0,4,30557
gate_proj,195,0,4,14341
up_proj,195,0,4,12972
act_fn,195,0,4,3248
down_proj,195,0,4,15398
final_layernorm,195,0,4,31701
lm_head,195,0,4,97701
embedding,196,0,4,8313
input_layernorm,196,0,4,31227
q_proj,196,0,4,7938
k_proj,196,0,4,6861
v_proj,196,0,4,6680
rope,196,0,4,23360
attn,196,0,4,7403
o_proj,196,0,4,5940
post_layernorm,196,0,4,30899
gate_proj,196,0,4,14393
up_proj,196,0,4,12942
act_fn,196,0,4,3224
down_proj,196,0,4,15631
final_layernorm,196,0,4,31809
lm_head,196,0,4,97695
embedding,197,0,4,8271
input_layernorm,197,0,4,31365
q_proj,197,0,4,7830
k_proj,197,0,4,6898
v_proj,197,0,4,6730
rope,197,0,4,23294
attn,197,0,4,7472
o_proj,197,0,4,5982
post_layernorm,197,0,4,31052
gate_proj,197,0,4,14335
up_proj,197,0,4,13122
act_fn,197,0,4,3239
down_proj,197,0,4,14830
final_layernorm,197,0,4,31920
lm_head,197,0,4,97777
embedding,198,0,4,8321
input_layernorm,198,0,4,31346
q_proj,198,0,4,7912
k_proj,198,0,4,6876
v_proj,198,0,4,6744
rope,198,0,4,23294
attn,198,0,4,7510
o_proj,198,0,4,5806
post_layernorm,198,0,4,31171
gate_proj,198,0,4,14337
up_proj,198,0,4,12998
act_fn,198,0,4,3248
down_proj,198,0,4,15064
final_layernorm,198,0,4,31872
lm_head,198,0,4,97904
embedding,199,0,4,8371
input_layernorm,199,0,4,31252
q_proj,199,0,4,7865
k_proj,199,0,4,6943
v_proj,199,0,4,6717
rope,199,0,4,23349
attn,199,0,4,7464
o_proj,199,0,4,5821
post_layernorm,199,0,4,31034
gate_proj,199,0,4,14308
up_proj,199,0,4,13059
act_fn,199,0,4,3254
down_proj,199,0,4,15015
final_layernorm,199,0,4,31761
lm_head,199,0,4,97975
embedding,200,0,4,8446
input_layernorm,200,0,4,31165
q_proj,200,0,4,6452
k_proj,200,0,4,6872
v_proj,200,0,4,6735
rope,200,0,4,23323
attn,200,0,4,7444
o_proj,200,0,4,5646
post_layernorm,200,0,4,30760
gate_proj,200,0,4,14432
up_proj,200,0,4,13013
act_fn,200,0,4,3255
down_proj,200,0,4,14778
final_layernorm,200,0,4,31439
lm_head,200,0,4,97985
embedding,201,0,4,8336
input_layernorm,201,0,4,31367
q_proj,201,0,4,6500
k_proj,201,0,4,6469
v_proj,201,0,4,6396
rope,201,0,4,23168
attn,201,0,4,7436
o_proj,201,0,4,5640
post_layernorm,201,0,4,30958
gate_proj,201,0,4,14318
up_proj,201,0,4,13039
act_fn,201,0,4,3248
down_proj,201,0,4,14484
final_layernorm,201,0,4,31797
lm_head,201,0,4,98535
embedding,202,0,4,8473
input_layernorm,202,0,4,31078
q_proj,202,0,4,6472
k_proj,202,0,4,6431
v_proj,202,0,4,6330
rope,202,0,4,23165
attn,202,0,4,7488
o_proj,202,0,4,5590
post_layernorm,202,0,4,31020
gate_proj,202,0,4,14329
up_proj,202,0,4,13024
act_fn,202,0,4,3259
down_proj,202,0,4,14570
final_layernorm,202,0,4,31782
lm_head,202,0,4,98530
embedding,203,0,4,8351
input_layernorm,203,0,4,31523
q_proj,203,0,4,6453
k_proj,203,0,4,6430
v_proj,203,0,4,6335
rope,203,0,4,23313
attn,203,0,4,7487
o_proj,203,0,4,5628
post_layernorm,203,0,4,30816
gate_proj,203,0,4,14314
up_proj,203,0,4,13010
act_fn,203,0,4,3271
down_proj,203,0,4,14632
final_layernorm,203,0,4,31836
lm_head,203,0,4,98537
embedding,204,0,4,8358
input_layernorm,204,0,4,31223
q_proj,204,0,4,6443
k_proj,204,0,4,6456
v_proj,204,0,4,6311
rope,204,0,4,23443
attn,204,0,4,7488
o_proj,204,0,4,5691
post_layernorm,204,0,4,30815
gate_proj,204,0,4,14391
up_proj,204,0,4,13046
act_fn,204,0,4,3302
down_proj,204,0,4,14382
final_layernorm,204,0,4,31984
lm_head,204,0,4,98660
embedding,205,0,4,8513
input_layernorm,205,0,4,31213
q_proj,205,0,4,6450
k_proj,205,0,4,6531
v_proj,205,0,4,6346
rope,205,0,4,23353
attn,205,0,4,7508
o_proj,205,0,4,5707
post_layernorm,205,0,4,31215
gate_proj,205,0,4,14350
up_proj,205,0,4,13097
act_fn,205,0,4,3291
down_proj,205,0,4,14161
final_layernorm,205,0,4,32034
lm_head,205,0,4,98644
embedding,206,0,4,8476
input_layernorm,206,0,4,31250
q_proj,206,0,4,6460
k_proj,206,0,4,6484
v_proj,206,0,4,6287
rope,206,0,4,23356
attn,206,0,4,7479
o_proj,206,0,4,5614
post_layernorm,206,0,4,31251
gate_proj,206,0,4,14351
up_proj,206,0,4,13027
act_fn,206,0,4,3278
down_proj,206,0,4,14091
final_layernorm,206,0,4,32013
lm_head,206,0,4,98689
embedding,207,0,4,8469
input_layernorm,207,0,4,31553
q_proj,207,0,4,6426
k_proj,207,0,4,6456
v_proj,207,0,4,6282
rope,207,0,4,23353
attn,207,0,4,7514
o_proj,207,0,4,5391
post_layernorm,207,0,4,30914
gate_proj,207,0,4,14302
up_proj,207,0,4,13008
act_fn,207,0,4,3287
down_proj,207,0,4,14112
final_layernorm,207,0,4,31919
lm_head,207,0,4,98656
embedding,208,0,4,8458
input_layernorm,208,0,4,31416
q_proj,208,0,4,7693
k_proj,208,0,4,6386
v_proj,208,0,4,6215
rope,208,0,4,23651
attn,208,0,4,7536
o_proj,208,0,4,5342
post_layernorm,208,0,4,30985
gate_proj,208,0,4,14311
up_proj,208,0,4,13056
act_fn,208,0,4,3305
down_proj,208,0,4,16291
final_layernorm,208,0,4,31787
lm_head,208,0,4,98704
embedding,209,0,4,8443
input_layernorm,209,0,4,31839
q_proj,209,0,4,7717
k_proj,209,0,4,6484
v_proj,209,0,4,6535
rope,209,0,4,23481
attn,209,0,4,7525
o_proj,209,0,4,6060
post_layernorm,209,0,4,30977
gate_proj,209,0,4,16590
up_proj,209,0,4,17037
act_fn,209,0,4,3479
down_proj,209,0,4,16332
final_layernorm,209,0,4,32121
lm_head,209,0,4,100958
embedding,210,0,4,8573
input_layernorm,210,0,4,31340
q_proj,210,0,4,7603
k_proj,210,0,4,6422
v_proj,210,0,4,6544
rope,210,0,4,23368
attn,210,0,4,7497
o_proj,210,0,4,6122
post_layernorm,210,0,4,31306
gate_proj,210,0,4,15906
up_proj,210,0,4,15926
act_fn,210,0,4,3319
down_proj,210,0,4,15832
final_layernorm,210,0,4,31969
lm_head,210,0,4,100861
embedding,211,0,4,8601
input_layernorm,211,0,4,31982
q_proj,211,0,4,7435
k_proj,211,0,4,6476
v_proj,211,0,4,6442
rope,211,0,4,23475
attn,211,0,4,7538
o_proj,211,0,4,6161
post_layernorm,211,0,4,31413
gate_proj,211,0,4,16208
up_proj,211,0,4,16005
act_fn,211,0,4,3344
down_proj,211,0,4,16578
final_layernorm,211,0,4,32274
lm_head,211,0,4,101032
embedding,212,0,4,8680
input_layernorm,212,0,4,31973
q_proj,212,0,4,7525
k_proj,212,0,4,6512
v_proj,212,0,4,6506
rope,212,0,4,23676
attn,212,0,4,7549
o_proj,212,0,4,6245
post_layernorm,212,0,4,31252
gate_proj,212,0,4,16532
up_proj,212,0,4,17664
act_fn,212,0,4,3370
down_proj,212,0,4,16157
final_layernorm,212,0,4,32356
lm_head,212,0,4,100900
embedding,213,0,4,8558
input_layernorm,213,0,4,31650
q_proj,213,0,4,7589
k_proj,213,0,4,6484
v_proj,213,0,4,6476
rope,213,0,4,23516
attn,213,0,4,7538
o_proj,213,0,4,6179
post_layernorm,213,0,4,31339
gate_proj,213,0,4,16272
up_proj,213,0,4,16796
act_fn,213,0,4,3368
down_proj,213,0,4,15636
final_layernorm,213,0,4,32145
lm_head,213,0,4,101241
embedding,214,0,4,8616
input_layernorm,214,0,4,31467
q_proj,214,0,4,7425
k_proj,214,0,4,6553
v_proj,214,0,4,6566
rope,214,0,4,23537
attn,214,0,4,7525
o_proj,214,0,4,5897
post_layernorm,214,0,4,31453
gate_proj,214,0,4,16028
up_proj,214,0,4,16072
act_fn,214,0,4,3372
down_proj,214,0,4,15520
final_layernorm,214,0,4,32406
lm_head,214,0,4,101203
embedding,215,0,4,8553
input_layernorm,215,0,4,31665
q_proj,215,0,4,7248
k_proj,215,0,4,6569
v_proj,215,0,4,6459
rope,215,0,4,23516
attn,215,0,4,7587
o_proj,215,0,4,5817
post_layernorm,215,0,4,31174
gate_proj,215,0,4,16280
up_proj,215,0,4,16368
act_fn,215,0,4,3377
down_proj,215,0,4,15786
final_layernorm,215,0,4,32269
lm_head,215,0,4,101276
embedding,216,0,4,8551
input_layernorm,216,0,4,31591
q_proj,216,0,4,6636
k_proj,216,0,4,6479
v_proj,216,0,4,6305
rope,216,0,4,23536
attn,216,0,4,7544
o_proj,216,0,4,5701
post_layernorm,216,0,4,31113
gate_proj,216,0,4,14581
up_proj,216,0,4,13150
act_fn,216,0,4,3372
down_proj,216,0,4,15158
final_layernorm,216,0,4,31905
lm_head,216,0,4,101213
embedding,217,0,4,8586
input_layernorm,217,0,4,31770
q_proj,217,0,4,7080
k_proj,217,0,4,6721
v_proj,217,0,4,6804
rope,217,0,4,23457
attn,217,0,4,7577
o_proj,217,0,4,5599
post_layernorm,217,0,4,31101
gate_proj,217,0,4,14505
up_proj,217,0,4,13226
act_fn,217,0,4,3360
down_proj,217,0,4,14817
final_layernorm,217,0,4,32249
lm_head,217,0,4,101606
embedding,218,0,4,8779
input_layernorm,218,0,4,31774
q_proj,218,0,4,7129
k_proj,218,0,4,6705
v_proj,218,0,4,6795
rope,218,0,4,23462
attn,218,0,4,7555
o_proj,218,0,4,5731
post_layernorm,218,0,4,31137
gate_proj,218,0,4,14493
up_proj,218,0,4,13166
act_fn,218,0,4,3360
down_proj,218,0,4,14594
final_layernorm,218,0,4,32225
lm_head,218,0,4,101711
embedding,219,0,4,8825
input_layernorm,219,0,4,31971
q_proj,219,0,4,7193
k_proj,219,0,4,6744
v_proj,219,0,4,6841
rope,219,0,4,23502
attn,219,0,4,7614
o_proj,219,0,4,5763
post_layernorm,219,0,4,31430
gate_proj,219,0,4,14459
up_proj,219,0,4,13206
act_fn,219,0,4,3396
down_proj,219,0,4,14892
final_layernorm,219,0,4,32534
lm_head,219,0,4,101710
embedding,220,0,4,8739
input_layernorm,220,0,4,32038
q_proj,220,0,4,6994
k_proj,220,0,4,6807
v_proj,220,0,4,6838
rope,220,0,4,23640
attn,220,0,4,7636
o_proj,220,0,4,5660
post_layernorm,220,0,4,31281
gate_proj,220,0,4,14433
up_proj,220,0,4,13152
act_fn,220,0,4,3403
down_proj,220,0,4,14757
final_layernorm,220,0,4,32385
lm_head,220,0,4,101054
embedding,221,0,4,8798
input_layernorm,221,0,4,32083
q_proj,221,0,4,6964
k_proj,221,0,4,6788
v_proj,221,0,4,6902
rope,221,0,4,23583
attn,221,0,4,7624
o_proj,221,0,4,5747
post_layernorm,221,0,4,31286
gate_proj,221,0,4,14429
up_proj,221,0,4,13211
act_fn,221,0,4,3406
down_proj,221,0,4,14588
final_layernorm,221,0,4,32472
lm_head,221,0,4,100928
embedding,222,0,4,8802
input_layernorm,222,0,4,32146
q_proj,222,0,4,6958
k_proj,222,0,4,6796
v_proj,222,0,4,6846
rope,222,0,4,23665
attn,222,0,4,7617
o_proj,222,0,4,5705
post_layernorm,222,0,4,31436
gate_proj,222,0,4,14428
up_proj,222,0,4,13306
act_fn,222,0,4,3403
down_proj,222,0,4,14763
final_layernorm,222,0,4,32599
lm_head,222,0,4,101167
embedding,223,0,4,8975
input_layernorm,223,0,4,31955
q_proj,223,0,4,6988
k_proj,223,0,4,6810
v_proj,223,0,4,6862
rope,223,0,4,23571
attn,223,0,4,7650
o_proj,223,0,4,5495
post_layernorm,223,0,4,31283
gate_proj,223,0,4,14354
up_proj,223,0,4,13165
act_fn,223,0,4,3419
down_proj,223,0,4,14651
final_layernorm,223,0,4,32429
lm_head,223,0,4,101166
embedding,224,0,4,9017
input_layernorm,224,0,4,31833
q_proj,224,0,4,8866
k_proj,224,0,4,7039
v_proj,224,0,4,6702
rope,224,0,4,23750
attn,224,0,4,7634
o_proj,224,0,4,5466
post_layernorm,224,0,4,31207
gate_proj,224,0,4,14362
up_proj,224,0,4,13210
act_fn,224,0,4,3420
down_proj,224,0,4,18893
final_layernorm,224,0,4,32166
lm_head,224,0,4,101157
embedding,225,0,4,8954
input_layernorm,225,0,4,31982
q_proj,225,0,4,8761
k_proj,225,0,4,6503
v_proj,225,0,4,6451
rope,225,0,4,23587
attn,225,0,4,7660
o_proj,225,0,4,6328
post_layernorm,225,0,4,31218
gate_proj,225,0,4,15391
up_proj,225,0,4,14922
act_fn,225,0,4,3435
down_proj,225,0,4,16468
final_layernorm,225,0,4,32435
lm_head,225,0,4,101879
embedding,226,0,4,9104
input_layernorm,226,0,4,31914
q_proj,226,0,4,8695
k_proj,226,0,4,6443
v_proj,226,0,4,6338
rope,226,0,4,23568
attn,226,0,4,7629
o_proj,226,0,4,5968
post_layernorm,226,0,4,31234
gate_proj,226,0,4,15302
up_proj,226,0,4,14919
act_fn,226,0,4,3404
down_proj,226,0,4,16387
final_layernorm,226,0,4,32457
lm_head,226,0,4,101703
embedding,227,0,4,8929
input_layernorm,227,0,4,32194
q_proj,227,0,4,8718
k_proj,227,0,4,6458
v_proj,227,0,4,6399
rope,227,0,4,23571
attn,227,0,4,7653
o_proj,227,0,4,6262
post_layernorm,227,0,4,31750
gate_proj,227,0,4,15280
up_proj,227,0,4,15184
act_fn,227,0,4,3411
down_proj,227,0,4,16593
final_layernorm,227,0,4,32654
lm_head,227,0,4,101859
embedding,228,0,4,8983
input_layernorm,228,0,4,32221
q_proj,228,0,4,8381
k_proj,228,0,4,6474
v_proj,228,0,4,6348
rope,228,0,4,23695
attn,228,0,4,7644
o_proj,228,0,4,6298
post_layernorm,228,0,4,31736
gate_proj,228,0,4,15033
up_proj,228,0,4,15092
act_fn,228,0,4,3559
down_proj,228,0,4,16189
final_layernorm,228,0,4,32627
lm_head,228,0,4,101936
embedding,229,0,4,9018
input_layernorm,229,0,4,32212
q_proj,229,0,4,8525
k_proj,229,0,4,6478
v_proj,229,0,4,6385
rope,229,0,4,23576
attn,229,0,4,7721
o_proj,229,0,4,6289
post_layernorm,229,0,4,31863
gate_proj,229,0,4,14922
up_proj,229,0,4,14655
act_fn,229,0,4,3442
down_proj,229,0,4,16637
final_layernorm,229,0,4,32641
lm_head,229,0,4,101699
embedding,230,0,4,9039
input_layernorm,230,0,4,32161
q_proj,230,0,4,8453
k_proj,230,0,4,6435
v_proj,230,0,4,6399
rope,230,0,4,23655
attn,230,0,4,7677
o_proj,230,0,4,6310
post_layernorm,230,0,4,31756
gate_proj,230,0,4,14824
up_proj,230,0,4,14552
act_fn,230,0,4,3450
down_proj,230,0,4,16182
final_layernorm,230,0,4,32699
lm_head,230,0,4,101771
embedding,231,0,4,9167
input_layernorm,231,0,4,32142
q_proj,231,0,4,8654
k_proj,231,0,4,6542
v_proj,231,0,4,6487
rope,231,0,4,23649
attn,231,0,4,7706
o_proj,231,0,4,6044
post_layernorm,231,0,4,31732
gate_proj,231,0,4,14825
up_proj,231,0,4,14299
act_fn,231,0,4,3508
down_proj,231,0,4,16410
final_layernorm,231,0,4,32602
lm_head,231,0,4,102014
embedding,232,0,4,9202
input_layernorm,232,0,4,31875
q_proj,232,0,4,6990
k_proj,232,0,4,6499
v_proj,232,0,4,6338
rope,232,0,4,23691
attn,232,0,4,7674
o_proj,232,0,4,5775
post_layernorm,232,0,4,31326
gate_proj,232,0,4,14577
up_proj,232,0,4,14151
act_fn,232,0,4,3489
down_proj,232,0,4,16007
final_layernorm,232,0,4,32193
lm_head,232,0,4,101764
embedding,233,0,4,9289
input_layernorm,233,0,4,32004
q_proj,233,0,4,8121
k_proj,233,0,4,6533
v_proj,233,0,4,6396
rope,233,0,4,23647
attn,233,0,4,7687
o_proj,233,0,4,6012
post_layernorm,233,0,4,31667
gate_proj,233,0,4,14470
up_proj,233,0,4,14284
act_fn,233,0,4,3524
down_proj,233,0,4,15802
final_layernorm,233,0,4,32893
lm_head,233,0,4,102398
embedding,234,0,4,9181
input_layernorm,234,0,4,32378
q_proj,234,0,4,8142
k_proj,234,0,4,6448
v_proj,234,0,4,6482
rope,234,0,4,23777
attn,234,0,4,7742
o_proj,234,0,4,6002
post_layernorm,234,0,4,31741
gate_proj,234,0,4,14767
up_proj,234,0,4,14296
act_fn,234,0,4,3531
down_proj,234,0,4,15441
final_layernorm,234,0,4,32855
lm_head,234,0,4,102507
embedding,235,0,4,9372
input_layernorm,235,0,4,31996
q_proj,235,0,4,8235
k_proj,235,0,4,6475
v_proj,235,0,4,6371
rope,235,0,4,23586
attn,235,0,4,7692
o_proj,235,0,4,6001
post_layernorm,235,0,4,31789
gate_proj,235,0,4,14517
up_proj,235,0,4,14230
act_fn,235,0,4,3503
down_proj,235,0,4,15885
final_layernorm,235,0,4,32848
lm_head,235,0,4,102366
embedding,236,0,4,9199
input_layernorm,236,0,4,32315
q_proj,236,0,4,7983
k_proj,236,0,4,6571
v_proj,236,0,4,6455
rope,236,0,4,23838
attn,236,0,4,7713
o_proj,236,0,4,5964
post_layernorm,236,0,4,31614
gate_proj,236,0,4,14564
up_proj,236,0,4,14046
act_fn,236,0,4,3539
down_proj,236,0,4,15742
final_layernorm,236,0,4,32780
lm_head,236,0,4,102574
embedding,237,0,4,9209
input_layernorm,237,0,4,32622
q_proj,237,0,4,7970
k_proj,237,0,4,6516
v_proj,237,0,4,6357
rope,237,0,4,23679
attn,237,0,4,7697
o_proj,237,0,4,5970
post_layernorm,237,0,4,32066
gate_proj,237,0,4,14327
up_proj,237,0,4,14011
act_fn,237,0,4,3544
down_proj,237,0,4,15130
final_layernorm,237,0,4,32873
lm_head,237,0,4,102365
embedding,238,0,4,9305
input_layernorm,238,0,4,32191
q_proj,238,0,4,7747
k_proj,238,0,4,6568
v_proj,238,0,4,6408
rope,238,0,4,23721
attn,238,0,4,7711
o_proj,238,0,4,5997
post_layernorm,238,0,4,31671
gate_proj,238,0,4,14299
up_proj,238,0,4,14162
act_fn,238,0,4,3549
down_proj,238,0,4,15610
final_layernorm,238,0,4,32796
lm_head,238,0,4,102559
embedding,239,0,4,9329
input_layernorm,239,0,4,32330
q_proj,239,0,4,7996
k_proj,239,0,4,6471
v_proj,239,0,4,6393
rope,239,0,4,23691
attn,239,0,4,7769
o_proj,239,0,4,5801
post_layernorm,239,0,4,31885
gate_proj,239,0,4,14350
up_proj,239,0,4,13935
act_fn,239,0,4,3550
down_proj,239,0,4,15175
final_layernorm,239,0,4,32923
lm_head,239,0,4,102691
embedding,240,0,4,9281
input_layernorm,240,0,4,32348
q_proj,240,0,4,7015
k_proj,240,0,4,7180
v_proj,240,0,4,6857
rope,240,0,4,23805
attn,240,0,4,7758
o_proj,240,0,4,5792
post_layernorm,240,0,4,31792
gate_proj,240,0,4,14200
up_proj,240,0,4,13372
act_fn,240,0,4,3558
down_proj,240,0,4,17499
final_layernorm,240,0,4,32688
lm_head,240,0,4,102646
embedding,241,0,4,9257
input_layernorm,241,0,4,32513
q_proj,241,0,4,7567
k_proj,241,0,4,6624
v_proj,241,0,4,6421
rope,241,0,4,23700
attn,241,0,4,7778
o_proj,241,0,4,6381
post_layernorm,241,0,4,31871
gate_proj,241,0,4,14231
up_proj,241,0,4,13406
act_fn,241,0,4,3571
down_proj,241,0,4,17140
final_layernorm,241,0,4,32949
lm_head,241,0,4,103309
embedding,242,0,4,9258
input_layernorm,242,0,4,32451
q_proj,242,0,4,7569
k_proj,242,0,4,6481
v_proj,242,0,4,6287
rope,242,0,4,23764
attn,242,0,4,7741
o_proj,242,0,4,6273
post_layernorm,242,0,4,31917
gate_proj,242,0,4,14254
up_proj,242,0,4,13351
act_fn,242,0,4,3560
down_proj,242,0,4,16613
final_layernorm,242,0,4,32929
lm_head,242,0,4,103111
embedding,243,0,4,9395
input_layernorm,243,0,4,32511
q_proj,243,0,4,7611
k_proj,243,0,4,6482
v_proj,243,0,4,6261
rope,243,0,4,23719
attn,243,0,4,7747
o_proj,243,0,4,6399
post_layernorm,243,0,4,31956
gate_proj,243,0,4,14230
up_proj,243,0,4,13558
act_fn,243,0,4,3581
down_proj,243,0,4,17526
final_layernorm,243,0,4,32980
lm_head,243,0,4,103344
embedding,244,0,4,9278
input_layernorm,244,0,4,32815
q_proj,244,0,4,7417
k_proj,244,0,4,6332
v_proj,244,0,4,6102
rope,244,0,4,23877
attn,244,0,4,7752
o_proj,244,0,4,6161
post_layernorm,244,0,4,32139
gate_proj,244,0,4,14188
up_proj,244,0,4,13419
act_fn,244,0,4,3591
down_proj,244,0,4,16928
final_layernorm,244,0,4,33186
lm_head,244,0,4,103198
embedding,245,0,4,9271
input_layernorm,245,0,4,32802
q_proj,245,0,4,7438
k_proj,245,0,4,6561
v_proj,245,0,4,6308
rope,245,0,4,23725
attn,245,0,4,7761
o_proj,245,0,4,6282
post_layernorm,245,0,4,32135
gate_proj,245,0,4,14228
up_proj,245,0,4,13432
act_fn,245,0,4,3567
down_proj,245,0,4,16597
final_layernorm,245,0,4,33141
lm_head,245,0,4,103265
embedding,246,0,4,9337
input_layernorm,246,0,4,32837
q_proj,246,0,4,7407
k_proj,246,0,4,6242
v_proj,246,0,4,6100
rope,246,0,4,23776
attn,246,0,4,7789
o_proj,246,0,4,6389
post_layernorm,246,0,4,32124
gate_proj,246,0,4,14241
up_proj,246,0,4,13317
act_fn,246,0,4,3626
down_proj,246,0,4,16487
final_layernorm,246,0,4,33223
lm_head,246,0,4,103655
embedding,247,0,4,9369
input_layernorm,247,0,4,32838
q_proj,247,0,4,7342
k_proj,247,0,4,6224
v_proj,247,0,4,6077
rope,247,0,4,23738
attn,247,0,4,7785
o_proj,247,0,4,6221
post_layernorm,247,0,4,32136
gate_proj,247,0,4,14195
up_proj,247,0,4,13286
act_fn,247,0,4,3711
down_proj,247,0,4,16956
final_layernorm,247,0,4,33209
lm_head,247,0,4,103470
embedding,248,0,4,9424
input_layernorm,248,0,4,32587
q_proj,248,0,4,7155
k_proj,248,0,4,6876
v_proj,248,0,4,6855
rope,248,0,4,23983
attn,248,0,4,7830
o_proj,248,0,4,6102
post_layernorm,248,0,4,32048
gate_proj,248,0,4,14199
up_proj,248,0,4,13232
act_fn,248,0,4,3606
down_proj,248,0,4,15932
final_layernorm,248,0,4,32783
lm_head,248,0,4,103765
embedding,249,0,4,9320
input_layernorm,249,0,4,32728
q_proj,249,0,4,7213
k_proj,249,0,4,6150
v_proj,249,0,4,6062
rope,249,0,4,23857
attn,249,0,4,7805
o_proj,249,0,4,5993
post_layernorm,249,0,4,32012
gate_proj,249,0,4,14250
up_proj,249,0,4,13267
act_fn,249,0,4,3614
down_proj,249,0,4,15958
final_layernorm,249,0,4,33070
lm_head,249,0,4,104518
embedding,250,0,4,9414
input_layernorm,250,0,4,32734
q_proj,250,0,4,7332
k_proj,250,0,4,6176
v_proj,250,0,4,6038
rope,250,0,4,23832
attn,250,0,4,7771
o_proj,250,0,4,5985
post_layernorm,250,0,4,32158
gate_proj,250,0,4,14213
up_proj,250,0,4,13290
act_fn,250,0,4,3637
down_proj,250,0,4,15684
final_layernorm,250,0,4,33102
lm_head,250,0,4,104516
embedding,251,0,4,9690
input_layernorm,251,0,4,32865
q_proj,251,0,4,7139
k_proj,251,0,4,6153
v_proj,251,0,4,6056
rope,251,0,4,23780
attn,251,0,4,7741
o_proj,251,0,4,6092
post_layernorm,251,0,4,32412
gate_proj,251,0,4,14275
up_proj,251,0,4,13318
act_fn,251,0,4,3668
down_proj,251,0,4,15915
final_layernorm,251,0,4,33186
lm_head,251,0,4,104601
embedding,252,0,4,9582
input_layernorm,252,0,4,32942
q_proj,252,0,4,7235
k_proj,252,0,4,6130
v_proj,252,0,4,6019
rope,252,0,4,23934
attn,252,0,4,7728
o_proj,252,0,4,5972
post_layernorm,252,0,4,32624
gate_proj,252,0,4,14189
up_proj,252,0,4,13233
act_fn,252,0,4,3636
down_proj,252,0,4,15698
final_layernorm,252,0,4,33283
lm_head,252,0,4,104455
embedding,253,0,4,9620
input_layernorm,253,0,4,33025
q_proj,253,0,4,7193
k_proj,253,0,4,6133
v_proj,253,0,4,6043
rope,253,0,4,23846
attn,253,0,4,7766
o_proj,253,0,4,6056
post_layernorm,253,0,4,32659
gate_proj,253,0,4,14252
up_proj,253,0,4,13278
act_fn,253,0,4,3663
down_proj,253,0,4,15863
final_layernorm,253,0,4,33378
lm_head,253,0,4,104829
embedding,254,0,4,9771
input_layernorm,254,0,4,33048
q_proj,254,0,4,7275
k_proj,254,0,4,6172
v_proj,254,0,4,6095
rope,254,0,4,23934
attn,254,0,4,7808
o_proj,254,0,4,5949
post_layernorm,254,0,4,32766
gate_proj,254,0,4,14212
up_proj,254,0,4,13349
act_fn,254,0,4,3667
down_proj,254,0,4,15796
final_layernorm,254,0,4,33474
lm_head,254,0,4,104965
embedding,255,0,4,9756
input_layernorm,255,0,4,33071
q_proj,255,0,4,7246
k_proj,255,0,4,6107
v_proj,255,0,4,6008
rope,255,0,4,23757
attn,255,0,4,7750
o_proj,255,0,4,6016
post_layernorm,255,0,4,32664
gate_proj,255,0,4,14273
up_proj,255,0,4,13314
act_fn,255,0,4,3655
down_proj,255,0,4,15655
final_layernorm,255,0,4,33338
lm_head,255,0,4,104580
embedding,256,0,4,9684
input_layernorm,256,0,4,32800
q_proj,256,0,4,7253
k_proj,256,0,4,6875
v_proj,256,0,4,6786
rope,256,0,4,23953
attn,256,0,4,6625
o_proj,256,0,4,5762
post_layernorm,256,0,4,32203
gate_proj,256,0,4,14267
up_proj,256,0,4,13329
act_fn,256,0,4,3679
down_proj,256,0,4,15711
final_layernorm,256,0,4,32891
lm_head,256,0,4,104801
embedding,257,0,4,9898
input_layernorm,257,0,4,32750
q_proj,257,0,4,7213
k_proj,257,0,4,6564
v_proj,257,0,4,6465
rope,257,0,4,23650
attn,257,0,4,8174
o_proj,257,0,4,6482
post_layernorm,257,0,4,32253
gate_proj,257,0,4,16839
up_proj,257,0,4,16512
act_fn,257,0,4,3701
down_proj,257,0,4,18290
final_layernorm,257,0,4,33332
lm_head,257,0,4,107109
embedding,258,0,4,9963
input_layernorm,258,0,4,32895
q_proj,258,0,4,7195
k_proj,258,0,4,6626
v_proj,258,0,4,6480
rope,258,0,4,23834
attn,258,0,4,8273
o_proj,258,0,4,6612
post_layernorm,258,0,4,32419
gate_proj,258,0,4,16602
up_proj,258,0,4,16848
act_fn,258,0,4,3705
down_proj,258,0,4,17281
final_layernorm,258,0,4,33657
lm_head,258,0,4,107296
embedding,259,0,4,9944
input_layernorm,259,0,4,33353
q_proj,259,0,4,7198
k_proj,259,0,4,6645
v_proj,259,0,4,6520
rope,259,0,4,23770
attn,259,0,4,8320
o_proj,259,0,4,6540
post_layernorm,259,0,4,32715
gate_proj,259,0,4,16792
up_proj,259,0,4,17131
act_fn,259,0,4,3706
down_proj,259,0,4,17991
final_layernorm,259,0,4,33573
lm_head,259,0,4,107434
embedding,260,0,4,10067
input_layernorm,260,0,4,32975
q_proj,260,0,4,7248
k_proj,260,0,4,6584
v_proj,260,0,4,6477
rope,260,0,4,23918
attn,260,0,4,8289
o_proj,260,0,4,6613
post_layernorm,260,0,4,32798
gate_proj,260,0,4,16412
up_proj,260,0,4,16106
act_fn,260,0,4,3707
down_proj,260,0,4,17494
final_layernorm,260,0,4,33393
lm_head,260,0,4,107102
embedding,261,0,4,9918
input_layernorm,261,0,4,33125
q_proj,261,0,4,7331
k_proj,261,0,4,6669
v_proj,261,0,4,6578
rope,261,0,4,23793
attn,261,0,4,8343
o_proj,261,0,4,6653
post_layernorm,261,0,4,33053
gate_proj,261,0,4,16751
up_proj,261,0,4,16701
act_fn,261,0,4,3729
down_proj,261,0,4,16951
final_layernorm,261,0,4,33699
lm_head,261,0,4,107624
embedding,262,0,4,9966
input_layernorm,262,0,4,32994
q_proj,262,0,4,7204
k_proj,262,0,4,6539
v_proj,262,0,4,6479
rope,262,0,4,23750
attn,262,0,4,8279
o_proj,262,0,4,6640
post_layernorm,262,0,4,33018
gate_proj,262,0,4,16755
up_proj,262,0,4,17656
act_fn,262,0,4,3705
down_proj,262,0,4,16576
final_layernorm,262,0,4,33593
lm_head,262,0,4,107171
embedding,263,0,4,9937
input_layernorm,263,0,4,33061
q_proj,263,0,4,7240
k_proj,263,0,4,6690
v_proj,263,0,4,6540
rope,263,0,4,23811
attn,263,0,4,8357
o_proj,263,0,4,6365
post_layernorm,263,0,4,32629
gate_proj,263,0,4,16635
up_proj,263,0,4,16937
act_fn,263,0,4,3726
down_proj,263,0,4,17037
final_layernorm,263,0,4,33427
lm_head,263,0,4,107621
embedding,264,0,4,9965
input_layernorm,264,0,4,33042
q_proj,264,0,4,7205
k_proj,264,0,4,6606
v_proj,264,0,4,6551
rope,264,0,4,23922
attn,264,0,4,8369
o_proj,264,0,4,6338
post_layernorm,264,0,4,32723
gate_proj,264,0,4,16538
up_proj,264,0,4,17165
act_fn,264,0,4,3716
down_proj,264,0,4,17038
final_layernorm,264,0,4,33308
lm_head,264,0,4,107436
embedding,265,0,4,9920
input_layernorm,265,0,4,33189
q_proj,265,0,4,8139
k_proj,265,0,4,6605
v_proj,265,0,4,6530
rope,265,0,4,23897
attn,265,0,4,8369
o_proj,265,0,4,6282
post_layernorm,265,0,4,32927
gate_proj,265,0,4,15459
up_proj,265,0,4,14206
act_fn,265,0,4,3719
down_proj,265,0,4,16602
final_layernorm,265,0,4,33644
lm_head,265,0,4,107498
embedding,266,0,4,10013
input_layernorm,266,0,4,33364
q_proj,266,0,4,8054
k_proj,266,0,4,6702
v_proj,266,0,4,6634
rope,266,0,4,24092
attn,266,0,4,8397
o_proj,266,0,4,6420
post_layernorm,266,0,4,33136
gate_proj,266,0,4,15513
up_proj,266,0,4,14291
act_fn,266,0,4,3772
down_proj,266,0,4,16401
final_layernorm,266,0,4,33904
lm_head,266,0,4,107532
embedding,267,0,4,10009
input_layernorm,267,0,4,33787
q_proj,267,0,4,8082
k_proj,267,0,4,6726
v_proj,267,0,4,6621
rope,267,0,4,23974
attn,267,0,4,8433
o_proj,267,0,4,6313
post_layernorm,267,0,4,33349
gate_proj,267,0,4,15405
up_proj,267,0,4,14258
act_fn,267,0,4,3715
down_proj,267,0,4,16513
final_layernorm,267,0,4,34262
lm_head,267,0,4,107523
embedding,268,0,4,10059
input_layernorm,268,0,4,33623
q_proj,268,0,4,7996
k_proj,268,0,4,6811
v_proj,268,0,4,6737
rope,268,0,4,24265
attn,268,0,4,8451
o_proj,268,0,4,6357
post_layernorm,268,0,4,33575
gate_proj,268,0,4,15595
up_proj,268,0,4,14329
act_fn,268,0,4,3756
down_proj,268,0,4,17047
final_layernorm,268,0,4,34284
lm_head,268,0,4,107795
embedding,269,0,4,9972
input_layernorm,269,0,4,33602
q_proj,269,0,4,7737
k_proj,269,0,4,6563
v_proj,269,0,4,6504
rope,269,0,4,23886
attn,269,0,4,8334
o_proj,269,0,4,6380
post_layernorm,269,0,4,33471
gate_proj,269,0,4,15540
up_proj,269,0,4,14243
act_fn,269,0,4,3768
down_proj,269,0,4,16205
final_layernorm,269,0,4,34129
lm_head,269,0,4,107524
embedding,270,0,4,9981
input_layernorm,270,0,4,33604
q_proj,270,0,4,7724
k_proj,270,0,4,6643
v_proj,270,0,4,6557
rope,270,0,4,24206
attn,270,0,4,8436
o_proj,270,0,4,6397
post_layernorm,270,0,4,33554
gate_proj,270,0,4,15515
up_proj,270,0,4,14347
act_fn,270,0,4,3754
down_proj,270,0,4,16315
final_layernorm,270,0,4,34073
lm_head,270,0,4,107798
embedding,271,0,4,9997
input_layernorm,271,0,4,33647
q_proj,271,0,4,8005
k_proj,271,0,4,6581
v_proj,271,0,4,6470
rope,271,0,4,24113
attn,271,0,4,8370
o_proj,271,0,4,6421
post_layernorm,271,0,4,33355
gate_proj,271,0,4,15501
up_proj,271,0,4,14358
act_fn,271,0,4,3751
down_proj,271,0,4,16180
final_layernorm,271,0,4,34138
lm_head,271,0,4,107667
embedding,272,0,4,10134
input_layernorm,272,0,4,33653
q_proj,272,0,4,7376
k_proj,272,0,4,6613
v_proj,272,0,4,6516
rope,272,0,4,24336
attn,272,0,4,8352
o_proj,272,0,4,6193
post_layernorm,272,0,4,33387
gate_proj,272,0,4,15521
up_proj,272,0,4,14313
act_fn,272,0,4,3790
down_proj,272,0,4,18545
final_layernorm,272,0,4,33870
lm_head,272,0,4,110117
embedding,273,0,4,10067
input_layernorm,273,0,4,33779
q_proj,273,0,4,7456
k_proj,273,0,4,6587
v_proj,273,0,4,6462
rope,273,0,4,24136
attn,273,0,4,8391
o_proj,273,0,4,6547
post_layernorm,273,0,4,33803
gate_proj,273,0,4,15632
up_proj,273,0,4,14528
act_fn,273,0,4,3765
down_proj,273,0,4,17343
final_layernorm,273,0,4,34130
lm_head,273,0,4,110081
embedding,274,0,4,10201
input_layernorm,274,0,4,33930
q_proj,274,0,4,7455
k_proj,274,0,4,6639
v_proj,274,0,4,6557
rope,274,0,4,24154
attn,274,0,4,8330
o_proj,274,0,4,6531
post_layernorm,274,0,4,34004
gate_proj,274,0,4,15501
up_proj,274,0,4,14516
act_fn,274,0,4,3824
down_proj,274,0,4,16928
final_layernorm,274,0,4,34489
lm_head,274,0,4,110139
embedding,275,0,4,10070
input_layernorm,275,0,4,33979
q_proj,275,0,4,7526
k_proj,275,0,4,6645
v_proj,275,0,4,6534
rope,275,0,4,24193
attn,275,0,4,8488
o_proj,275,0,4,6629
post_layernorm,275,0,4,33937
gate_proj,275,0,4,15581
up_proj,275,0,4,14644
act_fn,275,0,4,3816
down_proj,275,0,4,17225
final_layernorm,275,0,4,34470
lm_head,275,0,4,110426
embedding,276,0,4,10101
input_layernorm,276,0,4,33888
q_proj,276,0,4,7274
k_proj,276,0,4,6627
v_proj,276,0,4,6487
rope,276,0,4,24280
attn,276,0,4,8514
o_proj,276,0,4,6543
post_layernorm,276,0,4,33920
gate_proj,276,0,4,15507
up_proj,276,0,4,14518
act_fn,276,0,4,3797
down_proj,276,0,4,17276
final_layernorm,276,0,4,34404
lm_head,276,0,4,110174
embedding,277,0,4,10175
input_layernorm,277,0,4,33888
q_proj,277,0,4,7447
k_proj,277,0,4,6659
v_proj,277,0,4,6584
rope,277,0,4,24161
attn,277,0,4,8423
o_proj,277,0,4,6565
post_layernorm,277,0,4,33939
gate_proj,277,0,4,15601
up_proj,277,0,4,14639
act_fn,277,0,4,3832
down_proj,277,0,4,16964
final_layernorm,277,0,4,34466
lm_head,277,0,4,110483
embedding,278,0,4,10151
input_layernorm,278,0,4,33971
q_proj,278,0,4,7167
k_proj,278,0,4,6713
v_proj,278,0,4,6561
rope,278,0,4,24347
attn,278,0,4,8471
o_proj,278,0,4,6503
post_layernorm,278,0,4,33899
gate_proj,278,0,4,15572
up_proj,278,0,4,14617
act_fn,278,0,4,3842
down_proj,278,0,4,16730
final_layernorm,278,0,4,34513
lm_head,278,0,4,110615
embedding,279,0,4,10261
input_layernorm,279,0,4,34053
q_proj,279,0,4,6991
k_proj,279,0,4,6620
v_proj,279,0,4,6553
rope,279,0,4,24233
attn,279,0,4,8479
o_proj,279,0,4,6539
post_layernorm,279,0,4,33747
gate_proj,279,0,4,15688
up_proj,279,0,4,14591
act_fn,279,0,4,3840
down_proj,279,0,4,17133
final_layernorm,279,0,4,34475
lm_head,279,0,4,110613
embedding,280,0,4,10246
input_layernorm,280,0,4,34124
q_proj,280,0,4,6891
k_proj,280,0,4,6598
v_proj,280,0,4,6541
rope,280,0,4,24418
attn,280,0,4,8483
o_proj,280,0,4,6534
post_layernorm,280,0,4,33607
gate_proj,280,0,4,15502
up_proj,280,0,4,14551
act_fn,280,0,4,3851
down_proj,280,0,4,16778
final_layernorm,280,0,4,34360
lm_head,280,0,4,110478
embedding,281,0,4,10265
input_layernorm,281,0,4,34205
q_proj,281,0,4,6839
k_proj,281,0,4,6723
v_proj,281,0,4,6566
rope,281,0,4,24356
attn,281,0,4,8501
o_proj,281,0,4,6602
post_layernorm,281,0,4,33902
gate_proj,281,0,4,15484
up_proj,281,0,4,14683
act_fn,281,0,4,3847
down_proj,281,0,4,16922
final_layernorm,281,0,4,34757
lm_head,281,0,4,110915
embedding,282,0,4,10301
input_layernorm,282,0,4,34145
q_proj,282,0,4,6789
k_proj,282,0,4,6633
v_proj,282,0,4,6532
rope,282,0,4,24409
attn,282,0,4,8516
o_proj,282,0,4,6532
post_layernorm,282,0,4,33823
gate_proj,282,0,4,15422
up_proj,282,0,4,14606
act_fn,282,0,4,3865
down_proj,282,0,4,16865
final_layernorm,282,0,4,34607
lm_head,282,0,4,110619
embedding,283,0,4,10280
input_layernorm,283,0,4,34098
q_proj,283,0,4,6821
k_proj,283,0,4,6624
v_proj,283,0,4,6504
rope,283,0,4,24509
attn,283,0,4,8408
o_proj,283,0,4,6633
post_layernorm,283,0,4,34022
gate_proj,283,0,4,15449
up_proj,283,0,4,14553
act_fn,283,0,4,3869
down_proj,283,0,4,16889
final_layernorm,283,0,4,34738
lm_head,283,0,4,110605
embedding,284,0,4,10296
input_layernorm,284,0,4,34305
q_proj,284,0,4,6849
k_proj,284,0,4,6627
v_proj,284,0,4,6513
rope,284,0,4,24584
attn,284,0,4,8378
o_proj,284,0,4,6629
post_layernorm,284,0,4,33876
gate_proj,284,0,4,15444
up_proj,284,0,4,14593
act_fn,284,0,4,3841
down_proj,284,0,4,16969
final_layernorm,284,0,4,34538
lm_head,284,0,4,110616
embedding,285,0,4,10435
input_layernorm,285,0,4,34387
q_proj,285,0,4,6859
k_proj,285,0,4,6610
v_proj,285,0,4,6520
rope,285,0,4,24474
attn,285,0,4,8549
o_proj,285,0,4,6663
post_layernorm,285,0,4,34006
gate_proj,285,0,4,15491
up_proj,285,0,4,14613
act_fn,285,0,4,3860
down_proj,285,0,4,16960
final_layernorm,285,0,4,34698
lm_head,285,0,4,110636
embedding,286,0,4,10431
input_layernorm,286,0,4,34474
q_proj,286,0,4,6969
k_proj,286,0,4,6660
v_proj,286,0,4,6537
rope,286,0,4,24548
attn,286,0,4,8662
o_proj,286,0,4,6703
post_layernorm,286,0,4,34237
gate_proj,286,0,4,15495
up_proj,286,0,4,14617
act_fn,286,0,4,3857
down_proj,286,0,4,16679
final_layernorm,286,0,4,34842
lm_head,286,0,4,110881
embedding,287,0,4,10487
input_layernorm,287,0,4,34409
q_proj,287,0,4,6804
k_proj,287,0,4,6698
v_proj,287,0,4,6569
rope,287,0,4,24537
attn,287,0,4,8615
o_proj,287,0,4,6581
post_layernorm,287,0,4,33979
gate_proj,287,0,4,15491
up_proj,287,0,4,14658
act_fn,287,0,4,3864
down_proj,287,0,4,16895
final_layernorm,287,0,4,34764
lm_head,287,0,4,110998
embedding,288,0,4,10593
input_layernorm,288,0,4,34165
q_proj,288,0,4,7705
k_proj,288,0,4,6632
v_proj,288,0,4,6508
rope,288,0,4,24541
attn,288,0,4,8413
o_proj,288,0,4,6379
post_layernorm,288,0,4,33497
gate_proj,288,0,4,15506
up_proj,288,0,4,14601
act_fn,288,0,4,3884
down_proj,288,0,4,19697
final_layernorm,288,0,4,34361
lm_head,288,0,4,120835
embedding,289,0,4,10533
input_layernorm,289,0,4,34583
q_proj,289,0,4,8672
k_proj,289,0,4,6489
v_proj,289,0,4,6412
rope,289,0,4,24493
attn,289,0,4,8501
o_proj,289,0,4,6972
post_layernorm,289,0,4,33862
gate_proj,289,0,4,15618
up_proj,289,0,4,14959
act_fn,289,0,4,3903
down_proj,289,0,4,18798
final_layernorm,289,0,4,34927
lm_head,289,0,4,113937
embedding,290,0,4,10617
input_layernorm,290,0,4,34544
q_proj,290,0,4,8720
k_proj,290,0,4,6429
v_proj,290,0,4,6381
rope,290,0,4,24468
attn,290,0,4,8466
o_proj,290,0,4,6864
post_layernorm,290,0,4,34072
gate_proj,290,0,4,15557
up_proj,290,0,4,14996
act_fn,290,0,4,3904
down_proj,290,0,4,18385
final_layernorm,290,0,4,34761
lm_head,290,0,4,113781
embedding,291,0,4,10741
input_layernorm,291,0,4,34644
q_proj,291,0,4,8729
k_proj,291,0,4,6655
v_proj,291,0,4,6405
rope,291,0,4,24677
attn,291,0,4,8544
o_proj,291,0,4,6769
post_layernorm,291,0,4,34211
gate_proj,291,0,4,15666
up_proj,291,0,4,15118
act_fn,291,0,4,3934
down_proj,291,0,4,18091
final_layernorm,291,0,4,34963
lm_head,291,0,4,114424
embedding,292,0,4,10664
input_layernorm,292,0,4,34504
q_proj,292,0,4,8453
k_proj,292,0,4,6533
v_proj,292,0,4,6422
rope,292,0,4,24771
attn,292,0,4,8549
o_proj,292,0,4,6993
post_layernorm,292,0,4,33797
gate_proj,292,0,4,15683
up_proj,292,0,4,15028
act_fn,292,0,4,3957
down_proj,292,0,4,18777
final_layernorm,292,0,4,34837
lm_head,292,0,4,114089
embedding,293,0,4,10711
input_layernorm,293,0,4,34630
q_proj,293,0,4,8520
k_proj,293,0,4,6410
v_proj,293,0,4,6346
rope,293,0,4,24525
attn,293,0,4,8539
o_proj,293,0,4,6857
post_layernorm,293,0,4,33725
gate_proj,293,0,4,15623
up_proj,293,0,4,14941
act_fn,293,0,4,3952
down_proj,293,0,4,18870
final_layernorm,293,0,4,34772
lm_head,293,0,4,114042
embedding,294,0,4,10790
input_layernorm,294,0,4,34550
q_proj,294,0,4,8525
k_proj,294,0,4,6468
v_proj,294,0,4,6442
rope,294,0,4,24652
attn,294,0,4,8528
o_proj,294,0,4,7035
post_layernorm,294,0,4,33991
gate_proj,294,0,4,15592
up_proj,294,0,4,15102
act_fn,294,0,4,3933
down_proj,294,0,4,18559
final_layernorm,294,0,4,34892
lm_head,294,0,4,114511
embedding,295,0,4,10874
input_layernorm,295,0,4,34717
q_proj,295,0,4,8585
k_proj,295,0,4,6436
v_proj,295,0,4,6401
rope,295,0,4,24573
attn,295,0,4,8516
o_proj,295,0,4,6823
post_layernorm,295,0,4,34156
gate_proj,295,0,4,15714
up_proj,295,0,4,15005
act_fn,295,0,4,3951
down_proj,295,0,4,17303
final_layernorm,295,0,4,34939
lm_head,295,0,4,114392
embedding,296,0,4,10989
input_layernorm,296,0,4,34542
q_proj,296,0,4,8431
k_proj,296,0,4,6445
v_proj,296,0,4,6424
rope,296,0,4,24834
attn,296,0,4,8514
o_proj,296,0,4,6570
post_layernorm,296,0,4,33977
gate_proj,296,0,4,15708
up_proj,296,0,4,14963
act_fn,296,0,4,3964
down_proj,296,0,4,19190
final_layernorm,296,0,4,34804
lm_head,296,0,4,114405
embedding,297,0,4,10984
input_layernorm,297,0,4,34632
q_proj,297,0,4,8448
k_proj,297,0,4,6439
v_proj,297,0,4,6379
rope,297,0,4,24553
attn,297,0,4,8509
o_proj,297,0,4,6753
post_layernorm,297,0,4,34059
gate_proj,297,0,4,15652
up_proj,297,0,4,15049
act_fn,297,0,4,3936
down_proj,297,0,4,17681
final_layernorm,297,0,4,34836
lm_head,297,0,4,114349
embedding,298,0,4,10846
input_layernorm,298,0,4,34698
q_proj,298,0,4,8427
k_proj,298,0,4,6465
v_proj,298,0,4,6399
rope,298,0,4,24771
attn,298,0,4,8514
o_proj,298,0,4,6692
post_layernorm,298,0,4,34062
gate_proj,298,0,4,15770
up_proj,298,0,4,15070
act_fn,298,0,4,3974
down_proj,298,0,4,17349
final_layernorm,298,0,4,35043
lm_head,298,0,4,114520
embedding,299,0,4,10863
input_layernorm,299,0,4,34587
q_proj,299,0,4,8440
k_proj,299,0,4,6502
v_proj,299,0,4,6391
rope,299,0,4,24558
attn,299,0,4,8520
o_proj,299,0,4,6733
post_layernorm,299,0,4,33825
gate_proj,299,0,4,15595
up_proj,299,0,4,14980
act_fn,299,0,4,3962
down_proj,299,0,4,17908
final_layernorm,299,0,4,34838
lm_head,299,0,4,114255
embedding,300,0,4,10892
input_layernorm,300,0,4,35133
q_proj,300,0,4,8294
k_proj,300,0,4,6486
v_proj,300,0,4,6373
rope,300,0,4,24902
attn,300,0,4,8693
o_proj,300,0,4,6560
post_layernorm,300,0,4,34135
gate_proj,300,0,4,15752
up_proj,300,0,4,15026
act_fn,300,0,4,3995
down_proj,300,0,4,17368
final_layernorm,300,0,4,35124
lm_head,300,0,4,114489
embedding,301,0,4,10927
input_layernorm,301,0,4,34889
q_proj,301,0,4,8228
k_proj,301,0,4,6481
v_proj,301,0,4,6425
rope,301,0,4,24674
attn,301,0,4,8552
o_proj,301,0,4,6677
post_layernorm,301,0,4,34218
gate_proj,301,0,4,15722
up_proj,301,0,4,15131
act_fn,301,0,4,3973
down_proj,301,0,4,17351
final_layernorm,301,0,4,35077
lm_head,301,0,4,114536
embedding,302,0,4,11034
input_layernorm,302,0,4,34854
q_proj,302,0,4,8192
k_proj,302,0,4,6499
v_proj,302,0,4,6442
rope,302,0,4,24891
attn,302,0,4,8636
o_proj,302,0,4,6810
post_layernorm,302,0,4,34285
gate_proj,302,0,4,15732
up_proj,302,0,4,15117
act_fn,302,0,4,4302
down_proj,302,0,4,17425
final_layernorm,302,0,4,35161
lm_head,302,0,4,114916
embedding,303,0,4,10971
input_layernorm,303,0,4,35070
q_proj,303,0,4,8242
k_proj,303,0,4,6480
v_proj,303,0,4,6429
rope,303,0,4,24748
attn,303,0,4,8615
o_proj,303,0,4,6619
post_layernorm,303,0,4,34496
gate_proj,303,0,4,15713
up_proj,303,0,4,15062
act_fn,303,0,4,4316
down_proj,303,0,4,17462
final_layernorm,303,0,4,35290
lm_head,303,0,4,114810
embedding,304,0,4,10899
input_layernorm,304,0,4,34761
q_proj,304,0,4,7847
k_proj,304,0,4,6466
v_proj,304,0,4,6404
rope,304,0,4,24871
attn,304,0,4,8566
o_proj,304,0,4,6555
post_layernorm,304,0,4,34123
gate_proj,304,0,4,15661
up_proj,304,0,4,15109
act_fn,304,0,4,4318
down_proj,304,0,4,17906
final_layernorm,304,0,4,34869
lm_head,304,0,4,117897
embedding,305,0,4,10873
input_layernorm,305,0,4,34979
q_proj,305,0,4,7893
k_proj,305,0,4,6471
v_proj,305,0,4,6381
rope,305,0,4,24811
attn,305,0,4,8611
o_proj,305,0,4,6799
post_layernorm,305,0,4,34837
gate_proj,305,0,4,17612
up_proj,305,0,4,16367
act_fn,305,0,4,4332
down_proj,305,0,4,18085
final_layernorm,305,0,4,35327
lm_head,305,0,4,117996
embedding,306,0,4,10997
input_layernorm,306,0,4,34970
q_proj,306,0,4,7784
k_proj,306,0,4,6454
v_proj,306,0,4,6407
rope,306,0,4,24836
attn,306,0,4,8635
o_proj,306,0,4,6737
post_layernorm,306,0,4,34677
gate_proj,306,0,4,17573
up_proj,306,0,4,16603
act_fn,306,0,4,4303
down_proj,306,0,4,17606
final_layernorm,306,0,4,35375
lm_head,306,0,4,118123
embedding,307,0,4,10928
input_layernorm,307,0,4,34998
q_proj,307,0,4,7937
k_proj,307,0,4,6523
v_proj,307,0,4,6423
rope,307,0,4,24841
attn,307,0,4,8661
o_proj,307,0,4,6751
post_layernorm,307,0,4,34800
gate_proj,307,0,4,17569
up_proj,307,0,4,16523
act_fn,307,0,4,4295
down_proj,307,0,4,17867
final_layernorm,307,0,4,35299
lm_head,307,0,4,118216
embedding,308,0,4,11028
input_layernorm,308,0,4,35189
q_proj,308,0,4,7611
k_proj,308,0,4,6572
v_proj,308,0,4,6414
rope,308,0,4,24994
attn,308,0,4,8607
o_proj,308,0,4,6583
post_layernorm,308,0,4,34896
gate_proj,308,0,4,17467
up_proj,308,0,4,16716
act_fn,308,0,4,4303
down_proj,308,0,4,18066
final_layernorm,308,0,4,35430
lm_head,308,0,4,117779
embedding,309,0,4,11013
input_layernorm,309,0,4,35360
q_proj,309,0,4,7735
k_proj,309,0,4,6551
v_proj,309,0,4,6405
rope,309,0,4,24801
attn,309,0,4,8660
o_proj,309,0,4,6592
post_layernorm,309,0,4,34976
gate_proj,309,0,4,17540
up_proj,309,0,4,16527
act_fn,309,0,4,4304
down_proj,309,0,4,17859
final_layernorm,309,0,4,35462
lm_head,309,0,4,117705
embedding,310,0,4,10999
input_layernorm,310,0,4,35278
q_proj,310,0,4,7550
k_proj,310,0,4,6577
v_proj,310,0,4,6441
rope,310,0,4,24926
attn,310,0,4,8644
o_proj,310,0,4,6595
post_layernorm,310,0,4,35161
gate_proj,310,0,4,17708
up_proj,310,0,4,16548
act_fn,310,0,4,4297
down_proj,310,0,4,17825
final_layernorm,310,0,4,35391
lm_head,310,0,4,118085
embedding,311,0,4,10976
input_layernorm,311,0,4,35448
q_proj,311,0,4,7637
k_proj,311,0,4,6536
v_proj,311,0,4,6407
rope,311,0,4,24862
attn,311,0,4,8728
o_proj,311,0,4,6558
post_layernorm,311,0,4,35138
gate_proj,311,0,4,17598
up_proj,311,0,4,16427
act_fn,311,0,4,4357
down_proj,311,0,4,17990
final_layernorm,311,0,4,35547
lm_head,311,0,4,117839
embedding,312,0,4,11018
input_layernorm,312,0,4,35101
q_proj,312,0,4,7373
k_proj,312,0,4,6564
v_proj,312,0,4,6435
rope,312,0,4,25023
attn,312,0,4,8703
o_proj,312,0,4,6534
post_layernorm,312,0,4,34698
gate_proj,312,0,4,17546
up_proj,312,0,4,16385
act_fn,312,0,4,4379
down_proj,312,0,4,17322
final_layernorm,312,0,4,35086
lm_head,312,0,4,118231
embedding,313,0,4,11067
input_layernorm,313,0,4,35325
q_proj,313,0,4,7333
k_proj,313,0,4,6615
v_proj,313,0,4,6470
rope,313,0,4,24836
attn,313,0,4,8699
o_proj,313,0,4,6555
post_layernorm,313,0,4,35071
gate_proj,313,0,4,17217
up_proj,313,0,4,16234
act_fn,313,0,4,4328
down_proj,313,0,4,17365
final_layernorm,313,0,4,35456
lm_head,313,0,4,118252
embedding,314,0,4,11095
input_layernorm,314,0,4,35323
q_proj,314,0,4,7299
k_proj,314,0,4,6612
v_proj,314,0,4,6441
rope,314,0,4,25052
attn,314,0,4,8747
o_proj,314,0,4,6574
post_layernorm,314,0,4,35045
gate_proj,314,0,4,17230
up_proj,314,0,4,16210
act_fn,314,0,4,4351
down_proj,314,0,4,17533
final_layernorm,314,0,4,35452
lm_head,314,0,4,118413
embedding,315,0,4,11309
input_layernorm,315,0,4,35690
q_proj,315,0,4,7276
k_proj,315,0,4,6660
v_proj,315,0,4,6487
rope,315,0,4,25068
attn,315,0,4,8829
o_proj,315,0,4,6596
post_layernorm,315,0,4,35236
gate_proj,315,0,4,17269
up_proj,315,0,4,16212
act_fn,315,0,4,4373
down_proj,315,0,4,17424
final_layernorm,315,0,4,35771
lm_head,315,0,4,118660
embedding,316,0,4,11161
input_layernorm,316,0,4,35592
q_proj,316,0,4,7315
k_proj,316,0,4,6609
v_proj,316,0,4,6442
rope,316,0,4,25115
attn,316,0,4,8738
o_proj,316,0,4,6572
post_layernorm,316,0,4,35323
gate_proj,316,0,4,17186
up_proj,316,0,4,16214
act_fn,316,0,4,4326
down_proj,316,0,4,17374
final_layernorm,316,0,4,35633
lm_head,316,0,4,118324
embedding,317,0,4,11176
input_layernorm,317,0,4,35650
q_proj,317,0,4,7345
k_proj,317,0,4,6595
v_proj,317,0,4,6485
rope,317,0,4,25030
attn,317,0,4,8713
o_proj,317,0,4,6542
post_layernorm,317,0,4,35258
gate_proj,317,0,4,17172
up_proj,317,0,4,16280
act_fn,317,0,4,4335
down_proj,317,0,4,17421
final_layernorm,317,0,4,35811
lm_head,317,0,4,118458
embedding,318,0,4,11138
input_layernorm,318,0,4,35554
q_proj,318,0,4,7323
k_proj,318,0,4,6579
v_proj,318,0,4,6411
rope,318,0,4,24961
attn,318,0,4,8754
o_proj,318,0,4,6560
post_layernorm,318,0,4,35133
gate_proj,318,0,4,17133
up_proj,318,0,4,16229
act_fn,318,0,4,4367
down_proj,318,0,4,17481
final_layernorm,318,0,4,35576
lm_head,318,0,4,118123
embedding,319,0,4,11594
input_layernorm,319,0,4,35635
q_proj,319,0,4,7416
k_proj,319,0,4,6646
v_proj,319,0,4,6492
rope,319,0,4,25072
attn,319,0,4,8829
o_proj,319,0,4,6628
post_layernorm,319,0,4,35446
gate_proj,319,0,4,17178
up_proj,319,0,4,16312
act_fn,319,0,4,4384
down_proj,319,0,4,17355
final_layernorm,319,0,4,35615
lm_head,319,0,4,118895
embedding,320,0,4,11264
input_layernorm,320,0,4,35183
q_proj,320,0,4,9078
k_proj,320,0,4,6508
v_proj,320,0,4,6386
rope,320,0,4,25168
attn,320,0,4,8693
o_proj,320,0,4,6554
post_layernorm,320,0,4,34701
gate_proj,320,0,4,17206
up_proj,320,0,4,16320
act_fn,320,0,4,4348
down_proj,320,0,4,17404
final_layernorm,320,0,4,35196
lm_head,320,0,4,121986
embedding,321,0,4,11357
input_layernorm,321,0,4,35748
q_proj,321,0,4,8326
k_proj,321,0,4,6744
v_proj,321,0,4,6628
rope,321,0,4,24956
attn,321,0,4,10623
o_proj,321,0,4,7109
post_layernorm,321,0,4,35112
gate_proj,321,0,4,17849
up_proj,321,0,4,16983
act_fn,321,0,4,4390
down_proj,321,0,4,20085
final_layernorm,321,0,4,35908
lm_head,321,0,4,129591
embedding,322,0,4,11606
input_layernorm,322,0,4,35803
q_proj,322,0,4,8355
k_proj,322,0,4,6742
v_proj,322,0,4,6662
rope,322,0,4,25097
attn,322,0,4,10636
o_proj,322,0,4,7136
post_layernorm,322,0,4,35061
gate_proj,322,0,4,17848
up_proj,322,0,4,17077
act_fn,322,0,4,4386
down_proj,322,0,4,19934
final_layernorm,322,0,4,36052
lm_head,322,0,4,130378
embedding,323,0,4,11370
input_layernorm,323,0,4,35725
q_proj,323,0,4,8274
k_proj,323,0,4,6705
v_proj,323,0,4,6571
rope,323,0,4,24898
attn,323,0,4,10504
o_proj,323,0,4,7050
post_layernorm,323,0,4,35034
gate_proj,323,0,4,17825
up_proj,323,0,4,16951
act_fn,323,0,4,4362
down_proj,323,0,4,20295
final_layernorm,323,0,4,35792
lm_head,323,0,4,130243
embedding,324,0,4,11573
input_layernorm,324,0,4,35564
q_proj,324,0,4,8346
k_proj,324,0,4,6700
v_proj,324,0,4,6583
rope,324,0,4,25128
attn,324,0,4,10549
o_proj,324,0,4,7132
post_layernorm,324,0,4,34974
gate_proj,324,0,4,17814
up_proj,324,0,4,17043
act_fn,324,0,4,4385
down_proj,324,0,4,20482
final_layernorm,324,0,4,35600
lm_head,324,0,4,129593
embedding,325,0,4,11536
input_layernorm,325,0,4,35423
q_proj,325,0,4,8336
k_proj,325,0,4,6712
v_proj,325,0,4,6551
rope,325,0,4,24873
attn,325,0,4,10521
o_proj,325,0,4,7171
post_layernorm,325,0,4,34741
gate_proj,325,0,4,17764
up_proj,325,0,4,16971
act_fn,325,0,4,4367
down_proj,325,0,4,19934
final_layernorm,325,0,4,35697
lm_head,325,0,4,129505
embedding,326,0,4,11757
input_layernorm,326,0,4,35661
q_proj,326,0,4,8355
k_proj,326,0,4,6732
v_proj,326,0,4,6571
rope,326,0,4,24995
attn,326,0,4,10569
o_proj,326,0,4,7179
post_layernorm,326,0,4,34731
gate_proj,326,0,4,17778
up_proj,326,0,4,16997
act_fn,326,0,4,4376
down_proj,326,0,4,19464
final_layernorm,326,0,4,35953
lm_head,326,0,4,129679
embedding,327,0,4,11663
input_layernorm,327,0,4,36062
q_proj,327,0,4,8346
k_proj,327,0,4,6737
v_proj,327,0,4,6613
rope,327,0,4,24941
attn,327,0,4,10605
o_proj,327,0,4,7170
post_layernorm,327,0,4,35178
gate_proj,327,0,4,17841
up_proj,327,0,4,17007
act_fn,327,0,4,4413
down_proj,327,0,4,19726
final_layernorm,327,0,4,36133
lm_head,327,0,4,129773
embedding,328,0,4,11668
input_layernorm,328,0,4,35773
q_proj,328,0,4,8425
k_proj,328,0,4,6772
v_proj,328,0,4,6610
rope,328,0,4,25140
attn,328,0,4,10589
o_proj,328,0,4,6863
post_layernorm,328,0,4,34855
gate_proj,328,0,4,17464
up_proj,328,0,4,16726
act_fn,328,0,4,4421
down_proj,328,0,4,19488
final_layernorm,328,0,4,35735
lm_head,328,0,4,130086
embedding,329,0,4,11637
input_layernorm,329,0,4,35592
q_proj,329,0,4,8412
k_proj,329,0,4,6679
v_proj,329,0,4,6547
rope,329,0,4,24877
attn,329,0,4,10543
o_proj,329,0,4,6880
post_layernorm,329,0,4,34969
gate_proj,329,0,4,17809
up_proj,329,0,4,17000
act_fn,329,0,4,4423
down_proj,329,0,4,19777
final_layernorm,329,0,4,35886
lm_head,329,0,4,129595
embedding,330,0,4,11770
input_layernorm,330,0,4,35921
q_proj,330,0,4,8406
k_proj,330,0,4,6710
v_proj,330,0,4,6543
rope,330,0,4,24992
attn,330,0,4,10558
o_proj,330,0,4,6863
post_layernorm,330,0,4,34907
gate_proj,330,0,4,17869
up_proj,330,0,4,16993
act_fn,330,0,4,4396
down_proj,330,0,4,19227
final_layernorm,330,0,4,36133
lm_head,330,0,4,130108
embedding,331,0,4,11721
input_layernorm,331,0,4,35792
q_proj,331,0,4,8416
k_proj,331,0,4,6813
v_proj,331,0,4,6642
rope,331,0,4,25109
attn,331,0,4,10666
o_proj,331,0,4,6877
post_layernorm,331,0,4,35189
gate_proj,331,0,4,17938
up_proj,331,0,4,17096
act_fn,331,0,4,4432
down_proj,331,0,4,18910
final_layernorm,331,0,4,36165
lm_head,331,0,4,130411
embedding,332,0,4,11793
input_layernorm,332,0,4,35751
q_proj,332,0,4,8335
k_proj,332,0,4,6773
v_proj,332,0,4,6616
rope,332,0,4,25210
attn,332,0,4,10635
o_proj,332,0,4,6858
post_layernorm,332,0,4,35051
gate_proj,332,0,4,17856
up_proj,332,0,4,16977
act_fn,332,0,4,4427
down_proj,332,0,4,19341
final_layernorm,332,0,4,36164
lm_head,332,0,4,129956
embedding,333,0,4,11675
input_layernorm,333,0,4,36208
q_proj,333,0,4,8398
k_proj,333,0,4,6713
v_proj,333,0,4,6566
rope,333,0,4,25004
attn,333,0,4,10601
o_proj,333,0,4,6837
post_layernorm,333,0,4,35342
gate_proj,333,0,4,17814
up_proj,333,0,4,16997
act_fn,333,0,4,4419
down_proj,333,0,4,19016
final_layernorm,333,0,4,36471
lm_head,333,0,4,130296
embedding,334,0,4,11786
input_layernorm,334,0,4,35830
q_proj,334,0,4,8360
k_proj,334,0,4,6795
v_proj,334,0,4,6628
rope,334,0,4,25176
attn,334,0,4,10658
o_proj,334,0,4,6844
post_layernorm,334,0,4,35294
gate_proj,334,0,4,17899
up_proj,334,0,4,16998
act_fn,334,0,4,4448
down_proj,334,0,4,18678
final_layernorm,334,0,4,36353
lm_head,334,0,4,130473
embedding,335,0,4,11774
input_layernorm,335,0,4,35953
q_proj,335,0,4,8360
k_proj,335,0,4,6791
v_proj,335,0,4,6622
rope,335,0,4,25249
attn,335,0,4,10703
o_proj,335,0,4,6887
post_layernorm,335,0,4,35294
gate_proj,335,0,4,17842
up_proj,335,0,4,17002
act_fn,335,0,4,4413
down_proj,335,0,4,18742
final_layernorm,335,0,4,36195
lm_head,335,0,4,130666
embedding,336,0,4,11933
input_layernorm,336,0,4,36118
q_proj,336,0,4,8134
k_proj,336,0,4,6809
v_proj,336,0,4,6637
rope,336,0,4,25705
attn,336,0,4,10690
o_proj,336,0,4,6843
post_layernorm,336,0,4,35290
gate_proj,336,0,4,18005
up_proj,336,0,4,17133
act_fn,336,0,4,4502
down_proj,336,0,4,20218
final_layernorm,336,0,4,36119
lm_head,336,0,4,130805
embedding,337,0,4,11835
input_layernorm,337,0,4,35963
q_proj,337,0,4,8143
k_proj,337,0,4,6694
v_proj,337,0,4,6523
rope,337,0,4,25369
attn,337,0,4,10553
o_proj,337,0,4,6659
post_layernorm,337,0,4,35627
gate_proj,337,0,4,17747
up_proj,337,0,4,17145
act_fn,337,0,4,4378
down_proj,337,0,4,18320
final_layernorm,337,0,4,36385
lm_head,337,0,4,134036
embedding,338,0,4,11804
input_layernorm,338,0,4,36112
q_proj,338,0,4,8114
k_proj,338,0,4,6741
v_proj,338,0,4,6586
rope,338,0,4,25520
attn,338,0,4,10624
o_proj,338,0,4,6632
post_layernorm,338,0,4,35530
gate_proj,338,0,4,17681
up_proj,338,0,4,17446
act_fn,338,0,4,4418
down_proj,338,0,4,18422
final_layernorm,338,0,4,36537
lm_head,338,0,4,134622
embedding,339,0,4,11832
input_layernorm,339,0,4,35952
q_proj,339,0,4,8252
k_proj,339,0,4,6694
v_proj,339,0,4,6466
rope,339,0,4,25433
attn,339,0,4,10506
o_proj,339,0,4,6633
post_layernorm,339,0,4,35569
gate_proj,339,0,4,17823
up_proj,339,0,4,17158
act_fn,339,0,4,4397
down_proj,339,0,4,18453
final_layernorm,339,0,4,36525
lm_head,339,0,4,133978
embedding,340,0,4,11824
input_layernorm,340,0,4,36006
q_proj,340,0,4,8275
k_proj,340,0,4,6696
v_proj,340,0,4,6549
rope,340,0,4,25575
attn,340,0,4,10594
o_proj,340,0,4,6632
post_layernorm,340,0,4,35372
gate_proj,340,0,4,17681
up_proj,340,0,4,17277
act_fn,340,0,4,4380
down_proj,340,0,4,18270
final_layernorm,340,0,4,36633
lm_head,340,0,4,134067
embedding,341,0,4,11815
input_layernorm,341,0,4,36218
q_proj,341,0,4,8107
k_proj,341,0,4,6714
v_proj,341,0,4,6575
rope,341,0,4,25445
attn,341,0,4,10593
o_proj,341,0,4,6660
post_layernorm,341,0,4,35524
gate_proj,341,0,4,17809
up_proj,341,0,4,17203
act_fn,341,0,4,4419
down_proj,341,0,4,18345
final_layernorm,341,0,4,36326
lm_head,341,0,4,134383
embedding,342,0,4,11677
input_layernorm,342,0,4,36147
q_proj,342,0,4,8122
k_proj,342,0,4,6708
v_proj,342,0,4,6513
rope,342,0,4,25502
attn,342,0,4,10549
o_proj,342,0,4,6655
post_layernorm,342,0,4,35575
gate_proj,342,0,4,17632
up_proj,342,0,4,17270
act_fn,342,0,4,4455
down_proj,342,0,4,18328
final_layernorm,342,0,4,36603
lm_head,342,0,4,134032
embedding,343,0,4,11916
input_layernorm,343,0,4,36345
q_proj,343,0,4,8077
k_proj,343,0,4,6777
v_proj,343,0,4,6646
rope,343,0,4,25612
attn,343,0,4,10698
o_proj,343,0,4,6644
post_layernorm,343,0,4,35596
gate_proj,343,0,4,17765
up_proj,343,0,4,17289
act_fn,343,0,4,4482
down_proj,343,0,4,18234
final_layernorm,343,0,4,36609
lm_head,343,0,4,135056
embedding,344,0,4,11829
input_layernorm,344,0,4,36466
q_proj,344,0,4,7579
k_proj,344,0,4,6792
v_proj,344,0,4,6623
rope,344,0,4,25754
attn,344,0,4,10674
o_proj,344,0,4,6665
post_layernorm,344,0,4,35634
gate_proj,344,0,4,17697
up_proj,344,0,4,17330
act_fn,344,0,4,4516
down_proj,344,0,4,18131
final_layernorm,344,0,4,36516
lm_head,344,0,4,134842
embedding,345,0,4,11942
input_layernorm,345,0,4,36341
q_proj,345,0,4,7643
k_proj,345,0,4,6716
v_proj,345,0,4,6536
rope,345,0,4,25512
attn,345,0,4,10577
o_proj,345,0,4,6667
post_layernorm,345,0,4,35966
gate_proj,345,0,4,17634
up_proj,345,0,4,16927
act_fn,345,0,4,4500
down_proj,345,0,4,18283
final_layernorm,345,0,4,36641
lm_head,345,0,4,134125
embedding,346,0,4,11889
input_layernorm,346,0,4,36474
q_proj,346,0,4,7701
k_proj,346,0,4,6760
v_proj,346,0,4,6604
rope,346,0,4,25696
attn,346,0,4,10621
o_proj,346,0,4,6667
post_layernorm,346,0,4,35843
gate_proj,346,0,4,17680
up_proj,346,0,4,17253
act_fn,346,0,4,4475
down_proj,346,0,4,18265
final_layernorm,346,0,4,36796
lm_head,346,0,4,134747
embedding,347,0,4,11957
input_layernorm,347,0,4,36377
q_proj,347,0,4,7539
k_proj,347,0,4,6748
v_proj,347,0,4,6544
rope,347,0,4,25529
attn,347,0,4,10559
o_proj,347,0,4,6677
post_layernorm,347,0,4,35883
gate_proj,347,0,4,17648
up_proj,347,0,4,17246
act_fn,347,0,4,4506
down_proj,347,0,4,18245
final_layernorm,347,0,4,36789
lm_head,347,0,4,134102
embedding,348,0,4,11943
input_layernorm,348,0,4,36337
q_proj,348,0,4,7665
k_proj,348,0,4,6778
v_proj,348,0,4,6550
rope,348,0,4,25737
attn,348,0,4,10586
o_proj,348,0,4,6672
post_layernorm,348,0,4,35777
gate_proj,348,0,4,17652
up_proj,348,0,4,17336
act_fn,348,0,4,4495
down_proj,348,0,4,18399
final_layernorm,348,0,4,36811
lm_head,348,0,4,134987
embedding,349,0,4,12078
input_layernorm,349,0,4,36555
q_proj,349,0,4,7463
k_proj,349,0,4,6761
v_proj,349,0,4,6564
rope,349,0,4,25593
attn,349,0,4,10547
o_proj,349,0,4,6642
post_layernorm,349,0,4,35886
gate_proj,349,0,4,17639
up_proj,349,0,4,17276
act_fn,349,0,4,4497
down_proj,349,0,4,18182
final_layernorm,349,0,4,36747
lm_head,349,0,4,134882
embedding,350,0,4,12015
input_layernorm,350,0,4,36632
q_proj,350,0,4,7638
k_proj,350,0,4,6756
v_proj,350,0,4,6579
rope,350,0,4,25672
attn,350,0,4,10638
o_proj,350,0,4,6675
post_layernorm,350,0,4,35837
gate_proj,350,0,4,17724
up_proj,350,0,4,17250
act_fn,350,0,4,4514
down_proj,350,0,4,18227
final_layernorm,350,0,4,36885
lm_head,350,0,4,134599
embedding,351,0,4,12230
input_layernorm,351,0,4,36642
q_proj,351,0,4,7634
k_proj,351,0,4,6803
v_proj,351,0,4,6609
rope,351,0,4,25717
attn,351,0,4,10694
o_proj,351,0,4,6655
post_layernorm,351,0,4,35882
gate_proj,351,0,4,17790
up_proj,351,0,4,17320
act_fn,351,0,4,4526
down_proj,351,0,4,18214
final_layernorm,351,0,4,36687
lm_head,351,0,4,134987
embedding,352,0,4,12173
input_layernorm,352,0,4,36661
q_proj,352,0,4,9127
k_proj,352,0,4,6745
v_proj,352,0,4,6623
rope,352,0,4,25956
attn,352,0,4,10687
o_proj,352,0,4,6990
post_layernorm,352,0,4,35861
gate_proj,352,0,4,17856
up_proj,352,0,4,17288
act_fn,352,0,4,4516
down_proj,352,0,4,21255
final_layernorm,352,0,4,36664
lm_head,352,0,4,139808
embedding,353,0,4,12304
input_layernorm,353,0,4,36603
q_proj,353,0,4,10440
k_proj,353,0,4,6888
v_proj,353,0,4,6888
rope,353,0,4,25703
attn,353,0,4,10573
o_proj,353,0,4,8946
post_layernorm,353,0,4,36096
gate_proj,353,0,4,17718
up_proj,353,0,4,16848
act_fn,353,0,4,4526
down_proj,353,0,4,23144
final_layernorm,353,0,4,37091
lm_head,353,0,4,134675
embedding,354,0,4,12308
input_layernorm,354,0,4,36648
q_proj,354,0,4,10421
k_proj,354,0,4,6933
v_proj,354,0,4,6881
rope,354,0,4,25803
attn,354,0,4,10632
o_proj,354,0,4,8260
post_layernorm,354,0,4,36477
gate_proj,354,0,4,17749
up_proj,354,0,4,17407
act_fn,354,0,4,4537
down_proj,354,0,4,22977
final_layernorm,354,0,4,37197
lm_head,354,0,4,135156
embedding,355,0,4,12376
input_layernorm,355,0,4,36672
q_proj,355,0,4,10369
k_proj,355,0,4,6975
v_proj,355,0,4,6859
rope,355,0,4,25767
attn,355,0,4,10562
o_proj,355,0,4,8142
post_layernorm,355,0,4,36291
gate_proj,355,0,4,17792
up_proj,355,0,4,17324
act_fn,355,0,4,4522
down_proj,355,0,4,24441
final_layernorm,355,0,4,37188
lm_head,355,0,4,134903
embedding,356,0,4,12241
input_layernorm,356,0,4,36631
q_proj,356,0,4,10368
k_proj,356,0,4,6942
v_proj,356,0,4,6845
rope,356,0,4,25911
attn,356,0,4,10640
o_proj,356,0,4,8153
post_layernorm,356,0,4,36430
gate_proj,356,0,4,17821
up_proj,356,0,4,17348
act_fn,356,0,4,4534
down_proj,356,0,4,23835
final_layernorm,356,0,4,37272
lm_head,356,0,4,135318
embedding,357,0,4,12380
input_layernorm,357,0,4,36769
q_proj,357,0,4,9992
k_proj,357,0,4,7028
v_proj,357,0,4,6884
rope,357,0,4,25813
attn,357,0,4,10667
o_proj,357,0,4,8192
post_layernorm,357,0,4,36415
gate_proj,357,0,4,17817
up_proj,357,0,4,17392
act_fn,357,0,4,4560
down_proj,357,0,4,22691
final_layernorm,357,0,4,37067
lm_head,357,0,4,135230
embedding,358,0,4,12461
input_layernorm,358,0,4,37044
q_proj,358,0,4,10236
k_proj,358,0,4,6986
v_proj,358,0,4,6910
rope,358,0,4,25984
attn,358,0,4,10738
o_proj,358,0,4,8247
post_layernorm,358,0,4,36549
gate_proj,358,0,4,17895
up_proj,358,0,4,17362
act_fn,358,0,4,4575
down_proj,358,0,4,23867
final_layernorm,358,0,4,37605
lm_head,358,0,4,135738
embedding,359,0,4,12698
input_layernorm,359,0,4,36831
q_proj,359,0,4,10278
k_proj,359,0,4,6868
v_proj,359,0,4,6852
rope,359,0,4,25730
attn,359,0,4,10660
o_proj,359,0,4,8197
post_layernorm,359,0,4,36124
gate_proj,359,0,4,18000
up_proj,359,0,4,17348
act_fn,359,0,4,4530
down_proj,359,0,4,24168
final_layernorm,359,0,4,37109
lm_head,359,0,4,135562
embedding,360,0,4,12522
input_layernorm,360,0,4,36835
q_proj,360,0,4,8498
k_proj,360,0,4,6977
v_proj,360,0,4,6929
rope,360,0,4,25715
attn,360,0,4,10716
o_proj,360,0,4,7354
post_layernorm,360,0,4,36252
gate_proj,360,0,4,18056
up_proj,360,0,4,17344
act_fn,360,0,4,4529
down_proj,360,0,4,22023
final_layernorm,360,0,4,37029
lm_head,360,0,4,135536
embedding,361,0,4,12485
input_layernorm,361,0,4,36883
q_proj,361,0,4,8856
k_proj,361,0,4,6780
v_proj,361,0,4,6592
rope,361,0,4,25849
attn,361,0,4,10719
o_proj,361,0,4,8633
post_layernorm,361,0,4,36522
gate_proj,361,0,4,18036
up_proj,361,0,4,17388
act_fn,361,0,4,4566
down_proj,361,0,4,24390
final_layernorm,361,0,4,37404
lm_head,361,0,4,136556
embedding,362,0,4,12588
input_layernorm,362,0,4,36861
q_proj,362,0,4,8752
k_proj,362,0,4,6756
v_proj,362,0,4,6593
rope,362,0,4,25775
attn,362,0,4,10656
o_proj,362,0,4,8750
post_layernorm,362,0,4,36242
gate_proj,362,0,4,17998
up_proj,362,0,4,17367
act_fn,362,0,4,4526
down_proj,362,0,4,21672
final_layernorm,362,0,4,37579
lm_head,362,0,4,136374
embedding,363,0,4,12669
input_layernorm,363,0,4,36878
q_proj,363,0,4,8701
k_proj,363,0,4,6715
v_proj,363,0,4,6523
rope,363,0,4,25709
attn,363,0,4,10608
o_proj,363,0,4,7931
post_layernorm,363,0,4,36537
gate_proj,363,0,4,17990
up_proj,363,0,4,17323
act_fn,363,0,4,4532
down_proj,363,0,4,22135
final_layernorm,363,0,4,37453
lm_head,363,0,4,136314
embedding,364,0,4,12615
input_layernorm,364,0,4,36753
q_proj,364,0,4,8618
k_proj,364,0,4,6674
v_proj,364,0,4,6576
rope,364,0,4,25823
attn,364,0,4,10590
o_proj,364,0,4,7897
post_layernorm,364,0,4,36229
gate_proj,364,0,4,17954
up_proj,364,0,4,17412
act_fn,364,0,4,4546
down_proj,364,0,4,23778
final_layernorm,364,0,4,37574
lm_head,364,0,4,136243
embedding,365,0,4,12688
input_layernorm,365,0,4,36872
q_proj,365,0,4,8565
k_proj,365,0,4,6769
v_proj,365,0,4,6597
rope,365,0,4,25740
attn,365,0,4,10654
o_proj,365,0,4,8173
post_layernorm,365,0,4,36356
gate_proj,365,0,4,18070
up_proj,365,0,4,17276
act_fn,365,0,4,4542
down_proj,365,0,4,22873
final_layernorm,365,0,4,37277
lm_head,365,0,4,136602
embedding,366,0,4,12706
input_layernorm,366,0,4,37431
q_proj,366,0,4,8641
k_proj,366,0,4,6744
v_proj,366,0,4,6578
rope,366,0,4,25840
attn,366,0,4,10656
o_proj,366,0,4,8139
post_layernorm,366,0,4,37390
gate_proj,366,0,4,18049
up_proj,366,0,4,17345
act_fn,366,0,4,4557
down_proj,366,0,4,21984
final_layernorm,366,0,4,38268
lm_head,366,0,4,136529
embedding,367,0,4,12680
input_layernorm,367,0,4,37156
q_proj,367,0,4,8468
k_proj,367,0,4,6805
v_proj,367,0,4,6570
rope,367,0,4,25899
attn,367,0,4,10694
o_proj,367,0,4,7713
post_layernorm,367,0,4,36305
gate_proj,367,0,4,18132
up_proj,367,0,4,17409
act_fn,367,0,4,4533
down_proj,367,0,4,21344
final_layernorm,367,0,4,37506
lm_head,367,0,4,136878
embedding,368,0,4,12607
input_layernorm,368,0,4,37091
q_proj,368,0,4,8053
k_proj,368,0,4,6618
v_proj,368,0,4,6433
rope,368,0,4,25976
attn,368,0,4,10579
o_proj,368,0,4,6926
post_layernorm,368,0,4,36421
gate_proj,368,0,4,18037
up_proj,368,0,4,17369
act_fn,368,0,4,4589
down_proj,368,0,4,19416
final_layernorm,368,0,4,37152
lm_head,368,0,4,140754
embedding,369,0,4,12603
input_layernorm,369,0,4,37202
q_proj,369,0,4,8170
k_proj,369,0,4,6735
v_proj,369,0,4,6553
rope,369,0,4,25820
attn,369,0,4,10605
o_proj,369,0,4,7682
post_layernorm,369,0,4,36566
gate_proj,369,0,4,18050
up_proj,369,0,4,17422
act_fn,369,0,4,4545
down_proj,369,0,4,21526
final_layernorm,369,0,4,37815
lm_head,369,0,4,140830
embedding,370,0,4,12668
input_layernorm,370,0,4,37216
q_proj,370,0,4,8285
k_proj,370,0,4,6767
v_proj,370,0,4,6613
rope,370,0,4,25892
attn,370,0,4,10664
o_proj,370,0,4,7722
post_layernorm,370,0,4,36878
gate_proj,370,0,4,18020
up_proj,370,0,4,17353
act_fn,370,0,4,4567
down_proj,370,0,4,22394
final_layernorm,370,0,4,37649
lm_head,370,0,4,141230
embedding,371,0,4,12608
input_layernorm,371,0,4,37307
q_proj,371,0,4,8195
k_proj,371,0,4,6738
v_proj,371,0,4,6535
rope,371,0,4,25785
attn,371,0,4,10588
o_proj,371,0,4,8452
post_layernorm,371,0,4,36957
gate_proj,371,0,4,18031
up_proj,371,0,4,17370
act_fn,371,0,4,4556
down_proj,371,0,4,21104
final_layernorm,371,0,4,37710
lm_head,371,0,4,140972
embedding,372,0,4,12679
input_layernorm,372,0,4,37448
q_proj,372,0,4,7936
k_proj,372,0,4,6735
v_proj,372,0,4,6535
rope,372,0,4,25988
attn,372,0,4,10617
o_proj,372,0,4,8598
post_layernorm,372,0,4,36993
gate_proj,372,0,4,18061
up_proj,372,0,4,17376
act_fn,372,0,4,4525
down_proj,372,0,4,20849
final_layernorm,372,0,4,37731
lm_head,372,0,4,141061
embedding,373,0,4,12625
input_layernorm,373,0,4,37579
q_proj,373,0,4,8033
k_proj,373,0,4,6784
v_proj,373,0,4,6566
rope,373,0,4,25920
attn,373,0,4,10667
o_proj,373,0,4,7808
post_layernorm,373,0,4,36864
gate_proj,373,0,4,18083
up_proj,373,0,4,17489
act_fn,373,0,4,4576
down_proj,373,0,4,23016
final_layernorm,373,0,4,37799
lm_head,373,0,4,141286
embedding,374,0,4,12744
input_layernorm,374,0,4,37380
q_proj,374,0,4,7826
k_proj,374,0,4,6742
v_proj,374,0,4,6553
rope,374,0,4,25890
attn,374,0,4,10582
o_proj,374,0,4,7769
post_layernorm,374,0,4,36905
gate_proj,374,0,4,18050
up_proj,374,0,4,17435
act_fn,374,0,4,4551
down_proj,374,0,4,20751
final_layernorm,374,0,4,37689
lm_head,374,0,4,141051
embedding,375,0,4,12614
input_layernorm,375,0,4,37589
q_proj,375,0,4,7759
k_proj,375,0,4,6754
v_proj,375,0,4,6601
rope,375,0,4,25898
attn,375,0,4,10657
o_proj,375,0,4,7793
post_layernorm,375,0,4,36784
gate_proj,375,0,4,18082
up_proj,375,0,4,17523
act_fn,375,0,4,4576
down_proj,375,0,4,21508
final_layernorm,375,0,4,37918
lm_head,375,0,4,141228
embedding,376,0,4,12730
input_layernorm,376,0,4,37629
q_proj,376,0,4,7699
k_proj,376,0,4,6648
v_proj,376,0,4,6444
rope,376,0,4,26102
attn,376,0,4,10655
o_proj,376,0,4,6872
post_layernorm,376,0,4,37064
gate_proj,376,0,4,18104
up_proj,376,0,4,17352
act_fn,376,0,4,4602
down_proj,376,0,4,18703
final_layernorm,376,0,4,37572
lm_head,376,0,4,141297
embedding,377,0,4,12654
input_layernorm,377,0,4,37528
q_proj,377,0,4,7744
k_proj,377,0,4,6749
v_proj,377,0,4,6584
rope,377,0,4,25918
attn,377,0,4,10663
o_proj,377,0,4,8151
post_layernorm,377,0,4,37100
gate_proj,377,0,4,18153
up_proj,377,0,4,17397
act_fn,377,0,4,4589
down_proj,377,0,4,20897
final_layernorm,377,0,4,37914
lm_head,377,0,4,141290
embedding,378,0,4,12666
input_layernorm,378,0,4,37778
q_proj,378,0,4,7847
k_proj,378,0,4,6764
v_proj,378,0,4,6566
rope,378,0,4,25947
attn,378,0,4,10623
o_proj,378,0,4,8256
post_layernorm,378,0,4,37234
gate_proj,378,0,4,18145
up_proj,378,0,4,17482
act_fn,378,0,4,4603
down_proj,378,0,4,20675
final_layernorm,378,0,4,37909
lm_head,378,0,4,141484
embedding,379,0,4,12677
input_layernorm,379,0,4,37735
q_proj,379,0,4,7646
k_proj,379,0,4,6770
v_proj,379,0,4,6570
rope,379,0,4,25972
attn,379,0,4,10683
o_proj,379,0,4,7935
post_layernorm,379,0,4,37410
gate_proj,379,0,4,18136
up_proj,379,0,4,17522
act_fn,379,0,4,4575
down_proj,379,0,4,21294
final_layernorm,379,0,4,38173
lm_head,379,0,4,141647
embedding,380,0,4,12642
input_layernorm,380,0,4,37615
q_proj,380,0,4,7751
k_proj,380,0,4,6777
v_proj,380,0,4,6594
rope,380,0,4,26040
attn,380,0,4,10651
o_proj,380,0,4,7936
post_layernorm,380,0,4,37301
gate_proj,380,0,4,18115
up_proj,380,0,4,17472
act_fn,380,0,4,4613
down_proj,380,0,4,20404
final_layernorm,380,0,4,37906
lm_head,380,0,4,141683
embedding,381,0,4,12842
input_layernorm,381,0,4,37767
q_proj,381,0,4,7713
k_proj,381,0,4,6758
v_proj,381,0,4,6573
rope,381,0,4,25971
attn,381,0,4,10618
o_proj,381,0,4,7857
post_layernorm,381,0,4,37369
gate_proj,381,0,4,18145
up_proj,381,0,4,17506
act_fn,381,0,4,4625
down_proj,381,0,4,20497
final_layernorm,381,0,4,38009
lm_head,381,0,4,141632
embedding,382,0,4,12913
input_layernorm,382,0,4,37984
q_proj,382,0,4,8028
k_proj,382,0,4,6753
v_proj,382,0,4,6573
rope,382,0,4,25995
attn,382,0,4,10657
o_proj,382,0,4,7831
post_layernorm,382,0,4,37430
gate_proj,382,0,4,18132
up_proj,382,0,4,17465
act_fn,382,0,4,4617
down_proj,382,0,4,21069
final_layernorm,382,0,4,38050
lm_head,382,0,4,141750
embedding,383,0,4,12817
input_layernorm,383,0,4,37967
q_proj,383,0,4,7631
k_proj,383,0,4,6739
v_proj,383,0,4,6569
rope,383,0,4,25914
attn,383,0,4,10622
o_proj,383,0,4,7914
post_layernorm,383,0,4,37256
gate_proj,383,0,4,18138
up_proj,383,0,4,17451
act_fn,383,0,4,4652
down_proj,383,0,4,20833
final_layernorm,383,0,4,37988
lm_head,383,0,4,141567
embedding,384,0,4,13113
input_layernorm,384,0,4,37903
q_proj,384,0,4,7653
k_proj,384,0,4,6651
v_proj,384,0,4,6505
rope,384,0,4,26204
attn,384,0,4,10290
o_proj,384,0,4,6925
post_layernorm,384,0,4,36957
gate_proj,384,0,4,17829
up_proj,384,0,4,17515
act_fn,384,0,4,4625
down_proj,384,0,4,21145
final_layernorm,384,0,4,37621
lm_head,384,0,4,141578
embedding,385,0,4,13017
input_layernorm,385,0,4,37973
q_proj,385,0,4,9568
k_proj,385,0,4,7003
v_proj,385,0,4,6925
rope,385,0,4,26015
attn,385,0,4,10822
o_proj,385,0,4,8050
post_layernorm,385,0,4,37800
gate_proj,385,0,4,18786
up_proj,385,0,4,18925
act_fn,385,0,4,4644
down_proj,385,0,4,22728
final_layernorm,385,0,4,38501
lm_head,385,0,4,147548
embedding,386,0,4,13136
input_layernorm,386,0,4,38714
q_proj,386,0,4,9480
k_proj,386,0,4,7077
v_proj,386,0,4,6971
rope,386,0,4,26207
attn,386,0,4,10937
o_proj,386,0,4,8089
post_layernorm,386,0,4,37884
gate_proj,386,0,4,18951
up_proj,386,0,4,19149
act_fn,386,0,4,4650
down_proj,386,0,4,21774
final_layernorm,386,0,4,38691
lm_head,386,0,4,148135
embedding,387,0,4,12909
input_layernorm,387,0,4,38571
q_proj,387,0,4,9593
k_proj,387,0,4,7078
v_proj,387,0,4,6976
rope,387,0,4,26029
attn,387,0,4,10766
o_proj,387,0,4,7886
post_layernorm,387,0,4,37757
gate_proj,387,0,4,18807
up_proj,387,0,4,18960
act_fn,387,0,4,4630
down_proj,387,0,4,22255
final_layernorm,387,0,4,38386
lm_head,387,0,4,147217
embedding,388,0,4,13354
input_layernorm,388,0,4,38576
q_proj,388,0,4,9516
k_proj,388,0,4,7023
v_proj,388,0,4,6956
rope,388,0,4,26175
attn,388,0,4,10830
o_proj,388,0,4,7919
post_layernorm,388,0,4,37824
gate_proj,388,0,4,18888
up_proj,388,0,4,18928
act_fn,388,0,4,4632
down_proj,388,0,4,21844
final_layernorm,388,0,4,38492
lm_head,388,0,4,147726
embedding,389,0,4,13213
input_layernorm,389,0,4,38694
q_proj,389,0,4,9421
k_proj,389,0,4,7017
v_proj,389,0,4,6925
rope,389,0,4,26115
attn,389,0,4,10853
o_proj,389,0,4,8031
post_layernorm,389,0,4,37935
gate_proj,389,0,4,18866
up_proj,389,0,4,19043
act_fn,389,0,4,4642
down_proj,389,0,4,22078
final_layernorm,389,0,4,38561
lm_head,389,0,4,147945
embedding,390,0,4,13225
input_layernorm,390,0,4,38549
q_proj,390,0,4,9463
k_proj,390,0,4,7015
v_proj,390,0,4,6928
rope,390,0,4,26088
attn,390,0,4,10822
o_proj,390,0,4,7793
post_layernorm,390,0,4,37718
gate_proj,390,0,4,18926
up_proj,390,0,4,18967
act_fn,390,0,4,4651
down_proj,390,0,4,21224
final_layernorm,390,0,4,38499
lm_head,390,0,4,147797
embedding,391,0,4,13259
input_layernorm,391,0,4,38770
q_proj,391,0,4,9534
k_proj,391,0,4,6965
v_proj,391,0,4,6909
rope,391,0,4,26004
attn,391,0,4,10762
o_proj,391,0,4,7767
post_layernorm,391,0,4,37878
gate_proj,391,0,4,18789
up_proj,391,0,4,18894
act_fn,391,0,4,4664
down_proj,391,0,4,21411
final_layernorm,391,0,4,38633
lm_head,391,0,4,147202
embedding,392,0,4,13293
input_layernorm,392,0,4,38613
q_proj,392,0,4,9423
k_proj,392,0,4,7015
v_proj,392,0,4,6919
rope,392,0,4,26228
attn,392,0,4,10826
o_proj,392,0,4,7617
post_layernorm,392,0,4,37775
gate_proj,392,0,4,18857
up_proj,392,0,4,18912
act_fn,392,0,4,4641
down_proj,392,0,4,21326
final_layernorm,392,0,4,38455
lm_head,392,0,4,147929
embedding,393,0,4,13482
input_layernorm,393,0,4,38607
q_proj,393,0,4,9390
k_proj,393,0,4,7052
v_proj,393,0,4,6959
rope,393,0,4,26156
attn,393,0,4,10855
o_proj,393,0,4,7585
post_layernorm,393,0,4,37954
gate_proj,393,0,4,18930
up_proj,393,0,4,18974
act_fn,393,0,4,4693
down_proj,393,0,4,20535
final_layernorm,393,0,4,38537
lm_head,393,0,4,148177
embedding,394,0,4,13426
input_layernorm,394,0,4,38862
q_proj,394,0,4,9250
k_proj,394,0,4,6998
v_proj,394,0,4,6852
rope,394,0,4,26175
attn,394,0,4,10835
o_proj,394,0,4,7640
post_layernorm,394,0,4,37866
gate_proj,394,0,4,18936
up_proj,394,0,4,18935
act_fn,394,0,4,4707
down_proj,394,0,4,20280
final_layernorm,394,0,4,38499
lm_head,394,0,4,148369
embedding,395,0,4,13456
input_layernorm,395,0,4,38864
q_proj,395,0,4,9219
k_proj,395,0,4,7080
v_proj,395,0,4,6999
rope,395,0,4,26021
attn,395,0,4,10798
o_proj,395,0,4,7548
post_layernorm,395,0,4,37925
gate_proj,395,0,4,18796
up_proj,395,0,4,18930
act_fn,395,0,4,4690
down_proj,395,0,4,20841
final_layernorm,395,0,4,38550
lm_head,395,0,4,147953
embedding,396,0,4,13364
input_layernorm,396,0,4,38861
q_proj,396,0,4,9273
k_proj,396,0,4,7092
v_proj,396,0,4,6981
rope,396,0,4,26169
attn,396,0,4,10814
o_proj,396,0,4,7537
post_layernorm,396,0,4,38068
gate_proj,396,0,4,18854
up_proj,396,0,4,18924
act_fn,396,0,4,4666
down_proj,396,0,4,20824
final_layernorm,396,0,4,38625
lm_head,396,0,4,148082
embedding,397,0,4,13509
input_layernorm,397,0,4,40421
q_proj,397,0,4,9142
k_proj,397,0,4,6953
v_proj,397,0,4,6858
rope,397,0,4,26089
attn,397,0,4,10770
o_proj,397,0,4,7464
post_layernorm,397,0,4,40739
gate_proj,397,0,4,18817
up_proj,397,0,4,18821
act_fn,397,0,4,4690
down_proj,397,0,4,20536
final_layernorm,397,0,4,41331
lm_head,397,0,4,147801
embedding,398,0,4,13542
input_layernorm,398,0,4,40998
q_proj,398,0,4,9157
k_proj,398,0,4,7046
v_proj,398,0,4,6976
rope,398,0,4,26247
attn,398,0,4,10852
o_proj,398,0,4,7505
post_layernorm,398,0,4,40923
gate_proj,398,0,4,18871
up_proj,398,0,4,18991
act_fn,398,0,4,4717
down_proj,398,0,4,19901
final_layernorm,398,0,4,41627
lm_head,398,0,4,148213
embedding,399,0,4,13557
input_layernorm,399,0,4,41216
q_proj,399,0,4,9269
k_proj,399,0,4,7136
v_proj,399,0,4,7080
rope,399,0,4,26312
attn,399,0,4,10846
o_proj,399,0,4,7377
post_layernorm,399,0,4,41292
gate_proj,399,0,4,19038
up_proj,399,0,4,19131
act_fn,399,0,4,4694
down_proj,399,0,4,19954
final_layernorm,399,0,4,41825
lm_head,399,0,4,148894
embedding,400,0,4,13544
input_layernorm,400,0,4,40672
q_proj,400,0,4,9075
k_proj,400,0,4,6772
v_proj,400,0,4,6598
rope,400,0,4,26320
attn,400,0,4,10763
o_proj,400,0,4,7348
post_layernorm,400,0,4,41052
gate_proj,400,0,4,19302
up_proj,400,0,4,19507
act_fn,400,0,4,4701
down_proj,400,0,4,23041
final_layernorm,400,0,4,41581
lm_head,400,0,4,149654
embedding,401,0,4,13529
input_layernorm,401,0,4,41089
q_proj,401,0,4,8930
k_proj,401,0,4,6698
v_proj,401,0,4,6537
rope,401,0,4,26209
attn,401,0,4,10748
o_proj,401,0,4,7457
post_layernorm,401,0,4,41238
gate_proj,401,0,4,19254
up_proj,401,0,4,19421
act_fn,401,0,4,4715
down_proj,401,0,4,19915
final_layernorm,401,0,4,41910
lm_head,401,0,4,148137
embedding,402,0,4,13467
input_layernorm,402,0,4,41301
q_proj,402,0,4,8952
k_proj,402,0,4,6808
v_proj,402,0,4,6574
rope,402,0,4,26372
attn,402,0,4,10746
o_proj,402,0,4,7301
post_layernorm,402,0,4,41470
gate_proj,402,0,4,19290
up_proj,402,0,4,19580
act_fn,402,0,4,4726
down_proj,402,0,4,20488
final_layernorm,402,0,4,42105
lm_head,402,0,4,148661
embedding,403,0,4,13359
input_layernorm,403,0,4,41239
q_proj,403,0,4,8768
k_proj,403,0,4,6682
v_proj,403,0,4,6538
rope,403,0,4,26401
attn,403,0,4,10726
o_proj,403,0,4,7289
post_layernorm,403,0,4,41439
gate_proj,403,0,4,19185
up_proj,403,0,4,19515
act_fn,403,0,4,4731
down_proj,403,0,4,20097
final_layernorm,403,0,4,42088
lm_head,403,0,4,148200
embedding,404,0,4,13579
input_layernorm,404,0,4,41413
q_proj,404,0,4,8848
k_proj,404,0,4,6749
v_proj,404,0,4,6543
rope,404,0,4,26508
attn,404,0,4,10760
o_proj,404,0,4,7311
post_layernorm,404,0,4,41722
gate_proj,404,0,4,19290
up_proj,404,0,4,19556
act_fn,404,0,4,4732
down_proj,404,0,4,20028
final_layernorm,404,0,4,42263
lm_head,404,0,4,148822
embedding,405,0,4,13466
input_layernorm,405,0,4,41344
q_proj,405,0,4,8807
k_proj,405,0,4,6779
v_proj,405,0,4,6611
rope,405,0,4,26660
attn,405,0,4,10900
o_proj,405,0,4,7440
post_layernorm,405,0,4,41796
gate_proj,405,0,4,19442
up_proj,405,0,4,19779
act_fn,405,0,4,4748
down_proj,405,0,4,19698
final_layernorm,405,0,4,42350
lm_head,405,0,4,149206
embedding,406,0,4,13515
input_layernorm,406,0,4,41022
q_proj,406,0,4,8799
k_proj,406,0,4,6795
v_proj,406,0,4,6557
rope,406,0,4,26479
attn,406,0,4,10811
o_proj,406,0,4,7554
post_layernorm,406,0,4,41457
gate_proj,406,0,4,19389
up_proj,406,0,4,19703
act_fn,406,0,4,4715
down_proj,406,0,4,19645
final_layernorm,406,0,4,42346
lm_head,406,0,4,148736
embedding,407,0,4,13566
input_layernorm,407,0,4,41127
q_proj,407,0,4,8499
k_proj,407,0,4,6701
v_proj,407,0,4,6525
rope,407,0,4,26445
attn,407,0,4,10836
o_proj,407,0,4,7393
post_layernorm,407,0,4,41587
gate_proj,407,0,4,19308
up_proj,407,0,4,19554
act_fn,407,0,4,4744
down_proj,407,0,4,19679
final_layernorm,407,0,4,42130
lm_head,407,0,4,148724
embedding,408,0,4,13541
input_layernorm,408,0,4,41283
q_proj,408,0,4,8641
k_proj,408,0,4,6767
v_proj,408,0,4,6581
rope,408,0,4,26630
attn,408,0,4,10835
o_proj,408,0,4,7381
post_layernorm,408,0,4,41489
gate_proj,408,0,4,19347
up_proj,408,0,4,19633
act_fn,408,0,4,4798
down_proj,408,0,4,19880
final_layernorm,408,0,4,42074
lm_head,408,0,4,148976
embedding,409,0,4,13554
input_layernorm,409,0,4,41096
q_proj,409,0,4,8719
k_proj,409,0,4,6696
v_proj,409,0,4,6495
rope,409,0,4,26551
attn,409,0,4,10755
o_proj,409,0,4,7295
post_layernorm,409,0,4,41680
gate_proj,409,0,4,19316
up_proj,409,0,4,19486
act_fn,409,0,4,4751
down_proj,409,0,4,19789
final_layernorm,409,0,4,42104
lm_head,409,0,4,149742
embedding,410,0,4,13707
input_layernorm,410,0,4,41022
q_proj,410,0,4,8736
k_proj,410,0,4,6822
v_proj,410,0,4,6570
rope,410,0,4,26664
attn,410,0,4,10866
o_proj,410,0,4,7344
post_layernorm,410,0,4,41918
gate_proj,410,0,4,19446
up_proj,410,0,4,19761
act_fn,410,0,4,4767
down_proj,410,0,4,19655
final_layernorm,410,0,4,42483
lm_head,410,0,4,150389
embedding,411,0,4,13632
input_layernorm,411,0,4,41293
q_proj,411,0,4,8637
k_proj,411,0,4,6829
v_proj,411,0,4,6600
rope,411,0,4,26659
attn,411,0,4,10930
o_proj,411,0,4,7319
post_layernorm,411,0,4,42099
gate_proj,411,0,4,19455
up_proj,411,0,4,19745
act_fn,411,0,4,4827
down_proj,411,0,4,19648
final_layernorm,411,0,4,42463
lm_head,411,0,4,150531
embedding,412,0,4,13642
input_layernorm,412,0,4,41647
q_proj,412,0,4,8455
k_proj,412,0,4,6772
v_proj,412,0,4,6540
rope,412,0,4,26674
attn,412,0,4,10826
o_proj,412,0,4,7302
post_layernorm,412,0,4,42048
gate_proj,412,0,4,19386
up_proj,412,0,4,19692
act_fn,412,0,4,4789
down_proj,412,0,4,19474
final_layernorm,412,0,4,42550
lm_head,412,0,4,150206
embedding,413,0,4,13537
input_layernorm,413,0,4,41615
q_proj,413,0,4,8448
k_proj,413,0,4,6746
v_proj,413,0,4,6505
rope,413,0,4,26556
attn,413,0,4,10744
o_proj,413,0,4,7317
post_layernorm,413,0,4,42015
gate_proj,413,0,4,19416
up_proj,413,0,4,19577
act_fn,413,0,4,4841
down_proj,413,0,4,19639
final_layernorm,413,0,4,42404
lm_head,413,0,4,149921
embedding,414,0,4,13744
input_layernorm,414,0,4,41371
q_proj,414,0,4,8065
k_proj,414,0,4,6806
v_proj,414,0,4,6580
rope,414,0,4,26868
attn,414,0,4,10871
o_proj,414,0,4,7419
post_layernorm,414,0,4,42113
gate_proj,414,0,4,19454
up_proj,414,0,4,19673
act_fn,414,0,4,4835
down_proj,414,0,4,19598
final_layernorm,414,0,4,42685
lm_head,414,0,4,150588
embedding,415,0,4,13668
input_layernorm,415,0,4,41649
q_proj,415,0,4,8028
k_proj,415,0,4,6848
v_proj,415,0,4,6591
rope,415,0,4,26732
attn,415,0,4,10859
o_proj,415,0,4,7342
post_layernorm,415,0,4,41984
gate_proj,415,0,4,19462
up_proj,415,0,4,19727
act_fn,415,0,4,4815
down_proj,415,0,4,19611
final_layernorm,415,0,4,42496
lm_head,415,0,4,150635
embedding,416,0,4,13874
input_layernorm,416,0,4,41365
q_proj,416,0,4,9882
k_proj,416,0,4,6758
v_proj,416,0,4,6543
rope,416,0,4,26724
attn,416,0,4,10888
o_proj,416,0,4,7721
post_layernorm,416,0,4,41600
gate_proj,416,0,4,21269
up_proj,416,0,4,20963
act_fn,416,0,4,4815
down_proj,416,0,4,25642
final_layernorm,416,0,4,42206
lm_head,416,0,4,159660
embedding,417,0,4,13975
input_layernorm,417,0,4,41686
q_proj,417,0,4,9957
k_proj,417,0,4,7494
v_proj,417,0,4,7398
rope,417,0,4,26879
attn,417,0,4,10931
o_proj,417,0,4,8041
post_layernorm,417,0,4,42084
gate_proj,417,0,4,20360
up_proj,417,0,4,20735
act_fn,417,0,4,4852
down_proj,417,0,4,23535
final_layernorm,417,0,4,42764
lm_head,417,0,4,154995
embedding,418,0,4,13861
input_layernorm,418,0,4,41340
q_proj,418,0,4,9866
k_proj,418,0,4,7447
v_proj,418,0,4,7336
rope,418,0,4,26730
attn,418,0,4,10845
o_proj,418,0,4,7994
post_layernorm,418,0,4,42091
gate_proj,418,0,4,20296
up_proj,418,0,4,20650
act_fn,418,0,4,4845
down_proj,418,0,4,22767
final_layernorm,418,0,4,42720
lm_head,418,0,4,154581
embedding,419,0,4,13836
input_layernorm,419,0,4,41723
q_proj,419,0,4,9947
k_proj,419,0,4,7688
v_proj,419,0,4,7636
rope,419,0,4,26885
attn,419,0,4,10921
o_proj,419,0,4,8334
post_layernorm,419,0,4,42228
gate_proj,419,0,4,20385
up_proj,419,0,4,20646
act_fn,419,0,4,4845
down_proj,419,0,4,23301
final_layernorm,419,0,4,42878
lm_head,419,0,4,155319
embedding,420,0,4,14149
input_layernorm,420,0,4,41840
q_proj,420,0,4,9929
k_proj,420,0,4,7358
v_proj,420,0,4,7298
rope,420,0,4,26955
attn,420,0,4,10929
o_proj,420,0,4,8321
post_layernorm,420,0,4,42283
gate_proj,420,0,4,20364
up_proj,420,0,4,20793
act_fn,420,0,4,4883
down_proj,420,0,4,22851
final_layernorm,420,0,4,42741
lm_head,420,0,4,155056
embedding,421,0,4,13981
input_layernorm,421,0,4,41790
q_proj,421,0,4,9840
k_proj,421,0,4,7443
v_proj,421,0,4,7387
rope,421,0,4,26520
attn,421,0,4,10802
o_proj,421,0,4,7824
post_layernorm,421,0,4,41967
gate_proj,421,0,4,20284
up_proj,421,0,4,20580
act_fn,421,0,4,4851
down_proj,421,0,4,23647
final_layernorm,421,0,4,42607
lm_head,421,0,4,154267
embedding,422,0,4,14100
input_layernorm,422,0,4,41603
q_proj,422,0,4,9985
k_proj,422,0,4,7340
v_proj,422,0,4,7274
rope,422,0,4,26967
attn,422,0,4,10900
o_proj,422,0,4,8022
post_layernorm,422,0,4,42335
gate_proj,422,0,4,20312
up_proj,422,0,4,20772
act_fn,422,0,4,4878
down_proj,422,0,4,22878
final_layernorm,422,0,4,43042
lm_head,422,0,4,155197
embedding,423,0,4,14010
input_layernorm,423,0,4,41587
q_proj,423,0,4,9957
k_proj,423,0,4,7489
v_proj,423,0,4,7414
rope,423,0,4,26953
attn,423,0,4,10893
o_proj,423,0,4,7892
post_layernorm,423,0,4,42287
gate_proj,423,0,4,20323
up_proj,423,0,4,20663
act_fn,423,0,4,4896
down_proj,423,0,4,21911
final_layernorm,423,0,4,42695
lm_head,423,0,4,155252
embedding,424,0,4,14207
input_layernorm,424,0,4,41656
q_proj,424,0,4,9966
k_proj,424,0,4,7651
v_proj,424,0,4,7578
rope,424,0,4,27164
attn,424,0,4,11001
o_proj,424,0,4,7628
post_layernorm,424,0,4,42039
gate_proj,424,0,4,20408
up_proj,424,0,4,20945
act_fn,424,0,4,4915
down_proj,424,0,4,21998
final_layernorm,424,0,4,42560
lm_head,424,0,4,155783
embedding,425,0,4,14109
input_layernorm,425,0,4,41627
q_proj,425,0,4,9991
k_proj,425,0,4,7595
v_proj,425,0,4,7557
rope,425,0,4,26653
attn,425,0,4,10841
o_proj,425,0,4,7812
post_layernorm,425,0,4,42243
gate_proj,425,0,4,20316
up_proj,425,0,4,20698
act_fn,425,0,4,4898
down_proj,425,0,4,21901
final_layernorm,425,0,4,42845
lm_head,425,0,4,154770
embedding,426,0,4,14088
input_layernorm,426,0,4,41585
q_proj,426,0,4,9923
k_proj,426,0,4,7612
v_proj,426,0,4,7573
rope,426,0,4,26803
attn,426,0,4,10843
o_proj,426,0,4,7716
post_layernorm,426,0,4,42358
gate_proj,426,0,4,20339
up_proj,426,0,4,20722
act_fn,426,0,4,4899
down_proj,426,0,4,21369
final_layernorm,426,0,4,43054
lm_head,426,0,4,154988
embedding,427,0,4,14195
input_layernorm,427,0,4,42150
q_proj,427,0,4,9943
k_proj,427,0,4,7316
v_proj,427,0,4,7240
rope,427,0,4,26733
attn,427,0,4,10872
o_proj,427,0,4,7881
post_layernorm,427,0,4,42369
gate_proj,427,0,4,20352
up_proj,427,0,4,20741
act_fn,427,0,4,4906
down_proj,427,0,4,21609
final_layernorm,427,0,4,42940
lm_head,427,0,4,155264
embedding,428,0,4,14314
input_layernorm,428,0,4,42060
q_proj,428,0,4,9942
k_proj,428,0,4,7707
v_proj,428,0,4,7636
rope,428,0,4,26802
attn,428,0,4,10881
o_proj,428,0,4,7852
post_layernorm,428,0,4,42306
gate_proj,428,0,4,20363
up_proj,428,0,4,20779
act_fn,428,0,4,4911
down_proj,428,0,4,21647
final_layernorm,428,0,4,42995
lm_head,428,0,4,155141
embedding,429,0,4,14437
input_layernorm,429,0,4,42283
q_proj,429,0,4,9903
k_proj,429,0,4,7686
v_proj,429,0,4,7628
rope,429,0,4,26767
attn,429,0,4,10934
o_proj,429,0,4,7583
post_layernorm,429,0,4,42578
gate_proj,429,0,4,20396
up_proj,429,0,4,20879
act_fn,429,0,4,4936
down_proj,429,0,4,21734
final_layernorm,429,0,4,43200
lm_head,429,0,4,155705
embedding,430,0,4,14271
input_layernorm,430,0,4,41930
q_proj,430,0,4,9926
k_proj,430,0,4,7506
v_proj,430,0,4,7458
rope,430,0,4,26613
attn,430,0,4,10853
o_proj,430,0,4,7750
post_layernorm,430,0,4,42368
gate_proj,430,0,4,20350
up_proj,430,0,4,20757
act_fn,430,0,4,4961
down_proj,430,0,4,20918
final_layernorm,430,0,4,42857
lm_head,430,0,4,155027
embedding,431,0,4,14283
input_layernorm,431,0,4,42185
q_proj,431,0,4,10016
k_proj,431,0,4,7716
v_proj,431,0,4,7639
rope,431,0,4,26685
attn,431,0,4,10926
o_proj,431,0,4,7710
post_layernorm,431,0,4,42467
gate_proj,431,0,4,20423
up_proj,431,0,4,20851
act_fn,431,0,4,4961
down_proj,431,0,4,20883
final_layernorm,431,0,4,43014
lm_head,431,0,4,155825
embedding,432,0,4,14375
input_layernorm,432,0,4,41889
q_proj,432,0,4,8897
k_proj,432,0,4,7456
v_proj,432,0,4,7391
rope,432,0,4,26810
attn,432,0,4,10902
o_proj,432,0,4,7543
post_layernorm,432,0,4,42105
gate_proj,432,0,4,20399
up_proj,432,0,4,20796
act_fn,432,0,4,4972
down_proj,432,0,4,20361
final_layernorm,432,0,4,42611
lm_head,432,0,4,155493
embedding,433,0,4,14262
input_layernorm,433,0,4,42267
q_proj,433,0,4,9147
k_proj,433,0,4,6920
v_proj,433,0,4,6771
rope,433,0,4,26674
attn,433,0,4,10932
o_proj,433,0,4,7636
post_layernorm,433,0,4,42462
gate_proj,433,0,4,21347
up_proj,433,0,4,21107
act_fn,433,0,4,4964
down_proj,433,0,4,20611
final_layernorm,433,0,4,43035
lm_head,433,0,4,161112
embedding,434,0,4,14395
input_layernorm,434,0,4,42303
q_proj,434,0,4,9073
k_proj,434,0,4,6968
v_proj,434,0,4,6840
rope,434,0,4,26807
attn,434,0,4,10960
o_proj,434,0,4,7523
post_layernorm,434,0,4,42581
gate_proj,434,0,4,21426
up_proj,434,0,4,21146
act_fn,434,0,4,4958
down_proj,434,0,4,20637
final_layernorm,434,0,4,43090
lm_head,434,0,4,161235
embedding,435,0,4,14538
input_layernorm,435,0,4,42583
q_proj,435,0,4,9169
k_proj,435,0,4,7035
v_proj,435,0,4,6892
rope,435,0,4,27067
attn,435,0,4,11097
o_proj,435,0,4,7544
post_layernorm,435,0,4,42935
gate_proj,435,0,4,21571
up_proj,435,0,4,21297
act_fn,435,0,4,5012
down_proj,435,0,4,20797
final_layernorm,435,0,4,43484
lm_head,435,0,4,161844
embedding,436,0,4,14529
input_layernorm,436,0,4,42133
q_proj,436,0,4,9012
k_proj,436,0,4,6996
v_proj,436,0,4,6847
rope,436,0,4,27296
attn,436,0,4,11016
o_proj,436,0,4,7534
post_layernorm,436,0,4,42828
gate_proj,436,0,4,21446
up_proj,436,0,4,21226
act_fn,436,0,4,5022
down_proj,436,0,4,20449
final_layernorm,436,0,4,43377
lm_head,436,0,4,161649
embedding,437,0,4,14434
input_layernorm,437,0,4,42169
q_proj,437,0,4,8967
k_proj,437,0,4,6874
v_proj,437,0,4,6735
rope,437,0,4,26965
attn,437,0,4,10882
o_proj,437,0,4,7568
post_layernorm,437,0,4,42460
gate_proj,437,0,4,21312
up_proj,437,0,4,20862
act_fn,437,0,4,4966
down_proj,437,0,4,20364
final_layernorm,437,0,4,43020
lm_head,437,0,4,160647
embedding,438,0,4,14438
input_layernorm,438,0,4,42228
q_proj,438,0,4,8989
k_proj,438,0,4,6988
v_proj,438,0,4,6870
rope,438,0,4,26930
attn,438,0,4,11011
o_proj,438,0,4,7533
post_layernorm,438,0,4,42645
gate_proj,438,0,4,21434
up_proj,438,0,4,21211
act_fn,438,0,4,5020
down_proj,438,0,4,20469
final_layernorm,438,0,4,43363
lm_head,438,0,4,161823
embedding,439,0,4,14307
input_layernorm,439,0,4,42516
q_proj,439,0,4,9107
k_proj,439,0,4,6981
v_proj,439,0,4,6794
rope,439,0,4,27158
attn,439,0,4,10990
o_proj,439,0,4,7549
post_layernorm,439,0,4,42824
gate_proj,439,0,4,21287
up_proj,439,0,4,21050
act_fn,439,0,4,5010
down_proj,439,0,4,20470
final_layernorm,439,0,4,43615
lm_head,439,0,4,161341
embedding,440,0,4,14520
input_layernorm,440,0,4,42291
q_proj,440,0,4,8659
k_proj,440,0,4,7051
v_proj,440,0,4,6876
rope,440,0,4,27164
attn,440,0,4,11064
o_proj,440,0,4,7460
post_layernorm,440,0,4,42514
gate_proj,440,0,4,21407
up_proj,440,0,4,21286
act_fn,440,0,4,5012
down_proj,440,0,4,20167
final_layernorm,440,0,4,43237
lm_head,440,0,4,161825
embedding,441,0,4,14291
input_layernorm,441,0,4,42402
q_proj,441,0,4,8501
k_proj,441,0,4,6833
v_proj,441,0,4,6830
rope,441,0,4,27139
attn,441,0,4,10909
o_proj,441,0,4,7486
post_layernorm,441,0,4,42755
gate_proj,441,0,4,21164
up_proj,441,0,4,20983
act_fn,441,0,4,4978
down_proj,441,0,4,20230
final_layernorm,441,0,4,43470
lm_head,441,0,4,160926
embedding,442,0,4,14489
input_layernorm,442,0,4,42271
q_proj,442,0,4,8612
k_proj,442,0,4,6913
v_proj,442,0,4,6910
rope,442,0,4,27103
attn,442,0,4,10952
o_proj,442,0,4,7474
post_layernorm,442,0,4,42776
gate_proj,442,0,4,21305
up_proj,442,0,4,21230
act_fn,442,0,4,5045
down_proj,442,0,4,20089
final_layernorm,442,0,4,43388
lm_head,442,0,4,161716
embedding,443,0,4,14540
input_layernorm,443,0,4,42508
q_proj,443,0,4,8348
k_proj,443,0,4,6931
v_proj,443,0,4,6958
rope,443,0,4,27340
attn,443,0,4,11038
o_proj,443,0,4,7503
post_layernorm,443,0,4,42859
gate_proj,443,0,4,21367
up_proj,443,0,4,21261
act_fn,443,0,4,5033
down_proj,443,0,4,20079
final_layernorm,443,0,4,43486
lm_head,443,0,4,161816
embedding,444,0,4,14391
input_layernorm,444,0,4,42507
q_proj,444,0,4,8343
k_proj,444,0,4,6903
v_proj,444,0,4,6913
rope,444,0,4,27071
attn,444,0,4,10990
o_proj,444,0,4,7449
post_layernorm,444,0,4,42774
gate_proj,444,0,4,21285
up_proj,444,0,4,21119
act_fn,444,0,4,5001
down_proj,444,0,4,20311
final_layernorm,444,0,4,43660
lm_head,444,0,4,161566
embedding,445,0,4,14270
input_layernorm,445,0,4,42411
q_proj,445,0,4,8617
k_proj,445,0,4,6813
v_proj,445,0,4,6839
rope,445,0,4,27269
attn,445,0,4,10891
o_proj,445,0,4,7492
post_layernorm,445,0,4,42916
gate_proj,445,0,4,21229
up_proj,445,0,4,20952
act_fn,445,0,4,5026
down_proj,445,0,4,20230
final_layernorm,445,0,4,43572
lm_head,445,0,4,161251
embedding,446,0,4,14551
input_layernorm,446,0,4,42403
q_proj,446,0,4,8599
k_proj,446,0,4,6890
v_proj,446,0,4,6934
rope,446,0,4,27011
attn,446,0,4,10963
o_proj,446,0,4,7440
post_layernorm,446,0,4,42815
gate_proj,446,0,4,21345
up_proj,446,0,4,21139
act_fn,446,0,4,5049
down_proj,446,0,4,20068
final_layernorm,446,0,4,43524
lm_head,446,0,4,161899
embedding,447,0,4,14447
input_layernorm,447,0,4,42451
q_proj,447,0,4,8371
k_proj,447,0,4,6840
v_proj,447,0,4,6896
rope,447,0,4,27198
attn,447,0,4,10930
o_proj,447,0,4,7456
post_layernorm,447,0,4,42768
gate_proj,447,0,4,21211
up_proj,447,0,4,21088
act_fn,447,0,4,5028
down_proj,447,0,4,20235
final_layernorm,447,0,4,43407
lm_head,447,0,4,161487
embedding,448,0,4,14732
input_layernorm,448,0,4,42288
q_proj,448,0,4,9778
k_proj,448,0,4,6644
v_proj,448,0,4,6361
rope,448,0,4,27368
attn,448,0,4,10991
o_proj,448,0,4,7797
post_layernorm,448,0,4,42457
gate_proj,448,0,4,27265
up_proj,448,0,4,24880
act_fn,448,0,4,5396
down_proj,448,0,4,26107
final_layernorm,448,0,4,43350
lm_head,448,0,4,301413
embedding,449,0,4,14822
input_layernorm,449,0,4,42623
q_proj,449,0,4,10327
k_proj,449,0,4,6827
v_proj,449,0,4,6823
rope,449,0,4,27784
attn,449,0,4,11015
o_proj,449,0,4,7949
post_layernorm,449,0,4,43303
gate_proj,449,0,4,21696
up_proj,449,0,4,21846
act_fn,449,0,4,5072
down_proj,449,0,4,22473
final_layernorm,449,0,4,43785
lm_head,449,0,4,162063
embedding,450,0,4,14651
input_layernorm,450,0,4,42394
q_proj,450,0,4,10355
k_proj,450,0,4,6807
v_proj,450,0,4,6558
rope,450,0,4,27866
attn,450,0,4,10985
o_proj,450,0,4,7896
post_layernorm,450,0,4,43136
gate_proj,450,0,4,21681
up_proj,450,0,4,21871
act_fn,450,0,4,5084
down_proj,450,0,4,22419
final_layernorm,450,0,4,43581
lm_head,450,0,4,162133
embedding,451,0,4,14719
input_layernorm,451,0,4,42087
q_proj,451,0,4,10190
k_proj,451,0,4,6798
v_proj,451,0,4,6584
rope,451,0,4,27761
attn,451,0,4,10928
o_proj,451,0,4,7893
post_layernorm,451,0,4,43260
gate_proj,451,0,4,21649
up_proj,451,0,4,21762
act_fn,451,0,4,5074
down_proj,451,0,4,22331
final_layernorm,451,0,4,43669
lm_head,451,0,4,161849
embedding,452,0,4,14811
input_layernorm,452,0,4,42298
q_proj,452,0,4,10375
k_proj,452,0,4,6781
v_proj,452,0,4,6530
rope,452,0,4,27913
attn,452,0,4,10958
o_proj,452,0,4,7953
post_layernorm,452,0,4,43204
gate_proj,452,0,4,21671
up_proj,452,0,4,21763
act_fn,452,0,4,5095
down_proj,452,0,4,22615
final_layernorm,452,0,4,43749
lm_head,452,0,4,161873
embedding,453,0,4,14870
input_layernorm,453,0,4,42450
q_proj,453,0,4,10157
k_proj,453,0,4,6798
v_proj,453,0,4,6589
rope,453,0,4,27721
attn,453,0,4,10931
o_proj,453,0,4,7954
post_layernorm,453,0,4,43133
gate_proj,453,0,4,21680
up_proj,453,0,4,21690
act_fn,453,0,4,5085
down_proj,453,0,4,22191
final_layernorm,453,0,4,43622
lm_head,453,0,4,161741
embedding,454,0,4,14843
input_layernorm,454,0,4,42434
q_proj,454,0,4,10169
k_proj,454,0,4,6794
v_proj,454,0,4,6516
rope,454,0,4,27703
attn,454,0,4,10961
o_proj,454,0,4,7680
post_layernorm,454,0,4,43273
gate_proj,454,0,4,21649
up_proj,454,0,4,21735
act_fn,454,0,4,5086
down_proj,454,0,4,22330
final_layernorm,454,0,4,43841
lm_head,454,0,4,161898
embedding,455,0,4,15047
input_layernorm,455,0,4,42680
q_proj,455,0,4,10145
k_proj,455,0,4,6830
v_proj,455,0,4,6527
rope,455,0,4,27760
attn,455,0,4,10960
o_proj,455,0,4,7703
post_layernorm,455,0,4,43459
gate_proj,455,0,4,21613
up_proj,455,0,4,21820
act_fn,455,0,4,5102
down_proj,455,0,4,22084
final_layernorm,455,0,4,43820
lm_head,455,0,4,162196
embedding,456,0,4,14990
input_layernorm,456,0,4,42337
q_proj,456,0,4,10032
k_proj,456,0,4,6833
v_proj,456,0,4,6541
rope,456,0,4,27915
attn,456,0,4,11034
o_proj,456,0,4,7730
post_layernorm,456,0,4,42942
gate_proj,456,0,4,21743
up_proj,456,0,4,21966
act_fn,456,0,4,5106
down_proj,456,0,4,21775
final_layernorm,456,0,4,43483
lm_head,456,0,4,162490
embedding,457,0,4,14905
input_layernorm,457,0,4,42443
q_proj,457,0,4,10088
k_proj,457,0,4,6779
v_proj,457,0,4,6551
rope,457,0,4,27705
attn,457,0,4,10889
o_proj,457,0,4,7708
post_layernorm,457,0,4,43182
gate_proj,457,0,4,21609
up_proj,457,0,4,21686
act_fn,457,0,4,5117
down_proj,457,0,4,21464
final_layernorm,457,0,4,43625
lm_head,457,0,4,167638
embedding,458,0,4,15105
input_layernorm,458,0,4,42657
q_proj,458,0,4,10087
k_proj,458,0,4,6806
v_proj,458,0,4,6517
rope,458,0,4,27840
attn,458,0,4,10984
o_proj,458,0,4,7783
post_layernorm,458,0,4,43410
gate_proj,458,0,4,21719
up_proj,458,0,4,21855
act_fn,458,0,4,5107
down_proj,458,0,4,21599
final_layernorm,458,0,4,43950
lm_head,458,0,4,168223
embedding,459,0,4,15094
input_layernorm,459,0,4,42678
q_proj,459,0,4,9967
k_proj,459,0,4,6819
v_proj,459,0,4,6523
rope,459,0,4,27864
attn,459,0,4,11044
o_proj,459,0,4,7758
post_layernorm,459,0,4,43394
gate_proj,459,0,4,21751
up_proj,459,0,4,21890
act_fn,459,0,4,5123
down_proj,459,0,4,21653
final_layernorm,459,0,4,43851
lm_head,459,0,4,168284
embedding,460,0,4,15102
input_layernorm,460,0,4,42734
q_proj,460,0,4,10096
k_proj,460,0,4,6813
v_proj,460,0,4,6548
rope,460,0,4,27850
attn,460,0,4,10983
o_proj,460,0,4,7798
post_layernorm,460,0,4,43468
gate_proj,460,0,4,21657
up_proj,460,0,4,21823
act_fn,460,0,4,5122
down_proj,460,0,4,21594
final_layernorm,460,0,4,44014
lm_head,460,0,4,168064
embedding,461,0,4,15192
input_layernorm,461,0,4,42758
q_proj,461,0,4,9986
k_proj,461,0,4,6765
v_proj,461,0,4,6498
rope,461,0,4,27744
attn,461,0,4,10972
o_proj,461,0,4,7747
post_layernorm,461,0,4,43579
gate_proj,461,0,4,21658
up_proj,461,0,4,21766
act_fn,461,0,4,5124
down_proj,461,0,4,21405
final_layernorm,461,0,4,44047
lm_head,461,0,4,168148
embedding,462,0,4,15100
input_layernorm,462,0,4,42695
q_proj,462,0,4,9901
k_proj,462,0,4,6806
v_proj,462,0,4,6575
rope,462,0,4,27720
attn,462,0,4,10965
o_proj,462,0,4,7753
post_layernorm,462,0,4,43405
gate_proj,462,0,4,21725
up_proj,462,0,4,21883
act_fn,462,0,4,5142
down_proj,462,0,4,21606
final_layernorm,462,0,4,43817
lm_head,462,0,4,168329
embedding,463,0,4,15126
input_layernorm,463,0,4,42546
q_proj,463,0,4,9882
k_proj,463,0,4,6767
v_proj,463,0,4,6474
rope,463,0,4,27731
attn,463,0,4,10956
o_proj,463,0,4,7716
post_layernorm,463,0,4,43317
gate_proj,463,0,4,21688
up_proj,463,0,4,21804
act_fn,463,0,4,5161
down_proj,463,0,4,21327
final_layernorm,463,0,4,43809
lm_head,463,0,4,168287
embedding,464,0,4,15339
input_layernorm,464,0,4,42715
q_proj,464,0,4,9769
k_proj,464,0,4,7231
v_proj,464,0,4,7105
rope,464,0,4,27818
attn,464,0,4,11072
o_proj,464,0,4,7881
post_layernorm,464,0,4,43186
gate_proj,464,0,4,22704
up_proj,464,0,4,22844
act_fn,464,0,4,5182
down_proj,464,0,4,25098
final_layernorm,464,0,4,43761
lm_head,464,0,4,168797
embedding,465,0,4,15252
input_layernorm,465,0,4,43062
q_proj,465,0,4,9666
k_proj,465,0,4,7268
v_proj,465,0,4,7148
rope,465,0,4,27909
attn,465,0,4,11120
o_proj,465,0,4,7752
post_layernorm,465,0,4,43794
gate_proj,465,0,4,22739
up_proj,465,0,4,22871
act_fn,465,0,4,5221
down_proj,465,0,4,21406
final_layernorm,465,0,4,44260
lm_head,465,0,4,168969
embedding,466,0,4,15311
input_layernorm,466,0,4,42765
q_proj,466,0,4,9558
k_proj,466,0,4,7193
v_proj,466,0,4,7075
rope,466,0,4,27690
attn,466,0,4,11016
o_proj,466,0,4,7837
post_layernorm,466,0,4,43452
gate_proj,466,0,4,22643
up_proj,466,0,4,22710
act_fn,466,0,4,5205
down_proj,466,0,4,21246
final_layernorm,466,0,4,43854
lm_head,466,0,4,168432
embedding,467,0,4,15172
input_layernorm,467,0,4,42769
q_proj,467,0,4,9696
k_proj,467,0,4,7180
v_proj,467,0,4,7090
rope,467,0,4,27869
attn,467,0,4,11054
o_proj,467,0,4,7845
post_layernorm,467,0,4,43459
gate_proj,467,0,4,22611
up_proj,467,0,4,22691
act_fn,467,0,4,5205
down_proj,467,0,4,21413
final_layernorm,467,0,4,43948
lm_head,467,0,4,168524
embedding,468,0,4,15183
input_layernorm,468,0,4,43114
q_proj,468,0,4,9541
k_proj,468,0,4,7232
v_proj,468,0,4,7133
rope,468,0,4,27912
attn,468,0,4,10993
o_proj,468,0,4,7777
post_layernorm,468,0,4,43874
gate_proj,468,0,4,22689
up_proj,468,0,4,22739
act_fn,468,0,4,5202
down_proj,468,0,4,21255
final_layernorm,468,0,4,44015
lm_head,468,0,4,168332
embedding,469,0,4,15255
input_layernorm,469,0,4,43278
q_proj,469,0,4,9493
k_proj,469,0,4,7309
v_proj,469,0,4,7128
rope,469,0,4,28038
attn,469,0,4,11095
o_proj,469,0,4,7890
post_layernorm,469,0,4,43937
gate_proj,469,0,4,22906
up_proj,469,0,4,22940
act_fn,469,0,4,5232
down_proj,469,0,4,21147
final_layernorm,469,0,4,44401
lm_head,469,0,4,169429
embedding,470,0,4,15371
input_layernorm,470,0,4,42926
q_proj,470,0,4,9472
k_proj,470,0,4,7249
v_proj,470,0,4,7148
rope,470,0,4,27890
attn,470,0,4,11075
o_proj,470,0,4,7907
post_layernorm,470,0,4,43512
gate_proj,470,0,4,22826
up_proj,470,0,4,22847
act_fn,470,0,4,5234
down_proj,470,0,4,21079
final_layernorm,470,0,4,44167
lm_head,470,0,4,168965
embedding,471,0,4,15137
input_layernorm,471,0,4,42820
q_proj,471,0,4,9351
k_proj,471,0,4,7294
v_proj,471,0,4,7123
rope,471,0,4,27819
attn,471,0,4,10949
o_proj,471,0,4,7837
post_layernorm,471,0,4,43608
gate_proj,471,0,4,22717
up_proj,471,0,4,22573
act_fn,471,0,4,5184
down_proj,471,0,4,21068
final_layernorm,471,0,4,44085
lm_head,471,0,4,168491
embedding,472,0,4,15304
input_layernorm,472,0,4,42959
q_proj,472,0,4,9332
k_proj,472,0,4,7423
v_proj,472,0,4,7283
rope,472,0,4,28081
attn,472,0,4,11089
o_proj,472,0,4,7927
post_layernorm,472,0,4,43539
gate_proj,472,0,4,22803
up_proj,472,0,4,22885
act_fn,472,0,4,5234
down_proj,472,0,4,21071
final_layernorm,472,0,4,43998
lm_head,472,0,4,169149
embedding,473,0,4,15280
input_layernorm,473,0,4,43179
q_proj,473,0,4,9309
k_proj,473,0,4,7268
v_proj,473,0,4,7158
rope,473,0,4,27900
attn,473,0,4,11025
o_proj,473,0,4,7847
post_layernorm,473,0,4,43856
gate_proj,473,0,4,22835
up_proj,473,0,4,22750
act_fn,473,0,4,5181
down_proj,473,0,4,21107
final_layernorm,473,0,4,44326
lm_head,473,0,4,168993
embedding,474,0,4,15123
input_layernorm,474,0,4,42946
q_proj,474,0,4,9212
k_proj,474,0,4,7261
v_proj,474,0,4,7129
rope,474,0,4,27952
attn,474,0,4,11055
o_proj,474,0,4,7911
post_layernorm,474,0,4,43786
gate_proj,474,0,4,22829
up_proj,474,0,4,22761
act_fn,474,0,4,5253
down_proj,474,0,4,21289
final_layernorm,474,0,4,44245
lm_head,474,0,4,169216
embedding,475,0,4,15378
input_layernorm,475,0,4,42827
q_proj,475,0,4,9212
k_proj,475,0,4,7263
v_proj,475,0,4,7093
rope,475,0,4,27991
attn,475,0,4,11046
o_proj,475,0,4,7910
post_layernorm,475,0,4,43920
gate_proj,475,0,4,22732
up_proj,475,0,4,22799
act_fn,475,0,4,5240
down_proj,475,0,4,21142
final_layernorm,475,0,4,44159
lm_head,475,0,4,168907
embedding,476,0,4,15447
input_layernorm,476,0,4,42926
q_proj,476,0,4,9231
k_proj,476,0,4,7225
v_proj,476,0,4,7121
rope,476,0,4,28024
attn,476,0,4,11014
o_proj,476,0,4,7907
post_layernorm,476,0,4,43866
gate_proj,476,0,4,22835
up_proj,476,0,4,22756
act_fn,476,0,4,5259
down_proj,476,0,4,21283
final_layernorm,476,0,4,44255
lm_head,476,0,4,168973
embedding,477,0,4,15330
input_layernorm,477,0,4,43110
q_proj,477,0,4,9185
k_proj,477,0,4,7193
v_proj,477,0,4,7058
rope,477,0,4,27948
attn,477,0,4,11054
o_proj,477,0,4,7874
post_layernorm,477,0,4,43802
gate_proj,477,0,4,22850
up_proj,477,0,4,22860
act_fn,477,0,4,5247
down_proj,477,0,4,21102
final_layernorm,477,0,4,44399
lm_head,477,0,4,169181
embedding,478,0,4,15339
input_layernorm,478,0,4,43089
q_proj,478,0,4,8941
k_proj,478,0,4,7272
v_proj,478,0,4,7130
rope,478,0,4,28039
attn,478,0,4,11077
o_proj,478,0,4,7949
post_layernorm,478,0,4,43988
gate_proj,478,0,4,22896
up_proj,478,0,4,22877
act_fn,478,0,4,5277
down_proj,478,0,4,21235
final_layernorm,478,0,4,44552
lm_head,478,0,4,169614
embedding,479,0,4,15394
input_layernorm,479,0,4,43251
q_proj,479,0,4,8861
k_proj,479,0,4,7327
v_proj,479,0,4,7136
rope,479,0,4,28086
attn,479,0,4,11131
o_proj,479,0,4,7905
post_layernorm,479,0,4,44073
gate_proj,479,0,4,22839
up_proj,479,0,4,22749
act_fn,479,0,4,5284
down_proj,479,0,4,21274
final_layernorm,479,0,4,44501
lm_head,479,0,4,169553
embedding,480,0,4,15465
input_layernorm,480,0,4,43044
q_proj,480,0,4,10390
k_proj,480,0,4,6758
v_proj,480,0,4,6510
rope,480,0,4,28132
attn,480,0,4,11040
o_proj,480,0,4,8729
post_layernorm,480,0,4,43603
gate_proj,480,0,4,22910
up_proj,480,0,4,22929
act_fn,480,0,4,5263
down_proj,480,0,4,23683
final_layernorm,480,0,4,44085
lm_head,480,0,4,169367
embedding,481,0,4,15434
input_layernorm,481,0,4,43054
q_proj,481,0,4,10524
k_proj,481,0,4,8406
v_proj,481,0,4,8390
rope,481,0,4,27872
attn,481,0,4,10964
o_proj,481,0,4,8100
post_layernorm,481,0,4,44003
gate_proj,481,0,4,22338
up_proj,481,0,4,22975
act_fn,481,0,4,5260
down_proj,481,0,4,23280
final_layernorm,481,0,4,44673
lm_head,481,0,4,173740
embedding,482,0,4,15431
input_layernorm,482,0,4,43278
q_proj,482,0,4,10291
k_proj,482,0,4,8643
v_proj,482,0,4,8485
rope,482,0,4,28115
attn,482,0,4,11048
o_proj,482,0,4,8130
post_layernorm,482,0,4,44090
gate_proj,482,0,4,22483
up_proj,482,0,4,23337
act_fn,482,0,4,5246
down_proj,482,0,4,23271
final_layernorm,482,0,4,44692
lm_head,482,0,4,174718
embedding,483,0,4,15539
input_layernorm,483,0,4,43218
q_proj,483,0,4,10413
k_proj,483,0,4,8640
v_proj,483,0,4,8541
rope,483,0,4,28141
attn,483,0,4,11083
o_proj,483,0,4,8107
post_layernorm,483,0,4,44128
gate_proj,483,0,4,22549
up_proj,483,0,4,23319
act_fn,483,0,4,5274
down_proj,483,0,4,23138
final_layernorm,483,0,4,44789
lm_head,483,0,4,174692
embedding,484,0,4,15721
input_layernorm,484,0,4,43345
q_proj,484,0,4,10266
k_proj,484,0,4,8672
v_proj,484,0,4,8460
rope,484,0,4,28199
attn,484,0,4,11113
o_proj,484,0,4,8161
post_layernorm,484,0,4,44146
gate_proj,484,0,4,22650
up_proj,484,0,4,23451
act_fn,484,0,4,5326
down_proj,484,0,4,22935
final_layernorm,484,0,4,44805
lm_head,484,0,4,175058
embedding,485,0,4,15468
input_layernorm,485,0,4,43250
q_proj,485,0,4,10475
k_proj,485,0,4,8833
v_proj,485,0,4,8646
rope,485,0,4,28022
attn,485,0,4,11026
o_proj,485,0,4,8030
post_layernorm,485,0,4,44005
gate_proj,485,0,4,22506
up_proj,485,0,4,22997
act_fn,485,0,4,5290
down_proj,485,0,4,22655
final_layernorm,485,0,4,44419
lm_head,485,0,4,174564
embedding,486,0,4,15607
input_layernorm,486,0,4,43309
q_proj,486,0,4,10370
k_proj,486,0,4,8423
v_proj,486,0,4,8242
rope,486,0,4,28139
attn,486,0,4,11094
o_proj,486,0,4,8159
post_layernorm,486,0,4,44286
gate_proj,486,0,4,22542
up_proj,486,0,4,23215
act_fn,486,0,4,5290
down_proj,486,0,4,22923
final_layernorm,486,0,4,44784
lm_head,486,0,4,174968
embedding,487,0,4,15835
input_layernorm,487,0,4,43511
q_proj,487,0,4,10561
k_proj,487,0,4,8486
v_proj,487,0,4,8313
rope,487,0,4,28256
attn,487,0,4,11121
o_proj,487,0,4,8094
post_layernorm,487,0,4,44287
gate_proj,487,0,4,22630
up_proj,487,0,4,23264
act_fn,487,0,4,5338
down_proj,487,0,4,22808
final_layernorm,487,0,4,45024
lm_head,487,0,4,175510
embedding,488,0,4,15565
input_layernorm,488,0,4,43310
q_proj,488,0,4,10203
k_proj,488,0,4,8507
v_proj,488,0,4,8409
rope,488,0,4,28237
attn,488,0,4,11038
o_proj,488,0,4,8118
post_layernorm,488,0,4,43960
gate_proj,488,0,4,22511
up_proj,488,0,4,23219
act_fn,488,0,4,5302
down_proj,488,0,4,22239
final_layernorm,488,0,4,44591
lm_head,488,0,4,174743
embedding,489,0,4,15765
input_layernorm,489,0,4,43390
q_proj,489,0,4,10247
k_proj,489,0,4,8439
v_proj,489,0,4,8301
rope,489,0,4,28123
attn,489,0,4,11085
o_proj,489,0,4,8096
post_layernorm,489,0,4,44273
gate_proj,489,0,4,22556
up_proj,489,0,4,23246
act_fn,489,0,4,5314
down_proj,489,0,4,22085
final_layernorm,489,0,4,45035
lm_head,489,0,4,175135
embedding,490,0,4,15861
input_layernorm,490,0,4,43383
q_proj,490,0,4,9982
k_proj,490,0,4,8604
v_proj,490,0,4,8503
rope,490,0,4,28198
attn,490,0,4,11039
o_proj,490,0,4,8133
post_layernorm,490,0,4,44290
gate_proj,490,0,4,22540
up_proj,490,0,4,23130
act_fn,490,0,4,5325
down_proj,490,0,4,22260
final_layernorm,490,0,4,44842
lm_head,490,0,4,174647
embedding,491,0,4,15897
input_layernorm,491,0,4,43508
q_proj,491,0,4,10028
k_proj,491,0,4,8387
v_proj,491,0,4,8313
rope,491,0,4,28340
attn,491,0,4,11155
o_proj,491,0,4,8116
post_layernorm,491,0,4,44429
gate_proj,491,0,4,22655
up_proj,491,0,4,23395
act_fn,491,0,4,5332
down_proj,491,0,4,22381
final_layernorm,491,0,4,44993
lm_head,491,0,4,175587
embedding,492,0,4,16028
input_layernorm,492,0,4,43349
q_proj,492,0,4,9921
k_proj,492,0,4,8535
v_proj,492,0,4,8438
rope,492,0,4,28301
attn,492,0,4,11050
o_proj,492,0,4,8125
post_layernorm,492,0,4,44295
gate_proj,492,0,4,22595
up_proj,492,0,4,23144
act_fn,492,0,4,5361
down_proj,492,0,4,22283
final_layernorm,492,0,4,44724
lm_head,492,0,4,174792
embedding,493,0,4,15913
input_layernorm,493,0,4,43428
q_proj,493,0,4,10153
k_proj,493,0,4,8420
v_proj,493,0,4,8285
rope,493,0,4,28247
attn,493,0,4,11051
o_proj,493,0,4,8106
post_layernorm,493,0,4,44332
gate_proj,493,0,4,22573
up_proj,493,0,4,23126
act_fn,493,0,4,5354
down_proj,493,0,4,22084
final_layernorm,493,0,4,44928
lm_head,493,0,4,174929
embedding,494,0,4,16171
input_layernorm,494,0,4,43610
q_proj,494,0,4,9898
k_proj,494,0,4,8552
v_proj,494,0,4,8357
rope,494,0,4,28374
attn,494,0,4,11129
o_proj,494,0,4,8171
post_layernorm,494,0,4,44419
gate_proj,494,0,4,22634
up_proj,494,0,4,23357
act_fn,494,0,4,5390
down_proj,494,0,4,22269
final_layernorm,494,0,4,44997
lm_head,494,0,4,175549
embedding,495,0,4,16064
input_layernorm,495,0,4,43652
q_proj,495,0,4,9883
k_proj,495,0,4,8553
v_proj,495,0,4,8395
rope,495,0,4,28306
attn,495,0,4,11133
o_proj,495,0,4,8104
post_layernorm,495,0,4,44538
gate_proj,495,0,4,22569
up_proj,495,0,4,23273
act_fn,495,0,4,5356
down_proj,495,0,4,22155
final_layernorm,495,0,4,44996
lm_head,495,0,4,175334
embedding,496,0,4,16249
input_layernorm,496,0,4,43610
q_proj,496,0,4,9639
k_proj,496,0,4,6687
v_proj,496,0,4,6671
rope,496,0,4,28277
attn,496,0,4,11133
o_proj,496,0,4,8180
post_layernorm,496,0,4,44174
gate_proj,496,0,4,23190
up_proj,496,0,4,22909
act_fn,496,0,4,5694
down_proj,496,0,4,21373
final_layernorm,496,0,4,44751
lm_head,496,0,4,180803
embedding,497,0,4,16173
input_layernorm,497,0,4,43622
q_proj,497,0,4,9693
k_proj,497,0,4,8348
v_proj,497,0,4,8237
rope,497,0,4,28335
attn,497,0,4,11158
o_proj,497,0,4,8182
post_layernorm,497,0,4,44508
gate_proj,497,0,4,23066
up_proj,497,0,4,22492
act_fn,497,0,4,5686
down_proj,497,0,4,21378
final_layernorm,497,0,4,45021
lm_head,497,0,4,180658
embedding,498,0,4,16205
input_layernorm,498,0,4,43701
q_proj,498,0,4,9604
k_proj,498,0,4,8633
v_proj,498,0,4,8573
rope,498,0,4,28324
attn,498,0,4,11080
o_proj,498,0,4,8065
post_layernorm,498,0,4,44569
gate_proj,498,0,4,23046
up_proj,498,0,4,22684
act_fn,498,0,4,5721
down_proj,498,0,4,21290
final_layernorm,498,0,4,45048
lm_head,498,0,4,180594
embedding,499,0,4,16088
input_layernorm,499,0,4,43817
q_proj,499,0,4,9763
k_proj,499,0,4,8484
v_proj,499,0,4,8495
rope,499,0,4,28392
attn,499,0,4,11146
o_proj,499,0,4,8190
post_layernorm,499,0,4,44665
gate_proj,499,0,4,23024
up_proj,499,0,4,22365
act_fn,499,0,4,5723
down_proj,499,0,4,21272
final_layernorm,499,0,4,45008
lm_head,499,0,4,180845
embedding,500,0,4,16156
input_layernorm,500,0,4,43673
q_proj,500,0,4,9596
k_proj,500,0,4,8635
v_proj,500,0,4,8491
rope,500,0,4,28538
attn,500,0,4,11090
o_proj,500,0,4,8169
post_layernorm,500,0,4,44670
gate_proj,500,0,4,23009
up_proj,500,0,4,22620
act_fn,500,0,4,5711
down_proj,500,0,4,21362
final_layernorm,500,0,4,45215
lm_head,500,0,4,180628
embedding,501,0,4,16170
input_layernorm,501,0,4,43799
q_proj,501,0,4,9735
k_proj,501,0,4,8449
v_proj,501,0,4,8247
rope,501,0,4,28440
attn,501,0,4,11159
o_proj,501,0,4,8184
post_layernorm,501,0,4,44740
gate_proj,501,0,4,22958
up_proj,501,0,4,22705
act_fn,501,0,4,5707
down_proj,501,0,4,21335
final_layernorm,501,0,4,45202
lm_head,501,0,4,181021
embedding,502,0,4,16217
input_layernorm,502,0,4,43721
q_proj,502,0,4,9550
k_proj,502,0,4,8574
v_proj,502,0,4,8463
rope,502,0,4,28504
attn,502,0,4,11096
o_proj,502,0,4,8233
post_layernorm,502,0,4,44718
gate_proj,502,0,4,22839
up_proj,502,0,4,22415
act_fn,502,0,4,5721
down_proj,502,0,4,21336
final_layernorm,502,0,4,45083
lm_head,502,0,4,180843
embedding,503,0,4,16187
input_layernorm,503,0,4,43822
q_proj,503,0,4,9665
k_proj,503,0,4,8667
v_proj,503,0,4,8586
rope,503,0,4,28507
attn,503,0,4,11180
o_proj,503,0,4,8248
post_layernorm,503,0,4,44892
gate_proj,503,0,4,22971
up_proj,503,0,4,22693
act_fn,503,0,4,5734
down_proj,503,0,4,21302
final_layernorm,503,0,4,45260
lm_head,503,0,4,181145
embedding,504,0,4,16166
input_layernorm,504,0,4,43797
q_proj,504,0,4,9181
k_proj,504,0,4,8598
v_proj,504,0,4,8551
rope,504,0,4,28599
attn,504,0,4,11072
o_proj,504,0,4,8227
post_layernorm,504,0,4,44552
gate_proj,504,0,4,22683
up_proj,504,0,4,22294
act_fn,504,0,4,5749
down_proj,504,0,4,21326
final_layernorm,504,0,4,44963
lm_head,504,0,4,180644
embedding,505,0,4,16061
input_layernorm,505,0,4,43876
q_proj,505,0,4,9117
k_proj,505,0,4,6632
v_proj,505,0,4,6475
rope,505,0,4,28110
attn,505,0,4,11127
o_proj,505,0,4,8236
post_layernorm,505,0,4,44708
gate_proj,505,0,4,22565
up_proj,505,0,4,22578
act_fn,505,0,4,5730
down_proj,505,0,4,21267
final_layernorm,505,0,4,45172
lm_head,505,0,4,181063
embedding,506,0,4,16181
input_layernorm,506,0,4,43896
q_proj,506,0,4,8962
k_proj,506,0,4,6677
v_proj,506,0,4,6467
rope,506,0,4,28319
attn,506,0,4,11128
o_proj,506,0,4,8254
post_layernorm,506,0,4,44852
gate_proj,506,0,4,22561
up_proj,506,0,4,22574
act_fn,506,0,4,5755
down_proj,506,0,4,21349
final_layernorm,506,0,4,45347
lm_head,506,0,4,181285
embedding,507,0,4,16239
input_layernorm,507,0,4,44108
q_proj,507,0,4,9216
k_proj,507,0,4,6636
v_proj,507,0,4,6497
rope,507,0,4,28124
attn,507,0,4,11159
o_proj,507,0,4,8243
post_layernorm,507,0,4,44936
gate_proj,507,0,4,22733
up_proj,507,0,4,22414
act_fn,507,0,4,5746
down_proj,507,0,4,21314
final_layernorm,507,0,4,45345
lm_head,507,0,4,180965
embedding,508,0,4,16236
input_layernorm,508,0,4,44036
q_proj,508,0,4,8885
k_proj,508,0,4,6634
v_proj,508,0,4,6484
rope,508,0,4,28297
attn,508,0,4,11139
o_proj,508,0,4,8216
post_layernorm,508,0,4,44909
gate_proj,508,0,4,22229
up_proj,508,0,4,22330
act_fn,508,0,4,5782
down_proj,508,0,4,21344
final_layernorm,508,0,4,45471
lm_head,508,0,4,181093
embedding,509,0,4,16133
input_layernorm,509,0,4,43981
q_proj,509,0,4,9243
k_proj,509,0,4,6625
v_proj,509,0,4,6479
rope,509,0,4,28100
attn,509,0,4,11108
o_proj,509,0,4,8207
post_layernorm,509,0,4,44934
gate_proj,509,0,4,22727
up_proj,509,0,4,22424
act_fn,509,0,4,5793
down_proj,509,0,4,21295
final_layernorm,509,0,4,45371
lm_head,509,0,4,180864
embedding,510,0,4,16209
input_layernorm,510,0,4,44066
q_proj,510,0,4,8828
k_proj,510,0,4,6657
v_proj,510,0,4,6460
rope,510,0,4,28168
attn,510,0,4,11160
o_proj,510,0,4,8260
post_layernorm,510,0,4,45027
gate_proj,510,0,4,22421
up_proj,510,0,4,22505
act_fn,510,0,4,5773
down_proj,510,0,4,21361
final_layernorm,510,0,4,45336
lm_head,510,0,4,181332
embedding,511,0,4,16115
input_layernorm,511,0,4,44057
q_proj,511,0,4,9225
k_proj,511,0,4,6579
v_proj,511,0,4,6498
rope,511,0,4,28098
attn,511,0,4,11114
o_proj,511,0,4,8286
post_layernorm,511,0,4,45027
gate_proj,511,0,4,22436
up_proj,511,0,4,22294
act_fn,511,0,4,5772
down_proj,511,0,4,21338
final_layernorm,511,0,4,45446
lm_head,511,0,4,180969
embedding,512,0,4,16278
input_layernorm,512,0,4,44076
q_proj,512,0,4,8610
k_proj,512,0,4,6703
v_proj,512,0,4,6464
rope,512,0,4,28253
attn,512,0,4,10766
o_proj,512,0,4,8273
post_layernorm,512,0,4,44736
gate_proj,512,0,4,22411
up_proj,512,0,4,22493
act_fn,512,0,4,5806
down_proj,512,0,4,21403
final_layernorm,512,0,4,45277
lm_head,512,0,4,181400
embedding,513,0,4,16265
input_layernorm,513,0,4,44534
q_proj,513,0,4,10774
k_proj,513,0,4,7121
v_proj,513,0,4,6974
rope,513,0,4,28672
attn,513,0,4,13032
o_proj,513,0,4,8161
post_layernorm,513,0,4,45199
gate_proj,513,0,4,24273
up_proj,513,0,4,24873
act_fn,513,0,4,5480
down_proj,513,0,4,21959
final_layernorm,513,0,4,46013
lm_head,513,0,4,186619
embedding,514,0,4,16300
input_layernorm,514,0,4,44515
q_proj,514,0,4,10812
k_proj,514,0,4,7090
v_proj,514,0,4,6974
rope,514,0,4,28672
attn,514,0,4,12928
o_proj,514,0,4,8120
post_layernorm,514,0,4,45218
gate_proj,514,0,4,24163
up_proj,514,0,4,25026
act_fn,514,0,4,5514
down_proj,514,0,4,21944
final_layernorm,514,0,4,46103
lm_head,514,0,4,186820
embedding,515,0,4,16374
input_layernorm,515,0,4,44570
q_proj,515,0,4,10810
k_proj,515,0,4,7096
v_proj,515,0,4,6929
rope,515,0,4,28712
attn,515,0,4,13017
o_proj,515,0,4,8155
post_layernorm,515,0,4,45441
gate_proj,515,0,4,24217
up_proj,515,0,4,25060
act_fn,515,0,4,5491
down_proj,515,0,4,21960
final_layernorm,515,0,4,46043
lm_head,515,0,4,186609
embedding,516,0,4,16183
input_layernorm,516,0,4,44604
q_proj,516,0,4,10681
k_proj,516,0,4,7074
v_proj,516,0,4,6982
rope,516,0,4,28842
attn,516,0,4,12962
o_proj,516,0,4,8174
post_layernorm,516,0,4,45412
gate_proj,516,0,4,24164
up_proj,516,0,4,24973
act_fn,516,0,4,5491
down_proj,516,0,4,22025
final_layernorm,516,0,4,46103
lm_head,516,0,4,186638
embedding,517,0,4,16439
input_layernorm,517,0,4,44710
q_proj,517,0,4,10781
k_proj,517,0,4,7130
v_proj,517,0,4,7014
rope,517,0,4,28755
attn,517,0,4,12951
o_proj,517,0,4,8203
post_layernorm,517,0,4,45520
gate_proj,517,0,4,24275
up_proj,517,0,4,25256
act_fn,517,0,4,5516
down_proj,517,0,4,21981
final_layernorm,517,0,4,46339
lm_head,517,0,4,187226
embedding,518,0,4,16251
input_layernorm,518,0,4,44709
q_proj,518,0,4,10775
k_proj,518,0,4,7112
v_proj,518,0,4,6961
rope,518,0,4,28734
attn,518,0,4,12979
o_proj,518,0,4,8147
post_layernorm,518,0,4,45357
gate_proj,518,0,4,24299
up_proj,518,0,4,25159
act_fn,518,0,4,5535
down_proj,518,0,4,21954
final_layernorm,518,0,4,46195
lm_head,518,0,4,187092
embedding,519,0,4,16461
input_layernorm,519,0,4,44594
q_proj,519,0,4,10790
k_proj,519,0,4,7132
v_proj,519,0,4,6946
rope,519,0,4,28734
attn,519,0,4,12942
o_proj,519,0,4,8126
post_layernorm,519,0,4,45433
gate_proj,519,0,4,24256
up_proj,519,0,4,25199
act_fn,519,0,4,5567
down_proj,519,0,4,22033
final_layernorm,519,0,4,46038
lm_head,519,0,4,187092
embedding,520,0,4,16583
input_layernorm,520,0,4,44669
q_proj,520,0,4,10515
k_proj,520,0,4,7151
v_proj,520,0,4,6953
rope,520,0,4,28825
attn,520,0,4,13062
o_proj,520,0,4,8169
post_layernorm,520,0,4,45218
gate_proj,520,0,4,24302
up_proj,520,0,4,25020
act_fn,520,0,4,5541
down_proj,520,0,4,22049
final_layernorm,520,0,4,46034
lm_head,520,0,4,187102
embedding,521,0,4,16554
input_layernorm,521,0,4,44710
q_proj,521,0,4,10484
k_proj,521,0,4,7099
v_proj,521,0,4,6930
rope,521,0,4,28635
attn,521,0,4,12907
o_proj,521,0,4,8148
post_layernorm,521,0,4,45372
gate_proj,521,0,4,24205
up_proj,521,0,4,24949
act_fn,521,0,4,5521
down_proj,521,0,4,21955
final_layernorm,521,0,4,45934
lm_head,521,0,4,186891
embedding,522,0,4,16677
input_layernorm,522,0,4,44818
q_proj,522,0,4,10479
k_proj,522,0,4,7122
v_proj,522,0,4,6961
rope,522,0,4,28754
attn,522,0,4,13013
o_proj,522,0,4,8155
post_layernorm,522,0,4,45473
gate_proj,522,0,4,24257
up_proj,522,0,4,25097
act_fn,522,0,4,5571
down_proj,522,0,4,22050
final_layernorm,522,0,4,46364
lm_head,522,0,4,187130
embedding,523,0,4,16733
input_layernorm,523,0,4,44828
q_proj,523,0,4,10448
k_proj,523,0,4,7125
v_proj,523,0,4,6997
rope,523,0,4,28746
attn,523,0,4,12986
o_proj,523,0,4,8186
post_layernorm,523,0,4,45652
gate_proj,523,0,4,24241
up_proj,523,0,4,25108
act_fn,523,0,4,5577
down_proj,523,0,4,22055
final_layernorm,523,0,4,46348
lm_head,523,0,4,187362
embedding,524,0,4,16591
input_layernorm,524,0,4,44756
q_proj,524,0,4,10376
k_proj,524,0,4,7072
v_proj,524,0,4,6903
rope,524,0,4,28758
attn,524,0,4,12865
o_proj,524,0,4,8136
post_layernorm,524,0,4,45533
gate_proj,524,0,4,24087
up_proj,524,0,4,24865
act_fn,524,0,4,5574
down_proj,524,0,4,22065
final_layernorm,524,0,4,46273
lm_head,524,0,4,186745
embedding,525,0,4,16815
input_layernorm,525,0,4,44760
q_proj,525,0,4,10329
k_proj,525,0,4,7074
v_proj,525,0,4,6963
rope,525,0,4,28594
attn,525,0,4,12928
o_proj,525,0,4,8164
post_layernorm,525,0,4,45438
gate_proj,525,0,4,24109
up_proj,525,0,4,24922
act_fn,525,0,4,5580
down_proj,525,0,4,22103
final_layernorm,525,0,4,46198
lm_head,525,0,4,186878
embedding,526,0,4,16769
input_layernorm,526,0,4,45006
q_proj,526,0,4,10547
k_proj,526,0,4,7104
v_proj,526,0,4,6968
rope,526,0,4,28734
attn,526,0,4,13020
o_proj,526,0,4,8153
post_layernorm,526,0,4,45606
gate_proj,526,0,4,24110
up_proj,526,0,4,25017
act_fn,526,0,4,5604
down_proj,526,0,4,22067
final_layernorm,526,0,4,46352
lm_head,526,0,4,187038
embedding,527,0,4,17140
input_layernorm,527,0,4,45009
q_proj,527,0,4,10392
k_proj,527,0,4,7156
v_proj,527,0,4,7037
rope,527,0,4,28757
attn,527,0,4,13009
o_proj,527,0,4,8207
post_layernorm,527,0,4,45827
gate_proj,527,0,4,24164
up_proj,527,0,4,25224
act_fn,527,0,4,5576
down_proj,527,0,4,22128
final_layernorm,527,0,4,46505
lm_head,527,0,4,187449
embedding,528,0,4,16947
input_layernorm,528,0,4,45059
q_proj,528,0,4,10217
k_proj,528,0,4,7150
v_proj,528,0,4,7006
rope,528,0,4,29041
attn,528,0,4,13049
o_proj,528,0,4,8188
post_layernorm,528,0,4,45486
gate_proj,528,0,4,24162
up_proj,528,0,4,25220
act_fn,528,0,4,5610
down_proj,528,0,4,22643
final_layernorm,528,0,4,46273
lm_head,528,0,4,187530
embedding,529,0,4,16930
input_layernorm,529,0,4,45108
q_proj,529,0,4,10148
k_proj,529,0,4,7173
v_proj,529,0,4,7044
rope,529,0,4,29064
attn,529,0,4,13104
o_proj,529,0,4,8206
post_layernorm,529,0,4,45965
gate_proj,529,0,4,24040
up_proj,529,0,4,25655
act_fn,529,0,4,5587
down_proj,529,0,4,22180
final_layernorm,529,0,4,46788
lm_head,529,0,4,191336
embedding,530,0,4,17038
input_layernorm,530,0,4,45219
q_proj,530,0,4,10074
k_proj,530,0,4,7178
v_proj,530,0,4,7000
rope,530,0,4,29124
attn,530,0,4,13227
o_proj,530,0,4,8205
post_layernorm,530,0,4,45962
gate_proj,530,0,4,24123
up_proj,530,0,4,25673
act_fn,530,0,4,5625
down_proj,530,0,4,22119
final_layernorm,530,0,4,46855
lm_head,530,0,4,191370
embedding,531,0,4,16959
input_layernorm,531,0,4,45042
q_proj,531,0,4,10036
k_proj,531,0,4,7087
v_proj,531,0,4,6940
rope,531,0,4,29081
attn,531,0,4,13125
o_proj,531,0,4,8152
post_layernorm,531,0,4,45868
gate_proj,531,0,4,23982
up_proj,531,0,4,25337
act_fn,531,0,4,5633
down_proj,531,0,4,22058
final_layernorm,531,0,4,46601
lm_head,531,0,4,190902
embedding,532,0,4,16908
input_layernorm,532,0,4,45237
q_proj,532,0,4,10193
k_proj,532,0,4,7130
v_proj,532,0,4,6966
rope,532,0,4,29281
attn,532,0,4,13173
o_proj,532,0,4,8180
post_layernorm,532,0,4,46051
gate_proj,532,0,4,24034
up_proj,532,0,4,25424
act_fn,532,0,4,5630
down_proj,532,0,4,22126
final_layernorm,532,0,4,46919
lm_head,532,0,4,191292
embedding,533,0,4,16941
input_layernorm,533,0,4,45399
q_proj,533,0,4,10027
k_proj,533,0,4,7158
v_proj,533,0,4,7034
rope,533,0,4,29275
attn,533,0,4,13194
o_proj,533,0,4,8206
post_layernorm,533,0,4,46097
gate_proj,533,0,4,24151
up_proj,533,0,4,25730
act_fn,533,0,4,5652
down_proj,533,0,4,22177
final_layernorm,533,0,4,46927
lm_head,533,0,4,191702
embedding,534,0,4,16820
input_layernorm,534,0,4,45400
q_proj,534,0,4,9780
k_proj,534,0,4,7111
v_proj,534,0,4,6940
rope,534,0,4,29285
attn,534,0,4,13223
o_proj,534,0,4,8111
post_layernorm,534,0,4,46121
gate_proj,534,0,4,24009
up_proj,534,0,4,25260
act_fn,534,0,4,5656
down_proj,534,0,4,22081
final_layernorm,534,0,4,47029
lm_head,534,0,4,191058
embedding,535,0,4,16987
input_layernorm,535,0,4,45526
q_proj,535,0,4,9708
k_proj,535,0,4,7168
v_proj,535,0,4,7025
rope,535,0,4,29430
attn,535,0,4,13308
o_proj,535,0,4,8174
post_layernorm,535,0,4,46422
gate_proj,535,0,4,24110
up_proj,535,0,4,25513
act_fn,535,0,4,5664
down_proj,535,0,4,22240
final_layernorm,535,0,4,47189
lm_head,535,0,4,191840
embedding,536,0,4,17006
input_layernorm,536,0,4,45470
q_proj,536,0,4,9614
k_proj,536,0,4,7154
v_proj,536,0,4,6986
rope,536,0,4,29493
attn,536,0,4,13197
o_proj,536,0,4,8152
post_layernorm,536,0,4,45996
gate_proj,536,0,4,24064
up_proj,536,0,4,25452
act_fn,536,0,4,5636
down_proj,536,0,4,22192
final_layernorm,536,0,4,46804
lm_head,536,0,4,191443
embedding,537,0,4,16944
input_layernorm,537,0,4,45568
q_proj,537,0,4,9839
k_proj,537,0,4,7206
v_proj,537,0,4,7009
rope,537,0,4,29395
attn,537,0,4,13261
o_proj,537,0,4,8216
post_layernorm,537,0,4,46405
gate_proj,537,0,4,24167
up_proj,537,0,4,25521
act_fn,537,0,4,5661
down_proj,537,0,4,22172
final_layernorm,537,0,4,47261
lm_head,537,0,4,192000
embedding,538,0,4,17095
input_layernorm,538,0,4,45517
q_proj,538,0,4,9418
k_proj,538,0,4,7174
v_proj,538,0,4,6993
rope,538,0,4,29477
attn,538,0,4,13302
o_proj,538,0,4,8152
post_layernorm,538,0,4,46402
gate_proj,538,0,4,24138
up_proj,538,0,4,25561
act_fn,538,0,4,5642
down_proj,538,0,4,22194
final_layernorm,538,0,4,47132
lm_head,538,0,4,191777
embedding,539,0,4,17088
input_layernorm,539,0,4,45583
q_proj,539,0,4,9592
k_proj,539,0,4,7147
v_proj,539,0,4,7001
rope,539,0,4,29409
attn,539,0,4,13295
o_proj,539,0,4,8183
post_layernorm,539,0,4,46331
gate_proj,539,0,4,24111
up_proj,539,0,4,25508
act_fn,539,0,4,5656
down_proj,539,0,4,22125
final_layernorm,539,0,4,47094
lm_head,539,0,4,191877
embedding,540,0,4,17007
input_layernorm,540,0,4,45679
q_proj,540,0,4,9425
k_proj,540,0,4,7198
v_proj,540,0,4,7001
rope,540,0,4,29751
attn,540,0,4,13301
o_proj,540,0,4,8166
post_layernorm,540,0,4,46480
gate_proj,540,0,4,24145
up_proj,540,0,4,25642
act_fn,540,0,4,5685
down_proj,540,0,4,22182
final_layernorm,540,0,4,47280
lm_head,540,0,4,191898
embedding,541,0,4,16922
input_layernorm,541,0,4,45667
q_proj,541,0,4,9615
k_proj,541,0,4,7153
v_proj,541,0,4,6993
rope,541,0,4,29405
attn,541,0,4,13326
o_proj,541,0,4,8163
post_layernorm,541,0,4,46388
gate_proj,541,0,4,24089
up_proj,541,0,4,25369
act_fn,541,0,4,5698
down_proj,541,0,4,22205
final_layernorm,541,0,4,47298
lm_head,541,0,4,191781
embedding,542,0,4,17011
input_layernorm,542,0,4,45718
q_proj,542,0,4,9267
k_proj,542,0,4,7189
v_proj,542,0,4,7019
rope,542,0,4,29732
attn,542,0,4,13359
o_proj,542,0,4,8195
post_layernorm,542,0,4,46493
gate_proj,542,0,4,24230
up_proj,542,0,4,25753
act_fn,542,0,4,5697
down_proj,542,0,4,22237
final_layernorm,542,0,4,47331
lm_head,542,0,4,192307
embedding,543,0,4,16953
input_layernorm,543,0,4,45634
q_proj,543,0,4,9376
k_proj,543,0,4,7127
v_proj,543,0,4,6962
rope,543,0,4,29477
attn,543,0,4,13295
o_proj,543,0,4,8167
post_layernorm,543,0,4,46416
gate_proj,543,0,4,24048
up_proj,543,0,4,25258
act_fn,543,0,4,5716
down_proj,543,0,4,22176
final_layernorm,543,0,4,47299
lm_head,543,0,4,191660
embedding,544,0,4,16970
input_layernorm,544,0,4,45645
q_proj,544,0,4,11164
k_proj,544,0,4,7194
v_proj,544,0,4,7062
rope,544,0,4,29802
attn,544,0,4,13315
o_proj,544,0,4,8377
post_layernorm,544,0,4,46264
gate_proj,544,0,4,25516
up_proj,544,0,4,27109
act_fn,544,0,4,5693
down_proj,544,0,4,28233
final_layernorm,544,0,4,47383
lm_head,544,0,4,200953
embedding,545,0,4,17143
input_layernorm,545,0,4,45757
q_proj,545,0,4,11825
k_proj,545,0,4,7089
v_proj,545,0,4,6940
rope,545,0,4,29704
attn,545,0,4,13392
o_proj,545,0,4,8404
post_layernorm,545,0,4,46615
gate_proj,545,0,4,25566
up_proj,545,0,4,27246
act_fn,545,0,4,5685
down_proj,545,0,4,22818
final_layernorm,545,0,4,47300
lm_head,545,0,4,201274
embedding,546,0,4,17065
input_layernorm,546,0,4,45849
q_proj,546,0,4,11834
k_proj,546,0,4,7123
v_proj,546,0,4,6981
rope,546,0,4,29952
attn,546,0,4,13345
o_proj,546,0,4,8387
post_layernorm,546,0,4,46642
gate_proj,546,0,4,25568
up_proj,546,0,4,27110
act_fn,546,0,4,5735
down_proj,546,0,4,22867
final_layernorm,546,0,4,47469
lm_head,546,0,4,201380
embedding,547,0,4,17128
input_layernorm,547,0,4,45847
q_proj,547,0,4,11889
k_proj,547,0,4,7085
v_proj,547,0,4,6891
rope,547,0,4,29690
attn,547,0,4,13438
o_proj,547,0,4,8379
post_layernorm,547,0,4,46646
gate_proj,547,0,4,25539
up_proj,547,0,4,27184
act_fn,547,0,4,5707
down_proj,547,0,4,22802
final_layernorm,547,0,4,47431
lm_head,547,0,4,201081
embedding,548,0,4,17086
input_layernorm,548,0,4,45956
q_proj,548,0,4,11809
k_proj,548,0,4,7080
v_proj,548,0,4,6926
rope,548,0,4,29949
attn,548,0,4,13436
o_proj,548,0,4,8420
post_layernorm,548,0,4,46624
gate_proj,548,0,4,25504
up_proj,548,0,4,27114
act_fn,548,0,4,5702
down_proj,548,0,4,22834
final_layernorm,548,0,4,47409
lm_head,548,0,4,201357
embedding,549,0,4,17158
input_layernorm,549,0,4,45851
q_proj,549,0,4,11729
k_proj,549,0,4,7084
v_proj,549,0,4,6918
rope,549,0,4,29726
attn,549,0,4,13344
o_proj,549,0,4,8400
post_layernorm,549,0,4,46692
gate_proj,549,0,4,25516
up_proj,549,0,4,27111
act_fn,549,0,4,5730
down_proj,549,0,4,22880
final_layernorm,549,0,4,47268
lm_head,549,0,4,201273
embedding,550,0,4,17207
input_layernorm,550,0,4,46014
q_proj,550,0,4,11571
k_proj,550,0,4,7131
v_proj,550,0,4,6968
rope,550,0,4,29972
attn,550,0,4,13434
o_proj,550,0,4,8396
post_layernorm,550,0,4,46717
gate_proj,550,0,4,25673
up_proj,550,0,4,27220
act_fn,550,0,4,5744
down_proj,550,0,4,22903
final_layernorm,550,0,4,47521
lm_head,550,0,4,201540
embedding,551,0,4,17264
input_layernorm,551,0,4,45957
q_proj,551,0,4,11855
k_proj,551,0,4,7077
v_proj,551,0,4,6911
rope,551,0,4,29779
attn,551,0,4,13357
o_proj,551,0,4,8408
post_layernorm,551,0,4,46863
gate_proj,551,0,4,25488
up_proj,551,0,4,27105
act_fn,551,0,4,5754
down_proj,551,0,4,22891
final_layernorm,551,0,4,47529
lm_head,551,0,4,201415
embedding,552,0,4,17351
input_layernorm,552,0,4,45990
q_proj,552,0,4,11302
k_proj,552,0,4,7126
v_proj,552,0,4,6966
rope,552,0,4,30033
attn,552,0,4,13573
o_proj,552,0,4,8396
post_layernorm,552,0,4,46558
gate_proj,552,0,4,25549
up_proj,552,0,4,27292
act_fn,552,0,4,5738
down_proj,552,0,4,22890
final_layernorm,552,0,4,47299
lm_head,552,0,4,201643
embedding,553,0,4,17491
input_layernorm,553,0,4,46061
q_proj,553,0,4,11333
k_proj,553,0,4,7104
v_proj,553,0,4,6930
rope,553,0,4,29831
attn,553,0,4,13400
o_proj,553,0,4,8406
post_layernorm,553,0,4,46797
gate_proj,553,0,4,25559
up_proj,553,0,4,27220
act_fn,553,0,4,5772
down_proj,553,0,4,22914
final_layernorm,553,0,4,47520
lm_head,553,0,4,201570
embedding,554,0,4,17274
input_layernorm,554,0,4,46059
q_proj,554,0,4,11270
k_proj,554,0,4,7086
v_proj,554,0,4,6956
rope,554,0,4,30008
attn,554,0,4,13398
o_proj,554,0,4,8403
post_layernorm,554,0,4,46851
gate_proj,554,0,4,25639
up_proj,554,0,4,27193
act_fn,554,0,4,5754
down_proj,554,0,4,22925
final_layernorm,554,0,4,47608
lm_head,554,0,4,201642
embedding,555,0,4,17445
input_layernorm,555,0,4,46066
q_proj,555,0,4,11152
k_proj,555,0,4,7068
v_proj,555,0,4,6902
rope,555,0,4,29738
attn,555,0,4,13404
o_proj,555,0,4,8403
post_layernorm,555,0,4,46921
gate_proj,555,0,4,25521
up_proj,555,0,4,27191
act_fn,555,0,4,5771
down_proj,555,0,4,22870
final_layernorm,555,0,4,47585
lm_head,555,0,4,201477
embedding,556,0,4,17547
input_layernorm,556,0,4,46242
q_proj,556,0,4,11107
k_proj,556,0,4,7158
v_proj,556,0,4,6982
rope,556,0,4,30209
attn,556,0,4,13551
o_proj,556,0,4,8423
post_layernorm,556,0,4,47093
gate_proj,556,0,4,25618
up_proj,556,0,4,27180
act_fn,556,0,4,5828
down_proj,556,0,4,23003
final_layernorm,556,0,4,47740
lm_head,556,0,4,201891
embedding,557,0,4,17555
input_layernorm,557,0,4,46215
q_proj,557,0,4,11114
k_proj,557,0,4,7092
v_proj,557,0,4,6882
rope,557,0,4,29761
attn,557,0,4,13392
o_proj,557,0,4,8391
post_layernorm,557,0,4,47074
gate_proj,557,0,4,25474
up_proj,557,0,4,26973
act_fn,557,0,4,5779
down_proj,557,0,4,22926
final_layernorm,557,0,4,47724
lm_head,557,0,4,201210
embedding,558,0,4,17527
input_layernorm,558,0,4,46258
q_proj,558,0,4,11173
k_proj,558,0,4,7135
v_proj,558,0,4,6954
rope,558,0,4,30052
attn,558,0,4,13528
o_proj,558,0,4,8405
post_layernorm,558,0,4,47078
gate_proj,558,0,4,25655
up_proj,558,0,4,27331
act_fn,558,0,4,5793
down_proj,558,0,4,22947
final_layernorm,558,0,4,47731
lm_head,558,0,4,201985
embedding,559,0,4,17881
input_layernorm,559,0,4,46338
q_proj,559,0,4,10921
k_proj,559,0,4,7142
v_proj,559,0,4,6981
rope,559,0,4,29997
attn,559,0,4,13443
o_proj,559,0,4,8439
post_layernorm,559,0,4,47102
gate_proj,559,0,4,25647
up_proj,559,0,4,27365
act_fn,559,0,4,5793
down_proj,559,0,4,23013
final_layernorm,559,0,4,47633
lm_head,559,0,4,202234
embedding,560,0,4,17738
input_layernorm,560,0,4,46321
q_proj,560,0,4,10826
k_proj,560,0,4,7145
v_proj,560,0,4,7080
rope,560,0,4,30249
attn,560,0,4,13469
o_proj,560,0,4,8403
post_layernorm,560,0,4,46717
gate_proj,560,0,4,25625
up_proj,560,0,4,27288
act_fn,560,0,4,5849
down_proj,560,0,4,22969
final_layernorm,560,0,4,47146
lm_head,560,0,4,202046
embedding,561,0,4,17759
input_layernorm,561,0,4,46207
q_proj,561,0,4,10880
k_proj,561,0,4,7122
v_proj,561,0,4,7034
rope,561,0,4,29784
attn,561,0,4,13378
o_proj,561,0,4,8373
post_layernorm,561,0,4,46936
gate_proj,561,0,4,25517
up_proj,561,0,4,26897
act_fn,561,0,4,5805
down_proj,561,0,4,22956
final_layernorm,561,0,4,47485
lm_head,561,0,4,201372
embedding,562,0,4,17972
input_layernorm,562,0,4,46431
q_proj,562,0,4,10768
k_proj,562,0,4,7166
v_proj,562,0,4,7103
rope,562,0,4,30152
attn,562,0,4,13485
o_proj,562,0,4,8415
post_layernorm,562,0,4,47164
gate_proj,562,0,4,25592
up_proj,562,0,4,27339
act_fn,562,0,4,5800
down_proj,562,0,4,23036
final_layernorm,562,0,4,47574
lm_head,562,0,4,202218
embedding,563,0,4,18014
input_layernorm,563,0,4,46449
q_proj,563,0,4,10691
k_proj,563,0,4,7173
v_proj,563,0,4,7154
rope,563,0,4,29997
attn,563,0,4,13586
o_proj,563,0,4,8453
post_layernorm,563,0,4,47378
gate_proj,563,0,4,25639
up_proj,563,0,4,27238
act_fn,563,0,4,5804
down_proj,563,0,4,23033
final_layernorm,563,0,4,47750
lm_head,563,0,4,202113
embedding,564,0,4,17785
input_layernorm,564,0,4,46412
q_proj,564,0,4,10681
k_proj,564,0,4,7160
v_proj,564,0,4,7099
rope,564,0,4,30205
attn,564,0,4,13573
o_proj,564,0,4,8433
post_layernorm,564,0,4,47266
gate_proj,564,0,4,25612
up_proj,564,0,4,27145
act_fn,564,0,4,5819
down_proj,564,0,4,23004
final_layernorm,564,0,4,47726
lm_head,564,0,4,202162
embedding,565,0,4,17759
input_layernorm,565,0,4,46400
q_proj,565,0,4,10716
k_proj,565,0,4,7089
v_proj,565,0,4,7028
rope,565,0,4,29833
attn,565,0,4,13530
o_proj,565,0,4,8388
post_layernorm,565,0,4,47100
gate_proj,565,0,4,25520
up_proj,565,0,4,27043
act_fn,565,0,4,5820
down_proj,565,0,4,22996
final_layernorm,565,0,4,47514
lm_head,565,0,4,201645
embedding,566,0,4,17767
input_layernorm,566,0,4,46505
q_proj,566,0,4,10870
k_proj,566,0,4,7164
v_proj,566,0,4,7083
rope,566,0,4,30157
attn,566,0,4,13501
o_proj,566,0,4,8421
post_layernorm,566,0,4,47239
gate_proj,566,0,4,25576
up_proj,566,0,4,27179
act_fn,566,0,4,5830
down_proj,566,0,4,23002
final_layernorm,566,0,4,47779
lm_head,566,0,4,202283
embedding,567,0,4,18118
input_layernorm,567,0,4,46662
q_proj,567,0,4,10686
k_proj,567,0,4,7171
v_proj,567,0,4,7097
rope,567,0,4,30064
attn,567,0,4,13610
o_proj,567,0,4,8473
post_layernorm,567,0,4,47447
gate_proj,567,0,4,25615
up_proj,567,0,4,27287
act_fn,567,0,4,5879
down_proj,567,0,4,23038
final_layernorm,567,0,4,47872
lm_head,567,0,4,202304
embedding,568,0,4,17900
input_layernorm,568,0,4,46696
q_proj,568,0,4,10431
k_proj,568,0,4,7221
v_proj,568,0,4,7154
rope,568,0,4,30407
attn,568,0,4,13555
o_proj,568,0,4,8472
post_layernorm,568,0,4,47219
gate_proj,568,0,4,25715
up_proj,568,0,4,27494
act_fn,568,0,4,5907
down_proj,568,0,4,23159
final_layernorm,568,0,4,47750
lm_head,568,0,4,202900
embedding,569,0,4,17994
input_layernorm,569,0,4,46543
q_proj,569,0,4,10339
k_proj,569,0,4,7120
v_proj,569,0,4,7074
rope,569,0,4,30042
attn,569,0,4,13592
o_proj,569,0,4,8457
post_layernorm,569,0,4,47326
gate_proj,569,0,4,25663
up_proj,569,0,4,27279
act_fn,569,0,4,5909
down_proj,569,0,4,23026
final_layernorm,569,0,4,47756
lm_head,569,0,4,202241
embedding,570,0,4,17844
input_layernorm,570,0,4,46619
q_proj,570,0,4,10319
k_proj,570,0,4,7188
v_proj,570,0,4,7103
rope,570,0,4,30366
attn,570,0,4,13684
o_proj,570,0,4,8466
post_layernorm,570,0,4,47487
gate_proj,570,0,4,25703
up_proj,570,0,4,27513
act_fn,570,0,4,5916
down_proj,570,0,4,23072
final_layernorm,570,0,4,47968
lm_head,570,0,4,202795
embedding,571,0,4,17944
input_layernorm,571,0,4,46784
q_proj,571,0,4,10353
k_proj,571,0,4,7202
v_proj,571,0,4,7118
rope,571,0,4,30172
attn,571,0,4,13601
o_proj,571,0,4,8461
post_layernorm,571,0,4,47622
gate_proj,571,0,4,25635
up_proj,571,0,4,27229
act_fn,571,0,4,5912
down_proj,571,0,4,23044
final_layernorm,571,0,4,48105
lm_head,571,0,4,202608
embedding,572,0,4,17827
input_layernorm,572,0,4,46720
q_proj,572,0,4,10365
k_proj,572,0,4,7129
v_proj,572,0,4,7060
rope,572,0,4,30376
attn,572,0,4,13619
o_proj,572,0,4,8427
post_layernorm,572,0,4,47591
gate_proj,572,0,4,25639
up_proj,572,0,4,27271
act_fn,572,0,4,5897
down_proj,572,0,4,23057
final_layernorm,572,0,4,48020
lm_head,572,0,4,202525
embedding,573,0,4,17997
input_layernorm,573,0,4,46936
q_proj,573,0,4,10298
k_proj,573,0,4,7173
v_proj,573,0,4,7138
rope,573,0,4,30261
attn,573,0,4,13633
o_proj,573,0,4,8483
post_layernorm,573,0,4,47581
gate_proj,573,0,4,25720
up_proj,573,0,4,27331
act_fn,573,0,4,5951
down_proj,573,0,4,23096
final_layernorm,573,0,4,48043
lm_head,573,0,4,202897
embedding,574,0,4,17825
input_layernorm,574,0,4,46740
q_proj,574,0,4,10337
k_proj,574,0,4,7158
v_proj,574,0,4,7088
rope,574,0,4,30350
attn,574,0,4,13687
o_proj,574,0,4,8438
post_layernorm,574,0,4,47573
gate_proj,574,0,4,25634
up_proj,574,0,4,27238
act_fn,574,0,4,5912
down_proj,574,0,4,23088
final_layernorm,574,0,4,48031
lm_head,574,0,4,202755
embedding,575,0,4,17727
input_layernorm,575,0,4,47058
q_proj,575,0,4,10371
k_proj,575,0,4,7064
v_proj,575,0,4,7014
rope,575,0,4,30059
attn,575,0,4,13401
o_proj,575,0,4,8369
post_layernorm,575,0,4,47590
gate_proj,575,0,4,25537
up_proj,575,0,4,27046
act_fn,575,0,4,5908
down_proj,575,0,4,23058
final_layernorm,575,0,4,48015
lm_head,575,0,4,202174
embedding,576,0,4,17935
input_layernorm,576,0,4,46921
q_proj,576,0,4,13452
k_proj,576,0,4,7151
v_proj,576,0,4,7136
rope,576,0,4,30574
attn,576,0,4,13712
o_proj,576,0,4,9601
post_layernorm,576,0,4,47265
gate_proj,576,0,4,25748
up_proj,576,0,4,27248
act_fn,576,0,4,6002
down_proj,576,0,4,24846
final_layernorm,576,0,4,47913
lm_head,576,0,4,202927
embedding,577,0,4,17957
input_layernorm,577,0,4,47010
q_proj,577,0,4,11414
k_proj,577,0,4,7159
v_proj,577,0,4,7062
rope,577,0,4,30135
attn,577,0,4,16323
o_proj,577,0,4,8648
post_layernorm,577,0,4,47463
gate_proj,577,0,4,26990
up_proj,577,0,4,28835
act_fn,577,0,4,5955
down_proj,577,0,4,23734
final_layernorm,577,0,4,47804
lm_head,577,0,4,208630
embedding,578,0,4,18041
input_layernorm,578,0,4,46974
q_proj,578,0,4,11471
k_proj,578,0,4,7267
v_proj,578,0,4,7149
rope,578,0,4,30597
attn,578,0,4,16373
o_proj,578,0,4,8753
post_layernorm,578,0,4,47680
gate_proj,578,0,4,27263
up_proj,578,0,4,29308
act_fn,578,0,4,5984
down_proj,578,0,4,23838
final_layernorm,578,0,4,48239
lm_head,578,0,4,209706
embedding,579,0,4,17949
input_layernorm,579,0,4,47163
q_proj,579,0,4,11385
k_proj,579,0,4,7163
v_proj,579,0,4,7005
rope,579,0,4,30207
attn,579,0,4,16138
o_proj,579,0,4,8646
post_layernorm,579,0,4,47639
gate_proj,579,0,4,26986
up_proj,579,0,4,28754
act_fn,579,0,4,5945
down_proj,579,0,4,23766
final_layernorm,579,0,4,48126
lm_head,579,0,4,208955
embedding,580,0,4,17839
input_layernorm,580,0,4,46968
q_proj,580,0,4,11382
k_proj,580,0,4,7225
v_proj,580,0,4,7092
rope,580,0,4,30543
attn,580,0,4,16248
o_proj,580,0,4,8709
post_layernorm,580,0,4,47603
gate_proj,580,0,4,27120
up_proj,580,0,4,28846
act_fn,580,0,4,6022
down_proj,580,0,4,23804
final_layernorm,580,0,4,48052
lm_head,580,0,4,209243
embedding,581,0,4,18055
input_layernorm,581,0,4,47387
q_proj,581,0,4,11228
k_proj,581,0,4,7249
v_proj,581,0,4,7127
rope,581,0,4,30469
attn,581,0,4,16255
o_proj,581,0,4,8743
post_layernorm,581,0,4,47881
gate_proj,581,0,4,27255
up_proj,581,0,4,29135
act_fn,581,0,4,6035
down_proj,581,0,4,23852
final_layernorm,581,0,4,48203
lm_head,581,0,4,209738
embedding,582,0,4,17935
input_layernorm,582,0,4,46863
q_proj,582,0,4,11159
k_proj,582,0,4,7167
v_proj,582,0,4,7043
rope,582,0,4,30387
attn,582,0,4,16023
o_proj,582,0,4,8698
post_layernorm,582,0,4,47663
gate_proj,582,0,4,27033
up_proj,582,0,4,28919
act_fn,582,0,4,6018
down_proj,582,0,4,23781
final_layernorm,582,0,4,48045
lm_head,582,0,4,209109
embedding,583,0,4,17978
input_layernorm,583,0,4,47354
q_proj,583,0,4,11159
k_proj,583,0,4,7185
v_proj,583,0,4,7038
rope,583,0,4,30233
attn,583,0,4,16271
o_proj,583,0,4,8685
post_layernorm,583,0,4,47759
gate_proj,583,0,4,27067
up_proj,583,0,4,28867
act_fn,583,0,4,5995
down_proj,583,0,4,23832
final_layernorm,583,0,4,48162
lm_head,583,0,4,209118
embedding,584,0,4,17942
input_layernorm,584,0,4,46945
q_proj,584,0,4,11056
k_proj,584,0,4,7188
v_proj,584,0,4,7052
rope,584,0,4,30515
attn,584,0,4,16267
o_proj,584,0,4,8676
post_layernorm,584,0,4,47371
gate_proj,584,0,4,26300
up_proj,584,0,4,28244
act_fn,584,0,4,6007
down_proj,584,0,4,23808
final_layernorm,584,0,4,47916
lm_head,584,0,4,209407
embedding,585,0,4,18242
input_layernorm,585,0,4,47503
q_proj,585,0,4,11138
k_proj,585,0,4,7143
v_proj,585,0,4,7016
rope,585,0,4,30194
attn,585,0,4,16187
o_proj,585,0,4,8654
post_layernorm,585,0,4,47745
gate_proj,585,0,4,26972
up_proj,585,0,4,28853
act_fn,585,0,4,6032
down_proj,585,0,4,23757
final_layernorm,585,0,4,48190
lm_head,585,0,4,209145
embedding,586,0,4,18136
input_layernorm,586,0,4,47063
q_proj,586,0,4,10955
k_proj,586,0,4,7192
v_proj,586,0,4,7008
rope,586,0,4,30457
attn,586,0,4,16228
o_proj,586,0,4,8671
post_layernorm,586,0,4,47750
gate_proj,586,0,4,27092
up_proj,586,0,4,28716
act_fn,586,0,4,6048
down_proj,586,0,4,23835
final_layernorm,586,0,4,48138
lm_head,586,0,4,209387
embedding,587,0,4,18274
input_layernorm,587,0,4,47459
q_proj,587,0,4,10959
k_proj,587,0,4,7228
v_proj,587,0,4,7097
rope,587,0,4,30446
attn,587,0,4,16371
o_proj,587,0,4,8735
post_layernorm,587,0,4,47922
gate_proj,587,0,4,27181
up_proj,587,0,4,29108
act_fn,587,0,4,6102
down_proj,587,0,4,23944
final_layernorm,587,0,4,48333
lm_head,587,0,4,209941
embedding,588,0,4,18213
input_layernorm,588,0,4,47256
q_proj,588,0,4,11021
k_proj,588,0,4,7238
v_proj,588,0,4,7089
rope,588,0,4,30680
attn,588,0,4,16241
o_proj,588,0,4,8769
post_layernorm,588,0,4,47880
gate_proj,588,0,4,27250
up_proj,588,0,4,29156
act_fn,588,0,4,6122
down_proj,588,0,4,23931
final_layernorm,588,0,4,48322
lm_head,588,0,4,209922
embedding,589,0,4,18265
input_layernorm,589,0,4,47496
q_proj,589,0,4,11012
k_proj,589,0,4,7162
v_proj,589,0,4,6990
rope,589,0,4,30244
attn,589,0,4,16164
o_proj,589,0,4,8691
post_layernorm,589,0,4,47865
gate_proj,589,0,4,27007
up_proj,589,0,4,28674
act_fn,589,0,4,6084
down_proj,589,0,4,23797
final_layernorm,589,0,4,48339
lm_head,589,0,4,209290
embedding,590,0,4,18278
input_layernorm,590,0,4,47243
q_proj,590,0,4,10794
k_proj,590,0,4,7209
v_proj,590,0,4,7039
rope,590,0,4,30625
attn,590,0,4,16244
o_proj,590,0,4,8734
post_layernorm,590,0,4,47950
gate_proj,590,0,4,27185
up_proj,590,0,4,29163
act_fn,590,0,4,6093
down_proj,590,0,4,23903
final_layernorm,590,0,4,48355
lm_head,590,0,4,210072
embedding,591,0,4,18822
input_layernorm,591,0,4,47878
q_proj,591,0,4,10958
k_proj,591,0,4,7278
v_proj,591,0,4,7176
rope,591,0,4,30720
attn,591,0,4,16450
o_proj,591,0,4,8840
post_layernorm,591,0,4,48245
gate_proj,591,0,4,27432
up_proj,591,0,4,29456
act_fn,591,0,4,6145
down_proj,591,0,4,24054
final_layernorm,591,0,4,48895
lm_head,591,0,4,210908
embedding,592,0,4,18593
input_layernorm,592,0,4,47328
q_proj,592,0,4,10319
k_proj,592,0,4,7285
v_proj,592,0,4,7119
rope,592,0,4,30765
attn,592,0,4,16199
o_proj,592,0,4,8738
post_layernorm,592,0,4,47765
gate_proj,592,0,4,27234
up_proj,592,0,4,29199
act_fn,592,0,4,6133
down_proj,592,0,4,25069
final_layernorm,592,0,4,48362
lm_head,592,0,4,211402
embedding,593,0,4,18869
input_layernorm,593,0,4,47793
q_proj,593,0,4,10489
k_proj,593,0,4,7267
v_proj,593,0,4,7090
rope,593,0,4,30547
attn,593,0,4,16298
o_proj,593,0,4,8747
post_layernorm,593,0,4,48167
gate_proj,593,0,4,27203
up_proj,593,0,4,29042
act_fn,593,0,4,6175
down_proj,593,0,4,23904
final_layernorm,593,0,4,48576
lm_head,593,0,4,210411
embedding,594,0,4,18633
input_layernorm,594,0,4,47432
q_proj,594,0,4,10472
k_proj,594,0,4,7206
v_proj,594,0,4,7039
rope,594,0,4,30607
attn,594,0,4,16231
o_proj,594,0,4,8734
post_layernorm,594,0,4,48060
gate_proj,594,0,4,27172
up_proj,594,0,4,29146
act_fn,594,0,4,6140
down_proj,594,0,4,23918
final_layernorm,594,0,4,48541
lm_head,594,0,4,210256
embedding,595,0,4,18478
input_layernorm,595,0,4,47655
q_proj,595,0,4,10528
k_proj,595,0,4,7169
v_proj,595,0,4,7015
rope,595,0,4,30398
attn,595,0,4,16252
o_proj,595,0,4,8670
post_layernorm,595,0,4,47980
gate_proj,595,0,4,27095
up_proj,595,0,4,28733
act_fn,595,0,4,6093
down_proj,595,0,4,23876
final_layernorm,595,0,4,48438
lm_head,595,0,4,209908
embedding,596,0,4,18645
input_layernorm,596,0,4,47531
q_proj,596,0,4,10336
k_proj,596,0,4,7258
v_proj,596,0,4,7064
rope,596,0,4,30822
attn,596,0,4,16316
o_proj,596,0,4,8760
post_layernorm,596,0,4,48126
gate_proj,596,0,4,27261
up_proj,596,0,4,29177
act_fn,596,0,4,6137
down_proj,596,0,4,23959
final_layernorm,596,0,4,48647
lm_head,596,0,4,210584
embedding,597,0,4,18846
input_layernorm,597,0,4,48026
q_proj,597,0,4,10245
k_proj,597,0,4,7275
v_proj,597,0,4,7094
rope,597,0,4,30743
attn,597,0,4,16320
o_proj,597,0,4,8787
post_layernorm,597,0,4,48372
gate_proj,597,0,4,27350
up_proj,597,0,4,28999
act_fn,597,0,4,6164
down_proj,597,0,4,24042
final_layernorm,597,0,4,48952
lm_head,597,0,4,210882
embedding,598,0,4,18774
input_layernorm,598,0,4,47554
q_proj,598,0,4,10411
k_proj,598,0,4,7260
v_proj,598,0,4,7070
rope,598,0,4,30767
attn,598,0,4,16286
o_proj,598,0,4,8750
post_layernorm,598,0,4,48038
gate_proj,598,0,4,27292
up_proj,598,0,4,29213
act_fn,598,0,4,6204
down_proj,598,0,4,24008
final_layernorm,598,0,4,48818
lm_head,598,0,4,210888
embedding,599,0,4,18764
input_layernorm,599,0,4,47829
q_proj,599,0,4,10306
k_proj,599,0,4,7244
v_proj,599,0,4,7062
rope,599,0,4,30648
attn,599,0,4,16296
o_proj,599,0,4,8750
post_layernorm,599,0,4,48118
gate_proj,599,0,4,27228
up_proj,599,0,4,28892
act_fn,599,0,4,6156
down_proj,599,0,4,23941
final_layernorm,599,0,4,48737
lm_head,599,0,4,210522
embedding,600,0,4,18643
input_layernorm,600,0,4,47599
q_proj,600,0,4,9757
k_proj,600,0,4,7265
v_proj,600,0,4,7090
rope,600,0,4,30922
attn,600,0,4,16429
o_proj,600,0,4,8778
post_layernorm,600,0,4,47834
gate_proj,600,0,4,26532
up_proj,600,0,4,28202
act_fn,600,0,4,6161
down_proj,600,0,4,24017
final_layernorm,600,0,4,48624
lm_head,600,0,4,210936
embedding,601,0,4,18516
input_layernorm,601,0,4,47906
q_proj,601,0,4,9677
k_proj,601,0,4,7333
v_proj,601,0,4,7120
rope,601,0,4,30599
attn,601,0,4,16265
o_proj,601,0,4,8717
post_layernorm,601,0,4,48174
gate_proj,601,0,4,27184
up_proj,601,0,4,28846
act_fn,601,0,4,6163
down_proj,601,0,4,24012
final_layernorm,601,0,4,48883
lm_head,601,0,4,210463
embedding,602,0,4,18656
input_layernorm,602,0,4,47628
q_proj,602,0,4,9678
k_proj,602,0,4,7337
v_proj,602,0,4,7087
rope,602,0,4,30887
attn,602,0,4,16427
o_proj,602,0,4,8778
post_layernorm,602,0,4,48125
gate_proj,602,0,4,27271
up_proj,602,0,4,29224
act_fn,602,0,4,6204
down_proj,602,0,4,24018
final_layernorm,602,0,4,48853
lm_head,602,0,4,210961
embedding,603,0,4,18790
input_layernorm,603,0,4,48180
q_proj,603,0,4,9645
k_proj,603,0,4,7371
v_proj,603,0,4,7119
rope,603,0,4,30848
attn,603,0,4,16429
o_proj,603,0,4,8790
post_layernorm,603,0,4,48443
gate_proj,603,0,4,27385
up_proj,603,0,4,29226
act_fn,603,0,4,6257
down_proj,603,0,4,24057
final_layernorm,603,0,4,49084
lm_head,603,0,4,211193
embedding,604,0,4,18797
input_layernorm,604,0,4,47881
q_proj,604,0,4,9769
k_proj,604,0,4,7409
v_proj,604,0,4,7166
rope,604,0,4,31195
attn,604,0,4,16540
o_proj,604,0,4,8845
post_layernorm,604,0,4,48480
gate_proj,604,0,4,27514
up_proj,604,0,4,29581
act_fn,604,0,4,6243
down_proj,604,0,4,24086
final_layernorm,604,0,4,49249
lm_head,604,0,4,211795
embedding,605,0,4,18662
input_layernorm,605,0,4,47986
q_proj,605,0,4,9505
k_proj,605,0,4,7303
v_proj,605,0,4,7080
rope,605,0,4,30800
attn,605,0,4,16354
o_proj,605,0,4,8739
post_layernorm,605,0,4,48277
gate_proj,605,0,4,27234
up_proj,605,0,4,29009
act_fn,605,0,4,6234
down_proj,605,0,4,23994
final_layernorm,605,0,4,48868
lm_head,605,0,4,210803
embedding,606,0,4,18857
input_layernorm,606,0,4,47819
q_proj,606,0,4,9501
k_proj,606,0,4,7400
v_proj,606,0,4,7176
rope,606,0,4,31058
attn,606,0,4,16326
o_proj,606,0,4,8787
post_layernorm,606,0,4,48452
gate_proj,606,0,4,27420
up_proj,606,0,4,29392
act_fn,606,0,4,6257
down_proj,606,0,4,24072
final_layernorm,606,0,4,49206
lm_head,606,0,4,211438
embedding,607,0,4,18664
input_layernorm,607,0,4,48270
q_proj,607,0,4,9533
k_proj,607,0,4,7279
v_proj,607,0,4,7062
rope,607,0,4,30794
attn,607,0,4,16254
o_proj,607,0,4,8763
post_layernorm,607,0,4,48702
gate_proj,607,0,4,27290
up_proj,607,0,4,29046
act_fn,607,0,4,6265
down_proj,607,0,4,24000
final_layernorm,607,0,4,49252
lm_head,607,0,4,211071
embedding,608,0,4,18646
input_layernorm,608,0,4,47781
q_proj,608,0,4,12024
k_proj,608,0,4,7174
v_proj,608,0,4,7060
rope,608,0,4,31030
attn,608,0,4,16289
o_proj,608,0,4,9139
post_layernorm,608,0,4,48199
gate_proj,608,0,4,27594
up_proj,608,0,4,29592
act_fn,608,0,4,6267
down_proj,608,0,4,25092
final_layernorm,608,0,4,48851
lm_head,608,0,4,220200
embedding,609,0,4,18875
input_layernorm,609,0,4,48087
q_proj,609,0,4,12970
k_proj,609,0,4,7209
v_proj,609,0,4,7018
rope,609,0,4,30961
attn,609,0,4,16403
o_proj,609,0,4,9848
post_layernorm,609,0,4,48556
gate_proj,609,0,4,27348
up_proj,609,0,4,29099
act_fn,609,0,4,6290
down_proj,609,0,4,25129
final_layernorm,609,0,4,49257
lm_head,609,0,4,215942
embedding,610,0,4,18537
input_layernorm,610,0,4,47924
q_proj,610,0,4,13546
k_proj,610,0,4,7209
v_proj,610,0,4,7004
rope,610,0,4,30994
attn,610,0,4,16412
o_proj,610,0,4,9792
post_layernorm,610,0,4,48482
gate_proj,610,0,4,27337
up_proj,610,0,4,29074
act_fn,610,0,4,6281
down_proj,610,0,4,25117
final_layernorm,610,0,4,49268
lm_head,610,0,4,216134
embedding,611,0,4,18685
input_layernorm,611,0,4,48243
q_proj,611,0,4,12881
k_proj,611,0,4,7217
v_proj,611,0,4,7028
rope,611,0,4,30918
attn,611,0,4,16439
o_proj,611,0,4,9802
post_layernorm,611,0,4,48743
gate_proj,611,0,4,27360
up_proj,611,0,4,29206
act_fn,611,0,4,6283
down_proj,611,0,4,25140
final_layernorm,611,0,4,49430
lm_head,611,0,4,216398
embedding,612,0,4,18592
input_layernorm,612,0,4,47780
q_proj,612,0,4,12747
k_proj,612,0,4,7165
v_proj,612,0,4,6941
rope,612,0,4,30957
attn,612,0,4,16369
o_proj,612,0,4,9808
post_layernorm,612,0,4,48438
gate_proj,612,0,4,27254
up_proj,612,0,4,29042
act_fn,612,0,4,6311
down_proj,612,0,4,25116
final_layernorm,612,0,4,49093
lm_head,612,0,4,215878
embedding,613,0,4,18886
input_layernorm,613,0,4,48356
q_proj,613,0,4,12813
k_proj,613,0,4,7250
v_proj,613,0,4,7011
rope,613,0,4,31054
attn,613,0,4,16486
o_proj,613,0,4,9813
post_layernorm,613,0,4,48759
gate_proj,613,0,4,27444
up_proj,613,0,4,29288
act_fn,613,0,4,6342
down_proj,613,0,4,25224
final_layernorm,613,0,4,49457
lm_head,613,0,4,216563
embedding,614,0,4,18766
input_layernorm,614,0,4,47961
q_proj,614,0,4,13380
k_proj,614,0,4,7218
v_proj,614,0,4,7004
rope,614,0,4,31136
attn,614,0,4,16490
o_proj,614,0,4,9834
post_layernorm,614,0,4,48698
gate_proj,614,0,4,27402
up_proj,614,0,4,29390
act_fn,614,0,4,6363
down_proj,614,0,4,25291
final_layernorm,614,0,4,49316
lm_head,614,0,4,216650
embedding,615,0,4,18839
input_layernorm,615,0,4,48028
q_proj,615,0,4,12897
k_proj,615,0,4,7199
v_proj,615,0,4,7044
rope,615,0,4,31136
attn,615,0,4,16487
o_proj,615,0,4,9835
post_layernorm,615,0,4,48653
gate_proj,615,0,4,27340
up_proj,615,0,4,29051
act_fn,615,0,4,6313
down_proj,615,0,4,25195
final_layernorm,615,0,4,49223
lm_head,615,0,4,216365
embedding,616,0,4,18865
input_layernorm,616,0,4,48067
q_proj,616,0,4,11435
k_proj,616,0,4,7252
v_proj,616,0,4,7044
rope,616,0,4,31317
attn,616,0,4,16499
o_proj,616,0,4,9877
post_layernorm,616,0,4,48237
gate_proj,616,0,4,27373
up_proj,616,0,4,29160
act_fn,616,0,4,6299
down_proj,616,0,4,26578
final_layernorm,616,0,4,49443
lm_head,616,0,4,216686
embedding,617,0,4,18986
input_layernorm,617,0,4,48544
q_proj,617,0,4,12620
k_proj,617,0,4,7139
v_proj,617,0,4,7023
rope,617,0,4,31183
attn,617,0,4,16476
o_proj,617,0,4,9860
post_layernorm,617,0,4,48662
gate_proj,617,0,4,27459
up_proj,617,0,4,29206
act_fn,617,0,4,6348
down_proj,617,0,4,25259
final_layernorm,617,0,4,49288
lm_head,617,0,4,216787
embedding,618,0,4,18870
input_layernorm,618,0,4,47938
q_proj,618,0,4,13061
k_proj,618,0,4,7079
v_proj,618,0,4,6978
rope,618,0,4,31132
attn,618,0,4,16349
o_proj,618,0,4,9815
post_layernorm,618,0,4,48517
gate_proj,618,0,4,27273
up_proj,618,0,4,28912
act_fn,618,0,4,6331
down_proj,618,0,4,25188
final_layernorm,618,0,4,49141
lm_head,618,0,4,216294
embedding,619,0,4,19080
input_layernorm,619,0,4,48493
q_proj,619,0,4,12563
k_proj,619,0,4,7089
v_proj,619,0,4,7028
rope,619,0,4,31044
attn,619,0,4,16399
o_proj,619,0,4,9856
post_layernorm,619,0,4,48602
gate_proj,619,0,4,27338
up_proj,619,0,4,29062
act_fn,619,0,4,6341
down_proj,619,0,4,25200
final_layernorm,619,0,4,49240
lm_head,619,0,4,216376
embedding,620,0,4,18930
input_layernorm,620,0,4,48013
q_proj,620,0,4,12296
k_proj,620,0,4,7101
v_proj,620,0,4,7005
rope,620,0,4,31164
attn,620,0,4,16419
o_proj,620,0,4,9819
post_layernorm,620,0,4,48573
gate_proj,620,0,4,27288
up_proj,620,0,4,29003
act_fn,620,0,4,6278
down_proj,620,0,4,25177
final_layernorm,620,0,4,49235
lm_head,620,0,4,216332
embedding,621,0,4,19022
input_layernorm,621,0,4,48672
q_proj,621,0,4,12460
k_proj,621,0,4,7132
v_proj,621,0,4,7025
rope,621,0,4,31262
attn,621,0,4,16342
o_proj,621,0,4,9809
post_layernorm,621,0,4,48916
gate_proj,621,0,4,27419
up_proj,621,0,4,29191
act_fn,621,0,4,6343
down_proj,621,0,4,25257
final_layernorm,621,0,4,49507
lm_head,621,0,4,216967
embedding,622,0,4,19099
input_layernorm,622,0,4,48468
q_proj,622,0,4,13220
k_proj,622,0,4,7249
v_proj,622,0,4,7162
rope,622,0,4,31532
attn,622,0,4,16631
o_proj,622,0,4,9893
post_layernorm,622,0,4,48931
gate_proj,622,0,4,27603
up_proj,622,0,4,29655
act_fn,622,0,4,6402
down_proj,622,0,4,25395
final_layernorm,622,0,4,49892
lm_head,622,0,4,217609
embedding,623,0,4,19444
input_layernorm,623,0,4,48400
q_proj,623,0,4,12442
k_proj,623,0,4,7066
v_proj,623,0,4,7008
rope,623,0,4,31150
attn,623,0,4,16515
o_proj,623,0,4,9839
post_layernorm,623,0,4,48950
gate_proj,623,0,4,27327
up_proj,623,0,4,29092
act_fn,623,0,4,6396
down_proj,623,0,4,25284
final_layernorm,623,0,4,49722
lm_head,623,0,4,216712
embedding,624,0,4,19450
input_layernorm,624,0,4,48295
q_proj,624,0,4,11025
k_proj,624,0,4,7180
v_proj,624,0,4,7093
rope,624,0,4,31473
attn,624,0,4,16561
o_proj,624,0,4,9837
post_layernorm,624,0,4,48705
gate_proj,624,0,4,27453
up_proj,624,0,4,29289
act_fn,624,0,4,6416
down_proj,624,0,4,25262
final_layernorm,624,0,4,49290
lm_head,624,0,4,217024
embedding,625,0,4,19384
input_layernorm,625,0,4,48639
q_proj,625,0,4,12873
k_proj,625,0,4,7133
v_proj,625,0,4,7015
rope,625,0,4,31288
attn,625,0,4,16419
o_proj,625,0,4,9139
post_layernorm,625,0,4,49041
gate_proj,625,0,4,31773
up_proj,625,0,4,33215
act_fn,625,0,4,6511
down_proj,625,0,4,25396
final_layernorm,625,0,4,49425
lm_head,625,0,4,221683
embedding,626,0,4,19513
input_layernorm,626,0,4,48381
q_proj,626,0,4,12139
k_proj,626,0,4,7118
v_proj,626,0,4,7030
rope,626,0,4,31297
attn,626,0,4,16484
o_proj,626,0,4,9136
post_layernorm,626,0,4,48822
gate_proj,626,0,4,31787
up_proj,626,0,4,33157
act_fn,626,0,4,6450
down_proj,626,0,4,25453
final_layernorm,626,0,4,49303
lm_head,626,0,4,221658
embedding,627,0,4,19677
input_layernorm,627,0,4,48816
q_proj,627,0,4,12165
k_proj,627,0,4,7154
v_proj,627,0,4,7027
rope,627,0,4,31261
attn,627,0,4,16431
o_proj,627,0,4,9199
post_layernorm,627,0,4,49109
gate_proj,627,0,4,31898
up_proj,627,0,4,33234
act_fn,627,0,4,6470
down_proj,627,0,4,25486
final_layernorm,627,0,4,49524
lm_head,627,0,4,221938
embedding,628,0,4,19497
input_layernorm,628,0,4,48421
q_proj,628,0,4,12062
k_proj,628,0,4,7120
v_proj,628,0,4,6998
rope,628,0,4,31378
attn,628,0,4,16413
o_proj,628,0,4,9144
post_layernorm,628,0,4,48899
gate_proj,628,0,4,31780
up_proj,628,0,4,33045
act_fn,628,0,4,6476
down_proj,628,0,4,25416
final_layernorm,628,0,4,49311
lm_head,628,0,4,221772
embedding,629,0,4,19697
input_layernorm,629,0,4,48940
q_proj,629,0,4,12719
k_proj,629,0,4,7173
v_proj,629,0,4,7039
rope,629,0,4,31368
attn,629,0,4,16609
o_proj,629,0,4,9195
post_layernorm,629,0,4,49043
gate_proj,629,0,4,31957
up_proj,629,0,4,33193
act_fn,629,0,4,6501
down_proj,629,0,4,25472
final_layernorm,629,0,4,49365
lm_head,629,0,4,222211
embedding,630,0,4,19412
input_layernorm,630,0,4,48468
q_proj,630,0,4,11938
k_proj,630,0,4,7099
v_proj,630,0,4,7005
rope,630,0,4,31304
attn,630,0,4,16467
o_proj,630,0,4,9162
post_layernorm,630,0,4,48957
gate_proj,630,0,4,31675
up_proj,630,0,4,32943
act_fn,630,0,4,6479
down_proj,630,0,4,25443
final_layernorm,630,0,4,49285
lm_head,630,0,4,221726
embedding,631,0,4,19644
input_layernorm,631,0,4,48881
q_proj,631,0,4,11931
k_proj,631,0,4,7156
v_proj,631,0,4,7018
rope,631,0,4,31310
attn,631,0,4,16500
o_proj,631,0,4,9221
post_layernorm,631,0,4,49097
gate_proj,631,0,4,31949
up_proj,631,0,4,33216
act_fn,631,0,4,6491
down_proj,631,0,4,25428
final_layernorm,631,0,4,49502
lm_head,631,0,4,222241
embedding,632,0,4,19692
input_layernorm,632,0,4,48623
q_proj,632,0,4,10630
k_proj,632,0,4,7175
v_proj,632,0,4,7064
rope,632,0,4,31592
attn,632,0,4,16587
o_proj,632,0,4,9197
post_layernorm,632,0,4,48769
gate_proj,632,0,4,31936
up_proj,632,0,4,33308
act_fn,632,0,4,6494
down_proj,632,0,4,25500
final_layernorm,632,0,4,49298
lm_head,632,0,4,222279
embedding,633,0,4,19846
input_layernorm,633,0,4,48842
q_proj,633,0,4,12474
k_proj,633,0,4,7125
v_proj,633,0,4,6958
rope,633,0,4,31326
attn,633,0,4,16554
o_proj,633,0,4,9172
post_layernorm,633,0,4,49153
gate_proj,633,0,4,31820
up_proj,633,0,4,33274
act_fn,633,0,4,6503
down_proj,633,0,4,25507
final_layernorm,633,0,4,49562
lm_head,633,0,4,222104
embedding,634,0,4,19532
input_layernorm,634,0,4,48596
q_proj,634,0,4,11830
k_proj,634,0,4,7106
v_proj,634,0,4,6968
rope,634,0,4,31420
attn,634,0,4,16472
o_proj,634,0,4,9172
post_layernorm,634,0,4,49056
gate_proj,634,0,4,31843
up_proj,634,0,4,33116
act_fn,634,0,4,6524
down_proj,634,0,4,25464
final_layernorm,634,0,4,49649
lm_head,634,0,4,222229
embedding,635,0,4,19622
input_layernorm,635,0,4,48945
q_proj,635,0,4,11901
k_proj,635,0,4,7161
v_proj,635,0,4,6970
rope,635,0,4,31369
attn,635,0,4,16550
o_proj,635,0,4,9193
post_layernorm,635,0,4,49361
gate_proj,635,0,4,31915
up_proj,635,0,4,33169
act_fn,635,0,4,6501
down_proj,635,0,4,25508
final_layernorm,635,0,4,49817
lm_head,635,0,4,222351
embedding,636,0,4,19498
input_layernorm,636,0,4,48541
q_proj,636,0,4,11893
k_proj,636,0,4,7084
v_proj,636,0,4,6904
rope,636,0,4,31409
attn,636,0,4,16381
o_proj,636,0,4,9137
post_layernorm,636,0,4,49127
gate_proj,636,0,4,31719
up_proj,636,0,4,33049
act_fn,636,0,4,6510
down_proj,636,0,4,25433
final_layernorm,636,0,4,49535
lm_head,636,0,4,221999
embedding,637,0,4,19620
input_layernorm,637,0,4,49250
q_proj,637,0,4,12388
k_proj,637,0,4,7144
v_proj,637,0,4,6981
rope,637,0,4,31530
attn,637,0,4,16511
o_proj,637,0,4,9199
post_layernorm,637,0,4,49432
gate_proj,637,0,4,31962
up_proj,637,0,4,33287
act_fn,637,0,4,6547
down_proj,637,0,4,25506
final_layernorm,637,0,4,49999
lm_head,637,0,4,222571
embedding,638,0,4,19684
input_layernorm,638,0,4,48687
q_proj,638,0,4,11903
k_proj,638,0,4,7115
v_proj,638,0,4,6984
rope,638,0,4,31574
attn,638,0,4,16472
o_proj,638,0,4,9194
post_layernorm,638,0,4,49309
gate_proj,638,0,4,31895
up_proj,638,0,4,33227
act_fn,638,0,4,6553
down_proj,638,0,4,25487
final_layernorm,638,0,4,49754
lm_head,638,0,4,222509
embedding,639,0,4,19648
input_layernorm,639,0,4,49286
q_proj,639,0,4,11875
k_proj,639,0,4,7102
v_proj,639,0,4,6935
rope,639,0,4,31393
attn,639,0,4,16492
o_proj,639,0,4,9142
post_layernorm,639,0,4,49357
gate_proj,639,0,4,31824
up_proj,639,0,4,33222
act_fn,639,0,4,6556
down_proj,639,0,4,25494
final_layernorm,639,0,4,49744
lm_head,639,0,4,222423
embedding,640,0,4,19466
input_layernorm,640,0,4,48818
q_proj,640,0,4,10459
k_proj,640,0,4,7172
v_proj,640,0,4,6966
rope,640,0,4,31600
attn,640,0,4,15629
o_proj,640,0,4,9190
post_layernorm,640,0,4,48988
gate_proj,640,0,4,26590
up_proj,640,0,4,28133
act_fn,640,0,4,6817
down_proj,640,0,4,25123
final_layernorm,640,0,4,49769
lm_head,640,0,4,225734
embedding,641,0,4,20171
input_layernorm,641,0,4,49073
q_proj,641,0,4,12137
k_proj,641,0,4,7407
v_proj,641,0,4,7342
rope,641,0,4,31341
attn,641,0,4,17824
o_proj,641,0,4,9332
post_layernorm,641,0,4,49164
gate_proj,641,0,4,43651
up_proj,641,0,4,41467
act_fn,641,0,4,6498
down_proj,641,0,4,26062
final_layernorm,641,0,4,49474
lm_head,641,0,4,225977
embedding,642,0,4,20337
input_layernorm,642,0,4,48870
q_proj,642,0,4,12092
k_proj,642,0,4,7452
v_proj,642,0,4,7437
rope,642,0,4,31704
attn,642,0,4,18007
o_proj,642,0,4,9424
post_layernorm,642,0,4,49476
gate_proj,642,0,4,44128
up_proj,642,0,4,41486
act_fn,642,0,4,6563
down_proj,642,0,4,26166
final_layernorm,642,0,4,49857
lm_head,642,0,4,226707
embedding,643,0,4,20492
input_layernorm,643,0,4,49193
q_proj,643,0,4,12095
k_proj,643,0,4,7503
v_proj,643,0,4,7461
rope,643,0,4,31582
attn,643,0,4,17998
o_proj,643,0,4,9400
post_layernorm,643,0,4,49574
gate_proj,643,0,4,44167
up_proj,643,0,4,41710
act_fn,643,0,4,6544
down_proj,643,0,4,26142
final_layernorm,643,0,4,49849
lm_head,643,0,4,226787
embedding,644,0,4,20271
input_layernorm,644,0,4,49015
q_proj,644,0,4,12054
k_proj,644,0,4,7548
v_proj,644,0,4,7419
rope,644,0,4,31933
attn,644,0,4,18076
o_proj,644,0,4,9429
post_layernorm,644,0,4,49650
gate_proj,644,0,4,44134
up_proj,644,0,4,41588
act_fn,644,0,4,6602
down_proj,644,0,4,26246
final_layernorm,644,0,4,49892
lm_head,644,0,4,226927
embedding,645,0,4,20249
input_layernorm,645,0,4,49288
q_proj,645,0,4,11906
k_proj,645,0,4,7460
v_proj,645,0,4,7371
rope,645,0,4,31559
attn,645,0,4,18036
o_proj,645,0,4,9376
post_layernorm,645,0,4,49511
gate_proj,645,0,4,43950
up_proj,645,0,4,41739
act_fn,645,0,4,6570
down_proj,645,0,4,26101
final_layernorm,645,0,4,49808
lm_head,645,0,4,226401
embedding,646,0,4,20396
input_layernorm,646,0,4,49030
q_proj,646,0,4,12062
k_proj,646,0,4,7471
v_proj,646,0,4,7425
rope,646,0,4,31840
attn,646,0,4,18106
o_proj,646,0,4,9416
post_layernorm,646,0,4,49535
gate_proj,646,0,4,44193
up_proj,646,0,4,41668
act_fn,646,0,4,6589
down_proj,646,0,4,26173
final_layernorm,646,0,4,49840
lm_head,646,0,4,226987
embedding,647,0,4,20457
input_layernorm,647,0,4,49485
q_proj,647,0,4,11892
k_proj,647,0,4,7512
v_proj,647,0,4,7475
rope,647,0,4,31708
attn,647,0,4,18065
o_proj,647,0,4,9435
post_layernorm,647,0,4,49501
gate_proj,647,0,4,44158
up_proj,647,0,4,41603
act_fn,647,0,4,6597
down_proj,647,0,4,26187
final_layernorm,647,0,4,49917
lm_head,647,0,4,227050
embedding,648,0,4,20358
input_layernorm,648,0,4,48996
q_proj,648,0,4,11734
k_proj,648,0,4,7476
v_proj,648,0,4,7408
rope,648,0,4,31967
attn,648,0,4,18017
o_proj,648,0,4,9434
post_layernorm,648,0,4,49352
gate_proj,648,0,4,44113
up_proj,648,0,4,41624
act_fn,648,0,4,6605
down_proj,648,0,4,26257
final_layernorm,648,0,4,49654
lm_head,648,0,4,227035
embedding,649,0,4,19796
input_layernorm,649,0,4,49520
q_proj,649,0,4,11695
k_proj,649,0,4,7963
v_proj,649,0,4,7946
rope,649,0,4,31818
attn,649,0,4,18017
o_proj,649,0,4,9441
post_layernorm,649,0,4,49688
gate_proj,649,0,4,29591
up_proj,649,0,4,30492
act_fn,649,0,4,6991
down_proj,649,0,4,25762
final_layernorm,649,0,4,50276
lm_head,649,0,4,237962
embedding,650,0,4,19933
input_layernorm,650,0,4,49164
q_proj,650,0,4,11720
k_proj,650,0,4,7576
v_proj,650,0,4,7529
rope,650,0,4,32043
attn,650,0,4,18138
o_proj,650,0,4,9435
post_layernorm,650,0,4,49681
gate_proj,650,0,4,29598
up_proj,650,0,4,30631
act_fn,650,0,4,7017
down_proj,650,0,4,25822
final_layernorm,650,0,4,50326
lm_head,650,0,4,237844
embedding,651,0,4,20003
input_layernorm,651,0,4,49470
q_proj,651,0,4,11715
k_proj,651,0,4,7668
v_proj,651,0,4,7638
rope,651,0,4,31788
attn,651,0,4,18051
o_proj,651,0,4,9383
post_layernorm,651,0,4,49825
gate_proj,651,0,4,29601
up_proj,651,0,4,30549
act_fn,651,0,4,7024
down_proj,651,0,4,25785
final_layernorm,651,0,4,50284
lm_head,651,0,4,237760
embedding,652,0,4,19834
input_layernorm,652,0,4,49208
q_proj,652,0,4,11668
k_proj,652,0,4,7557
v_proj,652,0,4,7488
rope,652,0,4,32209
attn,652,0,4,18056
o_proj,652,0,4,9479
post_layernorm,652,0,4,49785
gate_proj,652,0,4,29791
up_proj,652,0,4,30795
act_fn,652,0,4,7072
down_proj,652,0,4,25896
final_layernorm,652,0,4,50571
lm_head,652,0,4,238273
embedding,653,0,4,19823
input_layernorm,653,0,4,49513
q_proj,653,0,4,11623
k_proj,653,0,4,7621
v_proj,653,0,4,7583
rope,653,0,4,31840
attn,653,0,4,18057
o_proj,653,0,4,9409
post_layernorm,653,0,4,49770
gate_proj,653,0,4,29495
up_proj,653,0,4,30464
act_fn,653,0,4,7017
down_proj,653,0,4,25803
final_layernorm,653,0,4,50319
lm_head,653,0,4,237817
embedding,654,0,4,19917
input_layernorm,654,0,4,49350
q_proj,654,0,4,11670
k_proj,654,0,4,7974
v_proj,654,0,4,7993
rope,654,0,4,32025
attn,654,0,4,18042
o_proj,654,0,4,9434
post_layernorm,654,0,4,49834
gate_proj,654,0,4,29662
up_proj,654,0,4,30606
act_fn,654,0,4,7043
down_proj,654,0,4,25809
final_layernorm,654,0,4,50506
lm_head,654,0,4,238130
embedding,655,0,4,20280
input_layernorm,655,0,4,49896
q_proj,655,0,4,11478
k_proj,655,0,4,7571
v_proj,655,0,4,7514
rope,655,0,4,32272
attn,655,0,4,18337
o_proj,655,0,4,9535
post_layernorm,655,0,4,50369
gate_proj,655,0,4,30039
up_proj,655,0,4,30873
act_fn,655,0,4,7113
down_proj,655,0,4,25925
final_layernorm,655,0,4,50867
lm_head,655,0,4,238825
embedding,656,0,4,20290
input_layernorm,656,0,4,49401
q_proj,656,0,4,12649
k_proj,656,0,4,7628
v_proj,656,0,4,7591
rope,656,0,4,32166
attn,656,0,4,18130
o_proj,656,0,4,9999
post_layernorm,656,0,4,49635
gate_proj,656,0,4,44229
up_proj,656,0,4,41899
act_fn,656,0,4,6688
down_proj,656,0,4,27331
final_layernorm,656,0,4,50092
lm_head,656,0,4,273149
embedding,657,0,4,20290
input_layernorm,657,0,4,49764
q_proj,657,0,4,11413
k_proj,657,0,4,7538
v_proj,657,0,4,7482
rope,657,0,4,32102
attn,657,0,4,18162
o_proj,657,0,4,9487
post_layernorm,657,0,4,50227
gate_proj,657,0,4,29756
up_proj,657,0,4,30634
act_fn,657,0,4,7103
down_proj,657,0,4,25893
final_layernorm,657,0,4,50794
lm_head,657,0,4,238658
embedding,658,0,4,20445
input_layernorm,658,0,4,49433
q_proj,658,0,4,11262
k_proj,658,0,4,7704
v_proj,658,0,4,7715
rope,658,0,4,32044
attn,658,0,4,18049
o_proj,658,0,4,9438
post_layernorm,658,0,4,50001
gate_proj,658,0,4,29617
up_proj,658,0,4,30497
act_fn,658,0,4,7081
down_proj,658,0,4,25842
final_layernorm,658,0,4,50547
lm_head,658,0,4,238348
embedding,659,0,4,20625
input_layernorm,659,0,4,49654
q_proj,659,0,4,11365
k_proj,659,0,4,7617
v_proj,659,0,4,7598
rope,659,0,4,32029
attn,659,0,4,18144
o_proj,659,0,4,9443
post_layernorm,659,0,4,50185
gate_proj,659,0,4,29763
up_proj,659,0,4,30604
act_fn,659,0,4,7072
down_proj,659,0,4,25907
final_layernorm,659,0,4,50755
lm_head,659,0,4,238451
embedding,660,0,4,20517
input_layernorm,660,0,4,49441
q_proj,660,0,4,11172
k_proj,660,0,4,7593
v_proj,660,0,4,7540
rope,660,0,4,32203
attn,660,0,4,18029
o_proj,660,0,4,9424
post_layernorm,660,0,4,50108
gate_proj,660,0,4,29590
up_proj,660,0,4,30535
act_fn,660,0,4,7081
down_proj,660,0,4,25871
final_layernorm,660,0,4,50648
lm_head,660,0,4,238426
embedding,661,0,4,20556
input_layernorm,661,0,4,49907
q_proj,661,0,4,11179
k_proj,661,0,4,7528
v_proj,661,0,4,7497
rope,661,0,4,32218
attn,661,0,4,18185
o_proj,661,0,4,9483
post_layernorm,661,0,4,50135
gate_proj,661,0,4,29809
up_proj,661,0,4,30823
act_fn,661,0,4,7133
down_proj,661,0,4,25920
final_layernorm,661,0,4,50663
lm_head,661,0,4,238805
embedding,662,0,4,20369
input_layernorm,662,0,4,49417
q_proj,662,0,4,11145
k_proj,662,0,4,7555
v_proj,662,0,4,7547
rope,662,0,4,32004
attn,662,0,4,18038
o_proj,662,0,4,9410
post_layernorm,662,0,4,50014
gate_proj,662,0,4,29577
up_proj,662,0,4,30485
act_fn,662,0,4,7058
down_proj,662,0,4,25845
final_layernorm,662,0,4,50530
lm_head,662,0,4,238403
embedding,663,0,4,20491
input_layernorm,663,0,4,49987
q_proj,663,0,4,11154
k_proj,663,0,4,7659
v_proj,663,0,4,7718
rope,663,0,4,32097
attn,663,0,4,18091
o_proj,663,0,4,9452
post_layernorm,663,0,4,50246
gate_proj,663,0,4,29614
up_proj,663,0,4,30648
act_fn,663,0,4,7094
down_proj,663,0,4,25898
final_layernorm,663,0,4,50769
lm_head,663,0,4,238707
embedding,664,0,4,20605
input_layernorm,664,0,4,49580
q_proj,664,0,4,10881
k_proj,664,0,4,7680
v_proj,664,0,4,7649
rope,664,0,4,32297
attn,664,0,4,18173
o_proj,664,0,4,9460
post_layernorm,664,0,4,49966
gate_proj,664,0,4,29714
up_proj,664,0,4,30623
act_fn,664,0,4,7117
down_proj,664,0,4,25902
final_layernorm,664,0,4,50595
lm_head,664,0,4,238852
embedding,665,0,4,20529
input_layernorm,665,0,4,50150
q_proj,665,0,4,11119
k_proj,665,0,4,7488
v_proj,665,0,4,7482
rope,665,0,4,32147
attn,665,0,4,18098
o_proj,665,0,4,9455
post_layernorm,665,0,4,50292
gate_proj,665,0,4,29653
up_proj,665,0,4,30656
act_fn,665,0,4,7126
down_proj,665,0,4,25887
final_layernorm,665,0,4,50745
lm_head,665,0,4,238700
embedding,666,0,4,20534
input_layernorm,666,0,4,49783
q_proj,666,0,4,10819
k_proj,666,0,4,7618
v_proj,666,0,4,7551
rope,666,0,4,32230
attn,666,0,4,18207
o_proj,666,0,4,9493
post_layernorm,666,0,4,50361
gate_proj,666,0,4,29810
up_proj,666,0,4,30587
act_fn,666,0,4,7165
down_proj,666,0,4,25935
final_layernorm,666,0,4,51052
lm_head,666,0,4,239057
embedding,667,0,4,20863
input_layernorm,667,0,4,50265
q_proj,667,0,4,10881
k_proj,667,0,4,7573
v_proj,667,0,4,7556
rope,667,0,4,32382
attn,667,0,4,18330
o_proj,667,0,4,9542
post_layernorm,667,0,4,50532
gate_proj,667,0,4,29927
up_proj,667,0,4,31101
act_fn,667,0,4,7192
down_proj,667,0,4,26033
final_layernorm,667,0,4,51140
lm_head,667,0,4,239807
embedding,668,0,4,20766
input_layernorm,668,0,4,50071
q_proj,668,0,4,10877
k_proj,668,0,4,7593
v_proj,668,0,4,7610
rope,668,0,4,32210
attn,668,0,4,18121
o_proj,668,0,4,9451
post_layernorm,668,0,4,50492
gate_proj,668,0,4,29692
up_proj,668,0,4,30654
act_fn,668,0,4,7112
down_proj,668,0,4,25905
final_layernorm,668,0,4,50839
lm_head,668,0,4,239038
embedding,669,0,4,20736
input_layernorm,669,0,4,50407
q_proj,669,0,4,10932
k_proj,669,0,4,7595
v_proj,669,0,4,7530
rope,669,0,4,32353
attn,669,0,4,18152
o_proj,669,0,4,9515
post_layernorm,669,0,4,50781
gate_proj,669,0,4,29784
up_proj,669,0,4,30814
act_fn,669,0,4,7151
down_proj,669,0,4,25981
final_layernorm,669,0,4,51290
lm_head,669,0,4,239526
embedding,670,0,4,20534
input_layernorm,670,0,4,50142
q_proj,670,0,4,10866
k_proj,670,0,4,7605
v_proj,670,0,4,7616
rope,670,0,4,32157
attn,670,0,4,17993
o_proj,670,0,4,9414
post_layernorm,670,0,4,50462
gate_proj,670,0,4,29554
up_proj,670,0,4,30458
act_fn,670,0,4,7096
down_proj,670,0,4,25898
final_layernorm,670,0,4,51092
lm_head,670,0,4,238775
embedding,671,0,4,20794
input_layernorm,671,0,4,50168
q_proj,671,0,4,10991
k_proj,671,0,4,7676
v_proj,671,0,4,7713
rope,671,0,4,32279
attn,671,0,4,18172
o_proj,671,0,4,9460
post_layernorm,671,0,4,50487
gate_proj,671,0,4,29664
up_proj,671,0,4,30608
act_fn,671,0,4,7145
down_proj,671,0,4,25978
final_layernorm,671,0,4,51162
lm_head,671,0,4,239257
embedding,672,0,4,20583
input_layernorm,672,0,4,49840
q_proj,672,0,4,11135
k_proj,672,0,4,7495
v_proj,672,0,4,7635
rope,672,0,4,32482
attn,672,0,4,18171
o_proj,672,0,4,10490
post_layernorm,672,0,4,50087
gate_proj,672,0,4,37583
up_proj,672,0,4,32791
act_fn,672,0,4,7253
down_proj,672,0,4,29477
final_layernorm,672,0,4,50692
lm_head,672,0,4,270730
embedding,673,0,4,20674
input_layernorm,673,0,4,50306
q_proj,673,0,4,11896
k_proj,673,0,4,7314
v_proj,673,0,4,7196
rope,673,0,4,32219
attn,673,0,4,18135
o_proj,673,0,4,9745
post_layernorm,673,0,4,50668
gate_proj,673,0,4,44163
up_proj,673,0,4,42205
act_fn,673,0,4,6814
down_proj,673,0,4,27077
final_layernorm,673,0,4,50898
lm_head,673,0,4,239325
embedding,674,0,4,20791
input_layernorm,674,0,4,50546
q_proj,674,0,4,12147
k_proj,674,0,4,7763
v_proj,674,0,4,7682
rope,674,0,4,32552
attn,674,0,4,18361
o_proj,674,0,4,9839
post_layernorm,674,0,4,50830
gate_proj,674,0,4,44474
up_proj,674,0,4,42115
act_fn,674,0,4,6876
down_proj,674,0,4,27195
final_layernorm,674,0,4,51302
lm_head,674,0,4,240233
embedding,675,0,4,20525
input_layernorm,675,0,4,50373
q_proj,675,0,4,12102
k_proj,675,0,4,7310
v_proj,675,0,4,7177
rope,675,0,4,32395
attn,675,0,4,18216
o_proj,675,0,4,9803
post_layernorm,675,0,4,50855
gate_proj,675,0,4,44237
up_proj,675,0,4,42198
act_fn,675,0,4,6872
down_proj,675,0,4,27124
final_layernorm,675,0,4,51003
lm_head,675,0,4,239717
embedding,676,0,4,20610
input_layernorm,676,0,4,50257
q_proj,676,0,4,11921
k_proj,676,0,4,7293
v_proj,676,0,4,7156
rope,676,0,4,32296
attn,676,0,4,18142
o_proj,676,0,4,9719
post_layernorm,676,0,4,50581
gate_proj,676,0,4,44141
up_proj,676,0,4,41996
act_fn,676,0,4,6869
down_proj,676,0,4,27067
final_layernorm,676,0,4,50829
lm_head,676,0,4,239317
embedding,677,0,4,20641
input_layernorm,677,0,4,50533
q_proj,677,0,4,11892
k_proj,677,0,4,7602
v_proj,677,0,4,7563
rope,677,0,4,32405
attn,677,0,4,18249
o_proj,677,0,4,9797
post_layernorm,677,0,4,50880
gate_proj,677,0,4,44247
up_proj,677,0,4,42322
act_fn,677,0,4,6865
down_proj,677,0,4,27174
final_layernorm,677,0,4,51104
lm_head,677,0,4,239760
embedding,678,0,4,20620
input_layernorm,678,0,4,50345
q_proj,678,0,4,11975
k_proj,678,0,4,7333
v_proj,678,0,4,7156
rope,678,0,4,32186
attn,678,0,4,18041
o_proj,678,0,4,9697
post_layernorm,678,0,4,50537
gate_proj,678,0,4,44182
up_proj,678,0,4,41972
act_fn,678,0,4,6870
down_proj,678,0,4,27056
final_layernorm,678,0,4,50759
lm_head,678,0,4,239162
embedding,679,0,4,20777
input_layernorm,679,0,4,50460
q_proj,679,0,4,11976
k_proj,679,0,4,7313
v_proj,679,0,4,7163
rope,679,0,4,32361
attn,679,0,4,18187
o_proj,679,0,4,9755
post_layernorm,679,0,4,50814
gate_proj,679,0,4,44354
up_proj,679,0,4,42000
act_fn,679,0,4,6863
down_proj,679,0,4,27144
final_layernorm,679,0,4,51128
lm_head,679,0,4,239732
embedding,680,0,4,20637
input_layernorm,680,0,4,50347
q_proj,680,0,4,11355
k_proj,680,0,4,7421
v_proj,680,0,4,7201
rope,680,0,4,32449
attn,680,0,4,18237
o_proj,680,0,4,9772
post_layernorm,680,0,4,50710
gate_proj,680,0,4,44098
up_proj,680,0,4,42282
act_fn,680,0,4,6900
down_proj,680,0,4,27146
final_layernorm,680,0,4,50960
lm_head,680,0,4,239730
embedding,681,0,4,21143
input_layernorm,681,0,4,50508
q_proj,681,0,4,11369
k_proj,681,0,4,7326
v_proj,681,0,4,7148
rope,681,0,4,32138
attn,681,0,4,18044
o_proj,681,0,4,9732
post_layernorm,681,0,4,50852
gate_proj,681,0,4,44060
up_proj,681,0,4,42023
act_fn,681,0,4,6891
down_proj,681,0,4,27088
final_layernorm,681,0,4,51012
lm_head,681,0,4,240872
embedding,682,0,4,21400
input_layernorm,682,0,4,50739
q_proj,682,0,4,11542
k_proj,682,0,4,7527
v_proj,682,0,4,7482
rope,682,0,4,32535
attn,682,0,4,18304
o_proj,682,0,4,9822
post_layernorm,682,0,4,51128
gate_proj,682,0,4,44296
up_proj,682,0,4,42194
act_fn,682,0,4,6913
down_proj,682,0,4,27273
final_layernorm,682,0,4,51347
lm_head,682,0,4,241963
embedding,683,0,4,21245
input_layernorm,683,0,4,50317
q_proj,683,0,4,11190
k_proj,683,0,4,7480
v_proj,683,0,4,7401
rope,683,0,4,32018
attn,683,0,4,18251
o_proj,683,0,4,9776
post_layernorm,683,0,4,50921
gate_proj,683,0,4,44238
up_proj,683,0,4,42283
act_fn,683,0,4,6870
down_proj,683,0,4,27227
final_layernorm,683,0,4,51077
lm_head,683,0,4,241617
embedding,684,0,4,21741
input_layernorm,684,0,4,50692
q_proj,684,0,4,11522
k_proj,684,0,4,7301
v_proj,684,0,4,7187
rope,684,0,4,32144
attn,684,0,4,18171
o_proj,684,0,4,9741
post_layernorm,684,0,4,51126
gate_proj,684,0,4,44277
up_proj,684,0,4,42148
act_fn,684,0,4,6927
down_proj,684,0,4,27243
final_layernorm,684,0,4,51197
lm_head,684,0,4,241592
embedding,685,0,4,21330
input_layernorm,685,0,4,50627
q_proj,685,0,4,11102
k_proj,685,0,4,7367
v_proj,685,0,4,7226
rope,685,0,4,32233
attn,685,0,4,18322
o_proj,685,0,4,9851
post_layernorm,685,0,4,51141
gate_proj,685,0,4,44461
up_proj,685,0,4,42429
act_fn,685,0,4,6919
down_proj,685,0,4,27297
final_layernorm,685,0,4,51230
lm_head,685,0,4,242221
embedding,686,0,4,21331
input_layernorm,686,0,4,50731
q_proj,686,0,4,11425
k_proj,686,0,4,7371
v_proj,686,0,4,7196
rope,686,0,4,32189
attn,686,0,4,18207
o_proj,686,0,4,9784
post_layernorm,686,0,4,51090
gate_proj,686,0,4,44169
up_proj,686,0,4,42208
act_fn,686,0,4,6915
down_proj,686,0,4,27286
final_layernorm,686,0,4,51255
lm_head,686,0,4,241995
embedding,687,0,4,21528
input_layernorm,687,0,4,51027
q_proj,687,0,4,11127
k_proj,687,0,4,7377
v_proj,687,0,4,7227
rope,687,0,4,32307
attn,687,0,4,18311
o_proj,687,0,4,9818
post_layernorm,687,0,4,51347
gate_proj,687,0,4,44264
up_proj,687,0,4,42431
act_fn,687,0,4,6956
down_proj,687,0,4,27294
final_layernorm,687,0,4,51552
lm_head,687,0,4,242267
embedding,688,0,4,21099
input_layernorm,688,0,4,50214
q_proj,688,0,4,10814
k_proj,688,0,4,7416
v_proj,688,0,4,7397
rope,688,0,4,32292
attn,688,0,4,18247
o_proj,688,0,4,9779
post_layernorm,688,0,4,50670
gate_proj,688,0,4,44147
up_proj,688,0,4,42307
act_fn,688,0,4,6911
down_proj,688,0,4,27276
final_layernorm,688,0,4,50960
lm_head,688,0,4,249921
embedding,689,0,4,21551
input_layernorm,689,0,4,50887
q_proj,689,0,4,10913
k_proj,689,0,4,7325
v_proj,689,0,4,7190
rope,689,0,4,32258
attn,689,0,4,18161
o_proj,689,0,4,9774
post_layernorm,689,0,4,51269
gate_proj,689,0,4,44144
up_proj,689,0,4,42306
act_fn,689,0,4,6950
down_proj,689,0,4,27255
final_layernorm,689,0,4,51556
lm_head,689,0,4,241943
embedding,690,0,4,21879
input_layernorm,690,0,4,50795
q_proj,690,0,4,10946
k_proj,690,0,4,7309
v_proj,690,0,4,7200
rope,690,0,4,32242
attn,690,0,4,18144
o_proj,690,0,4,9764
post_layernorm,690,0,4,51180
gate_proj,690,0,4,44315
up_proj,690,0,4,42324
act_fn,690,0,4,6984
down_proj,690,0,4,27251
final_layernorm,690,0,4,51431
lm_head,690,0,4,242004
embedding,691,0,4,21923
input_layernorm,691,0,4,50857
q_proj,691,0,4,10870
k_proj,691,0,4,7399
v_proj,691,0,4,7314
rope,691,0,4,32322
attn,691,0,4,18180
o_proj,691,0,4,9777
post_layernorm,691,0,4,51166
gate_proj,691,0,4,44470
up_proj,691,0,4,42380
act_fn,691,0,4,6971
down_proj,691,0,4,27291
final_layernorm,691,0,4,51418
lm_head,691,0,4,242261
embedding,692,0,4,21912
input_layernorm,692,0,4,50912
q_proj,692,0,4,10817
k_proj,692,0,4,7319
v_proj,692,0,4,7211
rope,692,0,4,32284
attn,692,0,4,18159
o_proj,692,0,4,9715
post_layernorm,692,0,4,51260
gate_proj,692,0,4,44137
up_proj,692,0,4,42142
act_fn,692,0,4,6928
down_proj,692,0,4,27253
final_layernorm,692,0,4,51414
lm_head,692,0,4,241810
embedding,693,0,4,22016
input_layernorm,693,0,4,51122
q_proj,693,0,4,10851
k_proj,693,0,4,7316
v_proj,693,0,4,7200
rope,693,0,4,32525
attn,693,0,4,18278
o_proj,693,0,4,9823
post_layernorm,693,0,4,51464
gate_proj,693,0,4,44377
up_proj,693,0,4,42298
act_fn,693,0,4,6957
down_proj,693,0,4,27333
final_layernorm,693,0,4,51529
lm_head,693,0,4,242585
embedding,694,0,4,22079
input_layernorm,694,0,4,51074
q_proj,694,0,4,10888
k_proj,694,0,4,7292
v_proj,694,0,4,7176
rope,694,0,4,32268
attn,694,0,4,18228
o_proj,694,0,4,9745
post_layernorm,694,0,4,51465
gate_proj,694,0,4,44103
up_proj,694,0,4,42307
act_fn,694,0,4,6953
down_proj,694,0,4,27276
final_layernorm,694,0,4,51529
lm_head,694,0,4,241908
embedding,695,0,4,22053
input_layernorm,695,0,4,51063
q_proj,695,0,4,10836
k_proj,695,0,4,7329
v_proj,695,0,4,7145
rope,695,0,4,32527
attn,695,0,4,18203
o_proj,695,0,4,9784
post_layernorm,695,0,4,51554
gate_proj,695,0,4,44333
up_proj,695,0,4,42170
act_fn,695,0,4,7015
down_proj,695,0,4,27326
final_layernorm,695,0,4,51578
lm_head,695,0,4,242354
embedding,696,0,4,21908
input_layernorm,696,0,4,50790
q_proj,696,0,4,10754
k_proj,696,0,4,7359
v_proj,696,0,4,7269
rope,696,0,4,32596
attn,696,0,4,18286
o_proj,696,0,4,9815
post_layernorm,696,0,4,51203
gate_proj,696,0,4,44238
up_proj,696,0,4,42324
act_fn,696,0,4,7006
down_proj,696,0,4,27326
final_layernorm,696,0,4,51496
lm_head,696,0,4,242509
embedding,697,0,4,21249
input_layernorm,697,0,4,50929
q_proj,697,0,4,10761
k_proj,697,0,4,7307
v_proj,697,0,4,7219
rope,697,0,4,32356
attn,697,0,4,18155
o_proj,697,0,4,9763
post_layernorm,697,0,4,51482
gate_proj,697,0,4,44253
up_proj,697,0,4,42163
act_fn,697,0,4,7001
down_proj,697,0,4,27308
final_layernorm,697,0,4,51431
lm_head,697,0,4,250052
embedding,698,0,4,21816
input_layernorm,698,0,4,51306
q_proj,698,0,4,10769
k_proj,698,0,4,7354
v_proj,698,0,4,7224
rope,698,0,4,32608
attn,698,0,4,18282
o_proj,698,0,4,9830
post_layernorm,698,0,4,51615
gate_proj,698,0,4,44497
up_proj,698,0,4,42366
act_fn,698,0,4,7021
down_proj,698,0,4,27362
final_layernorm,698,0,4,51771
lm_head,698,0,4,250722
embedding,699,0,4,21681
input_layernorm,699,0,4,51275
q_proj,699,0,4,10741
k_proj,699,0,4,7345
v_proj,699,0,4,7241
rope,699,0,4,32485
attn,699,0,4,18222
o_proj,699,0,4,9780
post_layernorm,699,0,4,51727
gate_proj,699,0,4,44235
up_proj,699,0,4,42247
act_fn,699,0,4,7014
down_proj,699,0,4,27321
final_layernorm,699,0,4,51683
lm_head,699,0,4,250415
embedding,700,0,4,21439
input_layernorm,700,0,4,51292
q_proj,700,0,4,10751
k_proj,700,0,4,7302
v_proj,700,0,4,7222
rope,700,0,4,32623
attn,700,0,4,18271
o_proj,700,0,4,9791
post_layernorm,700,0,4,51611
gate_proj,700,0,4,44114
up_proj,700,0,4,42373
act_fn,700,0,4,7034
down_proj,700,0,4,27377
final_layernorm,700,0,4,51693
lm_head,700,0,4,250522
embedding,701,0,4,21368
input_layernorm,701,0,4,51222
q_proj,701,0,4,10778
k_proj,701,0,4,7321
v_proj,701,0,4,7210
rope,701,0,4,32563
attn,701,0,4,18316
o_proj,701,0,4,9813
post_layernorm,701,0,4,51661
gate_proj,701,0,4,44370
up_proj,701,0,4,42331
act_fn,701,0,4,7021
down_proj,701,0,4,27376
final_layernorm,701,0,4,51733
lm_head,701,0,4,250839
embedding,702,0,4,21455
input_layernorm,702,0,4,51307
q_proj,702,0,4,10741
k_proj,702,0,4,7324
v_proj,702,0,4,7207
rope,702,0,4,32594
attn,702,0,4,18285
o_proj,702,0,4,9779
post_layernorm,702,0,4,51656
gate_proj,702,0,4,44338
up_proj,702,0,4,42309
act_fn,702,0,4,7036
down_proj,702,0,4,27389
final_layernorm,702,0,4,51606
lm_head,702,0,4,250730
embedding,703,0,4,21493
input_layernorm,703,0,4,51427
q_proj,703,0,4,10745
k_proj,703,0,4,7362
v_proj,703,0,4,7234
rope,703,0,4,32736
attn,703,0,4,18346
o_proj,703,0,4,9814
post_layernorm,703,0,4,51711
gate_proj,703,0,4,44667
up_proj,703,0,4,42335
act_fn,703,0,4,7040
down_proj,703,0,4,27393
final_layernorm,703,0,4,51868
lm_head,703,0,4,250949
embedding,704,0,4,21849
input_layernorm,704,0,4,50680
q_proj,704,0,4,14627
k_proj,704,0,4,7323
v_proj,704,0,4,7253
rope,704,0,4,32659
attn,704,0,4,18159
o_proj,704,0,4,10407
post_layernorm,704,0,4,51108
gate_proj,704,0,4,33872
up_proj,704,0,4,31704
act_fn,704,0,4,7325
down_proj,704,0,4,29670
final_layernorm,704,0,4,51389
lm_head,704,0,4,267473
embedding,705,0,4,21598
input_layernorm,705,0,4,51691
q_proj,705,0,4,14516
k_proj,705,0,4,7540
v_proj,705,0,4,7391
rope,705,0,4,32941
attn,705,0,4,24985
o_proj,705,0,4,10164
post_layernorm,705,0,4,52003
gate_proj,705,0,4,44225
up_proj,705,0,4,42643
act_fn,705,0,4,7075
down_proj,705,0,4,28160
final_layernorm,705,0,4,52007
lm_head,705,0,4,251263
embedding,706,0,4,21441
input_layernorm,706,0,4,51475
q_proj,706,0,4,14647
k_proj,706,0,4,7482
v_proj,706,0,4,7305
rope,706,0,4,32794
attn,706,0,4,24854
o_proj,706,0,4,10108
post_layernorm,706,0,4,51772
gate_proj,706,0,4,44421
up_proj,706,0,4,42313
act_fn,706,0,4,7054
down_proj,706,0,4,28100
final_layernorm,706,0,4,51828
lm_head,706,0,4,250799
embedding,707,0,4,21598
input_layernorm,707,0,4,51496
q_proj,707,0,4,14211
k_proj,707,0,4,7516
v_proj,707,0,4,7355
rope,707,0,4,33050
attn,707,0,4,25030
o_proj,707,0,4,10175
post_layernorm,707,0,4,52041
gate_proj,707,0,4,44638
up_proj,707,0,4,42680
act_fn,707,0,4,7103
down_proj,707,0,4,28211
final_layernorm,707,0,4,51991
lm_head,707,0,4,251526
embedding,708,0,4,21702
input_layernorm,708,0,4,51455
q_proj,708,0,4,14363
k_proj,708,0,4,7493
v_proj,708,0,4,7301
rope,708,0,4,33034
attn,708,0,4,25080
o_proj,708,0,4,10137
post_layernorm,708,0,4,51863
gate_proj,708,0,4,44343
up_proj,708,0,4,42397
act_fn,708,0,4,7086
down_proj,708,0,4,28160
final_layernorm,708,0,4,51859
lm_head,708,0,4,251125
embedding,709,0,4,21580
input_layernorm,709,0,4,51785
q_proj,709,0,4,14355
k_proj,709,0,4,7581
v_proj,709,0,4,7422
rope,709,0,4,33116
attn,709,0,4,25050
o_proj,709,0,4,10197
post_layernorm,709,0,4,52028
gate_proj,709,0,4,44589
up_proj,709,0,4,42813
act_fn,709,0,4,7141
down_proj,709,0,4,28217
final_layernorm,709,0,4,52129
lm_head,709,0,4,251742
embedding,710,0,4,21454
input_layernorm,710,0,4,51481
q_proj,710,0,4,14279
k_proj,710,0,4,7514
v_proj,710,0,4,7313
rope,710,0,4,32946
attn,710,0,4,25004
o_proj,710,0,4,10135
post_layernorm,710,0,4,51862
gate_proj,710,0,4,44360
up_proj,710,0,4,42440
act_fn,710,0,4,7134
down_proj,710,0,4,28165
final_layernorm,710,0,4,51930
lm_head,710,0,4,251370
embedding,711,0,4,21738
input_layernorm,711,0,4,51740
q_proj,711,0,4,14046
k_proj,711,0,4,7520
v_proj,711,0,4,7368
rope,711,0,4,33063
attn,711,0,4,25055
o_proj,711,0,4,10181
post_layernorm,711,0,4,51986
gate_proj,711,0,4,44560
up_proj,711,0,4,42548
act_fn,711,0,4,7105
down_proj,711,0,4,28217
final_layernorm,711,0,4,52007
lm_head,711,0,4,251742
embedding,712,0,4,21532
input_layernorm,712,0,4,51470
q_proj,712,0,4,14155
k_proj,712,0,4,7469
v_proj,712,0,4,7275
rope,712,0,4,33101
attn,712,0,4,25125
o_proj,712,0,4,10123
post_layernorm,712,0,4,51786
gate_proj,712,0,4,44440
up_proj,712,0,4,42476
act_fn,712,0,4,7132
down_proj,712,0,4,28170
final_layernorm,712,0,4,51879
lm_head,712,0,4,251397
embedding,713,0,4,21661
input_layernorm,713,0,4,51906
q_proj,713,0,4,14087
k_proj,713,0,4,7493
v_proj,713,0,4,7324
rope,713,0,4,33036
attn,713,0,4,25176
o_proj,713,0,4,10165
post_layernorm,713,0,4,52195
gate_proj,713,0,4,44317
up_proj,713,0,4,42608
act_fn,713,0,4,7124
down_proj,713,0,4,28238
final_layernorm,713,0,4,52201
lm_head,713,0,4,251714
embedding,714,0,4,21722
input_layernorm,714,0,4,51694
q_proj,714,0,4,13922
k_proj,714,0,4,7504
v_proj,714,0,4,7250
rope,714,0,4,33034
attn,714,0,4,25229
o_proj,714,0,4,10154
post_layernorm,714,0,4,52179
gate_proj,714,0,4,44490
up_proj,714,0,4,42595
act_fn,714,0,4,7147
down_proj,714,0,4,28189
final_layernorm,714,0,4,52006
lm_head,714,0,4,251606
embedding,715,0,4,21663
input_layernorm,715,0,4,51760
q_proj,715,0,4,13896
k_proj,715,0,4,7491
v_proj,715,0,4,7261
rope,715,0,4,33098
attn,715,0,4,25142
o_proj,715,0,4,10177
post_layernorm,715,0,4,52126
gate_proj,715,0,4,44461
up_proj,715,0,4,42277
act_fn,715,0,4,7178
down_proj,715,0,4,28228
final_layernorm,715,0,4,52149
lm_head,715,0,4,251875
embedding,716,0,4,22038
input_layernorm,716,0,4,51868
q_proj,716,0,4,14048
k_proj,716,0,4,7525
v_proj,716,0,4,7315
rope,716,0,4,33197
attn,716,0,4,25199
o_proj,716,0,4,10164
post_layernorm,716,0,4,52176
gate_proj,716,0,4,44600
up_proj,716,0,4,42574
act_fn,716,0,4,7215
down_proj,716,0,4,28232
final_layernorm,716,0,4,52145
lm_head,716,0,4,251983
embedding,717,0,4,21647
input_layernorm,717,0,4,51867
q_proj,717,0,4,13866
k_proj,717,0,4,7592
v_proj,717,0,4,7300
rope,717,0,4,33128
attn,717,0,4,25325
o_proj,717,0,4,10187
post_layernorm,717,0,4,52297
gate_proj,717,0,4,44463
up_proj,717,0,4,42559
act_fn,717,0,4,7182
down_proj,717,0,4,28278
final_layernorm,717,0,4,52276
lm_head,717,0,4,252130
embedding,718,0,4,21789
input_layernorm,718,0,4,51602
q_proj,718,0,4,14029
k_proj,718,0,4,7482
v_proj,718,0,4,7323
rope,718,0,4,33089
attn,718,0,4,25311
o_proj,718,0,4,10195
post_layernorm,718,0,4,52267
gate_proj,718,0,4,44599
up_proj,718,0,4,42803
act_fn,718,0,4,7210
down_proj,718,0,4,28291
final_layernorm,718,0,4,52247
lm_head,718,0,4,252336
embedding,719,0,4,21788
input_layernorm,719,0,4,52011
q_proj,719,0,4,13798
k_proj,719,0,4,7468
v_proj,719,0,4,7226
rope,719,0,4,33014
attn,719,0,4,25210
o_proj,719,0,4,10136
post_layernorm,719,0,4,52439
gate_proj,719,0,4,44285
up_proj,719,0,4,42503
act_fn,719,0,4,7196
down_proj,719,0,4,28272
final_layernorm,719,0,4,52132
lm_head,719,0,4,251806
embedding,720,0,4,21852
input_layernorm,720,0,4,51788
q_proj,720,0,4,13622
k_proj,720,0,4,7204
v_proj,720,0,4,6827
rope,720,0,4,33185
attn,720,0,4,25303
o_proj,720,0,4,10666
post_layernorm,720,0,4,52069
gate_proj,720,0,4,44425
up_proj,720,0,4,42523
act_fn,720,0,4,7227
down_proj,720,0,4,29720
final_layernorm,720,0,4,52003
lm_head,720,0,4,251997
embedding,721,0,4,21844
input_layernorm,721,0,4,51728
q_proj,721,0,4,13631
k_proj,721,0,4,7399
v_proj,721,0,4,7461
rope,721,0,4,32976
attn,721,0,4,25214
o_proj,721,0,4,10140
post_layernorm,721,0,4,52211
gate_proj,721,0,4,32181
up_proj,721,0,4,32034
act_fn,721,0,4,7485
down_proj,721,0,4,28277
final_layernorm,721,0,4,52445
lm_head,721,0,4,274856
embedding,722,0,4,21916
input_layernorm,722,0,4,51743
q_proj,722,0,4,13493
k_proj,722,0,4,7428
v_proj,722,0,4,7455
rope,722,0,4,33028
attn,722,0,4,25234
o_proj,722,0,4,10144
post_layernorm,722,0,4,52344
gate_proj,722,0,4,32021
up_proj,722,0,4,32256
act_fn,722,0,4,7542
down_proj,722,0,4,28348
final_layernorm,722,0,4,52436
lm_head,722,0,4,275726
embedding,723,0,4,22161
input_layernorm,723,0,4,52054
q_proj,723,0,4,13572
k_proj,723,0,4,7426
v_proj,723,0,4,7486
rope,723,0,4,33062
attn,723,0,4,25341
o_proj,723,0,4,10153
post_layernorm,723,0,4,52323
gate_proj,723,0,4,31750
up_proj,723,0,4,32275
act_fn,723,0,4,7528
down_proj,723,0,4,28300
final_layernorm,723,0,4,52651
lm_head,723,0,4,274953
embedding,724,0,4,22114
input_layernorm,724,0,4,52027
q_proj,724,0,4,13529
k_proj,724,0,4,7473
v_proj,724,0,4,7485
rope,724,0,4,33100
attn,724,0,4,25169
o_proj,724,0,4,10113
post_layernorm,724,0,4,52352
gate_proj,724,0,4,31803
up_proj,724,0,4,32149
act_fn,724,0,4,7561
down_proj,724,0,4,28319
final_layernorm,724,0,4,52366
lm_head,724,0,4,274170
embedding,725,0,4,22148
input_layernorm,725,0,4,52096
q_proj,725,0,4,13639
k_proj,725,0,4,7498
v_proj,725,0,4,7478
rope,725,0,4,33152
attn,725,0,4,25349
o_proj,725,0,4,10176
post_layernorm,725,0,4,52427
gate_proj,725,0,4,32146
up_proj,725,0,4,32412
act_fn,725,0,4,7585
down_proj,725,0,4,28462
final_layernorm,725,0,4,52458
lm_head,725,0,4,274867
embedding,726,0,4,22249
input_layernorm,726,0,4,52197
q_proj,726,0,4,13425
k_proj,726,0,4,7421
v_proj,726,0,4,7449
rope,726,0,4,33005
attn,726,0,4,25341
o_proj,726,0,4,10181
post_layernorm,726,0,4,52471
gate_proj,726,0,4,31661
up_proj,726,0,4,32324
act_fn,726,0,4,7548
down_proj,726,0,4,28377
final_layernorm,726,0,4,52610
lm_head,726,0,4,274186
embedding,727,0,4,22371
input_layernorm,727,0,4,52397
q_proj,727,0,4,13443
k_proj,727,0,4,7479
v_proj,727,0,4,7504
rope,727,0,4,33195
attn,727,0,4,25421
o_proj,727,0,4,10188
post_layernorm,727,0,4,52687
gate_proj,727,0,4,31895
up_proj,727,0,4,32344
act_fn,727,0,4,7513
down_proj,727,0,4,28442
final_layernorm,727,0,4,52759
lm_head,727,0,4,275615
embedding,728,0,4,22472
input_layernorm,728,0,4,51988
q_proj,728,0,4,13032
k_proj,728,0,4,7387
v_proj,728,0,4,7371
rope,728,0,4,33205
attn,728,0,4,25462
o_proj,728,0,4,10179
post_layernorm,728,0,4,52346
gate_proj,728,0,4,31528
up_proj,728,0,4,32445
act_fn,728,0,4,7574
down_proj,728,0,4,28428
final_layernorm,728,0,4,52452
lm_head,728,0,4,275855
embedding,729,0,4,22351
input_layernorm,729,0,4,52326
q_proj,729,0,4,13299
k_proj,729,0,4,10934
v_proj,729,0,4,9265
rope,729,0,4,33131
attn,729,0,4,25463
o_proj,729,0,4,10150
post_layernorm,729,0,4,52647
gate_proj,729,0,4,31794
up_proj,729,0,4,32191
act_fn,729,0,4,7530
down_proj,729,0,4,28416
final_layernorm,729,0,4,52657
lm_head,729,0,4,261997
embedding,730,0,4,22475
input_layernorm,730,0,4,52336
q_proj,730,0,4,13320
k_proj,730,0,4,10448
v_proj,730,0,4,9171
rope,730,0,4,33373
attn,730,0,4,25608
o_proj,730,0,4,10244
post_layernorm,730,0,4,52730
gate_proj,730,0,4,31880
up_proj,730,0,4,32416
act_fn,730,0,4,7594
down_proj,730,0,4,28510
final_layernorm,730,0,4,52887
lm_head,730,0,4,262552
embedding,731,0,4,22556
input_layernorm,731,0,4,52394
q_proj,731,0,4,13202
k_proj,731,0,4,10060
v_proj,731,0,4,9220
rope,731,0,4,33335
attn,731,0,4,25555
o_proj,731,0,4,10223
post_layernorm,731,0,4,52782
gate_proj,731,0,4,31759
up_proj,731,0,4,32358
act_fn,731,0,4,7618
down_proj,731,0,4,28473
final_layernorm,731,0,4,52855
lm_head,731,0,4,262302
embedding,732,0,4,22441
input_layernorm,732,0,4,52597
q_proj,732,0,4,13240
k_proj,732,0,4,10077
v_proj,732,0,4,9740
rope,732,0,4,33559
attn,732,0,4,25558
o_proj,732,0,4,10234
post_layernorm,732,0,4,52890
gate_proj,732,0,4,31581
up_proj,732,0,4,32492
act_fn,732,0,4,7621
down_proj,732,0,4,28481
final_layernorm,732,0,4,52987
lm_head,732,0,4,262602
embedding,733,0,4,22619
input_layernorm,733,0,4,52212
q_proj,733,0,4,13213
k_proj,733,0,4,9962
v_proj,733,0,4,9135
rope,733,0,4,33284
attn,733,0,4,25443
o_proj,733,0,4,10140
post_layernorm,733,0,4,52657
gate_proj,733,0,4,31584
up_proj,733,0,4,32248
act_fn,733,0,4,7599
down_proj,733,0,4,28424
final_layernorm,733,0,4,52693
lm_head,733,0,4,262107
embedding,734,0,4,22246
input_layernorm,734,0,4,52262
q_proj,734,0,4,13225
k_proj,734,0,4,10903
v_proj,734,0,4,9247
rope,734,0,4,33256
attn,734,0,4,25540
o_proj,734,0,4,10181
post_layernorm,734,0,4,52707
gate_proj,734,0,4,31802
up_proj,734,0,4,32452
act_fn,734,0,4,7650
down_proj,734,0,4,28435
final_layernorm,734,0,4,52948
lm_head,734,0,4,262527
embedding,735,0,4,22250
input_layernorm,735,0,4,52429
q_proj,735,0,4,13022
k_proj,735,0,4,10164
v_proj,735,0,4,9702
rope,735,0,4,33346
attn,735,0,4,25558
o_proj,735,0,4,10194
post_layernorm,735,0,4,52809
gate_proj,735,0,4,31760
up_proj,735,0,4,32330
act_fn,735,0,4,7665
down_proj,735,0,4,28459
final_layernorm,735,0,4,52877
lm_head,735,0,4,262538
embedding,736,0,4,22800
input_layernorm,736,0,4,51988
q_proj,736,0,4,12953
k_proj,736,0,4,9359
v_proj,736,0,4,9133
rope,736,0,4,33442
attn,736,0,4,25595
o_proj,736,0,4,10740
post_layernorm,736,0,4,52390
gate_proj,736,0,4,31760
up_proj,736,0,4,32353
act_fn,736,0,4,7609
down_proj,736,0,4,29852
final_layernorm,736,0,4,52768
lm_head,736,0,4,270289
embedding,737,0,4,22461
input_layernorm,737,0,4,52725
q_proj,737,0,4,12995
k_proj,737,0,4,9106
v_proj,737,0,4,9087
rope,737,0,4,33495
attn,737,0,4,25681
o_proj,737,0,4,10761
post_layernorm,737,0,4,53000
gate_proj,737,0,4,31720
up_proj,737,0,4,32401
act_fn,737,0,4,7670
down_proj,737,0,4,29947
final_layernorm,737,0,4,53328
lm_head,737,0,4,262885
embedding,738,0,4,22249
input_layernorm,738,0,4,52546
q_proj,738,0,4,13047
k_proj,738,0,4,9081
v_proj,738,0,4,9037
rope,738,0,4,33319
attn,738,0,4,25691
o_proj,738,0,4,10709
post_layernorm,738,0,4,52904
gate_proj,738,0,4,31615
up_proj,738,0,4,32326
act_fn,738,0,4,7684
down_proj,738,0,4,29868
final_layernorm,738,0,4,53117
lm_head,738,0,4,262556
embedding,739,0,4,22616
input_layernorm,739,0,4,52644
q_proj,739,0,4,13077
k_proj,739,0,4,9258
v_proj,739,0,4,8948
rope,739,0,4,33469
attn,739,0,4,25750
o_proj,739,0,4,10735
post_layernorm,739,0,4,52949
gate_proj,739,0,4,31634
up_proj,739,0,4,32423
act_fn,739,0,4,7684
down_proj,739,0,4,29961
final_layernorm,739,0,4,53147
lm_head,739,0,4,262746
embedding,740,0,4,22341
input_layernorm,740,0,4,52519
q_proj,740,0,4,12880
k_proj,740,0,4,8998
v_proj,740,0,4,8600
rope,740,0,4,33557
attn,740,0,4,25806
o_proj,740,0,4,10737
post_layernorm,740,0,4,52815
gate_proj,740,0,4,31606
up_proj,740,0,4,32418
act_fn,740,0,4,7670
down_proj,740,0,4,29909
final_layernorm,740,0,4,53391
lm_head,740,0,4,262711
embedding,741,0,4,22419
input_layernorm,741,0,4,52486
q_proj,741,0,4,12873
k_proj,741,0,4,9041
v_proj,741,0,4,9072
rope,741,0,4,33504
attn,741,0,4,25834
o_proj,741,0,4,10734
post_layernorm,741,0,4,52897
gate_proj,741,0,4,31653
up_proj,741,0,4,32603
act_fn,741,0,4,7717
down_proj,741,0,4,29970
final_layernorm,741,0,4,53104
lm_head,741,0,4,262988
embedding,742,0,4,22454
input_layernorm,742,0,4,52668
q_proj,742,0,4,12715
k_proj,742,0,4,9027
v_proj,742,0,4,8859
rope,742,0,4,33564
attn,742,0,4,26047
o_proj,742,0,4,10781
post_layernorm,742,0,4,53202
gate_proj,742,0,4,31672
up_proj,742,0,4,32689
act_fn,742,0,4,7700
down_proj,742,0,4,29970
final_layernorm,742,0,4,53381
lm_head,742,0,4,263210
embedding,743,0,4,22426
input_layernorm,743,0,4,52682
q_proj,743,0,4,12872
k_proj,743,0,4,9072
v_proj,743,0,4,8666
rope,743,0,4,33500
attn,743,0,4,25900
o_proj,743,0,4,10725
post_layernorm,743,0,4,53131
gate_proj,743,0,4,31672
up_proj,743,0,4,32482
act_fn,743,0,4,7699
down_proj,743,0,4,29988
final_layernorm,743,0,4,53305
lm_head,743,0,4,263142
embedding,744,0,4,22299
input_layernorm,744,0,4,52499
q_proj,744,0,4,12489
k_proj,744,0,4,8975
v_proj,744,0,4,8665
rope,744,0,4,33630
attn,744,0,4,26006
o_proj,744,0,4,10736
post_layernorm,744,0,4,52802
gate_proj,744,0,4,31545
up_proj,744,0,4,32477
act_fn,744,0,4,7745
down_proj,744,0,4,29984
final_layernorm,744,0,4,53033
lm_head,744,0,4,263209
embedding,745,0,4,22566
input_layernorm,745,0,4,52722
q_proj,745,0,4,12517
k_proj,745,0,4,8909
v_proj,745,0,4,8995
rope,745,0,4,33639
attn,745,0,4,26005
o_proj,745,0,4,10764
post_layernorm,745,0,4,53115
gate_proj,745,0,4,31594
up_proj,745,0,4,32600
act_fn,745,0,4,7739
down_proj,745,0,4,30014
final_layernorm,745,0,4,53630
lm_head,745,0,4,263545
embedding,746,0,4,22349
input_layernorm,746,0,4,52682
q_proj,746,0,4,12527
k_proj,746,0,4,8773
v_proj,746,0,4,8815
rope,746,0,4,33326
attn,746,0,4,25742
o_proj,746,0,4,10711
post_layernorm,746,0,4,52990
gate_proj,746,0,4,31342
up_proj,746,0,4,32277
act_fn,746,0,4,7719
down_proj,746,0,4,29919
final_layernorm,746,0,4,53656
lm_head,746,0,4,263084
embedding,747,0,4,22619
input_layernorm,747,0,4,52873
q_proj,747,0,4,12535
k_proj,747,0,4,8971
v_proj,747,0,4,8713
rope,747,0,4,33678
attn,747,0,4,26095
o_proj,747,0,4,10809
post_layernorm,747,0,4,53359
gate_proj,747,0,4,31629
up_proj,747,0,4,32672
act_fn,747,0,4,7768
down_proj,747,0,4,30071
final_layernorm,747,0,4,53665
lm_head,747,0,4,263705
embedding,748,0,4,22603
input_layernorm,748,0,4,52674
q_proj,748,0,4,12191
k_proj,748,0,4,8639
v_proj,748,0,4,8247
rope,748,0,4,33685
attn,748,0,4,26019
o_proj,748,0,4,10745
post_layernorm,748,0,4,53225
gate_proj,748,0,4,31544
up_proj,748,0,4,32622
act_fn,748,0,4,7763
down_proj,748,0,4,29994
final_layernorm,748,0,4,53519
lm_head,748,0,4,263423
embedding,749,0,4,22291
input_layernorm,749,0,4,52881
q_proj,749,0,4,12059
k_proj,749,0,4,8638
v_proj,749,0,4,8682
rope,749,0,4,33624
attn,749,0,4,26120
o_proj,749,0,4,10759
post_layernorm,749,0,4,53365
gate_proj,749,0,4,31589
up_proj,749,0,4,32640
act_fn,749,0,4,7799
down_proj,749,0,4,30028
final_layernorm,749,0,4,53624
lm_head,749,0,4,263653
embedding,750,0,4,22582
input_layernorm,750,0,4,52986
q_proj,750,0,4,11980
k_proj,750,0,4,8555
v_proj,750,0,4,8473
rope,750,0,4,33743
attn,750,0,4,26283
o_proj,750,0,4,10811
post_layernorm,750,0,4,53306
gate_proj,750,0,4,31622
up_proj,750,0,4,32743
act_fn,750,0,4,7798
down_proj,750,0,4,30059
final_layernorm,750,0,4,53774
lm_head,750,0,4,264086
embedding,751,0,4,22694
input_layernorm,751,0,4,52881
q_proj,751,0,4,12293
k_proj,751,0,4,8712
v_proj,751,0,4,8230
rope,751,0,4,33457
attn,751,0,4,26200
o_proj,751,0,4,10719
post_layernorm,751,0,4,53408
gate_proj,751,0,4,31507
up_proj,751,0,4,32557
act_fn,751,0,4,7768
down_proj,751,0,4,29968
final_layernorm,751,0,4,53739
lm_head,751,0,4,263420
embedding,752,0,4,23241
input_layernorm,752,0,4,52791
q_proj,752,0,4,11731
k_proj,752,0,4,8335
v_proj,752,0,4,8050
rope,752,0,4,33697
attn,752,0,4,26365
o_proj,752,0,4,10730
post_layernorm,752,0,4,53025
gate_proj,752,0,4,31529
up_proj,752,0,4,32509
act_fn,752,0,4,7803
down_proj,752,0,4,30021
final_layernorm,752,0,4,53262
lm_head,752,0,4,266264
embedding,753,0,4,22778
input_layernorm,753,0,4,53191
q_proj,753,0,4,11378
k_proj,753,0,4,8518
v_proj,753,0,4,8480
rope,753,0,4,33603
attn,753,0,4,26243
o_proj,753,0,4,10756
post_layernorm,753,0,4,53461
gate_proj,753,0,4,31466
up_proj,753,0,4,32384
act_fn,753,0,4,7758
down_proj,753,0,4,29972
final_layernorm,753,0,4,53985
lm_head,753,0,4,263753
embedding,754,0,4,22682
input_layernorm,754,0,4,53309
q_proj,754,0,4,11575
k_proj,754,0,4,8504
v_proj,754,0,4,8378
rope,754,0,4,33690
attn,754,0,4,26395
o_proj,754,0,4,10793
post_layernorm,754,0,4,53556
gate_proj,754,0,4,31661
up_proj,754,0,4,32722
act_fn,754,0,4,7824
down_proj,754,0,4,30110
final_layernorm,754,0,4,53993
lm_head,754,0,4,264010
embedding,755,0,4,22863
input_layernorm,755,0,4,53203
q_proj,755,0,4,11410
k_proj,755,0,4,8809
v_proj,755,0,4,8373
rope,755,0,4,33653
attn,755,0,4,26330
o_proj,755,0,4,10779
post_layernorm,755,0,4,53603
gate_proj,755,0,4,31551
up_proj,755,0,4,32666
act_fn,755,0,4,7867
down_proj,755,0,4,30070
final_layernorm,755,0,4,53912
lm_head,755,0,4,264072
embedding,756,0,4,22941
input_layernorm,756,0,4,53162
q_proj,756,0,4,11593
k_proj,756,0,4,8222
v_proj,756,0,4,7918
rope,756,0,4,33738
attn,756,0,4,26433
o_proj,756,0,4,10749
post_layernorm,756,0,4,53528
gate_proj,756,0,4,31610
up_proj,756,0,4,32636
act_fn,756,0,4,7839
down_proj,756,0,4,30101
final_layernorm,756,0,4,53915
lm_head,756,0,4,263743
embedding,757,0,4,23091
input_layernorm,757,0,4,53417
q_proj,757,0,4,11519
k_proj,757,0,4,8316
v_proj,757,0,4,8270
rope,757,0,4,33651
attn,757,0,4,26500
o_proj,757,0,4,10780
post_layernorm,757,0,4,53708
gate_proj,757,0,4,31597
up_proj,757,0,4,32709
act_fn,757,0,4,7868
down_proj,757,0,4,30095
final_layernorm,757,0,4,54057
lm_head,757,0,4,263878
embedding,758,0,4,23103
input_layernorm,758,0,4,53104
q_proj,758,0,4,11517
k_proj,758,0,4,8331
v_proj,758,0,4,8133
rope,758,0,4,33641
attn,758,0,4,26490
o_proj,758,0,4,10741
post_layernorm,758,0,4,53486
gate_proj,758,0,4,31505
up_proj,758,0,4,32678
act_fn,758,0,4,7855
down_proj,758,0,4,30110
final_layernorm,758,0,4,53939
lm_head,758,0,4,263901
embedding,759,0,4,23220
input_layernorm,759,0,4,53309
q_proj,759,0,4,11174
k_proj,759,0,4,8071
v_proj,759,0,4,7919
rope,759,0,4,33762
attn,759,0,4,26505
o_proj,759,0,4,10778
post_layernorm,759,0,4,53770
gate_proj,759,0,4,31659
up_proj,759,0,4,32609
act_fn,759,0,4,7860
down_proj,759,0,4,30116
final_layernorm,759,0,4,54117
lm_head,759,0,4,264286
embedding,760,0,4,23345
input_layernorm,760,0,4,53146
q_proj,760,0,4,11136
k_proj,760,0,4,8041
v_proj,760,0,4,7786
rope,760,0,4,33896
attn,760,0,4,26572
o_proj,760,0,4,10804
post_layernorm,760,0,4,53403
gate_proj,760,0,4,31757
up_proj,760,0,4,32754
act_fn,760,0,4,7870
down_proj,760,0,4,30232
final_layernorm,760,0,4,53684
lm_head,760,0,4,264477
embedding,761,0,4,23761
input_layernorm,761,0,4,53441
q_proj,761,0,4,11138
k_proj,761,0,4,7930
v_proj,761,0,4,7890
rope,761,0,4,33753
attn,761,0,4,26598
o_proj,761,0,4,10782
post_layernorm,761,0,4,53754
gate_proj,761,0,4,31662
up_proj,761,0,4,32732
act_fn,761,0,4,7875
down_proj,761,0,4,30190
final_layernorm,761,0,4,54096
lm_head,761,0,4,267256
embedding,762,0,4,23721
input_layernorm,762,0,4,53474
q_proj,762,0,4,11101
k_proj,762,0,4,7913
v_proj,762,0,4,7788
rope,762,0,4,33630
attn,762,0,4,26497
o_proj,762,0,4,10758
post_layernorm,762,0,4,53822
gate_proj,762,0,4,31580
up_proj,762,0,4,32678
act_fn,762,0,4,7869
down_proj,762,0,4,30117
final_layernorm,762,0,4,54286
lm_head,762,0,4,267221
embedding,763,0,4,24042
input_layernorm,763,0,4,53744
q_proj,763,0,4,11101
k_proj,763,0,4,8070
v_proj,763,0,4,7806
rope,763,0,4,33763
attn,763,0,4,26688
o_proj,763,0,4,10803
post_layernorm,763,0,4,54033
gate_proj,763,0,4,31775
up_proj,763,0,4,32714
act_fn,763,0,4,7874
down_proj,763,0,4,30207
final_layernorm,763,0,4,54529
lm_head,763,0,4,267394
embedding,764,0,4,23618
input_layernorm,764,0,4,53385
q_proj,764,0,4,11120
k_proj,764,0,4,7931
v_proj,764,0,4,7776
rope,764,0,4,33626
attn,764,0,4,26495
o_proj,764,0,4,10711
post_layernorm,764,0,4,53724
gate_proj,764,0,4,31519
up_proj,764,0,4,32551
act_fn,764,0,4,7892
down_proj,764,0,4,30060
final_layernorm,764,0,4,54133
lm_head,764,0,4,266975
embedding,765,0,4,23801
input_layernorm,765,0,4,53590
q_proj,765,0,4,11151
k_proj,765,0,4,7879
v_proj,765,0,4,7814
rope,765,0,4,33767
attn,765,0,4,26782
o_proj,765,0,4,10795
post_layernorm,765,0,4,53845
gate_proj,765,0,4,31691
up_proj,765,0,4,32562
act_fn,765,0,4,7914
down_proj,765,0,4,30121
final_layernorm,765,0,4,54280
lm_head,765,0,4,267538
embedding,766,0,4,24153
input_layernorm,766,0,4,53598
q_proj,766,0,4,11078
k_proj,766,0,4,7982
v_proj,766,0,4,7828
rope,766,0,4,33667
attn,766,0,4,26739
o_proj,766,0,4,10759
post_layernorm,766,0,4,53879
gate_proj,766,0,4,31461
up_proj,766,0,4,32731
act_fn,766,0,4,7937
down_proj,766,0,4,30164
final_layernorm,766,0,4,54152
lm_head,766,0,4,267352
embedding,767,0,4,24034
input_layernorm,767,0,4,53639
q_proj,767,0,4,11112
k_proj,767,0,4,7920
v_proj,767,0,4,7717
rope,767,0,4,33666
attn,767,0,4,26767
o_proj,767,0,4,10724
post_layernorm,767,0,4,53851
gate_proj,767,0,4,31569
up_proj,767,0,4,32749
act_fn,767,0,4,7949
down_proj,767,0,4,30214
final_layernorm,767,0,4,54183
lm_head,767,0,4,267224
embedding,768,0,4,23628
input_layernorm,768,0,4,53162
q_proj,768,0,4,11061
k_proj,768,0,4,7240
v_proj,768,0,4,7040
rope,768,0,4,33761
attn,768,0,4,25712
o_proj,768,0,4,10754
post_layernorm,768,0,4,53457
gate_proj,768,0,4,31543
up_proj,768,0,4,32711
act_fn,768,0,4,7912
down_proj,768,0,4,30142
final_layernorm,768,0,4,53908
lm_head,768,0,4,272034
embedding,769,0,4,23149
input_layernorm,769,0,4,53533
q_proj,769,0,4,13427
k_proj,769,0,4,7936
v_proj,769,0,4,7841
rope,769,0,4,33485
attn,769,0,4,28527
o_proj,769,0,4,10505
post_layernorm,769,0,4,54079
gate_proj,769,0,4,38092
up_proj,769,0,4,35405
act_fn,769,0,4,8025
down_proj,769,0,4,30400
final_layernorm,769,0,4,54391
lm_head,769,0,4,274492
embedding,770,0,4,23250
input_layernorm,770,0,4,53621
q_proj,770,0,4,13265
k_proj,770,0,4,8042
v_proj,770,0,4,7947
rope,770,0,4,33468
attn,770,0,4,28624
o_proj,770,0,4,10533
post_layernorm,770,0,4,54254
gate_proj,770,0,4,38111
up_proj,770,0,4,35433
act_fn,770,0,4,8062
down_proj,770,0,4,30412
final_layernorm,770,0,4,54507
lm_head,770,0,4,274649
embedding,771,0,4,23344
input_layernorm,771,0,4,53632
q_proj,771,0,4,13278
k_proj,771,0,4,7917
v_proj,771,0,4,7733
rope,771,0,4,33614
attn,771,0,4,28910
o_proj,771,0,4,10584
post_layernorm,771,0,4,54187
gate_proj,771,0,4,38236
up_proj,771,0,4,35463
act_fn,771,0,4,8073
down_proj,771,0,4,30478
final_layernorm,771,0,4,54525
lm_head,771,0,4,275074
embedding,772,0,4,23208
input_layernorm,772,0,4,53861
q_proj,772,0,4,13143
k_proj,772,0,4,7824
v_proj,772,0,4,7717
rope,772,0,4,33609
attn,772,0,4,28559
o_proj,772,0,4,10527
post_layernorm,772,0,4,54327
gate_proj,772,0,4,38152
up_proj,772,0,4,35443
act_fn,772,0,4,8066
down_proj,772,0,4,30412
final_layernorm,772,0,4,54523
lm_head,772,0,4,274631
embedding,773,0,4,23468
input_layernorm,773,0,4,53795
q_proj,773,0,4,13313
k_proj,773,0,4,7996
v_proj,773,0,4,7991
rope,773,0,4,33562
attn,773,0,4,28808
o_proj,773,0,4,10565
post_layernorm,773,0,4,54396
gate_proj,773,0,4,38273
up_proj,773,0,4,35484
act_fn,773,0,4,8076
down_proj,773,0,4,30428
final_layernorm,773,0,4,54801
lm_head,773,0,4,274987
embedding,774,0,4,23201
input_layernorm,774,0,4,53743
q_proj,774,0,4,13251
k_proj,774,0,4,7855
v_proj,774,0,4,7710
rope,774,0,4,33506
attn,774,0,4,28607
o_proj,774,0,4,10541
post_layernorm,774,0,4,54310
gate_proj,774,0,4,38253
up_proj,774,0,4,35416
act_fn,774,0,4,8059
down_proj,774,0,4,30488
final_layernorm,774,0,4,54477
lm_head,774,0,4,274951
embedding,775,0,4,23178
input_layernorm,775,0,4,53897
q_proj,775,0,4,13246
k_proj,775,0,4,7856
v_proj,775,0,4,7728
rope,775,0,4,33522
attn,775,0,4,28701
o_proj,775,0,4,10523
post_layernorm,775,0,4,54384
gate_proj,775,0,4,38203
up_proj,775,0,4,35395
act_fn,775,0,4,8126
down_proj,775,0,4,30424
final_layernorm,775,0,4,54791
lm_head,775,0,4,274973
embedding,776,0,4,23279
input_layernorm,776,0,4,53458
q_proj,776,0,4,13029
k_proj,776,0,4,7685
v_proj,776,0,4,7591
rope,776,0,4,33721
attn,776,0,4,28569
o_proj,776,0,4,10525
post_layernorm,776,0,4,53863
gate_proj,776,0,4,38133
up_proj,776,0,4,35347
act_fn,776,0,4,8130
down_proj,776,0,4,30443
final_layernorm,776,0,4,54194
lm_head,776,0,4,275023
embedding,777,0,4,23455
input_layernorm,777,0,4,53836
q_proj,777,0,4,13005
k_proj,777,0,4,7863
v_proj,777,0,4,7716
rope,777,0,4,33531
attn,777,0,4,28582
o_proj,777,0,4,10555
post_layernorm,777,0,4,54411
gate_proj,777,0,4,38162
up_proj,777,0,4,35506
act_fn,777,0,4,8102
down_proj,777,0,4,30491
final_layernorm,777,0,4,54694
lm_head,777,0,4,275190
embedding,778,0,4,23544
input_layernorm,778,0,4,54189
q_proj,778,0,4,12961
k_proj,778,0,4,7989
v_proj,778,0,4,8027
rope,778,0,4,33592
attn,778,0,4,28770
o_proj,778,0,4,10576
post_layernorm,778,0,4,54672
gate_proj,778,0,4,38303
up_proj,778,0,4,35469
act_fn,778,0,4,8123
down_proj,778,0,4,30513
final_layernorm,778,0,4,54827
lm_head,778,0,4,275353
embedding,779,0,4,23224
input_layernorm,779,0,4,53859
q_proj,779,0,4,12975
k_proj,779,0,4,7850
v_proj,779,0,4,7707
rope,779,0,4,33359
attn,779,0,4,28589
o_proj,779,0,4,10511
post_layernorm,779,0,4,54407
gate_proj,779,0,4,38213
up_proj,779,0,4,35423
act_fn,779,0,4,8109
down_proj,779,0,4,30490
final_layernorm,779,0,4,54797
lm_head,779,0,4,275245
embedding,780,0,4,23316
input_layernorm,780,0,4,54172
q_proj,780,0,4,12884
k_proj,780,0,4,7888
v_proj,780,0,4,7770
rope,780,0,4,33734
attn,780,0,4,28779
o_proj,780,0,4,10579
post_layernorm,780,0,4,54664
gate_proj,780,0,4,38202
up_proj,780,0,4,35507
act_fn,780,0,4,8123
down_proj,780,0,4,30502
final_layernorm,780,0,4,55021
lm_head,780,0,4,275439
embedding,781,0,4,23342
input_layernorm,781,0,4,54225
q_proj,781,0,4,12908
k_proj,781,0,4,7946
v_proj,781,0,4,7885
rope,781,0,4,33631
attn,781,0,4,28970
o_proj,781,0,4,10619
post_layernorm,781,0,4,54823
gate_proj,781,0,4,38223
up_proj,781,0,4,35622
act_fn,781,0,4,8194
down_proj,781,0,4,30561
final_layernorm,781,0,4,55075
lm_head,781,0,4,275818
embedding,782,0,4,23179
input_layernorm,782,0,4,53965
q_proj,782,0,4,12996
k_proj,782,0,4,7865
v_proj,782,0,4,7778
rope,782,0,4,33413
attn,782,0,4,28652
o_proj,782,0,4,10542
post_layernorm,782,0,4,54757
gate_proj,782,0,4,38239
up_proj,782,0,4,35366
act_fn,782,0,4,8171
down_proj,782,0,4,30506
final_layernorm,782,0,4,55011
lm_head,782,0,4,275494
embedding,783,0,4,23399
input_layernorm,783,0,4,54269
q_proj,783,0,4,12773
k_proj,783,0,4,7838
v_proj,783,0,4,7719
rope,783,0,4,33425
attn,783,0,4,28708
o_proj,783,0,4,10549
post_layernorm,783,0,4,54724
gate_proj,783,0,4,38222
up_proj,783,0,4,35452
act_fn,783,0,4,8152
down_proj,783,0,4,30545
final_layernorm,783,0,4,54965
lm_head,783,0,4,275463
embedding,784,0,4,23361
input_layernorm,784,0,4,54048
q_proj,784,0,4,14177
k_proj,784,0,4,7817
v_proj,784,0,4,7614
rope,784,0,4,33716
attn,784,0,4,28767
o_proj,784,0,4,10837
post_layernorm,784,0,4,54564
gate_proj,784,0,4,37218
up_proj,784,0,4,36896
act_fn,784,0,4,7964
down_proj,784,0,4,31027
final_layernorm,784,0,4,54952
lm_head,784,0,4,275695
embedding,785,0,4,23731
input_layernorm,785,0,4,54336
q_proj,785,0,4,12683
k_proj,785,0,4,7930
v_proj,785,0,4,7806
rope,785,0,4,33518
attn,785,0,4,28747
o_proj,785,0,4,10558
post_layernorm,785,0,4,54973
gate_proj,785,0,4,38130
up_proj,785,0,4,35365
act_fn,785,0,4,8187
down_proj,785,0,4,30533
final_layernorm,785,0,4,55057
lm_head,785,0,4,275394
embedding,786,0,4,23569
input_layernorm,786,0,4,54304
q_proj,786,0,4,12495
k_proj,786,0,4,7865
v_proj,786,0,4,7805
rope,786,0,4,33553
attn,786,0,4,28692
o_proj,786,0,4,10545
post_layernorm,786,0,4,54939
gate_proj,786,0,4,38250
up_proj,786,0,4,35464
act_fn,786,0,4,8235
down_proj,786,0,4,30577
final_layernorm,786,0,4,55151
lm_head,786,0,4,275765
embedding,787,0,4,23525
input_layernorm,787,0,4,54592
q_proj,787,0,4,12759
k_proj,787,0,4,7873
v_proj,787,0,4,7843
rope,787,0,4,33574
attn,787,0,4,28855
o_proj,787,0,4,10567
post_layernorm,787,0,4,55096
gate_proj,787,0,4,38195
up_proj,787,0,4,35510
act_fn,787,0,4,8195
down_proj,787,0,4,30608
final_layernorm,787,0,4,55338
lm_head,787,0,4,275953
embedding,788,0,4,23413
input_layernorm,788,0,4,54400
q_proj,788,0,4,12497
k_proj,788,0,4,7824
v_proj,788,0,4,7724
rope,788,0,4,33674
attn,788,0,4,28741
o_proj,788,0,4,10547
post_layernorm,788,0,4,55207
gate_proj,788,0,4,38120
up_proj,788,0,4,35482
act_fn,788,0,4,8212
down_proj,788,0,4,30623
final_layernorm,788,0,4,55192
lm_head,788,0,4,275816
embedding,789,0,4,23746
input_layernorm,789,0,4,54562
q_proj,789,0,4,12489
k_proj,789,0,4,7958
v_proj,789,0,4,7801
rope,789,0,4,33655
attn,789,0,4,28868
o_proj,789,0,4,10587
post_layernorm,789,0,4,55082
gate_proj,789,0,4,38121
up_proj,789,0,4,35586
act_fn,789,0,4,8209
down_proj,789,0,4,30601
final_layernorm,789,0,4,55379
lm_head,789,0,4,275961
embedding,790,0,4,24188
input_layernorm,790,0,4,54812
q_proj,790,0,4,12475
k_proj,790,0,4,7901
v_proj,790,0,4,7817
rope,790,0,4,33745
attn,790,0,4,28935
o_proj,790,0,4,10646
post_layernorm,790,0,4,55331
gate_proj,790,0,4,38220
up_proj,790,0,4,35538
act_fn,790,0,4,8268
down_proj,790,0,4,30657
final_layernorm,790,0,4,55847
lm_head,790,0,4,276453
embedding,791,0,4,24048
input_layernorm,791,0,4,54691
q_proj,791,0,4,12501
k_proj,791,0,4,7921
v_proj,791,0,4,7837
rope,791,0,4,33709
attn,791,0,4,28896
o_proj,791,0,4,10603
post_layernorm,791,0,4,55362
gate_proj,791,0,4,38218
up_proj,791,0,4,35562
act_fn,791,0,4,8286
down_proj,791,0,4,30673
final_layernorm,791,0,4,55679
lm_head,791,0,4,276332
embedding,792,0,4,24204
input_layernorm,792,0,4,54547
q_proj,792,0,4,12283
k_proj,792,0,4,7715
v_proj,792,0,4,7627
rope,792,0,4,33829
attn,792,0,4,28864
o_proj,792,0,4,10570
post_layernorm,792,0,4,55084
gate_proj,792,0,4,38188
up_proj,792,0,4,35535
act_fn,792,0,4,8229
down_proj,792,0,4,30628
final_layernorm,792,0,4,55329
lm_head,792,0,4,276355
embedding,793,0,4,24147
input_layernorm,793,0,4,55273
q_proj,793,0,4,13893
k_proj,793,0,4,7856
v_proj,793,0,4,7557
rope,793,0,4,33748
attn,793,0,4,28967
o_proj,793,0,4,10626
post_layernorm,793,0,4,55841
gate_proj,793,0,4,36168
up_proj,793,0,4,36148
act_fn,793,0,4,8125
down_proj,793,0,4,30414
final_layernorm,793,0,4,56492
lm_head,793,0,4,276693
embedding,794,0,4,24185
input_layernorm,794,0,4,55577
q_proj,794,0,4,14110
k_proj,794,0,4,7812
v_proj,794,0,4,7498
rope,794,0,4,33708
attn,794,0,4,28726
o_proj,794,0,4,10582
post_layernorm,794,0,4,56041
gate_proj,794,0,4,35833
up_proj,794,0,4,35909
act_fn,794,0,4,8073
down_proj,794,0,4,30368
final_layernorm,794,0,4,56471
lm_head,794,0,4,276249
embedding,795,0,4,24163
input_layernorm,795,0,4,55766
q_proj,795,0,4,13892
k_proj,795,0,4,7815
v_proj,795,0,4,7559
rope,795,0,4,33798
attn,795,0,4,29006
o_proj,795,0,4,10613
post_layernorm,795,0,4,56145
gate_proj,795,0,4,36074
up_proj,795,0,4,36069
act_fn,795,0,4,8085
down_proj,795,0,4,30433
final_layernorm,795,0,4,56670
lm_head,795,0,4,276581
embedding,796,0,4,23977
input_layernorm,796,0,4,55602
q_proj,796,0,4,13843
k_proj,796,0,4,7755
v_proj,796,0,4,7483
rope,796,0,4,33790
attn,796,0,4,28658
o_proj,796,0,4,10522
post_layernorm,796,0,4,56244
gate_proj,796,0,4,35605
up_proj,796,0,4,35823
act_fn,796,0,4,8107
down_proj,796,0,4,30408
final_layernorm,796,0,4,56505
lm_head,796,0,4,275894
embedding,797,0,4,24380
input_layernorm,797,0,4,55741
q_proj,797,0,4,13958
k_proj,797,0,4,7771
v_proj,797,0,4,7507
rope,797,0,4,33987
attn,797,0,4,28950
o_proj,797,0,4,10617
post_layernorm,797,0,4,56403
gate_proj,797,0,4,36079
up_proj,797,0,4,36041
act_fn,797,0,4,8138
down_proj,797,0,4,30424
final_layernorm,797,0,4,56785
lm_head,797,0,4,276457
embedding,798,0,4,24273
input_layernorm,798,0,4,55982
q_proj,798,0,4,13873
k_proj,798,0,4,7791
v_proj,798,0,4,7484
rope,798,0,4,33862
attn,798,0,4,28708
o_proj,798,0,4,10561
post_layernorm,798,0,4,56336
gate_proj,798,0,4,35848
up_proj,798,0,4,35949
act_fn,798,0,4,8087
down_proj,798,0,4,30420
final_layernorm,798,0,4,56774
lm_head,798,0,4,276444
embedding,799,0,4,24071
input_layernorm,799,0,4,55886
q_proj,799,0,4,13861
k_proj,799,0,4,7825
v_proj,799,0,4,7490
rope,799,0,4,34000
attn,799,0,4,28827
o_proj,799,0,4,10595
post_layernorm,799,0,4,56223
gate_proj,799,0,4,35977
up_proj,799,0,4,36020
act_fn,799,0,4,8126
down_proj,799,0,4,30420
final_layernorm,799,0,4,56759
lm_head,799,0,4,276586
embedding,800,0,4,23992
input_layernorm,800,0,4,55555
q_proj,800,0,4,17235
k_proj,800,0,4,7944
v_proj,800,0,4,8005
rope,800,0,4,34166
attn,800,0,4,28715
o_proj,800,0,4,11395
post_layernorm,800,0,4,56060
gate_proj,800,0,4,39810
up_proj,800,0,4,37159
act_fn,800,0,4,8231
down_proj,800,0,4,32996
final_layernorm,800,0,4,56278
lm_head,800,0,4,276377
embedding,801,0,4,24868
input_layernorm,801,0,4,55830
q_proj,801,0,4,13638
k_proj,801,0,4,7849
v_proj,801,0,4,7795
rope,801,0,4,33965
attn,801,0,4,28835
o_proj,801,0,4,10867
post_layernorm,801,0,4,56583
gate_proj,801,0,4,37347
up_proj,801,0,4,36981
act_fn,801,0,4,8117
down_proj,801,0,4,31237
final_layernorm,801,0,4,56942
lm_head,801,0,4,283541
embedding,802,0,4,24827
input_layernorm,802,0,4,55931
q_proj,802,0,4,13394
k_proj,802,0,4,7631
v_proj,802,0,4,7658
rope,802,0,4,33967
attn,802,0,4,28859
o_proj,802,0,4,10876
post_layernorm,802,0,4,56572
gate_proj,802,0,4,37332
up_proj,802,0,4,36932
act_fn,802,0,4,8118
down_proj,802,0,4,31260
final_layernorm,802,0,4,56939
lm_head,802,0,4,283463
embedding,803,0,4,24751
input_layernorm,803,0,4,55940
q_proj,803,0,4,13723
k_proj,803,0,4,7681
v_proj,803,0,4,7715
rope,803,0,4,34021
attn,803,0,4,28703
o_proj,803,0,4,10861
post_layernorm,803,0,4,56462
gate_proj,803,0,4,37349
up_proj,803,0,4,36978
act_fn,803,0,4,8129
down_proj,803,0,4,31261
final_layernorm,803,0,4,56731
lm_head,803,0,4,283502
embedding,804,0,4,24614
input_layernorm,804,0,4,56128
q_proj,804,0,4,13477
k_proj,804,0,4,7750
v_proj,804,0,4,7700
rope,804,0,4,34173
attn,804,0,4,28835
o_proj,804,0,4,10859
post_layernorm,804,0,4,56599
gate_proj,804,0,4,37279
up_proj,804,0,4,36944
act_fn,804,0,4,8153
down_proj,804,0,4,31270
final_layernorm,804,0,4,56751
lm_head,804,0,4,283677
embedding,805,0,4,24808
input_layernorm,805,0,4,56084
q_proj,805,0,4,13340
k_proj,805,0,4,7816
v_proj,805,0,4,7637
rope,805,0,4,34163
attn,805,0,4,28911
o_proj,805,0,4,10901
post_layernorm,805,0,4,56693
gate_proj,805,0,4,37447
up_proj,805,0,4,37056
act_fn,805,0,4,8199
down_proj,805,0,4,31267
final_layernorm,805,0,4,57018
lm_head,805,0,4,283823
embedding,806,0,4,24949
input_layernorm,806,0,4,55832
q_proj,806,0,4,13246
k_proj,806,0,4,7781
v_proj,806,0,4,7762
rope,806,0,4,34030
attn,806,0,4,28985
o_proj,806,0,4,10920
post_layernorm,806,0,4,56827
gate_proj,806,0,4,37465
up_proj,806,0,4,37056
act_fn,806,0,4,8158
down_proj,806,0,4,31292
final_layernorm,806,0,4,57194
lm_head,806,0,4,283927
embedding,807,0,4,24676
input_layernorm,807,0,4,56143
q_proj,807,0,4,13241
k_proj,807,0,4,7598
v_proj,807,0,4,7520
rope,807,0,4,33556
attn,807,0,4,28731
o_proj,807,0,4,10824
post_layernorm,807,0,4,56584
gate_proj,807,0,4,37086
up_proj,807,0,4,36844
act_fn,807,0,4,8178
down_proj,807,0,4,31241
final_layernorm,807,0,4,56820
lm_head,807,0,4,283494
embedding,808,0,4,24598
input_layernorm,808,0,4,55906
q_proj,808,0,4,12835
k_proj,808,0,4,7679
v_proj,808,0,4,7681
rope,808,0,4,33956
attn,808,0,4,29028
o_proj,808,0,4,10935
post_layernorm,808,0,4,56409
gate_proj,808,0,4,37603
up_proj,808,0,4,37151
act_fn,808,0,4,8207
down_proj,808,0,4,31312
final_layernorm,808,0,4,56810
lm_head,808,0,4,282369
embedding,809,0,4,24886
input_layernorm,809,0,4,56100
q_proj,809,0,4,13176
k_proj,809,0,4,7738
v_proj,809,0,4,7699
rope,809,0,4,34006
attn,809,0,4,28822
o_proj,809,0,4,10859
post_layernorm,809,0,4,56580
gate_proj,809,0,4,37238
up_proj,809,0,4,37031
act_fn,809,0,4,8202
down_proj,809,0,4,31289
final_layernorm,809,0,4,57039
lm_head,809,0,4,283750
embedding,810,0,4,24529
input_layernorm,810,0,4,56340
q_proj,810,0,4,13103
k_proj,810,0,4,7574
v_proj,810,0,4,7540
rope,810,0,4,33659
attn,810,0,4,28828
o_proj,810,0,4,10842
post_layernorm,810,0,4,56721
gate_proj,810,0,4,37319
up_proj,810,0,4,37006
act_fn,810,0,4,8209
down_proj,810,0,4,31283
final_layernorm,810,0,4,57044
lm_head,810,0,4,284035
embedding,811,0,4,24751
input_layernorm,811,0,4,56450
q_proj,811,0,4,13049
k_proj,811,0,4,7714
v_proj,811,0,4,7758
rope,811,0,4,34287
attn,811,0,4,29064
o_proj,811,0,4,10931
post_layernorm,811,0,4,56904
gate_proj,811,0,4,37524
up_proj,811,0,4,37110
act_fn,811,0,4,8238
down_proj,811,0,4,31347
final_layernorm,811,0,4,57215
lm_head,811,0,4,284291
embedding,812,0,4,24644
input_layernorm,812,0,4,56379
q_proj,812,0,4,13058
k_proj,812,0,4,7621
v_proj,812,0,4,7570
rope,812,0,4,34001
attn,812,0,4,28907
o_proj,812,0,4,10905
post_layernorm,812,0,4,56764
gate_proj,812,0,4,37362
up_proj,812,0,4,36998
act_fn,812,0,4,8146
down_proj,812,0,4,31348
final_layernorm,812,0,4,57147
lm_head,812,0,4,284014
embedding,813,0,4,24669
input_layernorm,813,0,4,56434
q_proj,813,0,4,12978
k_proj,813,0,4,7660
v_proj,813,0,4,7693
rope,813,0,4,33924
attn,813,0,4,28786
o_proj,813,0,4,10880
post_layernorm,813,0,4,56786
gate_proj,813,0,4,37328
up_proj,813,0,4,36960
act_fn,813,0,4,8231
down_proj,813,0,4,31326
final_layernorm,813,0,4,57244
lm_head,813,0,4,284100
embedding,814,0,4,24755
input_layernorm,814,0,4,56353
q_proj,814,0,4,13008
k_proj,814,0,4,7724
v_proj,814,0,4,7789
rope,814,0,4,34586
attn,814,0,4,28876
o_proj,814,0,4,10898
post_layernorm,814,0,4,56897
gate_proj,814,0,4,37442
up_proj,814,0,4,37068
act_fn,814,0,4,8236
down_proj,814,0,4,31371
final_layernorm,814,0,4,57316
lm_head,814,0,4,284314
embedding,815,0,4,24998
input_layernorm,815,0,4,56290
q_proj,815,0,4,12671
k_proj,815,0,4,7658
v_proj,815,0,4,7645
rope,815,0,4,34521
attn,815,0,4,28883
o_proj,815,0,4,10902
post_layernorm,815,0,4,56752
gate_proj,815,0,4,37382
up_proj,815,0,4,37016
act_fn,815,0,4,8267
down_proj,815,0,4,31367
final_layernorm,815,0,4,57219
lm_head,815,0,4,284120
embedding,816,0,4,24942
input_layernorm,816,0,4,56038
q_proj,816,0,4,12584
k_proj,816,0,4,7605
v_proj,816,0,4,7666
rope,816,0,4,34218
attn,816,0,4,28790
o_proj,816,0,4,10885
post_layernorm,816,0,4,56510
gate_proj,816,0,4,37206
up_proj,816,0,4,36983
act_fn,816,0,4,8209
down_proj,816,0,4,31381
final_layernorm,816,0,4,56716
lm_head,816,0,4,281583
embedding,817,0,4,24934
input_layernorm,817,0,4,56816
q_proj,817,0,4,12327
k_proj,817,0,4,7581
v_proj,817,0,4,6964
rope,817,0,4,34636
attn,817,0,4,29091
o_proj,817,0,4,10957
post_layernorm,817,0,4,57258
gate_proj,817,0,4,37697
up_proj,817,0,4,37239
act_fn,817,0,4,8269
down_proj,817,0,4,31420
final_layernorm,817,0,4,57577
lm_head,817,0,4,290244
embedding,818,0,4,25372
input_layernorm,818,0,4,56555
q_proj,818,0,4,12232
k_proj,818,0,4,7472
v_proj,818,0,4,6903
rope,818,0,4,34707
attn,818,0,4,28839
o_proj,818,0,4,10892
post_layernorm,818,0,4,56978
gate_proj,818,0,4,37319
up_proj,818,0,4,37031
act_fn,818,0,4,8223
down_proj,818,0,4,31377
final_layernorm,818,0,4,57569
lm_head,818,0,4,289898
embedding,819,0,4,24913
input_layernorm,819,0,4,56373
q_proj,819,0,4,12418
k_proj,819,0,4,7475
v_proj,819,0,4,6932
rope,819,0,4,34285
attn,819,0,4,28804
o_proj,819,0,4,10897
post_layernorm,819,0,4,57017
gate_proj,819,0,4,37272
up_proj,819,0,4,37003
act_fn,819,0,4,8303
down_proj,819,0,4,31376
final_layernorm,819,0,4,57612
lm_head,819,0,4,289713
embedding,820,0,4,25163
input_layernorm,820,0,4,56682
q_proj,820,0,4,12275
k_proj,820,0,4,7491
v_proj,820,0,4,6953
rope,820,0,4,34643
attn,820,0,4,29019
o_proj,820,0,4,10959
post_layernorm,820,0,4,57237
gate_proj,820,0,4,37606
up_proj,820,0,4,37166
act_fn,820,0,4,8286
down_proj,820,0,4,31452
final_layernorm,820,0,4,57571
lm_head,820,0,4,290268
embedding,821,0,4,25019
input_layernorm,821,0,4,56534
q_proj,821,0,4,12217
k_proj,821,0,4,7498
v_proj,821,0,4,6872
rope,821,0,4,34517
attn,821,0,4,28691
o_proj,821,0,4,10869
post_layernorm,821,0,4,56978
gate_proj,821,0,4,37124
up_proj,821,0,4,36897
act_fn,821,0,4,8331
down_proj,821,0,4,31419
final_layernorm,821,0,4,57319
lm_head,821,0,4,289630
embedding,822,0,4,25321
input_layernorm,822,0,4,56678
q_proj,822,0,4,12245
k_proj,822,0,4,7552
v_proj,822,0,4,6926
rope,822,0,4,34713
attn,822,0,4,28881
o_proj,822,0,4,10896
post_layernorm,822,0,4,57028
gate_proj,822,0,4,37365
up_proj,822,0,4,37025
act_fn,822,0,4,8300
down_proj,822,0,4,31413
final_layernorm,822,0,4,57244
lm_head,822,0,4,290160
embedding,823,0,4,25377
input_layernorm,823,0,4,56787
q_proj,823,0,4,12330
k_proj,823,0,4,7521
v_proj,823,0,4,6946
rope,823,0,4,34353
attn,823,0,4,29013
o_proj,823,0,4,10910
post_layernorm,823,0,4,57233
gate_proj,823,0,4,37323
up_proj,823,0,4,37015
act_fn,823,0,4,8345
down_proj,823,0,4,31440
final_layernorm,823,0,4,57669
lm_head,823,0,4,290091
embedding,824,0,4,25208
input_layernorm,824,0,4,56322
q_proj,824,0,4,11893
k_proj,824,0,4,7537
v_proj,824,0,4,6946
rope,824,0,4,34896
attn,824,0,4,28928
o_proj,824,0,4,10890
post_layernorm,824,0,4,56699
gate_proj,824,0,4,37338
up_proj,824,0,4,37101
act_fn,824,0,4,8327
down_proj,824,0,4,31442
final_layernorm,824,0,4,57183
lm_head,824,0,4,290366
embedding,825,0,4,25480
input_layernorm,825,0,4,56935
q_proj,825,0,4,11895
k_proj,825,0,4,7589
v_proj,825,0,4,6961
rope,825,0,4,34825
attn,825,0,4,29054
o_proj,825,0,4,10953
post_layernorm,825,0,4,57493
gate_proj,825,0,4,37592
up_proj,825,0,4,37197
act_fn,825,0,4,8305
down_proj,825,0,4,31488
final_layernorm,825,0,4,57854
lm_head,825,0,4,290565
embedding,826,0,4,25786
input_layernorm,826,0,4,56848
q_proj,826,0,4,11856
k_proj,826,0,4,7528
v_proj,826,0,4,6956
rope,826,0,4,34924
attn,826,0,4,29023
o_proj,826,0,4,10932
post_layernorm,826,0,4,57552
gate_proj,826,0,4,37490
up_proj,826,0,4,37144
act_fn,826,0,4,8359
down_proj,826,0,4,31500
final_layernorm,826,0,4,57856
lm_head,826,0,4,290558
embedding,827,0,4,25676
input_layernorm,827,0,4,56925
q_proj,827,0,4,11945
k_proj,827,0,4,7534
v_proj,827,0,4,6895
rope,827,0,4,34405
attn,827,0,4,28872
o_proj,827,0,4,10886
post_layernorm,827,0,4,57304
gate_proj,827,0,4,37411
up_proj,827,0,4,37088
act_fn,827,0,4,8341
down_proj,827,0,4,31503
final_layernorm,827,0,4,57703
lm_head,827,0,4,290478
embedding,828,0,4,25726
input_layernorm,828,0,4,56868
q_proj,828,0,4,11743
k_proj,828,0,4,7605
v_proj,828,0,4,6921
rope,828,0,4,34971
attn,828,0,4,28926
o_proj,828,0,4,10944
post_layernorm,828,0,4,57247
gate_proj,828,0,4,37491
up_proj,828,0,4,37150
act_fn,828,0,4,8386
down_proj,828,0,4,31477
final_layernorm,828,0,4,57882
lm_head,828,0,4,290561
embedding,829,0,4,25447
input_layernorm,829,0,4,56904
q_proj,829,0,4,11788
k_proj,829,0,4,7523
v_proj,829,0,4,6907
rope,829,0,4,34811
attn,829,0,4,28895
o_proj,829,0,4,10933
post_layernorm,829,0,4,57252
gate_proj,829,0,4,37398
up_proj,829,0,4,37097
act_fn,829,0,4,8382
down_proj,829,0,4,31472
final_layernorm,829,0,4,57765
lm_head,829,0,4,290727
embedding,830,0,4,25385
input_layernorm,830,0,4,57009
q_proj,830,0,4,11794
k_proj,830,0,4,7442
v_proj,830,0,4,6874
rope,830,0,4,34845
attn,830,0,4,28812
o_proj,830,0,4,10926
post_layernorm,830,0,4,57305
gate_proj,830,0,4,37336
up_proj,830,0,4,37062
act_fn,830,0,4,8354
down_proj,830,0,4,31507
final_layernorm,830,0,4,57527
lm_head,830,0,4,290674
embedding,831,0,4,25471
input_layernorm,831,0,4,56826
q_proj,831,0,4,11769
k_proj,831,0,4,7552
v_proj,831,0,4,6897
rope,831,0,4,34431
attn,831,0,4,28794
o_proj,831,0,4,10898
post_layernorm,831,0,4,57380
gate_proj,831,0,4,37354
up_proj,831,0,4,37055
act_fn,831,0,4,8395
down_proj,831,0,4,31480
final_layernorm,831,0,4,57882
lm_head,831,0,4,290804
embedding,832,0,4,24784
input_layernorm,832,0,4,56614
q_proj,832,0,4,15423
k_proj,832,0,4,7569
v_proj,832,0,4,7553
rope,832,0,4,34905
attn,832,0,4,28829
o_proj,832,0,4,17134
post_layernorm,832,0,4,57037
gate_proj,832,0,4,39839
up_proj,832,0,4,37378
act_fn,832,0,4,8547
down_proj,832,0,4,36898
final_layernorm,832,0,4,57505
lm_head,832,0,4,329473
embedding,833,0,4,24768
input_layernorm,833,0,4,57033
q_proj,833,0,4,14054
k_proj,833,0,4,7361
v_proj,833,0,4,6930
rope,833,0,4,34838
attn,833,0,4,29986
o_proj,833,0,4,11235
post_layernorm,833,0,4,57509
gate_proj,833,0,4,39965
up_proj,833,0,4,37395
act_fn,833,0,4,8547
down_proj,833,0,4,32677
final_layernorm,833,0,4,57829
lm_head,833,0,4,296480
embedding,834,0,4,24918
input_layernorm,834,0,4,57145
q_proj,834,0,4,14299
k_proj,834,0,4,7394
v_proj,834,0,4,6944
rope,834,0,4,34982
attn,834,0,4,30075
o_proj,834,0,4,11268
post_layernorm,834,0,4,57718
gate_proj,834,0,4,39904
up_proj,834,0,4,37439
act_fn,834,0,4,8584
down_proj,834,0,4,32729
final_layernorm,834,0,4,57981
lm_head,834,0,4,296827
embedding,835,0,4,25032
input_layernorm,835,0,4,57138
q_proj,835,0,4,14054
k_proj,835,0,4,7382
v_proj,835,0,4,6891
rope,835,0,4,34466
attn,835,0,4,29874
o_proj,835,0,4,11208
post_layernorm,835,0,4,57755
gate_proj,835,0,4,39755
up_proj,835,0,4,37343
act_fn,835,0,4,8593
down_proj,835,0,4,32704
final_layernorm,835,0,4,57895
lm_head,835,0,4,296588
embedding,836,0,4,24667
input_layernorm,836,0,4,57077
q_proj,836,0,4,14157
k_proj,836,0,4,7327
v_proj,836,0,4,6900
rope,836,0,4,34985
attn,836,0,4,29838
o_proj,836,0,4,11197
post_layernorm,836,0,4,57595
gate_proj,836,0,4,39830
up_proj,836,0,4,37380
act_fn,836,0,4,8608
down_proj,836,0,4,32714
final_layernorm,836,0,4,57697
lm_head,836,0,4,296613
embedding,837,0,4,24984
input_layernorm,837,0,4,57229
q_proj,837,0,4,14124
k_proj,837,0,4,7352
v_proj,837,0,4,6918
rope,837,0,4,34775
attn,837,0,4,29969
o_proj,837,0,4,11226
post_layernorm,837,0,4,57798
gate_proj,837,0,4,39869
up_proj,837,0,4,37331
act_fn,837,0,4,8631
down_proj,837,0,4,32722
final_layernorm,837,0,4,57938
lm_head,837,0,4,296672
embedding,838,0,4,25135
input_layernorm,838,0,4,57116
q_proj,838,0,4,14159
k_proj,838,0,4,7330
v_proj,838,0,4,6941
rope,838,0,4,34892
attn,838,0,4,29855
o_proj,838,0,4,11203
post_layernorm,838,0,4,57847
gate_proj,838,0,4,39785
up_proj,838,0,4,37333
act_fn,838,0,4,8615
down_proj,838,0,4,32685
final_layernorm,838,0,4,57940
lm_head,838,0,4,296678
embedding,839,0,4,25164
input_layernorm,839,0,4,57298
q_proj,839,0,4,13905
k_proj,839,0,4,7368
v_proj,839,0,4,6947
rope,839,0,4,34741
attn,839,0,4,30088
o_proj,839,0,4,11265
post_layernorm,839,0,4,57838
gate_proj,839,0,4,39935
up_proj,839,0,4,37488
act_fn,839,0,4,8606
down_proj,839,0,4,32767
final_layernorm,839,0,4,58057
lm_head,839,0,4,297243
embedding,840,0,4,25754
input_layernorm,840,0,4,57069
q_proj,840,0,4,12566
k_proj,840,0,4,7430
v_proj,840,0,4,6918
rope,840,0,4,35213
attn,840,0,4,29990
o_proj,840,0,4,11261
post_layernorm,840,0,4,57723
gate_proj,840,0,4,39829
up_proj,840,0,4,37468
act_fn,840,0,4,8637
down_proj,840,0,4,32751
final_layernorm,840,0,4,57763
lm_head,840,0,4,295257
embedding,841,0,4,25063
input_layernorm,841,0,4,57314
q_proj,841,0,4,15114
k_proj,841,0,4,7562
v_proj,841,0,4,7397
rope,841,0,4,34929
attn,841,0,4,29958
o_proj,841,0,4,11239
post_layernorm,841,0,4,57891
gate_proj,841,0,4,39868
up_proj,841,0,4,37419
act_fn,841,0,4,8653
down_proj,841,0,4,32761
final_layernorm,841,0,4,57910
lm_head,841,0,4,297031
embedding,842,0,4,24830
input_layernorm,842,0,4,57607
q_proj,842,0,4,15438
k_proj,842,0,4,7558
v_proj,842,0,4,7432
rope,842,0,4,35119
attn,842,0,4,30034
o_proj,842,0,4,11274
post_layernorm,842,0,4,58086
gate_proj,842,0,4,39919
up_proj,842,0,4,37529
act_fn,842,0,4,8667
down_proj,842,0,4,32823
final_layernorm,842,0,4,58132
lm_head,842,0,4,297137
embedding,843,0,4,24901
input_layernorm,843,0,4,57441
q_proj,843,0,4,15833
k_proj,843,0,4,7574
v_proj,843,0,4,7415
rope,843,0,4,34638
attn,843,0,4,30019
o_proj,843,0,4,11242
post_layernorm,843,0,4,58132
gate_proj,843,0,4,39854
up_proj,843,0,4,37475
act_fn,843,0,4,8673
down_proj,843,0,4,32770
final_layernorm,843,0,4,58232
lm_head,843,0,4,297333
embedding,844,0,4,24938
input_layernorm,844,0,4,57322
q_proj,844,0,4,15284
k_proj,844,0,4,7556
v_proj,844,0,4,7427
rope,844,0,4,35076
attn,844,0,4,29960
o_proj,844,0,4,11224
post_layernorm,844,0,4,58020
gate_proj,844,0,4,39931
up_proj,844,0,4,37463
act_fn,844,0,4,8675
down_proj,844,0,4,32744
final_layernorm,844,0,4,58203
lm_head,844,0,4,297149
embedding,845,0,4,25270
input_layernorm,845,0,4,57851
q_proj,845,0,4,15642
k_proj,845,0,4,7681
v_proj,845,0,4,7524
rope,845,0,4,35376
attn,845,0,4,30308
o_proj,845,0,4,11378
post_layernorm,845,0,4,58506
gate_proj,845,0,4,40136
up_proj,845,0,4,37665
act_fn,845,0,4,8672
down_proj,845,0,4,32880
final_layernorm,845,0,4,58687
lm_head,845,0,4,298163
embedding,846,0,4,25235
input_layernorm,846,0,4,57542
q_proj,846,0,4,15289
k_proj,846,0,4,7541
v_proj,846,0,4,7399
rope,846,0,4,35042
attn,846,0,4,29841
o_proj,846,0,4,11244
post_layernorm,846,0,4,58136
gate_proj,846,0,4,39853
up_proj,846,0,4,37389
act_fn,846,0,4,8686
down_proj,846,0,4,32833
final_layernorm,846,0,4,58272
lm_head,846,0,4,297419
embedding,847,0,4,24890
input_layernorm,847,0,4,57598
q_proj,847,0,4,15699
k_proj,847,0,4,7550
v_proj,847,0,4,7414
rope,847,0,4,34496
attn,847,0,4,29989
o_proj,847,0,4,11254
post_layernorm,847,0,4,58022
gate_proj,847,0,4,39899
up_proj,847,0,4,37502
act_fn,847,0,4,8719
down_proj,847,0,4,32828
final_layernorm,847,0,4,58104
lm_head,847,0,4,297471
embedding,848,0,4,25498
input_layernorm,848,0,4,57267
q_proj,848,0,4,14874
k_proj,848,0,4,7409
v_proj,848,0,4,7354
rope,848,0,4,35186
attn,848,0,4,29876
o_proj,848,0,4,11460
post_layernorm,848,0,4,57969
gate_proj,848,0,4,39886
up_proj,848,0,4,37427
act_fn,848,0,4,8733
down_proj,848,0,4,33586
final_layernorm,848,0,4,58116
lm_head,848,0,4,295963
embedding,849,0,4,25134
input_layernorm,849,0,4,57739
q_proj,849,0,4,15445
k_proj,849,0,4,7594
v_proj,849,0,4,7459
rope,849,0,4,35195
attn,849,0,4,30137
o_proj,849,0,4,11326
post_layernorm,849,0,4,58354
gate_proj,849,0,4,40040
up_proj,849,0,4,37572
act_fn,849,0,4,8759
down_proj,849,0,4,32882
final_layernorm,849,0,4,58355
lm_head,849,0,4,298112
embedding,850,0,4,25120
input_layernorm,850,0,4,57657
q_proj,850,0,4,15132
k_proj,850,0,4,7536
v_proj,850,0,4,7430
rope,850,0,4,35000
attn,850,0,4,29896
o_proj,850,0,4,11222
post_layernorm,850,0,4,58216
gate_proj,850,0,4,39926
up_proj,850,0,4,37439
act_fn,850,0,4,8712
down_proj,850,0,4,32829
final_layernorm,850,0,4,58312
lm_head,850,0,4,297502
embedding,851,0,4,24990
input_layernorm,851,0,4,57571
q_proj,851,0,4,15454
k_proj,851,0,4,7533
v_proj,851,0,4,7372
rope,851,0,4,34493
attn,851,0,4,29921
o_proj,851,0,4,11232
post_layernorm,851,0,4,58348
gate_proj,851,0,4,39870
up_proj,851,0,4,37386
act_fn,851,0,4,8732
down_proj,851,0,4,32823
final_layernorm,851,0,4,58343
lm_head,851,0,4,297510
embedding,852,0,4,25251
input_layernorm,852,0,4,57838
q_proj,852,0,4,15597
k_proj,852,0,4,7611
v_proj,852,0,4,7440
rope,852,0,4,35324
attn,852,0,4,30157
o_proj,852,0,4,11312
post_layernorm,852,0,4,58455
gate_proj,852,0,4,39994
up_proj,852,0,4,37535
act_fn,852,0,4,8795
down_proj,852,0,4,32919
final_layernorm,852,0,4,58662
lm_head,852,0,4,298247
embedding,853,0,4,25388
input_layernorm,853,0,4,58122
q_proj,853,0,4,15455
k_proj,853,0,4,7680
v_proj,853,0,4,7551
rope,853,0,4,35436
attn,853,0,4,30491
o_proj,853,0,4,11377
post_layernorm,853,0,4,58742
gate_proj,853,0,4,40143
up_proj,853,0,4,37747
act_fn,853,0,4,8766
down_proj,853,0,4,32979
final_layernorm,853,0,4,58791
lm_head,853,0,4,298768
embedding,854,0,4,25310
input_layernorm,854,0,4,57555
q_proj,854,0,4,15343
k_proj,854,0,4,7550
v_proj,854,0,4,7386
rope,854,0,4,35035
attn,854,0,4,29988
o_proj,854,0,4,11251
post_layernorm,854,0,4,58423
gate_proj,854,0,4,39966
up_proj,854,0,4,37462
act_fn,854,0,4,8733
down_proj,854,0,4,32859
final_layernorm,854,0,4,58410
lm_head,854,0,4,297676
embedding,855,0,4,25375
input_layernorm,855,0,4,57756
q_proj,855,0,4,15353
k_proj,855,0,4,7559
v_proj,855,0,4,7325
rope,855,0,4,34661
attn,855,0,4,30004
o_proj,855,0,4,11254
post_layernorm,855,0,4,58438
gate_proj,855,0,4,39905
up_proj,855,0,4,37499
act_fn,855,0,4,8765
down_proj,855,0,4,32919
final_layernorm,855,0,4,58616
lm_head,855,0,4,298062
embedding,856,0,4,26193
input_layernorm,856,0,4,57630
q_proj,856,0,4,15834
k_proj,856,0,4,7552
v_proj,856,0,4,7408
rope,856,0,4,35214
attn,856,0,4,29995
o_proj,856,0,4,11270
post_layernorm,856,0,4,58361
gate_proj,856,0,4,39980
up_proj,856,0,4,37529
act_fn,856,0,4,8792
down_proj,856,0,4,32902
final_layernorm,856,0,4,58353
lm_head,856,0,4,296941
embedding,857,0,4,25530
input_layernorm,857,0,4,57886
q_proj,857,0,4,15383
k_proj,857,0,4,7517
v_proj,857,0,4,7394
rope,857,0,4,35172
attn,857,0,4,30026
o_proj,857,0,4,11278
post_layernorm,857,0,4,58502
gate_proj,857,0,4,39864
up_proj,857,0,4,37536
act_fn,857,0,4,8791
down_proj,857,0,4,32920
final_layernorm,857,0,4,58501
lm_head,857,0,4,298098
embedding,858,0,4,25666
input_layernorm,858,0,4,57942
q_proj,858,0,4,15376
k_proj,858,0,4,7574
v_proj,858,0,4,7394
rope,858,0,4,35209
attn,858,0,4,30062
o_proj,858,0,4,11292
post_layernorm,858,0,4,58549
gate_proj,858,0,4,39905
up_proj,858,0,4,37544
act_fn,858,0,4,8826
down_proj,858,0,4,32960
final_layernorm,858,0,4,58484
lm_head,858,0,4,298239
embedding,859,0,4,25697
input_layernorm,859,0,4,57744
q_proj,859,0,4,15593
k_proj,859,0,4,7548
v_proj,859,0,4,7329
rope,859,0,4,34669
attn,859,0,4,30034
o_proj,859,0,4,11275
post_layernorm,859,0,4,58605
gate_proj,859,0,4,39968
up_proj,859,0,4,37515
act_fn,859,0,4,8808
down_proj,859,0,4,32969
final_layernorm,859,0,4,58422
lm_head,859,0,4,298074
embedding,860,0,4,26075
input_layernorm,860,0,4,58170
q_proj,860,0,4,15489
k_proj,860,0,4,7604
v_proj,860,0,4,7439
rope,860,0,4,35400
attn,860,0,4,30286
o_proj,860,0,4,11331
post_layernorm,860,0,4,58861
gate_proj,860,0,4,39995
up_proj,860,0,4,37697
act_fn,860,0,4,8792
down_proj,860,0,4,32961
final_layernorm,860,0,4,58860
lm_head,860,0,4,298932
embedding,861,0,4,25668
input_layernorm,861,0,4,58014
q_proj,861,0,4,15452
k_proj,861,0,4,7557
v_proj,861,0,4,7393
rope,861,0,4,35237
attn,861,0,4,30159
o_proj,861,0,4,11291
post_layernorm,861,0,4,58795
gate_proj,861,0,4,39949
up_proj,861,0,4,37538
act_fn,861,0,4,8842
down_proj,861,0,4,33002
final_layernorm,861,0,4,58665
lm_head,861,0,4,298221
embedding,862,0,4,25655
input_layernorm,862,0,4,58004
q_proj,862,0,4,15611
k_proj,862,0,4,7525
v_proj,862,0,4,7363
rope,862,0,4,35132
attn,862,0,4,30109
o_proj,862,0,4,11271
post_layernorm,862,0,4,58829
gate_proj,862,0,4,39883
up_proj,862,0,4,37472
act_fn,862,0,4,8853
down_proj,862,0,4,32994
final_layernorm,862,0,4,58727
lm_head,862,0,4,298266
embedding,863,0,4,25725
input_layernorm,863,0,4,58009
q_proj,863,0,4,15519
k_proj,863,0,4,7561
v_proj,863,0,4,7349
rope,863,0,4,34844
attn,863,0,4,30078
o_proj,863,0,4,11289
post_layernorm,863,0,4,58826
gate_proj,863,0,4,39919
up_proj,863,0,4,37614
act_fn,863,0,4,8845
down_proj,863,0,4,32965
final_layernorm,863,0,4,58707
lm_head,863,0,4,298765
embedding,864,0,4,26380
input_layernorm,864,0,4,57721
q_proj,864,0,4,14076
k_proj,864,0,4,7402
v_proj,864,0,4,7250
rope,864,0,4,35380
attn,864,0,4,30073
o_proj,864,0,4,11551
post_layernorm,864,0,4,58334
gate_proj,864,0,4,39947
up_proj,864,0,4,37509
act_fn,864,0,4,8842
down_proj,864,0,4,33725
final_layernorm,864,0,4,58541
lm_head,864,0,4,296802
embedding,865,0,4,25906
input_layernorm,865,0,4,58244
q_proj,865,0,4,14295
k_proj,865,0,4,7966
v_proj,865,0,4,7784
rope,865,0,4,35324
attn,865,0,4,30044
o_proj,865,0,4,11566
post_layernorm,865,0,4,58918
gate_proj,865,0,4,38447
up_proj,865,0,4,37529
act_fn,865,0,4,8930
down_proj,865,0,4,33774
final_layernorm,865,0,4,58946
lm_head,865,0,4,298719
embedding,866,0,4,25489
input_layernorm,866,0,4,58072
q_proj,866,0,4,14186
k_proj,866,0,4,7930
v_proj,866,0,4,7784
rope,866,0,4,35252
attn,866,0,4,30092
o_proj,866,0,4,11540
post_layernorm,866,0,4,58686
gate_proj,866,0,4,38513
up_proj,866,0,4,37615
act_fn,866,0,4,8910
down_proj,866,0,4,33788
final_layernorm,866,0,4,58752
lm_head,866,0,4,298683
embedding,867,0,4,25872
input_layernorm,867,0,4,58289
q_proj,867,0,4,14416
k_proj,867,0,4,7922
v_proj,867,0,4,7756
rope,867,0,4,34931
attn,867,0,4,30089
o_proj,867,0,4,11570
post_layernorm,867,0,4,59076
gate_proj,867,0,4,38869
up_proj,867,0,4,37454
act_fn,867,0,4,8940
down_proj,867,0,4,33811
final_layernorm,867,0,4,59115
lm_head,867,0,4,298976
embedding,868,0,4,25614
input_layernorm,868,0,4,58187
q_proj,868,0,4,13984
k_proj,868,0,4,7945
v_proj,868,0,4,7781
rope,868,0,4,35351
attn,868,0,4,30077
o_proj,868,0,4,11534
post_layernorm,868,0,4,58852
gate_proj,868,0,4,37450
up_proj,868,0,4,37282
act_fn,868,0,4,8904
down_proj,868,0,4,33803
final_layernorm,868,0,4,58944
lm_head,868,0,4,298547
embedding,869,0,4,25721
input_layernorm,869,0,4,58284
q_proj,869,0,4,14074
k_proj,869,0,4,7965
v_proj,869,0,4,7822
rope,869,0,4,35343
attn,869,0,4,30101
o_proj,869,0,4,11585
post_layernorm,869,0,4,58923
gate_proj,869,0,4,38398
up_proj,869,0,4,37219
act_fn,869,0,4,8891
down_proj,869,0,4,33903
final_layernorm,869,0,4,59220
lm_head,869,0,4,299041
embedding,870,0,4,25748
input_layernorm,870,0,4,58276
q_proj,870,0,4,14044
k_proj,870,0,4,7907
v_proj,870,0,4,7741
rope,870,0,4,35316
attn,870,0,4,30039
o_proj,870,0,4,11538
post_layernorm,870,0,4,58808
gate_proj,870,0,4,37987
up_proj,870,0,4,37460
act_fn,870,0,4,8875
down_proj,870,0,4,33825
final_layernorm,870,0,4,59001
lm_head,870,0,4,298791
embedding,871,0,4,25822
input_layernorm,871,0,4,58204
q_proj,871,0,4,13750
k_proj,871,0,4,7974
v_proj,871,0,4,7841
rope,871,0,4,35006
attn,871,0,4,30161
o_proj,871,0,4,11558
post_layernorm,871,0,4,58889
gate_proj,871,0,4,38460
up_proj,871,0,4,37638
act_fn,871,0,4,8978
down_proj,871,0,4,33887
final_layernorm,871,0,4,58837
lm_head,871,0,4,299033
embedding,872,0,4,25813
input_layernorm,872,0,4,58110
q_proj,872,0,4,13495
k_proj,872,0,4,7934
v_proj,872,0,4,7837
rope,872,0,4,35450
attn,872,0,4,30129
o_proj,872,0,4,11585
post_layernorm,872,0,4,58898
gate_proj,872,0,4,36895
up_proj,872,0,4,37715
act_fn,872,0,4,8898
down_proj,872,0,4,33857
final_layernorm,872,0,4,58885
lm_head,872,0,4,298915
embedding,873,0,4,25715
input_layernorm,873,0,4,58282
q_proj,873,0,4,13487
k_proj,873,0,4,7933
v_proj,873,0,4,7781
rope,873,0,4,35278
attn,873,0,4,30203
o_proj,873,0,4,11572
post_layernorm,873,0,4,59034
gate_proj,873,0,4,36385
up_proj,873,0,4,37320
act_fn,873,0,4,8911
down_proj,873,0,4,33917
final_layernorm,873,0,4,59103
lm_head,873,0,4,299317
embedding,874,0,4,25867
input_layernorm,874,0,4,58426
q_proj,874,0,4,13608
k_proj,874,0,4,7926
v_proj,874,0,4,7743
rope,874,0,4,35410
attn,874,0,4,30134
o_proj,874,0,4,11565
post_layernorm,874,0,4,59158
gate_proj,874,0,4,37002
up_proj,874,0,4,37510
act_fn,874,0,4,8953
down_proj,874,0,4,33879
final_layernorm,874,0,4,59244
lm_head,874,0,4,299206
embedding,875,0,4,25728
input_layernorm,875,0,4,58611
q_proj,875,0,4,13495
k_proj,875,0,4,7956
v_proj,875,0,4,7839
rope,875,0,4,35252
attn,875,0,4,30089
o_proj,875,0,4,11568
post_layernorm,875,0,4,59187
gate_proj,875,0,4,36730
up_proj,875,0,4,37390
act_fn,875,0,4,8988
down_proj,875,0,4,33903
final_layernorm,875,0,4,59464
lm_head,875,0,4,299286
embedding,876,0,4,25784
input_layernorm,876,0,4,58564
q_proj,876,0,4,13628
k_proj,876,0,4,7974
v_proj,876,0,4,7819
rope,876,0,4,35556
attn,876,0,4,30151
o_proj,876,0,4,11584
post_layernorm,876,0,4,59060
gate_proj,876,0,4,37799
up_proj,876,0,4,37295
act_fn,876,0,4,9002
down_proj,876,0,4,33953
final_layernorm,876,0,4,59399
lm_head,876,0,4,299265
embedding,877,0,4,25996
input_layernorm,877,0,4,58664
q_proj,877,0,4,13503
k_proj,877,0,4,7984
v_proj,877,0,4,7849
rope,877,0,4,35478
attn,877,0,4,30237
o_proj,877,0,4,11619
post_layernorm,877,0,4,59352
gate_proj,877,0,4,36629
up_proj,877,0,4,37454
act_fn,877,0,4,8972
down_proj,877,0,4,33996
final_layernorm,877,0,4,59572
lm_head,877,0,4,299799
embedding,878,0,4,25837
input_layernorm,878,0,4,58516
q_proj,878,0,4,13353
k_proj,878,0,4,7953
v_proj,878,0,4,7813
rope,878,0,4,35583
attn,878,0,4,30283
o_proj,878,0,4,11660
post_layernorm,878,0,4,59046
gate_proj,878,0,4,36852
up_proj,878,0,4,37273
act_fn,878,0,4,9008
down_proj,878,0,4,33984
final_layernorm,878,0,4,59793
lm_head,878,0,4,299691
embedding,879,0,4,25739
input_layernorm,879,0,4,58471
q_proj,879,0,4,13282
k_proj,879,0,4,7910
v_proj,879,0,4,7770
rope,879,0,4,35127
attn,879,0,4,30221
o_proj,879,0,4,11614
post_layernorm,879,0,4,59059
gate_proj,879,0,4,36179
up_proj,879,0,4,37243
act_fn,879,0,4,9001
down_proj,879,0,4,34022
final_layernorm,879,0,4,59518
lm_head,879,0,4,299219
embedding,880,0,4,25713
input_layernorm,880,0,4,58358
q_proj,880,0,4,13058
k_proj,880,0,4,7969
v_proj,880,0,4,7791
rope,880,0,4,35662
attn,880,0,4,30252
o_proj,880,0,4,11651
post_layernorm,880,0,4,58734
gate_proj,880,0,4,35973
up_proj,880,0,4,37407
act_fn,880,0,4,8983
down_proj,880,0,4,34033
final_layernorm,880,0,4,59407
lm_head,880,0,4,299709
embedding,881,0,4,25914
input_layernorm,881,0,4,58604
q_proj,881,0,4,12701
k_proj,881,0,4,8518
v_proj,881,0,4,8360
rope,881,0,4,35498
attn,881,0,4,30128
o_proj,881,0,4,11648
post_layernorm,881,0,4,59066
gate_proj,881,0,4,36256
up_proj,881,0,4,37194
act_fn,881,0,4,9026
down_proj,881,0,4,34068
final_layernorm,881,0,4,59501
lm_head,881,0,4,331988
embedding,882,0,4,25964
input_layernorm,882,0,4,58920
q_proj,882,0,4,12931
k_proj,882,0,4,8780
v_proj,882,0,4,8538
rope,882,0,4,35526
attn,882,0,4,30152
o_proj,882,0,4,11626
post_layernorm,882,0,4,59077
gate_proj,882,0,4,36123
up_proj,882,0,4,37304
act_fn,882,0,4,9007
down_proj,882,0,4,34042
final_layernorm,882,0,4,59659
lm_head,882,0,4,331684
embedding,883,0,4,26015
input_layernorm,883,0,4,58678
q_proj,883,0,4,12891
k_proj,883,0,4,8537
v_proj,883,0,4,8454
rope,883,0,4,34904
attn,883,0,4,30183
o_proj,883,0,4,11633
post_layernorm,883,0,4,59119
gate_proj,883,0,4,36134
up_proj,883,0,4,37497
act_fn,883,0,4,8989
down_proj,883,0,4,33984
final_layernorm,883,0,4,59682
lm_head,883,0,4,331499
embedding,884,0,4,25786
input_layernorm,884,0,4,58746
q_proj,884,0,4,12730
k_proj,884,0,4,8741
v_proj,884,0,4,8516
rope,884,0,4,35470
attn,884,0,4,30120
o_proj,884,0,4,11607
post_layernorm,884,0,4,58965
gate_proj,884,0,4,35762
up_proj,884,0,4,37180
act_fn,884,0,4,9001
down_proj,884,0,4,33970
final_layernorm,884,0,4,59742
lm_head,884,0,4,330990
embedding,885,0,4,25889
input_layernorm,885,0,4,59010
q_proj,885,0,4,12690
k_proj,885,0,4,8502
v_proj,885,0,4,8272
rope,885,0,4,35515
attn,885,0,4,30281
o_proj,885,0,4,11667
post_layernorm,885,0,4,59386
gate_proj,885,0,4,36323
up_proj,885,0,4,37310
act_fn,885,0,4,9049
down_proj,885,0,4,34028
final_layernorm,885,0,4,60050
lm_head,885,0,4,331572
embedding,886,0,4,25939
input_layernorm,886,0,4,58790
q_proj,886,0,4,12377
k_proj,886,0,4,8784
v_proj,886,0,4,8492
rope,886,0,4,35591
attn,886,0,4,30214
o_proj,886,0,4,11666
post_layernorm,886,0,4,59210
gate_proj,886,0,4,36030
up_proj,886,0,4,37099
act_fn,886,0,4,9076
down_proj,886,0,4,34081
final_layernorm,886,0,4,59982
lm_head,886,0,4,331486
embedding,887,0,4,26150
input_layernorm,887,0,4,58896
q_proj,887,0,4,12372
k_proj,887,0,4,8636
v_proj,887,0,4,8332
rope,887,0,4,35513
attn,887,0,4,30276
o_proj,887,0,4,11656
post_layernorm,887,0,4,59371
gate_proj,887,0,4,35821
up_proj,887,0,4,37286
act_fn,887,0,4,9045
down_proj,887,0,4,34074
final_layernorm,887,0,4,60059
lm_head,887,0,4,332184
embedding,888,0,4,26176
input_layernorm,888,0,4,58442
q_proj,888,0,4,12320
k_proj,888,0,4,8342
v_proj,888,0,4,8128
rope,888,0,4,35680
attn,888,0,4,30105
o_proj,888,0,4,11653
post_layernorm,888,0,4,58909
gate_proj,888,0,4,35956
up_proj,888,0,4,37173
act_fn,888,0,4,9076
down_proj,888,0,4,34066
final_layernorm,888,0,4,59524
lm_head,888,0,4,331781
embedding,889,0,4,26320
input_layernorm,889,0,4,59126
q_proj,889,0,4,12603
k_proj,889,0,4,8143
v_proj,889,0,4,8034
rope,889,0,4,35501
attn,889,0,4,30162
o_proj,889,0,4,11644
post_layernorm,889,0,4,59290
gate_proj,889,0,4,35818
up_proj,889,0,4,37193
act_fn,889,0,4,9040
down_proj,889,0,4,34088
final_layernorm,889,0,4,59761
lm_head,889,0,4,331878
embedding,890,0,4,26196
input_layernorm,890,0,4,58901
q_proj,890,0,4,12366
k_proj,890,0,4,8309
v_proj,890,0,4,8023
rope,890,0,4,35269
attn,890,0,4,30210
o_proj,890,0,4,11628
post_layernorm,890,0,4,59354
gate_proj,890,0,4,35950
up_proj,890,0,4,37041
act_fn,890,0,4,9043
down_proj,890,0,4,34113
final_layernorm,890,0,4,59782
lm_head,890,0,4,331768
embedding,891,0,4,26410
input_layernorm,891,0,4,59094
q_proj,891,0,4,12332
k_proj,891,0,4,8039
v_proj,891,0,4,7981
rope,891,0,4,35261
attn,891,0,4,30172
o_proj,891,0,4,11667
post_layernorm,891,0,4,59516
gate_proj,891,0,4,35873
up_proj,891,0,4,36932
act_fn,891,0,4,9049
down_proj,891,0,4,34149
final_layernorm,891,0,4,60005
lm_head,891,0,4,331798
embedding,892,0,4,26559
input_layernorm,892,0,4,59066
q_proj,892,0,4,12338
k_proj,892,0,4,8115
v_proj,892,0,4,7908
rope,892,0,4,35577
attn,892,0,4,30247
o_proj,892,0,4,11673
post_layernorm,892,0,4,59372
gate_proj,892,0,4,35996
up_proj,892,0,4,36892
act_fn,892,0,4,9092
down_proj,892,0,4,34124
final_layernorm,892,0,4,60067
lm_head,892,0,4,332108
embedding,893,0,4,26813
input_layernorm,893,0,4,58965
q_proj,893,0,4,12360
k_proj,893,0,4,8168
v_proj,893,0,4,7999
rope,893,0,4,35691
attn,893,0,4,30249
o_proj,893,0,4,11652
post_layernorm,893,0,4,59456
gate_proj,893,0,4,35732
up_proj,893,0,4,37095
act_fn,893,0,4,9051
down_proj,893,0,4,34137
final_layernorm,893,0,4,60028
lm_head,893,0,4,331762
embedding,894,0,4,26361
input_layernorm,894,0,4,59101
q_proj,894,0,4,12178
k_proj,894,0,4,8090
v_proj,894,0,4,7921
rope,894,0,4,35698
attn,894,0,4,30298
o_proj,894,0,4,11654
post_layernorm,894,0,4,59581
gate_proj,894,0,4,35814
up_proj,894,0,4,36958
act_fn,894,0,4,9164
down_proj,894,0,4,34167
final_layernorm,894,0,4,60117
lm_head,894,0,4,331732
embedding,895,0,4,26622
input_layernorm,895,0,4,59031
q_proj,895,0,4,12538
k_proj,895,0,4,8065
v_proj,895,0,4,8002
rope,895,0,4,35456
attn,895,0,4,30257
o_proj,895,0,4,11649
post_layernorm,895,0,4,59593
gate_proj,895,0,4,35861
up_proj,895,0,4,37189
act_fn,895,0,4,9084
down_proj,895,0,4,34117
final_layernorm,895,0,4,60141
lm_head,895,0,4,332108
embedding,896,0,4,26667
input_layernorm,896,0,4,58935
q_proj,896,0,4,12383
k_proj,896,0,4,7452
v_proj,896,0,4,7128
rope,896,0,4,35625
attn,896,0,4,21450
o_proj,896,0,4,13971
post_layernorm,896,0,4,59495
gate_proj,896,0,4,35807
up_proj,896,0,4,37106
act_fn,896,0,4,9097
down_proj,896,0,4,37666
final_layernorm,896,0,4,60182
lm_head,896,0,4,332464
embedding,897,0,4,27406
input_layernorm,897,0,4,60057
q_proj,897,0,4,14551
k_proj,897,0,4,7889
v_proj,897,0,4,7192
rope,897,0,4,36205
attn,897,0,4,31572
o_proj,897,0,4,12136
post_layernorm,897,0,4,60541
gate_proj,897,0,4,42033
up_proj,897,0,4,39411
act_fn,897,0,4,9126
down_proj,897,0,4,34952
final_layernorm,897,0,4,60878
lm_head,897,0,4,314283
embedding,898,0,4,27292
input_layernorm,898,0,4,59638
q_proj,898,0,4,14152
k_proj,898,0,4,7696
v_proj,898,0,4,7173
rope,898,0,4,35494
attn,898,0,4,31119
o_proj,898,0,4,12022
post_layernorm,898,0,4,60298
gate_proj,898,0,4,41685
up_proj,898,0,4,39184
act_fn,898,0,4,9144
down_proj,898,0,4,34892
final_layernorm,898,0,4,60619
lm_head,898,0,4,313651
embedding,899,0,4,27250
input_layernorm,899,0,4,59728
q_proj,899,0,4,14462
k_proj,899,0,4,7793
v_proj,899,0,4,7344
rope,899,0,4,35773
attn,899,0,4,31109
o_proj,899,0,4,11993
post_layernorm,899,0,4,60071
gate_proj,899,0,4,41684
up_proj,899,0,4,39210
act_fn,899,0,4,9118
down_proj,899,0,4,34904
final_layernorm,899,0,4,60580
lm_head,899,0,4,313666
embedding,900,0,4,27065
input_layernorm,900,0,4,59811
q_proj,900,0,4,14197
k_proj,900,0,4,7903
v_proj,900,0,4,7196
rope,900,0,4,35695
attn,900,0,4,31377
o_proj,900,0,4,12058
post_layernorm,900,0,4,60406
gate_proj,900,0,4,41899
up_proj,900,0,4,39212
act_fn,900,0,4,9151
down_proj,900,0,4,34949
final_layernorm,900,0,4,60759
lm_head,900,0,4,313814
embedding,901,0,4,27358
input_layernorm,901,0,4,59801
q_proj,901,0,4,14421
k_proj,901,0,4,7849
v_proj,901,0,4,7213
rope,901,0,4,35766
attn,901,0,4,31267
o_proj,901,0,4,12036
post_layernorm,901,0,4,60199
gate_proj,901,0,4,41766
up_proj,901,0,4,39237
act_fn,901,0,4,9148
down_proj,901,0,4,34918
final_layernorm,901,0,4,60690
lm_head,901,0,4,313886
embedding,902,0,4,27029
input_layernorm,902,0,4,59915
q_proj,902,0,4,14282
k_proj,902,0,4,7719
v_proj,902,0,4,7212
rope,902,0,4,35428
attn,902,0,4,31066
o_proj,902,0,4,12009
post_layernorm,902,0,4,60366
gate_proj,902,0,4,41526
up_proj,902,0,4,39202
act_fn,902,0,4,9179
down_proj,902,0,4,34896
final_layernorm,902,0,4,60610
lm_head,902,0,4,313799
embedding,903,0,4,27487
input_layernorm,903,0,4,60147
q_proj,903,0,4,13975
k_proj,903,0,4,7788
v_proj,903,0,4,7165
rope,903,0,4,35913
attn,903,0,4,31239
o_proj,903,0,4,12046
post_layernorm,903,0,4,60469
gate_proj,903,0,4,41760
up_proj,903,0,4,39339
act_fn,903,0,4,9178
down_proj,903,0,4,34963
final_layernorm,903,0,4,61017
lm_head,903,0,4,314049
embedding,904,0,4,27051
input_layernorm,904,0,4,59714
q_proj,904,0,4,13685
k_proj,904,0,4,7810
v_proj,904,0,4,7432
rope,904,0,4,35685
attn,904,0,4,31226
o_proj,904,0,4,12041
post_layernorm,904,0,4,60206
gate_proj,904,0,4,41780
up_proj,904,0,4,39304
act_fn,904,0,4,9200
down_proj,904,0,4,34962
final_layernorm,904,0,4,60543
lm_head,904,0,4,312072
embedding,905,0,4,27278
input_layernorm,905,0,4,59891
q_proj,905,0,4,13797
k_proj,905,0,4,7737
v_proj,905,0,4,7165
rope,905,0,4,35683
attn,905,0,4,31175
o_proj,905,0,4,11996
post_layernorm,905,0,4,60768
gate_proj,905,0,4,41712
up_proj,905,0,4,39166
act_fn,905,0,4,9190
down_proj,905,0,4,34943
final_layernorm,905,0,4,61045
lm_head,905,0,4,313976
embedding,906,0,4,27405
input_layernorm,906,0,4,60183
q_proj,906,0,4,13478
k_proj,906,0,4,7744
v_proj,906,0,4,7230
rope,906,0,4,35859
attn,906,0,4,31271
o_proj,906,0,4,12042
post_layernorm,906,0,4,60699
gate_proj,906,0,4,41724
up_proj,906,0,4,39214
act_fn,906,0,4,9222
down_proj,906,0,4,34971
final_layernorm,906,0,4,61084
lm_head,906,0,4,314122
embedding,907,0,4,27491
input_layernorm,907,0,4,60194
q_proj,907,0,4,13501
k_proj,907,0,4,7771
v_proj,907,0,4,7244
rope,907,0,4,35952
attn,907,0,4,31373
o_proj,907,0,4,12095
post_layernorm,907,0,4,60454
gate_proj,907,0,4,41698
up_proj,907,0,4,39348
act_fn,907,0,4,9224
down_proj,907,0,4,35000
final_layernorm,907,0,4,60981
lm_head,907,0,4,314483
embedding,908,0,4,27246
input_layernorm,908,0,4,60172
q_proj,908,0,4,13638
k_proj,908,0,4,7705
v_proj,908,0,4,7184
rope,908,0,4,36040
attn,908,0,4,31144
o_proj,908,0,4,12019
post_layernorm,908,0,4,60522
gate_proj,908,0,4,41727
up_proj,908,0,4,39301
act_fn,908,0,4,9232
down_proj,908,0,4,35024
final_layernorm,908,0,4,60922
lm_head,908,0,4,314135
embedding,909,0,4,27533
input_layernorm,909,0,4,60702
q_proj,909,0,4,13615
k_proj,909,0,4,7871
v_proj,909,0,4,7268
rope,909,0,4,36190
attn,909,0,4,31733
o_proj,909,0,4,12165
post_layernorm,909,0,4,60898
gate_proj,909,0,4,42108
up_proj,909,0,4,39523
act_fn,909,0,4,9236
down_proj,909,0,4,35106
final_layernorm,909,0,4,61317
lm_head,909,0,4,315152
embedding,910,0,4,27273
input_layernorm,910,0,4,60284
q_proj,910,0,4,13551
k_proj,910,0,4,7858
v_proj,910,0,4,7224
rope,910,0,4,35969
attn,910,0,4,31438
o_proj,910,0,4,12082
post_layernorm,910,0,4,60565
gate_proj,910,0,4,41859
up_proj,910,0,4,39426
act_fn,910,0,4,9227
down_proj,910,0,4,35089
final_layernorm,910,0,4,61032
lm_head,910,0,4,314557
embedding,911,0,4,27197
input_layernorm,911,0,4,60406
q_proj,911,0,4,13515
k_proj,911,0,4,7695
v_proj,911,0,4,7221
rope,911,0,4,35782
attn,911,0,4,31226
o_proj,911,0,4,12051
post_layernorm,911,0,4,60664
gate_proj,911,0,4,41654
up_proj,911,0,4,39263
act_fn,911,0,4,9267
down_proj,911,0,4,35023
final_layernorm,911,0,4,61134
lm_head,911,0,4,314213
embedding,912,0,4,27363
input_layernorm,912,0,4,60110
q_proj,912,0,4,13284
k_proj,912,0,4,7733
v_proj,912,0,4,7256
rope,912,0,4,36052
attn,912,0,4,31291
o_proj,912,0,4,12539
post_layernorm,912,0,4,60335
gate_proj,912,0,4,43865
up_proj,912,0,4,40914
act_fn,912,0,4,9182
down_proj,912,0,4,36535
final_layernorm,912,0,4,60768
lm_head,912,0,4,313052
embedding,913,0,4,26600
input_layernorm,913,0,4,60706
q_proj,913,0,4,13245
k_proj,913,0,4,7654
v_proj,913,0,4,7121
rope,913,0,4,35856
attn,913,0,4,31297
o_proj,913,0,4,12095
post_layernorm,913,0,4,60770
gate_proj,913,0,4,41778
up_proj,913,0,4,39313
act_fn,913,0,4,9298
down_proj,913,0,4,35044
final_layernorm,913,0,4,61080
lm_head,913,0,4,323051
embedding,914,0,4,26688
input_layernorm,914,0,4,60861
q_proj,914,0,4,13289
k_proj,914,0,4,7669
v_proj,914,0,4,7093
rope,914,0,4,35803
attn,914,0,4,31256
o_proj,914,0,4,12055
post_layernorm,914,0,4,60737
gate_proj,914,0,4,41674
up_proj,914,0,4,39259
act_fn,914,0,4,9274
down_proj,914,0,4,35077
final_layernorm,914,0,4,60980
lm_head,914,0,4,322631
embedding,915,0,4,26905
input_layernorm,915,0,4,60635
q_proj,915,0,4,13018
k_proj,915,0,4,7748
v_proj,915,0,4,7194
rope,915,0,4,35908
attn,915,0,4,31376
o_proj,915,0,4,12080
post_layernorm,915,0,4,60762
gate_proj,915,0,4,41699
up_proj,915,0,4,39261
act_fn,915,0,4,9340
down_proj,915,0,4,35086
final_layernorm,915,0,4,61176
lm_head,915,0,4,323268
embedding,916,0,4,26762
input_layernorm,916,0,4,60615
q_proj,916,0,4,13081
k_proj,916,0,4,7702
v_proj,916,0,4,7083
rope,916,0,4,35994
attn,916,0,4,31152
o_proj,916,0,4,12079
post_layernorm,916,0,4,60778
gate_proj,916,0,4,41753
up_proj,916,0,4,39299
act_fn,916,0,4,9309
down_proj,916,0,4,35099
final_layernorm,916,0,4,61077
lm_head,916,0,4,323233
embedding,917,0,4,26731
input_layernorm,917,0,4,60601
q_proj,917,0,4,13187
k_proj,917,0,4,7679
v_proj,917,0,4,7084
rope,917,0,4,35818
attn,917,0,4,31280
o_proj,917,0,4,12056
post_layernorm,917,0,4,60730
gate_proj,917,0,4,41670
up_proj,917,0,4,39270
act_fn,917,0,4,9357
down_proj,917,0,4,35086
final_layernorm,917,0,4,60950
lm_head,917,0,4,323034
embedding,918,0,4,27257
input_layernorm,918,0,4,60980
q_proj,918,0,4,13177
k_proj,918,0,4,7806
v_proj,918,0,4,7209
rope,918,0,4,36316
attn,918,0,4,31689
o_proj,918,0,4,12223
post_layernorm,918,0,4,61160
gate_proj,918,0,4,42180
up_proj,918,0,4,39531
act_fn,918,0,4,9408
down_proj,918,0,4,35192
final_layernorm,918,0,4,61506
lm_head,918,0,4,324324
embedding,919,0,4,26911
input_layernorm,919,0,4,60682
q_proj,919,0,4,12838
k_proj,919,0,4,7668
v_proj,919,0,4,7106
rope,919,0,4,35922
attn,919,0,4,31330
o_proj,919,0,4,12088
post_layernorm,919,0,4,60797
gate_proj,919,0,4,41716
up_proj,919,0,4,39380
act_fn,919,0,4,9378
down_proj,919,0,4,35123
final_layernorm,919,0,4,61077
lm_head,919,0,4,323369
embedding,920,0,4,27041
input_layernorm,920,0,4,60545
q_proj,920,0,4,13022
k_proj,920,0,4,7716
v_proj,920,0,4,7214
rope,920,0,4,36223
attn,920,0,4,31532
o_proj,920,0,4,12142
post_layernorm,920,0,4,60629
gate_proj,920,0,4,41894
up_proj,920,0,4,39379
act_fn,920,0,4,9384
down_proj,920,0,4,35135
final_layernorm,920,0,4,60927
lm_head,920,0,4,323885
embedding,921,0,4,27068
input_layernorm,921,0,4,60883
q_proj,921,0,4,12929
k_proj,921,0,4,7728
v_proj,921,0,4,7151
rope,921,0,4,35954
attn,921,0,4,31321
o_proj,921,0,4,12097
post_layernorm,921,0,4,61030
gate_proj,921,0,4,41661
up_proj,921,0,4,39422
act_fn,921,0,4,9358
down_proj,921,0,4,35130
final_layernorm,921,0,4,61273
lm_head,921,0,4,323584
embedding,922,0,4,27192
input_layernorm,922,0,4,61113
q_proj,922,0,4,12768
k_proj,922,0,4,7688
v_proj,922,0,4,7104
rope,922,0,4,36150
attn,922,0,4,31548
o_proj,922,0,4,12144
post_layernorm,922,0,4,61226
gate_proj,922,0,4,41836
up_proj,922,0,4,39364
act_fn,922,0,4,9403
down_proj,922,0,4,35235
final_layernorm,922,0,4,61536
lm_head,922,0,4,323871
embedding,923,0,4,27331
input_layernorm,923,0,4,60993
q_proj,923,0,4,13064
k_proj,923,0,4,7812
v_proj,923,0,4,7165
rope,923,0,4,36119
attn,923,0,4,31478
o_proj,923,0,4,12153
post_layernorm,923,0,4,60981
gate_proj,923,0,4,41899
up_proj,923,0,4,39446
act_fn,923,0,4,9417
down_proj,923,0,4,35169
final_layernorm,923,0,4,61367
lm_head,923,0,4,324133
embedding,924,0,4,27378
input_layernorm,924,0,4,60667
q_proj,924,0,4,12755
k_proj,924,0,4,7681
v_proj,924,0,4,7121
rope,924,0,4,35952
attn,924,0,4,31061
o_proj,924,0,4,12063
post_layernorm,924,0,4,60851
gate_proj,924,0,4,41553
up_proj,924,0,4,39328
act_fn,924,0,4,9412
down_proj,924,0,4,35157
final_layernorm,924,0,4,61005
lm_head,924,0,4,323293
embedding,925,0,4,27479
input_layernorm,925,0,4,61055
q_proj,925,0,4,12773
k_proj,925,0,4,7714
v_proj,925,0,4,7156
rope,925,0,4,35992
attn,925,0,4,31386
o_proj,925,0,4,12116
post_layernorm,925,0,4,61129
gate_proj,925,0,4,41794
up_proj,925,0,4,39374
act_fn,925,0,4,9427
down_proj,925,0,4,35218
final_layernorm,925,0,4,61551
lm_head,925,0,4,324007
embedding,926,0,4,27253
input_layernorm,926,0,4,60734
q_proj,926,0,4,12773
k_proj,926,0,4,7649
v_proj,926,0,4,7073
rope,926,0,4,35908
attn,926,0,4,31171
o_proj,926,0,4,12084
post_layernorm,926,0,4,60768
gate_proj,926,0,4,41678
up_proj,926,0,4,39299
act_fn,926,0,4,9393
down_proj,926,0,4,35185
final_layernorm,926,0,4,61218
lm_head,926,0,4,323616
embedding,927,0,4,27295
input_layernorm,927,0,4,60770
q_proj,927,0,4,12772
k_proj,927,0,4,7585
v_proj,927,0,4,7084
rope,927,0,4,35991
attn,927,0,4,31323
o_proj,927,0,4,12092
post_layernorm,927,0,4,61048
gate_proj,927,0,4,41843
up_proj,927,0,4,39355
act_fn,927,0,4,9436
down_proj,927,0,4,35192
final_layernorm,927,0,4,61378
lm_head,927,0,4,323770
embedding,928,0,4,27039
input_layernorm,928,0,4,60647
q_proj,928,0,4,16972
k_proj,928,0,4,7688
v_proj,928,0,4,7105
rope,928,0,4,36008
attn,928,0,4,31272
o_proj,928,0,4,12540
post_layernorm,928,0,4,60730
gate_proj,928,0,4,43222
up_proj,928,0,4,41721
act_fn,928,0,4,9209
down_proj,928,0,4,36769
final_layernorm,928,0,4,61246
lm_head,928,0,4,323343
embedding,929,0,4,27626
input_layernorm,929,0,4,61131
q_proj,929,0,4,12880
k_proj,929,0,4,7732
v_proj,929,0,4,7069
rope,929,0,4,36206
attn,929,0,4,31526
o_proj,929,0,4,12641
post_layernorm,929,0,4,61251
gate_proj,929,0,4,41971
up_proj,929,0,4,39498
act_fn,929,0,4,9488
down_proj,929,0,4,36836
final_layernorm,929,0,4,61844
lm_head,929,0,4,324226
embedding,930,0,4,27496
input_layernorm,930,0,4,61037
q_proj,930,0,4,12723
k_proj,930,0,4,7612
v_proj,930,0,4,7025
rope,930,0,4,36138
attn,930,0,4,31453
o_proj,930,0,4,12594
post_layernorm,930,0,4,61107
gate_proj,930,0,4,41813
up_proj,930,0,4,39429
act_fn,930,0,4,9485
down_proj,930,0,4,36893
final_layernorm,930,0,4,61908
lm_head,930,0,4,324050
embedding,931,0,4,27406
input_layernorm,931,0,4,61005
q_proj,931,0,4,12752
k_proj,931,0,4,7675
v_proj,931,0,4,7011
rope,931,0,4,36114
attn,931,0,4,31283
o_proj,931,0,4,12554
post_layernorm,931,0,4,61050
gate_proj,931,0,4,41653
up_proj,931,0,4,39270
act_fn,931,0,4,9477
down_proj,931,0,4,36815
final_layernorm,931,0,4,61062
lm_head,931,0,4,323776
embedding,932,0,4,27637
input_layernorm,932,0,4,61344
q_proj,932,0,4,12784
k_proj,932,0,4,7674
v_proj,932,0,4,7027
rope,932,0,4,36317
attn,932,0,4,31487
o_proj,932,0,4,12630
post_layernorm,932,0,4,61621
gate_proj,932,0,4,41885
up_proj,932,0,4,39524
act_fn,932,0,4,9518
down_proj,932,0,4,36840
final_layernorm,932,0,4,61545
lm_head,932,0,4,324538
embedding,933,0,4,27549
input_layernorm,933,0,4,61023
q_proj,933,0,4,12777
k_proj,933,0,4,7608
v_proj,933,0,4,6973
rope,933,0,4,36179
attn,933,0,4,31195
o_proj,933,0,4,12549
post_layernorm,933,0,4,61130
gate_proj,933,0,4,41717
up_proj,933,0,4,39362
act_fn,933,0,4,9495
down_proj,933,0,4,36836
final_layernorm,933,0,4,61095
lm_head,933,0,4,323983
embedding,934,0,4,27377
input_layernorm,934,0,4,61437
q_proj,934,0,4,12686
k_proj,934,0,4,7648
v_proj,934,0,4,7067
rope,934,0,4,36143
attn,934,0,4,31235
o_proj,934,0,4,12562
post_layernorm,934,0,4,61223
gate_proj,934,0,4,41763
up_proj,934,0,4,39415
act_fn,934,0,4,9540
down_proj,934,0,4,36901
final_layernorm,934,0,4,61547
lm_head,934,0,4,324445
embedding,935,0,4,27404
input_layernorm,935,0,4,60829
q_proj,935,0,4,12759
k_proj,935,0,4,7578
v_proj,935,0,4,7001
rope,935,0,4,36102
attn,935,0,4,31144
o_proj,935,0,4,12573
post_layernorm,935,0,4,61095
gate_proj,935,0,4,41678
up_proj,935,0,4,39381
act_fn,935,0,4,9506
down_proj,935,0,4,36853
final_layernorm,935,0,4,61154
lm_head,935,0,4,324129
embedding,936,0,4,27407
input_layernorm,936,0,4,60776
q_proj,936,0,4,12660
k_proj,936,0,4,7648
v_proj,936,0,4,7007
rope,936,0,4,36369
attn,936,0,4,31238
o_proj,936,0,4,12559
post_layernorm,936,0,4,61053
gate_proj,936,0,4,41756
up_proj,936,0,4,39427
act_fn,936,0,4,9519
down_proj,936,0,4,36888
final_layernorm,936,0,4,61078
lm_head,936,0,4,324423
embedding,937,0,4,27414
input_layernorm,937,0,4,61362
q_proj,937,0,4,12648
k_proj,937,0,4,7669
v_proj,937,0,4,7052
rope,937,0,4,36273
attn,937,0,4,31295
o_proj,937,0,4,12578
post_layernorm,937,0,4,61232
gate_proj,937,0,4,43005
up_proj,937,0,4,41746
act_fn,937,0,4,9309
down_proj,937,0,4,36747
final_layernorm,937,0,4,61431
lm_head,937,0,4,324409
embedding,938,0,4,27564
input_layernorm,938,0,4,60949
q_proj,938,0,4,12686
k_proj,938,0,4,7629
v_proj,938,0,4,7017
rope,938,0,4,36193
attn,938,0,4,31252
o_proj,938,0,4,12576
post_layernorm,938,0,4,61319
gate_proj,938,0,4,42979
up_proj,938,0,4,41713
act_fn,938,0,4,9346
down_proj,938,0,4,36747
final_layernorm,938,0,4,61385
lm_head,938,0,4,324234
embedding,939,0,4,27588
input_layernorm,939,0,4,61188
q_proj,939,0,4,12657
k_proj,939,0,4,7586
v_proj,939,0,4,6994
rope,939,0,4,36360
attn,939,0,4,31323
o_proj,939,0,4,12604
post_layernorm,939,0,4,61485
gate_proj,939,0,4,43268
up_proj,939,0,4,41902
act_fn,939,0,4,9363
down_proj,939,0,4,36812
final_layernorm,939,0,4,61741
lm_head,939,0,4,324957
embedding,940,0,4,27933
input_layernorm,940,0,4,61228
q_proj,940,0,4,12736
k_proj,940,0,4,7697
v_proj,940,0,4,7029
rope,940,0,4,36601
attn,940,0,4,31551
o_proj,940,0,4,12648
post_layernorm,940,0,4,61578
gate_proj,940,0,4,43324
up_proj,940,0,4,41959
act_fn,940,0,4,9312
down_proj,940,0,4,36867
final_layernorm,940,0,4,61800
lm_head,940,0,4,324980
embedding,941,0,4,27388
input_layernorm,941,0,4,61283
q_proj,941,0,4,12677
k_proj,941,0,4,7578
v_proj,941,0,4,7015
rope,941,0,4,36431
attn,941,0,4,31287
o_proj,941,0,4,12633
post_layernorm,941,0,4,61383
gate_proj,941,0,4,43193
up_proj,941,0,4,41892
act_fn,941,0,4,9384
down_proj,941,0,4,36840
final_layernorm,941,0,4,61843
lm_head,941,0,4,324851
embedding,942,0,4,27636
input_layernorm,942,0,4,61511
q_proj,942,0,4,12729
k_proj,942,0,4,7671
v_proj,942,0,4,7072
rope,942,0,4,36520
attn,942,0,4,31509
o_proj,942,0,4,12666
post_layernorm,942,0,4,61750
gate_proj,942,0,4,43348
up_proj,942,0,4,42043
act_fn,942,0,4,9404
down_proj,942,0,4,36891
final_layernorm,942,0,4,62020
lm_head,942,0,4,325099
embedding,943,0,4,27209
input_layernorm,943,0,4,61107
q_proj,943,0,4,12687
k_proj,943,0,4,7680
v_proj,943,0,4,6989
rope,943,0,4,36326
attn,943,0,4,31325
o_proj,943,0,4,12594
post_layernorm,943,0,4,61305
gate_proj,943,0,4,42977
up_proj,943,0,4,41754
act_fn,943,0,4,9414
down_proj,943,0,4,36809
final_layernorm,943,0,4,61716
lm_head,943,0,4,324529
embedding,944,0,4,27439
input_layernorm,944,0,4,60811
q_proj,944,0,4,12662
k_proj,944,0,4,7545
v_proj,944,0,4,6956
rope,944,0,4,36384
attn,944,0,4,31111
o_proj,944,0,4,12564
post_layernorm,944,0,4,61189
gate_proj,944,0,4,43656
up_proj,944,0,4,40946
act_fn,944,0,4,9575
down_proj,944,0,4,36867
final_layernorm,944,0,4,61342
lm_head,944,0,4,324469
embedding,945,0,4,27751
input_layernorm,945,0,4,61492
q_proj,945,0,4,12765
k_proj,945,0,4,7665
v_proj,945,0,4,7032
rope,945,0,4,36730
attn,945,0,4,31695
o_proj,945,0,4,12680
post_layernorm,945,0,4,61722
gate_proj,945,0,4,43601
up_proj,945,0,4,42141
act_fn,945,0,4,9457
down_proj,945,0,4,36946
final_layernorm,945,0,4,61980
lm_head,945,0,4,325630
embedding,946,0,4,27498
input_layernorm,946,0,4,61200
q_proj,946,0,4,12650
k_proj,946,0,4,7619
v_proj,946,0,4,6984
rope,946,0,4,36447
attn,946,0,4,31304
o_proj,946,0,4,12617
post_layernorm,946,0,4,61567
gate_proj,946,0,4,43092
up_proj,946,0,4,41821
act_fn,946,0,4,9423
down_proj,946,0,4,36838
final_layernorm,946,0,4,61721
lm_head,946,0,4,325071
embedding,947,0,4,27737
input_layernorm,947,0,4,61298
q_proj,947,0,4,12694
k_proj,947,0,4,7521
v_proj,947,0,4,6996
rope,947,0,4,36506
attn,947,0,4,31349
o_proj,947,0,4,12649
post_layernorm,947,0,4,61684
gate_proj,947,0,4,43293
up_proj,947,0,4,41973
act_fn,947,0,4,9397
down_proj,947,0,4,36881
final_layernorm,947,0,4,61851
lm_head,947,0,4,325303
embedding,948,0,4,27758
input_layernorm,948,0,4,61244
q_proj,948,0,4,12726
k_proj,948,0,4,7514
v_proj,948,0,4,7001
rope,948,0,4,36672
attn,948,0,4,31422
o_proj,948,0,4,12647
post_layernorm,948,0,4,61836
gate_proj,948,0,4,43242
up_proj,948,0,4,41954
act_fn,948,0,4,9425
down_proj,948,0,4,36917
final_layernorm,948,0,4,61913
lm_head,948,0,4,325304
embedding,949,0,4,27806
input_layernorm,949,0,4,61542
q_proj,949,0,4,12686
k_proj,949,0,4,7530
v_proj,949,0,4,6984
rope,949,0,4,36465
attn,949,0,4,31278
o_proj,949,0,4,12598
post_layernorm,949,0,4,61798
gate_proj,949,0,4,43060
up_proj,949,0,4,41795
act_fn,949,0,4,9444
down_proj,949,0,4,36873
final_layernorm,949,0,4,61830
lm_head,949,0,4,325042
embedding,950,0,4,27887
input_layernorm,950,0,4,61429
q_proj,950,0,4,12676
k_proj,950,0,4,7539
v_proj,950,0,4,6990
rope,950,0,4,36460
attn,950,0,4,31339
o_proj,950,0,4,12625
post_layernorm,950,0,4,61808
gate_proj,950,0,4,43119
up_proj,950,0,4,41849
act_fn,950,0,4,9461
down_proj,950,0,4,36923
final_layernorm,950,0,4,61857
lm_head,950,0,4,325189
embedding,951,0,4,27860
input_layernorm,951,0,4,61500
q_proj,951,0,4,12676
k_proj,951,0,4,7514
v_proj,951,0,4,6989
rope,951,0,4,36524
attn,951,0,4,31273
o_proj,951,0,4,12609
post_layernorm,951,0,4,61754
gate_proj,951,0,4,43088
up_proj,951,0,4,41834
act_fn,951,0,4,9478
down_proj,951,0,4,36929
final_layernorm,951,0,4,61922
lm_head,951,0,4,325079
embedding,952,0,4,27666
input_layernorm,952,0,4,61264
q_proj,952,0,4,12711
k_proj,952,0,4,7606
v_proj,952,0,4,7009
rope,952,0,4,36775
attn,952,0,4,31478
o_proj,952,0,4,12686
post_layernorm,952,0,4,61674
gate_proj,952,0,4,43450
up_proj,952,0,4,42056
act_fn,952,0,4,9456
down_proj,952,0,4,36994
final_layernorm,952,0,4,61928
lm_head,952,0,4,325807
embedding,953,0,4,27689
input_layernorm,953,0,4,61467
q_proj,953,0,4,12677
k_proj,953,0,4,7537
v_proj,953,0,4,6973
rope,953,0,4,36421
attn,953,0,4,31359
o_proj,953,0,4,12640
post_layernorm,953,0,4,61611
gate_proj,953,0,4,43053
up_proj,953,0,4,41761
act_fn,953,0,4,9560
down_proj,953,0,4,36901
final_layernorm,953,0,4,61969
lm_head,953,0,4,325265
embedding,954,0,4,28051
input_layernorm,954,0,4,61508
q_proj,954,0,4,12730
k_proj,954,0,4,7586
v_proj,954,0,4,7039
rope,954,0,4,36720
attn,954,0,4,31579
o_proj,954,0,4,12712
post_layernorm,954,0,4,61887
gate_proj,954,0,4,43440
up_proj,954,0,4,42084
act_fn,954,0,4,9497
down_proj,954,0,4,36990
final_layernorm,954,0,4,62078
lm_head,954,0,4,326143
embedding,955,0,4,28460
input_layernorm,955,0,4,61913
q_proj,955,0,4,12754
k_proj,955,0,4,7615
v_proj,955,0,4,7019
rope,955,0,4,36764
attn,955,0,4,31663
o_proj,955,0,4,12692
post_layernorm,955,0,4,62210
gate_proj,955,0,4,43462
up_proj,955,0,4,42060
act_fn,955,0,4,9480
down_proj,955,0,4,37011
final_layernorm,955,0,4,62573
lm_head,955,0,4,326016
embedding,956,0,4,28129
input_layernorm,956,0,4,61607
q_proj,956,0,4,12704
k_proj,956,0,4,7641
v_proj,956,0,4,6976
rope,956,0,4,36637
attn,956,0,4,31183
o_proj,956,0,4,12635
post_layernorm,956,0,4,61875
gate_proj,956,0,4,43181
up_proj,956,0,4,41910
act_fn,956,0,4,9534
down_proj,956,0,4,36962
final_layernorm,956,0,4,62225
lm_head,956,0,4,325551
embedding,957,0,4,28364
input_layernorm,957,0,4,61589
q_proj,957,0,4,12676
k_proj,957,0,4,7650
v_proj,957,0,4,6984
rope,957,0,4,36622
attn,957,0,4,31466
o_proj,957,0,4,12646
post_layernorm,957,0,4,61843
gate_proj,957,0,4,43230
up_proj,957,0,4,41942
act_fn,957,0,4,9535
down_proj,957,0,4,36954
final_layernorm,957,0,4,62188
lm_head,957,0,4,325520
embedding,958,0,4,28217
input_layernorm,958,0,4,61946
q_proj,958,0,4,12746
k_proj,958,0,4,7643
v_proj,958,0,4,7017
rope,958,0,4,36560
attn,958,0,4,31430
o_proj,958,0,4,12708
post_layernorm,958,0,4,62089
gate_proj,958,0,4,43434
up_proj,958,0,4,42078
act_fn,958,0,4,9573
down_proj,958,0,4,37047
final_layernorm,958,0,4,62425
lm_head,958,0,4,326174
embedding,959,0,4,28220
input_layernorm,959,0,4,61818
q_proj,959,0,4,12719
k_proj,959,0,4,7590
v_proj,959,0,4,6972
rope,959,0,4,36476
attn,959,0,4,31420
o_proj,959,0,4,12693
post_layernorm,959,0,4,62054
gate_proj,959,0,4,43321
up_proj,959,0,4,42025
act_fn,959,0,4,9583
down_proj,959,0,4,37033
final_layernorm,959,0,4,62247
lm_head,959,0,4,325970
embedding,960,0,4,28201
input_layernorm,960,0,4,61622
q_proj,960,0,4,14705
k_proj,960,0,4,7655
v_proj,960,0,4,7020
rope,960,0,4,36886
attn,960,0,4,31593
o_proj,960,0,4,13206
post_layernorm,960,0,4,61825
gate_proj,960,0,4,43699
up_proj,960,0,4,42101
act_fn,960,0,4,9752
down_proj,960,0,4,38117
final_layernorm,960,0,4,62068
lm_head,960,0,4,326284
embedding,961,0,4,28122
input_layernorm,961,0,4,61733
q_proj,961,0,4,14825
k_proj,961,0,4,8258
v_proj,961,0,4,8097
rope,961,0,4,36525
attn,961,0,4,32374
o_proj,961,0,4,12755
post_layernorm,961,0,4,61930
gate_proj,961,0,4,43836
up_proj,961,0,4,41058
act_fn,961,0,4,9710
down_proj,961,0,4,37048
final_layernorm,961,0,4,62185
lm_head,961,0,4,344102
embedding,962,0,4,28359
input_layernorm,962,0,4,61968
q_proj,962,0,4,14571
k_proj,962,0,4,8251
v_proj,962,0,4,8069
rope,962,0,4,36513
attn,962,0,4,32456
o_proj,962,0,4,12731
post_layernorm,962,0,4,62011
gate_proj,962,0,4,43820
up_proj,962,0,4,41072
act_fn,962,0,4,9776
down_proj,962,0,4,37083
final_layernorm,962,0,4,62040
lm_head,962,0,4,344039
embedding,963,0,4,28363
input_layernorm,963,0,4,62645
q_proj,963,0,4,14832
k_proj,963,0,4,8262
v_proj,963,0,4,8079
rope,963,0,4,36569
attn,963,0,4,32610
o_proj,963,0,4,12766
post_layernorm,963,0,4,62074
gate_proj,963,0,4,43969
up_proj,963,0,4,41105
act_fn,963,0,4,9786
down_proj,963,0,4,37084
final_layernorm,963,0,4,62298
lm_head,963,0,4,344543
embedding,964,0,4,28627
input_layernorm,964,0,4,62367
q_proj,964,0,4,14470
k_proj,964,0,4,8268
v_proj,964,0,4,8067
rope,964,0,4,36665
attn,964,0,4,32351
o_proj,964,0,4,12742
post_layernorm,964,0,4,62079
gate_proj,964,0,4,43818
up_proj,964,0,4,41080
act_fn,964,0,4,9754
down_proj,964,0,4,37103
final_layernorm,964,0,4,62249
lm_head,964,0,4,344388
embedding,965,0,4,28459
input_layernorm,965,0,4,62427
q_proj,965,0,4,14825
k_proj,965,0,4,8246
v_proj,965,0,4,8082
rope,965,0,4,36562
attn,965,0,4,32470
o_proj,965,0,4,12728
post_layernorm,965,0,4,62124
gate_proj,965,0,4,43742
up_proj,965,0,4,41060
act_fn,965,0,4,9821
down_proj,965,0,4,37095
final_layernorm,965,0,4,62238
lm_head,965,0,4,344275
embedding,966,0,4,28521
input_layernorm,966,0,4,62683
q_proj,966,0,4,14195
k_proj,966,0,4,8253
v_proj,966,0,4,8075
rope,966,0,4,36634
attn,966,0,4,32574
o_proj,966,0,4,12756
post_layernorm,966,0,4,62178
gate_proj,966,0,4,43818
up_proj,966,0,4,41085
act_fn,966,0,4,9850
down_proj,966,0,4,37068
final_layernorm,966,0,4,62385
lm_head,966,0,4,344476
embedding,967,0,4,28581
input_layernorm,967,0,4,62634
q_proj,967,0,4,14319
k_proj,967,0,4,8266
v_proj,967,0,4,8093
rope,967,0,4,36628
attn,967,0,4,32527
o_proj,967,0,4,12781
post_layernorm,967,0,4,62086
gate_proj,967,0,4,43949
up_proj,967,0,4,41131
act_fn,967,0,4,9829
down_proj,967,0,4,37154
final_layernorm,967,0,4,62404
lm_head,967,0,4,344784
embedding,968,0,4,28530
input_layernorm,968,0,4,62591
q_proj,968,0,4,13942
k_proj,968,0,4,8294
v_proj,968,0,4,8128
rope,968,0,4,36941
attn,968,0,4,32753
o_proj,968,0,4,12815
post_layernorm,968,0,4,62092
gate_proj,968,0,4,44049
up_proj,968,0,4,41127
act_fn,968,0,4,9848
down_proj,968,0,4,37155
final_layernorm,968,0,4,62333
lm_head,968,0,4,345024
embedding,969,0,4,28261
input_layernorm,969,0,4,62567
q_proj,969,0,4,14146
k_proj,969,0,4,10597
v_proj,969,0,4,10558
rope,969,0,4,36587
attn,969,0,4,32435
o_proj,969,0,4,12751
post_layernorm,969,0,4,62199
gate_proj,969,0,4,43793
up_proj,969,0,4,41107
act_fn,969,0,4,9861
down_proj,969,0,4,37141
final_layernorm,969,0,4,62273
lm_head,969,0,4,344364
embedding,970,0,4,28673
input_layernorm,970,0,4,62888
q_proj,970,0,4,13617
k_proj,970,0,4,10635
v_proj,970,0,4,10756
rope,970,0,4,37095
attn,970,0,4,32915
o_proj,970,0,4,12900
post_layernorm,970,0,4,62639
gate_proj,970,0,4,44493
up_proj,970,0,4,41411
act_fn,970,0,4,9861
down_proj,970,0,4,37256
final_layernorm,970,0,4,62649
lm_head,970,0,4,345709
embedding,971,0,4,28460
input_layernorm,971,0,4,62986
q_proj,971,0,4,14029
k_proj,971,0,4,10617
v_proj,971,0,4,10375
rope,971,0,4,36890
attn,971,0,4,32850
o_proj,971,0,4,12857
post_layernorm,971,0,4,62508
gate_proj,971,0,4,44136
up_proj,971,0,4,41314
act_fn,971,0,4,9931
down_proj,971,0,4,37230
final_layernorm,971,0,4,62661
lm_head,971,0,4,345587
embedding,972,0,4,28619
input_layernorm,972,0,4,63059
q_proj,972,0,4,13632
k_proj,972,0,4,10484
v_proj,972,0,4,10406
rope,972,0,4,37052
attn,972,0,4,32719
o_proj,972,0,4,12815
post_layernorm,972,0,4,62655
gate_proj,972,0,4,44114
up_proj,972,0,4,41248
act_fn,972,0,4,9871
down_proj,972,0,4,37235
final_layernorm,972,0,4,62798
lm_head,972,0,4,345511
embedding,973,0,4,28995
input_layernorm,973,0,4,62774
q_proj,973,0,4,13804
k_proj,973,0,4,10364
v_proj,973,0,4,10447
rope,973,0,4,36856
attn,973,0,4,32657
o_proj,973,0,4,12835
post_layernorm,973,0,4,62596
gate_proj,973,0,4,44071
up_proj,973,0,4,41242
act_fn,973,0,4,9903
down_proj,973,0,4,37237
final_layernorm,973,0,4,62627
lm_head,973,0,4,345426
embedding,974,0,4,28490
input_layernorm,974,0,4,62891
q_proj,974,0,4,13482
k_proj,974,0,4,10457
v_proj,974,0,4,10565
rope,974,0,4,36717
attn,974,0,4,32385
o_proj,974,0,4,12728
post_layernorm,974,0,4,62403
gate_proj,974,0,4,43723
up_proj,974,0,4,41127
act_fn,974,0,4,9936
down_proj,974,0,4,37198
final_layernorm,974,0,4,62580
lm_head,974,0,4,345006
embedding,975,0,4,28691
input_layernorm,975,0,4,62323
q_proj,975,0,4,13885
k_proj,975,0,4,10329
v_proj,975,0,4,10251
rope,975,0,4,36807
attn,975,0,4,32607
o_proj,975,0,4,12801
post_layernorm,975,0,4,62452
gate_proj,975,0,4,44053
up_proj,975,0,4,41193
act_fn,975,0,4,9958
down_proj,975,0,4,37220
final_layernorm,975,0,4,62592
lm_head,975,0,4,345395
embedding,976,0,4,28650
input_layernorm,976,0,4,62267
q_proj,976,0,4,13377
k_proj,976,0,4,10226
v_proj,976,0,4,10135
rope,976,0,4,37021
attn,976,0,4,32645
o_proj,976,0,4,13220
post_layernorm,976,0,4,62263
gate_proj,976,0,4,44042
up_proj,976,0,4,41189
act_fn,976,0,4,9981
down_proj,976,0,4,38237
final_layernorm,976,0,4,62484
lm_head,976,0,4,345497
embedding,977,0,4,28415
input_layernorm,977,0,4,62964
q_proj,977,0,4,13724
k_proj,977,0,4,10255
v_proj,977,0,4,10282
rope,977,0,4,36837
attn,977,0,4,32790
o_proj,977,0,4,12794
post_layernorm,977,0,4,62331
gate_proj,977,0,4,44008
up_proj,977,0,4,41236
act_fn,977,0,4,9946
down_proj,977,0,4,37279
final_layernorm,977,0,4,62679
lm_head,977,0,4,345389
embedding,978,0,4,28635
input_layernorm,978,0,4,62388
q_proj,978,0,4,13377
k_proj,978,0,4,10483
v_proj,978,0,4,10476
rope,978,0,4,36828
attn,978,0,4,32500
o_proj,978,0,4,12744
post_layernorm,978,0,4,62197
gate_proj,978,0,4,43847
up_proj,978,0,4,41155
act_fn,978,0,4,9962
down_proj,978,0,4,37262
final_layernorm,978,0,4,62644
lm_head,978,0,4,345247
embedding,979,0,4,28482
input_layernorm,979,0,4,62780
q_proj,979,0,4,13549
k_proj,979,0,4,10352
v_proj,979,0,4,10021
rope,979,0,4,37003
attn,979,0,4,32779
o_proj,979,0,4,12820
post_layernorm,979,0,4,62607
gate_proj,979,0,4,44164
up_proj,979,0,4,41317
act_fn,979,0,4,10000
down_proj,979,0,4,37339
final_layernorm,979,0,4,63148
lm_head,979,0,4,345750
embedding,980,0,4,28525
input_layernorm,980,0,4,62461
q_proj,980,0,4,13271
k_proj,980,0,4,10244
v_proj,980,0,4,10018
rope,980,0,4,37007
attn,980,0,4,32537
o_proj,980,0,4,12765
post_layernorm,980,0,4,62480
gate_proj,980,0,4,43895
up_proj,980,0,4,41175
act_fn,980,0,4,10037
down_proj,980,0,4,37245
final_layernorm,980,0,4,62966
lm_head,980,0,4,345625
embedding,981,0,4,28702
input_layernorm,981,0,4,62700
q_proj,981,0,4,13572
k_proj,981,0,4,10168
v_proj,981,0,4,10045
rope,981,0,4,36930
attn,981,0,4,32532
o_proj,981,0,4,12766
post_layernorm,981,0,4,62731
gate_proj,981,0,4,43931
up_proj,981,0,4,41110
act_fn,981,0,4,9942
down_proj,981,0,4,37325
final_layernorm,981,0,4,63128
lm_head,981,0,4,345594
embedding,982,0,4,28541
input_layernorm,982,0,4,62685
q_proj,982,0,4,13381
k_proj,982,0,4,10135
v_proj,982,0,4,10172
rope,982,0,4,36938
attn,982,0,4,32517
o_proj,982,0,4,12787
post_layernorm,982,0,4,62611
gate_proj,982,0,4,43860
up_proj,982,0,4,41234
act_fn,982,0,4,10002
down_proj,982,0,4,37306
final_layernorm,982,0,4,63049
lm_head,982,0,4,345677
embedding,983,0,4,28384
input_layernorm,983,0,4,62531
q_proj,983,0,4,13435
k_proj,983,0,4,10138
v_proj,983,0,4,9958
rope,983,0,4,36904
attn,983,0,4,32638
o_proj,983,0,4,12770
post_layernorm,983,0,4,62750
gate_proj,983,0,4,43977
up_proj,983,0,4,41255
act_fn,983,0,4,10008
down_proj,983,0,4,37339
final_layernorm,983,0,4,63014
lm_head,983,0,4,345964
embedding,984,0,4,28568
input_layernorm,984,0,4,62340
q_proj,984,0,4,13204
k_proj,984,0,4,10236
v_proj,984,0,4,9830
rope,984,0,4,37109
attn,984,0,4,32523
o_proj,984,0,4,12798
post_layernorm,984,0,4,62253
gate_proj,984,0,4,43845
up_proj,984,0,4,41216
act_fn,984,0,4,10007
down_proj,984,0,4,37331
final_layernorm,984,0,4,62836
lm_head,984,0,4,345772
embedding,985,0,4,28629
input_layernorm,985,0,4,62848
q_proj,985,0,4,13261
k_proj,985,0,4,10019
v_proj,985,0,4,10038
rope,985,0,4,37029
attn,985,0,4,32648
o_proj,985,0,4,12812
post_layernorm,985,0,4,62644
gate_proj,985,0,4,43964
up_proj,985,0,4,41217
act_fn,985,0,4,10078
down_proj,985,0,4,37354
final_layernorm,985,0,4,63197
lm_head,985,0,4,346185
embedding,986,0,4,28994
input_layernorm,986,0,4,63274
q_proj,986,0,4,13419
k_proj,986,0,4,10140
v_proj,986,0,4,10084
rope,986,0,4,37499
attn,986,0,4,32968
o_proj,986,0,4,12928
post_layernorm,986,0,4,63505
gate_proj,986,0,4,44581
up_proj,986,0,4,41477
act_fn,986,0,4,10066
down_proj,986,0,4,37458
final_layernorm,986,0,4,63680
lm_head,986,0,4,346881
embedding,987,0,4,28776
input_layernorm,987,0,4,62653
q_proj,987,0,4,13246
k_proj,987,0,4,10059
v_proj,987,0,4,9647
rope,987,0,4,36776
attn,987,0,4,32488
o_proj,987,0,4,12793
post_layernorm,987,0,4,62924
gate_proj,987,0,4,43808
up_proj,987,0,4,41208
act_fn,987,0,4,10080
down_proj,987,0,4,37348
final_layernorm,987,0,4,63085
lm_head,987,0,4,346119
embedding,988,0,4,28939
input_layernorm,988,0,4,62816
q_proj,988,0,4,13321
k_proj,988,0,4,9930
v_proj,988,0,4,9654
rope,988,0,4,37004
attn,988,0,4,32599
o_proj,988,0,4,12810
post_layernorm,988,0,4,62947
gate_proj,988,0,4,43789
up_proj,988,0,4,41232
act_fn,988,0,4,10118
down_proj,988,0,4,37361
final_layernorm,988,0,4,63381
lm_head,988,0,4,345918
embedding,989,0,4,29176
input_layernorm,989,0,4,63068
q_proj,989,0,4,13232
k_proj,989,0,4,9882
v_proj,989,0,4,9883
rope,989,0,4,37093
attn,989,0,4,32721
o_proj,989,0,4,12794
post_layernorm,989,0,4,63000
gate_proj,989,0,4,43886
up_proj,989,0,4,41251
act_fn,989,0,4,10113
down_proj,989,0,4,37403
final_layernorm,989,0,4,63418
lm_head,989,0,4,346187
embedding,990,0,4,29120
input_layernorm,990,0,4,63181
q_proj,990,0,4,13493
k_proj,990,0,4,9830
v_proj,990,0,4,9751
rope,990,0,4,36985
attn,990,0,4,32569
o_proj,990,0,4,12794
post_layernorm,990,0,4,63033
gate_proj,990,0,4,43839
up_proj,990,0,4,41277
act_fn,990,0,4,10088
down_proj,990,0,4,37353
final_layernorm,990,0,4,63144
lm_head,990,0,4,346158
embedding,991,0,4,29433
input_layernorm,991,0,4,64266
q_proj,991,0,4,13263
k_proj,991,0,4,9718
v_proj,991,0,4,9552
rope,991,0,4,37224
attn,991,0,4,32990
o_proj,991,0,4,12898
post_layernorm,991,0,4,63492
gate_proj,991,0,4,44164
up_proj,991,0,4,41353
act_fn,991,0,4,10145
down_proj,991,0,4,37417
final_layernorm,991,0,4,63759
lm_head,991,0,4,346691
embedding,992,0,4,29921
input_layernorm,992,0,4,63092
q_proj,992,0,4,13191
k_proj,992,0,4,9832
v_proj,992,0,4,9476
rope,992,0,4,37047
attn,992,0,4,32542
o_proj,992,0,4,13168
post_layernorm,992,0,4,62616
gate_proj,992,0,4,45897
up_proj,992,0,4,44299
act_fn,992,0,4,9955
down_proj,992,0,4,38103
final_layernorm,992,0,4,62843
lm_head,992,0,4,363039
embedding,993,0,4,29642
input_layernorm,993,0,4,64195
q_proj,993,0,4,13332
k_proj,993,0,4,9814
v_proj,993,0,4,9746
rope,993,0,4,37528
attn,993,0,4,33193
o_proj,993,0,4,13361
post_layernorm,993,0,4,63876
gate_proj,993,0,4,44612
up_proj,993,0,4,41524
act_fn,993,0,4,10166
down_proj,993,0,4,38516
final_layernorm,993,0,4,63962
lm_head,993,0,4,347422
embedding,994,0,4,29597
input_layernorm,994,0,4,64375
q_proj,994,0,4,13376
k_proj,994,0,4,9632
v_proj,994,0,4,9553
rope,994,0,4,37580
attn,994,0,4,33090
o_proj,994,0,4,13358
post_layernorm,994,0,4,63835
gate_proj,994,0,4,44556
up_proj,994,0,4,41521
act_fn,994,0,4,10159
down_proj,994,0,4,38506
final_layernorm,994,0,4,64098
lm_head,994,0,4,347278
embedding,995,0,4,29338
input_layernorm,995,0,4,64021
q_proj,995,0,4,13264
k_proj,995,0,4,9502
v_proj,995,0,4,9566
rope,995,0,4,37101
attn,995,0,4,32658
o_proj,995,0,4,13241
post_layernorm,995,0,4,63456
gate_proj,995,0,4,44084
up_proj,995,0,4,41289
act_fn,995,0,4,10216
down_proj,995,0,4,38429
final_layernorm,995,0,4,63779
lm_head,995,0,4,346601
embedding,996,0,4,29290
input_layernorm,996,0,4,63772
q_proj,996,0,4,13337
k_proj,996,0,4,9458
v_proj,996,0,4,9673
rope,996,0,4,37363
attn,996,0,4,32686
o_proj,996,0,4,13244
post_layernorm,996,0,4,63614
gate_proj,996,0,4,44001
up_proj,996,0,4,41309
act_fn,996,0,4,10227
down_proj,996,0,4,38430
final_layernorm,996,0,4,63644
lm_head,996,0,4,346885
embedding,997,0,4,29141
input_layernorm,997,0,4,63411
q_proj,997,0,4,13209
k_proj,997,0,4,9597
v_proj,997,0,4,9442
rope,997,0,4,37304
attn,997,0,4,32651
o_proj,997,0,4,13216
post_layernorm,997,0,4,63621
gate_proj,997,0,4,43805
up_proj,997,0,4,41284
act_fn,997,0,4,10251
down_proj,997,0,4,38443
final_layernorm,997,0,4,63617
lm_head,997,0,4,346559
embedding,998,0,4,29379
input_layernorm,998,0,4,64312
q_proj,998,0,4,13308
k_proj,998,0,4,9508
v_proj,998,0,4,9404
rope,998,0,4,37358
attn,998,0,4,32740
o_proj,998,0,4,13238
post_layernorm,998,0,4,63515
gate_proj,998,0,4,44030
up_proj,998,0,4,41301
act_fn,998,0,4,10215
down_proj,998,0,4,38484
final_layernorm,998,0,4,63787
lm_head,998,0,4,346707
embedding,999,0,4,29139
input_layernorm,999,0,4,63699
q_proj,999,0,4,13214
k_proj,999,0,4,9255
v_proj,999,0,4,9533
rope,999,0,4,37250
attn,999,0,4,32547
o_proj,999,0,4,13227
post_layernorm,999,0,4,63768
gate_proj,999,0,4,43927
up_proj,999,0,4,41277
act_fn,999,0,4,10259
down_proj,999,0,4,38430
final_layernorm,999,0,4,63988
lm_head,999,0,4,346800
embedding,1000,0,4,29107
input_layernorm,1000,0,4,64173
q_proj,1000,0,4,13327
k_proj,1000,0,4,9034
v_proj,1000,0,4,9218
rope,1000,0,4,37570
attn,1000,0,4,32977
o_proj,1000,0,4,13294
post_layernorm,1000,0,4,63662
gate_proj,1000,0,4,44225
up_proj,1000,0,4,41364
act_fn,1000,0,4,10269
down_proj,1000,0,4,38530
final_layernorm,1000,0,4,64025
lm_head,1000,0,4,347186
embedding,1001,0,4,29091
input_layernorm,1001,0,4,63630
q_proj,1001,0,4,13237
k_proj,1001,0,4,9165
v_proj,1001,0,4,9042
rope,1001,0,4,37215
attn,1001,0,4,32622
o_proj,1001,0,4,13237
post_layernorm,1001,0,4,63875
gate_proj,1001,0,4,43900
up_proj,1001,0,4,41281
act_fn,1001,0,4,10276
down_proj,1001,0,4,38498
final_layernorm,1001,0,4,64079
lm_head,1001,0,4,347127
embedding,1002,0,4,29341
input_layernorm,1002,0,4,64206
q_proj,1002,0,4,13291
k_proj,1002,0,4,9509
v_proj,1002,0,4,9285
rope,1002,0,4,37514
attn,1002,0,4,32780
o_proj,1002,0,4,13285
post_layernorm,1002,0,4,64105
gate_proj,1002,0,4,44187
up_proj,1002,0,4,41320
act_fn,1002,0,4,10306
down_proj,1002,0,4,38520
final_layernorm,1002,0,4,64191
lm_head,1002,0,4,347375
embedding,1003,0,4,29406
input_layernorm,1003,0,4,63728
q_proj,1003,0,4,13271
k_proj,1003,0,4,8916
v_proj,1003,0,4,9034
rope,1003,0,4,37449
attn,1003,0,4,32988
o_proj,1003,0,4,13271
post_layernorm,1003,0,4,63928
gate_proj,1003,0,4,44068
up_proj,1003,0,4,41396
act_fn,1003,0,4,10271
down_proj,1003,0,4,38580
final_layernorm,1003,0,4,64295
lm_head,1003,0,4,347624
embedding,1004,0,4,29365
input_layernorm,1004,0,4,64391
q_proj,1004,0,4,13241
k_proj,1004,0,4,8990
v_proj,1004,0,4,9225
rope,1004,0,4,37503
attn,1004,0,4,32656
o_proj,1004,0,4,13223
post_layernorm,1004,0,4,64069
gate_proj,1004,0,4,43932
up_proj,1004,0,4,41283
act_fn,1004,0,4,10299
down_proj,1004,0,4,38494
final_layernorm,1004,0,4,64101
lm_head,1004,0,4,347097
embedding,1005,0,4,29153
input_layernorm,1005,0,4,63804
q_proj,1005,0,4,13226
k_proj,1005,0,4,9190
v_proj,1005,0,4,9009
rope,1005,0,4,37269
attn,1005,0,4,32565
o_proj,1005,0,4,13240
post_layernorm,1005,0,4,63968
gate_proj,1005,0,4,43904
up_proj,1005,0,4,41353
act_fn,1005,0,4,10332
down_proj,1005,0,4,38513
final_layernorm,1005,0,4,64015
lm_head,1005,0,4,347224
embedding,1006,0,4,29328
input_layernorm,1006,0,4,64583
q_proj,1006,0,4,13291
k_proj,1006,0,4,9150
v_proj,1006,0,4,9001
rope,1006,0,4,37523
attn,1006,0,4,32718
o_proj,1006,0,4,13279
post_layernorm,1006,0,4,64121
gate_proj,1006,0,4,44058
up_proj,1006,0,4,41361
act_fn,1006,0,4,10342
down_proj,1006,0,4,38524
final_layernorm,1006,0,4,64199
lm_head,1006,0,4,347611
embedding,1007,0,4,29132
input_layernorm,1007,0,4,63907
q_proj,1007,0,4,13215
k_proj,1007,0,4,8826
v_proj,1007,0,4,9050
rope,1007,0,4,37167
attn,1007,0,4,32672
o_proj,1007,0,4,13194
post_layernorm,1007,0,4,64283
gate_proj,1007,0,4,43745
up_proj,1007,0,4,41288
act_fn,1007,0,4,10319
down_proj,1007,0,4,38532
final_layernorm,1007,0,4,64203
lm_head,1007,0,4,347193
embedding,1008,0,4,29245
input_layernorm,1008,0,4,63430
q_proj,1008,0,4,13253
k_proj,1008,0,4,8629
v_proj,1008,0,4,8918
rope,1008,0,4,37675
attn,1008,0,4,32644
o_proj,1008,0,4,13267
post_layernorm,1008,0,4,63795
gate_proj,1008,0,4,44070
up_proj,1008,0,4,41390
act_fn,1008,0,4,10336
down_proj,1008,0,4,38558
final_layernorm,1008,0,4,63963
lm_head,1008,0,4,347682
embedding,1009,0,4,29195
input_layernorm,1009,0,4,63766
q_proj,1009,0,4,13246
k_proj,1009,0,4,8898
v_proj,1009,0,4,8663
rope,1009,0,4,37472
attn,1009,0,4,32744
o_proj,1009,0,4,13258
post_layernorm,1009,0,4,64396
gate_proj,1009,0,4,46191
up_proj,1009,0,4,44523
act_fn,1009,0,4,10095
down_proj,1009,0,4,38235
final_layernorm,1009,0,4,64296
lm_head,1009,0,4,347658
embedding,1010,0,4,29352
input_layernorm,1010,0,4,64175
q_proj,1010,0,4,13299
k_proj,1010,0,4,8889
v_proj,1010,0,4,8675
rope,1010,0,4,37546
attn,1010,0,4,32900
o_proj,1010,0,4,13334
post_layernorm,1010,0,4,64530
gate_proj,1010,0,4,46432
up_proj,1010,0,4,44705
act_fn,1010,0,4,10137
down_proj,1010,0,4,38345
final_layernorm,1010,0,4,64482
lm_head,1010,0,4,348061
embedding,1011,0,4,29157
input_layernorm,1011,0,4,64081
q_proj,1011,0,4,13343
k_proj,1011,0,4,8606
v_proj,1011,0,4,8550
rope,1011,0,4,37943
attn,1011,0,4,32872
o_proj,1011,0,4,13281
post_layernorm,1011,0,4,64586
gate_proj,1011,0,4,46327
up_proj,1011,0,4,44628
act_fn,1011,0,4,10103
down_proj,1011,0,4,38320
final_layernorm,1011,0,4,64565
lm_head,1011,0,4,347946
embedding,1012,0,4,29211
input_layernorm,1012,0,4,64495
q_proj,1012,0,4,13247
k_proj,1012,0,4,8839
v_proj,1012,0,4,8675
rope,1012,0,4,37623
attn,1012,0,4,32617
o_proj,1012,0,4,13237
post_layernorm,1012,0,4,64347
gate_proj,1012,0,4,46195
up_proj,1012,0,4,44485
act_fn,1012,0,4,10186
down_proj,1012,0,4,38280
final_layernorm,1012,0,4,64385
lm_head,1012,0,4,347516
embedding,1013,0,4,29324
input_layernorm,1013,0,4,64340
q_proj,1013,0,4,13318
k_proj,1013,0,4,8745
v_proj,1013,0,4,8527
rope,1013,0,4,37574
attn,1013,0,4,32999
o_proj,1013,0,4,13315
post_layernorm,1013,0,4,64764
gate_proj,1013,0,4,46503
up_proj,1013,0,4,44751
act_fn,1013,0,4,10225
down_proj,1013,0,4,38443
final_layernorm,1013,0,4,64915
lm_head,1013,0,4,348275
embedding,1014,0,4,29476
input_layernorm,1014,0,4,64362
q_proj,1014,0,4,13280
k_proj,1014,0,4,8754
v_proj,1014,0,4,8502
rope,1014,0,4,37677
attn,1014,0,4,32844
o_proj,1014,0,4,13312
post_layernorm,1014,0,4,64579
gate_proj,1014,0,4,46315
up_proj,1014,0,4,44612
act_fn,1014,0,4,10161
down_proj,1014,0,4,38370
final_layernorm,1014,0,4,64747
lm_head,1014,0,4,348233
embedding,1015,0,4,29253
input_layernorm,1015,0,4,65063
q_proj,1015,0,4,13275
k_proj,1015,0,4,8683
v_proj,1015,0,4,8544
rope,1015,0,4,37463
attn,1015,0,4,32887
o_proj,1015,0,4,13266
post_layernorm,1015,0,4,64629
gate_proj,1015,0,4,46343
up_proj,1015,0,4,44600
act_fn,1015,0,4,10210
down_proj,1015,0,4,38375
final_layernorm,1015,0,4,64691
lm_head,1015,0,4,348095
embedding,1016,0,4,29221
input_layernorm,1016,0,4,63949
q_proj,1016,0,4,13301
k_proj,1016,0,4,8430
v_proj,1016,0,4,8379
rope,1016,0,4,37897
attn,1016,0,4,32645
o_proj,1016,0,4,13251
post_layernorm,1016,0,4,64323
gate_proj,1016,0,4,44866
up_proj,1016,0,4,43133
act_fn,1016,0,4,10407
down_proj,1016,0,4,38578
final_layernorm,1016,0,4,64266
lm_head,1016,0,4,348228
embedding,1017,0,4,29359
input_layernorm,1017,0,4,64568
q_proj,1017,0,4,13330
k_proj,1017,0,4,8561
v_proj,1017,0,4,8368
rope,1017,0,4,38042
attn,1017,0,4,32894
o_proj,1017,0,4,13291
post_layernorm,1017,0,4,64975
gate_proj,1017,0,4,46533
up_proj,1017,0,4,44806
act_fn,1017,0,4,10201
down_proj,1017,0,4,38440
final_layernorm,1017,0,4,64958
lm_head,1017,0,4,348417
embedding,1018,0,4,29605
input_layernorm,1018,0,4,64449
q_proj,1018,0,4,13260
k_proj,1018,0,4,8465
v_proj,1018,0,4,8291
rope,1018,0,4,37836
attn,1018,0,4,32842
o_proj,1018,0,4,13255
post_layernorm,1018,0,4,64733
gate_proj,1018,0,4,46244
up_proj,1018,0,4,44546
act_fn,1018,0,4,10205
down_proj,1018,0,4,38329
final_layernorm,1018,0,4,64707
lm_head,1018,0,4,348172
embedding,1019,0,4,29660
input_layernorm,1019,0,4,64374
q_proj,1019,0,4,13265
k_proj,1019,0,4,8193
v_proj,1019,0,4,8191
rope,1019,0,4,37947
attn,1019,0,4,32768
o_proj,1019,0,4,13260
post_layernorm,1019,0,4,64668
gate_proj,1019,0,4,46322
up_proj,1019,0,4,44653
act_fn,1019,0,4,10246
down_proj,1019,0,4,38372
final_layernorm,1019,0,4,65058
lm_head,1019,0,4,348604
embedding,1020,0,4,29712
input_layernorm,1020,0,4,64675
q_proj,1020,0,4,13321
k_proj,1020,0,4,8437
v_proj,1020,0,4,8296
rope,1020,0,4,38111
attn,1020,0,4,32910
o_proj,1020,0,4,13325
post_layernorm,1020,0,4,65122
gate_proj,1020,0,4,46487
up_proj,1020,0,4,44778
act_fn,1020,0,4,10255
down_proj,1020,0,4,38436
final_layernorm,1020,0,4,65068
lm_head,1020,0,4,348725
embedding,1021,0,4,29656
input_layernorm,1021,0,4,64777
q_proj,1021,0,4,13285
k_proj,1021,0,4,8460
v_proj,1021,0,4,8320
rope,1021,0,4,37903
attn,1021,0,4,32656
o_proj,1021,0,4,13268
post_layernorm,1021,0,4,64960
gate_proj,1021,0,4,46320
up_proj,1021,0,4,44643
act_fn,1021,0,4,10315
down_proj,1021,0,4,38383
final_layernorm,1021,0,4,64898
lm_head,1021,0,4,348612
embedding,1022,0,4,29851
input_layernorm,1022,0,4,64400
q_proj,1022,0,4,13267
k_proj,1022,0,4,8444
v_proj,1022,0,4,8234
rope,1022,0,4,37854
attn,1022,0,4,32746
o_proj,1022,0,4,13278
post_layernorm,1022,0,4,64938
gate_proj,1022,0,4,46213
up_proj,1022,0,4,44568
act_fn,1022,0,4,10264
down_proj,1022,0,4,38389
final_layernorm,1022,0,4,64748
lm_head,1022,0,4,348511
embedding,1023,0,4,30106
input_layernorm,1023,0,4,64551
q_proj,1023,0,4,13284
k_proj,1023,0,4,8239
v_proj,1023,0,4,8186
rope,1023,0,4,37958
attn,1023,0,4,32679
o_proj,1023,0,4,13247
post_layernorm,1023,0,4,65133
gate_proj,1023,0,4,46217
up_proj,1023,0,4,44616
act_fn,1023,0,4,10285
down_proj,1023,0,4,38396
final_layernorm,1023,0,4,64740
lm_head,1023,0,4,348460
embedding,1024,0,4,30749
input_layernorm,1024,0,4,63668
q_proj,1024,0,4,13304
k_proj,1024,0,4,8316
v_proj,1024,0,4,8258
rope,1024,0,4,38015
attn,1024,0,4,23829
o_proj,1024,0,4,13266
post_layernorm,1024,0,4,64276
gate_proj,1024,0,4,46257
up_proj,1024,0,4,44633
act_fn,1024,0,4,10313
down_proj,1024,0,4,38404
final_layernorm,1024,0,4,64057
lm_head,1024,0,4,365777
embedding,1025,0,4,30056
input_layernorm,1025,0,4,65113
q_proj,1025,0,4,14904
k_proj,1025,0,4,8783
v_proj,1025,0,4,8390
rope,1025,0,4,37589
attn,1025,0,4,41847
o_proj,1025,0,4,13731
post_layernorm,1025,0,4,64178
gate_proj,1025,0,4,44699
up_proj,1025,0,4,43125
act_fn,1025,0,4,10494
down_proj,1025,0,4,40177
final_layernorm,1025,0,4,65073
lm_head,1025,0,4,348509
embedding,1026,0,4,30259
input_layernorm,1026,0,4,64822
q_proj,1026,0,4,14956
k_proj,1026,0,4,8835
v_proj,1026,0,4,8444
rope,1026,0,4,37869
attn,1026,0,4,41841
o_proj,1026,0,4,13747
post_layernorm,1026,0,4,64100
gate_proj,1026,0,4,44964
up_proj,1026,0,4,43248
act_fn,1026,0,4,10545
down_proj,1026,0,4,40250
final_layernorm,1026,0,4,65215
lm_head,1026,0,4,348943
embedding,1027,0,4,30222
input_layernorm,1027,0,4,64848
q_proj,1027,0,4,14916
k_proj,1027,0,4,8755
v_proj,1027,0,4,8405
rope,1027,0,4,37681
attn,1027,0,4,41614
o_proj,1027,0,4,13725
post_layernorm,1027,0,4,64079
gate_proj,1027,0,4,44872
up_proj,1027,0,4,43140
act_fn,1027,0,4,10557
down_proj,1027,0,4,40215
final_layernorm,1027,0,4,65285
lm_head,1027,0,4,349036
embedding,1028,0,4,30254
input_layernorm,1028,0,4,65294
q_proj,1028,0,4,14978
k_proj,1028,0,4,8870
v_proj,1028,0,4,8452
rope,1028,0,4,38045
attn,1028,0,4,42362
o_proj,1028,0,4,13814
post_layernorm,1028,0,4,64392
gate_proj,1028,0,4,45150
up_proj,1028,0,4,43337
act_fn,1028,0,4,10573
down_proj,1028,0,4,40252
final_layernorm,1028,0,4,65660
lm_head,1028,0,4,349331
embedding,1029,0,4,30151
input_layernorm,1029,0,4,65379
q_proj,1029,0,4,14890
k_proj,1029,0,4,8702
v_proj,1029,0,4,8368
rope,1029,0,4,37675
attn,1029,0,4,41021
o_proj,1029,0,4,13717
post_layernorm,1029,0,4,63996
gate_proj,1029,0,4,44535
up_proj,1029,0,4,43141
act_fn,1029,0,4,10565
down_proj,1029,0,4,40245
final_layernorm,1029,0,4,65367
lm_head,1029,0,4,348807
embedding,1030,0,4,30243
input_layernorm,1030,0,4,65699
q_proj,1030,0,4,14944
k_proj,1030,0,4,8773
v_proj,1030,0,4,8432
rope,1030,0,4,37852
attn,1030,0,4,42078
o_proj,1030,0,4,13758
post_layernorm,1030,0,4,64341
gate_proj,1030,0,4,44853
up_proj,1030,0,4,43263
act_fn,1030,0,4,10603
down_proj,1030,0,4,40243
final_layernorm,1030,0,4,65948
lm_head,1030,0,4,349173
embedding,1031,0,4,30204
input_layernorm,1031,0,4,66194
q_proj,1031,0,4,15038
k_proj,1031,0,4,8876
v_proj,1031,0,4,8493
rope,1031,0,4,38100
attn,1031,0,4,41534
o_proj,1031,0,4,13823
post_layernorm,1031,0,4,64457
gate_proj,1031,0,4,45270
up_proj,1031,0,4,43395
act_fn,1031,0,4,10642
down_proj,1031,0,4,40325
final_layernorm,1031,0,4,66669
lm_head,1031,0,4,349783
embedding,1032,0,4,29933
input_layernorm,1032,0,4,65867
q_proj,1032,0,4,14949
k_proj,1032,0,4,8308
v_proj,1032,0,4,8124
rope,1032,0,4,37843
attn,1032,0,4,41683
o_proj,1032,0,4,13763
post_layernorm,1032,0,4,64042
gate_proj,1032,0,4,44922
up_proj,1032,0,4,43264
act_fn,1032,0,4,10613
down_proj,1032,0,4,40323
final_layernorm,1032,0,4,66288
lm_head,1032,0,4,349143
embedding,1033,0,4,30031
input_layernorm,1033,0,4,66559
q_proj,1033,0,4,14996
k_proj,1033,0,4,8633
v_proj,1033,0,4,8257
rope,1033,0,4,37952
attn,1033,0,4,42877
o_proj,1033,0,4,13827
post_layernorm,1033,0,4,64674
gate_proj,1033,0,4,45095
up_proj,1033,0,4,43339
act_fn,1033,0,4,10625
down_proj,1033,0,4,40313
final_layernorm,1033,0,4,66692
lm_head,1033,0,4,349789
embedding,1034,0,4,29941
input_layernorm,1034,0,4,66392
q_proj,1034,0,4,14936
k_proj,1034,0,4,8566
v_proj,1034,0,4,8235
rope,1034,0,4,37760
attn,1034,0,4,42791
o_proj,1034,0,4,13782
post_layernorm,1034,0,4,64455
gate_proj,1034,0,4,44848
up_proj,1034,0,4,43294
act_fn,1034,0,4,10648
down_proj,1034,0,4,40314
final_layernorm,1034,0,4,66433
lm_head,1034,0,4,349348
embedding,1035,0,4,30191
input_layernorm,1035,0,4,66555
q_proj,1035,0,4,14980
k_proj,1035,0,4,8647
v_proj,1035,0,4,8323
rope,1035,0,4,38058
attn,1035,0,4,41320
o_proj,1035,0,4,13808
post_layernorm,1035,0,4,64704
gate_proj,1035,0,4,45045
up_proj,1035,0,4,43312
act_fn,1035,0,4,10688
down_proj,1035,0,4,40324
final_layernorm,1035,0,4,66695
lm_head,1035,0,4,349740
embedding,1036,0,4,30021
input_layernorm,1036,0,4,65994
q_proj,1036,0,4,14882
k_proj,1036,0,4,8535
v_proj,1036,0,4,8201
rope,1036,0,4,37999
attn,1036,0,4,41495
o_proj,1036,0,4,13738
post_layernorm,1036,0,4,64578
gate_proj,1036,0,4,44552
up_proj,1036,0,4,43145
act_fn,1036,0,4,10640
down_proj,1036,0,4,40285
final_layernorm,1036,0,4,66312
lm_head,1036,0,4,348996
embedding,1037,0,4,30317
input_layernorm,1037,0,4,66195
q_proj,1037,0,4,14890
k_proj,1037,0,4,8511
v_proj,1037,0,4,8198
rope,1037,0,4,37967
attn,1037,0,4,41371
o_proj,1037,0,4,13751
post_layernorm,1037,0,4,64539
gate_proj,1037,0,4,44721
up_proj,1037,0,4,43182
act_fn,1037,0,4,10666
down_proj,1037,0,4,40314
final_layernorm,1037,0,4,66481
lm_head,1037,0,4,349251
embedding,1038,0,4,30089
input_layernorm,1038,0,4,66453
q_proj,1038,0,4,14967
k_proj,1038,0,4,8624
v_proj,1038,0,4,8245
rope,1038,0,4,38153
attn,1038,0,4,42092
o_proj,1038,0,4,13788
post_layernorm,1038,0,4,64824
gate_proj,1038,0,4,44755
up_proj,1038,0,4,43324
act_fn,1038,0,4,10690
down_proj,1038,0,4,40343
final_layernorm,1038,0,4,66823
lm_head,1038,0,4,349674
embedding,1039,0,4,30010
input_layernorm,1039,0,4,66587
q_proj,1039,0,4,14970
k_proj,1039,0,4,8653
v_proj,1039,0,4,8305
rope,1039,0,4,38356
attn,1039,0,4,41654
o_proj,1039,0,4,13829
post_layernorm,1039,0,4,65080
gate_proj,1039,0,4,45113
up_proj,1039,0,4,43346
act_fn,1039,0,4,10721
down_proj,1039,0,4,40384
final_layernorm,1039,0,4,67126
lm_head,1039,0,4,350095
embedding,1040,0,4,30036
input_layernorm,1040,0,4,66164
q_proj,1040,0,4,13866
k_proj,1040,0,4,8335
v_proj,1040,0,4,8345
rope,1040,0,4,38204
attn,1040,0,4,41250
o_proj,1040,0,4,13764
post_layernorm,1040,0,4,64587
gate_proj,1040,0,4,51680
up_proj,1040,0,4,49184
act_fn,1040,0,4,10712
down_proj,1040,0,4,40311
final_layernorm,1040,0,4,66204
lm_head,1040,0,4,349535
embedding,1041,0,4,30244
input_layernorm,1041,0,4,66618
q_proj,1041,0,4,13940
k_proj,1041,0,4,8542
v_proj,1041,0,4,8300
rope,1041,0,4,38367
attn,1041,0,4,42092
o_proj,1041,0,4,13840
post_layernorm,1041,0,4,65154
gate_proj,1041,0,4,45087
up_proj,1041,0,4,43320
act_fn,1041,0,4,10746
down_proj,1041,0,4,40352
final_layernorm,1041,0,4,67123
lm_head,1041,0,4,397733
embedding,1042,0,4,29820
input_layernorm,1042,0,4,66478
q_proj,1042,0,4,13823
k_proj,1042,0,4,8425
v_proj,1042,0,4,8193
rope,1042,0,4,37972
attn,1042,0,4,42672
o_proj,1042,0,4,13744
post_layernorm,1042,0,4,64920
gate_proj,1042,0,4,44532
up_proj,1042,0,4,43242
act_fn,1042,0,4,10763
down_proj,1042,0,4,40368
final_layernorm,1042,0,4,66648
lm_head,1042,0,4,394597
embedding,1043,0,4,30267
input_layernorm,1043,0,4,66805
q_proj,1043,0,4,13961
k_proj,1043,0,4,8547
v_proj,1043,0,4,8348
rope,1043,0,4,38484
attn,1043,0,4,41514
o_proj,1043,0,4,13862
post_layernorm,1043,0,4,65454
gate_proj,1043,0,4,45050
up_proj,1043,0,4,43378
act_fn,1043,0,4,10748
down_proj,1043,0,4,40443
final_layernorm,1043,0,4,67493
lm_head,1043,0,4,397200
embedding,1044,0,4,30250
input_layernorm,1044,0,4,67080
q_proj,1044,0,4,13958
k_proj,1044,0,4,8530
v_proj,1044,0,4,8288
rope,1044,0,4,38508
attn,1044,0,4,42685
o_proj,1044,0,4,13845
post_layernorm,1044,0,4,65366
gate_proj,1044,0,4,45194
up_proj,1044,0,4,43388
act_fn,1044,0,4,10744
down_proj,1044,0,4,40437
final_layernorm,1044,0,4,67410
lm_head,1044,0,4,394935
embedding,1045,0,4,30208
input_layernorm,1045,0,4,66901
q_proj,1045,0,4,13923
k_proj,1045,0,4,8528
v_proj,1045,0,4,8312
rope,1045,0,4,38419
attn,1045,0,4,42691
o_proj,1045,0,4,13847
post_layernorm,1045,0,4,65319
gate_proj,1045,0,4,45150
up_proj,1045,0,4,43439
act_fn,1045,0,4,10790
down_proj,1045,0,4,40431
final_layernorm,1045,0,4,67324
lm_head,1045,0,4,396821
embedding,1046,0,4,30069
input_layernorm,1046,0,4,66817
q_proj,1046,0,4,13891
k_proj,1046,0,4,8482
v_proj,1046,0,4,8235
rope,1046,0,4,38213
attn,1046,0,4,41717
o_proj,1046,0,4,13796
post_layernorm,1046,0,4,65280
gate_proj,1046,0,4,44806
up_proj,1046,0,4,43344
act_fn,1046,0,4,10745
down_proj,1046,0,4,40421
final_layernorm,1046,0,4,66905
lm_head,1046,0,4,396827
embedding,1047,0,4,30061
input_layernorm,1047,0,4,67142
q_proj,1047,0,4,13883
k_proj,1047,0,4,8455
v_proj,1047,0,4,8265
rope,1047,0,4,38369
attn,1047,0,4,41692
o_proj,1047,0,4,13790
post_layernorm,1047,0,4,65395
gate_proj,1047,0,4,44926
up_proj,1047,0,4,43292
act_fn,1047,0,4,10714
down_proj,1047,0,4,40459
final_layernorm,1047,0,4,67309
lm_head,1047,0,4,395658
embedding,1048,0,4,30099
input_layernorm,1048,0,4,66758
q_proj,1048,0,4,13855
k_proj,1048,0,4,8462
v_proj,1048,0,4,8232
rope,1048,0,4,38261
attn,1048,0,4,42198
o_proj,1048,0,4,13780
post_layernorm,1048,0,4,64920
gate_proj,1048,0,4,44731
up_proj,1048,0,4,43228
act_fn,1048,0,4,10775
down_proj,1048,0,4,40427
final_layernorm,1048,0,4,66804
lm_head,1048,0,4,395456
embedding,1049,0,4,30362
input_layernorm,1049,0,4,67201
q_proj,1049,0,4,13939
k_proj,1049,0,4,8471
v_proj,1049,0,4,8297
rope,1049,0,4,38387
attn,1049,0,4,42167
o_proj,1049,0,4,13813
post_layernorm,1049,0,4,65497
gate_proj,1049,0,4,44958
up_proj,1049,0,4,43386
act_fn,1049,0,4,10818
down_proj,1049,0,4,40449
final_layernorm,1049,0,4,67357
lm_head,1049,0,4,397098
embedding,1050,0,4,30284
input_layernorm,1050,0,4,67284
q_proj,1050,0,4,13921
k_proj,1050,0,4,8480
v_proj,1050,0,4,8270
rope,1050,0,4,38369
attn,1050,0,4,42090
o_proj,1050,0,4,13818
post_layernorm,1050,0,4,65731
gate_proj,1050,0,4,44942
up_proj,1050,0,4,43330
act_fn,1050,0,4,10841
down_proj,1050,0,4,40481
final_layernorm,1050,0,4,67669
lm_head,1050,0,4,396063
embedding,1051,0,4,30348
input_layernorm,1051,0,4,67473
q_proj,1051,0,4,13978
k_proj,1051,0,4,8578
v_proj,1051,0,4,8371
rope,1051,0,4,38659
attn,1051,0,4,42418
o_proj,1051,0,4,13897
post_layernorm,1051,0,4,65785
gate_proj,1051,0,4,45308
up_proj,1051,0,4,43555
act_fn,1051,0,4,10855
down_proj,1051,0,4,40501
final_layernorm,1051,0,4,67804
lm_head,1051,0,4,397108
embedding,1052,0,4,30492
input_layernorm,1052,0,4,67313
q_proj,1052,0,4,13893
k_proj,1052,0,4,8465
v_proj,1052,0,4,8265
rope,1052,0,4,38487
attn,1052,0,4,42317
o_proj,1052,0,4,13798
post_layernorm,1052,0,4,65796
gate_proj,1052,0,4,44900
up_proj,1052,0,4,43387
act_fn,1052,0,4,10836
down_proj,1052,0,4,40449
final_layernorm,1052,0,4,67674
lm_head,1052,0,4,395791
embedding,1053,0,4,30641
input_layernorm,1053,0,4,67650
q_proj,1053,0,4,13994
k_proj,1053,0,4,8555
v_proj,1053,0,4,8346
rope,1053,0,4,38598
attn,1053,0,4,42161
o_proj,1053,0,4,13885
post_layernorm,1053,0,4,66012
gate_proj,1053,0,4,45266
up_proj,1053,0,4,43501
act_fn,1053,0,4,10877
down_proj,1053,0,4,40500
final_layernorm,1053,0,4,67911
lm_head,1053,0,4,395755
embedding,1054,0,4,30684
input_layernorm,1054,0,4,67302
q_proj,1054,0,4,13883
k_proj,1054,0,4,8480
v_proj,1054,0,4,8238
rope,1054,0,4,38287
attn,1054,0,4,41459
o_proj,1054,0,4,13781
post_layernorm,1054,0,4,65521
gate_proj,1054,0,4,44810
up_proj,1054,0,4,43312
act_fn,1054,0,4,10868
down_proj,1054,0,4,40491
final_layernorm,1054,0,4,67510
lm_head,1054,0,4,396483
embedding,1055,0,4,30886
input_layernorm,1055,0,4,67320
q_proj,1055,0,4,13944
k_proj,1055,0,4,8509
v_proj,1055,0,4,8277
rope,1055,0,4,38461
attn,1055,0,4,41553
o_proj,1055,0,4,13832
post_layernorm,1055,0,4,66035
gate_proj,1055,0,4,45008
up_proj,1055,0,4,43372
act_fn,1055,0,4,10934
down_proj,1055,0,4,40518
final_layernorm,1055,0,4,67705
lm_head,1055,0,4,397159
embedding,1056,0,4,31596
input_layernorm,1056,0,4,67142
q_proj,1056,0,4,14463
k_proj,1056,0,4,8487
v_proj,1056,0,4,8257
rope,1056,0,4,38543
attn,1056,0,4,42453
o_proj,1056,0,4,14620
post_layernorm,1056,0,4,65775
gate_proj,1056,0,4,51919
up_proj,1056,0,4,49257
act_fn,1056,0,4,10970
down_proj,1056,0,4,42947
final_layernorm,1056,0,4,67281
lm_head,1056,0,4,433935
embedding,1057,0,4,30831
input_layernorm,1057,0,4,67346
q_proj,1057,0,4,13981
k_proj,1057,0,4,7900
v_proj,1057,0,4,7338
rope,1057,0,4,38676
attn,1057,0,4,42894
o_proj,1057,0,4,14027
post_layernorm,1057,0,4,66297
gate_proj,1057,0,4,45204
up_proj,1057,0,4,43441
act_fn,1057,0,4,10962
down_proj,1057,0,4,40991
final_layernorm,1057,0,4,68084
lm_head,1057,0,4,397646
embedding,1058,0,4,30959
input_layernorm,1058,0,4,67553
q_proj,1058,0,4,13910
k_proj,1058,0,4,7815
v_proj,1058,0,4,7255
rope,1058,0,4,38472
attn,1058,0,4,41348
o_proj,1058,0,4,13937
post_layernorm,1058,0,4,65894
gate_proj,1058,0,4,44802
up_proj,1058,0,4,43347
act_fn,1058,0,4,10993
down_proj,1058,0,4,40906
final_layernorm,1058,0,4,67862
lm_head,1058,0,4,396318
embedding,1059,0,4,31004
input_layernorm,1059,0,4,67570
q_proj,1059,0,4,13966
k_proj,1059,0,4,7923
v_proj,1059,0,4,7403
rope,1059,0,4,38641
attn,1059,0,4,42449
o_proj,1059,0,4,13979
post_layernorm,1059,0,4,66213
gate_proj,1059,0,4,45136
up_proj,1059,0,4,43466
act_fn,1059,0,4,10957
down_proj,1059,0,4,41025
final_layernorm,1059,0,4,67655
lm_head,1059,0,4,395927
embedding,1060,0,4,30721
input_layernorm,1060,0,4,67375
q_proj,1060,0,4,13925
k_proj,1060,0,4,7835
v_proj,1060,0,4,7276
rope,1060,0,4,38694
attn,1060,0,4,41455
o_proj,1060,0,4,13945
post_layernorm,1060,0,4,66262
gate_proj,1060,0,4,44914
up_proj,1060,0,4,43324
act_fn,1060,0,4,10989
down_proj,1060,0,4,40960
final_layernorm,1060,0,4,67708
lm_head,1060,0,4,396351
embedding,1061,0,4,30969
input_layernorm,1061,0,4,67394
q_proj,1061,0,4,13899
k_proj,1061,0,4,7848
v_proj,1061,0,4,7214
rope,1061,0,4,38528
attn,1061,0,4,42294
o_proj,1061,0,4,13932
post_layernorm,1061,0,4,66255
gate_proj,1061,0,4,44666
up_proj,1061,0,4,43317
act_fn,1061,0,4,10949
down_proj,1061,0,4,40945
final_layernorm,1061,0,4,67818
lm_head,1061,0,4,397094
embedding,1062,0,4,30768
input_layernorm,1062,0,4,67379
q_proj,1062,0,4,13901
k_proj,1062,0,4,7806
v_proj,1062,0,4,7265
rope,1062,0,4,38580
attn,1062,0,4,42473
o_proj,1062,0,4,13926
post_layernorm,1062,0,4,66319
gate_proj,1062,0,4,44690
up_proj,1062,0,4,43333
act_fn,1062,0,4,10993
down_proj,1062,0,4,40928
final_layernorm,1062,0,4,67833
lm_head,1062,0,4,395648
embedding,1063,0,4,30757
input_layernorm,1063,0,4,67798
q_proj,1063,0,4,13989
k_proj,1063,0,4,7910
v_proj,1063,0,4,7335
rope,1063,0,4,38912
attn,1063,0,4,42771
o_proj,1063,0,4,14028
post_layernorm,1063,0,4,66825
gate_proj,1063,0,4,45187
up_proj,1063,0,4,43514
act_fn,1063,0,4,11026
down_proj,1063,0,4,41045
final_layernorm,1063,0,4,68159
lm_head,1063,0,4,396687
embedding,1064,0,4,30940
input_layernorm,1064,0,4,67420
q_proj,1064,0,4,13917
k_proj,1064,0,4,7834
v_proj,1064,0,4,7221
rope,1064,0,4,38888
attn,1064,0,4,42321
o_proj,1064,0,4,13942
post_layernorm,1064,0,4,66329
gate_proj,1064,0,4,44796
up_proj,1064,0,4,43386
act_fn,1064,0,4,11049
down_proj,1064,0,4,40970
final_layernorm,1064,0,4,68048
lm_head,1064,0,4,396040
embedding,1065,0,4,31159
input_layernorm,1065,0,4,67206
q_proj,1065,0,4,13882
k_proj,1065,0,4,7834
v_proj,1065,0,4,7195
rope,1065,0,4,38614
attn,1065,0,4,43257
o_proj,1065,0,4,13884
post_layernorm,1065,0,4,66172
gate_proj,1065,0,4,44586
up_proj,1065,0,4,43306
act_fn,1065,0,4,11031
down_proj,1065,0,4,40941
final_layernorm,1065,0,4,67992
lm_head,1065,0,4,386782
embedding,1066,0,4,31088
input_layernorm,1066,0,4,67838
q_proj,1066,0,4,13929
k_proj,1066,0,4,7815
v_proj,1066,0,4,7196
rope,1066,0,4,38683
attn,1066,0,4,43952
o_proj,1066,0,4,13924
post_layernorm,1066,0,4,66719
gate_proj,1066,0,4,44826
up_proj,1066,0,4,43384
act_fn,1066,0,4,11022
down_proj,1066,0,4,40992
final_layernorm,1066,0,4,68074
lm_head,1066,0,4,387228
embedding,1067,0,4,31366
input_layernorm,1067,0,4,67479
q_proj,1067,0,4,13920
k_proj,1067,0,4,7912
v_proj,1067,0,4,7254
rope,1067,0,4,38726
attn,1067,0,4,44078
o_proj,1067,0,4,13924
post_layernorm,1067,0,4,66987
gate_proj,1067,0,4,44787
up_proj,1067,0,4,43420
act_fn,1067,0,4,11048
down_proj,1067,0,4,41029
final_layernorm,1067,0,4,67935
lm_head,1067,0,4,386876
embedding,1068,0,4,31362
input_layernorm,1068,0,4,67745
q_proj,1068,0,4,13918
k_proj,1068,0,4,7729
v_proj,1068,0,4,7196
rope,1068,0,4,38969
attn,1068,0,4,44069
o_proj,1068,0,4,13967
post_layernorm,1068,0,4,66664
gate_proj,1068,0,4,44804
up_proj,1068,0,4,43447
act_fn,1068,0,4,11126
down_proj,1068,0,4,41064
final_layernorm,1068,0,4,68348
lm_head,1068,0,4,387268
embedding,1069,0,4,31187
input_layernorm,1069,0,4,67599
q_proj,1069,0,4,13916
k_proj,1069,0,4,7811
v_proj,1069,0,4,7236
rope,1069,0,4,38767
attn,1069,0,4,41114
o_proj,1069,0,4,13936
post_layernorm,1069,0,4,66662
gate_proj,1069,0,4,44687
up_proj,1069,0,4,43374
act_fn,1069,0,4,11086
down_proj,1069,0,4,41034
final_layernorm,1069,0,4,67914
lm_head,1069,0,4,387113
embedding,1070,0,4,31570
input_layernorm,1070,0,4,67494
q_proj,1070,0,4,13879
k_proj,1070,0,4,7830
v_proj,1070,0,4,7211
rope,1070,0,4,38729
attn,1070,0,4,41676
o_proj,1070,0,4,13917
post_layernorm,1070,0,4,66749
gate_proj,1070,0,4,44571
up_proj,1070,0,4,43333
act_fn,1070,0,4,11091
down_proj,1070,0,4,41005
final_layernorm,1070,0,4,67945
lm_head,1070,0,4,387029
embedding,1071,0,4,31419
input_layernorm,1071,0,4,68197
q_proj,1071,0,4,14038
k_proj,1071,0,4,7831
v_proj,1071,0,4,7258
rope,1071,0,4,39220
attn,1071,0,4,41957
o_proj,1071,0,4,14065
post_layernorm,1071,0,4,67281
gate_proj,1071,0,4,45229
up_proj,1071,0,4,43564
act_fn,1071,0,4,11136
down_proj,1071,0,4,41114
final_layernorm,1071,0,4,68679
lm_head,1071,0,4,387971
embedding,1072,0,4,30838
input_layernorm,1072,0,4,67499
q_proj,1072,0,4,13948
k_proj,1072,0,4,9021
v_proj,1072,0,4,8715
rope,1072,0,4,39280
attn,1072,0,4,42371
o_proj,1072,0,4,13950
post_layernorm,1072,0,4,66923
gate_proj,1072,0,4,43714
up_proj,1072,0,4,42964
act_fn,1072,0,4,10996
down_proj,1072,0,4,40906
final_layernorm,1072,0,4,67953
lm_head,1072,0,4,409900
embedding,1073,0,4,31293
input_layernorm,1073,0,4,67889
q_proj,1073,0,4,13914
k_proj,1073,0,4,7766
v_proj,1073,0,4,7191
rope,1073,0,4,38908
attn,1073,0,4,43140
o_proj,1073,0,4,13926
post_layernorm,1073,0,4,67045
gate_proj,1073,0,4,44728
up_proj,1073,0,4,43413
act_fn,1073,0,4,11106
down_proj,1073,0,4,41061
final_layernorm,1073,0,4,68393
lm_head,1073,0,4,387059
embedding,1074,0,4,31659
input_layernorm,1074,0,4,67889
q_proj,1074,0,4,13943
k_proj,1074,0,4,7850
v_proj,1074,0,4,7192
rope,1074,0,4,39063
attn,1074,0,4,43555
o_proj,1074,0,4,13968
post_layernorm,1074,0,4,67587
gate_proj,1074,0,4,44913
up_proj,1074,0,4,43499
act_fn,1074,0,4,11158
down_proj,1074,0,4,41108
final_layernorm,1074,0,4,68248
lm_head,1074,0,4,387527
embedding,1075,0,4,31159
input_layernorm,1075,0,4,67850
q_proj,1075,0,4,13932
k_proj,1075,0,4,7733
v_proj,1075,0,4,7222
rope,1075,0,4,39103
attn,1075,0,4,43977
o_proj,1075,0,4,13955
post_layernorm,1075,0,4,67283
gate_proj,1075,0,4,44824
up_proj,1075,0,4,43419
act_fn,1075,0,4,11147
down_proj,1075,0,4,41084
final_layernorm,1075,0,4,68453
lm_head,1075,0,4,387418
embedding,1076,0,4,31320
input_layernorm,1076,0,4,68104
q_proj,1076,0,4,13977
k_proj,1076,0,4,7738
v_proj,1076,0,4,7221
rope,1076,0,4,39340
attn,1076,0,4,44406
o_proj,1076,0,4,13980
post_layernorm,1076,0,4,67546
gate_proj,1076,0,4,44998
up_proj,1076,0,4,43518
act_fn,1076,0,4,11161
down_proj,1076,0,4,41112
final_layernorm,1076,0,4,68746
lm_head,1076,0,4,387573
embedding,1077,0,4,31303
input_layernorm,1077,0,4,68458
q_proj,1077,0,4,13933
k_proj,1077,0,4,7777
v_proj,1077,0,4,7181
rope,1077,0,4,39049
attn,1077,0,4,43863
o_proj,1077,0,4,13952
post_layernorm,1077,0,4,67481
gate_proj,1077,0,4,44751
up_proj,1077,0,4,43469
act_fn,1077,0,4,11198
down_proj,1077,0,4,41107
final_layernorm,1077,0,4,68427
lm_head,1077,0,4,387708
embedding,1078,0,4,31208
input_layernorm,1078,0,4,68422
q_proj,1078,0,4,13945
k_proj,1078,0,4,7775
v_proj,1078,0,4,7167
rope,1078,0,4,39044
attn,1078,0,4,44078
o_proj,1078,0,4,13942
post_layernorm,1078,0,4,67525
gate_proj,1078,0,4,44719
up_proj,1078,0,4,43428
act_fn,1078,0,4,11220
down_proj,1078,0,4,41123
final_layernorm,1078,0,4,68740
lm_head,1078,0,4,387491
embedding,1079,0,4,31306
input_layernorm,1079,0,4,68131
q_proj,1079,0,4,13938
k_proj,1079,0,4,7823
v_proj,1079,0,4,7182
rope,1079,0,4,39041
attn,1079,0,4,44102
o_proj,1079,0,4,13953
post_layernorm,1079,0,4,67534
gate_proj,1079,0,4,44767
up_proj,1079,0,4,43480
act_fn,1079,0,4,11244
down_proj,1079,0,4,41129
final_layernorm,1079,0,4,68516
lm_head,1079,0,4,387470
embedding,1080,0,4,31935
input_layernorm,1080,0,4,68230
q_proj,1080,0,4,13981
k_proj,1080,0,4,7812
v_proj,1080,0,4,7245
rope,1080,0,4,39476
attn,1080,0,4,44199
o_proj,1080,0,4,14009
post_layernorm,1080,0,4,67517
gate_proj,1080,0,4,45017
up_proj,1080,0,4,43522
act_fn,1080,0,4,11232
down_proj,1080,0,4,41180
final_layernorm,1080,0,4,68772
lm_head,1080,0,4,376029
embedding,1081,0,4,31330
input_layernorm,1081,0,4,68462
q_proj,1081,0,4,13955
k_proj,1081,0,4,9024
v_proj,1081,0,4,8713
rope,1081,0,4,39071
attn,1081,0,4,40343
o_proj,1081,0,4,13967
post_layernorm,1081,0,4,67590
gate_proj,1081,0,4,43654
up_proj,1081,0,4,43052
act_fn,1081,0,4,11130
down_proj,1081,0,4,41174
final_layernorm,1081,0,4,68530
lm_head,1081,0,4,387827
embedding,1082,0,4,31063
input_layernorm,1082,0,4,68812
q_proj,1082,0,4,13930
k_proj,1082,0,4,9016
v_proj,1082,0,4,8716
rope,1082,0,4,39246
attn,1082,0,4,41114
o_proj,1082,0,4,13981
post_layernorm,1082,0,4,67936
gate_proj,1082,0,4,43558
up_proj,1082,0,4,42859
act_fn,1082,0,4,11136
down_proj,1082,0,4,41213
final_layernorm,1082,0,4,68616
lm_head,1082,0,4,388464
embedding,1083,0,4,31538
input_layernorm,1083,0,4,68391
q_proj,1083,0,4,13942
k_proj,1083,0,4,9037
v_proj,1083,0,4,8687
rope,1083,0,4,39099
attn,1083,0,4,41059
o_proj,1083,0,4,13980
post_layernorm,1083,0,4,67744
gate_proj,1083,0,4,43566
up_proj,1083,0,4,42847
act_fn,1083,0,4,11168
down_proj,1083,0,4,41220
final_layernorm,1083,0,4,68680
lm_head,1083,0,4,387898
embedding,1084,0,4,31748
input_layernorm,1084,0,4,68765
q_proj,1084,0,4,13999
k_proj,1084,0,4,9107
v_proj,1084,0,4,8738
rope,1084,0,4,39519
attn,1084,0,4,42261
o_proj,1084,0,4,14019
post_layernorm,1084,0,4,68072
gate_proj,1084,0,4,43929
up_proj,1084,0,4,43071
act_fn,1084,0,4,11183
down_proj,1084,0,4,41286
final_layernorm,1084,0,4,68795
lm_head,1084,0,4,388215
embedding,1085,0,4,31468
input_layernorm,1085,0,4,68843
q_proj,1085,0,4,13944
k_proj,1085,0,4,8974
v_proj,1085,0,4,8670
rope,1085,0,4,39153
attn,1085,0,4,41300
o_proj,1085,0,4,13961
post_layernorm,1085,0,4,67906
gate_proj,1085,0,4,43483
up_proj,1085,0,4,42872
act_fn,1085,0,4,11189
down_proj,1085,0,4,41272
final_layernorm,1085,0,4,68724
lm_head,1085,0,4,388072
embedding,1086,0,4,31825
input_layernorm,1086,0,4,69106
q_proj,1086,0,4,14018
k_proj,1086,0,4,9112
v_proj,1086,0,4,8761
rope,1086,0,4,39396
attn,1086,0,4,42401
o_proj,1086,0,4,14025
post_layernorm,1086,0,4,68151
gate_proj,1086,0,4,43896
up_proj,1086,0,4,43001
act_fn,1086,0,4,11220
down_proj,1086,0,4,41252
final_layernorm,1086,0,4,69103
lm_head,1086,0,4,388526
embedding,1087,0,4,31728
input_layernorm,1087,0,4,69053
q_proj,1087,0,4,13945
k_proj,1087,0,4,9024
v_proj,1087,0,4,8692
rope,1087,0,4,39110
attn,1087,0,4,41838
o_proj,1087,0,4,13975
post_layernorm,1087,0,4,68021
gate_proj,1087,0,4,43586
up_proj,1087,0,4,42977
act_fn,1087,0,4,11153
down_proj,1087,0,4,41194
final_layernorm,1087,0,4,68781
lm_head,1087,0,4,387998
embedding,1088,0,4,31953
input_layernorm,1088,0,4,68984
q_proj,1088,0,4,16320
k_proj,1088,0,4,12420
v_proj,1088,0,4,11673
rope,1088,0,4,39813
attn,1088,0,4,42405
o_proj,1088,0,4,14752
post_layernorm,1088,0,4,68237
gate_proj,1088,0,4,44064
up_proj,1088,0,4,43001
act_fn,1088,0,4,11272
down_proj,1088,0,4,43333
final_layernorm,1088,0,4,68986
lm_head,1088,0,4,404111
embedding,1089,0,4,31776
input_layernorm,1089,0,4,69125
q_proj,1089,0,4,14514
k_proj,1089,0,4,9026
v_proj,1089,0,4,8704
rope,1089,0,4,39354
attn,1089,0,4,42133
o_proj,1089,0,4,14669
post_layernorm,1089,0,4,68531
gate_proj,1089,0,4,43674
up_proj,1089,0,4,42910
act_fn,1089,0,4,11200
down_proj,1089,0,4,43253
final_layernorm,1089,0,4,69038
lm_head,1089,0,4,410005
embedding,1090,0,4,31755
input_layernorm,1090,0,4,69301
q_proj,1090,0,4,14469
k_proj,1090,0,4,9036
v_proj,1090,0,4,8694
rope,1090,0,4,39229
attn,1090,0,4,42396
o_proj,1090,0,4,14654
post_layernorm,1090,0,4,68235
gate_proj,1090,0,4,43624
up_proj,1090,0,4,42924
act_fn,1090,0,4,11226
down_proj,1090,0,4,43262
final_layernorm,1090,0,4,68997
lm_head,1090,0,4,410717
embedding,1091,0,4,31723
input_layernorm,1091,0,4,69379
q_proj,1091,0,4,14541
k_proj,1091,0,4,9056
v_proj,1091,0,4,8773
rope,1091,0,4,39500
attn,1091,0,4,43513
o_proj,1091,0,4,14739
post_layernorm,1091,0,4,68420
gate_proj,1091,0,4,44020
up_proj,1091,0,4,42955
act_fn,1091,0,4,11255
down_proj,1091,0,4,43340
final_layernorm,1091,0,4,69317
lm_head,1091,0,4,411393
embedding,1092,0,4,31758
input_layernorm,1092,0,4,69304
q_proj,1092,0,4,14469
k_proj,1092,0,4,9006
v_proj,1092,0,4,8708
rope,1092,0,4,39492
attn,1092,0,4,42581
o_proj,1092,0,4,14691
post_layernorm,1092,0,4,68485
gate_proj,1092,0,4,43658
up_proj,1092,0,4,42908
act_fn,1092,0,4,11214
down_proj,1092,0,4,43226
final_layernorm,1092,0,4,68859
lm_head,1092,0,4,411054
embedding,1093,0,4,31830
input_layernorm,1093,0,4,69438
q_proj,1093,0,4,14603
k_proj,1093,0,4,9130
v_proj,1093,0,4,8807
rope,1093,0,4,39550
attn,1093,0,4,43121
o_proj,1093,0,4,14764
post_layernorm,1093,0,4,68545
gate_proj,1093,0,4,44049
up_proj,1093,0,4,43054
act_fn,1093,0,4,11291
down_proj,1093,0,4,43357
final_layernorm,1093,0,4,69298
lm_head,1093,0,4,411277
embedding,1094,0,4,31542
input_layernorm,1094,0,4,69066
q_proj,1094,0,4,14521
k_proj,1094,0,4,9074
v_proj,1094,0,4,8738
rope,1094,0,4,39222
attn,1094,0,4,43141
o_proj,1094,0,4,14690
post_layernorm,1094,0,4,68675
gate_proj,1094,0,4,43760
up_proj,1094,0,4,42935
act_fn,1094,0,4,11289
down_proj,1094,0,4,43314
final_layernorm,1094,0,4,69094
lm_head,1094,0,4,412983
embedding,1095,0,4,31429
input_layernorm,1095,0,4,69268
q_proj,1095,0,4,14510
k_proj,1095,0,4,9069
v_proj,1095,0,4,8723
rope,1095,0,4,39247
attn,1095,0,4,44322
o_proj,1095,0,4,14682
post_layernorm,1095,0,4,68412
gate_proj,1095,0,4,43746
up_proj,1095,0,4,43084
act_fn,1095,0,4,11295
down_proj,1095,0,4,43326
final_layernorm,1095,0,4,69143
lm_head,1095,0,4,410970
embedding,1096,0,4,31769
input_layernorm,1096,0,4,69546
q_proj,1096,0,4,14612
k_proj,1096,0,4,9173
v_proj,1096,0,4,8835
rope,1096,0,4,39749
attn,1096,0,4,42516
o_proj,1096,0,4,14797
post_layernorm,1096,0,4,68735
gate_proj,1096,0,4,44275
up_proj,1096,0,4,43167
act_fn,1096,0,4,11301
down_proj,1096,0,4,43453
final_layernorm,1096,0,4,69188
lm_head,1096,0,4,410809
embedding,1097,0,4,31697
input_layernorm,1097,0,4,69333
q_proj,1097,0,4,14522
k_proj,1097,0,4,9038
v_proj,1097,0,4,8748
rope,1097,0,4,39357
attn,1097,0,4,43224
o_proj,1097,0,4,14702
post_layernorm,1097,0,4,68712
gate_proj,1097,0,4,43774
up_proj,1097,0,4,42952
act_fn,1097,0,4,11250
down_proj,1097,0,4,43344
final_layernorm,1097,0,4,69447
lm_head,1097,0,4,410323
embedding,1098,0,4,31900
input_layernorm,1098,0,4,69753
q_proj,1098,0,4,14584
k_proj,1098,0,4,9130
v_proj,1098,0,4,8806
rope,1098,0,4,39536
attn,1098,0,4,43738
o_proj,1098,0,4,14768
post_layernorm,1098,0,4,69058
gate_proj,1098,0,4,44137
up_proj,1098,0,4,43183
act_fn,1098,0,4,11316
down_proj,1098,0,4,43410
final_layernorm,1098,0,4,69831
lm_head,1098,0,4,410936
embedding,1099,0,4,31900
input_layernorm,1099,0,4,69531
q_proj,1099,0,4,14511
k_proj,1099,0,4,9042
v_proj,1099,0,4,8713
rope,1099,0,4,39313
attn,1099,0,4,43148
o_proj,1099,0,4,14685
post_layernorm,1099,0,4,68609
gate_proj,1099,0,4,43660
up_proj,1099,0,4,42949
act_fn,1099,0,4,11280
down_proj,1099,0,4,43341
final_layernorm,1099,0,4,69657
lm_head,1099,0,4,409578
embedding,1100,0,4,31864
input_layernorm,1100,0,4,69805
q_proj,1100,0,4,14578
k_proj,1100,0,4,9083
v_proj,1100,0,4,8789
rope,1100,0,4,39674
attn,1100,0,4,43064
o_proj,1100,0,4,14747
post_layernorm,1100,0,4,69013
gate_proj,1100,0,4,43950
up_proj,1100,0,4,43064
act_fn,1100,0,4,11337
down_proj,1100,0,4,43407
final_layernorm,1100,0,4,69746
lm_head,1100,0,4,411001
embedding,1101,0,4,31530
input_layernorm,1101,0,4,69622
q_proj,1101,0,4,14531
k_proj,1101,0,4,9086
v_proj,1101,0,4,8717
rope,1101,0,4,39273
attn,1101,0,4,42436
o_proj,1101,0,4,14704
post_layernorm,1101,0,4,68914
gate_proj,1101,0,4,43848
up_proj,1101,0,4,43045
act_fn,1101,0,4,11376
down_proj,1101,0,4,43391
final_layernorm,1101,0,4,69670
lm_head,1101,0,4,409996
embedding,1102,0,4,31924
input_layernorm,1102,0,4,69860
q_proj,1102,0,4,14596
k_proj,1102,0,4,9117
v_proj,1102,0,4,8771
rope,1102,0,4,39525
attn,1102,0,4,43122
o_proj,1102,0,4,14746
post_layernorm,1102,0,4,69254
gate_proj,1102,0,4,44124
up_proj,1102,0,4,43172
act_fn,1102,0,4,11362
down_proj,1102,0,4,43476
final_layernorm,1102,0,4,69497
lm_head,1102,0,4,411303
embedding,1103,0,4,32070
input_layernorm,1103,0,4,70038
q_proj,1103,0,4,14639
k_proj,1103,0,4,9173
v_proj,1103,0,4,8809
rope,1103,0,4,39625
attn,1103,0,4,43180
o_proj,1103,0,4,14794
post_layernorm,1103,0,4,69302
gate_proj,1103,0,4,44326
up_proj,1103,0,4,43232
act_fn,1103,0,4,11338
down_proj,1103,0,4,43426
final_layernorm,1103,0,4,70023
lm_head,1103,0,4,411910
embedding,1104,0,4,31692
input_layernorm,1104,0,4,69471
q_proj,1104,0,4,14552
k_proj,1104,0,4,9095
v_proj,1104,0,4,8724
rope,1104,0,4,39466
attn,1104,0,4,43113
o_proj,1104,0,4,14724
post_layernorm,1104,0,4,68876
gate_proj,1104,0,4,43763
up_proj,1104,0,4,43174
act_fn,1104,0,4,11395
down_proj,1104,0,4,43389
final_layernorm,1104,0,4,69338
lm_head,1104,0,4,411021
embedding,1105,0,4,31775
input_layernorm,1105,0,4,70110
q_proj,1105,0,4,14582
k_proj,1105,0,4,9031
v_proj,1105,0,4,8724
rope,1105,0,4,39485
attn,1105,0,4,42856
o_proj,1105,0,4,14741
post_layernorm,1105,0,4,69373
gate_proj,1105,0,4,44035
up_proj,1105,0,4,43112
act_fn,1105,0,4,11396
down_proj,1105,0,4,43449
final_layernorm,1105,0,4,70024
lm_head,1105,0,4,410878
embedding,1106,0,4,31714
input_layernorm,1106,0,4,69919
q_proj,1106,0,4,14528
k_proj,1106,0,4,8962
v_proj,1106,0,4,8652
rope,1106,0,4,39445
attn,1106,0,4,43816
o_proj,1106,0,4,14715
post_layernorm,1106,0,4,69054
gate_proj,1106,0,4,43658
up_proj,1106,0,4,43141
act_fn,1106,0,4,11343
down_proj,1106,0,4,43400
final_layernorm,1106,0,4,69961
lm_head,1106,0,4,410249
embedding,1107,0,4,31817
input_layernorm,1107,0,4,70358
q_proj,1107,0,4,14581
k_proj,1107,0,4,9009
v_proj,1107,0,4,8678
rope,1107,0,4,39455
attn,1107,0,4,43388
o_proj,1107,0,4,14757
post_layernorm,1107,0,4,69014
gate_proj,1107,0,4,43956
up_proj,1107,0,4,43162
act_fn,1107,0,4,11396
down_proj,1107,0,4,43463
final_layernorm,1107,0,4,69821
lm_head,1107,0,4,411961
embedding,1108,0,4,31979
input_layernorm,1108,0,4,70105
q_proj,1108,0,4,14559
k_proj,1108,0,4,8968
v_proj,1108,0,4,8658
rope,1108,0,4,39623
attn,1108,0,4,43442
o_proj,1108,0,4,14725
post_layernorm,1108,0,4,69272
gate_proj,1108,0,4,43722
up_proj,1108,0,4,43084
act_fn,1108,0,4,11405
down_proj,1108,0,4,43427
final_layernorm,1108,0,4,70163
lm_head,1108,0,4,410960
embedding,1109,0,4,31604
input_layernorm,1109,0,4,70034
q_proj,1109,0,4,14527
k_proj,1109,0,4,8933
v_proj,1109,0,4,8659
rope,1109,0,4,39358
attn,1109,0,4,43637
o_proj,1109,0,4,14694
post_layernorm,1109,0,4,69436
gate_proj,1109,0,4,43675
up_proj,1109,0,4,43176
act_fn,1109,0,4,11408
down_proj,1109,0,4,43405
final_layernorm,1109,0,4,70087
lm_head,1109,0,4,410917
embedding,1110,0,4,31970
input_layernorm,1110,0,4,70245
q_proj,1110,0,4,14632
k_proj,1110,0,4,9044
v_proj,1110,0,4,8771
rope,1110,0,4,39719
attn,1110,0,4,44530
o_proj,1110,0,4,14799
post_layernorm,1110,0,4,69681
gate_proj,1110,0,4,44151
up_proj,1110,0,4,43173
act_fn,1110,0,4,11468
down_proj,1110,0,4,43575
final_layernorm,1110,0,4,70492
lm_head,1110,0,4,412128
embedding,1111,0,4,31957
input_layernorm,1111,0,4,70306
q_proj,1111,0,4,14558
k_proj,1111,0,4,8984
v_proj,1111,0,4,8652
rope,1111,0,4,39512
attn,1111,0,4,43913
o_proj,1111,0,4,14730
post_layernorm,1111,0,4,69416
gate_proj,1111,0,4,43834
up_proj,1111,0,4,43089
act_fn,1111,0,4,11445
down_proj,1111,0,4,43438
final_layernorm,1111,0,4,70194
lm_head,1111,0,4,410472
embedding,1112,0,4,31895
input_layernorm,1112,0,4,70384
q_proj,1112,0,4,14627
k_proj,1112,0,4,8139
v_proj,1112,0,4,7772
rope,1112,0,4,39852
attn,1112,0,4,43334
o_proj,1112,0,4,14819
post_layernorm,1112,0,4,69391
gate_proj,1112,0,4,44221
up_proj,1112,0,4,43204
act_fn,1112,0,4,11489
down_proj,1112,0,4,43510
final_layernorm,1112,0,4,70259
lm_head,1112,0,4,411582
embedding,1113,0,4,31774
input_layernorm,1113,0,4,70570
q_proj,1113,0,4,14558
k_proj,1113,0,4,9007
v_proj,1113,0,4,8619
rope,1113,0,4,39492
attn,1113,0,4,44110
o_proj,1113,0,4,14741
post_layernorm,1113,0,4,69547
gate_proj,1113,0,4,43842
up_proj,1113,0,4,43146
act_fn,1113,0,4,11458
down_proj,1113,0,4,43461
final_layernorm,1113,0,4,70533
lm_head,1113,0,4,411031
embedding,1114,0,4,31724
input_layernorm,1114,0,4,70781
q_proj,1114,0,4,14564
k_proj,1114,0,4,8957
v_proj,1114,0,4,8621
rope,1114,0,4,39510
attn,1114,0,4,42427
o_proj,1114,0,4,14713
post_layernorm,1114,0,4,69589
gate_proj,1114,0,4,43640
up_proj,1114,0,4,43200
act_fn,1114,0,4,11450
down_proj,1114,0,4,43462
final_layernorm,1114,0,4,70414
lm_head,1114,0,4,411100
embedding,1115,0,4,31870
input_layernorm,1115,0,4,70440
q_proj,1115,0,4,14541
k_proj,1115,0,4,8935
v_proj,1115,0,4,8610
rope,1115,0,4,39380
attn,1115,0,4,42777
o_proj,1115,0,4,14724
post_layernorm,1115,0,4,69466
gate_proj,1115,0,4,43694
up_proj,1115,0,4,43174
act_fn,1115,0,4,11490
down_proj,1115,0,4,43482
final_layernorm,1115,0,4,70544
lm_head,1115,0,4,411281
embedding,1116,0,4,32301
input_layernorm,1116,0,4,71289
q_proj,1116,0,4,14725
k_proj,1116,0,4,9172
v_proj,1116,0,4,8769
rope,1116,0,4,40231
attn,1116,0,4,43552
o_proj,1116,0,4,14877
post_layernorm,1116,0,4,70488
gate_proj,1116,0,4,44647
up_proj,1116,0,4,43340
act_fn,1116,0,4,11623
down_proj,1116,0,4,43619
final_layernorm,1116,0,4,71104
lm_head,1116,0,4,412590
embedding,1117,0,4,32090
input_layernorm,1117,0,4,70539
q_proj,1117,0,4,14550
k_proj,1117,0,4,8978
v_proj,1117,0,4,8606
rope,1117,0,4,39438
attn,1117,0,4,42893
o_proj,1117,0,4,14735
post_layernorm,1117,0,4,69631
gate_proj,1117,0,4,43768
up_proj,1117,0,4,43201
act_fn,1117,0,4,11495
down_proj,1117,0,4,43501
final_layernorm,1117,0,4,70683
lm_head,1117,0,4,411564
embedding,1118,0,4,32046
input_layernorm,1118,0,4,70891
q_proj,1118,0,4,14582
k_proj,1118,0,4,8997
v_proj,1118,0,4,8627
rope,1118,0,4,39565
attn,1118,0,4,42342
o_proj,1118,0,4,14751
post_layernorm,1118,0,4,70153
gate_proj,1118,0,4,43907
up_proj,1118,0,4,43247
act_fn,1118,0,4,11521
down_proj,1118,0,4,43515
final_layernorm,1118,0,4,70716
lm_head,1118,0,4,411520
embedding,1119,0,4,32127
input_layernorm,1119,0,4,70684
q_proj,1119,0,4,14544
k_proj,1119,0,4,8931
v_proj,1119,0,4,8579
rope,1119,0,4,39464
attn,1119,0,4,43122
o_proj,1119,0,4,14696
post_layernorm,1119,0,4,69687
gate_proj,1119,0,4,43670
up_proj,1119,0,4,43234
act_fn,1119,0,4,11578
down_proj,1119,0,4,43463
final_layernorm,1119,0,4,70413
lm_head,1119,0,4,411428
embedding,1120,0,4,32196
input_layernorm,1120,0,4,70560
q_proj,1120,0,4,14550
k_proj,1120,0,4,8022
v_proj,1120,0,4,7661
rope,1120,0,4,39604
attn,1120,0,4,43278
o_proj,1120,0,4,14735
post_layernorm,1120,0,4,69540
gate_proj,1120,0,4,43735
up_proj,1120,0,4,43272
act_fn,1120,0,4,11582
down_proj,1120,0,4,43472
final_layernorm,1120,0,4,70013
lm_head,1120,0,4,411695
embedding,1121,0,4,33120
input_layernorm,1121,0,4,71085
q_proj,1121,0,4,14588
k_proj,1121,0,4,9806
v_proj,1121,0,4,10028
rope,1121,0,4,39601
attn,1121,0,4,43227
o_proj,1121,0,4,14743
post_layernorm,1121,0,4,69913
gate_proj,1121,0,4,47565
up_proj,1121,0,4,45689
act_fn,1121,0,4,11732
down_proj,1121,0,4,43433
final_layernorm,1121,0,4,70640
lm_head,1121,0,4,407342
embedding,1122,0,4,32997
input_layernorm,1122,0,4,70943
q_proj,1122,0,4,14546
k_proj,1122,0,4,9775
v_proj,1122,0,4,9908
rope,1122,0,4,39445
attn,1122,0,4,42455
o_proj,1122,0,4,14701
post_layernorm,1122,0,4,69692
gate_proj,1122,0,4,47278
up_proj,1122,0,4,45668
act_fn,1122,0,4,11791
down_proj,1122,0,4,43436
final_layernorm,1122,0,4,70497
lm_head,1122,0,4,407236
embedding,1123,0,4,32874
input_layernorm,1123,0,4,71144
q_proj,1123,0,4,14658
k_proj,1123,0,4,9827
v_proj,1123,0,4,10067
rope,1123,0,4,39849
attn,1123,0,4,44229
o_proj,1123,0,4,14835
post_layernorm,1123,0,4,70248
gate_proj,1123,0,4,47851
up_proj,1123,0,4,45875
act_fn,1123,0,4,11774
down_proj,1123,0,4,43504
final_layernorm,1123,0,4,71137
lm_head,1123,0,4,407755
embedding,1124,0,4,33115
input_layernorm,1124,0,4,71459
q_proj,1124,0,4,14680
k_proj,1124,0,4,9607
v_proj,1124,0,4,9799
rope,1124,0,4,40085
attn,1124,0,4,42431
o_proj,1124,0,4,14840
post_layernorm,1124,0,4,70468
gate_proj,1124,0,4,47951
up_proj,1124,0,4,45905
act_fn,1124,0,4,11806
down_proj,1124,0,4,43558
final_layernorm,1124,0,4,71481
lm_head,1124,0,4,408236
embedding,1125,0,4,32854
input_layernorm,1125,0,4,70910
q_proj,1125,0,4,14594
k_proj,1125,0,4,9649
v_proj,1125,0,4,9879
rope,1125,0,4,39572
attn,1125,0,4,42005
o_proj,1125,0,4,14731
post_layernorm,1125,0,4,69872
gate_proj,1125,0,4,47389
up_proj,1125,0,4,45654
act_fn,1125,0,4,11793
down_proj,1125,0,4,43455
final_layernorm,1125,0,4,70882
lm_head,1125,0,4,407611
embedding,1126,0,4,33314
input_layernorm,1126,0,4,71486
q_proj,1126,0,4,14670
k_proj,1126,0,4,9835
v_proj,1126,0,4,9998
rope,1126,0,4,39975
attn,1126,0,4,43515
o_proj,1126,0,4,14845
post_layernorm,1126,0,4,70555
gate_proj,1126,0,4,47872
up_proj,1126,0,4,45812
act_fn,1126,0,4,11813
down_proj,1126,0,4,43553
final_layernorm,1126,0,4,71654
lm_head,1126,0,4,407757
embedding,1127,0,4,33162
input_layernorm,1127,0,4,71436
q_proj,1127,0,4,14627
k_proj,1127,0,4,9774
v_proj,1127,0,4,10047
rope,1127,0,4,39734
attn,1127,0,4,43557
o_proj,1127,0,4,14787
post_layernorm,1127,0,4,70358
gate_proj,1127,0,4,47686
up_proj,1127,0,4,45784
act_fn,1127,0,4,11886
down_proj,1127,0,4,43498
final_layernorm,1127,0,4,71231
lm_head,1127,0,4,407549
embedding,1128,0,4,32857
input_layernorm,1128,0,4,71030
q_proj,1128,0,4,14576
k_proj,1128,0,4,9517
v_proj,1128,0,4,9782
rope,1128,0,4,39862
attn,1128,0,4,43920
o_proj,1128,0,4,14762
post_layernorm,1128,0,4,70073
gate_proj,1128,0,4,47387
up_proj,1128,0,4,45706
act_fn,1128,0,4,11867
down_proj,1128,0,4,43511
final_layernorm,1128,0,4,71070
lm_head,1128,0,4,406889
embedding,1129,0,4,32982
input_layernorm,1129,0,4,71593
q_proj,1129,0,4,14676
k_proj,1129,0,4,9566
v_proj,1129,0,4,9814
rope,1129,0,4,39911
attn,1129,0,4,43112
o_proj,1129,0,4,14844
post_layernorm,1129,0,4,70697
gate_proj,1129,0,4,47917
up_proj,1129,0,4,45839
act_fn,1129,0,4,11826
down_proj,1129,0,4,43606
final_layernorm,1129,0,4,71646
lm_head,1129,0,4,407527
embedding,1130,0,4,33082
input_layernorm,1130,0,4,71151
q_proj,1130,0,4,14550
k_proj,1130,0,4,9469
v_proj,1130,0,4,9710
rope,1130,0,4,39479
attn,1130,0,4,42754
o_proj,1130,0,4,14695
post_layernorm,1130,0,4,70105
gate_proj,1130,0,4,47038
up_proj,1130,0,4,45558
act_fn,1130,0,4,11853
down_proj,1130,0,4,43456
final_layernorm,1130,0,4,71168
lm_head,1130,0,4,407169
embedding,1131,0,4,32799
input_layernorm,1131,0,4,71414
q_proj,1131,0,4,14611
k_proj,1131,0,4,9491
v_proj,1131,0,4,9758
rope,1131,0,4,39761
attn,1131,0,4,43683
o_proj,1131,0,4,14783
post_layernorm,1131,0,4,70569
gate_proj,1131,0,4,47540
up_proj,1131,0,4,45736
act_fn,1131,0,4,11987
down_proj,1131,0,4,43508
final_layernorm,1131,0,4,71657
lm_head,1131,0,4,407570
embedding,1132,0,4,32631
input_layernorm,1132,0,4,71442
q_proj,1132,0,4,14557
k_proj,1132,0,4,9510
v_proj,1132,0,4,9713
rope,1132,0,4,39791
attn,1132,0,4,43254
o_proj,1132,0,4,14728
post_layernorm,1132,0,4,70332
gate_proj,1132,0,4,47289
up_proj,1132,0,4,45636
act_fn,1132,0,4,11909
down_proj,1132,0,4,43566
final_layernorm,1132,0,4,71547
lm_head,1132,0,4,407548
embedding,1133,0,4,32864
input_layernorm,1133,0,4,71496
q_proj,1133,0,4,14612
k_proj,1133,0,4,9596
v_proj,1133,0,4,9793
rope,1133,0,4,39769
attn,1133,0,4,43041
o_proj,1133,0,4,14753
post_layernorm,1133,0,4,70510
gate_proj,1133,0,4,47537
up_proj,1133,0,4,45760
act_fn,1133,0,4,11965
down_proj,1133,0,4,43536
final_layernorm,1133,0,4,71590
lm_head,1133,0,4,407653
embedding,1134,0,4,33085
input_layernorm,1134,0,4,71546
q_proj,1134,0,4,14567
k_proj,1134,0,4,9387
v_proj,1134,0,4,9772
rope,1134,0,4,39612
attn,1134,0,4,44112
o_proj,1134,0,4,14726
post_layernorm,1134,0,4,70368
gate_proj,1134,0,4,47221
up_proj,1134,0,4,45632
act_fn,1134,0,4,11937
down_proj,1134,0,4,43540
final_layernorm,1134,0,4,71632
lm_head,1134,0,4,407719
embedding,1135,0,4,33011
input_layernorm,1135,0,4,71560
q_proj,1135,0,4,14564
k_proj,1135,0,4,9465
v_proj,1135,0,4,9704
rope,1135,0,4,39621
attn,1135,0,4,42269
o_proj,1135,0,4,14724
post_layernorm,1135,0,4,70269
gate_proj,1135,0,4,47231
up_proj,1135,0,4,45724
act_fn,1135,0,4,11960
down_proj,1135,0,4,43459
final_layernorm,1135,0,4,71501
lm_head,1135,0,4,407378
embedding,1136,0,4,32996
input_layernorm,1136,0,4,71649
q_proj,1136,0,4,14640
k_proj,1136,0,4,9307
v_proj,1136,0,4,9634
rope,1136,0,4,40149
attn,1136,0,4,43587
o_proj,1136,0,4,14807
post_layernorm,1136,0,4,70438
gate_proj,1136,0,4,47696
up_proj,1136,0,4,45789
act_fn,1136,0,4,11967
down_proj,1136,0,4,43560
final_layernorm,1136,0,4,71879
lm_head,1136,0,4,407551
embedding,1137,0,4,32639
input_layernorm,1137,0,4,71447
q_proj,1137,0,4,14524
k_proj,1137,0,4,9179
v_proj,1137,0,4,9524
rope,1137,0,4,39579
attn,1137,0,4,43351
o_proj,1137,0,4,14712
post_layernorm,1137,0,4,70321
gate_proj,1137,0,4,47007
up_proj,1137,0,4,45688
act_fn,1137,0,4,11988
down_proj,1137,0,4,43511
final_layernorm,1137,0,4,71472
lm_head,1137,0,4,407647
embedding,1138,0,4,33057
input_layernorm,1138,0,4,71882
q_proj,1138,0,4,14632
k_proj,1138,0,4,9215
v_proj,1138,0,4,9533
rope,1138,0,4,39935
attn,1138,0,4,42875
o_proj,1138,0,4,14808
post_layernorm,1138,0,4,70701
gate_proj,1138,0,4,47542
up_proj,1138,0,4,45869
act_fn,1138,0,4,12020
down_proj,1138,0,4,43601
final_layernorm,1138,0,4,72224
lm_head,1138,0,4,408524
embedding,1139,0,4,32926
input_layernorm,1139,0,4,71977
q_proj,1139,0,4,14628
k_proj,1139,0,4,9196
v_proj,1139,0,4,9486
rope,1139,0,4,39787
attn,1139,0,4,42950
o_proj,1139,0,4,14768
post_layernorm,1139,0,4,70475
gate_proj,1139,0,4,47380
up_proj,1139,0,4,45866
act_fn,1139,0,4,12018
down_proj,1139,0,4,43564
final_layernorm,1139,0,4,72246
lm_head,1139,0,4,408289
embedding,1140,0,4,33083
input_layernorm,1140,0,4,72337
q_proj,1140,0,4,14653
k_proj,1140,0,4,9202
v_proj,1140,0,4,9444
rope,1140,0,4,40156
attn,1140,0,4,42771
o_proj,1140,0,4,14812
post_layernorm,1140,0,4,70889
gate_proj,1140,0,4,47684
up_proj,1140,0,4,45854
act_fn,1140,0,4,12060
down_proj,1140,0,4,43626
final_layernorm,1140,0,4,72516
lm_head,1140,0,4,408447
embedding,1141,0,4,33111
input_layernorm,1141,0,4,72049
q_proj,1141,0,4,14690
k_proj,1141,0,4,9083
v_proj,1141,0,4,9470
rope,1141,0,4,40271
attn,1141,0,4,43682
o_proj,1141,0,4,14870
post_layernorm,1141,0,4,71094
gate_proj,1141,0,4,47879
up_proj,1141,0,4,45980
act_fn,1141,0,4,12031
down_proj,1141,0,4,43676
final_layernorm,1141,0,4,72725
lm_head,1141,0,4,409179
embedding,1142,0,4,32879
input_layernorm,1142,0,4,71916
q_proj,1142,0,4,14595
k_proj,1142,0,4,9124
v_proj,1142,0,4,9460
rope,1142,0,4,39980
attn,1142,0,4,41668
o_proj,1142,0,4,14740
post_layernorm,1142,0,4,70514
gate_proj,1142,0,4,47221
up_proj,1142,0,4,45624
act_fn,1142,0,4,12107
down_proj,1142,0,4,43567
final_layernorm,1142,0,4,72080
lm_head,1142,0,4,408463
embedding,1143,0,4,33062
input_layernorm,1143,0,4,72101
q_proj,1143,0,4,14603
k_proj,1143,0,4,9062
v_proj,1143,0,4,9294
rope,1143,0,4,40052
attn,1143,0,4,42850
o_proj,1143,0,4,14774
post_layernorm,1143,0,4,70920
gate_proj,1143,0,4,47454
up_proj,1143,0,4,45815
act_fn,1143,0,4,12117
down_proj,1143,0,4,43612
final_layernorm,1143,0,4,72174
lm_head,1143,0,4,408256
embedding,1144,0,4,33225
input_layernorm,1144,0,4,71929
q_proj,1144,0,4,14603
k_proj,1144,0,4,8954
v_proj,1144,0,4,9250
rope,1144,0,4,40266
attn,1144,0,4,43319
o_proj,1144,0,4,14783
post_layernorm,1144,0,4,70488
gate_proj,1144,0,4,47288
up_proj,1144,0,4,45774
act_fn,1144,0,4,12105
down_proj,1144,0,4,43613
final_layernorm,1144,0,4,71968
lm_head,1144,0,4,408036
embedding,1145,0,4,33061
input_layernorm,1145,0,4,72485
q_proj,1145,0,4,14623
k_proj,1145,0,4,8957
v_proj,1145,0,4,9295
rope,1145,0,4,40099
attn,1145,0,4,42259
o_proj,1145,0,4,14775
post_layernorm,1145,0,4,70915
gate_proj,1145,0,4,47487
up_proj,1145,0,4,45805
act_fn,1145,0,4,12102
down_proj,1145,0,4,43615
final_layernorm,1145,0,4,72536
lm_head,1145,0,4,408794
embedding,1146,0,4,32907
input_layernorm,1146,0,4,72129
q_proj,1146,0,4,14608
k_proj,1146,0,4,8914
v_proj,1146,0,4,9211
rope,1146,0,4,40156
attn,1146,0,4,43762
o_proj,1146,0,4,14777
post_layernorm,1146,0,4,70891
gate_proj,1146,0,4,47375
up_proj,1146,0,4,45803
act_fn,1146,0,4,12128
down_proj,1146,0,4,43621
final_layernorm,1146,0,4,72661
lm_head,1146,0,4,408441
embedding,1147,0,4,33210
input_layernorm,1147,0,4,72753
q_proj,1147,0,4,14720
k_proj,1147,0,4,8957
v_proj,1147,0,4,9275
rope,1147,0,4,40647
attn,1147,0,4,44151
o_proj,1147,0,4,14881
post_layernorm,1147,0,4,71597
gate_proj,1147,0,4,47875
up_proj,1147,0,4,45951
act_fn,1147,0,4,12164
down_proj,1147,0,4,43710
final_layernorm,1147,0,4,72794
lm_head,1147,0,4,408972
embedding,1148,0,4,33400
input_layernorm,1148,0,4,72414
q_proj,1148,0,4,14628
k_proj,1148,0,4,9000
v_proj,1148,0,4,9265
rope,1148,0,4,40428
attn,1148,0,4,42516
o_proj,1148,0,4,14807
post_layernorm,1148,0,4,71241
gate_proj,1148,0,4,47431
up_proj,1148,0,4,45808
act_fn,1148,0,4,12161
down_proj,1148,0,4,43632
final_layernorm,1148,0,4,72623
lm_head,1148,0,4,408403
embedding,1149,0,4,33180
input_layernorm,1149,0,4,72658
q_proj,1149,0,4,14691
k_proj,1149,0,4,9005
v_proj,1149,0,4,9251
rope,1149,0,4,40619
attn,1149,0,4,44171
o_proj,1149,0,4,14893
post_layernorm,1149,0,4,71600
gate_proj,1149,0,4,47895
up_proj,1149,0,4,45995
act_fn,1149,0,4,12169
down_proj,1149,0,4,43730
final_layernorm,1149,0,4,73160
lm_head,1149,0,4,408931
embedding,1150,0,4,33068
input_layernorm,1150,0,4,72828
q_proj,1150,0,4,14691
k_proj,1150,0,4,8965
v_proj,1150,0,4,9209
rope,1150,0,4,40447
attn,1150,0,4,43554
o_proj,1150,0,4,14846
post_layernorm,1150,0,4,71336
gate_proj,1150,0,4,47676
up_proj,1150,0,4,45913
act_fn,1150,0,4,12225
down_proj,1150,0,4,43709
final_layernorm,1150,0,4,73104
lm_head,1150,0,4,409387
embedding,1151,0,4,33125
input_layernorm,1151,0,4,72936
q_proj,1151,0,4,14645
k_proj,1151,0,4,8817
v_proj,1151,0,4,9177
rope,1151,0,4,40417
attn,1151,0,4,42946
o_proj,1151,0,4,14815
post_layernorm,1151,0,4,71518
gate_proj,1151,0,4,47650
up_proj,1151,0,4,45830
act_fn,1151,0,4,12208
down_proj,1151,0,4,43688
final_layernorm,1151,0,4,73158
lm_head,1151,0,4,409362
embedding,1152,0,4,33229
input_layernorm,1152,0,4,72494
q_proj,1152,0,4,16317
k_proj,1152,0,4,10771
v_proj,1152,0,4,10793
rope,1152,0,4,40429
attn,1152,0,4,37618
o_proj,1152,0,4,14826
post_layernorm,1152,0,4,71043
gate_proj,1152,0,4,47584
up_proj,1152,0,4,45831
act_fn,1152,0,4,12217
down_proj,1152,0,4,43722
final_layernorm,1152,0,4,72755
lm_head,1152,0,4,408815
embedding,1153,0,4,33512
input_layernorm,1153,0,4,72150
q_proj,1153,0,4,15179
k_proj,1153,0,4,9321
v_proj,1153,0,4,8996
rope,1153,0,4,40268
attn,1153,0,4,46667
o_proj,1153,0,4,15203
post_layernorm,1153,0,4,71781
gate_proj,1153,0,4,45710
up_proj,1153,0,4,44677
act_fn,1153,0,4,12023
down_proj,1153,0,4,45060
final_layernorm,1153,0,4,76306
lm_head,1153,0,4,394722
embedding,1154,0,4,33949
input_layernorm,1154,0,4,72697
q_proj,1154,0,4,15272
k_proj,1154,0,4,9421
v_proj,1154,0,4,9065
rope,1154,0,4,40780
attn,1154,0,4,47432
o_proj,1154,0,4,15314
post_layernorm,1154,0,4,72293
gate_proj,1154,0,4,46422
up_proj,1154,0,4,44885
act_fn,1154,0,4,12054
down_proj,1154,0,4,45191
final_layernorm,1154,0,4,76836
lm_head,1154,0,4,395462
embedding,1155,0,4,34010
input_layernorm,1155,0,4,72705
q_proj,1155,0,4,15275
k_proj,1155,0,4,9431
v_proj,1155,0,4,9076
rope,1155,0,4,40662
attn,1155,0,4,47200
o_proj,1155,0,4,15315
post_layernorm,1155,0,4,72311
gate_proj,1155,0,4,46330
up_proj,1155,0,4,44788
act_fn,1155,0,4,12095
down_proj,1155,0,4,45179
final_layernorm,1155,0,4,77043
lm_head,1155,0,4,395772
embedding,1156,0,4,33390
input_layernorm,1156,0,4,72422
q_proj,1156,0,4,15159
k_proj,1156,0,4,9277
v_proj,1156,0,4,8908
rope,1156,0,4,40383
attn,1156,0,4,46499
o_proj,1156,0,4,15186
post_layernorm,1156,0,4,71889
gate_proj,1156,0,4,45707
up_proj,1156,0,4,44793
act_fn,1156,0,4,12029
down_proj,1156,0,4,45072
final_layernorm,1156,0,4,76580
lm_head,1156,0,4,394220
embedding,1157,0,4,34157
input_layernorm,1157,0,4,72820
q_proj,1157,0,4,15301
k_proj,1157,0,4,9446
v_proj,1157,0,4,9082
rope,1157,0,4,40870
attn,1157,0,4,47385
o_proj,1157,0,4,15322
post_layernorm,1157,0,4,72714
gate_proj,1157,0,4,46385
up_proj,1157,0,4,44852
act_fn,1157,0,4,12080
down_proj,1157,0,4,45233
final_layernorm,1157,0,4,77136
lm_head,1157,0,4,395265
embedding,1158,0,4,33807
input_layernorm,1158,0,4,72520
q_proj,1158,0,4,15166
k_proj,1158,0,4,9317
v_proj,1158,0,4,8949
rope,1158,0,4,40457
attn,1158,0,4,46892
o_proj,1158,0,4,15193
post_layernorm,1158,0,4,72328
gate_proj,1158,0,4,45757
up_proj,1158,0,4,44676
act_fn,1158,0,4,11992
down_proj,1158,0,4,45129
final_layernorm,1158,0,4,76544
lm_head,1158,0,4,394847
embedding,1159,0,4,33924
input_layernorm,1159,0,4,72663
q_proj,1159,0,4,15232
k_proj,1159,0,4,9372
v_proj,1159,0,4,9023
rope,1159,0,4,40562
attn,1159,0,4,47103
o_proj,1159,0,4,15265
post_layernorm,1159,0,4,72526
gate_proj,1159,0,4,46018
up_proj,1159,0,4,44797
act_fn,1159,0,4,12121
down_proj,1159,0,4,45271
final_layernorm,1159,0,4,76878
lm_head,1159,0,4,395231
embedding,1160,0,4,33810
input_layernorm,1160,0,4,72825
q_proj,1160,0,4,15299
k_proj,1160,0,4,9574
v_proj,1160,0,4,9380
rope,1160,0,4,41028
attn,1160,0,4,47539
o_proj,1160,0,4,15323
post_layernorm,1160,0,4,72815
gate_proj,1160,0,4,46401
up_proj,1160,0,4,44862
act_fn,1160,0,4,12187
down_proj,1160,0,4,45299
final_layernorm,1160,0,4,77012
lm_head,1160,0,4,395929
embedding,1161,0,4,33824
input_layernorm,1161,0,4,73041
q_proj,1161,0,4,15202
k_proj,1161,0,4,8151
v_proj,1161,0,4,7523
rope,1161,0,4,40429
attn,1161,0,4,47091
o_proj,1161,0,4,15238
post_layernorm,1161,0,4,72649
gate_proj,1161,0,4,45935
up_proj,1161,0,4,44823
act_fn,1161,0,4,12079
down_proj,1161,0,4,45214
final_layernorm,1161,0,4,77131
lm_head,1161,0,4,403322
embedding,1162,0,4,33772
input_layernorm,1162,0,4,73056
q_proj,1162,0,4,15212
k_proj,1162,0,4,8257
v_proj,1162,0,4,7523
rope,1162,0,4,40474
attn,1162,0,4,46771
o_proj,1162,0,4,15221
post_layernorm,1162,0,4,72939
gate_proj,1162,0,4,45910
up_proj,1162,0,4,44696
act_fn,1162,0,4,12130
down_proj,1162,0,4,45148
final_layernorm,1162,0,4,77124
lm_head,1162,0,4,404217
embedding,1163,0,4,33860
input_layernorm,1163,0,4,73228
q_proj,1163,0,4,15187
k_proj,1163,0,4,8172
v_proj,1163,0,4,7513
rope,1163,0,4,40459
attn,1163,0,4,46819
o_proj,1163,0,4,15205
post_layernorm,1163,0,4,72811
gate_proj,1163,0,4,45772
up_proj,1163,0,4,44795
act_fn,1163,0,4,12114
down_proj,1163,0,4,45169
final_layernorm,1163,0,4,77133
lm_head,1163,0,4,403663
embedding,1164,0,4,33985
input_layernorm,1164,0,4,73410
q_proj,1164,0,4,15209
k_proj,1164,0,4,8206
v_proj,1164,0,4,7833
rope,1164,0,4,40683
attn,1164,0,4,46756
o_proj,1164,0,4,15229
post_layernorm,1164,0,4,73170
gate_proj,1164,0,4,45843
up_proj,1164,0,4,44831
act_fn,1164,0,4,12130
down_proj,1164,0,4,45214
final_layernorm,1164,0,4,77226
lm_head,1164,0,4,404026
embedding,1165,0,4,33683
input_layernorm,1165,0,4,73271
q_proj,1165,0,4,15200
k_proj,1165,0,4,8222
v_proj,1165,0,4,7511
rope,1165,0,4,40397
attn,1165,0,4,46790
o_proj,1165,0,4,15206
post_layernorm,1165,0,4,72867
gate_proj,1165,0,4,45763
up_proj,1165,0,4,44802
act_fn,1165,0,4,12130
down_proj,1165,0,4,45167
final_layernorm,1165,0,4,77159
lm_head,1165,0,4,403293
embedding,1166,0,4,33829
input_layernorm,1166,0,4,73538
q_proj,1166,0,4,15261
k_proj,1166,0,4,8282
v_proj,1166,0,4,7568
rope,1166,0,4,40728
attn,1166,0,4,46916
o_proj,1166,0,4,15294
post_layernorm,1166,0,4,73339
gate_proj,1166,0,4,46181
up_proj,1166,0,4,44886
act_fn,1166,0,4,12228
down_proj,1166,0,4,45400
final_layernorm,1166,0,4,77221
lm_head,1166,0,4,404439
embedding,1167,0,4,33509
input_layernorm,1167,0,4,73635
q_proj,1167,0,4,15191
k_proj,1167,0,4,8133
v_proj,1167,0,4,7751
rope,1167,0,4,40478
attn,1167,0,4,46877
o_proj,1167,0,4,15225
post_layernorm,1167,0,4,73308
gate_proj,1167,0,4,45797
up_proj,1167,0,4,44873
act_fn,1167,0,4,12222
down_proj,1167,0,4,45235
final_layernorm,1167,0,4,77297
lm_head,1167,0,4,403943
embedding,1168,0,4,33869
input_layernorm,1168,0,4,73355
q_proj,1168,0,4,15270
k_proj,1168,0,4,8215
v_proj,1168,0,4,7569
rope,1168,0,4,40877
attn,1168,0,4,47165
o_proj,1168,0,4,15308
post_layernorm,1168,0,4,73431
gate_proj,1168,0,4,48222
up_proj,1168,0,4,46573
act_fn,1168,0,4,12199
down_proj,1168,0,4,45034
final_layernorm,1168,0,4,77311
lm_head,1168,0,4,405071
embedding,1169,0,4,33977
input_layernorm,1169,0,4,73395
q_proj,1169,0,4,15159
k_proj,1169,0,4,8148
v_proj,1169,0,4,7473
rope,1169,0,4,40445
attn,1169,0,4,46877
o_proj,1169,0,4,15203
post_layernorm,1169,0,4,73244
gate_proj,1169,0,4,45625
up_proj,1169,0,4,44793
act_fn,1169,0,4,12229
down_proj,1169,0,4,45211
final_layernorm,1169,0,4,77378
lm_head,1169,0,4,404243
embedding,1170,0,4,33609
input_layernorm,1170,0,4,73572
q_proj,1170,0,4,15216
k_proj,1170,0,4,8180
v_proj,1170,0,4,7495
rope,1170,0,4,40579
attn,1170,0,4,46977
o_proj,1170,0,4,15239
post_layernorm,1170,0,4,73517
gate_proj,1170,0,4,45955
up_proj,1170,0,4,44828
act_fn,1170,0,4,12213
down_proj,1170,0,4,45296
final_layernorm,1170,0,4,77519
lm_head,1170,0,4,405209
embedding,1171,0,4,33993
input_layernorm,1171,0,4,74179
q_proj,1171,0,4,15242
k_proj,1171,0,4,8272
v_proj,1171,0,4,7545
rope,1171,0,4,40698
attn,1171,0,4,46804
o_proj,1171,0,4,15411
post_layernorm,1171,0,4,73698
gate_proj,1171,0,4,46208
up_proj,1171,0,4,44848
act_fn,1171,0,4,12279
down_proj,1171,0,4,45229
final_layernorm,1171,0,4,74523
lm_head,1171,0,4,405486
embedding,1172,0,4,33977
input_layernorm,1172,0,4,73965
q_proj,1172,0,4,15227
k_proj,1172,0,4,8200
v_proj,1172,0,4,7557
rope,1172,0,4,40781
attn,1172,0,4,46930
o_proj,1172,0,4,15385
post_layernorm,1172,0,4,73676
gate_proj,1172,0,4,45955
up_proj,1172,0,4,44769
act_fn,1172,0,4,12291
down_proj,1172,0,4,45211
final_layernorm,1172,0,4,74442
lm_head,1172,0,4,405086
embedding,1173,0,4,34167
input_layernorm,1173,0,4,74116
q_proj,1173,0,4,15233
k_proj,1173,0,4,8220
v_proj,1173,0,4,7482
rope,1173,0,4,40584
attn,1173,0,4,47001
o_proj,1173,0,4,15382
post_layernorm,1173,0,4,74048
gate_proj,1173,0,4,45864
up_proj,1173,0,4,44845
act_fn,1173,0,4,12289
down_proj,1173,0,4,45241
final_layernorm,1173,0,4,74668
lm_head,1173,0,4,405252
embedding,1174,0,4,33983
input_layernorm,1174,0,4,74337
q_proj,1174,0,4,15258
k_proj,1174,0,4,8219
v_proj,1174,0,4,7487
rope,1174,0,4,40755
attn,1174,0,4,46797
o_proj,1174,0,4,15420
post_layernorm,1174,0,4,74227
gate_proj,1174,0,4,46113
up_proj,1174,0,4,44853
act_fn,1174,0,4,12354
down_proj,1174,0,4,45264
final_layernorm,1174,0,4,74750
lm_head,1174,0,4,405336
embedding,1175,0,4,34212
input_layernorm,1175,0,4,74002
q_proj,1175,0,4,15231
k_proj,1175,0,4,8247
v_proj,1175,0,4,7598
rope,1175,0,4,40641
attn,1175,0,4,46822
o_proj,1175,0,4,15395
post_layernorm,1175,0,4,73924
gate_proj,1175,0,4,45912
up_proj,1175,0,4,44848
act_fn,1175,0,4,12364
down_proj,1175,0,4,45272
final_layernorm,1175,0,4,74738
lm_head,1175,0,4,405793
embedding,1176,0,4,33765
input_layernorm,1176,0,4,74287
q_proj,1176,0,4,15244
k_proj,1176,0,4,8228
v_proj,1176,0,4,7565
rope,1176,0,4,40816
attn,1176,0,4,46972
o_proj,1176,0,4,15382
post_layernorm,1176,0,4,73972
gate_proj,1176,0,4,46014
up_proj,1176,0,4,44926
act_fn,1176,0,4,12326
down_proj,1176,0,4,45334
final_layernorm,1176,0,4,74725
lm_head,1176,0,4,405919
embedding,1177,0,4,33963
input_layernorm,1177,0,4,74369
q_proj,1177,0,4,15250
k_proj,1177,0,4,8238
v_proj,1177,0,4,7614
rope,1177,0,4,40741
attn,1177,0,4,47000
o_proj,1177,0,4,15392
post_layernorm,1177,0,4,74155
gate_proj,1177,0,4,49916
up_proj,1177,0,4,47911
act_fn,1177,0,4,12456
down_proj,1177,0,4,45301
final_layernorm,1177,0,4,74596
lm_head,1177,0,4,405903
embedding,1178,0,4,34035
input_layernorm,1178,0,4,74388
q_proj,1178,0,4,15197
k_proj,1178,0,4,8146
v_proj,1178,0,4,7497
rope,1178,0,4,40655
attn,1178,0,4,46863
o_proj,1178,0,4,15363
post_layernorm,1178,0,4,74365
gate_proj,1178,0,4,49664
up_proj,1178,0,4,47804
act_fn,1178,0,4,12480
down_proj,1178,0,4,45209
final_layernorm,1178,0,4,74823
lm_head,1178,0,4,405710
embedding,1179,0,4,34030
input_layernorm,1179,0,4,74583
q_proj,1179,0,4,15256
k_proj,1179,0,4,8251
v_proj,1179,0,4,7546
rope,1179,0,4,40771
attn,1179,0,4,46773
o_proj,1179,0,4,15417
post_layernorm,1179,0,4,74540
gate_proj,1179,0,4,49993
up_proj,1179,0,4,47940
act_fn,1179,0,4,12518
down_proj,1179,0,4,45310
final_layernorm,1179,0,4,75037
lm_head,1179,0,4,405770
embedding,1180,0,4,33859
input_layernorm,1180,0,4,74499
q_proj,1180,0,4,15286
k_proj,1180,0,4,8244
v_proj,1180,0,4,7583
rope,1180,0,4,40972
attn,1180,0,4,46900
o_proj,1180,0,4,15441
post_layernorm,1180,0,4,74600
gate_proj,1180,0,4,50172
up_proj,1180,0,4,47950
act_fn,1180,0,4,12570
down_proj,1180,0,4,45308
final_layernorm,1180,0,4,75203
lm_head,1180,0,4,405643
embedding,1181,0,4,33867
input_layernorm,1181,0,4,74728
q_proj,1181,0,4,15241
k_proj,1181,0,4,8225
v_proj,1181,0,4,7520
rope,1181,0,4,40724
attn,1181,0,4,46930
o_proj,1181,0,4,15417
post_layernorm,1181,0,4,74891
gate_proj,1181,0,4,49942
up_proj,1181,0,4,47853
act_fn,1181,0,4,12641
down_proj,1181,0,4,45283
final_layernorm,1181,0,4,75038
lm_head,1181,0,4,405678
embedding,1182,0,4,33835
input_layernorm,1182,0,4,74734
q_proj,1182,0,4,15295
k_proj,1182,0,4,8239
v_proj,1182,0,4,7560
rope,1182,0,4,40889
attn,1182,0,4,47164
o_proj,1182,0,4,15459
post_layernorm,1182,0,4,74810
gate_proj,1182,0,4,50113
up_proj,1182,0,4,47979
act_fn,1182,0,4,12562
down_proj,1182,0,4,45372
final_layernorm,1182,0,4,75374
lm_head,1182,0,4,406155
embedding,1183,0,4,34577
input_layernorm,1183,0,4,75005
q_proj,1183,0,4,15348
k_proj,1183,0,4,8277
v_proj,1183,0,4,7533
rope,1183,0,4,41182
attn,1183,0,4,47294
o_proj,1183,0,4,15523
post_layernorm,1183,0,4,74999
gate_proj,1183,0,4,50435
up_proj,1183,0,4,48158
act_fn,1183,0,4,12510
down_proj,1183,0,4,45391
final_layernorm,1183,0,4,75700
lm_head,1183,0,4,407622
embedding,1184,0,4,34026
input_layernorm,1184,0,4,74318
q_proj,1184,0,4,15696
k_proj,1184,0,4,8124
v_proj,1184,0,4,7472
rope,1184,0,4,40760
attn,1184,0,4,46878
o_proj,1184,0,4,15939
post_layernorm,1184,0,4,74371
gate_proj,1184,0,4,58120
up_proj,1184,0,4,57352
act_fn,1184,0,4,12373
down_proj,1184,0,4,46977
final_layernorm,1184,0,4,75034
lm_head,1184,0,4,470778
embedding,1185,0,4,34057
input_layernorm,1185,0,4,75222
q_proj,1185,0,4,15264
k_proj,1185,0,4,8294
v_proj,1185,0,4,7492
rope,1185,0,4,40820
attn,1185,0,4,47048
o_proj,1185,0,4,15408
post_layernorm,1185,0,4,74945
gate_proj,1185,0,4,49927
up_proj,1185,0,4,47938
act_fn,1185,0,4,12610
down_proj,1185,0,4,45386
final_layernorm,1185,0,4,75884
lm_head,1185,0,4,406540
embedding,1186,0,4,34731
input_layernorm,1186,0,4,75497
q_proj,1186,0,4,15357
k_proj,1186,0,4,8240
v_proj,1186,0,4,7527
rope,1186,0,4,41255
attn,1186,0,4,47201
o_proj,1186,0,4,15526
post_layernorm,1186,0,4,75499
gate_proj,1186,0,4,50408
up_proj,1186,0,4,48174
act_fn,1186,0,4,12605
down_proj,1186,0,4,45452
final_layernorm,1186,0,4,76196
lm_head,1186,0,4,406927
embedding,1187,0,4,34865
input_layernorm,1187,0,4,75013
q_proj,1187,0,4,15248
k_proj,1187,0,4,8202
v_proj,1187,0,4,7452
rope,1187,0,4,40866
attn,1187,0,4,47165
o_proj,1187,0,4,15431
post_layernorm,1187,0,4,75041
gate_proj,1187,0,4,49910
up_proj,1187,0,4,47937
act_fn,1187,0,4,12626
down_proj,1187,0,4,45323
final_layernorm,1187,0,4,75775
lm_head,1187,0,4,406439
embedding,1188,0,4,35108
input_layernorm,1188,0,4,75595
q_proj,1188,0,4,15360
k_proj,1188,0,4,8293
v_proj,1188,0,4,7542
rope,1188,0,4,41418
attn,1188,0,4,47703
o_proj,1188,0,4,15517
post_layernorm,1188,0,4,75769
gate_proj,1188,0,4,50498
up_proj,1188,0,4,48159
act_fn,1188,0,4,12588
down_proj,1188,0,4,45450
final_layernorm,1188,0,4,76401
lm_head,1188,0,4,407447
embedding,1189,0,4,34731
input_layernorm,1189,0,4,75182
q_proj,1189,0,4,15247
k_proj,1189,0,4,8272
v_proj,1189,0,4,7453
rope,1189,0,4,40880
attn,1189,0,4,46986
o_proj,1189,0,4,15413
post_layernorm,1189,0,4,75210
gate_proj,1189,0,4,49833
up_proj,1189,0,4,47929
act_fn,1189,0,4,12645
down_proj,1189,0,4,45330
final_layernorm,1189,0,4,75850
lm_head,1189,0,4,406478
embedding,1190,0,4,34790
input_layernorm,1190,0,4,75295
q_proj,1190,0,4,15304
k_proj,1190,0,4,8263
v_proj,1190,0,4,7518
rope,1190,0,4,41056
attn,1190,0,4,47360
o_proj,1190,0,4,15455
post_layernorm,1190,0,4,75328
gate_proj,1190,0,4,50077
up_proj,1190,0,4,48094
act_fn,1190,0,4,12665
down_proj,1190,0,4,45423
final_layernorm,1190,0,4,76061
lm_head,1190,0,4,406993
embedding,1191,0,4,34844
input_layernorm,1191,0,4,75965
q_proj,1191,0,4,15327
k_proj,1191,0,4,8285
v_proj,1191,0,4,7477
rope,1191,0,4,41188
attn,1191,0,4,47282
o_proj,1191,0,4,15482
post_layernorm,1191,0,4,75599
gate_proj,1191,0,4,50389
up_proj,1191,0,4,48132
act_fn,1191,0,4,12682
down_proj,1191,0,4,45387
final_layernorm,1191,0,4,76627
lm_head,1191,0,4,407477
embedding,1192,0,4,34774
input_layernorm,1192,0,4,75467
q_proj,1192,0,4,15338
k_proj,1192,0,4,8310
v_proj,1192,0,4,7508
rope,1192,0,4,41234
attn,1192,0,4,47277
o_proj,1192,0,4,15492
post_layernorm,1192,0,4,75140
gate_proj,1192,0,4,50231
up_proj,1192,0,4,48148
act_fn,1192,0,4,12698
down_proj,1192,0,4,45439
final_layernorm,1192,0,4,76083
lm_head,1192,0,4,407842
embedding,1193,0,4,34837
input_layernorm,1193,0,4,75859
q_proj,1193,0,4,15315
k_proj,1193,0,4,8305
v_proj,1193,0,4,7508
rope,1193,0,4,41217
attn,1193,0,4,47100
o_proj,1193,0,4,15496
post_layernorm,1193,0,4,75771
gate_proj,1193,0,4,50298
up_proj,1193,0,4,48061
act_fn,1193,0,4,12703
down_proj,1193,0,4,45366
final_layernorm,1193,0,4,76673
lm_head,1193,0,4,408189
embedding,1194,0,4,34848
input_layernorm,1194,0,4,76365
q_proj,1194,0,4,15332
k_proj,1194,0,4,8182
v_proj,1194,0,4,7487
rope,1194,0,4,41314
attn,1194,0,4,47166
o_proj,1194,0,4,15497
post_layernorm,1194,0,4,75897
gate_proj,1194,0,4,50346
up_proj,1194,0,4,48138
act_fn,1194,0,4,12711
down_proj,1194,0,4,45404
final_layernorm,1194,0,4,76650
lm_head,1194,0,4,408382
embedding,1195,0,4,35034
input_layernorm,1195,0,4,76558
q_proj,1195,0,4,15333
k_proj,1195,0,4,8193
v_proj,1195,0,4,7474
rope,1195,0,4,41260
attn,1195,0,4,47006
o_proj,1195,0,4,15392
post_layernorm,1195,0,4,75925
gate_proj,1195,0,4,50319
up_proj,1195,0,4,48112
act_fn,1195,0,4,12801
down_proj,1195,0,4,45410
final_layernorm,1195,0,4,77016
lm_head,1195,0,4,407512
embedding,1196,0,4,34601
input_layernorm,1196,0,4,76421
q_proj,1196,0,4,15313
k_proj,1196,0,4,8206
v_proj,1196,0,4,7493
rope,1196,0,4,41389
attn,1196,0,4,47432
o_proj,1196,0,4,15360
post_layernorm,1196,0,4,75729
gate_proj,1196,0,4,50119
up_proj,1196,0,4,48075
act_fn,1196,0,4,12749
down_proj,1196,0,4,45450
final_layernorm,1196,0,4,76810
lm_head,1196,0,4,407864
embedding,1197,0,4,34680
input_layernorm,1197,0,4,76257
q_proj,1197,0,4,15254
k_proj,1197,0,4,8263
v_proj,1197,0,4,7427
rope,1197,0,4,41011
attn,1197,0,4,47134
o_proj,1197,0,4,15305
post_layernorm,1197,0,4,75560
gate_proj,1197,0,4,49740
up_proj,1197,0,4,47903
act_fn,1197,0,4,12756
down_proj,1197,0,4,45397
final_layernorm,1197,0,4,76427
lm_head,1197,0,4,407387
embedding,1198,0,4,34640
input_layernorm,1198,0,4,76340
q_proj,1198,0,4,15310
k_proj,1198,0,4,8250
v_proj,1198,0,4,7457
rope,1198,0,4,41239
attn,1198,0,4,47471
o_proj,1198,0,4,15369
post_layernorm,1198,0,4,75849
gate_proj,1198,0,4,49977
up_proj,1198,0,4,48015
act_fn,1198,0,4,12798
down_proj,1198,0,4,45479
final_layernorm,1198,0,4,76723
lm_head,1198,0,4,407385
embedding,1199,0,4,35096
input_layernorm,1199,0,4,76966
q_proj,1199,0,4,15408
k_proj,1199,0,4,8204
v_proj,1199,0,4,7507
rope,1199,0,4,41661
attn,1199,0,4,47071
o_proj,1199,0,4,15454
post_layernorm,1199,0,4,76284
gate_proj,1199,0,4,50642
up_proj,1199,0,4,48339
act_fn,1199,0,4,12783
down_proj,1199,0,4,45586
final_layernorm,1199,0,4,77228
lm_head,1199,0,4,408112
embedding,1200,0,4,34580
input_layernorm,1200,0,4,76163
q_proj,1200,0,4,15325
k_proj,1200,0,4,8182
v_proj,1200,0,4,7459
rope,1200,0,4,41553
attn,1200,0,4,47360
o_proj,1200,0,4,15373
post_layernorm,1200,0,4,75562
gate_proj,1200,0,4,48139
up_proj,1200,0,4,46468
act_fn,1200,0,4,12663
down_proj,1200,0,4,45286
final_layernorm,1200,0,4,76369
lm_head,1200,0,4,407465
embedding,1201,0,4,35051
input_layernorm,1201,0,4,77110
q_proj,1201,0,4,15396
k_proj,1201,0,4,8916
v_proj,1201,0,4,8322
rope,1201,0,4,41721
attn,1201,0,4,47905
o_proj,1201,0,4,15457
post_layernorm,1201,0,4,76356
gate_proj,1201,0,4,50553
up_proj,1201,0,4,48298
act_fn,1201,0,4,12810
down_proj,1201,0,4,45567
final_layernorm,1201,0,4,77415
lm_head,1201,0,4,412054
embedding,1202,0,4,34473
input_layernorm,1202,0,4,76595
q_proj,1202,0,4,15291
k_proj,1202,0,4,9032
v_proj,1202,0,4,8342
rope,1202,0,4,41386
attn,1202,0,4,47282
o_proj,1202,0,4,15358
post_layernorm,1202,0,4,76169
gate_proj,1202,0,4,50088
up_proj,1202,0,4,48102
act_fn,1202,0,4,12834
down_proj,1202,0,4,45515
final_layernorm,1202,0,4,76919
lm_head,1202,0,4,411349
embedding,1203,0,4,34921
input_layernorm,1203,0,4,77060
q_proj,1203,0,4,15346
k_proj,1203,0,4,9005
v_proj,1203,0,4,8331
rope,1203,0,4,41685
attn,1203,0,4,47082
o_proj,1203,0,4,15406
post_layernorm,1203,0,4,76467
gate_proj,1203,0,4,50449
up_proj,1203,0,4,48162
act_fn,1203,0,4,12881
down_proj,1203,0,4,45532
final_layernorm,1203,0,4,77591
lm_head,1203,0,4,411829
embedding,1204,0,4,34624
input_layernorm,1204,0,4,77084
q_proj,1204,0,4,15288
k_proj,1204,0,4,9080
v_proj,1204,0,4,8285
rope,1204,0,4,41551
attn,1204,0,4,47234
o_proj,1204,0,4,15350
post_layernorm,1204,0,4,76352
gate_proj,1204,0,4,49984
up_proj,1204,0,4,48085
act_fn,1204,0,4,12881
down_proj,1204,0,4,45572
final_layernorm,1204,0,4,77507
lm_head,1204,0,4,411042
embedding,1205,0,4,34551
input_layernorm,1205,0,4,77008
q_proj,1205,0,4,15314
k_proj,1205,0,4,9099
v_proj,1205,0,4,8309
rope,1205,0,4,41580
attn,1205,0,4,46945
o_proj,1205,0,4,15370
post_layernorm,1205,0,4,76492
gate_proj,1205,0,4,50251
up_proj,1205,0,4,48078
act_fn,1205,0,4,12880
down_proj,1205,0,4,45505
final_layernorm,1205,0,4,77586
lm_head,1205,0,4,411665
embedding,1206,0,4,34603
input_layernorm,1206,0,4,77237
q_proj,1206,0,4,15301
k_proj,1206,0,4,8968
v_proj,1206,0,4,8253
rope,1206,0,4,41448
attn,1206,0,4,46940
o_proj,1206,0,4,15339
post_layernorm,1206,0,4,76409
gate_proj,1206,0,4,49899
up_proj,1206,0,4,47950
act_fn,1206,0,4,12888
down_proj,1206,0,4,45474
final_layernorm,1206,0,4,77511
lm_head,1206,0,4,411364
embedding,1207,0,4,34915
input_layernorm,1207,0,4,77621
q_proj,1207,0,4,15321
k_proj,1207,0,4,9008
v_proj,1207,0,4,8270
rope,1207,0,4,41620
attn,1207,0,4,47020
o_proj,1207,0,4,15371
post_layernorm,1207,0,4,76504
gate_proj,1207,0,4,50100
up_proj,1207,0,4,47988
act_fn,1207,0,4,12872
down_proj,1207,0,4,45523
final_layernorm,1207,0,4,77852
lm_head,1207,0,4,411233
embedding,1208,0,4,34741
input_layernorm,1208,0,4,77059
q_proj,1208,0,4,15301
k_proj,1208,0,4,9014
v_proj,1208,0,4,8310
rope,1208,0,4,41680
attn,1208,0,4,46955
o_proj,1208,0,4,15353
post_layernorm,1208,0,4,76331
gate_proj,1208,0,4,50008
up_proj,1208,0,4,48033
act_fn,1208,0,4,12949
down_proj,1208,0,4,45539
final_layernorm,1208,0,4,77242
lm_head,1208,0,4,411354
embedding,1209,0,4,34558
input_layernorm,1209,0,4,77544
q_proj,1209,0,4,15297
k_proj,1209,0,4,8957
v_proj,1209,0,4,8249
rope,1209,0,4,41525
attn,1209,0,4,46938
o_proj,1209,0,4,15343
post_layernorm,1209,0,4,76441
gate_proj,1209,0,4,49857
up_proj,1209,0,4,47991
act_fn,1209,0,4,12917
down_proj,1209,0,4,45462
final_layernorm,1209,0,4,77756
lm_head,1209,0,4,411359
embedding,1210,0,4,34836
input_layernorm,1210,0,4,77406
q_proj,1210,0,4,15324
k_proj,1210,0,4,8959
v_proj,1210,0,4,8285
rope,1210,0,4,41667
attn,1210,0,4,47021
o_proj,1210,0,4,15382
post_layernorm,1210,0,4,76518
gate_proj,1210,0,4,50168
up_proj,1210,0,4,48188
act_fn,1210,0,4,12905
down_proj,1210,0,4,45566
final_layernorm,1210,0,4,77724
lm_head,1210,0,4,411836
embedding,1211,0,4,34588
input_layernorm,1211,0,4,77465
q_proj,1211,0,4,15326
k_proj,1211,0,4,9033
v_proj,1211,0,4,8310
rope,1211,0,4,41628
attn,1211,0,4,47204
o_proj,1211,0,4,15381
post_layernorm,1211,0,4,76580
gate_proj,1211,0,4,50056
up_proj,1211,0,4,48075
act_fn,1211,0,4,13002
down_proj,1211,0,4,45559
final_layernorm,1211,0,4,77448
lm_head,1211,0,4,411965
embedding,1212,0,4,34693
input_layernorm,1212,0,4,77563
q_proj,1212,0,4,15294
k_proj,1212,0,4,8976
v_proj,1212,0,4,8254
rope,1212,0,4,41794
attn,1212,0,4,46974
o_proj,1212,0,4,15345
post_layernorm,1212,0,4,76595
gate_proj,1212,0,4,49996
up_proj,1212,0,4,47978
act_fn,1212,0,4,12957
down_proj,1212,0,4,45483
final_layernorm,1212,0,4,77726
lm_head,1212,0,4,411296
embedding,1213,0,4,34978
input_layernorm,1213,0,4,77608
q_proj,1213,0,4,15329
k_proj,1213,0,4,8964
v_proj,1213,0,4,8288
rope,1213,0,4,41725
attn,1213,0,4,46997
o_proj,1213,0,4,15368
post_layernorm,1213,0,4,76677
gate_proj,1213,0,4,50021
up_proj,1213,0,4,48083
act_fn,1213,0,4,13072
down_proj,1213,0,4,45558
final_layernorm,1213,0,4,77869
lm_head,1213,0,4,412267
embedding,1214,0,4,34809
input_layernorm,1214,0,4,77933
q_proj,1214,0,4,15417
k_proj,1214,0,4,9045
v_proj,1214,0,4,8376
rope,1214,0,4,42121
attn,1214,0,4,47275
o_proj,1214,0,4,15471
post_layernorm,1214,0,4,77381
gate_proj,1214,0,4,50641
up_proj,1214,0,4,48343
act_fn,1214,0,4,12990
down_proj,1214,0,4,45658
final_layernorm,1214,0,4,78316
lm_head,1214,0,4,413024
embedding,1215,0,4,34737
input_layernorm,1215,0,4,77726
q_proj,1215,0,4,15329
k_proj,1215,0,4,8968
v_proj,1215,0,4,8289
rope,1215,0,4,41719
attn,1215,0,4,47128
o_proj,1215,0,4,15378
post_layernorm,1215,0,4,77001
gate_proj,1215,0,4,50006
up_proj,1215,0,4,48163
act_fn,1215,0,4,13027
down_proj,1215,0,4,45613
final_layernorm,1215,0,4,77888
lm_head,1215,0,4,411861
embedding,1216,0,4,35324
input_layernorm,1216,0,4,77706
q_proj,1216,0,4,15879
k_proj,1216,0,4,8764
v_proj,1216,0,4,8841
rope,1216,0,4,42115
attn,1216,0,4,47155
o_proj,1216,0,4,16206
post_layernorm,1216,0,4,76853
gate_proj,1216,0,4,55277
up_proj,1216,0,4,52188
act_fn,1216,0,4,12678
down_proj,1216,0,4,47805
final_layernorm,1216,0,4,77524
lm_head,1216,0,4,448950
embedding,1217,0,4,35078
input_layernorm,1217,0,4,78616
q_proj,1217,0,4,15799
k_proj,1217,0,4,9134
v_proj,1217,0,4,8918
rope,1217,0,4,41616
attn,1217,0,4,47894
o_proj,1217,0,4,15813
post_layernorm,1217,0,4,77269
gate_proj,1217,0,4,49856
up_proj,1217,0,4,48083
act_fn,1217,0,4,13055
down_proj,1217,0,4,46717
final_layernorm,1217,0,4,77927
lm_head,1217,0,4,411833
embedding,1218,0,4,35327
input_layernorm,1218,0,4,78875
q_proj,1218,0,4,15886
k_proj,1218,0,4,9217
v_proj,1218,0,4,8946
rope,1218,0,4,41959
attn,1218,0,4,48253
o_proj,1218,0,4,15895
post_layernorm,1218,0,4,77337
gate_proj,1218,0,4,50294
up_proj,1218,0,4,48285
act_fn,1218,0,4,13076
down_proj,1218,0,4,46851
final_layernorm,1218,0,4,77886
lm_head,1218,0,4,412783
embedding,1219,0,4,35255
input_layernorm,1219,0,4,79188
q_proj,1219,0,4,15871
k_proj,1219,0,4,9184
v_proj,1219,0,4,8932
rope,1219,0,4,41943
attn,1219,0,4,48196
o_proj,1219,0,4,15882
post_layernorm,1219,0,4,77595
gate_proj,1219,0,4,50519
up_proj,1219,0,4,48260
act_fn,1219,0,4,13057
down_proj,1219,0,4,46814
final_layernorm,1219,0,4,78420
lm_head,1219,0,4,413011
embedding,1220,0,4,35481
input_layernorm,1220,0,4,79401
q_proj,1220,0,4,15878
k_proj,1220,0,4,9155
v_proj,1220,0,4,8970
rope,1220,0,4,42122
attn,1220,0,4,48346
o_proj,1220,0,4,15872
post_layernorm,1220,0,4,77677
gate_proj,1220,0,4,50389
up_proj,1220,0,4,48215
act_fn,1220,0,4,13119
down_proj,1220,0,4,46831
final_layernorm,1220,0,4,78389
lm_head,1220,0,4,412750
embedding,1221,0,4,35681
input_layernorm,1221,0,4,79111
q_proj,1221,0,4,15851
k_proj,1221,0,4,9204
v_proj,1221,0,4,8916
rope,1221,0,4,41801
attn,1221,0,4,48048
o_proj,1221,0,4,15862
post_layernorm,1221,0,4,77471
gate_proj,1221,0,4,50196
up_proj,1221,0,4,48245
act_fn,1221,0,4,13089
down_proj,1221,0,4,46861
final_layernorm,1221,0,4,78083
lm_head,1221,0,4,412837
embedding,1222,0,4,35729
input_layernorm,1222,0,4,79404
q_proj,1222,0,4,15883
k_proj,1222,0,4,9231
v_proj,1222,0,4,8966
rope,1222,0,4,42136
attn,1222,0,4,48090
o_proj,1222,0,4,15898
post_layernorm,1222,0,4,77669
gate_proj,1222,0,4,50410
up_proj,1222,0,4,48213
act_fn,1222,0,4,13059
down_proj,1222,0,4,46857
final_layernorm,1222,0,4,78315
lm_head,1222,0,4,413225
embedding,1223,0,4,35588
input_layernorm,1223,0,4,79500
q_proj,1223,0,4,15852
k_proj,1223,0,4,9161
v_proj,1223,0,4,8918
rope,1223,0,4,41875
attn,1223,0,4,47932
o_proj,1223,0,4,15865
post_layernorm,1223,0,4,77558
gate_proj,1223,0,4,50338
up_proj,1223,0,4,48122
act_fn,1223,0,4,13129
down_proj,1223,0,4,46840
final_layernorm,1223,0,4,78185
lm_head,1223,0,4,412893
embedding,1224,0,4,35658
input_layernorm,1224,0,4,79355
q_proj,1224,0,4,15919
k_proj,1224,0,4,8435
v_proj,1224,0,4,8060
rope,1224,0,4,42282
attn,1224,0,4,48127
o_proj,1224,0,4,15924
post_layernorm,1224,0,4,77198
gate_proj,1224,0,4,50535
up_proj,1224,0,4,48277
act_fn,1224,0,4,13132
down_proj,1224,0,4,46873
final_layernorm,1224,0,4,78219
lm_head,1224,0,4,413074
embedding,1225,0,4,35644
input_layernorm,1225,0,4,79833
q_proj,1225,0,4,15943
k_proj,1225,0,4,9288
v_proj,1225,0,4,9035
rope,1225,0,4,42289
attn,1225,0,4,48660
o_proj,1225,0,4,15980
post_layernorm,1225,0,4,78044
gate_proj,1225,0,4,48718
up_proj,1225,0,4,46729
act_fn,1225,0,4,13034
down_proj,1225,0,4,46980
final_layernorm,1225,0,4,78822
lm_head,1225,0,4,413848
embedding,1226,0,4,35452
input_layernorm,1226,0,4,79821
q_proj,1226,0,4,15872
k_proj,1226,0,4,9161
v_proj,1226,0,4,8934
rope,1226,0,4,41990
attn,1226,0,4,48065
o_proj,1226,0,4,15863
post_layernorm,1226,0,4,77797
gate_proj,1226,0,4,48263
up_proj,1226,0,4,46586
act_fn,1226,0,4,13026
down_proj,1226,0,4,46887
final_layernorm,1226,0,4,78534
lm_head,1226,0,4,413063
embedding,1227,0,4,35299
input_layernorm,1227,0,4,79881
q_proj,1227,0,4,15860
k_proj,1227,0,4,9166
v_proj,1227,0,4,8929
rope,1227,0,4,41823
attn,1227,0,4,47888
o_proj,1227,0,4,15865
post_layernorm,1227,0,4,77688
gate_proj,1227,0,4,48086
up_proj,1227,0,4,46546
act_fn,1227,0,4,12969
down_proj,1227,0,4,46932
final_layernorm,1227,0,4,78378
lm_head,1227,0,4,412987
embedding,1228,0,4,35421
input_layernorm,1228,0,4,79841
q_proj,1228,0,4,15865
k_proj,1228,0,4,9152
v_proj,1228,0,4,8923
rope,1228,0,4,42149
attn,1228,0,4,47722
o_proj,1228,0,4,15875
post_layernorm,1228,0,4,78007
gate_proj,1228,0,4,48285
up_proj,1228,0,4,46507
act_fn,1228,0,4,12991
down_proj,1228,0,4,46924
final_layernorm,1228,0,4,78724
lm_head,1228,0,4,413100
embedding,1229,0,4,35518
input_layernorm,1229,0,4,79973
q_proj,1229,0,4,15883
k_proj,1229,0,4,9196
v_proj,1229,0,4,8930
rope,1229,0,4,41944
attn,1229,0,4,47980
o_proj,1229,0,4,15882
post_layernorm,1229,0,4,78112
gate_proj,1229,0,4,48253
up_proj,1229,0,4,46584
act_fn,1229,0,4,13036
down_proj,1229,0,4,46913
final_layernorm,1229,0,4,78777
lm_head,1229,0,4,413093
embedding,1230,0,4,35386
input_layernorm,1230,0,4,79601
q_proj,1230,0,4,15880
k_proj,1230,0,4,9161
v_proj,1230,0,4,8890
rope,1230,0,4,41898
attn,1230,0,4,48233
o_proj,1230,0,4,15876
post_layernorm,1230,0,4,77738
gate_proj,1230,0,4,48167
up_proj,1230,0,4,46654
act_fn,1230,0,4,13060
down_proj,1230,0,4,46944
final_layernorm,1230,0,4,78659
lm_head,1230,0,4,413120
embedding,1231,0,4,35298
input_layernorm,1231,0,4,79898
q_proj,1231,0,4,15852
k_proj,1231,0,4,9117
v_proj,1231,0,4,8905
rope,1231,0,4,41779
attn,1231,0,4,47876
o_proj,1231,0,4,15833
post_layernorm,1231,0,4,78056
gate_proj,1231,0,4,47925
up_proj,1231,0,4,46567
act_fn,1231,0,4,13009
down_proj,1231,0,4,46939
final_layernorm,1231,0,4,78660
lm_head,1231,0,4,413131
embedding,1232,0,4,35305
input_layernorm,1232,0,4,79640
q_proj,1232,0,4,15890
k_proj,1232,0,4,8346
v_proj,1232,0,4,7976
rope,1232,0,4,42029
attn,1232,0,4,48264
o_proj,1232,0,4,15877
post_layernorm,1232,0,4,77758
gate_proj,1232,0,4,48218
up_proj,1232,0,4,46653
act_fn,1232,0,4,12989
down_proj,1232,0,4,46930
final_layernorm,1232,0,4,78424
lm_head,1232,0,4,412957
embedding,1233,0,4,35332
input_layernorm,1233,0,4,80137
q_proj,1233,0,4,15877
k_proj,1233,0,4,8831
v_proj,1233,0,4,8520
rope,1233,0,4,41761
attn,1233,0,4,48015
o_proj,1233,0,4,15875
post_layernorm,1233,0,4,78225
gate_proj,1233,0,4,52393
up_proj,1233,0,4,50217
act_fn,1233,0,4,13140
down_proj,1233,0,4,46884
final_layernorm,1233,0,4,78952
lm_head,1233,0,4,419499
embedding,1234,0,4,35724
input_layernorm,1234,0,4,79866
q_proj,1234,0,4,15854
k_proj,1234,0,4,8800
v_proj,1234,0,4,8453
rope,1234,0,4,41830
attn,1234,0,4,48039
o_proj,1234,0,4,15836
post_layernorm,1234,0,4,78190
gate_proj,1234,0,4,52259
up_proj,1234,0,4,50060
act_fn,1234,0,4,13165
down_proj,1234,0,4,46890
final_layernorm,1234,0,4,78675
lm_head,1234,0,4,419486
embedding,1235,0,4,35763
input_layernorm,1235,0,4,80105
q_proj,1235,0,4,15844
k_proj,1235,0,4,8830
v_proj,1235,0,4,8482
rope,1235,0,4,41845
attn,1235,0,4,48231
o_proj,1235,0,4,15865
post_layernorm,1235,0,4,78326
gate_proj,1235,0,4,52361
up_proj,1235,0,4,50180
act_fn,1235,0,4,13144
down_proj,1235,0,4,46903
final_layernorm,1235,0,4,79041
lm_head,1235,0,4,419338
embedding,1236,0,4,35672
input_layernorm,1236,0,4,80506
q_proj,1236,0,4,15907
k_proj,1236,0,4,8935
v_proj,1236,0,4,8515
rope,1236,0,4,42239
attn,1236,0,4,47723
o_proj,1236,0,4,15909
post_layernorm,1236,0,4,78636
gate_proj,1236,0,4,52907
up_proj,1236,0,4,50349
act_fn,1236,0,4,13191
down_proj,1236,0,4,46960
final_layernorm,1236,0,4,79322
lm_head,1236,0,4,419920
embedding,1237,0,4,35482
input_layernorm,1237,0,4,80271
q_proj,1237,0,4,15853
k_proj,1237,0,4,8811
v_proj,1237,0,4,8450
rope,1237,0,4,41912
attn,1237,0,4,48157
o_proj,1237,0,4,15873
post_layernorm,1237,0,4,78414
gate_proj,1237,0,4,52431
up_proj,1237,0,4,50092
act_fn,1237,0,4,13191
down_proj,1237,0,4,46959
final_layernorm,1237,0,4,79149
lm_head,1237,0,4,419407
embedding,1238,0,4,35740
input_layernorm,1238,0,4,80142
q_proj,1238,0,4,15860
k_proj,1238,0,4,8811
v_proj,1238,0,4,8472
rope,1238,0,4,41955
attn,1238,0,4,48374
o_proj,1238,0,4,15884
post_layernorm,1238,0,4,78454
gate_proj,1238,0,4,52421
up_proj,1238,0,4,50097
act_fn,1238,0,4,13185
down_proj,1238,0,4,46979
final_layernorm,1238,0,4,79270
lm_head,1238,0,4,419455
embedding,1239,0,4,35816
input_layernorm,1239,0,4,80527
q_proj,1239,0,4,15862
k_proj,1239,0,4,8792
v_proj,1239,0,4,8465
rope,1239,0,4,41961
attn,1239,0,4,48199
o_proj,1239,0,4,15878
post_layernorm,1239,0,4,78494
gate_proj,1239,0,4,52359
up_proj,1239,0,4,50047
act_fn,1239,0,4,13195
down_proj,1239,0,4,46933
final_layernorm,1239,0,4,79276
lm_head,1239,0,4,419843
embedding,1240,0,4,35661
input_layernorm,1240,0,4,80492
q_proj,1240,0,4,16706
k_proj,1240,0,4,9034
v_proj,1240,0,4,8541
rope,1240,0,4,42400
attn,1240,0,4,48264
o_proj,1240,0,4,15942
post_layernorm,1240,0,4,78567
gate_proj,1240,0,4,52857
up_proj,1240,0,4,50356
act_fn,1240,0,4,13208
down_proj,1240,0,4,47018
final_layernorm,1240,0,4,79353
lm_head,1240,0,4,420247
embedding,1241,0,4,36644
input_layernorm,1241,0,4,80782
q_proj,1241,0,4,15887
k_proj,1241,0,4,10219
v_proj,1241,0,4,10548
rope,1241,0,4,42142
attn,1241,0,4,48045
o_proj,1241,0,4,15898
post_layernorm,1241,0,4,78927
gate_proj,1241,0,4,52578
up_proj,1241,0,4,50123
act_fn,1241,0,4,13264
down_proj,1241,0,4,47005
final_layernorm,1241,0,4,79514
lm_head,1241,0,4,424040
embedding,1242,0,4,36532
input_layernorm,1242,0,4,80821
q_proj,1242,0,4,15886
k_proj,1242,0,4,10214
v_proj,1242,0,4,10434
rope,1242,0,4,42196
attn,1242,0,4,47982
o_proj,1242,0,4,15914
post_layernorm,1242,0,4,78937
gate_proj,1242,0,4,52656
up_proj,1242,0,4,50215
act_fn,1242,0,4,13259
down_proj,1242,0,4,47036
final_layernorm,1242,0,4,79578
lm_head,1242,0,4,424096
embedding,1243,0,4,36801
input_layernorm,1243,0,4,81433
q_proj,1243,0,4,15985
k_proj,1243,0,4,10368
v_proj,1243,0,4,10568
rope,1243,0,4,42416
attn,1243,0,4,48442
o_proj,1243,0,4,15983
post_layernorm,1243,0,4,79373
gate_proj,1243,0,4,53070
up_proj,1243,0,4,50501
act_fn,1243,0,4,13316
down_proj,1243,0,4,47116
final_layernorm,1243,0,4,80291
lm_head,1243,0,4,424175
embedding,1244,0,4,36597
input_layernorm,1244,0,4,81050
q_proj,1244,0,4,15869
k_proj,1244,0,4,10230
v_proj,1244,0,4,10305
rope,1244,0,4,42282
attn,1244,0,4,48092
o_proj,1244,0,4,15876
post_layernorm,1244,0,4,78987
gate_proj,1244,0,4,52482
up_proj,1244,0,4,50150
act_fn,1244,0,4,13314
down_proj,1244,0,4,46985
final_layernorm,1244,0,4,79998
lm_head,1244,0,4,423650
embedding,1245,0,4,36368
input_layernorm,1245,0,4,81207
q_proj,1245,0,4,15887
k_proj,1245,0,4,10061
v_proj,1245,0,4,10333
rope,1245,0,4,42107
attn,1245,0,4,48190
o_proj,1245,0,4,15896
post_layernorm,1245,0,4,79242
gate_proj,1245,0,4,52567
up_proj,1245,0,4,50209
act_fn,1245,0,4,13301
down_proj,1245,0,4,47003
final_layernorm,1245,0,4,79755
lm_head,1245,0,4,423793
embedding,1246,0,4,36650
input_layernorm,1246,0,4,80989
q_proj,1246,0,4,15887
k_proj,1246,0,4,10041
v_proj,1246,0,4,10304
rope,1246,0,4,42110
attn,1246,0,4,48268
o_proj,1246,0,4,15910
post_layernorm,1246,0,4,79002
gate_proj,1246,0,4,52454
up_proj,1246,0,4,50275
act_fn,1246,0,4,13360
down_proj,1246,0,4,47038
final_layernorm,1246,0,4,80027
lm_head,1246,0,4,423986
embedding,1247,0,4,36370
input_layernorm,1247,0,4,81545
q_proj,1247,0,4,15941
k_proj,1247,0,4,10071
v_proj,1247,0,4,10338
rope,1247,0,4,42198
attn,1247,0,4,48314
o_proj,1247,0,4,15921
post_layernorm,1247,0,4,79520
gate_proj,1247,0,4,52711
up_proj,1247,0,4,50243
act_fn,1247,0,4,13314
down_proj,1247,0,4,47045
final_layernorm,1247,0,4,80110
lm_head,1247,0,4,424168
embedding,1248,0,4,35785
input_layernorm,1248,0,4,80905
q_proj,1248,0,4,15885
k_proj,1248,0,4,10216
v_proj,1248,0,4,10378
rope,1248,0,4,42167
attn,1248,0,4,47976
o_proj,1248,0,4,15995
post_layernorm,1248,0,4,78880
gate_proj,1248,0,4,55318
up_proj,1248,0,4,53129
act_fn,1248,0,4,13374
down_proj,1248,0,4,47490
final_layernorm,1248,0,4,79810
lm_head,1248,0,4,437780
embedding,1249,0,4,35938
input_layernorm,1249,0,4,81439
q_proj,1249,0,4,15929
k_proj,1249,0,4,10059
v_proj,1249,0,4,10204
rope,1249,0,4,42198
attn,1249,0,4,48199
o_proj,1249,0,4,16033
post_layernorm,1249,0,4,79322
gate_proj,1249,0,4,52794
up_proj,1249,0,4,50344
act_fn,1249,0,4,13361
down_proj,1249,0,4,47509
final_layernorm,1249,0,4,81221
lm_head,1249,0,4,438112
embedding,1250,0,4,35867
input_layernorm,1250,0,4,81079
q_proj,1250,0,4,15875
k_proj,1250,0,4,9985
v_proj,1250,0,4,10170
rope,1250,0,4,42046
attn,1250,0,4,47970
o_proj,1250,0,4,15986
post_layernorm,1250,0,4,79338
gate_proj,1250,0,4,52308
up_proj,1250,0,4,50208
act_fn,1250,0,4,13408
down_proj,1250,0,4,47524
final_layernorm,1250,0,4,81471
lm_head,1250,0,4,437781
embedding,1251,0,4,35910
input_layernorm,1251,0,4,81436
q_proj,1251,0,4,15920
k_proj,1251,0,4,10090
v_proj,1251,0,4,10260
rope,1251,0,4,42046
attn,1251,0,4,48252
o_proj,1251,0,4,16018
post_layernorm,1251,0,4,79464
gate_proj,1251,0,4,52660
up_proj,1251,0,4,50394
act_fn,1251,0,4,13435
down_proj,1251,0,4,47599
final_layernorm,1251,0,4,81623
lm_head,1251,0,4,438125
embedding,1252,0,4,36307
input_layernorm,1252,0,4,81307
q_proj,1252,0,4,15883
k_proj,1252,0,4,10061
v_proj,1252,0,4,10310
rope,1252,0,4,42209
attn,1252,0,4,48220
o_proj,1252,0,4,16009
post_layernorm,1252,0,4,79639
gate_proj,1252,0,4,52451
up_proj,1252,0,4,50271
act_fn,1252,0,4,13418
down_proj,1252,0,4,47575
final_layernorm,1252,0,4,81922
lm_head,1252,0,4,438343
embedding,1253,0,4,36653
input_layernorm,1253,0,4,82234
q_proj,1253,0,4,15974
k_proj,1253,0,4,10042
v_proj,1253,0,4,10262
rope,1253,0,4,42324
attn,1253,0,4,48641
o_proj,1253,0,4,16089
post_layernorm,1253,0,4,80288
gate_proj,1253,0,4,53000
up_proj,1253,0,4,50468
act_fn,1253,0,4,13464
down_proj,1253,0,4,47631
final_layernorm,1253,0,4,82848
lm_head,1253,0,4,438878
embedding,1254,0,4,36441
input_layernorm,1254,0,4,81834
q_proj,1254,0,4,15897
k_proj,1254,0,4,9990
v_proj,1254,0,4,10142
rope,1254,0,4,42066
attn,1254,0,4,47701
o_proj,1254,0,4,16008
post_layernorm,1254,0,4,79943
gate_proj,1254,0,4,52499
up_proj,1254,0,4,50161
act_fn,1254,0,4,13429
down_proj,1254,0,4,47531
final_layernorm,1254,0,4,82405
lm_head,1254,0,4,438276
embedding,1255,0,4,36425
input_layernorm,1255,0,4,81926
q_proj,1255,0,4,15891
k_proj,1255,0,4,9970
v_proj,1255,0,4,10201
rope,1255,0,4,42041
attn,1255,0,4,48160
o_proj,1255,0,4,16019
post_layernorm,1255,0,4,79865
gate_proj,1255,0,4,52404
up_proj,1255,0,4,50180
act_fn,1255,0,4,13477
down_proj,1255,0,4,47541
final_layernorm,1255,0,4,82584
lm_head,1255,0,4,438278
embedding,1256,0,4,36692
input_layernorm,1256,0,4,82043
q_proj,1256,0,4,15937
k_proj,1256,0,4,9841
v_proj,1256,0,4,9984
rope,1256,0,4,42425
attn,1256,0,4,47948
o_proj,1256,0,4,16054
post_layernorm,1256,0,4,79948
gate_proj,1256,0,4,52837
up_proj,1256,0,4,50442
act_fn,1256,0,4,13531
down_proj,1256,0,4,47650
final_layernorm,1256,0,4,82458
lm_head,1256,0,4,436135
embedding,1257,0,4,36433
input_layernorm,1257,0,4,82008
q_proj,1257,0,4,15907
k_proj,1257,0,4,9959
v_proj,1257,0,4,10168
rope,1257,0,4,42022
attn,1257,0,4,48347
o_proj,1257,0,4,16018
post_layernorm,1257,0,4,79944
gate_proj,1257,0,4,52412
up_proj,1257,0,4,50196
act_fn,1257,0,4,13504
down_proj,1257,0,4,47662
final_layernorm,1257,0,4,82586
lm_head,1257,0,4,438539
embedding,1258,0,4,36625
input_layernorm,1258,0,4,82298
q_proj,1258,0,4,15931
k_proj,1258,0,4,9722
v_proj,1258,0,4,9960
rope,1258,0,4,42193
attn,1258,0,4,47940
o_proj,1258,0,4,16041
post_layernorm,1258,0,4,80406
gate_proj,1258,0,4,52638
up_proj,1258,0,4,50230
act_fn,1258,0,4,13546
down_proj,1258,0,4,47596
final_layernorm,1258,0,4,83017
lm_head,1258,0,4,438910
embedding,1259,0,4,36574
input_layernorm,1259,0,4,82243
q_proj,1259,0,4,15913
k_proj,1259,0,4,9822
v_proj,1259,0,4,9933
rope,1259,0,4,42124
attn,1259,0,4,48166
o_proj,1259,0,4,16035
post_layernorm,1259,0,4,80454
gate_proj,1259,0,4,52496
up_proj,1259,0,4,50309
act_fn,1259,0,4,13518
down_proj,1259,0,4,47616
final_layernorm,1259,0,4,83043
lm_head,1259,0,4,439389
embedding,1260,0,4,36800
input_layernorm,1260,0,4,82582
q_proj,1260,0,4,15909
k_proj,1260,0,4,9906
v_proj,1260,0,4,10076
rope,1260,0,4,42453
attn,1260,0,4,48080
o_proj,1260,0,4,16042
post_layernorm,1260,0,4,80704
gate_proj,1260,0,4,52602
up_proj,1260,0,4,50201
act_fn,1260,0,4,13581
down_proj,1260,0,4,47600
final_layernorm,1260,0,4,83445
lm_head,1260,0,4,439025
embedding,1261,0,4,36330
input_layernorm,1261,0,4,82667
q_proj,1261,0,4,15889
k_proj,1261,0,4,9702
v_proj,1261,0,4,9918
rope,1261,0,4,42026
attn,1261,0,4,48082
o_proj,1261,0,4,16126
post_layernorm,1261,0,4,80795
gate_proj,1261,0,4,52368
up_proj,1261,0,4,50232
act_fn,1261,0,4,13556
down_proj,1261,0,4,47608
final_layernorm,1261,0,4,83731
lm_head,1261,0,4,438601
embedding,1262,0,4,36663
input_layernorm,1262,0,4,82676
q_proj,1262,0,4,15937
k_proj,1262,0,4,9748
v_proj,1262,0,4,9918
rope,1262,0,4,42121
attn,1262,0,4,48303
o_proj,1262,0,4,16158
post_layernorm,1262,0,4,81054
gate_proj,1262,0,4,52636
up_proj,1262,0,4,50433
act_fn,1262,0,4,13578
down_proj,1262,0,4,47708
final_layernorm,1262,0,4,83551
lm_head,1262,0,4,439153
embedding,1263,0,4,36322
input_layernorm,1263,0,4,83102
q_proj,1263,0,4,15930
k_proj,1263,0,4,9780
v_proj,1263,0,4,9887
rope,1263,0,4,42170
attn,1263,0,4,48374
o_proj,1263,0,4,16163
post_layernorm,1263,0,4,81264
gate_proj,1263,0,4,52512
up_proj,1263,0,4,50339
act_fn,1263,0,4,13548
down_proj,1263,0,4,47685
final_layernorm,1263,0,4,84001
lm_head,1263,0,4,439083
embedding,1264,0,4,36712
input_layernorm,1264,0,4,83459
q_proj,1264,0,4,16022
k_proj,1264,0,4,9534
v_proj,1264,0,4,9710
rope,1264,0,4,42640
attn,1264,0,4,48358
o_proj,1264,0,4,16241
post_layernorm,1264,0,4,81390
gate_proj,1264,0,4,53001
up_proj,1264,0,4,50506
act_fn,1264,0,4,13569
down_proj,1264,0,4,47751
final_layernorm,1264,0,4,84319
lm_head,1264,0,4,439860
embedding,1265,0,4,36735
input_layernorm,1265,0,4,84114
q_proj,1265,0,4,16018
k_proj,1265,0,4,9453
v_proj,1265,0,4,9716
rope,1265,0,4,42514
attn,1265,0,4,48585
o_proj,1265,0,4,16244
post_layernorm,1265,0,4,82203
gate_proj,1265,0,4,53035
up_proj,1265,0,4,50548
act_fn,1265,0,4,13641
down_proj,1265,0,4,47738
final_layernorm,1265,0,4,84997
lm_head,1265,0,4,439699
embedding,1266,0,4,36521
input_layernorm,1266,0,4,83703
q_proj,1266,0,4,15928
k_proj,1266,0,4,9507
v_proj,1266,0,4,9834
rope,1266,0,4,42196
attn,1266,0,4,48222
o_proj,1266,0,4,16167
post_layernorm,1266,0,4,81617
gate_proj,1266,0,4,52388
up_proj,1266,0,4,50432
act_fn,1266,0,4,13641
down_proj,1266,0,4,47742
final_layernorm,1266,0,4,84497
lm_head,1266,0,4,439610
embedding,1267,0,4,36508
input_layernorm,1267,0,4,83952
q_proj,1267,0,4,16005
k_proj,1267,0,4,9415
v_proj,1267,0,4,9678
rope,1267,0,4,42552
attn,1267,0,4,48558
o_proj,1267,0,4,16276
post_layernorm,1267,0,4,82316
gate_proj,1267,0,4,53035
up_proj,1267,0,4,50573
act_fn,1267,0,4,13629
down_proj,1267,0,4,47758
final_layernorm,1267,0,4,85152
lm_head,1267,0,4,440862
embedding,1268,0,4,36629
input_layernorm,1268,0,4,83930
q_proj,1268,0,4,15917
k_proj,1268,0,4,9374
v_proj,1268,0,4,9686
rope,1268,0,4,42327
attn,1268,0,4,48318
o_proj,1268,0,4,16164
post_layernorm,1268,0,4,82215
gate_proj,1268,0,4,52461
up_proj,1268,0,4,50286
act_fn,1268,0,4,13666
down_proj,1268,0,4,47694
final_layernorm,1268,0,4,84471
lm_head,1268,0,4,439291
embedding,1269,0,4,36614
input_layernorm,1269,0,4,83903
q_proj,1269,0,4,15984
k_proj,1269,0,4,9441
v_proj,1269,0,4,9638
rope,1269,0,4,42374
attn,1269,0,4,48027
o_proj,1269,0,4,16214
post_layernorm,1269,0,4,82278
gate_proj,1269,0,4,52824
up_proj,1269,0,4,50394
act_fn,1269,0,4,13642
down_proj,1269,0,4,47726
final_layernorm,1269,0,4,84944
lm_head,1269,0,4,439696
embedding,1270,0,4,36717
input_layernorm,1270,0,4,83596
q_proj,1270,0,4,15942
k_proj,1270,0,4,9383
v_proj,1270,0,4,9580
rope,1270,0,4,42222
attn,1270,0,4,48266
o_proj,1270,0,4,16158
post_layernorm,1270,0,4,82319
gate_proj,1270,0,4,52452
up_proj,1270,0,4,50311
act_fn,1270,0,4,13689
down_proj,1270,0,4,47727
final_layernorm,1270,0,4,84689
lm_head,1270,0,4,439563
embedding,1271,0,4,36464
input_layernorm,1271,0,4,83703
q_proj,1271,0,4,15927
k_proj,1271,0,4,9450
v_proj,1271,0,4,9677
rope,1271,0,4,42188
attn,1271,0,4,48337
o_proj,1271,0,4,16135
post_layernorm,1271,0,4,82496
gate_proj,1271,0,4,52386
up_proj,1271,0,4,50326
act_fn,1271,0,4,13733
down_proj,1271,0,4,47697
final_layernorm,1271,0,4,85038
lm_head,1271,0,4,439800
embedding,1272,0,4,36950
input_layernorm,1272,0,4,84070
q_proj,1272,0,4,15975
k_proj,1272,0,4,9355
v_proj,1272,0,4,9511
rope,1272,0,4,42580
attn,1272,0,4,48441
o_proj,1272,0,4,16223
post_layernorm,1272,0,4,82578
gate_proj,1272,0,4,52712
up_proj,1272,0,4,50484
act_fn,1272,0,4,13684
down_proj,1272,0,4,47818
final_layernorm,1272,0,4,85021
lm_head,1272,0,4,436911
embedding,1273,0,4,36710
input_layernorm,1273,0,4,84699
q_proj,1273,0,4,16024
k_proj,1273,0,4,9386
v_proj,1273,0,4,9490
rope,1273,0,4,42616
attn,1273,0,4,48778
o_proj,1273,0,4,16276
post_layernorm,1273,0,4,83357
gate_proj,1273,0,4,53064
up_proj,1273,0,4,50620
act_fn,1273,0,4,13687
down_proj,1273,0,4,47847
final_layernorm,1273,0,4,85582
lm_head,1273,0,4,440927
embedding,1274,0,4,36897
input_layernorm,1274,0,4,84233
q_proj,1274,0,4,15981
k_proj,1274,0,4,9273
v_proj,1274,0,4,9443
rope,1274,0,4,42389
attn,1274,0,4,48466
o_proj,1274,0,4,16219
post_layernorm,1274,0,4,83248
gate_proj,1274,0,4,52653
up_proj,1274,0,4,50512
act_fn,1274,0,4,13770
down_proj,1274,0,4,47859
final_layernorm,1274,0,4,85326
lm_head,1274,0,4,440732
embedding,1275,0,4,36686
input_layernorm,1275,0,4,84340
q_proj,1275,0,4,15949
k_proj,1275,0,4,9303
v_proj,1275,0,4,9525
rope,1275,0,4,42281
attn,1275,0,4,48444
o_proj,1275,0,4,16205
post_layernorm,1275,0,4,83448
gate_proj,1275,0,4,52520
up_proj,1275,0,4,50360
act_fn,1275,0,4,13762
down_proj,1275,0,4,47778
final_layernorm,1275,0,4,85329
lm_head,1275,0,4,439741
embedding,1276,0,4,36844
input_layernorm,1276,0,4,84664
q_proj,1276,0,4,15963
k_proj,1276,0,4,9253
v_proj,1276,0,4,9464
rope,1276,0,4,42386
attn,1276,0,4,48354
o_proj,1276,0,4,16186
post_layernorm,1276,0,4,83334
gate_proj,1276,0,4,52604
up_proj,1276,0,4,50552
act_fn,1276,0,4,13752
down_proj,1276,0,4,47786
final_layernorm,1276,0,4,85453
lm_head,1276,0,4,440276
embedding,1277,0,4,37029
input_layernorm,1277,0,4,85097
q_proj,1277,0,4,16069
k_proj,1277,0,4,9339
v_proj,1277,0,4,9376
rope,1277,0,4,42730
attn,1277,0,4,48830
o_proj,1277,0,4,16305
post_layernorm,1277,0,4,84005
gate_proj,1277,0,4,53302
up_proj,1277,0,4,50746
act_fn,1277,0,4,13812
down_proj,1277,0,4,47939
final_layernorm,1277,0,4,86042
lm_head,1277,0,4,440742
embedding,1278,0,4,36735
input_layernorm,1278,0,4,84473
q_proj,1278,0,4,15997
k_proj,1278,0,4,9334
v_proj,1278,0,4,9513
rope,1278,0,4,42396
attn,1278,0,4,48413
o_proj,1278,0,4,16222
post_layernorm,1278,0,4,83642
gate_proj,1278,0,4,52783
up_proj,1278,0,4,50620
act_fn,1278,0,4,13840
down_proj,1278,0,4,47837
final_layernorm,1278,0,4,85740
lm_head,1278,0,4,440472
embedding,1279,0,4,36587
input_layernorm,1279,0,4,84875
q_proj,1279,0,4,16004
k_proj,1279,0,4,9287
v_proj,1279,0,4,9349
rope,1279,0,4,42439
attn,1279,0,4,48481
o_proj,1279,0,4,16246
post_layernorm,1279,0,4,83689
gate_proj,1279,0,4,52766
up_proj,1279,0,4,50565
act_fn,1279,0,4,13812
down_proj,1279,0,4,47877
final_layernorm,1279,0,4,85897
lm_head,1279,0,4,439991
embedding,1280,0,4,36663
input_layernorm,1280,0,4,84348
q_proj,1280,0,4,15986
k_proj,1280,0,4,8618
v_proj,1280,0,4,8252
rope,1280,0,4,42273
attn,1280,0,4,42716
o_proj,1280,0,4,16337
post_layernorm,1280,0,4,83187
gate_proj,1280,0,4,54870
up_proj,1280,0,4,51966
act_fn,1280,0,4,13553
down_proj,1280,0,4,48251
final_layernorm,1280,0,4,85271
lm_head,1280,0,4,439930
embedding,1281,0,4,36672
input_layernorm,1281,0,4,86033
q_proj,1281,0,4,16544
k_proj,1281,0,4,9552
v_proj,1281,0,4,9143
rope,1281,0,4,42420
attn,1281,0,4,51180
o_proj,1281,0,4,16267
post_layernorm,1281,0,4,85372
gate_proj,1281,0,4,52888
up_proj,1281,0,4,50497
act_fn,1281,0,4,13845
down_proj,1281,0,4,49648
final_layernorm,1281,0,4,85589
lm_head,1281,0,4,445931
embedding,1282,0,4,36448
input_layernorm,1282,0,4,86342
q_proj,1282,0,4,16541
k_proj,1282,0,4,9467
v_proj,1282,0,4,9070
rope,1282,0,4,42273
attn,1282,0,4,51247
o_proj,1282,0,4,16234
post_layernorm,1282,0,4,85180
gate_proj,1282,0,4,52606
up_proj,1282,0,4,50370
act_fn,1282,0,4,13867
down_proj,1282,0,4,49578
final_layernorm,1282,0,4,85537
lm_head,1282,0,4,445741
embedding,1283,0,4,36496
input_layernorm,1283,0,4,86535
q_proj,1283,0,4,16547
k_proj,1283,0,4,9522
v_proj,1283,0,4,9081
rope,1283,0,4,42230
attn,1283,0,4,51464
o_proj,1283,0,4,16263
post_layernorm,1283,0,4,85226
gate_proj,1283,0,4,52571
up_proj,1283,0,4,50474
act_fn,1283,0,4,13928
down_proj,1283,0,4,49602
final_layernorm,1283,0,4,85579
lm_head,1283,0,4,445998
embedding,1284,0,4,36754
input_layernorm,1284,0,4,86411
q_proj,1284,0,4,16523
k_proj,1284,0,4,9504
v_proj,1284,0,4,9074
rope,1284,0,4,42472
attn,1284,0,4,51292
o_proj,1284,0,4,16244
post_layernorm,1284,0,4,85479
gate_proj,1284,0,4,52509
up_proj,1284,0,4,50350
act_fn,1284,0,4,13898
down_proj,1284,0,4,49565
final_layernorm,1284,0,4,85396
lm_head,1284,0,4,445758
embedding,1285,0,4,36797
input_layernorm,1285,0,4,86535
q_proj,1285,0,4,16561
k_proj,1285,0,4,9497
v_proj,1285,0,4,9105
rope,1285,0,4,42342
attn,1285,0,4,51620
o_proj,1285,0,4,16257
post_layernorm,1285,0,4,85522
gate_proj,1285,0,4,52574
up_proj,1285,0,4,50504
act_fn,1285,0,4,13941
down_proj,1285,0,4,49655
final_layernorm,1285,0,4,85825
lm_head,1285,0,4,446283
embedding,1286,0,4,36636
input_layernorm,1286,0,4,86555
q_proj,1286,0,4,16537
k_proj,1286,0,4,9520
v_proj,1286,0,4,9081
rope,1286,0,4,42250
attn,1286,0,4,51295
o_proj,1286,0,4,16249
post_layernorm,1286,0,4,85608
gate_proj,1286,0,4,52529
up_proj,1286,0,4,50462
act_fn,1286,0,4,13923
down_proj,1286,0,4,49618
final_layernorm,1286,0,4,86072
lm_head,1286,0,4,445534
embedding,1287,0,4,37252
input_layernorm,1287,0,4,87055
q_proj,1287,0,4,16662
k_proj,1287,0,4,9696
v_proj,1287,0,4,9211
rope,1287,0,4,42735
attn,1287,0,4,51806
o_proj,1287,0,4,16364
post_layernorm,1287,0,4,86246
gate_proj,1287,0,4,53340
up_proj,1287,0,4,50725
act_fn,1287,0,4,13938
down_proj,1287,0,4,49976
final_layernorm,1287,0,4,86368
lm_head,1287,0,4,446809
embedding,1288,0,4,37258
input_layernorm,1288,0,4,86628
q_proj,1288,0,4,16564
k_proj,1288,0,4,9541
v_proj,1288,0,4,9116
rope,1288,0,4,42513
attn,1288,0,4,51264
o_proj,1288,0,4,16266
post_layernorm,1288,0,4,85466
gate_proj,1288,0,4,52720
up_proj,1288,0,4,50611
act_fn,1288,0,4,13968
down_proj,1288,0,4,49745
final_layernorm,1288,0,4,85870
lm_head,1288,0,4,445979
embedding,1289,0,4,37485
input_layernorm,1289,0,4,87102
q_proj,1289,0,4,16584
k_proj,1289,0,4,9618
v_proj,1289,0,4,9319
rope,1289,0,4,42525
attn,1289,0,4,51512
o_proj,1289,0,4,16282
post_layernorm,1289,0,4,85981
gate_proj,1289,0,4,52899
up_proj,1289,0,4,50547
act_fn,1289,0,4,14016
down_proj,1289,0,4,49702
final_layernorm,1289,0,4,86516
lm_head,1289,0,4,446951
embedding,1290,0,4,37489
input_layernorm,1290,0,4,86824
q_proj,1290,0,4,16597
k_proj,1290,0,4,9601
v_proj,1290,0,4,9295
rope,1290,0,4,42503
attn,1290,0,4,51249
o_proj,1290,0,4,16296
post_layernorm,1290,0,4,85735
gate_proj,1290,0,4,52918
up_proj,1290,0,4,50499
act_fn,1290,0,4,13980
down_proj,1290,0,4,49715
final_layernorm,1290,0,4,86172
lm_head,1290,0,4,446787
embedding,1291,0,4,37133
input_layernorm,1291,0,4,86936
q_proj,1291,0,4,16545
k_proj,1291,0,4,9553
v_proj,1291,0,4,9193
rope,1291,0,4,42379
attn,1291,0,4,51145
o_proj,1291,0,4,16257
post_layernorm,1291,0,4,85881
gate_proj,1291,0,4,52702
up_proj,1291,0,4,50356
act_fn,1291,0,4,13991
down_proj,1291,0,4,49563
final_layernorm,1291,0,4,86135
lm_head,1291,0,4,446158
embedding,1292,0,4,37128
input_layernorm,1292,0,4,86887
q_proj,1292,0,4,16549
k_proj,1292,0,4,9513
v_proj,1292,0,4,9145
rope,1292,0,4,42496
attn,1292,0,4,51175
o_proj,1292,0,4,16249
post_layernorm,1292,0,4,85936
gate_proj,1292,0,4,52549
up_proj,1292,0,4,50521
act_fn,1292,0,4,14008
down_proj,1292,0,4,49613
final_layernorm,1292,0,4,86314
lm_head,1292,0,4,446451
embedding,1293,0,4,37141
input_layernorm,1293,0,4,86989
q_proj,1293,0,4,16530
k_proj,1293,0,4,9489
v_proj,1293,0,4,9146
rope,1293,0,4,42308
attn,1293,0,4,51383
o_proj,1293,0,4,16252
post_layernorm,1293,0,4,86044
gate_proj,1293,0,4,52388
up_proj,1293,0,4,50371
act_fn,1293,0,4,14002
down_proj,1293,0,4,49614
final_layernorm,1293,0,4,86622
lm_head,1293,0,4,446249
embedding,1294,0,4,37356
input_layernorm,1294,0,4,87455
q_proj,1294,0,4,16684
k_proj,1294,0,4,9678
v_proj,1294,0,4,9366
rope,1294,0,4,42934
attn,1294,0,4,52066
o_proj,1294,0,4,16422
post_layernorm,1294,0,4,86740
gate_proj,1294,0,4,53331
up_proj,1294,0,4,50804
act_fn,1294,0,4,14040
down_proj,1294,0,4,50041
final_layernorm,1294,0,4,86863
lm_head,1294,0,4,447830
embedding,1295,0,4,37719
input_layernorm,1295,0,4,87212
q_proj,1295,0,4,16581
k_proj,1295,0,4,9562
v_proj,1295,0,4,9224
rope,1295,0,4,42404
attn,1295,0,4,51231
o_proj,1295,0,4,16286
post_layernorm,1295,0,4,86176
gate_proj,1295,0,4,52841
up_proj,1295,0,4,50423
act_fn,1295,0,4,14099
down_proj,1295,0,4,49660
final_layernorm,1295,0,4,86715
lm_head,1295,0,4,446825
embedding,1296,0,4,37139
input_layernorm,1296,0,4,86987
q_proj,1296,0,4,17193
k_proj,1296,0,4,8832
v_proj,1296,0,4,8306
rope,1296,0,4,42637
attn,1296,0,4,51215
o_proj,1296,0,4,16514
post_layernorm,1296,0,4,86074
gate_proj,1296,0,4,52955
up_proj,1296,0,4,50446
act_fn,1296,0,4,14131
down_proj,1296,0,4,50314
final_layernorm,1296,0,4,86396
lm_head,1296,0,4,446922
embedding,1297,0,4,37461
input_layernorm,1297,0,4,87691
q_proj,1297,0,4,16646
k_proj,1297,0,4,8643
v_proj,1297,0,4,7969
rope,1297,0,4,42501
attn,1297,0,4,51596
o_proj,1297,0,4,16363
post_layernorm,1297,0,4,86711
gate_proj,1297,0,4,55312
up_proj,1297,0,4,52736
act_fn,1297,0,4,14011
down_proj,1297,0,4,49967
final_layernorm,1297,0,4,86985
lm_head,1297,0,4,446970
embedding,1298,0,4,37410
input_layernorm,1298,0,4,87224
q_proj,1298,0,4,16573
k_proj,1298,0,4,8602
v_proj,1298,0,4,7865
rope,1298,0,4,42375
attn,1298,0,4,51152
o_proj,1298,0,4,16282
post_layernorm,1298,0,4,86397
gate_proj,1298,0,4,55035
up_proj,1298,0,4,52501
act_fn,1298,0,4,14012
down_proj,1298,0,4,49681
final_layernorm,1298,0,4,86871
lm_head,1298,0,4,446770
embedding,1299,0,4,37163
input_layernorm,1299,0,4,87354
q_proj,1299,0,4,16570
k_proj,1299,0,4,8542
v_proj,1299,0,4,7796
rope,1299,0,4,42317
attn,1299,0,4,51499
o_proj,1299,0,4,16318
post_layernorm,1299,0,4,86649
gate_proj,1299,0,4,55078
up_proj,1299,0,4,52574
act_fn,1299,0,4,14006
down_proj,1299,0,4,49837
final_layernorm,1299,0,4,87192
lm_head,1299,0,4,446871
embedding,1300,0,4,37009
input_layernorm,1300,0,4,87630
q_proj,1300,0,4,16583
k_proj,1300,0,4,8614
v_proj,1300,0,4,7782
rope,1300,0,4,42640
attn,1300,0,4,51303
o_proj,1300,0,4,16343
post_layernorm,1300,0,4,86873
gate_proj,1300,0,4,55224
up_proj,1300,0,4,52612
act_fn,1300,0,4,14055
down_proj,1300,0,4,49722
final_layernorm,1300,0,4,87517
lm_head,1300,0,4,447196
embedding,1301,0,4,37280
input_layernorm,1301,0,4,87479
q_proj,1301,0,4,16592
k_proj,1301,0,4,8528
v_proj,1301,0,4,7812
rope,1301,0,4,42414
attn,1301,0,4,51614
o_proj,1301,0,4,16347
post_layernorm,1301,0,4,86885
gate_proj,1301,0,4,55043
up_proj,1301,0,4,52578
act_fn,1301,0,4,14061
down_proj,1301,0,4,49796
final_layernorm,1301,0,4,87356
lm_head,1301,0,4,446691
embedding,1302,0,4,37164
input_layernorm,1302,0,4,87841
q_proj,1302,0,4,16611
k_proj,1302,0,4,8595
v_proj,1302,0,4,7791
rope,1302,0,4,42639
attn,1302,0,4,51255
o_proj,1302,0,4,16311
post_layernorm,1302,0,4,86984
gate_proj,1302,0,4,55167
up_proj,1302,0,4,52541
act_fn,1302,0,4,14037
down_proj,1302,0,4,49704
final_layernorm,1302,0,4,87677
lm_head,1302,0,4,447485
embedding,1303,0,4,37184
input_layernorm,1303,0,4,87991
q_proj,1303,0,4,16593
k_proj,1303,0,4,8541
v_proj,1303,0,4,7776
rope,1303,0,4,42623
attn,1303,0,4,51551
o_proj,1303,0,4,16292
post_layernorm,1303,0,4,87083
gate_proj,1303,0,4,55072
up_proj,1303,0,4,52594
act_fn,1303,0,4,14113
down_proj,1303,0,4,49833
final_layernorm,1303,0,4,87660
lm_head,1303,0,4,446914
embedding,1304,0,4,36988
input_layernorm,1304,0,4,87798
q_proj,1304,0,4,16610
k_proj,1304,0,4,8610
v_proj,1304,0,4,7766
rope,1304,0,4,42789
attn,1304,0,4,51411
o_proj,1304,0,4,16297
post_layernorm,1304,0,4,86036
gate_proj,1304,0,4,55202
up_proj,1304,0,4,52572
act_fn,1304,0,4,14099
down_proj,1304,0,4,49716
final_layernorm,1304,0,4,87672
lm_head,1304,0,4,447012
embedding,1305,0,4,37303
input_layernorm,1305,0,4,88379
q_proj,1305,0,4,16645
k_proj,1305,0,4,8659
v_proj,1305,0,4,7780
rope,1305,0,4,42733
attn,1305,0,4,51366
o_proj,1305,0,4,16316
post_layernorm,1305,0,4,86545
gate_proj,1305,0,4,55196
up_proj,1305,0,4,52595
act_fn,1305,0,4,14093
down_proj,1305,0,4,49808
final_layernorm,1305,0,4,88046
lm_head,1305,0,4,447419
embedding,1306,0,4,37113
input_layernorm,1306,0,4,88339
q_proj,1306,0,4,16652
k_proj,1306,0,4,8718
v_proj,1306,0,4,7784
rope,1306,0,4,42862
attn,1306,0,4,51606
o_proj,1306,0,4,16335
post_layernorm,1306,0,4,87072
gate_proj,1306,0,4,55320
up_proj,1306,0,4,52767
act_fn,1306,0,4,14104
down_proj,1306,0,4,49981
final_layernorm,1306,0,4,88000
lm_head,1306,0,4,447732
embedding,1307,0,4,37485
input_layernorm,1307,0,4,88288
q_proj,1307,0,4,16584
k_proj,1307,0,4,8582
v_proj,1307,0,4,7751
rope,1307,0,4,42695
attn,1307,0,4,51345
o_proj,1307,0,4,16272
post_layernorm,1307,0,4,86786
gate_proj,1307,0,4,54925
up_proj,1307,0,4,52505
act_fn,1307,0,4,14145
down_proj,1307,0,4,49774
final_layernorm,1307,0,4,88097
lm_head,1307,0,4,447006
embedding,1308,0,4,37475
input_layernorm,1308,0,4,88832
q_proj,1308,0,4,16725
k_proj,1308,0,4,8654
v_proj,1308,0,4,7849
rope,1308,0,4,43382
attn,1308,0,4,52067
o_proj,1308,0,4,16430
post_layernorm,1308,0,4,87499
gate_proj,1308,0,4,55716
up_proj,1308,0,4,52953
act_fn,1308,0,4,14062
down_proj,1308,0,4,50100
final_layernorm,1308,0,4,88417
lm_head,1308,0,4,447921
embedding,1309,0,4,37451
input_layernorm,1309,0,4,88426
q_proj,1309,0,4,16601
k_proj,1309,0,4,8677
v_proj,1309,0,4,7751
rope,1309,0,4,42696
attn,1309,0,4,51520
o_proj,1309,0,4,16299
post_layernorm,1309,0,4,87012
gate_proj,1309,0,4,55074
up_proj,1309,0,4,52672
act_fn,1309,0,4,14223
down_proj,1309,0,4,49907
final_layernorm,1309,0,4,88041
lm_head,1309,0,4,447337
embedding,1310,0,4,37889
input_layernorm,1310,0,4,88966
q_proj,1310,0,4,16724
k_proj,1310,0,4,8716
v_proj,1310,0,4,7810
rope,1310,0,4,43192
attn,1310,0,4,51935
o_proj,1310,0,4,16438
post_layernorm,1310,0,4,87686
gate_proj,1310,0,4,55695
up_proj,1310,0,4,52962
act_fn,1310,0,4,14101
down_proj,1310,0,4,50075
final_layernorm,1310,0,4,88661
lm_head,1310,0,4,448023
embedding,1311,0,4,37288
input_layernorm,1311,0,4,88549
q_proj,1311,0,4,16646
k_proj,1311,0,4,8644
v_proj,1311,0,4,7786
rope,1311,0,4,42947
attn,1311,0,4,51858
o_proj,1311,0,4,16337
post_layernorm,1311,0,4,87405
gate_proj,1311,0,4,55256
up_proj,1311,0,4,52751
act_fn,1311,0,4,14202
down_proj,1311,0,4,50019
final_layernorm,1311,0,4,88446
lm_head,1311,0,4,447688
embedding,1312,0,4,37353
input_layernorm,1312,0,4,88328
q_proj,1312,0,4,19162
k_proj,1312,0,4,8764
v_proj,1312,0,4,8203
rope,1312,0,4,43273
attn,1312,0,4,51306
o_proj,1312,0,4,17418
post_layernorm,1312,0,4,86932
gate_proj,1312,0,4,54585
up_proj,1312,0,4,52082
act_fn,1312,0,4,14033
down_proj,1312,0,4,60007
final_layernorm,1312,0,4,87876
lm_head,1312,0,4,447270
embedding,1313,0,4,37386
input_layernorm,1313,0,4,88733
q_proj,1313,0,4,16594
k_proj,1313,0,4,8661
v_proj,1313,0,4,7740
rope,1313,0,4,42698
attn,1313,0,4,51329
o_proj,1313,0,4,16301
post_layernorm,1313,0,4,87224
gate_proj,1313,0,4,54975
up_proj,1313,0,4,52498
act_fn,1313,0,4,14288
down_proj,1313,0,4,49766
final_layernorm,1313,0,4,88527
lm_head,1313,0,4,447279
embedding,1314,0,4,37658
input_layernorm,1314,0,4,89002
q_proj,1314,0,4,16656
k_proj,1314,0,4,8652
v_proj,1314,0,4,7799
rope,1314,0,4,43072
attn,1314,0,4,51487
o_proj,1314,0,4,16363
post_layernorm,1314,0,4,87682
gate_proj,1314,0,4,55345
up_proj,1314,0,4,52751
act_fn,1314,0,4,14160
down_proj,1314,0,4,49926
final_layernorm,1314,0,4,89122
lm_head,1314,0,4,447937
embedding,1315,0,4,37651
input_layernorm,1315,0,4,88908
q_proj,1315,0,4,16633
k_proj,1315,0,4,8756
v_proj,1315,0,4,7743
rope,1315,0,4,42828
attn,1315,0,4,51633
o_proj,1315,0,4,16301
post_layernorm,1315,0,4,87628
gate_proj,1315,0,4,55156
up_proj,1315,0,4,52734
act_fn,1315,0,4,14261
down_proj,1315,0,4,49981
final_layernorm,1315,0,4,88733
lm_head,1315,0,4,448001
embedding,1316,0,4,37577
input_layernorm,1316,0,4,89150
q_proj,1316,0,4,16698
k_proj,1316,0,4,8819
v_proj,1316,0,4,7814
rope,1316,0,4,43332
attn,1316,0,4,51759
o_proj,1316,0,4,16390
post_layernorm,1316,0,4,87887
gate_proj,1316,0,4,55557
up_proj,1316,0,4,52868
act_fn,1316,0,4,14236
down_proj,1316,0,4,50080
final_layernorm,1316,0,4,89069
lm_head,1316,0,4,448575
embedding,1317,0,4,37348
input_layernorm,1317,0,4,89209
q_proj,1317,0,4,16698
k_proj,1317,0,4,8649
v_proj,1317,0,4,7788
rope,1317,0,4,43051
attn,1317,0,4,51518
o_proj,1317,0,4,16381
post_layernorm,1317,0,4,87698
gate_proj,1317,0,4,55326
up_proj,1317,0,4,52815
act_fn,1317,0,4,14257
down_proj,1317,0,4,50086
final_layernorm,1317,0,4,88865
lm_head,1317,0,4,448333
embedding,1318,0,4,37897
input_layernorm,1318,0,4,89467
q_proj,1318,0,4,16717
k_proj,1318,0,4,8735
v_proj,1318,0,4,7828
rope,1318,0,4,43291
attn,1318,0,4,51762
o_proj,1318,0,4,16447
post_layernorm,1318,0,4,88119
gate_proj,1318,0,4,55609
up_proj,1318,0,4,52853
act_fn,1318,0,4,14293
down_proj,1318,0,4,50053
final_layernorm,1318,0,4,89274
lm_head,1318,0,4,448796
embedding,1319,0,4,37944
input_layernorm,1319,0,4,89258
q_proj,1319,0,4,16668
k_proj,1319,0,4,8685
v_proj,1319,0,4,7804
rope,1319,0,4,42996
attn,1319,0,4,51703
o_proj,1319,0,4,16348
post_layernorm,1319,0,4,88060
gate_proj,1319,0,4,55271
up_proj,1319,0,4,52790
act_fn,1319,0,4,14382
down_proj,1319,0,4,50046
final_layernorm,1319,0,4,89012
lm_head,1319,0,4,448804
embedding,1320,0,4,38218
input_layernorm,1320,0,4,88874
q_proj,1320,0,4,16646
k_proj,1320,0,4,8728
v_proj,1320,0,4,7771
rope,1320,0,4,43146
attn,1320,0,4,51400
o_proj,1320,0,4,16351
post_layernorm,1320,0,4,87867
gate_proj,1320,0,4,55290
up_proj,1320,0,4,52652
act_fn,1320,0,4,14320
down_proj,1320,0,4,49896
final_layernorm,1320,0,4,88777
lm_head,1320,0,4,448738
embedding,1321,0,4,38320
input_layernorm,1321,0,4,89119
q_proj,1321,0,4,16654
k_proj,1321,0,4,9267
v_proj,1321,0,4,8766
rope,1321,0,4,43066
attn,1321,0,4,51642
o_proj,1321,0,4,16351
post_layernorm,1321,0,4,88014
gate_proj,1321,0,4,55130
up_proj,1321,0,4,52647
act_fn,1321,0,4,14337
down_proj,1321,0,4,49993
final_layernorm,1321,0,4,89076
lm_head,1321,0,4,448126
embedding,1322,0,4,38190
input_layernorm,1322,0,4,89685
q_proj,1322,0,4,16711
k_proj,1322,0,4,9294
v_proj,1322,0,4,8838
rope,1322,0,4,43380
attn,1322,0,4,51623
o_proj,1322,0,4,16425
post_layernorm,1322,0,4,88532
gate_proj,1322,0,4,55508
up_proj,1322,0,4,52893
act_fn,1322,0,4,14402
down_proj,1322,0,4,50002
final_layernorm,1322,0,4,89427
lm_head,1322,0,4,448734
embedding,1323,0,4,38144
input_layernorm,1323,0,4,89855
q_proj,1323,0,4,16722
k_proj,1323,0,4,9341
v_proj,1323,0,4,8817
rope,1323,0,4,43444
attn,1323,0,4,52232
o_proj,1323,0,4,16436
post_layernorm,1323,0,4,88757
gate_proj,1323,0,4,55570
up_proj,1323,0,4,52904
act_fn,1323,0,4,14367
down_proj,1323,0,4,50074
final_layernorm,1323,0,4,89719
lm_head,1323,0,4,448740
embedding,1324,0,4,38236
input_layernorm,1324,0,4,89533
q_proj,1324,0,4,16691
k_proj,1324,0,4,9355
v_proj,1324,0,4,8801
rope,1324,0,4,43367
attn,1324,0,4,51643
o_proj,1324,0,4,16390
post_layernorm,1324,0,4,88536
gate_proj,1324,0,4,55429
up_proj,1324,0,4,52942
act_fn,1324,0,4,14381
down_proj,1324,0,4,50223
final_layernorm,1324,0,4,89455
lm_head,1324,0,4,448579
embedding,1325,0,4,38469
input_layernorm,1325,0,4,89715
q_proj,1325,0,4,16759
k_proj,1325,0,4,9358
v_proj,1325,0,4,8885
rope,1325,0,4,43576
attn,1325,0,4,52004
o_proj,1325,0,4,16465
post_layernorm,1325,0,4,88705
gate_proj,1325,0,4,55788
up_proj,1325,0,4,53007
act_fn,1325,0,4,14404
down_proj,1325,0,4,50212
final_layernorm,1325,0,4,89847
lm_head,1325,0,4,448977
embedding,1326,0,4,38118
input_layernorm,1326,0,4,89943
q_proj,1326,0,4,16742
k_proj,1326,0,4,9311
v_proj,1326,0,4,8847
rope,1326,0,4,43454
attn,1326,0,4,52030
o_proj,1326,0,4,16426
post_layernorm,1326,0,4,88848
gate_proj,1326,0,4,55643
up_proj,1326,0,4,52916
act_fn,1326,0,4,14425
down_proj,1326,0,4,50146
final_layernorm,1326,0,4,89741
lm_head,1326,0,4,448889
embedding,1327,0,4,37944
input_layernorm,1327,0,4,89265
q_proj,1327,0,4,16640
k_proj,1327,0,4,9226
v_proj,1327,0,4,8765
rope,1327,0,4,43123
attn,1327,0,4,51438
o_proj,1327,0,4,16387
post_layernorm,1327,0,4,88378
gate_proj,1327,0,4,55100
up_proj,1327,0,4,52743
act_fn,1327,0,4,14468
down_proj,1327,0,4,49986
final_layernorm,1327,0,4,89479
lm_head,1327,0,4,448646
embedding,1328,0,4,38150
input_layernorm,1328,0,4,89668
q_proj,1328,0,4,17485
k_proj,1328,0,4,8854
v_proj,1328,0,4,8254
rope,1328,0,4,43796
attn,1328,0,4,51717
o_proj,1328,0,4,16624
post_layernorm,1328,0,4,88582
gate_proj,1328,0,4,55066
up_proj,1328,0,4,52293
act_fn,1328,0,4,14269
down_proj,1328,0,4,50864
final_layernorm,1328,0,4,89655
lm_head,1328,0,4,448965
embedding,1329,0,4,38150
input_layernorm,1329,0,4,89980
q_proj,1329,0,4,16686
k_proj,1329,0,4,9295
v_proj,1329,0,4,8817
rope,1329,0,4,43353
attn,1329,0,4,51141
o_proj,1329,0,4,16406
post_layernorm,1329,0,4,88783
gate_proj,1329,0,4,55361
up_proj,1329,0,4,52760
act_fn,1329,0,4,14482
down_proj,1329,0,4,49967
final_layernorm,1329,0,4,89748
lm_head,1329,0,4,449095
embedding,1330,0,4,38107
input_layernorm,1330,0,4,89928
q_proj,1330,0,4,16731
k_proj,1330,0,4,9335
v_proj,1330,0,4,8842
rope,1330,0,4,43494
attn,1330,0,4,51242
o_proj,1330,0,4,16494
post_layernorm,1330,0,4,88872
gate_proj,1330,0,4,55408
up_proj,1330,0,4,52954
act_fn,1330,0,4,14478
down_proj,1330,0,4,50298
final_layernorm,1330,0,4,89799
lm_head,1330,0,4,448795
embedding,1331,0,4,38527
input_layernorm,1331,0,4,90296
q_proj,1331,0,4,16786
k_proj,1331,0,4,9391
v_proj,1331,0,4,8915
rope,1331,0,4,43850
attn,1331,0,4,51803
o_proj,1331,0,4,16520
post_layernorm,1331,0,4,89620
gate_proj,1331,0,4,55952
up_proj,1331,0,4,53149
act_fn,1331,0,4,14512
down_proj,1331,0,4,50404
final_layernorm,1331,0,4,90364
lm_head,1331,0,4,449650
embedding,1332,0,4,37919
input_layernorm,1332,0,4,89995
q_proj,1332,0,4,16663
k_proj,1332,0,4,9272
v_proj,1332,0,4,8758
rope,1332,0,4,43441
attn,1332,0,4,51017
o_proj,1332,0,4,16380
post_layernorm,1332,0,4,88935
gate_proj,1332,0,4,55150
up_proj,1332,0,4,52720
act_fn,1332,0,4,14545
down_proj,1332,0,4,50032
final_layernorm,1332,0,4,89919
lm_head,1332,0,4,448673
embedding,1333,0,4,38387
input_layernorm,1333,0,4,90459
q_proj,1333,0,4,16723
k_proj,1333,0,4,9285
v_proj,1333,0,4,8801
rope,1333,0,4,43554
attn,1333,0,4,51229
o_proj,1333,0,4,16395
post_layernorm,1333,0,4,89458
gate_proj,1333,0,4,55510
up_proj,1333,0,4,52846
act_fn,1333,0,4,14534
down_proj,1333,0,4,50032
final_layernorm,1333,0,4,90494
lm_head,1333,0,4,449130
embedding,1334,0,4,37850
input_layernorm,1334,0,4,90102
q_proj,1334,0,4,16654
k_proj,1334,0,4,9289
v_proj,1334,0,4,8784
rope,1334,0,4,43387
attn,1334,0,4,51558
o_proj,1334,0,4,16384
post_layernorm,1334,0,4,89067
gate_proj,1334,0,4,55170
up_proj,1334,0,4,52740
act_fn,1334,0,4,14531
down_proj,1334,0,4,50075
final_layernorm,1334,0,4,90082
lm_head,1334,0,4,448903
embedding,1335,0,4,38388
input_layernorm,1335,0,4,90277
q_proj,1335,0,4,16693
k_proj,1335,0,4,9265
v_proj,1335,0,4,8776
rope,1335,0,4,43620
attn,1335,0,4,51492
o_proj,1335,0,4,16417
post_layernorm,1335,0,4,89368
gate_proj,1335,0,4,55428
up_proj,1335,0,4,52851
act_fn,1335,0,4,14608
down_proj,1335,0,4,50025
final_layernorm,1335,0,4,90552
lm_head,1335,0,4,449661
embedding,1336,0,4,38128
input_layernorm,1336,0,4,90115
q_proj,1336,0,4,16673
k_proj,1336,0,4,8723
v_proj,1336,0,4,8172
rope,1336,0,4,43614
attn,1336,0,4,51326
o_proj,1336,0,4,16363
post_layernorm,1336,0,4,88933
gate_proj,1336,0,4,55152
up_proj,1336,0,4,52619
act_fn,1336,0,4,14599
down_proj,1336,0,4,49970
final_layernorm,1336,0,4,90047
lm_head,1336,0,4,449244
embedding,1337,0,4,38436
input_layernorm,1337,0,4,90612
q_proj,1337,0,4,16760
k_proj,1337,0,4,9344
v_proj,1337,0,4,8845
rope,1337,0,4,43803
attn,1337,0,4,51519
o_proj,1337,0,4,16483
post_layernorm,1337,0,4,89529
gate_proj,1337,0,4,55649
up_proj,1337,0,4,53001
act_fn,1337,0,4,14632
down_proj,1337,0,4,50209
final_layernorm,1337,0,4,90763
lm_head,1337,0,4,449885
embedding,1338,0,4,38240
input_layernorm,1338,0,4,90180
q_proj,1338,0,4,16713
k_proj,1338,0,4,9276
v_proj,1338,0,4,8784
rope,1338,0,4,43473
attn,1338,0,4,51132
o_proj,1338,0,4,16410
post_layernorm,1338,0,4,89292
gate_proj,1338,0,4,55165
up_proj,1338,0,4,52689
act_fn,1338,0,4,14638
down_proj,1338,0,4,50026
final_layernorm,1338,0,4,90252
lm_head,1338,0,4,449242
embedding,1339,0,4,38273
input_layernorm,1339,0,4,90676
q_proj,1339,0,4,16705
k_proj,1339,0,4,9319
v_proj,1339,0,4,8818
rope,1339,0,4,43780
attn,1339,0,4,51143
o_proj,1339,0,4,16478
post_layernorm,1339,0,4,89442
gate_proj,1339,0,4,55504
up_proj,1339,0,4,52832
act_fn,1339,0,4,14548
down_proj,1339,0,4,50076
final_layernorm,1339,0,4,90933
lm_head,1339,0,4,449328
embedding,1340,0,4,38026
input_layernorm,1340,0,4,90349
q_proj,1340,0,4,16700
k_proj,1340,0,4,9336
v_proj,1340,0,4,8771
rope,1340,0,4,43831
attn,1340,0,4,51043
o_proj,1340,0,4,16460
post_layernorm,1340,0,4,89333
gate_proj,1340,0,4,55250
up_proj,1340,0,4,52836
act_fn,1340,0,4,14606
down_proj,1340,0,4,50138
final_layernorm,1340,0,4,90575
lm_head,1340,0,4,449331
embedding,1341,0,4,38287
input_layernorm,1341,0,4,90749
q_proj,1341,0,4,16737
k_proj,1341,0,4,9318
v_proj,1341,0,4,8811
rope,1341,0,4,43867
attn,1341,0,4,51059
o_proj,1341,0,4,16453
post_layernorm,1341,0,4,89815
gate_proj,1341,0,4,55518
up_proj,1341,0,4,52922
act_fn,1341,0,4,14622
down_proj,1341,0,4,50216
final_layernorm,1341,0,4,90863
lm_head,1341,0,4,449521
embedding,1342,0,4,37781
input_layernorm,1342,0,4,90455
q_proj,1342,0,4,16677
k_proj,1342,0,4,9269
v_proj,1342,0,4,8718
rope,1342,0,4,43657
attn,1342,0,4,51041
o_proj,1342,0,4,16388
post_layernorm,1342,0,4,89467
gate_proj,1342,0,4,55107
up_proj,1342,0,4,52722
act_fn,1342,0,4,14618
down_proj,1342,0,4,50043
final_layernorm,1342,0,4,90592
lm_head,1342,0,4,449692
embedding,1343,0,4,38215
input_layernorm,1343,0,4,91544
q_proj,1343,0,4,16845
k_proj,1343,0,4,9451
v_proj,1343,0,4,8968
rope,1343,0,4,44356
attn,1343,0,4,51913
o_proj,1343,0,4,16554
post_layernorm,1343,0,4,90553
gate_proj,1343,0,4,56055
up_proj,1343,0,4,53237
act_fn,1343,0,4,14683
down_proj,1343,0,4,50502
final_layernorm,1343,0,4,91409
lm_head,1343,0,4,450154
embedding,1344,0,4,38412
input_layernorm,1344,0,4,90572
q_proj,1344,0,4,18457
k_proj,1344,0,4,8800
v_proj,1344,0,4,8170
rope,1344,0,4,44067
attn,1344,0,4,51097
o_proj,1344,0,4,17267
post_layernorm,1344,0,4,89417
gate_proj,1344,0,4,54850
up_proj,1344,0,4,52389
act_fn,1344,0,4,14500
down_proj,1344,0,4,59310
final_layernorm,1344,0,4,90238
lm_head,1344,0,4,449572
embedding,1345,0,4,38482
input_layernorm,1345,0,4,90714
q_proj,1345,0,4,17227
k_proj,1345,0,4,9329
v_proj,1345,0,4,9338
rope,1345,0,4,43579
attn,1345,0,4,51935
o_proj,1345,0,4,16866
post_layernorm,1345,0,4,89723
gate_proj,1345,0,4,55057
up_proj,1345,0,4,52787
act_fn,1345,0,4,14733
down_proj,1345,0,4,51842
final_layernorm,1345,0,4,90907
lm_head,1345,0,4,459586
embedding,1346,0,4,38425
input_layernorm,1346,0,4,91018
q_proj,1346,0,4,17243
k_proj,1346,0,4,9461
v_proj,1346,0,4,9376
rope,1346,0,4,43971
attn,1346,0,4,51738
o_proj,1346,0,4,16899
post_layernorm,1346,0,4,90086
gate_proj,1346,0,4,55392
up_proj,1346,0,4,52769
act_fn,1346,0,4,14718
down_proj,1346,0,4,51894
final_layernorm,1346,0,4,91072
lm_head,1346,0,4,459494
embedding,1347,0,4,38301
input_layernorm,1347,0,4,90931
q_proj,1347,0,4,17251
k_proj,1347,0,4,9517
v_proj,1347,0,4,9373
rope,1347,0,4,43703
attn,1347,0,4,52715
o_proj,1347,0,4,16857
post_layernorm,1347,0,4,89762
gate_proj,1347,0,4,55160
up_proj,1347,0,4,52930
act_fn,1347,0,4,14723
down_proj,1347,0,4,51994
final_layernorm,1347,0,4,90922
lm_head,1347,0,4,459548
embedding,1348,0,4,38509
input_layernorm,1348,0,4,90842
q_proj,1348,0,4,17190
k_proj,1348,0,4,9516
v_proj,1348,0,4,9430
rope,1348,0,4,43801
attn,1348,0,4,52726
o_proj,1348,0,4,16844
post_layernorm,1348,0,4,89864
gate_proj,1348,0,4,54984
up_proj,1348,0,4,52786
act_fn,1348,0,4,14705
down_proj,1348,0,4,51785
final_layernorm,1348,0,4,90999
lm_head,1348,0,4,459629
embedding,1349,0,4,38799
input_layernorm,1349,0,4,91533
q_proj,1349,0,4,17352
k_proj,1349,0,4,9618
v_proj,1349,0,4,9400
rope,1349,0,4,44295
attn,1349,0,4,53382
o_proj,1349,0,4,16995
post_layernorm,1349,0,4,90390
gate_proj,1349,0,4,55994
up_proj,1349,0,4,53247
act_fn,1349,0,4,14825
down_proj,1349,0,4,52362
final_layernorm,1349,0,4,91473
lm_head,1349,0,4,460855
embedding,1350,0,4,38753
input_layernorm,1350,0,4,91083
q_proj,1350,0,4,17259
k_proj,1350,0,4,9403
v_proj,1350,0,4,9297
rope,1350,0,4,43956
attn,1350,0,4,52883
o_proj,1350,0,4,16928
post_layernorm,1350,0,4,90235
gate_proj,1350,0,4,55352
up_proj,1350,0,4,52820
act_fn,1350,0,4,14857
down_proj,1350,0,4,51914
final_layernorm,1350,0,4,91075
lm_head,1350,0,4,460264
embedding,1351,0,4,39364
input_layernorm,1351,0,4,91764
q_proj,1351,0,4,17381
k_proj,1351,0,4,9544
v_proj,1351,0,4,9439
rope,1351,0,4,44314
attn,1351,0,4,53488
o_proj,1351,0,4,17031
post_layernorm,1351,0,4,90758
gate_proj,1351,0,4,55939
up_proj,1351,0,4,53208
act_fn,1351,0,4,14788
down_proj,1351,0,4,52322
final_layernorm,1351,0,4,91690
lm_head,1351,0,4,460790
embedding,1352,0,4,39075
input_layernorm,1352,0,4,91005
q_proj,1352,0,4,17231
k_proj,1352,0,4,9406
v_proj,1352,0,4,9416
rope,1352,0,4,43809
attn,1352,0,4,52828
o_proj,1352,0,4,16891
post_layernorm,1352,0,4,89844
gate_proj,1352,0,4,55146
up_proj,1352,0,4,52895
act_fn,1352,0,4,14753
down_proj,1352,0,4,51929
final_layernorm,1352,0,4,90826
lm_head,1352,0,4,459944
embedding,1353,0,4,39247
input_layernorm,1353,0,4,91780
q_proj,1353,0,4,17329
k_proj,1353,0,4,13562
v_proj,1353,0,4,15485
rope,1353,0,4,44187
attn,1353,0,4,53021
o_proj,1353,0,4,16964
post_layernorm,1353,0,4,90718
gate_proj,1353,0,4,55802
up_proj,1353,0,4,53080
act_fn,1353,0,4,14861
down_proj,1353,0,4,52204
final_layernorm,1353,0,4,91757
lm_head,1353,0,4,460834
embedding,1354,0,4,38713
input_layernorm,1354,0,4,91460
q_proj,1354,0,4,17206
k_proj,1354,0,4,13381
v_proj,1354,0,4,12737
rope,1354,0,4,43821
attn,1354,0,4,52321
o_proj,1354,0,4,16878
post_layernorm,1354,0,4,90439
gate_proj,1354,0,4,55106
up_proj,1354,0,4,52794
act_fn,1354,0,4,14878
down_proj,1354,0,4,51811
final_layernorm,1354,0,4,91490
lm_head,1354,0,4,460124
embedding,1355,0,4,39231
input_layernorm,1355,0,4,91892
q_proj,1355,0,4,17320
k_proj,1355,0,4,13401
v_proj,1355,0,4,12806
rope,1355,0,4,44230
attn,1355,0,4,53063
o_proj,1355,0,4,16987
post_layernorm,1355,0,4,91046
gate_proj,1355,0,4,55700
up_proj,1355,0,4,53041
act_fn,1355,0,4,14870
down_proj,1355,0,4,52184
final_layernorm,1355,0,4,91758
lm_head,1355,0,4,460736
embedding,1356,0,4,38785
input_layernorm,1356,0,4,91364
q_proj,1356,0,4,17242
k_proj,1356,0,4,14815
v_proj,1356,0,4,13108
rope,1356,0,4,43926
attn,1356,0,4,52753
o_proj,1356,0,4,16892
post_layernorm,1356,0,4,90466
gate_proj,1356,0,4,55070
up_proj,1356,0,4,52799
act_fn,1356,0,4,14888
down_proj,1356,0,4,51940
final_layernorm,1356,0,4,91301
lm_head,1356,0,4,460116
embedding,1357,0,4,39537
input_layernorm,1357,0,4,91928
q_proj,1357,0,4,17375
k_proj,1357,0,4,13312
v_proj,1357,0,4,12844
rope,1357,0,4,44380
attn,1357,0,4,53259
o_proj,1357,0,4,17031
post_layernorm,1357,0,4,91253
gate_proj,1357,0,4,55920
up_proj,1357,0,4,53171
act_fn,1357,0,4,14882
down_proj,1357,0,4,52231
final_layernorm,1357,0,4,92092
lm_head,1357,0,4,460600
embedding,1358,0,4,39297
input_layernorm,1358,0,4,91623
q_proj,1358,0,4,17266
k_proj,1358,0,4,13431
v_proj,1358,0,4,15244
rope,1358,0,4,43970
attn,1358,0,4,52378
o_proj,1358,0,4,16906
post_layernorm,1358,0,4,90451
gate_proj,1358,0,4,55170
up_proj,1358,0,4,52826
act_fn,1358,0,4,14871
down_proj,1358,0,4,52041
final_layernorm,1358,0,4,91494
lm_head,1358,0,4,460014
embedding,1359,0,4,39249
input_layernorm,1359,0,4,91710
q_proj,1359,0,4,17281
k_proj,1359,0,4,14711
v_proj,1359,0,4,13186
rope,1359,0,4,44048
attn,1359,0,4,52923
o_proj,1359,0,4,16951
post_layernorm,1359,0,4,90900
gate_proj,1359,0,4,55458
up_proj,1359,0,4,52842
act_fn,1359,0,4,14998
down_proj,1359,0,4,51930
final_layernorm,1359,0,4,92035
lm_head,1359,0,4,460537
embedding,1360,0,4,38997
input_layernorm,1360,0,4,91327
q_proj,1360,0,4,17257
k_proj,1360,0,4,11610
v_proj,1360,0,4,11779
rope,1360,0,4,43919
attn,1360,0,4,52500
o_proj,1360,0,4,16919
post_layernorm,1360,0,4,90248
gate_proj,1360,0,4,57475
up_proj,1360,0,4,54918
act_fn,1360,0,4,14776
down_proj,1360,0,4,51976
final_layernorm,1360,0,4,91344
lm_head,1360,0,4,459896
embedding,1361,0,4,39633
input_layernorm,1361,0,4,91687
q_proj,1361,0,4,17266
k_proj,1361,0,4,13531
v_proj,1361,0,4,15035
rope,1361,0,4,43896
attn,1361,0,4,53112
o_proj,1361,0,4,16953
post_layernorm,1361,0,4,90829
gate_proj,1361,0,4,55278
up_proj,1361,0,4,52927
act_fn,1361,0,4,14949
down_proj,1361,0,4,51948
final_layernorm,1361,0,4,91849
lm_head,1361,0,4,474804
embedding,1362,0,4,39836
input_layernorm,1362,0,4,92102
q_proj,1362,0,4,17345
k_proj,1362,0,4,13386
v_proj,1362,0,4,12690
rope,1362,0,4,44316
attn,1362,0,4,52934
o_proj,1362,0,4,17006
post_layernorm,1362,0,4,91453
gate_proj,1362,0,4,55754
up_proj,1362,0,4,53094
act_fn,1362,0,4,14962
down_proj,1362,0,4,52158
final_layernorm,1362,0,4,92175
lm_head,1362,0,4,475428
embedding,1363,0,4,39824
input_layernorm,1363,0,4,92208
q_proj,1363,0,4,17306
k_proj,1363,0,4,13257
v_proj,1363,0,4,12623
rope,1363,0,4,44211
attn,1363,0,4,52818
o_proj,1363,0,4,16954
post_layernorm,1363,0,4,91078
gate_proj,1363,0,4,55552
up_proj,1363,0,4,52954
act_fn,1363,0,4,14972
down_proj,1363,0,4,52088
final_layernorm,1363,0,4,92188
lm_head,1363,0,4,475592
embedding,1364,0,4,39993
input_layernorm,1364,0,4,92183
q_proj,1364,0,4,17282
k_proj,1364,0,4,14698
v_proj,1364,0,4,12910
rope,1364,0,4,44260
attn,1364,0,4,52581
o_proj,1364,0,4,16949
post_layernorm,1364,0,4,91135
gate_proj,1364,0,4,55418
up_proj,1364,0,4,52841
act_fn,1364,0,4,14952
down_proj,1364,0,4,51975
final_layernorm,1364,0,4,92194
lm_head,1364,0,4,475080
embedding,1365,0,4,39780
input_layernorm,1365,0,4,91593
q_proj,1365,0,4,17206
k_proj,1365,0,4,13529
v_proj,1365,0,4,12751
rope,1365,0,4,43773
attn,1365,0,4,52895
o_proj,1365,0,4,16860
post_layernorm,1365,0,4,90798
gate_proj,1365,0,4,54821
up_proj,1365,0,4,52713
act_fn,1365,0,4,15040
down_proj,1365,0,4,51770
final_layernorm,1365,0,4,92144
lm_head,1365,0,4,474525
embedding,1366,0,4,39472
input_layernorm,1366,0,4,92051
q_proj,1366,0,4,17290
k_proj,1366,0,4,13451
v_proj,1366,0,4,14773
rope,1366,0,4,44058
attn,1366,0,4,52500
o_proj,1366,0,4,16845
post_layernorm,1366,0,4,91305
gate_proj,1366,0,4,55473
up_proj,1366,0,4,52861
act_fn,1366,0,4,15012
down_proj,1366,0,4,52001
final_layernorm,1366,0,4,92419
lm_head,1366,0,4,475039
embedding,1367,0,4,39940
input_layernorm,1367,0,4,92098
q_proj,1367,0,4,17280
k_proj,1367,0,4,14588
v_proj,1367,0,4,12953
rope,1367,0,4,43900
attn,1367,0,4,52962
o_proj,1367,0,4,16844
post_layernorm,1367,0,4,91576
gate_proj,1367,0,4,55219
up_proj,1367,0,4,52933
act_fn,1367,0,4,15053
down_proj,1367,0,4,52074
final_layernorm,1367,0,4,92214
lm_head,1367,0,4,475033
embedding,1368,0,4,39392
input_layernorm,1368,0,4,91895
q_proj,1368,0,4,17300
k_proj,1368,0,4,10157
v_proj,1368,0,4,10437
rope,1368,0,4,43987
attn,1368,0,4,52691
o_proj,1368,0,4,16819
post_layernorm,1368,0,4,91197
gate_proj,1368,0,4,55244
up_proj,1368,0,4,52913
act_fn,1368,0,4,15046
down_proj,1368,0,4,52067
final_layernorm,1368,0,4,92368
lm_head,1368,0,4,474909
embedding,1369,0,4,38652
input_layernorm,1369,0,4,91985
q_proj,1369,0,4,17267
k_proj,1369,0,4,9877
v_proj,1369,0,4,9419
rope,1369,0,4,43975
attn,1369,0,4,52718
o_proj,1369,0,4,16802
post_layernorm,1369,0,4,91386
gate_proj,1369,0,4,55156
up_proj,1369,0,4,52662
act_fn,1369,0,4,14731
down_proj,1369,0,4,51903
final_layernorm,1369,0,4,92688
lm_head,1369,0,4,533475
embedding,1370,0,4,38483
input_layernorm,1370,0,4,91952
q_proj,1370,0,4,17287
k_proj,1370,0,4,9900
v_proj,1370,0,4,9407
rope,1370,0,4,44075
attn,1370,0,4,52870
o_proj,1370,0,4,16813
post_layernorm,1370,0,4,91404
gate_proj,1370,0,4,55224
up_proj,1370,0,4,52732
act_fn,1370,0,4,14777
down_proj,1370,0,4,51995
final_layernorm,1370,0,4,92615
lm_head,1370,0,4,533863
embedding,1371,0,4,38539
input_layernorm,1371,0,4,92351
q_proj,1371,0,4,17295
k_proj,1371,0,4,9892
v_proj,1371,0,4,9442
rope,1371,0,4,44020
attn,1371,0,4,52662
o_proj,1371,0,4,16841
post_layernorm,1371,0,4,91390
gate_proj,1371,0,4,55337
up_proj,1371,0,4,52829
act_fn,1371,0,4,14761
down_proj,1371,0,4,52048
final_layernorm,1371,0,4,92492
lm_head,1371,0,4,534547
embedding,1372,0,4,38719
input_layernorm,1372,0,4,92232
q_proj,1372,0,4,17263
k_proj,1372,0,4,9887
v_proj,1372,0,4,9388
rope,1372,0,4,44081
attn,1372,0,4,52556
o_proj,1372,0,4,16824
post_layernorm,1372,0,4,91472
gate_proj,1372,0,4,55154
up_proj,1372,0,4,52745
act_fn,1372,0,4,14786
down_proj,1372,0,4,51949
final_layernorm,1372,0,4,92754
lm_head,1372,0,4,533965
embedding,1373,0,4,38786
input_layernorm,1373,0,4,92343
q_proj,1373,0,4,17295
k_proj,1373,0,4,9899
v_proj,1373,0,4,9411
rope,1373,0,4,44029
attn,1373,0,4,52835
o_proj,1373,0,4,16847
post_layernorm,1373,0,4,91569
gate_proj,1373,0,4,55386
up_proj,1373,0,4,52920
act_fn,1373,0,4,14734
down_proj,1373,0,4,52189
final_layernorm,1373,0,4,92733
lm_head,1373,0,4,534966
embedding,1374,0,4,38898
input_layernorm,1374,0,4,91967
q_proj,1374,0,4,17263
k_proj,1374,0,4,9925
v_proj,1374,0,4,9388
rope,1374,0,4,43987
attn,1374,0,4,52754
o_proj,1374,0,4,16833
post_layernorm,1374,0,4,91605
gate_proj,1374,0,4,55225
up_proj,1374,0,4,52775
act_fn,1374,0,4,14830
down_proj,1374,0,4,52092
final_layernorm,1374,0,4,92450
lm_head,1374,0,4,533954
embedding,1375,0,4,39300
input_layernorm,1375,0,4,92899
q_proj,1375,0,4,17450
k_proj,1375,0,4,10076
v_proj,1375,0,4,9619
rope,1375,0,4,44709
attn,1375,0,4,53576
o_proj,1375,0,4,16987
post_layernorm,1375,0,4,92613
gate_proj,1375,0,4,56079
up_proj,1375,0,4,53069
act_fn,1375,0,4,14869
down_proj,1375,0,4,52513
final_layernorm,1375,0,4,93669
lm_head,1375,0,4,535388
embedding,1376,0,4,39083
input_layernorm,1376,0,4,92449
q_proj,1376,0,4,17941
k_proj,1376,0,4,9148
v_proj,1376,0,4,8173
rope,1376,0,4,44572
attn,1376,0,4,53116
o_proj,1376,0,4,17337
post_layernorm,1376,0,4,91772
gate_proj,1376,0,4,57809
up_proj,1376,0,4,55065
act_fn,1376,0,4,15032
down_proj,1376,0,4,57643
final_layernorm,1376,0,4,92898
lm_head,1376,0,4,534601
embedding,1377,0,4,38769
input_layernorm,1377,0,4,92808
q_proj,1377,0,4,17358
k_proj,1377,0,4,11160
v_proj,1377,0,4,11389
rope,1377,0,4,44266
attn,1377,0,4,52417
o_proj,1377,0,4,16880
post_layernorm,1377,0,4,92141
gate_proj,1377,0,4,55514
up_proj,1377,0,4,52822
act_fn,1377,0,4,14900
down_proj,1377,0,4,52090
final_layernorm,1377,0,4,93586
lm_head,1377,0,4,534611
embedding,1378,0,4,38550
input_layernorm,1378,0,4,92517
q_proj,1378,0,4,17284
k_proj,1378,0,4,10969
v_proj,1378,0,4,11209
rope,1378,0,4,44156
attn,1378,0,4,52577
o_proj,1378,0,4,16834
post_layernorm,1378,0,4,91772
gate_proj,1378,0,4,55141
up_proj,1378,0,4,52788
act_fn,1378,0,4,14854
down_proj,1378,0,4,52047
final_layernorm,1378,0,4,93012
lm_head,1378,0,4,534454
embedding,1379,0,4,38747
input_layernorm,1379,0,4,92697
q_proj,1379,0,4,17305
k_proj,1379,0,4,10824
v_proj,1379,0,4,10933
rope,1379,0,4,44097
attn,1379,0,4,52665
o_proj,1379,0,4,16824
post_layernorm,1379,0,4,91932
gate_proj,1379,0,4,55273
up_proj,1379,0,4,52766
act_fn,1379,0,4,14910
down_proj,1379,0,4,52016
final_layernorm,1379,0,4,93050
lm_head,1379,0,4,534871
embedding,1380,0,4,38882
input_layernorm,1380,0,4,92693
q_proj,1380,0,4,17312
k_proj,1380,0,4,10894
v_proj,1380,0,4,11019
rope,1380,0,4,44271
attn,1380,0,4,52811
o_proj,1380,0,4,16845
post_layernorm,1380,0,4,92002
gate_proj,1380,0,4,55408
up_proj,1380,0,4,52908
act_fn,1380,0,4,14910
down_proj,1380,0,4,52187
final_layernorm,1380,0,4,93061
lm_head,1380,0,4,535238
embedding,1381,0,4,38897
input_layernorm,1381,0,4,92916
q_proj,1381,0,4,17341
k_proj,1381,0,4,11139
v_proj,1381,0,4,11244
rope,1381,0,4,44194
attn,1381,0,4,52839
o_proj,1381,0,4,16883
post_layernorm,1381,0,4,91932
gate_proj,1381,0,4,55436
up_proj,1381,0,4,52962
act_fn,1381,0,4,14925
down_proj,1381,0,4,52193
final_layernorm,1381,0,4,93215
lm_head,1381,0,4,534838
embedding,1382,0,4,39184
input_layernorm,1382,0,4,93000
q_proj,1382,0,4,17302
k_proj,1382,0,4,10999
v_proj,1382,0,4,11163
rope,1382,0,4,43992
attn,1382,0,4,52786
o_proj,1382,0,4,16837
post_layernorm,1382,0,4,92305
gate_proj,1382,0,4,55185
up_proj,1382,0,4,52869
act_fn,1382,0,4,14951
down_proj,1382,0,4,52139
final_layernorm,1382,0,4,93346
lm_head,1382,0,4,534743
embedding,1383,0,4,39594
input_layernorm,1383,0,4,93786
q_proj,1383,0,4,17467
k_proj,1383,0,4,10892
v_proj,1383,0,4,11056
rope,1383,0,4,44910
attn,1383,0,4,53618
o_proj,1383,0,4,17003
post_layernorm,1383,0,4,93121
gate_proj,1383,0,4,56155
up_proj,1383,0,4,53163
act_fn,1383,0,4,14899
down_proj,1383,0,4,52484
final_layernorm,1383,0,4,94268
lm_head,1383,0,4,536124
embedding,1384,0,4,39196
input_layernorm,1384,0,4,92865
q_proj,1384,0,4,17362
k_proj,1384,0,4,10657
v_proj,1384,0,4,10832
rope,1384,0,4,44574
attn,1384,0,4,52675
o_proj,1384,0,4,16900
post_layernorm,1384,0,4,92222
gate_proj,1384,0,4,57843
up_proj,1384,0,4,55090
act_fn,1384,0,4,15075
down_proj,1384,0,4,52157
final_layernorm,1384,0,4,93686
lm_head,1384,0,4,535078
embedding,1385,0,4,39524
input_layernorm,1385,0,4,92955
q_proj,1385,0,4,17309
k_proj,1385,0,4,10815
v_proj,1385,0,4,10977
rope,1385,0,4,44342
attn,1385,0,4,52799
o_proj,1385,0,4,16860
post_layernorm,1385,0,4,92357
gate_proj,1385,0,4,55222
up_proj,1385,0,4,52739
act_fn,1385,0,4,14996
down_proj,1385,0,4,52055
final_layernorm,1385,0,4,93565
lm_head,1385,0,4,534622
embedding,1386,0,4,39537
input_layernorm,1386,0,4,93485
q_proj,1386,0,4,17400
k_proj,1386,0,4,10809
v_proj,1386,0,4,11009
rope,1386,0,4,44676
attn,1386,0,4,52858
o_proj,1386,0,4,16926
post_layernorm,1386,0,4,92908
gate_proj,1386,0,4,55763
up_proj,1386,0,4,52946
act_fn,1386,0,4,15018
down_proj,1386,0,4,52268
final_layernorm,1386,0,4,94107
lm_head,1386,0,4,535180
embedding,1387,0,4,39295
input_layernorm,1387,0,4,92634
q_proj,1387,0,4,17248
k_proj,1387,0,4,10462
v_proj,1387,0,4,10611
rope,1387,0,4,43914
attn,1387,0,4,52359
o_proj,1387,0,4,16839
post_layernorm,1387,0,4,92005
gate_proj,1387,0,4,54989
up_proj,1387,0,4,52799
act_fn,1387,0,4,14994
down_proj,1387,0,4,52058
final_layernorm,1387,0,4,93270
lm_head,1387,0,4,534336
embedding,1388,0,4,40031
input_layernorm,1388,0,4,93706
q_proj,1388,0,4,17471
k_proj,1388,0,4,10641
v_proj,1388,0,4,10871
rope,1388,0,4,45088
attn,1388,0,4,53724
o_proj,1388,0,4,17011
post_layernorm,1388,0,4,93224
gate_proj,1388,0,4,56225
up_proj,1388,0,4,53262
act_fn,1388,0,4,15008
down_proj,1388,0,4,52582
final_layernorm,1388,0,4,94153
lm_head,1388,0,4,535413
embedding,1389,0,4,40167
input_layernorm,1389,0,4,94111
q_proj,1389,0,4,17565
k_proj,1389,0,4,10726
v_proj,1389,0,4,10867
rope,1389,0,4,45320
attn,1389,0,4,54130
o_proj,1389,0,4,17075
post_layernorm,1389,0,4,93539
gate_proj,1389,0,4,56589
up_proj,1389,0,4,53451
act_fn,1389,0,4,15060
down_proj,1389,0,4,52881
final_layernorm,1389,0,4,94448
lm_head,1389,0,4,536489
embedding,1390,0,4,39691
input_layernorm,1390,0,4,93621
q_proj,1390,0,4,17394
k_proj,1390,0,4,10675
v_proj,1390,0,4,10753
rope,1390,0,4,44614
attn,1390,0,4,52832
o_proj,1390,0,4,16943
post_layernorm,1390,0,4,93026
gate_proj,1390,0,4,55595
up_proj,1390,0,4,52927
act_fn,1390,0,4,15035
down_proj,1390,0,4,52187
final_layernorm,1390,0,4,94149
lm_head,1390,0,4,535366
embedding,1391,0,4,40098
input_layernorm,1391,0,4,93929
q_proj,1391,0,4,17460
k_proj,1391,0,4,10459
v_proj,1391,0,4,10753
rope,1391,0,4,44888
attn,1391,0,4,53170
o_proj,1391,0,4,16971
post_layernorm,1391,0,4,93212
gate_proj,1391,0,4,55927
up_proj,1391,0,4,53027
act_fn,1391,0,4,15060
down_proj,1391,0,4,52381
final_layernorm,1391,0,4,94366
lm_head,1391,0,4,535546
embedding,1392,0,4,39546
input_layernorm,1392,0,4,93262
q_proj,1392,0,4,17361
k_proj,1392,0,4,10320
v_proj,1392,0,4,10472
rope,1392,0,4,44820
attn,1392,0,4,52912
o_proj,1392,0,4,16894
post_layernorm,1392,0,4,92695
gate_proj,1392,0,4,57812
up_proj,1392,0,4,55049
act_fn,1392,0,4,15296
down_proj,1392,0,4,52098
final_layernorm,1392,0,4,93938
lm_head,1392,0,4,534304
embedding,1393,0,4,40094
input_layernorm,1393,0,4,94252
q_proj,1393,0,4,17502
k_proj,1393,0,4,10335
v_proj,1393,0,4,10610
rope,1393,0,4,45284
attn,1393,0,4,53702
o_proj,1393,0,4,17049
post_layernorm,1393,0,4,93766
gate_proj,1393,0,4,56319
up_proj,1393,0,4,53255
act_fn,1393,0,4,15055
down_proj,1393,0,4,52600
final_layernorm,1393,0,4,94802
lm_head,1393,0,4,536228
embedding,1394,0,4,39680
input_layernorm,1394,0,4,93773
q_proj,1394,0,4,17380
k_proj,1394,0,4,10345
v_proj,1394,0,4,10551
rope,1394,0,4,44787
attn,1394,0,4,52514
o_proj,1394,0,4,16924
post_layernorm,1394,0,4,93193
gate_proj,1394,0,4,55569
up_proj,1394,0,4,52866
act_fn,1394,0,4,15017
down_proj,1394,0,4,52172
final_layernorm,1394,0,4,94470
lm_head,1394,0,4,535238
embedding,1395,0,4,40042
input_layernorm,1395,0,4,94133
q_proj,1395,0,4,17453
k_proj,1395,0,4,10273
v_proj,1395,0,4,10448
rope,1395,0,4,45046
attn,1395,0,4,53430
o_proj,1395,0,4,16985
post_layernorm,1395,0,4,93695
gate_proj,1395,0,4,56032
up_proj,1395,0,4,53084
act_fn,1395,0,4,15109
down_proj,1395,0,4,52391
final_layernorm,1395,0,4,94774
lm_head,1395,0,4,535754
embedding,1396,0,4,39941
input_layernorm,1396,0,4,94147
q_proj,1396,0,4,17405
k_proj,1396,0,4,10228
v_proj,1396,0,4,10419
rope,1396,0,4,44961
attn,1396,0,4,52315
o_proj,1396,0,4,16972
post_layernorm,1396,0,4,93340
gate_proj,1396,0,4,55738
up_proj,1396,0,4,52903
act_fn,1396,0,4,15098
down_proj,1396,0,4,52268
final_layernorm,1396,0,4,94673
lm_head,1396,0,4,535516
embedding,1397,0,4,40377
input_layernorm,1397,0,4,94327
q_proj,1397,0,4,17538
k_proj,1397,0,4,10303
v_proj,1397,0,4,10573
rope,1397,0,4,45201
attn,1397,0,4,53582
o_proj,1397,0,4,17036
post_layernorm,1397,0,4,93896
gate_proj,1397,0,4,56150
up_proj,1397,0,4,53169
act_fn,1397,0,4,15189
down_proj,1397,0,4,52552
final_layernorm,1397,0,4,95196
lm_head,1397,0,4,536530
embedding,1398,0,4,39603
input_layernorm,1398,0,4,93953
q_proj,1398,0,4,17325
k_proj,1398,0,4,10204
v_proj,1398,0,4,10320
rope,1398,0,4,44545
attn,1398,0,4,52726
o_proj,1398,0,4,16883
post_layernorm,1398,0,4,93152
gate_proj,1398,0,4,55240
up_proj,1398,0,4,52928
act_fn,1398,0,4,15197
down_proj,1398,0,4,52184
final_layernorm,1398,0,4,94360
lm_head,1398,0,4,534749
embedding,1399,0,4,39583
input_layernorm,1399,0,4,93766
q_proj,1399,0,4,17348
k_proj,1399,0,4,10148
v_proj,1399,0,4,10353
rope,1399,0,4,44626
attn,1399,0,4,52692
o_proj,1399,0,4,16901
post_layernorm,1399,0,4,93167
gate_proj,1399,0,4,55320
up_proj,1399,0,4,52999
act_fn,1399,0,4,15180
down_proj,1399,0,4,52307
final_layernorm,1399,0,4,94625
lm_head,1399,0,4,535287
embedding,1400,0,4,39350
input_layernorm,1400,0,4,93711
q_proj,1400,0,4,17354
k_proj,1400,0,4,10023
v_proj,1400,0,4,10087
rope,1400,0,4,44699
attn,1400,0,4,52893
o_proj,1400,0,4,16886
post_layernorm,1400,0,4,92939
gate_proj,1400,0,4,57502
up_proj,1400,0,4,55157
act_fn,1400,0,4,15355
down_proj,1400,0,4,52330
final_layernorm,1400,0,4,93957
lm_head,1400,0,4,535020
embedding,1401,0,4,39700
input_layernorm,1401,0,4,94000
q_proj,1401,0,4,17393
k_proj,1401,0,4,10049
v_proj,1401,0,4,10191
rope,1401,0,4,44606
attn,1401,0,4,52916
o_proj,1401,0,4,16891
post_layernorm,1401,0,4,93447
gate_proj,1401,0,4,57600
up_proj,1401,0,4,55097
act_fn,1401,0,4,15401
down_proj,1401,0,4,52277
final_layernorm,1401,0,4,94532
lm_head,1401,0,4,535353
embedding,1402,0,4,39666
input_layernorm,1402,0,4,93961
q_proj,1402,0,4,17350
k_proj,1402,0,4,9917
v_proj,1402,0,4,10135
rope,1402,0,4,44695
attn,1402,0,4,52923
o_proj,1402,0,4,16880
post_layernorm,1402,0,4,93498
gate_proj,1402,0,4,57422
up_proj,1402,0,4,55028
act_fn,1402,0,4,15403
down_proj,1402,0,4,52195
final_layernorm,1402,0,4,94472
lm_head,1402,0,4,534712
embedding,1403,0,4,39418
input_layernorm,1403,0,4,94011
q_proj,1403,0,4,17358
k_proj,1403,0,4,9954
v_proj,1403,0,4,10141
rope,1403,0,4,44585
attn,1403,0,4,52719
o_proj,1403,0,4,16890
post_layernorm,1403,0,4,93358
gate_proj,1403,0,4,57588
up_proj,1403,0,4,55178
act_fn,1403,0,4,15397
down_proj,1403,0,4,52325
final_layernorm,1403,0,4,94840
lm_head,1403,0,4,535584
embedding,1404,0,4,40054
input_layernorm,1404,0,4,94472
q_proj,1404,0,4,17429
k_proj,1404,0,4,10038
v_proj,1404,0,4,10178
rope,1404,0,4,45105
attn,1404,0,4,52954
o_proj,1404,0,4,16955
post_layernorm,1404,0,4,93634
gate_proj,1404,0,4,57844
up_proj,1404,0,4,55377
act_fn,1404,0,4,15485
down_proj,1404,0,4,52487
final_layernorm,1404,0,4,95114
lm_head,1404,0,4,535455
embedding,1405,0,4,39899
input_layernorm,1405,0,4,94165
q_proj,1405,0,4,17373
k_proj,1405,0,4,9950
v_proj,1405,0,4,10064
rope,1405,0,4,44732
attn,1405,0,4,53282
o_proj,1405,0,4,16919
post_layernorm,1405,0,4,93662
gate_proj,1405,0,4,57637
up_proj,1405,0,4,55198
act_fn,1405,0,4,15447
down_proj,1405,0,4,52331
final_layernorm,1405,0,4,94875
lm_head,1405,0,4,534941
embedding,1406,0,4,39860
input_layernorm,1406,0,4,95048
q_proj,1406,0,4,17542
k_proj,1406,0,4,9811
v_proj,1406,0,4,9893
rope,1406,0,4,45403
attn,1406,0,4,53671
o_proj,1406,0,4,17049
post_layernorm,1406,0,4,94351
gate_proj,1406,0,4,58401
up_proj,1406,0,4,55531
act_fn,1406,0,4,15480
down_proj,1406,0,4,52620
final_layernorm,1406,0,4,95776
lm_head,1406,0,4,536159
embedding,1407,0,4,40075
input_layernorm,1407,0,4,94623
q_proj,1407,0,4,17424
k_proj,1407,0,4,9888
v_proj,1407,0,4,9974
rope,1407,0,4,44783
attn,1407,0,4,53282
o_proj,1407,0,4,16920
post_layernorm,1407,0,4,93759
gate_proj,1407,0,4,57773
up_proj,1407,0,4,55283
act_fn,1407,0,4,15520
down_proj,1407,0,4,52405
final_layernorm,1407,0,4,95103
lm_head,1407,0,4,535614
embedding,1408,0,4,39945
input_layernorm,1408,0,4,94570
q_proj,1408,0,4,17966
k_proj,1408,0,4,9156
v_proj,1408,0,4,8011
rope,1408,0,4,45513
attn,1408,0,4,47898
o_proj,1408,0,4,17529
post_layernorm,1408,0,4,94011
gate_proj,1408,0,4,60414
up_proj,1408,0,4,57430
act_fn,1408,0,4,15821
down_proj,1408,0,4,58148
final_layernorm,1408,0,4,94749
lm_head,1408,0,4,535999
embedding,1409,0,4,39823
input_layernorm,1409,0,4,94933
q_proj,1409,0,4,17866
k_proj,1409,0,4,9261
v_proj,1409,0,4,8092
rope,1409,0,4,45070
attn,1409,0,4,53094
o_proj,1409,0,4,17988
post_layernorm,1409,0,4,94124
gate_proj,1409,0,4,57989
up_proj,1409,0,4,55373
act_fn,1409,0,4,15575
down_proj,1409,0,4,54789
final_layernorm,1409,0,4,95736
lm_head,1409,0,4,479901
embedding,1410,0,4,40020
input_layernorm,1410,0,4,94739
q_proj,1410,0,4,17815
k_proj,1410,0,4,9238
v_proj,1410,0,4,8049
rope,1410,0,4,44853
attn,1410,0,4,52711
o_proj,1410,0,4,17929
post_layernorm,1410,0,4,94090
gate_proj,1410,0,4,57742
up_proj,1410,0,4,55261
act_fn,1410,0,4,15537
down_proj,1410,0,4,54630
final_layernorm,1410,0,4,95618
lm_head,1410,0,4,479743
embedding,1411,0,4,39840
input_layernorm,1411,0,4,94763
q_proj,1411,0,4,17848
k_proj,1411,0,4,9242
v_proj,1411,0,4,8085
rope,1411,0,4,45117
attn,1411,0,4,53088
o_proj,1411,0,4,17964
post_layernorm,1411,0,4,94363
gate_proj,1411,0,4,57906
up_proj,1411,0,4,55457
act_fn,1411,0,4,15537
down_proj,1411,0,4,54737
final_layernorm,1411,0,4,95867
lm_head,1411,0,4,479986
embedding,1412,0,4,40646
input_layernorm,1412,0,4,95664
q_proj,1412,0,4,17971
k_proj,1412,0,4,9319
v_proj,1412,0,4,8145
rope,1412,0,4,45849
attn,1412,0,4,53856
o_proj,1412,0,4,18102
post_layernorm,1412,0,4,94841
gate_proj,1412,0,4,58647
up_proj,1412,0,4,55684
act_fn,1412,0,4,15508
down_proj,1412,0,4,55215
final_layernorm,1412,0,4,96254
lm_head,1412,0,4,480767
embedding,1413,0,4,39595
input_layernorm,1413,0,4,95007
q_proj,1413,0,4,17829
k_proj,1413,0,4,9337
v_proj,1413,0,4,8004
rope,1413,0,4,44957
attn,1413,0,4,52615
o_proj,1413,0,4,17943
post_layernorm,1413,0,4,93880
gate_proj,1413,0,4,57827
up_proj,1413,0,4,55334
act_fn,1413,0,4,15589
down_proj,1413,0,4,54659
final_layernorm,1413,0,4,95803
lm_head,1413,0,4,479912
embedding,1414,0,4,40346
input_layernorm,1414,0,4,95605
q_proj,1414,0,4,17950
k_proj,1414,0,4,9261
v_proj,1414,0,4,8121
rope,1414,0,4,45618
attn,1414,0,4,53405
o_proj,1414,0,4,18071
post_layernorm,1414,0,4,94540
gate_proj,1414,0,4,58472
up_proj,1414,0,4,55591
act_fn,1414,0,4,15591
down_proj,1414,0,4,55036
final_layernorm,1414,0,4,96306
lm_head,1414,0,4,480537
embedding,1415,0,4,39902
input_layernorm,1415,0,4,95119
q_proj,1415,0,4,17838
k_proj,1415,0,4,9215
v_proj,1415,0,4,8051
rope,1415,0,4,44994
attn,1415,0,4,53117
o_proj,1415,0,4,17966
post_layernorm,1415,0,4,94220
gate_proj,1415,0,4,57760
up_proj,1415,0,4,55289
act_fn,1415,0,4,15559
down_proj,1415,0,4,54646
final_layernorm,1415,0,4,95913
lm_head,1415,0,4,480076
embedding,1416,0,4,40596
input_layernorm,1416,0,4,94902
q_proj,1416,0,4,17881
k_proj,1416,0,4,9305
v_proj,1416,0,4,8062
rope,1416,0,4,45431
attn,1416,0,4,53127
o_proj,1416,0,4,17995
post_layernorm,1416,0,4,94128
gate_proj,1416,0,4,58124
up_proj,1416,0,4,55500
act_fn,1416,0,4,15634
down_proj,1416,0,4,54907
final_layernorm,1416,0,4,95854
lm_head,1416,0,4,480276
embedding,1417,0,4,40160
input_layernorm,1417,0,4,95177
q_proj,1417,0,4,17834
k_proj,1417,0,4,9274
v_proj,1417,0,4,7999
rope,1417,0,4,45070
attn,1417,0,4,52654
o_proj,1417,0,4,17925
post_layernorm,1417,0,4,94399
gate_proj,1417,0,4,57877
up_proj,1417,0,4,55223
act_fn,1417,0,4,15626
down_proj,1417,0,4,54580
final_layernorm,1417,0,4,95931
lm_head,1417,0,4,480222
embedding,1418,0,4,40462
input_layernorm,1418,0,4,95239
q_proj,1418,0,4,17867
k_proj,1418,0,4,9241
v_proj,1418,0,4,8051
rope,1418,0,4,45221
attn,1418,0,4,53077
o_proj,1418,0,4,18027
post_layernorm,1418,0,4,94563
gate_proj,1418,0,4,58007
up_proj,1418,0,4,55452
act_fn,1418,0,4,15645
down_proj,1418,0,4,54847
final_layernorm,1418,0,4,96009
lm_head,1418,0,4,480451
embedding,1419,0,4,40623
input_layernorm,1419,0,4,95533
q_proj,1419,0,4,17914
k_proj,1419,0,4,9230
v_proj,1419,0,4,8047
rope,1419,0,4,45363
attn,1419,0,4,52653
o_proj,1419,0,4,18000
post_layernorm,1419,0,4,94666
gate_proj,1419,0,4,58237
up_proj,1419,0,4,55422
act_fn,1419,0,4,15629
down_proj,1419,0,4,54870
final_layernorm,1419,0,4,96438
lm_head,1419,0,4,480526
embedding,1420,0,4,41092
input_layernorm,1420,0,4,95941
q_proj,1420,0,4,17988
k_proj,1420,0,4,9250
v_proj,1420,0,4,8118
rope,1420,0,4,45890
attn,1420,0,4,53561
o_proj,1420,0,4,18111
post_layernorm,1420,0,4,95190
gate_proj,1420,0,4,58569
up_proj,1420,0,4,55691
act_fn,1420,0,4,15666
down_proj,1420,0,4,55146
final_layernorm,1420,0,4,96660
lm_head,1420,0,4,481006
embedding,1421,0,4,40807
input_layernorm,1421,0,4,96005
q_proj,1421,0,4,17985
k_proj,1421,0,4,9294
v_proj,1421,0,4,8096
rope,1421,0,4,45735
attn,1421,0,4,53574
o_proj,1421,0,4,18096
post_layernorm,1421,0,4,95279
gate_proj,1421,0,4,58659
up_proj,1421,0,4,55674
act_fn,1421,0,4,15681
down_proj,1421,0,4,55136
final_layernorm,1421,0,4,96952
lm_head,1421,0,4,481266
embedding,1422,0,4,40640
input_layernorm,1422,0,4,95295
q_proj,1422,0,4,17831
k_proj,1422,0,4,9255
v_proj,1422,0,4,8010
rope,1422,0,4,45169
attn,1422,0,4,53125
o_proj,1422,0,4,17968
post_layernorm,1422,0,4,94597
gate_proj,1422,0,4,57884
up_proj,1422,0,4,55434
act_fn,1422,0,4,15741
down_proj,1422,0,4,54695
final_layernorm,1422,0,4,96359
lm_head,1422,0,4,480392
embedding,1423,0,4,40770
input_layernorm,1423,0,4,95962
q_proj,1423,0,4,17955
k_proj,1423,0,4,9293
v_proj,1423,0,4,8152
rope,1423,0,4,45769
attn,1423,0,4,53422
o_proj,1423,0,4,18087
post_layernorm,1423,0,4,95124
gate_proj,1423,0,4,58467
up_proj,1423,0,4,55570
act_fn,1423,0,4,15721
down_proj,1423,0,4,54981
final_layernorm,1423,0,4,96817
lm_head,1423,0,4,481044
embedding,1424,0,4,40777
input_layernorm,1424,0,4,95106
q_proj,1424,0,4,18875
k_proj,1424,0,4,9250
v_proj,1424,0,4,8019
rope,1424,0,4,45433
attn,1424,0,4,53403
o_proj,1424,0,4,18999
post_layernorm,1424,0,4,94570
gate_proj,1424,0,4,57900
up_proj,1424,0,4,55369
act_fn,1424,0,4,15766
down_proj,1424,0,4,57894
final_layernorm,1424,0,4,96218
lm_head,1424,0,4,480486
embedding,1425,0,4,40658
input_layernorm,1425,0,4,95737
q_proj,1425,0,4,17873
k_proj,1425,0,4,9196
v_proj,1425,0,4,8036
rope,1425,0,4,45335
attn,1425,0,4,52748
o_proj,1425,0,4,17971
post_layernorm,1425,0,4,94983
gate_proj,1425,0,4,57981
up_proj,1425,0,4,55279
act_fn,1425,0,4,15680
down_proj,1425,0,4,54677
final_layernorm,1425,0,4,96584
lm_head,1425,0,4,480889
embedding,1426,0,4,40841
input_layernorm,1426,0,4,95599
q_proj,1426,0,4,17835
k_proj,1426,0,4,9235
v_proj,1426,0,4,8007
rope,1426,0,4,45295
attn,1426,0,4,52869
o_proj,1426,0,4,17968
post_layernorm,1426,0,4,94763
gate_proj,1426,0,4,57873
up_proj,1426,0,4,55273
act_fn,1426,0,4,15701
down_proj,1426,0,4,54655
final_layernorm,1426,0,4,96549
lm_head,1426,0,4,480776
embedding,1427,0,4,40389
input_layernorm,1427,0,4,95752
q_proj,1427,0,4,17851
k_proj,1427,0,4,9221
v_proj,1427,0,4,8023
rope,1427,0,4,45192
attn,1427,0,4,52962
o_proj,1427,0,4,17941
post_layernorm,1427,0,4,94566
gate_proj,1427,0,4,57689
up_proj,1427,0,4,55261
act_fn,1427,0,4,15760
down_proj,1427,0,4,54583
final_layernorm,1427,0,4,96477
lm_head,1427,0,4,480697
embedding,1428,0,4,40970
input_layernorm,1428,0,4,96415
q_proj,1428,0,4,17994
k_proj,1428,0,4,9281
v_proj,1428,0,4,8097
rope,1428,0,4,46014
attn,1428,0,4,54041
o_proj,1428,0,4,18127
post_layernorm,1428,0,4,95685
gate_proj,1428,0,4,58629
up_proj,1428,0,4,55685
act_fn,1428,0,4,15860
down_proj,1428,0,4,55197
final_layernorm,1428,0,4,97229
lm_head,1428,0,4,481317
embedding,1429,0,4,40954
input_layernorm,1429,0,4,96358
q_proj,1429,0,4,17935
k_proj,1429,0,4,9286
v_proj,1429,0,4,8047
rope,1429,0,4,45606
attn,1429,0,4,53665
o_proj,1429,0,4,18052
post_layernorm,1429,0,4,95321
gate_proj,1429,0,4,58366
up_proj,1429,0,4,55546
act_fn,1429,0,4,15795
down_proj,1429,0,4,54999
final_layernorm,1429,0,4,97139
lm_head,1429,0,4,481358
embedding,1430,0,4,40779
input_layernorm,1430,0,4,95862
q_proj,1430,0,4,17838
k_proj,1430,0,4,9224
v_proj,1430,0,4,7990
rope,1430,0,4,45328
attn,1430,0,4,52679
o_proj,1430,0,4,17951
post_layernorm,1430,0,4,94854
gate_proj,1430,0,4,57630
up_proj,1430,0,4,55273
act_fn,1430,0,4,15842
down_proj,1430,0,4,54611
final_layernorm,1430,0,4,97038
lm_head,1430,0,4,480474
embedding,1431,0,4,40432
input_layernorm,1431,0,4,95885
q_proj,1431,0,4,17850
k_proj,1431,0,4,9162
v_proj,1431,0,4,8011
rope,1431,0,4,45193
attn,1431,0,4,53340
o_proj,1431,0,4,17937
post_layernorm,1431,0,4,94971
gate_proj,1431,0,4,57757
up_proj,1431,0,4,55300
act_fn,1431,0,4,15844
down_proj,1431,0,4,54662
final_layernorm,1431,0,4,96658
lm_head,1431,0,4,480918
embedding,1432,0,4,40751
input_layernorm,1432,0,4,95692
q_proj,1432,0,4,17876
k_proj,1432,0,4,9214
v_proj,1432,0,4,8015
rope,1432,0,4,45550
attn,1432,0,4,53470
o_proj,1432,0,4,17988
post_layernorm,1432,0,4,94689
gate_proj,1432,0,4,57900
up_proj,1432,0,4,55405
act_fn,1432,0,4,15860
down_proj,1432,0,4,54735
final_layernorm,1432,0,4,96682
lm_head,1432,0,4,481147
embedding,1433,0,4,40311
input_layernorm,1433,0,4,96096
q_proj,1433,0,4,17851
k_proj,1433,0,4,9162
v_proj,1433,0,4,7996
rope,1433,0,4,45293
attn,1433,0,4,52657
o_proj,1433,0,4,17954
post_layernorm,1433,0,4,95099
gate_proj,1433,0,4,57839
up_proj,1433,0,4,55260
act_fn,1433,0,4,15849
down_proj,1433,0,4,54652
final_layernorm,1433,0,4,97055
lm_head,1433,0,4,480977
embedding,1434,0,4,41105
input_layernorm,1434,0,4,96477
q_proj,1434,0,4,18003
k_proj,1434,0,4,9276
v_proj,1434,0,4,8078
rope,1434,0,4,46031
attn,1434,0,4,53807
o_proj,1434,0,4,18144
post_layernorm,1434,0,4,95689
gate_proj,1434,0,4,58418
up_proj,1434,0,4,55679
act_fn,1434,0,4,15832
down_proj,1434,0,4,55215
final_layernorm,1434,0,4,97399
lm_head,1434,0,4,481684
embedding,1435,0,4,40643
input_layernorm,1435,0,4,96302
q_proj,1435,0,4,17907
k_proj,1435,0,4,9236
v_proj,1435,0,4,8049
rope,1435,0,4,45708
attn,1435,0,4,53572
o_proj,1435,0,4,18064
post_layernorm,1435,0,4,95359
gate_proj,1435,0,4,58023
up_proj,1435,0,4,55544
act_fn,1435,0,4,15967
down_proj,1435,0,4,54988
final_layernorm,1435,0,4,97192
lm_head,1435,0,4,481549
embedding,1436,0,4,41079
input_layernorm,1436,0,4,96603
q_proj,1436,0,4,17943
k_proj,1436,0,4,9250
v_proj,1436,0,4,8058
rope,1436,0,4,45953
attn,1436,0,4,53608
o_proj,1436,0,4,18095
post_layernorm,1436,0,4,95557
gate_proj,1436,0,4,58187
up_proj,1436,0,4,55650
act_fn,1436,0,4,15913
down_proj,1436,0,4,55083
final_layernorm,1436,0,4,97411
lm_head,1436,0,4,481410
embedding,1437,0,4,40451
input_layernorm,1437,0,4,96319
q_proj,1437,0,4,17856
k_proj,1437,0,4,9199
v_proj,1437,0,4,8012
rope,1437,0,4,45526
attn,1437,0,4,53010
o_proj,1437,0,4,18005
post_layernorm,1437,0,4,95327
gate_proj,1437,0,4,57687
up_proj,1437,0,4,55300
act_fn,1437,0,4,15951
down_proj,1437,0,4,54798
final_layernorm,1437,0,4,97308
lm_head,1437,0,4,481171
embedding,1438,0,4,40807
input_layernorm,1438,0,4,96344
q_proj,1438,0,4,17875
k_proj,1438,0,4,9132
v_proj,1438,0,4,8022
rope,1438,0,4,45572
attn,1438,0,4,53051
o_proj,1438,0,4,17999
post_layernorm,1438,0,4,95309
gate_proj,1438,0,4,57964
up_proj,1438,0,4,55351
act_fn,1438,0,4,15925
down_proj,1438,0,4,54683
final_layernorm,1438,0,4,97073
lm_head,1438,0,4,481593
embedding,1439,0,4,40822
input_layernorm,1439,0,4,96711
q_proj,1439,0,4,17956
k_proj,1439,0,4,9193
v_proj,1439,0,4,8059
rope,1439,0,4,45897
attn,1439,0,4,53235
o_proj,1439,0,4,18096
post_layernorm,1439,0,4,95738
gate_proj,1439,0,4,58399
up_proj,1439,0,4,55539
act_fn,1439,0,4,15917
down_proj,1439,0,4,55058
final_layernorm,1439,0,4,97578
lm_head,1439,0,4,482307
embedding,1440,0,4,41343
input_layernorm,1440,0,4,96410
q_proj,1440,0,4,18934
k_proj,1440,0,4,9249
v_proj,1440,0,4,8010
rope,1440,0,4,45960
attn,1440,0,4,53125
o_proj,1440,0,4,19084
post_layernorm,1440,0,4,95458
gate_proj,1440,0,4,58230
up_proj,1440,0,4,55442
act_fn,1440,0,4,16036
down_proj,1440,0,4,58029
final_layernorm,1440,0,4,97379
lm_head,1440,0,4,484901
embedding,1441,0,4,40947
input_layernorm,1441,0,4,97128
q_proj,1441,0,4,17990
k_proj,1441,0,4,10091
v_proj,1441,0,4,9559
rope,1441,0,4,46047
attn,1441,0,4,53572
o_proj,1441,0,4,18139
post_layernorm,1441,0,4,96039
gate_proj,1441,0,4,57935
up_proj,1441,0,4,54872
act_fn,1441,0,4,15666
down_proj,1441,0,4,55084
final_layernorm,1441,0,4,97958
lm_head,1441,0,4,482662
embedding,1442,0,4,40988
input_layernorm,1442,0,4,96813
q_proj,1442,0,4,17928
k_proj,1442,0,4,10003
v_proj,1442,0,4,9481
rope,1442,0,4,45817
attn,1442,0,4,52964
o_proj,1442,0,4,18064
post_layernorm,1442,0,4,95616
gate_proj,1442,0,4,57683
up_proj,1442,0,4,54759
act_fn,1442,0,4,15743
down_proj,1442,0,4,54860
final_layernorm,1442,0,4,97761
lm_head,1442,0,4,482264
embedding,1443,0,4,40510
input_layernorm,1443,0,4,96662
q_proj,1443,0,4,17899
k_proj,1443,0,4,9999
v_proj,1443,0,4,9439
rope,1443,0,4,45620
attn,1443,0,4,52796
o_proj,1443,0,4,18025
post_layernorm,1443,0,4,95672
gate_proj,1443,0,4,57260
up_proj,1443,0,4,54587
act_fn,1443,0,4,15741
down_proj,1443,0,4,54712
final_layernorm,1443,0,4,97666
lm_head,1443,0,4,481871
embedding,1444,0,4,40899
input_layernorm,1444,0,4,96751
q_proj,1444,0,4,17876
k_proj,1444,0,4,10023
v_proj,1444,0,4,9448
rope,1444,0,4,45703
attn,1444,0,4,53152
o_proj,1444,0,4,18023
post_layernorm,1444,0,4,95775
gate_proj,1444,0,4,57280
up_proj,1444,0,4,54612
act_fn,1444,0,4,15689
down_proj,1444,0,4,54686
final_layernorm,1444,0,4,97458
lm_head,1444,0,4,482100
embedding,1445,0,4,41220
input_layernorm,1445,0,4,97422
q_proj,1445,0,4,18044
k_proj,1445,0,4,10216
v_proj,1445,0,4,9668
rope,1445,0,4,46248
attn,1445,0,4,53657
o_proj,1445,0,4,18206
post_layernorm,1445,0,4,96601
gate_proj,1445,0,4,58199
up_proj,1445,0,4,55031
act_fn,1445,0,4,15688
down_proj,1445,0,4,55233
final_layernorm,1445,0,4,98132
lm_head,1445,0,4,483058
embedding,1446,0,4,41294
input_layernorm,1446,0,4,97318
q_proj,1446,0,4,17994
k_proj,1446,0,4,10157
v_proj,1446,0,4,9529
rope,1446,0,4,45992
attn,1446,0,4,53642
o_proj,1446,0,4,18130
post_layernorm,1446,0,4,96665
gate_proj,1446,0,4,57844
up_proj,1446,0,4,54832
act_fn,1446,0,4,15720
down_proj,1446,0,4,55051
final_layernorm,1446,0,4,98148
lm_head,1446,0,4,482870
embedding,1447,0,4,40683
input_layernorm,1447,0,4,97031
q_proj,1447,0,4,17940
k_proj,1447,0,4,10054
v_proj,1447,0,4,9480
rope,1447,0,4,45680
attn,1447,0,4,53769
o_proj,1447,0,4,18099
post_layernorm,1447,0,4,96146
gate_proj,1447,0,4,57462
up_proj,1447,0,4,54843
act_fn,1447,0,4,15773
down_proj,1447,0,4,54915
final_layernorm,1447,0,4,97868
lm_head,1447,0,4,482502
embedding,1448,0,4,41424
input_layernorm,1448,0,4,97377
q_proj,1448,0,4,18021
k_proj,1448,0,4,9766
v_proj,1448,0,4,9535
rope,1448,0,4,46379
attn,1448,0,4,53961
o_proj,1448,0,4,18163
post_layernorm,1448,0,4,96366
gate_proj,1448,0,4,58037
up_proj,1448,0,4,54988
act_fn,1448,0,4,15785
down_proj,1448,0,4,55198
final_layernorm,1448,0,4,98137
lm_head,1448,0,4,483122
embedding,1449,0,4,40805
input_layernorm,1449,0,4,96882
q_proj,1449,0,4,17911
k_proj,1449,0,4,10018
v_proj,1449,0,4,9434
rope,1449,0,4,45638
attn,1449,0,4,53088
o_proj,1449,0,4,18052
post_layernorm,1449,0,4,95932
gate_proj,1449,0,4,57339
up_proj,1449,0,4,54764
act_fn,1449,0,4,15794
down_proj,1449,0,4,54863
final_layernorm,1449,0,4,97675
lm_head,1449,0,4,482395
embedding,1450,0,4,41102
input_layernorm,1450,0,4,97209
q_proj,1450,0,4,17953
k_proj,1450,0,4,10065
v_proj,1450,0,4,9475
rope,1450,0,4,45685
attn,1450,0,4,52843
o_proj,1450,0,4,18065
post_layernorm,1450,0,4,96030
gate_proj,1450,0,4,57556
up_proj,1450,0,4,54858
act_fn,1450,0,4,15784
down_proj,1450,0,4,55002
final_layernorm,1450,0,4,97835
lm_head,1450,0,4,482822
embedding,1451,0,4,40827
input_layernorm,1451,0,4,97125
q_proj,1451,0,4,17895
k_proj,1451,0,4,10009
v_proj,1451,0,4,9473
rope,1451,0,4,45646
attn,1451,0,4,53016
o_proj,1451,0,4,18025
post_layernorm,1451,0,4,96072
gate_proj,1451,0,4,57361
up_proj,1451,0,4,54705
act_fn,1451,0,4,15823
down_proj,1451,0,4,54805
final_layernorm,1451,0,4,97801
lm_head,1451,0,4,482477
embedding,1452,0,4,41562
input_layernorm,1452,0,4,97408
q_proj,1452,0,4,17988
k_proj,1452,0,4,10143
v_proj,1452,0,4,9491
rope,1452,0,4,45956
attn,1452,0,4,53194
o_proj,1452,0,4,18097
post_layernorm,1452,0,4,96340
gate_proj,1452,0,4,57669
up_proj,1452,0,4,54980
act_fn,1452,0,4,15837
down_proj,1452,0,4,55068
final_layernorm,1452,0,4,98214
lm_head,1452,0,4,482555
embedding,1453,0,4,41901
input_layernorm,1453,0,4,97909
q_proj,1453,0,4,18007
k_proj,1453,0,4,10147
v_proj,1453,0,4,9546
rope,1453,0,4,46076
attn,1453,0,4,53391
o_proj,1453,0,4,18131
post_layernorm,1453,0,4,96646
gate_proj,1453,0,4,57814
up_proj,1453,0,4,54828
act_fn,1453,0,4,15883
down_proj,1453,0,4,55026
final_layernorm,1453,0,4,98488
lm_head,1453,0,4,483128
embedding,1454,0,4,41616
input_layernorm,1454,0,4,97233
q_proj,1454,0,4,17907
k_proj,1454,0,4,10003
v_proj,1454,0,4,9449
rope,1454,0,4,45675
attn,1454,0,4,52635
o_proj,1454,0,4,18060
post_layernorm,1454,0,4,96102
gate_proj,1454,0,4,57346
up_proj,1454,0,4,54732
act_fn,1454,0,4,15868
down_proj,1454,0,4,54838
final_layernorm,1454,0,4,98255
lm_head,1454,0,4,482602
embedding,1455,0,4,41670
input_layernorm,1455,0,4,98028
q_proj,1455,0,4,18043
k_proj,1455,0,4,10183
v_proj,1455,0,4,9637
rope,1455,0,4,46327
attn,1455,0,4,53783
o_proj,1455,0,4,18190
post_layernorm,1455,0,4,96911
gate_proj,1455,0,4,58044
up_proj,1455,0,4,54986
act_fn,1455,0,4,15929
down_proj,1455,0,4,55162
final_layernorm,1455,0,4,98810
lm_head,1455,0,4,483366
embedding,1456,0,4,41291
input_layernorm,1456,0,4,96913
q_proj,1456,0,4,18896
k_proj,1456,0,4,9691
v_proj,1456,0,4,9506
rope,1456,0,4,45879
attn,1456,0,4,52880
o_proj,1456,0,4,19063
post_layernorm,1456,0,4,96083
gate_proj,1456,0,4,57307
up_proj,1456,0,4,54646
act_fn,1456,0,4,15869
down_proj,1456,0,4,57731
final_layernorm,1456,0,4,97914
lm_head,1456,0,4,482631
embedding,1457,0,4,41546
input_layernorm,1457,0,4,97841
q_proj,1457,0,4,17939
k_proj,1457,0,4,10042
v_proj,1457,0,4,9485
rope,1457,0,4,45992
attn,1457,0,4,53354
o_proj,1457,0,4,18080
post_layernorm,1457,0,4,96518
gate_proj,1457,0,4,59288
up_proj,1457,0,4,56382
act_fn,1457,0,4,15918
down_proj,1457,0,4,54930
final_layernorm,1457,0,4,98569
lm_head,1457,0,4,506508
embedding,1458,0,4,41505
input_layernorm,1458,0,4,97621
q_proj,1458,0,4,17869
k_proj,1458,0,4,9937
v_proj,1458,0,4,9318
rope,1458,0,4,45452
attn,1458,0,4,52627
o_proj,1458,0,4,18005
post_layernorm,1458,0,4,96160
gate_proj,1458,0,4,58706
up_proj,1458,0,4,56256
act_fn,1458,0,4,15889
down_proj,1458,0,4,54799
final_layernorm,1458,0,4,98173
lm_head,1458,0,4,505859
embedding,1459,0,4,41254
input_layernorm,1459,0,4,97577
q_proj,1459,0,4,17869
k_proj,1459,0,4,9909
v_proj,1459,0,4,9363
rope,1459,0,4,45500
attn,1459,0,4,52683
o_proj,1459,0,4,18025
post_layernorm,1459,0,4,96429
gate_proj,1459,0,4,58736
up_proj,1459,0,4,56328
act_fn,1459,0,4,15892
down_proj,1459,0,4,54802
final_layernorm,1459,0,4,98354
lm_head,1459,0,4,505815
embedding,1460,0,4,41649
input_layernorm,1460,0,4,97563
q_proj,1460,0,4,17876
k_proj,1460,0,4,9959
v_proj,1460,0,4,9368
rope,1460,0,4,45852
attn,1460,0,4,52489
o_proj,1460,0,4,17991
post_layernorm,1460,0,4,96409
gate_proj,1460,0,4,58793
up_proj,1460,0,4,56163
act_fn,1460,0,4,15903
down_proj,1460,0,4,54706
final_layernorm,1460,0,4,98467
lm_head,1460,0,4,505984
embedding,1461,0,4,41655
input_layernorm,1461,0,4,97808
q_proj,1461,0,4,17923
k_proj,1461,0,4,10004
v_proj,1461,0,4,9445
rope,1461,0,4,45916
attn,1461,0,4,55004
o_proj,1461,0,4,18049
post_layernorm,1461,0,4,96582
gate_proj,1461,0,4,59052
up_proj,1461,0,4,56239
act_fn,1461,0,4,16006
down_proj,1461,0,4,54798
final_layernorm,1461,0,4,98745
lm_head,1461,0,4,506501
embedding,1462,0,4,41806
input_layernorm,1462,0,4,97478
q_proj,1462,0,4,17881
k_proj,1462,0,4,9963
v_proj,1462,0,4,9358
rope,1462,0,4,45617
attn,1462,0,4,52241
o_proj,1462,0,4,18016
post_layernorm,1462,0,4,96545
gate_proj,1462,0,4,58765
up_proj,1462,0,4,56349
act_fn,1462,0,4,15934
down_proj,1462,0,4,54814
final_layernorm,1462,0,4,98407
lm_head,1462,0,4,506329
embedding,1463,0,4,41286
input_layernorm,1463,0,4,97584
q_proj,1463,0,4,17893
k_proj,1463,0,4,9963
v_proj,1463,0,4,9363
rope,1463,0,4,45701
attn,1463,0,4,52167
o_proj,1463,0,4,18013
post_layernorm,1463,0,4,96666
gate_proj,1463,0,4,58867
up_proj,1463,0,4,56309
act_fn,1463,0,4,16047
down_proj,1463,0,4,54815
final_layernorm,1463,0,4,98488
lm_head,1463,0,4,506266
embedding,1464,0,4,41761
input_layernorm,1464,0,4,98069
q_proj,1464,0,4,17977
k_proj,1464,0,4,10052
v_proj,1464,0,4,9460
rope,1464,0,4,46356
attn,1464,0,4,52564
o_proj,1464,0,4,18084
post_layernorm,1464,0,4,96881
gate_proj,1464,0,4,59337
up_proj,1464,0,4,56443
act_fn,1464,0,4,16113
down_proj,1464,0,4,54982
final_layernorm,1464,0,4,98943
lm_head,1464,0,4,506968
embedding,1465,0,4,41457
input_layernorm,1465,0,4,98229
q_proj,1465,0,4,17956
k_proj,1465,0,4,10004
v_proj,1465,0,4,9457
rope,1465,0,4,46073
attn,1465,0,4,52296
o_proj,1465,0,4,18094
post_layernorm,1465,0,4,96865
gate_proj,1465,0,4,59248
up_proj,1465,0,4,56345
act_fn,1465,0,4,16051
down_proj,1465,0,4,54860
final_layernorm,1465,0,4,98849
lm_head,1465,0,4,506657
embedding,1466,0,4,42225
input_layernorm,1466,0,4,98388
q_proj,1466,0,4,18025
k_proj,1466,0,4,10132
v_proj,1466,0,4,9523
rope,1466,0,4,46328
attn,1466,0,4,53603
o_proj,1466,0,4,18162
post_layernorm,1466,0,4,97604
gate_proj,1466,0,4,59577
up_proj,1466,0,4,56571
act_fn,1466,0,4,16095
down_proj,1466,0,4,55016
final_layernorm,1466,0,4,99256
lm_head,1466,0,4,507324
embedding,1467,0,4,41516
input_layernorm,1467,0,4,97862
q_proj,1467,0,4,17872
k_proj,1467,0,4,9923
v_proj,1467,0,4,9331
rope,1467,0,4,45586
attn,1467,0,4,52774
o_proj,1467,0,4,18001
post_layernorm,1467,0,4,96476
gate_proj,1467,0,4,58667
up_proj,1467,0,4,56336
act_fn,1467,0,4,16113
down_proj,1467,0,4,54771
final_layernorm,1467,0,4,98580
lm_head,1467,0,4,506697
embedding,1468,0,4,42003
input_layernorm,1468,0,4,98511
q_proj,1468,0,4,17979
k_proj,1468,0,4,10059
v_proj,1468,0,4,9467
rope,1468,0,4,46274
attn,1468,0,4,52769
o_proj,1468,0,4,18116
post_layernorm,1468,0,4,97258
gate_proj,1468,0,4,59244
up_proj,1468,0,4,56564
act_fn,1468,0,4,16086
down_proj,1468,0,4,55014
final_layernorm,1468,0,4,98921
lm_head,1468,0,4,507451
embedding,1469,0,4,41765
input_layernorm,1469,0,4,98789
q_proj,1469,0,4,18001
k_proj,1469,0,4,10059
v_proj,1469,0,4,9523
rope,1469,0,4,46468
attn,1469,0,4,53282
o_proj,1469,0,4,18154
post_layernorm,1469,0,4,97710
gate_proj,1469,0,4,59509
up_proj,1469,0,4,56558
act_fn,1469,0,4,16137
down_proj,1469,0,4,55004
final_layernorm,1469,0,4,99454
lm_head,1469,0,4,507514
embedding,1470,0,4,42171
input_layernorm,1470,0,4,99151
q_proj,1470,0,4,18053
k_proj,1470,0,4,10164
v_proj,1470,0,4,9550
rope,1470,0,4,46576
attn,1470,0,4,53149
o_proj,1470,0,4,18183
post_layernorm,1470,0,4,97714
gate_proj,1470,0,4,59583
up_proj,1470,0,4,56693
act_fn,1470,0,4,16138
down_proj,1470,0,4,55218
final_layernorm,1470,0,4,99420
lm_head,1470,0,4,507569
embedding,1471,0,4,41280
input_layernorm,1471,0,4,98172
q_proj,1471,0,4,17889
k_proj,1471,0,4,9920
v_proj,1471,0,4,9373
rope,1471,0,4,45773
attn,1471,0,4,52538
o_proj,1471,0,4,18036
post_layernorm,1471,0,4,96944
gate_proj,1471,0,4,58770
up_proj,1471,0,4,56242
act_fn,1471,0,4,16131
down_proj,1471,0,4,54758
final_layernorm,1471,0,4,98917
lm_head,1471,0,4,507082
embedding,1472,0,4,42490
input_layernorm,1472,0,4,97822
q_proj,1472,0,4,18910
k_proj,1472,0,4,11948
v_proj,1472,0,4,12007
rope,1472,0,4,46135
attn,1472,0,4,52884
o_proj,1472,0,4,19054
post_layernorm,1472,0,4,96691
gate_proj,1472,0,4,62160
up_proj,1472,0,4,61044
act_fn,1472,0,4,16084
down_proj,1472,0,4,57887
final_layernorm,1472,0,4,98689
lm_head,1472,0,4,517577
embedding,1473,0,4,41921
input_layernorm,1473,0,4,99187
q_proj,1473,0,4,19009
k_proj,1473,0,4,12550
v_proj,1473,0,4,12767
rope,1473,0,4,46476
attn,1473,0,4,53854
o_proj,1473,0,4,19173
post_layernorm,1473,0,4,98048
gate_proj,1473,0,4,59547
up_proj,1473,0,4,56509
act_fn,1473,0,4,16187
down_proj,1473,0,4,58076
final_layernorm,1473,0,4,99605
lm_head,1473,0,4,508016
embedding,1474,0,4,42105
input_layernorm,1474,0,4,99198
q_proj,1474,0,4,19025
k_proj,1474,0,4,12540
v_proj,1474,0,4,12830
rope,1474,0,4,46650
attn,1474,0,4,54146
o_proj,1474,0,4,19215
post_layernorm,1474,0,4,98236
gate_proj,1474,0,4,59652
up_proj,1474,0,4,56596
act_fn,1474,0,4,16178
down_proj,1474,0,4,58236
final_layernorm,1474,0,4,99586
lm_head,1474,0,4,508095
embedding,1475,0,4,41740
input_layernorm,1475,0,4,98378
q_proj,1475,0,4,18885
k_proj,1475,0,4,13046
v_proj,1475,0,4,13320
rope,1475,0,4,45734
attn,1475,0,4,53241
o_proj,1475,0,4,19041
post_layernorm,1475,0,4,97334
gate_proj,1475,0,4,58766
up_proj,1475,0,4,56336
act_fn,1475,0,4,16213
down_proj,1475,0,4,57841
final_layernorm,1475,0,4,99004
lm_head,1475,0,4,507477
embedding,1476,0,4,41168
input_layernorm,1476,0,4,98607
q_proj,1476,0,4,18879
k_proj,1476,0,4,12595
v_proj,1476,0,4,12881
rope,1476,0,4,45975
attn,1476,0,4,53581
o_proj,1476,0,4,19082
post_layernorm,1476,0,4,97564
gate_proj,1476,0,4,58774
up_proj,1476,0,4,56432
act_fn,1476,0,4,16271
down_proj,1476,0,4,57887
final_layernorm,1476,0,4,99163
lm_head,1476,0,4,507445
embedding,1477,0,4,42154
input_layernorm,1477,0,4,99445
q_proj,1477,0,4,19072
k_proj,1477,0,4,12558
v_proj,1477,0,4,12886
rope,1477,0,4,46679
attn,1477,0,4,53908
o_proj,1477,0,4,19233
post_layernorm,1477,0,4,98203
gate_proj,1477,0,4,59753
up_proj,1477,0,4,56670
act_fn,1477,0,4,16264
down_proj,1477,0,4,58263
final_layernorm,1477,0,4,99846
lm_head,1477,0,4,508163
embedding,1478,0,4,41750
input_layernorm,1478,0,4,99089
q_proj,1478,0,4,18923
k_proj,1478,0,4,12565
v_proj,1478,0,4,12878
rope,1478,0,4,46124
attn,1478,0,4,53700
o_proj,1478,0,4,19114
post_layernorm,1478,0,4,97817
gate_proj,1478,0,4,58978
up_proj,1478,0,4,56324
act_fn,1478,0,4,16313
down_proj,1478,0,4,57877
final_layernorm,1478,0,4,99463
lm_head,1478,0,4,507453
embedding,1479,0,4,41758
input_layernorm,1479,0,4,98894
q_proj,1479,0,4,18959
k_proj,1479,0,4,12608
v_proj,1479,0,4,12880
rope,1479,0,4,46106
attn,1479,0,4,53819
o_proj,1479,0,4,19117
post_layernorm,1479,0,4,97922
gate_proj,1479,0,4,59177
up_proj,1479,0,4,56430
act_fn,1479,0,4,16181
down_proj,1479,0,4,57987
final_layernorm,1479,0,4,99547
lm_head,1479,0,4,507694
embedding,1480,0,4,41834
input_layernorm,1480,0,4,98852
q_proj,1480,0,4,18996
k_proj,1480,0,4,12842
v_proj,1480,0,4,13265
rope,1480,0,4,46654
attn,1480,0,4,53906
o_proj,1480,0,4,19170
post_layernorm,1480,0,4,98157
gate_proj,1480,0,4,59499
up_proj,1480,0,4,56541
act_fn,1480,0,4,16197
down_proj,1480,0,4,58086
final_layernorm,1480,0,4,99663
lm_head,1480,0,4,508271
embedding,1481,0,4,41953
input_layernorm,1481,0,4,99064
q_proj,1481,0,4,18936
k_proj,1481,0,4,12625
v_proj,1481,0,4,12882
rope,1481,0,4,46140
attn,1481,0,4,54024
o_proj,1481,0,4,19142
post_layernorm,1481,0,4,98080
gate_proj,1481,0,4,59062
up_proj,1481,0,4,56499
act_fn,1481,0,4,16261
down_proj,1481,0,4,58053
final_layernorm,1481,0,4,99527
lm_head,1481,0,4,507595
embedding,1482,0,4,42354
input_layernorm,1482,0,4,99669
q_proj,1482,0,4,19019
k_proj,1482,0,4,12647
v_proj,1482,0,4,12945
rope,1482,0,4,46634
attn,1482,0,4,53815
o_proj,1482,0,4,19176
post_layernorm,1482,0,4,98660
gate_proj,1482,0,4,59410
up_proj,1482,0,4,56500
act_fn,1482,0,4,16324
down_proj,1482,0,4,58114
final_layernorm,1482,0,4,100398
lm_head,1482,0,4,508340
embedding,1483,0,4,42509
input_layernorm,1483,0,4,99516
q_proj,1483,0,4,18990
k_proj,1483,0,4,12833
v_proj,1483,0,4,13136
rope,1483,0,4,46433
attn,1483,0,4,53698
o_proj,1483,0,4,19165
post_layernorm,1483,0,4,98465
gate_proj,1483,0,4,59353
up_proj,1483,0,4,56473
act_fn,1483,0,4,16291
down_proj,1483,0,4,58078
final_layernorm,1483,0,4,100035
lm_head,1483,0,4,508624
embedding,1484,0,4,42211
input_layernorm,1484,0,4,99156
q_proj,1484,0,4,18932
k_proj,1484,0,4,12665
v_proj,1484,0,4,12978
rope,1484,0,4,46226
attn,1484,0,4,53696
o_proj,1484,0,4,19103
post_layernorm,1484,0,4,98219
gate_proj,1484,0,4,58907
up_proj,1484,0,4,56498
act_fn,1484,0,4,16265
down_proj,1484,0,4,58033
final_layernorm,1484,0,4,99855
lm_head,1484,0,4,507707
embedding,1485,0,4,42718
input_layernorm,1485,0,4,99429
q_proj,1485,0,4,18949
k_proj,1485,0,4,12642
v_proj,1485,0,4,12956
rope,1485,0,4,46210
attn,1485,0,4,53432
o_proj,1485,0,4,19125
post_layernorm,1485,0,4,98382
gate_proj,1485,0,4,59079
up_proj,1485,0,4,56516
act_fn,1485,0,4,16295
down_proj,1485,0,4,58037
final_layernorm,1485,0,4,99902
lm_head,1485,0,4,508564
embedding,1486,0,4,42056
input_layernorm,1486,0,4,99361
q_proj,1486,0,4,18909
k_proj,1486,0,4,12675
v_proj,1486,0,4,12994
rope,1486,0,4,46129
attn,1486,0,4,53574
o_proj,1486,0,4,19086
post_layernorm,1486,0,4,98421
gate_proj,1486,0,4,58922
up_proj,1486,0,4,56414
act_fn,1486,0,4,16289
down_proj,1486,0,4,57886
final_layernorm,1486,0,4,99649
lm_head,1486,0,4,508438
embedding,1487,0,4,42418
input_layernorm,1487,0,4,99220
q_proj,1487,0,4,18913
k_proj,1487,0,4,12625
v_proj,1487,0,4,12973
rope,1487,0,4,46023
attn,1487,0,4,53434
o_proj,1487,0,4,19102
post_layernorm,1487,0,4,98512
gate_proj,1487,0,4,58895
up_proj,1487,0,4,56439
act_fn,1487,0,4,16324
down_proj,1487,0,4,57920
final_layernorm,1487,0,4,99806
lm_head,1487,0,4,508250
embedding,1488,0,4,42711
input_layernorm,1488,0,4,99613
q_proj,1488,0,4,19015
k_proj,1488,0,4,11915
v_proj,1488,0,4,12039
rope,1488,0,4,46838
attn,1488,0,4,53860
o_proj,1488,0,4,19158
post_layernorm,1488,0,4,98649
gate_proj,1488,0,4,60958
up_proj,1488,0,4,58092
act_fn,1488,0,4,16383
down_proj,1488,0,4,58083
final_layernorm,1488,0,4,99960
lm_head,1488,0,4,507665
embedding,1489,0,4,42794
input_layernorm,1489,0,4,99927
q_proj,1489,0,4,19012
k_proj,1489,0,4,10524
v_proj,1489,0,4,9927
rope,1489,0,4,46577
attn,1489,0,4,53996
o_proj,1489,0,4,19188
post_layernorm,1489,0,4,99158
gate_proj,1489,0,4,59349
up_proj,1489,0,4,56493
act_fn,1489,0,4,16391
down_proj,1489,0,4,58105
final_layernorm,1489,0,4,100504
lm_head,1489,0,4,508832
embedding,1490,0,4,41860
input_layernorm,1490,0,4,99597
q_proj,1490,0,4,18932
k_proj,1490,0,4,10400
v_proj,1490,0,4,9768
rope,1490,0,4,45969
attn,1490,0,4,53590
o_proj,1490,0,4,19172
post_layernorm,1490,0,4,98599
gate_proj,1490,0,4,58900
up_proj,1490,0,4,56499
act_fn,1490,0,4,16325
down_proj,1490,0,4,57982
final_layernorm,1490,0,4,100294
lm_head,1490,0,4,508560
embedding,1491,0,4,42365
input_layernorm,1491,0,4,99729
q_proj,1491,0,4,18905
k_proj,1491,0,4,10394
v_proj,1491,0,4,9746
rope,1491,0,4,45858
attn,1491,0,4,53410
o_proj,1491,0,4,19104
post_layernorm,1491,0,4,98877
gate_proj,1491,0,4,58757
up_proj,1491,0,4,56443
act_fn,1491,0,4,16354
down_proj,1491,0,4,57929
final_layernorm,1491,0,4,100381
lm_head,1491,0,4,508822
embedding,1492,0,4,42099
input_layernorm,1492,0,4,99882
q_proj,1492,0,4,18907
k_proj,1492,0,4,10397
v_proj,1492,0,4,9748
rope,1492,0,4,46018
attn,1492,0,4,53919
o_proj,1492,0,4,19141
post_layernorm,1492,0,4,98997
gate_proj,1492,0,4,58849
up_proj,1492,0,4,56412
act_fn,1492,0,4,16384
down_proj,1492,0,4,57913
final_layernorm,1492,0,4,100067
lm_head,1492,0,4,508481
embedding,1493,0,4,43034
input_layernorm,1493,0,4,99855
q_proj,1493,0,4,18935
k_proj,1493,0,4,10467
v_proj,1493,0,4,9800
rope,1493,0,4,46127
attn,1493,0,4,53791
o_proj,1493,0,4,19167
post_layernorm,1493,0,4,98970
gate_proj,1493,0,4,58940
up_proj,1493,0,4,56484
act_fn,1493,0,4,16344
down_proj,1493,0,4,58104
final_layernorm,1493,0,4,100232
lm_head,1493,0,4,508642
embedding,1494,0,4,42412
input_layernorm,1494,0,4,100437
q_proj,1494,0,4,19047
k_proj,1494,0,4,10601
v_proj,1494,0,4,9925
rope,1494,0,4,46679
attn,1494,0,4,54036
o_proj,1494,0,4,19278
post_layernorm,1494,0,4,99882
gate_proj,1494,0,4,59534
up_proj,1494,0,4,56710
act_fn,1494,0,4,16416
down_proj,1494,0,4,58276
final_layernorm,1494,0,4,100962
lm_head,1494,0,4,509446
embedding,1495,0,4,42680
input_layernorm,1495,0,4,100166
q_proj,1495,0,4,18961
k_proj,1495,0,4,10470
v_proj,1495,0,4,9829
rope,1495,0,4,46279
attn,1495,0,4,53519
o_proj,1495,0,4,19194
post_layernorm,1495,0,4,99228
gate_proj,1495,0,4,59038
up_proj,1495,0,4,56660
act_fn,1495,0,4,16398
down_proj,1495,0,4,58142
final_layernorm,1495,0,4,100494
lm_head,1495,0,4,508958
embedding,1496,0,4,42278
input_layernorm,1496,0,4,99804
q_proj,1496,0,4,18950
k_proj,1496,0,4,10413
v_proj,1496,0,4,9795
rope,1496,0,4,46269
attn,1496,0,4,54050
o_proj,1496,0,4,19182
post_layernorm,1496,0,4,99177
gate_proj,1496,0,4,58958
up_proj,1496,0,4,56536
act_fn,1496,0,4,16435
down_proj,1496,0,4,58098
final_layernorm,1496,0,4,100312
lm_head,1496,0,4,508894
embedding,1497,0,4,43041
input_layernorm,1497,0,4,100680
q_proj,1497,0,4,19047
k_proj,1497,0,4,15396
v_proj,1497,0,4,14622
rope,1497,0,4,46784
attn,1497,0,4,53935
o_proj,1497,0,4,19265
post_layernorm,1497,0,4,99602
gate_proj,1497,0,4,59549
up_proj,1497,0,4,56656
act_fn,1497,0,4,16479
down_proj,1497,0,4,58252
final_layernorm,1497,0,4,101035
lm_head,1497,0,4,508681
embedding,1498,0,4,42541
input_layernorm,1498,0,4,100548
q_proj,1498,0,4,19031
k_proj,1498,0,4,16188
v_proj,1498,0,4,14832
rope,1498,0,4,46557
attn,1498,0,4,53940
o_proj,1498,0,4,19259
post_layernorm,1498,0,4,99609
gate_proj,1498,0,4,59428
up_proj,1498,0,4,56764
act_fn,1498,0,4,16461
down_proj,1498,0,4,58351
final_layernorm,1498,0,4,100888
lm_head,1498,0,4,508569
embedding,1499,0,4,42527
input_layernorm,1499,0,4,100427
q_proj,1499,0,4,18978
k_proj,1499,0,4,15499
v_proj,1499,0,4,15418
rope,1499,0,4,46315
attn,1499,0,4,53428
o_proj,1499,0,4,19193
post_layernorm,1499,0,4,99519
gate_proj,1499,0,4,59024
up_proj,1499,0,4,56541
act_fn,1499,0,4,16360
down_proj,1499,0,4,58087
final_layernorm,1499,0,4,100834
lm_head,1499,0,4,508461
embedding,1500,0,4,42429
input_layernorm,1500,0,4,100395
q_proj,1500,0,4,18959
k_proj,1500,0,4,15496
v_proj,1500,0,4,14999
rope,1500,0,4,46567
attn,1500,0,4,53422
o_proj,1500,0,4,19190
post_layernorm,1500,0,4,99785
gate_proj,1500,0,4,59126
up_proj,1500,0,4,56515
act_fn,1500,0,4,16440
down_proj,1500,0,4,58069
final_layernorm,1500,0,4,100966
lm_head,1500,0,4,508337
embedding,1501,0,4,42869
input_layernorm,1501,0,4,100426
q_proj,1501,0,4,18972
k_proj,1501,0,4,15938
v_proj,1501,0,4,14667
rope,1501,0,4,46376
attn,1501,0,4,53663
o_proj,1501,0,4,19195
post_layernorm,1501,0,4,99622
gate_proj,1501,0,4,59118
up_proj,1501,0,4,56580
act_fn,1501,0,4,16438
down_proj,1501,0,4,58176
final_layernorm,1501,0,4,100753
lm_head,1501,0,4,508388
embedding,1502,0,4,42477
input_layernorm,1502,0,4,100734
q_proj,1502,0,4,18943
k_proj,1502,0,4,15371
v_proj,1502,0,4,14729
rope,1502,0,4,46395
attn,1502,0,4,53406
o_proj,1502,0,4,19176
post_layernorm,1502,0,4,99762
gate_proj,1502,0,4,59120
up_proj,1502,0,4,56667
act_fn,1502,0,4,16465
down_proj,1502,0,4,58117
final_layernorm,1502,0,4,100906
lm_head,1502,0,4,508207
embedding,1503,0,4,43349
input_layernorm,1503,0,4,101445
q_proj,1503,0,4,19064
k_proj,1503,0,4,15444
v_proj,1503,0,4,14984
rope,1503,0,4,46997
attn,1503,0,4,54128
o_proj,1503,0,4,19271
post_layernorm,1503,0,4,100629
gate_proj,1503,0,4,59611
up_proj,1503,0,4,56742
act_fn,1503,0,4,16478
down_proj,1503,0,4,58266
final_layernorm,1503,0,4,101872
lm_head,1503,0,4,508935
embedding,1504,0,4,43092
input_layernorm,1504,0,4,100845
q_proj,1504,0,4,19053
k_proj,1504,0,4,11250
v_proj,1504,0,4,11381
rope,1504,0,4,47001
attn,1504,0,4,53816
o_proj,1504,0,4,19282
post_layernorm,1504,0,4,100122
gate_proj,1504,0,4,61127
up_proj,1504,0,4,58290
act_fn,1504,0,4,16452
down_proj,1504,0,4,58238
final_layernorm,1504,0,4,101185
lm_head,1504,0,4,520453
embedding,1505,0,4,43540
input_layernorm,1505,0,4,101873
q_proj,1505,0,4,19153
k_proj,1505,0,4,14766
v_proj,1505,0,4,15219
rope,1505,0,4,47299
attn,1505,0,4,54782
o_proj,1505,0,4,19390
post_layernorm,1505,0,4,101167
gate_proj,1505,0,4,60095
up_proj,1505,0,4,56996
act_fn,1505,0,4,16528
down_proj,1505,0,4,58586
final_layernorm,1505,0,4,102111
lm_head,1505,0,4,509909
embedding,1506,0,4,42552
input_layernorm,1506,0,4,101075
q_proj,1506,0,4,19024
k_proj,1506,0,4,14958
v_proj,1506,0,4,14713
rope,1506,0,4,46615
attn,1506,0,4,54391
o_proj,1506,0,4,19239
post_layernorm,1506,0,4,100024
gate_proj,1506,0,4,59363
up_proj,1506,0,4,56678
act_fn,1506,0,4,16520
down_proj,1506,0,4,58227
final_layernorm,1506,0,4,101365
lm_head,1506,0,4,509367
embedding,1507,0,4,43565
input_layernorm,1507,0,4,101892
q_proj,1507,0,4,19171
k_proj,1507,0,4,14891
v_proj,1507,0,4,14587
rope,1507,0,4,47296
attn,1507,0,4,54531
o_proj,1507,0,4,19410
post_layernorm,1507,0,4,101166
gate_proj,1507,0,4,60139
up_proj,1507,0,4,56956
act_fn,1507,0,4,16551
down_proj,1507,0,4,58674
final_layernorm,1507,0,4,102088
lm_head,1507,0,4,510218
embedding,1508,0,4,43030
input_layernorm,1508,0,4,101940
q_proj,1508,0,4,19109
k_proj,1508,0,4,15485
v_proj,1508,0,4,14439
rope,1508,0,4,47308
attn,1508,0,4,54443
o_proj,1508,0,4,19342
post_layernorm,1508,0,4,100880
gate_proj,1508,0,4,59921
up_proj,1508,0,4,56862
act_fn,1508,0,4,16525
down_proj,1508,0,4,58480
final_layernorm,1508,0,4,102428
lm_head,1508,0,4,510012
embedding,1509,0,4,43215
input_layernorm,1509,0,4,101693
q_proj,1509,0,4,19071
k_proj,1509,0,4,14576
v_proj,1509,0,4,14353
rope,1509,0,4,46978
attn,1509,0,4,53897
o_proj,1509,0,4,19311
post_layernorm,1509,0,4,100645
gate_proj,1509,0,4,59587
up_proj,1509,0,4,56702
act_fn,1509,0,4,16503
down_proj,1509,0,4,58407
final_layernorm,1509,0,4,102139
lm_head,1509,0,4,509706
embedding,1510,0,4,42566
input_layernorm,1510,0,4,100994
q_proj,1510,0,4,19006
k_proj,1510,0,4,14750
v_proj,1510,0,4,15201
rope,1510,0,4,46558
attn,1510,0,4,54009
o_proj,1510,0,4,19219
post_layernorm,1510,0,4,100405
gate_proj,1510,0,4,59242
up_proj,1510,0,4,56769
act_fn,1510,0,4,16551
down_proj,1510,0,4,58324
final_layernorm,1510,0,4,101566
lm_head,1510,0,4,509508
embedding,1511,0,4,43030
input_layernorm,1511,0,4,101422
q_proj,1511,0,4,19064
k_proj,1511,0,4,15203
v_proj,1511,0,4,14334
rope,1511,0,4,46772
attn,1511,0,4,53946
o_proj,1511,0,4,19289
post_layernorm,1511,0,4,100708
gate_proj,1511,0,4,59550
up_proj,1511,0,4,56862
act_fn,1511,0,4,16540
down_proj,1511,0,4,58403
final_layernorm,1511,0,4,102241
lm_head,1511,0,4,509563
embedding,1512,0,4,42540
input_layernorm,1512,0,4,101043
q_proj,1512,0,4,19032
k_proj,1512,0,4,9773
v_proj,1512,0,4,9180
rope,1512,0,4,46726
attn,1512,0,4,53917
o_proj,1512,0,4,19232
post_layernorm,1512,0,4,100168
gate_proj,1512,0,4,59285
up_proj,1512,0,4,56703
act_fn,1512,0,4,16586
down_proj,1512,0,4,58237
final_layernorm,1512,0,4,101680
lm_head,1512,0,4,509493
embedding,1513,0,4,43110
input_layernorm,1513,0,4,102049
q_proj,1513,0,4,19123
k_proj,1513,0,4,10829
v_proj,1513,0,4,11065
rope,1513,0,4,47007
attn,1513,0,4,54215
o_proj,1513,0,4,19322
post_layernorm,1513,0,4,100895
gate_proj,1513,0,4,61387
up_proj,1513,0,4,58468
act_fn,1513,0,4,16503
down_proj,1513,0,4,58548
final_layernorm,1513,0,4,102383
lm_head,1513,0,4,510334
embedding,1514,0,4,42778
input_layernorm,1514,0,4,101966
q_proj,1514,0,4,19105
k_proj,1514,0,4,10919
v_proj,1514,0,4,11085
rope,1514,0,4,47035
attn,1514,0,4,54011
o_proj,1514,0,4,19322
post_layernorm,1514,0,4,101313
gate_proj,1514,0,4,61415
up_proj,1514,0,4,58427
act_fn,1514,0,4,16623
down_proj,1514,0,4,58483
final_layernorm,1514,0,4,102442
lm_head,1514,0,4,510282
embedding,1515,0,4,43312
input_layernorm,1515,0,4,101784
q_proj,1515,0,4,19033
k_proj,1515,0,4,10932
v_proj,1515,0,4,11157
rope,1515,0,4,46704
attn,1515,0,4,53916
o_proj,1515,0,4,19250
post_layernorm,1515,0,4,100778
gate_proj,1515,0,4,60962
up_proj,1515,0,4,58117
act_fn,1515,0,4,16589
down_proj,1515,0,4,58249
final_layernorm,1515,0,4,102347
lm_head,1515,0,4,509928
embedding,1516,0,4,43856
input_layernorm,1516,0,4,102866
q_proj,1516,0,4,19251
k_proj,1516,0,4,10715
v_proj,1516,0,4,10786
rope,1516,0,4,47896
attn,1516,0,4,55065
o_proj,1516,0,4,19491
post_layernorm,1516,0,4,102102
gate_proj,1516,0,4,62172
up_proj,1516,0,4,58884
act_fn,1516,0,4,16600
down_proj,1516,0,4,59017
final_layernorm,1516,0,4,103447
lm_head,1516,0,4,511049
embedding,1517,0,4,43948
input_layernorm,1517,0,4,102145
q_proj,1517,0,4,19111
k_proj,1517,0,4,10793
v_proj,1517,0,4,11050
rope,1517,0,4,47126
attn,1517,0,4,54289
o_proj,1517,0,4,19335
post_layernorm,1517,0,4,101384
gate_proj,1517,0,4,61423
up_proj,1517,0,4,58397
act_fn,1517,0,4,16578
down_proj,1517,0,4,58416
final_layernorm,1517,0,4,103046
lm_head,1517,0,4,510401
embedding,1518,0,4,43503
input_layernorm,1518,0,4,101992
q_proj,1518,0,4,19079
k_proj,1518,0,4,10832
v_proj,1518,0,4,11023
rope,1518,0,4,46954
attn,1518,0,4,54109
o_proj,1518,0,4,19295
post_layernorm,1518,0,4,101394
gate_proj,1518,0,4,61128
up_proj,1518,0,4,58272
act_fn,1518,0,4,16594
down_proj,1518,0,4,58368
final_layernorm,1518,0,4,102739
lm_head,1518,0,4,510080
embedding,1519,0,4,43601
input_layernorm,1519,0,4,102019
q_proj,1519,0,4,19056
k_proj,1519,0,4,10731
v_proj,1519,0,4,10847
rope,1519,0,4,46737
attn,1519,0,4,54202
o_proj,1519,0,4,19294
post_layernorm,1519,0,4,101111
gate_proj,1519,0,4,61151
up_proj,1519,0,4,58422
act_fn,1519,0,4,16572
down_proj,1519,0,4,58500
final_layernorm,1519,0,4,102768
lm_head,1519,0,4,510169
embedding,1520,0,4,43482
input_layernorm,1520,0,4,101873
q_proj,1520,0,4,19043
k_proj,1520,0,4,10709
v_proj,1520,0,4,10847
rope,1520,0,4,46868
attn,1520,0,4,53784
o_proj,1520,0,4,19260
post_layernorm,1520,0,4,100839
gate_proj,1520,0,4,60903
up_proj,1520,0,4,58128
act_fn,1520,0,4,16623
down_proj,1520,0,4,58285
final_layernorm,1520,0,4,102663
lm_head,1520,0,4,509953
embedding,1521,0,4,44412
input_layernorm,1521,0,4,102504
q_proj,1521,0,4,19078
k_proj,1521,0,4,10634
v_proj,1521,0,4,10834
rope,1521,0,4,46963
attn,1521,0,4,53960
o_proj,1521,0,4,19318
post_layernorm,1521,0,4,101536
gate_proj,1521,0,4,61192
up_proj,1521,0,4,58305
act_fn,1521,0,4,16646
down_proj,1521,0,4,58350
final_layernorm,1521,0,4,103167
lm_head,1521,0,4,521879
embedding,1522,0,4,44364
input_layernorm,1522,0,4,102575
q_proj,1522,0,4,19126
k_proj,1522,0,4,10694
v_proj,1522,0,4,10773
rope,1522,0,4,47203
attn,1522,0,4,54184
o_proj,1522,0,4,19348
post_layernorm,1522,0,4,101893
gate_proj,1522,0,4,61512
up_proj,1522,0,4,58441
act_fn,1522,0,4,16624
down_proj,1522,0,4,58496
final_layernorm,1522,0,4,103049
lm_head,1522,0,4,522314
embedding,1523,0,4,43887
input_layernorm,1523,0,4,102250
q_proj,1523,0,4,19029
k_proj,1523,0,4,10755
v_proj,1523,0,4,10773
rope,1523,0,4,46718
attn,1523,0,4,54133
o_proj,1523,0,4,19254
post_layernorm,1523,0,4,101301
gate_proj,1523,0,4,60832
up_proj,1523,0,4,58280
act_fn,1523,0,4,16621
down_proj,1523,0,4,58326
final_layernorm,1523,0,4,103034
lm_head,1523,0,4,521763
embedding,1524,0,4,43802
input_layernorm,1524,0,4,102233
q_proj,1524,0,4,19052
k_proj,1524,0,4,10445
v_proj,1524,0,4,10655
rope,1524,0,4,46858
attn,1524,0,4,53982
o_proj,1524,0,4,19261
post_layernorm,1524,0,4,101509
gate_proj,1524,0,4,60951
up_proj,1524,0,4,58295
act_fn,1524,0,4,16589
down_proj,1524,0,4,58363
final_layernorm,1524,0,4,102975
lm_head,1524,0,4,521877
embedding,1525,0,4,44555
input_layernorm,1525,0,4,102616
q_proj,1525,0,4,19166
k_proj,1525,0,4,10479
v_proj,1525,0,4,10767
rope,1525,0,4,47387
attn,1525,0,4,54524
o_proj,1525,0,4,19379
post_layernorm,1525,0,4,102283
gate_proj,1525,0,4,61667
up_proj,1525,0,4,58621
act_fn,1525,0,4,16645
down_proj,1525,0,4,58669
final_layernorm,1525,0,4,103702
lm_head,1525,0,4,522529
embedding,1526,0,4,44302
input_layernorm,1526,0,4,103420
q_proj,1526,0,4,19223
k_proj,1526,0,4,10419
v_proj,1526,0,4,10626
rope,1526,0,4,47707
attn,1526,0,4,55000
o_proj,1526,0,4,19477
post_layernorm,1526,0,4,102599
gate_proj,1526,0,4,61951
up_proj,1526,0,4,58776
act_fn,1526,0,4,16745
down_proj,1526,0,4,58840
final_layernorm,1526,0,4,104029
lm_head,1526,0,4,523099
embedding,1527,0,4,44245
input_layernorm,1527,0,4,102622
q_proj,1527,0,4,19052
k_proj,1527,0,4,10374
v_proj,1527,0,4,10490
rope,1527,0,4,46905
attn,1527,0,4,53938
o_proj,1527,0,4,19277
post_layernorm,1527,0,4,101807
gate_proj,1527,0,4,61040
up_proj,1527,0,4,58315
act_fn,1527,0,4,16640
down_proj,1527,0,4,58412
final_layernorm,1527,0,4,103304
lm_head,1527,0,4,522340
embedding,1528,0,4,43643
input_layernorm,1528,0,4,102300
q_proj,1528,0,4,19071
k_proj,1528,0,4,10347
v_proj,1528,0,4,10306
rope,1528,0,4,47056
attn,1528,0,4,53947
o_proj,1528,0,4,19294
post_layernorm,1528,0,4,101533
gate_proj,1528,0,4,61115
up_proj,1528,0,4,58343
act_fn,1528,0,4,16713
down_proj,1528,0,4,58419
final_layernorm,1528,0,4,102897
lm_head,1528,0,4,522235
embedding,1529,0,4,44499
input_layernorm,1529,0,4,103063
q_proj,1529,0,4,19160
k_proj,1529,0,4,10329
v_proj,1529,0,4,10458
rope,1529,0,4,47238
attn,1529,0,4,54945
o_proj,1529,0,4,19372
post_layernorm,1529,0,4,102357
gate_proj,1529,0,4,61541
up_proj,1529,0,4,58603
act_fn,1529,0,4,16731
down_proj,1529,0,4,58609
final_layernorm,1529,0,4,103766
lm_head,1529,0,4,522799
embedding,1530,0,4,43911
input_layernorm,1530,0,4,103373
q_proj,1530,0,4,19152
k_proj,1530,0,4,10291
v_proj,1530,0,4,10455
rope,1530,0,4,47512
attn,1530,0,4,54357
o_proj,1530,0,4,19387
post_layernorm,1530,0,4,102556
gate_proj,1530,0,4,61537
up_proj,1530,0,4,58564
act_fn,1530,0,4,16730
down_proj,1530,0,4,58600
final_layernorm,1530,0,4,104090
lm_head,1530,0,4,523071
embedding,1531,0,4,44690
input_layernorm,1531,0,4,103706
q_proj,1531,0,4,19203
k_proj,1531,0,4,10422
v_proj,1531,0,4,10464
rope,1531,0,4,47697
attn,1531,0,4,54603
o_proj,1531,0,4,19440
post_layernorm,1531,0,4,102708
gate_proj,1531,0,4,61826
up_proj,1531,0,4,58677
act_fn,1531,0,4,16882
down_proj,1531,0,4,58733
final_layernorm,1531,0,4,104265
lm_head,1531,0,4,523129
embedding,1532,0,4,43292
input_layernorm,1532,0,4,102889
q_proj,1532,0,4,19038
k_proj,1532,0,4,10300
v_proj,1532,0,4,10260
rope,1532,0,4,46886
attn,1532,0,4,53710
o_proj,1532,0,4,19263
post_layernorm,1532,0,4,101885
gate_proj,1532,0,4,60781
up_proj,1532,0,4,58166
act_fn,1532,0,4,16781
down_proj,1532,0,4,58288
final_layernorm,1532,0,4,103319
lm_head,1532,0,4,522169
embedding,1533,0,4,43620
input_layernorm,1533,0,4,102673
q_proj,1533,0,4,19024
k_proj,1533,0,4,10198
v_proj,1533,0,4,10392
rope,1533,0,4,46703
attn,1533,0,4,53838
o_proj,1533,0,4,19230
post_layernorm,1533,0,4,101820
gate_proj,1533,0,4,60698
up_proj,1533,0,4,58263
act_fn,1533,0,4,16768
down_proj,1533,0,4,58313
final_layernorm,1533,0,4,103410
lm_head,1533,0,4,522248
embedding,1534,0,4,43500
input_layernorm,1534,0,4,102648
q_proj,1534,0,4,18995
k_proj,1534,0,4,10350
v_proj,1534,0,4,10332
rope,1534,0,4,46652
attn,1534,0,4,53633
o_proj,1534,0,4,19225
post_layernorm,1534,0,4,101746
gate_proj,1534,0,4,60615
up_proj,1534,0,4,58245
act_fn,1534,0,4,16767
down_proj,1534,0,4,58293
final_layernorm,1534,0,4,103395
lm_head,1534,0,4,522222
embedding,1535,0,4,44157
input_layernorm,1535,0,4,102599
q_proj,1535,0,4,18998
k_proj,1535,0,4,10104
v_proj,1535,0,4,10273
rope,1535,0,4,46634
attn,1535,0,4,53869
o_proj,1535,0,4,19237
post_layernorm,1535,0,4,101925
gate_proj,1535,0,4,60614
up_proj,1535,0,4,58212
act_fn,1535,0,4,16743
down_proj,1535,0,4,58281
final_layernorm,1535,0,4,103453
lm_head,1535,0,4,522123
embedding,1536,0,4,43899
input_layernorm,1536,0,4,102887
q_proj,1536,0,4,19110
k_proj,1536,0,4,10238
v_proj,1536,0,4,10173
rope,1536,0,4,47281
attn,1536,0,4,48300
o_proj,1536,0,4,19325
post_layernorm,1536,0,4,102394
gate_proj,1536,0,4,62380
up_proj,1536,0,4,59312
act_fn,1536,0,4,16650
down_proj,1536,0,4,58591
final_layernorm,1536,0,4,103706
lm_head,1536,0,4,522458
embedding,1537,0,4,44077
input_layernorm,1537,0,4,104128
q_proj,1537,0,4,19307
k_proj,1537,0,4,9613
v_proj,1537,0,4,8537
rope,1537,0,4,47932
attn,1537,0,4,59286
o_proj,1537,0,4,19537
post_layernorm,1537,0,4,103053
gate_proj,1537,0,4,61785
up_proj,1537,0,4,58792
act_fn,1537,0,4,16841
down_proj,1537,0,4,59652
final_layernorm,1537,0,4,104307
lm_head,1537,0,4,532329
embedding,1538,0,4,43351
input_layernorm,1538,0,4,103651
q_proj,1538,0,4,19160
k_proj,1538,0,4,9563
v_proj,1538,0,4,8439
rope,1538,0,4,47319
attn,1538,0,4,58535
o_proj,1538,0,4,19363
post_layernorm,1538,0,4,102570
gate_proj,1538,0,4,60947
up_proj,1538,0,4,58373
act_fn,1538,0,4,16787
down_proj,1538,0,4,58941
final_layernorm,1538,0,4,103911
lm_head,1538,0,4,531299
embedding,1539,0,4,43073
input_layernorm,1539,0,4,103711
q_proj,1539,0,4,19179
k_proj,1539,0,4,9584
v_proj,1539,0,4,8472
rope,1539,0,4,47403
attn,1539,0,4,58420
o_proj,1539,0,4,19392
post_layernorm,1539,0,4,102722
gate_proj,1539,0,4,61221
up_proj,1539,0,4,58368
act_fn,1539,0,4,16816
down_proj,1539,0,4,59080
final_layernorm,1539,0,4,104219
lm_head,1539,0,4,531336
embedding,1540,0,4,43935
input_layernorm,1540,0,4,103955
q_proj,1540,0,4,19212
k_proj,1540,0,4,9555
v_proj,1540,0,4,8450
rope,1540,0,4,47888
attn,1540,0,4,58579
o_proj,1540,0,4,19410
post_layernorm,1540,0,4,103061
gate_proj,1540,0,4,61344
up_proj,1540,0,4,58349
act_fn,1540,0,4,16818
down_proj,1540,0,4,59106
final_layernorm,1540,0,4,104410
lm_head,1540,0,4,531938
embedding,1541,0,4,43363
input_layernorm,1541,0,4,104058
q_proj,1541,0,4,19186
k_proj,1541,0,4,9445
v_proj,1541,0,4,8482
rope,1541,0,4,47582
attn,1541,0,4,58375
o_proj,1541,0,4,19369
post_layernorm,1541,0,4,102910
gate_proj,1541,0,4,61171
up_proj,1541,0,4,58447
act_fn,1541,0,4,16911
down_proj,1541,0,4,59134
final_layernorm,1541,0,4,104375
lm_head,1541,0,4,531653
embedding,1542,0,4,44466
input_layernorm,1542,0,4,104775
q_proj,1542,0,4,19311
k_proj,1542,0,4,9637
v_proj,1542,0,4,8553
rope,1542,0,4,48088
attn,1542,0,4,59435
o_proj,1542,0,4,19522
post_layernorm,1542,0,4,103602
gate_proj,1542,0,4,61788
up_proj,1542,0,4,58683
act_fn,1542,0,4,16858
down_proj,1542,0,4,59486
final_layernorm,1542,0,4,104743
lm_head,1542,0,4,532593
embedding,1543,0,4,43385
input_layernorm,1543,0,4,104372
q_proj,1543,0,4,19226
k_proj,1543,0,4,9556
v_proj,1543,0,4,8482
rope,1543,0,4,47726
attn,1543,0,4,58963
o_proj,1543,0,4,19462
post_layernorm,1543,0,4,103159
gate_proj,1543,0,4,61291
up_proj,1543,0,4,58552
act_fn,1543,0,4,16918
down_proj,1543,0,4,59297
final_layernorm,1543,0,4,104650
lm_head,1543,0,4,532396
embedding,1544,0,4,43531
input_layernorm,1544,0,4,104059
q_proj,1544,0,4,19188
k_proj,1544,0,4,9557
v_proj,1544,0,4,8416
rope,1544,0,4,47627
attn,1544,0,4,58314
o_proj,1544,0,4,19413
post_layernorm,1544,0,4,102816
gate_proj,1544,0,4,61100
up_proj,1544,0,4,58542
act_fn,1544,0,4,16871
down_proj,1544,0,4,59148
final_layernorm,1544,0,4,104004
lm_head,1544,0,4,531817
embedding,1545,0,4,43032
input_layernorm,1545,0,4,103798
q_proj,1545,0,4,19130
k_proj,1545,0,4,9623
v_proj,1545,0,4,8407
rope,1545,0,4,47208
attn,1545,0,4,58414
o_proj,1545,0,4,19336
post_layernorm,1545,0,4,102919
gate_proj,1545,0,4,60832
up_proj,1545,0,4,58360
act_fn,1545,0,4,16956
down_proj,1545,0,4,58876
final_layernorm,1545,0,4,104268
lm_head,1545,0,4,531906
embedding,1546,0,4,43811
input_layernorm,1546,0,4,104142
q_proj,1546,0,4,19177
k_proj,1546,0,4,9530
v_proj,1546,0,4,8413
rope,1546,0,4,47484
attn,1546,0,4,58505
o_proj,1546,0,4,19434
post_layernorm,1546,0,4,103191
gate_proj,1546,0,4,61017
up_proj,1546,0,4,58470
act_fn,1546,0,4,16924
down_proj,1546,0,4,59143
final_layernorm,1546,0,4,104458
lm_head,1546,0,4,532158
embedding,1547,0,4,43930
input_layernorm,1547,0,4,104817
q_proj,1547,0,4,19296
k_proj,1547,0,4,9533
v_proj,1547,0,4,8482
rope,1547,0,4,48015
attn,1547,0,4,58950
o_proj,1547,0,4,19498
post_layernorm,1547,0,4,103629
gate_proj,1547,0,4,61628
up_proj,1547,0,4,58605
act_fn,1547,0,4,16906
down_proj,1547,0,4,59487
final_layernorm,1547,0,4,105078
lm_head,1547,0,4,532886
embedding,1548,0,4,44369
input_layernorm,1548,0,4,104915
q_proj,1548,0,4,19246
k_proj,1548,0,4,9644
v_proj,1548,0,4,8472
rope,1548,0,4,48226
attn,1548,0,4,58665
o_proj,1548,0,4,19451
post_layernorm,1548,0,4,103779
gate_proj,1548,0,4,61466
up_proj,1548,0,4,58501
act_fn,1548,0,4,16894
down_proj,1548,0,4,59216
final_layernorm,1548,0,4,105298
lm_head,1548,0,4,532423
embedding,1549,0,4,44221
input_layernorm,1549,0,4,105283
q_proj,1549,0,4,19296
k_proj,1549,0,4,9668
v_proj,1549,0,4,8540
rope,1549,0,4,48019
attn,1549,0,4,59191
o_proj,1549,0,4,19489
post_layernorm,1549,0,4,103929
gate_proj,1549,0,4,61634
up_proj,1549,0,4,58610
act_fn,1549,0,4,17010
down_proj,1549,0,4,59417
final_layernorm,1549,0,4,105276
lm_head,1549,0,4,532945
embedding,1550,0,4,43946
input_layernorm,1550,0,4,104365
q_proj,1550,0,4,19175
k_proj,1550,0,4,9616
v_proj,1550,0,4,8417
rope,1550,0,4,47365
attn,1550,0,4,58316
o_proj,1550,0,4,19402
post_layernorm,1550,0,4,103167
gate_proj,1550,0,4,60978
up_proj,1550,0,4,58399
act_fn,1550,0,4,16953
down_proj,1550,0,4,59016
final_layernorm,1550,0,4,104573
lm_head,1550,0,4,532058
embedding,1551,0,4,44126
input_layernorm,1551,0,4,104822
q_proj,1551,0,4,19251
k_proj,1551,0,4,9542
v_proj,1551,0,4,8457
rope,1551,0,4,47843
attn,1551,0,4,58810
o_proj,1551,0,4,19454
post_layernorm,1551,0,4,103920
gate_proj,1551,0,4,61416
up_proj,1551,0,4,58496
act_fn,1551,0,4,16945
down_proj,1551,0,4,59288
final_layernorm,1551,0,4,105175
lm_head,1551,0,4,532995
embedding,1552,0,4,44625
input_layernorm,1552,0,4,104469
q_proj,1552,0,4,19743
k_proj,1552,0,4,9705
v_proj,1552,0,4,8859
rope,1552,0,4,47762
attn,1552,0,4,58784
o_proj,1552,0,4,19904
post_layernorm,1552,0,4,103313
gate_proj,1552,0,4,61178
up_proj,1552,0,4,58407
act_fn,1552,0,4,16984
down_proj,1552,0,4,60966
final_layernorm,1552,0,4,104343
lm_head,1552,0,4,532752
embedding,1553,0,4,44236
input_layernorm,1553,0,4,104980
q_proj,1553,0,4,19211
k_proj,1553,0,4,9557
v_proj,1553,0,4,8442
rope,1553,0,4,47566
attn,1553,0,4,58593
o_proj,1553,0,4,19436
post_layernorm,1553,0,4,103620
gate_proj,1553,0,4,61224
up_proj,1553,0,4,58565
act_fn,1553,0,4,16987
down_proj,1553,0,4,59232
final_layernorm,1553,0,4,105091
lm_head,1553,0,4,533050
embedding,1554,0,4,44568
input_layernorm,1554,0,4,104995
q_proj,1554,0,4,19205
k_proj,1554,0,4,9659
v_proj,1554,0,4,8430
rope,1554,0,4,47623
attn,1554,0,4,58859
o_proj,1554,0,4,19427
post_layernorm,1554,0,4,103988
gate_proj,1554,0,4,61171
up_proj,1554,0,4,58576
act_fn,1554,0,4,17006
down_proj,1554,0,4,59252
final_layernorm,1554,0,4,105326
lm_head,1554,0,4,532796
embedding,1555,0,4,44622
input_layernorm,1555,0,4,105629
q_proj,1555,0,4,19352
k_proj,1555,0,4,9590
v_proj,1555,0,4,8539
rope,1555,0,4,48266
attn,1555,0,4,59284
o_proj,1555,0,4,19540
post_layernorm,1555,0,4,104571
gate_proj,1555,0,4,61959
up_proj,1555,0,4,58778
act_fn,1555,0,4,17007
down_proj,1555,0,4,59693
final_layernorm,1555,0,4,105802
lm_head,1555,0,4,533474
embedding,1556,0,4,44996
input_layernorm,1556,0,4,105871
q_proj,1556,0,4,19323
k_proj,1556,0,4,9641
v_proj,1556,0,4,8517
rope,1556,0,4,48457
attn,1556,0,4,59448
o_proj,1556,0,4,19552
post_layernorm,1556,0,4,104634
gate_proj,1556,0,4,61813
up_proj,1556,0,4,58770
act_fn,1556,0,4,17100
down_proj,1556,0,4,59531
final_layernorm,1556,0,4,105881
lm_head,1556,0,4,533619
embedding,1557,0,4,44532
input_layernorm,1557,0,4,106141
q_proj,1557,0,4,19364
k_proj,1557,0,4,9609
v_proj,1557,0,4,8562
rope,1557,0,4,48382
attn,1557,0,4,59509
o_proj,1557,0,4,19586
post_layernorm,1557,0,4,105014
gate_proj,1557,0,4,61931
up_proj,1557,0,4,58772
act_fn,1557,0,4,17104
down_proj,1557,0,4,59671
final_layernorm,1557,0,4,106137
lm_head,1557,0,4,533679
embedding,1558,0,4,45133
input_layernorm,1558,0,4,105786
q_proj,1558,0,4,19279
k_proj,1558,0,4,9558
v_proj,1558,0,4,8488
rope,1558,0,4,48094
attn,1558,0,4,58580
o_proj,1558,0,4,19498
post_layernorm,1558,0,4,104531
gate_proj,1558,0,4,61566
up_proj,1558,0,4,58639
act_fn,1558,0,4,17044
down_proj,1558,0,4,59427
final_layernorm,1558,0,4,105695
lm_head,1558,0,4,533262
embedding,1559,0,4,44018
input_layernorm,1559,0,4,105586
q_proj,1559,0,4,19193
k_proj,1559,0,4,9636
v_proj,1559,0,4,8409
rope,1559,0,4,47736
attn,1559,0,4,58643
o_proj,1559,0,4,19440
post_layernorm,1559,0,4,104231
gate_proj,1559,0,4,61106
up_proj,1559,0,4,58539
act_fn,1559,0,4,17066
down_proj,1559,0,4,59157
final_layernorm,1559,0,4,105502
lm_head,1559,0,4,533136
embedding,1560,0,4,44341
input_layernorm,1560,0,4,105328
q_proj,1560,0,4,19182
k_proj,1560,0,4,9565
v_proj,1560,0,4,8435
rope,1560,0,4,47965
attn,1560,0,4,58551
o_proj,1560,0,4,19399
post_layernorm,1560,0,4,103959
gate_proj,1560,0,4,61022
up_proj,1560,0,4,58460
act_fn,1560,0,4,17022
down_proj,1560,0,4,59105
final_layernorm,1560,0,4,105586
lm_head,1560,0,4,533121
embedding,1561,0,4,44629
input_layernorm,1561,0,4,105702
q_proj,1561,0,4,19262
k_proj,1561,0,4,11655
v_proj,1561,0,4,12110
rope,1561,0,4,48127
attn,1561,0,4,58794
o_proj,1561,0,4,19482
post_layernorm,1561,0,4,104647
gate_proj,1561,0,4,61431
up_proj,1561,0,4,58536
act_fn,1561,0,4,17103
down_proj,1561,0,4,59295
final_layernorm,1561,0,4,105981
lm_head,1561,0,4,533577
embedding,1562,0,4,44662
input_layernorm,1562,0,4,105583
q_proj,1562,0,4,19234
k_proj,1562,0,4,11501
v_proj,1562,0,4,11922
rope,1562,0,4,47892
attn,1562,0,4,58641
o_proj,1562,0,4,19437
post_layernorm,1562,0,4,104330
gate_proj,1562,0,4,61216
up_proj,1562,0,4,58661
act_fn,1562,0,4,17017
down_proj,1562,0,4,59227
final_layernorm,1562,0,4,105905
lm_head,1562,0,4,532973
embedding,1563,0,4,43743
input_layernorm,1563,0,4,105478
q_proj,1563,0,4,19163
k_proj,1563,0,4,11819
v_proj,1563,0,4,12135
rope,1563,0,4,47512
attn,1563,0,4,58357
o_proj,1563,0,4,19373
post_layernorm,1563,0,4,104154
gate_proj,1563,0,4,60807
up_proj,1563,0,4,58520
act_fn,1563,0,4,17055
down_proj,1563,0,4,59088
final_layernorm,1563,0,4,105597
lm_head,1563,0,4,533134
embedding,1564,0,4,44732
input_layernorm,1564,0,4,106281
q_proj,1564,0,4,19282
k_proj,1564,0,4,11538
v_proj,1564,0,4,12138
rope,1564,0,4,48383
attn,1564,0,4,58555
o_proj,1564,0,4,19483
post_layernorm,1564,0,4,104787
gate_proj,1564,0,4,61442
up_proj,1564,0,4,58548
act_fn,1564,0,4,17149
down_proj,1564,0,4,59221
final_layernorm,1564,0,4,106397
lm_head,1564,0,4,533672
embedding,1565,0,4,44149
input_layernorm,1565,0,4,106265
q_proj,1565,0,4,19276
k_proj,1565,0,4,11388
v_proj,1565,0,4,11816
rope,1565,0,4,48093
attn,1565,0,4,58534
o_proj,1565,0,4,19475
post_layernorm,1565,0,4,104826
gate_proj,1565,0,4,61342
up_proj,1565,0,4,58551
act_fn,1565,0,4,17074
down_proj,1565,0,4,59280
final_layernorm,1565,0,4,106282
lm_head,1565,0,4,533847
embedding,1566,0,4,44365
input_layernorm,1566,0,4,105831
q_proj,1566,0,4,19194
k_proj,1566,0,4,11410
v_proj,1566,0,4,11829
rope,1566,0,4,47680
attn,1566,0,4,58336
o_proj,1566,0,4,19397
post_layernorm,1566,0,4,104206
gate_proj,1566,0,4,60891
up_proj,1566,0,4,58534
act_fn,1566,0,4,17146
down_proj,1566,0,4,59143
final_layernorm,1566,0,4,105968
lm_head,1566,0,4,533269
embedding,1567,0,4,43782
input_layernorm,1567,0,4,105955
q_proj,1567,0,4,19196
k_proj,1567,0,4,11447
v_proj,1567,0,4,12071
rope,1567,0,4,47758
attn,1567,0,4,58219
o_proj,1567,0,4,19406
post_layernorm,1567,0,4,104674
gate_proj,1567,0,4,60989
up_proj,1567,0,4,58542
act_fn,1567,0,4,17175
down_proj,1567,0,4,59128
final_layernorm,1567,0,4,106069
lm_head,1567,0,4,533263
embedding,1568,0,4,45623
input_layernorm,1568,0,4,106892
q_proj,1568,0,4,20980
k_proj,1568,0,4,9898
v_proj,1568,0,4,9011
rope,1568,0,4,49008
attn,1568,0,4,59720
o_proj,1568,0,4,21300
post_layernorm,1568,0,4,105455
gate_proj,1568,0,4,62166
up_proj,1568,0,4,58976
act_fn,1568,0,4,17116
down_proj,1568,0,4,65400
final_layernorm,1568,0,4,106411
lm_head,1568,0,4,548044
embedding,1569,0,4,44688
input_layernorm,1569,0,4,106807
q_proj,1569,0,4,19315
k_proj,1569,0,4,11663
v_proj,1569,0,4,12047
rope,1569,0,4,48432
attn,1569,0,4,58781
o_proj,1569,0,4,19528
post_layernorm,1569,0,4,105371
gate_proj,1569,0,4,63367
up_proj,1569,0,4,60348
act_fn,1569,0,4,17115
down_proj,1569,0,4,59433
final_layernorm,1569,0,4,107182
lm_head,1569,0,4,534422
embedding,1570,0,4,44889
input_layernorm,1570,0,4,107026
q_proj,1570,0,4,19374
k_proj,1570,0,4,11464
v_proj,1570,0,4,11930
rope,1570,0,4,48543
attn,1570,0,4,59143
o_proj,1570,0,4,19577
post_layernorm,1570,0,4,105536
gate_proj,1570,0,4,63680
up_proj,1570,0,4,60498
act_fn,1570,0,4,17191
down_proj,1570,0,4,59638
final_layernorm,1570,0,4,107213
lm_head,1570,0,4,534302
embedding,1571,0,4,44482
input_layernorm,1571,0,4,106447
q_proj,1571,0,4,19252
k_proj,1571,0,4,11580
v_proj,1571,0,4,11948
rope,1571,0,4,48033
attn,1571,0,4,58776
o_proj,1571,0,4,19460
post_layernorm,1571,0,4,105110
gate_proj,1571,0,4,62889
up_proj,1571,0,4,60243
act_fn,1571,0,4,17138
down_proj,1571,0,4,59297
final_layernorm,1571,0,4,106308
lm_head,1571,0,4,533966
embedding,1572,0,4,45355
input_layernorm,1572,0,4,107299
q_proj,1572,0,4,19365
k_proj,1572,0,4,11205
v_proj,1572,0,4,11214
rope,1572,0,4,48804
attn,1572,0,4,59028
o_proj,1572,0,4,19581
post_layernorm,1572,0,4,105868
gate_proj,1572,0,4,63565
up_proj,1572,0,4,60477
act_fn,1572,0,4,17190
down_proj,1572,0,4,59523
final_layernorm,1572,0,4,107346
lm_head,1572,0,4,534565
embedding,1573,0,4,44625
input_layernorm,1573,0,4,107002
q_proj,1573,0,4,19379
k_proj,1573,0,4,11391
v_proj,1573,0,4,11852
rope,1573,0,4,48686
attn,1573,0,4,59526
o_proj,1573,0,4,19616
post_layernorm,1573,0,4,105944
gate_proj,1573,0,4,63715
up_proj,1573,0,4,60618
act_fn,1573,0,4,17153
down_proj,1573,0,4,59734
final_layernorm,1573,0,4,107252
lm_head,1573,0,4,535205
embedding,1574,0,4,45323
input_layernorm,1574,0,4,107546
q_proj,1574,0,4,19431
k_proj,1574,0,4,11301
v_proj,1574,0,4,11869
rope,1574,0,4,48901
attn,1574,0,4,59681
o_proj,1574,0,4,19652
post_layernorm,1574,0,4,106284
gate_proj,1574,0,4,63902
up_proj,1574,0,4,60665
act_fn,1574,0,4,17222
down_proj,1574,0,4,59856
final_layernorm,1574,0,4,107753
lm_head,1574,0,4,535356
embedding,1575,0,4,44508
input_layernorm,1575,0,4,106543
q_proj,1575,0,4,19257
k_proj,1575,0,4,11173
v_proj,1575,0,4,11381
rope,1575,0,4,47968
attn,1575,0,4,58682
o_proj,1575,0,4,19483
post_layernorm,1575,0,4,105616
gate_proj,1575,0,4,63017
up_proj,1575,0,4,60254
act_fn,1575,0,4,17245
down_proj,1575,0,4,59298
final_layernorm,1575,0,4,106844
lm_head,1575,0,4,534482
embedding,1576,0,4,44785
input_layernorm,1576,0,4,106250
q_proj,1576,0,4,19261
k_proj,1576,0,4,11188
v_proj,1576,0,4,11076
rope,1576,0,4,48246
attn,1576,0,4,58870
o_proj,1576,0,4,19483
post_layernorm,1576,0,4,105202
gate_proj,1576,0,4,63046
up_proj,1576,0,4,60267
act_fn,1576,0,4,17196
down_proj,1576,0,4,59321
final_layernorm,1576,0,4,106773
lm_head,1576,0,4,534621
embedding,1577,0,4,43999
input_layernorm,1577,0,4,106386
q_proj,1577,0,4,19220
k_proj,1577,0,4,11234
v_proj,1577,0,4,11432
rope,1577,0,4,47905
attn,1577,0,4,58469
o_proj,1577,0,4,19432
post_layernorm,1577,0,4,105148
gate_proj,1577,0,4,62840
up_proj,1577,0,4,60076
act_fn,1577,0,4,17242
down_proj,1577,0,4,59132
final_layernorm,1577,0,4,106942
lm_head,1577,0,4,534427
embedding,1578,0,4,44388
input_layernorm,1578,0,4,106573
q_proj,1578,0,4,19227
k_proj,1578,0,4,11189
v_proj,1578,0,4,11739
rope,1578,0,4,47938
attn,1578,0,4,58348
o_proj,1578,0,4,19439
post_layernorm,1578,0,4,105307
gate_proj,1578,0,4,62882
up_proj,1578,0,4,60071
act_fn,1578,0,4,17261
down_proj,1578,0,4,59151
final_layernorm,1578,0,4,106945
lm_head,1578,0,4,534660
embedding,1579,0,4,44896
input_layernorm,1579,0,4,107584
q_proj,1579,0,4,19439
k_proj,1579,0,4,11211
v_proj,1579,0,4,11030
rope,1579,0,4,48893
attn,1579,0,4,59347
o_proj,1579,0,4,19651
post_layernorm,1579,0,4,106985
gate_proj,1579,0,4,63850
up_proj,1579,0,4,60646
act_fn,1579,0,4,17318
down_proj,1579,0,4,59776
final_layernorm,1579,0,4,108209
lm_head,1579,0,4,535477
embedding,1580,0,4,45614
input_layernorm,1580,0,4,107862
q_proj,1580,0,4,19343
k_proj,1580,0,4,11256
v_proj,1580,0,4,10998
rope,1580,0,4,48891
attn,1580,0,4,59362
o_proj,1580,0,4,19562
post_layernorm,1580,0,4,106560
gate_proj,1580,0,4,63392
up_proj,1580,0,4,60359
act_fn,1580,0,4,17313
down_proj,1580,0,4,59440
final_layernorm,1580,0,4,108100
lm_head,1580,0,4,535260
embedding,1581,0,4,44370
input_layernorm,1581,0,4,106919
q_proj,1581,0,4,19218
k_proj,1581,0,4,11188
v_proj,1581,0,4,11163
rope,1581,0,4,47935
attn,1581,0,4,58459
o_proj,1581,0,4,19455
post_layernorm,1581,0,4,105839
gate_proj,1581,0,4,62812
up_proj,1581,0,4,60173
act_fn,1581,0,4,17306
down_proj,1581,0,4,59147
final_layernorm,1581,0,4,107306
lm_head,1581,0,4,534040
embedding,1582,0,4,45028
input_layernorm,1582,0,4,107056
q_proj,1582,0,4,19221
k_proj,1582,0,4,11248
v_proj,1582,0,4,11637
rope,1582,0,4,47943
attn,1582,0,4,58522
o_proj,1582,0,4,19457
post_layernorm,1582,0,4,105820
gate_proj,1582,0,4,62797
up_proj,1582,0,4,60197
act_fn,1582,0,4,17303
down_proj,1582,0,4,59248
final_layernorm,1582,0,4,107491
lm_head,1582,0,4,535020
embedding,1583,0,4,44692
input_layernorm,1583,0,4,106961
q_proj,1583,0,4,19234
k_proj,1583,0,4,11248
v_proj,1583,0,4,11200
rope,1583,0,4,47929
attn,1583,0,4,58537
o_proj,1583,0,4,19440
post_layernorm,1583,0,4,105705
gate_proj,1583,0,4,62820
up_proj,1583,0,4,60143
act_fn,1583,0,4,17281
down_proj,1583,0,4,59171
final_layernorm,1583,0,4,107563
lm_head,1583,0,4,534722
embedding,1584,0,4,45991
input_layernorm,1584,0,4,107776
q_proj,1584,0,4,19972
k_proj,1584,0,4,11103
v_proj,1584,0,4,10870
rope,1584,0,4,49076
attn,1584,0,4,59368
o_proj,1584,0,4,20165
post_layernorm,1584,0,4,106600
gate_proj,1584,0,4,66427
up_proj,1584,0,4,62896
act_fn,1584,0,4,17155
down_proj,1584,0,4,61789
final_layernorm,1584,0,4,107853
lm_head,1584,0,4,535356
embedding,1585,0,4,45291
input_layernorm,1585,0,4,107336
q_proj,1585,0,4,19256
k_proj,1585,0,4,10434
v_proj,1585,0,4,10325
rope,1585,0,4,47974
attn,1585,0,4,58407
o_proj,1585,0,4,19469
post_layernorm,1585,0,4,106268
gate_proj,1585,0,4,62918
up_proj,1585,0,4,60168
act_fn,1585,0,4,17319
down_proj,1585,0,4,59182
final_layernorm,1585,0,4,108039
lm_head,1585,0,4,547969
embedding,1586,0,4,45415
input_layernorm,1586,0,4,107341
q_proj,1586,0,4,19230
k_proj,1586,0,4,10430
v_proj,1586,0,4,10259
rope,1586,0,4,47934
attn,1586,0,4,58510
o_proj,1586,0,4,19448
post_layernorm,1586,0,4,106060
gate_proj,1586,0,4,62759
up_proj,1586,0,4,60209
act_fn,1586,0,4,17322
down_proj,1586,0,4,59225
final_layernorm,1586,0,4,108071
lm_head,1586,0,4,547757
embedding,1587,0,4,45354
input_layernorm,1587,0,4,107600
q_proj,1587,0,4,19266
k_proj,1587,0,4,10415
v_proj,1587,0,4,10293
rope,1587,0,4,48160
attn,1587,0,4,58537
o_proj,1587,0,4,19487
post_layernorm,1587,0,4,106325
gate_proj,1587,0,4,62868
up_proj,1587,0,4,60191
act_fn,1587,0,4,17352
down_proj,1587,0,4,59236
final_layernorm,1587,0,4,108500
lm_head,1587,0,4,548015
embedding,1588,0,4,45748
input_layernorm,1588,0,4,108460
q_proj,1588,0,4,19446
k_proj,1588,0,4,10594
v_proj,1588,0,4,10368
rope,1588,0,4,49268
attn,1588,0,4,59412
o_proj,1588,0,4,19639
post_layernorm,1588,0,4,107587
gate_proj,1588,0,4,63741
up_proj,1588,0,4,60627
act_fn,1588,0,4,17358
down_proj,1588,0,4,59727
final_layernorm,1588,0,4,109301
lm_head,1588,0,4,549191
embedding,1589,0,4,44853
input_layernorm,1589,0,4,107643
q_proj,1589,0,4,19260
k_proj,1589,0,4,10424
v_proj,1589,0,4,10216
rope,1589,0,4,48038
attn,1589,0,4,58329
o_proj,1589,0,4,19469
post_layernorm,1589,0,4,106320
gate_proj,1589,0,4,62817
up_proj,1589,0,4,60234
act_fn,1589,0,4,17355
down_proj,1589,0,4,59273
final_layernorm,1589,0,4,108451
lm_head,1589,0,4,548065
embedding,1590,0,4,45889
input_layernorm,1590,0,4,108066
q_proj,1590,0,4,19358
k_proj,1590,0,4,10516
v_proj,1590,0,4,10237
rope,1590,0,4,48813
attn,1590,0,4,58647
o_proj,1590,0,4,19577
post_layernorm,1590,0,4,107170
gate_proj,1590,0,4,63406
up_proj,1590,0,4,60385
act_fn,1590,0,4,17423
down_proj,1590,0,4,59504
final_layernorm,1590,0,4,108962
lm_head,1590,0,4,548586
embedding,1591,0,4,45323
input_layernorm,1591,0,4,108294
q_proj,1591,0,4,19362
k_proj,1591,0,4,10505
v_proj,1591,0,4,10429
rope,1591,0,4,48729
attn,1591,0,4,58656
o_proj,1591,0,4,19571
post_layernorm,1591,0,4,107112
gate_proj,1591,0,4,63519
up_proj,1591,0,4,60418
act_fn,1591,0,4,17481
down_proj,1591,0,4,59560
final_layernorm,1591,0,4,109096
lm_head,1591,0,4,549045
embedding,1592,0,4,46381
input_layernorm,1592,0,4,108341
q_proj,1592,0,4,19414
k_proj,1592,0,4,10546
v_proj,1592,0,4,10540
rope,1592,0,4,49300
attn,1592,0,4,59278
o_proj,1592,0,4,19620
post_layernorm,1592,0,4,107230
gate_proj,1592,0,4,63609
up_proj,1592,0,4,60486
act_fn,1592,0,4,17433
down_proj,1592,0,4,59578
final_layernorm,1592,0,4,109091
lm_head,1592,0,4,549178
embedding,1593,0,4,45013
input_layernorm,1593,0,4,107948
q_proj,1593,0,4,19247
k_proj,1593,0,4,10425
v_proj,1593,0,4,10206
rope,1593,0,4,48392
attn,1593,0,4,57897
o_proj,1593,0,4,19459
post_layernorm,1593,0,4,106706
gate_proj,1593,0,4,62787
up_proj,1593,0,4,60263
act_fn,1593,0,4,17401
down_proj,1593,0,4,59298
final_layernorm,1593,0,4,108526
lm_head,1593,0,4,548786
embedding,1594,0,4,45329
input_layernorm,1594,0,4,108388
q_proj,1594,0,4,19301
k_proj,1594,0,4,10502
v_proj,1594,0,4,10192
rope,1594,0,4,48596
attn,1594,0,4,58264
o_proj,1594,0,4,19524
post_layernorm,1594,0,4,107114
gate_proj,1594,0,4,63134
up_proj,1594,0,4,60409
act_fn,1594,0,4,17357
down_proj,1594,0,4,59505
final_layernorm,1594,0,4,108659
lm_head,1594,0,4,548979
embedding,1595,0,4,45016
input_layernorm,1595,0,4,108375
q_proj,1595,0,4,19288
k_proj,1595,0,4,10494
v_proj,1595,0,4,10360
rope,1595,0,4,48583
attn,1595,0,4,58416
o_proj,1595,0,4,19508
post_layernorm,1595,0,4,107214
gate_proj,1595,0,4,63108
up_proj,1595,0,4,60404
act_fn,1595,0,4,17439
down_proj,1595,0,4,59501
final_layernorm,1595,0,4,108511
lm_head,1595,0,4,548735
embedding,1596,0,4,45449
input_layernorm,1596,0,4,108679
q_proj,1596,0,4,19320
k_proj,1596,0,4,10496
v_proj,1596,0,4,10505
rope,1596,0,4,49039
attn,1596,0,4,58353
o_proj,1596,0,4,19496
post_layernorm,1596,0,4,107363
gate_proj,1596,0,4,63164
up_proj,1596,0,4,60401
act_fn,1596,0,4,17395
down_proj,1596,0,4,59409
final_layernorm,1596,0,4,108876
lm_head,1596,0,4,548688
embedding,1597,0,4,45543
input_layernorm,1597,0,4,109269
q_proj,1597,0,4,19400
k_proj,1597,0,4,10538
v_proj,1597,0,4,10424
rope,1597,0,4,49149
attn,1597,0,4,58624
o_proj,1597,0,4,19621
post_layernorm,1597,0,4,107821
gate_proj,1597,0,4,63718
up_proj,1597,0,4,60624
act_fn,1597,0,4,17429
down_proj,1597,0,4,59665
final_layernorm,1597,0,4,109221
lm_head,1597,0,4,549809
embedding,1598,0,4,45353
input_layernorm,1598,0,4,108541
q_proj,1598,0,4,19263
k_proj,1598,0,4,10401
v_proj,1598,0,4,10223
rope,1598,0,4,48366
attn,1598,0,4,58455
o_proj,1598,0,4,19474
post_layernorm,1598,0,4,107242
gate_proj,1598,0,4,62845
up_proj,1598,0,4,60369
act_fn,1598,0,4,17423
down_proj,1598,0,4,59311
final_layernorm,1598,0,4,108685
lm_head,1598,0,4,549024
embedding,1599,0,4,44948
input_layernorm,1599,0,4,108466
q_proj,1599,0,4,19244
k_proj,1599,0,4,10510
v_proj,1599,0,4,10365
rope,1599,0,4,48483
attn,1599,0,4,58859
o_proj,1599,0,4,19470
post_layernorm,1599,0,4,107368
gate_proj,1599,0,4,62710
up_proj,1599,0,4,60326
act_fn,1599,0,4,17490
down_proj,1599,0,4,59349
final_layernorm,1599,0,4,108842
lm_head,1599,0,4,548932
embedding,1600,0,4,45273
input_layernorm,1600,0,4,108093
q_proj,1600,0,4,23027
k_proj,1600,0,4,10545
v_proj,1600,0,4,10490
rope,1600,0,4,48637
attn,1600,0,4,58307
o_proj,1600,0,4,22477
post_layernorm,1600,0,4,106801
gate_proj,1600,0,4,69458
up_proj,1600,0,4,66329
act_fn,1600,0,4,17140
down_proj,1600,0,4,81823
final_layernorm,1600,0,4,107950
lm_head,1600,0,4,548846
embedding,1601,0,4,45576
input_layernorm,1601,0,4,110052
q_proj,1601,0,4,20064
k_proj,1601,0,4,10547
v_proj,1601,0,4,10291
rope,1601,0,4,49608
attn,1601,0,4,59911
o_proj,1601,0,4,20223
post_layernorm,1601,0,4,108754
gate_proj,1601,0,4,64101
up_proj,1601,0,4,60851
act_fn,1601,0,4,17535
down_proj,1601,0,4,61973
final_layernorm,1601,0,4,109933
lm_head,1601,0,4,539246
embedding,1602,0,4,45519
input_layernorm,1602,0,4,110156
q_proj,1602,0,4,20029
k_proj,1602,0,4,10512
v_proj,1602,0,4,10338
rope,1602,0,4,49615
attn,1602,0,4,59824
o_proj,1602,0,4,20215
post_layernorm,1602,0,4,108388
gate_proj,1602,0,4,64003
up_proj,1602,0,4,60779
act_fn,1602,0,4,17557
down_proj,1602,0,4,61919
final_layernorm,1602,0,4,110038
lm_head,1602,0,4,538846
embedding,1603,0,4,45521
input_layernorm,1603,0,4,109384
q_proj,1603,0,4,19859
k_proj,1603,0,4,10444
v_proj,1603,0,4,10316
rope,1603,0,4,48937
attn,1603,0,4,58721
o_proj,1603,0,4,20018
post_layernorm,1603,0,4,107827
gate_proj,1603,0,4,63118
up_proj,1603,0,4,60366
act_fn,1603,0,4,17566
down_proj,1603,0,4,61130
final_layernorm,1603,0,4,109586
lm_head,1603,0,4,538329
embedding,1604,0,4,44694
input_layernorm,1604,0,4,109296
q_proj,1604,0,4,19887
k_proj,1604,0,4,10380
v_proj,1604,0,4,10193
rope,1604,0,4,49244
attn,1604,0,4,58850
o_proj,1604,0,4,20050
post_layernorm,1604,0,4,108238
gate_proj,1604,0,4,63306
up_proj,1604,0,4,60483
act_fn,1604,0,4,17527
down_proj,1604,0,4,61307
final_layernorm,1604,0,4,109504
lm_head,1604,0,4,538528
embedding,1605,0,4,45572
input_layernorm,1605,0,4,109388
q_proj,1605,0,4,19922
k_proj,1605,0,4,10454
v_proj,1605,0,4,10254
rope,1605,0,4,49037
attn,1605,0,4,59040
o_proj,1605,0,4,20086
post_layernorm,1605,0,4,107928
gate_proj,1605,0,4,63412
up_proj,1605,0,4,60604
act_fn,1605,0,4,17519
down_proj,1605,0,4,61509
final_layernorm,1605,0,4,109626
lm_head,1605,0,4,538490
embedding,1606,0,4,44868
input_layernorm,1606,0,4,109370
q_proj,1606,0,4,19942
k_proj,1606,0,4,10497
v_proj,1606,0,4,10241
rope,1606,0,4,49110
attn,1606,0,4,58907
o_proj,1606,0,4,20098
post_layernorm,1606,0,4,108237
gate_proj,1606,0,4,63490
up_proj,1606,0,4,60678
act_fn,1606,0,4,17541
down_proj,1606,0,4,61506
final_layernorm,1606,0,4,109514
lm_head,1606,0,4,538788
embedding,1607,0,4,45778
input_layernorm,1607,0,4,109760
q_proj,1607,0,4,19964
k_proj,1607,0,4,10516
v_proj,1607,0,4,10206
rope,1607,0,4,49352
attn,1607,0,4,58933
o_proj,1607,0,4,20138
post_layernorm,1607,0,4,108603
gate_proj,1607,0,4,63675
up_proj,1607,0,4,60651
act_fn,1607,0,4,17595
down_proj,1607,0,4,61611
final_layernorm,1607,0,4,110053
lm_head,1607,0,4,539317
embedding,1608,0,4,44562
input_layernorm,1608,0,4,108574
q_proj,1608,0,4,19809
k_proj,1608,0,4,10410
v_proj,1608,0,4,10352
rope,1608,0,4,48930
attn,1608,0,4,58631
o_proj,1608,0,4,19939
post_layernorm,1608,0,4,106934
gate_proj,1608,0,4,62897
up_proj,1608,0,4,60342
act_fn,1608,0,4,17626
down_proj,1608,0,4,61001
final_layernorm,1608,0,4,109037
lm_head,1608,0,4,538501
embedding,1609,0,4,45178
input_layernorm,1609,0,4,109463
q_proj,1609,0,4,19875
k_proj,1609,0,4,10461
v_proj,1609,0,4,10328
rope,1609,0,4,48946
attn,1609,0,4,58513
o_proj,1609,0,4,20040
post_layernorm,1609,0,4,108189
gate_proj,1609,0,4,63151
up_proj,1609,0,4,60437
act_fn,1609,0,4,17602
down_proj,1609,0,4,61235
final_layernorm,1609,0,4,109724
lm_head,1609,0,4,538980
embedding,1610,0,4,45027
input_layernorm,1610,0,4,109660
q_proj,1610,0,4,19953
k_proj,1610,0,4,10480
v_proj,1610,0,4,10250
rope,1610,0,4,49224
attn,1610,0,4,59050
o_proj,1610,0,4,20141
post_layernorm,1610,0,4,108529
gate_proj,1610,0,4,63473
up_proj,1610,0,4,60746
act_fn,1610,0,4,17863
down_proj,1610,0,4,61719
final_layernorm,1610,0,4,109804
lm_head,1610,0,4,539433
embedding,1611,0,4,44982
input_layernorm,1611,0,4,109968
q_proj,1611,0,4,19943
k_proj,1611,0,4,10433
v_proj,1611,0,4,10161
rope,1611,0,4,49311
attn,1611,0,4,60623
o_proj,1611,0,4,20126
post_layernorm,1611,0,4,108572
gate_proj,1611,0,4,63500
up_proj,1611,0,4,60576
act_fn,1611,0,4,17806
down_proj,1611,0,4,61653
final_layernorm,1611,0,4,110166
lm_head,1611,0,4,539515
embedding,1612,0,4,45091
input_layernorm,1612,0,4,109897
q_proj,1612,0,4,19909
k_proj,1612,0,4,10423
v_proj,1612,0,4,10148
rope,1612,0,4,49399
attn,1612,0,4,59818
o_proj,1612,0,4,20082
post_layernorm,1612,0,4,108826
gate_proj,1612,0,4,63348
up_proj,1612,0,4,60546
act_fn,1612,0,4,17859
down_proj,1612,0,4,61458
final_layernorm,1612,0,4,110404
lm_head,1612,0,4,539194
embedding,1613,0,4,45573
input_layernorm,1613,0,4,109785
q_proj,1613,0,4,19912
k_proj,1613,0,4,10426
v_proj,1613,0,4,10161
rope,1613,0,4,49116
attn,1613,0,4,60006
o_proj,1613,0,4,20077
post_layernorm,1613,0,4,108474
gate_proj,1613,0,4,63407
up_proj,1613,0,4,60574
act_fn,1613,0,4,17862
down_proj,1613,0,4,61485
final_layernorm,1613,0,4,109913
lm_head,1613,0,4,539263
embedding,1614,0,4,45958
input_layernorm,1614,0,4,110798
q_proj,1614,0,4,20087
k_proj,1614,0,4,10590
v_proj,1614,0,4,10251
rope,1614,0,4,49860
attn,1614,0,4,60690
o_proj,1614,0,4,20280
post_layernorm,1614,0,4,109594
gate_proj,1614,0,4,64268
up_proj,1614,0,4,60938
act_fn,1614,0,4,17933
down_proj,1614,0,4,62172
final_layernorm,1614,0,4,110744
lm_head,1614,0,4,540456
embedding,1615,0,4,45733
input_layernorm,1615,0,4,110650
q_proj,1615,0,4,19953
k_proj,1615,0,4,10443
v_proj,1615,0,4,10190
rope,1615,0,4,49506
attn,1615,0,4,60085
o_proj,1615,0,4,20140
post_layernorm,1615,0,4,109033
gate_proj,1615,0,4,63555
up_proj,1615,0,4,60590
act_fn,1615,0,4,17896
down_proj,1615,0,4,61589
final_layernorm,1615,0,4,110590
lm_head,1615,0,4,539647
embedding,1616,0,4,45662
input_layernorm,1616,0,4,109236
q_proj,1616,0,4,19843
k_proj,1616,0,4,12781
v_proj,1616,0,4,12812
rope,1616,0,4,49154
attn,1616,0,4,59837
o_proj,1616,0,4,20014
post_layernorm,1616,0,4,108130
gate_proj,1616,0,4,64528
up_proj,1616,0,4,61857
act_fn,1616,0,4,17894
down_proj,1616,0,4,61210
final_layernorm,1616,0,4,109694
lm_head,1616,0,4,537641
embedding,1617,0,4,45655
input_layernorm,1617,0,4,110061
q_proj,1617,0,4,19886
k_proj,1617,0,4,10397
v_proj,1617,0,4,10218
rope,1617,0,4,48948
attn,1617,0,4,59581
o_proj,1617,0,4,20054
post_layernorm,1617,0,4,108799
gate_proj,1617,0,4,63097
up_proj,1617,0,4,60534
act_fn,1617,0,4,17918
down_proj,1617,0,4,61264
final_layernorm,1617,0,4,110225
lm_head,1617,0,4,539530
embedding,1618,0,4,45725
input_layernorm,1618,0,4,110084
q_proj,1618,0,4,19912
k_proj,1618,0,4,10427
v_proj,1618,0,4,10164
rope,1618,0,4,49070
attn,1618,0,4,59530
o_proj,1618,0,4,20066
post_layernorm,1618,0,4,108501
gate_proj,1618,0,4,63173
up_proj,1618,0,4,60504
act_fn,1618,0,4,17930
down_proj,1618,0,4,61408
final_layernorm,1618,0,4,110336
lm_head,1618,0,4,539702
embedding,1619,0,4,46047
input_layernorm,1619,0,4,110279
q_proj,1619,0,4,19942
k_proj,1619,0,4,10476
v_proj,1619,0,4,10282
rope,1619,0,4,49209
attn,1619,0,4,60102
o_proj,1619,0,4,20084
post_layernorm,1619,0,4,108733
gate_proj,1619,0,4,63344
up_proj,1619,0,4,60566
act_fn,1619,0,4,17991
down_proj,1619,0,4,61510
final_layernorm,1619,0,4,110414
lm_head,1619,0,4,539885
embedding,1620,0,4,45503
input_layernorm,1620,0,4,110007
q_proj,1620,0,4,19859
k_proj,1620,0,4,10423
v_proj,1620,0,4,10252
rope,1620,0,4,49094
attn,1620,0,4,59397
o_proj,1620,0,4,20022
post_layernorm,1620,0,4,108575
gate_proj,1620,0,4,63043
up_proj,1620,0,4,60486
act_fn,1620,0,4,17956
down_proj,1620,0,4,61259
final_layernorm,1620,0,4,110274
lm_head,1620,0,4,539276
embedding,1621,0,4,46536
input_layernorm,1621,0,4,111225
q_proj,1621,0,4,20076
k_proj,1621,0,4,10478
v_proj,1621,0,4,10202
rope,1621,0,4,49941
attn,1621,0,4,60256
o_proj,1621,0,4,20277
post_layernorm,1621,0,4,109969
gate_proj,1621,0,4,63990
up_proj,1621,0,4,60877
act_fn,1621,0,4,18100
down_proj,1621,0,4,62011
final_layernorm,1621,0,4,111533
lm_head,1621,0,4,540727
embedding,1622,0,4,45501
input_layernorm,1622,0,4,110255
q_proj,1622,0,4,19877
k_proj,1622,0,4,10388
v_proj,1622,0,4,10204
rope,1622,0,4,48903
attn,1622,0,4,59789
o_proj,1622,0,4,20050
post_layernorm,1622,0,4,108692
gate_proj,1622,0,4,63063
up_proj,1622,0,4,60562
act_fn,1622,0,4,17982
down_proj,1622,0,4,61409
final_layernorm,1622,0,4,110275
lm_head,1622,0,4,539491
embedding,1623,0,4,46597
input_layernorm,1623,0,4,111224
q_proj,1623,0,4,20008
k_proj,1623,0,4,10464
v_proj,1623,0,4,10285
rope,1623,0,4,49613
attn,1623,0,4,59737
o_proj,1623,0,4,20201
post_layernorm,1623,0,4,109616
gate_proj,1623,0,4,63872
up_proj,1623,0,4,60773
act_fn,1623,0,4,18008
down_proj,1623,0,4,61808
final_layernorm,1623,0,4,111423
lm_head,1623,0,4,540805
embedding,1624,0,4,45328
input_layernorm,1624,0,4,110232
q_proj,1624,0,4,19877
k_proj,1624,0,4,10345
v_proj,1624,0,4,10160
rope,1624,0,4,49146
attn,1624,0,4,58932
o_proj,1624,0,4,20069
post_layernorm,1624,0,4,108926
gate_proj,1624,0,4,62997
up_proj,1624,0,4,60515
act_fn,1624,0,4,18017
down_proj,1624,0,4,61346
final_layernorm,1624,0,4,110510
lm_head,1624,0,4,539799
embedding,1625,0,4,46019
input_layernorm,1625,0,4,110515
q_proj,1625,0,4,19920
k_proj,1625,0,4,10862
v_proj,1625,0,4,10308
rope,1625,0,4,49169
attn,1625,0,4,59601
o_proj,1625,0,4,20088
post_layernorm,1625,0,4,109341
gate_proj,1625,0,4,64732
up_proj,1625,0,4,61987
act_fn,1625,0,4,17985
down_proj,1625,0,4,61362
final_layernorm,1625,0,4,110882
lm_head,1625,0,4,540035
embedding,1626,0,4,45674
input_layernorm,1626,0,4,110690
q_proj,1626,0,4,19920
k_proj,1626,0,4,10919
v_proj,1626,0,4,10318
rope,1626,0,4,49223
attn,1626,0,4,59464
o_proj,1626,0,4,20089
post_layernorm,1626,0,4,109424
gate_proj,1626,0,4,64756
up_proj,1626,0,4,61991
act_fn,1626,0,4,18032
down_proj,1626,0,4,61447
final_layernorm,1626,0,4,110879
lm_head,1626,0,4,540185
embedding,1627,0,4,46112
input_layernorm,1627,0,4,110478
q_proj,1627,0,4,19892
k_proj,1627,0,4,10876
v_proj,1627,0,4,10259
rope,1627,0,4,48964
attn,1627,0,4,58991
o_proj,1627,0,4,20048
post_layernorm,1627,0,4,109245
gate_proj,1627,0,4,64668
up_proj,1627,0,4,62077
act_fn,1627,0,4,17998
down_proj,1627,0,4,61464
final_layernorm,1627,0,4,110664
lm_head,1627,0,4,539986
embedding,1628,0,4,46046
input_layernorm,1628,0,4,111142
q_proj,1628,0,4,19987
k_proj,1628,0,4,10974
v_proj,1628,0,4,10367
rope,1628,0,4,49690
attn,1628,0,4,60075
o_proj,1628,0,4,20159
post_layernorm,1628,0,4,109745
gate_proj,1628,0,4,65154
up_proj,1628,0,4,62348
act_fn,1628,0,4,18031
down_proj,1628,0,4,61808
final_layernorm,1628,0,4,111305
lm_head,1628,0,4,540279
embedding,1629,0,4,46669
input_layernorm,1629,0,4,111526
q_proj,1629,0,4,19981
k_proj,1629,0,4,11020
v_proj,1629,0,4,10376
rope,1629,0,4,49650
attn,1629,0,4,59420
o_proj,1629,0,4,20168
post_layernorm,1629,0,4,109935
gate_proj,1629,0,4,65170
up_proj,1629,0,4,62164
act_fn,1629,0,4,18069
down_proj,1629,0,4,61658
final_layernorm,1629,0,4,111825
lm_head,1629,0,4,540624
embedding,1630,0,4,45799
input_layernorm,1630,0,4,111447
q_proj,1630,0,4,19999
k_proj,1630,0,4,10980
v_proj,1630,0,4,10414
rope,1630,0,4,49587
attn,1630,0,4,59534
o_proj,1630,0,4,20178
post_layernorm,1630,0,4,110088
gate_proj,1630,0,4,65298
up_proj,1630,0,4,62248
act_fn,1630,0,4,18078
down_proj,1630,0,4,61725
final_layernorm,1630,0,4,111662
lm_head,1630,0,4,540524
embedding,1631,0,4,46081
input_layernorm,1631,0,4,110759
q_proj,1631,0,4,19884
k_proj,1631,0,4,10880
v_proj,1631,0,4,10237
rope,1631,0,4,49096
attn,1631,0,4,58686
o_proj,1631,0,4,20043
post_layernorm,1631,0,4,109096
gate_proj,1631,0,4,64635
up_proj,1631,0,4,62034
act_fn,1631,0,4,18125
down_proj,1631,0,4,61388
final_layernorm,1631,0,4,111112
lm_head,1631,0,4,540088
embedding,1632,0,4,45914
input_layernorm,1632,0,4,110465
q_proj,1632,0,4,20989
k_proj,1632,0,4,10379
v_proj,1632,0,4,9981
rope,1632,0,4,49474
attn,1632,0,4,59665
o_proj,1632,0,4,21139
post_layernorm,1632,0,4,109490
gate_proj,1632,0,4,76390
up_proj,1632,0,4,75395
act_fn,1632,0,4,17997
down_proj,1632,0,4,65248
final_layernorm,1632,0,4,110730
lm_head,1632,0,4,588021
embedding,1633,0,4,47344
input_layernorm,1633,0,4,111972
q_proj,1633,0,4,20084
k_proj,1633,0,4,11947
v_proj,1633,0,4,12109
rope,1633,0,4,50148
attn,1633,0,4,60539
o_proj,1633,0,4,20294
post_layernorm,1633,0,4,110850
gate_proj,1633,0,4,65719
up_proj,1633,0,4,62499
act_fn,1633,0,4,18063
down_proj,1633,0,4,62067
final_layernorm,1633,0,4,112123
lm_head,1633,0,4,559772
embedding,1634,0,4,45905
input_layernorm,1634,0,4,110956
q_proj,1634,0,4,19906
k_proj,1634,0,4,11983
v_proj,1634,0,4,12252
rope,1634,0,4,49029
attn,1634,0,4,59534
o_proj,1634,0,4,20062
post_layernorm,1634,0,4,109463
gate_proj,1634,0,4,64602
up_proj,1634,0,4,62063
act_fn,1634,0,4,18291
down_proj,1634,0,4,61437
final_layernorm,1634,0,4,111373
lm_head,1634,0,4,558870
embedding,1635,0,4,46222
input_layernorm,1635,0,4,111142
q_proj,1635,0,4,19956
k_proj,1635,0,4,12000
v_proj,1635,0,4,12026
rope,1635,0,4,49466
attn,1635,0,4,59469
o_proj,1635,0,4,20122
post_layernorm,1635,0,4,109788
gate_proj,1635,0,4,64956
up_proj,1635,0,4,62173
act_fn,1635,0,4,18117
down_proj,1635,0,4,61646
final_layernorm,1635,0,4,111362
lm_head,1635,0,4,559195
embedding,1636,0,4,46508
input_layernorm,1636,0,4,112154
q_proj,1636,0,4,20106
k_proj,1636,0,4,12072
v_proj,1636,0,4,12192
rope,1636,0,4,50498
attn,1636,0,4,60488
o_proj,1636,0,4,20303
post_layernorm,1636,0,4,110963
gate_proj,1636,0,4,65646
up_proj,1636,0,4,62525
act_fn,1636,0,4,18149
down_proj,1636,0,4,62076
final_layernorm,1636,0,4,112368
lm_head,1636,0,4,560015
embedding,1637,0,4,46638
input_layernorm,1637,0,4,111374
q_proj,1637,0,4,19992
k_proj,1637,0,4,11802
v_proj,1637,0,4,12056
rope,1637,0,4,49620
attn,1637,0,4,59904
o_proj,1637,0,4,20140
post_layernorm,1637,0,4,109860
gate_proj,1637,0,4,65007
up_proj,1637,0,4,62131
act_fn,1637,0,4,18190
down_proj,1637,0,4,61580
final_layernorm,1637,0,4,111755
lm_head,1637,0,4,559309
embedding,1638,0,4,46405
input_layernorm,1638,0,4,111418
q_proj,1638,0,4,19990
k_proj,1638,0,4,11788
v_proj,1638,0,4,12057
rope,1638,0,4,49564
attn,1638,0,4,59487
o_proj,1638,0,4,20132
post_layernorm,1638,0,4,109969
gate_proj,1638,0,4,65010
up_proj,1638,0,4,62156
act_fn,1638,0,4,18328
down_proj,1638,0,4,61576
final_layernorm,1638,0,4,111866
lm_head,1638,0,4,559415
embedding,1639,0,4,46145
input_layernorm,1639,0,4,111228
q_proj,1639,0,4,19942
k_proj,1639,0,4,11815
v_proj,1639,0,4,11909
rope,1639,0,4,49209
attn,1639,0,4,59740
o_proj,1639,0,4,20116
post_layernorm,1639,0,4,110071
gate_proj,1639,0,4,64702
up_proj,1639,0,4,62063
act_fn,1639,0,4,18246
down_proj,1639,0,4,61416
final_layernorm,1639,0,4,111770
lm_head,1639,0,4,559249
embedding,1640,0,4,46192
input_layernorm,1640,0,4,110788
q_proj,1640,0,4,19935
k_proj,1640,0,4,11749
v_proj,1640,0,4,11759
rope,1640,0,4,49257
attn,1640,0,4,59507
o_proj,1640,0,4,20127
post_layernorm,1640,0,4,110215
gate_proj,1640,0,4,64862
up_proj,1640,0,4,62233
act_fn,1640,0,4,18105
down_proj,1640,0,4,61582
final_layernorm,1640,0,4,111338
lm_head,1640,0,4,559112
embedding,1641,0,4,46048
input_layernorm,1641,0,4,111335
q_proj,1641,0,4,19930
k_proj,1641,0,4,11658
v_proj,1641,0,4,11870
rope,1641,0,4,49158
attn,1641,0,4,59829
o_proj,1641,0,4,20127
post_layernorm,1641,0,4,110123
gate_proj,1641,0,4,64646
up_proj,1641,0,4,62186
act_fn,1641,0,4,18172
down_proj,1641,0,4,61533
final_layernorm,1641,0,4,111727
lm_head,1641,0,4,559293
embedding,1642,0,4,47006
input_layernorm,1642,0,4,112457
q_proj,1642,0,4,20121
k_proj,1642,0,4,11573
v_proj,1642,0,4,11811
rope,1642,0,4,50144
attn,1642,0,4,60971
o_proj,1642,0,4,20310
post_layernorm,1642,0,4,111457
gate_proj,1642,0,4,65725
up_proj,1642,0,4,62544
act_fn,1642,0,4,18259
down_proj,1642,0,4,62173
final_layernorm,1642,0,4,112863
lm_head,1642,0,4,560646
embedding,1643,0,4,46380
input_layernorm,1643,0,4,111686
q_proj,1643,0,4,20020
k_proj,1643,0,4,11730
v_proj,1643,0,4,11736
rope,1643,0,4,49718
attn,1643,0,4,59894
o_proj,1643,0,4,20209
post_layernorm,1643,0,4,110818
gate_proj,1643,0,4,65153
up_proj,1643,0,4,62256
act_fn,1643,0,4,18218
down_proj,1643,0,4,61718
final_layernorm,1643,0,4,112619
lm_head,1643,0,4,560370
embedding,1644,0,4,45821
input_layernorm,1644,0,4,111322
q_proj,1644,0,4,19957
k_proj,1644,0,4,11704
v_proj,1644,0,4,11700
rope,1644,0,4,49338
attn,1644,0,4,59161
o_proj,1644,0,4,20142
post_layernorm,1644,0,4,110288
gate_proj,1644,0,4,64831
up_proj,1644,0,4,62151
act_fn,1644,0,4,18322
down_proj,1644,0,4,61488
final_layernorm,1644,0,4,111998
lm_head,1644,0,4,559762
embedding,1645,0,4,46233
input_layernorm,1645,0,4,111504
q_proj,1645,0,4,19932
k_proj,1645,0,4,11578
v_proj,1645,0,4,11992
rope,1645,0,4,49180
attn,1645,0,4,59661
o_proj,1645,0,4,20140
post_layernorm,1645,0,4,110568
gate_proj,1645,0,4,64660
up_proj,1645,0,4,62134
act_fn,1645,0,4,18315
down_proj,1645,0,4,61516
final_layernorm,1645,0,4,112155
lm_head,1645,0,4,559790
embedding,1646,0,4,45984
input_layernorm,1646,0,4,111642
q_proj,1646,0,4,19944
k_proj,1646,0,4,11740
v_proj,1646,0,4,11972
rope,1646,0,4,49227
attn,1646,0,4,59262
o_proj,1646,0,4,20113
post_layernorm,1646,0,4,110438
gate_proj,1646,0,4,64767
up_proj,1646,0,4,62157
act_fn,1646,0,4,18328
down_proj,1646,0,4,61514
final_layernorm,1646,0,4,112249
lm_head,1646,0,4,559880
embedding,1647,0,4,46567
input_layernorm,1647,0,4,111702
q_proj,1647,0,4,19989
k_proj,1647,0,4,11523
v_proj,1647,0,4,11659
rope,1647,0,4,49470
attn,1647,0,4,59279
o_proj,1647,0,4,20166
post_layernorm,1647,0,4,110664
gate_proj,1647,0,4,64980
up_proj,1647,0,4,62339
act_fn,1647,0,4,18277
down_proj,1647,0,4,61784
final_layernorm,1647,0,4,112288
lm_head,1647,0,4,560102
embedding,1648,0,4,46806
input_layernorm,1648,0,4,111697
q_proj,1648,0,4,19964
k_proj,1648,0,4,11349
v_proj,1648,0,4,11401
rope,1648,0,4,49476
attn,1648,0,4,59701
o_proj,1648,0,4,20135
post_layernorm,1648,0,4,110793
gate_proj,1648,0,4,64853
up_proj,1648,0,4,62263
act_fn,1648,0,4,18295
down_proj,1648,0,4,61656
final_layernorm,1648,0,4,112089
lm_head,1648,0,4,555895
embedding,1649,0,4,47582
input_layernorm,1649,0,4,112269
q_proj,1649,0,4,20063
k_proj,1649,0,4,11366
v_proj,1649,0,4,11348
rope,1649,0,4,49865
attn,1649,0,4,59796
o_proj,1649,0,4,20252
post_layernorm,1649,0,4,111414
gate_proj,1649,0,4,65347
up_proj,1649,0,4,62371
act_fn,1649,0,4,18495
down_proj,1649,0,4,61987
final_layernorm,1649,0,4,113168
lm_head,1649,0,4,560784
embedding,1650,0,4,46518
input_layernorm,1650,0,4,111876
q_proj,1650,0,4,19920
k_proj,1650,0,4,11256
v_proj,1650,0,4,11237
rope,1650,0,4,49187
attn,1650,0,4,59785
o_proj,1650,0,4,20103
post_layernorm,1650,0,4,110505
gate_proj,1650,0,4,64642
up_proj,1650,0,4,62207
act_fn,1650,0,4,18370
down_proj,1650,0,4,61556
final_layernorm,1650,0,4,112377
lm_head,1650,0,4,560188
embedding,1651,0,4,47467
input_layernorm,1651,0,4,113121
q_proj,1651,0,4,20126
k_proj,1651,0,4,11385
v_proj,1651,0,4,11394
rope,1651,0,4,50228
attn,1651,0,4,60927
o_proj,1651,0,4,20303
post_layernorm,1651,0,4,111976
gate_proj,1651,0,4,65725
up_proj,1651,0,4,62545
act_fn,1651,0,4,18295
down_proj,1651,0,4,62089
final_layernorm,1651,0,4,113692
lm_head,1651,0,4,561149
embedding,1652,0,4,46815
input_layernorm,1652,0,4,112094
q_proj,1652,0,4,19930
k_proj,1652,0,4,11314
v_proj,1652,0,4,11323
rope,1652,0,4,49519
attn,1652,0,4,59441
o_proj,1652,0,4,20128
post_layernorm,1652,0,4,110766
gate_proj,1652,0,4,64724
up_proj,1652,0,4,62191
act_fn,1652,0,4,18394
down_proj,1652,0,4,61561
final_layernorm,1652,0,4,112660
lm_head,1652,0,4,560220
embedding,1653,0,4,48050
input_layernorm,1653,0,4,113401
q_proj,1653,0,4,20249
k_proj,1653,0,4,11352
v_proj,1653,0,4,11306
rope,1653,0,4,50716
attn,1653,0,4,62000
o_proj,1653,0,4,20445
post_layernorm,1653,0,4,112599
gate_proj,1653,0,4,66174
up_proj,1653,0,4,62832
act_fn,1653,0,4,18412
down_proj,1653,0,4,62519
final_layernorm,1653,0,4,113707
lm_head,1653,0,4,561819
embedding,1654,0,4,47620
input_layernorm,1654,0,4,113298
q_proj,1654,0,4,20203
k_proj,1654,0,4,11240
v_proj,1654,0,4,11216
rope,1654,0,4,50493
attn,1654,0,4,61152
o_proj,1654,0,4,20395
post_layernorm,1654,0,4,112561
gate_proj,1654,0,4,65868
up_proj,1654,0,4,62662
act_fn,1654,0,4,18485
down_proj,1654,0,4,62284
final_layernorm,1654,0,4,113885
lm_head,1654,0,4,561718
embedding,1655,0,4,47124
input_layernorm,1655,0,4,112020
q_proj,1655,0,4,19969
k_proj,1655,0,4,11084
v_proj,1655,0,4,11053
rope,1655,0,4,49448
attn,1655,0,4,59950
o_proj,1655,0,4,20167
post_layernorm,1655,0,4,111054
gate_proj,1655,0,4,64951
up_proj,1655,0,4,62237
act_fn,1655,0,4,18461
down_proj,1655,0,4,61608
final_layernorm,1655,0,4,112832
lm_head,1655,0,4,560802
embedding,1656,0,4,46738
input_layernorm,1656,0,4,112492
q_proj,1656,0,4,20010
k_proj,1656,0,4,10948
v_proj,1656,0,4,10971
rope,1656,0,4,49977
attn,1656,0,4,59572
o_proj,1656,0,4,20216
post_layernorm,1656,0,4,111341
gate_proj,1656,0,4,65044
up_proj,1656,0,4,62280
act_fn,1656,0,4,18423
down_proj,1656,0,4,61739
final_layernorm,1656,0,4,112958
lm_head,1656,0,4,560878
embedding,1657,0,4,46873
input_layernorm,1657,0,4,112218
q_proj,1657,0,4,19943
k_proj,1657,0,4,10988
v_proj,1657,0,4,10928
rope,1657,0,4,49442
attn,1657,0,4,59414
o_proj,1657,0,4,20140
post_layernorm,1657,0,4,111095
gate_proj,1657,0,4,64702
up_proj,1657,0,4,62251
act_fn,1657,0,4,18408
down_proj,1657,0,4,61629
final_layernorm,1657,0,4,113005
lm_head,1657,0,4,560745
embedding,1658,0,4,46871
input_layernorm,1658,0,4,112680
q_proj,1658,0,4,20068
k_proj,1658,0,4,10932
v_proj,1658,0,4,11068
rope,1658,0,4,49847
attn,1658,0,4,59566
o_proj,1658,0,4,20249
post_layernorm,1658,0,4,111416
gate_proj,1658,0,4,65146
up_proj,1658,0,4,62487
act_fn,1658,0,4,18467
down_proj,1658,0,4,61912
final_layernorm,1658,0,4,113211
lm_head,1658,0,4,561204
embedding,1659,0,4,47875
input_layernorm,1659,0,4,112959
q_proj,1659,0,4,20059
k_proj,1659,0,4,10981
v_proj,1659,0,4,11045
rope,1659,0,4,49889
attn,1659,0,4,59844
o_proj,1659,0,4,20244
post_layernorm,1659,0,4,111763
gate_proj,1659,0,4,65197
up_proj,1659,0,4,62503
act_fn,1659,0,4,18515
down_proj,1659,0,4,61937
final_layernorm,1659,0,4,113585
lm_head,1659,0,4,561403
embedding,1660,0,4,46566
input_layernorm,1660,0,4,112562
q_proj,1660,0,4,19941
k_proj,1660,0,4,10947
v_proj,1660,0,4,11016
rope,1660,0,4,49572
attn,1660,0,4,59746
o_proj,1660,0,4,20157
post_layernorm,1660,0,4,111351
gate_proj,1660,0,4,64650
up_proj,1660,0,4,62284
act_fn,1660,0,4,18420
down_proj,1660,0,4,61605
final_layernorm,1660,0,4,113046
lm_head,1660,0,4,561061
embedding,1661,0,4,47189
input_layernorm,1661,0,4,112741
q_proj,1661,0,4,19973
k_proj,1661,0,4,10992
v_proj,1661,0,4,11012
rope,1661,0,4,49559
attn,1661,0,4,59779
o_proj,1661,0,4,20190
post_layernorm,1661,0,4,111516
gate_proj,1661,0,4,64769
up_proj,1661,0,4,62328
act_fn,1661,0,4,18490
down_proj,1661,0,4,61625
final_layernorm,1661,0,4,113411
lm_head,1661,0,4,561139
embedding,1662,0,4,47116
input_layernorm,1662,0,4,113379
q_proj,1662,0,4,20089
k_proj,1662,0,4,10968
v_proj,1662,0,4,11052
rope,1662,0,4,50179
attn,1662,0,4,59883
o_proj,1662,0,4,20266
post_layernorm,1662,0,4,112310
gate_proj,1662,0,4,65446
up_proj,1662,0,4,62541
act_fn,1662,0,4,18512
down_proj,1662,0,4,61990
final_layernorm,1662,0,4,114016
lm_head,1662,0,4,561927
embedding,1663,0,4,47154
input_layernorm,1663,0,4,112791
q_proj,1663,0,4,19998
k_proj,1663,0,4,10955
v_proj,1663,0,4,11057
rope,1663,0,4,49693
attn,1663,0,4,59330
o_proj,1663,0,4,20140
post_layernorm,1663,0,4,111700
gate_proj,1663,0,4,64873
up_proj,1663,0,4,62271
act_fn,1663,0,4,18476
down_proj,1663,0,4,61675
final_layernorm,1663,0,4,113373
lm_head,1663,0,4,561108
embedding,1664,0,4,46464
input_layernorm,1664,0,4,112660
q_proj,1664,0,4,23342
k_proj,1664,0,4,10456
v_proj,1664,0,4,9722
rope,1664,0,4,49755
attn,1664,0,4,54055
o_proj,1664,0,4,21447
post_layernorm,1664,0,4,111303
gate_proj,1664,0,4,69763
up_proj,1664,0,4,66760
act_fn,1664,0,4,18304
down_proj,1664,0,4,81614
final_layernorm,1664,0,4,112666
lm_head,1664,0,4,590813
embedding,1665,0,4,47428
input_layernorm,1665,0,4,114614
q_proj,1665,0,4,20656
k_proj,1665,0,4,10174
v_proj,1665,0,4,8852
rope,1665,0,4,50309
attn,1665,0,4,63319
o_proj,1665,0,4,20845
post_layernorm,1665,0,4,113706
gate_proj,1665,0,4,65588
up_proj,1665,0,4,62550
act_fn,1665,0,4,18553
down_proj,1665,0,4,63892
final_layernorm,1665,0,4,114746
lm_head,1665,0,4,562278
embedding,1666,0,4,47027
input_layernorm,1666,0,4,113851
q_proj,1666,0,4,20549
k_proj,1666,0,4,10152
v_proj,1666,0,4,8778
rope,1666,0,4,49704
attn,1666,0,4,62962
o_proj,1666,0,4,20706
post_layernorm,1666,0,4,112646
gate_proj,1666,0,4,64957
up_proj,1666,0,4,62344
act_fn,1666,0,4,18551
down_proj,1666,0,4,63395
final_layernorm,1666,0,4,113765
lm_head,1666,0,4,561737
embedding,1667,0,4,46738
input_layernorm,1667,0,4,113322
q_proj,1667,0,4,20524
k_proj,1667,0,4,10133
v_proj,1667,0,4,8769
rope,1667,0,4,49527
attn,1667,0,4,63065
o_proj,1667,0,4,20694
post_layernorm,1667,0,4,112154
gate_proj,1667,0,4,64839
up_proj,1667,0,4,62339
act_fn,1667,0,4,18583
down_proj,1667,0,4,63337
final_layernorm,1667,0,4,113713
lm_head,1667,0,4,561725
embedding,1668,0,4,47617
input_layernorm,1668,0,4,115120
q_proj,1668,0,4,20726
k_proj,1668,0,4,10190
v_proj,1668,0,4,8932
rope,1668,0,4,50751
attn,1668,0,4,63900
o_proj,1668,0,4,20893
post_layernorm,1668,0,4,114018
gate_proj,1668,0,4,65815
up_proj,1668,0,4,62689
act_fn,1668,0,4,18543
down_proj,1668,0,4,64111
final_layernorm,1668,0,4,114942
lm_head,1668,0,4,562690
embedding,1669,0,4,46824
input_layernorm,1669,0,4,113596
q_proj,1669,0,4,20500
k_proj,1669,0,4,10036
v_proj,1669,0,4,8784
rope,1669,0,4,49423
attn,1669,0,4,62886
o_proj,1669,0,4,20689
post_layernorm,1669,0,4,112287
gate_proj,1669,0,4,64700
up_proj,1669,0,4,62345
act_fn,1669,0,4,18503
down_proj,1669,0,4,63341
final_layernorm,1669,0,4,113915
lm_head,1669,0,4,561966
embedding,1670,0,4,47161
input_layernorm,1670,0,4,114064
q_proj,1670,0,4,20579
k_proj,1670,0,4,10209
v_proj,1670,0,4,8792
rope,1670,0,4,49786
attn,1670,0,4,62993
o_proj,1670,0,4,20746
post_layernorm,1670,0,4,113149
gate_proj,1670,0,4,65010
up_proj,1670,0,4,62356
act_fn,1670,0,4,18608
down_proj,1670,0,4,63464
final_layernorm,1670,0,4,114107
lm_head,1670,0,4,561990
embedding,1671,0,4,47604
input_layernorm,1671,0,4,114749
q_proj,1671,0,4,20668
k_proj,1671,0,4,10162
v_proj,1671,0,4,8909
rope,1671,0,4,50505
attn,1671,0,4,63426
o_proj,1671,0,4,20858
post_layernorm,1671,0,4,113839
gate_proj,1671,0,4,65614
up_proj,1671,0,4,62585
act_fn,1671,0,4,18627
down_proj,1671,0,4,63936
final_layernorm,1671,0,4,115099
lm_head,1671,0,4,562771
embedding,1672,0,4,47432
input_layernorm,1672,0,4,114588
q_proj,1672,0,4,20680
k_proj,1672,0,4,10154
v_proj,1672,0,4,8877
rope,1672,0,4,50529
attn,1672,0,4,63445
o_proj,1672,0,4,20872
post_layernorm,1672,0,4,113458
gate_proj,1672,0,4,65481
up_proj,1672,0,4,62527
act_fn,1672,0,4,18711
down_proj,1672,0,4,63835
final_layernorm,1672,0,4,114589
lm_head,1672,0,4,562846
embedding,1673,0,4,46687
input_layernorm,1673,0,4,114383
q_proj,1673,0,4,20568
k_proj,1673,0,4,10147
v_proj,1673,0,4,8813
rope,1673,0,4,49962
attn,1673,0,4,63316
o_proj,1673,0,4,20781
post_layernorm,1673,0,4,113405
gate_proj,1673,0,4,65198
up_proj,1673,0,4,62456
act_fn,1673,0,4,18701
down_proj,1673,0,4,63602
final_layernorm,1673,0,4,114478
lm_head,1673,0,4,601097
embedding,1674,0,4,47406
input_layernorm,1674,0,4,115577
q_proj,1674,0,4,20769
k_proj,1674,0,4,10309
v_proj,1674,0,4,8949
rope,1674,0,4,50866
attn,1674,0,4,64202
o_proj,1674,0,4,20968
post_layernorm,1674,0,4,114358
gate_proj,1674,0,4,66053
up_proj,1674,0,4,62773
act_fn,1674,0,4,18644
down_proj,1674,0,4,64237
final_layernorm,1674,0,4,115434
lm_head,1674,0,4,601494
embedding,1675,0,4,46264
input_layernorm,1675,0,4,114439
q_proj,1675,0,4,20581
k_proj,1675,0,4,10107
v_proj,1675,0,4,8805
rope,1675,0,4,49902
attn,1675,0,4,63091
o_proj,1675,0,4,20767
post_layernorm,1675,0,4,113376
gate_proj,1675,0,4,65044
up_proj,1675,0,4,62511
act_fn,1675,0,4,18641
down_proj,1675,0,4,63670
final_layernorm,1675,0,4,114757
lm_head,1675,0,4,601156
embedding,1676,0,4,46420
input_layernorm,1676,0,4,114386
q_proj,1676,0,4,20530
k_proj,1676,0,4,10153
v_proj,1676,0,4,8762
rope,1676,0,4,49940
attn,1676,0,4,62845
o_proj,1676,0,4,20731
post_layernorm,1676,0,4,113293
gate_proj,1676,0,4,64857
up_proj,1676,0,4,62377
act_fn,1676,0,4,18595
down_proj,1676,0,4,63382
final_layernorm,1676,0,4,114587
lm_head,1676,0,4,600064
embedding,1677,0,4,46656
input_layernorm,1677,0,4,114530
q_proj,1677,0,4,20603
k_proj,1677,0,4,10117
v_proj,1677,0,4,8817
rope,1677,0,4,49881
attn,1677,0,4,62905
o_proj,1677,0,4,20772
post_layernorm,1677,0,4,113574
gate_proj,1677,0,4,65058
up_proj,1677,0,4,62468
act_fn,1677,0,4,18712
down_proj,1677,0,4,63556
final_layernorm,1677,0,4,114845
lm_head,1677,0,4,600057
embedding,1678,0,4,46645
input_layernorm,1678,0,4,115048
q_proj,1678,0,4,20649
k_proj,1678,0,4,10144
v_proj,1678,0,4,8850
rope,1678,0,4,50402
attn,1678,0,4,63302
o_proj,1678,0,4,20831
post_layernorm,1678,0,4,114017
gate_proj,1678,0,4,65490
up_proj,1678,0,4,62501
act_fn,1678,0,4,18786
down_proj,1678,0,4,63814
final_layernorm,1678,0,4,115290
lm_head,1678,0,4,601104
embedding,1679,0,4,46380
input_layernorm,1679,0,4,114461
q_proj,1679,0,4,20572
k_proj,1679,0,4,10128
v_proj,1679,0,4,8790
rope,1679,0,4,49836
attn,1679,0,4,63099
o_proj,1679,0,4,20763
post_layernorm,1679,0,4,113406
gate_proj,1679,0,4,65068
up_proj,1679,0,4,62539
act_fn,1679,0,4,18686
down_proj,1679,0,4,63635
final_layernorm,1679,0,4,114864
lm_head,1679,0,4,600172
embedding,1680,0,4,47138
input_layernorm,1680,0,4,114585
q_proj,1680,0,4,21180
k_proj,1680,0,4,10121
v_proj,1680,0,4,8809
rope,1680,0,4,50353
attn,1680,0,4,63139
o_proj,1680,0,4,21190
post_layernorm,1680,0,4,113732
gate_proj,1680,0,4,65326
up_proj,1680,0,4,62499
act_fn,1680,0,4,18810
down_proj,1680,0,4,65120
final_layernorm,1680,0,4,115181
lm_head,1680,0,4,601005
embedding,1681,0,4,46714
input_layernorm,1681,0,4,114929
q_proj,1681,0,4,20610
k_proj,1681,0,4,10398
v_proj,1681,0,4,9573
rope,1681,0,4,50035
attn,1681,0,4,63130
o_proj,1681,0,4,20780
post_layernorm,1681,0,4,113698
gate_proj,1681,0,4,66612
up_proj,1681,0,4,63854
act_fn,1681,0,4,18820
down_proj,1681,0,4,63542
final_layernorm,1681,0,4,115006
lm_head,1681,0,4,601725
embedding,1682,0,4,47776
input_layernorm,1682,0,4,115314
q_proj,1682,0,4,20683
k_proj,1682,0,4,10515
v_proj,1682,0,4,9585
rope,1682,0,4,50609
attn,1682,0,4,63541
o_proj,1682,0,4,20884
post_layernorm,1682,0,4,114241
gate_proj,1682,0,4,67068
up_proj,1682,0,4,64105
act_fn,1682,0,4,18699
down_proj,1682,0,4,63876
final_layernorm,1682,0,4,115799
lm_head,1682,0,4,601047
embedding,1683,0,4,47140
input_layernorm,1683,0,4,114796
q_proj,1683,0,4,20533
k_proj,1683,0,4,10363
v_proj,1683,0,4,9469
rope,1683,0,4,49782
attn,1683,0,4,63015
o_proj,1683,0,4,20730
post_layernorm,1683,0,4,113621
gate_proj,1683,0,4,66349
up_proj,1683,0,4,63885
act_fn,1683,0,4,18704
down_proj,1683,0,4,63509
final_layernorm,1683,0,4,114991
lm_head,1683,0,4,601312
embedding,1684,0,4,48324
input_layernorm,1684,0,4,116108
q_proj,1684,0,4,20775
k_proj,1684,0,4,10581
v_proj,1684,0,4,9672
rope,1684,0,4,51181
attn,1684,0,4,64164
o_proj,1684,0,4,20984
post_layernorm,1684,0,4,115281
gate_proj,1684,0,4,67588
up_proj,1684,0,4,64405
act_fn,1684,0,4,18682
down_proj,1684,0,4,64383
final_layernorm,1684,0,4,116298
lm_head,1684,0,4,601589
embedding,1685,0,4,46989
input_layernorm,1685,0,4,115118
q_proj,1685,0,4,20596
k_proj,1685,0,4,10454
v_proj,1685,0,4,9515
rope,1685,0,4,50008
attn,1685,0,4,63088
o_proj,1685,0,4,20783
post_layernorm,1685,0,4,114024
gate_proj,1685,0,4,66606
up_proj,1685,0,4,64020
act_fn,1685,0,4,18728
down_proj,1685,0,4,63732
final_layernorm,1685,0,4,115473
lm_head,1685,0,4,600956
embedding,1686,0,4,48019
input_layernorm,1686,0,4,116524
q_proj,1686,0,4,20812
k_proj,1686,0,4,10617
v_proj,1686,0,4,9708
rope,1686,0,4,51186
attn,1686,0,4,64444
o_proj,1686,0,4,20998
post_layernorm,1686,0,4,115440
gate_proj,1686,0,4,67724
up_proj,1686,0,4,64460
act_fn,1686,0,4,18791
down_proj,1686,0,4,64387
final_layernorm,1686,0,4,116535
lm_head,1686,0,4,601943
embedding,1687,0,4,47272
input_layernorm,1687,0,4,115663
q_proj,1687,0,4,20631
k_proj,1687,0,4,10413
v_proj,1687,0,4,9512
rope,1687,0,4,50175
attn,1687,0,4,63106
o_proj,1687,0,4,20817
post_layernorm,1687,0,4,114552
gate_proj,1687,0,4,66752
up_proj,1687,0,4,63990
act_fn,1687,0,4,18807
down_proj,1687,0,4,63694
final_layernorm,1687,0,4,115868
lm_head,1687,0,4,601057
embedding,1688,0,4,47222
input_layernorm,1688,0,4,115252
q_proj,1688,0,4,20608
k_proj,1688,0,4,10433
v_proj,1688,0,4,9490
rope,1688,0,4,50125
attn,1688,0,4,63130
o_proj,1688,0,4,20792
post_layernorm,1688,0,4,114052
gate_proj,1688,0,4,66603
up_proj,1688,0,4,63983
act_fn,1688,0,4,18750
down_proj,1688,0,4,63646
final_layernorm,1688,0,4,115342
lm_head,1688,0,4,600981
embedding,1689,0,4,47188
input_layernorm,1689,0,4,115729
q_proj,1689,0,4,20646
k_proj,1689,0,4,10451
v_proj,1689,0,4,9520
rope,1689,0,4,50245
attn,1689,0,4,63340
o_proj,1689,0,4,20830
post_layernorm,1689,0,4,114623
gate_proj,1689,0,4,66849
up_proj,1689,0,4,63980
act_fn,1689,0,4,18785
down_proj,1689,0,4,63709
final_layernorm,1689,0,4,115890
lm_head,1689,0,4,601303
embedding,1690,0,4,47380
input_layernorm,1690,0,4,115841
q_proj,1690,0,4,20624
k_proj,1690,0,4,10419
v_proj,1690,0,4,9496
rope,1690,0,4,50156
attn,1690,0,4,63465
o_proj,1690,0,4,20823
post_layernorm,1690,0,4,114491
gate_proj,1690,0,4,66791
up_proj,1690,0,4,64070
act_fn,1690,0,4,18735
down_proj,1690,0,4,63688
final_layernorm,1690,0,4,115784
lm_head,1690,0,4,600574
embedding,1691,0,4,47563
input_layernorm,1691,0,4,115732
q_proj,1691,0,4,20611
k_proj,1691,0,4,10387
v_proj,1691,0,4,9513
rope,1691,0,4,50254
attn,1691,0,4,63184
o_proj,1691,0,4,20811
post_layernorm,1691,0,4,114551
gate_proj,1691,0,4,66724
up_proj,1691,0,4,63997
act_fn,1691,0,4,18891
down_proj,1691,0,4,63671
final_layernorm,1691,0,4,116154
lm_head,1691,0,4,600827
embedding,1692,0,4,47344
input_layernorm,1692,0,4,115941
q_proj,1692,0,4,20636
k_proj,1692,0,4,10431
v_proj,1692,0,4,9535
rope,1692,0,4,50508
attn,1692,0,4,63588
o_proj,1692,0,4,20861
post_layernorm,1692,0,4,114770
gate_proj,1692,0,4,66819
up_proj,1692,0,4,64165
act_fn,1692,0,4,18798
down_proj,1692,0,4,63881
final_layernorm,1692,0,4,116139
lm_head,1692,0,4,600896
embedding,1693,0,4,47315
input_layernorm,1693,0,4,116162
q_proj,1693,0,4,20656
k_proj,1693,0,4,10409
v_proj,1693,0,4,9558
rope,1693,0,4,50402
attn,1693,0,4,63396
o_proj,1693,0,4,20847
post_layernorm,1693,0,4,114887
gate_proj,1693,0,4,66905
up_proj,1693,0,4,64198
act_fn,1693,0,4,18799
down_proj,1693,0,4,63898
final_layernorm,1693,0,4,116188
lm_head,1693,0,4,601145
embedding,1694,0,4,47616
input_layernorm,1694,0,4,116440
q_proj,1694,0,4,20732
k_proj,1694,0,4,10450
v_proj,1694,0,4,9589
rope,1694,0,4,50711
attn,1694,0,4,63539
o_proj,1694,0,4,20919
post_layernorm,1694,0,4,115374
gate_proj,1694,0,4,67268
up_proj,1694,0,4,64292
act_fn,1694,0,4,18848
down_proj,1694,0,4,64074
final_layernorm,1694,0,4,116393
lm_head,1694,0,4,601941
embedding,1695,0,4,47286
input_layernorm,1695,0,4,116049
q_proj,1695,0,4,20589
k_proj,1695,0,4,10424
v_proj,1695,0,4,9508
rope,1695,0,4,50046
attn,1695,0,4,63117
o_proj,1695,0,4,20806
post_layernorm,1695,0,4,114438
gate_proj,1695,0,4,66535
up_proj,1695,0,4,64102
act_fn,1695,0,4,18778
down_proj,1695,0,4,63702
final_layernorm,1695,0,4,115707
lm_head,1695,0,4,600666
embedding,1696,0,4,48349
input_layernorm,1696,0,4,116766
q_proj,1696,0,4,21264
k_proj,1696,0,4,10552
v_proj,1696,0,4,9605
rope,1696,0,4,51206
attn,1696,0,4,64110
o_proj,1696,0,4,21448
post_layernorm,1696,0,4,115301
gate_proj,1696,0,4,69749
up_proj,1696,0,4,66491
act_fn,1696,0,4,18939
down_proj,1696,0,4,66086
final_layernorm,1696,0,4,116530
lm_head,1696,0,4,601793
embedding,1697,0,4,47204
input_layernorm,1697,0,4,116212
q_proj,1697,0,4,20664
k_proj,1697,0,4,10428
v_proj,1697,0,4,9504
rope,1697,0,4,50394
attn,1697,0,4,63269
o_proj,1697,0,4,20832
post_layernorm,1697,0,4,115261
gate_proj,1697,0,4,66773
up_proj,1697,0,4,64035
act_fn,1697,0,4,18893
down_proj,1697,0,4,63769
final_layernorm,1697,0,4,116536
lm_head,1697,0,4,602015
embedding,1698,0,4,47129
input_layernorm,1698,0,4,116188
q_proj,1698,0,4,20607
k_proj,1698,0,4,10452
v_proj,1698,0,4,9466
rope,1698,0,4,50068
attn,1698,0,4,62920
o_proj,1698,0,4,20784
post_layernorm,1698,0,4,114660
gate_proj,1698,0,4,66538
up_proj,1698,0,4,64072
act_fn,1698,0,4,18991
down_proj,1698,0,4,63693
final_layernorm,1698,0,4,116293
lm_head,1698,0,4,600745
embedding,1699,0,4,47549
input_layernorm,1699,0,4,116834
q_proj,1699,0,4,20733
k_proj,1699,0,4,10453
v_proj,1699,0,4,9610
rope,1699,0,4,50841
attn,1699,0,4,63898
o_proj,1699,0,4,20939
post_layernorm,1699,0,4,115463
gate_proj,1699,0,4,67289
up_proj,1699,0,4,64345
act_fn,1699,0,4,18993
down_proj,1699,0,4,64103
final_layernorm,1699,0,4,117179
lm_head,1699,0,4,601375
embedding,1700,0,4,47511
input_layernorm,1700,0,4,116689
q_proj,1700,0,4,20637
k_proj,1700,0,4,10399
v_proj,1700,0,4,9485
rope,1700,0,4,50353
attn,1700,0,4,63261
o_proj,1700,0,4,20839
post_layernorm,1700,0,4,114999
gate_proj,1700,0,4,66697
up_proj,1700,0,4,64042
act_fn,1700,0,4,18903
down_proj,1700,0,4,63691
final_layernorm,1700,0,4,116677
lm_head,1700,0,4,600490
embedding,1701,0,4,46784
input_layernorm,1701,0,4,115939
q_proj,1701,0,4,20576
k_proj,1701,0,4,10352
v_proj,1701,0,4,9423
rope,1701,0,4,49915
attn,1701,0,4,63017
o_proj,1701,0,4,20793
post_layernorm,1701,0,4,114862
gate_proj,1701,0,4,66415
up_proj,1701,0,4,63981
act_fn,1701,0,4,18924
down_proj,1701,0,4,63595
final_layernorm,1701,0,4,116530
lm_head,1701,0,4,601250
embedding,1702,0,4,47271
input_layernorm,1702,0,4,116330
q_proj,1702,0,4,20643
k_proj,1702,0,4,10482
v_proj,1702,0,4,9498
rope,1702,0,4,50257
attn,1702,0,4,63178
o_proj,1702,0,4,20833
post_layernorm,1702,0,4,115248
gate_proj,1702,0,4,66751
up_proj,1702,0,4,64059
act_fn,1702,0,4,18992
down_proj,1702,0,4,63719
final_layernorm,1702,0,4,116995
lm_head,1702,0,4,601597
embedding,1703,0,4,47254
input_layernorm,1703,0,4,116845
q_proj,1703,0,4,20674
k_proj,1703,0,4,10463
v_proj,1703,0,4,9535
rope,1703,0,4,50565
attn,1703,0,4,63195
o_proj,1703,0,4,20916
post_layernorm,1703,0,4,115530
gate_proj,1703,0,4,67036
up_proj,1703,0,4,64238
act_fn,1703,0,4,18967
down_proj,1703,0,4,64012
final_layernorm,1703,0,4,117223
lm_head,1703,0,4,601467
embedding,1704,0,4,47391
input_layernorm,1704,0,4,116559
q_proj,1704,0,4,20636
k_proj,1704,0,4,10432
v_proj,1704,0,4,9492
rope,1704,0,4,50412
attn,1704,0,4,63040
o_proj,1704,0,4,20817
post_layernorm,1704,0,4,114888
gate_proj,1704,0,4,66690
up_proj,1704,0,4,64161
act_fn,1704,0,4,19003
down_proj,1704,0,4,63851
final_layernorm,1704,0,4,116717
lm_head,1704,0,4,600842
embedding,1705,0,4,48265
input_layernorm,1705,0,4,117852
q_proj,1705,0,4,20839
k_proj,1705,0,4,10593
v_proj,1705,0,4,9652
rope,1705,0,4,51175
attn,1705,0,4,64359
o_proj,1705,0,4,21028
post_layernorm,1705,0,4,116530
gate_proj,1705,0,4,67681
up_proj,1705,0,4,64437
act_fn,1705,0,4,18961
down_proj,1705,0,4,64368
final_layernorm,1705,0,4,118075
lm_head,1705,0,4,602135
embedding,1706,0,4,47663
input_layernorm,1706,0,4,117030
q_proj,1706,0,4,20650
k_proj,1706,0,4,10384
v_proj,1706,0,4,9486
rope,1706,0,4,50462
attn,1706,0,4,63141
o_proj,1706,0,4,20849
post_layernorm,1706,0,4,115699
gate_proj,1706,0,4,66767
up_proj,1706,0,4,64082
act_fn,1706,0,4,18996
down_proj,1706,0,4,63725
final_layernorm,1706,0,4,117739
lm_head,1706,0,4,601221
embedding,1707,0,4,47406
input_layernorm,1707,0,4,117218
q_proj,1707,0,4,20691
k_proj,1707,0,4,10445
v_proj,1707,0,4,9534
rope,1707,0,4,50426
attn,1707,0,4,63329
o_proj,1707,0,4,20873
post_layernorm,1707,0,4,115938
gate_proj,1707,0,4,67018
up_proj,1707,0,4,64160
act_fn,1707,0,4,19005
down_proj,1707,0,4,63874
final_layernorm,1707,0,4,117696
lm_head,1707,0,4,601337
embedding,1708,0,4,48022
input_layernorm,1708,0,4,117832
q_proj,1708,0,4,20761
k_proj,1708,0,4,10545
v_proj,1708,0,4,9636
rope,1708,0,4,51194
attn,1708,0,4,63690
o_proj,1708,0,4,20965
post_layernorm,1708,0,4,116692
gate_proj,1708,0,4,67534
up_proj,1708,0,4,64446
act_fn,1708,0,4,19047
down_proj,1708,0,4,64268
final_layernorm,1708,0,4,118314
lm_head,1708,0,4,602365
embedding,1709,0,4,47353
input_layernorm,1709,0,4,117124
q_proj,1709,0,4,20649
k_proj,1709,0,4,10431
v_proj,1709,0,4,9492
rope,1709,0,4,50224
attn,1709,0,4,63358
o_proj,1709,0,4,20845
post_layernorm,1709,0,4,115329
gate_proj,1709,0,4,66652
up_proj,1709,0,4,64140
act_fn,1709,0,4,19075
down_proj,1709,0,4,63724
final_layernorm,1709,0,4,117537
lm_head,1709,0,4,601346
embedding,1710,0,4,47640
input_layernorm,1710,0,4,116903
q_proj,1710,0,4,20622
k_proj,1710,0,4,10424
v_proj,1710,0,4,9455
rope,1710,0,4,50181
attn,1710,0,4,63291
o_proj,1710,0,4,20827
post_layernorm,1710,0,4,115631
gate_proj,1710,0,4,66682
up_proj,1710,0,4,64131
act_fn,1710,0,4,19070
down_proj,1710,0,4,63708
final_layernorm,1710,0,4,117418
lm_head,1710,0,4,601158
embedding,1711,0,4,47530
input_layernorm,1711,0,4,117392
q_proj,1711,0,4,20730
k_proj,1711,0,4,10572
v_proj,1711,0,4,9568
rope,1711,0,4,50660
attn,1711,0,4,63549
o_proj,1711,0,4,20929
post_layernorm,1711,0,4,116220
gate_proj,1711,0,4,67213
up_proj,1711,0,4,64342
act_fn,1711,0,4,19098
down_proj,1711,0,4,64087
final_layernorm,1711,0,4,118139
lm_head,1711,0,4,601982
embedding,1712,0,4,47744
input_layernorm,1712,0,4,117103
q_proj,1712,0,4,21203
k_proj,1712,0,4,10544
v_proj,1712,0,4,9495
rope,1712,0,4,50654
attn,1712,0,4,63576
o_proj,1712,0,4,21245
post_layernorm,1712,0,4,115568
gate_proj,1712,0,4,69114
up_proj,1712,0,4,66393
act_fn,1712,0,4,19059
down_proj,1712,0,4,65320
final_layernorm,1712,0,4,117754
lm_head,1712,0,4,600964
embedding,1713,0,4,47887
input_layernorm,1713,0,4,117346
q_proj,1713,0,4,20719
k_proj,1713,0,4,10514
v_proj,1713,0,4,9510
rope,1713,0,4,50438
attn,1713,0,4,63487
o_proj,1713,0,4,20879
post_layernorm,1713,0,4,116164
gate_proj,1713,0,4,66951
up_proj,1713,0,4,64280
act_fn,1713,0,4,19133
down_proj,1713,0,4,63993
final_layernorm,1713,0,4,118029
lm_head,1713,0,4,601345
embedding,1714,0,4,48099
input_layernorm,1714,0,4,117684
q_proj,1714,0,4,20744
k_proj,1714,0,4,10439
v_proj,1714,0,4,9564
rope,1714,0,4,50687
attn,1714,0,4,63742
o_proj,1714,0,4,20939
post_layernorm,1714,0,4,116545
gate_proj,1714,0,4,67128
up_proj,1714,0,4,64419
act_fn,1714,0,4,19109
down_proj,1714,0,4,64186
final_layernorm,1714,0,4,118178
lm_head,1714,0,4,601486
embedding,1715,0,4,49185
input_layernorm,1715,0,4,118612
q_proj,1715,0,4,20907
k_proj,1715,0,4,10617
v_proj,1715,0,4,9720
rope,1715,0,4,51646
attn,1715,0,4,64589
o_proj,1715,0,4,21101
post_layernorm,1715,0,4,117621
gate_proj,1715,0,4,68129
up_proj,1715,0,4,64687
act_fn,1715,0,4,19107
down_proj,1715,0,4,64771
final_layernorm,1715,0,4,118822
lm_head,1715,0,4,602575
embedding,1716,0,4,48127
input_layernorm,1716,0,4,117630
q_proj,1716,0,4,20731
k_proj,1716,0,4,10479
v_proj,1716,0,4,9525
rope,1716,0,4,50801
attn,1716,0,4,63504
o_proj,1716,0,4,20919
post_layernorm,1716,0,4,116492
gate_proj,1716,0,4,66989
up_proj,1716,0,4,64238
act_fn,1716,0,4,19190
down_proj,1716,0,4,63936
final_layernorm,1716,0,4,118476
lm_head,1716,0,4,601126
embedding,1717,0,4,48540
input_layernorm,1717,0,4,117842
q_proj,1717,0,4,20722
k_proj,1717,0,4,10442
v_proj,1717,0,4,9522
rope,1717,0,4,50575
attn,1717,0,4,63390
o_proj,1717,0,4,20902
post_layernorm,1717,0,4,116557
gate_proj,1717,0,4,66936
up_proj,1717,0,4,64231
act_fn,1717,0,4,19141
down_proj,1717,0,4,63880
final_layernorm,1717,0,4,118458
lm_head,1717,0,4,601276
embedding,1718,0,4,49206
input_layernorm,1718,0,4,118738
q_proj,1718,0,4,20793
k_proj,1718,0,4,10551
v_proj,1718,0,4,9620
rope,1718,0,4,51292
attn,1718,0,4,63860
o_proj,1718,0,4,21015
post_layernorm,1718,0,4,117629
gate_proj,1718,0,4,67453
up_proj,1718,0,4,64407
act_fn,1718,0,4,19102
down_proj,1718,0,4,64208
final_layernorm,1718,0,4,119166
lm_head,1718,0,4,602329
embedding,1719,0,4,48157
input_layernorm,1719,0,4,117966
q_proj,1719,0,4,20732
k_proj,1719,0,4,10502
v_proj,1719,0,4,9520
rope,1719,0,4,50686
attn,1719,0,4,63446
o_proj,1719,0,4,20923
post_layernorm,1719,0,4,116971
gate_proj,1719,0,4,67061
up_proj,1719,0,4,64258
act_fn,1719,0,4,19154
down_proj,1719,0,4,63980
final_layernorm,1719,0,4,118702
lm_head,1719,0,4,601590
embedding,1720,0,4,48843
input_layernorm,1720,0,4,118219
q_proj,1720,0,4,20748
k_proj,1720,0,4,10471
v_proj,1720,0,4,9563
rope,1720,0,4,50959
attn,1720,0,4,63999
o_proj,1720,0,4,20956
post_layernorm,1720,0,4,117027
gate_proj,1720,0,4,67114
up_proj,1720,0,4,64425
act_fn,1720,0,4,19192
down_proj,1720,0,4,64151
final_layernorm,1720,0,4,118903
lm_head,1720,0,4,601455
embedding,1721,0,4,48252
input_layernorm,1721,0,4,117995
q_proj,1721,0,4,20714
k_proj,1721,0,4,10483
v_proj,1721,0,4,9512
rope,1721,0,4,50532
attn,1721,0,4,63450
o_proj,1721,0,4,20906
post_layernorm,1721,0,4,116780
gate_proj,1721,0,4,66912
up_proj,1721,0,4,64331
act_fn,1721,0,4,19165
down_proj,1721,0,4,63949
final_layernorm,1721,0,4,118501
lm_head,1721,0,4,601402
embedding,1722,0,4,49170
input_layernorm,1722,0,4,119146
q_proj,1722,0,4,20902
k_proj,1722,0,4,10607
v_proj,1722,0,4,9668
rope,1722,0,4,51460
attn,1722,0,4,64166
o_proj,1722,0,4,21058
post_layernorm,1722,0,4,118020
gate_proj,1722,0,4,67795
up_proj,1722,0,4,64557
act_fn,1722,0,4,19215
down_proj,1722,0,4,64505
final_layernorm,1722,0,4,119502
lm_head,1722,0,4,602722
embedding,1723,0,4,48116
input_layernorm,1723,0,4,118330
q_proj,1723,0,4,20718
k_proj,1723,0,4,10533
v_proj,1723,0,4,9547
rope,1723,0,4,50834
attn,1723,0,4,63283
o_proj,1723,0,4,20951
post_layernorm,1723,0,4,117002
gate_proj,1723,0,4,67091
up_proj,1723,0,4,64404
act_fn,1723,0,4,19207
down_proj,1723,0,4,64196
final_layernorm,1723,0,4,118514
lm_head,1723,0,4,602038
embedding,1724,0,4,48561
input_layernorm,1724,0,4,118778
q_proj,1724,0,4,20766
k_proj,1724,0,4,10517
v_proj,1724,0,4,9557
rope,1724,0,4,51214
attn,1724,0,4,63441
o_proj,1724,0,4,20952
post_layernorm,1724,0,4,117143
gate_proj,1724,0,4,67225
up_proj,1724,0,4,64325
act_fn,1724,0,4,19190
down_proj,1724,0,4,64085
final_layernorm,1724,0,4,118893
lm_head,1724,0,4,602096
embedding,1725,0,4,48655
input_layernorm,1725,0,4,119227
q_proj,1725,0,4,20870
k_proj,1725,0,4,10631
v_proj,1725,0,4,9688
rope,1725,0,4,51684
attn,1725,0,4,64296
o_proj,1725,0,4,21097
post_layernorm,1725,0,4,118253
gate_proj,1725,0,4,67755
up_proj,1725,0,4,64574
act_fn,1725,0,4,19260
down_proj,1725,0,4,64527
final_layernorm,1725,0,4,119955
lm_head,1725,0,4,602726
embedding,1726,0,4,48941
input_layernorm,1726,0,4,119513
q_proj,1726,0,4,20850
k_proj,1726,0,4,10572
v_proj,1726,0,4,9614
rope,1726,0,4,51594
attn,1726,0,4,64446
o_proj,1726,0,4,21040
post_layernorm,1726,0,4,118086
gate_proj,1726,0,4,67632
up_proj,1726,0,4,64522
act_fn,1726,0,4,19275
down_proj,1726,0,4,64350
final_layernorm,1726,0,4,119629
lm_head,1726,0,4,602599
embedding,1727,0,4,48819
input_layernorm,1727,0,4,119411
q_proj,1727,0,4,20823
k_proj,1727,0,4,10552
v_proj,1727,0,4,9592
rope,1727,0,4,51439
attn,1727,0,4,64010
o_proj,1727,0,4,21011
post_layernorm,1727,0,4,118154
gate_proj,1727,0,4,67487
up_proj,1727,0,4,64433
act_fn,1727,0,4,19247
down_proj,1727,0,4,64298
final_layernorm,1727,0,4,119560
lm_head,1727,0,4,602251
embedding,1728,0,4,48557
input_layernorm,1728,0,4,118092
q_proj,1728,0,4,23364
k_proj,1728,0,4,10557
v_proj,1728,0,4,9514
rope,1728,0,4,50897
attn,1728,0,4,63151
o_proj,1728,0,4,23779
post_layernorm,1728,0,4,116974
gate_proj,1728,0,4,69009
up_proj,1728,0,4,66528
act_fn,1728,0,4,19199
down_proj,1728,0,4,73088
final_layernorm,1728,0,4,118133
lm_head,1728,0,4,601772
embedding,1729,0,4,49009
input_layernorm,1729,0,4,118693
q_proj,1729,0,4,21223
k_proj,1729,0,4,13178
v_proj,1729,0,4,13908
rope,1729,0,4,50667
attn,1729,0,4,64886
o_proj,1729,0,4,21414
post_layernorm,1729,0,4,117415
gate_proj,1729,0,4,66853
up_proj,1729,0,4,64290
act_fn,1729,0,4,19272
down_proj,1729,0,4,65579
final_layernorm,1729,0,4,119026
lm_head,1729,0,4,585494
embedding,1730,0,4,48454
input_layernorm,1730,0,4,119003
q_proj,1730,0,4,21232
k_proj,1730,0,4,13129
v_proj,1730,0,4,13833
rope,1730,0,4,50869
attn,1730,0,4,64741
o_proj,1730,0,4,21389
post_layernorm,1730,0,4,117874
gate_proj,1730,0,4,66878
up_proj,1730,0,4,64315
act_fn,1730,0,4,19234
down_proj,1730,0,4,65725
final_layernorm,1730,0,4,119509
lm_head,1730,0,4,585812
embedding,1731,0,4,48679
input_layernorm,1731,0,4,118817
q_proj,1731,0,4,21202
k_proj,1731,0,4,13165
v_proj,1731,0,4,13859
rope,1731,0,4,50703
attn,1731,0,4,64305
o_proj,1731,0,4,21382
post_layernorm,1731,0,4,117650
gate_proj,1731,0,4,66704
up_proj,1731,0,4,64345
act_fn,1731,0,4,19230
down_proj,1731,0,4,65660
final_layernorm,1731,0,4,119097
lm_head,1731,0,4,585568
embedding,1732,0,4,49086
input_layernorm,1732,0,4,119831
q_proj,1732,0,4,21332
k_proj,1732,0,4,13407
v_proj,1732,0,4,14146
rope,1732,0,4,51604
attn,1732,0,4,64715
o_proj,1732,0,4,21536
post_layernorm,1732,0,4,118609
gate_proj,1732,0,4,67409
up_proj,1732,0,4,64501
act_fn,1732,0,4,19341
down_proj,1732,0,4,66155
final_layernorm,1732,0,4,120063
lm_head,1732,0,4,586315
embedding,1733,0,4,49446
input_layernorm,1733,0,4,119750
q_proj,1733,0,4,21348
k_proj,1733,0,4,13193
v_proj,1733,0,4,13963
rope,1733,0,4,51491
attn,1733,0,4,64911
o_proj,1733,0,4,21534
post_layernorm,1733,0,4,118730
gate_proj,1733,0,4,67473
up_proj,1733,0,4,64474
act_fn,1733,0,4,19351
down_proj,1733,0,4,66138
final_layernorm,1733,0,4,120093
lm_head,1733,0,4,586564
embedding,1734,0,4,49703
input_layernorm,1734,0,4,119231
q_proj,1734,0,4,21259
k_proj,1734,0,4,13157
v_proj,1734,0,4,13949
rope,1734,0,4,51107
attn,1734,0,4,64622
o_proj,1734,0,4,21479
post_layernorm,1734,0,4,118620
gate_proj,1734,0,4,67131
up_proj,1734,0,4,64478
act_fn,1734,0,4,19301
down_proj,1734,0,4,65969
final_layernorm,1734,0,4,119644
lm_head,1734,0,4,586459
embedding,1735,0,4,48926
input_layernorm,1735,0,4,119009
q_proj,1735,0,4,21215
k_proj,1735,0,4,13318
v_proj,1735,0,4,14059
rope,1735,0,4,50742
attn,1735,0,4,64747
o_proj,1735,0,4,21389
post_layernorm,1735,0,4,118038
gate_proj,1735,0,4,66778
up_proj,1735,0,4,64301
act_fn,1735,0,4,19265
down_proj,1735,0,4,65623
final_layernorm,1735,0,4,119359
lm_head,1735,0,4,585906
embedding,1736,0,4,48770
input_layernorm,1736,0,4,118596
q_proj,1736,0,4,21179
k_proj,1736,0,4,13283
v_proj,1736,0,4,13973
rope,1736,0,4,50756
attn,1736,0,4,64527
o_proj,1736,0,4,21383
post_layernorm,1736,0,4,117887
gate_proj,1736,0,4,66621
up_proj,1736,0,4,64314
act_fn,1736,0,4,19332
down_proj,1736,0,4,65590
final_layernorm,1736,0,4,119264
lm_head,1736,0,4,586136
embedding,1737,0,4,49309
input_layernorm,1737,0,4,119937
q_proj,1737,0,4,21361
k_proj,1737,0,4,10924
v_proj,1737,0,4,10293
rope,1737,0,4,51635
attn,1737,0,4,65025
o_proj,1737,0,4,21571
post_layernorm,1737,0,4,118956
gate_proj,1737,0,4,69730
up_proj,1737,0,4,66702
act_fn,1737,0,4,19423
down_proj,1737,0,4,66159
final_layernorm,1737,0,4,120202
lm_head,1737,0,4,586884
embedding,1738,0,4,49152
input_layernorm,1738,0,4,119805
q_proj,1738,0,4,21307
k_proj,1738,0,4,10866
v_proj,1738,0,4,10300
rope,1738,0,4,51345
attn,1738,0,4,64635
o_proj,1738,0,4,21493
post_layernorm,1738,0,4,119041
gate_proj,1738,0,4,69358
up_proj,1738,0,4,66621
act_fn,1738,0,4,19441
down_proj,1738,0,4,65920
final_layernorm,1738,0,4,119989
lm_head,1738,0,4,586503
embedding,1739,0,4,49555
input_layernorm,1739,0,4,120345
q_proj,1739,0,4,21407
k_proj,1739,0,4,11006
v_proj,1739,0,4,10265
rope,1739,0,4,51925
attn,1739,0,4,65356
o_proj,1739,0,4,21591
post_layernorm,1739,0,4,119530
gate_proj,1739,0,4,69877
up_proj,1739,0,4,66777
act_fn,1739,0,4,19393
down_proj,1739,0,4,66419
final_layernorm,1739,0,4,120501
lm_head,1739,0,4,587504
embedding,1740,0,4,48826
input_layernorm,1740,0,4,119416
q_proj,1740,0,4,21230
k_proj,1740,0,4,10853
v_proj,1740,0,4,10289
rope,1740,0,4,51087
attn,1740,0,4,64448
o_proj,1740,0,4,21403
post_layernorm,1740,0,4,118664
gate_proj,1740,0,4,69011
up_proj,1740,0,4,66623
act_fn,1740,0,4,19360
down_proj,1740,0,4,65774
final_layernorm,1740,0,4,119875
lm_head,1740,0,4,586611
embedding,1741,0,4,49412
input_layernorm,1741,0,4,119266
q_proj,1741,0,4,21207
k_proj,1741,0,4,10797
v_proj,1741,0,4,10254
rope,1741,0,4,50839
attn,1741,0,4,64337
o_proj,1741,0,4,21404
post_layernorm,1741,0,4,118413
gate_proj,1741,0,4,68787
up_proj,1741,0,4,66572
act_fn,1741,0,4,19418
down_proj,1741,0,4,65667
final_layernorm,1741,0,4,119707
lm_head,1741,0,4,586435
embedding,1742,0,4,49281
input_layernorm,1742,0,4,120423
q_proj,1742,0,4,21351
k_proj,1742,0,4,10997
v_proj,1742,0,4,10327
rope,1742,0,4,51716
attn,1742,0,4,65211
o_proj,1742,0,4,21553
post_layernorm,1742,0,4,119694
gate_proj,1742,0,4,69606
up_proj,1742,0,4,66715
act_fn,1742,0,4,19429
down_proj,1742,0,4,66165
final_layernorm,1742,0,4,120696
lm_head,1742,0,4,587382
embedding,1743,0,4,48818
input_layernorm,1743,0,4,119694
q_proj,1743,0,4,21254
k_proj,1743,0,4,10872
v_proj,1743,0,4,10391
rope,1743,0,4,51111
attn,1743,0,4,64828
o_proj,1743,0,4,21461
post_layernorm,1743,0,4,118963
gate_proj,1743,0,4,69188
up_proj,1743,0,4,66630
act_fn,1743,0,4,19480
down_proj,1743,0,4,65905
final_layernorm,1743,0,4,120017
lm_head,1743,0,4,586698
embedding,1744,0,4,49730
input_layernorm,1744,0,4,120180
q_proj,1744,0,4,21427
k_proj,1744,0,4,12684
v_proj,1744,0,4,12647
rope,1744,0,4,52068
attn,1744,0,4,65285
o_proj,1744,0,4,21622
post_layernorm,1744,0,4,119707
gate_proj,1744,0,4,69991
up_proj,1744,0,4,66808
act_fn,1744,0,4,19455
down_proj,1744,0,4,66389
final_layernorm,1744,0,4,120432
lm_head,1744,0,4,587744
embedding,1745,0,4,49244
input_layernorm,1745,0,4,119984
q_proj,1745,0,4,21335
k_proj,1745,0,4,10944
v_proj,1745,0,4,10386
rope,1745,0,4,51296
attn,1745,0,4,64674
o_proj,1745,0,4,21511
post_layernorm,1745,0,4,119442
gate_proj,1745,0,4,69317
up_proj,1745,0,4,66630
act_fn,1745,0,4,19497
down_proj,1745,0,4,65942
final_layernorm,1745,0,4,120404
lm_head,1745,0,4,586978
embedding,1746,0,4,49239
input_layernorm,1746,0,4,120347
q_proj,1746,0,4,21348
k_proj,1746,0,4,10915
v_proj,1746,0,4,10387
rope,1746,0,4,51539
attn,1746,0,4,64888
o_proj,1746,0,4,21532
post_layernorm,1746,0,4,119847
gate_proj,1746,0,4,69507
up_proj,1746,0,4,66695
act_fn,1746,0,4,19457
down_proj,1746,0,4,66033
final_layernorm,1746,0,4,120768
lm_head,1746,0,4,587541
embedding,1747,0,4,49661
input_layernorm,1747,0,4,120240
q_proj,1747,0,4,21300
k_proj,1747,0,4,10882
v_proj,1747,0,4,10373
rope,1747,0,4,51235
attn,1747,0,4,64699
o_proj,1747,0,4,21503
post_layernorm,1747,0,4,119521
gate_proj,1747,0,4,69229
up_proj,1747,0,4,66622
act_fn,1747,0,4,19568
down_proj,1747,0,4,65942
final_layernorm,1747,0,4,120550
lm_head,1747,0,4,587435
embedding,1748,0,4,49258
input_layernorm,1748,0,4,120216
q_proj,1748,0,4,21242
k_proj,1748,0,4,10891
v_proj,1748,0,4,10690
rope,1748,0,4,51148
attn,1748,0,4,64159
o_proj,1748,0,4,21430
post_layernorm,1748,0,4,119316
gate_proj,1748,0,4,69014
up_proj,1748,0,4,66658
act_fn,1748,0,4,19570
down_proj,1748,0,4,65780
final_layernorm,1748,0,4,120371
lm_head,1748,0,4,586885
embedding,1749,0,4,49334
input_layernorm,1749,0,4,120015
q_proj,1749,0,4,21243
k_proj,1749,0,4,10879
v_proj,1749,0,4,10426
rope,1749,0,4,50918
attn,1749,0,4,64363
o_proj,1749,0,4,21426
post_layernorm,1749,0,4,119176
gate_proj,1749,0,4,69027
up_proj,1749,0,4,66636
act_fn,1749,0,4,19536
down_proj,1749,0,4,65843
final_layernorm,1749,0,4,120454
lm_head,1749,0,4,587285
embedding,1750,0,4,50238
input_layernorm,1750,0,4,121389
q_proj,1750,0,4,21405
k_proj,1750,0,4,10971
v_proj,1750,0,4,10391
rope,1750,0,4,52012
attn,1750,0,4,64903
o_proj,1750,0,4,21596
post_layernorm,1750,0,4,120494
gate_proj,1750,0,4,69831
up_proj,1750,0,4,66802
act_fn,1750,0,4,19550
down_proj,1750,0,4,66295
final_layernorm,1750,0,4,121367
lm_head,1750,0,4,588108
embedding,1751,0,4,50359
input_layernorm,1751,0,4,121123
q_proj,1751,0,4,21440
k_proj,1751,0,4,11046
v_proj,1751,0,4,10662
rope,1751,0,4,52069
attn,1751,0,4,65035
o_proj,1751,0,4,21633
post_layernorm,1751,0,4,120459
gate_proj,1751,0,4,69967
up_proj,1751,0,4,66909
act_fn,1751,0,4,19628
down_proj,1751,0,4,66411
final_layernorm,1751,0,4,121732
lm_head,1751,0,4,588421
embedding,1752,0,4,49525
input_layernorm,1752,0,4,120578
q_proj,1752,0,4,21304
k_proj,1752,0,4,10887
v_proj,1752,0,4,10449
rope,1752,0,4,51570
attn,1752,0,4,64401
o_proj,1752,0,4,21506
post_layernorm,1752,0,4,119822
gate_proj,1752,0,4,69335
up_proj,1752,0,4,66688
act_fn,1752,0,4,19606
down_proj,1752,0,4,65961
final_layernorm,1752,0,4,120785
lm_head,1752,0,4,587440
embedding,1753,0,4,49432
input_layernorm,1753,0,4,120421
q_proj,1753,0,4,21280
k_proj,1753,0,4,10834
v_proj,1753,0,4,10399
rope,1753,0,4,51179
attn,1753,0,4,64644
o_proj,1753,0,4,21471
post_layernorm,1753,0,4,119698
gate_proj,1753,0,4,69120
up_proj,1753,0,4,66653
act_fn,1753,0,4,19600
down_proj,1753,0,4,65791
final_layernorm,1753,0,4,120943
lm_head,1753,0,4,587163
embedding,1754,0,4,49692
input_layernorm,1754,0,4,120599
q_proj,1754,0,4,21324
k_proj,1754,0,4,10929
v_proj,1754,0,4,10414
rope,1754,0,4,51402
attn,1754,0,4,64955
o_proj,1754,0,4,21531
post_layernorm,1754,0,4,120088
gate_proj,1754,0,4,69356
up_proj,1754,0,4,66677
act_fn,1754,0,4,19713
down_proj,1754,0,4,65981
final_layernorm,1754,0,4,120895
lm_head,1754,0,4,587767
embedding,1755,0,4,49733
input_layernorm,1755,0,4,120926
q_proj,1755,0,4,21370
k_proj,1755,0,4,10987
v_proj,1755,0,4,10353
rope,1755,0,4,51696
attn,1755,0,4,64889
o_proj,1755,0,4,21569
post_layernorm,1755,0,4,120492
gate_proj,1755,0,4,69538
up_proj,1755,0,4,66757
act_fn,1755,0,4,19672
down_proj,1755,0,4,66077
final_layernorm,1755,0,4,121509
lm_head,1755,0,4,588129
embedding,1756,0,4,50325
input_layernorm,1756,0,4,121546
q_proj,1756,0,4,21390
k_proj,1756,0,4,10956
v_proj,1756,0,4,10609
rope,1756,0,4,52059
attn,1756,0,4,64931
o_proj,1756,0,4,21583
post_layernorm,1756,0,4,121017
gate_proj,1756,0,4,69657
up_proj,1756,0,4,66829
act_fn,1756,0,4,19792
down_proj,1756,0,4,66233
final_layernorm,1756,0,4,121926
lm_head,1756,0,4,588330
embedding,1757,0,4,49470
input_layernorm,1757,0,4,120417
q_proj,1757,0,4,21236
k_proj,1757,0,4,10851
v_proj,1757,0,4,10358
rope,1757,0,4,51000
attn,1757,0,4,64207
o_proj,1757,0,4,21433
post_layernorm,1757,0,4,119586
gate_proj,1757,0,4,68872
up_proj,1757,0,4,66645
act_fn,1757,0,4,19888
down_proj,1757,0,4,65720
final_layernorm,1757,0,4,120746
lm_head,1757,0,4,587509
embedding,1758,0,4,49662
input_layernorm,1758,0,4,120948
q_proj,1758,0,4,21297
k_proj,1758,0,4,10874
v_proj,1758,0,4,10425
rope,1758,0,4,51317
attn,1758,0,4,64550
o_proj,1758,0,4,21512
post_layernorm,1758,0,4,119969
gate_proj,1758,0,4,69161
up_proj,1758,0,4,66729
act_fn,1758,0,4,19862
down_proj,1758,0,4,65970
final_layernorm,1758,0,4,121175
lm_head,1758,0,4,587836
embedding,1759,0,4,49553
input_layernorm,1759,0,4,121191
q_proj,1759,0,4,21315
k_proj,1759,0,4,10920
v_proj,1759,0,4,10537
rope,1759,0,4,51470
attn,1759,0,4,64793
o_proj,1759,0,4,21535
post_layernorm,1759,0,4,120509
gate_proj,1759,0,4,69267
up_proj,1759,0,4,66773
act_fn,1759,0,4,19853
down_proj,1759,0,4,66061
final_layernorm,1759,0,4,121207
lm_head,1759,0,4,587920
embedding,1760,0,4,49618
input_layernorm,1760,0,4,120618
q_proj,1760,0,4,21254
k_proj,1760,0,4,12283
v_proj,1760,0,4,12294
rope,1760,0,4,51451
attn,1760,0,4,64646
o_proj,1760,0,4,21470
post_layernorm,1760,0,4,119721
gate_proj,1760,0,4,69035
up_proj,1760,0,4,66716
act_fn,1760,0,4,19910
down_proj,1760,0,4,65879
final_layernorm,1760,0,4,120863
lm_head,1760,0,4,587622
embedding,1761,0,4,49452
input_layernorm,1761,0,4,121496
q_proj,1761,0,4,21371
k_proj,1761,0,4,12287
v_proj,1761,0,4,12444
rope,1761,0,4,51885
attn,1761,0,4,64974
o_proj,1761,0,4,21573
post_layernorm,1761,0,4,121047
gate_proj,1761,0,4,69497
up_proj,1761,0,4,66778
act_fn,1761,0,4,19940
down_proj,1761,0,4,66118
final_layernorm,1761,0,4,121880
lm_head,1761,0,4,639634
embedding,1762,0,4,48768
input_layernorm,1762,0,4,121530
q_proj,1762,0,4,21327
k_proj,1762,0,4,12268
v_proj,1762,0,4,12354
rope,1762,0,4,51637
attn,1762,0,4,64396
o_proj,1762,0,4,21543
post_layernorm,1762,0,4,120669
gate_proj,1762,0,4,69320
up_proj,1762,0,4,66823
act_fn,1762,0,4,19868
down_proj,1762,0,4,66190
final_layernorm,1762,0,4,121714
lm_head,1762,0,4,639458
embedding,1763,0,4,49196
input_layernorm,1763,0,4,122032
q_proj,1763,0,4,21422
k_proj,1763,0,4,12380
v_proj,1763,0,4,12546
rope,1763,0,4,52168
attn,1763,0,4,65245
o_proj,1763,0,4,21624
post_layernorm,1763,0,4,121380
gate_proj,1763,0,4,69676
up_proj,1763,0,4,66813
act_fn,1763,0,4,19933
down_proj,1763,0,4,66176
final_layernorm,1763,0,4,122391
lm_head,1763,0,4,639902
embedding,1764,0,4,48935
input_layernorm,1764,0,4,121711
q_proj,1764,0,4,21372
k_proj,1764,0,4,12086
v_proj,1764,0,4,12186
rope,1764,0,4,51991
attn,1764,0,4,65039
o_proj,1764,0,4,21611
post_layernorm,1764,0,4,121123
gate_proj,1764,0,4,69643
up_proj,1764,0,4,66935
act_fn,1764,0,4,19858
down_proj,1764,0,4,66324
final_layernorm,1764,0,4,121698
lm_head,1764,0,4,639472
embedding,1765,0,4,49631
input_layernorm,1765,0,4,122187
q_proj,1765,0,4,21439
k_proj,1765,0,4,12179
v_proj,1765,0,4,12336
rope,1765,0,4,52238
attn,1765,0,4,65390
o_proj,1765,0,4,21624
post_layernorm,1765,0,4,121655
gate_proj,1765,0,4,69824
up_proj,1765,0,4,66901
act_fn,1765,0,4,19836
down_proj,1765,0,4,66385
final_layernorm,1765,0,4,122519
lm_head,1765,0,4,639701
embedding,1766,0,4,48874
input_layernorm,1766,0,4,121632
q_proj,1766,0,4,21347
k_proj,1766,0,4,12134
v_proj,1766,0,4,12270
rope,1766,0,4,51727
attn,1766,0,4,65200
o_proj,1766,0,4,21561
post_layernorm,1766,0,4,120971
gate_proj,1766,0,4,69518
up_proj,1766,0,4,66876
act_fn,1766,0,4,19987
down_proj,1766,0,4,66197
final_layernorm,1766,0,4,121862
lm_head,1766,0,4,639065
embedding,1767,0,4,49135
input_layernorm,1767,0,4,121336
q_proj,1767,0,4,21303
k_proj,1767,0,4,12064
v_proj,1767,0,4,12117
rope,1767,0,4,51349
attn,1767,0,4,64236
o_proj,1767,0,4,21508
post_layernorm,1767,0,4,120659
gate_proj,1767,0,4,69012
up_proj,1767,0,4,66767
act_fn,1767,0,4,19884
down_proj,1767,0,4,65947
final_layernorm,1767,0,4,121646
lm_head,1767,0,4,638627
embedding,1768,0,4,49587
input_layernorm,1768,0,4,121812
q_proj,1768,0,4,21341
k_proj,1768,0,4,12143
v_proj,1768,0,4,12166
rope,1768,0,4,51940
attn,1768,0,4,64804
o_proj,1768,0,4,21553
post_layernorm,1768,0,4,121151
gate_proj,1768,0,4,69290
up_proj,1768,0,4,66817
act_fn,1768,0,4,19945
down_proj,1768,0,4,66005
final_layernorm,1768,0,4,122004
lm_head,1768,0,4,639074
embedding,1769,0,4,49653
input_layernorm,1769,0,4,121903
q_proj,1769,0,4,21396
k_proj,1769,0,4,11991
v_proj,1769,0,4,12160
rope,1769,0,4,51904
attn,1769,0,4,64942
o_proj,1769,0,4,21607
post_layernorm,1769,0,4,121328
gate_proj,1769,0,4,69465
up_proj,1769,0,4,66831
act_fn,1769,0,4,19979
down_proj,1769,0,4,66182
final_layernorm,1769,0,4,122299
lm_head,1769,0,4,594546
embedding,1770,0,4,49594
input_layernorm,1770,0,4,121730
q_proj,1770,0,4,21289
k_proj,1770,0,4,12030
v_proj,1770,0,4,12206
rope,1770,0,4,51603
attn,1770,0,4,64408
o_proj,1770,0,4,21532
post_layernorm,1770,0,4,120818
gate_proj,1770,0,4,68986
up_proj,1770,0,4,66816
act_fn,1770,0,4,19938
down_proj,1770,0,4,65967
final_layernorm,1770,0,4,122069
lm_head,1770,0,4,594231
embedding,1771,0,4,49524
input_layernorm,1771,0,4,122125
q_proj,1771,0,4,21349
k_proj,1771,0,4,12141
v_proj,1771,0,4,12166
rope,1771,0,4,51881
attn,1771,0,4,64954
o_proj,1771,0,4,21573
post_layernorm,1771,0,4,121391
gate_proj,1771,0,4,69382
up_proj,1771,0,4,66851
act_fn,1771,0,4,20010
down_proj,1771,0,4,66145
final_layernorm,1771,0,4,122123
lm_head,1771,0,4,594488
embedding,1772,0,4,50496
input_layernorm,1772,0,4,122889
q_proj,1772,0,4,21425
k_proj,1772,0,4,11752
v_proj,1772,0,4,11862
rope,1772,0,4,52509
attn,1772,0,4,65387
o_proj,1772,0,4,21653
post_layernorm,1772,0,4,122026
gate_proj,1772,0,4,69629
up_proj,1772,0,4,66894
act_fn,1772,0,4,19990
down_proj,1772,0,4,66271
final_layernorm,1772,0,4,123122
lm_head,1772,0,4,594798
embedding,1773,0,4,49892
input_layernorm,1773,0,4,122871
q_proj,1773,0,4,21449
k_proj,1773,0,4,11910
v_proj,1773,0,4,12051
rope,1773,0,4,52412
attn,1773,0,4,65521
o_proj,1773,0,4,21651
post_layernorm,1773,0,4,122024
gate_proj,1773,0,4,69761
up_proj,1773,0,4,66949
act_fn,1773,0,4,20053
down_proj,1773,0,4,66403
final_layernorm,1773,0,4,123109
lm_head,1773,0,4,595148
embedding,1774,0,4,49539
input_layernorm,1774,0,4,122094
q_proj,1774,0,4,21347
k_proj,1774,0,4,11931
v_proj,1774,0,4,12047
rope,1774,0,4,51727
attn,1774,0,4,64485
o_proj,1774,0,4,21540
post_layernorm,1774,0,4,121366
gate_proj,1774,0,4,69248
up_proj,1774,0,4,66819
act_fn,1774,0,4,20041
down_proj,1774,0,4,66005
final_layernorm,1774,0,4,122280
lm_head,1774,0,4,594323
embedding,1775,0,4,49520
input_layernorm,1775,0,4,122245
q_proj,1775,0,4,21327
k_proj,1775,0,4,11778
v_proj,1775,0,4,11778
rope,1775,0,4,51615
attn,1775,0,4,64423
o_proj,1775,0,4,21541
post_layernorm,1775,0,4,121283
gate_proj,1775,0,4,69218
up_proj,1775,0,4,66858
act_fn,1775,0,4,19973
down_proj,1775,0,4,66079
final_layernorm,1775,0,4,122335
lm_head,1775,0,4,594818
embedding,1776,0,4,51068
input_layernorm,1776,0,4,123250
q_proj,1776,0,4,21597
k_proj,1776,0,4,11674
v_proj,1776,0,4,11811
rope,1776,0,4,53125
attn,1776,0,4,66219
o_proj,1776,0,4,21818
post_layernorm,1776,0,4,122561
gate_proj,1776,0,4,70518
up_proj,1776,0,4,67183
act_fn,1776,0,4,20216
down_proj,1776,0,4,66915
final_layernorm,1776,0,4,123250
lm_head,1776,0,4,622733
embedding,1777,0,4,49451
input_layernorm,1777,0,4,122819
q_proj,1777,0,4,21436
k_proj,1777,0,4,11611
v_proj,1777,0,4,11763
rope,1777,0,4,52062
attn,1777,0,4,65365
o_proj,1777,0,4,21654
post_layernorm,1777,0,4,121990
gate_proj,1777,0,4,69627
up_proj,1777,0,4,66954
act_fn,1777,0,4,20133
down_proj,1777,0,4,66342
final_layernorm,1777,0,4,122667
lm_head,1777,0,4,595048
embedding,1778,0,4,50399
input_layernorm,1778,0,4,123190
q_proj,1778,0,4,21445
k_proj,1778,0,4,11620
v_proj,1778,0,4,11777
rope,1778,0,4,52293
attn,1778,0,4,65276
o_proj,1778,0,4,21652
post_layernorm,1778,0,4,122536
gate_proj,1778,0,4,69677
up_proj,1778,0,4,66922
act_fn,1778,0,4,20108
down_proj,1778,0,4,66371
final_layernorm,1778,0,4,123520
lm_head,1778,0,4,595490
embedding,1779,0,4,50226
input_layernorm,1779,0,4,123182
q_proj,1779,0,4,21452
k_proj,1779,0,4,11688
v_proj,1779,0,4,11569
rope,1779,0,4,52160
attn,1779,0,4,65098
o_proj,1779,0,4,21649
post_layernorm,1779,0,4,122490
gate_proj,1779,0,4,69741
up_proj,1779,0,4,66952
act_fn,1779,0,4,20084
down_proj,1779,0,4,66399
final_layernorm,1779,0,4,123050
lm_head,1779,0,4,595581
embedding,1780,0,4,50325
input_layernorm,1780,0,4,123366
q_proj,1780,0,4,21445
k_proj,1780,0,4,11585
v_proj,1780,0,4,11391
rope,1780,0,4,52416
attn,1780,0,4,64710
o_proj,1780,0,4,21637
post_layernorm,1780,0,4,122649
gate_proj,1780,0,4,69642
up_proj,1780,0,4,66963
act_fn,1780,0,4,20171
down_proj,1780,0,4,66323
final_layernorm,1780,0,4,123431
lm_head,1780,0,4,595645
embedding,1781,0,4,49858
input_layernorm,1781,0,4,122839
q_proj,1781,0,4,21345
k_proj,1781,0,4,11568
v_proj,1781,0,4,11745
rope,1781,0,4,51716
attn,1781,0,4,64763
o_proj,1781,0,4,21558
post_layernorm,1781,0,4,121742
gate_proj,1781,0,4,69197
up_proj,1781,0,4,66848
act_fn,1781,0,4,20179
down_proj,1781,0,4,66017
final_layernorm,1781,0,4,122719
lm_head,1781,0,4,595173
embedding,1782,0,4,50161
input_layernorm,1782,0,4,123051
q_proj,1782,0,4,21409
k_proj,1782,0,4,11537
v_proj,1782,0,4,11584
rope,1782,0,4,51846
attn,1782,0,4,64828
o_proj,1782,0,4,21584
post_layernorm,1782,0,4,121932
gate_proj,1782,0,4,69372
up_proj,1782,0,4,66883
act_fn,1782,0,4,20207
down_proj,1782,0,4,66114
final_layernorm,1782,0,4,123088
lm_head,1782,0,4,595544
embedding,1783,0,4,50682
input_layernorm,1783,0,4,123593
q_proj,1783,0,4,21498
k_proj,1783,0,4,11577
v_proj,1783,0,4,11500
rope,1783,0,4,52300
attn,1783,0,4,65427
o_proj,1783,0,4,21675
post_layernorm,1783,0,4,122893
gate_proj,1783,0,4,69934
up_proj,1783,0,4,67024
act_fn,1783,0,4,20162
down_proj,1783,0,4,66552
final_layernorm,1783,0,4,123672
lm_head,1783,0,4,595725
embedding,1784,0,4,50513
input_layernorm,1784,0,4,122884
q_proj,1784,0,4,21377
k_proj,1784,0,4,11494
v_proj,1784,0,4,11421
rope,1784,0,4,51991
attn,1784,0,4,64688
o_proj,1784,0,4,21576
post_layernorm,1784,0,4,122122
gate_proj,1784,0,4,69332
up_proj,1784,0,4,66958
act_fn,1784,0,4,20154
down_proj,1784,0,4,66309
final_layernorm,1784,0,4,122909
lm_head,1784,0,4,595414
embedding,1785,0,4,50624
input_layernorm,1785,0,4,123513
q_proj,1785,0,4,21528
k_proj,1785,0,4,11480
v_proj,1785,0,4,11492
rope,1785,0,4,52390
attn,1785,0,4,65587
o_proj,1785,0,4,21727
post_layernorm,1785,0,4,123156
gate_proj,1785,0,4,70050
up_proj,1785,0,4,67102
act_fn,1785,0,4,20222
down_proj,1785,0,4,66638
final_layernorm,1785,0,4,123679
lm_head,1785,0,4,596144
embedding,1786,0,4,50514
input_layernorm,1786,0,4,123415
q_proj,1786,0,4,21374
k_proj,1786,0,4,11446
v_proj,1786,0,4,11512
rope,1786,0,4,51915
attn,1786,0,4,64677
o_proj,1786,0,4,21585
post_layernorm,1786,0,4,122469
gate_proj,1786,0,4,69307
up_proj,1786,0,4,66971
act_fn,1786,0,4,20195
down_proj,1786,0,4,66245
final_layernorm,1786,0,4,123434
lm_head,1786,0,4,595768
embedding,1787,0,4,50384
input_layernorm,1787,0,4,123238
q_proj,1787,0,4,21407
k_proj,1787,0,4,11475
v_proj,1787,0,4,11464
rope,1787,0,4,52077
attn,1787,0,4,64785
o_proj,1787,0,4,21577
post_layernorm,1787,0,4,122649
gate_proj,1787,0,4,69287
up_proj,1787,0,4,66892
act_fn,1787,0,4,20203
down_proj,1787,0,4,66107
final_layernorm,1787,0,4,123257
lm_head,1787,0,4,596161
embedding,1788,0,4,50525
input_layernorm,1788,0,4,123697
q_proj,1788,0,4,21454
k_proj,1788,0,4,11475
v_proj,1788,0,4,11473
rope,1788,0,4,52406
attn,1788,0,4,65312
o_proj,1788,0,4,21601
post_layernorm,1788,0,4,122974
gate_proj,1788,0,4,69577
up_proj,1788,0,4,66982
act_fn,1788,0,4,20271
down_proj,1788,0,4,66304
final_layernorm,1788,0,4,123882
lm_head,1788,0,4,596164
embedding,1789,0,4,50220
input_layernorm,1789,0,4,123382
q_proj,1789,0,4,21425
k_proj,1789,0,4,11475
v_proj,1789,0,4,11520
rope,1789,0,4,52090
attn,1789,0,4,64962
o_proj,1789,0,4,21613
post_layernorm,1789,0,4,122690
gate_proj,1789,0,4,69551
up_proj,1789,0,4,66964
act_fn,1789,0,4,20293
down_proj,1789,0,4,66308
final_layernorm,1789,0,4,123424
lm_head,1789,0,4,596114
embedding,1790,0,4,50088
input_layernorm,1790,0,4,123251
q_proj,1790,0,4,21388
k_proj,1790,0,4,11460
v_proj,1790,0,4,11437
rope,1790,0,4,51984
attn,1790,0,4,64908
o_proj,1790,0,4,21596
post_layernorm,1790,0,4,122822
gate_proj,1790,0,4,69306
up_proj,1790,0,4,66956
act_fn,1790,0,4,20215
down_proj,1790,0,4,66246
final_layernorm,1790,0,4,123464
lm_head,1790,0,4,595945
embedding,1791,0,4,50348
input_layernorm,1791,0,4,123841
q_proj,1791,0,4,21425
k_proj,1791,0,4,11436
v_proj,1791,0,4,11601
rope,1791,0,4,52137
attn,1791,0,4,64715
o_proj,1791,0,4,21593
post_layernorm,1791,0,4,122930
gate_proj,1791,0,4,69423
up_proj,1791,0,4,66957
act_fn,1791,0,4,20284
down_proj,1791,0,4,66217
final_layernorm,1791,0,4,123777
lm_head,1791,0,4,596495
embedding,1792,0,4,50860
input_layernorm,1792,0,4,123125
q_proj,1792,0,4,23502
k_proj,1792,0,4,10669
v_proj,1792,0,4,9458
rope,1792,0,4,52059
attn,1792,0,4,59753
o_proj,1792,0,4,23797
post_layernorm,1792,0,4,122453
gate_proj,1792,0,4,69354
up_proj,1792,0,4,66939
act_fn,1792,0,4,20220
down_proj,1792,0,4,73535
final_layernorm,1792,0,4,122951
lm_head,1792,0,4,622465
embedding,1793,0,4,50374
input_layernorm,1793,0,4,124296
q_proj,1793,0,4,21952
k_proj,1793,0,4,10325
v_proj,1793,0,4,9312
rope,1793,0,4,51984
attn,1793,0,4,67021
o_proj,1793,0,4,22179
post_layernorm,1793,0,4,122542
gate_proj,1793,0,4,72784
up_proj,1793,0,4,70078
act_fn,1793,0,4,20334
down_proj,1793,0,4,68098
final_layernorm,1793,0,4,123199
lm_head,1793,0,4,596421
embedding,1794,0,4,50362
input_layernorm,1794,0,4,124143
q_proj,1794,0,4,21914
k_proj,1794,0,4,10273
v_proj,1794,0,4,9280
rope,1794,0,4,51918
attn,1794,0,4,66697
o_proj,1794,0,4,22147
post_layernorm,1794,0,4,122400
gate_proj,1794,0,4,72691
up_proj,1794,0,4,70078
act_fn,1794,0,4,20369
down_proj,1794,0,4,68057
final_layernorm,1794,0,4,123072
lm_head,1794,0,4,596367
embedding,1795,0,4,50189
input_layernorm,1795,0,4,124338
q_proj,1795,0,4,21939
k_proj,1795,0,4,10296
v_proj,1795,0,4,9292
rope,1795,0,4,52029
attn,1795,0,4,66973
o_proj,1795,0,4,22160
post_layernorm,1795,0,4,122780
gate_proj,1795,0,4,72693
up_proj,1795,0,4,70125
act_fn,1795,0,4,20337
down_proj,1795,0,4,68115
final_layernorm,1795,0,4,123224
lm_head,1795,0,4,596562
embedding,1796,0,4,51084
input_layernorm,1796,0,4,125151
q_proj,1796,0,4,22070
k_proj,1796,0,4,10428
v_proj,1796,0,4,9369
rope,1796,0,4,52878
attn,1796,0,4,67826
o_proj,1796,0,4,22293
post_layernorm,1796,0,4,123677
gate_proj,1796,0,4,73511
up_proj,1796,0,4,70367
act_fn,1796,0,4,20354
down_proj,1796,0,4,68558
final_layernorm,1796,0,4,123848
lm_head,1796,0,4,597282
embedding,1797,0,4,50632
input_layernorm,1797,0,4,124678
q_proj,1797,0,4,21983
k_proj,1797,0,4,10345
v_proj,1797,0,4,9275
rope,1797,0,4,52255
attn,1797,0,4,67326
o_proj,1797,0,4,22198
post_layernorm,1797,0,4,123177
gate_proj,1797,0,4,72840
up_proj,1797,0,4,70168
act_fn,1797,0,4,20431
down_proj,1797,0,4,68192
final_layernorm,1797,0,4,123333
lm_head,1797,0,4,596932
embedding,1798,0,4,50950
input_layernorm,1798,0,4,125434
q_proj,1798,0,4,22116
k_proj,1798,0,4,10474
v_proj,1798,0,4,9437
rope,1798,0,4,52821
attn,1798,0,4,67988
o_proj,1798,0,4,22351
post_layernorm,1798,0,4,123939
gate_proj,1798,0,4,73781
up_proj,1798,0,4,70510
act_fn,1798,0,4,20359
down_proj,1798,0,4,68712
final_layernorm,1798,0,4,124163
lm_head,1798,0,4,597714
embedding,1799,0,4,50816
input_layernorm,1799,0,4,124886
q_proj,1799,0,4,22023
k_proj,1799,0,4,10383
v_proj,1799,0,4,9339
rope,1799,0,4,52396
attn,1799,0,4,67568
o_proj,1799,0,4,22274
post_layernorm,1799,0,4,123550
gate_proj,1799,0,4,73202
up_proj,1799,0,4,70337
act_fn,1799,0,4,20409
down_proj,1799,0,4,68341
final_layernorm,1799,0,4,123749
lm_head,1799,0,4,597085
embedding,1800,0,4,50911
input_layernorm,1800,0,4,125223
q_proj,1800,0,4,22074
k_proj,1800,0,4,10400
v_proj,1800,0,4,9342
rope,1800,0,4,52858
attn,1800,0,4,67707
o_proj,1800,0,4,22298
post_layernorm,1800,0,4,123650
gate_proj,1800,0,4,73493
up_proj,1800,0,4,70374
act_fn,1800,0,4,20386
down_proj,1800,0,4,68591
final_layernorm,1800,0,4,123966
lm_head,1800,0,4,597686
embedding,1801,0,4,50880
input_layernorm,1801,0,4,125780
q_proj,1801,0,4,22095
k_proj,1801,0,4,11107
v_proj,1801,0,4,10538
rope,1801,0,4,52807
attn,1801,0,4,68069
o_proj,1801,0,4,22340
post_layernorm,1801,0,4,124212
gate_proj,1801,0,4,73591
up_proj,1801,0,4,70448
act_fn,1801,0,4,20405
down_proj,1801,0,4,68722
final_layernorm,1801,0,4,124487
lm_head,1801,0,4,597750
embedding,1802,0,4,50201
input_layernorm,1802,0,4,124692
q_proj,1802,0,4,21980
k_proj,1802,0,4,10973
v_proj,1802,0,4,10411
rope,1802,0,4,52057
attn,1802,0,4,67199
o_proj,1802,0,4,22185
post_layernorm,1802,0,4,123428
gate_proj,1802,0,4,72779
up_proj,1802,0,4,70202
act_fn,1802,0,4,20597
down_proj,1802,0,4,68151
final_layernorm,1802,0,4,123796
lm_head,1802,0,4,597215
embedding,1803,0,4,50206
input_layernorm,1803,0,4,124855
q_proj,1803,0,4,21968
k_proj,1803,0,4,10913
v_proj,1803,0,4,10337
rope,1803,0,4,52038
attn,1803,0,4,67056
o_proj,1803,0,4,22149
post_layernorm,1803,0,4,123408
gate_proj,1803,0,4,72677
up_proj,1803,0,4,70106
act_fn,1803,0,4,20416
down_proj,1803,0,4,68032
final_layernorm,1803,0,4,123728
lm_head,1803,0,4,597324
embedding,1804,0,4,50112
input_layernorm,1804,0,4,124550
q_proj,1804,0,4,21908
k_proj,1804,0,4,10910
v_proj,1804,0,4,10489
rope,1804,0,4,51968
attn,1804,0,4,66484
o_proj,1804,0,4,22150
post_layernorm,1804,0,4,123119
gate_proj,1804,0,4,72564
up_proj,1804,0,4,70083
act_fn,1804,0,4,20467
down_proj,1804,0,4,67999
final_layernorm,1804,0,4,123684
lm_head,1804,0,4,597435
embedding,1805,0,4,50244
input_layernorm,1805,0,4,124828
q_proj,1805,0,4,21923
k_proj,1805,0,4,10892
v_proj,1805,0,4,10493
rope,1805,0,4,51729
attn,1805,0,4,66800
o_proj,1805,0,4,22142
post_layernorm,1805,0,4,123126
gate_proj,1805,0,4,72459
up_proj,1805,0,4,70093
act_fn,1805,0,4,20451
down_proj,1805,0,4,67962
final_layernorm,1805,0,4,123715
lm_head,1805,0,4,597365
embedding,1806,0,4,50785
input_layernorm,1806,0,4,125397
q_proj,1806,0,4,21990
k_proj,1806,0,4,10966
v_proj,1806,0,4,10540
rope,1806,0,4,52211
attn,1806,0,4,67431
o_proj,1806,0,4,22202
post_layernorm,1806,0,4,123867
gate_proj,1806,0,4,72860
up_proj,1806,0,4,70203
act_fn,1806,0,4,20514
down_proj,1806,0,4,68203
final_layernorm,1806,0,4,124106
lm_head,1806,0,4,597878
embedding,1807,0,4,51515
input_layernorm,1807,0,4,126405
q_proj,1807,0,4,22156
k_proj,1807,0,4,11068
v_proj,1807,0,4,10400
rope,1807,0,4,53055
attn,1807,0,4,68257
o_proj,1807,0,4,22379
post_layernorm,1807,0,4,124697
gate_proj,1807,0,4,73795
up_proj,1807,0,4,70576
act_fn,1807,0,4,20486
down_proj,1807,0,4,68849
final_layernorm,1807,0,4,125045
lm_head,1807,0,4,598775
embedding,1808,0,4,51415
input_layernorm,1808,0,4,126096
q_proj,1808,0,4,23203
k_proj,1808,0,4,11070
v_proj,1808,0,4,10292
rope,1808,0,4,53221
attn,1808,0,4,68118
o_proj,1808,0,4,23255
post_layernorm,1808,0,4,124482
gate_proj,1808,0,4,73476
up_proj,1808,0,4,70258
act_fn,1808,0,4,20460
down_proj,1808,0,4,71879
final_layernorm,1808,0,4,124894
lm_head,1808,0,4,599517
embedding,1809,0,4,50607
input_layernorm,1809,0,4,125689
q_proj,1809,0,4,22025
k_proj,1809,0,4,10908
v_proj,1809,0,4,10350
rope,1809,0,4,52208
attn,1809,0,4,67357
o_proj,1809,0,4,22209
post_layernorm,1809,0,4,124012
gate_proj,1809,0,4,72899
up_proj,1809,0,4,70284
act_fn,1809,0,4,20564
down_proj,1809,0,4,68242
final_layernorm,1809,0,4,124676
lm_head,1809,0,4,597955
embedding,1810,0,4,50444
input_layernorm,1810,0,4,125795
q_proj,1810,0,4,22017
k_proj,1810,0,4,10953
v_proj,1810,0,4,10408
rope,1810,0,4,52319
attn,1810,0,4,67261
o_proj,1810,0,4,22255
post_layernorm,1810,0,4,124117
gate_proj,1810,0,4,73125
up_proj,1810,0,4,70365
act_fn,1810,0,4,20512
down_proj,1810,0,4,68370
final_layernorm,1810,0,4,124511
lm_head,1810,0,4,598268
embedding,1811,0,4,51730
input_layernorm,1811,0,4,126718
q_proj,1811,0,4,22228
k_proj,1811,0,4,11160
v_proj,1811,0,4,10387
rope,1811,0,4,53389
attn,1811,0,4,68540
o_proj,1811,0,4,22477
post_layernorm,1811,0,4,125420
gate_proj,1811,0,4,74104
up_proj,1811,0,4,70807
act_fn,1811,0,4,20614
down_proj,1811,0,4,69001
final_layernorm,1811,0,4,125514
lm_head,1811,0,4,599245
embedding,1812,0,4,51249
input_layernorm,1812,0,4,126114
q_proj,1812,0,4,22108
k_proj,1812,0,4,11003
v_proj,1812,0,4,10398
rope,1812,0,4,52948
attn,1812,0,4,68150
o_proj,1812,0,4,22353
post_layernorm,1812,0,4,124829
gate_proj,1812,0,4,73620
up_proj,1812,0,4,70589
act_fn,1812,0,4,20648
down_proj,1812,0,4,68726
final_layernorm,1812,0,4,124898
lm_head,1812,0,4,598713
embedding,1813,0,4,51378
input_layernorm,1813,0,4,126230
q_proj,1813,0,4,22092
k_proj,1813,0,4,10987
v_proj,1813,0,4,10348
rope,1813,0,4,52780
attn,1813,0,4,67709
o_proj,1813,0,4,22334
post_layernorm,1813,0,4,124845
gate_proj,1813,0,4,73469
up_proj,1813,0,4,70455
act_fn,1813,0,4,20578
down_proj,1813,0,4,68582
final_layernorm,1813,0,4,125214
lm_head,1813,0,4,598920
embedding,1814,0,4,51037
input_layernorm,1814,0,4,126128
q_proj,1814,0,4,21990
k_proj,1814,0,4,10994
v_proj,1814,0,4,10386
rope,1814,0,4,52320
attn,1814,0,4,66978
o_proj,1814,0,4,22237
post_layernorm,1814,0,4,124277
gate_proj,1814,0,4,72842
up_proj,1814,0,4,70229
act_fn,1814,0,4,20604
down_proj,1814,0,4,68243
final_layernorm,1814,0,4,124774
lm_head,1814,0,4,598370
embedding,1815,0,4,51498
input_layernorm,1815,0,4,126188
q_proj,1815,0,4,22048
k_proj,1815,0,4,10945
v_proj,1815,0,4,10349
rope,1815,0,4,52405
attn,1815,0,4,67346
o_proj,1815,0,4,22261
post_layernorm,1815,0,4,124573
gate_proj,1815,0,4,73043
up_proj,1815,0,4,70282
act_fn,1815,0,4,20582
down_proj,1815,0,4,68398
final_layernorm,1815,0,4,124908
lm_head,1815,0,4,598875
embedding,1816,0,4,51300
input_layernorm,1816,0,4,125669
q_proj,1816,0,4,22032
k_proj,1816,0,4,10946
v_proj,1816,0,4,10310
rope,1816,0,4,52427
attn,1816,0,4,67295
o_proj,1816,0,4,22259
post_layernorm,1816,0,4,124110
gate_proj,1816,0,4,72930
up_proj,1816,0,4,70316
act_fn,1816,0,4,20644
down_proj,1816,0,4,68252
final_layernorm,1816,0,4,124651
lm_head,1816,0,4,598864
embedding,1817,0,4,51492
input_layernorm,1817,0,4,126353
q_proj,1817,0,4,22089
k_proj,1817,0,4,11025
v_proj,1817,0,4,10419
rope,1817,0,4,52574
attn,1817,0,4,67884
o_proj,1817,0,4,22325
post_layernorm,1817,0,4,124877
gate_proj,1817,0,4,73394
up_proj,1817,0,4,70503
act_fn,1817,0,4,20598
down_proj,1817,0,4,68567
final_layernorm,1817,0,4,125269
lm_head,1817,0,4,599048
embedding,1818,0,4,51214
input_layernorm,1818,0,4,126189
q_proj,1818,0,4,22018
k_proj,1818,0,4,10912
v_proj,1818,0,4,10325
rope,1818,0,4,52332
attn,1818,0,4,67485
o_proj,1818,0,4,22267
post_layernorm,1818,0,4,124450
gate_proj,1818,0,4,72951
up_proj,1818,0,4,70286
act_fn,1818,0,4,20646
down_proj,1818,0,4,68267
final_layernorm,1818,0,4,124949
lm_head,1818,0,4,598582
embedding,1819,0,4,51614
input_layernorm,1819,0,4,126486
q_proj,1819,0,4,22094
k_proj,1819,0,4,10979
v_proj,1819,0,4,10368
rope,1819,0,4,52756
attn,1819,0,4,67457
o_proj,1819,0,4,22333
post_layernorm,1819,0,4,125062
gate_proj,1819,0,4,73389
up_proj,1819,0,4,70373
act_fn,1819,0,4,20652
down_proj,1819,0,4,68516
final_layernorm,1819,0,4,125521
lm_head,1819,0,4,598942
embedding,1820,0,4,50876
input_layernorm,1820,0,4,126100
q_proj,1820,0,4,22000
k_proj,1820,0,4,10940
v_proj,1820,0,4,10399
rope,1820,0,4,52375
attn,1820,0,4,67482
o_proj,1820,0,4,22263
post_layernorm,1820,0,4,124603
gate_proj,1820,0,4,72860
up_proj,1820,0,4,70262
act_fn,1820,0,4,20716
down_proj,1820,0,4,68215
final_layernorm,1820,0,4,125068
lm_head,1820,0,4,598527
embedding,1821,0,4,50960
input_layernorm,1821,0,4,126070
q_proj,1821,0,4,21973
k_proj,1821,0,4,10882
v_proj,1821,0,4,10311
rope,1821,0,4,51988
attn,1821,0,4,67133
o_proj,1821,0,4,22128
post_layernorm,1821,0,4,123794
gate_proj,1821,0,4,72610
up_proj,1821,0,4,70223
act_fn,1821,0,4,20620
down_proj,1821,0,4,68123
final_layernorm,1821,0,4,124559
lm_head,1821,0,4,598634
embedding,1822,0,4,50804
input_layernorm,1822,0,4,126296
q_proj,1822,0,4,22004
k_proj,1822,0,4,10944
v_proj,1822,0,4,10408
rope,1822,0,4,52308
attn,1822,0,4,67220
o_proj,1822,0,4,22211
post_layernorm,1822,0,4,123993
gate_proj,1822,0,4,72923
up_proj,1822,0,4,70288
act_fn,1822,0,4,20678
down_proj,1822,0,4,68364
final_layernorm,1822,0,4,124933
lm_head,1822,0,4,598867
embedding,1823,0,4,51654
input_layernorm,1823,0,4,126695
q_proj,1823,0,4,22097
k_proj,1823,0,4,10963
v_proj,1823,0,4,10422
rope,1823,0,4,52837
attn,1823,0,4,67413
o_proj,1823,0,4,22293
post_layernorm,1823,0,4,124973
gate_proj,1823,0,4,73344
up_proj,1823,0,4,70414
act_fn,1823,0,4,20778
down_proj,1823,0,4,68530
final_layernorm,1823,0,4,125522
lm_head,1823,0,4,599592
embedding,1824,0,4,51597
input_layernorm,1824,0,4,126686
q_proj,1824,0,4,23155
k_proj,1824,0,4,10956
v_proj,1824,0,4,10171
rope,1824,0,4,53039
attn,1824,0,4,67566
o_proj,1824,0,4,23108
post_layernorm,1824,0,4,124749
gate_proj,1824,0,4,77079
up_proj,1824,0,4,73748
act_fn,1824,0,4,20513
down_proj,1824,0,4,71530
final_layernorm,1824,0,4,125517
lm_head,1824,0,4,628607
embedding,1825,0,4,51577
input_layernorm,1825,0,4,127533
q_proj,1825,0,4,22176
k_proj,1825,0,4,12408
v_proj,1825,0,4,12950
rope,1825,0,4,53385
attn,1825,0,4,67901
o_proj,1825,0,4,22353
post_layernorm,1825,0,4,125458
gate_proj,1825,0,4,73848
up_proj,1825,0,4,70634
act_fn,1825,0,4,20739
down_proj,1825,0,4,68864
final_layernorm,1825,0,4,126258
lm_head,1825,0,4,640808
embedding,1826,0,4,50873
input_layernorm,1826,0,4,126598
q_proj,1826,0,4,22035
k_proj,1826,0,4,12537
v_proj,1826,0,4,12725
rope,1826,0,4,52567
attn,1826,0,4,67002
o_proj,1826,0,4,22200
post_layernorm,1826,0,4,124692
gate_proj,1826,0,4,72977
up_proj,1826,0,4,70378
act_fn,1826,0,4,20783
down_proj,1826,0,4,68315
final_layernorm,1826,0,4,125556
lm_head,1826,0,4,640636
embedding,1827,0,4,51353
input_layernorm,1827,0,4,126397
q_proj,1827,0,4,21973
k_proj,1827,0,4,12886
v_proj,1827,0,4,13005
rope,1827,0,4,52336
attn,1827,0,4,67166
o_proj,1827,0,4,22180
post_layernorm,1827,0,4,124319
gate_proj,1827,0,4,72711
up_proj,1827,0,4,70234
act_fn,1827,0,4,20764
down_proj,1827,0,4,68124
final_layernorm,1827,0,4,125409
lm_head,1827,0,4,639532
embedding,1828,0,4,50844
input_layernorm,1828,0,4,126972
q_proj,1828,0,4,22063
k_proj,1828,0,4,12504
v_proj,1828,0,4,12865
rope,1828,0,4,52811
attn,1828,0,4,67007
o_proj,1828,0,4,22244
post_layernorm,1828,0,4,125058
gate_proj,1828,0,4,73174
up_proj,1828,0,4,70458
act_fn,1828,0,4,20738
down_proj,1828,0,4,68521
final_layernorm,1828,0,4,125940
lm_head,1828,0,4,640336
embedding,1829,0,4,50838
input_layernorm,1829,0,4,126611
q_proj,1829,0,4,22007
k_proj,1829,0,4,12608
v_proj,1829,0,4,12931
rope,1829,0,4,52377
attn,1829,0,4,67096
o_proj,1829,0,4,22211
post_layernorm,1829,0,4,124680
gate_proj,1829,0,4,72876
up_proj,1829,0,4,70328
act_fn,1829,0,4,20783
down_proj,1829,0,4,68322
final_layernorm,1829,0,4,125638
lm_head,1829,0,4,640250
embedding,1830,0,4,50812
input_layernorm,1830,0,4,127411
q_proj,1830,0,4,22091
k_proj,1830,0,4,12604
v_proj,1830,0,4,12701
rope,1830,0,4,52783
attn,1830,0,4,67245
o_proj,1830,0,4,22278
post_layernorm,1830,0,4,125299
gate_proj,1830,0,4,73173
up_proj,1830,0,4,70456
act_fn,1830,0,4,20789
down_proj,1830,0,4,68420
final_layernorm,1830,0,4,126082
lm_head,1830,0,4,640030
embedding,1831,0,4,50819
input_layernorm,1831,0,4,127289
q_proj,1831,0,4,22060
k_proj,1831,0,4,12424
v_proj,1831,0,4,12799
rope,1831,0,4,52751
attn,1831,0,4,67298
o_proj,1831,0,4,22231
post_layernorm,1831,0,4,125199
gate_proj,1831,0,4,73034
up_proj,1831,0,4,70437
act_fn,1831,0,4,20847
down_proj,1831,0,4,68420
final_layernorm,1831,0,4,126429
lm_head,1831,0,4,640260
embedding,1832,0,4,51888
input_layernorm,1832,0,4,127648
q_proj,1832,0,4,22167
k_proj,1832,0,4,12318
v_proj,1832,0,4,12601
rope,1832,0,4,53578
attn,1832,0,4,67726
o_proj,1832,0,4,22362
post_layernorm,1832,0,4,125859
gate_proj,1832,0,4,73764
up_proj,1832,0,4,70599
act_fn,1832,0,4,20844
down_proj,1832,0,4,68856
final_layernorm,1832,0,4,126411
lm_head,1832,0,4,640469
embedding,1833,0,4,51016
input_layernorm,1833,0,4,126898
q_proj,1833,0,4,22061
k_proj,1833,0,4,12296
v_proj,1833,0,4,12747
rope,1833,0,4,52649
attn,1833,0,4,67292
o_proj,1833,0,4,22246
post_layernorm,1833,0,4,124977
gate_proj,1833,0,4,73069
up_proj,1833,0,4,70418
act_fn,1833,0,4,20787
down_proj,1833,0,4,68365
final_layernorm,1833,0,4,126022
lm_head,1833,0,4,640077
embedding,1834,0,4,50901
input_layernorm,1834,0,4,127142
q_proj,1834,0,4,22045
k_proj,1834,0,4,12420
v_proj,1834,0,4,12480
rope,1834,0,4,52582
attn,1834,0,4,67240
o_proj,1834,0,4,22212
post_layernorm,1834,0,4,125167
gate_proj,1834,0,4,72927
up_proj,1834,0,4,70399
act_fn,1834,0,4,20887
down_proj,1834,0,4,68330
final_layernorm,1834,0,4,126024
lm_head,1834,0,4,639912
embedding,1835,0,4,50992
input_layernorm,1835,0,4,126874
q_proj,1835,0,4,22015
k_proj,1835,0,4,12477
v_proj,1835,0,4,12476
rope,1835,0,4,52411
attn,1835,0,4,67052
o_proj,1835,0,4,22167
post_layernorm,1835,0,4,124694
gate_proj,1835,0,4,72730
up_proj,1835,0,4,70330
act_fn,1835,0,4,20761
down_proj,1835,0,4,68303
final_layernorm,1835,0,4,126163
lm_head,1835,0,4,638675
embedding,1836,0,4,50966
input_layernorm,1836,0,4,127125
q_proj,1836,0,4,22001
k_proj,1836,0,4,12363
v_proj,1836,0,4,12428
rope,1836,0,4,52682
attn,1836,0,4,66923
o_proj,1836,0,4,22198
post_layernorm,1836,0,4,125010
gate_proj,1836,0,4,72689
up_proj,1836,0,4,70314
act_fn,1836,0,4,20975
down_proj,1836,0,4,68337
final_layernorm,1836,0,4,125968
lm_head,1836,0,4,639123
embedding,1837,0,4,51385
input_layernorm,1837,0,4,127677
q_proj,1837,0,4,22092
k_proj,1837,0,4,12181
v_proj,1837,0,4,12591
rope,1837,0,4,52920
attn,1837,0,4,67300
o_proj,1837,0,4,22260
post_layernorm,1837,0,4,125702
gate_proj,1837,0,4,73121
up_proj,1837,0,4,70480
act_fn,1837,0,4,20897
down_proj,1837,0,4,68490
final_layernorm,1837,0,4,126606
lm_head,1837,0,4,640519
embedding,1838,0,4,51520
input_layernorm,1838,0,4,128225
q_proj,1838,0,4,22235
k_proj,1838,0,4,12281
v_proj,1838,0,4,12224
rope,1838,0,4,53685
attn,1838,0,4,68782
o_proj,1838,0,4,22441
post_layernorm,1838,0,4,126476
gate_proj,1838,0,4,74030
up_proj,1838,0,4,70792
act_fn,1838,0,4,20899
down_proj,1838,0,4,69047
final_layernorm,1838,0,4,127556
lm_head,1838,0,4,640530
embedding,1839,0,4,51779
input_layernorm,1839,0,4,128154
q_proj,1839,0,4,22207
k_proj,1839,0,4,12029
v_proj,1839,0,4,12127
rope,1839,0,4,53521
attn,1839,0,4,67553
o_proj,1839,0,4,22392
post_layernorm,1839,0,4,126432
gate_proj,1839,0,4,73817
up_proj,1839,0,4,70738
act_fn,1839,0,4,21012
down_proj,1839,0,4,68960
final_layernorm,1839,0,4,127270
lm_head,1839,0,4,640900
embedding,1840,0,4,51692
input_layernorm,1840,0,4,128236
q_proj,1840,0,4,23307
k_proj,1840,0,4,12632
v_proj,1840,0,4,12281
rope,1840,0,4,53791
attn,1840,0,4,67926
o_proj,1840,0,4,23296
post_layernorm,1840,0,4,126512
gate_proj,1840,0,4,73669
up_proj,1840,0,4,70489
act_fn,1840,0,4,20976
down_proj,1840,0,4,72079
final_layernorm,1840,0,4,127337
lm_head,1840,0,4,640723
embedding,1841,0,4,51254
input_layernorm,1841,0,4,128161
q_proj,1841,0,4,22088
k_proj,1841,0,4,12124
v_proj,1841,0,4,11538
rope,1841,0,4,52901
attn,1841,0,4,66965
o_proj,1841,0,4,22257
post_layernorm,1841,0,4,126049
gate_proj,1841,0,4,73043
up_proj,1841,0,4,70517
act_fn,1841,0,4,20997
down_proj,1841,0,4,68469
final_layernorm,1841,0,4,127121
lm_head,1841,0,4,639821
embedding,1842,0,4,51404
input_layernorm,1842,0,4,128639
q_proj,1842,0,4,22186
k_proj,1842,0,4,11979
v_proj,1842,0,4,11829
rope,1842,0,4,53285
attn,1842,0,4,67458
o_proj,1842,0,4,22366
post_layernorm,1842,0,4,126636
gate_proj,1842,0,4,73658
up_proj,1842,0,4,70637
act_fn,1842,0,4,20997
down_proj,1842,0,4,68889
final_layernorm,1842,0,4,127349
lm_head,1842,0,4,640275
embedding,1843,0,4,50661
input_layernorm,1843,0,4,127608
q_proj,1843,0,4,22056
k_proj,1843,0,4,12163
v_proj,1843,0,4,11968
rope,1843,0,4,52638
attn,1843,0,4,67166
o_proj,1843,0,4,22253
post_layernorm,1843,0,4,125788
gate_proj,1843,0,4,73020
up_proj,1843,0,4,70463
act_fn,1843,0,4,21058
down_proj,1843,0,4,68450
final_layernorm,1843,0,4,126975
lm_head,1843,0,4,639549
embedding,1844,0,4,50802
input_layernorm,1844,0,4,127639
q_proj,1844,0,4,22056
k_proj,1844,0,4,12035
v_proj,1844,0,4,12159
rope,1844,0,4,52781
attn,1844,0,4,67182
o_proj,1844,0,4,22267
post_layernorm,1844,0,4,125608
gate_proj,1844,0,4,72885
up_proj,1844,0,4,70470
act_fn,1844,0,4,21062
down_proj,1844,0,4,68360
final_layernorm,1844,0,4,126874
lm_head,1844,0,4,639781
embedding,1845,0,4,51280
input_layernorm,1845,0,4,128198
q_proj,1845,0,4,22118
k_proj,1845,0,4,11895
v_proj,1845,0,4,11600
rope,1845,0,4,52931
attn,1845,0,4,66996
o_proj,1845,0,4,22301
post_layernorm,1845,0,4,126116
gate_proj,1845,0,4,73149
up_proj,1845,0,4,70529
act_fn,1845,0,4,21025
down_proj,1845,0,4,68562
final_layernorm,1845,0,4,127235
lm_head,1845,0,4,640549
embedding,1846,0,4,51308
input_layernorm,1846,0,4,127825
q_proj,1846,0,4,22057
k_proj,1846,0,4,12123
v_proj,1846,0,4,12047
rope,1846,0,4,52597
attn,1846,0,4,66989
o_proj,1846,0,4,22246
post_layernorm,1846,0,4,125967
gate_proj,1846,0,4,72957
up_proj,1846,0,4,70420
act_fn,1846,0,4,21116
down_proj,1846,0,4,68492
final_layernorm,1846,0,4,127094
lm_head,1846,0,4,640233
embedding,1847,0,4,51882
input_layernorm,1847,0,4,127838
q_proj,1847,0,4,22058
k_proj,1847,0,4,12025
v_proj,1847,0,4,11529
rope,1847,0,4,52565
attn,1847,0,4,66995
o_proj,1847,0,4,22237
post_layernorm,1847,0,4,125942
gate_proj,1847,0,4,72870
up_proj,1847,0,4,70431
act_fn,1847,0,4,21007
down_proj,1847,0,4,68422
final_layernorm,1847,0,4,127283
lm_head,1847,0,4,639970
embedding,1848,0,4,52217
input_layernorm,1848,0,4,128950
q_proj,1848,0,4,22212
k_proj,1848,0,4,12039
v_proj,1848,0,4,11366
rope,1848,0,4,53810
attn,1848,0,4,67889
o_proj,1848,0,4,22400
post_layernorm,1848,0,4,126780
gate_proj,1848,0,4,73785
up_proj,1848,0,4,70725
act_fn,1848,0,4,21082
down_proj,1848,0,4,68904
final_layernorm,1848,0,4,127907
lm_head,1848,0,4,641115
embedding,1849,0,4,51554
input_layernorm,1849,0,4,128246
q_proj,1849,0,4,22144
k_proj,1849,0,4,10984
v_proj,1849,0,4,10226
rope,1849,0,4,52882
attn,1849,0,4,67214
o_proj,1849,0,4,22320
post_layernorm,1849,0,4,126436
gate_proj,1849,0,4,73165
up_proj,1849,0,4,70551
act_fn,1849,0,4,21159
down_proj,1849,0,4,68565
final_layernorm,1849,0,4,127502
lm_head,1849,0,4,640096
embedding,1850,0,4,51716
input_layernorm,1850,0,4,128547
q_proj,1850,0,4,22140
k_proj,1850,0,4,10953
v_proj,1850,0,4,10258
rope,1850,0,4,52949
attn,1850,0,4,67461
o_proj,1850,0,4,22307
post_layernorm,1850,0,4,126700
gate_proj,1850,0,4,73267
up_proj,1850,0,4,70595
act_fn,1850,0,4,21108
down_proj,1850,0,4,68628
final_layernorm,1850,0,4,127816
lm_head,1850,0,4,640170
embedding,1851,0,4,52080
input_layernorm,1851,0,4,128994
q_proj,1851,0,4,22177
k_proj,1851,0,4,10963
v_proj,1851,0,4,10308
rope,1851,0,4,53428
attn,1851,0,4,67649
o_proj,1851,0,4,22352
post_layernorm,1851,0,4,127083
gate_proj,1851,0,4,73468
up_proj,1851,0,4,70660
act_fn,1851,0,4,21230
down_proj,1851,0,4,68780
final_layernorm,1851,0,4,128019
lm_head,1851,0,4,641296
embedding,1852,0,4,52055
input_layernorm,1852,0,4,128887
q_proj,1852,0,4,22163
k_proj,1852,0,4,11032
v_proj,1852,0,4,10308
rope,1852,0,4,53493
attn,1852,0,4,67543
o_proj,1852,0,4,22335
post_layernorm,1852,0,4,127020
gate_proj,1852,0,4,73356
up_proj,1852,0,4,70672
act_fn,1852,0,4,21144
down_proj,1852,0,4,68729
final_layernorm,1852,0,4,127870
lm_head,1852,0,4,640355
embedding,1853,0,4,52153
input_layernorm,1853,0,4,129207
q_proj,1853,0,4,22172
k_proj,1853,0,4,10987
v_proj,1853,0,4,10260
rope,1853,0,4,53278
attn,1853,0,4,67466
o_proj,1853,0,4,22350
post_layernorm,1853,0,4,126851
gate_proj,1853,0,4,73378
up_proj,1853,0,4,70603
act_fn,1853,0,4,21175
down_proj,1853,0,4,68706
final_layernorm,1853,0,4,128125
lm_head,1853,0,4,640486
embedding,1854,0,4,51490
input_layernorm,1854,0,4,128282
q_proj,1854,0,4,22056
k_proj,1854,0,4,10915
v_proj,1854,0,4,10247
rope,1854,0,4,52601
attn,1854,0,4,67616
o_proj,1854,0,4,22225
post_layernorm,1854,0,4,126094
gate_proj,1854,0,4,72802
up_proj,1854,0,4,70455
act_fn,1854,0,4,21309
down_proj,1854,0,4,68416
final_layernorm,1854,0,4,127379
lm_head,1854,0,4,639514
embedding,1855,0,4,51717
input_layernorm,1855,0,4,128191
q_proj,1855,0,4,22093
k_proj,1855,0,4,10928
v_proj,1855,0,4,10295
rope,1855,0,4,52898
attn,1855,0,4,67016
o_proj,1855,0,4,22275
post_layernorm,1855,0,4,126534
gate_proj,1855,0,4,72995
up_proj,1855,0,4,70522
act_fn,1855,0,4,21240
down_proj,1855,0,4,68465
final_layernorm,1855,0,4,127809
lm_head,1855,0,4,639925
embedding,1856,0,4,52901
input_layernorm,1856,0,4,129386
q_proj,1856,0,4,24136
k_proj,1856,0,4,11102
v_proj,1856,0,4,10310
rope,1856,0,4,54185
attn,1856,0,4,67840
o_proj,1856,0,4,24329
post_layernorm,1856,0,4,127940
gate_proj,1856,0,4,77694
up_proj,1856,0,4,74221
act_fn,1856,0,4,21113
down_proj,1856,0,4,75898
final_layernorm,1856,0,4,128433
lm_head,1856,0,4,637958
embedding,1857,0,4,51962
input_layernorm,1857,0,4,129084
q_proj,1857,0,4,23196
k_proj,1857,0,4,11014
v_proj,1857,0,4,10138
rope,1857,0,4,53257
attn,1857,0,4,69918
o_proj,1857,0,4,22813
post_layernorm,1857,0,4,127522
gate_proj,1857,0,4,73299
up_proj,1857,0,4,70637
act_fn,1857,0,4,21280
down_proj,1857,0,4,70419
final_layernorm,1857,0,4,128299
lm_head,1857,0,4,640523
embedding,1858,0,4,51579
input_layernorm,1858,0,4,128786
q_proj,1858,0,4,23162
k_proj,1858,0,4,10944
v_proj,1858,0,4,10103
rope,1858,0,4,52988
attn,1858,0,4,69744
o_proj,1858,0,4,22782
post_layernorm,1858,0,4,127076
gate_proj,1858,0,4,73125
up_proj,1858,0,4,70582
act_fn,1858,0,4,21292
down_proj,1858,0,4,70421
final_layernorm,1858,0,4,128349
lm_head,1858,0,4,640132
embedding,1859,0,4,51862
input_layernorm,1859,0,4,128607
q_proj,1859,0,4,23146
k_proj,1859,0,4,10894
v_proj,1859,0,4,10093
rope,1859,0,4,52769
attn,1859,0,4,67491
o_proj,1859,0,4,22755
post_layernorm,1859,0,4,126754
gate_proj,1859,0,4,72984
up_proj,1859,0,4,70582
act_fn,1859,0,4,21338
down_proj,1859,0,4,70264
final_layernorm,1859,0,4,128099
lm_head,1859,0,4,639617
embedding,1860,0,4,51357
input_layernorm,1860,0,4,128721
q_proj,1860,0,4,23116
k_proj,1860,0,4,10889
v_proj,1860,0,4,10103
rope,1860,0,4,53017
attn,1860,0,4,65826
o_proj,1860,0,4,22741
post_layernorm,1860,0,4,126616
gate_proj,1860,0,4,72911
up_proj,1860,0,4,70503
act_fn,1860,0,4,21376
down_proj,1860,0,4,70180
final_layernorm,1860,0,4,127916
lm_head,1860,0,4,639802
embedding,1861,0,4,52485
input_layernorm,1861,0,4,129897
q_proj,1861,0,4,23319
k_proj,1861,0,4,11046
v_proj,1861,0,4,10206
rope,1861,0,4,53787
attn,1861,0,4,69226
o_proj,1861,0,4,22945
post_layernorm,1861,0,4,128134
gate_proj,1861,0,4,73979
up_proj,1861,0,4,70905
act_fn,1861,0,4,21376
down_proj,1861,0,4,70897
final_layernorm,1861,0,4,129090
lm_head,1861,0,4,641014
embedding,1862,0,4,52316
input_layernorm,1862,0,4,129517
q_proj,1862,0,4,23194
k_proj,1862,0,4,10863
v_proj,1862,0,4,10115
rope,1862,0,4,53260
attn,1862,0,4,69006
o_proj,1862,0,4,22831
post_layernorm,1862,0,4,127642
gate_proj,1862,0,4,73135
up_proj,1862,0,4,70615
act_fn,1862,0,4,21396
down_proj,1862,0,4,70353
final_layernorm,1862,0,4,128903
lm_head,1862,0,4,640407
embedding,1863,0,4,51891
input_layernorm,1863,0,4,129264
q_proj,1863,0,4,23199
k_proj,1863,0,4,10945
v_proj,1863,0,4,10120
rope,1863,0,4,53027
attn,1863,0,4,68676
o_proj,1863,0,4,22810
post_layernorm,1863,0,4,127260
gate_proj,1863,0,4,73141
up_proj,1863,0,4,70673
act_fn,1863,0,4,21394
down_proj,1863,0,4,70446
final_layernorm,1863,0,4,128719
lm_head,1863,0,4,640051
embedding,1864,0,4,52267
input_layernorm,1864,0,4,129540
q_proj,1864,0,4,23268
k_proj,1864,0,4,10995
v_proj,1864,0,4,10144
rope,1864,0,4,53733
attn,1864,0,4,68780
o_proj,1864,0,4,22914
post_layernorm,1864,0,4,127774
gate_proj,1864,0,4,73491
up_proj,1864,0,4,70733
act_fn,1864,0,4,21431
down_proj,1864,0,4,70629
final_layernorm,1864,0,4,128854
lm_head,1864,0,4,640747
embedding,1865,0,4,51939
input_layernorm,1865,0,4,129457
q_proj,1865,0,4,23206
k_proj,1865,0,4,11022
v_proj,1865,0,4,10135
rope,1865,0,4,53242
attn,1865,0,4,70021
o_proj,1865,0,4,22835
post_layernorm,1865,0,4,127469
gate_proj,1865,0,4,73271
up_proj,1865,0,4,70703
act_fn,1865,0,4,21464
down_proj,1865,0,4,70405
final_layernorm,1865,0,4,128826
lm_head,1865,0,4,640357
embedding,1866,0,4,51544
input_layernorm,1866,0,4,129611
q_proj,1866,0,4,23204
k_proj,1866,0,4,10977
v_proj,1866,0,4,10154
rope,1866,0,4,53353
attn,1866,0,4,69985
o_proj,1866,0,4,22838
post_layernorm,1866,0,4,127575
gate_proj,1866,0,4,73298
up_proj,1866,0,4,70723
act_fn,1866,0,4,21410
down_proj,1866,0,4,70400
final_layernorm,1866,0,4,128733
lm_head,1866,0,4,640374
embedding,1867,0,4,51718
input_layernorm,1867,0,4,129342
q_proj,1867,0,4,23168
k_proj,1867,0,4,10938
v_proj,1867,0,4,10147
rope,1867,0,4,53214
attn,1867,0,4,69698
o_proj,1867,0,4,22814
post_layernorm,1867,0,4,127554
gate_proj,1867,0,4,73232
up_proj,1867,0,4,70711
act_fn,1867,0,4,21468
down_proj,1867,0,4,70429
final_layernorm,1867,0,4,128754
lm_head,1867,0,4,640121
embedding,1868,0,4,52261
input_layernorm,1868,0,4,130018
q_proj,1868,0,4,23282
k_proj,1868,0,4,11002
v_proj,1868,0,4,10182
rope,1868,0,4,53860
attn,1868,0,4,70238
o_proj,1868,0,4,22935
post_layernorm,1868,0,4,128442
gate_proj,1868,0,4,73613
up_proj,1868,0,4,70822
act_fn,1868,0,4,21476
down_proj,1868,0,4,70756
final_layernorm,1868,0,4,129629
lm_head,1868,0,4,640932
embedding,1869,0,4,52433
input_layernorm,1869,0,4,130057
q_proj,1869,0,4,23262
k_proj,1869,0,4,11059
v_proj,1869,0,4,10180
rope,1869,0,4,53752
attn,1869,0,4,68113
o_proj,1869,0,4,22890
post_layernorm,1869,0,4,128125
gate_proj,1869,0,4,73539
up_proj,1869,0,4,70803
act_fn,1869,0,4,21532
down_proj,1869,0,4,70610
final_layernorm,1869,0,4,129546
lm_head,1869,0,4,640887
embedding,1870,0,4,52591
input_layernorm,1870,0,4,130601
q_proj,1870,0,4,23383
k_proj,1870,0,4,11138
v_proj,1870,0,4,10193
rope,1870,0,4,54347
attn,1870,0,4,68791
o_proj,1870,0,4,22997
post_layernorm,1870,0,4,128905
gate_proj,1870,0,4,74049
up_proj,1870,0,4,71017
act_fn,1870,0,4,21550
down_proj,1870,0,4,71012
final_layernorm,1870,0,4,129940
lm_head,1870,0,4,641224
embedding,1871,0,4,51628
input_layernorm,1871,0,4,129766
q_proj,1871,0,4,23184
k_proj,1871,0,4,10946
v_proj,1871,0,4,10152
rope,1871,0,4,53339
attn,1871,0,4,66718
o_proj,1871,0,4,22828
post_layernorm,1871,0,4,127720
gate_proj,1871,0,4,73181
up_proj,1871,0,4,70722
act_fn,1871,0,4,21536
down_proj,1871,0,4,70398
final_layernorm,1871,0,4,129337
lm_head,1871,0,4,640244
embedding,1872,0,4,51684
input_layernorm,1872,0,4,129546
q_proj,1872,0,4,23189
k_proj,1872,0,4,12905
v_proj,1872,0,4,12722
rope,1872,0,4,53561
attn,1872,0,4,67071
o_proj,1872,0,4,23209
post_layernorm,1872,0,4,127893
gate_proj,1872,0,4,72652
up_proj,1872,0,4,70339
act_fn,1872,0,4,21438
down_proj,1872,0,4,71554
final_layernorm,1872,0,4,129503
lm_head,1872,0,4,640336
embedding,1873,0,4,52702
input_layernorm,1873,0,4,130702
q_proj,1873,0,4,23341
k_proj,1873,0,4,13073
v_proj,1873,0,4,12644
rope,1873,0,4,54208
attn,1873,0,4,69636
o_proj,1873,0,4,23302
post_layernorm,1873,0,4,129213
gate_proj,1873,0,4,73789
up_proj,1873,0,4,70908
act_fn,1873,0,4,21601
down_proj,1873,0,4,72024
final_layernorm,1873,0,4,130355
lm_head,1873,0,4,632975
embedding,1874,0,4,52166
input_layernorm,1874,0,4,130164
q_proj,1874,0,4,23244
k_proj,1874,0,4,13037
v_proj,1874,0,4,12644
rope,1874,0,4,53406
attn,1874,0,4,68976
o_proj,1874,0,4,23202
post_layernorm,1874,0,4,128357
gate_proj,1874,0,4,73214
up_proj,1874,0,4,70735
act_fn,1874,0,4,21605
down_proj,1874,0,4,71715
final_layernorm,1874,0,4,129671
lm_head,1874,0,4,632419
embedding,1875,0,4,51692
input_layernorm,1875,0,4,130249
q_proj,1875,0,4,23185
k_proj,1875,0,4,12916
v_proj,1875,0,4,12475
rope,1875,0,4,53204
attn,1875,0,4,68470
o_proj,1875,0,4,23193
post_layernorm,1875,0,4,128028
gate_proj,1875,0,4,72932
up_proj,1875,0,4,70658
act_fn,1875,0,4,21606
down_proj,1875,0,4,71569
final_layernorm,1875,0,4,129416
lm_head,1875,0,4,631970
embedding,1876,0,4,51840
input_layernorm,1876,0,4,130160
q_proj,1876,0,4,23221
k_proj,1876,0,4,13107
v_proj,1876,0,4,12730
rope,1876,0,4,53617
attn,1876,0,4,68844
o_proj,1876,0,4,23208
post_layernorm,1876,0,4,128675
gate_proj,1876,0,4,73157
up_proj,1876,0,4,70742
act_fn,1876,0,4,21621
down_proj,1876,0,4,71637
final_layernorm,1876,0,4,129847
lm_head,1876,0,4,632420
embedding,1877,0,4,52893
input_layernorm,1877,0,4,131013
q_proj,1877,0,4,23333
k_proj,1877,0,4,13004
v_proj,1877,0,4,12567
rope,1877,0,4,54180
attn,1877,0,4,69414
o_proj,1877,0,4,23294
post_layernorm,1877,0,4,129207
gate_proj,1877,0,4,73596
up_proj,1877,0,4,70877
act_fn,1877,0,4,21694
down_proj,1877,0,4,71973
final_layernorm,1877,0,4,130551
lm_head,1877,0,4,632884
embedding,1878,0,4,53425
input_layernorm,1878,0,4,131551
q_proj,1878,0,4,23391
k_proj,1878,0,4,12924
v_proj,1878,0,4,12658
rope,1878,0,4,54517
attn,1878,0,4,69846
o_proj,1878,0,4,23333
post_layernorm,1878,0,4,129939
gate_proj,1878,0,4,73819
up_proj,1878,0,4,70969
act_fn,1878,0,4,21704
down_proj,1878,0,4,72113
final_layernorm,1878,0,4,130964
lm_head,1878,0,4,633219
embedding,1879,0,4,53185
input_layernorm,1879,0,4,131653
q_proj,1879,0,4,23409
k_proj,1879,0,4,13068
v_proj,1879,0,4,12582
rope,1879,0,4,54575
attn,1879,0,4,69962
o_proj,1879,0,4,23396
post_layernorm,1879,0,4,129970
gate_proj,1879,0,4,74057
up_proj,1879,0,4,71050
act_fn,1879,0,4,21587
down_proj,1879,0,4,72240
final_layernorm,1879,0,4,131265
lm_head,1879,0,4,633769
embedding,1880,0,4,52536
input_layernorm,1880,0,4,130471
q_proj,1880,0,4,23215
k_proj,1880,0,4,12879
v_proj,1880,0,4,12567
rope,1880,0,4,53636
attn,1880,0,4,68608
o_proj,1880,0,4,23236
post_layernorm,1880,0,4,128434
gate_proj,1880,0,4,73228
up_proj,1880,0,4,70844
act_fn,1880,0,4,21720
down_proj,1880,0,4,71804
final_layernorm,1880,0,4,129807
lm_head,1880,0,4,632653
embedding,1881,0,4,52589
input_layernorm,1881,0,4,130583
q_proj,1881,0,4,23243
k_proj,1881,0,4,12942
v_proj,1881,0,4,12599
rope,1881,0,4,53664
attn,1881,0,4,68440
o_proj,1881,0,4,23252
post_layernorm,1881,0,4,128823
gate_proj,1881,0,4,73272
up_proj,1881,0,4,70825
act_fn,1881,0,4,21746
down_proj,1881,0,4,71875
final_layernorm,1881,0,4,130306
lm_head,1881,0,4,632926
embedding,1882,0,4,53523
input_layernorm,1882,0,4,131592
q_proj,1882,0,4,23412
k_proj,1882,0,4,12969
v_proj,1882,0,4,12578
rope,1882,0,4,54621
attn,1882,0,4,69708
o_proj,1882,0,4,23371
post_layernorm,1882,0,4,129916
gate_proj,1882,0,4,74018
up_proj,1882,0,4,71063
act_fn,1882,0,4,21740
down_proj,1882,0,4,72216
final_layernorm,1882,0,4,131417
lm_head,1882,0,4,634045
embedding,1883,0,4,53492
input_layernorm,1883,0,4,131860
q_proj,1883,0,4,23368
k_proj,1883,0,4,12874
v_proj,1883,0,4,12577
rope,1883,0,4,54465
attn,1883,0,4,69862
o_proj,1883,0,4,23373
post_layernorm,1883,0,4,129944
gate_proj,1883,0,4,73930
up_proj,1883,0,4,71049
act_fn,1883,0,4,21726
down_proj,1883,0,4,72195
final_layernorm,1883,0,4,131134
lm_head,1883,0,4,633985
embedding,1884,0,4,52857
input_layernorm,1884,0,4,131097
q_proj,1884,0,4,23230
k_proj,1884,0,4,12969
v_proj,1884,0,4,12578
rope,1884,0,4,53802
attn,1884,0,4,68536
o_proj,1884,0,4,23255
post_layernorm,1884,0,4,129005
gate_proj,1884,0,4,73363
up_proj,1884,0,4,70876
act_fn,1884,0,4,21758
down_proj,1884,0,4,71918
final_layernorm,1884,0,4,130309
lm_head,1884,0,4,633226
embedding,1885,0,4,52487
input_layernorm,1885,0,4,131101
q_proj,1885,0,4,23305
k_proj,1885,0,4,12895
v_proj,1885,0,4,12562
rope,1885,0,4,53882
attn,1885,0,4,68897
o_proj,1885,0,4,23264
post_layernorm,1885,0,4,129343
gate_proj,1885,0,4,73420
up_proj,1885,0,4,70886
act_fn,1885,0,4,21747
down_proj,1885,0,4,71788
final_layernorm,1885,0,4,130834
lm_head,1885,0,4,633450
embedding,1886,0,4,53788
input_layernorm,1886,0,4,132168
q_proj,1886,0,4,23436
k_proj,1886,0,4,12863
v_proj,1886,0,4,12548
rope,1886,0,4,54652
attn,1886,0,4,70178
o_proj,1886,0,4,23407
post_layernorm,1886,0,4,130730
gate_proj,1886,0,4,74133
up_proj,1886,0,4,71137
act_fn,1886,0,4,21811
down_proj,1886,0,4,72333
final_layernorm,1886,0,4,131956
lm_head,1886,0,4,634323
embedding,1887,0,4,52819
input_layernorm,1887,0,4,130722
q_proj,1887,0,4,23211
k_proj,1887,0,4,12969
v_proj,1887,0,4,12667
rope,1887,0,4,53365
attn,1887,0,4,68947
o_proj,1887,0,4,23206
post_layernorm,1887,0,4,128930
gate_proj,1887,0,4,73086
up_proj,1887,0,4,70761
act_fn,1887,0,4,21810
down_proj,1887,0,4,71716
final_layernorm,1887,0,4,130663
lm_head,1887,0,4,633033
embedding,1888,0,4,52491
input_layernorm,1888,0,4,130539
q_proj,1888,0,4,23217
k_proj,1888,0,4,10846
v_proj,1888,0,4,9665
rope,1888,0,4,53760
attn,1888,0,4,69162
o_proj,1888,0,4,23248
post_layernorm,1888,0,4,128978
gate_proj,1888,0,4,76815
up_proj,1888,0,4,73950
act_fn,1888,0,4,21673
down_proj,1888,0,4,71803
final_layernorm,1888,0,4,130467
lm_head,1888,0,4,633067
embedding,1889,0,4,52884
input_layernorm,1889,0,4,131360
q_proj,1889,0,4,23239
k_proj,1889,0,4,12495
v_proj,1889,0,4,12308
rope,1889,0,4,53680
attn,1889,0,4,68875
o_proj,1889,0,4,23254
post_layernorm,1889,0,4,129350
gate_proj,1889,0,4,73313
up_proj,1889,0,4,70853
act_fn,1889,0,4,21836
down_proj,1889,0,4,71825
final_layernorm,1889,0,4,130957
lm_head,1889,0,4,633322
embedding,1890,0,4,53118
input_layernorm,1890,0,4,131338
q_proj,1890,0,4,23247
k_proj,1890,0,4,12603
v_proj,1890,0,4,12287
rope,1890,0,4,53855
attn,1890,0,4,69516
o_proj,1890,0,4,23231
post_layernorm,1890,0,4,129552
gate_proj,1890,0,4,73392
up_proj,1890,0,4,70913
act_fn,1890,0,4,21858
down_proj,1890,0,4,71829
final_layernorm,1890,0,4,131287
lm_head,1890,0,4,633606
embedding,1891,0,4,52551
input_layernorm,1891,0,4,131697
q_proj,1891,0,4,23295
k_proj,1891,0,4,12744
v_proj,1891,0,4,12348
rope,1891,0,4,53887
attn,1891,0,4,68979
o_proj,1891,0,4,23288
post_layernorm,1891,0,4,129652
gate_proj,1891,0,4,73396
up_proj,1891,0,4,70910
act_fn,1891,0,4,21848
down_proj,1891,0,4,71949
final_layernorm,1891,0,4,131230
lm_head,1891,0,4,633847
embedding,1892,0,4,52852
input_layernorm,1892,0,4,131723
q_proj,1892,0,4,23216
k_proj,1892,0,4,12627
v_proj,1892,0,4,12222
rope,1892,0,4,53755
attn,1892,0,4,67906
o_proj,1892,0,4,23223
post_layernorm,1892,0,4,129465
gate_proj,1892,0,4,73097
up_proj,1892,0,4,70801
act_fn,1892,0,4,21843
down_proj,1892,0,4,71771
final_layernorm,1892,0,4,130862
lm_head,1892,0,4,633378
embedding,1893,0,4,52746
input_layernorm,1893,0,4,131494
q_proj,1893,0,4,23241
k_proj,1893,0,4,12341
v_proj,1893,0,4,12231
rope,1893,0,4,53729
attn,1893,0,4,68379
o_proj,1893,0,4,23253
post_layernorm,1893,0,4,129629
gate_proj,1893,0,4,73261
up_proj,1893,0,4,70873
act_fn,1893,0,4,21923
down_proj,1893,0,4,71872
final_layernorm,1893,0,4,131046
lm_head,1893,0,4,633955
embedding,1894,0,4,53034
input_layernorm,1894,0,4,131680
q_proj,1894,0,4,23251
k_proj,1894,0,4,12510
v_proj,1894,0,4,12205
rope,1894,0,4,53682
attn,1894,0,4,68570
o_proj,1894,0,4,23227
post_layernorm,1894,0,4,129571
gate_proj,1894,0,4,73129
up_proj,1894,0,4,70834
act_fn,1894,0,4,21860
down_proj,1894,0,4,71763
final_layernorm,1894,0,4,131213
lm_head,1894,0,4,633539
embedding,1895,0,4,52659
input_layernorm,1895,0,4,131501
q_proj,1895,0,4,23249
k_proj,1895,0,4,12520
v_proj,1895,0,4,12170
rope,1895,0,4,53717
attn,1895,0,4,68308
o_proj,1895,0,4,23271
post_layernorm,1895,0,4,129664
gate_proj,1895,0,4,73302
up_proj,1895,0,4,70903
act_fn,1895,0,4,21926
down_proj,1895,0,4,71962
final_layernorm,1895,0,4,131192
lm_head,1895,0,4,633802
embedding,1896,0,4,53002
input_layernorm,1896,0,4,131661
q_proj,1896,0,4,23306
k_proj,1896,0,4,12568
v_proj,1896,0,4,12178
rope,1896,0,4,54146
attn,1896,0,4,69307
o_proj,1896,0,4,23322
post_layernorm,1896,0,4,129757
gate_proj,1896,0,4,73534
up_proj,1896,0,4,70979
act_fn,1896,0,4,22004
down_proj,1896,0,4,71983
final_layernorm,1896,0,4,131442
lm_head,1896,0,4,634138
embedding,1897,0,4,52910
input_layernorm,1897,0,4,132378
q_proj,1897,0,4,23358
k_proj,1897,0,4,12292
v_proj,1897,0,4,12041
rope,1897,0,4,54316
attn,1897,0,4,69250
o_proj,1897,0,4,23371
post_layernorm,1897,0,4,130639
gate_proj,1897,0,4,73834
up_proj,1897,0,4,71045
act_fn,1897,0,4,21983
down_proj,1897,0,4,72219
final_layernorm,1897,0,4,131991
lm_head,1897,0,4,634674
embedding,1898,0,4,53327
input_layernorm,1898,0,4,132845
q_proj,1898,0,4,23394
k_proj,1898,0,4,12323
v_proj,1898,0,4,12112
rope,1898,0,4,54546
attn,1898,0,4,69252
o_proj,1898,0,4,23368
post_layernorm,1898,0,4,130847
gate_proj,1898,0,4,73767
up_proj,1898,0,4,71064
act_fn,1898,0,4,21884
down_proj,1898,0,4,72147
final_layernorm,1898,0,4,132166
lm_head,1898,0,4,634743
embedding,1899,0,4,53051
input_layernorm,1899,0,4,131812
q_proj,1899,0,4,23309
k_proj,1899,0,4,12471
v_proj,1899,0,4,12075
rope,1899,0,4,54049
attn,1899,0,4,68503
o_proj,1899,0,4,23287
post_layernorm,1899,0,4,130195
gate_proj,1899,0,4,73355
up_proj,1899,0,4,70956
act_fn,1899,0,4,21983
down_proj,1899,0,4,71862
final_layernorm,1899,0,4,131691
lm_head,1899,0,4,634514
embedding,1900,0,4,53290
input_layernorm,1900,0,4,132401
q_proj,1900,0,4,23328
k_proj,1900,0,4,12296
v_proj,1900,0,4,11991
rope,1900,0,4,54322
attn,1900,0,4,68782
o_proj,1900,0,4,23332
post_layernorm,1900,0,4,130641
gate_proj,1900,0,4,73557
up_proj,1900,0,4,71024
act_fn,1900,0,4,22005
down_proj,1900,0,4,72136
final_layernorm,1900,0,4,131989
lm_head,1900,0,4,634572
embedding,1901,0,4,54112
input_layernorm,1901,0,4,133114
q_proj,1901,0,4,23452
k_proj,1901,0,4,12115
v_proj,1901,0,4,11980
rope,1901,0,4,54860
attn,1901,0,4,69284
o_proj,1901,0,4,23443
post_layernorm,1901,0,4,131564
gate_proj,1901,0,4,74103
up_proj,1901,0,4,71146
act_fn,1901,0,4,22026
down_proj,1901,0,4,72371
final_layernorm,1901,0,4,132694
lm_head,1901,0,4,635132
embedding,1902,0,4,53637
input_layernorm,1902,0,4,132969
q_proj,1902,0,4,23404
k_proj,1902,0,4,12125
v_proj,1902,0,4,11935
rope,1902,0,4,54754
attn,1902,0,4,69640
o_proj,1902,0,4,23390
post_layernorm,1902,0,4,131386
gate_proj,1902,0,4,73791
up_proj,1902,0,4,71166
act_fn,1902,0,4,21982
down_proj,1902,0,4,72195
final_layernorm,1902,0,4,132734
lm_head,1902,0,4,635103
embedding,1903,0,4,53137
input_layernorm,1903,0,4,132738
q_proj,1903,0,4,23335
k_proj,1903,0,4,12241
v_proj,1903,0,4,11887
rope,1903,0,4,54373
attn,1903,0,4,69050
o_proj,1903,0,4,23363
post_layernorm,1903,0,4,131033
gate_proj,1903,0,4,73565
up_proj,1903,0,4,71043
act_fn,1903,0,4,21971
down_proj,1903,0,4,72216
final_layernorm,1903,0,4,132336
lm_head,1903,0,4,634877
embedding,1904,0,4,53193
input_layernorm,1904,0,4,132269
q_proj,1904,0,4,23333
k_proj,1904,0,4,12201
v_proj,1904,0,4,11868
rope,1904,0,4,54429
attn,1904,0,4,68158
o_proj,1904,0,4,23324
post_layernorm,1904,0,4,130553
gate_proj,1904,0,4,72868
up_proj,1904,0,4,70610
act_fn,1904,0,4,21866
down_proj,1904,0,4,71997
final_layernorm,1904,0,4,132045
lm_head,1904,0,4,634787
embedding,1905,0,4,53199
input_layernorm,1905,0,4,132929
q_proj,1905,0,4,23365
k_proj,1905,0,4,12167
v_proj,1905,0,4,11859
rope,1905,0,4,54161
attn,1905,0,4,69156
o_proj,1905,0,4,23369
post_layernorm,1905,0,4,131186
gate_proj,1905,0,4,77277
up_proj,1905,0,4,74216
act_fn,1905,0,4,21749
down_proj,1905,0,4,72257
final_layernorm,1905,0,4,132318
lm_head,1905,0,4,635247
embedding,1906,0,4,53122
input_layernorm,1906,0,4,133366
q_proj,1906,0,4,23373
k_proj,1906,0,4,12100
v_proj,1906,0,4,11869
rope,1906,0,4,54493
attn,1906,0,4,69158
o_proj,1906,0,4,23363
post_layernorm,1906,0,4,131525
gate_proj,1906,0,4,77227
up_proj,1906,0,4,74084
act_fn,1906,0,4,21818
down_proj,1906,0,4,72140
final_layernorm,1906,0,4,132775
lm_head,1906,0,4,635122
embedding,1907,0,4,53746
input_layernorm,1907,0,4,133755
q_proj,1907,0,4,23497
k_proj,1907,0,4,12057
v_proj,1907,0,4,11844
rope,1907,0,4,55024
attn,1907,0,4,69704
o_proj,1907,0,4,23480
post_layernorm,1907,0,4,131927
gate_proj,1907,0,4,78003
up_proj,1907,0,4,74499
act_fn,1907,0,4,21757
down_proj,1907,0,4,72581
final_layernorm,1907,0,4,133460
lm_head,1907,0,4,635995
embedding,1908,0,4,53613
input_layernorm,1908,0,4,133168
q_proj,1908,0,4,23377
k_proj,1908,0,4,11948
v_proj,1908,0,4,11638
rope,1908,0,4,54476
attn,1908,0,4,68878
o_proj,1908,0,4,23339
post_layernorm,1908,0,4,131386
gate_proj,1908,0,4,77312
up_proj,1908,0,4,74030
act_fn,1908,0,4,21816
down_proj,1908,0,4,72136
final_layernorm,1908,0,4,132632
lm_head,1908,0,4,635503
embedding,1909,0,4,53443
input_layernorm,1909,0,4,133400
q_proj,1909,0,4,23398
k_proj,1909,0,4,12012
v_proj,1909,0,4,11780
rope,1909,0,4,54648
attn,1909,0,4,69682
o_proj,1909,0,4,23387
post_layernorm,1909,0,4,131521
gate_proj,1909,0,4,77451
up_proj,1909,0,4,74217
act_fn,1909,0,4,21821
down_proj,1909,0,4,72292
final_layernorm,1909,0,4,133103
lm_head,1909,0,4,635518
embedding,1910,0,4,53238
input_layernorm,1910,0,4,133484
q_proj,1910,0,4,23414
k_proj,1910,0,4,11897
v_proj,1910,0,4,11795
rope,1910,0,4,54507
attn,1910,0,4,69199
o_proj,1910,0,4,23430
post_layernorm,1910,0,4,131466
gate_proj,1910,0,4,77616
up_proj,1910,0,4,74346
act_fn,1910,0,4,21790
down_proj,1910,0,4,72437
final_layernorm,1910,0,4,132932
lm_head,1910,0,4,635757
embedding,1911,0,4,53326
input_layernorm,1911,0,4,133145
q_proj,1911,0,4,23371
k_proj,1911,0,4,11776
v_proj,1911,0,4,11523
rope,1911,0,4,54364
attn,1911,0,4,69457
o_proj,1911,0,4,23354
post_layernorm,1911,0,4,131353
gate_proj,1911,0,4,77322
up_proj,1911,0,4,74091
act_fn,1911,0,4,21813
down_proj,1911,0,4,72185
final_layernorm,1911,0,4,132887
lm_head,1911,0,4,635521
embedding,1912,0,4,54227
input_layernorm,1912,0,4,133829
q_proj,1912,0,4,23433
k_proj,1912,0,4,11731
v_proj,1912,0,4,11398
rope,1912,0,4,55066
attn,1912,0,4,69153
o_proj,1912,0,4,23428
post_layernorm,1912,0,4,131731
gate_proj,1912,0,4,77721
up_proj,1912,0,4,74338
act_fn,1912,0,4,21894
down_proj,1912,0,4,72404
final_layernorm,1912,0,4,133560
lm_head,1912,0,4,635875
embedding,1913,0,4,54460
input_layernorm,1913,0,4,134404
q_proj,1913,0,4,23560
k_proj,1913,0,4,11718
v_proj,1913,0,4,11428
rope,1913,0,4,55263
attn,1913,0,4,70227
o_proj,1913,0,4,23560
post_layernorm,1913,0,4,132472
gate_proj,1913,0,4,78335
up_proj,1913,0,4,74617
act_fn,1913,0,4,21854
down_proj,1913,0,4,72849
final_layernorm,1913,0,4,133812
lm_head,1913,0,4,636672
embedding,1914,0,4,54422
input_layernorm,1914,0,4,133955
q_proj,1914,0,4,23428
k_proj,1914,0,4,11740
v_proj,1914,0,4,11466
rope,1914,0,4,54821
attn,1914,0,4,69085
o_proj,1914,0,4,23415
post_layernorm,1914,0,4,132078
gate_proj,1914,0,4,77568
up_proj,1914,0,4,74172
act_fn,1914,0,4,21919
down_proj,1914,0,4,72245
final_layernorm,1914,0,4,133788
lm_head,1914,0,4,635860
embedding,1915,0,4,53869
input_layernorm,1915,0,4,133906
q_proj,1915,0,4,23423
k_proj,1915,0,4,11744
v_proj,1915,0,4,11401
rope,1915,0,4,54823
attn,1915,0,4,69117
o_proj,1915,0,4,23394
post_layernorm,1915,0,4,132116
gate_proj,1915,0,4,77662
up_proj,1915,0,4,74282
act_fn,1915,0,4,21895
down_proj,1915,0,4,72354
final_layernorm,1915,0,4,133547
lm_head,1915,0,4,636187
embedding,1916,0,4,54031
input_layernorm,1916,0,4,134002
q_proj,1916,0,4,23443
k_proj,1916,0,4,11666
v_proj,1916,0,4,11310
rope,1916,0,4,55042
attn,1916,0,4,69376
o_proj,1916,0,4,23438
post_layernorm,1916,0,4,132347
gate_proj,1916,0,4,77679
up_proj,1916,0,4,74308
act_fn,1916,0,4,21956
down_proj,1916,0,4,72331
final_layernorm,1916,0,4,133584
lm_head,1916,0,4,636092
embedding,1917,0,4,53608
input_layernorm,1917,0,4,133197
q_proj,1917,0,4,23275
k_proj,1917,0,4,11611
v_proj,1917,0,4,11282
rope,1917,0,4,53935
attn,1917,0,4,69348
o_proj,1917,0,4,23266
post_layernorm,1917,0,4,131078
gate_proj,1917,0,4,76870
up_proj,1917,0,4,74033
act_fn,1917,0,4,21912
down_proj,1917,0,4,72024
final_layernorm,1917,0,4,132856
lm_head,1917,0,4,635352
embedding,1918,0,4,53611
input_layernorm,1918,0,4,133250
q_proj,1918,0,4,23279
k_proj,1918,0,4,11576
v_proj,1918,0,4,11306
rope,1918,0,4,53958
attn,1918,0,4,68897
o_proj,1918,0,4,23267
post_layernorm,1918,0,4,131368
gate_proj,1918,0,4,76783
up_proj,1918,0,4,73987
act_fn,1918,0,4,21988
down_proj,1918,0,4,71961
final_layernorm,1918,0,4,132918
lm_head,1918,0,4,635086
embedding,1919,0,4,54594
input_layernorm,1919,0,4,134900
q_proj,1919,0,4,23526
k_proj,1919,0,4,11611
v_proj,1919,0,4,11221
rope,1919,0,4,55515
attn,1919,0,4,69662
o_proj,1919,0,4,23542
post_layernorm,1919,0,4,133259
gate_proj,1919,0,4,78199
up_proj,1919,0,4,74548
act_fn,1919,0,4,22037
down_proj,1919,0,4,72752
final_layernorm,1919,0,4,134350
lm_head,1919,0,4,636796
embedding,1920,0,4,53801
input_layernorm,1920,0,4,133352
q_proj,1920,0,4,24107
k_proj,1920,0,4,10945
v_proj,1920,0,4,9692
rope,1920,0,4,54676
attn,1920,0,4,64536
o_proj,1920,0,4,24304
post_layernorm,1920,0,4,131678
gate_proj,1920,0,4,77372
up_proj,1920,0,4,74273
act_fn,1920,0,4,22019
down_proj,1920,0,4,75593
final_layernorm,1920,0,4,133025
lm_head,1920,0,4,640797
embedding,1921,0,4,54194
input_layernorm,1921,0,4,134302
q_proj,1921,0,4,23443
k_proj,1921,0,4,13901
v_proj,1921,0,4,13951
rope,1921,0,4,55264
attn,1921,0,4,72449
o_proj,1921,0,4,23610
post_layernorm,1921,0,4,133081
gate_proj,1921,0,4,77189
up_proj,1921,0,4,74278
act_fn,1921,0,4,22188
down_proj,1921,0,4,73104
final_layernorm,1921,0,4,133985
lm_head,1921,0,4,651782
embedding,1922,0,4,53854
input_layernorm,1922,0,4,133288
q_proj,1922,0,4,23345
k_proj,1922,0,4,15241
v_proj,1922,0,4,15396
rope,1922,0,4,54479
attn,1922,0,4,71466
o_proj,1922,0,4,23544
post_layernorm,1922,0,4,131986
gate_proj,1922,0,4,76650
up_proj,1922,0,4,74035
act_fn,1922,0,4,22242
down_proj,1922,0,4,72706
final_layernorm,1922,0,4,133294
lm_head,1922,0,4,651432
embedding,1923,0,4,53176
input_layernorm,1923,0,4,133252
q_proj,1923,0,4,23259
k_proj,1923,0,4,13656
v_proj,1923,0,4,13869
rope,1923,0,4,54008
attn,1923,0,4,71371
o_proj,1923,0,4,23424
post_layernorm,1923,0,4,131745
gate_proj,1923,0,4,76207
up_proj,1923,0,4,73950
act_fn,1923,0,4,22209
down_proj,1923,0,4,72356
final_layernorm,1923,0,4,132957
lm_head,1923,0,4,651171
embedding,1924,0,4,53809
input_layernorm,1924,0,4,133734
q_proj,1924,0,4,23386
k_proj,1924,0,4,13591
v_proj,1924,0,4,13845
rope,1924,0,4,54779
attn,1924,0,4,71545
o_proj,1924,0,4,23534
post_layernorm,1924,0,4,132328
gate_proj,1924,0,4,76723
up_proj,1924,0,4,74112
act_fn,1924,0,4,22252
down_proj,1924,0,4,72764
final_layernorm,1924,0,4,133476
lm_head,1924,0,4,652031
embedding,1925,0,4,53169
input_layernorm,1925,0,4,133321
q_proj,1925,0,4,23288
k_proj,1925,0,4,15213
v_proj,1925,0,4,15335
rope,1925,0,4,54112
attn,1925,0,4,71408
o_proj,1925,0,4,23467
post_layernorm,1925,0,4,132034
gate_proj,1925,0,4,76368
up_proj,1925,0,4,73984
act_fn,1925,0,4,22292
down_proj,1925,0,4,72458
final_layernorm,1925,0,4,133297
lm_head,1925,0,4,651824
embedding,1926,0,4,54190
input_layernorm,1926,0,4,134448
q_proj,1926,0,4,23464
k_proj,1926,0,4,13536
v_proj,1926,0,4,13705
rope,1926,0,4,55266
attn,1926,0,4,72016
o_proj,1926,0,4,23643
post_layernorm,1926,0,4,133346
gate_proj,1926,0,4,77200
up_proj,1926,0,4,74265
act_fn,1926,0,4,22250
down_proj,1926,0,4,73051
final_layernorm,1926,0,4,134147
lm_head,1926,0,4,652428
embedding,1927,0,4,54690
input_layernorm,1927,0,4,134275
q_proj,1927,0,4,23461
k_proj,1927,0,4,13604
v_proj,1927,0,4,13786
rope,1927,0,4,55149
attn,1927,0,4,72171
o_proj,1927,0,4,23636
post_layernorm,1927,0,4,133258
gate_proj,1927,0,4,77278
up_proj,1927,0,4,74307
act_fn,1927,0,4,22306
down_proj,1927,0,4,73181
final_layernorm,1927,0,4,134404
lm_head,1927,0,4,652596
embedding,1928,0,4,54294
input_layernorm,1928,0,4,134312
q_proj,1928,0,4,23496
k_proj,1928,0,4,13215
v_proj,1928,0,4,13487
rope,1928,0,4,55462
attn,1928,0,4,72319
o_proj,1928,0,4,23662
post_layernorm,1928,0,4,133112
gate_proj,1928,0,4,77242
up_proj,1928,0,4,74271
act_fn,1928,0,4,22274
down_proj,1928,0,4,73171
final_layernorm,1928,0,4,133968
lm_head,1928,0,4,652538
embedding,1929,0,4,53785
input_layernorm,1929,0,4,133980
q_proj,1929,0,4,23405
k_proj,1929,0,4,13451
v_proj,1929,0,4,13611
rope,1929,0,4,54647
attn,1929,0,4,72042
o_proj,1929,0,4,23594
post_layernorm,1929,0,4,132746
gate_proj,1929,0,4,76937
up_proj,1929,0,4,74265
act_fn,1929,0,4,22317
down_proj,1929,0,4,72853
final_layernorm,1929,0,4,133938
lm_head,1929,0,4,652421
embedding,1930,0,4,53536
input_layernorm,1930,0,4,133848
q_proj,1930,0,4,23367
k_proj,1930,0,4,15108
v_proj,1930,0,4,15195
rope,1930,0,4,54498
attn,1930,0,4,71498
o_proj,1930,0,4,23514
post_layernorm,1930,0,4,132476
gate_proj,1930,0,4,76562
up_proj,1930,0,4,74065
act_fn,1930,0,4,22350
down_proj,1930,0,4,72592
final_layernorm,1930,0,4,133771
lm_head,1930,0,4,652496
embedding,1931,0,4,53286
input_layernorm,1931,0,4,134078
q_proj,1931,0,4,23316
k_proj,1931,0,4,13293
v_proj,1931,0,4,13493
rope,1931,0,4,54279
attn,1931,0,4,71187
o_proj,1931,0,4,23473
post_layernorm,1931,0,4,132593
gate_proj,1931,0,4,76379
up_proj,1931,0,4,74049
act_fn,1931,0,4,22348
down_proj,1931,0,4,72516
final_layernorm,1931,0,4,133734
lm_head,1931,0,4,652118
embedding,1932,0,4,54687
input_layernorm,1932,0,4,135262
q_proj,1932,0,4,23623
k_proj,1932,0,4,13169
v_proj,1932,0,4,13512
rope,1932,0,4,56002
attn,1932,0,4,73325
o_proj,1932,0,4,23798
post_layernorm,1932,0,4,134239
gate_proj,1932,0,4,77853
up_proj,1932,0,4,74668
act_fn,1932,0,4,22359
down_proj,1932,0,4,73558
final_layernorm,1932,0,4,135139
lm_head,1932,0,4,653418
embedding,1933,0,4,54802
input_layernorm,1933,0,4,135462
q_proj,1933,0,4,23575
k_proj,1933,0,4,15000
v_proj,1933,0,4,15199
rope,1933,0,4,55798
attn,1933,0,4,72919
o_proj,1933,0,4,23769
post_layernorm,1933,0,4,134336
gate_proj,1933,0,4,77631
up_proj,1933,0,4,74483
act_fn,1933,0,4,22424
down_proj,1933,0,4,73417
final_layernorm,1933,0,4,135169
lm_head,1933,0,4,653387
embedding,1934,0,4,54130
input_layernorm,1934,0,4,135113
q_proj,1934,0,4,23458
k_proj,1934,0,4,13215
v_proj,1934,0,4,13504
rope,1934,0,4,55344
attn,1934,0,4,72094
o_proj,1934,0,4,23646
post_layernorm,1934,0,4,133702
gate_proj,1934,0,4,77172
up_proj,1934,0,4,74305
act_fn,1934,0,4,22387
down_proj,1934,0,4,73146
final_layernorm,1934,0,4,134998
lm_head,1934,0,4,653299
embedding,1935,0,4,54301
input_layernorm,1935,0,4,135016
q_proj,1935,0,4,23479
k_proj,1935,0,4,13214
v_proj,1935,0,4,13470
rope,1935,0,4,55305
attn,1935,0,4,72192
o_proj,1935,0,4,23648
post_layernorm,1935,0,4,133814
gate_proj,1935,0,4,77090
up_proj,1935,0,4,74266
act_fn,1935,0,4,22449
down_proj,1935,0,4,73005
final_layernorm,1935,0,4,134910
lm_head,1935,0,4,653172
embedding,1936,0,4,54172
input_layernorm,1936,0,4,135473
q_proj,1936,0,4,24385
k_proj,1936,0,4,13069
v_proj,1936,0,4,13353
rope,1936,0,4,56000
attn,1936,0,4,72927
o_proj,1936,0,4,24612
post_layernorm,1936,0,4,134272
gate_proj,1936,0,4,77711
up_proj,1936,0,4,74572
act_fn,1936,0,4,22400
down_proj,1936,0,4,75789
final_layernorm,1936,0,4,135058
lm_head,1936,0,4,653529
embedding,1937,0,4,53942
input_layernorm,1937,0,4,134831
q_proj,1937,0,4,23461
k_proj,1937,0,4,12947
v_proj,1937,0,4,13447
rope,1937,0,4,55166
attn,1937,0,4,71899
o_proj,1937,0,4,23627
post_layernorm,1937,0,4,133670
gate_proj,1937,0,4,77004
up_proj,1937,0,4,74275
act_fn,1937,0,4,22422
down_proj,1937,0,4,73023
final_layernorm,1937,0,4,134897
lm_head,1937,0,4,696528
embedding,1938,0,4,53950
input_layernorm,1938,0,4,134946
q_proj,1938,0,4,23441
k_proj,1938,0,4,14566
v_proj,1938,0,4,14791
rope,1938,0,4,55023
attn,1938,0,4,71903
o_proj,1938,0,4,23634
post_layernorm,1938,0,4,133511
gate_proj,1938,0,4,76933
up_proj,1938,0,4,74285
act_fn,1938,0,4,22527
down_proj,1938,0,4,72942
final_layernorm,1938,0,4,134874
lm_head,1938,0,4,696745
embedding,1939,0,4,53882
input_layernorm,1939,0,4,135488
q_proj,1939,0,4,23508
k_proj,1939,0,4,13007
v_proj,1939,0,4,13392
rope,1939,0,4,55532
attn,1939,0,4,72302
o_proj,1939,0,4,23664
post_layernorm,1939,0,4,134441
gate_proj,1939,0,4,77136
up_proj,1939,0,4,74361
act_fn,1939,0,4,22401
down_proj,1939,0,4,73165
final_layernorm,1939,0,4,135547
lm_head,1939,0,4,697245
embedding,1940,0,4,53732
input_layernorm,1940,0,4,135144
q_proj,1940,0,4,23464
k_proj,1940,0,4,13045
v_proj,1940,0,4,13354
rope,1940,0,4,55403
attn,1940,0,4,71915
o_proj,1940,0,4,23633
post_layernorm,1940,0,4,134018
gate_proj,1940,0,4,77041
up_proj,1940,0,4,74277
act_fn,1940,0,4,22474
down_proj,1940,0,4,72995
final_layernorm,1940,0,4,135180
lm_head,1940,0,4,696871
embedding,1941,0,4,52997
input_layernorm,1941,0,4,134804
q_proj,1941,0,4,23408
k_proj,1941,0,4,14533
v_proj,1941,0,4,14860
rope,1941,0,4,54946
attn,1941,0,4,71723
o_proj,1941,0,4,23562
post_layernorm,1941,0,4,133800
gate_proj,1941,0,4,76694
up_proj,1941,0,4,74185
act_fn,1941,0,4,22449
down_proj,1941,0,4,72824
final_layernorm,1941,0,4,134807
lm_head,1941,0,4,696951
embedding,1942,0,4,53042
input_layernorm,1942,0,4,134916
q_proj,1942,0,4,23422
k_proj,1942,0,4,13050
v_proj,1942,0,4,13466
rope,1942,0,4,54800
attn,1942,0,4,71640
o_proj,1942,0,4,23601
post_layernorm,1942,0,4,133636
gate_proj,1942,0,4,76728
up_proj,1942,0,4,74211
act_fn,1942,0,4,22510
down_proj,1942,0,4,72843
final_layernorm,1942,0,4,134790
lm_head,1942,0,4,696418
embedding,1943,0,4,53889
input_layernorm,1943,0,4,135672
q_proj,1943,0,4,23501
k_proj,1943,0,4,12953
v_proj,1943,0,4,13366
rope,1943,0,4,55519
attn,1943,0,4,72161
o_proj,1943,0,4,23678
post_layernorm,1943,0,4,134619
gate_proj,1943,0,4,77212
up_proj,1943,0,4,74358
act_fn,1943,0,4,22580
down_proj,1943,0,4,73191
final_layernorm,1943,0,4,135686
lm_head,1943,0,4,698071
embedding,1944,0,4,54934
input_layernorm,1944,0,4,135658
q_proj,1944,0,4,23599
k_proj,1944,0,4,12962
v_proj,1944,0,4,13401
rope,1944,0,4,56098
attn,1944,0,4,72886
o_proj,1944,0,4,23759
post_layernorm,1944,0,4,134743
gate_proj,1944,0,4,77733
up_proj,1944,0,4,74555
act_fn,1944,0,4,22477
down_proj,1944,0,4,73526
final_layernorm,1944,0,4,135589
lm_head,1944,0,4,697443
embedding,1945,0,4,54512
input_layernorm,1945,0,4,135703
q_proj,1945,0,4,23503
k_proj,1945,0,4,13053
v_proj,1945,0,4,13391
rope,1945,0,4,55589
attn,1945,0,4,72230
o_proj,1945,0,4,23675
post_layernorm,1945,0,4,134759
gate_proj,1945,0,4,77160
up_proj,1945,0,4,74409
act_fn,1945,0,4,22597
down_proj,1945,0,4,73134
final_layernorm,1945,0,4,135814
lm_head,1945,0,4,697633
embedding,1946,0,4,54787
input_layernorm,1946,0,4,136056
q_proj,1946,0,4,23522
k_proj,1946,0,4,14371
v_proj,1946,0,4,14767
rope,1946,0,4,55643
attn,1946,0,4,72246
o_proj,1946,0,4,23708
post_layernorm,1946,0,4,135137
gate_proj,1946,0,4,77354
up_proj,1946,0,4,74439
act_fn,1946,0,4,22546
down_proj,1946,0,4,73297
final_layernorm,1946,0,4,135925
lm_head,1946,0,4,697071
embedding,1947,0,4,54064
input_layernorm,1947,0,4,135501
q_proj,1947,0,4,23434
k_proj,1947,0,4,13065
v_proj,1947,0,4,13396
rope,1947,0,4,55131
attn,1947,0,4,71884
o_proj,1947,0,4,23619
post_layernorm,1947,0,4,134600
gate_proj,1947,0,4,76801
up_proj,1947,0,4,74226
act_fn,1947,0,4,22649
down_proj,1947,0,4,72879
final_layernorm,1947,0,4,135799
lm_head,1947,0,4,696593
embedding,1948,0,4,53927
input_layernorm,1948,0,4,134913
q_proj,1948,0,4,23361
k_proj,1948,0,4,13033
v_proj,1948,0,4,13346
rope,1948,0,4,54789
attn,1948,0,4,71517
o_proj,1948,0,4,23534
post_layernorm,1948,0,4,133814
gate_proj,1948,0,4,76463
up_proj,1948,0,4,74167
act_fn,1948,0,4,22701
down_proj,1948,0,4,72614
final_layernorm,1948,0,4,135150
lm_head,1948,0,4,695832
embedding,1949,0,4,54340
input_layernorm,1949,0,4,135722
q_proj,1949,0,4,23472
k_proj,1949,0,4,14381
v_proj,1949,0,4,14685
rope,1949,0,4,55199
attn,1949,0,4,71913
o_proj,1949,0,4,23613
post_layernorm,1949,0,4,134516
gate_proj,1949,0,4,76956
up_proj,1949,0,4,74315
act_fn,1949,0,4,22638
down_proj,1949,0,4,72966
final_layernorm,1949,0,4,135790
lm_head,1949,0,4,696601
embedding,1950,0,4,54056
input_layernorm,1950,0,4,134996
q_proj,1950,0,4,23387
k_proj,1950,0,4,13063
v_proj,1950,0,4,13480
rope,1950,0,4,54639
attn,1950,0,4,71445
o_proj,1950,0,4,23526
post_layernorm,1950,0,4,133900
gate_proj,1950,0,4,76368
up_proj,1950,0,4,74146
act_fn,1950,0,4,22673
down_proj,1950,0,4,72701
final_layernorm,1950,0,4,135442
lm_head,1950,0,4,696077
embedding,1951,0,4,54236
input_layernorm,1951,0,4,135525
q_proj,1951,0,4,23420
k_proj,1951,0,4,13063
v_proj,1951,0,4,13373
rope,1951,0,4,55091
attn,1951,0,4,71739
o_proj,1951,0,4,23581
post_layernorm,1951,0,4,134714
gate_proj,1951,0,4,76730
up_proj,1951,0,4,74275
act_fn,1951,0,4,22707
down_proj,1951,0,4,72847
final_layernorm,1951,0,4,135785
lm_head,1951,0,4,696794
embedding,1952,0,4,54511
input_layernorm,1952,0,4,134812
q_proj,1952,0,4,24152
k_proj,1952,0,4,13060
v_proj,1952,0,4,13446
rope,1952,0,4,54747
attn,1952,0,4,71324
o_proj,1952,0,4,24307
post_layernorm,1952,0,4,133797
gate_proj,1952,0,4,76111
up_proj,1952,0,4,73910
act_fn,1952,0,4,22619
down_proj,1952,0,4,74816
final_layernorm,1952,0,4,135426
lm_head,1952,0,4,660038
embedding,1953,0,4,54309
input_layernorm,1953,0,4,136056
q_proj,1953,0,4,23466
k_proj,1953,0,4,13081
v_proj,1953,0,4,13451
rope,1953,0,4,55283
attn,1953,0,4,71869
o_proj,1953,0,4,23646
post_layernorm,1953,0,4,135079
gate_proj,1953,0,4,76987
up_proj,1953,0,4,74389
act_fn,1953,0,4,22574
down_proj,1953,0,4,73096
final_layernorm,1953,0,4,136095
lm_head,1953,0,4,696978
embedding,1954,0,4,53635
input_layernorm,1954,0,4,135448
q_proj,1954,0,4,23352
k_proj,1954,0,4,13225
v_proj,1954,0,4,13495
rope,1954,0,4,54635
attn,1954,0,4,71361
o_proj,1954,0,4,23508
post_layernorm,1954,0,4,134103
gate_proj,1954,0,4,76335
up_proj,1954,0,4,74140
act_fn,1954,0,4,22636
down_proj,1954,0,4,72633
final_layernorm,1954,0,4,135665
lm_head,1954,0,4,696283
embedding,1955,0,4,55082
input_layernorm,1955,0,4,136192
q_proj,1955,0,4,23509
k_proj,1955,0,4,13228
v_proj,1955,0,4,13421
rope,1955,0,4,55499
attn,1955,0,4,72045
o_proj,1955,0,4,23652
post_layernorm,1955,0,4,135202
gate_proj,1955,0,4,77090
up_proj,1955,0,4,74416
act_fn,1955,0,4,22610
down_proj,1955,0,4,73131
final_layernorm,1955,0,4,136423
lm_head,1955,0,4,696707
embedding,1956,0,4,54325
input_layernorm,1956,0,4,135622
q_proj,1956,0,4,23429
k_proj,1956,0,4,14359
v_proj,1956,0,4,14569
rope,1956,0,4,55195
attn,1956,0,4,71533
o_proj,1956,0,4,23569
post_layernorm,1956,0,4,134915
gate_proj,1956,0,4,76585
up_proj,1956,0,4,74247
act_fn,1956,0,4,22737
down_proj,1956,0,4,72800
final_layernorm,1956,0,4,136121
lm_head,1956,0,4,696665
embedding,1957,0,4,54479
input_layernorm,1957,0,4,136689
q_proj,1957,0,4,23547
k_proj,1957,0,4,13199
v_proj,1957,0,4,13500
rope,1957,0,4,55739
attn,1957,0,4,72081
o_proj,1957,0,4,23698
post_layernorm,1957,0,4,135960
gate_proj,1957,0,4,77215
up_proj,1957,0,4,74446
act_fn,1957,0,4,22756
down_proj,1957,0,4,73294
final_layernorm,1957,0,4,137084
lm_head,1957,0,4,697316
embedding,1958,0,4,53801
input_layernorm,1958,0,4,135825
q_proj,1958,0,4,23458
k_proj,1958,0,4,13268
v_proj,1958,0,4,13529
rope,1958,0,4,55121
attn,1958,0,4,71660
o_proj,1958,0,4,23611
post_layernorm,1958,0,4,135044
gate_proj,1958,0,4,76749
up_proj,1958,0,4,74327
act_fn,1958,0,4,22732
down_proj,1958,0,4,72903
final_layernorm,1958,0,4,136457
lm_head,1958,0,4,696742
embedding,1959,0,4,54347
input_layernorm,1959,0,4,136598
q_proj,1959,0,4,23529
k_proj,1959,0,4,14118
v_proj,1959,0,4,14453
rope,1959,0,4,55646
attn,1959,0,4,72248
o_proj,1959,0,4,23703
post_layernorm,1959,0,4,135813
gate_proj,1959,0,4,77127
up_proj,1959,0,4,74433
act_fn,1959,0,4,22698
down_proj,1959,0,4,73216
final_layernorm,1959,0,4,137014
lm_head,1959,0,4,697138
embedding,1960,0,4,54089
input_layernorm,1960,0,4,135832
q_proj,1960,0,4,23435
k_proj,1960,0,4,13393
v_proj,1960,0,4,13648
rope,1960,0,4,55226
attn,1960,0,4,71765
o_proj,1960,0,4,23560
post_layernorm,1960,0,4,134827
gate_proj,1960,0,4,76640
up_proj,1960,0,4,74256
act_fn,1960,0,4,22765
down_proj,1960,0,4,72777
final_layernorm,1960,0,4,136188
lm_head,1960,0,4,696013
embedding,1961,0,4,54215
input_layernorm,1961,0,4,136292
q_proj,1961,0,4,23474
k_proj,1961,0,4,13315
v_proj,1961,0,4,13603
rope,1961,0,4,55194
attn,1961,0,4,71822
o_proj,1961,0,4,23636
post_layernorm,1961,0,4,135540
gate_proj,1961,0,4,76735
up_proj,1961,0,4,74362
act_fn,1961,0,4,22763
down_proj,1961,0,4,72925
final_layernorm,1961,0,4,136956
lm_head,1961,0,4,696997
embedding,1962,0,4,54358
input_layernorm,1962,0,4,136225
q_proj,1962,0,4,23444
k_proj,1962,0,4,13388
v_proj,1962,0,4,13583
rope,1962,0,4,55126
attn,1962,0,4,71717
o_proj,1962,0,4,23600
post_layernorm,1962,0,4,135166
gate_proj,1962,0,4,76710
up_proj,1962,0,4,74293
act_fn,1962,0,4,22813
down_proj,1962,0,4,72892
final_layernorm,1962,0,4,136819
lm_head,1962,0,4,696408
embedding,1963,0,4,55174
input_layernorm,1963,0,4,137745
q_proj,1963,0,4,23646
k_proj,1963,0,4,13248
v_proj,1963,0,4,13591
rope,1963,0,4,56248
attn,1963,0,4,73139
o_proj,1963,0,4,23829
post_layernorm,1963,0,4,136712
gate_proj,1963,0,4,77740
up_proj,1963,0,4,74685
act_fn,1963,0,4,22863
down_proj,1963,0,4,73679
final_layernorm,1963,0,4,138023
lm_head,1963,0,4,698323
embedding,1964,0,4,53923
input_layernorm,1964,0,4,136522
q_proj,1964,0,4,23463
k_proj,1964,0,4,14054
v_proj,1964,0,4,14394
rope,1964,0,4,55266
attn,1964,0,4,71310
o_proj,1964,0,4,23607
post_layernorm,1964,0,4,135402
gate_proj,1964,0,4,76725
up_proj,1964,0,4,74325
act_fn,1964,0,4,22824
down_proj,1964,0,4,72888
final_layernorm,1964,0,4,136864
lm_head,1964,0,4,697162
embedding,1965,0,4,54013
input_layernorm,1965,0,4,136881
q_proj,1965,0,4,23511
k_proj,1965,0,4,13310
v_proj,1965,0,4,13646
rope,1965,0,4,55447
attn,1965,0,4,72102
o_proj,1965,0,4,23699
post_layernorm,1965,0,4,136049
gate_proj,1965,0,4,77091
up_proj,1965,0,4,74500
act_fn,1965,0,4,22806
down_proj,1965,0,4,73172
final_layernorm,1965,0,4,137581
lm_head,1965,0,4,697920
embedding,1966,0,4,54809
input_layernorm,1966,0,4,137344
q_proj,1966,0,4,23570
k_proj,1966,0,4,13307
v_proj,1966,0,4,13659
rope,1966,0,4,55984
attn,1966,0,4,72406
o_proj,1966,0,4,23749
post_layernorm,1966,0,4,136335
gate_proj,1966,0,4,77325
up_proj,1966,0,4,74528
act_fn,1966,0,4,22850
down_proj,1966,0,4,73286
final_layernorm,1966,0,4,137780
lm_head,1966,0,4,697915
embedding,1967,0,4,54488
input_layernorm,1967,0,4,137584
q_proj,1967,0,4,23568
k_proj,1967,0,4,13887
v_proj,1967,0,4,14239
rope,1967,0,4,55803
attn,1967,0,4,72610
o_proj,1967,0,4,23722
post_layernorm,1967,0,4,136680
gate_proj,1967,0,4,77169
up_proj,1967,0,4,74545
act_fn,1967,0,4,22960
down_proj,1967,0,4,73290
final_layernorm,1967,0,4,138001
lm_head,1967,0,4,697912
embedding,1968,0,4,54556
input_layernorm,1968,0,4,136422
q_proj,1968,0,4,24239
k_proj,1968,0,4,13381
v_proj,1968,0,4,13705
rope,1968,0,4,55426
attn,1968,0,4,71717
o_proj,1968,0,4,24431
post_layernorm,1968,0,4,136116
gate_proj,1968,0,4,76803
up_proj,1968,0,4,74395
act_fn,1968,0,4,22901
down_proj,1968,0,4,75111
final_layernorm,1968,0,4,136923
lm_head,1968,0,4,671174
embedding,1969,0,4,54216
input_layernorm,1969,0,4,137351
q_proj,1969,0,4,23496
k_proj,1969,0,4,13349
v_proj,1969,0,4,13638
rope,1969,0,4,55278
attn,1969,0,4,71394
o_proj,1969,0,4,23657
post_layernorm,1969,0,4,136273
gate_proj,1969,0,4,76888
up_proj,1969,0,4,74425
act_fn,1969,0,4,22938
down_proj,1969,0,4,72974
final_layernorm,1969,0,4,137619
lm_head,1969,0,4,697327
embedding,1970,0,4,54920
input_layernorm,1970,0,4,138110
q_proj,1970,0,4,23591
k_proj,1970,0,4,13205
v_proj,1970,0,4,13605
rope,1970,0,4,55973
attn,1970,0,4,72378
o_proj,1970,0,4,23745
post_layernorm,1970,0,4,137251
gate_proj,1970,0,4,77141
up_proj,1970,0,4,74638
act_fn,1970,0,4,22959
down_proj,1970,0,4,73322
final_layernorm,1970,0,4,138223
lm_head,1970,0,4,698221
embedding,1971,0,4,54868
input_layernorm,1971,0,4,138354
q_proj,1971,0,4,23567
k_proj,1971,0,4,13269
v_proj,1971,0,4,13617
rope,1971,0,4,55796
attn,1971,0,4,71975
o_proj,1971,0,4,23706
post_layernorm,1971,0,4,137091
gate_proj,1971,0,4,77075
up_proj,1971,0,4,74558
act_fn,1971,0,4,22895
down_proj,1971,0,4,73249
final_layernorm,1971,0,4,138212
lm_head,1971,0,4,697761
embedding,1972,0,4,54380
input_layernorm,1972,0,4,137409
q_proj,1972,0,4,23462
k_proj,1972,0,4,13705
v_proj,1972,0,4,13983
rope,1972,0,4,55316
attn,1972,0,4,71670
o_proj,1972,0,4,23621
post_layernorm,1972,0,4,136682
gate_proj,1972,0,4,76692
up_proj,1972,0,4,74403
act_fn,1972,0,4,22896
down_proj,1972,0,4,73012
final_layernorm,1972,0,4,137880
lm_head,1972,0,4,697591
embedding,1973,0,4,54751
input_layernorm,1973,0,4,138071
q_proj,1973,0,4,23530
k_proj,1973,0,4,13323
v_proj,1973,0,4,13619
rope,1973,0,4,55733
attn,1973,0,4,71969
o_proj,1973,0,4,23748
post_layernorm,1973,0,4,137253
gate_proj,1973,0,4,77098
up_proj,1973,0,4,74599
act_fn,1973,0,4,23033
down_proj,1973,0,4,73280
final_layernorm,1973,0,4,138119
lm_head,1973,0,4,698284
embedding,1974,0,4,54127
input_layernorm,1974,0,4,137660
q_proj,1974,0,4,23408
k_proj,1974,0,4,13348
v_proj,1974,0,4,13744
rope,1974,0,4,55043
attn,1974,0,4,71659
o_proj,1974,0,4,23562
post_layernorm,1974,0,4,136576
gate_proj,1974,0,4,76403
up_proj,1974,0,4,74356
act_fn,1974,0,4,22955
down_proj,1974,0,4,72864
final_layernorm,1974,0,4,137776
lm_head,1974,0,4,697321
embedding,1975,0,4,54520
input_layernorm,1975,0,4,138451
q_proj,1975,0,4,23531
k_proj,1975,0,4,13749
v_proj,1975,0,4,14011
rope,1975,0,4,55697
attn,1975,0,4,71917
o_proj,1975,0,4,23670
post_layernorm,1975,0,4,137570
gate_proj,1975,0,4,76919
up_proj,1975,0,4,74518
act_fn,1975,0,4,23024
down_proj,1975,0,4,73143
final_layernorm,1975,0,4,138624
lm_head,1975,0,4,697441
embedding,1976,0,4,55208
input_layernorm,1976,0,4,138696
q_proj,1976,0,4,23626
k_proj,1976,0,4,13403
v_proj,1976,0,4,13700
rope,1976,0,4,56457
attn,1976,0,4,72641
o_proj,1976,0,4,23795
post_layernorm,1976,0,4,138076
gate_proj,1976,0,4,77269
up_proj,1976,0,4,74664
act_fn,1976,0,4,23053
down_proj,1976,0,4,73488
final_layernorm,1976,0,4,138601
lm_head,1976,0,4,698579
embedding,1977,0,4,55650
input_layernorm,1977,0,4,138871
q_proj,1977,0,4,23611
k_proj,1977,0,4,13300
v_proj,1977,0,4,13726
rope,1977,0,4,56102
attn,1977,0,4,72082
o_proj,1977,0,4,23767
post_layernorm,1977,0,4,138159
gate_proj,1977,0,4,77368
up_proj,1977,0,4,74655
act_fn,1977,0,4,22977
down_proj,1977,0,4,73341
final_layernorm,1977,0,4,138966
lm_head,1977,0,4,672792
embedding,1978,0,4,55033
input_layernorm,1978,0,4,138052
q_proj,1978,0,4,23488
k_proj,1978,0,4,13384
v_proj,1978,0,4,13728
rope,1978,0,4,55370
attn,1978,0,4,71962
o_proj,1978,0,4,23622
post_layernorm,1978,0,4,137273
gate_proj,1978,0,4,76786
up_proj,1978,0,4,74446
act_fn,1978,0,4,23031
down_proj,1978,0,4,72961
final_layernorm,1978,0,4,138366
lm_head,1978,0,4,672450
embedding,1979,0,4,55975
input_layernorm,1979,0,4,139662
q_proj,1979,0,4,23696
k_proj,1979,0,4,13318
v_proj,1979,0,4,13740
rope,1979,0,4,56649
attn,1979,0,4,73197
o_proj,1979,0,4,23871
post_layernorm,1979,0,4,138877
gate_proj,1979,0,4,77909
up_proj,1979,0,4,74863
act_fn,1979,0,4,23059
down_proj,1979,0,4,73718
final_layernorm,1979,0,4,139682
lm_head,1979,0,4,673544
embedding,1980,0,4,56196
input_layernorm,1980,0,4,138223
q_proj,1980,0,4,23492
k_proj,1980,0,4,13629
v_proj,1980,0,4,13899
rope,1980,0,4,55524
attn,1980,0,4,71737
o_proj,1980,0,4,23663
post_layernorm,1980,0,4,137261
gate_proj,1980,0,4,76819
up_proj,1980,0,4,74482
act_fn,1980,0,4,23036
down_proj,1980,0,4,73036
final_layernorm,1980,0,4,138333
lm_head,1980,0,4,672513
embedding,1981,0,4,55621
input_layernorm,1981,0,4,139121
q_proj,1981,0,4,23606
k_proj,1981,0,4,13353
v_proj,1981,0,4,13668
rope,1981,0,4,56002
attn,1981,0,4,72239
o_proj,1981,0,4,23765
post_layernorm,1981,0,4,138322
gate_proj,1981,0,4,77273
up_proj,1981,0,4,74661
act_fn,1981,0,4,23111
down_proj,1981,0,4,73359
final_layernorm,1981,0,4,139010
lm_head,1981,0,4,673196
embedding,1982,0,4,55041
input_layernorm,1982,0,4,138059
q_proj,1982,0,4,23466
k_proj,1982,0,4,13414
v_proj,1982,0,4,13682
rope,1982,0,4,55213
attn,1982,0,4,71426
o_proj,1982,0,4,23606
post_layernorm,1982,0,4,137208
gate_proj,1982,0,4,76637
up_proj,1982,0,4,74450
act_fn,1982,0,4,23063
down_proj,1982,0,4,72902
final_layernorm,1982,0,4,138514
lm_head,1982,0,4,672347
embedding,1983,0,4,55328
input_layernorm,1983,0,4,138621
q_proj,1983,0,4,23468
k_proj,1983,0,4,13581
v_proj,1983,0,4,13891
rope,1983,0,4,55192
attn,1983,0,4,71525
o_proj,1983,0,4,23607
post_layernorm,1983,0,4,137489
gate_proj,1983,0,4,76668
up_proj,1983,0,4,74457
act_fn,1983,0,4,23082
down_proj,1983,0,4,72992
final_layernorm,1983,0,4,138700
lm_head,1983,0,4,672475
embedding,1984,0,4,55313
input_layernorm,1984,0,4,138002
q_proj,1984,0,4,24181
k_proj,1984,0,4,13380
v_proj,1984,0,4,13726
rope,1984,0,4,55213
attn,1984,0,4,71166
o_proj,1984,0,4,24360
post_layernorm,1984,0,4,137367
gate_proj,1984,0,4,77790
up_proj,1984,0,4,76293
act_fn,1984,0,4,22839
down_proj,1984,0,4,75222
final_layernorm,1984,0,4,138011
lm_head,1984,0,4,702850
embedding,1985,0,4,54942
input_layernorm,1985,0,4,138560
q_proj,1985,0,4,24210
k_proj,1985,0,4,13966
v_proj,1985,0,4,14553
rope,1985,0,4,55249
attn,1985,0,4,73068
o_proj,1985,0,4,24373
post_layernorm,1985,0,4,137972
gate_proj,1985,0,4,76559
up_proj,1985,0,4,74504
act_fn,1985,0,4,23091
down_proj,1985,0,4,75059
final_layernorm,1985,0,4,138707
lm_head,1985,0,4,672813
embedding,1986,0,4,54985
input_layernorm,1986,0,4,138622
q_proj,1986,0,4,24210
k_proj,1986,0,4,13900
v_proj,1986,0,4,14671
rope,1986,0,4,55503
attn,1986,0,4,73197
o_proj,1986,0,4,24385
post_layernorm,1986,0,4,138059
gate_proj,1986,0,4,76598
up_proj,1986,0,4,74488
act_fn,1986,0,4,23113
down_proj,1986,0,4,75115
final_layernorm,1986,0,4,139048
lm_head,1986,0,4,672626
embedding,1987,0,4,55834
input_layernorm,1987,0,4,138837
q_proj,1987,0,4,24235
k_proj,1987,0,4,13976
v_proj,1987,0,4,14367
rope,1987,0,4,55397
attn,1987,0,4,72882
o_proj,1987,0,4,24415
post_layernorm,1987,0,4,137983
gate_proj,1987,0,4,76572
up_proj,1987,0,4,74503
act_fn,1987,0,4,23163
down_proj,1987,0,4,75128
final_layernorm,1987,0,4,138813
lm_head,1987,0,4,672904
embedding,1988,0,4,55112
input_layernorm,1988,0,4,138839
q_proj,1988,0,4,24264
k_proj,1988,0,4,13868
v_proj,1988,0,4,14254
rope,1988,0,4,55724
attn,1988,0,4,73428
o_proj,1988,0,4,24427
post_layernorm,1988,0,4,138712
gate_proj,1988,0,4,76726
up_proj,1988,0,4,74535
act_fn,1988,0,4,23226
down_proj,1988,0,4,75143
final_layernorm,1988,0,4,139352
lm_head,1988,0,4,672925
embedding,1989,0,4,55220
input_layernorm,1989,0,4,138929
q_proj,1989,0,4,24231
k_proj,1989,0,4,13741
v_proj,1989,0,4,14309
rope,1989,0,4,55383
attn,1989,0,4,73868
o_proj,1989,0,4,24408
post_layernorm,1989,0,4,138444
gate_proj,1989,0,4,76591
up_proj,1989,0,4,74543
act_fn,1989,0,4,23224
down_proj,1989,0,4,75138
final_layernorm,1989,0,4,139174
lm_head,1989,0,4,672664
embedding,1990,0,4,55252
input_layernorm,1990,0,4,138964
q_proj,1990,0,4,24301
k_proj,1990,0,4,13760
v_proj,1990,0,4,14497
rope,1990,0,4,55729
attn,1990,0,4,74014
o_proj,1990,0,4,24466
post_layernorm,1990,0,4,138924
gate_proj,1990,0,4,76792
up_proj,1990,0,4,74614
act_fn,1990,0,4,23274
down_proj,1990,0,4,75255
final_layernorm,1990,0,4,139623
lm_head,1990,0,4,673548
embedding,1991,0,4,54846
input_layernorm,1991,0,4,138930
q_proj,1991,0,4,24221
k_proj,1991,0,4,13725
v_proj,1991,0,4,14158
rope,1991,0,4,55369
attn,1991,0,4,72406
o_proj,1991,0,4,24355
post_layernorm,1991,0,4,138193
gate_proj,1991,0,4,76482
up_proj,1991,0,4,74473
act_fn,1991,0,4,23148
down_proj,1991,0,4,75070
final_layernorm,1991,0,4,139172
lm_head,1991,0,4,673216
embedding,1992,0,4,55181
input_layernorm,1992,0,4,138827
q_proj,1992,0,4,24252
k_proj,1992,0,4,13782
v_proj,1992,0,4,14081
rope,1992,0,4,55731
attn,1992,0,4,73368
o_proj,1992,0,4,24408
post_layernorm,1992,0,4,138594
gate_proj,1992,0,4,76583
up_proj,1992,0,4,74562
act_fn,1992,0,4,23181
down_proj,1992,0,4,75248
final_layernorm,1992,0,4,139363
lm_head,1992,0,4,673280
embedding,1993,0,4,55499
input_layernorm,1993,0,4,139528
q_proj,1993,0,4,24277
k_proj,1993,0,4,13396
v_proj,1993,0,4,14242
rope,1993,0,4,55687
attn,1993,0,4,72995
o_proj,1993,0,4,24424
post_layernorm,1993,0,4,138935
gate_proj,1993,0,4,76723
up_proj,1993,0,4,74576
act_fn,1993,0,4,23265
down_proj,1993,0,4,75204
final_layernorm,1993,0,4,139941
lm_head,1993,0,4,673548
embedding,1994,0,4,55457
input_layernorm,1994,0,4,139751
q_proj,1994,0,4,24349
k_proj,1994,0,4,13546
v_proj,1994,0,4,14344
rope,1994,0,4,56015
attn,1994,0,4,73550
o_proj,1994,0,4,24496
post_layernorm,1994,0,4,139716
gate_proj,1994,0,4,76946
up_proj,1994,0,4,74682
act_fn,1994,0,4,23359
down_proj,1994,0,4,75387
final_layernorm,1994,0,4,140120
lm_head,1994,0,4,674281
embedding,1995,0,4,55485
input_layernorm,1995,0,4,139449
q_proj,1995,0,4,24274
k_proj,1995,0,4,13662
v_proj,1995,0,4,14071
rope,1995,0,4,55735
attn,1995,0,4,73671
o_proj,1995,0,4,24431
post_layernorm,1995,0,4,139205
gate_proj,1995,0,4,76799
up_proj,1995,0,4,74609
act_fn,1995,0,4,23316
down_proj,1995,0,4,75269
final_layernorm,1995,0,4,139780
lm_head,1995,0,4,673823
embedding,1996,0,4,56865
input_layernorm,1996,0,4,141091
q_proj,1996,0,4,24508
k_proj,1996,0,4,13395
v_proj,1996,0,4,14028
rope,1996,0,4,57251
attn,1996,0,4,74796
o_proj,1996,0,4,24700
post_layernorm,1996,0,4,141135
gate_proj,1996,0,4,77821
up_proj,1996,0,4,74986
act_fn,1996,0,4,23314
down_proj,1996,0,4,76078
final_layernorm,1996,0,4,141191
lm_head,1996,0,4,675129
embedding,1997,0,4,55197
input_layernorm,1997,0,4,139846
q_proj,1997,0,4,24274
k_proj,1997,0,4,13337
v_proj,1997,0,4,14081
rope,1997,0,4,55725
attn,1997,0,4,73244
o_proj,1997,0,4,24444
post_layernorm,1997,0,4,139279
gate_proj,1997,0,4,76782
up_proj,1997,0,4,74611
act_fn,1997,0,4,23344
down_proj,1997,0,4,75251
final_layernorm,1997,0,4,139993
lm_head,1997,0,4,674110
embedding,1998,0,4,55329
input_layernorm,1998,0,4,139627
q_proj,1998,0,4,24268
k_proj,1998,0,4,13475
v_proj,1998,0,4,14219
rope,1998,0,4,55741
attn,1998,0,4,73144
o_proj,1998,0,4,24456
post_layernorm,1998,0,4,139399
gate_proj,1998,0,4,76749
up_proj,1998,0,4,74678
act_fn,1998,0,4,23321
down_proj,1998,0,4,75309
final_layernorm,1998,0,4,140008
lm_head,1998,0,4,674239
embedding,1999,0,4,56496
input_layernorm,1999,0,4,140713
q_proj,1999,0,4,24372
k_proj,1999,0,4,13297
v_proj,1999,0,4,13920
rope,1999,0,4,56310
attn,1999,0,4,73804
o_proj,1999,0,4,24564
post_layernorm,1999,0,4,140509
gate_proj,1999,0,4,77098
up_proj,1999,0,4,74816
act_fn,1999,0,4,23410
down_proj,1999,0,4,75547
final_layernorm,1999,0,4,140992
lm_head,1999,0,4,674596
embedding,2000,0,4,55916
input_layernorm,2000,0,4,140302
q_proj,2000,0,4,24402
k_proj,2000,0,4,13311
v_proj,2000,0,4,13848
rope,2000,0,4,56787
attn,2000,0,4,73747
o_proj,2000,0,4,24566
post_layernorm,2000,0,4,140334
gate_proj,2000,0,4,77340
up_proj,2000,0,4,74801
act_fn,2000,0,4,23439
down_proj,2000,0,4,75686
final_layernorm,2000,0,4,140658
lm_head,2000,0,4,674891
embedding,2001,0,4,56596
input_layernorm,2001,0,4,141432
q_proj,2001,0,4,24511
k_proj,2001,0,4,13135
v_proj,2001,0,4,13692
rope,2001,0,4,57122
attn,2001,0,4,74821
o_proj,2001,0,4,24710
post_layernorm,2001,0,4,141290
gate_proj,2001,0,4,77753
up_proj,2001,0,4,74991
act_fn,2001,0,4,23474
down_proj,2001,0,4,76028
final_layernorm,2001,0,4,141725
lm_head,2001,0,4,675533
embedding,2002,0,4,56045
input_layernorm,2002,0,4,140856
q_proj,2002,0,4,24405
k_proj,2002,0,4,13157
v_proj,2002,0,4,13705
rope,2002,0,4,56678
attn,2002,0,4,73949
o_proj,2002,0,4,24598
post_layernorm,2002,0,4,140658
gate_proj,2002,0,4,77299
up_proj,2002,0,4,74858
act_fn,2002,0,4,23413
down_proj,2002,0,4,75629
final_layernorm,2002,0,4,141318
lm_head,2002,0,4,675172
embedding,2003,0,4,56448
input_layernorm,2003,0,4,141544
q_proj,2003,0,4,24497
k_proj,2003,0,4,13330
v_proj,2003,0,4,13680
rope,2003,0,4,57009
attn,2003,0,4,74677
o_proj,2003,0,4,24673
post_layernorm,2003,0,4,141252
gate_proj,2003,0,4,77549
up_proj,2003,0,4,74962
act_fn,2003,0,4,23470
down_proj,2003,0,4,75969
final_layernorm,2003,0,4,141790
lm_head,2003,0,4,675467
embedding,2004,0,4,55759
input_layernorm,2004,0,4,140742
q_proj,2004,0,4,24314
k_proj,2004,0,4,13171
v_proj,2004,0,4,13591
rope,2004,0,4,56362
attn,2004,0,4,73543
o_proj,2004,0,4,24500
post_layernorm,2004,0,4,140436
gate_proj,2004,0,4,76800
up_proj,2004,0,4,74724
act_fn,2004,0,4,23362
down_proj,2004,0,4,75352
final_layernorm,2004,0,4,140819
lm_head,2004,0,4,674711
embedding,2005,0,4,55109
input_layernorm,2005,0,4,139968
q_proj,2005,0,4,24259
k_proj,2005,0,4,12878
v_proj,2005,0,4,13685
rope,2005,0,4,55611
attn,2005,0,4,73325
o_proj,2005,0,4,24454
post_layernorm,2005,0,4,139991
gate_proj,2005,0,4,76513
up_proj,2005,0,4,74627
act_fn,2005,0,4,23458
down_proj,2005,0,4,75171
final_layernorm,2005,0,4,140506
lm_head,2005,0,4,674571
embedding,2006,0,4,55846
input_layernorm,2006,0,4,141059
q_proj,2006,0,4,24434
k_proj,2006,0,4,13099
v_proj,2006,0,4,13614
rope,2006,0,4,56648
attn,2006,0,4,73891
o_proj,2006,0,4,24597
post_layernorm,2006,0,4,141226
gate_proj,2006,0,4,77192
up_proj,2006,0,4,74887
act_fn,2006,0,4,23449
down_proj,2006,0,4,75624
final_layernorm,2006,0,4,141347
lm_head,2006,0,4,675639
embedding,2007,0,4,55311
input_layernorm,2007,0,4,140655
q_proj,2007,0,4,24340
k_proj,2007,0,4,13016
v_proj,2007,0,4,13474
rope,2007,0,4,56090
attn,2007,0,4,73431
o_proj,2007,0,4,24522
post_layernorm,2007,0,4,140627
gate_proj,2007,0,4,76960
up_proj,2007,0,4,74775
act_fn,2007,0,4,23503
down_proj,2007,0,4,75496
final_layernorm,2007,0,4,141194
lm_head,2007,0,4,675201
embedding,2008,0,4,56378
input_layernorm,2008,0,4,141184
q_proj,2008,0,4,24483
k_proj,2008,0,4,12921
v_proj,2008,0,4,13523
rope,2008,0,4,57262
attn,2008,0,4,74604
o_proj,2008,0,4,24663
post_layernorm,2008,0,4,141404
gate_proj,2008,0,4,77514
up_proj,2008,0,4,75014
act_fn,2008,0,4,23485
down_proj,2008,0,4,75939
final_layernorm,2008,0,4,141573
lm_head,2008,0,4,675778
embedding,2009,0,4,55274
input_layernorm,2009,0,4,140660
q_proj,2009,0,4,24296
k_proj,2009,0,4,12706
v_proj,2009,0,4,13481
rope,2009,0,4,55918
attn,2009,0,4,73416
o_proj,2009,0,4,24474
post_layernorm,2009,0,4,140514
gate_proj,2009,0,4,76812
up_proj,2009,0,4,74775
act_fn,2009,0,4,23481
down_proj,2009,0,4,75375
final_layernorm,2009,0,4,140906
lm_head,2009,0,4,675036
embedding,2010,0,4,55808
input_layernorm,2010,0,4,140431
q_proj,2010,0,4,24337
k_proj,2010,0,4,12632
v_proj,2010,0,4,13408
rope,2010,0,4,56249
attn,2010,0,4,73673
o_proj,2010,0,4,24555
post_layernorm,2010,0,4,140804
gate_proj,2010,0,4,77047
up_proj,2010,0,4,74798
act_fn,2010,0,4,23524
down_proj,2010,0,4,75515
final_layernorm,2010,0,4,141139
lm_head,2010,0,4,675181
embedding,2011,0,4,55988
input_layernorm,2011,0,4,141034
q_proj,2011,0,4,24335
k_proj,2011,0,4,12985
v_proj,2011,0,4,13473
rope,2011,0,4,56143
attn,2011,0,4,73388
o_proj,2011,0,4,24513
post_layernorm,2011,0,4,140974
gate_proj,2011,0,4,76896
up_proj,2011,0,4,74796
act_fn,2011,0,4,23565
down_proj,2011,0,4,75452
final_layernorm,2011,0,4,141353
lm_head,2011,0,4,675076
embedding,2012,0,4,55822
input_layernorm,2012,0,4,140731
q_proj,2012,0,4,24303
k_proj,2012,0,4,12840
v_proj,2012,0,4,13423
rope,2012,0,4,56264
attn,2012,0,4,73318
o_proj,2012,0,4,24491
post_layernorm,2012,0,4,140845
gate_proj,2012,0,4,76875
up_proj,2012,0,4,74800
act_fn,2012,0,4,23592
down_proj,2012,0,4,75410
final_layernorm,2012,0,4,141046
lm_head,2012,0,4,675169
embedding,2013,0,4,56438
input_layernorm,2013,0,4,140982
q_proj,2013,0,4,24334
k_proj,2013,0,4,12720
v_proj,2013,0,4,13461
rope,2013,0,4,56154
attn,2013,0,4,73596
o_proj,2013,0,4,24507
post_layernorm,2013,0,4,141162
gate_proj,2013,0,4,76860
up_proj,2013,0,4,74803
act_fn,2013,0,4,23577
down_proj,2013,0,4,75448
final_layernorm,2013,0,4,141672
lm_head,2013,0,4,675374
embedding,2014,0,4,56658
input_layernorm,2014,0,4,141302
q_proj,2014,0,4,24354
k_proj,2014,0,4,12525
v_proj,2014,0,4,13377
rope,2014,0,4,56409
attn,2014,0,4,73621
o_proj,2014,0,4,24514
post_layernorm,2014,0,4,141388
gate_proj,2014,0,4,77032
up_proj,2014,0,4,74829
act_fn,2014,0,4,23641
down_proj,2014,0,4,75493
final_layernorm,2014,0,4,141877
lm_head,2014,0,4,675475
embedding,2015,0,4,56082
input_layernorm,2015,0,4,141308
q_proj,2015,0,4,24303
k_proj,2015,0,4,12813
v_proj,2015,0,4,13350
rope,2015,0,4,56185
attn,2015,0,4,73209
o_proj,2015,0,4,24500
post_layernorm,2015,0,4,141337
gate_proj,2015,0,4,76885
up_proj,2015,0,4,74750
act_fn,2015,0,4,23655
down_proj,2015,0,4,75398
final_layernorm,2015,0,4,141839
lm_head,2015,0,4,675257
embedding,2016,0,4,57044
input_layernorm,2016,0,4,142005
q_proj,2016,0,4,24553
k_proj,2016,0,4,13081
v_proj,2016,0,4,12952
rope,2016,0,4,57627
attn,2016,0,4,75076
o_proj,2016,0,4,24765
post_layernorm,2016,0,4,142479
gate_proj,2016,0,4,77344
up_proj,2016,0,4,74785
act_fn,2016,0,4,23571
down_proj,2016,0,4,76101
final_layernorm,2016,0,4,142555
lm_head,2016,0,4,666786
embedding,2017,0,4,55545
input_layernorm,2017,0,4,141775
q_proj,2017,0,4,24394
k_proj,2017,0,4,13023
v_proj,2017,0,4,12903
rope,2017,0,4,56506
attn,2017,0,4,73822
o_proj,2017,0,4,24574
post_layernorm,2017,0,4,141885
gate_proj,2017,0,4,80104
up_proj,2017,0,4,77810
act_fn,2017,0,4,23599
down_proj,2017,0,4,75567
final_layernorm,2017,0,4,141867
lm_head,2017,0,4,725144
embedding,2018,0,4,55318
input_layernorm,2018,0,4,141350
q_proj,2018,0,4,24303
k_proj,2018,0,4,12976
v_proj,2018,0,4,12774
rope,2018,0,4,56076
attn,2018,0,4,73375
o_proj,2018,0,4,24463
post_layernorm,2018,0,4,141388
gate_proj,2018,0,4,79774
up_proj,2018,0,4,77610
act_fn,2018,0,4,23595
down_proj,2018,0,4,75299
final_layernorm,2018,0,4,141797
lm_head,2018,0,4,724465
embedding,2019,0,4,56572
input_layernorm,2019,0,4,142688
q_proj,2019,0,4,24561
k_proj,2019,0,4,12728
v_proj,2019,0,4,12680
rope,2019,0,4,57380
attn,2019,0,4,74883
o_proj,2019,0,4,24755
post_layernorm,2019,0,4,143143
gate_proj,2019,0,4,80926
up_proj,2019,0,4,78108
act_fn,2019,0,4,23658
down_proj,2019,0,4,76104
final_layernorm,2019,0,4,143254
lm_head,2019,0,4,726313
embedding,2020,0,4,55545
input_layernorm,2020,0,4,141687
q_proj,2020,0,4,24354
k_proj,2020,0,4,12808
v_proj,2020,0,4,12678
rope,2020,0,4,56377
attn,2020,0,4,73618
o_proj,2020,0,4,24510
post_layernorm,2020,0,4,142040
gate_proj,2020,0,4,79922
up_proj,2020,0,4,77724
act_fn,2020,0,4,23633
down_proj,2020,0,4,75406
final_layernorm,2020,0,4,142294
lm_head,2020,0,4,725230
embedding,2021,0,4,55140
input_layernorm,2021,0,4,141541
q_proj,2021,0,4,24331
k_proj,2021,0,4,13043
v_proj,2021,0,4,12801
rope,2021,0,4,56042
attn,2021,0,4,73574
o_proj,2021,0,4,24504
post_layernorm,2021,0,4,141687
gate_proj,2021,0,4,79924
up_proj,2021,0,4,77758
act_fn,2021,0,4,23679
down_proj,2021,0,4,75370
final_layernorm,2021,0,4,142265
lm_head,2021,0,4,724478
embedding,2022,0,4,55445
input_layernorm,2022,0,4,142133
q_proj,2022,0,4,24355
k_proj,2022,0,4,12878
v_proj,2022,0,4,12754
rope,2022,0,4,56400
attn,2022,0,4,73451
o_proj,2022,0,4,24539
post_layernorm,2022,0,4,142271
gate_proj,2022,0,4,79954
up_proj,2022,0,4,77786
act_fn,2022,0,4,23645
down_proj,2022,0,4,75372
final_layernorm,2022,0,4,142295
lm_head,2022,0,4,725551
embedding,2023,0,4,55559
input_layernorm,2023,0,4,142257
q_proj,2023,0,4,24420
k_proj,2023,0,4,12625
v_proj,2023,0,4,12584
rope,2023,0,4,56620
attn,2023,0,4,73932
o_proj,2023,0,4,24587
post_layernorm,2023,0,4,142493
gate_proj,2023,0,4,80137
up_proj,2023,0,4,77797
act_fn,2023,0,4,23684
down_proj,2023,0,4,75610
final_layernorm,2023,0,4,142526
lm_head,2023,0,4,725196
embedding,2024,0,4,56189
input_layernorm,2024,0,4,142472
q_proj,2024,0,4,24481
k_proj,2024,0,4,12563
v_proj,2024,0,4,12382
rope,2024,0,4,57411
attn,2024,0,4,74370
o_proj,2024,0,4,24639
post_layernorm,2024,0,4,142909
gate_proj,2024,0,4,80564
up_proj,2024,0,4,77968
act_fn,2024,0,4,23770
down_proj,2024,0,4,75877
final_layernorm,2024,0,4,143205
lm_head,2024,0,4,726381
embedding,2025,0,4,56888
input_layernorm,2025,0,4,143650
q_proj,2025,0,4,24555
k_proj,2025,0,4,12706
v_proj,2025,0,4,12573
rope,2025,0,4,57502
attn,2025,0,4,74694
o_proj,2025,0,4,24756
post_layernorm,2025,0,4,143781
gate_proj,2025,0,4,80900
up_proj,2025,0,4,78137
act_fn,2025,0,4,23799
down_proj,2025,0,4,76138
final_layernorm,2025,0,4,143685
lm_head,2025,0,4,726476
embedding,2026,0,4,55983
input_layernorm,2026,0,4,142431
q_proj,2026,0,4,24445
k_proj,2026,0,4,12587
v_proj,2026,0,4,12496
rope,2026,0,4,56812
attn,2026,0,4,74188
o_proj,2026,0,4,24643
post_layernorm,2026,0,4,142768
gate_proj,2026,0,4,80474
up_proj,2026,0,4,77918
act_fn,2026,0,4,23719
down_proj,2026,0,4,75820
final_layernorm,2026,0,4,142984
lm_head,2026,0,4,726131
embedding,2027,0,4,55606
input_layernorm,2027,0,4,141845
q_proj,2027,0,4,24315
k_proj,2027,0,4,12472
v_proj,2027,0,4,12388
rope,2027,0,4,55964
attn,2027,0,4,73278
o_proj,2027,0,4,24461
post_layernorm,2027,0,4,141734
gate_proj,2027,0,4,79798
up_proj,2027,0,4,77676
act_fn,2027,0,4,23800
down_proj,2027,0,4,75287
final_layernorm,2027,0,4,142443
lm_head,2027,0,4,724930
embedding,2028,0,4,55805
input_layernorm,2028,0,4,142545
q_proj,2028,0,4,24438
k_proj,2028,0,4,12544
v_proj,2028,0,4,12442
rope,2028,0,4,57053
attn,2028,0,4,74099
o_proj,2028,0,4,24637
post_layernorm,2028,0,4,143045
gate_proj,2028,0,4,80285
up_proj,2028,0,4,77942
act_fn,2028,0,4,23780
down_proj,2028,0,4,75837
final_layernorm,2028,0,4,143225
lm_head,2028,0,4,725258
embedding,2029,0,4,55304
input_layernorm,2029,0,4,142385
q_proj,2029,0,4,24291
k_proj,2029,0,4,12658
v_proj,2029,0,4,12444
rope,2029,0,4,56078
attn,2029,0,4,73192
o_proj,2029,0,4,24486
post_layernorm,2029,0,4,142040
gate_proj,2029,0,4,79687
up_proj,2029,0,4,77669
act_fn,2029,0,4,23760
down_proj,2029,0,4,75341
final_layernorm,2029,0,4,142586
lm_head,2029,0,4,725285
embedding,2030,0,4,56203
input_layernorm,2030,0,4,142833
q_proj,2030,0,4,24462
k_proj,2030,0,4,12744
v_proj,2030,0,4,12586
rope,2030,0,4,56959
attn,2030,0,4,73839
o_proj,2030,0,4,24636
post_layernorm,2030,0,4,142919
gate_proj,2030,0,4,80573
up_proj,2030,0,4,78002
act_fn,2030,0,4,23801
down_proj,2030,0,4,75780
final_layernorm,2030,0,4,143266
lm_head,2030,0,4,725333
embedding,2031,0,4,56113
input_layernorm,2031,0,4,143098
q_proj,2031,0,4,24443
k_proj,2031,0,4,12450
v_proj,2031,0,4,12384
rope,2031,0,4,56823
attn,2031,0,4,73802
o_proj,2031,0,4,24610
post_layernorm,2031,0,4,143135
gate_proj,2031,0,4,80408
up_proj,2031,0,4,77918
act_fn,2031,0,4,23808
down_proj,2031,0,4,75728
final_layernorm,2031,0,4,143427
lm_head,2031,0,4,725372
embedding,2032,0,4,56573
input_layernorm,2032,0,4,142985
q_proj,2032,0,4,24497
k_proj,2032,0,4,12375
v_proj,2032,0,4,12097
rope,2032,0,4,57396
attn,2032,0,4,74361
o_proj,2032,0,4,24676
post_layernorm,2032,0,4,143214
gate_proj,2032,0,4,82870
up_proj,2032,0,4,79889
act_fn,2032,0,4,23644
down_proj,2032,0,4,75850
final_layernorm,2032,0,4,143554
lm_head,2032,0,4,726244
embedding,2033,0,4,55333
input_layernorm,2033,0,4,142707
q_proj,2033,0,4,24319
k_proj,2033,0,4,12257
v_proj,2033,0,4,12067
rope,2033,0,4,56175
attn,2033,0,4,73420
o_proj,2033,0,4,24515
post_layernorm,2033,0,4,142737
gate_proj,2033,0,4,79747
up_proj,2033,0,4,77815
act_fn,2033,0,4,23882
down_proj,2033,0,4,75465
final_layernorm,2033,0,4,143107
lm_head,2033,0,4,724736
embedding,2034,0,4,56545
input_layernorm,2034,0,4,143703
q_proj,2034,0,4,24503
k_proj,2034,0,4,12235
v_proj,2034,0,4,11935
rope,2034,0,4,57412
attn,2034,0,4,74456
o_proj,2034,0,4,24665
post_layernorm,2034,0,4,143836
gate_proj,2034,0,4,80520
up_proj,2034,0,4,78006
act_fn,2034,0,4,23866
down_proj,2034,0,4,75902
final_layernorm,2034,0,4,143910
lm_head,2034,0,4,725707
embedding,2035,0,4,55637
input_layernorm,2035,0,4,143049
q_proj,2035,0,4,24376
k_proj,2035,0,4,12170
v_proj,2035,0,4,11936
rope,2035,0,4,56401
attn,2035,0,4,73689
o_proj,2035,0,4,24549
post_layernorm,2035,0,4,143032
gate_proj,2035,0,4,79947
up_proj,2035,0,4,77864
act_fn,2035,0,4,23846
down_proj,2035,0,4,75545
final_layernorm,2035,0,4,143258
lm_head,2035,0,4,725683
embedding,2036,0,4,56361
input_layernorm,2036,0,4,143697
q_proj,2036,0,4,24515
k_proj,2036,0,4,12142
v_proj,2036,0,4,11826
rope,2036,0,4,57496
attn,2036,0,4,74450
o_proj,2036,0,4,24687
post_layernorm,2036,0,4,144309
gate_proj,2036,0,4,80651
up_proj,2036,0,4,78003
act_fn,2036,0,4,23869
down_proj,2036,0,4,75880
final_layernorm,2036,0,4,144384
lm_head,2036,0,4,725313
embedding,2037,0,4,55723
input_layernorm,2037,0,4,143266
q_proj,2037,0,4,24343
k_proj,2037,0,4,12095
v_proj,2037,0,4,11909
rope,2037,0,4,56380
attn,2037,0,4,73262
o_proj,2037,0,4,24548
post_layernorm,2037,0,4,143141
gate_proj,2037,0,4,79853
up_proj,2037,0,4,77809
act_fn,2037,0,4,23879
down_proj,2037,0,4,75518
final_layernorm,2037,0,4,143506
lm_head,2037,0,4,724694
embedding,2038,0,4,56075
input_layernorm,2038,0,4,143359
q_proj,2038,0,4,24421
k_proj,2038,0,4,12006
v_proj,2038,0,4,11755
rope,2038,0,4,56703
attn,2038,0,4,73880
o_proj,2038,0,4,24599
post_layernorm,2038,0,4,143515
gate_proj,2038,0,4,80118
up_proj,2038,0,4,77918
act_fn,2038,0,4,23947
down_proj,2038,0,4,75662
final_layernorm,2038,0,4,143762
lm_head,2038,0,4,725428
embedding,2039,0,4,56260
input_layernorm,2039,0,4,143601
q_proj,2039,0,4,24452
k_proj,2039,0,4,12091
v_proj,2039,0,4,11805
rope,2039,0,4,56710
attn,2039,0,4,73646
o_proj,2039,0,4,24618
post_layernorm,2039,0,4,143780
gate_proj,2039,0,4,80228
up_proj,2039,0,4,77949
act_fn,2039,0,4,23939
down_proj,2039,0,4,75682
final_layernorm,2039,0,4,143735
lm_head,2039,0,4,725286
embedding,2040,0,4,56432
input_layernorm,2040,0,4,143691
q_proj,2040,0,4,24514
k_proj,2040,0,4,12029
v_proj,2040,0,4,11637
rope,2040,0,4,57499
attn,2040,0,4,74130
o_proj,2040,0,4,24705
post_layernorm,2040,0,4,143932
gate_proj,2040,0,4,80594
up_proj,2040,0,4,78042
act_fn,2040,0,4,23895
down_proj,2040,0,4,75937
final_layernorm,2040,0,4,144125
lm_head,2040,0,4,726248
embedding,2041,0,4,55911
input_layernorm,2041,0,4,143523
q_proj,2041,0,4,24453
k_proj,2041,0,4,12110
v_proj,2041,0,4,11730
rope,2041,0,4,56802
attn,2041,0,4,73935
o_proj,2041,0,4,24618
post_layernorm,2041,0,4,143883
gate_proj,2041,0,4,80225
up_proj,2041,0,4,77925
act_fn,2041,0,4,23979
down_proj,2041,0,4,75718
final_layernorm,2041,0,4,143987
lm_head,2041,0,4,725224
embedding,2042,0,4,57023
input_layernorm,2042,0,4,144736
q_proj,2042,0,4,24609
k_proj,2042,0,4,12061
v_proj,2042,0,4,11589
rope,2042,0,4,57761
attn,2042,0,4,74870
o_proj,2042,0,4,24776
post_layernorm,2042,0,4,145067
gate_proj,2042,0,4,80971
up_proj,2042,0,4,78225
act_fn,2042,0,4,23970
down_proj,2042,0,4,76255
final_layernorm,2042,0,4,145151
lm_head,2042,0,4,726318
embedding,2043,0,4,56019
input_layernorm,2043,0,4,143968
q_proj,2043,0,4,24424
k_proj,2043,0,4,11968
v_proj,2043,0,4,11615
rope,2043,0,4,56597
attn,2043,0,4,73332
o_proj,2043,0,4,24593
post_layernorm,2043,0,4,143609
gate_proj,2043,0,4,80089
up_proj,2043,0,4,77919
act_fn,2043,0,4,23955
down_proj,2043,0,4,75566
final_layernorm,2043,0,4,144050
lm_head,2043,0,4,725388
embedding,2044,0,4,57288
input_layernorm,2044,0,4,144778
q_proj,2044,0,4,24592
k_proj,2044,0,4,12045
v_proj,2044,0,4,11623
rope,2044,0,4,58024
attn,2044,0,4,74679
o_proj,2044,0,4,24777
post_layernorm,2044,0,4,145451
gate_proj,2044,0,4,80925
up_proj,2044,0,4,78206
act_fn,2044,0,4,24083
down_proj,2044,0,4,76172
final_layernorm,2044,0,4,145102
lm_head,2044,0,4,725853
embedding,2045,0,4,57634
input_layernorm,2045,0,4,145307
q_proj,2045,0,4,24631
k_proj,2045,0,4,12027
v_proj,2045,0,4,11641
rope,2045,0,4,57886
attn,2045,0,4,74768
o_proj,2045,0,4,24821
post_layernorm,2045,0,4,145448
gate_proj,2045,0,4,81055
up_proj,2045,0,4,78287
act_fn,2045,0,4,24031
down_proj,2045,0,4,76300
final_layernorm,2045,0,4,145239
lm_head,2045,0,4,726562
embedding,2046,0,4,56664
input_layernorm,2046,0,4,143912
q_proj,2046,0,4,24434
k_proj,2046,0,4,11995
v_proj,2046,0,4,11548
rope,2046,0,4,56728
attn,2046,0,4,73963
o_proj,2046,0,4,24607
post_layernorm,2046,0,4,144091
gate_proj,2046,0,4,80065
up_proj,2046,0,4,77936
act_fn,2046,0,4,24124
down_proj,2046,0,4,75745
final_layernorm,2046,0,4,144256
lm_head,2046,0,4,725356
embedding,2047,0,4,56575
input_layernorm,2047,0,4,144040
q_proj,2047,0,4,24430
k_proj,2047,0,4,11992
v_proj,2047,0,4,11595
rope,2047,0,4,56720
attn,2047,0,4,73650
o_proj,2047,0,4,24591
post_layernorm,2047,0,4,144101
gate_proj,2047,0,4,80045
up_proj,2047,0,4,77943
act_fn,2047,0,4,24075
down_proj,2047,0,4,75544
final_layernorm,2047,0,4,144279
lm_head,2047,0,4,725243
embedding,2048,0,4,58329
input_layernorm,2048,0,4,143929
q_proj,2048,0,4,24547
k_proj,2048,0,4,11959
v_proj,2048,0,4,11478
rope,2048,0,4,57461
attn,2048,0,4,69193
o_proj,2048,0,4,24705
post_layernorm,2048,0,4,143828
gate_proj,2048,0,4,79153
up_proj,2048,0,4,76729
act_fn,2048,0,4,23736
down_proj,2048,0,4,75959
final_layernorm,2048,0,4,144236
lm_head,2048,0,4,709210
