layer_name,input,kv_cache,tp_size,latency(ns)
embedding,1,0,2,68436
input_layernorm,1,0,2,1
q_proj,1,0,2,1
k_proj,1,0,2,1
v_proj,1,0,2,1
rope,1,0,2,1
attn,1,0,2,1
o_proj,1,0,2,1
post_layernorm,1,0,2,1
gate_proj,1,0,2,184884
up_proj,1,0,2,1
act_fn,1,0,2,1
down_proj,1,0,2,1
final_layernorm,1,0,2,9352
lm_head,1,0,2,379788
embedding,2,0,2,68672
input_layernorm,2,0,2,1
q_proj,2,0,2,1
k_proj,2,0,2,1
v_proj,2,0,2,1
rope,2,0,2,1
attn,2,0,2,1
o_proj,2,0,2,1
post_layernorm,2,0,2,1
gate_proj,2,0,2,185215
up_proj,2,0,2,1
act_fn,2,0,2,1
down_proj,2,0,2,1
final_layernorm,2,0,2,9368
lm_head,2,0,2,380422
embedding,3,0,2,68909
input_layernorm,3,0,2,1
q_proj,3,0,2,1
k_proj,3,0,2,1
v_proj,3,0,2,1
rope,3,0,2,1
attn,3,0,2,1
o_proj,3,0,2,1
post_layernorm,3,0,2,1
gate_proj,3,0,2,185545
up_proj,3,0,2,1
act_fn,3,0,2,1
down_proj,3,0,2,1
final_layernorm,3,0,2,9383
lm_head,3,0,2,381056
embedding,4,0,2,69145
input_layernorm,4,0,2,1
q_proj,4,0,2,1
k_proj,4,0,2,1
v_proj,4,0,2,1
rope,4,0,2,1
attn,4,0,2,1
o_proj,4,0,2,1
post_layernorm,4,0,2,1
gate_proj,4,0,2,185876
up_proj,4,0,2,1
act_fn,4,0,2,1
down_proj,4,0,2,1
final_layernorm,4,0,2,9399
lm_head,4,0,2,381688
embedding,5,0,2,69381
input_layernorm,5,0,2,1
q_proj,5,0,2,1
k_proj,5,0,2,1
v_proj,5,0,2,1
rope,5,0,2,1
attn,5,0,2,1
o_proj,5,0,2,1
post_layernorm,5,0,2,1
gate_proj,5,0,2,186206
up_proj,5,0,2,1
act_fn,5,0,2,1
down_proj,5,0,2,1
final_layernorm,5,0,2,9415
lm_head,5,0,2,382322
embedding,6,0,2,69618
input_layernorm,6,0,2,1
q_proj,6,0,2,1
k_proj,6,0,2,1
v_proj,6,0,2,1
rope,6,0,2,1
attn,6,0,2,1
o_proj,6,0,2,1
post_layernorm,6,0,2,1
gate_proj,6,0,2,186536
up_proj,6,0,2,1
act_fn,6,0,2,1
down_proj,6,0,2,1
final_layernorm,6,0,2,9430
lm_head,6,0,2,382955
embedding,7,0,2,69854
input_layernorm,7,0,2,1
q_proj,7,0,2,1
k_proj,7,0,2,1
v_proj,7,0,2,1
rope,7,0,2,1
attn,7,0,2,1
o_proj,7,0,2,1
post_layernorm,7,0,2,1
gate_proj,7,0,2,186867
up_proj,7,0,2,1
act_fn,7,0,2,1
down_proj,7,0,2,1
final_layernorm,7,0,2,9446
lm_head,7,0,2,383589
embedding,8,0,2,70090
input_layernorm,8,0,2,1
q_proj,8,0,2,1
k_proj,8,0,2,1
v_proj,8,0,2,1
rope,8,0,2,1
attn,8,0,2,1
o_proj,8,0,2,1
post_layernorm,8,0,2,1
gate_proj,8,0,2,187197
up_proj,8,0,2,1
act_fn,8,0,2,1
down_proj,8,0,2,1
final_layernorm,8,0,2,9461
lm_head,8,0,2,384222
embedding,9,0,2,70327
input_layernorm,9,0,2,1
q_proj,9,0,2,1
k_proj,9,0,2,1
v_proj,9,0,2,1
rope,9,0,2,1
attn,9,0,2,1
o_proj,9,0,2,1
post_layernorm,9,0,2,1
gate_proj,9,0,2,187528
up_proj,9,0,2,1
act_fn,9,0,2,1
down_proj,9,0,2,1
final_layernorm,9,0,2,9477
lm_head,9,0,2,384855
embedding,10,0,2,70563
input_layernorm,10,0,2,1
q_proj,10,0,2,1
k_proj,10,0,2,1
v_proj,10,0,2,1
rope,10,0,2,1
attn,10,0,2,1
o_proj,10,0,2,1
post_layernorm,10,0,2,1
gate_proj,10,0,2,187858
up_proj,10,0,2,1
act_fn,10,0,2,1
down_proj,10,0,2,1
final_layernorm,10,0,2,9493
lm_head,10,0,2,385489
embedding,11,0,2,70799
input_layernorm,11,0,2,1
q_proj,11,0,2,1
k_proj,11,0,2,1
v_proj,11,0,2,1
rope,11,0,2,1
attn,11,0,2,1
o_proj,11,0,2,1
post_layernorm,11,0,2,1
gate_proj,11,0,2,188188
up_proj,11,0,2,1
act_fn,11,0,2,1
down_proj,11,0,2,1
final_layernorm,11,0,2,9508
lm_head,11,0,2,386123
embedding,12,0,2,71036
input_layernorm,12,0,2,1
q_proj,12,0,2,1
k_proj,12,0,2,1
v_proj,12,0,2,1
rope,12,0,2,1
attn,12,0,2,1
o_proj,12,0,2,1
post_layernorm,12,0,2,1
gate_proj,12,0,2,188519
up_proj,12,0,2,1
act_fn,12,0,2,1
down_proj,12,0,2,1
final_layernorm,12,0,2,9524
lm_head,12,0,2,386755
embedding,13,0,2,71272
input_layernorm,13,0,2,1
q_proj,13,0,2,1
k_proj,13,0,2,1
v_proj,13,0,2,1
rope,13,0,2,1
attn,13,0,2,1
o_proj,13,0,2,1
post_layernorm,13,0,2,1
gate_proj,13,0,2,188849
up_proj,13,0,2,1
act_fn,13,0,2,1
down_proj,13,0,2,1
final_layernorm,13,0,2,9539
lm_head,13,0,2,387389
embedding,14,0,2,71508
input_layernorm,14,0,2,1
q_proj,14,0,2,1
k_proj,14,0,2,1
v_proj,14,0,2,1
rope,14,0,2,1
attn,14,0,2,1
o_proj,14,0,2,1
post_layernorm,14,0,2,1
gate_proj,14,0,2,189180
up_proj,14,0,2,1
act_fn,14,0,2,1
down_proj,14,0,2,1
final_layernorm,14,0,2,9555
lm_head,14,0,2,388023
embedding,15,0,2,71745
input_layernorm,15,0,2,1
q_proj,15,0,2,1
k_proj,15,0,2,1
v_proj,15,0,2,1
rope,15,0,2,1
attn,15,0,2,1
o_proj,15,0,2,1
post_layernorm,15,0,2,1
gate_proj,15,0,2,189510
up_proj,15,0,2,1
act_fn,15,0,2,1
down_proj,15,0,2,1
final_layernorm,15,0,2,9571
lm_head,15,0,2,388656
embedding,16,0,2,71981
input_layernorm,16,0,2,1
q_proj,16,0,2,1
k_proj,16,0,2,1
v_proj,16,0,2,1
rope,16,0,2,1
attn,16,0,2,1
o_proj,16,0,2,1
post_layernorm,16,0,2,1
gate_proj,16,0,2,189841
up_proj,16,0,2,1
act_fn,16,0,2,1
down_proj,16,0,2,1
final_layernorm,16,0,2,9586
lm_head,16,0,2,389289
embedding,17,0,2,72217
input_layernorm,17,0,2,1
q_proj,17,0,2,1
k_proj,17,0,2,1
v_proj,17,0,2,1
rope,17,0,2,1
attn,17,0,2,1
o_proj,17,0,2,1
post_layernorm,17,0,2,1
gate_proj,17,0,2,190171
up_proj,17,0,2,1
act_fn,17,0,2,1
down_proj,17,0,2,1
final_layernorm,17,0,2,9602
lm_head,17,0,2,389923
embedding,18,0,2,72454
input_layernorm,18,0,2,1
q_proj,18,0,2,1
k_proj,18,0,2,1
v_proj,18,0,2,1
rope,18,0,2,1
attn,18,0,2,1
o_proj,18,0,2,1
post_layernorm,18,0,2,1
gate_proj,18,0,2,190501
up_proj,18,0,2,1
act_fn,18,0,2,1
down_proj,18,0,2,1
final_layernorm,18,0,2,9617
lm_head,18,0,2,390556
embedding,19,0,2,72690
input_layernorm,19,0,2,1
q_proj,19,0,2,1
k_proj,19,0,2,1
v_proj,19,0,2,1
rope,19,0,2,1
attn,19,0,2,1
o_proj,19,0,2,1
post_layernorm,19,0,2,1
gate_proj,19,0,2,190832
up_proj,19,0,2,1
act_fn,19,0,2,1
down_proj,19,0,2,1
final_layernorm,19,0,2,9633
lm_head,19,0,2,391190
embedding,20,0,2,72926
input_layernorm,20,0,2,1
q_proj,20,0,2,1
k_proj,20,0,2,1
v_proj,20,0,2,1
rope,20,0,2,1
attn,20,0,2,1
o_proj,20,0,2,1
post_layernorm,20,0,2,1
gate_proj,20,0,2,191162
up_proj,20,0,2,1
act_fn,20,0,2,1
down_proj,20,0,2,1
final_layernorm,20,0,2,9649
lm_head,20,0,2,391823
embedding,21,0,2,73163
input_layernorm,21,0,2,1
q_proj,21,0,2,1
k_proj,21,0,2,1
v_proj,21,0,2,1
rope,21,0,2,1
attn,21,0,2,1
o_proj,21,0,2,1
post_layernorm,21,0,2,1
gate_proj,21,0,2,191493
up_proj,21,0,2,1
act_fn,21,0,2,1
down_proj,21,0,2,1
final_layernorm,21,0,2,9664
lm_head,21,0,2,392456
embedding,22,0,2,73399
input_layernorm,22,0,2,1
q_proj,22,0,2,1
k_proj,22,0,2,1
v_proj,22,0,2,1
rope,22,0,2,1
attn,22,0,2,1
o_proj,22,0,2,1
post_layernorm,22,0,2,1
gate_proj,22,0,2,191823
up_proj,22,0,2,1
act_fn,22,0,2,1
down_proj,22,0,2,1
final_layernorm,22,0,2,9680
lm_head,22,0,2,393090
embedding,23,0,2,73635
input_layernorm,23,0,2,1
q_proj,23,0,2,1
k_proj,23,0,2,1
v_proj,23,0,2,1
rope,23,0,2,1
attn,23,0,2,1
o_proj,23,0,2,1
post_layernorm,23,0,2,1
gate_proj,23,0,2,192153
up_proj,23,0,2,1
act_fn,23,0,2,1
down_proj,23,0,2,1
final_layernorm,23,0,2,9695
lm_head,23,0,2,393723
embedding,24,0,2,73872
input_layernorm,24,0,2,1
q_proj,24,0,2,1
k_proj,24,0,2,1
v_proj,24,0,2,1
rope,24,0,2,1
attn,24,0,2,1
o_proj,24,0,2,1
post_layernorm,24,0,2,1
gate_proj,24,0,2,192484
up_proj,24,0,2,1
act_fn,24,0,2,1
down_proj,24,0,2,1
final_layernorm,24,0,2,9711
lm_head,24,0,2,394356
embedding,25,0,2,74108
input_layernorm,25,0,2,1
q_proj,25,0,2,1
k_proj,25,0,2,1
v_proj,25,0,2,1
rope,25,0,2,1
attn,25,0,2,1
o_proj,25,0,2,1
post_layernorm,25,0,2,1
gate_proj,25,0,2,192814
up_proj,25,0,2,1
act_fn,25,0,2,1
down_proj,25,0,2,1
final_layernorm,25,0,2,9727
lm_head,25,0,2,394990
embedding,26,0,2,74344
input_layernorm,26,0,2,1
q_proj,26,0,2,1
k_proj,26,0,2,1
v_proj,26,0,2,1
rope,26,0,2,1
attn,26,0,2,1
o_proj,26,0,2,1
post_layernorm,26,0,2,1
gate_proj,26,0,2,193145
up_proj,26,0,2,1
act_fn,26,0,2,1
down_proj,26,0,2,1
final_layernorm,26,0,2,9742
lm_head,26,0,2,395623
embedding,27,0,2,74581
input_layernorm,27,0,2,1
q_proj,27,0,2,1
k_proj,27,0,2,1
v_proj,27,0,2,1
rope,27,0,2,1
attn,27,0,2,1
o_proj,27,0,2,1
post_layernorm,27,0,2,1
gate_proj,27,0,2,193475
up_proj,27,0,2,1
act_fn,27,0,2,1
down_proj,27,0,2,1
final_layernorm,27,0,2,9758
lm_head,27,0,2,396257
embedding,28,0,2,74817
input_layernorm,28,0,2,1
q_proj,28,0,2,1
k_proj,28,0,2,1
v_proj,28,0,2,1
rope,28,0,2,1
attn,28,0,2,1
o_proj,28,0,2,1
post_layernorm,28,0,2,1
gate_proj,28,0,2,193806
up_proj,28,0,2,1
act_fn,28,0,2,1
down_proj,28,0,2,1
final_layernorm,28,0,2,9773
lm_head,28,0,2,396890
embedding,29,0,2,75053
input_layernorm,29,0,2,1
q_proj,29,0,2,1
k_proj,29,0,2,1
v_proj,29,0,2,1
rope,29,0,2,1
attn,29,0,2,1
o_proj,29,0,2,1
post_layernorm,29,0,2,1
gate_proj,29,0,2,194136
up_proj,29,0,2,1
act_fn,29,0,2,1
down_proj,29,0,2,1
final_layernorm,29,0,2,9789
lm_head,29,0,2,397523
embedding,30,0,2,75290
input_layernorm,30,0,2,1
q_proj,30,0,2,1
k_proj,30,0,2,1
v_proj,30,0,2,1
rope,30,0,2,1
attn,30,0,2,1
o_proj,30,0,2,1
post_layernorm,30,0,2,1
gate_proj,30,0,2,194466
up_proj,30,0,2,1
act_fn,30,0,2,1
down_proj,30,0,2,1
final_layernorm,30,0,2,9805
lm_head,30,0,2,398157
embedding,31,0,2,75526
input_layernorm,31,0,2,1
q_proj,31,0,2,1
k_proj,31,0,2,1
v_proj,31,0,2,1
rope,31,0,2,1
attn,31,0,2,1
o_proj,31,0,2,1
post_layernorm,31,0,2,1
gate_proj,31,0,2,194797
up_proj,31,0,2,1
act_fn,31,0,2,1
down_proj,31,0,2,1
final_layernorm,31,0,2,9820
lm_head,31,0,2,398791
embedding,32,0,2,75762
input_layernorm,32,0,2,1
q_proj,32,0,2,1
k_proj,32,0,2,1
v_proj,32,0,2,1
rope,32,0,2,1
attn,32,0,2,1
o_proj,32,0,2,1
post_layernorm,32,0,2,1
gate_proj,32,0,2,195127
up_proj,32,0,2,1
act_fn,32,0,2,1
down_proj,32,0,2,1
final_layernorm,32,0,2,9836
lm_head,32,0,2,399423
embedding,33,0,2,75999
input_layernorm,33,0,2,1
q_proj,33,0,2,1
k_proj,33,0,2,1
v_proj,33,0,2,1
rope,33,0,2,1
attn,33,0,2,1
o_proj,33,0,2,1
post_layernorm,33,0,2,1
gate_proj,33,0,2,195458
up_proj,33,0,2,1
act_fn,33,0,2,1
down_proj,33,0,2,1
final_layernorm,33,0,2,9851
lm_head,33,0,2,400057
embedding,34,0,2,76235
input_layernorm,34,0,2,1
q_proj,34,0,2,1
k_proj,34,0,2,1
v_proj,34,0,2,1
rope,34,0,2,1
attn,34,0,2,1
o_proj,34,0,2,1
post_layernorm,34,0,2,1
gate_proj,34,0,2,195788
up_proj,34,0,2,1
act_fn,34,0,2,1
down_proj,34,0,2,1
final_layernorm,34,0,2,9867
lm_head,34,0,2,400691
embedding,35,0,2,76471
input_layernorm,35,0,2,1
q_proj,35,0,2,1
k_proj,35,0,2,1
v_proj,35,0,2,1
rope,35,0,2,1
attn,35,0,2,1
o_proj,35,0,2,1
post_layernorm,35,0,2,1
gate_proj,35,0,2,196118
up_proj,35,0,2,1
act_fn,35,0,2,1
down_proj,35,0,2,1
final_layernorm,35,0,2,9882
lm_head,35,0,2,401324
embedding,36,0,2,76708
input_layernorm,36,0,2,1
q_proj,36,0,2,1
k_proj,36,0,2,1
v_proj,36,0,2,1
rope,36,0,2,1
attn,36,0,2,1
o_proj,36,0,2,1
post_layernorm,36,0,2,1
gate_proj,36,0,2,196449
up_proj,36,0,2,1
act_fn,36,0,2,1
down_proj,36,0,2,1
final_layernorm,36,0,2,9898
lm_head,36,0,2,401957
embedding,37,0,2,76944
input_layernorm,37,0,2,1
q_proj,37,0,2,1
k_proj,37,0,2,1
v_proj,37,0,2,1
rope,37,0,2,1
attn,37,0,2,1
o_proj,37,0,2,1
post_layernorm,37,0,2,1
gate_proj,37,0,2,196779
up_proj,37,0,2,1
act_fn,37,0,2,1
down_proj,37,0,2,1
final_layernorm,37,0,2,9914
lm_head,37,0,2,402590
embedding,38,0,2,77180
input_layernorm,38,0,2,1
q_proj,38,0,2,1
k_proj,38,0,2,1
v_proj,38,0,2,1
rope,38,0,2,1
attn,38,0,2,1
o_proj,38,0,2,1
post_layernorm,38,0,2,1
gate_proj,38,0,2,197110
up_proj,38,0,2,1
act_fn,38,0,2,1
down_proj,38,0,2,1
final_layernorm,38,0,2,9929
lm_head,38,0,2,403224
embedding,39,0,2,77417
input_layernorm,39,0,2,1
q_proj,39,0,2,1
k_proj,39,0,2,1
v_proj,39,0,2,1
rope,39,0,2,1
attn,39,0,2,1
o_proj,39,0,2,1
post_layernorm,39,0,2,1
gate_proj,39,0,2,197440
up_proj,39,0,2,1
act_fn,39,0,2,1
down_proj,39,0,2,1
final_layernorm,39,0,2,9945
lm_head,39,0,2,403858
embedding,40,0,2,77653
input_layernorm,40,0,2,1
q_proj,40,0,2,1
k_proj,40,0,2,1
v_proj,40,0,2,1
rope,40,0,2,1
attn,40,0,2,1
o_proj,40,0,2,1
post_layernorm,40,0,2,1
gate_proj,40,0,2,197771
up_proj,40,0,2,1
act_fn,40,0,2,1
down_proj,40,0,2,1
final_layernorm,40,0,2,9960
lm_head,40,0,2,404491
embedding,41,0,2,77889
input_layernorm,41,0,2,1
q_proj,41,0,2,1
k_proj,41,0,2,1
v_proj,41,0,2,1
rope,41,0,2,1
attn,41,0,2,1
o_proj,41,0,2,1
post_layernorm,41,0,2,1
gate_proj,41,0,2,198101
up_proj,41,0,2,1
act_fn,41,0,2,1
down_proj,41,0,2,1
final_layernorm,41,0,2,9976
lm_head,41,0,2,405124
embedding,42,0,2,78126
input_layernorm,42,0,2,1
q_proj,42,0,2,1
k_proj,42,0,2,1
v_proj,42,0,2,1
rope,42,0,2,1
attn,42,0,2,1
o_proj,42,0,2,1
post_layernorm,42,0,2,1
gate_proj,42,0,2,198431
up_proj,42,0,2,1
act_fn,42,0,2,1
down_proj,42,0,2,1
final_layernorm,42,0,2,9992
lm_head,42,0,2,405758
embedding,43,0,2,78362
input_layernorm,43,0,2,1
q_proj,43,0,2,1
k_proj,43,0,2,1
v_proj,43,0,2,1
rope,43,0,2,1
attn,43,0,2,1
o_proj,43,0,2,1
post_layernorm,43,0,2,1
gate_proj,43,0,2,198762
up_proj,43,0,2,1
act_fn,43,0,2,1
down_proj,43,0,2,1
final_layernorm,43,0,2,10007
lm_head,43,0,2,406391
embedding,44,0,2,78598
input_layernorm,44,0,2,1
q_proj,44,0,2,1
k_proj,44,0,2,1
v_proj,44,0,2,1
rope,44,0,2,1
attn,44,0,2,1
o_proj,44,0,2,1
post_layernorm,44,0,2,1
gate_proj,44,0,2,199092
up_proj,44,0,2,1
act_fn,44,0,2,1
down_proj,44,0,2,1
final_layernorm,44,0,2,10023
lm_head,44,0,2,407025
embedding,45,0,2,78835
input_layernorm,45,0,2,1
q_proj,45,0,2,1
k_proj,45,0,2,1
v_proj,45,0,2,1
rope,45,0,2,1
attn,45,0,2,1
o_proj,45,0,2,1
post_layernorm,45,0,2,1
gate_proj,45,0,2,199423
up_proj,45,0,2,1
act_fn,45,0,2,1
down_proj,45,0,2,1
final_layernorm,45,0,2,10038
lm_head,45,0,2,407658
embedding,46,0,2,79071
input_layernorm,46,0,2,1
q_proj,46,0,2,1
k_proj,46,0,2,1
v_proj,46,0,2,1
rope,46,0,2,1
attn,46,0,2,1
o_proj,46,0,2,1
post_layernorm,46,0,2,1
gate_proj,46,0,2,199753
up_proj,46,0,2,1
act_fn,46,0,2,1
down_proj,46,0,2,1
final_layernorm,46,0,2,10054
lm_head,46,0,2,408291
embedding,47,0,2,79307
input_layernorm,47,0,2,1
q_proj,47,0,2,1
k_proj,47,0,2,1
v_proj,47,0,2,1
rope,47,0,2,1
attn,47,0,2,1
o_proj,47,0,2,1
post_layernorm,47,0,2,1
gate_proj,47,0,2,200083
up_proj,47,0,2,1
act_fn,47,0,2,1
down_proj,47,0,2,1
final_layernorm,47,0,2,10070
lm_head,47,0,2,408925
embedding,48,0,2,79544
input_layernorm,48,0,2,1
q_proj,48,0,2,1
k_proj,48,0,2,1
v_proj,48,0,2,1
rope,48,0,2,1
attn,48,0,2,1
o_proj,48,0,2,1
post_layernorm,48,0,2,1
gate_proj,48,0,2,200413
up_proj,48,0,2,1
act_fn,48,0,2,1
down_proj,48,0,2,1
final_layernorm,48,0,2,10085
lm_head,48,0,2,409559
embedding,49,0,2,79780
input_layernorm,49,0,2,1
q_proj,49,0,2,1
k_proj,49,0,2,1
v_proj,49,0,2,1
rope,49,0,2,1
attn,49,0,2,1
o_proj,49,0,2,1
post_layernorm,49,0,2,1
gate_proj,49,0,2,200744
up_proj,49,0,2,1
act_fn,49,0,2,1
down_proj,49,0,2,1
final_layernorm,49,0,2,10101
lm_head,49,0,2,410191
embedding,50,0,2,80016
input_layernorm,50,0,2,1
q_proj,50,0,2,1
k_proj,50,0,2,1
v_proj,50,0,2,1
rope,50,0,2,1
attn,50,0,2,1
o_proj,50,0,2,1
post_layernorm,50,0,2,1
gate_proj,50,0,2,201075
up_proj,50,0,2,1
act_fn,50,0,2,1
down_proj,50,0,2,1
final_layernorm,50,0,2,10116
lm_head,50,0,2,410825
embedding,51,0,2,80253
input_layernorm,51,0,2,1
q_proj,51,0,2,1
k_proj,51,0,2,1
v_proj,51,0,2,1
rope,51,0,2,1
attn,51,0,2,1
o_proj,51,0,2,1
post_layernorm,51,0,2,1
gate_proj,51,0,2,201405
up_proj,51,0,2,1
act_fn,51,0,2,1
down_proj,51,0,2,1
final_layernorm,51,0,2,10132
lm_head,51,0,2,411459
embedding,52,0,2,80489
input_layernorm,52,0,2,1
q_proj,52,0,2,1
k_proj,52,0,2,1
v_proj,52,0,2,1
rope,52,0,2,1
attn,52,0,2,1
o_proj,52,0,2,1
post_layernorm,52,0,2,1
gate_proj,52,0,2,201735
up_proj,52,0,2,1
act_fn,52,0,2,1
down_proj,52,0,2,1
final_layernorm,52,0,2,10148
lm_head,52,0,2,412092
embedding,53,0,2,80725
input_layernorm,53,0,2,1
q_proj,53,0,2,1
k_proj,53,0,2,1
v_proj,53,0,2,1
rope,53,0,2,1
attn,53,0,2,1
o_proj,53,0,2,1
post_layernorm,53,0,2,1
gate_proj,53,0,2,202066
up_proj,53,0,2,1
act_fn,53,0,2,1
down_proj,53,0,2,1
final_layernorm,53,0,2,10163
lm_head,53,0,2,412725
embedding,54,0,2,80962
input_layernorm,54,0,2,1
q_proj,54,0,2,1
k_proj,54,0,2,1
v_proj,54,0,2,1
rope,54,0,2,1
attn,54,0,2,1
o_proj,54,0,2,1
post_layernorm,54,0,2,1
gate_proj,54,0,2,202396
up_proj,54,0,2,1
act_fn,54,0,2,1
down_proj,54,0,2,1
final_layernorm,54,0,2,10179
lm_head,54,0,2,413358
embedding,55,0,2,81198
input_layernorm,55,0,2,1
q_proj,55,0,2,1
k_proj,55,0,2,1
v_proj,55,0,2,1
rope,55,0,2,1
attn,55,0,2,1
o_proj,55,0,2,1
post_layernorm,55,0,2,1
gate_proj,55,0,2,202726
up_proj,55,0,2,1
act_fn,55,0,2,1
down_proj,55,0,2,1
final_layernorm,55,0,2,10194
lm_head,55,0,2,413992
embedding,56,0,2,81434
input_layernorm,56,0,2,1
q_proj,56,0,2,1
k_proj,56,0,2,1
v_proj,56,0,2,1
rope,56,0,2,1
attn,56,0,2,1
o_proj,56,0,2,1
post_layernorm,56,0,2,1
gate_proj,56,0,2,203057
up_proj,56,0,2,1
act_fn,56,0,2,1
down_proj,56,0,2,1
final_layernorm,56,0,2,10210
lm_head,56,0,2,414626
embedding,57,0,2,81671
input_layernorm,57,0,2,1
q_proj,57,0,2,1
k_proj,57,0,2,1
v_proj,57,0,2,1
rope,57,0,2,1
attn,57,0,2,1
o_proj,57,0,2,1
post_layernorm,57,0,2,1
gate_proj,57,0,2,203388
up_proj,57,0,2,1
act_fn,57,0,2,1
down_proj,57,0,2,1
final_layernorm,57,0,2,10226
lm_head,57,0,2,415258
embedding,58,0,2,81907
input_layernorm,58,0,2,1
q_proj,58,0,2,1
k_proj,58,0,2,1
v_proj,58,0,2,1
rope,58,0,2,1
attn,58,0,2,1
o_proj,58,0,2,1
post_layernorm,58,0,2,1
gate_proj,58,0,2,203718
up_proj,58,0,2,1
act_fn,58,0,2,1
down_proj,58,0,2,1
final_layernorm,58,0,2,10241
lm_head,58,0,2,415892
embedding,59,0,2,82143
input_layernorm,59,0,2,1
q_proj,59,0,2,1
k_proj,59,0,2,1
v_proj,59,0,2,1
rope,59,0,2,1
attn,59,0,2,1
o_proj,59,0,2,1
post_layernorm,59,0,2,1
gate_proj,59,0,2,204048
up_proj,59,0,2,1
act_fn,59,0,2,1
down_proj,59,0,2,1
final_layernorm,59,0,2,10257
lm_head,59,0,2,416526
embedding,60,0,2,82380
input_layernorm,60,0,2,1
q_proj,60,0,2,1
k_proj,60,0,2,1
v_proj,60,0,2,1
rope,60,0,2,1
attn,60,0,2,1
o_proj,60,0,2,1
post_layernorm,60,0,2,1
gate_proj,60,0,2,204378
up_proj,60,0,2,1
act_fn,60,0,2,1
down_proj,60,0,2,1
final_layernorm,60,0,2,10272
lm_head,60,0,2,417159
embedding,61,0,2,82616
input_layernorm,61,0,2,1
q_proj,61,0,2,1
k_proj,61,0,2,1
v_proj,61,0,2,1
rope,61,0,2,1
attn,61,0,2,1
o_proj,61,0,2,1
post_layernorm,61,0,2,1
gate_proj,61,0,2,204709
up_proj,61,0,2,1
act_fn,61,0,2,1
down_proj,61,0,2,1
final_layernorm,61,0,2,10288
lm_head,61,0,2,417792
embedding,62,0,2,82852
input_layernorm,62,0,2,1
q_proj,62,0,2,1
k_proj,62,0,2,1
v_proj,62,0,2,1
rope,62,0,2,1
attn,62,0,2,1
o_proj,62,0,2,1
post_layernorm,62,0,2,1
gate_proj,62,0,2,205040
up_proj,62,0,2,1
act_fn,62,0,2,1
down_proj,62,0,2,1
final_layernorm,62,0,2,10304
lm_head,62,0,2,418426
embedding,63,0,2,83089
input_layernorm,63,0,2,1
q_proj,63,0,2,1
k_proj,63,0,2,1
v_proj,63,0,2,1
rope,63,0,2,1
attn,63,0,2,1
o_proj,63,0,2,1
post_layernorm,63,0,2,1
gate_proj,63,0,2,205370
up_proj,63,0,2,1
act_fn,63,0,2,1
down_proj,63,0,2,1
final_layernorm,63,0,2,10319
lm_head,63,0,2,419059
embedding,64,0,2,83325
input_layernorm,64,0,2,1
q_proj,64,0,2,1
k_proj,64,0,2,1
v_proj,64,0,2,1
rope,64,0,2,1
attn,64,0,2,1
o_proj,64,0,2,1
post_layernorm,64,0,2,1
gate_proj,64,0,2,205700
up_proj,64,0,2,1
act_fn,64,0,2,1
down_proj,64,0,2,1
final_layernorm,64,0,2,10335
lm_head,64,0,2,419693
embedding,65,0,2,83561
input_layernorm,65,0,2,1
q_proj,65,0,2,1
k_proj,65,0,2,1
v_proj,65,0,2,1
rope,65,0,2,1
attn,65,0,2,1
o_proj,65,0,2,1
post_layernorm,65,0,2,1
gate_proj,65,0,2,206031
up_proj,65,0,2,1
act_fn,65,0,2,1
down_proj,65,0,2,1
final_layernorm,65,0,2,10350
lm_head,65,0,2,420326
embedding,66,0,2,83797
input_layernorm,66,0,2,1
q_proj,66,0,2,1
k_proj,66,0,2,1
v_proj,66,0,2,1
rope,66,0,2,1
attn,66,0,2,1
o_proj,66,0,2,1
post_layernorm,66,0,2,1
gate_proj,66,0,2,206361
up_proj,66,0,2,1
act_fn,66,0,2,1
down_proj,66,0,2,1
final_layernorm,66,0,2,10366
lm_head,66,0,2,420959
embedding,67,0,2,84034
input_layernorm,67,0,2,1
q_proj,67,0,2,1
k_proj,67,0,2,1
v_proj,67,0,2,1
rope,67,0,2,1
attn,67,0,2,1
o_proj,67,0,2,1
post_layernorm,67,0,2,1
gate_proj,67,0,2,206691
up_proj,67,0,2,1
act_fn,67,0,2,1
down_proj,67,0,2,1
final_layernorm,67,0,2,10382
lm_head,67,0,2,421593
embedding,68,0,2,84270
input_layernorm,68,0,2,1
q_proj,68,0,2,1
k_proj,68,0,2,1
v_proj,68,0,2,1
rope,68,0,2,1
attn,68,0,2,1
o_proj,68,0,2,1
post_layernorm,68,0,2,1
gate_proj,68,0,2,207022
up_proj,68,0,2,1
act_fn,68,0,2,1
down_proj,68,0,2,1
final_layernorm,68,0,2,10397
lm_head,68,0,2,422227
embedding,69,0,2,84506
input_layernorm,69,0,2,1
q_proj,69,0,2,1
k_proj,69,0,2,1
v_proj,69,0,2,1
rope,69,0,2,1
attn,69,0,2,1
o_proj,69,0,2,1
post_layernorm,69,0,2,1
gate_proj,69,0,2,207353
up_proj,69,0,2,1
act_fn,69,0,2,1
down_proj,69,0,2,1
final_layernorm,69,0,2,10413
lm_head,69,0,2,422859
embedding,70,0,2,84743
input_layernorm,70,0,2,1
q_proj,70,0,2,1
k_proj,70,0,2,1
v_proj,70,0,2,1
rope,70,0,2,1
attn,70,0,2,1
o_proj,70,0,2,1
post_layernorm,70,0,2,1
gate_proj,70,0,2,207683
up_proj,70,0,2,1
act_fn,70,0,2,1
down_proj,70,0,2,1
final_layernorm,70,0,2,10428
lm_head,70,0,2,423493
embedding,71,0,2,84979
input_layernorm,71,0,2,1
q_proj,71,0,2,1
k_proj,71,0,2,1
v_proj,71,0,2,1
rope,71,0,2,1
attn,71,0,2,1
o_proj,71,0,2,1
post_layernorm,71,0,2,1
gate_proj,71,0,2,208013
up_proj,71,0,2,1
act_fn,71,0,2,1
down_proj,71,0,2,1
final_layernorm,71,0,2,10444
lm_head,71,0,2,424126
embedding,72,0,2,85215
input_layernorm,72,0,2,1
q_proj,72,0,2,1
k_proj,72,0,2,1
v_proj,72,0,2,1
rope,72,0,2,1
attn,72,0,2,1
o_proj,72,0,2,1
post_layernorm,72,0,2,1
gate_proj,72,0,2,208343
up_proj,72,0,2,1
act_fn,72,0,2,1
down_proj,72,0,2,1
final_layernorm,72,0,2,10460
lm_head,72,0,2,424760
embedding,73,0,2,85452
input_layernorm,73,0,2,1
q_proj,73,0,2,1
k_proj,73,0,2,1
v_proj,73,0,2,1
rope,73,0,2,1
attn,73,0,2,1
o_proj,73,0,2,1
post_layernorm,73,0,2,1
gate_proj,73,0,2,208674
up_proj,73,0,2,1
act_fn,73,0,2,1
down_proj,73,0,2,1
final_layernorm,73,0,2,10475
lm_head,73,0,2,425393
embedding,74,0,2,85688
input_layernorm,74,0,2,1
q_proj,74,0,2,1
k_proj,74,0,2,1
v_proj,74,0,2,1
rope,74,0,2,1
attn,74,0,2,1
o_proj,74,0,2,1
post_layernorm,74,0,2,1
gate_proj,74,0,2,209004
up_proj,74,0,2,1
act_fn,74,0,2,1
down_proj,74,0,2,1
final_layernorm,74,0,2,10491
lm_head,74,0,2,426026
embedding,75,0,2,85924
input_layernorm,75,0,2,1
q_proj,75,0,2,1
k_proj,75,0,2,1
v_proj,75,0,2,1
rope,75,0,2,1
attn,75,0,2,1
o_proj,75,0,2,1
post_layernorm,75,0,2,1
gate_proj,75,0,2,209335
up_proj,75,0,2,1
act_fn,75,0,2,1
down_proj,75,0,2,1
final_layernorm,75,0,2,10506
lm_head,75,0,2,426660
embedding,76,0,2,86161
input_layernorm,76,0,2,1
q_proj,76,0,2,1
k_proj,76,0,2,1
v_proj,76,0,2,1
rope,76,0,2,1
attn,76,0,2,1
o_proj,76,0,2,1
post_layernorm,76,0,2,1
gate_proj,76,0,2,209665
up_proj,76,0,2,1
act_fn,76,0,2,1
down_proj,76,0,2,1
final_layernorm,76,0,2,10522
lm_head,76,0,2,427294
embedding,77,0,2,86397
input_layernorm,77,0,2,1
q_proj,77,0,2,1
k_proj,77,0,2,1
v_proj,77,0,2,1
rope,77,0,2,1
attn,77,0,2,1
o_proj,77,0,2,1
post_layernorm,77,0,2,1
gate_proj,77,0,2,209996
up_proj,77,0,2,1
act_fn,77,0,2,1
down_proj,77,0,2,1
final_layernorm,77,0,2,10538
lm_head,77,0,2,427926
embedding,78,0,2,86633
input_layernorm,78,0,2,1
q_proj,78,0,2,1
k_proj,78,0,2,1
v_proj,78,0,2,1
rope,78,0,2,1
attn,78,0,2,1
o_proj,78,0,2,1
post_layernorm,78,0,2,1
gate_proj,78,0,2,210326
up_proj,78,0,2,1
act_fn,78,0,2,1
down_proj,78,0,2,1
final_layernorm,78,0,2,10553
lm_head,78,0,2,428560
embedding,79,0,2,86870
input_layernorm,79,0,2,1
q_proj,79,0,2,1
k_proj,79,0,2,1
v_proj,79,0,2,1
rope,79,0,2,1
attn,79,0,2,1
o_proj,79,0,2,1
post_layernorm,79,0,2,1
gate_proj,79,0,2,210656
up_proj,79,0,2,1
act_fn,79,0,2,1
down_proj,79,0,2,1
final_layernorm,79,0,2,10569
lm_head,79,0,2,429194
embedding,80,0,2,87106
input_layernorm,80,0,2,1
q_proj,80,0,2,1
k_proj,80,0,2,1
v_proj,80,0,2,1
rope,80,0,2,1
attn,80,0,2,1
o_proj,80,0,2,1
post_layernorm,80,0,2,1
gate_proj,80,0,2,210987
up_proj,80,0,2,1
act_fn,80,0,2,1
down_proj,80,0,2,1
final_layernorm,80,0,2,10584
lm_head,80,0,2,429827
embedding,81,0,2,87342
input_layernorm,81,0,2,1
q_proj,81,0,2,1
k_proj,81,0,2,1
v_proj,81,0,2,1
rope,81,0,2,1
attn,81,0,2,1
o_proj,81,0,2,1
post_layernorm,81,0,2,1
gate_proj,81,0,2,211318
up_proj,81,0,2,1
act_fn,81,0,2,1
down_proj,81,0,2,1
final_layernorm,81,0,2,10600
lm_head,81,0,2,430460
embedding,82,0,2,87579
input_layernorm,82,0,2,1
q_proj,82,0,2,1
k_proj,82,0,2,1
v_proj,82,0,2,1
rope,82,0,2,1
attn,82,0,2,1
o_proj,82,0,2,1
post_layernorm,82,0,2,1
gate_proj,82,0,2,211648
up_proj,82,0,2,1
act_fn,82,0,2,1
down_proj,82,0,2,1
final_layernorm,82,0,2,10616
lm_head,82,0,2,431094
embedding,83,0,2,87815
input_layernorm,83,0,2,1
q_proj,83,0,2,1
k_proj,83,0,2,1
v_proj,83,0,2,1
rope,83,0,2,1
attn,83,0,2,1
o_proj,83,0,2,1
post_layernorm,83,0,2,1
gate_proj,83,0,2,211978
up_proj,83,0,2,1
act_fn,83,0,2,1
down_proj,83,0,2,1
final_layernorm,83,0,2,10631
lm_head,83,0,2,431727
embedding,84,0,2,88051
input_layernorm,84,0,2,1
q_proj,84,0,2,1
k_proj,84,0,2,1
v_proj,84,0,2,1
rope,84,0,2,1
attn,84,0,2,1
o_proj,84,0,2,1
post_layernorm,84,0,2,1
gate_proj,84,0,2,212308
up_proj,84,0,2,1
act_fn,84,0,2,1
down_proj,84,0,2,1
final_layernorm,84,0,2,10647
lm_head,84,0,2,432361
embedding,85,0,2,88288
input_layernorm,85,0,2,1
q_proj,85,0,2,1
k_proj,85,0,2,1
v_proj,85,0,2,1
rope,85,0,2,1
attn,85,0,2,1
o_proj,85,0,2,1
post_layernorm,85,0,2,1
gate_proj,85,0,2,212639
up_proj,85,0,2,1
act_fn,85,0,2,1
down_proj,85,0,2,1
final_layernorm,85,0,2,10662
lm_head,85,0,2,432994
embedding,86,0,2,88524
input_layernorm,86,0,2,1
q_proj,86,0,2,1
k_proj,86,0,2,1
v_proj,86,0,2,1
rope,86,0,2,1
attn,86,0,2,1
o_proj,86,0,2,1
post_layernorm,86,0,2,1
gate_proj,86,0,2,212969
up_proj,86,0,2,1
act_fn,86,0,2,1
down_proj,86,0,2,1
final_layernorm,86,0,2,10678
lm_head,86,0,2,433627
embedding,87,0,2,88760
input_layernorm,87,0,2,1
q_proj,87,0,2,1
k_proj,87,0,2,1
v_proj,87,0,2,1
rope,87,0,2,1
attn,87,0,2,1
o_proj,87,0,2,1
post_layernorm,87,0,2,1
gate_proj,87,0,2,213300
up_proj,87,0,2,1
act_fn,87,0,2,1
down_proj,87,0,2,1
final_layernorm,87,0,2,10694
lm_head,87,0,2,434261
embedding,88,0,2,88997
input_layernorm,88,0,2,1
q_proj,88,0,2,1
k_proj,88,0,2,1
v_proj,88,0,2,1
rope,88,0,2,1
attn,88,0,2,1
o_proj,88,0,2,1
post_layernorm,88,0,2,1
gate_proj,88,0,2,213630
up_proj,88,0,2,1
act_fn,88,0,2,1
down_proj,88,0,2,1
final_layernorm,88,0,2,10709
lm_head,88,0,2,434894
embedding,89,0,2,89233
input_layernorm,89,0,2,1
q_proj,89,0,2,1
k_proj,89,0,2,1
v_proj,89,0,2,1
rope,89,0,2,1
attn,89,0,2,1
o_proj,89,0,2,1
post_layernorm,89,0,2,1
gate_proj,89,0,2,213960
up_proj,89,0,2,1
act_fn,89,0,2,1
down_proj,89,0,2,1
final_layernorm,89,0,2,10725
lm_head,89,0,2,435528
embedding,90,0,2,89469
input_layernorm,90,0,2,1
q_proj,90,0,2,1
k_proj,90,0,2,1
v_proj,90,0,2,1
rope,90,0,2,1
attn,90,0,2,1
o_proj,90,0,2,1
post_layernorm,90,0,2,1
gate_proj,90,0,2,214291
up_proj,90,0,2,1
act_fn,90,0,2,1
down_proj,90,0,2,1
final_layernorm,90,0,2,10740
lm_head,90,0,2,436161
embedding,91,0,2,89706
input_layernorm,91,0,2,1
q_proj,91,0,2,1
k_proj,91,0,2,1
v_proj,91,0,2,1
rope,91,0,2,1
attn,91,0,2,1
o_proj,91,0,2,1
post_layernorm,91,0,2,1
gate_proj,91,0,2,214621
up_proj,91,0,2,1
act_fn,91,0,2,1
down_proj,91,0,2,1
final_layernorm,91,0,2,10756
lm_head,91,0,2,436794
embedding,92,0,2,89942
input_layernorm,92,0,2,1
q_proj,92,0,2,1
k_proj,92,0,2,1
v_proj,92,0,2,1
rope,92,0,2,1
attn,92,0,2,1
o_proj,92,0,2,1
post_layernorm,92,0,2,1
gate_proj,92,0,2,214952
up_proj,92,0,2,1
act_fn,92,0,2,1
down_proj,92,0,2,1
final_layernorm,92,0,2,10772
lm_head,92,0,2,437428
embedding,93,0,2,90178
input_layernorm,93,0,2,1
q_proj,93,0,2,1
k_proj,93,0,2,1
v_proj,93,0,2,1
rope,93,0,2,1
attn,93,0,2,1
o_proj,93,0,2,1
post_layernorm,93,0,2,1
gate_proj,93,0,2,215282
up_proj,93,0,2,1
act_fn,93,0,2,1
down_proj,93,0,2,1
final_layernorm,93,0,2,10787
lm_head,93,0,2,438062
embedding,94,0,2,90415
input_layernorm,94,0,2,1
q_proj,94,0,2,1
k_proj,94,0,2,1
v_proj,94,0,2,1
rope,94,0,2,1
attn,94,0,2,1
o_proj,94,0,2,1
post_layernorm,94,0,2,1
gate_proj,94,0,2,215613
up_proj,94,0,2,1
act_fn,94,0,2,1
down_proj,94,0,2,1
final_layernorm,94,0,2,10803
lm_head,94,0,2,438694
embedding,95,0,2,90651
input_layernorm,95,0,2,1
q_proj,95,0,2,1
k_proj,95,0,2,1
v_proj,95,0,2,1
rope,95,0,2,1
attn,95,0,2,1
o_proj,95,0,2,1
post_layernorm,95,0,2,1
gate_proj,95,0,2,215943
up_proj,95,0,2,1
act_fn,95,0,2,1
down_proj,95,0,2,1
final_layernorm,95,0,2,10818
lm_head,95,0,2,439328
embedding,96,0,2,90887
input_layernorm,96,0,2,1
q_proj,96,0,2,1
k_proj,96,0,2,1
v_proj,96,0,2,1
rope,96,0,2,1
attn,96,0,2,1
o_proj,96,0,2,1
post_layernorm,96,0,2,1
gate_proj,96,0,2,216273
up_proj,96,0,2,1
act_fn,96,0,2,1
down_proj,96,0,2,1
final_layernorm,96,0,2,10834
lm_head,96,0,2,439962
embedding,97,0,2,91124
input_layernorm,97,0,2,1
q_proj,97,0,2,1
k_proj,97,0,2,1
v_proj,97,0,2,1
rope,97,0,2,1
attn,97,0,2,1
o_proj,97,0,2,1
post_layernorm,97,0,2,1
gate_proj,97,0,2,216604
up_proj,97,0,2,1
act_fn,97,0,2,1
down_proj,97,0,2,1
final_layernorm,97,0,2,10850
lm_head,97,0,2,440595
embedding,98,0,2,91360
input_layernorm,98,0,2,1
q_proj,98,0,2,1
k_proj,98,0,2,1
v_proj,98,0,2,1
rope,98,0,2,1
attn,98,0,2,1
o_proj,98,0,2,1
post_layernorm,98,0,2,1
gate_proj,98,0,2,216934
up_proj,98,0,2,1
act_fn,98,0,2,1
down_proj,98,0,2,1
final_layernorm,98,0,2,10865
lm_head,98,0,2,441228
embedding,99,0,2,91596
input_layernorm,99,0,2,1
q_proj,99,0,2,1
k_proj,99,0,2,1
v_proj,99,0,2,1
rope,99,0,2,1
attn,99,0,2,1
o_proj,99,0,2,1
post_layernorm,99,0,2,1
gate_proj,99,0,2,217265
up_proj,99,0,2,1
act_fn,99,0,2,1
down_proj,99,0,2,1
final_layernorm,99,0,2,10881
lm_head,99,0,2,441862
embedding,100,0,2,91833
input_layernorm,100,0,2,1
q_proj,100,0,2,1
k_proj,100,0,2,1
v_proj,100,0,2,1
rope,100,0,2,1
attn,100,0,2,1
o_proj,100,0,2,1
post_layernorm,100,0,2,1
gate_proj,100,0,2,217595
up_proj,100,0,2,1
act_fn,100,0,2,1
down_proj,100,0,2,1
final_layernorm,100,0,2,10896
lm_head,100,0,2,442495
embedding,101,0,2,92069
input_layernorm,101,0,2,1
q_proj,101,0,2,1
k_proj,101,0,2,1
v_proj,101,0,2,1
rope,101,0,2,1
attn,101,0,2,1
o_proj,101,0,2,1
post_layernorm,101,0,2,1
gate_proj,101,0,2,217925
up_proj,101,0,2,1
act_fn,101,0,2,1
down_proj,101,0,2,1
final_layernorm,101,0,2,10912
lm_head,101,0,2,443129
embedding,102,0,2,92305
input_layernorm,102,0,2,1
q_proj,102,0,2,1
k_proj,102,0,2,1
v_proj,102,0,2,1
rope,102,0,2,1
attn,102,0,2,1
o_proj,102,0,2,1
post_layernorm,102,0,2,1
gate_proj,102,0,2,218256
up_proj,102,0,2,1
act_fn,102,0,2,1
down_proj,102,0,2,1
final_layernorm,102,0,2,10928
lm_head,102,0,2,443761
embedding,103,0,2,92542
input_layernorm,103,0,2,1
q_proj,103,0,2,1
k_proj,103,0,2,1
v_proj,103,0,2,1
rope,103,0,2,1
attn,103,0,2,1
o_proj,103,0,2,1
post_layernorm,103,0,2,1
gate_proj,103,0,2,218586
up_proj,103,0,2,1
act_fn,103,0,2,1
down_proj,103,0,2,1
final_layernorm,103,0,2,10943
lm_head,103,0,2,444395
embedding,104,0,2,92778
input_layernorm,104,0,2,1
q_proj,104,0,2,1
k_proj,104,0,2,1
v_proj,104,0,2,1
rope,104,0,2,1
attn,104,0,2,1
o_proj,104,0,2,1
post_layernorm,104,0,2,1
gate_proj,104,0,2,218917
up_proj,104,0,2,1
act_fn,104,0,2,1
down_proj,104,0,2,1
final_layernorm,104,0,2,10959
lm_head,104,0,2,445029
embedding,105,0,2,93014
input_layernorm,105,0,2,1
q_proj,105,0,2,1
k_proj,105,0,2,1
v_proj,105,0,2,1
rope,105,0,2,1
attn,105,0,2,1
o_proj,105,0,2,1
post_layernorm,105,0,2,1
gate_proj,105,0,2,219247
up_proj,105,0,2,1
act_fn,105,0,2,1
down_proj,105,0,2,1
final_layernorm,105,0,2,10974
lm_head,105,0,2,445662
embedding,106,0,2,93251
input_layernorm,106,0,2,1
q_proj,106,0,2,1
k_proj,106,0,2,1
v_proj,106,0,2,1
rope,106,0,2,1
attn,106,0,2,1
o_proj,106,0,2,1
post_layernorm,106,0,2,1
gate_proj,106,0,2,219578
up_proj,106,0,2,1
act_fn,106,0,2,1
down_proj,106,0,2,1
final_layernorm,106,0,2,10990
lm_head,106,0,2,446295
embedding,107,0,2,93487
input_layernorm,107,0,2,1
q_proj,107,0,2,1
k_proj,107,0,2,1
v_proj,107,0,2,1
rope,107,0,2,1
attn,107,0,2,1
o_proj,107,0,2,1
post_layernorm,107,0,2,1
gate_proj,107,0,2,219908
up_proj,107,0,2,1
act_fn,107,0,2,1
down_proj,107,0,2,1
final_layernorm,107,0,2,11005
lm_head,107,0,2,446929
embedding,108,0,2,93723
input_layernorm,108,0,2,1
q_proj,108,0,2,1
k_proj,108,0,2,1
v_proj,108,0,2,1
rope,108,0,2,1
attn,108,0,2,1
o_proj,108,0,2,1
post_layernorm,108,0,2,1
gate_proj,108,0,2,220238
up_proj,108,0,2,1
act_fn,108,0,2,1
down_proj,108,0,2,1
final_layernorm,108,0,2,11021
lm_head,108,0,2,447562
embedding,109,0,2,93960
input_layernorm,109,0,2,1
q_proj,109,0,2,1
k_proj,109,0,2,1
v_proj,109,0,2,1
rope,109,0,2,1
attn,109,0,2,1
o_proj,109,0,2,1
post_layernorm,109,0,2,1
gate_proj,109,0,2,220569
up_proj,109,0,2,1
act_fn,109,0,2,1
down_proj,109,0,2,1
final_layernorm,109,0,2,11037
lm_head,109,0,2,448195
embedding,110,0,2,94196
input_layernorm,110,0,2,1
q_proj,110,0,2,1
k_proj,110,0,2,1
v_proj,110,0,2,1
rope,110,0,2,1
attn,110,0,2,1
o_proj,110,0,2,1
post_layernorm,110,0,2,1
gate_proj,110,0,2,220899
up_proj,110,0,2,1
act_fn,110,0,2,1
down_proj,110,0,2,1
final_layernorm,110,0,2,11052
lm_head,110,0,2,448829
embedding,111,0,2,94432
input_layernorm,111,0,2,1
q_proj,111,0,2,1
k_proj,111,0,2,1
v_proj,111,0,2,1
rope,111,0,2,1
attn,111,0,2,1
o_proj,111,0,2,1
post_layernorm,111,0,2,1
gate_proj,111,0,2,221230
up_proj,111,0,2,1
act_fn,111,0,2,1
down_proj,111,0,2,1
final_layernorm,111,0,2,11068
lm_head,111,0,2,449462
embedding,112,0,2,94669
input_layernorm,112,0,2,1
q_proj,112,0,2,1
k_proj,112,0,2,1
v_proj,112,0,2,1
rope,112,0,2,1
attn,112,0,2,1
o_proj,112,0,2,1
post_layernorm,112,0,2,1
gate_proj,112,0,2,221560
up_proj,112,0,2,1
act_fn,112,0,2,1
down_proj,112,0,2,1
final_layernorm,112,0,2,11083
lm_head,112,0,2,450096
embedding,113,0,2,94905
input_layernorm,113,0,2,1
q_proj,113,0,2,1
k_proj,113,0,2,1
v_proj,113,0,2,1
rope,113,0,2,1
attn,113,0,2,1
o_proj,113,0,2,1
post_layernorm,113,0,2,1
gate_proj,113,0,2,221890
up_proj,113,0,2,1
act_fn,113,0,2,1
down_proj,113,0,2,1
final_layernorm,113,0,2,11099
lm_head,113,0,2,450730
embedding,114,0,2,95141
input_layernorm,114,0,2,1
q_proj,114,0,2,1
k_proj,114,0,2,1
v_proj,114,0,2,1
rope,114,0,2,1
attn,114,0,2,1
o_proj,114,0,2,1
post_layernorm,114,0,2,1
gate_proj,114,0,2,222221
up_proj,114,0,2,1
act_fn,114,0,2,1
down_proj,114,0,2,1
final_layernorm,114,0,2,11115
lm_head,114,0,2,451362
embedding,115,0,2,95378
input_layernorm,115,0,2,1
q_proj,115,0,2,1
k_proj,115,0,2,1
v_proj,115,0,2,1
rope,115,0,2,1
attn,115,0,2,1
o_proj,115,0,2,1
post_layernorm,115,0,2,1
gate_proj,115,0,2,222551
up_proj,115,0,2,1
act_fn,115,0,2,1
down_proj,115,0,2,1
final_layernorm,115,0,2,11130
lm_head,115,0,2,451996
embedding,116,0,2,95614
input_layernorm,116,0,2,1
q_proj,116,0,2,1
k_proj,116,0,2,1
v_proj,116,0,2,1
rope,116,0,2,1
attn,116,0,2,1
o_proj,116,0,2,1
post_layernorm,116,0,2,1
gate_proj,116,0,2,222882
up_proj,116,0,2,1
act_fn,116,0,2,1
down_proj,116,0,2,1
final_layernorm,116,0,2,11146
lm_head,116,0,2,452630
embedding,117,0,2,95850
input_layernorm,117,0,2,1
q_proj,117,0,2,1
k_proj,117,0,2,1
v_proj,117,0,2,1
rope,117,0,2,1
attn,117,0,2,1
o_proj,117,0,2,1
post_layernorm,117,0,2,1
gate_proj,117,0,2,223212
up_proj,117,0,2,1
act_fn,117,0,2,1
down_proj,117,0,2,1
final_layernorm,117,0,2,11161
lm_head,117,0,2,453263
embedding,118,0,2,96087
input_layernorm,118,0,2,1
q_proj,118,0,2,1
k_proj,118,0,2,1
v_proj,118,0,2,1
rope,118,0,2,1
attn,118,0,2,1
o_proj,118,0,2,1
post_layernorm,118,0,2,1
gate_proj,118,0,2,223543
up_proj,118,0,2,1
act_fn,118,0,2,1
down_proj,118,0,2,1
final_layernorm,118,0,2,11177
lm_head,118,0,2,453896
embedding,119,0,2,96323
input_layernorm,119,0,2,1
q_proj,119,0,2,1
k_proj,119,0,2,1
v_proj,119,0,2,1
rope,119,0,2,1
attn,119,0,2,1
o_proj,119,0,2,1
post_layernorm,119,0,2,1
gate_proj,119,0,2,223873
up_proj,119,0,2,1
act_fn,119,0,2,1
down_proj,119,0,2,1
final_layernorm,119,0,2,11193
lm_head,119,0,2,454529
embedding,120,0,2,96559
input_layernorm,120,0,2,1
q_proj,120,0,2,1
k_proj,120,0,2,1
v_proj,120,0,2,1
rope,120,0,2,1
attn,120,0,2,1
o_proj,120,0,2,1
post_layernorm,120,0,2,1
gate_proj,120,0,2,224203
up_proj,120,0,2,1
act_fn,120,0,2,1
down_proj,120,0,2,1
final_layernorm,120,0,2,11208
lm_head,120,0,2,455163
embedding,121,0,2,96796
input_layernorm,121,0,2,1
q_proj,121,0,2,1
k_proj,121,0,2,1
v_proj,121,0,2,1
rope,121,0,2,1
attn,121,0,2,1
o_proj,121,0,2,1
post_layernorm,121,0,2,1
gate_proj,121,0,2,224534
up_proj,121,0,2,1
act_fn,121,0,2,1
down_proj,121,0,2,1
final_layernorm,121,0,2,11224
lm_head,121,0,2,455797
embedding,122,0,2,97032
input_layernorm,122,0,2,1
q_proj,122,0,2,1
k_proj,122,0,2,1
v_proj,122,0,2,1
rope,122,0,2,1
attn,122,0,2,1
o_proj,122,0,2,1
post_layernorm,122,0,2,1
gate_proj,122,0,2,224864
up_proj,122,0,2,1
act_fn,122,0,2,1
down_proj,122,0,2,1
final_layernorm,122,0,2,11239
lm_head,122,0,2,456430
embedding,123,0,2,97268
input_layernorm,123,0,2,1
q_proj,123,0,2,1
k_proj,123,0,2,1
v_proj,123,0,2,1
rope,123,0,2,1
attn,123,0,2,1
o_proj,123,0,2,1
post_layernorm,123,0,2,1
gate_proj,123,0,2,225195
up_proj,123,0,2,1
act_fn,123,0,2,1
down_proj,123,0,2,1
final_layernorm,123,0,2,11255
lm_head,123,0,2,457063
embedding,124,0,2,97505
input_layernorm,124,0,2,1
q_proj,124,0,2,1
k_proj,124,0,2,1
v_proj,124,0,2,1
rope,124,0,2,1
attn,124,0,2,1
o_proj,124,0,2,1
post_layernorm,124,0,2,1
gate_proj,124,0,2,225525
up_proj,124,0,2,1
act_fn,124,0,2,1
down_proj,124,0,2,1
final_layernorm,124,0,2,11271
lm_head,124,0,2,457697
embedding,125,0,2,97741
input_layernorm,125,0,2,1
q_proj,125,0,2,1
k_proj,125,0,2,1
v_proj,125,0,2,1
rope,125,0,2,1
attn,125,0,2,1
o_proj,125,0,2,1
post_layernorm,125,0,2,1
gate_proj,125,0,2,225855
up_proj,125,0,2,1
act_fn,125,0,2,1
down_proj,125,0,2,1
final_layernorm,125,0,2,11286
lm_head,125,0,2,458330
embedding,126,0,2,97977
input_layernorm,126,0,2,1
q_proj,126,0,2,1
k_proj,126,0,2,1
v_proj,126,0,2,1
rope,126,0,2,1
attn,126,0,2,1
o_proj,126,0,2,1
post_layernorm,126,0,2,1
gate_proj,126,0,2,226186
up_proj,126,0,2,1
act_fn,126,0,2,1
down_proj,126,0,2,1
final_layernorm,126,0,2,11302
lm_head,126,0,2,458963
embedding,127,0,2,98214
input_layernorm,127,0,2,1
q_proj,127,0,2,1
k_proj,127,0,2,1
v_proj,127,0,2,1
rope,127,0,2,1
attn,127,0,2,1
o_proj,127,0,2,1
post_layernorm,127,0,2,1
gate_proj,127,0,2,226516
up_proj,127,0,2,1
act_fn,127,0,2,1
down_proj,127,0,2,1
final_layernorm,127,0,2,11317
lm_head,127,0,2,459597
embedding,128,0,2,98450
input_layernorm,128,0,2,1
q_proj,128,0,2,1
k_proj,128,0,2,1
v_proj,128,0,2,1
rope,128,0,2,1
attn,128,0,2,1
o_proj,128,0,2,1
post_layernorm,128,0,2,1
gate_proj,128,0,2,226847
up_proj,128,0,2,1
act_fn,128,0,2,1
down_proj,128,0,2,1
final_layernorm,128,0,2,11333
lm_head,128,0,2,460230
embedding,129,0,2,98646
input_layernorm,129,0,2,1
q_proj,129,0,2,1
k_proj,129,0,2,1
v_proj,129,0,2,1
rope,129,0,2,1
attn,129,0,2,1
o_proj,129,0,2,1
post_layernorm,129,0,2,1
gate_proj,129,0,2,227457
up_proj,129,0,2,1
act_fn,129,0,2,1
down_proj,129,0,2,1
final_layernorm,129,0,2,11351
lm_head,129,0,2,460952
embedding,130,0,2,98841
input_layernorm,130,0,2,1
q_proj,130,0,2,1
k_proj,130,0,2,1
v_proj,130,0,2,1
rope,130,0,2,1
attn,130,0,2,1
o_proj,130,0,2,1
post_layernorm,130,0,2,1
gate_proj,130,0,2,228068
up_proj,130,0,2,1
act_fn,130,0,2,1
down_proj,130,0,2,1
final_layernorm,130,0,2,11369
lm_head,130,0,2,461673
embedding,131,0,2,99037
input_layernorm,131,0,2,1
q_proj,131,0,2,1
k_proj,131,0,2,1
v_proj,131,0,2,1
rope,131,0,2,1
attn,131,0,2,1
o_proj,131,0,2,1
post_layernorm,131,0,2,1
gate_proj,131,0,2,228679
up_proj,131,0,2,1
act_fn,131,0,2,1
down_proj,131,0,2,1
final_layernorm,131,0,2,11386
lm_head,131,0,2,462396
embedding,132,0,2,99232
input_layernorm,132,0,2,1
q_proj,132,0,2,1
k_proj,132,0,2,1
v_proj,132,0,2,1
rope,132,0,2,1
attn,132,0,2,1
o_proj,132,0,2,1
post_layernorm,132,0,2,1
gate_proj,132,0,2,229290
up_proj,132,0,2,1
act_fn,132,0,2,1
down_proj,132,0,2,1
final_layernorm,132,0,2,11404
lm_head,132,0,2,463117
embedding,133,0,2,99428
input_layernorm,133,0,2,1
q_proj,133,0,2,1
k_proj,133,0,2,1
v_proj,133,0,2,1
rope,133,0,2,1
attn,133,0,2,1
o_proj,133,0,2,1
post_layernorm,133,0,2,1
gate_proj,133,0,2,229900
up_proj,133,0,2,1
act_fn,133,0,2,1
down_proj,133,0,2,1
final_layernorm,133,0,2,11422
lm_head,133,0,2,463839
embedding,134,0,2,99623
input_layernorm,134,0,2,1
q_proj,134,0,2,1
k_proj,134,0,2,1
v_proj,134,0,2,1
rope,134,0,2,1
attn,134,0,2,1
o_proj,134,0,2,1
post_layernorm,134,0,2,1
gate_proj,134,0,2,230512
up_proj,134,0,2,1
act_fn,134,0,2,1
down_proj,134,0,2,1
final_layernorm,134,0,2,11440
lm_head,134,0,2,464560
embedding,135,0,2,99819
input_layernorm,135,0,2,1
q_proj,135,0,2,1
k_proj,135,0,2,1
v_proj,135,0,2,1
rope,135,0,2,1
attn,135,0,2,1
o_proj,135,0,2,1
post_layernorm,135,0,2,1
gate_proj,135,0,2,231122
up_proj,135,0,2,1
act_fn,135,0,2,1
down_proj,135,0,2,1
final_layernorm,135,0,2,11457
lm_head,135,0,2,465282
embedding,136,0,2,100014
input_layernorm,136,0,2,1
q_proj,136,0,2,1
k_proj,136,0,2,1
v_proj,136,0,2,1
rope,136,0,2,1
attn,136,0,2,1
o_proj,136,0,2,1
post_layernorm,136,0,2,1
gate_proj,136,0,2,231733
up_proj,136,0,2,1
act_fn,136,0,2,1
down_proj,136,0,2,1
final_layernorm,136,0,2,11475
lm_head,136,0,2,466004
embedding,137,0,2,100210
input_layernorm,137,0,2,1
q_proj,137,0,2,1
k_proj,137,0,2,1
v_proj,137,0,2,1
rope,137,0,2,1
attn,137,0,2,1
o_proj,137,0,2,1
post_layernorm,137,0,2,1
gate_proj,137,0,2,232344
up_proj,137,0,2,1
act_fn,137,0,2,1
down_proj,137,0,2,1
final_layernorm,137,0,2,11493
lm_head,137,0,2,466725
embedding,138,0,2,100405
input_layernorm,138,0,2,1
q_proj,138,0,2,1
k_proj,138,0,2,1
v_proj,138,0,2,1
rope,138,0,2,1
attn,138,0,2,1
o_proj,138,0,2,1
post_layernorm,138,0,2,1
gate_proj,138,0,2,232954
up_proj,138,0,2,1
act_fn,138,0,2,1
down_proj,138,0,2,1
final_layernorm,138,0,2,11511
lm_head,138,0,2,467447
embedding,139,0,2,100601
input_layernorm,139,0,2,1
q_proj,139,0,2,1
k_proj,139,0,2,1
v_proj,139,0,2,1
rope,139,0,2,1
attn,139,0,2,1
o_proj,139,0,2,1
post_layernorm,139,0,2,1
gate_proj,139,0,2,233565
up_proj,139,0,2,1
act_fn,139,0,2,1
down_proj,139,0,2,1
final_layernorm,139,0,2,11529
lm_head,139,0,2,468169
embedding,140,0,2,100796
input_layernorm,140,0,2,1
q_proj,140,0,2,1
k_proj,140,0,2,1
v_proj,140,0,2,1
rope,140,0,2,1
attn,140,0,2,1
o_proj,140,0,2,1
post_layernorm,140,0,2,1
gate_proj,140,0,2,234176
up_proj,140,0,2,1
act_fn,140,0,2,1
down_proj,140,0,2,1
final_layernorm,140,0,2,11546
lm_head,140,0,2,468891
embedding,141,0,2,100992
input_layernorm,141,0,2,1
q_proj,141,0,2,1
k_proj,141,0,2,1
v_proj,141,0,2,1
rope,141,0,2,1
attn,141,0,2,1
o_proj,141,0,2,1
post_layernorm,141,0,2,1
gate_proj,141,0,2,234787
up_proj,141,0,2,1
act_fn,141,0,2,1
down_proj,141,0,2,1
final_layernorm,141,0,2,11564
lm_head,141,0,2,469612
embedding,142,0,2,101187
input_layernorm,142,0,2,1
q_proj,142,0,2,1
k_proj,142,0,2,1
v_proj,142,0,2,1
rope,142,0,2,1
attn,142,0,2,1
o_proj,142,0,2,1
post_layernorm,142,0,2,1
gate_proj,142,0,2,235398
up_proj,142,0,2,1
act_fn,142,0,2,1
down_proj,142,0,2,1
final_layernorm,142,0,2,11582
lm_head,142,0,2,470333
embedding,143,0,2,101383
input_layernorm,143,0,2,1
q_proj,143,0,2,1
k_proj,143,0,2,1
v_proj,143,0,2,1
rope,143,0,2,1
attn,143,0,2,1
o_proj,143,0,2,1
post_layernorm,143,0,2,1
gate_proj,143,0,2,236009
up_proj,143,0,2,1
act_fn,143,0,2,1
down_proj,143,0,2,1
final_layernorm,143,0,2,11600
lm_head,143,0,2,471055
embedding,144,0,2,101578
input_layernorm,144,0,2,1
q_proj,144,0,2,1
k_proj,144,0,2,1
v_proj,144,0,2,1
rope,144,0,2,1
attn,144,0,2,1
o_proj,144,0,2,1
post_layernorm,144,0,2,1
gate_proj,144,0,2,236619
up_proj,144,0,2,1
act_fn,144,0,2,1
down_proj,144,0,2,1
final_layernorm,144,0,2,11617
lm_head,144,0,2,471777
embedding,145,0,2,101774
input_layernorm,145,0,2,1
q_proj,145,0,2,1
k_proj,145,0,2,1
v_proj,145,0,2,1
rope,145,0,2,1
attn,145,0,2,1
o_proj,145,0,2,1
post_layernorm,145,0,2,1
gate_proj,145,0,2,237230
up_proj,145,0,2,1
act_fn,145,0,2,1
down_proj,145,0,2,1
final_layernorm,145,0,2,11635
lm_head,145,0,2,472499
embedding,146,0,2,101969
input_layernorm,146,0,2,1
q_proj,146,0,2,1
k_proj,146,0,2,1
v_proj,146,0,2,1
rope,146,0,2,1
attn,146,0,2,1
o_proj,146,0,2,1
post_layernorm,146,0,2,1
gate_proj,146,0,2,237841
up_proj,146,0,2,1
act_fn,146,0,2,1
down_proj,146,0,2,1
final_layernorm,146,0,2,11653
lm_head,146,0,2,473220
embedding,147,0,2,102165
input_layernorm,147,0,2,1
q_proj,147,0,2,1
k_proj,147,0,2,1
v_proj,147,0,2,1
rope,147,0,2,1
attn,147,0,2,1
o_proj,147,0,2,1
post_layernorm,147,0,2,1
gate_proj,147,0,2,238451
up_proj,147,0,2,1
act_fn,147,0,2,1
down_proj,147,0,2,1
final_layernorm,147,0,2,11671
lm_head,147,0,2,473942
embedding,148,0,2,102360
input_layernorm,148,0,2,1
q_proj,148,0,2,1
k_proj,148,0,2,1
v_proj,148,0,2,1
rope,148,0,2,1
attn,148,0,2,1
o_proj,148,0,2,1
post_layernorm,148,0,2,1
gate_proj,148,0,2,239062
up_proj,148,0,2,1
act_fn,148,0,2,1
down_proj,148,0,2,1
final_layernorm,148,0,2,11688
lm_head,148,0,2,474664
embedding,149,0,2,102556
input_layernorm,149,0,2,1
q_proj,149,0,2,1
k_proj,149,0,2,1
v_proj,149,0,2,1
rope,149,0,2,1
attn,149,0,2,1
o_proj,149,0,2,1
post_layernorm,149,0,2,1
gate_proj,149,0,2,239673
up_proj,149,0,2,1
act_fn,149,0,2,1
down_proj,149,0,2,1
final_layernorm,149,0,2,11706
lm_head,149,0,2,475386
embedding,150,0,2,102751
input_layernorm,150,0,2,1
q_proj,150,0,2,1
k_proj,150,0,2,1
v_proj,150,0,2,1
rope,150,0,2,1
attn,150,0,2,1
o_proj,150,0,2,1
post_layernorm,150,0,2,1
gate_proj,150,0,2,240284
up_proj,150,0,2,1
act_fn,150,0,2,1
down_proj,150,0,2,1
final_layernorm,150,0,2,11724
lm_head,150,0,2,476107
embedding,151,0,2,102947
input_layernorm,151,0,2,1
q_proj,151,0,2,1
k_proj,151,0,2,1
v_proj,151,0,2,1
rope,151,0,2,1
attn,151,0,2,1
o_proj,151,0,2,1
post_layernorm,151,0,2,1
gate_proj,151,0,2,240895
up_proj,151,0,2,1
act_fn,151,0,2,1
down_proj,151,0,2,1
final_layernorm,151,0,2,11742
lm_head,151,0,2,476829
embedding,152,0,2,103142
input_layernorm,152,0,2,1
q_proj,152,0,2,1
k_proj,152,0,2,1
v_proj,152,0,2,1
rope,152,0,2,1
attn,152,0,2,1
o_proj,152,0,2,1
post_layernorm,152,0,2,1
gate_proj,152,0,2,241506
up_proj,152,0,2,1
act_fn,152,0,2,1
down_proj,152,0,2,1
final_layernorm,152,0,2,11760
lm_head,152,0,2,477550
embedding,153,0,2,103338
input_layernorm,153,0,2,1
q_proj,153,0,2,1
k_proj,153,0,2,1
v_proj,153,0,2,1
rope,153,0,2,1
attn,153,0,2,1
o_proj,153,0,2,1
post_layernorm,153,0,2,1
gate_proj,153,0,2,242116
up_proj,153,0,2,1
act_fn,153,0,2,1
down_proj,153,0,2,1
final_layernorm,153,0,2,11777
lm_head,153,0,2,478272
embedding,154,0,2,103533
input_layernorm,154,0,2,1
q_proj,154,0,2,1
k_proj,154,0,2,1
v_proj,154,0,2,1
rope,154,0,2,1
attn,154,0,2,1
o_proj,154,0,2,1
post_layernorm,154,0,2,1
gate_proj,154,0,2,242727
up_proj,154,0,2,1
act_fn,154,0,2,1
down_proj,154,0,2,1
final_layernorm,154,0,2,11795
lm_head,154,0,2,478994
embedding,155,0,2,103729
input_layernorm,155,0,2,1
q_proj,155,0,2,1
k_proj,155,0,2,1
v_proj,155,0,2,1
rope,155,0,2,1
attn,155,0,2,1
o_proj,155,0,2,1
post_layernorm,155,0,2,1
gate_proj,155,0,2,243338
up_proj,155,0,2,1
act_fn,155,0,2,1
down_proj,155,0,2,1
final_layernorm,155,0,2,11813
lm_head,155,0,2,479715
embedding,156,0,2,103924
input_layernorm,156,0,2,1
q_proj,156,0,2,1
k_proj,156,0,2,1
v_proj,156,0,2,1
rope,156,0,2,1
attn,156,0,2,1
o_proj,156,0,2,1
post_layernorm,156,0,2,1
gate_proj,156,0,2,243949
up_proj,156,0,2,1
act_fn,156,0,2,1
down_proj,156,0,2,1
final_layernorm,156,0,2,11831
lm_head,156,0,2,480437
embedding,157,0,2,104120
input_layernorm,157,0,2,1
q_proj,157,0,2,1
k_proj,157,0,2,1
v_proj,157,0,2,1
rope,157,0,2,1
attn,157,0,2,1
o_proj,157,0,2,1
post_layernorm,157,0,2,1
gate_proj,157,0,2,244560
up_proj,157,0,2,1
act_fn,157,0,2,1
down_proj,157,0,2,1
final_layernorm,157,0,2,11848
lm_head,157,0,2,481159
embedding,158,0,2,104315
input_layernorm,158,0,2,1
q_proj,158,0,2,1
k_proj,158,0,2,1
v_proj,158,0,2,1
rope,158,0,2,1
attn,158,0,2,1
o_proj,158,0,2,1
post_layernorm,158,0,2,1
gate_proj,158,0,2,245170
up_proj,158,0,2,1
act_fn,158,0,2,1
down_proj,158,0,2,1
final_layernorm,158,0,2,11866
lm_head,158,0,2,481881
embedding,159,0,2,104511
input_layernorm,159,0,2,1
q_proj,159,0,2,1
k_proj,159,0,2,1
v_proj,159,0,2,1
rope,159,0,2,1
attn,159,0,2,1
o_proj,159,0,2,1
post_layernorm,159,0,2,1
gate_proj,159,0,2,245781
up_proj,159,0,2,1
act_fn,159,0,2,1
down_proj,159,0,2,1
final_layernorm,159,0,2,11884
lm_head,159,0,2,482602
embedding,160,0,2,104706
input_layernorm,160,0,2,1
q_proj,160,0,2,1
k_proj,160,0,2,1
v_proj,160,0,2,1
rope,160,0,2,1
attn,160,0,2,1
o_proj,160,0,2,1
post_layernorm,160,0,2,1
gate_proj,160,0,2,246392
up_proj,160,0,2,1
act_fn,160,0,2,1
down_proj,160,0,2,1
final_layernorm,160,0,2,11902
lm_head,160,0,2,483324
embedding,161,0,2,104902
input_layernorm,161,0,2,1
q_proj,161,0,2,1
k_proj,161,0,2,1
v_proj,161,0,2,1
rope,161,0,2,1
attn,161,0,2,1
o_proj,161,0,2,1
post_layernorm,161,0,2,1
gate_proj,161,0,2,247002
up_proj,161,0,2,1
act_fn,161,0,2,1
down_proj,161,0,2,1
final_layernorm,161,0,2,11919
lm_head,161,0,2,484046
embedding,162,0,2,105098
input_layernorm,162,0,2,1
q_proj,162,0,2,1
k_proj,162,0,2,1
v_proj,162,0,2,1
rope,162,0,2,1
attn,162,0,2,1
o_proj,162,0,2,1
post_layernorm,162,0,2,1
gate_proj,162,0,2,247613
up_proj,162,0,2,1
act_fn,162,0,2,1
down_proj,162,0,2,1
final_layernorm,162,0,2,11937
lm_head,162,0,2,484767
embedding,163,0,2,105293
input_layernorm,163,0,2,1
q_proj,163,0,2,1
k_proj,163,0,2,1
v_proj,163,0,2,1
rope,163,0,2,1
attn,163,0,2,1
o_proj,163,0,2,1
post_layernorm,163,0,2,1
gate_proj,163,0,2,248224
up_proj,163,0,2,1
act_fn,163,0,2,1
down_proj,163,0,2,1
final_layernorm,163,0,2,11955
lm_head,163,0,2,485489
embedding,164,0,2,105489
input_layernorm,164,0,2,1
q_proj,164,0,2,1
k_proj,164,0,2,1
v_proj,164,0,2,1
rope,164,0,2,1
attn,164,0,2,1
o_proj,164,0,2,1
post_layernorm,164,0,2,1
gate_proj,164,0,2,248835
up_proj,164,0,2,1
act_fn,164,0,2,1
down_proj,164,0,2,1
final_layernorm,164,0,2,11973
lm_head,164,0,2,486211
embedding,165,0,2,105684
input_layernorm,165,0,2,1
q_proj,165,0,2,1
k_proj,165,0,2,1
v_proj,165,0,2,1
rope,165,0,2,1
attn,165,0,2,1
o_proj,165,0,2,1
post_layernorm,165,0,2,1
gate_proj,165,0,2,249446
up_proj,165,0,2,1
act_fn,165,0,2,1
down_proj,165,0,2,1
final_layernorm,165,0,2,11991
lm_head,165,0,2,486932
embedding,166,0,2,105880
input_layernorm,166,0,2,1
q_proj,166,0,2,1
k_proj,166,0,2,1
v_proj,166,0,2,1
rope,166,0,2,1
attn,166,0,2,1
o_proj,166,0,2,1
post_layernorm,166,0,2,1
gate_proj,166,0,2,250057
up_proj,166,0,2,1
act_fn,166,0,2,1
down_proj,166,0,2,1
final_layernorm,166,0,2,12008
lm_head,166,0,2,487654
embedding,167,0,2,106075
input_layernorm,167,0,2,1
q_proj,167,0,2,1
k_proj,167,0,2,1
v_proj,167,0,2,1
rope,167,0,2,1
attn,167,0,2,1
o_proj,167,0,2,1
post_layernorm,167,0,2,1
gate_proj,167,0,2,250667
up_proj,167,0,2,1
act_fn,167,0,2,1
down_proj,167,0,2,1
final_layernorm,167,0,2,12026
lm_head,167,0,2,488375
embedding,168,0,2,106271
input_layernorm,168,0,2,1
q_proj,168,0,2,1
k_proj,168,0,2,1
v_proj,168,0,2,1
rope,168,0,2,1
attn,168,0,2,1
o_proj,168,0,2,1
post_layernorm,168,0,2,1
gate_proj,168,0,2,251278
up_proj,168,0,2,1
act_fn,168,0,2,1
down_proj,168,0,2,1
final_layernorm,168,0,2,12044
lm_head,168,0,2,489097
embedding,169,0,2,106466
input_layernorm,169,0,2,1
q_proj,169,0,2,1
k_proj,169,0,2,1
v_proj,169,0,2,1
rope,169,0,2,1
attn,169,0,2,1
o_proj,169,0,2,1
post_layernorm,169,0,2,1
gate_proj,169,0,2,251889
up_proj,169,0,2,1
act_fn,169,0,2,1
down_proj,169,0,2,1
final_layernorm,169,0,2,12062
lm_head,169,0,2,489819
embedding,170,0,2,106662
input_layernorm,170,0,2,1
q_proj,170,0,2,1
k_proj,170,0,2,1
v_proj,170,0,2,1
rope,170,0,2,1
attn,170,0,2,1
o_proj,170,0,2,1
post_layernorm,170,0,2,1
gate_proj,170,0,2,252499
up_proj,170,0,2,1
act_fn,170,0,2,1
down_proj,170,0,2,1
final_layernorm,170,0,2,12079
lm_head,170,0,2,490541
embedding,171,0,2,106857
input_layernorm,171,0,2,1
q_proj,171,0,2,1
k_proj,171,0,2,1
v_proj,171,0,2,1
rope,171,0,2,1
attn,171,0,2,1
o_proj,171,0,2,1
post_layernorm,171,0,2,1
gate_proj,171,0,2,253111
up_proj,171,0,2,1
act_fn,171,0,2,1
down_proj,171,0,2,1
final_layernorm,171,0,2,12097
lm_head,171,0,2,491262
embedding,172,0,2,107053
input_layernorm,172,0,2,1
q_proj,172,0,2,1
k_proj,172,0,2,1
v_proj,172,0,2,1
rope,172,0,2,1
attn,172,0,2,1
o_proj,172,0,2,1
post_layernorm,172,0,2,1
gate_proj,172,0,2,253721
up_proj,172,0,2,1
act_fn,172,0,2,1
down_proj,172,0,2,1
final_layernorm,172,0,2,12115
lm_head,172,0,2,491984
embedding,173,0,2,107248
input_layernorm,173,0,2,1
q_proj,173,0,2,1
k_proj,173,0,2,1
v_proj,173,0,2,1
rope,173,0,2,1
attn,173,0,2,1
o_proj,173,0,2,1
post_layernorm,173,0,2,1
gate_proj,173,0,2,254332
up_proj,173,0,2,1
act_fn,173,0,2,1
down_proj,173,0,2,1
final_layernorm,173,0,2,12133
lm_head,173,0,2,492705
embedding,174,0,2,107444
input_layernorm,174,0,2,1
q_proj,174,0,2,1
k_proj,174,0,2,1
v_proj,174,0,2,1
rope,174,0,2,1
attn,174,0,2,1
o_proj,174,0,2,1
post_layernorm,174,0,2,1
gate_proj,174,0,2,254943
up_proj,174,0,2,1
act_fn,174,0,2,1
down_proj,174,0,2,1
final_layernorm,174,0,2,12151
lm_head,174,0,2,493427
embedding,175,0,2,107639
input_layernorm,175,0,2,1
q_proj,175,0,2,1
k_proj,175,0,2,1
v_proj,175,0,2,1
rope,175,0,2,1
attn,175,0,2,1
o_proj,175,0,2,1
post_layernorm,175,0,2,1
gate_proj,175,0,2,255554
up_proj,175,0,2,1
act_fn,175,0,2,1
down_proj,175,0,2,1
final_layernorm,175,0,2,12168
lm_head,175,0,2,494149
embedding,176,0,2,107835
input_layernorm,176,0,2,1
q_proj,176,0,2,1
k_proj,176,0,2,1
v_proj,176,0,2,1
rope,176,0,2,1
attn,176,0,2,1
o_proj,176,0,2,1
post_layernorm,176,0,2,1
gate_proj,176,0,2,256164
up_proj,176,0,2,1
act_fn,176,0,2,1
down_proj,176,0,2,1
final_layernorm,176,0,2,12186
lm_head,176,0,2,494871
embedding,177,0,2,108030
input_layernorm,177,0,2,1
q_proj,177,0,2,1
k_proj,177,0,2,1
v_proj,177,0,2,1
rope,177,0,2,1
attn,177,0,2,1
o_proj,177,0,2,1
post_layernorm,177,0,2,1
gate_proj,177,0,2,256775
up_proj,177,0,2,1
act_fn,177,0,2,1
down_proj,177,0,2,1
final_layernorm,177,0,2,12204
lm_head,177,0,2,495592
embedding,178,0,2,108226
input_layernorm,178,0,2,1
q_proj,178,0,2,1
k_proj,178,0,2,1
v_proj,178,0,2,1
rope,178,0,2,1
attn,178,0,2,1
o_proj,178,0,2,1
post_layernorm,178,0,2,1
gate_proj,178,0,2,257386
up_proj,178,0,2,1
act_fn,178,0,2,1
down_proj,178,0,2,1
final_layernorm,178,0,2,12222
lm_head,178,0,2,496314
embedding,179,0,2,108421
input_layernorm,179,0,2,1
q_proj,179,0,2,1
k_proj,179,0,2,1
v_proj,179,0,2,1
rope,179,0,2,1
attn,179,0,2,1
o_proj,179,0,2,1
post_layernorm,179,0,2,1
gate_proj,179,0,2,257997
up_proj,179,0,2,1
act_fn,179,0,2,1
down_proj,179,0,2,1
final_layernorm,179,0,2,12239
lm_head,179,0,2,497036
embedding,180,0,2,108617
input_layernorm,180,0,2,1
q_proj,180,0,2,1
k_proj,180,0,2,1
v_proj,180,0,2,1
rope,180,0,2,1
attn,180,0,2,1
o_proj,180,0,2,1
post_layernorm,180,0,2,1
gate_proj,180,0,2,258608
up_proj,180,0,2,1
act_fn,180,0,2,1
down_proj,180,0,2,1
final_layernorm,180,0,2,12257
lm_head,180,0,2,497757
embedding,181,0,2,108812
input_layernorm,181,0,2,1
q_proj,181,0,2,1
k_proj,181,0,2,1
v_proj,181,0,2,1
rope,181,0,2,1
attn,181,0,2,1
o_proj,181,0,2,1
post_layernorm,181,0,2,1
gate_proj,181,0,2,259218
up_proj,181,0,2,1
act_fn,181,0,2,1
down_proj,181,0,2,1
final_layernorm,181,0,2,12275
lm_head,181,0,2,498479
embedding,182,0,2,109008
input_layernorm,182,0,2,1
q_proj,182,0,2,1
k_proj,182,0,2,1
v_proj,182,0,2,1
rope,182,0,2,1
attn,182,0,2,1
o_proj,182,0,2,1
post_layernorm,182,0,2,1
gate_proj,182,0,2,259829
up_proj,182,0,2,1
act_fn,182,0,2,1
down_proj,182,0,2,1
final_layernorm,182,0,2,12293
lm_head,182,0,2,499200
embedding,183,0,2,109203
input_layernorm,183,0,2,1
q_proj,183,0,2,1
k_proj,183,0,2,1
v_proj,183,0,2,1
rope,183,0,2,1
attn,183,0,2,1
o_proj,183,0,2,1
post_layernorm,183,0,2,1
gate_proj,183,0,2,260440
up_proj,183,0,2,1
act_fn,183,0,2,1
down_proj,183,0,2,1
final_layernorm,183,0,2,12310
lm_head,183,0,2,499923
embedding,184,0,2,109399
input_layernorm,184,0,2,1
q_proj,184,0,2,1
k_proj,184,0,2,1
v_proj,184,0,2,1
rope,184,0,2,1
attn,184,0,2,1
o_proj,184,0,2,1
post_layernorm,184,0,2,1
gate_proj,184,0,2,261051
up_proj,184,0,2,1
act_fn,184,0,2,1
down_proj,184,0,2,1
final_layernorm,184,0,2,12328
lm_head,184,0,2,500644
embedding,185,0,2,109594
input_layernorm,185,0,2,1
q_proj,185,0,2,1
k_proj,185,0,2,1
v_proj,185,0,2,1
rope,185,0,2,1
attn,185,0,2,1
o_proj,185,0,2,1
post_layernorm,185,0,2,1
gate_proj,185,0,2,261661
up_proj,185,0,2,1
act_fn,185,0,2,1
down_proj,185,0,2,1
final_layernorm,185,0,2,12346
lm_head,185,0,2,501366
embedding,186,0,2,109790
input_layernorm,186,0,2,1
q_proj,186,0,2,1
k_proj,186,0,2,1
v_proj,186,0,2,1
rope,186,0,2,1
attn,186,0,2,1
o_proj,186,0,2,1
post_layernorm,186,0,2,1
gate_proj,186,0,2,262272
up_proj,186,0,2,1
act_fn,186,0,2,1
down_proj,186,0,2,1
final_layernorm,186,0,2,12364
lm_head,186,0,2,502088
embedding,187,0,2,109985
input_layernorm,187,0,2,1
q_proj,187,0,2,1
k_proj,187,0,2,1
v_proj,187,0,2,1
rope,187,0,2,1
attn,187,0,2,1
o_proj,187,0,2,1
post_layernorm,187,0,2,1
gate_proj,187,0,2,262883
up_proj,187,0,2,1
act_fn,187,0,2,1
down_proj,187,0,2,1
final_layernorm,187,0,2,12382
lm_head,187,0,2,502809
embedding,188,0,2,110181
input_layernorm,188,0,2,1
q_proj,188,0,2,1
k_proj,188,0,2,1
v_proj,188,0,2,1
rope,188,0,2,1
attn,188,0,2,1
o_proj,188,0,2,1
post_layernorm,188,0,2,1
gate_proj,188,0,2,263494
up_proj,188,0,2,1
act_fn,188,0,2,1
down_proj,188,0,2,1
final_layernorm,188,0,2,12399
lm_head,188,0,2,503531
embedding,189,0,2,110376
input_layernorm,189,0,2,1
q_proj,189,0,2,1
k_proj,189,0,2,1
v_proj,189,0,2,1
rope,189,0,2,1
attn,189,0,2,1
o_proj,189,0,2,1
post_layernorm,189,0,2,1
gate_proj,189,0,2,264105
up_proj,189,0,2,1
act_fn,189,0,2,1
down_proj,189,0,2,1
final_layernorm,189,0,2,12417
lm_head,189,0,2,504253
embedding,190,0,2,110572
input_layernorm,190,0,2,1
q_proj,190,0,2,1
k_proj,190,0,2,1
v_proj,190,0,2,1
rope,190,0,2,1
attn,190,0,2,1
o_proj,190,0,2,1
post_layernorm,190,0,2,1
gate_proj,190,0,2,264715
up_proj,190,0,2,1
act_fn,190,0,2,1
down_proj,190,0,2,1
final_layernorm,190,0,2,12435
lm_head,190,0,2,504974
embedding,191,0,2,110767
input_layernorm,191,0,2,1
q_proj,191,0,2,1
k_proj,191,0,2,1
v_proj,191,0,2,1
rope,191,0,2,1
attn,191,0,2,1
o_proj,191,0,2,1
post_layernorm,191,0,2,1
gate_proj,191,0,2,265326
up_proj,191,0,2,1
act_fn,191,0,2,1
down_proj,191,0,2,1
final_layernorm,191,0,2,12453
lm_head,191,0,2,505696
embedding,192,0,2,110963
input_layernorm,192,0,2,1
q_proj,192,0,2,1
k_proj,192,0,2,1
v_proj,192,0,2,1
rope,192,0,2,1
attn,192,0,2,1
o_proj,192,0,2,1
post_layernorm,192,0,2,1
gate_proj,192,0,2,265937
up_proj,192,0,2,1
act_fn,192,0,2,1
down_proj,192,0,2,1
final_layernorm,192,0,2,12470
lm_head,192,0,2,506418
embedding,193,0,2,111159
input_layernorm,193,0,2,1
q_proj,193,0,2,1
k_proj,193,0,2,1
v_proj,193,0,2,1
rope,193,0,2,1
attn,193,0,2,1
o_proj,193,0,2,1
post_layernorm,193,0,2,1
gate_proj,193,0,2,266547
up_proj,193,0,2,1
act_fn,193,0,2,1
down_proj,193,0,2,1
final_layernorm,193,0,2,12488
lm_head,193,0,2,507139
embedding,194,0,2,111354
input_layernorm,194,0,2,1
q_proj,194,0,2,1
k_proj,194,0,2,1
v_proj,194,0,2,1
rope,194,0,2,1
attn,194,0,2,1
o_proj,194,0,2,1
post_layernorm,194,0,2,1
gate_proj,194,0,2,267159
up_proj,194,0,2,1
act_fn,194,0,2,1
down_proj,194,0,2,1
final_layernorm,194,0,2,12506
lm_head,194,0,2,507861
embedding,195,0,2,111550
input_layernorm,195,0,2,1
q_proj,195,0,2,1
k_proj,195,0,2,1
v_proj,195,0,2,1
rope,195,0,2,1
attn,195,0,2,1
o_proj,195,0,2,1
post_layernorm,195,0,2,1
gate_proj,195,0,2,267769
up_proj,195,0,2,1
act_fn,195,0,2,1
down_proj,195,0,2,1
final_layernorm,195,0,2,12524
lm_head,195,0,2,508582
embedding,196,0,2,111745
input_layernorm,196,0,2,1
q_proj,196,0,2,1
k_proj,196,0,2,1
v_proj,196,0,2,1
rope,196,0,2,1
attn,196,0,2,1
o_proj,196,0,2,1
post_layernorm,196,0,2,1
gate_proj,196,0,2,268380
up_proj,196,0,2,1
act_fn,196,0,2,1
down_proj,196,0,2,1
final_layernorm,196,0,2,12541
lm_head,196,0,2,509304
embedding,197,0,2,111941
input_layernorm,197,0,2,1
q_proj,197,0,2,1
k_proj,197,0,2,1
v_proj,197,0,2,1
rope,197,0,2,1
attn,197,0,2,1
o_proj,197,0,2,1
post_layernorm,197,0,2,1
gate_proj,197,0,2,268991
up_proj,197,0,2,1
act_fn,197,0,2,1
down_proj,197,0,2,1
final_layernorm,197,0,2,12559
lm_head,197,0,2,510026
embedding,198,0,2,112136
input_layernorm,198,0,2,1
q_proj,198,0,2,1
k_proj,198,0,2,1
v_proj,198,0,2,1
rope,198,0,2,1
attn,198,0,2,1
o_proj,198,0,2,1
post_layernorm,198,0,2,1
gate_proj,198,0,2,269602
up_proj,198,0,2,1
act_fn,198,0,2,1
down_proj,198,0,2,1
final_layernorm,198,0,2,12577
lm_head,198,0,2,510747
embedding,199,0,2,112332
input_layernorm,199,0,2,1
q_proj,199,0,2,1
k_proj,199,0,2,1
v_proj,199,0,2,1
rope,199,0,2,1
attn,199,0,2,1
o_proj,199,0,2,1
post_layernorm,199,0,2,1
gate_proj,199,0,2,270212
up_proj,199,0,2,1
act_fn,199,0,2,1
down_proj,199,0,2,1
final_layernorm,199,0,2,12595
lm_head,199,0,2,511469
embedding,200,0,2,112527
input_layernorm,200,0,2,1
q_proj,200,0,2,1
k_proj,200,0,2,1
v_proj,200,0,2,1
rope,200,0,2,1
attn,200,0,2,1
o_proj,200,0,2,1
post_layernorm,200,0,2,1
gate_proj,200,0,2,270823
up_proj,200,0,2,1
act_fn,200,0,2,1
down_proj,200,0,2,1
final_layernorm,200,0,2,12613
lm_head,200,0,2,512191
embedding,201,0,2,112723
input_layernorm,201,0,2,1
q_proj,201,0,2,1
k_proj,201,0,2,1
v_proj,201,0,2,1
rope,201,0,2,1
attn,201,0,2,1
o_proj,201,0,2,1
post_layernorm,201,0,2,1
gate_proj,201,0,2,271434
up_proj,201,0,2,1
act_fn,201,0,2,1
down_proj,201,0,2,1
final_layernorm,201,0,2,12630
lm_head,201,0,2,512913
embedding,202,0,2,112918
input_layernorm,202,0,2,1
q_proj,202,0,2,1
k_proj,202,0,2,1
v_proj,202,0,2,1
rope,202,0,2,1
attn,202,0,2,1
o_proj,202,0,2,1
post_layernorm,202,0,2,1
gate_proj,202,0,2,272045
up_proj,202,0,2,1
act_fn,202,0,2,1
down_proj,202,0,2,1
final_layernorm,202,0,2,12648
lm_head,202,0,2,513634
embedding,203,0,2,113114
input_layernorm,203,0,2,1
q_proj,203,0,2,1
k_proj,203,0,2,1
v_proj,203,0,2,1
rope,203,0,2,1
attn,203,0,2,1
o_proj,203,0,2,1
post_layernorm,203,0,2,1
gate_proj,203,0,2,272656
up_proj,203,0,2,1
act_fn,203,0,2,1
down_proj,203,0,2,1
final_layernorm,203,0,2,12666
lm_head,203,0,2,514356
embedding,204,0,2,113309
input_layernorm,204,0,2,1
q_proj,204,0,2,1
k_proj,204,0,2,1
v_proj,204,0,2,1
rope,204,0,2,1
attn,204,0,2,1
o_proj,204,0,2,1
post_layernorm,204,0,2,1
gate_proj,204,0,2,273266
up_proj,204,0,2,1
act_fn,204,0,2,1
down_proj,204,0,2,1
final_layernorm,204,0,2,12684
lm_head,204,0,2,515078
embedding,205,0,2,113505
input_layernorm,205,0,2,1
q_proj,205,0,2,1
k_proj,205,0,2,1
v_proj,205,0,2,1
rope,205,0,2,1
attn,205,0,2,1
o_proj,205,0,2,1
post_layernorm,205,0,2,1
gate_proj,205,0,2,273877
up_proj,205,0,2,1
act_fn,205,0,2,1
down_proj,205,0,2,1
final_layernorm,205,0,2,12701
lm_head,205,0,2,515799
embedding,206,0,2,113700
input_layernorm,206,0,2,1
q_proj,206,0,2,1
k_proj,206,0,2,1
v_proj,206,0,2,1
rope,206,0,2,1
attn,206,0,2,1
o_proj,206,0,2,1
post_layernorm,206,0,2,1
gate_proj,206,0,2,274488
up_proj,206,0,2,1
act_fn,206,0,2,1
down_proj,206,0,2,1
final_layernorm,206,0,2,12719
lm_head,206,0,2,516521
embedding,207,0,2,113896
input_layernorm,207,0,2,1
q_proj,207,0,2,1
k_proj,207,0,2,1
v_proj,207,0,2,1
rope,207,0,2,1
attn,207,0,2,1
o_proj,207,0,2,1
post_layernorm,207,0,2,1
gate_proj,207,0,2,275099
up_proj,207,0,2,1
act_fn,207,0,2,1
down_proj,207,0,2,1
final_layernorm,207,0,2,12737
lm_head,207,0,2,517242
embedding,208,0,2,114091
input_layernorm,208,0,2,1
q_proj,208,0,2,1
k_proj,208,0,2,1
v_proj,208,0,2,1
rope,208,0,2,1
attn,208,0,2,1
o_proj,208,0,2,1
post_layernorm,208,0,2,1
gate_proj,208,0,2,275709
up_proj,208,0,2,1
act_fn,208,0,2,1
down_proj,208,0,2,1
final_layernorm,208,0,2,12755
lm_head,208,0,2,517964
embedding,209,0,2,114287
input_layernorm,209,0,2,1
q_proj,209,0,2,1
k_proj,209,0,2,1
v_proj,209,0,2,1
rope,209,0,2,1
attn,209,0,2,1
o_proj,209,0,2,1
post_layernorm,209,0,2,1
gate_proj,209,0,2,276320
up_proj,209,0,2,1
act_fn,209,0,2,1
down_proj,209,0,2,1
final_layernorm,209,0,2,12773
lm_head,209,0,2,518686
embedding,210,0,2,114482
input_layernorm,210,0,2,1
q_proj,210,0,2,1
k_proj,210,0,2,1
v_proj,210,0,2,1
rope,210,0,2,1
attn,210,0,2,1
o_proj,210,0,2,1
post_layernorm,210,0,2,1
gate_proj,210,0,2,276931
up_proj,210,0,2,1
act_fn,210,0,2,1
down_proj,210,0,2,1
final_layernorm,210,0,2,12790
lm_head,210,0,2,519408
embedding,211,0,2,114678
input_layernorm,211,0,2,1
q_proj,211,0,2,1
k_proj,211,0,2,1
v_proj,211,0,2,1
rope,211,0,2,1
attn,211,0,2,1
o_proj,211,0,2,1
post_layernorm,211,0,2,1
gate_proj,211,0,2,277542
up_proj,211,0,2,1
act_fn,211,0,2,1
down_proj,211,0,2,1
final_layernorm,211,0,2,12808
lm_head,211,0,2,520130
embedding,212,0,2,114873
input_layernorm,212,0,2,1
q_proj,212,0,2,1
k_proj,212,0,2,1
v_proj,212,0,2,1
rope,212,0,2,1
attn,212,0,2,1
o_proj,212,0,2,1
post_layernorm,212,0,2,1
gate_proj,212,0,2,278153
up_proj,212,0,2,1
act_fn,212,0,2,1
down_proj,212,0,2,1
final_layernorm,212,0,2,12826
lm_head,212,0,2,520851
embedding,213,0,2,115069
input_layernorm,213,0,2,1
q_proj,213,0,2,1
k_proj,213,0,2,1
v_proj,213,0,2,1
rope,213,0,2,1
attn,213,0,2,1
o_proj,213,0,2,1
post_layernorm,213,0,2,1
gate_proj,213,0,2,278763
up_proj,213,0,2,1
act_fn,213,0,2,1
down_proj,213,0,2,1
final_layernorm,213,0,2,12844
lm_head,213,0,2,521573
embedding,214,0,2,115264
input_layernorm,214,0,2,1
q_proj,214,0,2,1
k_proj,214,0,2,1
v_proj,214,0,2,1
rope,214,0,2,1
attn,214,0,2,1
o_proj,214,0,2,1
post_layernorm,214,0,2,1
gate_proj,214,0,2,279374
up_proj,214,0,2,1
act_fn,214,0,2,1
down_proj,214,0,2,1
final_layernorm,214,0,2,12861
lm_head,214,0,2,522294
embedding,215,0,2,115460
input_layernorm,215,0,2,1
q_proj,215,0,2,1
k_proj,215,0,2,1
v_proj,215,0,2,1
rope,215,0,2,1
attn,215,0,2,1
o_proj,215,0,2,1
post_layernorm,215,0,2,1
gate_proj,215,0,2,279985
up_proj,215,0,2,1
act_fn,215,0,2,1
down_proj,215,0,2,1
final_layernorm,215,0,2,12879
lm_head,215,0,2,523016
embedding,216,0,2,115655
input_layernorm,216,0,2,1
q_proj,216,0,2,1
k_proj,216,0,2,1
v_proj,216,0,2,1
rope,216,0,2,1
attn,216,0,2,1
o_proj,216,0,2,1
post_layernorm,216,0,2,1
gate_proj,216,0,2,280596
up_proj,216,0,2,1
act_fn,216,0,2,1
down_proj,216,0,2,1
final_layernorm,216,0,2,12897
lm_head,216,0,2,523738
embedding,217,0,2,115851
input_layernorm,217,0,2,1
q_proj,217,0,2,1
k_proj,217,0,2,1
v_proj,217,0,2,1
rope,217,0,2,1
attn,217,0,2,1
o_proj,217,0,2,1
post_layernorm,217,0,2,1
gate_proj,217,0,2,281207
up_proj,217,0,2,1
act_fn,217,0,2,1
down_proj,217,0,2,1
final_layernorm,217,0,2,12915
lm_head,217,0,2,524459
embedding,218,0,2,116046
input_layernorm,218,0,2,1
q_proj,218,0,2,1
k_proj,218,0,2,1
v_proj,218,0,2,1
rope,218,0,2,1
attn,218,0,2,1
o_proj,218,0,2,1
post_layernorm,218,0,2,1
gate_proj,218,0,2,281817
up_proj,218,0,2,1
act_fn,218,0,2,1
down_proj,218,0,2,1
final_layernorm,218,0,2,12932
lm_head,218,0,2,525181
embedding,219,0,2,116242
input_layernorm,219,0,2,1
q_proj,219,0,2,1
k_proj,219,0,2,1
v_proj,219,0,2,1
rope,219,0,2,1
attn,219,0,2,1
o_proj,219,0,2,1
post_layernorm,219,0,2,1
gate_proj,219,0,2,282428
up_proj,219,0,2,1
act_fn,219,0,2,1
down_proj,219,0,2,1
final_layernorm,219,0,2,12950
lm_head,219,0,2,525902
embedding,220,0,2,116437
input_layernorm,220,0,2,1
q_proj,220,0,2,1
k_proj,220,0,2,1
v_proj,220,0,2,1
rope,220,0,2,1
attn,220,0,2,1
o_proj,220,0,2,1
post_layernorm,220,0,2,1
gate_proj,220,0,2,283039
up_proj,220,0,2,1
act_fn,220,0,2,1
down_proj,220,0,2,1
final_layernorm,220,0,2,12968
lm_head,220,0,2,526624
embedding,221,0,2,116633
input_layernorm,221,0,2,1
q_proj,221,0,2,1
k_proj,221,0,2,1
v_proj,221,0,2,1
rope,221,0,2,1
attn,221,0,2,1
o_proj,221,0,2,1
post_layernorm,221,0,2,1
gate_proj,221,0,2,283650
up_proj,221,0,2,1
act_fn,221,0,2,1
down_proj,221,0,2,1
final_layernorm,221,0,2,12986
lm_head,221,0,2,527346
embedding,222,0,2,116828
input_layernorm,222,0,2,1
q_proj,222,0,2,1
k_proj,222,0,2,1
v_proj,222,0,2,1
rope,222,0,2,1
attn,222,0,2,1
o_proj,222,0,2,1
post_layernorm,222,0,2,1
gate_proj,222,0,2,284260
up_proj,222,0,2,1
act_fn,222,0,2,1
down_proj,222,0,2,1
final_layernorm,222,0,2,13004
lm_head,222,0,2,528067
embedding,223,0,2,117024
input_layernorm,223,0,2,1
q_proj,223,0,2,1
k_proj,223,0,2,1
v_proj,223,0,2,1
rope,223,0,2,1
attn,223,0,2,1
o_proj,223,0,2,1
post_layernorm,223,0,2,1
gate_proj,223,0,2,284871
up_proj,223,0,2,1
act_fn,223,0,2,1
down_proj,223,0,2,1
final_layernorm,223,0,2,13021
lm_head,223,0,2,528789
embedding,224,0,2,117220
input_layernorm,224,0,2,1
q_proj,224,0,2,1
k_proj,224,0,2,1
v_proj,224,0,2,1
rope,224,0,2,1
attn,224,0,2,1
o_proj,224,0,2,1
post_layernorm,224,0,2,1
gate_proj,224,0,2,285482
up_proj,224,0,2,1
act_fn,224,0,2,1
down_proj,224,0,2,1
final_layernorm,224,0,2,13039
lm_head,224,0,2,529511
embedding,225,0,2,117415
input_layernorm,225,0,2,1
q_proj,225,0,2,1
k_proj,225,0,2,1
v_proj,225,0,2,1
rope,225,0,2,1
attn,225,0,2,1
o_proj,225,0,2,1
post_layernorm,225,0,2,1
gate_proj,225,0,2,286093
up_proj,225,0,2,1
act_fn,225,0,2,1
down_proj,225,0,2,1
final_layernorm,225,0,2,13057
lm_head,225,0,2,530233
embedding,226,0,2,117611
input_layernorm,226,0,2,1
q_proj,226,0,2,1
k_proj,226,0,2,1
v_proj,226,0,2,1
rope,226,0,2,1
attn,226,0,2,1
o_proj,226,0,2,1
post_layernorm,226,0,2,1
gate_proj,226,0,2,286704
up_proj,226,0,2,1
act_fn,226,0,2,1
down_proj,226,0,2,1
final_layernorm,226,0,2,13075
lm_head,226,0,2,530954
embedding,227,0,2,117806
input_layernorm,227,0,2,1
q_proj,227,0,2,1
k_proj,227,0,2,1
v_proj,227,0,2,1
rope,227,0,2,1
attn,227,0,2,1
o_proj,227,0,2,1
post_layernorm,227,0,2,1
gate_proj,227,0,2,287314
up_proj,227,0,2,1
act_fn,227,0,2,1
down_proj,227,0,2,1
final_layernorm,227,0,2,13092
lm_head,227,0,2,531676
embedding,228,0,2,118002
input_layernorm,228,0,2,1
q_proj,228,0,2,1
k_proj,228,0,2,1
v_proj,228,0,2,1
rope,228,0,2,1
attn,228,0,2,1
o_proj,228,0,2,1
post_layernorm,228,0,2,1
gate_proj,228,0,2,287925
up_proj,228,0,2,1
act_fn,228,0,2,1
down_proj,228,0,2,1
final_layernorm,228,0,2,13110
lm_head,228,0,2,532398
embedding,229,0,2,118197
input_layernorm,229,0,2,1
q_proj,229,0,2,1
k_proj,229,0,2,1
v_proj,229,0,2,1
rope,229,0,2,1
attn,229,0,2,1
o_proj,229,0,2,1
post_layernorm,229,0,2,1
gate_proj,229,0,2,288536
up_proj,229,0,2,1
act_fn,229,0,2,1
down_proj,229,0,2,1
final_layernorm,229,0,2,13128
lm_head,229,0,2,533119
embedding,230,0,2,118393
input_layernorm,230,0,2,1
q_proj,230,0,2,1
k_proj,230,0,2,1
v_proj,230,0,2,1
rope,230,0,2,1
attn,230,0,2,1
o_proj,230,0,2,1
post_layernorm,230,0,2,1
gate_proj,230,0,2,289147
up_proj,230,0,2,1
act_fn,230,0,2,1
down_proj,230,0,2,1
final_layernorm,230,0,2,13146
lm_head,230,0,2,533841
embedding,231,0,2,118588
input_layernorm,231,0,2,1
q_proj,231,0,2,1
k_proj,231,0,2,1
v_proj,231,0,2,1
rope,231,0,2,1
attn,231,0,2,1
o_proj,231,0,2,1
post_layernorm,231,0,2,1
gate_proj,231,0,2,289757
up_proj,231,0,2,1
act_fn,231,0,2,1
down_proj,231,0,2,1
final_layernorm,231,0,2,13163
lm_head,231,0,2,534563
embedding,232,0,2,118784
input_layernorm,232,0,2,1
q_proj,232,0,2,1
k_proj,232,0,2,1
v_proj,232,0,2,1
rope,232,0,2,1
attn,232,0,2,1
o_proj,232,0,2,1
post_layernorm,232,0,2,1
gate_proj,232,0,2,290368
up_proj,232,0,2,1
act_fn,232,0,2,1
down_proj,232,0,2,1
final_layernorm,232,0,2,13181
lm_head,232,0,2,535285
embedding,233,0,2,118979
input_layernorm,233,0,2,1
q_proj,233,0,2,1
k_proj,233,0,2,1
v_proj,233,0,2,1
rope,233,0,2,1
attn,233,0,2,1
o_proj,233,0,2,1
post_layernorm,233,0,2,1
gate_proj,233,0,2,290979
up_proj,233,0,2,1
act_fn,233,0,2,1
down_proj,233,0,2,1
final_layernorm,233,0,2,13199
lm_head,233,0,2,536006
embedding,234,0,2,119175
input_layernorm,234,0,2,1
q_proj,234,0,2,1
k_proj,234,0,2,1
v_proj,234,0,2,1
rope,234,0,2,1
attn,234,0,2,1
o_proj,234,0,2,1
post_layernorm,234,0,2,1
gate_proj,234,0,2,291590
up_proj,234,0,2,1
act_fn,234,0,2,1
down_proj,234,0,2,1
final_layernorm,234,0,2,13217
lm_head,234,0,2,536728
embedding,235,0,2,119370
input_layernorm,235,0,2,1
q_proj,235,0,2,1
k_proj,235,0,2,1
v_proj,235,0,2,1
rope,235,0,2,1
attn,235,0,2,1
o_proj,235,0,2,1
post_layernorm,235,0,2,1
gate_proj,235,0,2,292201
up_proj,235,0,2,1
act_fn,235,0,2,1
down_proj,235,0,2,1
final_layernorm,235,0,2,13235
lm_head,235,0,2,537449
embedding,236,0,2,119566
input_layernorm,236,0,2,1
q_proj,236,0,2,1
k_proj,236,0,2,1
v_proj,236,0,2,1
rope,236,0,2,1
attn,236,0,2,1
o_proj,236,0,2,1
post_layernorm,236,0,2,1
gate_proj,236,0,2,292811
up_proj,236,0,2,1
act_fn,236,0,2,1
down_proj,236,0,2,1
final_layernorm,236,0,2,13252
lm_head,236,0,2,538172
embedding,237,0,2,119761
input_layernorm,237,0,2,1
q_proj,237,0,2,1
k_proj,237,0,2,1
v_proj,237,0,2,1
rope,237,0,2,1
attn,237,0,2,1
o_proj,237,0,2,1
post_layernorm,237,0,2,1
gate_proj,237,0,2,293422
up_proj,237,0,2,1
act_fn,237,0,2,1
down_proj,237,0,2,1
final_layernorm,237,0,2,13270
lm_head,237,0,2,538893
embedding,238,0,2,119957
input_layernorm,238,0,2,1
q_proj,238,0,2,1
k_proj,238,0,2,1
v_proj,238,0,2,1
rope,238,0,2,1
attn,238,0,2,1
o_proj,238,0,2,1
post_layernorm,238,0,2,1
gate_proj,238,0,2,294033
up_proj,238,0,2,1
act_fn,238,0,2,1
down_proj,238,0,2,1
final_layernorm,238,0,2,13288
lm_head,238,0,2,539615
embedding,239,0,2,120152
input_layernorm,239,0,2,1
q_proj,239,0,2,1
k_proj,239,0,2,1
v_proj,239,0,2,1
rope,239,0,2,1
attn,239,0,2,1
o_proj,239,0,2,1
post_layernorm,239,0,2,1
gate_proj,239,0,2,294644
up_proj,239,0,2,1
act_fn,239,0,2,1
down_proj,239,0,2,1
final_layernorm,239,0,2,13306
lm_head,239,0,2,540336
embedding,240,0,2,120348
input_layernorm,240,0,2,1
q_proj,240,0,2,1
k_proj,240,0,2,1
v_proj,240,0,2,1
rope,240,0,2,1
attn,240,0,2,1
o_proj,240,0,2,1
post_layernorm,240,0,2,1
gate_proj,240,0,2,295255
up_proj,240,0,2,1
act_fn,240,0,2,1
down_proj,240,0,2,1
final_layernorm,240,0,2,13323
lm_head,240,0,2,541058
embedding,241,0,2,120543
input_layernorm,241,0,2,1
q_proj,241,0,2,1
k_proj,241,0,2,1
v_proj,241,0,2,1
rope,241,0,2,1
attn,241,0,2,1
o_proj,241,0,2,1
post_layernorm,241,0,2,1
gate_proj,241,0,2,295865
up_proj,241,0,2,1
act_fn,241,0,2,1
down_proj,241,0,2,1
final_layernorm,241,0,2,13341
lm_head,241,0,2,541780
embedding,242,0,2,120739
input_layernorm,242,0,2,1
q_proj,242,0,2,1
k_proj,242,0,2,1
v_proj,242,0,2,1
rope,242,0,2,1
attn,242,0,2,1
o_proj,242,0,2,1
post_layernorm,242,0,2,1
gate_proj,242,0,2,296476
up_proj,242,0,2,1
act_fn,242,0,2,1
down_proj,242,0,2,1
final_layernorm,242,0,2,13359
lm_head,242,0,2,542501
embedding,243,0,2,120934
input_layernorm,243,0,2,1
q_proj,243,0,2,1
k_proj,243,0,2,1
v_proj,243,0,2,1
rope,243,0,2,1
attn,243,0,2,1
o_proj,243,0,2,1
post_layernorm,243,0,2,1
gate_proj,243,0,2,297087
up_proj,243,0,2,1
act_fn,243,0,2,1
down_proj,243,0,2,1
final_layernorm,243,0,2,13377
lm_head,243,0,2,543223
embedding,244,0,2,121130
input_layernorm,244,0,2,1
q_proj,244,0,2,1
k_proj,244,0,2,1
v_proj,244,0,2,1
rope,244,0,2,1
attn,244,0,2,1
o_proj,244,0,2,1
post_layernorm,244,0,2,1
gate_proj,244,0,2,297698
up_proj,244,0,2,1
act_fn,244,0,2,1
down_proj,244,0,2,1
final_layernorm,244,0,2,13394
lm_head,244,0,2,543944
embedding,245,0,2,121325
input_layernorm,245,0,2,1
q_proj,245,0,2,1
k_proj,245,0,2,1
v_proj,245,0,2,1
rope,245,0,2,1
attn,245,0,2,1
o_proj,245,0,2,1
post_layernorm,245,0,2,1
gate_proj,245,0,2,298308
up_proj,245,0,2,1
act_fn,245,0,2,1
down_proj,245,0,2,1
final_layernorm,245,0,2,13412
lm_head,245,0,2,544666
embedding,246,0,2,121521
input_layernorm,246,0,2,1
q_proj,246,0,2,1
k_proj,246,0,2,1
v_proj,246,0,2,1
rope,246,0,2,1
attn,246,0,2,1
o_proj,246,0,2,1
post_layernorm,246,0,2,1
gate_proj,246,0,2,298919
up_proj,246,0,2,1
act_fn,246,0,2,1
down_proj,246,0,2,1
final_layernorm,246,0,2,13430
lm_head,246,0,2,545388
embedding,247,0,2,121716
input_layernorm,247,0,2,1
q_proj,247,0,2,1
k_proj,247,0,2,1
v_proj,247,0,2,1
rope,247,0,2,1
attn,247,0,2,1
o_proj,247,0,2,1
post_layernorm,247,0,2,1
gate_proj,247,0,2,299530
up_proj,247,0,2,1
act_fn,247,0,2,1
down_proj,247,0,2,1
final_layernorm,247,0,2,13448
lm_head,247,0,2,546109
embedding,248,0,2,121912
input_layernorm,248,0,2,1
q_proj,248,0,2,1
k_proj,248,0,2,1
v_proj,248,0,2,1
rope,248,0,2,1
attn,248,0,2,1
o_proj,248,0,2,1
post_layernorm,248,0,2,1
gate_proj,248,0,2,300141
up_proj,248,0,2,1
act_fn,248,0,2,1
down_proj,248,0,2,1
final_layernorm,248,0,2,13466
lm_head,248,0,2,546831
embedding,249,0,2,122107
input_layernorm,249,0,2,1
q_proj,249,0,2,1
k_proj,249,0,2,1
v_proj,249,0,2,1
rope,249,0,2,1
attn,249,0,2,1
o_proj,249,0,2,1
post_layernorm,249,0,2,1
gate_proj,249,0,2,300752
up_proj,249,0,2,1
act_fn,249,0,2,1
down_proj,249,0,2,1
final_layernorm,249,0,2,13483
lm_head,249,0,2,547553
embedding,250,0,2,122303
input_layernorm,250,0,2,1
q_proj,250,0,2,1
k_proj,250,0,2,1
v_proj,250,0,2,1
rope,250,0,2,1
attn,250,0,2,1
o_proj,250,0,2,1
post_layernorm,250,0,2,1
gate_proj,250,0,2,301362
up_proj,250,0,2,1
act_fn,250,0,2,1
down_proj,250,0,2,1
final_layernorm,250,0,2,13501
lm_head,250,0,2,548275
embedding,251,0,2,122498
input_layernorm,251,0,2,1
q_proj,251,0,2,1
k_proj,251,0,2,1
v_proj,251,0,2,1
rope,251,0,2,1
attn,251,0,2,1
o_proj,251,0,2,1
post_layernorm,251,0,2,1
gate_proj,251,0,2,301973
up_proj,251,0,2,1
act_fn,251,0,2,1
down_proj,251,0,2,1
final_layernorm,251,0,2,13519
lm_head,251,0,2,548996
embedding,252,0,2,122694
input_layernorm,252,0,2,1
q_proj,252,0,2,1
k_proj,252,0,2,1
v_proj,252,0,2,1
rope,252,0,2,1
attn,252,0,2,1
o_proj,252,0,2,1
post_layernorm,252,0,2,1
gate_proj,252,0,2,302584
up_proj,252,0,2,1
act_fn,252,0,2,1
down_proj,252,0,2,1
final_layernorm,252,0,2,13537
lm_head,252,0,2,549718
embedding,253,0,2,122889
input_layernorm,253,0,2,1
q_proj,253,0,2,1
k_proj,253,0,2,1
v_proj,253,0,2,1
rope,253,0,2,1
attn,253,0,2,1
o_proj,253,0,2,1
post_layernorm,253,0,2,1
gate_proj,253,0,2,303195
up_proj,253,0,2,1
act_fn,253,0,2,1
down_proj,253,0,2,1
final_layernorm,253,0,2,13554
lm_head,253,0,2,550440
embedding,254,0,2,123085
input_layernorm,254,0,2,1
q_proj,254,0,2,1
k_proj,254,0,2,1
v_proj,254,0,2,1
rope,254,0,2,1
attn,254,0,2,1
o_proj,254,0,2,1
post_layernorm,254,0,2,1
gate_proj,254,0,2,303805
up_proj,254,0,2,1
act_fn,254,0,2,1
down_proj,254,0,2,1
final_layernorm,254,0,2,13572
lm_head,254,0,2,551161
embedding,255,0,2,123280
input_layernorm,255,0,2,1
q_proj,255,0,2,1
k_proj,255,0,2,1
v_proj,255,0,2,1
rope,255,0,2,1
attn,255,0,2,1
o_proj,255,0,2,1
post_layernorm,255,0,2,1
gate_proj,255,0,2,304417
up_proj,255,0,2,1
act_fn,255,0,2,1
down_proj,255,0,2,1
final_layernorm,255,0,2,13590
lm_head,255,0,2,551883
embedding,256,0,2,123476
input_layernorm,256,0,2,1
q_proj,256,0,2,1
k_proj,256,0,2,1
v_proj,256,0,2,1
rope,256,0,2,1
attn,256,0,2,1
o_proj,256,0,2,1
post_layernorm,256,0,2,1
gate_proj,256,0,2,305027
up_proj,256,0,2,1
act_fn,256,0,2,1
down_proj,256,0,2,1
final_layernorm,256,0,2,13608
lm_head,256,0,2,552605
embedding,257,0,2,123679
input_layernorm,257,0,2,1
q_proj,257,0,2,1
k_proj,257,0,2,1
v_proj,257,0,2,1
rope,257,0,2,1
attn,257,0,2,1
o_proj,257,0,2,1
post_layernorm,257,0,2,1
gate_proj,257,0,2,305999
up_proj,257,0,2,1
act_fn,257,0,2,1
down_proj,257,0,2,1
final_layernorm,257,0,2,13655
lm_head,257,0,2,554529
embedding,258,0,2,123882
input_layernorm,258,0,2,1
q_proj,258,0,2,1
k_proj,258,0,2,1
v_proj,258,0,2,1
rope,258,0,2,1
attn,258,0,2,1
o_proj,258,0,2,1
post_layernorm,258,0,2,1
gate_proj,258,0,2,306970
up_proj,258,0,2,1
act_fn,258,0,2,1
down_proj,258,0,2,1
final_layernorm,258,0,2,13703
lm_head,258,0,2,556453
embedding,259,0,2,124085
input_layernorm,259,0,2,1
q_proj,259,0,2,1
k_proj,259,0,2,1
v_proj,259,0,2,1
rope,259,0,2,1
attn,259,0,2,1
o_proj,259,0,2,1
post_layernorm,259,0,2,1
gate_proj,259,0,2,307941
up_proj,259,0,2,1
act_fn,259,0,2,1
down_proj,259,0,2,1
final_layernorm,259,0,2,13750
lm_head,259,0,2,558377
embedding,260,0,2,124288
input_layernorm,260,0,2,1
q_proj,260,0,2,1
k_proj,260,0,2,1
v_proj,260,0,2,1
rope,260,0,2,1
attn,260,0,2,1
o_proj,260,0,2,1
post_layernorm,260,0,2,1
gate_proj,260,0,2,308912
up_proj,260,0,2,1
act_fn,260,0,2,1
down_proj,260,0,2,1
final_layernorm,260,0,2,13797
lm_head,260,0,2,560302
embedding,261,0,2,124491
input_layernorm,261,0,2,1
q_proj,261,0,2,1
k_proj,261,0,2,1
v_proj,261,0,2,1
rope,261,0,2,1
attn,261,0,2,1
o_proj,261,0,2,1
post_layernorm,261,0,2,1
gate_proj,261,0,2,309884
up_proj,261,0,2,1
act_fn,261,0,2,1
down_proj,261,0,2,1
final_layernorm,261,0,2,13845
lm_head,261,0,2,562226
embedding,262,0,2,124694
input_layernorm,262,0,2,1
q_proj,262,0,2,1
k_proj,262,0,2,1
v_proj,262,0,2,1
rope,262,0,2,1
attn,262,0,2,1
o_proj,262,0,2,1
post_layernorm,262,0,2,1
gate_proj,262,0,2,310856
up_proj,262,0,2,1
act_fn,262,0,2,1
down_proj,262,0,2,1
final_layernorm,262,0,2,13892
lm_head,262,0,2,564150
embedding,263,0,2,124897
input_layernorm,263,0,2,1
q_proj,263,0,2,1
k_proj,263,0,2,1
v_proj,263,0,2,1
rope,263,0,2,1
attn,263,0,2,1
o_proj,263,0,2,1
post_layernorm,263,0,2,1
gate_proj,263,0,2,311827
up_proj,263,0,2,1
act_fn,263,0,2,1
down_proj,263,0,2,1
final_layernorm,263,0,2,13939
lm_head,263,0,2,566075
embedding,264,0,2,125100
input_layernorm,264,0,2,1
q_proj,264,0,2,1
k_proj,264,0,2,1
v_proj,264,0,2,1
rope,264,0,2,1
attn,264,0,2,1
o_proj,264,0,2,1
post_layernorm,264,0,2,1
gate_proj,264,0,2,312798
up_proj,264,0,2,1
act_fn,264,0,2,1
down_proj,264,0,2,1
final_layernorm,264,0,2,13987
lm_head,264,0,2,567999
embedding,265,0,2,125303
input_layernorm,265,0,2,1
q_proj,265,0,2,1
k_proj,265,0,2,1
v_proj,265,0,2,1
rope,265,0,2,1
attn,265,0,2,1
o_proj,265,0,2,1
post_layernorm,265,0,2,1
gate_proj,265,0,2,313770
up_proj,265,0,2,1
act_fn,265,0,2,1
down_proj,265,0,2,1
final_layernorm,265,0,2,14034
lm_head,265,0,2,569923
embedding,266,0,2,125507
input_layernorm,266,0,2,1
q_proj,266,0,2,1
k_proj,266,0,2,1
v_proj,266,0,2,1
rope,266,0,2,1
attn,266,0,2,1
o_proj,266,0,2,1
post_layernorm,266,0,2,1
gate_proj,266,0,2,314741
up_proj,266,0,2,1
act_fn,266,0,2,1
down_proj,266,0,2,1
final_layernorm,266,0,2,14082
lm_head,266,0,2,571848
embedding,267,0,2,125710
input_layernorm,267,0,2,1
q_proj,267,0,2,1
k_proj,267,0,2,1
v_proj,267,0,2,1
rope,267,0,2,1
attn,267,0,2,1
o_proj,267,0,2,1
post_layernorm,267,0,2,1
gate_proj,267,0,2,315712
up_proj,267,0,2,1
act_fn,267,0,2,1
down_proj,267,0,2,1
final_layernorm,267,0,2,14129
lm_head,267,0,2,573772
embedding,268,0,2,125913
input_layernorm,268,0,2,1
q_proj,268,0,2,1
k_proj,268,0,2,1
v_proj,268,0,2,1
rope,268,0,2,1
attn,268,0,2,1
o_proj,268,0,2,1
post_layernorm,268,0,2,1
gate_proj,268,0,2,316683
up_proj,268,0,2,1
act_fn,268,0,2,1
down_proj,268,0,2,1
final_layernorm,268,0,2,14176
lm_head,268,0,2,575697
embedding,269,0,2,126116
input_layernorm,269,0,2,1
q_proj,269,0,2,1
k_proj,269,0,2,1
v_proj,269,0,2,1
rope,269,0,2,1
attn,269,0,2,1
o_proj,269,0,2,1
post_layernorm,269,0,2,1
gate_proj,269,0,2,317655
up_proj,269,0,2,1
act_fn,269,0,2,1
down_proj,269,0,2,1
final_layernorm,269,0,2,14224
lm_head,269,0,2,577621
embedding,270,0,2,126319
input_layernorm,270,0,2,1
q_proj,270,0,2,1
k_proj,270,0,2,1
v_proj,270,0,2,1
rope,270,0,2,1
attn,270,0,2,1
o_proj,270,0,2,1
post_layernorm,270,0,2,1
gate_proj,270,0,2,318627
up_proj,270,0,2,1
act_fn,270,0,2,1
down_proj,270,0,2,1
final_layernorm,270,0,2,14271
lm_head,270,0,2,579545
embedding,271,0,2,126522
input_layernorm,271,0,2,1
q_proj,271,0,2,1
k_proj,271,0,2,1
v_proj,271,0,2,1
rope,271,0,2,1
attn,271,0,2,1
o_proj,271,0,2,1
post_layernorm,271,0,2,1
gate_proj,271,0,2,319598
up_proj,271,0,2,1
act_fn,271,0,2,1
down_proj,271,0,2,1
final_layernorm,271,0,2,14319
lm_head,271,0,2,581469
embedding,272,0,2,126725
input_layernorm,272,0,2,1
q_proj,272,0,2,1
k_proj,272,0,2,1
v_proj,272,0,2,1
rope,272,0,2,1
attn,272,0,2,1
o_proj,272,0,2,1
post_layernorm,272,0,2,1
gate_proj,272,0,2,320569
up_proj,272,0,2,1
act_fn,272,0,2,1
down_proj,272,0,2,1
final_layernorm,272,0,2,14366
lm_head,272,0,2,583394
embedding,273,0,2,126928
input_layernorm,273,0,2,1
q_proj,273,0,2,1
k_proj,273,0,2,1
v_proj,273,0,2,1
rope,273,0,2,1
attn,273,0,2,1
o_proj,273,0,2,1
post_layernorm,273,0,2,1
gate_proj,273,0,2,321540
up_proj,273,0,2,1
act_fn,273,0,2,1
down_proj,273,0,2,1
final_layernorm,273,0,2,14413
lm_head,273,0,2,585319
embedding,274,0,2,127131
input_layernorm,274,0,2,1
q_proj,274,0,2,1
k_proj,274,0,2,1
v_proj,274,0,2,1
rope,274,0,2,1
attn,274,0,2,1
o_proj,274,0,2,1
post_layernorm,274,0,2,1
gate_proj,274,0,2,322512
up_proj,274,0,2,1
act_fn,274,0,2,1
down_proj,274,0,2,1
final_layernorm,274,0,2,14461
lm_head,274,0,2,587242
embedding,275,0,2,127334
input_layernorm,275,0,2,1
q_proj,275,0,2,1
k_proj,275,0,2,1
v_proj,275,0,2,1
rope,275,0,2,1
attn,275,0,2,1
o_proj,275,0,2,1
post_layernorm,275,0,2,1
gate_proj,275,0,2,323483
up_proj,275,0,2,1
act_fn,275,0,2,1
down_proj,275,0,2,1
final_layernorm,275,0,2,14508
lm_head,275,0,2,589166
embedding,276,0,2,127537
input_layernorm,276,0,2,1
q_proj,276,0,2,1
k_proj,276,0,2,1
v_proj,276,0,2,1
rope,276,0,2,1
attn,276,0,2,1
o_proj,276,0,2,1
post_layernorm,276,0,2,1
gate_proj,276,0,2,324454
up_proj,276,0,2,1
act_fn,276,0,2,1
down_proj,276,0,2,1
final_layernorm,276,0,2,14555
lm_head,276,0,2,591091
embedding,277,0,2,127740
input_layernorm,277,0,2,1
q_proj,277,0,2,1
k_proj,277,0,2,1
v_proj,277,0,2,1
rope,277,0,2,1
attn,277,0,2,1
o_proj,277,0,2,1
post_layernorm,277,0,2,1
gate_proj,277,0,2,325426
up_proj,277,0,2,1
act_fn,277,0,2,1
down_proj,277,0,2,1
final_layernorm,277,0,2,14603
lm_head,277,0,2,593015
embedding,278,0,2,127943
input_layernorm,278,0,2,1
q_proj,278,0,2,1
k_proj,278,0,2,1
v_proj,278,0,2,1
rope,278,0,2,1
attn,278,0,2,1
o_proj,278,0,2,1
post_layernorm,278,0,2,1
gate_proj,278,0,2,326397
up_proj,278,0,2,1
act_fn,278,0,2,1
down_proj,278,0,2,1
final_layernorm,278,0,2,14650
lm_head,278,0,2,594940
embedding,279,0,2,128146
input_layernorm,279,0,2,1
q_proj,279,0,2,1
k_proj,279,0,2,1
v_proj,279,0,2,1
rope,279,0,2,1
attn,279,0,2,1
o_proj,279,0,2,1
post_layernorm,279,0,2,1
gate_proj,279,0,2,327369
up_proj,279,0,2,1
act_fn,279,0,2,1
down_proj,279,0,2,1
final_layernorm,279,0,2,14698
lm_head,279,0,2,596864
embedding,280,0,2,128349
input_layernorm,280,0,2,1
q_proj,280,0,2,1
k_proj,280,0,2,1
v_proj,280,0,2,1
rope,280,0,2,1
attn,280,0,2,1
o_proj,280,0,2,1
post_layernorm,280,0,2,1
gate_proj,280,0,2,328340
up_proj,280,0,2,1
act_fn,280,0,2,1
down_proj,280,0,2,1
final_layernorm,280,0,2,14745
lm_head,280,0,2,598788
embedding,281,0,2,128552
input_layernorm,281,0,2,1
q_proj,281,0,2,1
k_proj,281,0,2,1
v_proj,281,0,2,1
rope,281,0,2,1
attn,281,0,2,1
o_proj,281,0,2,1
post_layernorm,281,0,2,1
gate_proj,281,0,2,329311
up_proj,281,0,2,1
act_fn,281,0,2,1
down_proj,281,0,2,1
final_layernorm,281,0,2,14792
lm_head,281,0,2,600713
embedding,282,0,2,128755
input_layernorm,282,0,2,1
q_proj,282,0,2,1
k_proj,282,0,2,1
v_proj,282,0,2,1
rope,282,0,2,1
attn,282,0,2,1
o_proj,282,0,2,1
post_layernorm,282,0,2,1
gate_proj,282,0,2,330283
up_proj,282,0,2,1
act_fn,282,0,2,1
down_proj,282,0,2,1
final_layernorm,282,0,2,14840
lm_head,282,0,2,602637
embedding,283,0,2,128958
input_layernorm,283,0,2,1
q_proj,283,0,2,1
k_proj,283,0,2,1
v_proj,283,0,2,1
rope,283,0,2,1
attn,283,0,2,1
o_proj,283,0,2,1
post_layernorm,283,0,2,1
gate_proj,283,0,2,331254
up_proj,283,0,2,1
act_fn,283,0,2,1
down_proj,283,0,2,1
final_layernorm,283,0,2,14887
lm_head,283,0,2,604561
embedding,284,0,2,129161
input_layernorm,284,0,2,1
q_proj,284,0,2,1
k_proj,284,0,2,1
v_proj,284,0,2,1
rope,284,0,2,1
attn,284,0,2,1
o_proj,284,0,2,1
post_layernorm,284,0,2,1
gate_proj,284,0,2,332225
up_proj,284,0,2,1
act_fn,284,0,2,1
down_proj,284,0,2,1
final_layernorm,284,0,2,14935
lm_head,284,0,2,606485
embedding,285,0,2,129364
input_layernorm,285,0,2,1
q_proj,285,0,2,1
k_proj,285,0,2,1
v_proj,285,0,2,1
rope,285,0,2,1
attn,285,0,2,1
o_proj,285,0,2,1
post_layernorm,285,0,2,1
gate_proj,285,0,2,333197
up_proj,285,0,2,1
act_fn,285,0,2,1
down_proj,285,0,2,1
final_layernorm,285,0,2,14982
lm_head,285,0,2,608410
embedding,286,0,2,129568
input_layernorm,286,0,2,1
q_proj,286,0,2,1
k_proj,286,0,2,1
v_proj,286,0,2,1
rope,286,0,2,1
attn,286,0,2,1
o_proj,286,0,2,1
post_layernorm,286,0,2,1
gate_proj,286,0,2,334168
up_proj,286,0,2,1
act_fn,286,0,2,1
down_proj,286,0,2,1
final_layernorm,286,0,2,15029
lm_head,286,0,2,610335
embedding,287,0,2,129771
input_layernorm,287,0,2,1
q_proj,287,0,2,1
k_proj,287,0,2,1
v_proj,287,0,2,1
rope,287,0,2,1
attn,287,0,2,1
o_proj,287,0,2,1
post_layernorm,287,0,2,1
gate_proj,287,0,2,335140
up_proj,287,0,2,1
act_fn,287,0,2,1
down_proj,287,0,2,1
final_layernorm,287,0,2,15077
lm_head,287,0,2,612259
embedding,288,0,2,129974
input_layernorm,288,0,2,1
q_proj,288,0,2,1
k_proj,288,0,2,1
v_proj,288,0,2,1
rope,288,0,2,1
attn,288,0,2,1
o_proj,288,0,2,1
post_layernorm,288,0,2,1
gate_proj,288,0,2,336111
up_proj,288,0,2,1
act_fn,288,0,2,1
down_proj,288,0,2,1
final_layernorm,288,0,2,15124
lm_head,288,0,2,614183
embedding,289,0,2,130177
input_layernorm,289,0,2,1
q_proj,289,0,2,1
k_proj,289,0,2,1
v_proj,289,0,2,1
rope,289,0,2,1
attn,289,0,2,1
o_proj,289,0,2,1
post_layernorm,289,0,2,1
gate_proj,289,0,2,337082
up_proj,289,0,2,1
act_fn,289,0,2,1
down_proj,289,0,2,1
final_layernorm,289,0,2,15171
lm_head,289,0,2,616108
embedding,290,0,2,130380
input_layernorm,290,0,2,1
q_proj,290,0,2,1
k_proj,290,0,2,1
v_proj,290,0,2,1
rope,290,0,2,1
attn,290,0,2,1
o_proj,290,0,2,1
post_layernorm,290,0,2,1
gate_proj,290,0,2,338054
up_proj,290,0,2,1
act_fn,290,0,2,1
down_proj,290,0,2,1
final_layernorm,290,0,2,15219
lm_head,290,0,2,618032
embedding,291,0,2,130583
input_layernorm,291,0,2,1
q_proj,291,0,2,1
k_proj,291,0,2,1
v_proj,291,0,2,1
rope,291,0,2,1
attn,291,0,2,1
o_proj,291,0,2,1
post_layernorm,291,0,2,1
gate_proj,291,0,2,339025
up_proj,291,0,2,1
act_fn,291,0,2,1
down_proj,291,0,2,1
final_layernorm,291,0,2,15266
lm_head,291,0,2,619956
embedding,292,0,2,130786
input_layernorm,292,0,2,1
q_proj,292,0,2,1
k_proj,292,0,2,1
v_proj,292,0,2,1
rope,292,0,2,1
attn,292,0,2,1
o_proj,292,0,2,1
post_layernorm,292,0,2,1
gate_proj,292,0,2,339996
up_proj,292,0,2,1
act_fn,292,0,2,1
down_proj,292,0,2,1
final_layernorm,292,0,2,15314
lm_head,292,0,2,621880
embedding,293,0,2,130989
input_layernorm,293,0,2,1
q_proj,293,0,2,1
k_proj,293,0,2,1
v_proj,293,0,2,1
rope,293,0,2,1
attn,293,0,2,1
o_proj,293,0,2,1
post_layernorm,293,0,2,1
gate_proj,293,0,2,340968
up_proj,293,0,2,1
act_fn,293,0,2,1
down_proj,293,0,2,1
final_layernorm,293,0,2,15361
lm_head,293,0,2,623804
embedding,294,0,2,131192
input_layernorm,294,0,2,1
q_proj,294,0,2,1
k_proj,294,0,2,1
v_proj,294,0,2,1
rope,294,0,2,1
attn,294,0,2,1
o_proj,294,0,2,1
post_layernorm,294,0,2,1
gate_proj,294,0,2,341939
up_proj,294,0,2,1
act_fn,294,0,2,1
down_proj,294,0,2,1
final_layernorm,294,0,2,15408
lm_head,294,0,2,625729
embedding,295,0,2,131395
input_layernorm,295,0,2,1
q_proj,295,0,2,1
k_proj,295,0,2,1
v_proj,295,0,2,1
rope,295,0,2,1
attn,295,0,2,1
o_proj,295,0,2,1
post_layernorm,295,0,2,1
gate_proj,295,0,2,342911
up_proj,295,0,2,1
act_fn,295,0,2,1
down_proj,295,0,2,1
final_layernorm,295,0,2,15456
lm_head,295,0,2,627653
embedding,296,0,2,131598
input_layernorm,296,0,2,1
q_proj,296,0,2,1
k_proj,296,0,2,1
v_proj,296,0,2,1
rope,296,0,2,1
attn,296,0,2,1
o_proj,296,0,2,1
post_layernorm,296,0,2,1
gate_proj,296,0,2,343882
up_proj,296,0,2,1
act_fn,296,0,2,1
down_proj,296,0,2,1
final_layernorm,296,0,2,15503
lm_head,296,0,2,629577
embedding,297,0,2,131801
input_layernorm,297,0,2,1
q_proj,297,0,2,1
k_proj,297,0,2,1
v_proj,297,0,2,1
rope,297,0,2,1
attn,297,0,2,1
o_proj,297,0,2,1
post_layernorm,297,0,2,1
gate_proj,297,0,2,344853
up_proj,297,0,2,1
act_fn,297,0,2,1
down_proj,297,0,2,1
final_layernorm,297,0,2,15551
lm_head,297,0,2,631502
embedding,298,0,2,132004
input_layernorm,298,0,2,1
q_proj,298,0,2,1
k_proj,298,0,2,1
v_proj,298,0,2,1
rope,298,0,2,1
attn,298,0,2,1
o_proj,298,0,2,1
post_layernorm,298,0,2,1
gate_proj,298,0,2,345825
up_proj,298,0,2,1
act_fn,298,0,2,1
down_proj,298,0,2,1
final_layernorm,298,0,2,15598
lm_head,298,0,2,633426
embedding,299,0,2,132207
input_layernorm,299,0,2,1
q_proj,299,0,2,1
k_proj,299,0,2,1
v_proj,299,0,2,1
rope,299,0,2,1
attn,299,0,2,1
o_proj,299,0,2,1
post_layernorm,299,0,2,1
gate_proj,299,0,2,346796
up_proj,299,0,2,1
act_fn,299,0,2,1
down_proj,299,0,2,1
final_layernorm,299,0,2,15645
lm_head,299,0,2,635351
embedding,300,0,2,132410
input_layernorm,300,0,2,1
q_proj,300,0,2,1
k_proj,300,0,2,1
v_proj,300,0,2,1
rope,300,0,2,1
attn,300,0,2,1
o_proj,300,0,2,1
post_layernorm,300,0,2,1
gate_proj,300,0,2,347767
up_proj,300,0,2,1
act_fn,300,0,2,1
down_proj,300,0,2,1
final_layernorm,300,0,2,15693
lm_head,300,0,2,637275
embedding,301,0,2,132613
input_layernorm,301,0,2,1
q_proj,301,0,2,1
k_proj,301,0,2,1
v_proj,301,0,2,1
rope,301,0,2,1
attn,301,0,2,1
o_proj,301,0,2,1
post_layernorm,301,0,2,1
gate_proj,301,0,2,348739
up_proj,301,0,2,1
act_fn,301,0,2,1
down_proj,301,0,2,1
final_layernorm,301,0,2,15740
lm_head,301,0,2,639199
embedding,302,0,2,132816
input_layernorm,302,0,2,1
q_proj,302,0,2,1
k_proj,302,0,2,1
v_proj,302,0,2,1
rope,302,0,2,1
attn,302,0,2,1
o_proj,302,0,2,1
post_layernorm,302,0,2,1
gate_proj,302,0,2,349710
up_proj,302,0,2,1
act_fn,302,0,2,1
down_proj,302,0,2,1
final_layernorm,302,0,2,15787
lm_head,302,0,2,641124
embedding,303,0,2,133019
input_layernorm,303,0,2,1
q_proj,303,0,2,1
k_proj,303,0,2,1
v_proj,303,0,2,1
rope,303,0,2,1
attn,303,0,2,1
o_proj,303,0,2,1
post_layernorm,303,0,2,1
gate_proj,303,0,2,350682
up_proj,303,0,2,1
act_fn,303,0,2,1
down_proj,303,0,2,1
final_layernorm,303,0,2,15835
lm_head,303,0,2,643048
embedding,304,0,2,133222
input_layernorm,304,0,2,1
q_proj,304,0,2,1
k_proj,304,0,2,1
v_proj,304,0,2,1
rope,304,0,2,1
attn,304,0,2,1
o_proj,304,0,2,1
post_layernorm,304,0,2,1
gate_proj,304,0,2,351653
up_proj,304,0,2,1
act_fn,304,0,2,1
down_proj,304,0,2,1
final_layernorm,304,0,2,15882
lm_head,304,0,2,644972
embedding,305,0,2,133425
input_layernorm,305,0,2,1
q_proj,305,0,2,1
k_proj,305,0,2,1
v_proj,305,0,2,1
rope,305,0,2,1
attn,305,0,2,1
o_proj,305,0,2,1
post_layernorm,305,0,2,1
gate_proj,305,0,2,352624
up_proj,305,0,2,1
act_fn,305,0,2,1
down_proj,305,0,2,1
final_layernorm,305,0,2,15930
lm_head,305,0,2,646896
embedding,306,0,2,133629
input_layernorm,306,0,2,1
q_proj,306,0,2,1
k_proj,306,0,2,1
v_proj,306,0,2,1
rope,306,0,2,1
attn,306,0,2,1
o_proj,306,0,2,1
post_layernorm,306,0,2,1
gate_proj,306,0,2,353596
up_proj,306,0,2,1
act_fn,306,0,2,1
down_proj,306,0,2,1
final_layernorm,306,0,2,15977
lm_head,306,0,2,648821
embedding,307,0,2,133832
input_layernorm,307,0,2,1
q_proj,307,0,2,1
k_proj,307,0,2,1
v_proj,307,0,2,1
rope,307,0,2,1
attn,307,0,2,1
o_proj,307,0,2,1
post_layernorm,307,0,2,1
gate_proj,307,0,2,354567
up_proj,307,0,2,1
act_fn,307,0,2,1
down_proj,307,0,2,1
final_layernorm,307,0,2,16024
lm_head,307,0,2,650745
embedding,308,0,2,134035
input_layernorm,308,0,2,1
q_proj,308,0,2,1
k_proj,308,0,2,1
v_proj,308,0,2,1
rope,308,0,2,1
attn,308,0,2,1
o_proj,308,0,2,1
post_layernorm,308,0,2,1
gate_proj,308,0,2,355538
up_proj,308,0,2,1
act_fn,308,0,2,1
down_proj,308,0,2,1
final_layernorm,308,0,2,16072
lm_head,308,0,2,652669
embedding,309,0,2,134238
input_layernorm,309,0,2,1
q_proj,309,0,2,1
k_proj,309,0,2,1
v_proj,309,0,2,1
rope,309,0,2,1
attn,309,0,2,1
o_proj,309,0,2,1
post_layernorm,309,0,2,1
gate_proj,309,0,2,356510
up_proj,309,0,2,1
act_fn,309,0,2,1
down_proj,309,0,2,1
final_layernorm,309,0,2,16119
lm_head,309,0,2,654593
embedding,310,0,2,134441
input_layernorm,310,0,2,1
q_proj,310,0,2,1
k_proj,310,0,2,1
v_proj,310,0,2,1
rope,310,0,2,1
attn,310,0,2,1
o_proj,310,0,2,1
post_layernorm,310,0,2,1
gate_proj,310,0,2,357481
up_proj,310,0,2,1
act_fn,310,0,2,1
down_proj,310,0,2,1
final_layernorm,310,0,2,16167
lm_head,310,0,2,656518
embedding,311,0,2,134644
input_layernorm,311,0,2,1
q_proj,311,0,2,1
k_proj,311,0,2,1
v_proj,311,0,2,1
rope,311,0,2,1
attn,311,0,2,1
o_proj,311,0,2,1
post_layernorm,311,0,2,1
gate_proj,311,0,2,358453
up_proj,311,0,2,1
act_fn,311,0,2,1
down_proj,311,0,2,1
final_layernorm,311,0,2,16214
lm_head,311,0,2,658442
embedding,312,0,2,134847
input_layernorm,312,0,2,1
q_proj,312,0,2,1
k_proj,312,0,2,1
v_proj,312,0,2,1
rope,312,0,2,1
attn,312,0,2,1
o_proj,312,0,2,1
post_layernorm,312,0,2,1
gate_proj,312,0,2,359424
up_proj,312,0,2,1
act_fn,312,0,2,1
down_proj,312,0,2,1
final_layernorm,312,0,2,16261
lm_head,312,0,2,660367
embedding,313,0,2,135050
input_layernorm,313,0,2,1
q_proj,313,0,2,1
k_proj,313,0,2,1
v_proj,313,0,2,1
rope,313,0,2,1
attn,313,0,2,1
o_proj,313,0,2,1
post_layernorm,313,0,2,1
gate_proj,313,0,2,360395
up_proj,313,0,2,1
act_fn,313,0,2,1
down_proj,313,0,2,1
final_layernorm,313,0,2,16309
lm_head,313,0,2,662291
embedding,314,0,2,135253
input_layernorm,314,0,2,1
q_proj,314,0,2,1
k_proj,314,0,2,1
v_proj,314,0,2,1
rope,314,0,2,1
attn,314,0,2,1
o_proj,314,0,2,1
post_layernorm,314,0,2,1
gate_proj,314,0,2,361367
up_proj,314,0,2,1
act_fn,314,0,2,1
down_proj,314,0,2,1
final_layernorm,314,0,2,16356
lm_head,314,0,2,664215
embedding,315,0,2,135456
input_layernorm,315,0,2,1
q_proj,315,0,2,1
k_proj,315,0,2,1
v_proj,315,0,2,1
rope,315,0,2,1
attn,315,0,2,1
o_proj,315,0,2,1
post_layernorm,315,0,2,1
gate_proj,315,0,2,362338
up_proj,315,0,2,1
act_fn,315,0,2,1
down_proj,315,0,2,1
final_layernorm,315,0,2,16404
lm_head,315,0,2,666139
embedding,316,0,2,135659
input_layernorm,316,0,2,1
q_proj,316,0,2,1
k_proj,316,0,2,1
v_proj,316,0,2,1
rope,316,0,2,1
attn,316,0,2,1
o_proj,316,0,2,1
post_layernorm,316,0,2,1
gate_proj,316,0,2,363309
up_proj,316,0,2,1
act_fn,316,0,2,1
down_proj,316,0,2,1
final_layernorm,316,0,2,16451
lm_head,316,0,2,668064
embedding,317,0,2,135862
input_layernorm,317,0,2,1
q_proj,317,0,2,1
k_proj,317,0,2,1
v_proj,317,0,2,1
rope,317,0,2,1
attn,317,0,2,1
o_proj,317,0,2,1
post_layernorm,317,0,2,1
gate_proj,317,0,2,364280
up_proj,317,0,2,1
act_fn,317,0,2,1
down_proj,317,0,2,1
final_layernorm,317,0,2,16498
lm_head,317,0,2,669988
embedding,318,0,2,136065
input_layernorm,318,0,2,1
q_proj,318,0,2,1
k_proj,318,0,2,1
v_proj,318,0,2,1
rope,318,0,2,1
attn,318,0,2,1
o_proj,318,0,2,1
post_layernorm,318,0,2,1
gate_proj,318,0,2,365252
up_proj,318,0,2,1
act_fn,318,0,2,1
down_proj,318,0,2,1
final_layernorm,318,0,2,16546
lm_head,318,0,2,671912
embedding,319,0,2,136268
input_layernorm,319,0,2,1
q_proj,319,0,2,1
k_proj,319,0,2,1
v_proj,319,0,2,1
rope,319,0,2,1
attn,319,0,2,1
o_proj,319,0,2,1
post_layernorm,319,0,2,1
gate_proj,319,0,2,366224
up_proj,319,0,2,1
act_fn,319,0,2,1
down_proj,319,0,2,1
final_layernorm,319,0,2,16593
lm_head,319,0,2,673837
embedding,320,0,2,136471
input_layernorm,320,0,2,1
q_proj,320,0,2,1
k_proj,320,0,2,1
v_proj,320,0,2,1
rope,320,0,2,1
attn,320,0,2,1
o_proj,320,0,2,1
post_layernorm,320,0,2,1
gate_proj,320,0,2,367195
up_proj,320,0,2,1
act_fn,320,0,2,1
down_proj,320,0,2,1
final_layernorm,320,0,2,16640
lm_head,320,0,2,675762
embedding,321,0,2,136674
input_layernorm,321,0,2,1
q_proj,321,0,2,1
k_proj,321,0,2,1
v_proj,321,0,2,1
rope,321,0,2,1
attn,321,0,2,1
o_proj,321,0,2,1
post_layernorm,321,0,2,1
gate_proj,321,0,2,368166
up_proj,321,0,2,1
act_fn,321,0,2,1
down_proj,321,0,2,1
final_layernorm,321,0,2,16688
lm_head,321,0,2,677685
embedding,322,0,2,136877
input_layernorm,322,0,2,1
q_proj,322,0,2,1
k_proj,322,0,2,1
v_proj,322,0,2,1
rope,322,0,2,1
attn,322,0,2,1
o_proj,322,0,2,1
post_layernorm,322,0,2,1
gate_proj,322,0,2,369137
up_proj,322,0,2,1
act_fn,322,0,2,1
down_proj,322,0,2,1
final_layernorm,322,0,2,16735
lm_head,322,0,2,679610
embedding,323,0,2,137080
input_layernorm,323,0,2,1
q_proj,323,0,2,1
k_proj,323,0,2,1
v_proj,323,0,2,1
rope,323,0,2,1
attn,323,0,2,1
o_proj,323,0,2,1
post_layernorm,323,0,2,1
gate_proj,323,0,2,370109
up_proj,323,0,2,1
act_fn,323,0,2,1
down_proj,323,0,2,1
final_layernorm,323,0,2,16783
lm_head,323,0,2,681534
embedding,324,0,2,137283
input_layernorm,324,0,2,1
q_proj,324,0,2,1
k_proj,324,0,2,1
v_proj,324,0,2,1
rope,324,0,2,1
attn,324,0,2,1
o_proj,324,0,2,1
post_layernorm,324,0,2,1
gate_proj,324,0,2,371080
up_proj,324,0,2,1
act_fn,324,0,2,1
down_proj,324,0,2,1
final_layernorm,324,0,2,16830
lm_head,324,0,2,683458
embedding,325,0,2,137487
input_layernorm,325,0,2,1
q_proj,325,0,2,1
k_proj,325,0,2,1
v_proj,325,0,2,1
rope,325,0,2,1
attn,325,0,2,1
o_proj,325,0,2,1
post_layernorm,325,0,2,1
gate_proj,325,0,2,372051
up_proj,325,0,2,1
act_fn,325,0,2,1
down_proj,325,0,2,1
final_layernorm,325,0,2,16877
lm_head,325,0,2,685383
embedding,326,0,2,137690
input_layernorm,326,0,2,1
q_proj,326,0,2,1
k_proj,326,0,2,1
v_proj,326,0,2,1
rope,326,0,2,1
attn,326,0,2,1
o_proj,326,0,2,1
post_layernorm,326,0,2,1
gate_proj,326,0,2,373023
up_proj,326,0,2,1
act_fn,326,0,2,1
down_proj,326,0,2,1
final_layernorm,326,0,2,16925
lm_head,326,0,2,687307
embedding,327,0,2,137893
input_layernorm,327,0,2,1
q_proj,327,0,2,1
k_proj,327,0,2,1
v_proj,327,0,2,1
rope,327,0,2,1
attn,327,0,2,1
o_proj,327,0,2,1
post_layernorm,327,0,2,1
gate_proj,327,0,2,373995
up_proj,327,0,2,1
act_fn,327,0,2,1
down_proj,327,0,2,1
final_layernorm,327,0,2,16972
lm_head,327,0,2,689231
embedding,328,0,2,138096
input_layernorm,328,0,2,1
q_proj,328,0,2,1
k_proj,328,0,2,1
v_proj,328,0,2,1
rope,328,0,2,1
attn,328,0,2,1
o_proj,328,0,2,1
post_layernorm,328,0,2,1
gate_proj,328,0,2,374966
up_proj,328,0,2,1
act_fn,328,0,2,1
down_proj,328,0,2,1
final_layernorm,328,0,2,17020
lm_head,328,0,2,691155
embedding,329,0,2,138299
input_layernorm,329,0,2,1
q_proj,329,0,2,1
k_proj,329,0,2,1
v_proj,329,0,2,1
rope,329,0,2,1
attn,329,0,2,1
o_proj,329,0,2,1
post_layernorm,329,0,2,1
gate_proj,329,0,2,375937
up_proj,329,0,2,1
act_fn,329,0,2,1
down_proj,329,0,2,1
final_layernorm,329,0,2,17067
lm_head,329,0,2,693080
embedding,330,0,2,138502
input_layernorm,330,0,2,1
q_proj,330,0,2,1
k_proj,330,0,2,1
v_proj,330,0,2,1
rope,330,0,2,1
attn,330,0,2,1
o_proj,330,0,2,1
post_layernorm,330,0,2,1
gate_proj,330,0,2,376908
up_proj,330,0,2,1
act_fn,330,0,2,1
down_proj,330,0,2,1
final_layernorm,330,0,2,17114
lm_head,330,0,2,695004
embedding,331,0,2,138705
input_layernorm,331,0,2,1
q_proj,331,0,2,1
k_proj,331,0,2,1
v_proj,331,0,2,1
rope,331,0,2,1
attn,331,0,2,1
o_proj,331,0,2,1
post_layernorm,331,0,2,1
gate_proj,331,0,2,377880
up_proj,331,0,2,1
act_fn,331,0,2,1
down_proj,331,0,2,1
final_layernorm,331,0,2,17162
lm_head,331,0,2,696928
embedding,332,0,2,138908
input_layernorm,332,0,2,1
q_proj,332,0,2,1
k_proj,332,0,2,1
v_proj,332,0,2,1
rope,332,0,2,1
attn,332,0,2,1
o_proj,332,0,2,1
post_layernorm,332,0,2,1
gate_proj,332,0,2,378851
up_proj,332,0,2,1
act_fn,332,0,2,1
down_proj,332,0,2,1
final_layernorm,332,0,2,17209
lm_head,332,0,2,698853
embedding,333,0,2,139111
input_layernorm,333,0,2,1
q_proj,333,0,2,1
k_proj,333,0,2,1
v_proj,333,0,2,1
rope,333,0,2,1
attn,333,0,2,1
o_proj,333,0,2,1
post_layernorm,333,0,2,1
gate_proj,333,0,2,379822
up_proj,333,0,2,1
act_fn,333,0,2,1
down_proj,333,0,2,1
final_layernorm,333,0,2,17256
lm_head,333,0,2,700778
embedding,334,0,2,139314
input_layernorm,334,0,2,1
q_proj,334,0,2,1
k_proj,334,0,2,1
v_proj,334,0,2,1
rope,334,0,2,1
attn,334,0,2,1
o_proj,334,0,2,1
post_layernorm,334,0,2,1
gate_proj,334,0,2,380794
up_proj,334,0,2,1
act_fn,334,0,2,1
down_proj,334,0,2,1
final_layernorm,334,0,2,17304
lm_head,334,0,2,702701
embedding,335,0,2,139517
input_layernorm,335,0,2,1
q_proj,335,0,2,1
k_proj,335,0,2,1
v_proj,335,0,2,1
rope,335,0,2,1
attn,335,0,2,1
o_proj,335,0,2,1
post_layernorm,335,0,2,1
gate_proj,335,0,2,381765
up_proj,335,0,2,1
act_fn,335,0,2,1
down_proj,335,0,2,1
final_layernorm,335,0,2,17351
lm_head,335,0,2,704626
embedding,336,0,2,139720
input_layernorm,336,0,2,1
q_proj,336,0,2,1
k_proj,336,0,2,1
v_proj,336,0,2,1
rope,336,0,2,1
attn,336,0,2,1
o_proj,336,0,2,1
post_layernorm,336,0,2,1
gate_proj,336,0,2,382737
up_proj,336,0,2,1
act_fn,336,0,2,1
down_proj,336,0,2,1
final_layernorm,336,0,2,17399
lm_head,336,0,2,706550
embedding,337,0,2,139923
input_layernorm,337,0,2,1
q_proj,337,0,2,1
k_proj,337,0,2,1
v_proj,337,0,2,1
rope,337,0,2,1
attn,337,0,2,1
o_proj,337,0,2,1
post_layernorm,337,0,2,1
gate_proj,337,0,2,383708
up_proj,337,0,2,1
act_fn,337,0,2,1
down_proj,337,0,2,1
final_layernorm,337,0,2,17446
lm_head,337,0,2,708474
embedding,338,0,2,140126
input_layernorm,338,0,2,1
q_proj,338,0,2,1
k_proj,338,0,2,1
v_proj,338,0,2,1
rope,338,0,2,1
attn,338,0,2,1
o_proj,338,0,2,1
post_layernorm,338,0,2,1
gate_proj,338,0,2,384679
up_proj,338,0,2,1
act_fn,338,0,2,1
down_proj,338,0,2,1
final_layernorm,338,0,2,17493
lm_head,338,0,2,710399
embedding,339,0,2,140329
input_layernorm,339,0,2,1
q_proj,339,0,2,1
k_proj,339,0,2,1
v_proj,339,0,2,1
rope,339,0,2,1
attn,339,0,2,1
o_proj,339,0,2,1
post_layernorm,339,0,2,1
gate_proj,339,0,2,385651
up_proj,339,0,2,1
act_fn,339,0,2,1
down_proj,339,0,2,1
final_layernorm,339,0,2,17541
lm_head,339,0,2,712323
embedding,340,0,2,140532
input_layernorm,340,0,2,1
q_proj,340,0,2,1
k_proj,340,0,2,1
v_proj,340,0,2,1
rope,340,0,2,1
attn,340,0,2,1
o_proj,340,0,2,1
post_layernorm,340,0,2,1
gate_proj,340,0,2,386622
up_proj,340,0,2,1
act_fn,340,0,2,1
down_proj,340,0,2,1
final_layernorm,340,0,2,17588
lm_head,340,0,2,714247
embedding,341,0,2,140735
input_layernorm,341,0,2,1
q_proj,341,0,2,1
k_proj,341,0,2,1
v_proj,341,0,2,1
rope,341,0,2,1
attn,341,0,2,1
o_proj,341,0,2,1
post_layernorm,341,0,2,1
gate_proj,341,0,2,387593
up_proj,341,0,2,1
act_fn,341,0,2,1
down_proj,341,0,2,1
final_layernorm,341,0,2,17636
lm_head,341,0,2,716171
embedding,342,0,2,140938
input_layernorm,342,0,2,1
q_proj,342,0,2,1
k_proj,342,0,2,1
v_proj,342,0,2,1
rope,342,0,2,1
attn,342,0,2,1
o_proj,342,0,2,1
post_layernorm,342,0,2,1
gate_proj,342,0,2,388565
up_proj,342,0,2,1
act_fn,342,0,2,1
down_proj,342,0,2,1
final_layernorm,342,0,2,17683
lm_head,342,0,2,718096
embedding,343,0,2,141141
input_layernorm,343,0,2,1
q_proj,343,0,2,1
k_proj,343,0,2,1
v_proj,343,0,2,1
rope,343,0,2,1
attn,343,0,2,1
o_proj,343,0,2,1
post_layernorm,343,0,2,1
gate_proj,343,0,2,389536
up_proj,343,0,2,1
act_fn,343,0,2,1
down_proj,343,0,2,1
final_layernorm,343,0,2,17730
lm_head,343,0,2,720020
embedding,344,0,2,141344
input_layernorm,344,0,2,1
q_proj,344,0,2,1
k_proj,344,0,2,1
v_proj,344,0,2,1
rope,344,0,2,1
attn,344,0,2,1
o_proj,344,0,2,1
post_layernorm,344,0,2,1
gate_proj,344,0,2,390508
up_proj,344,0,2,1
act_fn,344,0,2,1
down_proj,344,0,2,1
final_layernorm,344,0,2,17778
lm_head,344,0,2,721944
embedding,345,0,2,141548
input_layernorm,345,0,2,1
q_proj,345,0,2,1
k_proj,345,0,2,1
v_proj,345,0,2,1
rope,345,0,2,1
attn,345,0,2,1
o_proj,345,0,2,1
post_layernorm,345,0,2,1
gate_proj,345,0,2,391479
up_proj,345,0,2,1
act_fn,345,0,2,1
down_proj,345,0,2,1
final_layernorm,345,0,2,17825
lm_head,345,0,2,723869
embedding,346,0,2,141751
input_layernorm,346,0,2,1
q_proj,346,0,2,1
k_proj,346,0,2,1
v_proj,346,0,2,1
rope,346,0,2,1
attn,346,0,2,1
o_proj,346,0,2,1
post_layernorm,346,0,2,1
gate_proj,346,0,2,392450
up_proj,346,0,2,1
act_fn,346,0,2,1
down_proj,346,0,2,1
final_layernorm,346,0,2,17872
lm_head,346,0,2,725794
embedding,347,0,2,141954
input_layernorm,347,0,2,1
q_proj,347,0,2,1
k_proj,347,0,2,1
v_proj,347,0,2,1
rope,347,0,2,1
attn,347,0,2,1
o_proj,347,0,2,1
post_layernorm,347,0,2,1
gate_proj,347,0,2,393422
up_proj,347,0,2,1
act_fn,347,0,2,1
down_proj,347,0,2,1
final_layernorm,347,0,2,17920
lm_head,347,0,2,727717
embedding,348,0,2,142157
input_layernorm,348,0,2,1
q_proj,348,0,2,1
k_proj,348,0,2,1
v_proj,348,0,2,1
rope,348,0,2,1
attn,348,0,2,1
o_proj,348,0,2,1
post_layernorm,348,0,2,1
gate_proj,348,0,2,394393
up_proj,348,0,2,1
act_fn,348,0,2,1
down_proj,348,0,2,1
final_layernorm,348,0,2,17967
lm_head,348,0,2,729642
embedding,349,0,2,142360
input_layernorm,349,0,2,1
q_proj,349,0,2,1
k_proj,349,0,2,1
v_proj,349,0,2,1
rope,349,0,2,1
attn,349,0,2,1
o_proj,349,0,2,1
post_layernorm,349,0,2,1
gate_proj,349,0,2,395364
up_proj,349,0,2,1
act_fn,349,0,2,1
down_proj,349,0,2,1
final_layernorm,349,0,2,18015
lm_head,349,0,2,731566
embedding,350,0,2,142563
input_layernorm,350,0,2,1
q_proj,350,0,2,1
k_proj,350,0,2,1
v_proj,350,0,2,1
rope,350,0,2,1
attn,350,0,2,1
o_proj,350,0,2,1
post_layernorm,350,0,2,1
gate_proj,350,0,2,396336
up_proj,350,0,2,1
act_fn,350,0,2,1
down_proj,350,0,2,1
final_layernorm,350,0,2,18062
lm_head,350,0,2,733490
embedding,351,0,2,142766
input_layernorm,351,0,2,1
q_proj,351,0,2,1
k_proj,351,0,2,1
v_proj,351,0,2,1
rope,351,0,2,1
attn,351,0,2,1
o_proj,351,0,2,1
post_layernorm,351,0,2,1
gate_proj,351,0,2,397307
up_proj,351,0,2,1
act_fn,351,0,2,1
down_proj,351,0,2,1
final_layernorm,351,0,2,18109
lm_head,351,0,2,735415
embedding,352,0,2,142969
input_layernorm,352,0,2,1
q_proj,352,0,2,1
k_proj,352,0,2,1
v_proj,352,0,2,1
rope,352,0,2,1
attn,352,0,2,1
o_proj,352,0,2,1
post_layernorm,352,0,2,1
gate_proj,352,0,2,398279
up_proj,352,0,2,1
act_fn,352,0,2,1
down_proj,352,0,2,1
final_layernorm,352,0,2,18157
lm_head,352,0,2,737339
embedding,353,0,2,143172
input_layernorm,353,0,2,1
q_proj,353,0,2,1
k_proj,353,0,2,1
v_proj,353,0,2,1
rope,353,0,2,1
attn,353,0,2,1
o_proj,353,0,2,1
post_layernorm,353,0,2,1
gate_proj,353,0,2,399250
up_proj,353,0,2,1
act_fn,353,0,2,1
down_proj,353,0,2,1
final_layernorm,353,0,2,18204
lm_head,353,0,2,739264
embedding,354,0,2,143375
input_layernorm,354,0,2,1
q_proj,354,0,2,1
k_proj,354,0,2,1
v_proj,354,0,2,1
rope,354,0,2,1
attn,354,0,2,1
o_proj,354,0,2,1
post_layernorm,354,0,2,1
gate_proj,354,0,2,400221
up_proj,354,0,2,1
act_fn,354,0,2,1
down_proj,354,0,2,1
final_layernorm,354,0,2,18252
lm_head,354,0,2,741188
embedding,355,0,2,143578
input_layernorm,355,0,2,1
q_proj,355,0,2,1
k_proj,355,0,2,1
v_proj,355,0,2,1
rope,355,0,2,1
attn,355,0,2,1
o_proj,355,0,2,1
post_layernorm,355,0,2,1
gate_proj,355,0,2,401193
up_proj,355,0,2,1
act_fn,355,0,2,1
down_proj,355,0,2,1
final_layernorm,355,0,2,18299
lm_head,355,0,2,743112
embedding,356,0,2,143781
input_layernorm,356,0,2,1
q_proj,356,0,2,1
k_proj,356,0,2,1
v_proj,356,0,2,1
rope,356,0,2,1
attn,356,0,2,1
o_proj,356,0,2,1
post_layernorm,356,0,2,1
gate_proj,356,0,2,402164
up_proj,356,0,2,1
act_fn,356,0,2,1
down_proj,356,0,2,1
final_layernorm,356,0,2,18346
lm_head,356,0,2,745037
embedding,357,0,2,143984
input_layernorm,357,0,2,1
q_proj,357,0,2,1
k_proj,357,0,2,1
v_proj,357,0,2,1
rope,357,0,2,1
attn,357,0,2,1
o_proj,357,0,2,1
post_layernorm,357,0,2,1
gate_proj,357,0,2,403135
up_proj,357,0,2,1
act_fn,357,0,2,1
down_proj,357,0,2,1
final_layernorm,357,0,2,18394
lm_head,357,0,2,746960
embedding,358,0,2,144187
input_layernorm,358,0,2,1
q_proj,358,0,2,1
k_proj,358,0,2,1
v_proj,358,0,2,1
rope,358,0,2,1
attn,358,0,2,1
o_proj,358,0,2,1
post_layernorm,358,0,2,1
gate_proj,358,0,2,404107
up_proj,358,0,2,1
act_fn,358,0,2,1
down_proj,358,0,2,1
final_layernorm,358,0,2,18441
lm_head,358,0,2,748885
embedding,359,0,2,144390
input_layernorm,359,0,2,1
q_proj,359,0,2,1
k_proj,359,0,2,1
v_proj,359,0,2,1
rope,359,0,2,1
attn,359,0,2,1
o_proj,359,0,2,1
post_layernorm,359,0,2,1
gate_proj,359,0,2,405078
up_proj,359,0,2,1
act_fn,359,0,2,1
down_proj,359,0,2,1
final_layernorm,359,0,2,18488
lm_head,359,0,2,750810
embedding,360,0,2,144593
input_layernorm,360,0,2,1
q_proj,360,0,2,1
k_proj,360,0,2,1
v_proj,360,0,2,1
rope,360,0,2,1
attn,360,0,2,1
o_proj,360,0,2,1
post_layernorm,360,0,2,1
gate_proj,360,0,2,406050
up_proj,360,0,2,1
act_fn,360,0,2,1
down_proj,360,0,2,1
final_layernorm,360,0,2,18536
lm_head,360,0,2,752733
embedding,361,0,2,144796
input_layernorm,361,0,2,1
q_proj,361,0,2,1
k_proj,361,0,2,1
v_proj,361,0,2,1
rope,361,0,2,1
attn,361,0,2,1
o_proj,361,0,2,1
post_layernorm,361,0,2,1
gate_proj,361,0,2,407021
up_proj,361,0,2,1
act_fn,361,0,2,1
down_proj,361,0,2,1
final_layernorm,361,0,2,18583
lm_head,361,0,2,754658
embedding,362,0,2,144999
input_layernorm,362,0,2,1
q_proj,362,0,2,1
k_proj,362,0,2,1
v_proj,362,0,2,1
rope,362,0,2,1
attn,362,0,2,1
o_proj,362,0,2,1
post_layernorm,362,0,2,1
gate_proj,362,0,2,407992
up_proj,362,0,2,1
act_fn,362,0,2,1
down_proj,362,0,2,1
final_layernorm,362,0,2,18631
lm_head,362,0,2,756582
embedding,363,0,2,145202
input_layernorm,363,0,2,1
q_proj,363,0,2,1
k_proj,363,0,2,1
v_proj,363,0,2,1
rope,363,0,2,1
attn,363,0,2,1
o_proj,363,0,2,1
post_layernorm,363,0,2,1
gate_proj,363,0,2,408964
up_proj,363,0,2,1
act_fn,363,0,2,1
down_proj,363,0,2,1
final_layernorm,363,0,2,18678
lm_head,363,0,2,758506
embedding,364,0,2,145405
input_layernorm,364,0,2,1
q_proj,364,0,2,1
k_proj,364,0,2,1
v_proj,364,0,2,1
rope,364,0,2,1
attn,364,0,2,1
o_proj,364,0,2,1
post_layernorm,364,0,2,1
gate_proj,364,0,2,409935
up_proj,364,0,2,1
act_fn,364,0,2,1
down_proj,364,0,2,1
final_layernorm,364,0,2,18725
lm_head,364,0,2,760431
embedding,365,0,2,145609
input_layernorm,365,0,2,1
q_proj,365,0,2,1
k_proj,365,0,2,1
v_proj,365,0,2,1
rope,365,0,2,1
attn,365,0,2,1
o_proj,365,0,2,1
post_layernorm,365,0,2,1
gate_proj,365,0,2,410906
up_proj,365,0,2,1
act_fn,365,0,2,1
down_proj,365,0,2,1
final_layernorm,365,0,2,18773
lm_head,365,0,2,762355
embedding,366,0,2,145812
input_layernorm,366,0,2,1
q_proj,366,0,2,1
k_proj,366,0,2,1
v_proj,366,0,2,1
rope,366,0,2,1
attn,366,0,2,1
o_proj,366,0,2,1
post_layernorm,366,0,2,1
gate_proj,366,0,2,411878
up_proj,366,0,2,1
act_fn,366,0,2,1
down_proj,366,0,2,1
final_layernorm,366,0,2,18820
lm_head,366,0,2,764280
embedding,367,0,2,146015
input_layernorm,367,0,2,1
q_proj,367,0,2,1
k_proj,367,0,2,1
v_proj,367,0,2,1
rope,367,0,2,1
attn,367,0,2,1
o_proj,367,0,2,1
post_layernorm,367,0,2,1
gate_proj,367,0,2,412849
up_proj,367,0,2,1
act_fn,367,0,2,1
down_proj,367,0,2,1
final_layernorm,367,0,2,18868
lm_head,367,0,2,766204
embedding,368,0,2,146218
input_layernorm,368,0,2,1
q_proj,368,0,2,1
k_proj,368,0,2,1
v_proj,368,0,2,1
rope,368,0,2,1
attn,368,0,2,1
o_proj,368,0,2,1
post_layernorm,368,0,2,1
gate_proj,368,0,2,413821
up_proj,368,0,2,1
act_fn,368,0,2,1
down_proj,368,0,2,1
final_layernorm,368,0,2,18915
lm_head,368,0,2,768128
embedding,369,0,2,146421
input_layernorm,369,0,2,1
q_proj,369,0,2,1
k_proj,369,0,2,1
v_proj,369,0,2,1
rope,369,0,2,1
attn,369,0,2,1
o_proj,369,0,2,1
post_layernorm,369,0,2,1
gate_proj,369,0,2,414792
up_proj,369,0,2,1
act_fn,369,0,2,1
down_proj,369,0,2,1
final_layernorm,369,0,2,18962
lm_head,369,0,2,770053
embedding,370,0,2,146624
input_layernorm,370,0,2,1
q_proj,370,0,2,1
k_proj,370,0,2,1
v_proj,370,0,2,1
rope,370,0,2,1
attn,370,0,2,1
o_proj,370,0,2,1
post_layernorm,370,0,2,1
gate_proj,370,0,2,415763
up_proj,370,0,2,1
act_fn,370,0,2,1
down_proj,370,0,2,1
final_layernorm,370,0,2,19010
lm_head,370,0,2,771977
embedding,371,0,2,146827
input_layernorm,371,0,2,1
q_proj,371,0,2,1
k_proj,371,0,2,1
v_proj,371,0,2,1
rope,371,0,2,1
attn,371,0,2,1
o_proj,371,0,2,1
post_layernorm,371,0,2,1
gate_proj,371,0,2,416735
up_proj,371,0,2,1
act_fn,371,0,2,1
down_proj,371,0,2,1
final_layernorm,371,0,2,19057
lm_head,371,0,2,773901
embedding,372,0,2,147030
input_layernorm,372,0,2,1
q_proj,372,0,2,1
k_proj,372,0,2,1
v_proj,372,0,2,1
rope,372,0,2,1
attn,372,0,2,1
o_proj,372,0,2,1
post_layernorm,372,0,2,1
gate_proj,372,0,2,417706
up_proj,372,0,2,1
act_fn,372,0,2,1
down_proj,372,0,2,1
final_layernorm,372,0,2,19104
lm_head,372,0,2,775826
embedding,373,0,2,147233
input_layernorm,373,0,2,1
q_proj,373,0,2,1
k_proj,373,0,2,1
v_proj,373,0,2,1
rope,373,0,2,1
attn,373,0,2,1
o_proj,373,0,2,1
post_layernorm,373,0,2,1
gate_proj,373,0,2,418677
up_proj,373,0,2,1
act_fn,373,0,2,1
down_proj,373,0,2,1
final_layernorm,373,0,2,19152
lm_head,373,0,2,777750
embedding,374,0,2,147436
input_layernorm,374,0,2,1
q_proj,374,0,2,1
k_proj,374,0,2,1
v_proj,374,0,2,1
rope,374,0,2,1
attn,374,0,2,1
o_proj,374,0,2,1
post_layernorm,374,0,2,1
gate_proj,374,0,2,419649
up_proj,374,0,2,1
act_fn,374,0,2,1
down_proj,374,0,2,1
final_layernorm,374,0,2,19199
lm_head,374,0,2,779674
embedding,375,0,2,147639
input_layernorm,375,0,2,1
q_proj,375,0,2,1
k_proj,375,0,2,1
v_proj,375,0,2,1
rope,375,0,2,1
attn,375,0,2,1
o_proj,375,0,2,1
post_layernorm,375,0,2,1
gate_proj,375,0,2,420620
up_proj,375,0,2,1
act_fn,375,0,2,1
down_proj,375,0,2,1
final_layernorm,375,0,2,19247
lm_head,375,0,2,781598
embedding,376,0,2,147842
input_layernorm,376,0,2,1
q_proj,376,0,2,1
k_proj,376,0,2,1
v_proj,376,0,2,1
rope,376,0,2,1
attn,376,0,2,1
o_proj,376,0,2,1
post_layernorm,376,0,2,1
gate_proj,376,0,2,421592
up_proj,376,0,2,1
act_fn,376,0,2,1
down_proj,376,0,2,1
final_layernorm,376,0,2,19294
lm_head,376,0,2,783522
embedding,377,0,2,148045
input_layernorm,377,0,2,1
q_proj,377,0,2,1
k_proj,377,0,2,1
v_proj,377,0,2,1
rope,377,0,2,1
attn,377,0,2,1
o_proj,377,0,2,1
post_layernorm,377,0,2,1
gate_proj,377,0,2,422563
up_proj,377,0,2,1
act_fn,377,0,2,1
down_proj,377,0,2,1
final_layernorm,377,0,2,19341
lm_head,377,0,2,785447
embedding,378,0,2,148248
input_layernorm,378,0,2,1
q_proj,378,0,2,1
k_proj,378,0,2,1
v_proj,378,0,2,1
rope,378,0,2,1
attn,378,0,2,1
o_proj,378,0,2,1
post_layernorm,378,0,2,1
gate_proj,378,0,2,423534
up_proj,378,0,2,1
act_fn,378,0,2,1
down_proj,378,0,2,1
final_layernorm,378,0,2,19389
lm_head,378,0,2,787371
embedding,379,0,2,148451
input_layernorm,379,0,2,1
q_proj,379,0,2,1
k_proj,379,0,2,1
v_proj,379,0,2,1
rope,379,0,2,1
attn,379,0,2,1
o_proj,379,0,2,1
post_layernorm,379,0,2,1
gate_proj,379,0,2,424505
up_proj,379,0,2,1
act_fn,379,0,2,1
down_proj,379,0,2,1
final_layernorm,379,0,2,19436
lm_head,379,0,2,789296
embedding,380,0,2,148654
input_layernorm,380,0,2,1
q_proj,380,0,2,1
k_proj,380,0,2,1
v_proj,380,0,2,1
rope,380,0,2,1
attn,380,0,2,1
o_proj,380,0,2,1
post_layernorm,380,0,2,1
gate_proj,380,0,2,425477
up_proj,380,0,2,1
act_fn,380,0,2,1
down_proj,380,0,2,1
final_layernorm,380,0,2,19484
lm_head,380,0,2,791220
embedding,381,0,2,148857
input_layernorm,381,0,2,1
q_proj,381,0,2,1
k_proj,381,0,2,1
v_proj,381,0,2,1
rope,381,0,2,1
attn,381,0,2,1
o_proj,381,0,2,1
post_layernorm,381,0,2,1
gate_proj,381,0,2,426449
up_proj,381,0,2,1
act_fn,381,0,2,1
down_proj,381,0,2,1
final_layernorm,381,0,2,19531
lm_head,381,0,2,793144
embedding,382,0,2,149060
input_layernorm,382,0,2,1
q_proj,382,0,2,1
k_proj,382,0,2,1
v_proj,382,0,2,1
rope,382,0,2,1
attn,382,0,2,1
o_proj,382,0,2,1
post_layernorm,382,0,2,1
gate_proj,382,0,2,427420
up_proj,382,0,2,1
act_fn,382,0,2,1
down_proj,382,0,2,1
final_layernorm,382,0,2,19578
lm_head,382,0,2,795069
embedding,383,0,2,149263
input_layernorm,383,0,2,1
q_proj,383,0,2,1
k_proj,383,0,2,1
v_proj,383,0,2,1
rope,383,0,2,1
attn,383,0,2,1
o_proj,383,0,2,1
post_layernorm,383,0,2,1
gate_proj,383,0,2,428391
up_proj,383,0,2,1
act_fn,383,0,2,1
down_proj,383,0,2,1
final_layernorm,383,0,2,19626
lm_head,383,0,2,796993
embedding,384,0,2,149466
input_layernorm,384,0,2,1
q_proj,384,0,2,1
k_proj,384,0,2,1
v_proj,384,0,2,1
rope,384,0,2,1
attn,384,0,2,1
o_proj,384,0,2,1
post_layernorm,384,0,2,1
gate_proj,384,0,2,429363
up_proj,384,0,2,1
act_fn,384,0,2,1
down_proj,384,0,2,1
final_layernorm,384,0,2,19673
lm_head,384,0,2,798917
embedding,385,0,2,149670
input_layernorm,385,0,2,1
q_proj,385,0,2,1
k_proj,385,0,2,1
v_proj,385,0,2,1
rope,385,0,2,1
attn,385,0,2,1
o_proj,385,0,2,1
post_layernorm,385,0,2,1
gate_proj,385,0,2,430334
up_proj,385,0,2,1
act_fn,385,0,2,1
down_proj,385,0,2,1
final_layernorm,385,0,2,19721
lm_head,385,0,2,800842
embedding,386,0,2,149873
input_layernorm,386,0,2,1
q_proj,386,0,2,1
k_proj,386,0,2,1
v_proj,386,0,2,1
rope,386,0,2,1
attn,386,0,2,1
o_proj,386,0,2,1
post_layernorm,386,0,2,1
gate_proj,386,0,2,431305
up_proj,386,0,2,1
act_fn,386,0,2,1
down_proj,386,0,2,1
final_layernorm,386,0,2,19768
lm_head,386,0,2,802766
embedding,387,0,2,150076
input_layernorm,387,0,2,1
q_proj,387,0,2,1
k_proj,387,0,2,1
v_proj,387,0,2,1
rope,387,0,2,1
attn,387,0,2,1
o_proj,387,0,2,1
post_layernorm,387,0,2,1
gate_proj,387,0,2,432276
up_proj,387,0,2,1
act_fn,387,0,2,1
down_proj,387,0,2,1
final_layernorm,387,0,2,19815
lm_head,387,0,2,804691
embedding,388,0,2,150279
input_layernorm,388,0,2,1
q_proj,388,0,2,1
k_proj,388,0,2,1
v_proj,388,0,2,1
rope,388,0,2,1
attn,388,0,2,1
o_proj,388,0,2,1
post_layernorm,388,0,2,1
gate_proj,388,0,2,433248
up_proj,388,0,2,1
act_fn,388,0,2,1
down_proj,388,0,2,1
final_layernorm,388,0,2,19863
lm_head,388,0,2,806615
embedding,389,0,2,150482
input_layernorm,389,0,2,1
q_proj,389,0,2,1
k_proj,389,0,2,1
v_proj,389,0,2,1
rope,389,0,2,1
attn,389,0,2,1
o_proj,389,0,2,1
post_layernorm,389,0,2,1
gate_proj,389,0,2,434220
up_proj,389,0,2,1
act_fn,389,0,2,1
down_proj,389,0,2,1
final_layernorm,389,0,2,19910
lm_head,389,0,2,808539
embedding,390,0,2,150685
input_layernorm,390,0,2,1
q_proj,390,0,2,1
k_proj,390,0,2,1
v_proj,390,0,2,1
rope,390,0,2,1
attn,390,0,2,1
o_proj,390,0,2,1
post_layernorm,390,0,2,1
gate_proj,390,0,2,435191
up_proj,390,0,2,1
act_fn,390,0,2,1
down_proj,390,0,2,1
final_layernorm,390,0,2,19957
lm_head,390,0,2,810463
embedding,391,0,2,150888
input_layernorm,391,0,2,1
q_proj,391,0,2,1
k_proj,391,0,2,1
v_proj,391,0,2,1
rope,391,0,2,1
attn,391,0,2,1
o_proj,391,0,2,1
post_layernorm,391,0,2,1
gate_proj,391,0,2,436162
up_proj,391,0,2,1
act_fn,391,0,2,1
down_proj,391,0,2,1
final_layernorm,391,0,2,20005
lm_head,391,0,2,812387
embedding,392,0,2,151091
input_layernorm,392,0,2,1
q_proj,392,0,2,1
k_proj,392,0,2,1
v_proj,392,0,2,1
rope,392,0,2,1
attn,392,0,2,1
o_proj,392,0,2,1
post_layernorm,392,0,2,1
gate_proj,392,0,2,437133
up_proj,392,0,2,1
act_fn,392,0,2,1
down_proj,392,0,2,1
final_layernorm,392,0,2,20052
lm_head,392,0,2,814312
embedding,393,0,2,151294
input_layernorm,393,0,2,1
q_proj,393,0,2,1
k_proj,393,0,2,1
v_proj,393,0,2,1
rope,393,0,2,1
attn,393,0,2,1
o_proj,393,0,2,1
post_layernorm,393,0,2,1
gate_proj,393,0,2,438105
up_proj,393,0,2,1
act_fn,393,0,2,1
down_proj,393,0,2,1
final_layernorm,393,0,2,20100
lm_head,393,0,2,816236
embedding,394,0,2,151497
input_layernorm,394,0,2,1
q_proj,394,0,2,1
k_proj,394,0,2,1
v_proj,394,0,2,1
rope,394,0,2,1
attn,394,0,2,1
o_proj,394,0,2,1
post_layernorm,394,0,2,1
gate_proj,394,0,2,439076
up_proj,394,0,2,1
act_fn,394,0,2,1
down_proj,394,0,2,1
final_layernorm,394,0,2,20147
lm_head,394,0,2,818160
embedding,395,0,2,151700
input_layernorm,395,0,2,1
q_proj,395,0,2,1
k_proj,395,0,2,1
v_proj,395,0,2,1
rope,395,0,2,1
attn,395,0,2,1
o_proj,395,0,2,1
post_layernorm,395,0,2,1
gate_proj,395,0,2,440047
up_proj,395,0,2,1
act_fn,395,0,2,1
down_proj,395,0,2,1
final_layernorm,395,0,2,20194
lm_head,395,0,2,820085
embedding,396,0,2,151903
input_layernorm,396,0,2,1
q_proj,396,0,2,1
k_proj,396,0,2,1
v_proj,396,0,2,1
rope,396,0,2,1
attn,396,0,2,1
o_proj,396,0,2,1
post_layernorm,396,0,2,1
gate_proj,396,0,2,441019
up_proj,396,0,2,1
act_fn,396,0,2,1
down_proj,396,0,2,1
final_layernorm,396,0,2,20242
lm_head,396,0,2,822009
embedding,397,0,2,152106
input_layernorm,397,0,2,1
q_proj,397,0,2,1
k_proj,397,0,2,1
v_proj,397,0,2,1
rope,397,0,2,1
attn,397,0,2,1
o_proj,397,0,2,1
post_layernorm,397,0,2,1
gate_proj,397,0,2,441990
up_proj,397,0,2,1
act_fn,397,0,2,1
down_proj,397,0,2,1
final_layernorm,397,0,2,20289
lm_head,397,0,2,823934
embedding,398,0,2,152309
input_layernorm,398,0,2,1
q_proj,398,0,2,1
k_proj,398,0,2,1
v_proj,398,0,2,1
rope,398,0,2,1
attn,398,0,2,1
o_proj,398,0,2,1
post_layernorm,398,0,2,1
gate_proj,398,0,2,442962
up_proj,398,0,2,1
act_fn,398,0,2,1
down_proj,398,0,2,1
final_layernorm,398,0,2,20337
lm_head,398,0,2,825858
embedding,399,0,2,152512
input_layernorm,399,0,2,1
q_proj,399,0,2,1
k_proj,399,0,2,1
v_proj,399,0,2,1
rope,399,0,2,1
attn,399,0,2,1
o_proj,399,0,2,1
post_layernorm,399,0,2,1
gate_proj,399,0,2,443933
up_proj,399,0,2,1
act_fn,399,0,2,1
down_proj,399,0,2,1
final_layernorm,399,0,2,20384
lm_head,399,0,2,827782
embedding,400,0,2,152715
input_layernorm,400,0,2,1
q_proj,400,0,2,1
k_proj,400,0,2,1
v_proj,400,0,2,1
rope,400,0,2,1
attn,400,0,2,1
o_proj,400,0,2,1
post_layernorm,400,0,2,1
gate_proj,400,0,2,444904
up_proj,400,0,2,1
act_fn,400,0,2,1
down_proj,400,0,2,1
final_layernorm,400,0,2,20431
lm_head,400,0,2,829707
embedding,401,0,2,152918
input_layernorm,401,0,2,1
q_proj,401,0,2,1
k_proj,401,0,2,1
v_proj,401,0,2,1
rope,401,0,2,1
attn,401,0,2,1
o_proj,401,0,2,1
post_layernorm,401,0,2,1
gate_proj,401,0,2,445876
up_proj,401,0,2,1
act_fn,401,0,2,1
down_proj,401,0,2,1
final_layernorm,401,0,2,20479
lm_head,401,0,2,831631
embedding,402,0,2,153121
input_layernorm,402,0,2,1
q_proj,402,0,2,1
k_proj,402,0,2,1
v_proj,402,0,2,1
rope,402,0,2,1
attn,402,0,2,1
o_proj,402,0,2,1
post_layernorm,402,0,2,1
gate_proj,402,0,2,446847
up_proj,402,0,2,1
act_fn,402,0,2,1
down_proj,402,0,2,1
final_layernorm,402,0,2,20526
lm_head,402,0,2,833555
embedding,403,0,2,153324
input_layernorm,403,0,2,1
q_proj,403,0,2,1
k_proj,403,0,2,1
v_proj,403,0,2,1
rope,403,0,2,1
attn,403,0,2,1
o_proj,403,0,2,1
post_layernorm,403,0,2,1
gate_proj,403,0,2,447818
up_proj,403,0,2,1
act_fn,403,0,2,1
down_proj,403,0,2,1
final_layernorm,403,0,2,20573
lm_head,403,0,2,835480
embedding,404,0,2,153528
input_layernorm,404,0,2,1
q_proj,404,0,2,1
k_proj,404,0,2,1
v_proj,404,0,2,1
rope,404,0,2,1
attn,404,0,2,1
o_proj,404,0,2,1
post_layernorm,404,0,2,1
gate_proj,404,0,2,448790
up_proj,404,0,2,1
act_fn,404,0,2,1
down_proj,404,0,2,1
final_layernorm,404,0,2,20621
lm_head,404,0,2,837404
embedding,405,0,2,153731
input_layernorm,405,0,2,1
q_proj,405,0,2,1
k_proj,405,0,2,1
v_proj,405,0,2,1
rope,405,0,2,1
attn,405,0,2,1
o_proj,405,0,2,1
post_layernorm,405,0,2,1
gate_proj,405,0,2,449761
up_proj,405,0,2,1
act_fn,405,0,2,1
down_proj,405,0,2,1
final_layernorm,405,0,2,20668
lm_head,405,0,2,839329
embedding,406,0,2,153934
input_layernorm,406,0,2,1
q_proj,406,0,2,1
k_proj,406,0,2,1
v_proj,406,0,2,1
rope,406,0,2,1
attn,406,0,2,1
o_proj,406,0,2,1
post_layernorm,406,0,2,1
gate_proj,406,0,2,450733
up_proj,406,0,2,1
act_fn,406,0,2,1
down_proj,406,0,2,1
final_layernorm,406,0,2,20716
lm_head,406,0,2,841252
embedding,407,0,2,154137
input_layernorm,407,0,2,1
q_proj,407,0,2,1
k_proj,407,0,2,1
v_proj,407,0,2,1
rope,407,0,2,1
attn,407,0,2,1
o_proj,407,0,2,1
post_layernorm,407,0,2,1
gate_proj,407,0,2,451704
up_proj,407,0,2,1
act_fn,407,0,2,1
down_proj,407,0,2,1
final_layernorm,407,0,2,20763
lm_head,407,0,2,843176
embedding,408,0,2,154340
input_layernorm,408,0,2,1
q_proj,408,0,2,1
k_proj,408,0,2,1
v_proj,408,0,2,1
rope,408,0,2,1
attn,408,0,2,1
o_proj,408,0,2,1
post_layernorm,408,0,2,1
gate_proj,408,0,2,452675
up_proj,408,0,2,1
act_fn,408,0,2,1
down_proj,408,0,2,1
final_layernorm,408,0,2,20810
lm_head,408,0,2,845101
embedding,409,0,2,154543
input_layernorm,409,0,2,1
q_proj,409,0,2,1
k_proj,409,0,2,1
v_proj,409,0,2,1
rope,409,0,2,1
attn,409,0,2,1
o_proj,409,0,2,1
post_layernorm,409,0,2,1
gate_proj,409,0,2,453647
up_proj,409,0,2,1
act_fn,409,0,2,1
down_proj,409,0,2,1
final_layernorm,409,0,2,20858
lm_head,409,0,2,847025
embedding,410,0,2,154746
input_layernorm,410,0,2,1
q_proj,410,0,2,1
k_proj,410,0,2,1
v_proj,410,0,2,1
rope,410,0,2,1
attn,410,0,2,1
o_proj,410,0,2,1
post_layernorm,410,0,2,1
gate_proj,410,0,2,454618
up_proj,410,0,2,1
act_fn,410,0,2,1
down_proj,410,0,2,1
final_layernorm,410,0,2,20905
lm_head,410,0,2,848950
embedding,411,0,2,154949
input_layernorm,411,0,2,1
q_proj,411,0,2,1
k_proj,411,0,2,1
v_proj,411,0,2,1
rope,411,0,2,1
attn,411,0,2,1
o_proj,411,0,2,1
post_layernorm,411,0,2,1
gate_proj,411,0,2,455589
up_proj,411,0,2,1
act_fn,411,0,2,1
down_proj,411,0,2,1
final_layernorm,411,0,2,20953
lm_head,411,0,2,850874
embedding,412,0,2,155152
input_layernorm,412,0,2,1
q_proj,412,0,2,1
k_proj,412,0,2,1
v_proj,412,0,2,1
rope,412,0,2,1
attn,412,0,2,1
o_proj,412,0,2,1
post_layernorm,412,0,2,1
gate_proj,412,0,2,456561
up_proj,412,0,2,1
act_fn,412,0,2,1
down_proj,412,0,2,1
final_layernorm,412,0,2,21000
lm_head,412,0,2,852798
embedding,413,0,2,155355
input_layernorm,413,0,2,1
q_proj,413,0,2,1
k_proj,413,0,2,1
v_proj,413,0,2,1
rope,413,0,2,1
attn,413,0,2,1
o_proj,413,0,2,1
post_layernorm,413,0,2,1
gate_proj,413,0,2,457532
up_proj,413,0,2,1
act_fn,413,0,2,1
down_proj,413,0,2,1
final_layernorm,413,0,2,21047
lm_head,413,0,2,854723
embedding,414,0,2,155558
input_layernorm,414,0,2,1
q_proj,414,0,2,1
k_proj,414,0,2,1
v_proj,414,0,2,1
rope,414,0,2,1
attn,414,0,2,1
o_proj,414,0,2,1
post_layernorm,414,0,2,1
gate_proj,414,0,2,458504
up_proj,414,0,2,1
act_fn,414,0,2,1
down_proj,414,0,2,1
final_layernorm,414,0,2,21095
lm_head,414,0,2,856647
embedding,415,0,2,155761
input_layernorm,415,0,2,1
q_proj,415,0,2,1
k_proj,415,0,2,1
v_proj,415,0,2,1
rope,415,0,2,1
attn,415,0,2,1
o_proj,415,0,2,1
post_layernorm,415,0,2,1
gate_proj,415,0,2,459475
up_proj,415,0,2,1
act_fn,415,0,2,1
down_proj,415,0,2,1
final_layernorm,415,0,2,21142
lm_head,415,0,2,858571
embedding,416,0,2,155964
input_layernorm,416,0,2,1
q_proj,416,0,2,1
k_proj,416,0,2,1
v_proj,416,0,2,1
rope,416,0,2,1
attn,416,0,2,1
o_proj,416,0,2,1
post_layernorm,416,0,2,1
gate_proj,416,0,2,460446
up_proj,416,0,2,1
act_fn,416,0,2,1
down_proj,416,0,2,1
final_layernorm,416,0,2,21189
lm_head,416,0,2,860496
embedding,417,0,2,156167
input_layernorm,417,0,2,1
q_proj,417,0,2,1
k_proj,417,0,2,1
v_proj,417,0,2,1
rope,417,0,2,1
attn,417,0,2,1
o_proj,417,0,2,1
post_layernorm,417,0,2,1
gate_proj,417,0,2,461418
up_proj,417,0,2,1
act_fn,417,0,2,1
down_proj,417,0,2,1
final_layernorm,417,0,2,21237
lm_head,417,0,2,862420
embedding,418,0,2,156370
input_layernorm,418,0,2,1
q_proj,418,0,2,1
k_proj,418,0,2,1
v_proj,418,0,2,1
rope,418,0,2,1
attn,418,0,2,1
o_proj,418,0,2,1
post_layernorm,418,0,2,1
gate_proj,418,0,2,462389
up_proj,418,0,2,1
act_fn,418,0,2,1
down_proj,418,0,2,1
final_layernorm,418,0,2,21284
lm_head,418,0,2,864345
embedding,419,0,2,156573
input_layernorm,419,0,2,1
q_proj,419,0,2,1
k_proj,419,0,2,1
v_proj,419,0,2,1
rope,419,0,2,1
attn,419,0,2,1
o_proj,419,0,2,1
post_layernorm,419,0,2,1
gate_proj,419,0,2,463360
up_proj,419,0,2,1
act_fn,419,0,2,1
down_proj,419,0,2,1
final_layernorm,419,0,2,21332
lm_head,419,0,2,866268
embedding,420,0,2,156776
input_layernorm,420,0,2,1
q_proj,420,0,2,1
k_proj,420,0,2,1
v_proj,420,0,2,1
rope,420,0,2,1
attn,420,0,2,1
o_proj,420,0,2,1
post_layernorm,420,0,2,1
gate_proj,420,0,2,464332
up_proj,420,0,2,1
act_fn,420,0,2,1
down_proj,420,0,2,1
final_layernorm,420,0,2,21379
lm_head,420,0,2,868193
embedding,421,0,2,156979
input_layernorm,421,0,2,1
q_proj,421,0,2,1
k_proj,421,0,2,1
v_proj,421,0,2,1
rope,421,0,2,1
attn,421,0,2,1
o_proj,421,0,2,1
post_layernorm,421,0,2,1
gate_proj,421,0,2,465303
up_proj,421,0,2,1
act_fn,421,0,2,1
down_proj,421,0,2,1
final_layernorm,421,0,2,21426
lm_head,421,0,2,870118
embedding,422,0,2,157182
input_layernorm,422,0,2,1
q_proj,422,0,2,1
k_proj,422,0,2,1
v_proj,422,0,2,1
rope,422,0,2,1
attn,422,0,2,1
o_proj,422,0,2,1
post_layernorm,422,0,2,1
gate_proj,422,0,2,466275
up_proj,422,0,2,1
act_fn,422,0,2,1
down_proj,422,0,2,1
final_layernorm,422,0,2,21474
lm_head,422,0,2,872041
embedding,423,0,2,157385
input_layernorm,423,0,2,1
q_proj,423,0,2,1
k_proj,423,0,2,1
v_proj,423,0,2,1
rope,423,0,2,1
attn,423,0,2,1
o_proj,423,0,2,1
post_layernorm,423,0,2,1
gate_proj,423,0,2,467246
up_proj,423,0,2,1
act_fn,423,0,2,1
down_proj,423,0,2,1
final_layernorm,423,0,2,21521
lm_head,423,0,2,873966
embedding,424,0,2,157589
input_layernorm,424,0,2,1
q_proj,424,0,2,1
k_proj,424,0,2,1
v_proj,424,0,2,1
rope,424,0,2,1
attn,424,0,2,1
o_proj,424,0,2,1
post_layernorm,424,0,2,1
gate_proj,424,0,2,468217
up_proj,424,0,2,1
act_fn,424,0,2,1
down_proj,424,0,2,1
final_layernorm,424,0,2,21569
lm_head,424,0,2,875890
embedding,425,0,2,157792
input_layernorm,425,0,2,1
q_proj,425,0,2,1
k_proj,425,0,2,1
v_proj,425,0,2,1
rope,425,0,2,1
attn,425,0,2,1
o_proj,425,0,2,1
post_layernorm,425,0,2,1
gate_proj,425,0,2,469189
up_proj,425,0,2,1
act_fn,425,0,2,1
down_proj,425,0,2,1
final_layernorm,425,0,2,21616
lm_head,425,0,2,877814
embedding,426,0,2,157995
input_layernorm,426,0,2,1
q_proj,426,0,2,1
k_proj,426,0,2,1
v_proj,426,0,2,1
rope,426,0,2,1
attn,426,0,2,1
o_proj,426,0,2,1
post_layernorm,426,0,2,1
gate_proj,426,0,2,470160
up_proj,426,0,2,1
act_fn,426,0,2,1
down_proj,426,0,2,1
final_layernorm,426,0,2,21663
lm_head,426,0,2,879739
embedding,427,0,2,158198
input_layernorm,427,0,2,1
q_proj,427,0,2,1
k_proj,427,0,2,1
v_proj,427,0,2,1
rope,427,0,2,1
attn,427,0,2,1
o_proj,427,0,2,1
post_layernorm,427,0,2,1
gate_proj,427,0,2,471131
up_proj,427,0,2,1
act_fn,427,0,2,1
down_proj,427,0,2,1
final_layernorm,427,0,2,21711
lm_head,427,0,2,881663
embedding,428,0,2,158401
input_layernorm,428,0,2,1
q_proj,428,0,2,1
k_proj,428,0,2,1
v_proj,428,0,2,1
rope,428,0,2,1
attn,428,0,2,1
o_proj,428,0,2,1
post_layernorm,428,0,2,1
gate_proj,428,0,2,472102
up_proj,428,0,2,1
act_fn,428,0,2,1
down_proj,428,0,2,1
final_layernorm,428,0,2,21758
lm_head,428,0,2,883588
embedding,429,0,2,158604
input_layernorm,429,0,2,1
q_proj,429,0,2,1
k_proj,429,0,2,1
v_proj,429,0,2,1
rope,429,0,2,1
attn,429,0,2,1
o_proj,429,0,2,1
post_layernorm,429,0,2,1
gate_proj,429,0,2,473074
up_proj,429,0,2,1
act_fn,429,0,2,1
down_proj,429,0,2,1
final_layernorm,429,0,2,21805
lm_head,429,0,2,885512
embedding,430,0,2,158807
input_layernorm,430,0,2,1
q_proj,430,0,2,1
k_proj,430,0,2,1
v_proj,430,0,2,1
rope,430,0,2,1
attn,430,0,2,1
o_proj,430,0,2,1
post_layernorm,430,0,2,1
gate_proj,430,0,2,474046
up_proj,430,0,2,1
act_fn,430,0,2,1
down_proj,430,0,2,1
final_layernorm,430,0,2,21853
lm_head,430,0,2,887436
embedding,431,0,2,159010
input_layernorm,431,0,2,1
q_proj,431,0,2,1
k_proj,431,0,2,1
v_proj,431,0,2,1
rope,431,0,2,1
attn,431,0,2,1
o_proj,431,0,2,1
post_layernorm,431,0,2,1
gate_proj,431,0,2,475017
up_proj,431,0,2,1
act_fn,431,0,2,1
down_proj,431,0,2,1
final_layernorm,431,0,2,21900
lm_head,431,0,2,889361
embedding,432,0,2,159213
input_layernorm,432,0,2,1
q_proj,432,0,2,1
k_proj,432,0,2,1
v_proj,432,0,2,1
rope,432,0,2,1
attn,432,0,2,1
o_proj,432,0,2,1
post_layernorm,432,0,2,1
gate_proj,432,0,2,475988
up_proj,432,0,2,1
act_fn,432,0,2,1
down_proj,432,0,2,1
final_layernorm,432,0,2,21948
lm_head,432,0,2,891284
embedding,433,0,2,159416
input_layernorm,433,0,2,1
q_proj,433,0,2,1
k_proj,433,0,2,1
v_proj,433,0,2,1
rope,433,0,2,1
attn,433,0,2,1
o_proj,433,0,2,1
post_layernorm,433,0,2,1
gate_proj,433,0,2,476960
up_proj,433,0,2,1
act_fn,433,0,2,1
down_proj,433,0,2,1
final_layernorm,433,0,2,21995
lm_head,433,0,2,893209
embedding,434,0,2,159619
input_layernorm,434,0,2,1
q_proj,434,0,2,1
k_proj,434,0,2,1
v_proj,434,0,2,1
rope,434,0,2,1
attn,434,0,2,1
o_proj,434,0,2,1
post_layernorm,434,0,2,1
gate_proj,434,0,2,477931
up_proj,434,0,2,1
act_fn,434,0,2,1
down_proj,434,0,2,1
final_layernorm,434,0,2,22042
lm_head,434,0,2,895134
embedding,435,0,2,159822
input_layernorm,435,0,2,1
q_proj,435,0,2,1
k_proj,435,0,2,1
v_proj,435,0,2,1
rope,435,0,2,1
attn,435,0,2,1
o_proj,435,0,2,1
post_layernorm,435,0,2,1
gate_proj,435,0,2,478902
up_proj,435,0,2,1
act_fn,435,0,2,1
down_proj,435,0,2,1
final_layernorm,435,0,2,22090
lm_head,435,0,2,897057
embedding,436,0,2,160025
input_layernorm,436,0,2,1
q_proj,436,0,2,1
k_proj,436,0,2,1
v_proj,436,0,2,1
rope,436,0,2,1
attn,436,0,2,1
o_proj,436,0,2,1
post_layernorm,436,0,2,1
gate_proj,436,0,2,479873
up_proj,436,0,2,1
act_fn,436,0,2,1
down_proj,436,0,2,1
final_layernorm,436,0,2,22137
lm_head,436,0,2,898982
embedding,437,0,2,160228
input_layernorm,437,0,2,1
q_proj,437,0,2,1
k_proj,437,0,2,1
v_proj,437,0,2,1
rope,437,0,2,1
attn,437,0,2,1
o_proj,437,0,2,1
post_layernorm,437,0,2,1
gate_proj,437,0,2,480845
up_proj,437,0,2,1
act_fn,437,0,2,1
down_proj,437,0,2,1
final_layernorm,437,0,2,22185
lm_head,437,0,2,900906
embedding,438,0,2,160431
input_layernorm,438,0,2,1
q_proj,438,0,2,1
k_proj,438,0,2,1
v_proj,438,0,2,1
rope,438,0,2,1
attn,438,0,2,1
o_proj,438,0,2,1
post_layernorm,438,0,2,1
gate_proj,438,0,2,481817
up_proj,438,0,2,1
act_fn,438,0,2,1
down_proj,438,0,2,1
final_layernorm,438,0,2,22232
lm_head,438,0,2,902831
embedding,439,0,2,160634
input_layernorm,439,0,2,1
q_proj,439,0,2,1
k_proj,439,0,2,1
v_proj,439,0,2,1
rope,439,0,2,1
attn,439,0,2,1
o_proj,439,0,2,1
post_layernorm,439,0,2,1
gate_proj,439,0,2,482788
up_proj,439,0,2,1
act_fn,439,0,2,1
down_proj,439,0,2,1
final_layernorm,439,0,2,22279
lm_head,439,0,2,904755
embedding,440,0,2,160837
input_layernorm,440,0,2,1
q_proj,440,0,2,1
k_proj,440,0,2,1
v_proj,440,0,2,1
rope,440,0,2,1
attn,440,0,2,1
o_proj,440,0,2,1
post_layernorm,440,0,2,1
gate_proj,440,0,2,483759
up_proj,440,0,2,1
act_fn,440,0,2,1
down_proj,440,0,2,1
final_layernorm,440,0,2,22327
lm_head,440,0,2,906679
embedding,441,0,2,161040
input_layernorm,441,0,2,1
q_proj,441,0,2,1
k_proj,441,0,2,1
v_proj,441,0,2,1
rope,441,0,2,1
attn,441,0,2,1
o_proj,441,0,2,1
post_layernorm,441,0,2,1
gate_proj,441,0,2,484730
up_proj,441,0,2,1
act_fn,441,0,2,1
down_proj,441,0,2,1
final_layernorm,441,0,2,22374
lm_head,441,0,2,908604
embedding,442,0,2,161243
input_layernorm,442,0,2,1
q_proj,442,0,2,1
k_proj,442,0,2,1
v_proj,442,0,2,1
rope,442,0,2,1
attn,442,0,2,1
o_proj,442,0,2,1
post_layernorm,442,0,2,1
gate_proj,442,0,2,485702
up_proj,442,0,2,1
act_fn,442,0,2,1
down_proj,442,0,2,1
final_layernorm,442,0,2,22421
lm_head,442,0,2,910528
embedding,443,0,2,161446
input_layernorm,443,0,2,1
q_proj,443,0,2,1
k_proj,443,0,2,1
v_proj,443,0,2,1
rope,443,0,2,1
attn,443,0,2,1
o_proj,443,0,2,1
post_layernorm,443,0,2,1
gate_proj,443,0,2,486673
up_proj,443,0,2,1
act_fn,443,0,2,1
down_proj,443,0,2,1
final_layernorm,443,0,2,22469
lm_head,443,0,2,912452
embedding,444,0,2,161650
input_layernorm,444,0,2,1
q_proj,444,0,2,1
k_proj,444,0,2,1
v_proj,444,0,2,1
rope,444,0,2,1
attn,444,0,2,1
o_proj,444,0,2,1
post_layernorm,444,0,2,1
gate_proj,444,0,2,487644
up_proj,444,0,2,1
act_fn,444,0,2,1
down_proj,444,0,2,1
final_layernorm,444,0,2,22516
lm_head,444,0,2,914377
embedding,445,0,2,161853
input_layernorm,445,0,2,1
q_proj,445,0,2,1
k_proj,445,0,2,1
v_proj,445,0,2,1
rope,445,0,2,1
attn,445,0,2,1
o_proj,445,0,2,1
post_layernorm,445,0,2,1
gate_proj,445,0,2,488616
up_proj,445,0,2,1
act_fn,445,0,2,1
down_proj,445,0,2,1
final_layernorm,445,0,2,22564
lm_head,445,0,2,916300
embedding,446,0,2,162056
input_layernorm,446,0,2,1
q_proj,446,0,2,1
k_proj,446,0,2,1
v_proj,446,0,2,1
rope,446,0,2,1
attn,446,0,2,1
o_proj,446,0,2,1
post_layernorm,446,0,2,1
gate_proj,446,0,2,489588
up_proj,446,0,2,1
act_fn,446,0,2,1
down_proj,446,0,2,1
final_layernorm,446,0,2,22611
lm_head,446,0,2,918225
embedding,447,0,2,162259
input_layernorm,447,0,2,1
q_proj,447,0,2,1
k_proj,447,0,2,1
v_proj,447,0,2,1
rope,447,0,2,1
attn,447,0,2,1
o_proj,447,0,2,1
post_layernorm,447,0,2,1
gate_proj,447,0,2,490559
up_proj,447,0,2,1
act_fn,447,0,2,1
down_proj,447,0,2,1
final_layernorm,447,0,2,22658
lm_head,447,0,2,920150
embedding,448,0,2,162462
input_layernorm,448,0,2,1
q_proj,448,0,2,1
k_proj,448,0,2,1
v_proj,448,0,2,1
rope,448,0,2,1
attn,448,0,2,1
o_proj,448,0,2,1
post_layernorm,448,0,2,1
gate_proj,448,0,2,491530
up_proj,448,0,2,1
act_fn,448,0,2,1
down_proj,448,0,2,1
final_layernorm,448,0,2,22706
lm_head,448,0,2,922073
embedding,449,0,2,162665
input_layernorm,449,0,2,1
q_proj,449,0,2,1
k_proj,449,0,2,1
v_proj,449,0,2,1
rope,449,0,2,1
attn,449,0,2,1
o_proj,449,0,2,1
post_layernorm,449,0,2,1
gate_proj,449,0,2,492501
up_proj,449,0,2,1
act_fn,449,0,2,1
down_proj,449,0,2,1
final_layernorm,449,0,2,22753
lm_head,449,0,2,923998
embedding,450,0,2,162868
input_layernorm,450,0,2,1
q_proj,450,0,2,1
k_proj,450,0,2,1
v_proj,450,0,2,1
rope,450,0,2,1
attn,450,0,2,1
o_proj,450,0,2,1
post_layernorm,450,0,2,1
gate_proj,450,0,2,493473
up_proj,450,0,2,1
act_fn,450,0,2,1
down_proj,450,0,2,1
final_layernorm,450,0,2,22801
lm_head,450,0,2,925922
embedding,451,0,2,163071
input_layernorm,451,0,2,1
q_proj,451,0,2,1
k_proj,451,0,2,1
v_proj,451,0,2,1
rope,451,0,2,1
attn,451,0,2,1
o_proj,451,0,2,1
post_layernorm,451,0,2,1
gate_proj,451,0,2,494444
up_proj,451,0,2,1
act_fn,451,0,2,1
down_proj,451,0,2,1
final_layernorm,451,0,2,22848
lm_head,451,0,2,927847
embedding,452,0,2,163274
input_layernorm,452,0,2,1
q_proj,452,0,2,1
k_proj,452,0,2,1
v_proj,452,0,2,1
rope,452,0,2,1
attn,452,0,2,1
o_proj,452,0,2,1
post_layernorm,452,0,2,1
gate_proj,452,0,2,495415
up_proj,452,0,2,1
act_fn,452,0,2,1
down_proj,452,0,2,1
final_layernorm,452,0,2,22895
lm_head,452,0,2,929771
embedding,453,0,2,163477
input_layernorm,453,0,2,1
q_proj,453,0,2,1
k_proj,453,0,2,1
v_proj,453,0,2,1
rope,453,0,2,1
attn,453,0,2,1
o_proj,453,0,2,1
post_layernorm,453,0,2,1
gate_proj,453,0,2,496387
up_proj,453,0,2,1
act_fn,453,0,2,1
down_proj,453,0,2,1
final_layernorm,453,0,2,22943
lm_head,453,0,2,931695
embedding,454,0,2,163680
input_layernorm,454,0,2,1
q_proj,454,0,2,1
k_proj,454,0,2,1
v_proj,454,0,2,1
rope,454,0,2,1
attn,454,0,2,1
o_proj,454,0,2,1
post_layernorm,454,0,2,1
gate_proj,454,0,2,497358
up_proj,454,0,2,1
act_fn,454,0,2,1
down_proj,454,0,2,1
final_layernorm,454,0,2,22990
lm_head,454,0,2,933620
embedding,455,0,2,163883
input_layernorm,455,0,2,1
q_proj,455,0,2,1
k_proj,455,0,2,1
v_proj,455,0,2,1
rope,455,0,2,1
attn,455,0,2,1
o_proj,455,0,2,1
post_layernorm,455,0,2,1
gate_proj,455,0,2,498330
up_proj,455,0,2,1
act_fn,455,0,2,1
down_proj,455,0,2,1
final_layernorm,455,0,2,23038
lm_head,455,0,2,935544
embedding,456,0,2,164086
input_layernorm,456,0,2,1
q_proj,456,0,2,1
k_proj,456,0,2,1
v_proj,456,0,2,1
rope,456,0,2,1
attn,456,0,2,1
o_proj,456,0,2,1
post_layernorm,456,0,2,1
gate_proj,456,0,2,499301
up_proj,456,0,2,1
act_fn,456,0,2,1
down_proj,456,0,2,1
final_layernorm,456,0,2,23085
lm_head,456,0,2,937468
embedding,457,0,2,164289
input_layernorm,457,0,2,1
q_proj,457,0,2,1
k_proj,457,0,2,1
v_proj,457,0,2,1
rope,457,0,2,1
attn,457,0,2,1
o_proj,457,0,2,1
post_layernorm,457,0,2,1
gate_proj,457,0,2,500272
up_proj,457,0,2,1
act_fn,457,0,2,1
down_proj,457,0,2,1
final_layernorm,457,0,2,23132
lm_head,457,0,2,939393
embedding,458,0,2,164492
input_layernorm,458,0,2,1
q_proj,458,0,2,1
k_proj,458,0,2,1
v_proj,458,0,2,1
rope,458,0,2,1
attn,458,0,2,1
o_proj,458,0,2,1
post_layernorm,458,0,2,1
gate_proj,458,0,2,501244
up_proj,458,0,2,1
act_fn,458,0,2,1
down_proj,458,0,2,1
final_layernorm,458,0,2,23180
lm_head,458,0,2,941316
embedding,459,0,2,164695
input_layernorm,459,0,2,1
q_proj,459,0,2,1
k_proj,459,0,2,1
v_proj,459,0,2,1
rope,459,0,2,1
attn,459,0,2,1
o_proj,459,0,2,1
post_layernorm,459,0,2,1
gate_proj,459,0,2,502215
up_proj,459,0,2,1
act_fn,459,0,2,1
down_proj,459,0,2,1
final_layernorm,459,0,2,23227
lm_head,459,0,2,943241
embedding,460,0,2,164898
input_layernorm,460,0,2,1
q_proj,460,0,2,1
k_proj,460,0,2,1
v_proj,460,0,2,1
rope,460,0,2,1
attn,460,0,2,1
o_proj,460,0,2,1
post_layernorm,460,0,2,1
gate_proj,460,0,2,503186
up_proj,460,0,2,1
act_fn,460,0,2,1
down_proj,460,0,2,1
final_layernorm,460,0,2,23274
lm_head,460,0,2,945166
embedding,461,0,2,165101
input_layernorm,461,0,2,1
q_proj,461,0,2,1
k_proj,461,0,2,1
v_proj,461,0,2,1
rope,461,0,2,1
attn,461,0,2,1
o_proj,461,0,2,1
post_layernorm,461,0,2,1
gate_proj,461,0,2,504158
up_proj,461,0,2,1
act_fn,461,0,2,1
down_proj,461,0,2,1
final_layernorm,461,0,2,23322
lm_head,461,0,2,947090
embedding,462,0,2,165304
input_layernorm,462,0,2,1
q_proj,462,0,2,1
k_proj,462,0,2,1
v_proj,462,0,2,1
rope,462,0,2,1
attn,462,0,2,1
o_proj,462,0,2,1
post_layernorm,462,0,2,1
gate_proj,462,0,2,505129
up_proj,462,0,2,1
act_fn,462,0,2,1
down_proj,462,0,2,1
final_layernorm,462,0,2,23369
lm_head,462,0,2,949014
embedding,463,0,2,165508
input_layernorm,463,0,2,1
q_proj,463,0,2,1
k_proj,463,0,2,1
v_proj,463,0,2,1
rope,463,0,2,1
attn,463,0,2,1
o_proj,463,0,2,1
post_layernorm,463,0,2,1
gate_proj,463,0,2,506101
up_proj,463,0,2,1
act_fn,463,0,2,1
down_proj,463,0,2,1
final_layernorm,463,0,2,23417
lm_head,463,0,2,950938
embedding,464,0,2,165711
input_layernorm,464,0,2,1
q_proj,464,0,2,1
k_proj,464,0,2,1
v_proj,464,0,2,1
rope,464,0,2,1
attn,464,0,2,1
o_proj,464,0,2,1
post_layernorm,464,0,2,1
gate_proj,464,0,2,507072
up_proj,464,0,2,1
act_fn,464,0,2,1
down_proj,464,0,2,1
final_layernorm,464,0,2,23464
lm_head,464,0,2,952863
embedding,465,0,2,165914
input_layernorm,465,0,2,1
q_proj,465,0,2,1
k_proj,465,0,2,1
v_proj,465,0,2,1
rope,465,0,2,1
attn,465,0,2,1
o_proj,465,0,2,1
post_layernorm,465,0,2,1
gate_proj,465,0,2,508043
up_proj,465,0,2,1
act_fn,465,0,2,1
down_proj,465,0,2,1
final_layernorm,465,0,2,23511
lm_head,465,0,2,954787
embedding,466,0,2,166117
input_layernorm,466,0,2,1
q_proj,466,0,2,1
k_proj,466,0,2,1
v_proj,466,0,2,1
rope,466,0,2,1
attn,466,0,2,1
o_proj,466,0,2,1
post_layernorm,466,0,2,1
gate_proj,466,0,2,509015
up_proj,466,0,2,1
act_fn,466,0,2,1
down_proj,466,0,2,1
final_layernorm,466,0,2,23559
lm_head,466,0,2,956711
embedding,467,0,2,166320
input_layernorm,467,0,2,1
q_proj,467,0,2,1
k_proj,467,0,2,1
v_proj,467,0,2,1
rope,467,0,2,1
attn,467,0,2,1
o_proj,467,0,2,1
post_layernorm,467,0,2,1
gate_proj,467,0,2,509986
up_proj,467,0,2,1
act_fn,467,0,2,1
down_proj,467,0,2,1
final_layernorm,467,0,2,23606
lm_head,467,0,2,958636
embedding,468,0,2,166523
input_layernorm,468,0,2,1
q_proj,468,0,2,1
k_proj,468,0,2,1
v_proj,468,0,2,1
rope,468,0,2,1
attn,468,0,2,1
o_proj,468,0,2,1
post_layernorm,468,0,2,1
gate_proj,468,0,2,510957
up_proj,468,0,2,1
act_fn,468,0,2,1
down_proj,468,0,2,1
final_layernorm,468,0,2,23654
lm_head,468,0,2,960560
embedding,469,0,2,166726
input_layernorm,469,0,2,1
q_proj,469,0,2,1
k_proj,469,0,2,1
v_proj,469,0,2,1
rope,469,0,2,1
attn,469,0,2,1
o_proj,469,0,2,1
post_layernorm,469,0,2,1
gate_proj,469,0,2,511929
up_proj,469,0,2,1
act_fn,469,0,2,1
down_proj,469,0,2,1
final_layernorm,469,0,2,23701
lm_head,469,0,2,962484
embedding,470,0,2,166929
input_layernorm,470,0,2,1
q_proj,470,0,2,1
k_proj,470,0,2,1
v_proj,470,0,2,1
rope,470,0,2,1
attn,470,0,2,1
o_proj,470,0,2,1
post_layernorm,470,0,2,1
gate_proj,470,0,2,512900
up_proj,470,0,2,1
act_fn,470,0,2,1
down_proj,470,0,2,1
final_layernorm,470,0,2,23748
lm_head,470,0,2,964409
embedding,471,0,2,167132
input_layernorm,471,0,2,1
q_proj,471,0,2,1
k_proj,471,0,2,1
v_proj,471,0,2,1
rope,471,0,2,1
attn,471,0,2,1
o_proj,471,0,2,1
post_layernorm,471,0,2,1
gate_proj,471,0,2,513872
up_proj,471,0,2,1
act_fn,471,0,2,1
down_proj,471,0,2,1
final_layernorm,471,0,2,23796
lm_head,471,0,2,966333
embedding,472,0,2,167335
input_layernorm,472,0,2,1
q_proj,472,0,2,1
k_proj,472,0,2,1
v_proj,472,0,2,1
rope,472,0,2,1
attn,472,0,2,1
o_proj,472,0,2,1
post_layernorm,472,0,2,1
gate_proj,472,0,2,514843
up_proj,472,0,2,1
act_fn,472,0,2,1
down_proj,472,0,2,1
final_layernorm,472,0,2,23843
lm_head,472,0,2,968258
embedding,473,0,2,167538
input_layernorm,473,0,2,1
q_proj,473,0,2,1
k_proj,473,0,2,1
v_proj,473,0,2,1
rope,473,0,2,1
attn,473,0,2,1
o_proj,473,0,2,1
post_layernorm,473,0,2,1
gate_proj,473,0,2,515814
up_proj,473,0,2,1
act_fn,473,0,2,1
down_proj,473,0,2,1
final_layernorm,473,0,2,23890
lm_head,473,0,2,970182
embedding,474,0,2,167741
input_layernorm,474,0,2,1
q_proj,474,0,2,1
k_proj,474,0,2,1
v_proj,474,0,2,1
rope,474,0,2,1
attn,474,0,2,1
o_proj,474,0,2,1
post_layernorm,474,0,2,1
gate_proj,474,0,2,516786
up_proj,474,0,2,1
act_fn,474,0,2,1
down_proj,474,0,2,1
final_layernorm,474,0,2,23938
lm_head,474,0,2,972106
embedding,475,0,2,167944
input_layernorm,475,0,2,1
q_proj,475,0,2,1
k_proj,475,0,2,1
v_proj,475,0,2,1
rope,475,0,2,1
attn,475,0,2,1
o_proj,475,0,2,1
post_layernorm,475,0,2,1
gate_proj,475,0,2,517757
up_proj,475,0,2,1
act_fn,475,0,2,1
down_proj,475,0,2,1
final_layernorm,475,0,2,23985
lm_head,475,0,2,974030
embedding,476,0,2,168147
input_layernorm,476,0,2,1
q_proj,476,0,2,1
k_proj,476,0,2,1
v_proj,476,0,2,1
rope,476,0,2,1
attn,476,0,2,1
o_proj,476,0,2,1
post_layernorm,476,0,2,1
gate_proj,476,0,2,518728
up_proj,476,0,2,1
act_fn,476,0,2,1
down_proj,476,0,2,1
final_layernorm,476,0,2,24033
lm_head,476,0,2,975954
embedding,477,0,2,168350
input_layernorm,477,0,2,1
q_proj,477,0,2,1
k_proj,477,0,2,1
v_proj,477,0,2,1
rope,477,0,2,1
attn,477,0,2,1
o_proj,477,0,2,1
post_layernorm,477,0,2,1
gate_proj,477,0,2,519700
up_proj,477,0,2,1
act_fn,477,0,2,1
down_proj,477,0,2,1
final_layernorm,477,0,2,24080
lm_head,477,0,2,977879
embedding,478,0,2,168553
input_layernorm,478,0,2,1
q_proj,478,0,2,1
k_proj,478,0,2,1
v_proj,478,0,2,1
rope,478,0,2,1
attn,478,0,2,1
o_proj,478,0,2,1
post_layernorm,478,0,2,1
gate_proj,478,0,2,520671
up_proj,478,0,2,1
act_fn,478,0,2,1
down_proj,478,0,2,1
final_layernorm,478,0,2,24127
lm_head,478,0,2,979803
embedding,479,0,2,168756
input_layernorm,479,0,2,1
q_proj,479,0,2,1
k_proj,479,0,2,1
v_proj,479,0,2,1
rope,479,0,2,1
attn,479,0,2,1
o_proj,479,0,2,1
post_layernorm,479,0,2,1
gate_proj,479,0,2,521643
up_proj,479,0,2,1
act_fn,479,0,2,1
down_proj,479,0,2,1
final_layernorm,479,0,2,24175
lm_head,479,0,2,981727
embedding,480,0,2,168959
input_layernorm,480,0,2,1
q_proj,480,0,2,1
k_proj,480,0,2,1
v_proj,480,0,2,1
rope,480,0,2,1
attn,480,0,2,1
o_proj,480,0,2,1
post_layernorm,480,0,2,1
gate_proj,480,0,2,522614
up_proj,480,0,2,1
act_fn,480,0,2,1
down_proj,480,0,2,1
final_layernorm,480,0,2,24222
lm_head,480,0,2,983652
embedding,481,0,2,169162
input_layernorm,481,0,2,1
q_proj,481,0,2,1
k_proj,481,0,2,1
v_proj,481,0,2,1
rope,481,0,2,1
attn,481,0,2,1
o_proj,481,0,2,1
post_layernorm,481,0,2,1
gate_proj,481,0,2,523585
up_proj,481,0,2,1
act_fn,481,0,2,1
down_proj,481,0,2,1
final_layernorm,481,0,2,24270
lm_head,481,0,2,985576
embedding,482,0,2,169365
input_layernorm,482,0,2,1
q_proj,482,0,2,1
k_proj,482,0,2,1
v_proj,482,0,2,1
rope,482,0,2,1
attn,482,0,2,1
o_proj,482,0,2,1
post_layernorm,482,0,2,1
gate_proj,482,0,2,524557
up_proj,482,0,2,1
act_fn,482,0,2,1
down_proj,482,0,2,1
final_layernorm,482,0,2,24317
lm_head,482,0,2,987500
embedding,483,0,2,169569
input_layernorm,483,0,2,1
q_proj,483,0,2,1
k_proj,483,0,2,1
v_proj,483,0,2,1
rope,483,0,2,1
attn,483,0,2,1
o_proj,483,0,2,1
post_layernorm,483,0,2,1
gate_proj,483,0,2,525528
up_proj,483,0,2,1
act_fn,483,0,2,1
down_proj,483,0,2,1
final_layernorm,483,0,2,24364
lm_head,483,0,2,989425
embedding,484,0,2,169772
input_layernorm,484,0,2,1
q_proj,484,0,2,1
k_proj,484,0,2,1
v_proj,484,0,2,1
rope,484,0,2,1
attn,484,0,2,1
o_proj,484,0,2,1
post_layernorm,484,0,2,1
gate_proj,484,0,2,526499
up_proj,484,0,2,1
act_fn,484,0,2,1
down_proj,484,0,2,1
final_layernorm,484,0,2,24412
lm_head,484,0,2,991349
embedding,485,0,2,169975
input_layernorm,485,0,2,1
q_proj,485,0,2,1
k_proj,485,0,2,1
v_proj,485,0,2,1
rope,485,0,2,1
attn,485,0,2,1
o_proj,485,0,2,1
post_layernorm,485,0,2,1
gate_proj,485,0,2,527471
up_proj,485,0,2,1
act_fn,485,0,2,1
down_proj,485,0,2,1
final_layernorm,485,0,2,24459
lm_head,485,0,2,993274
embedding,486,0,2,170178
input_layernorm,486,0,2,1
q_proj,486,0,2,1
k_proj,486,0,2,1
v_proj,486,0,2,1
rope,486,0,2,1
attn,486,0,2,1
o_proj,486,0,2,1
post_layernorm,486,0,2,1
gate_proj,486,0,2,528442
up_proj,486,0,2,1
act_fn,486,0,2,1
down_proj,486,0,2,1
final_layernorm,486,0,2,24506
lm_head,486,0,2,995198
embedding,487,0,2,170381
input_layernorm,487,0,2,1
q_proj,487,0,2,1
k_proj,487,0,2,1
v_proj,487,0,2,1
rope,487,0,2,1
attn,487,0,2,1
o_proj,487,0,2,1
post_layernorm,487,0,2,1
gate_proj,487,0,2,529414
up_proj,487,0,2,1
act_fn,487,0,2,1
down_proj,487,0,2,1
final_layernorm,487,0,2,24554
lm_head,487,0,2,997122
embedding,488,0,2,170584
input_layernorm,488,0,2,1
q_proj,488,0,2,1
k_proj,488,0,2,1
v_proj,488,0,2,1
rope,488,0,2,1
attn,488,0,2,1
o_proj,488,0,2,1
post_layernorm,488,0,2,1
gate_proj,488,0,2,530385
up_proj,488,0,2,1
act_fn,488,0,2,1
down_proj,488,0,2,1
final_layernorm,488,0,2,24601
lm_head,488,0,2,999047
embedding,489,0,2,170787
input_layernorm,489,0,2,1
q_proj,489,0,2,1
k_proj,489,0,2,1
v_proj,489,0,2,1
rope,489,0,2,1
attn,489,0,2,1
o_proj,489,0,2,1
post_layernorm,489,0,2,1
gate_proj,489,0,2,531356
up_proj,489,0,2,1
act_fn,489,0,2,1
down_proj,489,0,2,1
final_layernorm,489,0,2,24649
lm_head,489,0,2,1000971
embedding,490,0,2,170990
input_layernorm,490,0,2,1
q_proj,490,0,2,1
k_proj,490,0,2,1
v_proj,490,0,2,1
rope,490,0,2,1
attn,490,0,2,1
o_proj,490,0,2,1
post_layernorm,490,0,2,1
gate_proj,490,0,2,532328
up_proj,490,0,2,1
act_fn,490,0,2,1
down_proj,490,0,2,1
final_layernorm,490,0,2,24696
lm_head,490,0,2,1002895
embedding,491,0,2,171193
input_layernorm,491,0,2,1
q_proj,491,0,2,1
k_proj,491,0,2,1
v_proj,491,0,2,1
rope,491,0,2,1
attn,491,0,2,1
o_proj,491,0,2,1
post_layernorm,491,0,2,1
gate_proj,491,0,2,533299
up_proj,491,0,2,1
act_fn,491,0,2,1
down_proj,491,0,2,1
final_layernorm,491,0,2,24743
lm_head,491,0,2,1004819
embedding,492,0,2,171396
input_layernorm,492,0,2,1
q_proj,492,0,2,1
k_proj,492,0,2,1
v_proj,492,0,2,1
rope,492,0,2,1
attn,492,0,2,1
o_proj,492,0,2,1
post_layernorm,492,0,2,1
gate_proj,492,0,2,534270
up_proj,492,0,2,1
act_fn,492,0,2,1
down_proj,492,0,2,1
final_layernorm,492,0,2,24791
lm_head,492,0,2,1006743
embedding,493,0,2,171599
input_layernorm,493,0,2,1
q_proj,493,0,2,1
k_proj,493,0,2,1
v_proj,493,0,2,1
rope,493,0,2,1
attn,493,0,2,1
o_proj,493,0,2,1
post_layernorm,493,0,2,1
gate_proj,493,0,2,535242
up_proj,493,0,2,1
act_fn,493,0,2,1
down_proj,493,0,2,1
final_layernorm,493,0,2,24838
lm_head,493,0,2,1008668
embedding,494,0,2,171802
input_layernorm,494,0,2,1
q_proj,494,0,2,1
k_proj,494,0,2,1
v_proj,494,0,2,1
rope,494,0,2,1
attn,494,0,2,1
o_proj,494,0,2,1
post_layernorm,494,0,2,1
gate_proj,494,0,2,536213
up_proj,494,0,2,1
act_fn,494,0,2,1
down_proj,494,0,2,1
final_layernorm,494,0,2,24886
lm_head,494,0,2,1010592
embedding,495,0,2,172005
input_layernorm,495,0,2,1
q_proj,495,0,2,1
k_proj,495,0,2,1
v_proj,495,0,2,1
rope,495,0,2,1
attn,495,0,2,1
o_proj,495,0,2,1
post_layernorm,495,0,2,1
gate_proj,495,0,2,537185
up_proj,495,0,2,1
act_fn,495,0,2,1
down_proj,495,0,2,1
final_layernorm,495,0,2,24933
lm_head,495,0,2,1012516
embedding,496,0,2,172208
input_layernorm,496,0,2,1
q_proj,496,0,2,1
k_proj,496,0,2,1
v_proj,496,0,2,1
rope,496,0,2,1
attn,496,0,2,1
o_proj,496,0,2,1
post_layernorm,496,0,2,1
gate_proj,496,0,2,538156
up_proj,496,0,2,1
act_fn,496,0,2,1
down_proj,496,0,2,1
final_layernorm,496,0,2,24980
lm_head,496,0,2,1014441
embedding,497,0,2,172411
input_layernorm,497,0,2,1
q_proj,497,0,2,1
k_proj,497,0,2,1
v_proj,497,0,2,1
rope,497,0,2,1
attn,497,0,2,1
o_proj,497,0,2,1
post_layernorm,497,0,2,1
gate_proj,497,0,2,539127
up_proj,497,0,2,1
act_fn,497,0,2,1
down_proj,497,0,2,1
final_layernorm,497,0,2,25028
lm_head,497,0,2,1016365
embedding,498,0,2,172614
input_layernorm,498,0,2,1
q_proj,498,0,2,1
k_proj,498,0,2,1
v_proj,498,0,2,1
rope,498,0,2,1
attn,498,0,2,1
o_proj,498,0,2,1
post_layernorm,498,0,2,1
gate_proj,498,0,2,540098
up_proj,498,0,2,1
act_fn,498,0,2,1
down_proj,498,0,2,1
final_layernorm,498,0,2,25075
lm_head,498,0,2,1018290
embedding,499,0,2,172817
input_layernorm,499,0,2,1
q_proj,499,0,2,1
k_proj,499,0,2,1
v_proj,499,0,2,1
rope,499,0,2,1
attn,499,0,2,1
o_proj,499,0,2,1
post_layernorm,499,0,2,1
gate_proj,499,0,2,541070
up_proj,499,0,2,1
act_fn,499,0,2,1
down_proj,499,0,2,1
final_layernorm,499,0,2,25122
lm_head,499,0,2,1020214
embedding,500,0,2,173020
input_layernorm,500,0,2,1
q_proj,500,0,2,1
k_proj,500,0,2,1
v_proj,500,0,2,1
rope,500,0,2,1
attn,500,0,2,1
o_proj,500,0,2,1
post_layernorm,500,0,2,1
gate_proj,500,0,2,542042
up_proj,500,0,2,1
act_fn,500,0,2,1
down_proj,500,0,2,1
final_layernorm,500,0,2,25170
lm_head,500,0,2,1022138
embedding,501,0,2,173223
input_layernorm,501,0,2,1
q_proj,501,0,2,1
k_proj,501,0,2,1
v_proj,501,0,2,1
rope,501,0,2,1
attn,501,0,2,1
o_proj,501,0,2,1
post_layernorm,501,0,2,1
gate_proj,501,0,2,543013
up_proj,501,0,2,1
act_fn,501,0,2,1
down_proj,501,0,2,1
final_layernorm,501,0,2,25217
lm_head,501,0,2,1024063
embedding,502,0,2,173426
input_layernorm,502,0,2,1
q_proj,502,0,2,1
k_proj,502,0,2,1
v_proj,502,0,2,1
rope,502,0,2,1
attn,502,0,2,1
o_proj,502,0,2,1
post_layernorm,502,0,2,1
gate_proj,502,0,2,543984
up_proj,502,0,2,1
act_fn,502,0,2,1
down_proj,502,0,2,1
final_layernorm,502,0,2,25265
lm_head,502,0,2,1025987
embedding,503,0,2,173630
input_layernorm,503,0,2,1
q_proj,503,0,2,1
k_proj,503,0,2,1
v_proj,503,0,2,1
rope,503,0,2,1
attn,503,0,2,1
o_proj,503,0,2,1
post_layernorm,503,0,2,1
gate_proj,503,0,2,544955
up_proj,503,0,2,1
act_fn,503,0,2,1
down_proj,503,0,2,1
final_layernorm,503,0,2,25312
lm_head,503,0,2,1027912
embedding,504,0,2,173833
input_layernorm,504,0,2,1
q_proj,504,0,2,1
k_proj,504,0,2,1
v_proj,504,0,2,1
rope,504,0,2,1
attn,504,0,2,1
o_proj,504,0,2,1
post_layernorm,504,0,2,1
gate_proj,504,0,2,545927
up_proj,504,0,2,1
act_fn,504,0,2,1
down_proj,504,0,2,1
final_layernorm,504,0,2,25359
lm_head,504,0,2,1029836
embedding,505,0,2,174036
input_layernorm,505,0,2,1
q_proj,505,0,2,1
k_proj,505,0,2,1
v_proj,505,0,2,1
rope,505,0,2,1
attn,505,0,2,1
o_proj,505,0,2,1
post_layernorm,505,0,2,1
gate_proj,505,0,2,546898
up_proj,505,0,2,1
act_fn,505,0,2,1
down_proj,505,0,2,1
final_layernorm,505,0,2,25407
lm_head,505,0,2,1031760
embedding,506,0,2,174239
input_layernorm,506,0,2,1
q_proj,506,0,2,1
k_proj,506,0,2,1
v_proj,506,0,2,1
rope,506,0,2,1
attn,506,0,2,1
o_proj,506,0,2,1
post_layernorm,506,0,2,1
gate_proj,506,0,2,547869
up_proj,506,0,2,1
act_fn,506,0,2,1
down_proj,506,0,2,1
final_layernorm,506,0,2,25454
lm_head,506,0,2,1033684
embedding,507,0,2,174442
input_layernorm,507,0,2,1
q_proj,507,0,2,1
k_proj,507,0,2,1
v_proj,507,0,2,1
rope,507,0,2,1
attn,507,0,2,1
o_proj,507,0,2,1
post_layernorm,507,0,2,1
gate_proj,507,0,2,548841
up_proj,507,0,2,1
act_fn,507,0,2,1
down_proj,507,0,2,1
final_layernorm,507,0,2,25502
lm_head,507,0,2,1035608
embedding,508,0,2,174645
input_layernorm,508,0,2,1
q_proj,508,0,2,1
k_proj,508,0,2,1
v_proj,508,0,2,1
rope,508,0,2,1
attn,508,0,2,1
o_proj,508,0,2,1
post_layernorm,508,0,2,1
gate_proj,508,0,2,549813
up_proj,508,0,2,1
act_fn,508,0,2,1
down_proj,508,0,2,1
final_layernorm,508,0,2,25549
lm_head,508,0,2,1037532
embedding,509,0,2,174848
input_layernorm,509,0,2,1
q_proj,509,0,2,1
k_proj,509,0,2,1
v_proj,509,0,2,1
rope,509,0,2,1
attn,509,0,2,1
o_proj,509,0,2,1
post_layernorm,509,0,2,1
gate_proj,509,0,2,550784
up_proj,509,0,2,1
act_fn,509,0,2,1
down_proj,509,0,2,1
final_layernorm,509,0,2,25596
lm_head,509,0,2,1039457
embedding,510,0,2,175051
input_layernorm,510,0,2,1
q_proj,510,0,2,1
k_proj,510,0,2,1
v_proj,510,0,2,1
rope,510,0,2,1
attn,510,0,2,1
o_proj,510,0,2,1
post_layernorm,510,0,2,1
gate_proj,510,0,2,551755
up_proj,510,0,2,1
act_fn,510,0,2,1
down_proj,510,0,2,1
final_layernorm,510,0,2,25644
lm_head,510,0,2,1041381
embedding,511,0,2,175254
input_layernorm,511,0,2,1
q_proj,511,0,2,1
k_proj,511,0,2,1
v_proj,511,0,2,1
rope,511,0,2,1
attn,511,0,2,1
o_proj,511,0,2,1
post_layernorm,511,0,2,1
gate_proj,511,0,2,552726
up_proj,511,0,2,1
act_fn,511,0,2,1
down_proj,511,0,2,1
final_layernorm,511,0,2,25691
lm_head,511,0,2,1043306
embedding,512,0,2,175457
input_layernorm,512,0,2,1
q_proj,512,0,2,1
k_proj,512,0,2,1
v_proj,512,0,2,1
rope,512,0,2,1
attn,512,0,2,1
o_proj,512,0,2,1
post_layernorm,512,0,2,1
gate_proj,512,0,2,553698
up_proj,512,0,2,1
act_fn,512,0,2,1
down_proj,512,0,2,1
final_layernorm,512,0,2,25739
lm_head,512,0,2,1045230
embedding,513,0,2,175767
input_layernorm,513,0,2,1
q_proj,513,0,2,1
k_proj,513,0,2,1
v_proj,513,0,2,1
rope,513,0,2,1
attn,513,0,2,1
o_proj,513,0,2,1
post_layernorm,513,0,2,1
gate_proj,513,0,2,554686
up_proj,513,0,2,1
act_fn,513,0,2,1
down_proj,513,0,2,1
final_layernorm,513,0,2,25786
lm_head,513,0,2,1047149
embedding,514,0,2,176077
input_layernorm,514,0,2,1
q_proj,514,0,2,1
k_proj,514,0,2,1
v_proj,514,0,2,1
rope,514,0,2,1
attn,514,0,2,1
o_proj,514,0,2,1
post_layernorm,514,0,2,1
gate_proj,514,0,2,555675
up_proj,514,0,2,1
act_fn,514,0,2,1
down_proj,514,0,2,1
final_layernorm,514,0,2,25833
lm_head,514,0,2,1049067
embedding,515,0,2,176386
input_layernorm,515,0,2,1
q_proj,515,0,2,1
k_proj,515,0,2,1
v_proj,515,0,2,1
rope,515,0,2,1
attn,515,0,2,1
o_proj,515,0,2,1
post_layernorm,515,0,2,1
gate_proj,515,0,2,556663
up_proj,515,0,2,1
act_fn,515,0,2,1
down_proj,515,0,2,1
final_layernorm,515,0,2,25880
lm_head,515,0,2,1050986
embedding,516,0,2,176696
input_layernorm,516,0,2,1
q_proj,516,0,2,1
k_proj,516,0,2,1
v_proj,516,0,2,1
rope,516,0,2,1
attn,516,0,2,1
o_proj,516,0,2,1
post_layernorm,516,0,2,1
gate_proj,516,0,2,557651
up_proj,516,0,2,1
act_fn,516,0,2,1
down_proj,516,0,2,1
final_layernorm,516,0,2,25927
lm_head,516,0,2,1052905
embedding,517,0,2,177006
input_layernorm,517,0,2,1
q_proj,517,0,2,1
k_proj,517,0,2,1
v_proj,517,0,2,1
rope,517,0,2,1
attn,517,0,2,1
o_proj,517,0,2,1
post_layernorm,517,0,2,1
gate_proj,517,0,2,558640
up_proj,517,0,2,1
act_fn,517,0,2,1
down_proj,517,0,2,1
final_layernorm,517,0,2,25975
lm_head,517,0,2,1054823
embedding,518,0,2,177316
input_layernorm,518,0,2,1
q_proj,518,0,2,1
k_proj,518,0,2,1
v_proj,518,0,2,1
rope,518,0,2,1
attn,518,0,2,1
o_proj,518,0,2,1
post_layernorm,518,0,2,1
gate_proj,518,0,2,559628
up_proj,518,0,2,1
act_fn,518,0,2,1
down_proj,518,0,2,1
final_layernorm,518,0,2,26022
lm_head,518,0,2,1056742
embedding,519,0,2,177626
input_layernorm,519,0,2,1
q_proj,519,0,2,1
k_proj,519,0,2,1
v_proj,519,0,2,1
rope,519,0,2,1
attn,519,0,2,1
o_proj,519,0,2,1
post_layernorm,519,0,2,1
gate_proj,519,0,2,560617
up_proj,519,0,2,1
act_fn,519,0,2,1
down_proj,519,0,2,1
final_layernorm,519,0,2,26069
lm_head,519,0,2,1058661
embedding,520,0,2,177936
input_layernorm,520,0,2,1
q_proj,520,0,2,1
k_proj,520,0,2,1
v_proj,520,0,2,1
rope,520,0,2,1
attn,520,0,2,1
o_proj,520,0,2,1
post_layernorm,520,0,2,1
gate_proj,520,0,2,561605
up_proj,520,0,2,1
act_fn,520,0,2,1
down_proj,520,0,2,1
final_layernorm,520,0,2,26116
lm_head,520,0,2,1060580
embedding,521,0,2,178245
input_layernorm,521,0,2,1
q_proj,521,0,2,1
k_proj,521,0,2,1
v_proj,521,0,2,1
rope,521,0,2,1
attn,521,0,2,1
o_proj,521,0,2,1
post_layernorm,521,0,2,1
gate_proj,521,0,2,562593
up_proj,521,0,2,1
act_fn,521,0,2,1
down_proj,521,0,2,1
final_layernorm,521,0,2,26164
lm_head,521,0,2,1062498
embedding,522,0,2,178555
input_layernorm,522,0,2,1
q_proj,522,0,2,1
k_proj,522,0,2,1
v_proj,522,0,2,1
rope,522,0,2,1
attn,522,0,2,1
o_proj,522,0,2,1
post_layernorm,522,0,2,1
gate_proj,522,0,2,563582
up_proj,522,0,2,1
act_fn,522,0,2,1
down_proj,522,0,2,1
final_layernorm,522,0,2,26211
lm_head,522,0,2,1064417
embedding,523,0,2,178865
input_layernorm,523,0,2,1
q_proj,523,0,2,1
k_proj,523,0,2,1
v_proj,523,0,2,1
rope,523,0,2,1
attn,523,0,2,1
o_proj,523,0,2,1
post_layernorm,523,0,2,1
gate_proj,523,0,2,564570
up_proj,523,0,2,1
act_fn,523,0,2,1
down_proj,523,0,2,1
final_layernorm,523,0,2,26258
lm_head,523,0,2,1066336
embedding,524,0,2,179175
input_layernorm,524,0,2,1
q_proj,524,0,2,1
k_proj,524,0,2,1
v_proj,524,0,2,1
rope,524,0,2,1
attn,524,0,2,1
o_proj,524,0,2,1
post_layernorm,524,0,2,1
gate_proj,524,0,2,565559
up_proj,524,0,2,1
act_fn,524,0,2,1
down_proj,524,0,2,1
final_layernorm,524,0,2,26305
lm_head,524,0,2,1068254
embedding,525,0,2,179485
input_layernorm,525,0,2,1
q_proj,525,0,2,1
k_proj,525,0,2,1
v_proj,525,0,2,1
rope,525,0,2,1
attn,525,0,2,1
o_proj,525,0,2,1
post_layernorm,525,0,2,1
gate_proj,525,0,2,566547
up_proj,525,0,2,1
act_fn,525,0,2,1
down_proj,525,0,2,1
final_layernorm,525,0,2,26353
lm_head,525,0,2,1070173
embedding,526,0,2,179794
input_layernorm,526,0,2,1
q_proj,526,0,2,1
k_proj,526,0,2,1
v_proj,526,0,2,1
rope,526,0,2,1
attn,526,0,2,1
o_proj,526,0,2,1
post_layernorm,526,0,2,1
gate_proj,526,0,2,567535
up_proj,526,0,2,1
act_fn,526,0,2,1
down_proj,526,0,2,1
final_layernorm,526,0,2,26400
lm_head,526,0,2,1072091
embedding,527,0,2,180104
input_layernorm,527,0,2,1
q_proj,527,0,2,1
k_proj,527,0,2,1
v_proj,527,0,2,1
rope,527,0,2,1
attn,527,0,2,1
o_proj,527,0,2,1
post_layernorm,527,0,2,1
gate_proj,527,0,2,568524
up_proj,527,0,2,1
act_fn,527,0,2,1
down_proj,527,0,2,1
final_layernorm,527,0,2,26447
lm_head,527,0,2,1074010
embedding,528,0,2,180414
input_layernorm,528,0,2,1
q_proj,528,0,2,1
k_proj,528,0,2,1
v_proj,528,0,2,1
rope,528,0,2,1
attn,528,0,2,1
o_proj,528,0,2,1
post_layernorm,528,0,2,1
gate_proj,528,0,2,569512
up_proj,528,0,2,1
act_fn,528,0,2,1
down_proj,528,0,2,1
final_layernorm,528,0,2,26494
lm_head,528,0,2,1075929
embedding,529,0,2,180724
input_layernorm,529,0,2,1
q_proj,529,0,2,1
k_proj,529,0,2,1
v_proj,529,0,2,1
rope,529,0,2,1
attn,529,0,2,1
o_proj,529,0,2,1
post_layernorm,529,0,2,1
gate_proj,529,0,2,570501
up_proj,529,0,2,1
act_fn,529,0,2,1
down_proj,529,0,2,1
final_layernorm,529,0,2,26542
lm_head,529,0,2,1077848
embedding,530,0,2,181034
input_layernorm,530,0,2,1
q_proj,530,0,2,1
k_proj,530,0,2,1
v_proj,530,0,2,1
rope,530,0,2,1
attn,530,0,2,1
o_proj,530,0,2,1
post_layernorm,530,0,2,1
gate_proj,530,0,2,571489
up_proj,530,0,2,1
act_fn,530,0,2,1
down_proj,530,0,2,1
final_layernorm,530,0,2,26589
lm_head,530,0,2,1079766
embedding,531,0,2,181343
input_layernorm,531,0,2,1
q_proj,531,0,2,1
k_proj,531,0,2,1
v_proj,531,0,2,1
rope,531,0,2,1
attn,531,0,2,1
o_proj,531,0,2,1
post_layernorm,531,0,2,1
gate_proj,531,0,2,572477
up_proj,531,0,2,1
act_fn,531,0,2,1
down_proj,531,0,2,1
final_layernorm,531,0,2,26636
lm_head,531,0,2,1081685
embedding,532,0,2,181653
input_layernorm,532,0,2,1
q_proj,532,0,2,1
k_proj,532,0,2,1
v_proj,532,0,2,1
rope,532,0,2,1
attn,532,0,2,1
o_proj,532,0,2,1
post_layernorm,532,0,2,1
gate_proj,532,0,2,573466
up_proj,532,0,2,1
act_fn,532,0,2,1
down_proj,532,0,2,1
final_layernorm,532,0,2,26683
lm_head,532,0,2,1083604
embedding,533,0,2,181963
input_layernorm,533,0,2,1
q_proj,533,0,2,1
k_proj,533,0,2,1
v_proj,533,0,2,1
rope,533,0,2,1
attn,533,0,2,1
o_proj,533,0,2,1
post_layernorm,533,0,2,1
gate_proj,533,0,2,574454
up_proj,533,0,2,1
act_fn,533,0,2,1
down_proj,533,0,2,1
final_layernorm,533,0,2,26731
lm_head,533,0,2,1085522
embedding,534,0,2,182273
input_layernorm,534,0,2,1
q_proj,534,0,2,1
k_proj,534,0,2,1
v_proj,534,0,2,1
rope,534,0,2,1
attn,534,0,2,1
o_proj,534,0,2,1
post_layernorm,534,0,2,1
gate_proj,534,0,2,575443
up_proj,534,0,2,1
act_fn,534,0,2,1
down_proj,534,0,2,1
final_layernorm,534,0,2,26778
lm_head,534,0,2,1087441
embedding,535,0,2,182583
input_layernorm,535,0,2,1
q_proj,535,0,2,1
k_proj,535,0,2,1
v_proj,535,0,2,1
rope,535,0,2,1
attn,535,0,2,1
o_proj,535,0,2,1
post_layernorm,535,0,2,1
gate_proj,535,0,2,576431
up_proj,535,0,2,1
act_fn,535,0,2,1
down_proj,535,0,2,1
final_layernorm,535,0,2,26825
lm_head,535,0,2,1089360
embedding,536,0,2,182893
input_layernorm,536,0,2,1
q_proj,536,0,2,1
k_proj,536,0,2,1
v_proj,536,0,2,1
rope,536,0,2,1
attn,536,0,2,1
o_proj,536,0,2,1
post_layernorm,536,0,2,1
gate_proj,536,0,2,577419
up_proj,536,0,2,1
act_fn,536,0,2,1
down_proj,536,0,2,1
final_layernorm,536,0,2,26872
lm_head,536,0,2,1091279
embedding,537,0,2,183202
input_layernorm,537,0,2,1
q_proj,537,0,2,1
k_proj,537,0,2,1
v_proj,537,0,2,1
rope,537,0,2,1
attn,537,0,2,1
o_proj,537,0,2,1
post_layernorm,537,0,2,1
gate_proj,537,0,2,578408
up_proj,537,0,2,1
act_fn,537,0,2,1
down_proj,537,0,2,1
final_layernorm,537,0,2,26920
lm_head,537,0,2,1093197
embedding,538,0,2,183512
input_layernorm,538,0,2,1
q_proj,538,0,2,1
k_proj,538,0,2,1
v_proj,538,0,2,1
rope,538,0,2,1
attn,538,0,2,1
o_proj,538,0,2,1
post_layernorm,538,0,2,1
gate_proj,538,0,2,579396
up_proj,538,0,2,1
act_fn,538,0,2,1
down_proj,538,0,2,1
final_layernorm,538,0,2,26967
lm_head,538,0,2,1095115
embedding,539,0,2,183822
input_layernorm,539,0,2,1
q_proj,539,0,2,1
k_proj,539,0,2,1
v_proj,539,0,2,1
rope,539,0,2,1
attn,539,0,2,1
o_proj,539,0,2,1
post_layernorm,539,0,2,1
gate_proj,539,0,2,580384
up_proj,539,0,2,1
act_fn,539,0,2,1
down_proj,539,0,2,1
final_layernorm,539,0,2,27014
lm_head,539,0,2,1097034
embedding,540,0,2,184132
input_layernorm,540,0,2,1
q_proj,540,0,2,1
k_proj,540,0,2,1
v_proj,540,0,2,1
rope,540,0,2,1
attn,540,0,2,1
o_proj,540,0,2,1
post_layernorm,540,0,2,1
gate_proj,540,0,2,581373
up_proj,540,0,2,1
act_fn,540,0,2,1
down_proj,540,0,2,1
final_layernorm,540,0,2,27061
lm_head,540,0,2,1098953
embedding,541,0,2,184442
input_layernorm,541,0,2,1
q_proj,541,0,2,1
k_proj,541,0,2,1
v_proj,541,0,2,1
rope,541,0,2,1
attn,541,0,2,1
o_proj,541,0,2,1
post_layernorm,541,0,2,1
gate_proj,541,0,2,582361
up_proj,541,0,2,1
act_fn,541,0,2,1
down_proj,541,0,2,1
final_layernorm,541,0,2,27109
lm_head,541,0,2,1100871
embedding,542,0,2,184751
input_layernorm,542,0,2,1
q_proj,542,0,2,1
k_proj,542,0,2,1
v_proj,542,0,2,1
rope,542,0,2,1
attn,542,0,2,1
o_proj,542,0,2,1
post_layernorm,542,0,2,1
gate_proj,542,0,2,583350
up_proj,542,0,2,1
act_fn,542,0,2,1
down_proj,542,0,2,1
final_layernorm,542,0,2,27156
lm_head,542,0,2,1102790
embedding,543,0,2,185061
input_layernorm,543,0,2,1
q_proj,543,0,2,1
k_proj,543,0,2,1
v_proj,543,0,2,1
rope,543,0,2,1
attn,543,0,2,1
o_proj,543,0,2,1
post_layernorm,543,0,2,1
gate_proj,543,0,2,584338
up_proj,543,0,2,1
act_fn,543,0,2,1
down_proj,543,0,2,1
final_layernorm,543,0,2,27203
lm_head,543,0,2,1104709
embedding,544,0,2,185371
input_layernorm,544,0,2,1
q_proj,544,0,2,1
k_proj,544,0,2,1
v_proj,544,0,2,1
rope,544,0,2,1
attn,544,0,2,1
o_proj,544,0,2,1
post_layernorm,544,0,2,1
gate_proj,544,0,2,585326
up_proj,544,0,2,1
act_fn,544,0,2,1
down_proj,544,0,2,1
final_layernorm,544,0,2,27250
lm_head,544,0,2,1106628
embedding,545,0,2,185681
input_layernorm,545,0,2,1
q_proj,545,0,2,1
k_proj,545,0,2,1
v_proj,545,0,2,1
rope,545,0,2,1
attn,545,0,2,1
o_proj,545,0,2,1
post_layernorm,545,0,2,1
gate_proj,545,0,2,586315
up_proj,545,0,2,1
act_fn,545,0,2,1
down_proj,545,0,2,1
final_layernorm,545,0,2,27298
lm_head,545,0,2,1108546
embedding,546,0,2,185991
input_layernorm,546,0,2,1
q_proj,546,0,2,1
k_proj,546,0,2,1
v_proj,546,0,2,1
rope,546,0,2,1
attn,546,0,2,1
o_proj,546,0,2,1
post_layernorm,546,0,2,1
gate_proj,546,0,2,587303
up_proj,546,0,2,1
act_fn,546,0,2,1
down_proj,546,0,2,1
final_layernorm,546,0,2,27345
lm_head,546,0,2,1110465
embedding,547,0,2,186301
input_layernorm,547,0,2,1
q_proj,547,0,2,1
k_proj,547,0,2,1
v_proj,547,0,2,1
rope,547,0,2,1
attn,547,0,2,1
o_proj,547,0,2,1
post_layernorm,547,0,2,1
gate_proj,547,0,2,588292
up_proj,547,0,2,1
act_fn,547,0,2,1
down_proj,547,0,2,1
final_layernorm,547,0,2,27392
lm_head,547,0,2,1112383
embedding,548,0,2,186610
input_layernorm,548,0,2,1
q_proj,548,0,2,1
k_proj,548,0,2,1
v_proj,548,0,2,1
rope,548,0,2,1
attn,548,0,2,1
o_proj,548,0,2,1
post_layernorm,548,0,2,1
gate_proj,548,0,2,589280
up_proj,548,0,2,1
act_fn,548,0,2,1
down_proj,548,0,2,1
final_layernorm,548,0,2,27439
lm_head,548,0,2,1114303
embedding,549,0,2,186920
input_layernorm,549,0,2,1
q_proj,549,0,2,1
k_proj,549,0,2,1
v_proj,549,0,2,1
rope,549,0,2,1
attn,549,0,2,1
o_proj,549,0,2,1
post_layernorm,549,0,2,1
gate_proj,549,0,2,590269
up_proj,549,0,2,1
act_fn,549,0,2,1
down_proj,549,0,2,1
final_layernorm,549,0,2,27487
lm_head,549,0,2,1116220
embedding,550,0,2,187230
input_layernorm,550,0,2,1
q_proj,550,0,2,1
k_proj,550,0,2,1
v_proj,550,0,2,1
rope,550,0,2,1
attn,550,0,2,1
o_proj,550,0,2,1
post_layernorm,550,0,2,1
gate_proj,550,0,2,591257
up_proj,550,0,2,1
act_fn,550,0,2,1
down_proj,550,0,2,1
final_layernorm,550,0,2,27534
lm_head,550,0,2,1118139
embedding,551,0,2,187540
input_layernorm,551,0,2,1
q_proj,551,0,2,1
k_proj,551,0,2,1
v_proj,551,0,2,1
rope,551,0,2,1
attn,551,0,2,1
o_proj,551,0,2,1
post_layernorm,551,0,2,1
gate_proj,551,0,2,592246
up_proj,551,0,2,1
act_fn,551,0,2,1
down_proj,551,0,2,1
final_layernorm,551,0,2,27581
lm_head,551,0,2,1120058
embedding,552,0,2,187850
input_layernorm,552,0,2,1
q_proj,552,0,2,1
k_proj,552,0,2,1
v_proj,552,0,2,1
rope,552,0,2,1
attn,552,0,2,1
o_proj,552,0,2,1
post_layernorm,552,0,2,1
gate_proj,552,0,2,593234
up_proj,552,0,2,1
act_fn,552,0,2,1
down_proj,552,0,2,1
final_layernorm,552,0,2,27628
lm_head,552,0,2,1121977
embedding,553,0,2,188159
input_layernorm,553,0,2,1
q_proj,553,0,2,1
k_proj,553,0,2,1
v_proj,553,0,2,1
rope,553,0,2,1
attn,553,0,2,1
o_proj,553,0,2,1
post_layernorm,553,0,2,1
gate_proj,553,0,2,594223
up_proj,553,0,2,1
act_fn,553,0,2,1
down_proj,553,0,2,1
final_layernorm,553,0,2,27676
lm_head,553,0,2,1123895
embedding,554,0,2,188469
input_layernorm,554,0,2,1
q_proj,554,0,2,1
k_proj,554,0,2,1
v_proj,554,0,2,1
rope,554,0,2,1
attn,554,0,2,1
o_proj,554,0,2,1
post_layernorm,554,0,2,1
gate_proj,554,0,2,595211
up_proj,554,0,2,1
act_fn,554,0,2,1
down_proj,554,0,2,1
final_layernorm,554,0,2,27723
lm_head,554,0,2,1125813
embedding,555,0,2,188779
input_layernorm,555,0,2,1
q_proj,555,0,2,1
k_proj,555,0,2,1
v_proj,555,0,2,1
rope,555,0,2,1
attn,555,0,2,1
o_proj,555,0,2,1
post_layernorm,555,0,2,1
gate_proj,555,0,2,596199
up_proj,555,0,2,1
act_fn,555,0,2,1
down_proj,555,0,2,1
final_layernorm,555,0,2,27770
lm_head,555,0,2,1127733
embedding,556,0,2,189089
input_layernorm,556,0,2,1
q_proj,556,0,2,1
k_proj,556,0,2,1
v_proj,556,0,2,1
rope,556,0,2,1
attn,556,0,2,1
o_proj,556,0,2,1
post_layernorm,556,0,2,1
gate_proj,556,0,2,597188
up_proj,556,0,2,1
act_fn,556,0,2,1
down_proj,556,0,2,1
final_layernorm,556,0,2,27817
lm_head,556,0,2,1129651
embedding,557,0,2,189399
input_layernorm,557,0,2,1
q_proj,557,0,2,1
k_proj,557,0,2,1
v_proj,557,0,2,1
rope,557,0,2,1
attn,557,0,2,1
o_proj,557,0,2,1
post_layernorm,557,0,2,1
gate_proj,557,0,2,598176
up_proj,557,0,2,1
act_fn,557,0,2,1
down_proj,557,0,2,1
final_layernorm,557,0,2,27865
lm_head,557,0,2,1131570
embedding,558,0,2,189708
input_layernorm,558,0,2,1
q_proj,558,0,2,1
k_proj,558,0,2,1
v_proj,558,0,2,1
rope,558,0,2,1
attn,558,0,2,1
o_proj,558,0,2,1
post_layernorm,558,0,2,1
gate_proj,558,0,2,599165
up_proj,558,0,2,1
act_fn,558,0,2,1
down_proj,558,0,2,1
final_layernorm,558,0,2,27912
lm_head,558,0,2,1133488
embedding,559,0,2,190018
input_layernorm,559,0,2,1
q_proj,559,0,2,1
k_proj,559,0,2,1
v_proj,559,0,2,1
rope,559,0,2,1
attn,559,0,2,1
o_proj,559,0,2,1
post_layernorm,559,0,2,1
gate_proj,559,0,2,600153
up_proj,559,0,2,1
act_fn,559,0,2,1
down_proj,559,0,2,1
final_layernorm,559,0,2,27959
lm_head,559,0,2,1135407
embedding,560,0,2,190328
input_layernorm,560,0,2,1
q_proj,560,0,2,1
k_proj,560,0,2,1
v_proj,560,0,2,1
rope,560,0,2,1
attn,560,0,2,1
o_proj,560,0,2,1
post_layernorm,560,0,2,1
gate_proj,560,0,2,601141
up_proj,560,0,2,1
act_fn,560,0,2,1
down_proj,560,0,2,1
final_layernorm,560,0,2,28006
lm_head,560,0,2,1137326
embedding,561,0,2,190638
input_layernorm,561,0,2,1
q_proj,561,0,2,1
k_proj,561,0,2,1
v_proj,561,0,2,1
rope,561,0,2,1
attn,561,0,2,1
o_proj,561,0,2,1
post_layernorm,561,0,2,1
gate_proj,561,0,2,602130
up_proj,561,0,2,1
act_fn,561,0,2,1
down_proj,561,0,2,1
final_layernorm,561,0,2,28054
lm_head,561,0,2,1139244
embedding,562,0,2,190948
input_layernorm,562,0,2,1
q_proj,562,0,2,1
k_proj,562,0,2,1
v_proj,562,0,2,1
rope,562,0,2,1
attn,562,0,2,1
o_proj,562,0,2,1
post_layernorm,562,0,2,1
gate_proj,562,0,2,603118
up_proj,562,0,2,1
act_fn,562,0,2,1
down_proj,562,0,2,1
final_layernorm,562,0,2,28101
lm_head,562,0,2,1141163
embedding,563,0,2,191258
input_layernorm,563,0,2,1
q_proj,563,0,2,1
k_proj,563,0,2,1
v_proj,563,0,2,1
rope,563,0,2,1
attn,563,0,2,1
o_proj,563,0,2,1
post_layernorm,563,0,2,1
gate_proj,563,0,2,604107
up_proj,563,0,2,1
act_fn,563,0,2,1
down_proj,563,0,2,1
final_layernorm,563,0,2,28148
lm_head,563,0,2,1143082
embedding,564,0,2,191567
input_layernorm,564,0,2,1
q_proj,564,0,2,1
k_proj,564,0,2,1
v_proj,564,0,2,1
rope,564,0,2,1
attn,564,0,2,1
o_proj,564,0,2,1
post_layernorm,564,0,2,1
gate_proj,564,0,2,605095
up_proj,564,0,2,1
act_fn,564,0,2,1
down_proj,564,0,2,1
final_layernorm,564,0,2,28195
lm_head,564,0,2,1145001
embedding,565,0,2,191877
input_layernorm,565,0,2,1
q_proj,565,0,2,1
k_proj,565,0,2,1
v_proj,565,0,2,1
rope,565,0,2,1
attn,565,0,2,1
o_proj,565,0,2,1
post_layernorm,565,0,2,1
gate_proj,565,0,2,606083
up_proj,565,0,2,1
act_fn,565,0,2,1
down_proj,565,0,2,1
final_layernorm,565,0,2,28243
lm_head,565,0,2,1146919
embedding,566,0,2,192187
input_layernorm,566,0,2,1
q_proj,566,0,2,1
k_proj,566,0,2,1
v_proj,566,0,2,1
rope,566,0,2,1
attn,566,0,2,1
o_proj,566,0,2,1
post_layernorm,566,0,2,1
gate_proj,566,0,2,607072
up_proj,566,0,2,1
act_fn,566,0,2,1
down_proj,566,0,2,1
final_layernorm,566,0,2,28290
lm_head,566,0,2,1148838
embedding,567,0,2,192497
input_layernorm,567,0,2,1
q_proj,567,0,2,1
k_proj,567,0,2,1
v_proj,567,0,2,1
rope,567,0,2,1
attn,567,0,2,1
o_proj,567,0,2,1
post_layernorm,567,0,2,1
gate_proj,567,0,2,608060
up_proj,567,0,2,1
act_fn,567,0,2,1
down_proj,567,0,2,1
final_layernorm,567,0,2,28337
lm_head,567,0,2,1150756
embedding,568,0,2,192807
input_layernorm,568,0,2,1
q_proj,568,0,2,1
k_proj,568,0,2,1
v_proj,568,0,2,1
rope,568,0,2,1
attn,568,0,2,1
o_proj,568,0,2,1
post_layernorm,568,0,2,1
gate_proj,568,0,2,609049
up_proj,568,0,2,1
act_fn,568,0,2,1
down_proj,568,0,2,1
final_layernorm,568,0,2,28384
lm_head,568,0,2,1152676
embedding,569,0,2,193116
input_layernorm,569,0,2,1
q_proj,569,0,2,1
k_proj,569,0,2,1
v_proj,569,0,2,1
rope,569,0,2,1
attn,569,0,2,1
o_proj,569,0,2,1
post_layernorm,569,0,2,1
gate_proj,569,0,2,610037
up_proj,569,0,2,1
act_fn,569,0,2,1
down_proj,569,0,2,1
final_layernorm,569,0,2,28432
lm_head,569,0,2,1154594
embedding,570,0,2,193426
input_layernorm,570,0,2,1
q_proj,570,0,2,1
k_proj,570,0,2,1
v_proj,570,0,2,1
rope,570,0,2,1
attn,570,0,2,1
o_proj,570,0,2,1
post_layernorm,570,0,2,1
gate_proj,570,0,2,611025
up_proj,570,0,2,1
act_fn,570,0,2,1
down_proj,570,0,2,1
final_layernorm,570,0,2,28479
lm_head,570,0,2,1156512
embedding,571,0,2,193736
input_layernorm,571,0,2,1
q_proj,571,0,2,1
k_proj,571,0,2,1
v_proj,571,0,2,1
rope,571,0,2,1
attn,571,0,2,1
o_proj,571,0,2,1
post_layernorm,571,0,2,1
gate_proj,571,0,2,612014
up_proj,571,0,2,1
act_fn,571,0,2,1
down_proj,571,0,2,1
final_layernorm,571,0,2,28526
lm_head,571,0,2,1158431
embedding,572,0,2,194046
input_layernorm,572,0,2,1
q_proj,572,0,2,1
k_proj,572,0,2,1
v_proj,572,0,2,1
rope,572,0,2,1
attn,572,0,2,1
o_proj,572,0,2,1
post_layernorm,572,0,2,1
gate_proj,572,0,2,613002
up_proj,572,0,2,1
act_fn,572,0,2,1
down_proj,572,0,2,1
final_layernorm,572,0,2,28573
lm_head,572,0,2,1160350
embedding,573,0,2,194356
input_layernorm,573,0,2,1
q_proj,573,0,2,1
k_proj,573,0,2,1
v_proj,573,0,2,1
rope,573,0,2,1
attn,573,0,2,1
o_proj,573,0,2,1
post_layernorm,573,0,2,1
gate_proj,573,0,2,613991
up_proj,573,0,2,1
act_fn,573,0,2,1
down_proj,573,0,2,1
final_layernorm,573,0,2,28621
lm_head,573,0,2,1162268
embedding,574,0,2,194665
input_layernorm,574,0,2,1
q_proj,574,0,2,1
k_proj,574,0,2,1
v_proj,574,0,2,1
rope,574,0,2,1
attn,574,0,2,1
o_proj,574,0,2,1
post_layernorm,574,0,2,1
gate_proj,574,0,2,614979
up_proj,574,0,2,1
act_fn,574,0,2,1
down_proj,574,0,2,1
final_layernorm,574,0,2,28668
lm_head,574,0,2,1164187
embedding,575,0,2,194975
input_layernorm,575,0,2,1
q_proj,575,0,2,1
k_proj,575,0,2,1
v_proj,575,0,2,1
rope,575,0,2,1
attn,575,0,2,1
o_proj,575,0,2,1
post_layernorm,575,0,2,1
gate_proj,575,0,2,615967
up_proj,575,0,2,1
act_fn,575,0,2,1
down_proj,575,0,2,1
final_layernorm,575,0,2,28715
lm_head,575,0,2,1166106
embedding,576,0,2,195285
input_layernorm,576,0,2,1
q_proj,576,0,2,1
k_proj,576,0,2,1
v_proj,576,0,2,1
rope,576,0,2,1
attn,576,0,2,1
o_proj,576,0,2,1
post_layernorm,576,0,2,1
gate_proj,576,0,2,616956
up_proj,576,0,2,1
act_fn,576,0,2,1
down_proj,576,0,2,1
final_layernorm,576,0,2,28762
lm_head,576,0,2,1168025
embedding,577,0,2,195595
input_layernorm,577,0,2,1
q_proj,577,0,2,1
k_proj,577,0,2,1
v_proj,577,0,2,1
rope,577,0,2,1
attn,577,0,2,1
o_proj,577,0,2,1
post_layernorm,577,0,2,1
gate_proj,577,0,2,617944
up_proj,577,0,2,1
act_fn,577,0,2,1
down_proj,577,0,2,1
final_layernorm,577,0,2,28810
lm_head,577,0,2,1169943
embedding,578,0,2,195905
input_layernorm,578,0,2,1
q_proj,578,0,2,1
k_proj,578,0,2,1
v_proj,578,0,2,1
rope,578,0,2,1
attn,578,0,2,1
o_proj,578,0,2,1
post_layernorm,578,0,2,1
gate_proj,578,0,2,618932
up_proj,578,0,2,1
act_fn,578,0,2,1
down_proj,578,0,2,1
final_layernorm,578,0,2,28857
lm_head,578,0,2,1171862
embedding,579,0,2,196215
input_layernorm,579,0,2,1
q_proj,579,0,2,1
k_proj,579,0,2,1
v_proj,579,0,2,1
rope,579,0,2,1
attn,579,0,2,1
o_proj,579,0,2,1
post_layernorm,579,0,2,1
gate_proj,579,0,2,619921
up_proj,579,0,2,1
act_fn,579,0,2,1
down_proj,579,0,2,1
final_layernorm,579,0,2,28904
lm_head,579,0,2,1173780
embedding,580,0,2,196524
input_layernorm,580,0,2,1
q_proj,580,0,2,1
k_proj,580,0,2,1
v_proj,580,0,2,1
rope,580,0,2,1
attn,580,0,2,1
o_proj,580,0,2,1
post_layernorm,580,0,2,1
gate_proj,580,0,2,620909
up_proj,580,0,2,1
act_fn,580,0,2,1
down_proj,580,0,2,1
final_layernorm,580,0,2,28951
lm_head,580,0,2,1175699
embedding,581,0,2,196834
input_layernorm,581,0,2,1
q_proj,581,0,2,1
k_proj,581,0,2,1
v_proj,581,0,2,1
rope,581,0,2,1
attn,581,0,2,1
o_proj,581,0,2,1
post_layernorm,581,0,2,1
gate_proj,581,0,2,621898
up_proj,581,0,2,1
act_fn,581,0,2,1
down_proj,581,0,2,1
final_layernorm,581,0,2,28999
lm_head,581,0,2,1177618
embedding,582,0,2,197144
input_layernorm,582,0,2,1
q_proj,582,0,2,1
k_proj,582,0,2,1
v_proj,582,0,2,1
rope,582,0,2,1
attn,582,0,2,1
o_proj,582,0,2,1
post_layernorm,582,0,2,1
gate_proj,582,0,2,622886
up_proj,582,0,2,1
act_fn,582,0,2,1
down_proj,582,0,2,1
final_layernorm,582,0,2,29046
lm_head,582,0,2,1179537
embedding,583,0,2,197454
input_layernorm,583,0,2,1
q_proj,583,0,2,1
k_proj,583,0,2,1
v_proj,583,0,2,1
rope,583,0,2,1
attn,583,0,2,1
o_proj,583,0,2,1
post_layernorm,583,0,2,1
gate_proj,583,0,2,623874
up_proj,583,0,2,1
act_fn,583,0,2,1
down_proj,583,0,2,1
final_layernorm,583,0,2,29093
lm_head,583,0,2,1181455
embedding,584,0,2,197764
input_layernorm,584,0,2,1
q_proj,584,0,2,1
k_proj,584,0,2,1
v_proj,584,0,2,1
rope,584,0,2,1
attn,584,0,2,1
o_proj,584,0,2,1
post_layernorm,584,0,2,1
gate_proj,584,0,2,624863
up_proj,584,0,2,1
act_fn,584,0,2,1
down_proj,584,0,2,1
final_layernorm,584,0,2,29140
lm_head,584,0,2,1183374
embedding,585,0,2,198073
input_layernorm,585,0,2,1
q_proj,585,0,2,1
k_proj,585,0,2,1
v_proj,585,0,2,1
rope,585,0,2,1
attn,585,0,2,1
o_proj,585,0,2,1
post_layernorm,585,0,2,1
gate_proj,585,0,2,625851
up_proj,585,0,2,1
act_fn,585,0,2,1
down_proj,585,0,2,1
final_layernorm,585,0,2,29188
lm_head,585,0,2,1185292
embedding,586,0,2,198383
input_layernorm,586,0,2,1
q_proj,586,0,2,1
k_proj,586,0,2,1
v_proj,586,0,2,1
rope,586,0,2,1
attn,586,0,2,1
o_proj,586,0,2,1
post_layernorm,586,0,2,1
gate_proj,586,0,2,626840
up_proj,586,0,2,1
act_fn,586,0,2,1
down_proj,586,0,2,1
final_layernorm,586,0,2,29235
lm_head,586,0,2,1187211
embedding,587,0,2,198693
input_layernorm,587,0,2,1
q_proj,587,0,2,1
k_proj,587,0,2,1
v_proj,587,0,2,1
rope,587,0,2,1
attn,587,0,2,1
o_proj,587,0,2,1
post_layernorm,587,0,2,1
gate_proj,587,0,2,627828
up_proj,587,0,2,1
act_fn,587,0,2,1
down_proj,587,0,2,1
final_layernorm,587,0,2,29282
lm_head,587,0,2,1189130
embedding,588,0,2,199003
input_layernorm,588,0,2,1
q_proj,588,0,2,1
k_proj,588,0,2,1
v_proj,588,0,2,1
rope,588,0,2,1
attn,588,0,2,1
o_proj,588,0,2,1
post_layernorm,588,0,2,1
gate_proj,588,0,2,628816
up_proj,588,0,2,1
act_fn,588,0,2,1
down_proj,588,0,2,1
final_layernorm,588,0,2,29329
lm_head,588,0,2,1191049
embedding,589,0,2,199313
input_layernorm,589,0,2,1
q_proj,589,0,2,1
k_proj,589,0,2,1
v_proj,589,0,2,1
rope,589,0,2,1
attn,589,0,2,1
o_proj,589,0,2,1
post_layernorm,589,0,2,1
gate_proj,589,0,2,629805
up_proj,589,0,2,1
act_fn,589,0,2,1
down_proj,589,0,2,1
final_layernorm,589,0,2,29376
lm_head,589,0,2,1192968
embedding,590,0,2,199623
input_layernorm,590,0,2,1
q_proj,590,0,2,1
k_proj,590,0,2,1
v_proj,590,0,2,1
rope,590,0,2,1
attn,590,0,2,1
o_proj,590,0,2,1
post_layernorm,590,0,2,1
gate_proj,590,0,2,630793
up_proj,590,0,2,1
act_fn,590,0,2,1
down_proj,590,0,2,1
final_layernorm,590,0,2,29424
lm_head,590,0,2,1194886
embedding,591,0,2,199932
input_layernorm,591,0,2,1
q_proj,591,0,2,1
k_proj,591,0,2,1
v_proj,591,0,2,1
rope,591,0,2,1
attn,591,0,2,1
o_proj,591,0,2,1
post_layernorm,591,0,2,1
gate_proj,591,0,2,631782
up_proj,591,0,2,1
act_fn,591,0,2,1
down_proj,591,0,2,1
final_layernorm,591,0,2,29471
lm_head,591,0,2,1196805
embedding,592,0,2,200242
input_layernorm,592,0,2,1
q_proj,592,0,2,1
k_proj,592,0,2,1
v_proj,592,0,2,1
rope,592,0,2,1
attn,592,0,2,1
o_proj,592,0,2,1
post_layernorm,592,0,2,1
gate_proj,592,0,2,632770
up_proj,592,0,2,1
act_fn,592,0,2,1
down_proj,592,0,2,1
final_layernorm,592,0,2,29518
lm_head,592,0,2,1198723
embedding,593,0,2,200552
input_layernorm,593,0,2,1
q_proj,593,0,2,1
k_proj,593,0,2,1
v_proj,593,0,2,1
rope,593,0,2,1
attn,593,0,2,1
o_proj,593,0,2,1
post_layernorm,593,0,2,1
gate_proj,593,0,2,633758
up_proj,593,0,2,1
act_fn,593,0,2,1
down_proj,593,0,2,1
final_layernorm,593,0,2,29565
lm_head,593,0,2,1200642
embedding,594,0,2,200862
input_layernorm,594,0,2,1
q_proj,594,0,2,1
k_proj,594,0,2,1
v_proj,594,0,2,1
rope,594,0,2,1
attn,594,0,2,1
o_proj,594,0,2,1
post_layernorm,594,0,2,1
gate_proj,594,0,2,634747
up_proj,594,0,2,1
act_fn,594,0,2,1
down_proj,594,0,2,1
final_layernorm,594,0,2,29613
lm_head,594,0,2,1202561
embedding,595,0,2,201172
input_layernorm,595,0,2,1
q_proj,595,0,2,1
k_proj,595,0,2,1
v_proj,595,0,2,1
rope,595,0,2,1
attn,595,0,2,1
o_proj,595,0,2,1
post_layernorm,595,0,2,1
gate_proj,595,0,2,635735
up_proj,595,0,2,1
act_fn,595,0,2,1
down_proj,595,0,2,1
final_layernorm,595,0,2,29660
lm_head,595,0,2,1204479
embedding,596,0,2,201481
input_layernorm,596,0,2,1
q_proj,596,0,2,1
k_proj,596,0,2,1
v_proj,596,0,2,1
rope,596,0,2,1
attn,596,0,2,1
o_proj,596,0,2,1
post_layernorm,596,0,2,1
gate_proj,596,0,2,636724
up_proj,596,0,2,1
act_fn,596,0,2,1
down_proj,596,0,2,1
final_layernorm,596,0,2,29707
lm_head,596,0,2,1206398
embedding,597,0,2,201791
input_layernorm,597,0,2,1
q_proj,597,0,2,1
k_proj,597,0,2,1
v_proj,597,0,2,1
rope,597,0,2,1
attn,597,0,2,1
o_proj,597,0,2,1
post_layernorm,597,0,2,1
gate_proj,597,0,2,637712
up_proj,597,0,2,1
act_fn,597,0,2,1
down_proj,597,0,2,1
final_layernorm,597,0,2,29754
lm_head,597,0,2,1208317
embedding,598,0,2,202101
input_layernorm,598,0,2,1
q_proj,598,0,2,1
k_proj,598,0,2,1
v_proj,598,0,2,1
rope,598,0,2,1
attn,598,0,2,1
o_proj,598,0,2,1
post_layernorm,598,0,2,1
gate_proj,598,0,2,638700
up_proj,598,0,2,1
act_fn,598,0,2,1
down_proj,598,0,2,1
final_layernorm,598,0,2,29802
lm_head,598,0,2,1210235
embedding,599,0,2,202411
input_layernorm,599,0,2,1
q_proj,599,0,2,1
k_proj,599,0,2,1
v_proj,599,0,2,1
rope,599,0,2,1
attn,599,0,2,1
o_proj,599,0,2,1
post_layernorm,599,0,2,1
gate_proj,599,0,2,639689
up_proj,599,0,2,1
act_fn,599,0,2,1
down_proj,599,0,2,1
final_layernorm,599,0,2,29849
lm_head,599,0,2,1212154
embedding,600,0,2,202721
input_layernorm,600,0,2,1
q_proj,600,0,2,1
k_proj,600,0,2,1
v_proj,600,0,2,1
rope,600,0,2,1
attn,600,0,2,1
o_proj,600,0,2,1
post_layernorm,600,0,2,1
gate_proj,600,0,2,640677
up_proj,600,0,2,1
act_fn,600,0,2,1
down_proj,600,0,2,1
final_layernorm,600,0,2,29896
lm_head,600,0,2,1214073
embedding,601,0,2,203030
input_layernorm,601,0,2,1
q_proj,601,0,2,1
k_proj,601,0,2,1
v_proj,601,0,2,1
rope,601,0,2,1
attn,601,0,2,1
o_proj,601,0,2,1
post_layernorm,601,0,2,1
gate_proj,601,0,2,641666
up_proj,601,0,2,1
act_fn,601,0,2,1
down_proj,601,0,2,1
final_layernorm,601,0,2,29943
lm_head,601,0,2,1215992
embedding,602,0,2,203340
input_layernorm,602,0,2,1
q_proj,602,0,2,1
k_proj,602,0,2,1
v_proj,602,0,2,1
rope,602,0,2,1
attn,602,0,2,1
o_proj,602,0,2,1
post_layernorm,602,0,2,1
gate_proj,602,0,2,642654
up_proj,602,0,2,1
act_fn,602,0,2,1
down_proj,602,0,2,1
final_layernorm,602,0,2,29991
lm_head,602,0,2,1217910
embedding,603,0,2,203650
input_layernorm,603,0,2,1
q_proj,603,0,2,1
k_proj,603,0,2,1
v_proj,603,0,2,1
rope,603,0,2,1
attn,603,0,2,1
o_proj,603,0,2,1
post_layernorm,603,0,2,1
gate_proj,603,0,2,643642
up_proj,603,0,2,1
act_fn,603,0,2,1
down_proj,603,0,2,1
final_layernorm,603,0,2,30038
lm_head,603,0,2,1219829
embedding,604,0,2,203960
input_layernorm,604,0,2,1
q_proj,604,0,2,1
k_proj,604,0,2,1
v_proj,604,0,2,1
rope,604,0,2,1
attn,604,0,2,1
o_proj,604,0,2,1
post_layernorm,604,0,2,1
gate_proj,604,0,2,644631
up_proj,604,0,2,1
act_fn,604,0,2,1
down_proj,604,0,2,1
final_layernorm,604,0,2,30085
lm_head,604,0,2,1221747
embedding,605,0,2,204270
input_layernorm,605,0,2,1
q_proj,605,0,2,1
k_proj,605,0,2,1
v_proj,605,0,2,1
rope,605,0,2,1
attn,605,0,2,1
o_proj,605,0,2,1
post_layernorm,605,0,2,1
gate_proj,605,0,2,645619
up_proj,605,0,2,1
act_fn,605,0,2,1
down_proj,605,0,2,1
final_layernorm,605,0,2,30132
lm_head,605,0,2,1223666
embedding,606,0,2,204580
input_layernorm,606,0,2,1
q_proj,606,0,2,1
k_proj,606,0,2,1
v_proj,606,0,2,1
rope,606,0,2,1
attn,606,0,2,1
o_proj,606,0,2,1
post_layernorm,606,0,2,1
gate_proj,606,0,2,646608
up_proj,606,0,2,1
act_fn,606,0,2,1
down_proj,606,0,2,1
final_layernorm,606,0,2,30180
lm_head,606,0,2,1225585
embedding,607,0,2,204889
input_layernorm,607,0,2,1
q_proj,607,0,2,1
k_proj,607,0,2,1
v_proj,607,0,2,1
rope,607,0,2,1
attn,607,0,2,1
o_proj,607,0,2,1
post_layernorm,607,0,2,1
gate_proj,607,0,2,647596
up_proj,607,0,2,1
act_fn,607,0,2,1
down_proj,607,0,2,1
final_layernorm,607,0,2,30227
lm_head,607,0,2,1227504
embedding,608,0,2,205199
input_layernorm,608,0,2,1
q_proj,608,0,2,1
k_proj,608,0,2,1
v_proj,608,0,2,1
rope,608,0,2,1
attn,608,0,2,1
o_proj,608,0,2,1
post_layernorm,608,0,2,1
gate_proj,608,0,2,648584
up_proj,608,0,2,1
act_fn,608,0,2,1
down_proj,608,0,2,1
final_layernorm,608,0,2,30274
lm_head,608,0,2,1229422
embedding,609,0,2,205509
input_layernorm,609,0,2,1
q_proj,609,0,2,1
k_proj,609,0,2,1
v_proj,609,0,2,1
rope,609,0,2,1
attn,609,0,2,1
o_proj,609,0,2,1
post_layernorm,609,0,2,1
gate_proj,609,0,2,649573
up_proj,609,0,2,1
act_fn,609,0,2,1
down_proj,609,0,2,1
final_layernorm,609,0,2,30321
lm_head,609,0,2,1231341
embedding,610,0,2,205819
input_layernorm,610,0,2,1
q_proj,610,0,2,1
k_proj,610,0,2,1
v_proj,610,0,2,1
rope,610,0,2,1
attn,610,0,2,1
o_proj,610,0,2,1
post_layernorm,610,0,2,1
gate_proj,610,0,2,650561
up_proj,610,0,2,1
act_fn,610,0,2,1
down_proj,610,0,2,1
final_layernorm,610,0,2,30369
lm_head,610,0,2,1233259
embedding,611,0,2,206129
input_layernorm,611,0,2,1
q_proj,611,0,2,1
k_proj,611,0,2,1
v_proj,611,0,2,1
rope,611,0,2,1
attn,611,0,2,1
o_proj,611,0,2,1
post_layernorm,611,0,2,1
gate_proj,611,0,2,651550
up_proj,611,0,2,1
act_fn,611,0,2,1
down_proj,611,0,2,1
final_layernorm,611,0,2,30416
lm_head,611,0,2,1235178
embedding,612,0,2,206438
input_layernorm,612,0,2,1
q_proj,612,0,2,1
k_proj,612,0,2,1
v_proj,612,0,2,1
rope,612,0,2,1
attn,612,0,2,1
o_proj,612,0,2,1
post_layernorm,612,0,2,1
gate_proj,612,0,2,652538
up_proj,612,0,2,1
act_fn,612,0,2,1
down_proj,612,0,2,1
final_layernorm,612,0,2,30463
lm_head,612,0,2,1237097
embedding,613,0,2,206748
input_layernorm,613,0,2,1
q_proj,613,0,2,1
k_proj,613,0,2,1
v_proj,613,0,2,1
rope,613,0,2,1
attn,613,0,2,1
o_proj,613,0,2,1
post_layernorm,613,0,2,1
gate_proj,613,0,2,653526
up_proj,613,0,2,1
act_fn,613,0,2,1
down_proj,613,0,2,1
final_layernorm,613,0,2,30510
lm_head,613,0,2,1239016
embedding,614,0,2,207058
input_layernorm,614,0,2,1
q_proj,614,0,2,1
k_proj,614,0,2,1
v_proj,614,0,2,1
rope,614,0,2,1
attn,614,0,2,1
o_proj,614,0,2,1
post_layernorm,614,0,2,1
gate_proj,614,0,2,654515
up_proj,614,0,2,1
act_fn,614,0,2,1
down_proj,614,0,2,1
final_layernorm,614,0,2,30558
lm_head,614,0,2,1240934
embedding,615,0,2,207368
input_layernorm,615,0,2,1
q_proj,615,0,2,1
k_proj,615,0,2,1
v_proj,615,0,2,1
rope,615,0,2,1
attn,615,0,2,1
o_proj,615,0,2,1
post_layernorm,615,0,2,1
gate_proj,615,0,2,655503
up_proj,615,0,2,1
act_fn,615,0,2,1
down_proj,615,0,2,1
final_layernorm,615,0,2,30605
lm_head,615,0,2,1242853
embedding,616,0,2,207678
input_layernorm,616,0,2,1
q_proj,616,0,2,1
k_proj,616,0,2,1
v_proj,616,0,2,1
rope,616,0,2,1
attn,616,0,2,1
o_proj,616,0,2,1
post_layernorm,616,0,2,1
gate_proj,616,0,2,656492
up_proj,616,0,2,1
act_fn,616,0,2,1
down_proj,616,0,2,1
final_layernorm,616,0,2,30652
lm_head,616,0,2,1244771
embedding,617,0,2,207988
input_layernorm,617,0,2,1
q_proj,617,0,2,1
k_proj,617,0,2,1
v_proj,617,0,2,1
rope,617,0,2,1
attn,617,0,2,1
o_proj,617,0,2,1
post_layernorm,617,0,2,1
gate_proj,617,0,2,657480
up_proj,617,0,2,1
act_fn,617,0,2,1
down_proj,617,0,2,1
final_layernorm,617,0,2,30699
lm_head,617,0,2,1246690
embedding,618,0,2,208297
input_layernorm,618,0,2,1
q_proj,618,0,2,1
k_proj,618,0,2,1
v_proj,618,0,2,1
rope,618,0,2,1
attn,618,0,2,1
o_proj,618,0,2,1
post_layernorm,618,0,2,1
gate_proj,618,0,2,658468
up_proj,618,0,2,1
act_fn,618,0,2,1
down_proj,618,0,2,1
final_layernorm,618,0,2,30747
lm_head,618,0,2,1248608
embedding,619,0,2,208607
input_layernorm,619,0,2,1
q_proj,619,0,2,1
k_proj,619,0,2,1
v_proj,619,0,2,1
rope,619,0,2,1
attn,619,0,2,1
o_proj,619,0,2,1
post_layernorm,619,0,2,1
gate_proj,619,0,2,659457
up_proj,619,0,2,1
act_fn,619,0,2,1
down_proj,619,0,2,1
final_layernorm,619,0,2,30794
lm_head,619,0,2,1250528
embedding,620,0,2,208917
input_layernorm,620,0,2,1
q_proj,620,0,2,1
k_proj,620,0,2,1
v_proj,620,0,2,1
rope,620,0,2,1
attn,620,0,2,1
o_proj,620,0,2,1
post_layernorm,620,0,2,1
gate_proj,620,0,2,660445
up_proj,620,0,2,1
act_fn,620,0,2,1
down_proj,620,0,2,1
final_layernorm,620,0,2,30841
lm_head,620,0,2,1252446
embedding,621,0,2,209227
input_layernorm,621,0,2,1
q_proj,621,0,2,1
k_proj,621,0,2,1
v_proj,621,0,2,1
rope,621,0,2,1
attn,621,0,2,1
o_proj,621,0,2,1
post_layernorm,621,0,2,1
gate_proj,621,0,2,661434
up_proj,621,0,2,1
act_fn,621,0,2,1
down_proj,621,0,2,1
final_layernorm,621,0,2,30888
lm_head,621,0,2,1254365
embedding,622,0,2,209537
input_layernorm,622,0,2,1
q_proj,622,0,2,1
k_proj,622,0,2,1
v_proj,622,0,2,1
rope,622,0,2,1
attn,622,0,2,1
o_proj,622,0,2,1
post_layernorm,622,0,2,1
gate_proj,622,0,2,662422
up_proj,622,0,2,1
act_fn,622,0,2,1
down_proj,622,0,2,1
final_layernorm,622,0,2,30936
lm_head,622,0,2,1256283
embedding,623,0,2,209846
input_layernorm,623,0,2,1
q_proj,623,0,2,1
k_proj,623,0,2,1
v_proj,623,0,2,1
rope,623,0,2,1
attn,623,0,2,1
o_proj,623,0,2,1
post_layernorm,623,0,2,1
gate_proj,623,0,2,663411
up_proj,623,0,2,1
act_fn,623,0,2,1
down_proj,623,0,2,1
final_layernorm,623,0,2,30983
lm_head,623,0,2,1258202
embedding,624,0,2,210156
input_layernorm,624,0,2,1
q_proj,624,0,2,1
k_proj,624,0,2,1
v_proj,624,0,2,1
rope,624,0,2,1
attn,624,0,2,1
o_proj,624,0,2,1
post_layernorm,624,0,2,1
gate_proj,624,0,2,664399
up_proj,624,0,2,1
act_fn,624,0,2,1
down_proj,624,0,2,1
final_layernorm,624,0,2,31030
lm_head,624,0,2,1260120
embedding,625,0,2,210466
input_layernorm,625,0,2,1
q_proj,625,0,2,1
k_proj,625,0,2,1
v_proj,625,0,2,1
rope,625,0,2,1
attn,625,0,2,1
o_proj,625,0,2,1
post_layernorm,625,0,2,1
gate_proj,625,0,2,665388
up_proj,625,0,2,1
act_fn,625,0,2,1
down_proj,625,0,2,1
final_layernorm,625,0,2,31077
lm_head,625,0,2,1262039
embedding,626,0,2,210776
input_layernorm,626,0,2,1
q_proj,626,0,2,1
k_proj,626,0,2,1
v_proj,626,0,2,1
rope,626,0,2,1
attn,626,0,2,1
o_proj,626,0,2,1
post_layernorm,626,0,2,1
gate_proj,626,0,2,666376
up_proj,626,0,2,1
act_fn,626,0,2,1
down_proj,626,0,2,1
final_layernorm,626,0,2,31125
lm_head,626,0,2,1263958
embedding,627,0,2,211086
input_layernorm,627,0,2,1
q_proj,627,0,2,1
k_proj,627,0,2,1
v_proj,627,0,2,1
rope,627,0,2,1
attn,627,0,2,1
o_proj,627,0,2,1
post_layernorm,627,0,2,1
gate_proj,627,0,2,667364
up_proj,627,0,2,1
act_fn,627,0,2,1
down_proj,627,0,2,1
final_layernorm,627,0,2,31172
lm_head,627,0,2,1265876
embedding,628,0,2,211395
input_layernorm,628,0,2,1
q_proj,628,0,2,1
k_proj,628,0,2,1
v_proj,628,0,2,1
rope,628,0,2,1
attn,628,0,2,1
o_proj,628,0,2,1
post_layernorm,628,0,2,1
gate_proj,628,0,2,668353
up_proj,628,0,2,1
act_fn,628,0,2,1
down_proj,628,0,2,1
final_layernorm,628,0,2,31219
lm_head,628,0,2,1267795
embedding,629,0,2,211705
input_layernorm,629,0,2,1
q_proj,629,0,2,1
k_proj,629,0,2,1
v_proj,629,0,2,1
rope,629,0,2,1
attn,629,0,2,1
o_proj,629,0,2,1
post_layernorm,629,0,2,1
gate_proj,629,0,2,669341
up_proj,629,0,2,1
act_fn,629,0,2,1
down_proj,629,0,2,1
final_layernorm,629,0,2,31266
lm_head,629,0,2,1269714
embedding,630,0,2,212015
input_layernorm,630,0,2,1
q_proj,630,0,2,1
k_proj,630,0,2,1
v_proj,630,0,2,1
rope,630,0,2,1
attn,630,0,2,1
o_proj,630,0,2,1
post_layernorm,630,0,2,1
gate_proj,630,0,2,670330
up_proj,630,0,2,1
act_fn,630,0,2,1
down_proj,630,0,2,1
final_layernorm,630,0,2,31314
lm_head,630,0,2,1271632
embedding,631,0,2,212325
input_layernorm,631,0,2,1
q_proj,631,0,2,1
k_proj,631,0,2,1
v_proj,631,0,2,1
rope,631,0,2,1
attn,631,0,2,1
o_proj,631,0,2,1
post_layernorm,631,0,2,1
gate_proj,631,0,2,671318
up_proj,631,0,2,1
act_fn,631,0,2,1
down_proj,631,0,2,1
final_layernorm,631,0,2,31361
lm_head,631,0,2,1273551
embedding,632,0,2,212635
input_layernorm,632,0,2,1
q_proj,632,0,2,1
k_proj,632,0,2,1
v_proj,632,0,2,1
rope,632,0,2,1
attn,632,0,2,1
o_proj,632,0,2,1
post_layernorm,632,0,2,1
gate_proj,632,0,2,672306
up_proj,632,0,2,1
act_fn,632,0,2,1
down_proj,632,0,2,1
final_layernorm,632,0,2,31408
lm_head,632,0,2,1275470
embedding,633,0,2,212945
input_layernorm,633,0,2,1
q_proj,633,0,2,1
k_proj,633,0,2,1
v_proj,633,0,2,1
rope,633,0,2,1
attn,633,0,2,1
o_proj,633,0,2,1
post_layernorm,633,0,2,1
gate_proj,633,0,2,673295
up_proj,633,0,2,1
act_fn,633,0,2,1
down_proj,633,0,2,1
final_layernorm,633,0,2,31455
lm_head,633,0,2,1277389
embedding,634,0,2,213254
input_layernorm,634,0,2,1
q_proj,634,0,2,1
k_proj,634,0,2,1
v_proj,634,0,2,1
rope,634,0,2,1
attn,634,0,2,1
o_proj,634,0,2,1
post_layernorm,634,0,2,1
gate_proj,634,0,2,674283
up_proj,634,0,2,1
act_fn,634,0,2,1
down_proj,634,0,2,1
final_layernorm,634,0,2,31503
lm_head,634,0,2,1279307
embedding,635,0,2,213564
input_layernorm,635,0,2,1
q_proj,635,0,2,1
k_proj,635,0,2,1
v_proj,635,0,2,1
rope,635,0,2,1
attn,635,0,2,1
o_proj,635,0,2,1
post_layernorm,635,0,2,1
gate_proj,635,0,2,675272
up_proj,635,0,2,1
act_fn,635,0,2,1
down_proj,635,0,2,1
final_layernorm,635,0,2,31550
lm_head,635,0,2,1281226
embedding,636,0,2,213874
input_layernorm,636,0,2,1
q_proj,636,0,2,1
k_proj,636,0,2,1
v_proj,636,0,2,1
rope,636,0,2,1
attn,636,0,2,1
o_proj,636,0,2,1
post_layernorm,636,0,2,1
gate_proj,636,0,2,676260
up_proj,636,0,2,1
act_fn,636,0,2,1
down_proj,636,0,2,1
final_layernorm,636,0,2,31597
lm_head,636,0,2,1283144
embedding,637,0,2,214184
input_layernorm,637,0,2,1
q_proj,637,0,2,1
k_proj,637,0,2,1
v_proj,637,0,2,1
rope,637,0,2,1
attn,637,0,2,1
o_proj,637,0,2,1
post_layernorm,637,0,2,1
gate_proj,637,0,2,677248
up_proj,637,0,2,1
act_fn,637,0,2,1
down_proj,637,0,2,1
final_layernorm,637,0,2,31644
lm_head,637,0,2,1285063
embedding,638,0,2,214494
input_layernorm,638,0,2,1
q_proj,638,0,2,1
k_proj,638,0,2,1
v_proj,638,0,2,1
rope,638,0,2,1
attn,638,0,2,1
o_proj,638,0,2,1
post_layernorm,638,0,2,1
gate_proj,638,0,2,678237
up_proj,638,0,2,1
act_fn,638,0,2,1
down_proj,638,0,2,1
final_layernorm,638,0,2,31692
lm_head,638,0,2,1286981
embedding,639,0,2,214803
input_layernorm,639,0,2,1
q_proj,639,0,2,1
k_proj,639,0,2,1
v_proj,639,0,2,1
rope,639,0,2,1
attn,639,0,2,1
o_proj,639,0,2,1
post_layernorm,639,0,2,1
gate_proj,639,0,2,679225
up_proj,639,0,2,1
act_fn,639,0,2,1
down_proj,639,0,2,1
final_layernorm,639,0,2,31739
lm_head,639,0,2,1288901
embedding,640,0,2,215113
input_layernorm,640,0,2,1
q_proj,640,0,2,1
k_proj,640,0,2,1
v_proj,640,0,2,1
rope,640,0,2,1
attn,640,0,2,1
o_proj,640,0,2,1
post_layernorm,640,0,2,1
gate_proj,640,0,2,680214
up_proj,640,0,2,1
act_fn,640,0,2,1
down_proj,640,0,2,1
final_layernorm,640,0,2,31786
lm_head,640,0,2,1290819
embedding,641,0,2,215423
input_layernorm,641,0,2,1
q_proj,641,0,2,1
k_proj,641,0,2,1
v_proj,641,0,2,1
rope,641,0,2,1
attn,641,0,2,1
o_proj,641,0,2,1
post_layernorm,641,0,2,1
gate_proj,641,0,2,681202
up_proj,641,0,2,1
act_fn,641,0,2,1
down_proj,641,0,2,1
final_layernorm,641,0,2,31833
lm_head,641,0,2,1292738
embedding,642,0,2,215733
input_layernorm,642,0,2,1
q_proj,642,0,2,1
k_proj,642,0,2,1
v_proj,642,0,2,1
rope,642,0,2,1
attn,642,0,2,1
o_proj,642,0,2,1
post_layernorm,642,0,2,1
gate_proj,642,0,2,682190
up_proj,642,0,2,1
act_fn,642,0,2,1
down_proj,642,0,2,1
final_layernorm,642,0,2,31881
lm_head,642,0,2,1294656
embedding,643,0,2,216043
input_layernorm,643,0,2,1
q_proj,643,0,2,1
k_proj,643,0,2,1
v_proj,643,0,2,1
rope,643,0,2,1
attn,643,0,2,1
o_proj,643,0,2,1
post_layernorm,643,0,2,1
gate_proj,643,0,2,683179
up_proj,643,0,2,1
act_fn,643,0,2,1
down_proj,643,0,2,1
final_layernorm,643,0,2,31928
lm_head,643,0,2,1296575
embedding,644,0,2,216353
input_layernorm,644,0,2,1
q_proj,644,0,2,1
k_proj,644,0,2,1
v_proj,644,0,2,1
rope,644,0,2,1
attn,644,0,2,1
o_proj,644,0,2,1
post_layernorm,644,0,2,1
gate_proj,644,0,2,684167
up_proj,644,0,2,1
act_fn,644,0,2,1
down_proj,644,0,2,1
final_layernorm,644,0,2,31975
lm_head,644,0,2,1298494
embedding,645,0,2,216662
input_layernorm,645,0,2,1
q_proj,645,0,2,1
k_proj,645,0,2,1
v_proj,645,0,2,1
rope,645,0,2,1
attn,645,0,2,1
o_proj,645,0,2,1
post_layernorm,645,0,2,1
gate_proj,645,0,2,685156
up_proj,645,0,2,1
act_fn,645,0,2,1
down_proj,645,0,2,1
final_layernorm,645,0,2,32022
lm_head,645,0,2,1300413
embedding,646,0,2,216972
input_layernorm,646,0,2,1
q_proj,646,0,2,1
k_proj,646,0,2,1
v_proj,646,0,2,1
rope,646,0,2,1
attn,646,0,2,1
o_proj,646,0,2,1
post_layernorm,646,0,2,1
gate_proj,646,0,2,686144
up_proj,646,0,2,1
act_fn,646,0,2,1
down_proj,646,0,2,1
final_layernorm,646,0,2,32070
lm_head,646,0,2,1302331
embedding,647,0,2,217282
input_layernorm,647,0,2,1
q_proj,647,0,2,1
k_proj,647,0,2,1
v_proj,647,0,2,1
rope,647,0,2,1
attn,647,0,2,1
o_proj,647,0,2,1
post_layernorm,647,0,2,1
gate_proj,647,0,2,687132
up_proj,647,0,2,1
act_fn,647,0,2,1
down_proj,647,0,2,1
final_layernorm,647,0,2,32117
lm_head,647,0,2,1304250
embedding,648,0,2,217592
input_layernorm,648,0,2,1
q_proj,648,0,2,1
k_proj,648,0,2,1
v_proj,648,0,2,1
rope,648,0,2,1
attn,648,0,2,1
o_proj,648,0,2,1
post_layernorm,648,0,2,1
gate_proj,648,0,2,688121
up_proj,648,0,2,1
act_fn,648,0,2,1
down_proj,648,0,2,1
final_layernorm,648,0,2,32164
lm_head,648,0,2,1306168
embedding,649,0,2,217902
input_layernorm,649,0,2,1
q_proj,649,0,2,1
k_proj,649,0,2,1
v_proj,649,0,2,1
rope,649,0,2,1
attn,649,0,2,1
o_proj,649,0,2,1
post_layernorm,649,0,2,1
gate_proj,649,0,2,689109
up_proj,649,0,2,1
act_fn,649,0,2,1
down_proj,649,0,2,1
final_layernorm,649,0,2,32211
lm_head,649,0,2,1308087
embedding,650,0,2,218211
input_layernorm,650,0,2,1
q_proj,650,0,2,1
k_proj,650,0,2,1
v_proj,650,0,2,1
rope,650,0,2,1
attn,650,0,2,1
o_proj,650,0,2,1
post_layernorm,650,0,2,1
gate_proj,650,0,2,690098
up_proj,650,0,2,1
act_fn,650,0,2,1
down_proj,650,0,2,1
final_layernorm,650,0,2,32259
lm_head,650,0,2,1310005
embedding,651,0,2,218521
input_layernorm,651,0,2,1
q_proj,651,0,2,1
k_proj,651,0,2,1
v_proj,651,0,2,1
rope,651,0,2,1
attn,651,0,2,1
o_proj,651,0,2,1
post_layernorm,651,0,2,1
gate_proj,651,0,2,691086
up_proj,651,0,2,1
act_fn,651,0,2,1
down_proj,651,0,2,1
final_layernorm,651,0,2,32306
lm_head,651,0,2,1311924
embedding,652,0,2,218831
input_layernorm,652,0,2,1
q_proj,652,0,2,1
k_proj,652,0,2,1
v_proj,652,0,2,1
rope,652,0,2,1
attn,652,0,2,1
o_proj,652,0,2,1
post_layernorm,652,0,2,1
gate_proj,652,0,2,692074
up_proj,652,0,2,1
act_fn,652,0,2,1
down_proj,652,0,2,1
final_layernorm,652,0,2,32353
lm_head,652,0,2,1313843
embedding,653,0,2,219141
input_layernorm,653,0,2,1
q_proj,653,0,2,1
k_proj,653,0,2,1
v_proj,653,0,2,1
rope,653,0,2,1
attn,653,0,2,1
o_proj,653,0,2,1
post_layernorm,653,0,2,1
gate_proj,653,0,2,693063
up_proj,653,0,2,1
act_fn,653,0,2,1
down_proj,653,0,2,1
final_layernorm,653,0,2,32400
lm_head,653,0,2,1315762
embedding,654,0,2,219451
input_layernorm,654,0,2,1
q_proj,654,0,2,1
k_proj,654,0,2,1
v_proj,654,0,2,1
rope,654,0,2,1
attn,654,0,2,1
o_proj,654,0,2,1
post_layernorm,654,0,2,1
gate_proj,654,0,2,694051
up_proj,654,0,2,1
act_fn,654,0,2,1
down_proj,654,0,2,1
final_layernorm,654,0,2,32448
lm_head,654,0,2,1317680
embedding,655,0,2,219760
input_layernorm,655,0,2,1
q_proj,655,0,2,1
k_proj,655,0,2,1
v_proj,655,0,2,1
rope,655,0,2,1
attn,655,0,2,1
o_proj,655,0,2,1
post_layernorm,655,0,2,1
gate_proj,655,0,2,695040
up_proj,655,0,2,1
act_fn,655,0,2,1
down_proj,655,0,2,1
final_layernorm,655,0,2,32495
lm_head,655,0,2,1319599
embedding,656,0,2,220070
input_layernorm,656,0,2,1
q_proj,656,0,2,1
k_proj,656,0,2,1
v_proj,656,0,2,1
rope,656,0,2,1
attn,656,0,2,1
o_proj,656,0,2,1
post_layernorm,656,0,2,1
gate_proj,656,0,2,696028
up_proj,656,0,2,1
act_fn,656,0,2,1
down_proj,656,0,2,1
final_layernorm,656,0,2,32542
lm_head,656,0,2,1321518
embedding,657,0,2,220380
input_layernorm,657,0,2,1
q_proj,657,0,2,1
k_proj,657,0,2,1
v_proj,657,0,2,1
rope,657,0,2,1
attn,657,0,2,1
o_proj,657,0,2,1
post_layernorm,657,0,2,1
gate_proj,657,0,2,697016
up_proj,657,0,2,1
act_fn,657,0,2,1
down_proj,657,0,2,1
final_layernorm,657,0,2,32589
lm_head,657,0,2,1323436
embedding,658,0,2,220690
input_layernorm,658,0,2,1
q_proj,658,0,2,1
k_proj,658,0,2,1
v_proj,658,0,2,1
rope,658,0,2,1
attn,658,0,2,1
o_proj,658,0,2,1
post_layernorm,658,0,2,1
gate_proj,658,0,2,698005
up_proj,658,0,2,1
act_fn,658,0,2,1
down_proj,658,0,2,1
final_layernorm,658,0,2,32637
lm_head,658,0,2,1325355
embedding,659,0,2,221000
input_layernorm,659,0,2,1
q_proj,659,0,2,1
k_proj,659,0,2,1
v_proj,659,0,2,1
rope,659,0,2,1
attn,659,0,2,1
o_proj,659,0,2,1
post_layernorm,659,0,2,1
gate_proj,659,0,2,698993
up_proj,659,0,2,1
act_fn,659,0,2,1
down_proj,659,0,2,1
final_layernorm,659,0,2,32684
lm_head,659,0,2,1327274
embedding,660,0,2,221310
input_layernorm,660,0,2,1
q_proj,660,0,2,1
k_proj,660,0,2,1
v_proj,660,0,2,1
rope,660,0,2,1
attn,660,0,2,1
o_proj,660,0,2,1
post_layernorm,660,0,2,1
gate_proj,660,0,2,699982
up_proj,660,0,2,1
act_fn,660,0,2,1
down_proj,660,0,2,1
final_layernorm,660,0,2,32731
lm_head,660,0,2,1329193
embedding,661,0,2,221619
input_layernorm,661,0,2,1
q_proj,661,0,2,1
k_proj,661,0,2,1
v_proj,661,0,2,1
rope,661,0,2,1
attn,661,0,2,1
o_proj,661,0,2,1
post_layernorm,661,0,2,1
gate_proj,661,0,2,700970
up_proj,661,0,2,1
act_fn,661,0,2,1
down_proj,661,0,2,1
final_layernorm,661,0,2,32778
lm_head,661,0,2,1331111
embedding,662,0,2,221929
input_layernorm,662,0,2,1
q_proj,662,0,2,1
k_proj,662,0,2,1
v_proj,662,0,2,1
rope,662,0,2,1
attn,662,0,2,1
o_proj,662,0,2,1
post_layernorm,662,0,2,1
gate_proj,662,0,2,701958
up_proj,662,0,2,1
act_fn,662,0,2,1
down_proj,662,0,2,1
final_layernorm,662,0,2,32825
lm_head,662,0,2,1333030
embedding,663,0,2,222239
input_layernorm,663,0,2,1
q_proj,663,0,2,1
k_proj,663,0,2,1
v_proj,663,0,2,1
rope,663,0,2,1
attn,663,0,2,1
o_proj,663,0,2,1
post_layernorm,663,0,2,1
gate_proj,663,0,2,702947
up_proj,663,0,2,1
act_fn,663,0,2,1
down_proj,663,0,2,1
final_layernorm,663,0,2,32873
lm_head,663,0,2,1334948
embedding,664,0,2,222549
input_layernorm,664,0,2,1
q_proj,664,0,2,1
k_proj,664,0,2,1
v_proj,664,0,2,1
rope,664,0,2,1
attn,664,0,2,1
o_proj,664,0,2,1
post_layernorm,664,0,2,1
gate_proj,664,0,2,703935
up_proj,664,0,2,1
act_fn,664,0,2,1
down_proj,664,0,2,1
final_layernorm,664,0,2,32920
lm_head,664,0,2,1336867
embedding,665,0,2,222859
input_layernorm,665,0,2,1
q_proj,665,0,2,1
k_proj,665,0,2,1
v_proj,665,0,2,1
rope,665,0,2,1
attn,665,0,2,1
o_proj,665,0,2,1
post_layernorm,665,0,2,1
gate_proj,665,0,2,704924
up_proj,665,0,2,1
act_fn,665,0,2,1
down_proj,665,0,2,1
final_layernorm,665,0,2,32967
lm_head,665,0,2,1338786
embedding,666,0,2,223168
input_layernorm,666,0,2,1
q_proj,666,0,2,1
k_proj,666,0,2,1
v_proj,666,0,2,1
rope,666,0,2,1
attn,666,0,2,1
o_proj,666,0,2,1
post_layernorm,666,0,2,1
gate_proj,666,0,2,705912
up_proj,666,0,2,1
act_fn,666,0,2,1
down_proj,666,0,2,1
final_layernorm,666,0,2,33014
lm_head,666,0,2,1340705
embedding,667,0,2,223478
input_layernorm,667,0,2,1
q_proj,667,0,2,1
k_proj,667,0,2,1
v_proj,667,0,2,1
rope,667,0,2,1
attn,667,0,2,1
o_proj,667,0,2,1
post_layernorm,667,0,2,1
gate_proj,667,0,2,706900
up_proj,667,0,2,1
act_fn,667,0,2,1
down_proj,667,0,2,1
final_layernorm,667,0,2,33062
lm_head,667,0,2,1342623
embedding,668,0,2,223788
input_layernorm,668,0,2,1
q_proj,668,0,2,1
k_proj,668,0,2,1
v_proj,668,0,2,1
rope,668,0,2,1
attn,668,0,2,1
o_proj,668,0,2,1
post_layernorm,668,0,2,1
gate_proj,668,0,2,707889
up_proj,668,0,2,1
act_fn,668,0,2,1
down_proj,668,0,2,1
final_layernorm,668,0,2,33109
lm_head,668,0,2,1344542
embedding,669,0,2,224098
input_layernorm,669,0,2,1
q_proj,669,0,2,1
k_proj,669,0,2,1
v_proj,669,0,2,1
rope,669,0,2,1
attn,669,0,2,1
o_proj,669,0,2,1
post_layernorm,669,0,2,1
gate_proj,669,0,2,708877
up_proj,669,0,2,1
act_fn,669,0,2,1
down_proj,669,0,2,1
final_layernorm,669,0,2,33156
lm_head,669,0,2,1346461
embedding,670,0,2,224408
input_layernorm,670,0,2,1
q_proj,670,0,2,1
k_proj,670,0,2,1
v_proj,670,0,2,1
rope,670,0,2,1
attn,670,0,2,1
o_proj,670,0,2,1
post_layernorm,670,0,2,1
gate_proj,670,0,2,709866
up_proj,670,0,2,1
act_fn,670,0,2,1
down_proj,670,0,2,1
final_layernorm,670,0,2,33203
lm_head,670,0,2,1348379
embedding,671,0,2,224717
input_layernorm,671,0,2,1
q_proj,671,0,2,1
k_proj,671,0,2,1
v_proj,671,0,2,1
rope,671,0,2,1
attn,671,0,2,1
o_proj,671,0,2,1
post_layernorm,671,0,2,1
gate_proj,671,0,2,710854
up_proj,671,0,2,1
act_fn,671,0,2,1
down_proj,671,0,2,1
final_layernorm,671,0,2,33251
lm_head,671,0,2,1350298
embedding,672,0,2,225027
input_layernorm,672,0,2,1
q_proj,672,0,2,1
k_proj,672,0,2,1
v_proj,672,0,2,1
rope,672,0,2,1
attn,672,0,2,1
o_proj,672,0,2,1
post_layernorm,672,0,2,1
gate_proj,672,0,2,711842
up_proj,672,0,2,1
act_fn,672,0,2,1
down_proj,672,0,2,1
final_layernorm,672,0,2,33298
lm_head,672,0,2,1352217
embedding,673,0,2,225337
input_layernorm,673,0,2,1
q_proj,673,0,2,1
k_proj,673,0,2,1
v_proj,673,0,2,1
rope,673,0,2,1
attn,673,0,2,1
o_proj,673,0,2,1
post_layernorm,673,0,2,1
gate_proj,673,0,2,712831
up_proj,673,0,2,1
act_fn,673,0,2,1
down_proj,673,0,2,1
final_layernorm,673,0,2,33345
lm_head,673,0,2,1354135
embedding,674,0,2,225647
input_layernorm,674,0,2,1
q_proj,674,0,2,1
k_proj,674,0,2,1
v_proj,674,0,2,1
rope,674,0,2,1
attn,674,0,2,1
o_proj,674,0,2,1
post_layernorm,674,0,2,1
gate_proj,674,0,2,713819
up_proj,674,0,2,1
act_fn,674,0,2,1
down_proj,674,0,2,1
final_layernorm,674,0,2,33392
lm_head,674,0,2,1356054
embedding,675,0,2,225957
input_layernorm,675,0,2,1
q_proj,675,0,2,1
k_proj,675,0,2,1
v_proj,675,0,2,1
rope,675,0,2,1
attn,675,0,2,1
o_proj,675,0,2,1
post_layernorm,675,0,2,1
gate_proj,675,0,2,714808
up_proj,675,0,2,1
act_fn,675,0,2,1
down_proj,675,0,2,1
final_layernorm,675,0,2,33440
lm_head,675,0,2,1357972
embedding,676,0,2,226267
input_layernorm,676,0,2,1
q_proj,676,0,2,1
k_proj,676,0,2,1
v_proj,676,0,2,1
rope,676,0,2,1
attn,676,0,2,1
o_proj,676,0,2,1
post_layernorm,676,0,2,1
gate_proj,676,0,2,715796
up_proj,676,0,2,1
act_fn,676,0,2,1
down_proj,676,0,2,1
final_layernorm,676,0,2,33487
lm_head,676,0,2,1359891
embedding,677,0,2,226576
input_layernorm,677,0,2,1
q_proj,677,0,2,1
k_proj,677,0,2,1
v_proj,677,0,2,1
rope,677,0,2,1
attn,677,0,2,1
o_proj,677,0,2,1
post_layernorm,677,0,2,1
gate_proj,677,0,2,716784
up_proj,677,0,2,1
act_fn,677,0,2,1
down_proj,677,0,2,1
final_layernorm,677,0,2,33534
lm_head,677,0,2,1361810
embedding,678,0,2,226886
input_layernorm,678,0,2,1
q_proj,678,0,2,1
k_proj,678,0,2,1
v_proj,678,0,2,1
rope,678,0,2,1
attn,678,0,2,1
o_proj,678,0,2,1
post_layernorm,678,0,2,1
gate_proj,678,0,2,717773
up_proj,678,0,2,1
act_fn,678,0,2,1
down_proj,678,0,2,1
final_layernorm,678,0,2,33581
lm_head,678,0,2,1363729
embedding,679,0,2,227196
input_layernorm,679,0,2,1
q_proj,679,0,2,1
k_proj,679,0,2,1
v_proj,679,0,2,1
rope,679,0,2,1
attn,679,0,2,1
o_proj,679,0,2,1
post_layernorm,679,0,2,1
gate_proj,679,0,2,718761
up_proj,679,0,2,1
act_fn,679,0,2,1
down_proj,679,0,2,1
final_layernorm,679,0,2,33629
lm_head,679,0,2,1365647
embedding,680,0,2,227506
input_layernorm,680,0,2,1
q_proj,680,0,2,1
k_proj,680,0,2,1
v_proj,680,0,2,1
rope,680,0,2,1
attn,680,0,2,1
o_proj,680,0,2,1
post_layernorm,680,0,2,1
gate_proj,680,0,2,719750
up_proj,680,0,2,1
act_fn,680,0,2,1
down_proj,680,0,2,1
final_layernorm,680,0,2,33676
lm_head,680,0,2,1367566
embedding,681,0,2,227816
input_layernorm,681,0,2,1
q_proj,681,0,2,1
k_proj,681,0,2,1
v_proj,681,0,2,1
rope,681,0,2,1
attn,681,0,2,1
o_proj,681,0,2,1
post_layernorm,681,0,2,1
gate_proj,681,0,2,720738
up_proj,681,0,2,1
act_fn,681,0,2,1
down_proj,681,0,2,1
final_layernorm,681,0,2,33723
lm_head,681,0,2,1369485
embedding,682,0,2,228125
input_layernorm,682,0,2,1
q_proj,682,0,2,1
k_proj,682,0,2,1
v_proj,682,0,2,1
rope,682,0,2,1
attn,682,0,2,1
o_proj,682,0,2,1
post_layernorm,682,0,2,1
gate_proj,682,0,2,721726
up_proj,682,0,2,1
act_fn,682,0,2,1
down_proj,682,0,2,1
final_layernorm,682,0,2,33770
lm_head,682,0,2,1371403
embedding,683,0,2,228435
input_layernorm,683,0,2,1
q_proj,683,0,2,1
k_proj,683,0,2,1
v_proj,683,0,2,1
rope,683,0,2,1
attn,683,0,2,1
o_proj,683,0,2,1
post_layernorm,683,0,2,1
gate_proj,683,0,2,722715
up_proj,683,0,2,1
act_fn,683,0,2,1
down_proj,683,0,2,1
final_layernorm,683,0,2,33818
lm_head,683,0,2,1373322
embedding,684,0,2,228745
input_layernorm,684,0,2,1
q_proj,684,0,2,1
k_proj,684,0,2,1
v_proj,684,0,2,1
rope,684,0,2,1
attn,684,0,2,1
o_proj,684,0,2,1
post_layernorm,684,0,2,1
gate_proj,684,0,2,723703
up_proj,684,0,2,1
act_fn,684,0,2,1
down_proj,684,0,2,1
final_layernorm,684,0,2,33865
lm_head,684,0,2,1375241
embedding,685,0,2,229055
input_layernorm,685,0,2,1
q_proj,685,0,2,1
k_proj,685,0,2,1
v_proj,685,0,2,1
rope,685,0,2,1
attn,685,0,2,1
o_proj,685,0,2,1
post_layernorm,685,0,2,1
gate_proj,685,0,2,724692
up_proj,685,0,2,1
act_fn,685,0,2,1
down_proj,685,0,2,1
final_layernorm,685,0,2,33912
lm_head,685,0,2,1377160
embedding,686,0,2,229365
input_layernorm,686,0,2,1
q_proj,686,0,2,1
k_proj,686,0,2,1
v_proj,686,0,2,1
rope,686,0,2,1
attn,686,0,2,1
o_proj,686,0,2,1
post_layernorm,686,0,2,1
gate_proj,686,0,2,725680
up_proj,686,0,2,1
act_fn,686,0,2,1
down_proj,686,0,2,1
final_layernorm,686,0,2,33959
lm_head,686,0,2,1379078
embedding,687,0,2,229675
input_layernorm,687,0,2,1
q_proj,687,0,2,1
k_proj,687,0,2,1
v_proj,687,0,2,1
rope,687,0,2,1
attn,687,0,2,1
o_proj,687,0,2,1
post_layernorm,687,0,2,1
gate_proj,687,0,2,726668
up_proj,687,0,2,1
act_fn,687,0,2,1
down_proj,687,0,2,1
final_layernorm,687,0,2,34007
lm_head,687,0,2,1380996
embedding,688,0,2,229984
input_layernorm,688,0,2,1
q_proj,688,0,2,1
k_proj,688,0,2,1
v_proj,688,0,2,1
rope,688,0,2,1
attn,688,0,2,1
o_proj,688,0,2,1
post_layernorm,688,0,2,1
gate_proj,688,0,2,727657
up_proj,688,0,2,1
act_fn,688,0,2,1
down_proj,688,0,2,1
final_layernorm,688,0,2,34054
lm_head,688,0,2,1382915
embedding,689,0,2,230294
input_layernorm,689,0,2,1
q_proj,689,0,2,1
k_proj,689,0,2,1
v_proj,689,0,2,1
rope,689,0,2,1
attn,689,0,2,1
o_proj,689,0,2,1
post_layernorm,689,0,2,1
gate_proj,689,0,2,728645
up_proj,689,0,2,1
act_fn,689,0,2,1
down_proj,689,0,2,1
final_layernorm,689,0,2,34101
lm_head,689,0,2,1384834
embedding,690,0,2,230604
input_layernorm,690,0,2,1
q_proj,690,0,2,1
k_proj,690,0,2,1
v_proj,690,0,2,1
rope,690,0,2,1
attn,690,0,2,1
o_proj,690,0,2,1
post_layernorm,690,0,2,1
gate_proj,690,0,2,729634
up_proj,690,0,2,1
act_fn,690,0,2,1
down_proj,690,0,2,1
final_layernorm,690,0,2,34148
lm_head,690,0,2,1386753
embedding,691,0,2,230914
input_layernorm,691,0,2,1
q_proj,691,0,2,1
k_proj,691,0,2,1
v_proj,691,0,2,1
rope,691,0,2,1
attn,691,0,2,1
o_proj,691,0,2,1
post_layernorm,691,0,2,1
gate_proj,691,0,2,730622
up_proj,691,0,2,1
act_fn,691,0,2,1
down_proj,691,0,2,1
final_layernorm,691,0,2,34196
lm_head,691,0,2,1388671
embedding,692,0,2,231224
input_layernorm,692,0,2,1
q_proj,692,0,2,1
k_proj,692,0,2,1
v_proj,692,0,2,1
rope,692,0,2,1
attn,692,0,2,1
o_proj,692,0,2,1
post_layernorm,692,0,2,1
gate_proj,692,0,2,731610
up_proj,692,0,2,1
act_fn,692,0,2,1
down_proj,692,0,2,1
final_layernorm,692,0,2,34243
lm_head,692,0,2,1390590
embedding,693,0,2,231533
input_layernorm,693,0,2,1
q_proj,693,0,2,1
k_proj,693,0,2,1
v_proj,693,0,2,1
rope,693,0,2,1
attn,693,0,2,1
o_proj,693,0,2,1
post_layernorm,693,0,2,1
gate_proj,693,0,2,732599
up_proj,693,0,2,1
act_fn,693,0,2,1
down_proj,693,0,2,1
final_layernorm,693,0,2,34290
lm_head,693,0,2,1392509
embedding,694,0,2,231843
input_layernorm,694,0,2,1
q_proj,694,0,2,1
k_proj,694,0,2,1
v_proj,694,0,2,1
rope,694,0,2,1
attn,694,0,2,1
o_proj,694,0,2,1
post_layernorm,694,0,2,1
gate_proj,694,0,2,733587
up_proj,694,0,2,1
act_fn,694,0,2,1
down_proj,694,0,2,1
final_layernorm,694,0,2,34337
lm_head,694,0,2,1394427
embedding,695,0,2,232153
input_layernorm,695,0,2,1
q_proj,695,0,2,1
k_proj,695,0,2,1
v_proj,695,0,2,1
rope,695,0,2,1
attn,695,0,2,1
o_proj,695,0,2,1
post_layernorm,695,0,2,1
gate_proj,695,0,2,734576
up_proj,695,0,2,1
act_fn,695,0,2,1
down_proj,695,0,2,1
final_layernorm,695,0,2,34385
lm_head,695,0,2,1396345
embedding,696,0,2,232463
input_layernorm,696,0,2,1
q_proj,696,0,2,1
k_proj,696,0,2,1
v_proj,696,0,2,1
rope,696,0,2,1
attn,696,0,2,1
o_proj,696,0,2,1
post_layernorm,696,0,2,1
gate_proj,696,0,2,735564
up_proj,696,0,2,1
act_fn,696,0,2,1
down_proj,696,0,2,1
final_layernorm,696,0,2,34432
lm_head,696,0,2,1398264
embedding,697,0,2,232773
input_layernorm,697,0,2,1
q_proj,697,0,2,1
k_proj,697,0,2,1
v_proj,697,0,2,1
rope,697,0,2,1
attn,697,0,2,1
o_proj,697,0,2,1
post_layernorm,697,0,2,1
gate_proj,697,0,2,736553
up_proj,697,0,2,1
act_fn,697,0,2,1
down_proj,697,0,2,1
final_layernorm,697,0,2,34479
lm_head,697,0,2,1400183
embedding,698,0,2,233082
input_layernorm,698,0,2,1
q_proj,698,0,2,1
k_proj,698,0,2,1
v_proj,698,0,2,1
rope,698,0,2,1
attn,698,0,2,1
o_proj,698,0,2,1
post_layernorm,698,0,2,1
gate_proj,698,0,2,737541
up_proj,698,0,2,1
act_fn,698,0,2,1
down_proj,698,0,2,1
final_layernorm,698,0,2,34526
lm_head,698,0,2,1402102
embedding,699,0,2,233392
input_layernorm,699,0,2,1
q_proj,699,0,2,1
k_proj,699,0,2,1
v_proj,699,0,2,1
rope,699,0,2,1
attn,699,0,2,1
o_proj,699,0,2,1
post_layernorm,699,0,2,1
gate_proj,699,0,2,738530
up_proj,699,0,2,1
act_fn,699,0,2,1
down_proj,699,0,2,1
final_layernorm,699,0,2,34574
lm_head,699,0,2,1404020
embedding,700,0,2,233702
input_layernorm,700,0,2,1
q_proj,700,0,2,1
k_proj,700,0,2,1
v_proj,700,0,2,1
rope,700,0,2,1
attn,700,0,2,1
o_proj,700,0,2,1
post_layernorm,700,0,2,1
gate_proj,700,0,2,739518
up_proj,700,0,2,1
act_fn,700,0,2,1
down_proj,700,0,2,1
final_layernorm,700,0,2,34621
lm_head,700,0,2,1405939
embedding,701,0,2,234012
input_layernorm,701,0,2,1
q_proj,701,0,2,1
k_proj,701,0,2,1
v_proj,701,0,2,1
rope,701,0,2,1
attn,701,0,2,1
o_proj,701,0,2,1
post_layernorm,701,0,2,1
gate_proj,701,0,2,740506
up_proj,701,0,2,1
act_fn,701,0,2,1
down_proj,701,0,2,1
final_layernorm,701,0,2,34668
lm_head,701,0,2,1407858
embedding,702,0,2,234322
input_layernorm,702,0,2,1
q_proj,702,0,2,1
k_proj,702,0,2,1
v_proj,702,0,2,1
rope,702,0,2,1
attn,702,0,2,1
o_proj,702,0,2,1
post_layernorm,702,0,2,1
gate_proj,702,0,2,741495
up_proj,702,0,2,1
act_fn,702,0,2,1
down_proj,702,0,2,1
final_layernorm,702,0,2,34715
lm_head,702,0,2,1409776
embedding,703,0,2,234632
input_layernorm,703,0,2,1
q_proj,703,0,2,1
k_proj,703,0,2,1
v_proj,703,0,2,1
rope,703,0,2,1
attn,703,0,2,1
o_proj,703,0,2,1
post_layernorm,703,0,2,1
gate_proj,703,0,2,742483
up_proj,703,0,2,1
act_fn,703,0,2,1
down_proj,703,0,2,1
final_layernorm,703,0,2,34763
lm_head,703,0,2,1411694
embedding,704,0,2,234941
input_layernorm,704,0,2,1
q_proj,704,0,2,1
k_proj,704,0,2,1
v_proj,704,0,2,1
rope,704,0,2,1
attn,704,0,2,1
o_proj,704,0,2,1
post_layernorm,704,0,2,1
gate_proj,704,0,2,743472
up_proj,704,0,2,1
act_fn,704,0,2,1
down_proj,704,0,2,1
final_layernorm,704,0,2,34810
lm_head,704,0,2,1413614
embedding,705,0,2,235251
input_layernorm,705,0,2,1
q_proj,705,0,2,1
k_proj,705,0,2,1
v_proj,705,0,2,1
rope,705,0,2,1
attn,705,0,2,1
o_proj,705,0,2,1
post_layernorm,705,0,2,1
gate_proj,705,0,2,744460
up_proj,705,0,2,1
act_fn,705,0,2,1
down_proj,705,0,2,1
final_layernorm,705,0,2,34857
lm_head,705,0,2,1415532
embedding,706,0,2,235561
input_layernorm,706,0,2,1
q_proj,706,0,2,1
k_proj,706,0,2,1
v_proj,706,0,2,1
rope,706,0,2,1
attn,706,0,2,1
o_proj,706,0,2,1
post_layernorm,706,0,2,1
gate_proj,706,0,2,745448
up_proj,706,0,2,1
act_fn,706,0,2,1
down_proj,706,0,2,1
final_layernorm,706,0,2,34904
lm_head,706,0,2,1417451
embedding,707,0,2,235871
input_layernorm,707,0,2,1
q_proj,707,0,2,1
k_proj,707,0,2,1
v_proj,707,0,2,1
rope,707,0,2,1
attn,707,0,2,1
o_proj,707,0,2,1
post_layernorm,707,0,2,1
gate_proj,707,0,2,746437
up_proj,707,0,2,1
act_fn,707,0,2,1
down_proj,707,0,2,1
final_layernorm,707,0,2,34952
lm_head,707,0,2,1419369
embedding,708,0,2,236181
input_layernorm,708,0,2,1
q_proj,708,0,2,1
k_proj,708,0,2,1
v_proj,708,0,2,1
rope,708,0,2,1
attn,708,0,2,1
o_proj,708,0,2,1
post_layernorm,708,0,2,1
gate_proj,708,0,2,747425
up_proj,708,0,2,1
act_fn,708,0,2,1
down_proj,708,0,2,1
final_layernorm,708,0,2,34999
lm_head,708,0,2,1421288
embedding,709,0,2,236490
input_layernorm,709,0,2,1
q_proj,709,0,2,1
k_proj,709,0,2,1
v_proj,709,0,2,1
rope,709,0,2,1
attn,709,0,2,1
o_proj,709,0,2,1
post_layernorm,709,0,2,1
gate_proj,709,0,2,748414
up_proj,709,0,2,1
act_fn,709,0,2,1
down_proj,709,0,2,1
final_layernorm,709,0,2,35046
lm_head,709,0,2,1423207
embedding,710,0,2,236800
input_layernorm,710,0,2,1
q_proj,710,0,2,1
k_proj,710,0,2,1
v_proj,710,0,2,1
rope,710,0,2,1
attn,710,0,2,1
o_proj,710,0,2,1
post_layernorm,710,0,2,1
gate_proj,710,0,2,749402
up_proj,710,0,2,1
act_fn,710,0,2,1
down_proj,710,0,2,1
final_layernorm,710,0,2,35093
lm_head,710,0,2,1425126
embedding,711,0,2,237110
input_layernorm,711,0,2,1
q_proj,711,0,2,1
k_proj,711,0,2,1
v_proj,711,0,2,1
rope,711,0,2,1
attn,711,0,2,1
o_proj,711,0,2,1
post_layernorm,711,0,2,1
gate_proj,711,0,2,750390
up_proj,711,0,2,1
act_fn,711,0,2,1
down_proj,711,0,2,1
final_layernorm,711,0,2,35141
lm_head,711,0,2,1427044
embedding,712,0,2,237420
input_layernorm,712,0,2,1
q_proj,712,0,2,1
k_proj,712,0,2,1
v_proj,712,0,2,1
rope,712,0,2,1
attn,712,0,2,1
o_proj,712,0,2,1
post_layernorm,712,0,2,1
gate_proj,712,0,2,751379
up_proj,712,0,2,1
act_fn,712,0,2,1
down_proj,712,0,2,1
final_layernorm,712,0,2,35188
lm_head,712,0,2,1428963
embedding,713,0,2,237730
input_layernorm,713,0,2,1
q_proj,713,0,2,1
k_proj,713,0,2,1
v_proj,713,0,2,1
rope,713,0,2,1
attn,713,0,2,1
o_proj,713,0,2,1
post_layernorm,713,0,2,1
gate_proj,713,0,2,752367
up_proj,713,0,2,1
act_fn,713,0,2,1
down_proj,713,0,2,1
final_layernorm,713,0,2,35235
lm_head,713,0,2,1430882
embedding,714,0,2,238040
input_layernorm,714,0,2,1
q_proj,714,0,2,1
k_proj,714,0,2,1
v_proj,714,0,2,1
rope,714,0,2,1
attn,714,0,2,1
o_proj,714,0,2,1
post_layernorm,714,0,2,1
gate_proj,714,0,2,753356
up_proj,714,0,2,1
act_fn,714,0,2,1
down_proj,714,0,2,1
final_layernorm,714,0,2,35282
lm_head,714,0,2,1432800
embedding,715,0,2,238349
input_layernorm,715,0,2,1
q_proj,715,0,2,1
k_proj,715,0,2,1
v_proj,715,0,2,1
rope,715,0,2,1
attn,715,0,2,1
o_proj,715,0,2,1
post_layernorm,715,0,2,1
gate_proj,715,0,2,754344
up_proj,715,0,2,1
act_fn,715,0,2,1
down_proj,715,0,2,1
final_layernorm,715,0,2,35330
lm_head,715,0,2,1434719
embedding,716,0,2,238659
input_layernorm,716,0,2,1
q_proj,716,0,2,1
k_proj,716,0,2,1
v_proj,716,0,2,1
rope,716,0,2,1
attn,716,0,2,1
o_proj,716,0,2,1
post_layernorm,716,0,2,1
gate_proj,716,0,2,755332
up_proj,716,0,2,1
act_fn,716,0,2,1
down_proj,716,0,2,1
final_layernorm,716,0,2,35377
lm_head,716,0,2,1436637
embedding,717,0,2,238969
input_layernorm,717,0,2,1
q_proj,717,0,2,1
k_proj,717,0,2,1
v_proj,717,0,2,1
rope,717,0,2,1
attn,717,0,2,1
o_proj,717,0,2,1
post_layernorm,717,0,2,1
gate_proj,717,0,2,756321
up_proj,717,0,2,1
act_fn,717,0,2,1
down_proj,717,0,2,1
final_layernorm,717,0,2,35424
lm_head,717,0,2,1438557
embedding,718,0,2,239279
input_layernorm,718,0,2,1
q_proj,718,0,2,1
k_proj,718,0,2,1
v_proj,718,0,2,1
rope,718,0,2,1
attn,718,0,2,1
o_proj,718,0,2,1
post_layernorm,718,0,2,1
gate_proj,718,0,2,757309
up_proj,718,0,2,1
act_fn,718,0,2,1
down_proj,718,0,2,1
final_layernorm,718,0,2,35471
lm_head,718,0,2,1440475
embedding,719,0,2,239589
input_layernorm,719,0,2,1
q_proj,719,0,2,1
k_proj,719,0,2,1
v_proj,719,0,2,1
rope,719,0,2,1
attn,719,0,2,1
o_proj,719,0,2,1
post_layernorm,719,0,2,1
gate_proj,719,0,2,758298
up_proj,719,0,2,1
act_fn,719,0,2,1
down_proj,719,0,2,1
final_layernorm,719,0,2,35519
lm_head,719,0,2,1442393
embedding,720,0,2,239898
input_layernorm,720,0,2,1
q_proj,720,0,2,1
k_proj,720,0,2,1
v_proj,720,0,2,1
rope,720,0,2,1
attn,720,0,2,1
o_proj,720,0,2,1
post_layernorm,720,0,2,1
gate_proj,720,0,2,759286
up_proj,720,0,2,1
act_fn,720,0,2,1
down_proj,720,0,2,1
final_layernorm,720,0,2,35566
lm_head,720,0,2,1444312
embedding,721,0,2,240208
input_layernorm,721,0,2,1
q_proj,721,0,2,1
k_proj,721,0,2,1
v_proj,721,0,2,1
rope,721,0,2,1
attn,721,0,2,1
o_proj,721,0,2,1
post_layernorm,721,0,2,1
gate_proj,721,0,2,760274
up_proj,721,0,2,1
act_fn,721,0,2,1
down_proj,721,0,2,1
final_layernorm,721,0,2,35613
lm_head,721,0,2,1446231
embedding,722,0,2,240518
input_layernorm,722,0,2,1
q_proj,722,0,2,1
k_proj,722,0,2,1
v_proj,722,0,2,1
rope,722,0,2,1
attn,722,0,2,1
o_proj,722,0,2,1
post_layernorm,722,0,2,1
gate_proj,722,0,2,761263
up_proj,722,0,2,1
act_fn,722,0,2,1
down_proj,722,0,2,1
final_layernorm,722,0,2,35660
lm_head,722,0,2,1448150
embedding,723,0,2,240828
input_layernorm,723,0,2,1
q_proj,723,0,2,1
k_proj,723,0,2,1
v_proj,723,0,2,1
rope,723,0,2,1
attn,723,0,2,1
o_proj,723,0,2,1
post_layernorm,723,0,2,1
gate_proj,723,0,2,762251
up_proj,723,0,2,1
act_fn,723,0,2,1
down_proj,723,0,2,1
final_layernorm,723,0,2,35708
lm_head,723,0,2,1450068
embedding,724,0,2,241138
input_layernorm,724,0,2,1
q_proj,724,0,2,1
k_proj,724,0,2,1
v_proj,724,0,2,1
rope,724,0,2,1
attn,724,0,2,1
o_proj,724,0,2,1
post_layernorm,724,0,2,1
gate_proj,724,0,2,763240
up_proj,724,0,2,1
act_fn,724,0,2,1
down_proj,724,0,2,1
final_layernorm,724,0,2,35755
lm_head,724,0,2,1451987
embedding,725,0,2,241447
input_layernorm,725,0,2,1
q_proj,725,0,2,1
k_proj,725,0,2,1
v_proj,725,0,2,1
rope,725,0,2,1
attn,725,0,2,1
o_proj,725,0,2,1
post_layernorm,725,0,2,1
gate_proj,725,0,2,764228
up_proj,725,0,2,1
act_fn,725,0,2,1
down_proj,725,0,2,1
final_layernorm,725,0,2,35802
lm_head,725,0,2,1453906
embedding,726,0,2,241757
input_layernorm,726,0,2,1
q_proj,726,0,2,1
k_proj,726,0,2,1
v_proj,726,0,2,1
rope,726,0,2,1
attn,726,0,2,1
o_proj,726,0,2,1
post_layernorm,726,0,2,1
gate_proj,726,0,2,765216
up_proj,726,0,2,1
act_fn,726,0,2,1
down_proj,726,0,2,1
final_layernorm,726,0,2,35849
lm_head,726,0,2,1455824
embedding,727,0,2,242067
input_layernorm,727,0,2,1
q_proj,727,0,2,1
k_proj,727,0,2,1
v_proj,727,0,2,1
rope,727,0,2,1
attn,727,0,2,1
o_proj,727,0,2,1
post_layernorm,727,0,2,1
gate_proj,727,0,2,766205
up_proj,727,0,2,1
act_fn,727,0,2,1
down_proj,727,0,2,1
final_layernorm,727,0,2,35897
lm_head,727,0,2,1457743
embedding,728,0,2,242377
input_layernorm,728,0,2,1
q_proj,728,0,2,1
k_proj,728,0,2,1
v_proj,728,0,2,1
rope,728,0,2,1
attn,728,0,2,1
o_proj,728,0,2,1
post_layernorm,728,0,2,1
gate_proj,728,0,2,767193
up_proj,728,0,2,1
act_fn,728,0,2,1
down_proj,728,0,2,1
final_layernorm,728,0,2,35944
lm_head,728,0,2,1459661
embedding,729,0,2,242687
input_layernorm,729,0,2,1
q_proj,729,0,2,1
k_proj,729,0,2,1
v_proj,729,0,2,1
rope,729,0,2,1
attn,729,0,2,1
o_proj,729,0,2,1
post_layernorm,729,0,2,1
gate_proj,729,0,2,768182
up_proj,729,0,2,1
act_fn,729,0,2,1
down_proj,729,0,2,1
final_layernorm,729,0,2,35991
lm_head,729,0,2,1461580
embedding,730,0,2,242997
input_layernorm,730,0,2,1
q_proj,730,0,2,1
k_proj,730,0,2,1
v_proj,730,0,2,1
rope,730,0,2,1
attn,730,0,2,1
o_proj,730,0,2,1
post_layernorm,730,0,2,1
gate_proj,730,0,2,769170
up_proj,730,0,2,1
act_fn,730,0,2,1
down_proj,730,0,2,1
final_layernorm,730,0,2,36038
lm_head,730,0,2,1463499
embedding,731,0,2,243306
input_layernorm,731,0,2,1
q_proj,731,0,2,1
k_proj,731,0,2,1
v_proj,731,0,2,1
rope,731,0,2,1
attn,731,0,2,1
o_proj,731,0,2,1
post_layernorm,731,0,2,1
gate_proj,731,0,2,770158
up_proj,731,0,2,1
act_fn,731,0,2,1
down_proj,731,0,2,1
final_layernorm,731,0,2,36086
lm_head,731,0,2,1465418
embedding,732,0,2,243616
input_layernorm,732,0,2,1
q_proj,732,0,2,1
k_proj,732,0,2,1
v_proj,732,0,2,1
rope,732,0,2,1
attn,732,0,2,1
o_proj,732,0,2,1
post_layernorm,732,0,2,1
gate_proj,732,0,2,771147
up_proj,732,0,2,1
act_fn,732,0,2,1
down_proj,732,0,2,1
final_layernorm,732,0,2,36133
lm_head,732,0,2,1467336
embedding,733,0,2,243926
input_layernorm,733,0,2,1
q_proj,733,0,2,1
k_proj,733,0,2,1
v_proj,733,0,2,1
rope,733,0,2,1
attn,733,0,2,1
o_proj,733,0,2,1
post_layernorm,733,0,2,1
gate_proj,733,0,2,772135
up_proj,733,0,2,1
act_fn,733,0,2,1
down_proj,733,0,2,1
final_layernorm,733,0,2,36180
lm_head,733,0,2,1469255
embedding,734,0,2,244236
input_layernorm,734,0,2,1
q_proj,734,0,2,1
k_proj,734,0,2,1
v_proj,734,0,2,1
rope,734,0,2,1
attn,734,0,2,1
o_proj,734,0,2,1
post_layernorm,734,0,2,1
gate_proj,734,0,2,773124
up_proj,734,0,2,1
act_fn,734,0,2,1
down_proj,734,0,2,1
final_layernorm,734,0,2,36227
lm_head,734,0,2,1471174
embedding,735,0,2,244546
input_layernorm,735,0,2,1
q_proj,735,0,2,1
k_proj,735,0,2,1
v_proj,735,0,2,1
rope,735,0,2,1
attn,735,0,2,1
o_proj,735,0,2,1
post_layernorm,735,0,2,1
gate_proj,735,0,2,774112
up_proj,735,0,2,1
act_fn,735,0,2,1
down_proj,735,0,2,1
final_layernorm,735,0,2,36274
lm_head,735,0,2,1473092
embedding,736,0,2,244855
input_layernorm,736,0,2,1
q_proj,736,0,2,1
k_proj,736,0,2,1
v_proj,736,0,2,1
rope,736,0,2,1
attn,736,0,2,1
o_proj,736,0,2,1
post_layernorm,736,0,2,1
gate_proj,736,0,2,775100
up_proj,736,0,2,1
act_fn,736,0,2,1
down_proj,736,0,2,1
final_layernorm,736,0,2,36322
lm_head,736,0,2,1475011
embedding,737,0,2,245165
input_layernorm,737,0,2,1
q_proj,737,0,2,1
k_proj,737,0,2,1
v_proj,737,0,2,1
rope,737,0,2,1
attn,737,0,2,1
o_proj,737,0,2,1
post_layernorm,737,0,2,1
gate_proj,737,0,2,776089
up_proj,737,0,2,1
act_fn,737,0,2,1
down_proj,737,0,2,1
final_layernorm,737,0,2,36369
lm_head,737,0,2,1476930
embedding,738,0,2,245475
input_layernorm,738,0,2,1
q_proj,738,0,2,1
k_proj,738,0,2,1
v_proj,738,0,2,1
rope,738,0,2,1
attn,738,0,2,1
o_proj,738,0,2,1
post_layernorm,738,0,2,1
gate_proj,738,0,2,777077
up_proj,738,0,2,1
act_fn,738,0,2,1
down_proj,738,0,2,1
final_layernorm,738,0,2,36416
lm_head,738,0,2,1478849
embedding,739,0,2,245785
input_layernorm,739,0,2,1
q_proj,739,0,2,1
k_proj,739,0,2,1
v_proj,739,0,2,1
rope,739,0,2,1
attn,739,0,2,1
o_proj,739,0,2,1
post_layernorm,739,0,2,1
gate_proj,739,0,2,778065
up_proj,739,0,2,1
act_fn,739,0,2,1
down_proj,739,0,2,1
final_layernorm,739,0,2,36463
lm_head,739,0,2,1480767
embedding,740,0,2,246095
input_layernorm,740,0,2,1
q_proj,740,0,2,1
k_proj,740,0,2,1
v_proj,740,0,2,1
rope,740,0,2,1
attn,740,0,2,1
o_proj,740,0,2,1
post_layernorm,740,0,2,1
gate_proj,740,0,2,779054
up_proj,740,0,2,1
act_fn,740,0,2,1
down_proj,740,0,2,1
final_layernorm,740,0,2,36511
lm_head,740,0,2,1482686
embedding,741,0,2,246405
input_layernorm,741,0,2,1
q_proj,741,0,2,1
k_proj,741,0,2,1
v_proj,741,0,2,1
rope,741,0,2,1
attn,741,0,2,1
o_proj,741,0,2,1
post_layernorm,741,0,2,1
gate_proj,741,0,2,780042
up_proj,741,0,2,1
act_fn,741,0,2,1
down_proj,741,0,2,1
final_layernorm,741,0,2,36558
lm_head,741,0,2,1484604
embedding,742,0,2,246714
input_layernorm,742,0,2,1
q_proj,742,0,2,1
k_proj,742,0,2,1
v_proj,742,0,2,1
rope,742,0,2,1
attn,742,0,2,1
o_proj,742,0,2,1
post_layernorm,742,0,2,1
gate_proj,742,0,2,781031
up_proj,742,0,2,1
act_fn,742,0,2,1
down_proj,742,0,2,1
final_layernorm,742,0,2,36605
lm_head,742,0,2,1486523
embedding,743,0,2,247024
input_layernorm,743,0,2,1
q_proj,743,0,2,1
k_proj,743,0,2,1
v_proj,743,0,2,1
rope,743,0,2,1
attn,743,0,2,1
o_proj,743,0,2,1
post_layernorm,743,0,2,1
gate_proj,743,0,2,782019
up_proj,743,0,2,1
act_fn,743,0,2,1
down_proj,743,0,2,1
final_layernorm,743,0,2,36652
lm_head,743,0,2,1488442
embedding,744,0,2,247334
input_layernorm,744,0,2,1
q_proj,744,0,2,1
k_proj,744,0,2,1
v_proj,744,0,2,1
rope,744,0,2,1
attn,744,0,2,1
o_proj,744,0,2,1
post_layernorm,744,0,2,1
gate_proj,744,0,2,783007
up_proj,744,0,2,1
act_fn,744,0,2,1
down_proj,744,0,2,1
final_layernorm,744,0,2,36700
lm_head,744,0,2,1490360
embedding,745,0,2,247644
input_layernorm,745,0,2,1
q_proj,745,0,2,1
k_proj,745,0,2,1
v_proj,745,0,2,1
rope,745,0,2,1
attn,745,0,2,1
o_proj,745,0,2,1
post_layernorm,745,0,2,1
gate_proj,745,0,2,783996
up_proj,745,0,2,1
act_fn,745,0,2,1
down_proj,745,0,2,1
final_layernorm,745,0,2,36747
lm_head,745,0,2,1492279
embedding,746,0,2,247954
input_layernorm,746,0,2,1
q_proj,746,0,2,1
k_proj,746,0,2,1
v_proj,746,0,2,1
rope,746,0,2,1
attn,746,0,2,1
o_proj,746,0,2,1
post_layernorm,746,0,2,1
gate_proj,746,0,2,784984
up_proj,746,0,2,1
act_fn,746,0,2,1
down_proj,746,0,2,1
final_layernorm,746,0,2,36794
lm_head,746,0,2,1494198
embedding,747,0,2,248263
input_layernorm,747,0,2,1
q_proj,747,0,2,1
k_proj,747,0,2,1
v_proj,747,0,2,1
rope,747,0,2,1
attn,747,0,2,1
o_proj,747,0,2,1
post_layernorm,747,0,2,1
gate_proj,747,0,2,785973
up_proj,747,0,2,1
act_fn,747,0,2,1
down_proj,747,0,2,1
final_layernorm,747,0,2,36841
lm_head,747,0,2,1496117
embedding,748,0,2,248573
input_layernorm,748,0,2,1
q_proj,748,0,2,1
k_proj,748,0,2,1
v_proj,748,0,2,1
rope,748,0,2,1
attn,748,0,2,1
o_proj,748,0,2,1
post_layernorm,748,0,2,1
gate_proj,748,0,2,786961
up_proj,748,0,2,1
act_fn,748,0,2,1
down_proj,748,0,2,1
final_layernorm,748,0,2,36889
lm_head,748,0,2,1498035
embedding,749,0,2,248883
input_layernorm,749,0,2,1
q_proj,749,0,2,1
k_proj,749,0,2,1
v_proj,749,0,2,1
rope,749,0,2,1
attn,749,0,2,1
o_proj,749,0,2,1
post_layernorm,749,0,2,1
gate_proj,749,0,2,787949
up_proj,749,0,2,1
act_fn,749,0,2,1
down_proj,749,0,2,1
final_layernorm,749,0,2,36936
lm_head,749,0,2,1499954
embedding,750,0,2,249193
input_layernorm,750,0,2,1
q_proj,750,0,2,1
k_proj,750,0,2,1
v_proj,750,0,2,1
rope,750,0,2,1
attn,750,0,2,1
o_proj,750,0,2,1
post_layernorm,750,0,2,1
gate_proj,750,0,2,788938
up_proj,750,0,2,1
act_fn,750,0,2,1
down_proj,750,0,2,1
final_layernorm,750,0,2,36983
lm_head,750,0,2,1501873
embedding,751,0,2,249503
input_layernorm,751,0,2,1
q_proj,751,0,2,1
k_proj,751,0,2,1
v_proj,751,0,2,1
rope,751,0,2,1
attn,751,0,2,1
o_proj,751,0,2,1
post_layernorm,751,0,2,1
gate_proj,751,0,2,789926
up_proj,751,0,2,1
act_fn,751,0,2,1
down_proj,751,0,2,1
final_layernorm,751,0,2,37030
lm_head,751,0,2,1503791
embedding,752,0,2,249812
input_layernorm,752,0,2,1
q_proj,752,0,2,1
k_proj,752,0,2,1
v_proj,752,0,2,1
rope,752,0,2,1
attn,752,0,2,1
o_proj,752,0,2,1
post_layernorm,752,0,2,1
gate_proj,752,0,2,790915
up_proj,752,0,2,1
act_fn,752,0,2,1
down_proj,752,0,2,1
final_layernorm,752,0,2,37078
lm_head,752,0,2,1505710
embedding,753,0,2,250122
input_layernorm,753,0,2,1
q_proj,753,0,2,1
k_proj,753,0,2,1
v_proj,753,0,2,1
rope,753,0,2,1
attn,753,0,2,1
o_proj,753,0,2,1
post_layernorm,753,0,2,1
gate_proj,753,0,2,791903
up_proj,753,0,2,1
act_fn,753,0,2,1
down_proj,753,0,2,1
final_layernorm,753,0,2,37125
lm_head,753,0,2,1507628
embedding,754,0,2,250432
input_layernorm,754,0,2,1
q_proj,754,0,2,1
k_proj,754,0,2,1
v_proj,754,0,2,1
rope,754,0,2,1
attn,754,0,2,1
o_proj,754,0,2,1
post_layernorm,754,0,2,1
gate_proj,754,0,2,792891
up_proj,754,0,2,1
act_fn,754,0,2,1
down_proj,754,0,2,1
final_layernorm,754,0,2,37172
lm_head,754,0,2,1509547
embedding,755,0,2,250742
input_layernorm,755,0,2,1
q_proj,755,0,2,1
k_proj,755,0,2,1
v_proj,755,0,2,1
rope,755,0,2,1
attn,755,0,2,1
o_proj,755,0,2,1
post_layernorm,755,0,2,1
gate_proj,755,0,2,793880
up_proj,755,0,2,1
act_fn,755,0,2,1
down_proj,755,0,2,1
final_layernorm,755,0,2,37219
lm_head,755,0,2,1511466
embedding,756,0,2,251052
input_layernorm,756,0,2,1
q_proj,756,0,2,1
k_proj,756,0,2,1
v_proj,756,0,2,1
rope,756,0,2,1
attn,756,0,2,1
o_proj,756,0,2,1
post_layernorm,756,0,2,1
gate_proj,756,0,2,794868
up_proj,756,0,2,1
act_fn,756,0,2,1
down_proj,756,0,2,1
final_layernorm,756,0,2,37267
lm_head,756,0,2,1513385
embedding,757,0,2,251362
input_layernorm,757,0,2,1
q_proj,757,0,2,1
k_proj,757,0,2,1
v_proj,757,0,2,1
rope,757,0,2,1
attn,757,0,2,1
o_proj,757,0,2,1
post_layernorm,757,0,2,1
gate_proj,757,0,2,795857
up_proj,757,0,2,1
act_fn,757,0,2,1
down_proj,757,0,2,1
final_layernorm,757,0,2,37314
lm_head,757,0,2,1515303
embedding,758,0,2,251671
input_layernorm,758,0,2,1
q_proj,758,0,2,1
k_proj,758,0,2,1
v_proj,758,0,2,1
rope,758,0,2,1
attn,758,0,2,1
o_proj,758,0,2,1
post_layernorm,758,0,2,1
gate_proj,758,0,2,796845
up_proj,758,0,2,1
act_fn,758,0,2,1
down_proj,758,0,2,1
final_layernorm,758,0,2,37361
lm_head,758,0,2,1517222
embedding,759,0,2,251981
input_layernorm,759,0,2,1
q_proj,759,0,2,1
k_proj,759,0,2,1
v_proj,759,0,2,1
rope,759,0,2,1
attn,759,0,2,1
o_proj,759,0,2,1
post_layernorm,759,0,2,1
gate_proj,759,0,2,797833
up_proj,759,0,2,1
act_fn,759,0,2,1
down_proj,759,0,2,1
final_layernorm,759,0,2,37408
lm_head,759,0,2,1519141
embedding,760,0,2,252291
input_layernorm,760,0,2,1
q_proj,760,0,2,1
k_proj,760,0,2,1
v_proj,760,0,2,1
rope,760,0,2,1
attn,760,0,2,1
o_proj,760,0,2,1
post_layernorm,760,0,2,1
gate_proj,760,0,2,798822
up_proj,760,0,2,1
act_fn,760,0,2,1
down_proj,760,0,2,1
final_layernorm,760,0,2,37456
lm_head,760,0,2,1521059
embedding,761,0,2,252601
input_layernorm,761,0,2,1
q_proj,761,0,2,1
k_proj,761,0,2,1
v_proj,761,0,2,1
rope,761,0,2,1
attn,761,0,2,1
o_proj,761,0,2,1
post_layernorm,761,0,2,1
gate_proj,761,0,2,799810
up_proj,761,0,2,1
act_fn,761,0,2,1
down_proj,761,0,2,1
final_layernorm,761,0,2,37503
lm_head,761,0,2,1522978
embedding,762,0,2,252911
input_layernorm,762,0,2,1
q_proj,762,0,2,1
k_proj,762,0,2,1
v_proj,762,0,2,1
rope,762,0,2,1
attn,762,0,2,1
o_proj,762,0,2,1
post_layernorm,762,0,2,1
gate_proj,762,0,2,800799
up_proj,762,0,2,1
act_fn,762,0,2,1
down_proj,762,0,2,1
final_layernorm,762,0,2,37550
lm_head,762,0,2,1524897
embedding,763,0,2,253220
input_layernorm,763,0,2,1
q_proj,763,0,2,1
k_proj,763,0,2,1
v_proj,763,0,2,1
rope,763,0,2,1
attn,763,0,2,1
o_proj,763,0,2,1
post_layernorm,763,0,2,1
gate_proj,763,0,2,801787
up_proj,763,0,2,1
act_fn,763,0,2,1
down_proj,763,0,2,1
final_layernorm,763,0,2,37597
lm_head,763,0,2,1526816
embedding,764,0,2,253530
input_layernorm,764,0,2,1
q_proj,764,0,2,1
k_proj,764,0,2,1
v_proj,764,0,2,1
rope,764,0,2,1
attn,764,0,2,1
o_proj,764,0,2,1
post_layernorm,764,0,2,1
gate_proj,764,0,2,802775
up_proj,764,0,2,1
act_fn,764,0,2,1
down_proj,764,0,2,1
final_layernorm,764,0,2,37645
lm_head,764,0,2,1528734
embedding,765,0,2,253840
input_layernorm,765,0,2,1
q_proj,765,0,2,1
k_proj,765,0,2,1
v_proj,765,0,2,1
rope,765,0,2,1
attn,765,0,2,1
o_proj,765,0,2,1
post_layernorm,765,0,2,1
gate_proj,765,0,2,803764
up_proj,765,0,2,1
act_fn,765,0,2,1
down_proj,765,0,2,1
final_layernorm,765,0,2,37692
lm_head,765,0,2,1530652
embedding,766,0,2,254150
input_layernorm,766,0,2,1
q_proj,766,0,2,1
k_proj,766,0,2,1
v_proj,766,0,2,1
rope,766,0,2,1
attn,766,0,2,1
o_proj,766,0,2,1
post_layernorm,766,0,2,1
gate_proj,766,0,2,804752
up_proj,766,0,2,1
act_fn,766,0,2,1
down_proj,766,0,2,1
final_layernorm,766,0,2,37739
lm_head,766,0,2,1532571
embedding,767,0,2,254460
input_layernorm,767,0,2,1
q_proj,767,0,2,1
k_proj,767,0,2,1
v_proj,767,0,2,1
rope,767,0,2,1
attn,767,0,2,1
o_proj,767,0,2,1
post_layernorm,767,0,2,1
gate_proj,767,0,2,805741
up_proj,767,0,2,1
act_fn,767,0,2,1
down_proj,767,0,2,1
final_layernorm,767,0,2,37786
lm_head,767,0,2,1534490
embedding,768,0,2,254770
input_layernorm,768,0,2,1
q_proj,768,0,2,1
k_proj,768,0,2,1
v_proj,768,0,2,1
rope,768,0,2,1
attn,768,0,2,1
o_proj,768,0,2,1
post_layernorm,768,0,2,1
gate_proj,768,0,2,806730
up_proj,768,0,2,1
act_fn,768,0,2,1
down_proj,768,0,2,1
final_layernorm,768,0,2,37834
lm_head,768,0,2,1536408
embedding,769,0,2,255079
input_layernorm,769,0,2,1
q_proj,769,0,2,1
k_proj,769,0,2,1
v_proj,769,0,2,1
rope,769,0,2,1
attn,769,0,2,1
o_proj,769,0,2,1
post_layernorm,769,0,2,1
gate_proj,769,0,2,807718
up_proj,769,0,2,1
act_fn,769,0,2,1
down_proj,769,0,2,1
final_layernorm,769,0,2,37881
lm_head,769,0,2,1538327
embedding,770,0,2,255389
input_layernorm,770,0,2,1
q_proj,770,0,2,1
k_proj,770,0,2,1
v_proj,770,0,2,1
rope,770,0,2,1
attn,770,0,2,1
o_proj,770,0,2,1
post_layernorm,770,0,2,1
gate_proj,770,0,2,808706
up_proj,770,0,2,1
act_fn,770,0,2,1
down_proj,770,0,2,1
final_layernorm,770,0,2,37928
lm_head,770,0,2,1540246
embedding,771,0,2,255699
input_layernorm,771,0,2,1
q_proj,771,0,2,1
k_proj,771,0,2,1
v_proj,771,0,2,1
rope,771,0,2,1
attn,771,0,2,1
o_proj,771,0,2,1
post_layernorm,771,0,2,1
gate_proj,771,0,2,809695
up_proj,771,0,2,1
act_fn,771,0,2,1
down_proj,771,0,2,1
final_layernorm,771,0,2,37975
lm_head,771,0,2,1542164
embedding,772,0,2,256009
input_layernorm,772,0,2,1
q_proj,772,0,2,1
k_proj,772,0,2,1
v_proj,772,0,2,1
rope,772,0,2,1
attn,772,0,2,1
o_proj,772,0,2,1
post_layernorm,772,0,2,1
gate_proj,772,0,2,810683
up_proj,772,0,2,1
act_fn,772,0,2,1
down_proj,772,0,2,1
final_layernorm,772,0,2,38023
lm_head,772,0,2,1544083
embedding,773,0,2,256319
input_layernorm,773,0,2,1
q_proj,773,0,2,1
k_proj,773,0,2,1
v_proj,773,0,2,1
rope,773,0,2,1
attn,773,0,2,1
o_proj,773,0,2,1
post_layernorm,773,0,2,1
gate_proj,773,0,2,811672
up_proj,773,0,2,1
act_fn,773,0,2,1
down_proj,773,0,2,1
final_layernorm,773,0,2,38070
lm_head,773,0,2,1546001
embedding,774,0,2,256628
input_layernorm,774,0,2,1
q_proj,774,0,2,1
k_proj,774,0,2,1
v_proj,774,0,2,1
rope,774,0,2,1
attn,774,0,2,1
o_proj,774,0,2,1
post_layernorm,774,0,2,1
gate_proj,774,0,2,812660
up_proj,774,0,2,1
act_fn,774,0,2,1
down_proj,774,0,2,1
final_layernorm,774,0,2,38117
lm_head,774,0,2,1547920
embedding,775,0,2,256938
input_layernorm,775,0,2,1
q_proj,775,0,2,1
k_proj,775,0,2,1
v_proj,775,0,2,1
rope,775,0,2,1
attn,775,0,2,1
o_proj,775,0,2,1
post_layernorm,775,0,2,1
gate_proj,775,0,2,813648
up_proj,775,0,2,1
act_fn,775,0,2,1
down_proj,775,0,2,1
final_layernorm,775,0,2,38164
lm_head,775,0,2,1549839
embedding,776,0,2,257248
input_layernorm,776,0,2,1
q_proj,776,0,2,1
k_proj,776,0,2,1
v_proj,776,0,2,1
rope,776,0,2,1
attn,776,0,2,1
o_proj,776,0,2,1
post_layernorm,776,0,2,1
gate_proj,776,0,2,814637
up_proj,776,0,2,1
act_fn,776,0,2,1
down_proj,776,0,2,1
final_layernorm,776,0,2,38212
lm_head,776,0,2,1551757
embedding,777,0,2,257558
input_layernorm,777,0,2,1
q_proj,777,0,2,1
k_proj,777,0,2,1
v_proj,777,0,2,1
rope,777,0,2,1
attn,777,0,2,1
o_proj,777,0,2,1
post_layernorm,777,0,2,1
gate_proj,777,0,2,815625
up_proj,777,0,2,1
act_fn,777,0,2,1
down_proj,777,0,2,1
final_layernorm,777,0,2,38259
lm_head,777,0,2,1553676
embedding,778,0,2,257868
input_layernorm,778,0,2,1
q_proj,778,0,2,1
k_proj,778,0,2,1
v_proj,778,0,2,1
rope,778,0,2,1
attn,778,0,2,1
o_proj,778,0,2,1
post_layernorm,778,0,2,1
gate_proj,778,0,2,816613
up_proj,778,0,2,1
act_fn,778,0,2,1
down_proj,778,0,2,1
final_layernorm,778,0,2,38306
lm_head,778,0,2,1555595
embedding,779,0,2,258177
input_layernorm,779,0,2,1
q_proj,779,0,2,1
k_proj,779,0,2,1
v_proj,779,0,2,1
rope,779,0,2,1
attn,779,0,2,1
o_proj,779,0,2,1
post_layernorm,779,0,2,1
gate_proj,779,0,2,817602
up_proj,779,0,2,1
act_fn,779,0,2,1
down_proj,779,0,2,1
final_layernorm,779,0,2,38353
lm_head,779,0,2,1557514
embedding,780,0,2,258487
input_layernorm,780,0,2,1
q_proj,780,0,2,1
k_proj,780,0,2,1
v_proj,780,0,2,1
rope,780,0,2,1
attn,780,0,2,1
o_proj,780,0,2,1
post_layernorm,780,0,2,1
gate_proj,780,0,2,818590
up_proj,780,0,2,1
act_fn,780,0,2,1
down_proj,780,0,2,1
final_layernorm,780,0,2,38401
lm_head,780,0,2,1559432
embedding,781,0,2,258797
input_layernorm,781,0,2,1
q_proj,781,0,2,1
k_proj,781,0,2,1
v_proj,781,0,2,1
rope,781,0,2,1
attn,781,0,2,1
o_proj,781,0,2,1
post_layernorm,781,0,2,1
gate_proj,781,0,2,819579
up_proj,781,0,2,1
act_fn,781,0,2,1
down_proj,781,0,2,1
final_layernorm,781,0,2,38448
lm_head,781,0,2,1561351
embedding,782,0,2,259107
input_layernorm,782,0,2,1
q_proj,782,0,2,1
k_proj,782,0,2,1
v_proj,782,0,2,1
rope,782,0,2,1
attn,782,0,2,1
o_proj,782,0,2,1
post_layernorm,782,0,2,1
gate_proj,782,0,2,820567
up_proj,782,0,2,1
act_fn,782,0,2,1
down_proj,782,0,2,1
final_layernorm,782,0,2,38495
lm_head,782,0,2,1563270
embedding,783,0,2,259417
input_layernorm,783,0,2,1
q_proj,783,0,2,1
k_proj,783,0,2,1
v_proj,783,0,2,1
rope,783,0,2,1
attn,783,0,2,1
o_proj,783,0,2,1
post_layernorm,783,0,2,1
gate_proj,783,0,2,821555
up_proj,783,0,2,1
act_fn,783,0,2,1
down_proj,783,0,2,1
final_layernorm,783,0,2,38542
lm_head,783,0,2,1565188
embedding,784,0,2,259727
input_layernorm,784,0,2,1
q_proj,784,0,2,1
k_proj,784,0,2,1
v_proj,784,0,2,1
rope,784,0,2,1
attn,784,0,2,1
o_proj,784,0,2,1
post_layernorm,784,0,2,1
gate_proj,784,0,2,822544
up_proj,784,0,2,1
act_fn,784,0,2,1
down_proj,784,0,2,1
final_layernorm,784,0,2,38590
lm_head,784,0,2,1567107
embedding,785,0,2,260036
input_layernorm,785,0,2,1
q_proj,785,0,2,1
k_proj,785,0,2,1
v_proj,785,0,2,1
rope,785,0,2,1
attn,785,0,2,1
o_proj,785,0,2,1
post_layernorm,785,0,2,1
gate_proj,785,0,2,823532
up_proj,785,0,2,1
act_fn,785,0,2,1
down_proj,785,0,2,1
final_layernorm,785,0,2,38637
lm_head,785,0,2,1569025
embedding,786,0,2,260346
input_layernorm,786,0,2,1
q_proj,786,0,2,1
k_proj,786,0,2,1
v_proj,786,0,2,1
rope,786,0,2,1
attn,786,0,2,1
o_proj,786,0,2,1
post_layernorm,786,0,2,1
gate_proj,786,0,2,824521
up_proj,786,0,2,1
act_fn,786,0,2,1
down_proj,786,0,2,1
final_layernorm,786,0,2,38684
lm_head,786,0,2,1570944
embedding,787,0,2,260656
input_layernorm,787,0,2,1
q_proj,787,0,2,1
k_proj,787,0,2,1
v_proj,787,0,2,1
rope,787,0,2,1
attn,787,0,2,1
o_proj,787,0,2,1
post_layernorm,787,0,2,1
gate_proj,787,0,2,825509
up_proj,787,0,2,1
act_fn,787,0,2,1
down_proj,787,0,2,1
final_layernorm,787,0,2,38731
lm_head,787,0,2,1572863
embedding,788,0,2,260966
input_layernorm,788,0,2,1
q_proj,788,0,2,1
k_proj,788,0,2,1
v_proj,788,0,2,1
rope,788,0,2,1
attn,788,0,2,1
o_proj,788,0,2,1
post_layernorm,788,0,2,1
gate_proj,788,0,2,826497
up_proj,788,0,2,1
act_fn,788,0,2,1
down_proj,788,0,2,1
final_layernorm,788,0,2,38779
lm_head,788,0,2,1574782
embedding,789,0,2,261276
input_layernorm,789,0,2,1
q_proj,789,0,2,1
k_proj,789,0,2,1
v_proj,789,0,2,1
rope,789,0,2,1
attn,789,0,2,1
o_proj,789,0,2,1
post_layernorm,789,0,2,1
gate_proj,789,0,2,827486
up_proj,789,0,2,1
act_fn,789,0,2,1
down_proj,789,0,2,1
final_layernorm,789,0,2,38826
lm_head,789,0,2,1576700
embedding,790,0,2,261585
input_layernorm,790,0,2,1
q_proj,790,0,2,1
k_proj,790,0,2,1
v_proj,790,0,2,1
rope,790,0,2,1
attn,790,0,2,1
o_proj,790,0,2,1
post_layernorm,790,0,2,1
gate_proj,790,0,2,828474
up_proj,790,0,2,1
act_fn,790,0,2,1
down_proj,790,0,2,1
final_layernorm,790,0,2,38873
lm_head,790,0,2,1578619
embedding,791,0,2,261895
input_layernorm,791,0,2,1
q_proj,791,0,2,1
k_proj,791,0,2,1
v_proj,791,0,2,1
rope,791,0,2,1
attn,791,0,2,1
o_proj,791,0,2,1
post_layernorm,791,0,2,1
gate_proj,791,0,2,829463
up_proj,791,0,2,1
act_fn,791,0,2,1
down_proj,791,0,2,1
final_layernorm,791,0,2,38920
lm_head,791,0,2,1580538
embedding,792,0,2,262205
input_layernorm,792,0,2,1
q_proj,792,0,2,1
k_proj,792,0,2,1
v_proj,792,0,2,1
rope,792,0,2,1
attn,792,0,2,1
o_proj,792,0,2,1
post_layernorm,792,0,2,1
gate_proj,792,0,2,830451
up_proj,792,0,2,1
act_fn,792,0,2,1
down_proj,792,0,2,1
final_layernorm,792,0,2,38968
lm_head,792,0,2,1582456
embedding,793,0,2,262515
input_layernorm,793,0,2,1
q_proj,793,0,2,1
k_proj,793,0,2,1
v_proj,793,0,2,1
rope,793,0,2,1
attn,793,0,2,1
o_proj,793,0,2,1
post_layernorm,793,0,2,1
gate_proj,793,0,2,831439
up_proj,793,0,2,1
act_fn,793,0,2,1
down_proj,793,0,2,1
final_layernorm,793,0,2,39015
lm_head,793,0,2,1584375
embedding,794,0,2,262825
input_layernorm,794,0,2,1
q_proj,794,0,2,1
k_proj,794,0,2,1
v_proj,794,0,2,1
rope,794,0,2,1
attn,794,0,2,1
o_proj,794,0,2,1
post_layernorm,794,0,2,1
gate_proj,794,0,2,832428
up_proj,794,0,2,1
act_fn,794,0,2,1
down_proj,794,0,2,1
final_layernorm,794,0,2,39062
lm_head,794,0,2,1586294
embedding,795,0,2,263134
input_layernorm,795,0,2,1
q_proj,795,0,2,1
k_proj,795,0,2,1
v_proj,795,0,2,1
rope,795,0,2,1
attn,795,0,2,1
o_proj,795,0,2,1
post_layernorm,795,0,2,1
gate_proj,795,0,2,833416
up_proj,795,0,2,1
act_fn,795,0,2,1
down_proj,795,0,2,1
final_layernorm,795,0,2,39109
lm_head,795,0,2,1588213
embedding,796,0,2,263444
input_layernorm,796,0,2,1
q_proj,796,0,2,1
k_proj,796,0,2,1
v_proj,796,0,2,1
rope,796,0,2,1
attn,796,0,2,1
o_proj,796,0,2,1
post_layernorm,796,0,2,1
gate_proj,796,0,2,834405
up_proj,796,0,2,1
act_fn,796,0,2,1
down_proj,796,0,2,1
final_layernorm,796,0,2,39157
lm_head,796,0,2,1590131
embedding,797,0,2,263754
input_layernorm,797,0,2,1
q_proj,797,0,2,1
k_proj,797,0,2,1
v_proj,797,0,2,1
rope,797,0,2,1
attn,797,0,2,1
o_proj,797,0,2,1
post_layernorm,797,0,2,1
gate_proj,797,0,2,835393
up_proj,797,0,2,1
act_fn,797,0,2,1
down_proj,797,0,2,1
final_layernorm,797,0,2,39204
lm_head,797,0,2,1592049
embedding,798,0,2,264064
input_layernorm,798,0,2,1
q_proj,798,0,2,1
k_proj,798,0,2,1
v_proj,798,0,2,1
rope,798,0,2,1
attn,798,0,2,1
o_proj,798,0,2,1
post_layernorm,798,0,2,1
gate_proj,798,0,2,836381
up_proj,798,0,2,1
act_fn,798,0,2,1
down_proj,798,0,2,1
final_layernorm,798,0,2,39251
lm_head,798,0,2,1593968
embedding,799,0,2,264374
input_layernorm,799,0,2,1
q_proj,799,0,2,1
k_proj,799,0,2,1
v_proj,799,0,2,1
rope,799,0,2,1
attn,799,0,2,1
o_proj,799,0,2,1
post_layernorm,799,0,2,1
gate_proj,799,0,2,837370
up_proj,799,0,2,1
act_fn,799,0,2,1
down_proj,799,0,2,1
final_layernorm,799,0,2,39298
lm_head,799,0,2,1595887
embedding,800,0,2,264684
input_layernorm,800,0,2,1
q_proj,800,0,2,1
k_proj,800,0,2,1
v_proj,800,0,2,1
rope,800,0,2,1
attn,800,0,2,1
o_proj,800,0,2,1
post_layernorm,800,0,2,1
gate_proj,800,0,2,838358
up_proj,800,0,2,1
act_fn,800,0,2,1
down_proj,800,0,2,1
final_layernorm,800,0,2,39346
lm_head,800,0,2,1597805
embedding,801,0,2,264993
input_layernorm,801,0,2,1
q_proj,801,0,2,1
k_proj,801,0,2,1
v_proj,801,0,2,1
rope,801,0,2,1
attn,801,0,2,1
o_proj,801,0,2,1
post_layernorm,801,0,2,1
gate_proj,801,0,2,839347
up_proj,801,0,2,1
act_fn,801,0,2,1
down_proj,801,0,2,1
final_layernorm,801,0,2,39393
lm_head,801,0,2,1599724
embedding,802,0,2,265303
input_layernorm,802,0,2,1
q_proj,802,0,2,1
k_proj,802,0,2,1
v_proj,802,0,2,1
rope,802,0,2,1
attn,802,0,2,1
o_proj,802,0,2,1
post_layernorm,802,0,2,1
gate_proj,802,0,2,840335
up_proj,802,0,2,1
act_fn,802,0,2,1
down_proj,802,0,2,1
final_layernorm,802,0,2,39440
lm_head,802,0,2,1601643
embedding,803,0,2,265613
input_layernorm,803,0,2,1
q_proj,803,0,2,1
k_proj,803,0,2,1
v_proj,803,0,2,1
rope,803,0,2,1
attn,803,0,2,1
o_proj,803,0,2,1
post_layernorm,803,0,2,1
gate_proj,803,0,2,841323
up_proj,803,0,2,1
act_fn,803,0,2,1
down_proj,803,0,2,1
final_layernorm,803,0,2,39487
lm_head,803,0,2,1603562
embedding,804,0,2,265923
input_layernorm,804,0,2,1
q_proj,804,0,2,1
k_proj,804,0,2,1
v_proj,804,0,2,1
rope,804,0,2,1
attn,804,0,2,1
o_proj,804,0,2,1
post_layernorm,804,0,2,1
gate_proj,804,0,2,842312
up_proj,804,0,2,1
act_fn,804,0,2,1
down_proj,804,0,2,1
final_layernorm,804,0,2,39535
lm_head,804,0,2,1605480
embedding,805,0,2,266233
input_layernorm,805,0,2,1
q_proj,805,0,2,1
k_proj,805,0,2,1
v_proj,805,0,2,1
rope,805,0,2,1
attn,805,0,2,1
o_proj,805,0,2,1
post_layernorm,805,0,2,1
gate_proj,805,0,2,843300
up_proj,805,0,2,1
act_fn,805,0,2,1
down_proj,805,0,2,1
final_layernorm,805,0,2,39582
lm_head,805,0,2,1607399
embedding,806,0,2,266542
input_layernorm,806,0,2,1
q_proj,806,0,2,1
k_proj,806,0,2,1
v_proj,806,0,2,1
rope,806,0,2,1
attn,806,0,2,1
o_proj,806,0,2,1
post_layernorm,806,0,2,1
gate_proj,806,0,2,844289
up_proj,806,0,2,1
act_fn,806,0,2,1
down_proj,806,0,2,1
final_layernorm,806,0,2,39629
lm_head,806,0,2,1609317
embedding,807,0,2,266852
input_layernorm,807,0,2,1
q_proj,807,0,2,1
k_proj,807,0,2,1
v_proj,807,0,2,1
rope,807,0,2,1
attn,807,0,2,1
o_proj,807,0,2,1
post_layernorm,807,0,2,1
gate_proj,807,0,2,845277
up_proj,807,0,2,1
act_fn,807,0,2,1
down_proj,807,0,2,1
final_layernorm,807,0,2,39676
lm_head,807,0,2,1611237
embedding,808,0,2,267162
input_layernorm,808,0,2,1
q_proj,808,0,2,1
k_proj,808,0,2,1
v_proj,808,0,2,1
rope,808,0,2,1
attn,808,0,2,1
o_proj,808,0,2,1
post_layernorm,808,0,2,1
gate_proj,808,0,2,846265
up_proj,808,0,2,1
act_fn,808,0,2,1
down_proj,808,0,2,1
final_layernorm,808,0,2,39723
lm_head,808,0,2,1613155
embedding,809,0,2,267472
input_layernorm,809,0,2,1
q_proj,809,0,2,1
k_proj,809,0,2,1
v_proj,809,0,2,1
rope,809,0,2,1
attn,809,0,2,1
o_proj,809,0,2,1
post_layernorm,809,0,2,1
gate_proj,809,0,2,847254
up_proj,809,0,2,1
act_fn,809,0,2,1
down_proj,809,0,2,1
final_layernorm,809,0,2,39771
lm_head,809,0,2,1615074
embedding,810,0,2,267782
input_layernorm,810,0,2,1
q_proj,810,0,2,1
k_proj,810,0,2,1
v_proj,810,0,2,1
rope,810,0,2,1
attn,810,0,2,1
o_proj,810,0,2,1
post_layernorm,810,0,2,1
gate_proj,810,0,2,848242
up_proj,810,0,2,1
act_fn,810,0,2,1
down_proj,810,0,2,1
final_layernorm,810,0,2,39818
lm_head,810,0,2,1616992
embedding,811,0,2,268092
input_layernorm,811,0,2,1
q_proj,811,0,2,1
k_proj,811,0,2,1
v_proj,811,0,2,1
rope,811,0,2,1
attn,811,0,2,1
o_proj,811,0,2,1
post_layernorm,811,0,2,1
gate_proj,811,0,2,849231
up_proj,811,0,2,1
act_fn,811,0,2,1
down_proj,811,0,2,1
final_layernorm,811,0,2,39865
lm_head,811,0,2,1618911
embedding,812,0,2,268401
input_layernorm,812,0,2,1
q_proj,812,0,2,1
k_proj,812,0,2,1
v_proj,812,0,2,1
rope,812,0,2,1
attn,812,0,2,1
o_proj,812,0,2,1
post_layernorm,812,0,2,1
gate_proj,812,0,2,850219
up_proj,812,0,2,1
act_fn,812,0,2,1
down_proj,812,0,2,1
final_layernorm,812,0,2,39912
lm_head,812,0,2,1620830
embedding,813,0,2,268711
input_layernorm,813,0,2,1
q_proj,813,0,2,1
k_proj,813,0,2,1
v_proj,813,0,2,1
rope,813,0,2,1
attn,813,0,2,1
o_proj,813,0,2,1
post_layernorm,813,0,2,1
gate_proj,813,0,2,851207
up_proj,813,0,2,1
act_fn,813,0,2,1
down_proj,813,0,2,1
final_layernorm,813,0,2,39960
lm_head,813,0,2,1622748
embedding,814,0,2,269021
input_layernorm,814,0,2,1
q_proj,814,0,2,1
k_proj,814,0,2,1
v_proj,814,0,2,1
rope,814,0,2,1
attn,814,0,2,1
o_proj,814,0,2,1
post_layernorm,814,0,2,1
gate_proj,814,0,2,852196
up_proj,814,0,2,1
act_fn,814,0,2,1
down_proj,814,0,2,1
final_layernorm,814,0,2,40007
lm_head,814,0,2,1624667
embedding,815,0,2,269331
input_layernorm,815,0,2,1
q_proj,815,0,2,1
k_proj,815,0,2,1
v_proj,815,0,2,1
rope,815,0,2,1
attn,815,0,2,1
o_proj,815,0,2,1
post_layernorm,815,0,2,1
gate_proj,815,0,2,853184
up_proj,815,0,2,1
act_fn,815,0,2,1
down_proj,815,0,2,1
final_layernorm,815,0,2,40054
lm_head,815,0,2,1626586
embedding,816,0,2,269641
input_layernorm,816,0,2,1
q_proj,816,0,2,1
k_proj,816,0,2,1
v_proj,816,0,2,1
rope,816,0,2,1
attn,816,0,2,1
o_proj,816,0,2,1
post_layernorm,816,0,2,1
gate_proj,816,0,2,854173
up_proj,816,0,2,1
act_fn,816,0,2,1
down_proj,816,0,2,1
final_layernorm,816,0,2,40101
lm_head,816,0,2,1628505
embedding,817,0,2,269950
input_layernorm,817,0,2,1
q_proj,817,0,2,1
k_proj,817,0,2,1
v_proj,817,0,2,1
rope,817,0,2,1
attn,817,0,2,1
o_proj,817,0,2,1
post_layernorm,817,0,2,1
gate_proj,817,0,2,855161
up_proj,817,0,2,1
act_fn,817,0,2,1
down_proj,817,0,2,1
final_layernorm,817,0,2,40149
lm_head,817,0,2,1630423
embedding,818,0,2,270260
input_layernorm,818,0,2,1
q_proj,818,0,2,1
k_proj,818,0,2,1
v_proj,818,0,2,1
rope,818,0,2,1
attn,818,0,2,1
o_proj,818,0,2,1
post_layernorm,818,0,2,1
gate_proj,818,0,2,856149
up_proj,818,0,2,1
act_fn,818,0,2,1
down_proj,818,0,2,1
final_layernorm,818,0,2,40196
lm_head,818,0,2,1632342
embedding,819,0,2,270570
input_layernorm,819,0,2,1
q_proj,819,0,2,1
k_proj,819,0,2,1
v_proj,819,0,2,1
rope,819,0,2,1
attn,819,0,2,1
o_proj,819,0,2,1
post_layernorm,819,0,2,1
gate_proj,819,0,2,857138
up_proj,819,0,2,1
act_fn,819,0,2,1
down_proj,819,0,2,1
final_layernorm,819,0,2,40243
lm_head,819,0,2,1634260
embedding,820,0,2,270880
input_layernorm,820,0,2,1
q_proj,820,0,2,1
k_proj,820,0,2,1
v_proj,820,0,2,1
rope,820,0,2,1
attn,820,0,2,1
o_proj,820,0,2,1
post_layernorm,820,0,2,1
gate_proj,820,0,2,858126
up_proj,820,0,2,1
act_fn,820,0,2,1
down_proj,820,0,2,1
final_layernorm,820,0,2,40290
lm_head,820,0,2,1636179
embedding,821,0,2,271190
input_layernorm,821,0,2,1
q_proj,821,0,2,1
k_proj,821,0,2,1
v_proj,821,0,2,1
rope,821,0,2,1
attn,821,0,2,1
o_proj,821,0,2,1
post_layernorm,821,0,2,1
gate_proj,821,0,2,859115
up_proj,821,0,2,1
act_fn,821,0,2,1
down_proj,821,0,2,1
final_layernorm,821,0,2,40338
lm_head,821,0,2,1638098
embedding,822,0,2,271499
input_layernorm,822,0,2,1
q_proj,822,0,2,1
k_proj,822,0,2,1
v_proj,822,0,2,1
rope,822,0,2,1
attn,822,0,2,1
o_proj,822,0,2,1
post_layernorm,822,0,2,1
gate_proj,822,0,2,860103
up_proj,822,0,2,1
act_fn,822,0,2,1
down_proj,822,0,2,1
final_layernorm,822,0,2,40385
lm_head,822,0,2,1640016
embedding,823,0,2,271809
input_layernorm,823,0,2,1
q_proj,823,0,2,1
k_proj,823,0,2,1
v_proj,823,0,2,1
rope,823,0,2,1
attn,823,0,2,1
o_proj,823,0,2,1
post_layernorm,823,0,2,1
gate_proj,823,0,2,861091
up_proj,823,0,2,1
act_fn,823,0,2,1
down_proj,823,0,2,1
final_layernorm,823,0,2,40432
lm_head,823,0,2,1641935
embedding,824,0,2,272119
input_layernorm,824,0,2,1
q_proj,824,0,2,1
k_proj,824,0,2,1
v_proj,824,0,2,1
rope,824,0,2,1
attn,824,0,2,1
o_proj,824,0,2,1
post_layernorm,824,0,2,1
gate_proj,824,0,2,862080
up_proj,824,0,2,1
act_fn,824,0,2,1
down_proj,824,0,2,1
final_layernorm,824,0,2,40479
lm_head,824,0,2,1643854
embedding,825,0,2,272429
input_layernorm,825,0,2,1
q_proj,825,0,2,1
k_proj,825,0,2,1
v_proj,825,0,2,1
rope,825,0,2,1
attn,825,0,2,1
o_proj,825,0,2,1
post_layernorm,825,0,2,1
gate_proj,825,0,2,863068
up_proj,825,0,2,1
act_fn,825,0,2,1
down_proj,825,0,2,1
final_layernorm,825,0,2,40527
lm_head,825,0,2,1645772
embedding,826,0,2,272739
input_layernorm,826,0,2,1
q_proj,826,0,2,1
k_proj,826,0,2,1
v_proj,826,0,2,1
rope,826,0,2,1
attn,826,0,2,1
o_proj,826,0,2,1
post_layernorm,826,0,2,1
gate_proj,826,0,2,864057
up_proj,826,0,2,1
act_fn,826,0,2,1
down_proj,826,0,2,1
final_layernorm,826,0,2,40574
lm_head,826,0,2,1647691
embedding,827,0,2,273049
input_layernorm,827,0,2,1
q_proj,827,0,2,1
k_proj,827,0,2,1
v_proj,827,0,2,1
rope,827,0,2,1
attn,827,0,2,1
o_proj,827,0,2,1
post_layernorm,827,0,2,1
gate_proj,827,0,2,865045
up_proj,827,0,2,1
act_fn,827,0,2,1
down_proj,827,0,2,1
final_layernorm,827,0,2,40621
lm_head,827,0,2,1649610
embedding,828,0,2,273358
input_layernorm,828,0,2,1
q_proj,828,0,2,1
k_proj,828,0,2,1
v_proj,828,0,2,1
rope,828,0,2,1
attn,828,0,2,1
o_proj,828,0,2,1
post_layernorm,828,0,2,1
gate_proj,828,0,2,866033
up_proj,828,0,2,1
act_fn,828,0,2,1
down_proj,828,0,2,1
final_layernorm,828,0,2,40668
lm_head,828,0,2,1651529
embedding,829,0,2,273668
input_layernorm,829,0,2,1
q_proj,829,0,2,1
k_proj,829,0,2,1
v_proj,829,0,2,1
rope,829,0,2,1
attn,829,0,2,1
o_proj,829,0,2,1
post_layernorm,829,0,2,1
gate_proj,829,0,2,867022
up_proj,829,0,2,1
act_fn,829,0,2,1
down_proj,829,0,2,1
final_layernorm,829,0,2,40716
lm_head,829,0,2,1653447
embedding,830,0,2,273978
input_layernorm,830,0,2,1
q_proj,830,0,2,1
k_proj,830,0,2,1
v_proj,830,0,2,1
rope,830,0,2,1
attn,830,0,2,1
o_proj,830,0,2,1
post_layernorm,830,0,2,1
gate_proj,830,0,2,868010
up_proj,830,0,2,1
act_fn,830,0,2,1
down_proj,830,0,2,1
final_layernorm,830,0,2,40763
lm_head,830,0,2,1655366
embedding,831,0,2,274288
input_layernorm,831,0,2,1
q_proj,831,0,2,1
k_proj,831,0,2,1
v_proj,831,0,2,1
rope,831,0,2,1
attn,831,0,2,1
o_proj,831,0,2,1
post_layernorm,831,0,2,1
gate_proj,831,0,2,868999
up_proj,831,0,2,1
act_fn,831,0,2,1
down_proj,831,0,2,1
final_layernorm,831,0,2,40810
lm_head,831,0,2,1657284
embedding,832,0,2,274598
input_layernorm,832,0,2,1
q_proj,832,0,2,1
k_proj,832,0,2,1
v_proj,832,0,2,1
rope,832,0,2,1
attn,832,0,2,1
o_proj,832,0,2,1
post_layernorm,832,0,2,1
gate_proj,832,0,2,869987
up_proj,832,0,2,1
act_fn,832,0,2,1
down_proj,832,0,2,1
final_layernorm,832,0,2,40857
lm_head,832,0,2,1659203
embedding,833,0,2,274907
input_layernorm,833,0,2,1
q_proj,833,0,2,1
k_proj,833,0,2,1
v_proj,833,0,2,1
rope,833,0,2,1
attn,833,0,2,1
o_proj,833,0,2,1
post_layernorm,833,0,2,1
gate_proj,833,0,2,870975
up_proj,833,0,2,1
act_fn,833,0,2,1
down_proj,833,0,2,1
final_layernorm,833,0,2,40905
lm_head,833,0,2,1661122
embedding,834,0,2,275217
input_layernorm,834,0,2,1
q_proj,834,0,2,1
k_proj,834,0,2,1
v_proj,834,0,2,1
rope,834,0,2,1
attn,834,0,2,1
o_proj,834,0,2,1
post_layernorm,834,0,2,1
gate_proj,834,0,2,871964
up_proj,834,0,2,1
act_fn,834,0,2,1
down_proj,834,0,2,1
final_layernorm,834,0,2,40952
lm_head,834,0,2,1663041
embedding,835,0,2,275527
input_layernorm,835,0,2,1
q_proj,835,0,2,1
k_proj,835,0,2,1
v_proj,835,0,2,1
rope,835,0,2,1
attn,835,0,2,1
o_proj,835,0,2,1
post_layernorm,835,0,2,1
gate_proj,835,0,2,872952
up_proj,835,0,2,1
act_fn,835,0,2,1
down_proj,835,0,2,1
final_layernorm,835,0,2,40999
lm_head,835,0,2,1664959
embedding,836,0,2,275837
input_layernorm,836,0,2,1
q_proj,836,0,2,1
k_proj,836,0,2,1
v_proj,836,0,2,1
rope,836,0,2,1
attn,836,0,2,1
o_proj,836,0,2,1
post_layernorm,836,0,2,1
gate_proj,836,0,2,873941
up_proj,836,0,2,1
act_fn,836,0,2,1
down_proj,836,0,2,1
final_layernorm,836,0,2,41046
lm_head,836,0,2,1666878
embedding,837,0,2,276147
input_layernorm,837,0,2,1
q_proj,837,0,2,1
k_proj,837,0,2,1
v_proj,837,0,2,1
rope,837,0,2,1
attn,837,0,2,1
o_proj,837,0,2,1
post_layernorm,837,0,2,1
gate_proj,837,0,2,874929
up_proj,837,0,2,1
act_fn,837,0,2,1
down_proj,837,0,2,1
final_layernorm,837,0,2,41094
lm_head,837,0,2,1668796
embedding,838,0,2,276457
input_layernorm,838,0,2,1
q_proj,838,0,2,1
k_proj,838,0,2,1
v_proj,838,0,2,1
rope,838,0,2,1
attn,838,0,2,1
o_proj,838,0,2,1
post_layernorm,838,0,2,1
gate_proj,838,0,2,875917
up_proj,838,0,2,1
act_fn,838,0,2,1
down_proj,838,0,2,1
final_layernorm,838,0,2,41141
lm_head,838,0,2,1670715
embedding,839,0,2,276766
input_layernorm,839,0,2,1
q_proj,839,0,2,1
k_proj,839,0,2,1
v_proj,839,0,2,1
rope,839,0,2,1
attn,839,0,2,1
o_proj,839,0,2,1
post_layernorm,839,0,2,1
gate_proj,839,0,2,876906
up_proj,839,0,2,1
act_fn,839,0,2,1
down_proj,839,0,2,1
final_layernorm,839,0,2,41188
lm_head,839,0,2,1672634
embedding,840,0,2,277076
input_layernorm,840,0,2,1
q_proj,840,0,2,1
k_proj,840,0,2,1
v_proj,840,0,2,1
rope,840,0,2,1
attn,840,0,2,1
o_proj,840,0,2,1
post_layernorm,840,0,2,1
gate_proj,840,0,2,877894
up_proj,840,0,2,1
act_fn,840,0,2,1
down_proj,840,0,2,1
final_layernorm,840,0,2,41235
lm_head,840,0,2,1674553
embedding,841,0,2,277386
input_layernorm,841,0,2,1
q_proj,841,0,2,1
k_proj,841,0,2,1
v_proj,841,0,2,1
rope,841,0,2,1
attn,841,0,2,1
o_proj,841,0,2,1
post_layernorm,841,0,2,1
gate_proj,841,0,2,878883
up_proj,841,0,2,1
act_fn,841,0,2,1
down_proj,841,0,2,1
final_layernorm,841,0,2,41283
lm_head,841,0,2,1676471
embedding,842,0,2,277696
input_layernorm,842,0,2,1
q_proj,842,0,2,1
k_proj,842,0,2,1
v_proj,842,0,2,1
rope,842,0,2,1
attn,842,0,2,1
o_proj,842,0,2,1
post_layernorm,842,0,2,1
gate_proj,842,0,2,879871
up_proj,842,0,2,1
act_fn,842,0,2,1
down_proj,842,0,2,1
final_layernorm,842,0,2,41330
lm_head,842,0,2,1678389
embedding,843,0,2,278006
input_layernorm,843,0,2,1
q_proj,843,0,2,1
k_proj,843,0,2,1
v_proj,843,0,2,1
rope,843,0,2,1
attn,843,0,2,1
o_proj,843,0,2,1
post_layernorm,843,0,2,1
gate_proj,843,0,2,880860
up_proj,843,0,2,1
act_fn,843,0,2,1
down_proj,843,0,2,1
final_layernorm,843,0,2,41377
lm_head,843,0,2,1680308
embedding,844,0,2,278315
input_layernorm,844,0,2,1
q_proj,844,0,2,1
k_proj,844,0,2,1
v_proj,844,0,2,1
rope,844,0,2,1
attn,844,0,2,1
o_proj,844,0,2,1
post_layernorm,844,0,2,1
gate_proj,844,0,2,881848
up_proj,844,0,2,1
act_fn,844,0,2,1
down_proj,844,0,2,1
final_layernorm,844,0,2,41424
lm_head,844,0,2,1682227
embedding,845,0,2,278625
input_layernorm,845,0,2,1
q_proj,845,0,2,1
k_proj,845,0,2,1
v_proj,845,0,2,1
rope,845,0,2,1
attn,845,0,2,1
o_proj,845,0,2,1
post_layernorm,845,0,2,1
gate_proj,845,0,2,882837
up_proj,845,0,2,1
act_fn,845,0,2,1
down_proj,845,0,2,1
final_layernorm,845,0,2,41472
lm_head,845,0,2,1684145
embedding,846,0,2,278935
input_layernorm,846,0,2,1
q_proj,846,0,2,1
k_proj,846,0,2,1
v_proj,846,0,2,1
rope,846,0,2,1
attn,846,0,2,1
o_proj,846,0,2,1
post_layernorm,846,0,2,1
gate_proj,846,0,2,883825
up_proj,846,0,2,1
act_fn,846,0,2,1
down_proj,846,0,2,1
final_layernorm,846,0,2,41519
lm_head,846,0,2,1686064
embedding,847,0,2,279245
input_layernorm,847,0,2,1
q_proj,847,0,2,1
k_proj,847,0,2,1
v_proj,847,0,2,1
rope,847,0,2,1
attn,847,0,2,1
o_proj,847,0,2,1
post_layernorm,847,0,2,1
gate_proj,847,0,2,884813
up_proj,847,0,2,1
act_fn,847,0,2,1
down_proj,847,0,2,1
final_layernorm,847,0,2,41566
lm_head,847,0,2,1687983
embedding,848,0,2,279555
input_layernorm,848,0,2,1
q_proj,848,0,2,1
k_proj,848,0,2,1
v_proj,848,0,2,1
rope,848,0,2,1
attn,848,0,2,1
o_proj,848,0,2,1
post_layernorm,848,0,2,1
gate_proj,848,0,2,885802
up_proj,848,0,2,1
act_fn,848,0,2,1
down_proj,848,0,2,1
final_layernorm,848,0,2,41613
lm_head,848,0,2,1689902
embedding,849,0,2,279864
input_layernorm,849,0,2,1
q_proj,849,0,2,1
k_proj,849,0,2,1
v_proj,849,0,2,1
rope,849,0,2,1
attn,849,0,2,1
o_proj,849,0,2,1
post_layernorm,849,0,2,1
gate_proj,849,0,2,886790
up_proj,849,0,2,1
act_fn,849,0,2,1
down_proj,849,0,2,1
final_layernorm,849,0,2,41661
lm_head,849,0,2,1691820
embedding,850,0,2,280174
input_layernorm,850,0,2,1
q_proj,850,0,2,1
k_proj,850,0,2,1
v_proj,850,0,2,1
rope,850,0,2,1
attn,850,0,2,1
o_proj,850,0,2,1
post_layernorm,850,0,2,1
gate_proj,850,0,2,887779
up_proj,850,0,2,1
act_fn,850,0,2,1
down_proj,850,0,2,1
final_layernorm,850,0,2,41708
lm_head,850,0,2,1693739
embedding,851,0,2,280484
input_layernorm,851,0,2,1
q_proj,851,0,2,1
k_proj,851,0,2,1
v_proj,851,0,2,1
rope,851,0,2,1
attn,851,0,2,1
o_proj,851,0,2,1
post_layernorm,851,0,2,1
gate_proj,851,0,2,888767
up_proj,851,0,2,1
act_fn,851,0,2,1
down_proj,851,0,2,1
final_layernorm,851,0,2,41755
lm_head,851,0,2,1695657
embedding,852,0,2,280794
input_layernorm,852,0,2,1
q_proj,852,0,2,1
k_proj,852,0,2,1
v_proj,852,0,2,1
rope,852,0,2,1
attn,852,0,2,1
o_proj,852,0,2,1
post_layernorm,852,0,2,1
gate_proj,852,0,2,889755
up_proj,852,0,2,1
act_fn,852,0,2,1
down_proj,852,0,2,1
final_layernorm,852,0,2,41802
lm_head,852,0,2,1697576
embedding,853,0,2,281104
input_layernorm,853,0,2,1
q_proj,853,0,2,1
k_proj,853,0,2,1
v_proj,853,0,2,1
rope,853,0,2,1
attn,853,0,2,1
o_proj,853,0,2,1
post_layernorm,853,0,2,1
gate_proj,853,0,2,890744
up_proj,853,0,2,1
act_fn,853,0,2,1
down_proj,853,0,2,1
final_layernorm,853,0,2,41850
lm_head,853,0,2,1699495
embedding,854,0,2,281414
input_layernorm,854,0,2,1
q_proj,854,0,2,1
k_proj,854,0,2,1
v_proj,854,0,2,1
rope,854,0,2,1
attn,854,0,2,1
o_proj,854,0,2,1
post_layernorm,854,0,2,1
gate_proj,854,0,2,891732
up_proj,854,0,2,1
act_fn,854,0,2,1
down_proj,854,0,2,1
final_layernorm,854,0,2,41897
lm_head,854,0,2,1701413
embedding,855,0,2,281723
input_layernorm,855,0,2,1
q_proj,855,0,2,1
k_proj,855,0,2,1
v_proj,855,0,2,1
rope,855,0,2,1
attn,855,0,2,1
o_proj,855,0,2,1
post_layernorm,855,0,2,1
gate_proj,855,0,2,892721
up_proj,855,0,2,1
act_fn,855,0,2,1
down_proj,855,0,2,1
final_layernorm,855,0,2,41944
lm_head,855,0,2,1703332
embedding,856,0,2,282033
input_layernorm,856,0,2,1
q_proj,856,0,2,1
k_proj,856,0,2,1
v_proj,856,0,2,1
rope,856,0,2,1
attn,856,0,2,1
o_proj,856,0,2,1
post_layernorm,856,0,2,1
gate_proj,856,0,2,893709
up_proj,856,0,2,1
act_fn,856,0,2,1
down_proj,856,0,2,1
final_layernorm,856,0,2,41991
lm_head,856,0,2,1705251
embedding,857,0,2,282343
input_layernorm,857,0,2,1
q_proj,857,0,2,1
k_proj,857,0,2,1
v_proj,857,0,2,1
rope,857,0,2,1
attn,857,0,2,1
o_proj,857,0,2,1
post_layernorm,857,0,2,1
gate_proj,857,0,2,894697
up_proj,857,0,2,1
act_fn,857,0,2,1
down_proj,857,0,2,1
final_layernorm,857,0,2,42039
lm_head,857,0,2,1707169
embedding,858,0,2,282653
input_layernorm,858,0,2,1
q_proj,858,0,2,1
k_proj,858,0,2,1
v_proj,858,0,2,1
rope,858,0,2,1
attn,858,0,2,1
o_proj,858,0,2,1
post_layernorm,858,0,2,1
gate_proj,858,0,2,895686
up_proj,858,0,2,1
act_fn,858,0,2,1
down_proj,858,0,2,1
final_layernorm,858,0,2,42086
lm_head,858,0,2,1709088
embedding,859,0,2,282963
input_layernorm,859,0,2,1
q_proj,859,0,2,1
k_proj,859,0,2,1
v_proj,859,0,2,1
rope,859,0,2,1
attn,859,0,2,1
o_proj,859,0,2,1
post_layernorm,859,0,2,1
gate_proj,859,0,2,896674
up_proj,859,0,2,1
act_fn,859,0,2,1
down_proj,859,0,2,1
final_layernorm,859,0,2,42133
lm_head,859,0,2,1711007
embedding,860,0,2,283272
input_layernorm,860,0,2,1
q_proj,860,0,2,1
k_proj,860,0,2,1
v_proj,860,0,2,1
rope,860,0,2,1
attn,860,0,2,1
o_proj,860,0,2,1
post_layernorm,860,0,2,1
gate_proj,860,0,2,897663
up_proj,860,0,2,1
act_fn,860,0,2,1
down_proj,860,0,2,1
final_layernorm,860,0,2,42180
lm_head,860,0,2,1712926
embedding,861,0,2,283582
input_layernorm,861,0,2,1
q_proj,861,0,2,1
k_proj,861,0,2,1
v_proj,861,0,2,1
rope,861,0,2,1
attn,861,0,2,1
o_proj,861,0,2,1
post_layernorm,861,0,2,1
gate_proj,861,0,2,898651
up_proj,861,0,2,1
act_fn,861,0,2,1
down_proj,861,0,2,1
final_layernorm,861,0,2,42228
lm_head,861,0,2,1714844
embedding,862,0,2,283892
input_layernorm,862,0,2,1
q_proj,862,0,2,1
k_proj,862,0,2,1
v_proj,862,0,2,1
rope,862,0,2,1
attn,862,0,2,1
o_proj,862,0,2,1
post_layernorm,862,0,2,1
gate_proj,862,0,2,899639
up_proj,862,0,2,1
act_fn,862,0,2,1
down_proj,862,0,2,1
final_layernorm,862,0,2,42275
lm_head,862,0,2,1716763
embedding,863,0,2,284202
input_layernorm,863,0,2,1
q_proj,863,0,2,1
k_proj,863,0,2,1
v_proj,863,0,2,1
rope,863,0,2,1
attn,863,0,2,1
o_proj,863,0,2,1
post_layernorm,863,0,2,1
gate_proj,863,0,2,900628
up_proj,863,0,2,1
act_fn,863,0,2,1
down_proj,863,0,2,1
final_layernorm,863,0,2,42322
lm_head,863,0,2,1718681
embedding,864,0,2,284512
input_layernorm,864,0,2,1
q_proj,864,0,2,1
k_proj,864,0,2,1
v_proj,864,0,2,1
rope,864,0,2,1
attn,864,0,2,1
o_proj,864,0,2,1
post_layernorm,864,0,2,1
gate_proj,864,0,2,901616
up_proj,864,0,2,1
act_fn,864,0,2,1
down_proj,864,0,2,1
final_layernorm,864,0,2,42369
lm_head,864,0,2,1720600
embedding,865,0,2,284822
input_layernorm,865,0,2,1
q_proj,865,0,2,1
k_proj,865,0,2,1
v_proj,865,0,2,1
rope,865,0,2,1
attn,865,0,2,1
o_proj,865,0,2,1
post_layernorm,865,0,2,1
gate_proj,865,0,2,902605
up_proj,865,0,2,1
act_fn,865,0,2,1
down_proj,865,0,2,1
final_layernorm,865,0,2,42417
lm_head,865,0,2,1722518
embedding,866,0,2,285131
input_layernorm,866,0,2,1
q_proj,866,0,2,1
k_proj,866,0,2,1
v_proj,866,0,2,1
rope,866,0,2,1
attn,866,0,2,1
o_proj,866,0,2,1
post_layernorm,866,0,2,1
gate_proj,866,0,2,903593
up_proj,866,0,2,1
act_fn,866,0,2,1
down_proj,866,0,2,1
final_layernorm,866,0,2,42464
lm_head,866,0,2,1724438
embedding,867,0,2,285441
input_layernorm,867,0,2,1
q_proj,867,0,2,1
k_proj,867,0,2,1
v_proj,867,0,2,1
rope,867,0,2,1
attn,867,0,2,1
o_proj,867,0,2,1
post_layernorm,867,0,2,1
gate_proj,867,0,2,904581
up_proj,867,0,2,1
act_fn,867,0,2,1
down_proj,867,0,2,1
final_layernorm,867,0,2,42511
lm_head,867,0,2,1726356
embedding,868,0,2,285751
input_layernorm,868,0,2,1
q_proj,868,0,2,1
k_proj,868,0,2,1
v_proj,868,0,2,1
rope,868,0,2,1
attn,868,0,2,1
o_proj,868,0,2,1
post_layernorm,868,0,2,1
gate_proj,868,0,2,905570
up_proj,868,0,2,1
act_fn,868,0,2,1
down_proj,868,0,2,1
final_layernorm,868,0,2,42558
lm_head,868,0,2,1728275
embedding,869,0,2,286061
input_layernorm,869,0,2,1
q_proj,869,0,2,1
k_proj,869,0,2,1
v_proj,869,0,2,1
rope,869,0,2,1
attn,869,0,2,1
o_proj,869,0,2,1
post_layernorm,869,0,2,1
gate_proj,869,0,2,906558
up_proj,869,0,2,1
act_fn,869,0,2,1
down_proj,869,0,2,1
final_layernorm,869,0,2,42606
lm_head,869,0,2,1730193
embedding,870,0,2,286371
input_layernorm,870,0,2,1
q_proj,870,0,2,1
k_proj,870,0,2,1
v_proj,870,0,2,1
rope,870,0,2,1
attn,870,0,2,1
o_proj,870,0,2,1
post_layernorm,870,0,2,1
gate_proj,870,0,2,907547
up_proj,870,0,2,1
act_fn,870,0,2,1
down_proj,870,0,2,1
final_layernorm,870,0,2,42653
lm_head,870,0,2,1732112
embedding,871,0,2,286680
input_layernorm,871,0,2,1
q_proj,871,0,2,1
k_proj,871,0,2,1
v_proj,871,0,2,1
rope,871,0,2,1
attn,871,0,2,1
o_proj,871,0,2,1
post_layernorm,871,0,2,1
gate_proj,871,0,2,908535
up_proj,871,0,2,1
act_fn,871,0,2,1
down_proj,871,0,2,1
final_layernorm,871,0,2,42700
lm_head,871,0,2,1734031
embedding,872,0,2,286990
input_layernorm,872,0,2,1
q_proj,872,0,2,1
k_proj,872,0,2,1
v_proj,872,0,2,1
rope,872,0,2,1
attn,872,0,2,1
o_proj,872,0,2,1
post_layernorm,872,0,2,1
gate_proj,872,0,2,909523
up_proj,872,0,2,1
act_fn,872,0,2,1
down_proj,872,0,2,1
final_layernorm,872,0,2,42747
lm_head,872,0,2,1735950
embedding,873,0,2,287300
input_layernorm,873,0,2,1
q_proj,873,0,2,1
k_proj,873,0,2,1
v_proj,873,0,2,1
rope,873,0,2,1
attn,873,0,2,1
o_proj,873,0,2,1
post_layernorm,873,0,2,1
gate_proj,873,0,2,910512
up_proj,873,0,2,1
act_fn,873,0,2,1
down_proj,873,0,2,1
final_layernorm,873,0,2,42795
lm_head,873,0,2,1737868
embedding,874,0,2,287610
input_layernorm,874,0,2,1
q_proj,874,0,2,1
k_proj,874,0,2,1
v_proj,874,0,2,1
rope,874,0,2,1
attn,874,0,2,1
o_proj,874,0,2,1
post_layernorm,874,0,2,1
gate_proj,874,0,2,911500
up_proj,874,0,2,1
act_fn,874,0,2,1
down_proj,874,0,2,1
final_layernorm,874,0,2,42842
lm_head,874,0,2,1739787
embedding,875,0,2,287920
input_layernorm,875,0,2,1
q_proj,875,0,2,1
k_proj,875,0,2,1
v_proj,875,0,2,1
rope,875,0,2,1
attn,875,0,2,1
o_proj,875,0,2,1
post_layernorm,875,0,2,1
gate_proj,875,0,2,912489
up_proj,875,0,2,1
act_fn,875,0,2,1
down_proj,875,0,2,1
final_layernorm,875,0,2,42889
lm_head,875,0,2,1741705
embedding,876,0,2,288229
input_layernorm,876,0,2,1
q_proj,876,0,2,1
k_proj,876,0,2,1
v_proj,876,0,2,1
rope,876,0,2,1
attn,876,0,2,1
o_proj,876,0,2,1
post_layernorm,876,0,2,1
gate_proj,876,0,2,913477
up_proj,876,0,2,1
act_fn,876,0,2,1
down_proj,876,0,2,1
final_layernorm,876,0,2,42936
lm_head,876,0,2,1743624
embedding,877,0,2,288539
input_layernorm,877,0,2,1
q_proj,877,0,2,1
k_proj,877,0,2,1
v_proj,877,0,2,1
rope,877,0,2,1
attn,877,0,2,1
o_proj,877,0,2,1
post_layernorm,877,0,2,1
gate_proj,877,0,2,914465
up_proj,877,0,2,1
act_fn,877,0,2,1
down_proj,877,0,2,1
final_layernorm,877,0,2,42984
lm_head,877,0,2,1745542
embedding,878,0,2,288849
input_layernorm,878,0,2,1
q_proj,878,0,2,1
k_proj,878,0,2,1
v_proj,878,0,2,1
rope,878,0,2,1
attn,878,0,2,1
o_proj,878,0,2,1
post_layernorm,878,0,2,1
gate_proj,878,0,2,915454
up_proj,878,0,2,1
act_fn,878,0,2,1
down_proj,878,0,2,1
final_layernorm,878,0,2,43031
lm_head,878,0,2,1747461
embedding,879,0,2,289159
input_layernorm,879,0,2,1
q_proj,879,0,2,1
k_proj,879,0,2,1
v_proj,879,0,2,1
rope,879,0,2,1
attn,879,0,2,1
o_proj,879,0,2,1
post_layernorm,879,0,2,1
gate_proj,879,0,2,916442
up_proj,879,0,2,1
act_fn,879,0,2,1
down_proj,879,0,2,1
final_layernorm,879,0,2,43078
lm_head,879,0,2,1749380
embedding,880,0,2,289469
input_layernorm,880,0,2,1
q_proj,880,0,2,1
k_proj,880,0,2,1
v_proj,880,0,2,1
rope,880,0,2,1
attn,880,0,2,1
o_proj,880,0,2,1
post_layernorm,880,0,2,1
gate_proj,880,0,2,917431
up_proj,880,0,2,1
act_fn,880,0,2,1
down_proj,880,0,2,1
final_layernorm,880,0,2,43125
lm_head,880,0,2,1751299
embedding,881,0,2,289779
input_layernorm,881,0,2,1
q_proj,881,0,2,1
k_proj,881,0,2,1
v_proj,881,0,2,1
rope,881,0,2,1
attn,881,0,2,1
o_proj,881,0,2,1
post_layernorm,881,0,2,1
gate_proj,881,0,2,918419
up_proj,881,0,2,1
act_fn,881,0,2,1
down_proj,881,0,2,1
final_layernorm,881,0,2,43172
lm_head,881,0,2,1753218
embedding,882,0,2,290088
input_layernorm,882,0,2,1
q_proj,882,0,2,1
k_proj,882,0,2,1
v_proj,882,0,2,1
rope,882,0,2,1
attn,882,0,2,1
o_proj,882,0,2,1
post_layernorm,882,0,2,1
gate_proj,882,0,2,919407
up_proj,882,0,2,1
act_fn,882,0,2,1
down_proj,882,0,2,1
final_layernorm,882,0,2,43220
lm_head,882,0,2,1755136
embedding,883,0,2,290398
input_layernorm,883,0,2,1
q_proj,883,0,2,1
k_proj,883,0,2,1
v_proj,883,0,2,1
rope,883,0,2,1
attn,883,0,2,1
o_proj,883,0,2,1
post_layernorm,883,0,2,1
gate_proj,883,0,2,920396
up_proj,883,0,2,1
act_fn,883,0,2,1
down_proj,883,0,2,1
final_layernorm,883,0,2,43267
lm_head,883,0,2,1757055
embedding,884,0,2,290708
input_layernorm,884,0,2,1
q_proj,884,0,2,1
k_proj,884,0,2,1
v_proj,884,0,2,1
rope,884,0,2,1
attn,884,0,2,1
o_proj,884,0,2,1
post_layernorm,884,0,2,1
gate_proj,884,0,2,921384
up_proj,884,0,2,1
act_fn,884,0,2,1
down_proj,884,0,2,1
final_layernorm,884,0,2,43314
lm_head,884,0,2,1758973
embedding,885,0,2,291018
input_layernorm,885,0,2,1
q_proj,885,0,2,1
k_proj,885,0,2,1
v_proj,885,0,2,1
rope,885,0,2,1
attn,885,0,2,1
o_proj,885,0,2,1
post_layernorm,885,0,2,1
gate_proj,885,0,2,922373
up_proj,885,0,2,1
act_fn,885,0,2,1
down_proj,885,0,2,1
final_layernorm,885,0,2,43361
lm_head,885,0,2,1760893
embedding,886,0,2,291328
input_layernorm,886,0,2,1
q_proj,886,0,2,1
k_proj,886,0,2,1
v_proj,886,0,2,1
rope,886,0,2,1
attn,886,0,2,1
o_proj,886,0,2,1
post_layernorm,886,0,2,1
gate_proj,886,0,2,923361
up_proj,886,0,2,1
act_fn,886,0,2,1
down_proj,886,0,2,1
final_layernorm,886,0,2,43409
lm_head,886,0,2,1762811
embedding,887,0,2,291637
input_layernorm,887,0,2,1
q_proj,887,0,2,1
k_proj,887,0,2,1
v_proj,887,0,2,1
rope,887,0,2,1
attn,887,0,2,1
o_proj,887,0,2,1
post_layernorm,887,0,2,1
gate_proj,887,0,2,924349
up_proj,887,0,2,1
act_fn,887,0,2,1
down_proj,887,0,2,1
final_layernorm,887,0,2,43456
lm_head,887,0,2,1764730
embedding,888,0,2,291947
input_layernorm,888,0,2,1
q_proj,888,0,2,1
k_proj,888,0,2,1
v_proj,888,0,2,1
rope,888,0,2,1
attn,888,0,2,1
o_proj,888,0,2,1
post_layernorm,888,0,2,1
gate_proj,888,0,2,925338
up_proj,888,0,2,1
act_fn,888,0,2,1
down_proj,888,0,2,1
final_layernorm,888,0,2,43503
lm_head,888,0,2,1766648
embedding,889,0,2,292257
input_layernorm,889,0,2,1
q_proj,889,0,2,1
k_proj,889,0,2,1
v_proj,889,0,2,1
rope,889,0,2,1
attn,889,0,2,1
o_proj,889,0,2,1
post_layernorm,889,0,2,1
gate_proj,889,0,2,926326
up_proj,889,0,2,1
act_fn,889,0,2,1
down_proj,889,0,2,1
final_layernorm,889,0,2,43550
lm_head,889,0,2,1768567
embedding,890,0,2,292567
input_layernorm,890,0,2,1
q_proj,890,0,2,1
k_proj,890,0,2,1
v_proj,890,0,2,1
rope,890,0,2,1
attn,890,0,2,1
o_proj,890,0,2,1
post_layernorm,890,0,2,1
gate_proj,890,0,2,927315
up_proj,890,0,2,1
act_fn,890,0,2,1
down_proj,890,0,2,1
final_layernorm,890,0,2,43598
lm_head,890,0,2,1770485
embedding,891,0,2,292877
input_layernorm,891,0,2,1
q_proj,891,0,2,1
k_proj,891,0,2,1
v_proj,891,0,2,1
rope,891,0,2,1
attn,891,0,2,1
o_proj,891,0,2,1
post_layernorm,891,0,2,1
gate_proj,891,0,2,928303
up_proj,891,0,2,1
act_fn,891,0,2,1
down_proj,891,0,2,1
final_layernorm,891,0,2,43645
lm_head,891,0,2,1772404
embedding,892,0,2,293186
input_layernorm,892,0,2,1
q_proj,892,0,2,1
k_proj,892,0,2,1
v_proj,892,0,2,1
rope,892,0,2,1
attn,892,0,2,1
o_proj,892,0,2,1
post_layernorm,892,0,2,1
gate_proj,892,0,2,929291
up_proj,892,0,2,1
act_fn,892,0,2,1
down_proj,892,0,2,1
final_layernorm,892,0,2,43692
lm_head,892,0,2,1774323
embedding,893,0,2,293496
input_layernorm,893,0,2,1
q_proj,893,0,2,1
k_proj,893,0,2,1
v_proj,893,0,2,1
rope,893,0,2,1
attn,893,0,2,1
o_proj,893,0,2,1
post_layernorm,893,0,2,1
gate_proj,893,0,2,930280
up_proj,893,0,2,1
act_fn,893,0,2,1
down_proj,893,0,2,1
final_layernorm,893,0,2,43739
lm_head,893,0,2,1776242
embedding,894,0,2,293806
input_layernorm,894,0,2,1
q_proj,894,0,2,1
k_proj,894,0,2,1
v_proj,894,0,2,1
rope,894,0,2,1
attn,894,0,2,1
o_proj,894,0,2,1
post_layernorm,894,0,2,1
gate_proj,894,0,2,931268
up_proj,894,0,2,1
act_fn,894,0,2,1
down_proj,894,0,2,1
final_layernorm,894,0,2,43787
lm_head,894,0,2,1778160
embedding,895,0,2,294116
input_layernorm,895,0,2,1
q_proj,895,0,2,1
k_proj,895,0,2,1
v_proj,895,0,2,1
rope,895,0,2,1
attn,895,0,2,1
o_proj,895,0,2,1
post_layernorm,895,0,2,1
gate_proj,895,0,2,932257
up_proj,895,0,2,1
act_fn,895,0,2,1
down_proj,895,0,2,1
final_layernorm,895,0,2,43834
lm_head,895,0,2,1780079
embedding,896,0,2,294426
input_layernorm,896,0,2,1
q_proj,896,0,2,1
k_proj,896,0,2,1
v_proj,896,0,2,1
rope,896,0,2,1
attn,896,0,2,1
o_proj,896,0,2,1
post_layernorm,896,0,2,1
gate_proj,896,0,2,933245
up_proj,896,0,2,1
act_fn,896,0,2,1
down_proj,896,0,2,1
final_layernorm,896,0,2,43881
lm_head,896,0,2,1781998
embedding,897,0,2,294736
input_layernorm,897,0,2,1
q_proj,897,0,2,1
k_proj,897,0,2,1
v_proj,897,0,2,1
rope,897,0,2,1
attn,897,0,2,1
o_proj,897,0,2,1
post_layernorm,897,0,2,1
gate_proj,897,0,2,934233
up_proj,897,0,2,1
act_fn,897,0,2,1
down_proj,897,0,2,1
final_layernorm,897,0,2,43928
lm_head,897,0,2,1783916
embedding,898,0,2,295045
input_layernorm,898,0,2,1
q_proj,898,0,2,1
k_proj,898,0,2,1
v_proj,898,0,2,1
rope,898,0,2,1
attn,898,0,2,1
o_proj,898,0,2,1
post_layernorm,898,0,2,1
gate_proj,898,0,2,935222
up_proj,898,0,2,1
act_fn,898,0,2,1
down_proj,898,0,2,1
final_layernorm,898,0,2,43976
lm_head,898,0,2,1785835
embedding,899,0,2,295355
input_layernorm,899,0,2,1
q_proj,899,0,2,1
k_proj,899,0,2,1
v_proj,899,0,2,1
rope,899,0,2,1
attn,899,0,2,1
o_proj,899,0,2,1
post_layernorm,899,0,2,1
gate_proj,899,0,2,936210
up_proj,899,0,2,1
act_fn,899,0,2,1
down_proj,899,0,2,1
final_layernorm,899,0,2,44023
lm_head,899,0,2,1787754
embedding,900,0,2,295665
input_layernorm,900,0,2,1
q_proj,900,0,2,1
k_proj,900,0,2,1
v_proj,900,0,2,1
rope,900,0,2,1
attn,900,0,2,1
o_proj,900,0,2,1
post_layernorm,900,0,2,1
gate_proj,900,0,2,937199
up_proj,900,0,2,1
act_fn,900,0,2,1
down_proj,900,0,2,1
final_layernorm,900,0,2,44070
lm_head,900,0,2,1789672
embedding,901,0,2,295975
input_layernorm,901,0,2,1
q_proj,901,0,2,1
k_proj,901,0,2,1
v_proj,901,0,2,1
rope,901,0,2,1
attn,901,0,2,1
o_proj,901,0,2,1
post_layernorm,901,0,2,1
gate_proj,901,0,2,938187
up_proj,901,0,2,1
act_fn,901,0,2,1
down_proj,901,0,2,1
final_layernorm,901,0,2,44117
lm_head,901,0,2,1791591
embedding,902,0,2,296285
input_layernorm,902,0,2,1
q_proj,902,0,2,1
k_proj,902,0,2,1
v_proj,902,0,2,1
rope,902,0,2,1
attn,902,0,2,1
o_proj,902,0,2,1
post_layernorm,902,0,2,1
gate_proj,902,0,2,939175
up_proj,902,0,2,1
act_fn,902,0,2,1
down_proj,902,0,2,1
final_layernorm,902,0,2,44165
lm_head,902,0,2,1793509
embedding,903,0,2,296594
input_layernorm,903,0,2,1
q_proj,903,0,2,1
k_proj,903,0,2,1
v_proj,903,0,2,1
rope,903,0,2,1
attn,903,0,2,1
o_proj,903,0,2,1
post_layernorm,903,0,2,1
gate_proj,903,0,2,940164
up_proj,903,0,2,1
act_fn,903,0,2,1
down_proj,903,0,2,1
final_layernorm,903,0,2,44212
lm_head,903,0,2,1795428
embedding,904,0,2,296904
input_layernorm,904,0,2,1
q_proj,904,0,2,1
k_proj,904,0,2,1
v_proj,904,0,2,1
rope,904,0,2,1
attn,904,0,2,1
o_proj,904,0,2,1
post_layernorm,904,0,2,1
gate_proj,904,0,2,941152
up_proj,904,0,2,1
act_fn,904,0,2,1
down_proj,904,0,2,1
final_layernorm,904,0,2,44259
lm_head,904,0,2,1797347
embedding,905,0,2,297214
input_layernorm,905,0,2,1
q_proj,905,0,2,1
k_proj,905,0,2,1
v_proj,905,0,2,1
rope,905,0,2,1
attn,905,0,2,1
o_proj,905,0,2,1
post_layernorm,905,0,2,1
gate_proj,905,0,2,942140
up_proj,905,0,2,1
act_fn,905,0,2,1
down_proj,905,0,2,1
final_layernorm,905,0,2,44306
lm_head,905,0,2,1799266
embedding,906,0,2,297524
input_layernorm,906,0,2,1
q_proj,906,0,2,1
k_proj,906,0,2,1
v_proj,906,0,2,1
rope,906,0,2,1
attn,906,0,2,1
o_proj,906,0,2,1
post_layernorm,906,0,2,1
gate_proj,906,0,2,943129
up_proj,906,0,2,1
act_fn,906,0,2,1
down_proj,906,0,2,1
final_layernorm,906,0,2,44354
lm_head,906,0,2,1801184
embedding,907,0,2,297834
input_layernorm,907,0,2,1
q_proj,907,0,2,1
k_proj,907,0,2,1
v_proj,907,0,2,1
rope,907,0,2,1
attn,907,0,2,1
o_proj,907,0,2,1
post_layernorm,907,0,2,1
gate_proj,907,0,2,944117
up_proj,907,0,2,1
act_fn,907,0,2,1
down_proj,907,0,2,1
final_layernorm,907,0,2,44401
lm_head,907,0,2,1803103
embedding,908,0,2,298144
input_layernorm,908,0,2,1
q_proj,908,0,2,1
k_proj,908,0,2,1
v_proj,908,0,2,1
rope,908,0,2,1
attn,908,0,2,1
o_proj,908,0,2,1
post_layernorm,908,0,2,1
gate_proj,908,0,2,945106
up_proj,908,0,2,1
act_fn,908,0,2,1
down_proj,908,0,2,1
final_layernorm,908,0,2,44448
lm_head,908,0,2,1805022
embedding,909,0,2,298453
input_layernorm,909,0,2,1
q_proj,909,0,2,1
k_proj,909,0,2,1
v_proj,909,0,2,1
rope,909,0,2,1
attn,909,0,2,1
o_proj,909,0,2,1
post_layernorm,909,0,2,1
gate_proj,909,0,2,946094
up_proj,909,0,2,1
act_fn,909,0,2,1
down_proj,909,0,2,1
final_layernorm,909,0,2,44495
lm_head,909,0,2,1806940
embedding,910,0,2,298763
input_layernorm,910,0,2,1
q_proj,910,0,2,1
k_proj,910,0,2,1
v_proj,910,0,2,1
rope,910,0,2,1
attn,910,0,2,1
o_proj,910,0,2,1
post_layernorm,910,0,2,1
gate_proj,910,0,2,947082
up_proj,910,0,2,1
act_fn,910,0,2,1
down_proj,910,0,2,1
final_layernorm,910,0,2,44543
lm_head,910,0,2,1808859
embedding,911,0,2,299073
input_layernorm,911,0,2,1
q_proj,911,0,2,1
k_proj,911,0,2,1
v_proj,911,0,2,1
rope,911,0,2,1
attn,911,0,2,1
o_proj,911,0,2,1
post_layernorm,911,0,2,1
gate_proj,911,0,2,948071
up_proj,911,0,2,1
act_fn,911,0,2,1
down_proj,911,0,2,1
final_layernorm,911,0,2,44590
lm_head,911,0,2,1810778
embedding,912,0,2,299383
input_layernorm,912,0,2,1
q_proj,912,0,2,1
k_proj,912,0,2,1
v_proj,912,0,2,1
rope,912,0,2,1
attn,912,0,2,1
o_proj,912,0,2,1
post_layernorm,912,0,2,1
gate_proj,912,0,2,949059
up_proj,912,0,2,1
act_fn,912,0,2,1
down_proj,912,0,2,1
final_layernorm,912,0,2,44637
lm_head,912,0,2,1812697
embedding,913,0,2,299693
input_layernorm,913,0,2,1
q_proj,913,0,2,1
k_proj,913,0,2,1
v_proj,913,0,2,1
rope,913,0,2,1
attn,913,0,2,1
o_proj,913,0,2,1
post_layernorm,913,0,2,1
gate_proj,913,0,2,950048
up_proj,913,0,2,1
act_fn,913,0,2,1
down_proj,913,0,2,1
final_layernorm,913,0,2,44684
lm_head,913,0,2,1814615
embedding,914,0,2,300002
input_layernorm,914,0,2,1
q_proj,914,0,2,1
k_proj,914,0,2,1
v_proj,914,0,2,1
rope,914,0,2,1
attn,914,0,2,1
o_proj,914,0,2,1
post_layernorm,914,0,2,1
gate_proj,914,0,2,951036
up_proj,914,0,2,1
act_fn,914,0,2,1
down_proj,914,0,2,1
final_layernorm,914,0,2,44732
lm_head,914,0,2,1816533
embedding,915,0,2,300312
input_layernorm,915,0,2,1
q_proj,915,0,2,1
k_proj,915,0,2,1
v_proj,915,0,2,1
rope,915,0,2,1
attn,915,0,2,1
o_proj,915,0,2,1
post_layernorm,915,0,2,1
gate_proj,915,0,2,952025
up_proj,915,0,2,1
act_fn,915,0,2,1
down_proj,915,0,2,1
final_layernorm,915,0,2,44779
lm_head,915,0,2,1818452
embedding,916,0,2,300622
input_layernorm,916,0,2,1
q_proj,916,0,2,1
k_proj,916,0,2,1
v_proj,916,0,2,1
rope,916,0,2,1
attn,916,0,2,1
o_proj,916,0,2,1
post_layernorm,916,0,2,1
gate_proj,916,0,2,953013
up_proj,916,0,2,1
act_fn,916,0,2,1
down_proj,916,0,2,1
final_layernorm,916,0,2,44826
lm_head,916,0,2,1820370
embedding,917,0,2,300932
input_layernorm,917,0,2,1
q_proj,917,0,2,1
k_proj,917,0,2,1
v_proj,917,0,2,1
rope,917,0,2,1
attn,917,0,2,1
o_proj,917,0,2,1
post_layernorm,917,0,2,1
gate_proj,917,0,2,954002
up_proj,917,0,2,1
act_fn,917,0,2,1
down_proj,917,0,2,1
final_layernorm,917,0,2,44873
lm_head,917,0,2,1822289
embedding,918,0,2,301242
input_layernorm,918,0,2,1
q_proj,918,0,2,1
k_proj,918,0,2,1
v_proj,918,0,2,1
rope,918,0,2,1
attn,918,0,2,1
o_proj,918,0,2,1
post_layernorm,918,0,2,1
gate_proj,918,0,2,954990
up_proj,918,0,2,1
act_fn,918,0,2,1
down_proj,918,0,2,1
final_layernorm,918,0,2,44921
lm_head,918,0,2,1824208
embedding,919,0,2,301551
input_layernorm,919,0,2,1
q_proj,919,0,2,1
k_proj,919,0,2,1
v_proj,919,0,2,1
rope,919,0,2,1
attn,919,0,2,1
o_proj,919,0,2,1
post_layernorm,919,0,2,1
gate_proj,919,0,2,955979
up_proj,919,0,2,1
act_fn,919,0,2,1
down_proj,919,0,2,1
final_layernorm,919,0,2,44968
lm_head,919,0,2,1826127
embedding,920,0,2,301861
input_layernorm,920,0,2,1
q_proj,920,0,2,1
k_proj,920,0,2,1
v_proj,920,0,2,1
rope,920,0,2,1
attn,920,0,2,1
o_proj,920,0,2,1
post_layernorm,920,0,2,1
gate_proj,920,0,2,956967
up_proj,920,0,2,1
act_fn,920,0,2,1
down_proj,920,0,2,1
final_layernorm,920,0,2,45015
lm_head,920,0,2,1828045
embedding,921,0,2,302171
input_layernorm,921,0,2,1
q_proj,921,0,2,1
k_proj,921,0,2,1
v_proj,921,0,2,1
rope,921,0,2,1
attn,921,0,2,1
o_proj,921,0,2,1
post_layernorm,921,0,2,1
gate_proj,921,0,2,957955
up_proj,921,0,2,1
act_fn,921,0,2,1
down_proj,921,0,2,1
final_layernorm,921,0,2,45062
lm_head,921,0,2,1829964
embedding,922,0,2,302481
input_layernorm,922,0,2,1
q_proj,922,0,2,1
k_proj,922,0,2,1
v_proj,922,0,2,1
rope,922,0,2,1
attn,922,0,2,1
o_proj,922,0,2,1
post_layernorm,922,0,2,1
gate_proj,922,0,2,958944
up_proj,922,0,2,1
act_fn,922,0,2,1
down_proj,922,0,2,1
final_layernorm,922,0,2,45110
lm_head,922,0,2,1831882
embedding,923,0,2,302791
input_layernorm,923,0,2,1
q_proj,923,0,2,1
k_proj,923,0,2,1
v_proj,923,0,2,1
rope,923,0,2,1
attn,923,0,2,1
o_proj,923,0,2,1
post_layernorm,923,0,2,1
gate_proj,923,0,2,959932
up_proj,923,0,2,1
act_fn,923,0,2,1
down_proj,923,0,2,1
final_layernorm,923,0,2,45157
lm_head,923,0,2,1833801
embedding,924,0,2,303101
input_layernorm,924,0,2,1
q_proj,924,0,2,1
k_proj,924,0,2,1
v_proj,924,0,2,1
rope,924,0,2,1
attn,924,0,2,1
o_proj,924,0,2,1
post_layernorm,924,0,2,1
gate_proj,924,0,2,960921
up_proj,924,0,2,1
act_fn,924,0,2,1
down_proj,924,0,2,1
final_layernorm,924,0,2,45204
lm_head,924,0,2,1835720
embedding,925,0,2,303410
input_layernorm,925,0,2,1
q_proj,925,0,2,1
k_proj,925,0,2,1
v_proj,925,0,2,1
rope,925,0,2,1
attn,925,0,2,1
o_proj,925,0,2,1
post_layernorm,925,0,2,1
gate_proj,925,0,2,961909
up_proj,925,0,2,1
act_fn,925,0,2,1
down_proj,925,0,2,1
final_layernorm,925,0,2,45251
lm_head,925,0,2,1837639
embedding,926,0,2,303720
input_layernorm,926,0,2,1
q_proj,926,0,2,1
k_proj,926,0,2,1
v_proj,926,0,2,1
rope,926,0,2,1
attn,926,0,2,1
o_proj,926,0,2,1
post_layernorm,926,0,2,1
gate_proj,926,0,2,962897
up_proj,926,0,2,1
act_fn,926,0,2,1
down_proj,926,0,2,1
final_layernorm,926,0,2,45299
lm_head,926,0,2,1839557
embedding,927,0,2,304030
input_layernorm,927,0,2,1
q_proj,927,0,2,1
k_proj,927,0,2,1
v_proj,927,0,2,1
rope,927,0,2,1
attn,927,0,2,1
o_proj,927,0,2,1
post_layernorm,927,0,2,1
gate_proj,927,0,2,963886
up_proj,927,0,2,1
act_fn,927,0,2,1
down_proj,927,0,2,1
final_layernorm,927,0,2,45346
lm_head,927,0,2,1841476
embedding,928,0,2,304340
input_layernorm,928,0,2,1
q_proj,928,0,2,1
k_proj,928,0,2,1
v_proj,928,0,2,1
rope,928,0,2,1
attn,928,0,2,1
o_proj,928,0,2,1
post_layernorm,928,0,2,1
gate_proj,928,0,2,964874
up_proj,928,0,2,1
act_fn,928,0,2,1
down_proj,928,0,2,1
final_layernorm,928,0,2,45393
lm_head,928,0,2,1843395
embedding,929,0,2,304650
input_layernorm,929,0,2,1
q_proj,929,0,2,1
k_proj,929,0,2,1
v_proj,929,0,2,1
rope,929,0,2,1
attn,929,0,2,1
o_proj,929,0,2,1
post_layernorm,929,0,2,1
gate_proj,929,0,2,965863
up_proj,929,0,2,1
act_fn,929,0,2,1
down_proj,929,0,2,1
final_layernorm,929,0,2,45440
lm_head,929,0,2,1845313
embedding,930,0,2,304959
input_layernorm,930,0,2,1
q_proj,930,0,2,1
k_proj,930,0,2,1
v_proj,930,0,2,1
rope,930,0,2,1
attn,930,0,2,1
o_proj,930,0,2,1
post_layernorm,930,0,2,1
gate_proj,930,0,2,966851
up_proj,930,0,2,1
act_fn,930,0,2,1
down_proj,930,0,2,1
final_layernorm,930,0,2,45488
lm_head,930,0,2,1847231
embedding,931,0,2,305269
input_layernorm,931,0,2,1
q_proj,931,0,2,1
k_proj,931,0,2,1
v_proj,931,0,2,1
rope,931,0,2,1
attn,931,0,2,1
o_proj,931,0,2,1
post_layernorm,931,0,2,1
gate_proj,931,0,2,967839
up_proj,931,0,2,1
act_fn,931,0,2,1
down_proj,931,0,2,1
final_layernorm,931,0,2,45535
lm_head,931,0,2,1849151
embedding,932,0,2,305579
input_layernorm,932,0,2,1
q_proj,932,0,2,1
k_proj,932,0,2,1
v_proj,932,0,2,1
rope,932,0,2,1
attn,932,0,2,1
o_proj,932,0,2,1
post_layernorm,932,0,2,1
gate_proj,932,0,2,968828
up_proj,932,0,2,1
act_fn,932,0,2,1
down_proj,932,0,2,1
final_layernorm,932,0,2,45582
lm_head,932,0,2,1851069
embedding,933,0,2,305889
input_layernorm,933,0,2,1
q_proj,933,0,2,1
k_proj,933,0,2,1
v_proj,933,0,2,1
rope,933,0,2,1
attn,933,0,2,1
o_proj,933,0,2,1
post_layernorm,933,0,2,1
gate_proj,933,0,2,969816
up_proj,933,0,2,1
act_fn,933,0,2,1
down_proj,933,0,2,1
final_layernorm,933,0,2,45629
lm_head,933,0,2,1852988
embedding,934,0,2,306199
input_layernorm,934,0,2,1
q_proj,934,0,2,1
k_proj,934,0,2,1
v_proj,934,0,2,1
rope,934,0,2,1
attn,934,0,2,1
o_proj,934,0,2,1
post_layernorm,934,0,2,1
gate_proj,934,0,2,970805
up_proj,934,0,2,1
act_fn,934,0,2,1
down_proj,934,0,2,1
final_layernorm,934,0,2,45677
lm_head,934,0,2,1854906
embedding,935,0,2,306509
input_layernorm,935,0,2,1
q_proj,935,0,2,1
k_proj,935,0,2,1
v_proj,935,0,2,1
rope,935,0,2,1
attn,935,0,2,1
o_proj,935,0,2,1
post_layernorm,935,0,2,1
gate_proj,935,0,2,971793
up_proj,935,0,2,1
act_fn,935,0,2,1
down_proj,935,0,2,1
final_layernorm,935,0,2,45724
lm_head,935,0,2,1856825
embedding,936,0,2,306818
input_layernorm,936,0,2,1
q_proj,936,0,2,1
k_proj,936,0,2,1
v_proj,936,0,2,1
rope,936,0,2,1
attn,936,0,2,1
o_proj,936,0,2,1
post_layernorm,936,0,2,1
gate_proj,936,0,2,972781
up_proj,936,0,2,1
act_fn,936,0,2,1
down_proj,936,0,2,1
final_layernorm,936,0,2,45771
lm_head,936,0,2,1858744
embedding,937,0,2,307128
input_layernorm,937,0,2,1
q_proj,937,0,2,1
k_proj,937,0,2,1
v_proj,937,0,2,1
rope,937,0,2,1
attn,937,0,2,1
o_proj,937,0,2,1
post_layernorm,937,0,2,1
gate_proj,937,0,2,973770
up_proj,937,0,2,1
act_fn,937,0,2,1
down_proj,937,0,2,1
final_layernorm,937,0,2,45818
lm_head,937,0,2,1860663
embedding,938,0,2,307438
input_layernorm,938,0,2,1
q_proj,938,0,2,1
k_proj,938,0,2,1
v_proj,938,0,2,1
rope,938,0,2,1
attn,938,0,2,1
o_proj,938,0,2,1
post_layernorm,938,0,2,1
gate_proj,938,0,2,974758
up_proj,938,0,2,1
act_fn,938,0,2,1
down_proj,938,0,2,1
final_layernorm,938,0,2,45866
lm_head,938,0,2,1862581
embedding,939,0,2,307748
input_layernorm,939,0,2,1
q_proj,939,0,2,1
k_proj,939,0,2,1
v_proj,939,0,2,1
rope,939,0,2,1
attn,939,0,2,1
o_proj,939,0,2,1
post_layernorm,939,0,2,1
gate_proj,939,0,2,975747
up_proj,939,0,2,1
act_fn,939,0,2,1
down_proj,939,0,2,1
final_layernorm,939,0,2,45913
lm_head,939,0,2,1864500
embedding,940,0,2,308058
input_layernorm,940,0,2,1
q_proj,940,0,2,1
k_proj,940,0,2,1
v_proj,940,0,2,1
rope,940,0,2,1
attn,940,0,2,1
o_proj,940,0,2,1
post_layernorm,940,0,2,1
gate_proj,940,0,2,976735
up_proj,940,0,2,1
act_fn,940,0,2,1
down_proj,940,0,2,1
final_layernorm,940,0,2,45960
lm_head,940,0,2,1866419
embedding,941,0,2,308367
input_layernorm,941,0,2,1
q_proj,941,0,2,1
k_proj,941,0,2,1
v_proj,941,0,2,1
rope,941,0,2,1
attn,941,0,2,1
o_proj,941,0,2,1
post_layernorm,941,0,2,1
gate_proj,941,0,2,977723
up_proj,941,0,2,1
act_fn,941,0,2,1
down_proj,941,0,2,1
final_layernorm,941,0,2,46007
lm_head,941,0,2,1868337
embedding,942,0,2,308677
input_layernorm,942,0,2,1
q_proj,942,0,2,1
k_proj,942,0,2,1
v_proj,942,0,2,1
rope,942,0,2,1
attn,942,0,2,1
o_proj,942,0,2,1
post_layernorm,942,0,2,1
gate_proj,942,0,2,978712
up_proj,942,0,2,1
act_fn,942,0,2,1
down_proj,942,0,2,1
final_layernorm,942,0,2,46055
lm_head,942,0,2,1870256
embedding,943,0,2,308987
input_layernorm,943,0,2,1
q_proj,943,0,2,1
k_proj,943,0,2,1
v_proj,943,0,2,1
rope,943,0,2,1
attn,943,0,2,1
o_proj,943,0,2,1
post_layernorm,943,0,2,1
gate_proj,943,0,2,979700
up_proj,943,0,2,1
act_fn,943,0,2,1
down_proj,943,0,2,1
final_layernorm,943,0,2,46102
lm_head,943,0,2,1872175
embedding,944,0,2,309297
input_layernorm,944,0,2,1
q_proj,944,0,2,1
k_proj,944,0,2,1
v_proj,944,0,2,1
rope,944,0,2,1
attn,944,0,2,1
o_proj,944,0,2,1
post_layernorm,944,0,2,1
gate_proj,944,0,2,980688
up_proj,944,0,2,1
act_fn,944,0,2,1
down_proj,944,0,2,1
final_layernorm,944,0,2,46149
lm_head,944,0,2,1874094
embedding,945,0,2,309607
input_layernorm,945,0,2,1
q_proj,945,0,2,1
k_proj,945,0,2,1
v_proj,945,0,2,1
rope,945,0,2,1
attn,945,0,2,1
o_proj,945,0,2,1
post_layernorm,945,0,2,1
gate_proj,945,0,2,981677
up_proj,945,0,2,1
act_fn,945,0,2,1
down_proj,945,0,2,1
final_layernorm,945,0,2,46196
lm_head,945,0,2,1876012
embedding,946,0,2,309916
input_layernorm,946,0,2,1
q_proj,946,0,2,1
k_proj,946,0,2,1
v_proj,946,0,2,1
rope,946,0,2,1
attn,946,0,2,1
o_proj,946,0,2,1
post_layernorm,946,0,2,1
gate_proj,946,0,2,982665
up_proj,946,0,2,1
act_fn,946,0,2,1
down_proj,946,0,2,1
final_layernorm,946,0,2,46244
lm_head,946,0,2,1877930
embedding,947,0,2,310226
input_layernorm,947,0,2,1
q_proj,947,0,2,1
k_proj,947,0,2,1
v_proj,947,0,2,1
rope,947,0,2,1
attn,947,0,2,1
o_proj,947,0,2,1
post_layernorm,947,0,2,1
gate_proj,947,0,2,983654
up_proj,947,0,2,1
act_fn,947,0,2,1
down_proj,947,0,2,1
final_layernorm,947,0,2,46291
lm_head,947,0,2,1879849
embedding,948,0,2,310536
input_layernorm,948,0,2,1
q_proj,948,0,2,1
k_proj,948,0,2,1
v_proj,948,0,2,1
rope,948,0,2,1
attn,948,0,2,1
o_proj,948,0,2,1
post_layernorm,948,0,2,1
gate_proj,948,0,2,984642
up_proj,948,0,2,1
act_fn,948,0,2,1
down_proj,948,0,2,1
final_layernorm,948,0,2,46338
lm_head,948,0,2,1881768
embedding,949,0,2,310846
input_layernorm,949,0,2,1
q_proj,949,0,2,1
k_proj,949,0,2,1
v_proj,949,0,2,1
rope,949,0,2,1
attn,949,0,2,1
o_proj,949,0,2,1
post_layernorm,949,0,2,1
gate_proj,949,0,2,985630
up_proj,949,0,2,1
act_fn,949,0,2,1
down_proj,949,0,2,1
final_layernorm,949,0,2,46385
lm_head,949,0,2,1883687
embedding,950,0,2,311156
input_layernorm,950,0,2,1
q_proj,950,0,2,1
k_proj,950,0,2,1
v_proj,950,0,2,1
rope,950,0,2,1
attn,950,0,2,1
o_proj,950,0,2,1
post_layernorm,950,0,2,1
gate_proj,950,0,2,986619
up_proj,950,0,2,1
act_fn,950,0,2,1
down_proj,950,0,2,1
final_layernorm,950,0,2,46433
lm_head,950,0,2,1885605
embedding,951,0,2,311466
input_layernorm,951,0,2,1
q_proj,951,0,2,1
k_proj,951,0,2,1
v_proj,951,0,2,1
rope,951,0,2,1
attn,951,0,2,1
o_proj,951,0,2,1
post_layernorm,951,0,2,1
gate_proj,951,0,2,987607
up_proj,951,0,2,1
act_fn,951,0,2,1
down_proj,951,0,2,1
final_layernorm,951,0,2,46480
lm_head,951,0,2,1887524
embedding,952,0,2,311775
input_layernorm,952,0,2,1
q_proj,952,0,2,1
k_proj,952,0,2,1
v_proj,952,0,2,1
rope,952,0,2,1
attn,952,0,2,1
o_proj,952,0,2,1
post_layernorm,952,0,2,1
gate_proj,952,0,2,988596
up_proj,952,0,2,1
act_fn,952,0,2,1
down_proj,952,0,2,1
final_layernorm,952,0,2,46527
lm_head,952,0,2,1889443
embedding,953,0,2,312085
input_layernorm,953,0,2,1
q_proj,953,0,2,1
k_proj,953,0,2,1
v_proj,953,0,2,1
rope,953,0,2,1
attn,953,0,2,1
o_proj,953,0,2,1
post_layernorm,953,0,2,1
gate_proj,953,0,2,989584
up_proj,953,0,2,1
act_fn,953,0,2,1
down_proj,953,0,2,1
final_layernorm,953,0,2,46574
lm_head,953,0,2,1891361
embedding,954,0,2,312395
input_layernorm,954,0,2,1
q_proj,954,0,2,1
k_proj,954,0,2,1
v_proj,954,0,2,1
rope,954,0,2,1
attn,954,0,2,1
o_proj,954,0,2,1
post_layernorm,954,0,2,1
gate_proj,954,0,2,990572
up_proj,954,0,2,1
act_fn,954,0,2,1
down_proj,954,0,2,1
final_layernorm,954,0,2,46621
lm_head,954,0,2,1893280
embedding,955,0,2,312705
input_layernorm,955,0,2,1
q_proj,955,0,2,1
k_proj,955,0,2,1
v_proj,955,0,2,1
rope,955,0,2,1
attn,955,0,2,1
o_proj,955,0,2,1
post_layernorm,955,0,2,1
gate_proj,955,0,2,991561
up_proj,955,0,2,1
act_fn,955,0,2,1
down_proj,955,0,2,1
final_layernorm,955,0,2,46669
lm_head,955,0,2,1895198
embedding,956,0,2,313015
input_layernorm,956,0,2,1
q_proj,956,0,2,1
k_proj,956,0,2,1
v_proj,956,0,2,1
rope,956,0,2,1
attn,956,0,2,1
o_proj,956,0,2,1
post_layernorm,956,0,2,1
gate_proj,956,0,2,992549
up_proj,956,0,2,1
act_fn,956,0,2,1
down_proj,956,0,2,1
final_layernorm,956,0,2,46716
lm_head,956,0,2,1897118
embedding,957,0,2,313324
input_layernorm,957,0,2,1
q_proj,957,0,2,1
k_proj,957,0,2,1
v_proj,957,0,2,1
rope,957,0,2,1
attn,957,0,2,1
o_proj,957,0,2,1
post_layernorm,957,0,2,1
gate_proj,957,0,2,993538
up_proj,957,0,2,1
act_fn,957,0,2,1
down_proj,957,0,2,1
final_layernorm,957,0,2,46763
lm_head,957,0,2,1899036
embedding,958,0,2,313634
input_layernorm,958,0,2,1
q_proj,958,0,2,1
k_proj,958,0,2,1
v_proj,958,0,2,1
rope,958,0,2,1
attn,958,0,2,1
o_proj,958,0,2,1
post_layernorm,958,0,2,1
gate_proj,958,0,2,994526
up_proj,958,0,2,1
act_fn,958,0,2,1
down_proj,958,0,2,1
final_layernorm,958,0,2,46810
lm_head,958,0,2,1900955
embedding,959,0,2,313944
input_layernorm,959,0,2,1
q_proj,959,0,2,1
k_proj,959,0,2,1
v_proj,959,0,2,1
rope,959,0,2,1
attn,959,0,2,1
o_proj,959,0,2,1
post_layernorm,959,0,2,1
gate_proj,959,0,2,995514
up_proj,959,0,2,1
act_fn,959,0,2,1
down_proj,959,0,2,1
final_layernorm,959,0,2,46858
lm_head,959,0,2,1902873
embedding,960,0,2,314254
input_layernorm,960,0,2,1
q_proj,960,0,2,1
k_proj,960,0,2,1
v_proj,960,0,2,1
rope,960,0,2,1
attn,960,0,2,1
o_proj,960,0,2,1
post_layernorm,960,0,2,1
gate_proj,960,0,2,996503
up_proj,960,0,2,1
act_fn,960,0,2,1
down_proj,960,0,2,1
final_layernorm,960,0,2,46905
lm_head,960,0,2,1904792
embedding,961,0,2,314564
input_layernorm,961,0,2,1
q_proj,961,0,2,1
k_proj,961,0,2,1
v_proj,961,0,2,1
rope,961,0,2,1
attn,961,0,2,1
o_proj,961,0,2,1
post_layernorm,961,0,2,1
gate_proj,961,0,2,997491
up_proj,961,0,2,1
act_fn,961,0,2,1
down_proj,961,0,2,1
final_layernorm,961,0,2,46952
lm_head,961,0,2,1906711
embedding,962,0,2,314874
input_layernorm,962,0,2,1
q_proj,962,0,2,1
k_proj,962,0,2,1
v_proj,962,0,2,1
rope,962,0,2,1
attn,962,0,2,1
o_proj,962,0,2,1
post_layernorm,962,0,2,1
gate_proj,962,0,2,998480
up_proj,962,0,2,1
act_fn,962,0,2,1
down_proj,962,0,2,1
final_layernorm,962,0,2,46999
lm_head,962,0,2,1908629
embedding,963,0,2,315183
input_layernorm,963,0,2,1
q_proj,963,0,2,1
k_proj,963,0,2,1
v_proj,963,0,2,1
rope,963,0,2,1
attn,963,0,2,1
o_proj,963,0,2,1
post_layernorm,963,0,2,1
gate_proj,963,0,2,999468
up_proj,963,0,2,1
act_fn,963,0,2,1
down_proj,963,0,2,1
final_layernorm,963,0,2,47047
lm_head,963,0,2,1910548
embedding,964,0,2,315493
input_layernorm,964,0,2,1
q_proj,964,0,2,1
k_proj,964,0,2,1
v_proj,964,0,2,1
rope,964,0,2,1
attn,964,0,2,1
o_proj,964,0,2,1
post_layernorm,964,0,2,1
gate_proj,964,0,2,1000456
up_proj,964,0,2,1
act_fn,964,0,2,1
down_proj,964,0,2,1
final_layernorm,964,0,2,47094
lm_head,964,0,2,1912467
embedding,965,0,2,315803
input_layernorm,965,0,2,1
q_proj,965,0,2,1
k_proj,965,0,2,1
v_proj,965,0,2,1
rope,965,0,2,1
attn,965,0,2,1
o_proj,965,0,2,1
post_layernorm,965,0,2,1
gate_proj,965,0,2,1001445
up_proj,965,0,2,1
act_fn,965,0,2,1
down_proj,965,0,2,1
final_layernorm,965,0,2,47141
lm_head,965,0,2,1914386
embedding,966,0,2,316113
input_layernorm,966,0,2,1
q_proj,966,0,2,1
k_proj,966,0,2,1
v_proj,966,0,2,1
rope,966,0,2,1
attn,966,0,2,1
o_proj,966,0,2,1
post_layernorm,966,0,2,1
gate_proj,966,0,2,1002433
up_proj,966,0,2,1
act_fn,966,0,2,1
down_proj,966,0,2,1
final_layernorm,966,0,2,47188
lm_head,966,0,2,1916304
embedding,967,0,2,316423
input_layernorm,967,0,2,1
q_proj,967,0,2,1
k_proj,967,0,2,1
v_proj,967,0,2,1
rope,967,0,2,1
attn,967,0,2,1
o_proj,967,0,2,1
post_layernorm,967,0,2,1
gate_proj,967,0,2,1003422
up_proj,967,0,2,1
act_fn,967,0,2,1
down_proj,967,0,2,1
final_layernorm,967,0,2,47236
lm_head,967,0,2,1918223
embedding,968,0,2,316732
input_layernorm,968,0,2,1
q_proj,968,0,2,1
k_proj,968,0,2,1
v_proj,968,0,2,1
rope,968,0,2,1
attn,968,0,2,1
o_proj,968,0,2,1
post_layernorm,968,0,2,1
gate_proj,968,0,2,1004410
up_proj,968,0,2,1
act_fn,968,0,2,1
down_proj,968,0,2,1
final_layernorm,968,0,2,47283
lm_head,968,0,2,1920141
embedding,969,0,2,317042
input_layernorm,969,0,2,1
q_proj,969,0,2,1
k_proj,969,0,2,1
v_proj,969,0,2,1
rope,969,0,2,1
attn,969,0,2,1
o_proj,969,0,2,1
post_layernorm,969,0,2,1
gate_proj,969,0,2,1005398
up_proj,969,0,2,1
act_fn,969,0,2,1
down_proj,969,0,2,1
final_layernorm,969,0,2,47330
lm_head,969,0,2,1922060
embedding,970,0,2,317352
input_layernorm,970,0,2,1
q_proj,970,0,2,1
k_proj,970,0,2,1
v_proj,970,0,2,1
rope,970,0,2,1
attn,970,0,2,1
o_proj,970,0,2,1
post_layernorm,970,0,2,1
gate_proj,970,0,2,1006387
up_proj,970,0,2,1
act_fn,970,0,2,1
down_proj,970,0,2,1
final_layernorm,970,0,2,47377
lm_head,970,0,2,1923979
embedding,971,0,2,317662
input_layernorm,971,0,2,1
q_proj,971,0,2,1
k_proj,971,0,2,1
v_proj,971,0,2,1
rope,971,0,2,1
attn,971,0,2,1
o_proj,971,0,2,1
post_layernorm,971,0,2,1
gate_proj,971,0,2,1007375
up_proj,971,0,2,1
act_fn,971,0,2,1
down_proj,971,0,2,1
final_layernorm,971,0,2,47425
lm_head,971,0,2,1925897
embedding,972,0,2,317972
input_layernorm,972,0,2,1
q_proj,972,0,2,1
k_proj,972,0,2,1
v_proj,972,0,2,1
rope,972,0,2,1
attn,972,0,2,1
o_proj,972,0,2,1
post_layernorm,972,0,2,1
gate_proj,972,0,2,1008364
up_proj,972,0,2,1
act_fn,972,0,2,1
down_proj,972,0,2,1
final_layernorm,972,0,2,47472
lm_head,972,0,2,1927816
embedding,973,0,2,318281
input_layernorm,973,0,2,1
q_proj,973,0,2,1
k_proj,973,0,2,1
v_proj,973,0,2,1
rope,973,0,2,1
attn,973,0,2,1
o_proj,973,0,2,1
post_layernorm,973,0,2,1
gate_proj,973,0,2,1009352
up_proj,973,0,2,1
act_fn,973,0,2,1
down_proj,973,0,2,1
final_layernorm,973,0,2,47519
lm_head,973,0,2,1929735
embedding,974,0,2,318591
input_layernorm,974,0,2,1
q_proj,974,0,2,1
k_proj,974,0,2,1
v_proj,974,0,2,1
rope,974,0,2,1
attn,974,0,2,1
o_proj,974,0,2,1
post_layernorm,974,0,2,1
gate_proj,974,0,2,1010340
up_proj,974,0,2,1
act_fn,974,0,2,1
down_proj,974,0,2,1
final_layernorm,974,0,2,47566
lm_head,974,0,2,1931654
embedding,975,0,2,318901
input_layernorm,975,0,2,1
q_proj,975,0,2,1
k_proj,975,0,2,1
v_proj,975,0,2,1
rope,975,0,2,1
attn,975,0,2,1
o_proj,975,0,2,1
post_layernorm,975,0,2,1
gate_proj,975,0,2,1011329
up_proj,975,0,2,1
act_fn,975,0,2,1
down_proj,975,0,2,1
final_layernorm,975,0,2,47614
lm_head,975,0,2,1933572
embedding,976,0,2,319211
input_layernorm,976,0,2,1
q_proj,976,0,2,1
k_proj,976,0,2,1
v_proj,976,0,2,1
rope,976,0,2,1
attn,976,0,2,1
o_proj,976,0,2,1
post_layernorm,976,0,2,1
gate_proj,976,0,2,1012317
up_proj,976,0,2,1
act_fn,976,0,2,1
down_proj,976,0,2,1
final_layernorm,976,0,2,47661
lm_head,976,0,2,1935491
embedding,977,0,2,319521
input_layernorm,977,0,2,1
q_proj,977,0,2,1
k_proj,977,0,2,1
v_proj,977,0,2,1
rope,977,0,2,1
attn,977,0,2,1
o_proj,977,0,2,1
post_layernorm,977,0,2,1
gate_proj,977,0,2,1013306
up_proj,977,0,2,1
act_fn,977,0,2,1
down_proj,977,0,2,1
final_layernorm,977,0,2,47708
lm_head,977,0,2,1937410
embedding,978,0,2,319831
input_layernorm,978,0,2,1
q_proj,978,0,2,1
k_proj,978,0,2,1
v_proj,978,0,2,1
rope,978,0,2,1
attn,978,0,2,1
o_proj,978,0,2,1
post_layernorm,978,0,2,1
gate_proj,978,0,2,1014294
up_proj,978,0,2,1
act_fn,978,0,2,1
down_proj,978,0,2,1
final_layernorm,978,0,2,47755
lm_head,978,0,2,1939328
embedding,979,0,2,320140
input_layernorm,979,0,2,1
q_proj,979,0,2,1
k_proj,979,0,2,1
v_proj,979,0,2,1
rope,979,0,2,1
attn,979,0,2,1
o_proj,979,0,2,1
post_layernorm,979,0,2,1
gate_proj,979,0,2,1015282
up_proj,979,0,2,1
act_fn,979,0,2,1
down_proj,979,0,2,1
final_layernorm,979,0,2,47803
lm_head,979,0,2,1941247
embedding,980,0,2,320450
input_layernorm,980,0,2,1
q_proj,980,0,2,1
k_proj,980,0,2,1
v_proj,980,0,2,1
rope,980,0,2,1
attn,980,0,2,1
o_proj,980,0,2,1
post_layernorm,980,0,2,1
gate_proj,980,0,2,1016271
up_proj,980,0,2,1
act_fn,980,0,2,1
down_proj,980,0,2,1
final_layernorm,980,0,2,47850
lm_head,980,0,2,1943165
embedding,981,0,2,320760
input_layernorm,981,0,2,1
q_proj,981,0,2,1
k_proj,981,0,2,1
v_proj,981,0,2,1
rope,981,0,2,1
attn,981,0,2,1
o_proj,981,0,2,1
post_layernorm,981,0,2,1
gate_proj,981,0,2,1017259
up_proj,981,0,2,1
act_fn,981,0,2,1
down_proj,981,0,2,1
final_layernorm,981,0,2,47897
lm_head,981,0,2,1945084
embedding,982,0,2,321070
input_layernorm,982,0,2,1
q_proj,982,0,2,1
k_proj,982,0,2,1
v_proj,982,0,2,1
rope,982,0,2,1
attn,982,0,2,1
o_proj,982,0,2,1
post_layernorm,982,0,2,1
gate_proj,982,0,2,1018248
up_proj,982,0,2,1
act_fn,982,0,2,1
down_proj,982,0,2,1
final_layernorm,982,0,2,47944
lm_head,982,0,2,1947003
embedding,983,0,2,321380
input_layernorm,983,0,2,1
q_proj,983,0,2,1
k_proj,983,0,2,1
v_proj,983,0,2,1
rope,983,0,2,1
attn,983,0,2,1
o_proj,983,0,2,1
post_layernorm,983,0,2,1
gate_proj,983,0,2,1019236
up_proj,983,0,2,1
act_fn,983,0,2,1
down_proj,983,0,2,1
final_layernorm,983,0,2,47992
lm_head,983,0,2,1948922
embedding,984,0,2,321689
input_layernorm,984,0,2,1
q_proj,984,0,2,1
k_proj,984,0,2,1
v_proj,984,0,2,1
rope,984,0,2,1
attn,984,0,2,1
o_proj,984,0,2,1
post_layernorm,984,0,2,1
gate_proj,984,0,2,1020224
up_proj,984,0,2,1
act_fn,984,0,2,1
down_proj,984,0,2,1
final_layernorm,984,0,2,48039
lm_head,984,0,2,1950840
embedding,985,0,2,321999
input_layernorm,985,0,2,1
q_proj,985,0,2,1
k_proj,985,0,2,1
v_proj,985,0,2,1
rope,985,0,2,1
attn,985,0,2,1
o_proj,985,0,2,1
post_layernorm,985,0,2,1
gate_proj,985,0,2,1021213
up_proj,985,0,2,1
act_fn,985,0,2,1
down_proj,985,0,2,1
final_layernorm,985,0,2,48086
lm_head,985,0,2,1952759
embedding,986,0,2,322309
input_layernorm,986,0,2,1
q_proj,986,0,2,1
k_proj,986,0,2,1
v_proj,986,0,2,1
rope,986,0,2,1
attn,986,0,2,1
o_proj,986,0,2,1
post_layernorm,986,0,2,1
gate_proj,986,0,2,1022201
up_proj,986,0,2,1
act_fn,986,0,2,1
down_proj,986,0,2,1
final_layernorm,986,0,2,48133
lm_head,986,0,2,1954678
embedding,987,0,2,322619
input_layernorm,987,0,2,1
q_proj,987,0,2,1
k_proj,987,0,2,1
v_proj,987,0,2,1
rope,987,0,2,1
attn,987,0,2,1
o_proj,987,0,2,1
post_layernorm,987,0,2,1
gate_proj,987,0,2,1023190
up_proj,987,0,2,1
act_fn,987,0,2,1
down_proj,987,0,2,1
final_layernorm,987,0,2,48181
lm_head,987,0,2,1956596
embedding,988,0,2,322929
input_layernorm,988,0,2,1
q_proj,988,0,2,1
k_proj,988,0,2,1
v_proj,988,0,2,1
rope,988,0,2,1
attn,988,0,2,1
o_proj,988,0,2,1
post_layernorm,988,0,2,1
gate_proj,988,0,2,1024178
up_proj,988,0,2,1
act_fn,988,0,2,1
down_proj,988,0,2,1
final_layernorm,988,0,2,48228
lm_head,988,0,2,1958514
embedding,989,0,2,323238
input_layernorm,989,0,2,1
q_proj,989,0,2,1
k_proj,989,0,2,1
v_proj,989,0,2,1
rope,989,0,2,1
attn,989,0,2,1
o_proj,989,0,2,1
post_layernorm,989,0,2,1
gate_proj,989,0,2,1025167
up_proj,989,0,2,1
act_fn,989,0,2,1
down_proj,989,0,2,1
final_layernorm,989,0,2,48275
lm_head,989,0,2,1960433
embedding,990,0,2,323548
input_layernorm,990,0,2,1
q_proj,990,0,2,1
k_proj,990,0,2,1
v_proj,990,0,2,1
rope,990,0,2,1
attn,990,0,2,1
o_proj,990,0,2,1
post_layernorm,990,0,2,1
gate_proj,990,0,2,1026155
up_proj,990,0,2,1
act_fn,990,0,2,1
down_proj,990,0,2,1
final_layernorm,990,0,2,48322
lm_head,990,0,2,1962352
embedding,991,0,2,323858
input_layernorm,991,0,2,1
q_proj,991,0,2,1
k_proj,991,0,2,1
v_proj,991,0,2,1
rope,991,0,2,1
attn,991,0,2,1
o_proj,991,0,2,1
post_layernorm,991,0,2,1
gate_proj,991,0,2,1027144
up_proj,991,0,2,1
act_fn,991,0,2,1
down_proj,991,0,2,1
final_layernorm,991,0,2,48370
lm_head,991,0,2,1964270
embedding,992,0,2,324168
input_layernorm,992,0,2,1
q_proj,992,0,2,1
k_proj,992,0,2,1
v_proj,992,0,2,1
rope,992,0,2,1
attn,992,0,2,1
o_proj,992,0,2,1
post_layernorm,992,0,2,1
gate_proj,992,0,2,1028132
up_proj,992,0,2,1
act_fn,992,0,2,1
down_proj,992,0,2,1
final_layernorm,992,0,2,48417
lm_head,992,0,2,1966189
embedding,993,0,2,324478
input_layernorm,993,0,2,1
q_proj,993,0,2,1
k_proj,993,0,2,1
v_proj,993,0,2,1
rope,993,0,2,1
attn,993,0,2,1
o_proj,993,0,2,1
post_layernorm,993,0,2,1
gate_proj,993,0,2,1029120
up_proj,993,0,2,1
act_fn,993,0,2,1
down_proj,993,0,2,1
final_layernorm,993,0,2,48464
lm_head,993,0,2,1968108
embedding,994,0,2,324788
input_layernorm,994,0,2,1
q_proj,994,0,2,1
k_proj,994,0,2,1
v_proj,994,0,2,1
rope,994,0,2,1
attn,994,0,2,1
o_proj,994,0,2,1
post_layernorm,994,0,2,1
gate_proj,994,0,2,1030109
up_proj,994,0,2,1
act_fn,994,0,2,1
down_proj,994,0,2,1
final_layernorm,994,0,2,48511
lm_head,994,0,2,1970026
embedding,995,0,2,325097
input_layernorm,995,0,2,1
q_proj,995,0,2,1
k_proj,995,0,2,1
v_proj,995,0,2,1
rope,995,0,2,1
attn,995,0,2,1
o_proj,995,0,2,1
post_layernorm,995,0,2,1
gate_proj,995,0,2,1031097
up_proj,995,0,2,1
act_fn,995,0,2,1
down_proj,995,0,2,1
final_layernorm,995,0,2,48559
lm_head,995,0,2,1971945
embedding,996,0,2,325407
input_layernorm,996,0,2,1
q_proj,996,0,2,1
k_proj,996,0,2,1
v_proj,996,0,2,1
rope,996,0,2,1
attn,996,0,2,1
o_proj,996,0,2,1
post_layernorm,996,0,2,1
gate_proj,996,0,2,1032086
up_proj,996,0,2,1
act_fn,996,0,2,1
down_proj,996,0,2,1
final_layernorm,996,0,2,48606
lm_head,996,0,2,1973864
embedding,997,0,2,325717
input_layernorm,997,0,2,1
q_proj,997,0,2,1
k_proj,997,0,2,1
v_proj,997,0,2,1
rope,997,0,2,1
attn,997,0,2,1
o_proj,997,0,2,1
post_layernorm,997,0,2,1
gate_proj,997,0,2,1033074
up_proj,997,0,2,1
act_fn,997,0,2,1
down_proj,997,0,2,1
final_layernorm,997,0,2,48653
lm_head,997,0,2,1975783
embedding,998,0,2,326027
input_layernorm,998,0,2,1
q_proj,998,0,2,1
k_proj,998,0,2,1
v_proj,998,0,2,1
rope,998,0,2,1
attn,998,0,2,1
o_proj,998,0,2,1
post_layernorm,998,0,2,1
gate_proj,998,0,2,1034062
up_proj,998,0,2,1
act_fn,998,0,2,1
down_proj,998,0,2,1
final_layernorm,998,0,2,48700
lm_head,998,0,2,1977701
embedding,999,0,2,326337
input_layernorm,999,0,2,1
q_proj,999,0,2,1
k_proj,999,0,2,1
v_proj,999,0,2,1
rope,999,0,2,1
attn,999,0,2,1
o_proj,999,0,2,1
post_layernorm,999,0,2,1
gate_proj,999,0,2,1035051
up_proj,999,0,2,1
act_fn,999,0,2,1
down_proj,999,0,2,1
final_layernorm,999,0,2,48748
lm_head,999,0,2,1979620
embedding,1000,0,2,326646
input_layernorm,1000,0,2,1
q_proj,1000,0,2,1
k_proj,1000,0,2,1
v_proj,1000,0,2,1
rope,1000,0,2,1
attn,1000,0,2,1
o_proj,1000,0,2,1
post_layernorm,1000,0,2,1
gate_proj,1000,0,2,1036039
up_proj,1000,0,2,1
act_fn,1000,0,2,1
down_proj,1000,0,2,1
final_layernorm,1000,0,2,48795
lm_head,1000,0,2,1981538
embedding,1001,0,2,326956
input_layernorm,1001,0,2,1
q_proj,1001,0,2,1
k_proj,1001,0,2,1
v_proj,1001,0,2,1
rope,1001,0,2,1
attn,1001,0,2,1
o_proj,1001,0,2,1
post_layernorm,1001,0,2,1
gate_proj,1001,0,2,1037028
up_proj,1001,0,2,1
act_fn,1001,0,2,1
down_proj,1001,0,2,1
final_layernorm,1001,0,2,48842
lm_head,1001,0,2,1983457
embedding,1002,0,2,327266
input_layernorm,1002,0,2,1
q_proj,1002,0,2,1
k_proj,1002,0,2,1
v_proj,1002,0,2,1
rope,1002,0,2,1
attn,1002,0,2,1
o_proj,1002,0,2,1
post_layernorm,1002,0,2,1
gate_proj,1002,0,2,1038016
up_proj,1002,0,2,1
act_fn,1002,0,2,1
down_proj,1002,0,2,1
final_layernorm,1002,0,2,48889
lm_head,1002,0,2,1985376
embedding,1003,0,2,327576
input_layernorm,1003,0,2,1
q_proj,1003,0,2,1
k_proj,1003,0,2,1
v_proj,1003,0,2,1
rope,1003,0,2,1
attn,1003,0,2,1
o_proj,1003,0,2,1
post_layernorm,1003,0,2,1
gate_proj,1003,0,2,1039004
up_proj,1003,0,2,1
act_fn,1003,0,2,1
down_proj,1003,0,2,1
final_layernorm,1003,0,2,48937
lm_head,1003,0,2,1987294
embedding,1004,0,2,327886
input_layernorm,1004,0,2,1
q_proj,1004,0,2,1
k_proj,1004,0,2,1
v_proj,1004,0,2,1
rope,1004,0,2,1
attn,1004,0,2,1
o_proj,1004,0,2,1
post_layernorm,1004,0,2,1
gate_proj,1004,0,2,1039993
up_proj,1004,0,2,1
act_fn,1004,0,2,1
down_proj,1004,0,2,1
final_layernorm,1004,0,2,48984
lm_head,1004,0,2,1989213
embedding,1005,0,2,328196
input_layernorm,1005,0,2,1
q_proj,1005,0,2,1
k_proj,1005,0,2,1
v_proj,1005,0,2,1
rope,1005,0,2,1
attn,1005,0,2,1
o_proj,1005,0,2,1
post_layernorm,1005,0,2,1
gate_proj,1005,0,2,1040981
up_proj,1005,0,2,1
act_fn,1005,0,2,1
down_proj,1005,0,2,1
final_layernorm,1005,0,2,49031
lm_head,1005,0,2,1991132
embedding,1006,0,2,328505
input_layernorm,1006,0,2,1
q_proj,1006,0,2,1
k_proj,1006,0,2,1
v_proj,1006,0,2,1
rope,1006,0,2,1
attn,1006,0,2,1
o_proj,1006,0,2,1
post_layernorm,1006,0,2,1
gate_proj,1006,0,2,1041970
up_proj,1006,0,2,1
act_fn,1006,0,2,1
down_proj,1006,0,2,1
final_layernorm,1006,0,2,49078
lm_head,1006,0,2,1993051
embedding,1007,0,2,328815
input_layernorm,1007,0,2,1
q_proj,1007,0,2,1
k_proj,1007,0,2,1
v_proj,1007,0,2,1
rope,1007,0,2,1
attn,1007,0,2,1
o_proj,1007,0,2,1
post_layernorm,1007,0,2,1
gate_proj,1007,0,2,1042958
up_proj,1007,0,2,1
act_fn,1007,0,2,1
down_proj,1007,0,2,1
final_layernorm,1007,0,2,49126
lm_head,1007,0,2,1994969
embedding,1008,0,2,329125
input_layernorm,1008,0,2,1
q_proj,1008,0,2,1
k_proj,1008,0,2,1
v_proj,1008,0,2,1
rope,1008,0,2,1
attn,1008,0,2,1
o_proj,1008,0,2,1
post_layernorm,1008,0,2,1
gate_proj,1008,0,2,1043946
up_proj,1008,0,2,1
act_fn,1008,0,2,1
down_proj,1008,0,2,1
final_layernorm,1008,0,2,49173
lm_head,1008,0,2,1996888
embedding,1009,0,2,329435
input_layernorm,1009,0,2,1
q_proj,1009,0,2,1
k_proj,1009,0,2,1
v_proj,1009,0,2,1
rope,1009,0,2,1
attn,1009,0,2,1
o_proj,1009,0,2,1
post_layernorm,1009,0,2,1
gate_proj,1009,0,2,1044935
up_proj,1009,0,2,1
act_fn,1009,0,2,1
down_proj,1009,0,2,1
final_layernorm,1009,0,2,49220
lm_head,1009,0,2,1998807
embedding,1010,0,2,329745
input_layernorm,1010,0,2,1
q_proj,1010,0,2,1
k_proj,1010,0,2,1
v_proj,1010,0,2,1
rope,1010,0,2,1
attn,1010,0,2,1
o_proj,1010,0,2,1
post_layernorm,1010,0,2,1
gate_proj,1010,0,2,1045923
up_proj,1010,0,2,1
act_fn,1010,0,2,1
down_proj,1010,0,2,1
final_layernorm,1010,0,2,49267
lm_head,1010,0,2,2000725
embedding,1011,0,2,330054
input_layernorm,1011,0,2,1
q_proj,1011,0,2,1
k_proj,1011,0,2,1
v_proj,1011,0,2,1
rope,1011,0,2,1
attn,1011,0,2,1
o_proj,1011,0,2,1
post_layernorm,1011,0,2,1
gate_proj,1011,0,2,1046912
up_proj,1011,0,2,1
act_fn,1011,0,2,1
down_proj,1011,0,2,1
final_layernorm,1011,0,2,49315
lm_head,1011,0,2,2002644
embedding,1012,0,2,330364
input_layernorm,1012,0,2,1
q_proj,1012,0,2,1
k_proj,1012,0,2,1
v_proj,1012,0,2,1
rope,1012,0,2,1
attn,1012,0,2,1
o_proj,1012,0,2,1
post_layernorm,1012,0,2,1
gate_proj,1012,0,2,1047900
up_proj,1012,0,2,1
act_fn,1012,0,2,1
down_proj,1012,0,2,1
final_layernorm,1012,0,2,49362
lm_head,1012,0,2,2004562
embedding,1013,0,2,330674
input_layernorm,1013,0,2,1
q_proj,1013,0,2,1
k_proj,1013,0,2,1
v_proj,1013,0,2,1
rope,1013,0,2,1
attn,1013,0,2,1
o_proj,1013,0,2,1
post_layernorm,1013,0,2,1
gate_proj,1013,0,2,1048888
up_proj,1013,0,2,1
act_fn,1013,0,2,1
down_proj,1013,0,2,1
final_layernorm,1013,0,2,49409
lm_head,1013,0,2,2006481
embedding,1014,0,2,330984
input_layernorm,1014,0,2,1
q_proj,1014,0,2,1
k_proj,1014,0,2,1
v_proj,1014,0,2,1
rope,1014,0,2,1
attn,1014,0,2,1
o_proj,1014,0,2,1
post_layernorm,1014,0,2,1
gate_proj,1014,0,2,1049877
up_proj,1014,0,2,1
act_fn,1014,0,2,1
down_proj,1014,0,2,1
final_layernorm,1014,0,2,49456
lm_head,1014,0,2,2008400
embedding,1015,0,2,331294
input_layernorm,1015,0,2,1
q_proj,1015,0,2,1
k_proj,1015,0,2,1
v_proj,1015,0,2,1
rope,1015,0,2,1
attn,1015,0,2,1
o_proj,1015,0,2,1
post_layernorm,1015,0,2,1
gate_proj,1015,0,2,1050865
up_proj,1015,0,2,1
act_fn,1015,0,2,1
down_proj,1015,0,2,1
final_layernorm,1015,0,2,49504
lm_head,1015,0,2,2010319
embedding,1016,0,2,331603
input_layernorm,1016,0,2,1
q_proj,1016,0,2,1
k_proj,1016,0,2,1
v_proj,1016,0,2,1
rope,1016,0,2,1
attn,1016,0,2,1
o_proj,1016,0,2,1
post_layernorm,1016,0,2,1
gate_proj,1016,0,2,1051854
up_proj,1016,0,2,1
act_fn,1016,0,2,1
down_proj,1016,0,2,1
final_layernorm,1016,0,2,49551
lm_head,1016,0,2,2012237
embedding,1017,0,2,331913
input_layernorm,1017,0,2,1
q_proj,1017,0,2,1
k_proj,1017,0,2,1
v_proj,1017,0,2,1
rope,1017,0,2,1
attn,1017,0,2,1
o_proj,1017,0,2,1
post_layernorm,1017,0,2,1
gate_proj,1017,0,2,1052842
up_proj,1017,0,2,1
act_fn,1017,0,2,1
down_proj,1017,0,2,1
final_layernorm,1017,0,2,49598
lm_head,1017,0,2,2014156
embedding,1018,0,2,332223
input_layernorm,1018,0,2,1
q_proj,1018,0,2,1
k_proj,1018,0,2,1
v_proj,1018,0,2,1
rope,1018,0,2,1
attn,1018,0,2,1
o_proj,1018,0,2,1
post_layernorm,1018,0,2,1
gate_proj,1018,0,2,1053830
up_proj,1018,0,2,1
act_fn,1018,0,2,1
down_proj,1018,0,2,1
final_layernorm,1018,0,2,49645
lm_head,1018,0,2,2016075
embedding,1019,0,2,332533
input_layernorm,1019,0,2,1
q_proj,1019,0,2,1
k_proj,1019,0,2,1
v_proj,1019,0,2,1
rope,1019,0,2,1
attn,1019,0,2,1
o_proj,1019,0,2,1
post_layernorm,1019,0,2,1
gate_proj,1019,0,2,1054819
up_proj,1019,0,2,1
act_fn,1019,0,2,1
down_proj,1019,0,2,1
final_layernorm,1019,0,2,49693
lm_head,1019,0,2,2017993
embedding,1020,0,2,332843
input_layernorm,1020,0,2,1
q_proj,1020,0,2,1
k_proj,1020,0,2,1
v_proj,1020,0,2,1
rope,1020,0,2,1
attn,1020,0,2,1
o_proj,1020,0,2,1
post_layernorm,1020,0,2,1
gate_proj,1020,0,2,1055807
up_proj,1020,0,2,1
act_fn,1020,0,2,1
down_proj,1020,0,2,1
final_layernorm,1020,0,2,49740
lm_head,1020,0,2,2019912
embedding,1021,0,2,333153
input_layernorm,1021,0,2,1
q_proj,1021,0,2,1
k_proj,1021,0,2,1
v_proj,1021,0,2,1
rope,1021,0,2,1
attn,1021,0,2,1
o_proj,1021,0,2,1
post_layernorm,1021,0,2,1
gate_proj,1021,0,2,1056796
up_proj,1021,0,2,1
act_fn,1021,0,2,1
down_proj,1021,0,2,1
final_layernorm,1021,0,2,49787
lm_head,1021,0,2,2021831
embedding,1022,0,2,333462
input_layernorm,1022,0,2,1
q_proj,1022,0,2,1
k_proj,1022,0,2,1
v_proj,1022,0,2,1
rope,1022,0,2,1
attn,1022,0,2,1
o_proj,1022,0,2,1
post_layernorm,1022,0,2,1
gate_proj,1022,0,2,1057784
up_proj,1022,0,2,1
act_fn,1022,0,2,1
down_proj,1022,0,2,1
final_layernorm,1022,0,2,49834
lm_head,1022,0,2,2023750
embedding,1023,0,2,333772
input_layernorm,1023,0,2,1
q_proj,1023,0,2,1
k_proj,1023,0,2,1
v_proj,1023,0,2,1
rope,1023,0,2,1
attn,1023,0,2,1
o_proj,1023,0,2,1
post_layernorm,1023,0,2,1
gate_proj,1023,0,2,1058772
up_proj,1023,0,2,1
act_fn,1023,0,2,1
down_proj,1023,0,2,1
final_layernorm,1023,0,2,49882
lm_head,1023,0,2,2025668
embedding,1024,0,2,334082
input_layernorm,1024,0,2,1
q_proj,1024,0,2,1
k_proj,1024,0,2,1
v_proj,1024,0,2,1
rope,1024,0,2,1
attn,1024,0,2,1
o_proj,1024,0,2,1
post_layernorm,1024,0,2,1
gate_proj,1024,0,2,1059761
up_proj,1024,0,2,1
act_fn,1024,0,2,1
down_proj,1024,0,2,1
final_layernorm,1024,0,2,49929
lm_head,1024,0,2,2027586
embedding,1025,0,2,334082
input_layernorm,1025,0,2,1
q_proj,1025,0,2,1
k_proj,1025,0,2,1
v_proj,1025,0,2,1
rope,1025,0,2,1
attn,1025,0,2,1
o_proj,1025,0,2,1
post_layernorm,1025,0,2,1
gate_proj,1025,0,2,1059761
up_proj,1025,0,2,1
act_fn,1025,0,2,1
down_proj,1025,0,2,1
final_layernorm,1025,0,2,49929
lm_head,1025,0,2,2027586
embedding,1026,0,2,334082
input_layernorm,1026,0,2,1
q_proj,1026,0,2,1
k_proj,1026,0,2,1
v_proj,1026,0,2,1
rope,1026,0,2,1
attn,1026,0,2,1
o_proj,1026,0,2,1
post_layernorm,1026,0,2,1
gate_proj,1026,0,2,1059761
up_proj,1026,0,2,1
act_fn,1026,0,2,1
down_proj,1026,0,2,1
final_layernorm,1026,0,2,49929
lm_head,1026,0,2,2027586
embedding,1027,0,2,334082
input_layernorm,1027,0,2,1
q_proj,1027,0,2,1
k_proj,1027,0,2,1
v_proj,1027,0,2,1
rope,1027,0,2,1
attn,1027,0,2,1
o_proj,1027,0,2,1
post_layernorm,1027,0,2,1
gate_proj,1027,0,2,1059761
up_proj,1027,0,2,1
act_fn,1027,0,2,1
down_proj,1027,0,2,1
final_layernorm,1027,0,2,49929
lm_head,1027,0,2,2027586
embedding,1028,0,2,334082
input_layernorm,1028,0,2,1
q_proj,1028,0,2,1
k_proj,1028,0,2,1
v_proj,1028,0,2,1
rope,1028,0,2,1
attn,1028,0,2,1
o_proj,1028,0,2,1
post_layernorm,1028,0,2,1
gate_proj,1028,0,2,1059761
up_proj,1028,0,2,1
act_fn,1028,0,2,1
down_proj,1028,0,2,1
final_layernorm,1028,0,2,49929
lm_head,1028,0,2,2027586
embedding,1029,0,2,334082
input_layernorm,1029,0,2,1
q_proj,1029,0,2,1
k_proj,1029,0,2,1
v_proj,1029,0,2,1
rope,1029,0,2,1
attn,1029,0,2,1
o_proj,1029,0,2,1
post_layernorm,1029,0,2,1
gate_proj,1029,0,2,1059761
up_proj,1029,0,2,1
act_fn,1029,0,2,1
down_proj,1029,0,2,1
final_layernorm,1029,0,2,49929
lm_head,1029,0,2,2027586
embedding,1030,0,2,334082
input_layernorm,1030,0,2,1
q_proj,1030,0,2,1
k_proj,1030,0,2,1
v_proj,1030,0,2,1
rope,1030,0,2,1
attn,1030,0,2,1
o_proj,1030,0,2,1
post_layernorm,1030,0,2,1
gate_proj,1030,0,2,1059761
up_proj,1030,0,2,1
act_fn,1030,0,2,1
down_proj,1030,0,2,1
final_layernorm,1030,0,2,49929
lm_head,1030,0,2,2027586
embedding,1031,0,2,334082
input_layernorm,1031,0,2,1
q_proj,1031,0,2,1
k_proj,1031,0,2,1
v_proj,1031,0,2,1
rope,1031,0,2,1
attn,1031,0,2,1
o_proj,1031,0,2,1
post_layernorm,1031,0,2,1
gate_proj,1031,0,2,1059761
up_proj,1031,0,2,1
act_fn,1031,0,2,1
down_proj,1031,0,2,1
final_layernorm,1031,0,2,49929
lm_head,1031,0,2,2027586
embedding,1032,0,2,334082
input_layernorm,1032,0,2,1
q_proj,1032,0,2,1
k_proj,1032,0,2,1
v_proj,1032,0,2,1
rope,1032,0,2,1
attn,1032,0,2,1
o_proj,1032,0,2,1
post_layernorm,1032,0,2,1
gate_proj,1032,0,2,1059761
up_proj,1032,0,2,1
act_fn,1032,0,2,1
down_proj,1032,0,2,1
final_layernorm,1032,0,2,49929
lm_head,1032,0,2,2027586
embedding,1033,0,2,334082
input_layernorm,1033,0,2,1
q_proj,1033,0,2,1
k_proj,1033,0,2,1
v_proj,1033,0,2,1
rope,1033,0,2,1
attn,1033,0,2,1
o_proj,1033,0,2,1
post_layernorm,1033,0,2,1
gate_proj,1033,0,2,1059761
up_proj,1033,0,2,1
act_fn,1033,0,2,1
down_proj,1033,0,2,1
final_layernorm,1033,0,2,49929
lm_head,1033,0,2,2027586
embedding,1034,0,2,334082
input_layernorm,1034,0,2,1
q_proj,1034,0,2,1
k_proj,1034,0,2,1
v_proj,1034,0,2,1
rope,1034,0,2,1
attn,1034,0,2,1
o_proj,1034,0,2,1
post_layernorm,1034,0,2,1
gate_proj,1034,0,2,1059761
up_proj,1034,0,2,1
act_fn,1034,0,2,1
down_proj,1034,0,2,1
final_layernorm,1034,0,2,49929
lm_head,1034,0,2,2027586
embedding,1035,0,2,334082
input_layernorm,1035,0,2,1
q_proj,1035,0,2,1
k_proj,1035,0,2,1
v_proj,1035,0,2,1
rope,1035,0,2,1
attn,1035,0,2,1
o_proj,1035,0,2,1
post_layernorm,1035,0,2,1
gate_proj,1035,0,2,1059761
up_proj,1035,0,2,1
act_fn,1035,0,2,1
down_proj,1035,0,2,1
final_layernorm,1035,0,2,49929
lm_head,1035,0,2,2027586
embedding,1036,0,2,334082
input_layernorm,1036,0,2,1
q_proj,1036,0,2,1
k_proj,1036,0,2,1
v_proj,1036,0,2,1
rope,1036,0,2,1
attn,1036,0,2,1
o_proj,1036,0,2,1
post_layernorm,1036,0,2,1
gate_proj,1036,0,2,1059761
up_proj,1036,0,2,1
act_fn,1036,0,2,1
down_proj,1036,0,2,1
final_layernorm,1036,0,2,49929
lm_head,1036,0,2,2027586
embedding,1037,0,2,334082
input_layernorm,1037,0,2,1
q_proj,1037,0,2,1
k_proj,1037,0,2,1
v_proj,1037,0,2,1
rope,1037,0,2,1
attn,1037,0,2,1
o_proj,1037,0,2,1
post_layernorm,1037,0,2,1
gate_proj,1037,0,2,1059761
up_proj,1037,0,2,1
act_fn,1037,0,2,1
down_proj,1037,0,2,1
final_layernorm,1037,0,2,49929
lm_head,1037,0,2,2027586
embedding,1038,0,2,334082
input_layernorm,1038,0,2,1
q_proj,1038,0,2,1
k_proj,1038,0,2,1
v_proj,1038,0,2,1
rope,1038,0,2,1
attn,1038,0,2,1
o_proj,1038,0,2,1
post_layernorm,1038,0,2,1
gate_proj,1038,0,2,1059761
up_proj,1038,0,2,1
act_fn,1038,0,2,1
down_proj,1038,0,2,1
final_layernorm,1038,0,2,49929
lm_head,1038,0,2,2027586
embedding,1039,0,2,334082
input_layernorm,1039,0,2,1
q_proj,1039,0,2,1
k_proj,1039,0,2,1
v_proj,1039,0,2,1
rope,1039,0,2,1
attn,1039,0,2,1
o_proj,1039,0,2,1
post_layernorm,1039,0,2,1
gate_proj,1039,0,2,1059761
up_proj,1039,0,2,1
act_fn,1039,0,2,1
down_proj,1039,0,2,1
final_layernorm,1039,0,2,49929
lm_head,1039,0,2,2027586
embedding,1040,0,2,334082
input_layernorm,1040,0,2,1
q_proj,1040,0,2,1
k_proj,1040,0,2,1
v_proj,1040,0,2,1
rope,1040,0,2,1
attn,1040,0,2,1
o_proj,1040,0,2,1
post_layernorm,1040,0,2,1
gate_proj,1040,0,2,1059761
up_proj,1040,0,2,1
act_fn,1040,0,2,1
down_proj,1040,0,2,1
final_layernorm,1040,0,2,49929
lm_head,1040,0,2,2027586
embedding,1041,0,2,334082
input_layernorm,1041,0,2,1
q_proj,1041,0,2,1
k_proj,1041,0,2,1
v_proj,1041,0,2,1
rope,1041,0,2,1
attn,1041,0,2,1
o_proj,1041,0,2,1
post_layernorm,1041,0,2,1
gate_proj,1041,0,2,1059761
up_proj,1041,0,2,1
act_fn,1041,0,2,1
down_proj,1041,0,2,1
final_layernorm,1041,0,2,49929
lm_head,1041,0,2,2027586
embedding,1042,0,2,334082
input_layernorm,1042,0,2,1
q_proj,1042,0,2,1
k_proj,1042,0,2,1
v_proj,1042,0,2,1
rope,1042,0,2,1
attn,1042,0,2,1
o_proj,1042,0,2,1
post_layernorm,1042,0,2,1
gate_proj,1042,0,2,1059761
up_proj,1042,0,2,1
act_fn,1042,0,2,1
down_proj,1042,0,2,1
final_layernorm,1042,0,2,49929
lm_head,1042,0,2,2027586
embedding,1043,0,2,334082
input_layernorm,1043,0,2,1
q_proj,1043,0,2,1
k_proj,1043,0,2,1
v_proj,1043,0,2,1
rope,1043,0,2,1
attn,1043,0,2,1
o_proj,1043,0,2,1
post_layernorm,1043,0,2,1
gate_proj,1043,0,2,1059761
up_proj,1043,0,2,1
act_fn,1043,0,2,1
down_proj,1043,0,2,1
final_layernorm,1043,0,2,49929
lm_head,1043,0,2,2027586
embedding,1044,0,2,334082
input_layernorm,1044,0,2,1
q_proj,1044,0,2,1
k_proj,1044,0,2,1
v_proj,1044,0,2,1
rope,1044,0,2,1
attn,1044,0,2,1
o_proj,1044,0,2,1
post_layernorm,1044,0,2,1
gate_proj,1044,0,2,1059761
up_proj,1044,0,2,1
act_fn,1044,0,2,1
down_proj,1044,0,2,1
final_layernorm,1044,0,2,49929
lm_head,1044,0,2,2027586
embedding,1045,0,2,334082
input_layernorm,1045,0,2,1
q_proj,1045,0,2,1
k_proj,1045,0,2,1
v_proj,1045,0,2,1
rope,1045,0,2,1
attn,1045,0,2,1
o_proj,1045,0,2,1
post_layernorm,1045,0,2,1
gate_proj,1045,0,2,1059761
up_proj,1045,0,2,1
act_fn,1045,0,2,1
down_proj,1045,0,2,1
final_layernorm,1045,0,2,49929
lm_head,1045,0,2,2027586
embedding,1046,0,2,334082
input_layernorm,1046,0,2,1
q_proj,1046,0,2,1
k_proj,1046,0,2,1
v_proj,1046,0,2,1
rope,1046,0,2,1
attn,1046,0,2,1
o_proj,1046,0,2,1
post_layernorm,1046,0,2,1
gate_proj,1046,0,2,1059761
up_proj,1046,0,2,1
act_fn,1046,0,2,1
down_proj,1046,0,2,1
final_layernorm,1046,0,2,49929
lm_head,1046,0,2,2027586
embedding,1047,0,2,334082
input_layernorm,1047,0,2,1
q_proj,1047,0,2,1
k_proj,1047,0,2,1
v_proj,1047,0,2,1
rope,1047,0,2,1
attn,1047,0,2,1
o_proj,1047,0,2,1
post_layernorm,1047,0,2,1
gate_proj,1047,0,2,1059761
up_proj,1047,0,2,1
act_fn,1047,0,2,1
down_proj,1047,0,2,1
final_layernorm,1047,0,2,49929
lm_head,1047,0,2,2027586
embedding,1048,0,2,334082
input_layernorm,1048,0,2,1
q_proj,1048,0,2,1
k_proj,1048,0,2,1
v_proj,1048,0,2,1
rope,1048,0,2,1
attn,1048,0,2,1
o_proj,1048,0,2,1
post_layernorm,1048,0,2,1
gate_proj,1048,0,2,1059761
up_proj,1048,0,2,1
act_fn,1048,0,2,1
down_proj,1048,0,2,1
final_layernorm,1048,0,2,49929
lm_head,1048,0,2,2027586
embedding,1049,0,2,334082
input_layernorm,1049,0,2,1
q_proj,1049,0,2,1
k_proj,1049,0,2,1
v_proj,1049,0,2,1
rope,1049,0,2,1
attn,1049,0,2,1
o_proj,1049,0,2,1
post_layernorm,1049,0,2,1
gate_proj,1049,0,2,1059761
up_proj,1049,0,2,1
act_fn,1049,0,2,1
down_proj,1049,0,2,1
final_layernorm,1049,0,2,49929
lm_head,1049,0,2,2027586
embedding,1050,0,2,334082
input_layernorm,1050,0,2,1
q_proj,1050,0,2,1
k_proj,1050,0,2,1
v_proj,1050,0,2,1
rope,1050,0,2,1
attn,1050,0,2,1
o_proj,1050,0,2,1
post_layernorm,1050,0,2,1
gate_proj,1050,0,2,1059761
up_proj,1050,0,2,1
act_fn,1050,0,2,1
down_proj,1050,0,2,1
final_layernorm,1050,0,2,49929
lm_head,1050,0,2,2027586
embedding,1051,0,2,334082
input_layernorm,1051,0,2,1
q_proj,1051,0,2,1
k_proj,1051,0,2,1
v_proj,1051,0,2,1
rope,1051,0,2,1
attn,1051,0,2,1
o_proj,1051,0,2,1
post_layernorm,1051,0,2,1
gate_proj,1051,0,2,1059761
up_proj,1051,0,2,1
act_fn,1051,0,2,1
down_proj,1051,0,2,1
final_layernorm,1051,0,2,49929
lm_head,1051,0,2,2027586
embedding,1052,0,2,334082
input_layernorm,1052,0,2,1
q_proj,1052,0,2,1
k_proj,1052,0,2,1
v_proj,1052,0,2,1
rope,1052,0,2,1
attn,1052,0,2,1
o_proj,1052,0,2,1
post_layernorm,1052,0,2,1
gate_proj,1052,0,2,1059761
up_proj,1052,0,2,1
act_fn,1052,0,2,1
down_proj,1052,0,2,1
final_layernorm,1052,0,2,49929
lm_head,1052,0,2,2027586
embedding,1053,0,2,334082
input_layernorm,1053,0,2,1
q_proj,1053,0,2,1
k_proj,1053,0,2,1
v_proj,1053,0,2,1
rope,1053,0,2,1
attn,1053,0,2,1
o_proj,1053,0,2,1
post_layernorm,1053,0,2,1
gate_proj,1053,0,2,1059761
up_proj,1053,0,2,1
act_fn,1053,0,2,1
down_proj,1053,0,2,1
final_layernorm,1053,0,2,49929
lm_head,1053,0,2,2027586
embedding,1054,0,2,334082
input_layernorm,1054,0,2,1
q_proj,1054,0,2,1
k_proj,1054,0,2,1
v_proj,1054,0,2,1
rope,1054,0,2,1
attn,1054,0,2,1
o_proj,1054,0,2,1
post_layernorm,1054,0,2,1
gate_proj,1054,0,2,1059761
up_proj,1054,0,2,1
act_fn,1054,0,2,1
down_proj,1054,0,2,1
final_layernorm,1054,0,2,49929
lm_head,1054,0,2,2027586
embedding,1055,0,2,334082
input_layernorm,1055,0,2,1
q_proj,1055,0,2,1
k_proj,1055,0,2,1
v_proj,1055,0,2,1
rope,1055,0,2,1
attn,1055,0,2,1
o_proj,1055,0,2,1
post_layernorm,1055,0,2,1
gate_proj,1055,0,2,1059761
up_proj,1055,0,2,1
act_fn,1055,0,2,1
down_proj,1055,0,2,1
final_layernorm,1055,0,2,49929
lm_head,1055,0,2,2027586
embedding,1056,0,2,334082
input_layernorm,1056,0,2,1
q_proj,1056,0,2,1
k_proj,1056,0,2,1
v_proj,1056,0,2,1
rope,1056,0,2,1
attn,1056,0,2,1
o_proj,1056,0,2,1
post_layernorm,1056,0,2,1
gate_proj,1056,0,2,1059761
up_proj,1056,0,2,1
act_fn,1056,0,2,1
down_proj,1056,0,2,1
final_layernorm,1056,0,2,49929
lm_head,1056,0,2,2027586
embedding,1057,0,2,334082
input_layernorm,1057,0,2,1
q_proj,1057,0,2,1
k_proj,1057,0,2,1
v_proj,1057,0,2,1
rope,1057,0,2,1
attn,1057,0,2,1
o_proj,1057,0,2,1
post_layernorm,1057,0,2,1
gate_proj,1057,0,2,1059761
up_proj,1057,0,2,1
act_fn,1057,0,2,1
down_proj,1057,0,2,1
final_layernorm,1057,0,2,49929
lm_head,1057,0,2,2027586
embedding,1058,0,2,334082
input_layernorm,1058,0,2,1
q_proj,1058,0,2,1
k_proj,1058,0,2,1
v_proj,1058,0,2,1
rope,1058,0,2,1
attn,1058,0,2,1
o_proj,1058,0,2,1
post_layernorm,1058,0,2,1
gate_proj,1058,0,2,1059761
up_proj,1058,0,2,1
act_fn,1058,0,2,1
down_proj,1058,0,2,1
final_layernorm,1058,0,2,49929
lm_head,1058,0,2,2027586
embedding,1059,0,2,334082
input_layernorm,1059,0,2,1
q_proj,1059,0,2,1
k_proj,1059,0,2,1
v_proj,1059,0,2,1
rope,1059,0,2,1
attn,1059,0,2,1
o_proj,1059,0,2,1
post_layernorm,1059,0,2,1
gate_proj,1059,0,2,1059761
up_proj,1059,0,2,1
act_fn,1059,0,2,1
down_proj,1059,0,2,1
final_layernorm,1059,0,2,49929
lm_head,1059,0,2,2027586
embedding,1060,0,2,334082
input_layernorm,1060,0,2,1
q_proj,1060,0,2,1
k_proj,1060,0,2,1
v_proj,1060,0,2,1
rope,1060,0,2,1
attn,1060,0,2,1
o_proj,1060,0,2,1
post_layernorm,1060,0,2,1
gate_proj,1060,0,2,1059761
up_proj,1060,0,2,1
act_fn,1060,0,2,1
down_proj,1060,0,2,1
final_layernorm,1060,0,2,49929
lm_head,1060,0,2,2027586
embedding,1061,0,2,334082
input_layernorm,1061,0,2,1
q_proj,1061,0,2,1
k_proj,1061,0,2,1
v_proj,1061,0,2,1
rope,1061,0,2,1
attn,1061,0,2,1
o_proj,1061,0,2,1
post_layernorm,1061,0,2,1
gate_proj,1061,0,2,1059761
up_proj,1061,0,2,1
act_fn,1061,0,2,1
down_proj,1061,0,2,1
final_layernorm,1061,0,2,49929
lm_head,1061,0,2,2027586
embedding,1062,0,2,334082
input_layernorm,1062,0,2,1
q_proj,1062,0,2,1
k_proj,1062,0,2,1
v_proj,1062,0,2,1
rope,1062,0,2,1
attn,1062,0,2,1
o_proj,1062,0,2,1
post_layernorm,1062,0,2,1
gate_proj,1062,0,2,1059761
up_proj,1062,0,2,1
act_fn,1062,0,2,1
down_proj,1062,0,2,1
final_layernorm,1062,0,2,49929
lm_head,1062,0,2,2027586
embedding,1063,0,2,334082
input_layernorm,1063,0,2,1
q_proj,1063,0,2,1
k_proj,1063,0,2,1
v_proj,1063,0,2,1
rope,1063,0,2,1
attn,1063,0,2,1
o_proj,1063,0,2,1
post_layernorm,1063,0,2,1
gate_proj,1063,0,2,1059761
up_proj,1063,0,2,1
act_fn,1063,0,2,1
down_proj,1063,0,2,1
final_layernorm,1063,0,2,49929
lm_head,1063,0,2,2027586
embedding,1064,0,2,334082
input_layernorm,1064,0,2,1
q_proj,1064,0,2,1
k_proj,1064,0,2,1
v_proj,1064,0,2,1
rope,1064,0,2,1
attn,1064,0,2,1
o_proj,1064,0,2,1
post_layernorm,1064,0,2,1
gate_proj,1064,0,2,1059761
up_proj,1064,0,2,1
act_fn,1064,0,2,1
down_proj,1064,0,2,1
final_layernorm,1064,0,2,49929
lm_head,1064,0,2,2027586
embedding,1065,0,2,334082
input_layernorm,1065,0,2,1
q_proj,1065,0,2,1
k_proj,1065,0,2,1
v_proj,1065,0,2,1
rope,1065,0,2,1
attn,1065,0,2,1
o_proj,1065,0,2,1
post_layernorm,1065,0,2,1
gate_proj,1065,0,2,1059761
up_proj,1065,0,2,1
act_fn,1065,0,2,1
down_proj,1065,0,2,1
final_layernorm,1065,0,2,49929
lm_head,1065,0,2,2027586
embedding,1066,0,2,334082
input_layernorm,1066,0,2,1
q_proj,1066,0,2,1
k_proj,1066,0,2,1
v_proj,1066,0,2,1
rope,1066,0,2,1
attn,1066,0,2,1
o_proj,1066,0,2,1
post_layernorm,1066,0,2,1
gate_proj,1066,0,2,1059761
up_proj,1066,0,2,1
act_fn,1066,0,2,1
down_proj,1066,0,2,1
final_layernorm,1066,0,2,49929
lm_head,1066,0,2,2027586
embedding,1067,0,2,334082
input_layernorm,1067,0,2,1
q_proj,1067,0,2,1
k_proj,1067,0,2,1
v_proj,1067,0,2,1
rope,1067,0,2,1
attn,1067,0,2,1
o_proj,1067,0,2,1
post_layernorm,1067,0,2,1
gate_proj,1067,0,2,1059761
up_proj,1067,0,2,1
act_fn,1067,0,2,1
down_proj,1067,0,2,1
final_layernorm,1067,0,2,49929
lm_head,1067,0,2,2027586
embedding,1068,0,2,334082
input_layernorm,1068,0,2,1
q_proj,1068,0,2,1
k_proj,1068,0,2,1
v_proj,1068,0,2,1
rope,1068,0,2,1
attn,1068,0,2,1
o_proj,1068,0,2,1
post_layernorm,1068,0,2,1
gate_proj,1068,0,2,1059761
up_proj,1068,0,2,1
act_fn,1068,0,2,1
down_proj,1068,0,2,1
final_layernorm,1068,0,2,49929
lm_head,1068,0,2,2027586
embedding,1069,0,2,334082
input_layernorm,1069,0,2,1
q_proj,1069,0,2,1
k_proj,1069,0,2,1
v_proj,1069,0,2,1
rope,1069,0,2,1
attn,1069,0,2,1
o_proj,1069,0,2,1
post_layernorm,1069,0,2,1
gate_proj,1069,0,2,1059761
up_proj,1069,0,2,1
act_fn,1069,0,2,1
down_proj,1069,0,2,1
final_layernorm,1069,0,2,49929
lm_head,1069,0,2,2027586
embedding,1070,0,2,334082
input_layernorm,1070,0,2,1
q_proj,1070,0,2,1
k_proj,1070,0,2,1
v_proj,1070,0,2,1
rope,1070,0,2,1
attn,1070,0,2,1
o_proj,1070,0,2,1
post_layernorm,1070,0,2,1
gate_proj,1070,0,2,1059761
up_proj,1070,0,2,1
act_fn,1070,0,2,1
down_proj,1070,0,2,1
final_layernorm,1070,0,2,49929
lm_head,1070,0,2,2027586
embedding,1071,0,2,334082
input_layernorm,1071,0,2,1
q_proj,1071,0,2,1
k_proj,1071,0,2,1
v_proj,1071,0,2,1
rope,1071,0,2,1
attn,1071,0,2,1
o_proj,1071,0,2,1
post_layernorm,1071,0,2,1
gate_proj,1071,0,2,1059761
up_proj,1071,0,2,1
act_fn,1071,0,2,1
down_proj,1071,0,2,1
final_layernorm,1071,0,2,49929
lm_head,1071,0,2,2027586
embedding,1072,0,2,334082
input_layernorm,1072,0,2,1
q_proj,1072,0,2,1
k_proj,1072,0,2,1
v_proj,1072,0,2,1
rope,1072,0,2,1
attn,1072,0,2,1
o_proj,1072,0,2,1
post_layernorm,1072,0,2,1
gate_proj,1072,0,2,1059761
up_proj,1072,0,2,1
act_fn,1072,0,2,1
down_proj,1072,0,2,1
final_layernorm,1072,0,2,49929
lm_head,1072,0,2,2027586
embedding,1073,0,2,334082
input_layernorm,1073,0,2,1
q_proj,1073,0,2,1
k_proj,1073,0,2,1
v_proj,1073,0,2,1
rope,1073,0,2,1
attn,1073,0,2,1
o_proj,1073,0,2,1
post_layernorm,1073,0,2,1
gate_proj,1073,0,2,1059761
up_proj,1073,0,2,1
act_fn,1073,0,2,1
down_proj,1073,0,2,1
final_layernorm,1073,0,2,49929
lm_head,1073,0,2,2027586
embedding,1074,0,2,334082
input_layernorm,1074,0,2,1
q_proj,1074,0,2,1
k_proj,1074,0,2,1
v_proj,1074,0,2,1
rope,1074,0,2,1
attn,1074,0,2,1
o_proj,1074,0,2,1
post_layernorm,1074,0,2,1
gate_proj,1074,0,2,1059761
up_proj,1074,0,2,1
act_fn,1074,0,2,1
down_proj,1074,0,2,1
final_layernorm,1074,0,2,49929
lm_head,1074,0,2,2027586
embedding,1075,0,2,334082
input_layernorm,1075,0,2,1
q_proj,1075,0,2,1
k_proj,1075,0,2,1
v_proj,1075,0,2,1
rope,1075,0,2,1
attn,1075,0,2,1
o_proj,1075,0,2,1
post_layernorm,1075,0,2,1
gate_proj,1075,0,2,1059761
up_proj,1075,0,2,1
act_fn,1075,0,2,1
down_proj,1075,0,2,1
final_layernorm,1075,0,2,49929
lm_head,1075,0,2,2027586
embedding,1076,0,2,334082
input_layernorm,1076,0,2,1
q_proj,1076,0,2,1
k_proj,1076,0,2,1
v_proj,1076,0,2,1
rope,1076,0,2,1
attn,1076,0,2,1
o_proj,1076,0,2,1
post_layernorm,1076,0,2,1
gate_proj,1076,0,2,1059761
up_proj,1076,0,2,1
act_fn,1076,0,2,1
down_proj,1076,0,2,1
final_layernorm,1076,0,2,49929
lm_head,1076,0,2,2027586
embedding,1077,0,2,334082
input_layernorm,1077,0,2,1
q_proj,1077,0,2,1
k_proj,1077,0,2,1
v_proj,1077,0,2,1
rope,1077,0,2,1
attn,1077,0,2,1
o_proj,1077,0,2,1
post_layernorm,1077,0,2,1
gate_proj,1077,0,2,1059761
up_proj,1077,0,2,1
act_fn,1077,0,2,1
down_proj,1077,0,2,1
final_layernorm,1077,0,2,49929
lm_head,1077,0,2,2027586
embedding,1078,0,2,334082
input_layernorm,1078,0,2,1
q_proj,1078,0,2,1
k_proj,1078,0,2,1
v_proj,1078,0,2,1
rope,1078,0,2,1
attn,1078,0,2,1
o_proj,1078,0,2,1
post_layernorm,1078,0,2,1
gate_proj,1078,0,2,1059761
up_proj,1078,0,2,1
act_fn,1078,0,2,1
down_proj,1078,0,2,1
final_layernorm,1078,0,2,49929
lm_head,1078,0,2,2027586
embedding,1079,0,2,334082
input_layernorm,1079,0,2,1
q_proj,1079,0,2,1
k_proj,1079,0,2,1
v_proj,1079,0,2,1
rope,1079,0,2,1
attn,1079,0,2,1
o_proj,1079,0,2,1
post_layernorm,1079,0,2,1
gate_proj,1079,0,2,1059761
up_proj,1079,0,2,1
act_fn,1079,0,2,1
down_proj,1079,0,2,1
final_layernorm,1079,0,2,49929
lm_head,1079,0,2,2027586
embedding,1080,0,2,334082
input_layernorm,1080,0,2,1
q_proj,1080,0,2,1
k_proj,1080,0,2,1
v_proj,1080,0,2,1
rope,1080,0,2,1
attn,1080,0,2,1
o_proj,1080,0,2,1
post_layernorm,1080,0,2,1
gate_proj,1080,0,2,1059761
up_proj,1080,0,2,1
act_fn,1080,0,2,1
down_proj,1080,0,2,1
final_layernorm,1080,0,2,49929
lm_head,1080,0,2,2027586
embedding,1081,0,2,334082
input_layernorm,1081,0,2,1
q_proj,1081,0,2,1
k_proj,1081,0,2,1
v_proj,1081,0,2,1
rope,1081,0,2,1
attn,1081,0,2,1
o_proj,1081,0,2,1
post_layernorm,1081,0,2,1
gate_proj,1081,0,2,1059761
up_proj,1081,0,2,1
act_fn,1081,0,2,1
down_proj,1081,0,2,1
final_layernorm,1081,0,2,49929
lm_head,1081,0,2,2027586
embedding,1082,0,2,334082
input_layernorm,1082,0,2,1
q_proj,1082,0,2,1
k_proj,1082,0,2,1
v_proj,1082,0,2,1
rope,1082,0,2,1
attn,1082,0,2,1
o_proj,1082,0,2,1
post_layernorm,1082,0,2,1
gate_proj,1082,0,2,1059761
up_proj,1082,0,2,1
act_fn,1082,0,2,1
down_proj,1082,0,2,1
final_layernorm,1082,0,2,49929
lm_head,1082,0,2,2027586
embedding,1083,0,2,334082
input_layernorm,1083,0,2,1
q_proj,1083,0,2,1
k_proj,1083,0,2,1
v_proj,1083,0,2,1
rope,1083,0,2,1
attn,1083,0,2,1
o_proj,1083,0,2,1
post_layernorm,1083,0,2,1
gate_proj,1083,0,2,1059761
up_proj,1083,0,2,1
act_fn,1083,0,2,1
down_proj,1083,0,2,1
final_layernorm,1083,0,2,49929
lm_head,1083,0,2,2027586
embedding,1084,0,2,334082
input_layernorm,1084,0,2,1
q_proj,1084,0,2,1
k_proj,1084,0,2,1
v_proj,1084,0,2,1
rope,1084,0,2,1
attn,1084,0,2,1
o_proj,1084,0,2,1
post_layernorm,1084,0,2,1
gate_proj,1084,0,2,1059761
up_proj,1084,0,2,1
act_fn,1084,0,2,1
down_proj,1084,0,2,1
final_layernorm,1084,0,2,49929
lm_head,1084,0,2,2027586
embedding,1085,0,2,334082
input_layernorm,1085,0,2,1
q_proj,1085,0,2,1
k_proj,1085,0,2,1
v_proj,1085,0,2,1
rope,1085,0,2,1
attn,1085,0,2,1
o_proj,1085,0,2,1
post_layernorm,1085,0,2,1
gate_proj,1085,0,2,1059761
up_proj,1085,0,2,1
act_fn,1085,0,2,1
down_proj,1085,0,2,1
final_layernorm,1085,0,2,49929
lm_head,1085,0,2,2027586
embedding,1086,0,2,334082
input_layernorm,1086,0,2,1
q_proj,1086,0,2,1
k_proj,1086,0,2,1
v_proj,1086,0,2,1
rope,1086,0,2,1
attn,1086,0,2,1
o_proj,1086,0,2,1
post_layernorm,1086,0,2,1
gate_proj,1086,0,2,1059761
up_proj,1086,0,2,1
act_fn,1086,0,2,1
down_proj,1086,0,2,1
final_layernorm,1086,0,2,49929
lm_head,1086,0,2,2027586
embedding,1087,0,2,334082
input_layernorm,1087,0,2,1
q_proj,1087,0,2,1
k_proj,1087,0,2,1
v_proj,1087,0,2,1
rope,1087,0,2,1
attn,1087,0,2,1
o_proj,1087,0,2,1
post_layernorm,1087,0,2,1
gate_proj,1087,0,2,1059761
up_proj,1087,0,2,1
act_fn,1087,0,2,1
down_proj,1087,0,2,1
final_layernorm,1087,0,2,49929
lm_head,1087,0,2,2027586
embedding,1088,0,2,334082
input_layernorm,1088,0,2,1
q_proj,1088,0,2,1
k_proj,1088,0,2,1
v_proj,1088,0,2,1
rope,1088,0,2,1
attn,1088,0,2,1
o_proj,1088,0,2,1
post_layernorm,1088,0,2,1
gate_proj,1088,0,2,1059761
up_proj,1088,0,2,1
act_fn,1088,0,2,1
down_proj,1088,0,2,1
final_layernorm,1088,0,2,49929
lm_head,1088,0,2,2027586
embedding,1089,0,2,334082
input_layernorm,1089,0,2,1
q_proj,1089,0,2,1
k_proj,1089,0,2,1
v_proj,1089,0,2,1
rope,1089,0,2,1
attn,1089,0,2,1
o_proj,1089,0,2,1
post_layernorm,1089,0,2,1
gate_proj,1089,0,2,1059761
up_proj,1089,0,2,1
act_fn,1089,0,2,1
down_proj,1089,0,2,1
final_layernorm,1089,0,2,49929
lm_head,1089,0,2,2027586
embedding,1090,0,2,334082
input_layernorm,1090,0,2,1
q_proj,1090,0,2,1
k_proj,1090,0,2,1
v_proj,1090,0,2,1
rope,1090,0,2,1
attn,1090,0,2,1
o_proj,1090,0,2,1
post_layernorm,1090,0,2,1
gate_proj,1090,0,2,1059761
up_proj,1090,0,2,1
act_fn,1090,0,2,1
down_proj,1090,0,2,1
final_layernorm,1090,0,2,49929
lm_head,1090,0,2,2027586
embedding,1091,0,2,334082
input_layernorm,1091,0,2,1
q_proj,1091,0,2,1
k_proj,1091,0,2,1
v_proj,1091,0,2,1
rope,1091,0,2,1
attn,1091,0,2,1
o_proj,1091,0,2,1
post_layernorm,1091,0,2,1
gate_proj,1091,0,2,1059761
up_proj,1091,0,2,1
act_fn,1091,0,2,1
down_proj,1091,0,2,1
final_layernorm,1091,0,2,49929
lm_head,1091,0,2,2027586
embedding,1092,0,2,334082
input_layernorm,1092,0,2,1
q_proj,1092,0,2,1
k_proj,1092,0,2,1
v_proj,1092,0,2,1
rope,1092,0,2,1
attn,1092,0,2,1
o_proj,1092,0,2,1
post_layernorm,1092,0,2,1
gate_proj,1092,0,2,1059761
up_proj,1092,0,2,1
act_fn,1092,0,2,1
down_proj,1092,0,2,1
final_layernorm,1092,0,2,49929
lm_head,1092,0,2,2027586
embedding,1093,0,2,334082
input_layernorm,1093,0,2,1
q_proj,1093,0,2,1
k_proj,1093,0,2,1
v_proj,1093,0,2,1
rope,1093,0,2,1
attn,1093,0,2,1
o_proj,1093,0,2,1
post_layernorm,1093,0,2,1
gate_proj,1093,0,2,1059761
up_proj,1093,0,2,1
act_fn,1093,0,2,1
down_proj,1093,0,2,1
final_layernorm,1093,0,2,49929
lm_head,1093,0,2,2027586
embedding,1094,0,2,334082
input_layernorm,1094,0,2,1
q_proj,1094,0,2,1
k_proj,1094,0,2,1
v_proj,1094,0,2,1
rope,1094,0,2,1
attn,1094,0,2,1
o_proj,1094,0,2,1
post_layernorm,1094,0,2,1
gate_proj,1094,0,2,1059761
up_proj,1094,0,2,1
act_fn,1094,0,2,1
down_proj,1094,0,2,1
final_layernorm,1094,0,2,49929
lm_head,1094,0,2,2027586
embedding,1095,0,2,334082
input_layernorm,1095,0,2,1
q_proj,1095,0,2,1
k_proj,1095,0,2,1
v_proj,1095,0,2,1
rope,1095,0,2,1
attn,1095,0,2,1
o_proj,1095,0,2,1
post_layernorm,1095,0,2,1
gate_proj,1095,0,2,1059761
up_proj,1095,0,2,1
act_fn,1095,0,2,1
down_proj,1095,0,2,1
final_layernorm,1095,0,2,49929
lm_head,1095,0,2,2027586
embedding,1096,0,2,334082
input_layernorm,1096,0,2,1
q_proj,1096,0,2,1
k_proj,1096,0,2,1
v_proj,1096,0,2,1
rope,1096,0,2,1
attn,1096,0,2,1
o_proj,1096,0,2,1
post_layernorm,1096,0,2,1
gate_proj,1096,0,2,1059761
up_proj,1096,0,2,1
act_fn,1096,0,2,1
down_proj,1096,0,2,1
final_layernorm,1096,0,2,49929
lm_head,1096,0,2,2027586
embedding,1097,0,2,334082
input_layernorm,1097,0,2,1
q_proj,1097,0,2,1
k_proj,1097,0,2,1
v_proj,1097,0,2,1
rope,1097,0,2,1
attn,1097,0,2,1
o_proj,1097,0,2,1
post_layernorm,1097,0,2,1
gate_proj,1097,0,2,1059761
up_proj,1097,0,2,1
act_fn,1097,0,2,1
down_proj,1097,0,2,1
final_layernorm,1097,0,2,49929
lm_head,1097,0,2,2027586
embedding,1098,0,2,334082
input_layernorm,1098,0,2,1
q_proj,1098,0,2,1
k_proj,1098,0,2,1
v_proj,1098,0,2,1
rope,1098,0,2,1
attn,1098,0,2,1
o_proj,1098,0,2,1
post_layernorm,1098,0,2,1
gate_proj,1098,0,2,1059761
up_proj,1098,0,2,1
act_fn,1098,0,2,1
down_proj,1098,0,2,1
final_layernorm,1098,0,2,49929
lm_head,1098,0,2,2027586
embedding,1099,0,2,334082
input_layernorm,1099,0,2,1
q_proj,1099,0,2,1
k_proj,1099,0,2,1
v_proj,1099,0,2,1
rope,1099,0,2,1
attn,1099,0,2,1
o_proj,1099,0,2,1
post_layernorm,1099,0,2,1
gate_proj,1099,0,2,1059761
up_proj,1099,0,2,1
act_fn,1099,0,2,1
down_proj,1099,0,2,1
final_layernorm,1099,0,2,49929
lm_head,1099,0,2,2027586
embedding,1100,0,2,334082
input_layernorm,1100,0,2,1
q_proj,1100,0,2,1
k_proj,1100,0,2,1
v_proj,1100,0,2,1
rope,1100,0,2,1
attn,1100,0,2,1
o_proj,1100,0,2,1
post_layernorm,1100,0,2,1
gate_proj,1100,0,2,1059761
up_proj,1100,0,2,1
act_fn,1100,0,2,1
down_proj,1100,0,2,1
final_layernorm,1100,0,2,49929
lm_head,1100,0,2,2027586
embedding,1101,0,2,334082
input_layernorm,1101,0,2,1
q_proj,1101,0,2,1
k_proj,1101,0,2,1
v_proj,1101,0,2,1
rope,1101,0,2,1
attn,1101,0,2,1
o_proj,1101,0,2,1
post_layernorm,1101,0,2,1
gate_proj,1101,0,2,1059761
up_proj,1101,0,2,1
act_fn,1101,0,2,1
down_proj,1101,0,2,1
final_layernorm,1101,0,2,49929
lm_head,1101,0,2,2027586
embedding,1102,0,2,334082
input_layernorm,1102,0,2,1
q_proj,1102,0,2,1
k_proj,1102,0,2,1
v_proj,1102,0,2,1
rope,1102,0,2,1
attn,1102,0,2,1
o_proj,1102,0,2,1
post_layernorm,1102,0,2,1
gate_proj,1102,0,2,1059761
up_proj,1102,0,2,1
act_fn,1102,0,2,1
down_proj,1102,0,2,1
final_layernorm,1102,0,2,49929
lm_head,1102,0,2,2027586
embedding,1103,0,2,334082
input_layernorm,1103,0,2,1
q_proj,1103,0,2,1
k_proj,1103,0,2,1
v_proj,1103,0,2,1
rope,1103,0,2,1
attn,1103,0,2,1
o_proj,1103,0,2,1
post_layernorm,1103,0,2,1
gate_proj,1103,0,2,1059761
up_proj,1103,0,2,1
act_fn,1103,0,2,1
down_proj,1103,0,2,1
final_layernorm,1103,0,2,49929
lm_head,1103,0,2,2027586
embedding,1104,0,2,334082
input_layernorm,1104,0,2,1
q_proj,1104,0,2,1
k_proj,1104,0,2,1
v_proj,1104,0,2,1
rope,1104,0,2,1
attn,1104,0,2,1
o_proj,1104,0,2,1
post_layernorm,1104,0,2,1
gate_proj,1104,0,2,1059761
up_proj,1104,0,2,1
act_fn,1104,0,2,1
down_proj,1104,0,2,1
final_layernorm,1104,0,2,49929
lm_head,1104,0,2,2027586
embedding,1105,0,2,334082
input_layernorm,1105,0,2,1
q_proj,1105,0,2,1
k_proj,1105,0,2,1
v_proj,1105,0,2,1
rope,1105,0,2,1
attn,1105,0,2,1
o_proj,1105,0,2,1
post_layernorm,1105,0,2,1
gate_proj,1105,0,2,1059761
up_proj,1105,0,2,1
act_fn,1105,0,2,1
down_proj,1105,0,2,1
final_layernorm,1105,0,2,49929
lm_head,1105,0,2,2027586
embedding,1106,0,2,334082
input_layernorm,1106,0,2,1
q_proj,1106,0,2,1
k_proj,1106,0,2,1
v_proj,1106,0,2,1
rope,1106,0,2,1
attn,1106,0,2,1
o_proj,1106,0,2,1
post_layernorm,1106,0,2,1
gate_proj,1106,0,2,1059761
up_proj,1106,0,2,1
act_fn,1106,0,2,1
down_proj,1106,0,2,1
final_layernorm,1106,0,2,49929
lm_head,1106,0,2,2027586
embedding,1107,0,2,334082
input_layernorm,1107,0,2,1
q_proj,1107,0,2,1
k_proj,1107,0,2,1
v_proj,1107,0,2,1
rope,1107,0,2,1
attn,1107,0,2,1
o_proj,1107,0,2,1
post_layernorm,1107,0,2,1
gate_proj,1107,0,2,1059761
up_proj,1107,0,2,1
act_fn,1107,0,2,1
down_proj,1107,0,2,1
final_layernorm,1107,0,2,49929
lm_head,1107,0,2,2027586
embedding,1108,0,2,334082
input_layernorm,1108,0,2,1
q_proj,1108,0,2,1
k_proj,1108,0,2,1
v_proj,1108,0,2,1
rope,1108,0,2,1
attn,1108,0,2,1
o_proj,1108,0,2,1
post_layernorm,1108,0,2,1
gate_proj,1108,0,2,1059761
up_proj,1108,0,2,1
act_fn,1108,0,2,1
down_proj,1108,0,2,1
final_layernorm,1108,0,2,49929
lm_head,1108,0,2,2027586
embedding,1109,0,2,334082
input_layernorm,1109,0,2,1
q_proj,1109,0,2,1
k_proj,1109,0,2,1
v_proj,1109,0,2,1
rope,1109,0,2,1
attn,1109,0,2,1
o_proj,1109,0,2,1
post_layernorm,1109,0,2,1
gate_proj,1109,0,2,1059761
up_proj,1109,0,2,1
act_fn,1109,0,2,1
down_proj,1109,0,2,1
final_layernorm,1109,0,2,49929
lm_head,1109,0,2,2027586
embedding,1110,0,2,334082
input_layernorm,1110,0,2,1
q_proj,1110,0,2,1
k_proj,1110,0,2,1
v_proj,1110,0,2,1
rope,1110,0,2,1
attn,1110,0,2,1
o_proj,1110,0,2,1
post_layernorm,1110,0,2,1
gate_proj,1110,0,2,1059761
up_proj,1110,0,2,1
act_fn,1110,0,2,1
down_proj,1110,0,2,1
final_layernorm,1110,0,2,49929
lm_head,1110,0,2,2027586
embedding,1111,0,2,334082
input_layernorm,1111,0,2,1
q_proj,1111,0,2,1
k_proj,1111,0,2,1
v_proj,1111,0,2,1
rope,1111,0,2,1
attn,1111,0,2,1
o_proj,1111,0,2,1
post_layernorm,1111,0,2,1
gate_proj,1111,0,2,1059761
up_proj,1111,0,2,1
act_fn,1111,0,2,1
down_proj,1111,0,2,1
final_layernorm,1111,0,2,49929
lm_head,1111,0,2,2027586
embedding,1112,0,2,334082
input_layernorm,1112,0,2,1
q_proj,1112,0,2,1
k_proj,1112,0,2,1
v_proj,1112,0,2,1
rope,1112,0,2,1
attn,1112,0,2,1
o_proj,1112,0,2,1
post_layernorm,1112,0,2,1
gate_proj,1112,0,2,1059761
up_proj,1112,0,2,1
act_fn,1112,0,2,1
down_proj,1112,0,2,1
final_layernorm,1112,0,2,49929
lm_head,1112,0,2,2027586
embedding,1113,0,2,334082
input_layernorm,1113,0,2,1
q_proj,1113,0,2,1
k_proj,1113,0,2,1
v_proj,1113,0,2,1
rope,1113,0,2,1
attn,1113,0,2,1
o_proj,1113,0,2,1
post_layernorm,1113,0,2,1
gate_proj,1113,0,2,1059761
up_proj,1113,0,2,1
act_fn,1113,0,2,1
down_proj,1113,0,2,1
final_layernorm,1113,0,2,49929
lm_head,1113,0,2,2027586
embedding,1114,0,2,334082
input_layernorm,1114,0,2,1
q_proj,1114,0,2,1
k_proj,1114,0,2,1
v_proj,1114,0,2,1
rope,1114,0,2,1
attn,1114,0,2,1
o_proj,1114,0,2,1
post_layernorm,1114,0,2,1
gate_proj,1114,0,2,1059761
up_proj,1114,0,2,1
act_fn,1114,0,2,1
down_proj,1114,0,2,1
final_layernorm,1114,0,2,49929
lm_head,1114,0,2,2027586
embedding,1115,0,2,334082
input_layernorm,1115,0,2,1
q_proj,1115,0,2,1
k_proj,1115,0,2,1
v_proj,1115,0,2,1
rope,1115,0,2,1
attn,1115,0,2,1
o_proj,1115,0,2,1
post_layernorm,1115,0,2,1
gate_proj,1115,0,2,1059761
up_proj,1115,0,2,1
act_fn,1115,0,2,1
down_proj,1115,0,2,1
final_layernorm,1115,0,2,49929
lm_head,1115,0,2,2027586
embedding,1116,0,2,334082
input_layernorm,1116,0,2,1
q_proj,1116,0,2,1
k_proj,1116,0,2,1
v_proj,1116,0,2,1
rope,1116,0,2,1
attn,1116,0,2,1
o_proj,1116,0,2,1
post_layernorm,1116,0,2,1
gate_proj,1116,0,2,1059761
up_proj,1116,0,2,1
act_fn,1116,0,2,1
down_proj,1116,0,2,1
final_layernorm,1116,0,2,49929
lm_head,1116,0,2,2027586
embedding,1117,0,2,334082
input_layernorm,1117,0,2,1
q_proj,1117,0,2,1
k_proj,1117,0,2,1
v_proj,1117,0,2,1
rope,1117,0,2,1
attn,1117,0,2,1
o_proj,1117,0,2,1
post_layernorm,1117,0,2,1
gate_proj,1117,0,2,1059761
up_proj,1117,0,2,1
act_fn,1117,0,2,1
down_proj,1117,0,2,1
final_layernorm,1117,0,2,49929
lm_head,1117,0,2,2027586
embedding,1118,0,2,334082
input_layernorm,1118,0,2,1
q_proj,1118,0,2,1
k_proj,1118,0,2,1
v_proj,1118,0,2,1
rope,1118,0,2,1
attn,1118,0,2,1
o_proj,1118,0,2,1
post_layernorm,1118,0,2,1
gate_proj,1118,0,2,1059761
up_proj,1118,0,2,1
act_fn,1118,0,2,1
down_proj,1118,0,2,1
final_layernorm,1118,0,2,49929
lm_head,1118,0,2,2027586
embedding,1119,0,2,334082
input_layernorm,1119,0,2,1
q_proj,1119,0,2,1
k_proj,1119,0,2,1
v_proj,1119,0,2,1
rope,1119,0,2,1
attn,1119,0,2,1
o_proj,1119,0,2,1
post_layernorm,1119,0,2,1
gate_proj,1119,0,2,1059761
up_proj,1119,0,2,1
act_fn,1119,0,2,1
down_proj,1119,0,2,1
final_layernorm,1119,0,2,49929
lm_head,1119,0,2,2027586
embedding,1120,0,2,334082
input_layernorm,1120,0,2,1
q_proj,1120,0,2,1
k_proj,1120,0,2,1
v_proj,1120,0,2,1
rope,1120,0,2,1
attn,1120,0,2,1
o_proj,1120,0,2,1
post_layernorm,1120,0,2,1
gate_proj,1120,0,2,1059761
up_proj,1120,0,2,1
act_fn,1120,0,2,1
down_proj,1120,0,2,1
final_layernorm,1120,0,2,49929
lm_head,1120,0,2,2027586
embedding,1121,0,2,334082
input_layernorm,1121,0,2,1
q_proj,1121,0,2,1
k_proj,1121,0,2,1
v_proj,1121,0,2,1
rope,1121,0,2,1
attn,1121,0,2,1
o_proj,1121,0,2,1
post_layernorm,1121,0,2,1
gate_proj,1121,0,2,1059761
up_proj,1121,0,2,1
act_fn,1121,0,2,1
down_proj,1121,0,2,1
final_layernorm,1121,0,2,49929
lm_head,1121,0,2,2027586
embedding,1122,0,2,334082
input_layernorm,1122,0,2,1
q_proj,1122,0,2,1
k_proj,1122,0,2,1
v_proj,1122,0,2,1
rope,1122,0,2,1
attn,1122,0,2,1
o_proj,1122,0,2,1
post_layernorm,1122,0,2,1
gate_proj,1122,0,2,1059761
up_proj,1122,0,2,1
act_fn,1122,0,2,1
down_proj,1122,0,2,1
final_layernorm,1122,0,2,49929
lm_head,1122,0,2,2027586
embedding,1123,0,2,334082
input_layernorm,1123,0,2,1
q_proj,1123,0,2,1
k_proj,1123,0,2,1
v_proj,1123,0,2,1
rope,1123,0,2,1
attn,1123,0,2,1
o_proj,1123,0,2,1
post_layernorm,1123,0,2,1
gate_proj,1123,0,2,1059761
up_proj,1123,0,2,1
act_fn,1123,0,2,1
down_proj,1123,0,2,1
final_layernorm,1123,0,2,49929
lm_head,1123,0,2,2027586
embedding,1124,0,2,334082
input_layernorm,1124,0,2,1
q_proj,1124,0,2,1
k_proj,1124,0,2,1
v_proj,1124,0,2,1
rope,1124,0,2,1
attn,1124,0,2,1
o_proj,1124,0,2,1
post_layernorm,1124,0,2,1
gate_proj,1124,0,2,1059761
up_proj,1124,0,2,1
act_fn,1124,0,2,1
down_proj,1124,0,2,1
final_layernorm,1124,0,2,49929
lm_head,1124,0,2,2027586
embedding,1125,0,2,334082
input_layernorm,1125,0,2,1
q_proj,1125,0,2,1
k_proj,1125,0,2,1
v_proj,1125,0,2,1
rope,1125,0,2,1
attn,1125,0,2,1
o_proj,1125,0,2,1
post_layernorm,1125,0,2,1
gate_proj,1125,0,2,1059761
up_proj,1125,0,2,1
act_fn,1125,0,2,1
down_proj,1125,0,2,1
final_layernorm,1125,0,2,49929
lm_head,1125,0,2,2027586
embedding,1126,0,2,334082
input_layernorm,1126,0,2,1
q_proj,1126,0,2,1
k_proj,1126,0,2,1
v_proj,1126,0,2,1
rope,1126,0,2,1
attn,1126,0,2,1
o_proj,1126,0,2,1
post_layernorm,1126,0,2,1
gate_proj,1126,0,2,1059761
up_proj,1126,0,2,1
act_fn,1126,0,2,1
down_proj,1126,0,2,1
final_layernorm,1126,0,2,49929
lm_head,1126,0,2,2027586
embedding,1127,0,2,334082
input_layernorm,1127,0,2,1
q_proj,1127,0,2,1
k_proj,1127,0,2,1
v_proj,1127,0,2,1
rope,1127,0,2,1
attn,1127,0,2,1
o_proj,1127,0,2,1
post_layernorm,1127,0,2,1
gate_proj,1127,0,2,1059761
up_proj,1127,0,2,1
act_fn,1127,0,2,1
down_proj,1127,0,2,1
final_layernorm,1127,0,2,49929
lm_head,1127,0,2,2027586
embedding,1128,0,2,334082
input_layernorm,1128,0,2,1
q_proj,1128,0,2,1
k_proj,1128,0,2,1
v_proj,1128,0,2,1
rope,1128,0,2,1
attn,1128,0,2,1
o_proj,1128,0,2,1
post_layernorm,1128,0,2,1
gate_proj,1128,0,2,1059761
up_proj,1128,0,2,1
act_fn,1128,0,2,1
down_proj,1128,0,2,1
final_layernorm,1128,0,2,49929
lm_head,1128,0,2,2027586
embedding,1129,0,2,334082
input_layernorm,1129,0,2,1
q_proj,1129,0,2,1
k_proj,1129,0,2,1
v_proj,1129,0,2,1
rope,1129,0,2,1
attn,1129,0,2,1
o_proj,1129,0,2,1
post_layernorm,1129,0,2,1
gate_proj,1129,0,2,1059761
up_proj,1129,0,2,1
act_fn,1129,0,2,1
down_proj,1129,0,2,1
final_layernorm,1129,0,2,49929
lm_head,1129,0,2,2027586
embedding,1130,0,2,334082
input_layernorm,1130,0,2,1
q_proj,1130,0,2,1
k_proj,1130,0,2,1
v_proj,1130,0,2,1
rope,1130,0,2,1
attn,1130,0,2,1
o_proj,1130,0,2,1
post_layernorm,1130,0,2,1
gate_proj,1130,0,2,1059761
up_proj,1130,0,2,1
act_fn,1130,0,2,1
down_proj,1130,0,2,1
final_layernorm,1130,0,2,49929
lm_head,1130,0,2,2027586
embedding,1131,0,2,334082
input_layernorm,1131,0,2,1
q_proj,1131,0,2,1
k_proj,1131,0,2,1
v_proj,1131,0,2,1
rope,1131,0,2,1
attn,1131,0,2,1
o_proj,1131,0,2,1
post_layernorm,1131,0,2,1
gate_proj,1131,0,2,1059761
up_proj,1131,0,2,1
act_fn,1131,0,2,1
down_proj,1131,0,2,1
final_layernorm,1131,0,2,49929
lm_head,1131,0,2,2027586
embedding,1132,0,2,334082
input_layernorm,1132,0,2,1
q_proj,1132,0,2,1
k_proj,1132,0,2,1
v_proj,1132,0,2,1
rope,1132,0,2,1
attn,1132,0,2,1
o_proj,1132,0,2,1
post_layernorm,1132,0,2,1
gate_proj,1132,0,2,1059761
up_proj,1132,0,2,1
act_fn,1132,0,2,1
down_proj,1132,0,2,1
final_layernorm,1132,0,2,49929
lm_head,1132,0,2,2027586
embedding,1133,0,2,334082
input_layernorm,1133,0,2,1
q_proj,1133,0,2,1
k_proj,1133,0,2,1
v_proj,1133,0,2,1
rope,1133,0,2,1
attn,1133,0,2,1
o_proj,1133,0,2,1
post_layernorm,1133,0,2,1
gate_proj,1133,0,2,1059761
up_proj,1133,0,2,1
act_fn,1133,0,2,1
down_proj,1133,0,2,1
final_layernorm,1133,0,2,49929
lm_head,1133,0,2,2027586
embedding,1134,0,2,334082
input_layernorm,1134,0,2,1
q_proj,1134,0,2,1
k_proj,1134,0,2,1
v_proj,1134,0,2,1
rope,1134,0,2,1
attn,1134,0,2,1
o_proj,1134,0,2,1
post_layernorm,1134,0,2,1
gate_proj,1134,0,2,1059761
up_proj,1134,0,2,1
act_fn,1134,0,2,1
down_proj,1134,0,2,1
final_layernorm,1134,0,2,49929
lm_head,1134,0,2,2027586
embedding,1135,0,2,334082
input_layernorm,1135,0,2,1
q_proj,1135,0,2,1
k_proj,1135,0,2,1
v_proj,1135,0,2,1
rope,1135,0,2,1
attn,1135,0,2,1
o_proj,1135,0,2,1
post_layernorm,1135,0,2,1
gate_proj,1135,0,2,1059761
up_proj,1135,0,2,1
act_fn,1135,0,2,1
down_proj,1135,0,2,1
final_layernorm,1135,0,2,49929
lm_head,1135,0,2,2027586
embedding,1136,0,2,334082
input_layernorm,1136,0,2,1
q_proj,1136,0,2,1
k_proj,1136,0,2,1
v_proj,1136,0,2,1
rope,1136,0,2,1
attn,1136,0,2,1
o_proj,1136,0,2,1
post_layernorm,1136,0,2,1
gate_proj,1136,0,2,1059761
up_proj,1136,0,2,1
act_fn,1136,0,2,1
down_proj,1136,0,2,1
final_layernorm,1136,0,2,49929
lm_head,1136,0,2,2027586
embedding,1137,0,2,334082
input_layernorm,1137,0,2,1
q_proj,1137,0,2,1
k_proj,1137,0,2,1
v_proj,1137,0,2,1
rope,1137,0,2,1
attn,1137,0,2,1
o_proj,1137,0,2,1
post_layernorm,1137,0,2,1
gate_proj,1137,0,2,1059761
up_proj,1137,0,2,1
act_fn,1137,0,2,1
down_proj,1137,0,2,1
final_layernorm,1137,0,2,49929
lm_head,1137,0,2,2027586
embedding,1138,0,2,334082
input_layernorm,1138,0,2,1
q_proj,1138,0,2,1
k_proj,1138,0,2,1
v_proj,1138,0,2,1
rope,1138,0,2,1
attn,1138,0,2,1
o_proj,1138,0,2,1
post_layernorm,1138,0,2,1
gate_proj,1138,0,2,1059761
up_proj,1138,0,2,1
act_fn,1138,0,2,1
down_proj,1138,0,2,1
final_layernorm,1138,0,2,49929
lm_head,1138,0,2,2027586
embedding,1139,0,2,334082
input_layernorm,1139,0,2,1
q_proj,1139,0,2,1
k_proj,1139,0,2,1
v_proj,1139,0,2,1
rope,1139,0,2,1
attn,1139,0,2,1
o_proj,1139,0,2,1
post_layernorm,1139,0,2,1
gate_proj,1139,0,2,1059761
up_proj,1139,0,2,1
act_fn,1139,0,2,1
down_proj,1139,0,2,1
final_layernorm,1139,0,2,49929
lm_head,1139,0,2,2027586
embedding,1140,0,2,334082
input_layernorm,1140,0,2,1
q_proj,1140,0,2,1
k_proj,1140,0,2,1
v_proj,1140,0,2,1
rope,1140,0,2,1
attn,1140,0,2,1
o_proj,1140,0,2,1
post_layernorm,1140,0,2,1
gate_proj,1140,0,2,1059761
up_proj,1140,0,2,1
act_fn,1140,0,2,1
down_proj,1140,0,2,1
final_layernorm,1140,0,2,49929
lm_head,1140,0,2,2027586
embedding,1141,0,2,334082
input_layernorm,1141,0,2,1
q_proj,1141,0,2,1
k_proj,1141,0,2,1
v_proj,1141,0,2,1
rope,1141,0,2,1
attn,1141,0,2,1
o_proj,1141,0,2,1
post_layernorm,1141,0,2,1
gate_proj,1141,0,2,1059761
up_proj,1141,0,2,1
act_fn,1141,0,2,1
down_proj,1141,0,2,1
final_layernorm,1141,0,2,49929
lm_head,1141,0,2,2027586
embedding,1142,0,2,334082
input_layernorm,1142,0,2,1
q_proj,1142,0,2,1
k_proj,1142,0,2,1
v_proj,1142,0,2,1
rope,1142,0,2,1
attn,1142,0,2,1
o_proj,1142,0,2,1
post_layernorm,1142,0,2,1
gate_proj,1142,0,2,1059761
up_proj,1142,0,2,1
act_fn,1142,0,2,1
down_proj,1142,0,2,1
final_layernorm,1142,0,2,49929
lm_head,1142,0,2,2027586
embedding,1143,0,2,334082
input_layernorm,1143,0,2,1
q_proj,1143,0,2,1
k_proj,1143,0,2,1
v_proj,1143,0,2,1
rope,1143,0,2,1
attn,1143,0,2,1
o_proj,1143,0,2,1
post_layernorm,1143,0,2,1
gate_proj,1143,0,2,1059761
up_proj,1143,0,2,1
act_fn,1143,0,2,1
down_proj,1143,0,2,1
final_layernorm,1143,0,2,49929
lm_head,1143,0,2,2027586
embedding,1144,0,2,334082
input_layernorm,1144,0,2,1
q_proj,1144,0,2,1
k_proj,1144,0,2,1
v_proj,1144,0,2,1
rope,1144,0,2,1
attn,1144,0,2,1
o_proj,1144,0,2,1
post_layernorm,1144,0,2,1
gate_proj,1144,0,2,1059761
up_proj,1144,0,2,1
act_fn,1144,0,2,1
down_proj,1144,0,2,1
final_layernorm,1144,0,2,49929
lm_head,1144,0,2,2027586
embedding,1145,0,2,334082
input_layernorm,1145,0,2,1
q_proj,1145,0,2,1
k_proj,1145,0,2,1
v_proj,1145,0,2,1
rope,1145,0,2,1
attn,1145,0,2,1
o_proj,1145,0,2,1
post_layernorm,1145,0,2,1
gate_proj,1145,0,2,1059761
up_proj,1145,0,2,1
act_fn,1145,0,2,1
down_proj,1145,0,2,1
final_layernorm,1145,0,2,49929
lm_head,1145,0,2,2027586
embedding,1146,0,2,334082
input_layernorm,1146,0,2,1
q_proj,1146,0,2,1
k_proj,1146,0,2,1
v_proj,1146,0,2,1
rope,1146,0,2,1
attn,1146,0,2,1
o_proj,1146,0,2,1
post_layernorm,1146,0,2,1
gate_proj,1146,0,2,1059761
up_proj,1146,0,2,1
act_fn,1146,0,2,1
down_proj,1146,0,2,1
final_layernorm,1146,0,2,49929
lm_head,1146,0,2,2027586
embedding,1147,0,2,334082
input_layernorm,1147,0,2,1
q_proj,1147,0,2,1
k_proj,1147,0,2,1
v_proj,1147,0,2,1
rope,1147,0,2,1
attn,1147,0,2,1
o_proj,1147,0,2,1
post_layernorm,1147,0,2,1
gate_proj,1147,0,2,1059761
up_proj,1147,0,2,1
act_fn,1147,0,2,1
down_proj,1147,0,2,1
final_layernorm,1147,0,2,49929
lm_head,1147,0,2,2027586
embedding,1148,0,2,334082
input_layernorm,1148,0,2,1
q_proj,1148,0,2,1
k_proj,1148,0,2,1
v_proj,1148,0,2,1
rope,1148,0,2,1
attn,1148,0,2,1
o_proj,1148,0,2,1
post_layernorm,1148,0,2,1
gate_proj,1148,0,2,1059761
up_proj,1148,0,2,1
act_fn,1148,0,2,1
down_proj,1148,0,2,1
final_layernorm,1148,0,2,49929
lm_head,1148,0,2,2027586
embedding,1149,0,2,334082
input_layernorm,1149,0,2,1
q_proj,1149,0,2,1
k_proj,1149,0,2,1
v_proj,1149,0,2,1
rope,1149,0,2,1
attn,1149,0,2,1
o_proj,1149,0,2,1
post_layernorm,1149,0,2,1
gate_proj,1149,0,2,1059761
up_proj,1149,0,2,1
act_fn,1149,0,2,1
down_proj,1149,0,2,1
final_layernorm,1149,0,2,49929
lm_head,1149,0,2,2027586
embedding,1150,0,2,334082
input_layernorm,1150,0,2,1
q_proj,1150,0,2,1
k_proj,1150,0,2,1
v_proj,1150,0,2,1
rope,1150,0,2,1
attn,1150,0,2,1
o_proj,1150,0,2,1
post_layernorm,1150,0,2,1
gate_proj,1150,0,2,1059761
up_proj,1150,0,2,1
act_fn,1150,0,2,1
down_proj,1150,0,2,1
final_layernorm,1150,0,2,49929
lm_head,1150,0,2,2027586
embedding,1151,0,2,334082
input_layernorm,1151,0,2,1
q_proj,1151,0,2,1
k_proj,1151,0,2,1
v_proj,1151,0,2,1
rope,1151,0,2,1
attn,1151,0,2,1
o_proj,1151,0,2,1
post_layernorm,1151,0,2,1
gate_proj,1151,0,2,1059761
up_proj,1151,0,2,1
act_fn,1151,0,2,1
down_proj,1151,0,2,1
final_layernorm,1151,0,2,49929
lm_head,1151,0,2,2027586
embedding,1152,0,2,334082
input_layernorm,1152,0,2,1
q_proj,1152,0,2,1
k_proj,1152,0,2,1
v_proj,1152,0,2,1
rope,1152,0,2,1
attn,1152,0,2,1
o_proj,1152,0,2,1
post_layernorm,1152,0,2,1
gate_proj,1152,0,2,1059761
up_proj,1152,0,2,1
act_fn,1152,0,2,1
down_proj,1152,0,2,1
final_layernorm,1152,0,2,49929
lm_head,1152,0,2,2027586
embedding,1153,0,2,334082
input_layernorm,1153,0,2,1
q_proj,1153,0,2,1
k_proj,1153,0,2,1
v_proj,1153,0,2,1
rope,1153,0,2,1
attn,1153,0,2,1
o_proj,1153,0,2,1
post_layernorm,1153,0,2,1
gate_proj,1153,0,2,1059761
up_proj,1153,0,2,1
act_fn,1153,0,2,1
down_proj,1153,0,2,1
final_layernorm,1153,0,2,49929
lm_head,1153,0,2,2027586
embedding,1154,0,2,334082
input_layernorm,1154,0,2,1
q_proj,1154,0,2,1
k_proj,1154,0,2,1
v_proj,1154,0,2,1
rope,1154,0,2,1
attn,1154,0,2,1
o_proj,1154,0,2,1
post_layernorm,1154,0,2,1
gate_proj,1154,0,2,1059761
up_proj,1154,0,2,1
act_fn,1154,0,2,1
down_proj,1154,0,2,1
final_layernorm,1154,0,2,49929
lm_head,1154,0,2,2027586
embedding,1155,0,2,334082
input_layernorm,1155,0,2,1
q_proj,1155,0,2,1
k_proj,1155,0,2,1
v_proj,1155,0,2,1
rope,1155,0,2,1
attn,1155,0,2,1
o_proj,1155,0,2,1
post_layernorm,1155,0,2,1
gate_proj,1155,0,2,1059761
up_proj,1155,0,2,1
act_fn,1155,0,2,1
down_proj,1155,0,2,1
final_layernorm,1155,0,2,49929
lm_head,1155,0,2,2027586
embedding,1156,0,2,334082
input_layernorm,1156,0,2,1
q_proj,1156,0,2,1
k_proj,1156,0,2,1
v_proj,1156,0,2,1
rope,1156,0,2,1
attn,1156,0,2,1
o_proj,1156,0,2,1
post_layernorm,1156,0,2,1
gate_proj,1156,0,2,1059761
up_proj,1156,0,2,1
act_fn,1156,0,2,1
down_proj,1156,0,2,1
final_layernorm,1156,0,2,49929
lm_head,1156,0,2,2027586
embedding,1157,0,2,334082
input_layernorm,1157,0,2,1
q_proj,1157,0,2,1
k_proj,1157,0,2,1
v_proj,1157,0,2,1
rope,1157,0,2,1
attn,1157,0,2,1
o_proj,1157,0,2,1
post_layernorm,1157,0,2,1
gate_proj,1157,0,2,1059761
up_proj,1157,0,2,1
act_fn,1157,0,2,1
down_proj,1157,0,2,1
final_layernorm,1157,0,2,49929
lm_head,1157,0,2,2027586
embedding,1158,0,2,334082
input_layernorm,1158,0,2,1
q_proj,1158,0,2,1
k_proj,1158,0,2,1
v_proj,1158,0,2,1
rope,1158,0,2,1
attn,1158,0,2,1
o_proj,1158,0,2,1
post_layernorm,1158,0,2,1
gate_proj,1158,0,2,1059761
up_proj,1158,0,2,1
act_fn,1158,0,2,1
down_proj,1158,0,2,1
final_layernorm,1158,0,2,49929
lm_head,1158,0,2,2027586
embedding,1159,0,2,334082
input_layernorm,1159,0,2,1
q_proj,1159,0,2,1
k_proj,1159,0,2,1
v_proj,1159,0,2,1
rope,1159,0,2,1
attn,1159,0,2,1
o_proj,1159,0,2,1
post_layernorm,1159,0,2,1
gate_proj,1159,0,2,1059761
up_proj,1159,0,2,1
act_fn,1159,0,2,1
down_proj,1159,0,2,1
final_layernorm,1159,0,2,49929
lm_head,1159,0,2,2027586
embedding,1160,0,2,334082
input_layernorm,1160,0,2,1
q_proj,1160,0,2,1
k_proj,1160,0,2,1
v_proj,1160,0,2,1
rope,1160,0,2,1
attn,1160,0,2,1
o_proj,1160,0,2,1
post_layernorm,1160,0,2,1
gate_proj,1160,0,2,1059761
up_proj,1160,0,2,1
act_fn,1160,0,2,1
down_proj,1160,0,2,1
final_layernorm,1160,0,2,49929
lm_head,1160,0,2,2027586
embedding,1161,0,2,334082
input_layernorm,1161,0,2,1
q_proj,1161,0,2,1
k_proj,1161,0,2,1
v_proj,1161,0,2,1
rope,1161,0,2,1
attn,1161,0,2,1
o_proj,1161,0,2,1
post_layernorm,1161,0,2,1
gate_proj,1161,0,2,1059761
up_proj,1161,0,2,1
act_fn,1161,0,2,1
down_proj,1161,0,2,1
final_layernorm,1161,0,2,49929
lm_head,1161,0,2,2027586
embedding,1162,0,2,334082
input_layernorm,1162,0,2,1
q_proj,1162,0,2,1
k_proj,1162,0,2,1
v_proj,1162,0,2,1
rope,1162,0,2,1
attn,1162,0,2,1
o_proj,1162,0,2,1
post_layernorm,1162,0,2,1
gate_proj,1162,0,2,1059761
up_proj,1162,0,2,1
act_fn,1162,0,2,1
down_proj,1162,0,2,1
final_layernorm,1162,0,2,49929
lm_head,1162,0,2,2027586
embedding,1163,0,2,334082
input_layernorm,1163,0,2,1
q_proj,1163,0,2,1
k_proj,1163,0,2,1
v_proj,1163,0,2,1
rope,1163,0,2,1
attn,1163,0,2,1
o_proj,1163,0,2,1
post_layernorm,1163,0,2,1
gate_proj,1163,0,2,1059761
up_proj,1163,0,2,1
act_fn,1163,0,2,1
down_proj,1163,0,2,1
final_layernorm,1163,0,2,49929
lm_head,1163,0,2,2027586
embedding,1164,0,2,334082
input_layernorm,1164,0,2,1
q_proj,1164,0,2,1
k_proj,1164,0,2,1
v_proj,1164,0,2,1
rope,1164,0,2,1
attn,1164,0,2,1
o_proj,1164,0,2,1
post_layernorm,1164,0,2,1
gate_proj,1164,0,2,1059761
up_proj,1164,0,2,1
act_fn,1164,0,2,1
down_proj,1164,0,2,1
final_layernorm,1164,0,2,49929
lm_head,1164,0,2,2027586
embedding,1165,0,2,334082
input_layernorm,1165,0,2,1
q_proj,1165,0,2,1
k_proj,1165,0,2,1
v_proj,1165,0,2,1
rope,1165,0,2,1
attn,1165,0,2,1
o_proj,1165,0,2,1
post_layernorm,1165,0,2,1
gate_proj,1165,0,2,1059761
up_proj,1165,0,2,1
act_fn,1165,0,2,1
down_proj,1165,0,2,1
final_layernorm,1165,0,2,49929
lm_head,1165,0,2,2027586
embedding,1166,0,2,334082
input_layernorm,1166,0,2,1
q_proj,1166,0,2,1
k_proj,1166,0,2,1
v_proj,1166,0,2,1
rope,1166,0,2,1
attn,1166,0,2,1
o_proj,1166,0,2,1
post_layernorm,1166,0,2,1
gate_proj,1166,0,2,1059761
up_proj,1166,0,2,1
act_fn,1166,0,2,1
down_proj,1166,0,2,1
final_layernorm,1166,0,2,49929
lm_head,1166,0,2,2027586
embedding,1167,0,2,334082
input_layernorm,1167,0,2,1
q_proj,1167,0,2,1
k_proj,1167,0,2,1
v_proj,1167,0,2,1
rope,1167,0,2,1
attn,1167,0,2,1
o_proj,1167,0,2,1
post_layernorm,1167,0,2,1
gate_proj,1167,0,2,1059761
up_proj,1167,0,2,1
act_fn,1167,0,2,1
down_proj,1167,0,2,1
final_layernorm,1167,0,2,49929
lm_head,1167,0,2,2027586
embedding,1168,0,2,334082
input_layernorm,1168,0,2,1
q_proj,1168,0,2,1
k_proj,1168,0,2,1
v_proj,1168,0,2,1
rope,1168,0,2,1
attn,1168,0,2,1
o_proj,1168,0,2,1
post_layernorm,1168,0,2,1
gate_proj,1168,0,2,1059761
up_proj,1168,0,2,1
act_fn,1168,0,2,1
down_proj,1168,0,2,1
final_layernorm,1168,0,2,49929
lm_head,1168,0,2,2027586
embedding,1169,0,2,334082
input_layernorm,1169,0,2,1
q_proj,1169,0,2,1
k_proj,1169,0,2,1
v_proj,1169,0,2,1
rope,1169,0,2,1
attn,1169,0,2,1
o_proj,1169,0,2,1
post_layernorm,1169,0,2,1
gate_proj,1169,0,2,1059761
up_proj,1169,0,2,1
act_fn,1169,0,2,1
down_proj,1169,0,2,1
final_layernorm,1169,0,2,49929
lm_head,1169,0,2,2027586
embedding,1170,0,2,334082
input_layernorm,1170,0,2,1
q_proj,1170,0,2,1
k_proj,1170,0,2,1
v_proj,1170,0,2,1
rope,1170,0,2,1
attn,1170,0,2,1
o_proj,1170,0,2,1
post_layernorm,1170,0,2,1
gate_proj,1170,0,2,1059761
up_proj,1170,0,2,1
act_fn,1170,0,2,1
down_proj,1170,0,2,1
final_layernorm,1170,0,2,49929
lm_head,1170,0,2,2027586
embedding,1171,0,2,334082
input_layernorm,1171,0,2,1
q_proj,1171,0,2,1
k_proj,1171,0,2,1
v_proj,1171,0,2,1
rope,1171,0,2,1
attn,1171,0,2,1
o_proj,1171,0,2,1
post_layernorm,1171,0,2,1
gate_proj,1171,0,2,1059761
up_proj,1171,0,2,1
act_fn,1171,0,2,1
down_proj,1171,0,2,1
final_layernorm,1171,0,2,49929
lm_head,1171,0,2,2027586
embedding,1172,0,2,334082
input_layernorm,1172,0,2,1
q_proj,1172,0,2,1
k_proj,1172,0,2,1
v_proj,1172,0,2,1
rope,1172,0,2,1
attn,1172,0,2,1
o_proj,1172,0,2,1
post_layernorm,1172,0,2,1
gate_proj,1172,0,2,1059761
up_proj,1172,0,2,1
act_fn,1172,0,2,1
down_proj,1172,0,2,1
final_layernorm,1172,0,2,49929
lm_head,1172,0,2,2027586
embedding,1173,0,2,334082
input_layernorm,1173,0,2,1
q_proj,1173,0,2,1
k_proj,1173,0,2,1
v_proj,1173,0,2,1
rope,1173,0,2,1
attn,1173,0,2,1
o_proj,1173,0,2,1
post_layernorm,1173,0,2,1
gate_proj,1173,0,2,1059761
up_proj,1173,0,2,1
act_fn,1173,0,2,1
down_proj,1173,0,2,1
final_layernorm,1173,0,2,49929
lm_head,1173,0,2,2027586
embedding,1174,0,2,334082
input_layernorm,1174,0,2,1
q_proj,1174,0,2,1
k_proj,1174,0,2,1
v_proj,1174,0,2,1
rope,1174,0,2,1
attn,1174,0,2,1
o_proj,1174,0,2,1
post_layernorm,1174,0,2,1
gate_proj,1174,0,2,1059761
up_proj,1174,0,2,1
act_fn,1174,0,2,1
down_proj,1174,0,2,1
final_layernorm,1174,0,2,49929
lm_head,1174,0,2,2027586
embedding,1175,0,2,334082
input_layernorm,1175,0,2,1
q_proj,1175,0,2,1
k_proj,1175,0,2,1
v_proj,1175,0,2,1
rope,1175,0,2,1
attn,1175,0,2,1
o_proj,1175,0,2,1
post_layernorm,1175,0,2,1
gate_proj,1175,0,2,1059761
up_proj,1175,0,2,1
act_fn,1175,0,2,1
down_proj,1175,0,2,1
final_layernorm,1175,0,2,49929
lm_head,1175,0,2,2027586
embedding,1176,0,2,334082
input_layernorm,1176,0,2,1
q_proj,1176,0,2,1
k_proj,1176,0,2,1
v_proj,1176,0,2,1
rope,1176,0,2,1
attn,1176,0,2,1
o_proj,1176,0,2,1
post_layernorm,1176,0,2,1
gate_proj,1176,0,2,1059761
up_proj,1176,0,2,1
act_fn,1176,0,2,1
down_proj,1176,0,2,1
final_layernorm,1176,0,2,49929
lm_head,1176,0,2,2027586
embedding,1177,0,2,334082
input_layernorm,1177,0,2,1
q_proj,1177,0,2,1
k_proj,1177,0,2,1
v_proj,1177,0,2,1
rope,1177,0,2,1
attn,1177,0,2,1
o_proj,1177,0,2,1
post_layernorm,1177,0,2,1
gate_proj,1177,0,2,1059761
up_proj,1177,0,2,1
act_fn,1177,0,2,1
down_proj,1177,0,2,1
final_layernorm,1177,0,2,49929
lm_head,1177,0,2,2027586
embedding,1178,0,2,334082
input_layernorm,1178,0,2,1
q_proj,1178,0,2,1
k_proj,1178,0,2,1
v_proj,1178,0,2,1
rope,1178,0,2,1
attn,1178,0,2,1
o_proj,1178,0,2,1
post_layernorm,1178,0,2,1
gate_proj,1178,0,2,1059761
up_proj,1178,0,2,1
act_fn,1178,0,2,1
down_proj,1178,0,2,1
final_layernorm,1178,0,2,49929
lm_head,1178,0,2,2027586
embedding,1179,0,2,334082
input_layernorm,1179,0,2,1
q_proj,1179,0,2,1
k_proj,1179,0,2,1
v_proj,1179,0,2,1
rope,1179,0,2,1
attn,1179,0,2,1
o_proj,1179,0,2,1
post_layernorm,1179,0,2,1
gate_proj,1179,0,2,1059761
up_proj,1179,0,2,1
act_fn,1179,0,2,1
down_proj,1179,0,2,1
final_layernorm,1179,0,2,49929
lm_head,1179,0,2,2027586
embedding,1180,0,2,334082
input_layernorm,1180,0,2,1
q_proj,1180,0,2,1
k_proj,1180,0,2,1
v_proj,1180,0,2,1
rope,1180,0,2,1
attn,1180,0,2,1
o_proj,1180,0,2,1
post_layernorm,1180,0,2,1
gate_proj,1180,0,2,1059761
up_proj,1180,0,2,1
act_fn,1180,0,2,1
down_proj,1180,0,2,1
final_layernorm,1180,0,2,49929
lm_head,1180,0,2,2027586
embedding,1181,0,2,334082
input_layernorm,1181,0,2,1
q_proj,1181,0,2,1
k_proj,1181,0,2,1
v_proj,1181,0,2,1
rope,1181,0,2,1
attn,1181,0,2,1
o_proj,1181,0,2,1
post_layernorm,1181,0,2,1
gate_proj,1181,0,2,1059761
up_proj,1181,0,2,1
act_fn,1181,0,2,1
down_proj,1181,0,2,1
final_layernorm,1181,0,2,49929
lm_head,1181,0,2,2027586
embedding,1182,0,2,334082
input_layernorm,1182,0,2,1
q_proj,1182,0,2,1
k_proj,1182,0,2,1
v_proj,1182,0,2,1
rope,1182,0,2,1
attn,1182,0,2,1
o_proj,1182,0,2,1
post_layernorm,1182,0,2,1
gate_proj,1182,0,2,1059761
up_proj,1182,0,2,1
act_fn,1182,0,2,1
down_proj,1182,0,2,1
final_layernorm,1182,0,2,49929
lm_head,1182,0,2,2027586
embedding,1183,0,2,334082
input_layernorm,1183,0,2,1
q_proj,1183,0,2,1
k_proj,1183,0,2,1
v_proj,1183,0,2,1
rope,1183,0,2,1
attn,1183,0,2,1
o_proj,1183,0,2,1
post_layernorm,1183,0,2,1
gate_proj,1183,0,2,1059761
up_proj,1183,0,2,1
act_fn,1183,0,2,1
down_proj,1183,0,2,1
final_layernorm,1183,0,2,49929
lm_head,1183,0,2,2027586
embedding,1184,0,2,334082
input_layernorm,1184,0,2,1
q_proj,1184,0,2,1
k_proj,1184,0,2,1
v_proj,1184,0,2,1
rope,1184,0,2,1
attn,1184,0,2,1
o_proj,1184,0,2,1
post_layernorm,1184,0,2,1
gate_proj,1184,0,2,1059761
up_proj,1184,0,2,1
act_fn,1184,0,2,1
down_proj,1184,0,2,1
final_layernorm,1184,0,2,49929
lm_head,1184,0,2,2027586
embedding,1185,0,2,334082
input_layernorm,1185,0,2,1
q_proj,1185,0,2,1
k_proj,1185,0,2,1
v_proj,1185,0,2,1
rope,1185,0,2,1
attn,1185,0,2,1
o_proj,1185,0,2,1
post_layernorm,1185,0,2,1
gate_proj,1185,0,2,1059761
up_proj,1185,0,2,1
act_fn,1185,0,2,1
down_proj,1185,0,2,1
final_layernorm,1185,0,2,49929
lm_head,1185,0,2,2027586
embedding,1186,0,2,334082
input_layernorm,1186,0,2,1
q_proj,1186,0,2,1
k_proj,1186,0,2,1
v_proj,1186,0,2,1
rope,1186,0,2,1
attn,1186,0,2,1
o_proj,1186,0,2,1
post_layernorm,1186,0,2,1
gate_proj,1186,0,2,1059761
up_proj,1186,0,2,1
act_fn,1186,0,2,1
down_proj,1186,0,2,1
final_layernorm,1186,0,2,49929
lm_head,1186,0,2,2027586
embedding,1187,0,2,334082
input_layernorm,1187,0,2,1
q_proj,1187,0,2,1
k_proj,1187,0,2,1
v_proj,1187,0,2,1
rope,1187,0,2,1
attn,1187,0,2,1
o_proj,1187,0,2,1
post_layernorm,1187,0,2,1
gate_proj,1187,0,2,1059761
up_proj,1187,0,2,1
act_fn,1187,0,2,1
down_proj,1187,0,2,1
final_layernorm,1187,0,2,49929
lm_head,1187,0,2,2027586
embedding,1188,0,2,334082
input_layernorm,1188,0,2,1
q_proj,1188,0,2,1
k_proj,1188,0,2,1
v_proj,1188,0,2,1
rope,1188,0,2,1
attn,1188,0,2,1
o_proj,1188,0,2,1
post_layernorm,1188,0,2,1
gate_proj,1188,0,2,1059761
up_proj,1188,0,2,1
act_fn,1188,0,2,1
down_proj,1188,0,2,1
final_layernorm,1188,0,2,49929
lm_head,1188,0,2,2027586
embedding,1189,0,2,334082
input_layernorm,1189,0,2,1
q_proj,1189,0,2,1
k_proj,1189,0,2,1
v_proj,1189,0,2,1
rope,1189,0,2,1
attn,1189,0,2,1
o_proj,1189,0,2,1
post_layernorm,1189,0,2,1
gate_proj,1189,0,2,1059761
up_proj,1189,0,2,1
act_fn,1189,0,2,1
down_proj,1189,0,2,1
final_layernorm,1189,0,2,49929
lm_head,1189,0,2,2027586
embedding,1190,0,2,334082
input_layernorm,1190,0,2,1
q_proj,1190,0,2,1
k_proj,1190,0,2,1
v_proj,1190,0,2,1
rope,1190,0,2,1
attn,1190,0,2,1
o_proj,1190,0,2,1
post_layernorm,1190,0,2,1
gate_proj,1190,0,2,1059761
up_proj,1190,0,2,1
act_fn,1190,0,2,1
down_proj,1190,0,2,1
final_layernorm,1190,0,2,49929
lm_head,1190,0,2,2027586
embedding,1191,0,2,334082
input_layernorm,1191,0,2,1
q_proj,1191,0,2,1
k_proj,1191,0,2,1
v_proj,1191,0,2,1
rope,1191,0,2,1
attn,1191,0,2,1
o_proj,1191,0,2,1
post_layernorm,1191,0,2,1
gate_proj,1191,0,2,1059761
up_proj,1191,0,2,1
act_fn,1191,0,2,1
down_proj,1191,0,2,1
final_layernorm,1191,0,2,49929
lm_head,1191,0,2,2027586
embedding,1192,0,2,334082
input_layernorm,1192,0,2,1
q_proj,1192,0,2,1
k_proj,1192,0,2,1
v_proj,1192,0,2,1
rope,1192,0,2,1
attn,1192,0,2,1
o_proj,1192,0,2,1
post_layernorm,1192,0,2,1
gate_proj,1192,0,2,1059761
up_proj,1192,0,2,1
act_fn,1192,0,2,1
down_proj,1192,0,2,1
final_layernorm,1192,0,2,49929
lm_head,1192,0,2,2027586
embedding,1193,0,2,334082
input_layernorm,1193,0,2,1
q_proj,1193,0,2,1
k_proj,1193,0,2,1
v_proj,1193,0,2,1
rope,1193,0,2,1
attn,1193,0,2,1
o_proj,1193,0,2,1
post_layernorm,1193,0,2,1
gate_proj,1193,0,2,1059761
up_proj,1193,0,2,1
act_fn,1193,0,2,1
down_proj,1193,0,2,1
final_layernorm,1193,0,2,49929
lm_head,1193,0,2,2027586
embedding,1194,0,2,334082
input_layernorm,1194,0,2,1
q_proj,1194,0,2,1
k_proj,1194,0,2,1
v_proj,1194,0,2,1
rope,1194,0,2,1
attn,1194,0,2,1
o_proj,1194,0,2,1
post_layernorm,1194,0,2,1
gate_proj,1194,0,2,1059761
up_proj,1194,0,2,1
act_fn,1194,0,2,1
down_proj,1194,0,2,1
final_layernorm,1194,0,2,49929
lm_head,1194,0,2,2027586
embedding,1195,0,2,334082
input_layernorm,1195,0,2,1
q_proj,1195,0,2,1
k_proj,1195,0,2,1
v_proj,1195,0,2,1
rope,1195,0,2,1
attn,1195,0,2,1
o_proj,1195,0,2,1
post_layernorm,1195,0,2,1
gate_proj,1195,0,2,1059761
up_proj,1195,0,2,1
act_fn,1195,0,2,1
down_proj,1195,0,2,1
final_layernorm,1195,0,2,49929
lm_head,1195,0,2,2027586
embedding,1196,0,2,334082
input_layernorm,1196,0,2,1
q_proj,1196,0,2,1
k_proj,1196,0,2,1
v_proj,1196,0,2,1
rope,1196,0,2,1
attn,1196,0,2,1
o_proj,1196,0,2,1
post_layernorm,1196,0,2,1
gate_proj,1196,0,2,1059761
up_proj,1196,0,2,1
act_fn,1196,0,2,1
down_proj,1196,0,2,1
final_layernorm,1196,0,2,49929
lm_head,1196,0,2,2027586
embedding,1197,0,2,334082
input_layernorm,1197,0,2,1
q_proj,1197,0,2,1
k_proj,1197,0,2,1
v_proj,1197,0,2,1
rope,1197,0,2,1
attn,1197,0,2,1
o_proj,1197,0,2,1
post_layernorm,1197,0,2,1
gate_proj,1197,0,2,1059761
up_proj,1197,0,2,1
act_fn,1197,0,2,1
down_proj,1197,0,2,1
final_layernorm,1197,0,2,49929
lm_head,1197,0,2,2027586
embedding,1198,0,2,334082
input_layernorm,1198,0,2,1
q_proj,1198,0,2,1
k_proj,1198,0,2,1
v_proj,1198,0,2,1
rope,1198,0,2,1
attn,1198,0,2,1
o_proj,1198,0,2,1
post_layernorm,1198,0,2,1
gate_proj,1198,0,2,1059761
up_proj,1198,0,2,1
act_fn,1198,0,2,1
down_proj,1198,0,2,1
final_layernorm,1198,0,2,49929
lm_head,1198,0,2,2027586
embedding,1199,0,2,334082
input_layernorm,1199,0,2,1
q_proj,1199,0,2,1
k_proj,1199,0,2,1
v_proj,1199,0,2,1
rope,1199,0,2,1
attn,1199,0,2,1
o_proj,1199,0,2,1
post_layernorm,1199,0,2,1
gate_proj,1199,0,2,1059761
up_proj,1199,0,2,1
act_fn,1199,0,2,1
down_proj,1199,0,2,1
final_layernorm,1199,0,2,49929
lm_head,1199,0,2,2027586
embedding,1200,0,2,334082
input_layernorm,1200,0,2,1
q_proj,1200,0,2,1
k_proj,1200,0,2,1
v_proj,1200,0,2,1
rope,1200,0,2,1
attn,1200,0,2,1
o_proj,1200,0,2,1
post_layernorm,1200,0,2,1
gate_proj,1200,0,2,1059761
up_proj,1200,0,2,1
act_fn,1200,0,2,1
down_proj,1200,0,2,1
final_layernorm,1200,0,2,49929
lm_head,1200,0,2,2027586
embedding,1201,0,2,334082
input_layernorm,1201,0,2,1
q_proj,1201,0,2,1
k_proj,1201,0,2,1
v_proj,1201,0,2,1
rope,1201,0,2,1
attn,1201,0,2,1
o_proj,1201,0,2,1
post_layernorm,1201,0,2,1
gate_proj,1201,0,2,1059761
up_proj,1201,0,2,1
act_fn,1201,0,2,1
down_proj,1201,0,2,1
final_layernorm,1201,0,2,49929
lm_head,1201,0,2,2027586
embedding,1202,0,2,334082
input_layernorm,1202,0,2,1
q_proj,1202,0,2,1
k_proj,1202,0,2,1
v_proj,1202,0,2,1
rope,1202,0,2,1
attn,1202,0,2,1
o_proj,1202,0,2,1
post_layernorm,1202,0,2,1
gate_proj,1202,0,2,1059761
up_proj,1202,0,2,1
act_fn,1202,0,2,1
down_proj,1202,0,2,1
final_layernorm,1202,0,2,49929
lm_head,1202,0,2,2027586
embedding,1203,0,2,334082
input_layernorm,1203,0,2,1
q_proj,1203,0,2,1
k_proj,1203,0,2,1
v_proj,1203,0,2,1
rope,1203,0,2,1
attn,1203,0,2,1
o_proj,1203,0,2,1
post_layernorm,1203,0,2,1
gate_proj,1203,0,2,1059761
up_proj,1203,0,2,1
act_fn,1203,0,2,1
down_proj,1203,0,2,1
final_layernorm,1203,0,2,49929
lm_head,1203,0,2,2027586
embedding,1204,0,2,334082
input_layernorm,1204,0,2,1
q_proj,1204,0,2,1
k_proj,1204,0,2,1
v_proj,1204,0,2,1
rope,1204,0,2,1
attn,1204,0,2,1
o_proj,1204,0,2,1
post_layernorm,1204,0,2,1
gate_proj,1204,0,2,1059761
up_proj,1204,0,2,1
act_fn,1204,0,2,1
down_proj,1204,0,2,1
final_layernorm,1204,0,2,49929
lm_head,1204,0,2,2027586
embedding,1205,0,2,334082
input_layernorm,1205,0,2,1
q_proj,1205,0,2,1
k_proj,1205,0,2,1
v_proj,1205,0,2,1
rope,1205,0,2,1
attn,1205,0,2,1
o_proj,1205,0,2,1
post_layernorm,1205,0,2,1
gate_proj,1205,0,2,1059761
up_proj,1205,0,2,1
act_fn,1205,0,2,1
down_proj,1205,0,2,1
final_layernorm,1205,0,2,49929
lm_head,1205,0,2,2027586
embedding,1206,0,2,334082
input_layernorm,1206,0,2,1
q_proj,1206,0,2,1
k_proj,1206,0,2,1
v_proj,1206,0,2,1
rope,1206,0,2,1
attn,1206,0,2,1
o_proj,1206,0,2,1
post_layernorm,1206,0,2,1
gate_proj,1206,0,2,1059761
up_proj,1206,0,2,1
act_fn,1206,0,2,1
down_proj,1206,0,2,1
final_layernorm,1206,0,2,49929
lm_head,1206,0,2,2027586
embedding,1207,0,2,334082
input_layernorm,1207,0,2,1
q_proj,1207,0,2,1
k_proj,1207,0,2,1
v_proj,1207,0,2,1
rope,1207,0,2,1
attn,1207,0,2,1
o_proj,1207,0,2,1
post_layernorm,1207,0,2,1
gate_proj,1207,0,2,1059761
up_proj,1207,0,2,1
act_fn,1207,0,2,1
down_proj,1207,0,2,1
final_layernorm,1207,0,2,49929
lm_head,1207,0,2,2027586
embedding,1208,0,2,334082
input_layernorm,1208,0,2,1
q_proj,1208,0,2,1
k_proj,1208,0,2,1
v_proj,1208,0,2,1
rope,1208,0,2,1
attn,1208,0,2,1
o_proj,1208,0,2,1
post_layernorm,1208,0,2,1
gate_proj,1208,0,2,1059761
up_proj,1208,0,2,1
act_fn,1208,0,2,1
down_proj,1208,0,2,1
final_layernorm,1208,0,2,49929
lm_head,1208,0,2,2027586
embedding,1209,0,2,334082
input_layernorm,1209,0,2,1
q_proj,1209,0,2,1
k_proj,1209,0,2,1
v_proj,1209,0,2,1
rope,1209,0,2,1
attn,1209,0,2,1
o_proj,1209,0,2,1
post_layernorm,1209,0,2,1
gate_proj,1209,0,2,1059761
up_proj,1209,0,2,1
act_fn,1209,0,2,1
down_proj,1209,0,2,1
final_layernorm,1209,0,2,49929
lm_head,1209,0,2,2027586
embedding,1210,0,2,334082
input_layernorm,1210,0,2,1
q_proj,1210,0,2,1
k_proj,1210,0,2,1
v_proj,1210,0,2,1
rope,1210,0,2,1
attn,1210,0,2,1
o_proj,1210,0,2,1
post_layernorm,1210,0,2,1
gate_proj,1210,0,2,1059761
up_proj,1210,0,2,1
act_fn,1210,0,2,1
down_proj,1210,0,2,1
final_layernorm,1210,0,2,49929
lm_head,1210,0,2,2027586
embedding,1211,0,2,334082
input_layernorm,1211,0,2,1
q_proj,1211,0,2,1
k_proj,1211,0,2,1
v_proj,1211,0,2,1
rope,1211,0,2,1
attn,1211,0,2,1
o_proj,1211,0,2,1
post_layernorm,1211,0,2,1
gate_proj,1211,0,2,1059761
up_proj,1211,0,2,1
act_fn,1211,0,2,1
down_proj,1211,0,2,1
final_layernorm,1211,0,2,49929
lm_head,1211,0,2,2027586
embedding,1212,0,2,334082
input_layernorm,1212,0,2,1
q_proj,1212,0,2,1
k_proj,1212,0,2,1
v_proj,1212,0,2,1
rope,1212,0,2,1
attn,1212,0,2,1
o_proj,1212,0,2,1
post_layernorm,1212,0,2,1
gate_proj,1212,0,2,1059761
up_proj,1212,0,2,1
act_fn,1212,0,2,1
down_proj,1212,0,2,1
final_layernorm,1212,0,2,49929
lm_head,1212,0,2,2027586
embedding,1213,0,2,334082
input_layernorm,1213,0,2,1
q_proj,1213,0,2,1
k_proj,1213,0,2,1
v_proj,1213,0,2,1
rope,1213,0,2,1
attn,1213,0,2,1
o_proj,1213,0,2,1
post_layernorm,1213,0,2,1
gate_proj,1213,0,2,1059761
up_proj,1213,0,2,1
act_fn,1213,0,2,1
down_proj,1213,0,2,1
final_layernorm,1213,0,2,49929
lm_head,1213,0,2,2027586
embedding,1214,0,2,334082
input_layernorm,1214,0,2,1
q_proj,1214,0,2,1
k_proj,1214,0,2,1
v_proj,1214,0,2,1
rope,1214,0,2,1
attn,1214,0,2,1
o_proj,1214,0,2,1
post_layernorm,1214,0,2,1
gate_proj,1214,0,2,1059761
up_proj,1214,0,2,1
act_fn,1214,0,2,1
down_proj,1214,0,2,1
final_layernorm,1214,0,2,49929
lm_head,1214,0,2,2027586
embedding,1215,0,2,334082
input_layernorm,1215,0,2,1
q_proj,1215,0,2,1
k_proj,1215,0,2,1
v_proj,1215,0,2,1
rope,1215,0,2,1
attn,1215,0,2,1
o_proj,1215,0,2,1
post_layernorm,1215,0,2,1
gate_proj,1215,0,2,1059761
up_proj,1215,0,2,1
act_fn,1215,0,2,1
down_proj,1215,0,2,1
final_layernorm,1215,0,2,49929
lm_head,1215,0,2,2027586
embedding,1216,0,2,334082
input_layernorm,1216,0,2,1
q_proj,1216,0,2,1
k_proj,1216,0,2,1
v_proj,1216,0,2,1
rope,1216,0,2,1
attn,1216,0,2,1
o_proj,1216,0,2,1
post_layernorm,1216,0,2,1
gate_proj,1216,0,2,1059761
up_proj,1216,0,2,1
act_fn,1216,0,2,1
down_proj,1216,0,2,1
final_layernorm,1216,0,2,49929
lm_head,1216,0,2,2027586
embedding,1217,0,2,334082
input_layernorm,1217,0,2,1
q_proj,1217,0,2,1
k_proj,1217,0,2,1
v_proj,1217,0,2,1
rope,1217,0,2,1
attn,1217,0,2,1
o_proj,1217,0,2,1
post_layernorm,1217,0,2,1
gate_proj,1217,0,2,1059761
up_proj,1217,0,2,1
act_fn,1217,0,2,1
down_proj,1217,0,2,1
final_layernorm,1217,0,2,49929
lm_head,1217,0,2,2027586
embedding,1218,0,2,334082
input_layernorm,1218,0,2,1
q_proj,1218,0,2,1
k_proj,1218,0,2,1
v_proj,1218,0,2,1
rope,1218,0,2,1
attn,1218,0,2,1
o_proj,1218,0,2,1
post_layernorm,1218,0,2,1
gate_proj,1218,0,2,1059761
up_proj,1218,0,2,1
act_fn,1218,0,2,1
down_proj,1218,0,2,1
final_layernorm,1218,0,2,49929
lm_head,1218,0,2,2027586
embedding,1219,0,2,334082
input_layernorm,1219,0,2,1
q_proj,1219,0,2,1
k_proj,1219,0,2,1
v_proj,1219,0,2,1
rope,1219,0,2,1
attn,1219,0,2,1
o_proj,1219,0,2,1
post_layernorm,1219,0,2,1
gate_proj,1219,0,2,1059761
up_proj,1219,0,2,1
act_fn,1219,0,2,1
down_proj,1219,0,2,1
final_layernorm,1219,0,2,49929
lm_head,1219,0,2,2027586
embedding,1220,0,2,334082
input_layernorm,1220,0,2,1
q_proj,1220,0,2,1
k_proj,1220,0,2,1
v_proj,1220,0,2,1
rope,1220,0,2,1
attn,1220,0,2,1
o_proj,1220,0,2,1
post_layernorm,1220,0,2,1
gate_proj,1220,0,2,1059761
up_proj,1220,0,2,1
act_fn,1220,0,2,1
down_proj,1220,0,2,1
final_layernorm,1220,0,2,49929
lm_head,1220,0,2,2027586
embedding,1221,0,2,334082
input_layernorm,1221,0,2,1
q_proj,1221,0,2,1
k_proj,1221,0,2,1
v_proj,1221,0,2,1
rope,1221,0,2,1
attn,1221,0,2,1
o_proj,1221,0,2,1
post_layernorm,1221,0,2,1
gate_proj,1221,0,2,1059761
up_proj,1221,0,2,1
act_fn,1221,0,2,1
down_proj,1221,0,2,1
final_layernorm,1221,0,2,49929
lm_head,1221,0,2,2027586
embedding,1222,0,2,334082
input_layernorm,1222,0,2,1
q_proj,1222,0,2,1
k_proj,1222,0,2,1
v_proj,1222,0,2,1
rope,1222,0,2,1
attn,1222,0,2,1
o_proj,1222,0,2,1
post_layernorm,1222,0,2,1
gate_proj,1222,0,2,1059761
up_proj,1222,0,2,1
act_fn,1222,0,2,1
down_proj,1222,0,2,1
final_layernorm,1222,0,2,49929
lm_head,1222,0,2,2027586
embedding,1223,0,2,334082
input_layernorm,1223,0,2,1
q_proj,1223,0,2,1
k_proj,1223,0,2,1
v_proj,1223,0,2,1
rope,1223,0,2,1
attn,1223,0,2,1
o_proj,1223,0,2,1
post_layernorm,1223,0,2,1
gate_proj,1223,0,2,1059761
up_proj,1223,0,2,1
act_fn,1223,0,2,1
down_proj,1223,0,2,1
final_layernorm,1223,0,2,49929
lm_head,1223,0,2,2027586
embedding,1224,0,2,334082
input_layernorm,1224,0,2,1
q_proj,1224,0,2,1
k_proj,1224,0,2,1
v_proj,1224,0,2,1
rope,1224,0,2,1
attn,1224,0,2,1
o_proj,1224,0,2,1
post_layernorm,1224,0,2,1
gate_proj,1224,0,2,1059761
up_proj,1224,0,2,1
act_fn,1224,0,2,1
down_proj,1224,0,2,1
final_layernorm,1224,0,2,49929
lm_head,1224,0,2,2027586
embedding,1225,0,2,334082
input_layernorm,1225,0,2,1
q_proj,1225,0,2,1
k_proj,1225,0,2,1
v_proj,1225,0,2,1
rope,1225,0,2,1
attn,1225,0,2,1
o_proj,1225,0,2,1
post_layernorm,1225,0,2,1
gate_proj,1225,0,2,1059761
up_proj,1225,0,2,1
act_fn,1225,0,2,1
down_proj,1225,0,2,1
final_layernorm,1225,0,2,49929
lm_head,1225,0,2,2027586
embedding,1226,0,2,334082
input_layernorm,1226,0,2,1
q_proj,1226,0,2,1
k_proj,1226,0,2,1
v_proj,1226,0,2,1
rope,1226,0,2,1
attn,1226,0,2,1
o_proj,1226,0,2,1
post_layernorm,1226,0,2,1
gate_proj,1226,0,2,1059761
up_proj,1226,0,2,1
act_fn,1226,0,2,1
down_proj,1226,0,2,1
final_layernorm,1226,0,2,49929
lm_head,1226,0,2,2027586
embedding,1227,0,2,334082
input_layernorm,1227,0,2,1
q_proj,1227,0,2,1
k_proj,1227,0,2,1
v_proj,1227,0,2,1
rope,1227,0,2,1
attn,1227,0,2,1
o_proj,1227,0,2,1
post_layernorm,1227,0,2,1
gate_proj,1227,0,2,1059761
up_proj,1227,0,2,1
act_fn,1227,0,2,1
down_proj,1227,0,2,1
final_layernorm,1227,0,2,49929
lm_head,1227,0,2,2027586
embedding,1228,0,2,334082
input_layernorm,1228,0,2,1
q_proj,1228,0,2,1
k_proj,1228,0,2,1
v_proj,1228,0,2,1
rope,1228,0,2,1
attn,1228,0,2,1
o_proj,1228,0,2,1
post_layernorm,1228,0,2,1
gate_proj,1228,0,2,1059761
up_proj,1228,0,2,1
act_fn,1228,0,2,1
down_proj,1228,0,2,1
final_layernorm,1228,0,2,49929
lm_head,1228,0,2,2027586
embedding,1229,0,2,334082
input_layernorm,1229,0,2,1
q_proj,1229,0,2,1
k_proj,1229,0,2,1
v_proj,1229,0,2,1
rope,1229,0,2,1
attn,1229,0,2,1
o_proj,1229,0,2,1
post_layernorm,1229,0,2,1
gate_proj,1229,0,2,1059761
up_proj,1229,0,2,1
act_fn,1229,0,2,1
down_proj,1229,0,2,1
final_layernorm,1229,0,2,49929
lm_head,1229,0,2,2027586
embedding,1230,0,2,334082
input_layernorm,1230,0,2,1
q_proj,1230,0,2,1
k_proj,1230,0,2,1
v_proj,1230,0,2,1
rope,1230,0,2,1
attn,1230,0,2,1
o_proj,1230,0,2,1
post_layernorm,1230,0,2,1
gate_proj,1230,0,2,1059761
up_proj,1230,0,2,1
act_fn,1230,0,2,1
down_proj,1230,0,2,1
final_layernorm,1230,0,2,49929
lm_head,1230,0,2,2027586
embedding,1231,0,2,334082
input_layernorm,1231,0,2,1
q_proj,1231,0,2,1
k_proj,1231,0,2,1
v_proj,1231,0,2,1
rope,1231,0,2,1
attn,1231,0,2,1
o_proj,1231,0,2,1
post_layernorm,1231,0,2,1
gate_proj,1231,0,2,1059761
up_proj,1231,0,2,1
act_fn,1231,0,2,1
down_proj,1231,0,2,1
final_layernorm,1231,0,2,49929
lm_head,1231,0,2,2027586
embedding,1232,0,2,334082
input_layernorm,1232,0,2,1
q_proj,1232,0,2,1
k_proj,1232,0,2,1
v_proj,1232,0,2,1
rope,1232,0,2,1
attn,1232,0,2,1
o_proj,1232,0,2,1
post_layernorm,1232,0,2,1
gate_proj,1232,0,2,1059761
up_proj,1232,0,2,1
act_fn,1232,0,2,1
down_proj,1232,0,2,1
final_layernorm,1232,0,2,49929
lm_head,1232,0,2,2027586
embedding,1233,0,2,334082
input_layernorm,1233,0,2,1
q_proj,1233,0,2,1
k_proj,1233,0,2,1
v_proj,1233,0,2,1
rope,1233,0,2,1
attn,1233,0,2,1
o_proj,1233,0,2,1
post_layernorm,1233,0,2,1
gate_proj,1233,0,2,1059761
up_proj,1233,0,2,1
act_fn,1233,0,2,1
down_proj,1233,0,2,1
final_layernorm,1233,0,2,49929
lm_head,1233,0,2,2027586
embedding,1234,0,2,334082
input_layernorm,1234,0,2,1
q_proj,1234,0,2,1
k_proj,1234,0,2,1
v_proj,1234,0,2,1
rope,1234,0,2,1
attn,1234,0,2,1
o_proj,1234,0,2,1
post_layernorm,1234,0,2,1
gate_proj,1234,0,2,1059761
up_proj,1234,0,2,1
act_fn,1234,0,2,1
down_proj,1234,0,2,1
final_layernorm,1234,0,2,49929
lm_head,1234,0,2,2027586
embedding,1235,0,2,334082
input_layernorm,1235,0,2,1
q_proj,1235,0,2,1
k_proj,1235,0,2,1
v_proj,1235,0,2,1
rope,1235,0,2,1
attn,1235,0,2,1
o_proj,1235,0,2,1
post_layernorm,1235,0,2,1
gate_proj,1235,0,2,1059761
up_proj,1235,0,2,1
act_fn,1235,0,2,1
down_proj,1235,0,2,1
final_layernorm,1235,0,2,49929
lm_head,1235,0,2,2027586
embedding,1236,0,2,334082
input_layernorm,1236,0,2,1
q_proj,1236,0,2,1
k_proj,1236,0,2,1
v_proj,1236,0,2,1
rope,1236,0,2,1
attn,1236,0,2,1
o_proj,1236,0,2,1
post_layernorm,1236,0,2,1
gate_proj,1236,0,2,1059761
up_proj,1236,0,2,1
act_fn,1236,0,2,1
down_proj,1236,0,2,1
final_layernorm,1236,0,2,49929
lm_head,1236,0,2,2027586
embedding,1237,0,2,334082
input_layernorm,1237,0,2,1
q_proj,1237,0,2,1
k_proj,1237,0,2,1
v_proj,1237,0,2,1
rope,1237,0,2,1
attn,1237,0,2,1
o_proj,1237,0,2,1
post_layernorm,1237,0,2,1
gate_proj,1237,0,2,1059761
up_proj,1237,0,2,1
act_fn,1237,0,2,1
down_proj,1237,0,2,1
final_layernorm,1237,0,2,49929
lm_head,1237,0,2,2027586
embedding,1238,0,2,334082
input_layernorm,1238,0,2,1
q_proj,1238,0,2,1
k_proj,1238,0,2,1
v_proj,1238,0,2,1
rope,1238,0,2,1
attn,1238,0,2,1
o_proj,1238,0,2,1
post_layernorm,1238,0,2,1
gate_proj,1238,0,2,1059761
up_proj,1238,0,2,1
act_fn,1238,0,2,1
down_proj,1238,0,2,1
final_layernorm,1238,0,2,49929
lm_head,1238,0,2,2027586
embedding,1239,0,2,334082
input_layernorm,1239,0,2,1
q_proj,1239,0,2,1
k_proj,1239,0,2,1
v_proj,1239,0,2,1
rope,1239,0,2,1
attn,1239,0,2,1
o_proj,1239,0,2,1
post_layernorm,1239,0,2,1
gate_proj,1239,0,2,1059761
up_proj,1239,0,2,1
act_fn,1239,0,2,1
down_proj,1239,0,2,1
final_layernorm,1239,0,2,49929
lm_head,1239,0,2,2027586
embedding,1240,0,2,334082
input_layernorm,1240,0,2,1
q_proj,1240,0,2,1
k_proj,1240,0,2,1
v_proj,1240,0,2,1
rope,1240,0,2,1
attn,1240,0,2,1
o_proj,1240,0,2,1
post_layernorm,1240,0,2,1
gate_proj,1240,0,2,1059761
up_proj,1240,0,2,1
act_fn,1240,0,2,1
down_proj,1240,0,2,1
final_layernorm,1240,0,2,49929
lm_head,1240,0,2,2027586
embedding,1241,0,2,334082
input_layernorm,1241,0,2,1
q_proj,1241,0,2,1
k_proj,1241,0,2,1
v_proj,1241,0,2,1
rope,1241,0,2,1
attn,1241,0,2,1
o_proj,1241,0,2,1
post_layernorm,1241,0,2,1
gate_proj,1241,0,2,1059761
up_proj,1241,0,2,1
act_fn,1241,0,2,1
down_proj,1241,0,2,1
final_layernorm,1241,0,2,49929
lm_head,1241,0,2,2027586
embedding,1242,0,2,334082
input_layernorm,1242,0,2,1
q_proj,1242,0,2,1
k_proj,1242,0,2,1
v_proj,1242,0,2,1
rope,1242,0,2,1
attn,1242,0,2,1
o_proj,1242,0,2,1
post_layernorm,1242,0,2,1
gate_proj,1242,0,2,1059761
up_proj,1242,0,2,1
act_fn,1242,0,2,1
down_proj,1242,0,2,1
final_layernorm,1242,0,2,49929
lm_head,1242,0,2,2027586
embedding,1243,0,2,334082
input_layernorm,1243,0,2,1
q_proj,1243,0,2,1
k_proj,1243,0,2,1
v_proj,1243,0,2,1
rope,1243,0,2,1
attn,1243,0,2,1
o_proj,1243,0,2,1
post_layernorm,1243,0,2,1
gate_proj,1243,0,2,1059761
up_proj,1243,0,2,1
act_fn,1243,0,2,1
down_proj,1243,0,2,1
final_layernorm,1243,0,2,49929
lm_head,1243,0,2,2027586
embedding,1244,0,2,334082
input_layernorm,1244,0,2,1
q_proj,1244,0,2,1
k_proj,1244,0,2,1
v_proj,1244,0,2,1
rope,1244,0,2,1
attn,1244,0,2,1
o_proj,1244,0,2,1
post_layernorm,1244,0,2,1
gate_proj,1244,0,2,1059761
up_proj,1244,0,2,1
act_fn,1244,0,2,1
down_proj,1244,0,2,1
final_layernorm,1244,0,2,49929
lm_head,1244,0,2,2027586
embedding,1245,0,2,334082
input_layernorm,1245,0,2,1
q_proj,1245,0,2,1
k_proj,1245,0,2,1
v_proj,1245,0,2,1
rope,1245,0,2,1
attn,1245,0,2,1
o_proj,1245,0,2,1
post_layernorm,1245,0,2,1
gate_proj,1245,0,2,1059761
up_proj,1245,0,2,1
act_fn,1245,0,2,1
down_proj,1245,0,2,1
final_layernorm,1245,0,2,49929
lm_head,1245,0,2,2027586
embedding,1246,0,2,334082
input_layernorm,1246,0,2,1
q_proj,1246,0,2,1
k_proj,1246,0,2,1
v_proj,1246,0,2,1
rope,1246,0,2,1
attn,1246,0,2,1
o_proj,1246,0,2,1
post_layernorm,1246,0,2,1
gate_proj,1246,0,2,1059761
up_proj,1246,0,2,1
act_fn,1246,0,2,1
down_proj,1246,0,2,1
final_layernorm,1246,0,2,49929
lm_head,1246,0,2,2027586
embedding,1247,0,2,334082
input_layernorm,1247,0,2,1
q_proj,1247,0,2,1
k_proj,1247,0,2,1
v_proj,1247,0,2,1
rope,1247,0,2,1
attn,1247,0,2,1
o_proj,1247,0,2,1
post_layernorm,1247,0,2,1
gate_proj,1247,0,2,1059761
up_proj,1247,0,2,1
act_fn,1247,0,2,1
down_proj,1247,0,2,1
final_layernorm,1247,0,2,49929
lm_head,1247,0,2,2027586
embedding,1248,0,2,334082
input_layernorm,1248,0,2,1
q_proj,1248,0,2,1
k_proj,1248,0,2,1
v_proj,1248,0,2,1
rope,1248,0,2,1
attn,1248,0,2,1
o_proj,1248,0,2,1
post_layernorm,1248,0,2,1
gate_proj,1248,0,2,1059761
up_proj,1248,0,2,1
act_fn,1248,0,2,1
down_proj,1248,0,2,1
final_layernorm,1248,0,2,49929
lm_head,1248,0,2,2027586
embedding,1249,0,2,334082
input_layernorm,1249,0,2,1
q_proj,1249,0,2,1
k_proj,1249,0,2,1
v_proj,1249,0,2,1
rope,1249,0,2,1
attn,1249,0,2,1
o_proj,1249,0,2,1
post_layernorm,1249,0,2,1
gate_proj,1249,0,2,1059761
up_proj,1249,0,2,1
act_fn,1249,0,2,1
down_proj,1249,0,2,1
final_layernorm,1249,0,2,49929
lm_head,1249,0,2,2027586
embedding,1250,0,2,334082
input_layernorm,1250,0,2,1
q_proj,1250,0,2,1
k_proj,1250,0,2,1
v_proj,1250,0,2,1
rope,1250,0,2,1
attn,1250,0,2,1
o_proj,1250,0,2,1
post_layernorm,1250,0,2,1
gate_proj,1250,0,2,1059761
up_proj,1250,0,2,1
act_fn,1250,0,2,1
down_proj,1250,0,2,1
final_layernorm,1250,0,2,49929
lm_head,1250,0,2,2027586
embedding,1251,0,2,334082
input_layernorm,1251,0,2,1
q_proj,1251,0,2,1
k_proj,1251,0,2,1
v_proj,1251,0,2,1
rope,1251,0,2,1
attn,1251,0,2,1
o_proj,1251,0,2,1
post_layernorm,1251,0,2,1
gate_proj,1251,0,2,1059761
up_proj,1251,0,2,1
act_fn,1251,0,2,1
down_proj,1251,0,2,1
final_layernorm,1251,0,2,49929
lm_head,1251,0,2,2027586
embedding,1252,0,2,334082
input_layernorm,1252,0,2,1
q_proj,1252,0,2,1
k_proj,1252,0,2,1
v_proj,1252,0,2,1
rope,1252,0,2,1
attn,1252,0,2,1
o_proj,1252,0,2,1
post_layernorm,1252,0,2,1
gate_proj,1252,0,2,1059761
up_proj,1252,0,2,1
act_fn,1252,0,2,1
down_proj,1252,0,2,1
final_layernorm,1252,0,2,49929
lm_head,1252,0,2,2027586
embedding,1253,0,2,334082
input_layernorm,1253,0,2,1
q_proj,1253,0,2,1
k_proj,1253,0,2,1
v_proj,1253,0,2,1
rope,1253,0,2,1
attn,1253,0,2,1
o_proj,1253,0,2,1
post_layernorm,1253,0,2,1
gate_proj,1253,0,2,1059761
up_proj,1253,0,2,1
act_fn,1253,0,2,1
down_proj,1253,0,2,1
final_layernorm,1253,0,2,49929
lm_head,1253,0,2,2027586
embedding,1254,0,2,334082
input_layernorm,1254,0,2,1
q_proj,1254,0,2,1
k_proj,1254,0,2,1
v_proj,1254,0,2,1
rope,1254,0,2,1
attn,1254,0,2,1
o_proj,1254,0,2,1
post_layernorm,1254,0,2,1
gate_proj,1254,0,2,1059761
up_proj,1254,0,2,1
act_fn,1254,0,2,1
down_proj,1254,0,2,1
final_layernorm,1254,0,2,49929
lm_head,1254,0,2,2027586
embedding,1255,0,2,334082
input_layernorm,1255,0,2,1
q_proj,1255,0,2,1
k_proj,1255,0,2,1
v_proj,1255,0,2,1
rope,1255,0,2,1
attn,1255,0,2,1
o_proj,1255,0,2,1
post_layernorm,1255,0,2,1
gate_proj,1255,0,2,1059761
up_proj,1255,0,2,1
act_fn,1255,0,2,1
down_proj,1255,0,2,1
final_layernorm,1255,0,2,49929
lm_head,1255,0,2,2027586
embedding,1256,0,2,334082
input_layernorm,1256,0,2,1
q_proj,1256,0,2,1
k_proj,1256,0,2,1
v_proj,1256,0,2,1
rope,1256,0,2,1
attn,1256,0,2,1
o_proj,1256,0,2,1
post_layernorm,1256,0,2,1
gate_proj,1256,0,2,1059761
up_proj,1256,0,2,1
act_fn,1256,0,2,1
down_proj,1256,0,2,1
final_layernorm,1256,0,2,49929
lm_head,1256,0,2,2027586
embedding,1257,0,2,334082
input_layernorm,1257,0,2,1
q_proj,1257,0,2,1
k_proj,1257,0,2,1
v_proj,1257,0,2,1
rope,1257,0,2,1
attn,1257,0,2,1
o_proj,1257,0,2,1
post_layernorm,1257,0,2,1
gate_proj,1257,0,2,1059761
up_proj,1257,0,2,1
act_fn,1257,0,2,1
down_proj,1257,0,2,1
final_layernorm,1257,0,2,49929
lm_head,1257,0,2,2027586
embedding,1258,0,2,334082
input_layernorm,1258,0,2,1
q_proj,1258,0,2,1
k_proj,1258,0,2,1
v_proj,1258,0,2,1
rope,1258,0,2,1
attn,1258,0,2,1
o_proj,1258,0,2,1
post_layernorm,1258,0,2,1
gate_proj,1258,0,2,1059761
up_proj,1258,0,2,1
act_fn,1258,0,2,1
down_proj,1258,0,2,1
final_layernorm,1258,0,2,49929
lm_head,1258,0,2,2027586
embedding,1259,0,2,334082
input_layernorm,1259,0,2,1
q_proj,1259,0,2,1
k_proj,1259,0,2,1
v_proj,1259,0,2,1
rope,1259,0,2,1
attn,1259,0,2,1
o_proj,1259,0,2,1
post_layernorm,1259,0,2,1
gate_proj,1259,0,2,1059761
up_proj,1259,0,2,1
act_fn,1259,0,2,1
down_proj,1259,0,2,1
final_layernorm,1259,0,2,49929
lm_head,1259,0,2,2027586
embedding,1260,0,2,334082
input_layernorm,1260,0,2,1
q_proj,1260,0,2,1
k_proj,1260,0,2,1
v_proj,1260,0,2,1
rope,1260,0,2,1
attn,1260,0,2,1
o_proj,1260,0,2,1
post_layernorm,1260,0,2,1
gate_proj,1260,0,2,1059761
up_proj,1260,0,2,1
act_fn,1260,0,2,1
down_proj,1260,0,2,1
final_layernorm,1260,0,2,49929
lm_head,1260,0,2,2027586
embedding,1261,0,2,334082
input_layernorm,1261,0,2,1
q_proj,1261,0,2,1
k_proj,1261,0,2,1
v_proj,1261,0,2,1
rope,1261,0,2,1
attn,1261,0,2,1
o_proj,1261,0,2,1
post_layernorm,1261,0,2,1
gate_proj,1261,0,2,1059761
up_proj,1261,0,2,1
act_fn,1261,0,2,1
down_proj,1261,0,2,1
final_layernorm,1261,0,2,49929
lm_head,1261,0,2,2027586
embedding,1262,0,2,334082
input_layernorm,1262,0,2,1
q_proj,1262,0,2,1
k_proj,1262,0,2,1
v_proj,1262,0,2,1
rope,1262,0,2,1
attn,1262,0,2,1
o_proj,1262,0,2,1
post_layernorm,1262,0,2,1
gate_proj,1262,0,2,1059761
up_proj,1262,0,2,1
act_fn,1262,0,2,1
down_proj,1262,0,2,1
final_layernorm,1262,0,2,49929
lm_head,1262,0,2,2027586
embedding,1263,0,2,334082
input_layernorm,1263,0,2,1
q_proj,1263,0,2,1
k_proj,1263,0,2,1
v_proj,1263,0,2,1
rope,1263,0,2,1
attn,1263,0,2,1
o_proj,1263,0,2,1
post_layernorm,1263,0,2,1
gate_proj,1263,0,2,1059761
up_proj,1263,0,2,1
act_fn,1263,0,2,1
down_proj,1263,0,2,1
final_layernorm,1263,0,2,49929
lm_head,1263,0,2,2027586
embedding,1264,0,2,334082
input_layernorm,1264,0,2,1
q_proj,1264,0,2,1
k_proj,1264,0,2,1
v_proj,1264,0,2,1
rope,1264,0,2,1
attn,1264,0,2,1
o_proj,1264,0,2,1
post_layernorm,1264,0,2,1
gate_proj,1264,0,2,1059761
up_proj,1264,0,2,1
act_fn,1264,0,2,1
down_proj,1264,0,2,1
final_layernorm,1264,0,2,49929
lm_head,1264,0,2,2027586
embedding,1265,0,2,334082
input_layernorm,1265,0,2,1
q_proj,1265,0,2,1
k_proj,1265,0,2,1
v_proj,1265,0,2,1
rope,1265,0,2,1
attn,1265,0,2,1
o_proj,1265,0,2,1
post_layernorm,1265,0,2,1
gate_proj,1265,0,2,1059761
up_proj,1265,0,2,1
act_fn,1265,0,2,1
down_proj,1265,0,2,1
final_layernorm,1265,0,2,49929
lm_head,1265,0,2,2027586
embedding,1266,0,2,334082
input_layernorm,1266,0,2,1
q_proj,1266,0,2,1
k_proj,1266,0,2,1
v_proj,1266,0,2,1
rope,1266,0,2,1
attn,1266,0,2,1
o_proj,1266,0,2,1
post_layernorm,1266,0,2,1
gate_proj,1266,0,2,1059761
up_proj,1266,0,2,1
act_fn,1266,0,2,1
down_proj,1266,0,2,1
final_layernorm,1266,0,2,49929
lm_head,1266,0,2,2027586
embedding,1267,0,2,334082
input_layernorm,1267,0,2,1
q_proj,1267,0,2,1
k_proj,1267,0,2,1
v_proj,1267,0,2,1
rope,1267,0,2,1
attn,1267,0,2,1
o_proj,1267,0,2,1
post_layernorm,1267,0,2,1
gate_proj,1267,0,2,1059761
up_proj,1267,0,2,1
act_fn,1267,0,2,1
down_proj,1267,0,2,1
final_layernorm,1267,0,2,49929
lm_head,1267,0,2,2027586
embedding,1268,0,2,334082
input_layernorm,1268,0,2,1
q_proj,1268,0,2,1
k_proj,1268,0,2,1
v_proj,1268,0,2,1
rope,1268,0,2,1
attn,1268,0,2,1
o_proj,1268,0,2,1
post_layernorm,1268,0,2,1
gate_proj,1268,0,2,1059761
up_proj,1268,0,2,1
act_fn,1268,0,2,1
down_proj,1268,0,2,1
final_layernorm,1268,0,2,49929
lm_head,1268,0,2,2027586
embedding,1269,0,2,334082
input_layernorm,1269,0,2,1
q_proj,1269,0,2,1
k_proj,1269,0,2,1
v_proj,1269,0,2,1
rope,1269,0,2,1
attn,1269,0,2,1
o_proj,1269,0,2,1
post_layernorm,1269,0,2,1
gate_proj,1269,0,2,1059761
up_proj,1269,0,2,1
act_fn,1269,0,2,1
down_proj,1269,0,2,1
final_layernorm,1269,0,2,49929
lm_head,1269,0,2,2027586
embedding,1270,0,2,334082
input_layernorm,1270,0,2,1
q_proj,1270,0,2,1
k_proj,1270,0,2,1
v_proj,1270,0,2,1
rope,1270,0,2,1
attn,1270,0,2,1
o_proj,1270,0,2,1
post_layernorm,1270,0,2,1
gate_proj,1270,0,2,1059761
up_proj,1270,0,2,1
act_fn,1270,0,2,1
down_proj,1270,0,2,1
final_layernorm,1270,0,2,49929
lm_head,1270,0,2,2027586
embedding,1271,0,2,334082
input_layernorm,1271,0,2,1
q_proj,1271,0,2,1
k_proj,1271,0,2,1
v_proj,1271,0,2,1
rope,1271,0,2,1
attn,1271,0,2,1
o_proj,1271,0,2,1
post_layernorm,1271,0,2,1
gate_proj,1271,0,2,1059761
up_proj,1271,0,2,1
act_fn,1271,0,2,1
down_proj,1271,0,2,1
final_layernorm,1271,0,2,49929
lm_head,1271,0,2,2027586
embedding,1272,0,2,334082
input_layernorm,1272,0,2,1
q_proj,1272,0,2,1
k_proj,1272,0,2,1
v_proj,1272,0,2,1
rope,1272,0,2,1
attn,1272,0,2,1
o_proj,1272,0,2,1
post_layernorm,1272,0,2,1
gate_proj,1272,0,2,1059761
up_proj,1272,0,2,1
act_fn,1272,0,2,1
down_proj,1272,0,2,1
final_layernorm,1272,0,2,49929
lm_head,1272,0,2,2027586
embedding,1273,0,2,334082
input_layernorm,1273,0,2,1
q_proj,1273,0,2,1
k_proj,1273,0,2,1
v_proj,1273,0,2,1
rope,1273,0,2,1
attn,1273,0,2,1
o_proj,1273,0,2,1
post_layernorm,1273,0,2,1
gate_proj,1273,0,2,1059761
up_proj,1273,0,2,1
act_fn,1273,0,2,1
down_proj,1273,0,2,1
final_layernorm,1273,0,2,49929
lm_head,1273,0,2,2027586
embedding,1274,0,2,334082
input_layernorm,1274,0,2,1
q_proj,1274,0,2,1
k_proj,1274,0,2,1
v_proj,1274,0,2,1
rope,1274,0,2,1
attn,1274,0,2,1
o_proj,1274,0,2,1
post_layernorm,1274,0,2,1
gate_proj,1274,0,2,1059761
up_proj,1274,0,2,1
act_fn,1274,0,2,1
down_proj,1274,0,2,1
final_layernorm,1274,0,2,49929
lm_head,1274,0,2,2027586
embedding,1275,0,2,334082
input_layernorm,1275,0,2,1
q_proj,1275,0,2,1
k_proj,1275,0,2,1
v_proj,1275,0,2,1
rope,1275,0,2,1
attn,1275,0,2,1
o_proj,1275,0,2,1
post_layernorm,1275,0,2,1
gate_proj,1275,0,2,1059761
up_proj,1275,0,2,1
act_fn,1275,0,2,1
down_proj,1275,0,2,1
final_layernorm,1275,0,2,49929
lm_head,1275,0,2,2027586
embedding,1276,0,2,334082
input_layernorm,1276,0,2,1
q_proj,1276,0,2,1
k_proj,1276,0,2,1
v_proj,1276,0,2,1
rope,1276,0,2,1
attn,1276,0,2,1
o_proj,1276,0,2,1
post_layernorm,1276,0,2,1
gate_proj,1276,0,2,1059761
up_proj,1276,0,2,1
act_fn,1276,0,2,1
down_proj,1276,0,2,1
final_layernorm,1276,0,2,49929
lm_head,1276,0,2,2027586
embedding,1277,0,2,334082
input_layernorm,1277,0,2,1
q_proj,1277,0,2,1
k_proj,1277,0,2,1
v_proj,1277,0,2,1
rope,1277,0,2,1
attn,1277,0,2,1
o_proj,1277,0,2,1
post_layernorm,1277,0,2,1
gate_proj,1277,0,2,1059761
up_proj,1277,0,2,1
act_fn,1277,0,2,1
down_proj,1277,0,2,1
final_layernorm,1277,0,2,49929
lm_head,1277,0,2,2027586
embedding,1278,0,2,334082
input_layernorm,1278,0,2,1
q_proj,1278,0,2,1
k_proj,1278,0,2,1
v_proj,1278,0,2,1
rope,1278,0,2,1
attn,1278,0,2,1
o_proj,1278,0,2,1
post_layernorm,1278,0,2,1
gate_proj,1278,0,2,1059761
up_proj,1278,0,2,1
act_fn,1278,0,2,1
down_proj,1278,0,2,1
final_layernorm,1278,0,2,49929
lm_head,1278,0,2,2027586
embedding,1279,0,2,334082
input_layernorm,1279,0,2,1
q_proj,1279,0,2,1
k_proj,1279,0,2,1
v_proj,1279,0,2,1
rope,1279,0,2,1
attn,1279,0,2,1
o_proj,1279,0,2,1
post_layernorm,1279,0,2,1
gate_proj,1279,0,2,1059761
up_proj,1279,0,2,1
act_fn,1279,0,2,1
down_proj,1279,0,2,1
final_layernorm,1279,0,2,49929
lm_head,1279,0,2,2027586
embedding,1280,0,2,334082
input_layernorm,1280,0,2,1
q_proj,1280,0,2,1
k_proj,1280,0,2,1
v_proj,1280,0,2,1
rope,1280,0,2,1
attn,1280,0,2,1
o_proj,1280,0,2,1
post_layernorm,1280,0,2,1
gate_proj,1280,0,2,1059761
up_proj,1280,0,2,1
act_fn,1280,0,2,1
down_proj,1280,0,2,1
final_layernorm,1280,0,2,49929
lm_head,1280,0,2,2027586
embedding,1281,0,2,334082
input_layernorm,1281,0,2,1
q_proj,1281,0,2,1
k_proj,1281,0,2,1
v_proj,1281,0,2,1
rope,1281,0,2,1
attn,1281,0,2,1
o_proj,1281,0,2,1
post_layernorm,1281,0,2,1
gate_proj,1281,0,2,1059761
up_proj,1281,0,2,1
act_fn,1281,0,2,1
down_proj,1281,0,2,1
final_layernorm,1281,0,2,49929
lm_head,1281,0,2,2027586
embedding,1282,0,2,334082
input_layernorm,1282,0,2,1
q_proj,1282,0,2,1
k_proj,1282,0,2,1
v_proj,1282,0,2,1
rope,1282,0,2,1
attn,1282,0,2,1
o_proj,1282,0,2,1
post_layernorm,1282,0,2,1
gate_proj,1282,0,2,1059761
up_proj,1282,0,2,1
act_fn,1282,0,2,1
down_proj,1282,0,2,1
final_layernorm,1282,0,2,49929
lm_head,1282,0,2,2027586
embedding,1283,0,2,334082
input_layernorm,1283,0,2,1
q_proj,1283,0,2,1
k_proj,1283,0,2,1
v_proj,1283,0,2,1
rope,1283,0,2,1
attn,1283,0,2,1
o_proj,1283,0,2,1
post_layernorm,1283,0,2,1
gate_proj,1283,0,2,1059761
up_proj,1283,0,2,1
act_fn,1283,0,2,1
down_proj,1283,0,2,1
final_layernorm,1283,0,2,49929
lm_head,1283,0,2,2027586
embedding,1284,0,2,334082
input_layernorm,1284,0,2,1
q_proj,1284,0,2,1
k_proj,1284,0,2,1
v_proj,1284,0,2,1
rope,1284,0,2,1
attn,1284,0,2,1
o_proj,1284,0,2,1
post_layernorm,1284,0,2,1
gate_proj,1284,0,2,1059761
up_proj,1284,0,2,1
act_fn,1284,0,2,1
down_proj,1284,0,2,1
final_layernorm,1284,0,2,49929
lm_head,1284,0,2,2027586
embedding,1285,0,2,334082
input_layernorm,1285,0,2,1
q_proj,1285,0,2,1
k_proj,1285,0,2,1
v_proj,1285,0,2,1
rope,1285,0,2,1
attn,1285,0,2,1
o_proj,1285,0,2,1
post_layernorm,1285,0,2,1
gate_proj,1285,0,2,1059761
up_proj,1285,0,2,1
act_fn,1285,0,2,1
down_proj,1285,0,2,1
final_layernorm,1285,0,2,49929
lm_head,1285,0,2,2027586
embedding,1286,0,2,334082
input_layernorm,1286,0,2,1
q_proj,1286,0,2,1
k_proj,1286,0,2,1
v_proj,1286,0,2,1
rope,1286,0,2,1
attn,1286,0,2,1
o_proj,1286,0,2,1
post_layernorm,1286,0,2,1
gate_proj,1286,0,2,1059761
up_proj,1286,0,2,1
act_fn,1286,0,2,1
down_proj,1286,0,2,1
final_layernorm,1286,0,2,49929
lm_head,1286,0,2,2027586
embedding,1287,0,2,334082
input_layernorm,1287,0,2,1
q_proj,1287,0,2,1
k_proj,1287,0,2,1
v_proj,1287,0,2,1
rope,1287,0,2,1
attn,1287,0,2,1
o_proj,1287,0,2,1
post_layernorm,1287,0,2,1
gate_proj,1287,0,2,1059761
up_proj,1287,0,2,1
act_fn,1287,0,2,1
down_proj,1287,0,2,1
final_layernorm,1287,0,2,49929
lm_head,1287,0,2,2027586
embedding,1288,0,2,334082
input_layernorm,1288,0,2,1
q_proj,1288,0,2,1
k_proj,1288,0,2,1
v_proj,1288,0,2,1
rope,1288,0,2,1
attn,1288,0,2,1
o_proj,1288,0,2,1
post_layernorm,1288,0,2,1
gate_proj,1288,0,2,1059761
up_proj,1288,0,2,1
act_fn,1288,0,2,1
down_proj,1288,0,2,1
final_layernorm,1288,0,2,49929
lm_head,1288,0,2,2027586
embedding,1289,0,2,334082
input_layernorm,1289,0,2,1
q_proj,1289,0,2,1
k_proj,1289,0,2,1
v_proj,1289,0,2,1
rope,1289,0,2,1
attn,1289,0,2,1
o_proj,1289,0,2,1
post_layernorm,1289,0,2,1
gate_proj,1289,0,2,1059761
up_proj,1289,0,2,1
act_fn,1289,0,2,1
down_proj,1289,0,2,1
final_layernorm,1289,0,2,49929
lm_head,1289,0,2,2027586
embedding,1290,0,2,334082
input_layernorm,1290,0,2,1
q_proj,1290,0,2,1
k_proj,1290,0,2,1
v_proj,1290,0,2,1
rope,1290,0,2,1
attn,1290,0,2,1
o_proj,1290,0,2,1
post_layernorm,1290,0,2,1
gate_proj,1290,0,2,1059761
up_proj,1290,0,2,1
act_fn,1290,0,2,1
down_proj,1290,0,2,1
final_layernorm,1290,0,2,49929
lm_head,1290,0,2,2027586
embedding,1291,0,2,334082
input_layernorm,1291,0,2,1
q_proj,1291,0,2,1
k_proj,1291,0,2,1
v_proj,1291,0,2,1
rope,1291,0,2,1
attn,1291,0,2,1
o_proj,1291,0,2,1
post_layernorm,1291,0,2,1
gate_proj,1291,0,2,1059761
up_proj,1291,0,2,1
act_fn,1291,0,2,1
down_proj,1291,0,2,1
final_layernorm,1291,0,2,49929
lm_head,1291,0,2,2027586
embedding,1292,0,2,334082
input_layernorm,1292,0,2,1
q_proj,1292,0,2,1
k_proj,1292,0,2,1
v_proj,1292,0,2,1
rope,1292,0,2,1
attn,1292,0,2,1
o_proj,1292,0,2,1
post_layernorm,1292,0,2,1
gate_proj,1292,0,2,1059761
up_proj,1292,0,2,1
act_fn,1292,0,2,1
down_proj,1292,0,2,1
final_layernorm,1292,0,2,49929
lm_head,1292,0,2,2027586
embedding,1293,0,2,334082
input_layernorm,1293,0,2,1
q_proj,1293,0,2,1
k_proj,1293,0,2,1
v_proj,1293,0,2,1
rope,1293,0,2,1
attn,1293,0,2,1
o_proj,1293,0,2,1
post_layernorm,1293,0,2,1
gate_proj,1293,0,2,1059761
up_proj,1293,0,2,1
act_fn,1293,0,2,1
down_proj,1293,0,2,1
final_layernorm,1293,0,2,49929
lm_head,1293,0,2,2027586
embedding,1294,0,2,334082
input_layernorm,1294,0,2,1
q_proj,1294,0,2,1
k_proj,1294,0,2,1
v_proj,1294,0,2,1
rope,1294,0,2,1
attn,1294,0,2,1
o_proj,1294,0,2,1
post_layernorm,1294,0,2,1
gate_proj,1294,0,2,1059761
up_proj,1294,0,2,1
act_fn,1294,0,2,1
down_proj,1294,0,2,1
final_layernorm,1294,0,2,49929
lm_head,1294,0,2,2027586
embedding,1295,0,2,334082
input_layernorm,1295,0,2,1
q_proj,1295,0,2,1
k_proj,1295,0,2,1
v_proj,1295,0,2,1
rope,1295,0,2,1
attn,1295,0,2,1
o_proj,1295,0,2,1
post_layernorm,1295,0,2,1
gate_proj,1295,0,2,1059761
up_proj,1295,0,2,1
act_fn,1295,0,2,1
down_proj,1295,0,2,1
final_layernorm,1295,0,2,49929
lm_head,1295,0,2,2027586
embedding,1296,0,2,334082
input_layernorm,1296,0,2,1
q_proj,1296,0,2,1
k_proj,1296,0,2,1
v_proj,1296,0,2,1
rope,1296,0,2,1
attn,1296,0,2,1
o_proj,1296,0,2,1
post_layernorm,1296,0,2,1
gate_proj,1296,0,2,1059761
up_proj,1296,0,2,1
act_fn,1296,0,2,1
down_proj,1296,0,2,1
final_layernorm,1296,0,2,49929
lm_head,1296,0,2,2027586
embedding,1297,0,2,334082
input_layernorm,1297,0,2,1
q_proj,1297,0,2,1
k_proj,1297,0,2,1
v_proj,1297,0,2,1
rope,1297,0,2,1
attn,1297,0,2,1
o_proj,1297,0,2,1
post_layernorm,1297,0,2,1
gate_proj,1297,0,2,1059761
up_proj,1297,0,2,1
act_fn,1297,0,2,1
down_proj,1297,0,2,1
final_layernorm,1297,0,2,49929
lm_head,1297,0,2,2027586
embedding,1298,0,2,334082
input_layernorm,1298,0,2,1
q_proj,1298,0,2,1
k_proj,1298,0,2,1
v_proj,1298,0,2,1
rope,1298,0,2,1
attn,1298,0,2,1
o_proj,1298,0,2,1
post_layernorm,1298,0,2,1
gate_proj,1298,0,2,1059761
up_proj,1298,0,2,1
act_fn,1298,0,2,1
down_proj,1298,0,2,1
final_layernorm,1298,0,2,49929
lm_head,1298,0,2,2027586
embedding,1299,0,2,334082
input_layernorm,1299,0,2,1
q_proj,1299,0,2,1
k_proj,1299,0,2,1
v_proj,1299,0,2,1
rope,1299,0,2,1
attn,1299,0,2,1
o_proj,1299,0,2,1
post_layernorm,1299,0,2,1
gate_proj,1299,0,2,1059761
up_proj,1299,0,2,1
act_fn,1299,0,2,1
down_proj,1299,0,2,1
final_layernorm,1299,0,2,49929
lm_head,1299,0,2,2027586
embedding,1300,0,2,334082
input_layernorm,1300,0,2,1
q_proj,1300,0,2,1
k_proj,1300,0,2,1
v_proj,1300,0,2,1
rope,1300,0,2,1
attn,1300,0,2,1
o_proj,1300,0,2,1
post_layernorm,1300,0,2,1
gate_proj,1300,0,2,1059761
up_proj,1300,0,2,1
act_fn,1300,0,2,1
down_proj,1300,0,2,1
final_layernorm,1300,0,2,49929
lm_head,1300,0,2,2027586
embedding,1301,0,2,334082
input_layernorm,1301,0,2,1
q_proj,1301,0,2,1
k_proj,1301,0,2,1
v_proj,1301,0,2,1
rope,1301,0,2,1
attn,1301,0,2,1
o_proj,1301,0,2,1
post_layernorm,1301,0,2,1
gate_proj,1301,0,2,1059761
up_proj,1301,0,2,1
act_fn,1301,0,2,1
down_proj,1301,0,2,1
final_layernorm,1301,0,2,49929
lm_head,1301,0,2,2027586
embedding,1302,0,2,334082
input_layernorm,1302,0,2,1
q_proj,1302,0,2,1
k_proj,1302,0,2,1
v_proj,1302,0,2,1
rope,1302,0,2,1
attn,1302,0,2,1
o_proj,1302,0,2,1
post_layernorm,1302,0,2,1
gate_proj,1302,0,2,1059761
up_proj,1302,0,2,1
act_fn,1302,0,2,1
down_proj,1302,0,2,1
final_layernorm,1302,0,2,49929
lm_head,1302,0,2,2027586
embedding,1303,0,2,334082
input_layernorm,1303,0,2,1
q_proj,1303,0,2,1
k_proj,1303,0,2,1
v_proj,1303,0,2,1
rope,1303,0,2,1
attn,1303,0,2,1
o_proj,1303,0,2,1
post_layernorm,1303,0,2,1
gate_proj,1303,0,2,1059761
up_proj,1303,0,2,1
act_fn,1303,0,2,1
down_proj,1303,0,2,1
final_layernorm,1303,0,2,49929
lm_head,1303,0,2,2027586
embedding,1304,0,2,334082
input_layernorm,1304,0,2,1
q_proj,1304,0,2,1
k_proj,1304,0,2,1
v_proj,1304,0,2,1
rope,1304,0,2,1
attn,1304,0,2,1
o_proj,1304,0,2,1
post_layernorm,1304,0,2,1
gate_proj,1304,0,2,1059761
up_proj,1304,0,2,1
act_fn,1304,0,2,1
down_proj,1304,0,2,1
final_layernorm,1304,0,2,49929
lm_head,1304,0,2,2027586
embedding,1305,0,2,334082
input_layernorm,1305,0,2,1
q_proj,1305,0,2,1
k_proj,1305,0,2,1
v_proj,1305,0,2,1
rope,1305,0,2,1
attn,1305,0,2,1
o_proj,1305,0,2,1
post_layernorm,1305,0,2,1
gate_proj,1305,0,2,1059761
up_proj,1305,0,2,1
act_fn,1305,0,2,1
down_proj,1305,0,2,1
final_layernorm,1305,0,2,49929
lm_head,1305,0,2,2027586
embedding,1306,0,2,334082
input_layernorm,1306,0,2,1
q_proj,1306,0,2,1
k_proj,1306,0,2,1
v_proj,1306,0,2,1
rope,1306,0,2,1
attn,1306,0,2,1
o_proj,1306,0,2,1
post_layernorm,1306,0,2,1
gate_proj,1306,0,2,1059761
up_proj,1306,0,2,1
act_fn,1306,0,2,1
down_proj,1306,0,2,1
final_layernorm,1306,0,2,49929
lm_head,1306,0,2,2027586
embedding,1307,0,2,334082
input_layernorm,1307,0,2,1
q_proj,1307,0,2,1
k_proj,1307,0,2,1
v_proj,1307,0,2,1
rope,1307,0,2,1
attn,1307,0,2,1
o_proj,1307,0,2,1
post_layernorm,1307,0,2,1
gate_proj,1307,0,2,1059761
up_proj,1307,0,2,1
act_fn,1307,0,2,1
down_proj,1307,0,2,1
final_layernorm,1307,0,2,49929
lm_head,1307,0,2,2027586
embedding,1308,0,2,334082
input_layernorm,1308,0,2,1
q_proj,1308,0,2,1
k_proj,1308,0,2,1
v_proj,1308,0,2,1
rope,1308,0,2,1
attn,1308,0,2,1
o_proj,1308,0,2,1
post_layernorm,1308,0,2,1
gate_proj,1308,0,2,1059761
up_proj,1308,0,2,1
act_fn,1308,0,2,1
down_proj,1308,0,2,1
final_layernorm,1308,0,2,49929
lm_head,1308,0,2,2027586
embedding,1309,0,2,334082
input_layernorm,1309,0,2,1
q_proj,1309,0,2,1
k_proj,1309,0,2,1
v_proj,1309,0,2,1
rope,1309,0,2,1
attn,1309,0,2,1
o_proj,1309,0,2,1
post_layernorm,1309,0,2,1
gate_proj,1309,0,2,1059761
up_proj,1309,0,2,1
act_fn,1309,0,2,1
down_proj,1309,0,2,1
final_layernorm,1309,0,2,49929
lm_head,1309,0,2,2027586
embedding,1310,0,2,334082
input_layernorm,1310,0,2,1
q_proj,1310,0,2,1
k_proj,1310,0,2,1
v_proj,1310,0,2,1
rope,1310,0,2,1
attn,1310,0,2,1
o_proj,1310,0,2,1
post_layernorm,1310,0,2,1
gate_proj,1310,0,2,1059761
up_proj,1310,0,2,1
act_fn,1310,0,2,1
down_proj,1310,0,2,1
final_layernorm,1310,0,2,49929
lm_head,1310,0,2,2027586
embedding,1311,0,2,334082
input_layernorm,1311,0,2,1
q_proj,1311,0,2,1
k_proj,1311,0,2,1
v_proj,1311,0,2,1
rope,1311,0,2,1
attn,1311,0,2,1
o_proj,1311,0,2,1
post_layernorm,1311,0,2,1
gate_proj,1311,0,2,1059761
up_proj,1311,0,2,1
act_fn,1311,0,2,1
down_proj,1311,0,2,1
final_layernorm,1311,0,2,49929
lm_head,1311,0,2,2027586
embedding,1312,0,2,334082
input_layernorm,1312,0,2,1
q_proj,1312,0,2,1
k_proj,1312,0,2,1
v_proj,1312,0,2,1
rope,1312,0,2,1
attn,1312,0,2,1
o_proj,1312,0,2,1
post_layernorm,1312,0,2,1
gate_proj,1312,0,2,1059761
up_proj,1312,0,2,1
act_fn,1312,0,2,1
down_proj,1312,0,2,1
final_layernorm,1312,0,2,49929
lm_head,1312,0,2,2027586
embedding,1313,0,2,334082
input_layernorm,1313,0,2,1
q_proj,1313,0,2,1
k_proj,1313,0,2,1
v_proj,1313,0,2,1
rope,1313,0,2,1
attn,1313,0,2,1
o_proj,1313,0,2,1
post_layernorm,1313,0,2,1
gate_proj,1313,0,2,1059761
up_proj,1313,0,2,1
act_fn,1313,0,2,1
down_proj,1313,0,2,1
final_layernorm,1313,0,2,49929
lm_head,1313,0,2,2027586
embedding,1314,0,2,334082
input_layernorm,1314,0,2,1
q_proj,1314,0,2,1
k_proj,1314,0,2,1
v_proj,1314,0,2,1
rope,1314,0,2,1
attn,1314,0,2,1
o_proj,1314,0,2,1
post_layernorm,1314,0,2,1
gate_proj,1314,0,2,1059761
up_proj,1314,0,2,1
act_fn,1314,0,2,1
down_proj,1314,0,2,1
final_layernorm,1314,0,2,49929
lm_head,1314,0,2,2027586
embedding,1315,0,2,334082
input_layernorm,1315,0,2,1
q_proj,1315,0,2,1
k_proj,1315,0,2,1
v_proj,1315,0,2,1
rope,1315,0,2,1
attn,1315,0,2,1
o_proj,1315,0,2,1
post_layernorm,1315,0,2,1
gate_proj,1315,0,2,1059761
up_proj,1315,0,2,1
act_fn,1315,0,2,1
down_proj,1315,0,2,1
final_layernorm,1315,0,2,49929
lm_head,1315,0,2,2027586
embedding,1316,0,2,334082
input_layernorm,1316,0,2,1
q_proj,1316,0,2,1
k_proj,1316,0,2,1
v_proj,1316,0,2,1
rope,1316,0,2,1
attn,1316,0,2,1
o_proj,1316,0,2,1
post_layernorm,1316,0,2,1
gate_proj,1316,0,2,1059761
up_proj,1316,0,2,1
act_fn,1316,0,2,1
down_proj,1316,0,2,1
final_layernorm,1316,0,2,49929
lm_head,1316,0,2,2027586
embedding,1317,0,2,334082
input_layernorm,1317,0,2,1
q_proj,1317,0,2,1
k_proj,1317,0,2,1
v_proj,1317,0,2,1
rope,1317,0,2,1
attn,1317,0,2,1
o_proj,1317,0,2,1
post_layernorm,1317,0,2,1
gate_proj,1317,0,2,1059761
up_proj,1317,0,2,1
act_fn,1317,0,2,1
down_proj,1317,0,2,1
final_layernorm,1317,0,2,49929
lm_head,1317,0,2,2027586
embedding,1318,0,2,334082
input_layernorm,1318,0,2,1
q_proj,1318,0,2,1
k_proj,1318,0,2,1
v_proj,1318,0,2,1
rope,1318,0,2,1
attn,1318,0,2,1
o_proj,1318,0,2,1
post_layernorm,1318,0,2,1
gate_proj,1318,0,2,1059761
up_proj,1318,0,2,1
act_fn,1318,0,2,1
down_proj,1318,0,2,1
final_layernorm,1318,0,2,49929
lm_head,1318,0,2,2027586
embedding,1319,0,2,334082
input_layernorm,1319,0,2,1
q_proj,1319,0,2,1
k_proj,1319,0,2,1
v_proj,1319,0,2,1
rope,1319,0,2,1
attn,1319,0,2,1
o_proj,1319,0,2,1
post_layernorm,1319,0,2,1
gate_proj,1319,0,2,1059761
up_proj,1319,0,2,1
act_fn,1319,0,2,1
down_proj,1319,0,2,1
final_layernorm,1319,0,2,49929
lm_head,1319,0,2,2027586
embedding,1320,0,2,334082
input_layernorm,1320,0,2,1
q_proj,1320,0,2,1
k_proj,1320,0,2,1
v_proj,1320,0,2,1
rope,1320,0,2,1
attn,1320,0,2,1
o_proj,1320,0,2,1
post_layernorm,1320,0,2,1
gate_proj,1320,0,2,1059761
up_proj,1320,0,2,1
act_fn,1320,0,2,1
down_proj,1320,0,2,1
final_layernorm,1320,0,2,49929
lm_head,1320,0,2,2027586
embedding,1321,0,2,334082
input_layernorm,1321,0,2,1
q_proj,1321,0,2,1
k_proj,1321,0,2,1
v_proj,1321,0,2,1
rope,1321,0,2,1
attn,1321,0,2,1
o_proj,1321,0,2,1
post_layernorm,1321,0,2,1
gate_proj,1321,0,2,1059761
up_proj,1321,0,2,1
act_fn,1321,0,2,1
down_proj,1321,0,2,1
final_layernorm,1321,0,2,49929
lm_head,1321,0,2,2027586
embedding,1322,0,2,334082
input_layernorm,1322,0,2,1
q_proj,1322,0,2,1
k_proj,1322,0,2,1
v_proj,1322,0,2,1
rope,1322,0,2,1
attn,1322,0,2,1
o_proj,1322,0,2,1
post_layernorm,1322,0,2,1
gate_proj,1322,0,2,1059761
up_proj,1322,0,2,1
act_fn,1322,0,2,1
down_proj,1322,0,2,1
final_layernorm,1322,0,2,49929
lm_head,1322,0,2,2027586
embedding,1323,0,2,334082
input_layernorm,1323,0,2,1
q_proj,1323,0,2,1
k_proj,1323,0,2,1
v_proj,1323,0,2,1
rope,1323,0,2,1
attn,1323,0,2,1
o_proj,1323,0,2,1
post_layernorm,1323,0,2,1
gate_proj,1323,0,2,1059761
up_proj,1323,0,2,1
act_fn,1323,0,2,1
down_proj,1323,0,2,1
final_layernorm,1323,0,2,49929
lm_head,1323,0,2,2027586
embedding,1324,0,2,334082
input_layernorm,1324,0,2,1
q_proj,1324,0,2,1
k_proj,1324,0,2,1
v_proj,1324,0,2,1
rope,1324,0,2,1
attn,1324,0,2,1
o_proj,1324,0,2,1
post_layernorm,1324,0,2,1
gate_proj,1324,0,2,1059761
up_proj,1324,0,2,1
act_fn,1324,0,2,1
down_proj,1324,0,2,1
final_layernorm,1324,0,2,49929
lm_head,1324,0,2,2027586
embedding,1325,0,2,334082
input_layernorm,1325,0,2,1
q_proj,1325,0,2,1
k_proj,1325,0,2,1
v_proj,1325,0,2,1
rope,1325,0,2,1
attn,1325,0,2,1
o_proj,1325,0,2,1
post_layernorm,1325,0,2,1
gate_proj,1325,0,2,1059761
up_proj,1325,0,2,1
act_fn,1325,0,2,1
down_proj,1325,0,2,1
final_layernorm,1325,0,2,49929
lm_head,1325,0,2,2027586
embedding,1326,0,2,334082
input_layernorm,1326,0,2,1
q_proj,1326,0,2,1
k_proj,1326,0,2,1
v_proj,1326,0,2,1
rope,1326,0,2,1
attn,1326,0,2,1
o_proj,1326,0,2,1
post_layernorm,1326,0,2,1
gate_proj,1326,0,2,1059761
up_proj,1326,0,2,1
act_fn,1326,0,2,1
down_proj,1326,0,2,1
final_layernorm,1326,0,2,49929
lm_head,1326,0,2,2027586
embedding,1327,0,2,334082
input_layernorm,1327,0,2,1
q_proj,1327,0,2,1
k_proj,1327,0,2,1
v_proj,1327,0,2,1
rope,1327,0,2,1
attn,1327,0,2,1
o_proj,1327,0,2,1
post_layernorm,1327,0,2,1
gate_proj,1327,0,2,1059761
up_proj,1327,0,2,1
act_fn,1327,0,2,1
down_proj,1327,0,2,1
final_layernorm,1327,0,2,49929
lm_head,1327,0,2,2027586
embedding,1328,0,2,334082
input_layernorm,1328,0,2,1
q_proj,1328,0,2,1
k_proj,1328,0,2,1
v_proj,1328,0,2,1
rope,1328,0,2,1
attn,1328,0,2,1
o_proj,1328,0,2,1
post_layernorm,1328,0,2,1
gate_proj,1328,0,2,1059761
up_proj,1328,0,2,1
act_fn,1328,0,2,1
down_proj,1328,0,2,1
final_layernorm,1328,0,2,49929
lm_head,1328,0,2,2027586
embedding,1329,0,2,334082
input_layernorm,1329,0,2,1
q_proj,1329,0,2,1
k_proj,1329,0,2,1
v_proj,1329,0,2,1
rope,1329,0,2,1
attn,1329,0,2,1
o_proj,1329,0,2,1
post_layernorm,1329,0,2,1
gate_proj,1329,0,2,1059761
up_proj,1329,0,2,1
act_fn,1329,0,2,1
down_proj,1329,0,2,1
final_layernorm,1329,0,2,49929
lm_head,1329,0,2,2027586
embedding,1330,0,2,334082
input_layernorm,1330,0,2,1
q_proj,1330,0,2,1
k_proj,1330,0,2,1
v_proj,1330,0,2,1
rope,1330,0,2,1
attn,1330,0,2,1
o_proj,1330,0,2,1
post_layernorm,1330,0,2,1
gate_proj,1330,0,2,1059761
up_proj,1330,0,2,1
act_fn,1330,0,2,1
down_proj,1330,0,2,1
final_layernorm,1330,0,2,49929
lm_head,1330,0,2,2027586
embedding,1331,0,2,334082
input_layernorm,1331,0,2,1
q_proj,1331,0,2,1
k_proj,1331,0,2,1
v_proj,1331,0,2,1
rope,1331,0,2,1
attn,1331,0,2,1
o_proj,1331,0,2,1
post_layernorm,1331,0,2,1
gate_proj,1331,0,2,1059761
up_proj,1331,0,2,1
act_fn,1331,0,2,1
down_proj,1331,0,2,1
final_layernorm,1331,0,2,49929
lm_head,1331,0,2,2027586
embedding,1332,0,2,334082
input_layernorm,1332,0,2,1
q_proj,1332,0,2,1
k_proj,1332,0,2,1
v_proj,1332,0,2,1
rope,1332,0,2,1
attn,1332,0,2,1
o_proj,1332,0,2,1
post_layernorm,1332,0,2,1
gate_proj,1332,0,2,1059761
up_proj,1332,0,2,1
act_fn,1332,0,2,1
down_proj,1332,0,2,1
final_layernorm,1332,0,2,49929
lm_head,1332,0,2,2027586
embedding,1333,0,2,334082
input_layernorm,1333,0,2,1
q_proj,1333,0,2,1
k_proj,1333,0,2,1
v_proj,1333,0,2,1
rope,1333,0,2,1
attn,1333,0,2,1
o_proj,1333,0,2,1
post_layernorm,1333,0,2,1
gate_proj,1333,0,2,1059761
up_proj,1333,0,2,1
act_fn,1333,0,2,1
down_proj,1333,0,2,1
final_layernorm,1333,0,2,49929
lm_head,1333,0,2,2027586
embedding,1334,0,2,334082
input_layernorm,1334,0,2,1
q_proj,1334,0,2,1
k_proj,1334,0,2,1
v_proj,1334,0,2,1
rope,1334,0,2,1
attn,1334,0,2,1
o_proj,1334,0,2,1
post_layernorm,1334,0,2,1
gate_proj,1334,0,2,1059761
up_proj,1334,0,2,1
act_fn,1334,0,2,1
down_proj,1334,0,2,1
final_layernorm,1334,0,2,49929
lm_head,1334,0,2,2027586
embedding,1335,0,2,334082
input_layernorm,1335,0,2,1
q_proj,1335,0,2,1
k_proj,1335,0,2,1
v_proj,1335,0,2,1
rope,1335,0,2,1
attn,1335,0,2,1
o_proj,1335,0,2,1
post_layernorm,1335,0,2,1
gate_proj,1335,0,2,1059761
up_proj,1335,0,2,1
act_fn,1335,0,2,1
down_proj,1335,0,2,1
final_layernorm,1335,0,2,49929
lm_head,1335,0,2,2027586
embedding,1336,0,2,334082
input_layernorm,1336,0,2,1
q_proj,1336,0,2,1
k_proj,1336,0,2,1
v_proj,1336,0,2,1
rope,1336,0,2,1
attn,1336,0,2,1
o_proj,1336,0,2,1
post_layernorm,1336,0,2,1
gate_proj,1336,0,2,1059761
up_proj,1336,0,2,1
act_fn,1336,0,2,1
down_proj,1336,0,2,1
final_layernorm,1336,0,2,49929
lm_head,1336,0,2,2027586
embedding,1337,0,2,334082
input_layernorm,1337,0,2,1
q_proj,1337,0,2,1
k_proj,1337,0,2,1
v_proj,1337,0,2,1
rope,1337,0,2,1
attn,1337,0,2,1
o_proj,1337,0,2,1
post_layernorm,1337,0,2,1
gate_proj,1337,0,2,1059761
up_proj,1337,0,2,1
act_fn,1337,0,2,1
down_proj,1337,0,2,1
final_layernorm,1337,0,2,49929
lm_head,1337,0,2,2027586
embedding,1338,0,2,334082
input_layernorm,1338,0,2,1
q_proj,1338,0,2,1
k_proj,1338,0,2,1
v_proj,1338,0,2,1
rope,1338,0,2,1
attn,1338,0,2,1
o_proj,1338,0,2,1
post_layernorm,1338,0,2,1
gate_proj,1338,0,2,1059761
up_proj,1338,0,2,1
act_fn,1338,0,2,1
down_proj,1338,0,2,1
final_layernorm,1338,0,2,49929
lm_head,1338,0,2,2027586
embedding,1339,0,2,334082
input_layernorm,1339,0,2,1
q_proj,1339,0,2,1
k_proj,1339,0,2,1
v_proj,1339,0,2,1
rope,1339,0,2,1
attn,1339,0,2,1
o_proj,1339,0,2,1
post_layernorm,1339,0,2,1
gate_proj,1339,0,2,1059761
up_proj,1339,0,2,1
act_fn,1339,0,2,1
down_proj,1339,0,2,1
final_layernorm,1339,0,2,49929
lm_head,1339,0,2,2027586
embedding,1340,0,2,334082
input_layernorm,1340,0,2,1
q_proj,1340,0,2,1
k_proj,1340,0,2,1
v_proj,1340,0,2,1
rope,1340,0,2,1
attn,1340,0,2,1
o_proj,1340,0,2,1
post_layernorm,1340,0,2,1
gate_proj,1340,0,2,1059761
up_proj,1340,0,2,1
act_fn,1340,0,2,1
down_proj,1340,0,2,1
final_layernorm,1340,0,2,49929
lm_head,1340,0,2,2027586
embedding,1341,0,2,334082
input_layernorm,1341,0,2,1
q_proj,1341,0,2,1
k_proj,1341,0,2,1
v_proj,1341,0,2,1
rope,1341,0,2,1
attn,1341,0,2,1
o_proj,1341,0,2,1
post_layernorm,1341,0,2,1
gate_proj,1341,0,2,1059761
up_proj,1341,0,2,1
act_fn,1341,0,2,1
down_proj,1341,0,2,1
final_layernorm,1341,0,2,49929
lm_head,1341,0,2,2027586
embedding,1342,0,2,334082
input_layernorm,1342,0,2,1
q_proj,1342,0,2,1
k_proj,1342,0,2,1
v_proj,1342,0,2,1
rope,1342,0,2,1
attn,1342,0,2,1
o_proj,1342,0,2,1
post_layernorm,1342,0,2,1
gate_proj,1342,0,2,1059761
up_proj,1342,0,2,1
act_fn,1342,0,2,1
down_proj,1342,0,2,1
final_layernorm,1342,0,2,49929
lm_head,1342,0,2,2027586
embedding,1343,0,2,334082
input_layernorm,1343,0,2,1
q_proj,1343,0,2,1
k_proj,1343,0,2,1
v_proj,1343,0,2,1
rope,1343,0,2,1
attn,1343,0,2,1
o_proj,1343,0,2,1
post_layernorm,1343,0,2,1
gate_proj,1343,0,2,1059761
up_proj,1343,0,2,1
act_fn,1343,0,2,1
down_proj,1343,0,2,1
final_layernorm,1343,0,2,49929
lm_head,1343,0,2,2027586
embedding,1344,0,2,334082
input_layernorm,1344,0,2,1
q_proj,1344,0,2,1
k_proj,1344,0,2,1
v_proj,1344,0,2,1
rope,1344,0,2,1
attn,1344,0,2,1
o_proj,1344,0,2,1
post_layernorm,1344,0,2,1
gate_proj,1344,0,2,1059761
up_proj,1344,0,2,1
act_fn,1344,0,2,1
down_proj,1344,0,2,1
final_layernorm,1344,0,2,49929
lm_head,1344,0,2,2027586
embedding,1345,0,2,334082
input_layernorm,1345,0,2,1
q_proj,1345,0,2,1
k_proj,1345,0,2,1
v_proj,1345,0,2,1
rope,1345,0,2,1
attn,1345,0,2,1
o_proj,1345,0,2,1
post_layernorm,1345,0,2,1
gate_proj,1345,0,2,1059761
up_proj,1345,0,2,1
act_fn,1345,0,2,1
down_proj,1345,0,2,1
final_layernorm,1345,0,2,49929
lm_head,1345,0,2,2027586
embedding,1346,0,2,334082
input_layernorm,1346,0,2,1
q_proj,1346,0,2,1
k_proj,1346,0,2,1
v_proj,1346,0,2,1
rope,1346,0,2,1
attn,1346,0,2,1
o_proj,1346,0,2,1
post_layernorm,1346,0,2,1
gate_proj,1346,0,2,1059761
up_proj,1346,0,2,1
act_fn,1346,0,2,1
down_proj,1346,0,2,1
final_layernorm,1346,0,2,49929
lm_head,1346,0,2,2027586
embedding,1347,0,2,334082
input_layernorm,1347,0,2,1
q_proj,1347,0,2,1
k_proj,1347,0,2,1
v_proj,1347,0,2,1
rope,1347,0,2,1
attn,1347,0,2,1
o_proj,1347,0,2,1
post_layernorm,1347,0,2,1
gate_proj,1347,0,2,1059761
up_proj,1347,0,2,1
act_fn,1347,0,2,1
down_proj,1347,0,2,1
final_layernorm,1347,0,2,49929
lm_head,1347,0,2,2027586
embedding,1348,0,2,334082
input_layernorm,1348,0,2,1
q_proj,1348,0,2,1
k_proj,1348,0,2,1
v_proj,1348,0,2,1
rope,1348,0,2,1
attn,1348,0,2,1
o_proj,1348,0,2,1
post_layernorm,1348,0,2,1
gate_proj,1348,0,2,1059761
up_proj,1348,0,2,1
act_fn,1348,0,2,1
down_proj,1348,0,2,1
final_layernorm,1348,0,2,49929
lm_head,1348,0,2,2027586
embedding,1349,0,2,334082
input_layernorm,1349,0,2,1
q_proj,1349,0,2,1
k_proj,1349,0,2,1
v_proj,1349,0,2,1
rope,1349,0,2,1
attn,1349,0,2,1
o_proj,1349,0,2,1
post_layernorm,1349,0,2,1
gate_proj,1349,0,2,1059761
up_proj,1349,0,2,1
act_fn,1349,0,2,1
down_proj,1349,0,2,1
final_layernorm,1349,0,2,49929
lm_head,1349,0,2,2027586
embedding,1350,0,2,334082
input_layernorm,1350,0,2,1
q_proj,1350,0,2,1
k_proj,1350,0,2,1
v_proj,1350,0,2,1
rope,1350,0,2,1
attn,1350,0,2,1
o_proj,1350,0,2,1
post_layernorm,1350,0,2,1
gate_proj,1350,0,2,1059761
up_proj,1350,0,2,1
act_fn,1350,0,2,1
down_proj,1350,0,2,1
final_layernorm,1350,0,2,49929
lm_head,1350,0,2,2027586
embedding,1351,0,2,334082
input_layernorm,1351,0,2,1
q_proj,1351,0,2,1
k_proj,1351,0,2,1
v_proj,1351,0,2,1
rope,1351,0,2,1
attn,1351,0,2,1
o_proj,1351,0,2,1
post_layernorm,1351,0,2,1
gate_proj,1351,0,2,1059761
up_proj,1351,0,2,1
act_fn,1351,0,2,1
down_proj,1351,0,2,1
final_layernorm,1351,0,2,49929
lm_head,1351,0,2,2027586
embedding,1352,0,2,334082
input_layernorm,1352,0,2,1
q_proj,1352,0,2,1
k_proj,1352,0,2,1
v_proj,1352,0,2,1
rope,1352,0,2,1
attn,1352,0,2,1
o_proj,1352,0,2,1
post_layernorm,1352,0,2,1
gate_proj,1352,0,2,1059761
up_proj,1352,0,2,1
act_fn,1352,0,2,1
down_proj,1352,0,2,1
final_layernorm,1352,0,2,49929
lm_head,1352,0,2,2027586
embedding,1353,0,2,334082
input_layernorm,1353,0,2,1
q_proj,1353,0,2,1
k_proj,1353,0,2,1
v_proj,1353,0,2,1
rope,1353,0,2,1
attn,1353,0,2,1
o_proj,1353,0,2,1
post_layernorm,1353,0,2,1
gate_proj,1353,0,2,1059761
up_proj,1353,0,2,1
act_fn,1353,0,2,1
down_proj,1353,0,2,1
final_layernorm,1353,0,2,49929
lm_head,1353,0,2,2027586
embedding,1354,0,2,334082
input_layernorm,1354,0,2,1
q_proj,1354,0,2,1
k_proj,1354,0,2,1
v_proj,1354,0,2,1
rope,1354,0,2,1
attn,1354,0,2,1
o_proj,1354,0,2,1
post_layernorm,1354,0,2,1
gate_proj,1354,0,2,1059761
up_proj,1354,0,2,1
act_fn,1354,0,2,1
down_proj,1354,0,2,1
final_layernorm,1354,0,2,49929
lm_head,1354,0,2,2027586
embedding,1355,0,2,334082
input_layernorm,1355,0,2,1
q_proj,1355,0,2,1
k_proj,1355,0,2,1
v_proj,1355,0,2,1
rope,1355,0,2,1
attn,1355,0,2,1
o_proj,1355,0,2,1
post_layernorm,1355,0,2,1
gate_proj,1355,0,2,1059761
up_proj,1355,0,2,1
act_fn,1355,0,2,1
down_proj,1355,0,2,1
final_layernorm,1355,0,2,49929
lm_head,1355,0,2,2027586
embedding,1356,0,2,334082
input_layernorm,1356,0,2,1
q_proj,1356,0,2,1
k_proj,1356,0,2,1
v_proj,1356,0,2,1
rope,1356,0,2,1
attn,1356,0,2,1
o_proj,1356,0,2,1
post_layernorm,1356,0,2,1
gate_proj,1356,0,2,1059761
up_proj,1356,0,2,1
act_fn,1356,0,2,1
down_proj,1356,0,2,1
final_layernorm,1356,0,2,49929
lm_head,1356,0,2,2027586
embedding,1357,0,2,334082
input_layernorm,1357,0,2,1
q_proj,1357,0,2,1
k_proj,1357,0,2,1
v_proj,1357,0,2,1
rope,1357,0,2,1
attn,1357,0,2,1
o_proj,1357,0,2,1
post_layernorm,1357,0,2,1
gate_proj,1357,0,2,1059761
up_proj,1357,0,2,1
act_fn,1357,0,2,1
down_proj,1357,0,2,1
final_layernorm,1357,0,2,49929
lm_head,1357,0,2,2027586
embedding,1358,0,2,334082
input_layernorm,1358,0,2,1
q_proj,1358,0,2,1
k_proj,1358,0,2,1
v_proj,1358,0,2,1
rope,1358,0,2,1
attn,1358,0,2,1
o_proj,1358,0,2,1
post_layernorm,1358,0,2,1
gate_proj,1358,0,2,1059761
up_proj,1358,0,2,1
act_fn,1358,0,2,1
down_proj,1358,0,2,1
final_layernorm,1358,0,2,49929
lm_head,1358,0,2,2027586
embedding,1359,0,2,334082
input_layernorm,1359,0,2,1
q_proj,1359,0,2,1
k_proj,1359,0,2,1
v_proj,1359,0,2,1
rope,1359,0,2,1
attn,1359,0,2,1
o_proj,1359,0,2,1
post_layernorm,1359,0,2,1
gate_proj,1359,0,2,1059761
up_proj,1359,0,2,1
act_fn,1359,0,2,1
down_proj,1359,0,2,1
final_layernorm,1359,0,2,49929
lm_head,1359,0,2,2027586
embedding,1360,0,2,334082
input_layernorm,1360,0,2,1
q_proj,1360,0,2,1
k_proj,1360,0,2,1
v_proj,1360,0,2,1
rope,1360,0,2,1
attn,1360,0,2,1
o_proj,1360,0,2,1
post_layernorm,1360,0,2,1
gate_proj,1360,0,2,1059761
up_proj,1360,0,2,1
act_fn,1360,0,2,1
down_proj,1360,0,2,1
final_layernorm,1360,0,2,49929
lm_head,1360,0,2,2027586
embedding,1361,0,2,334082
input_layernorm,1361,0,2,1
q_proj,1361,0,2,1
k_proj,1361,0,2,1
v_proj,1361,0,2,1
rope,1361,0,2,1
attn,1361,0,2,1
o_proj,1361,0,2,1
post_layernorm,1361,0,2,1
gate_proj,1361,0,2,1059761
up_proj,1361,0,2,1
act_fn,1361,0,2,1
down_proj,1361,0,2,1
final_layernorm,1361,0,2,49929
lm_head,1361,0,2,2027586
embedding,1362,0,2,334082
input_layernorm,1362,0,2,1
q_proj,1362,0,2,1
k_proj,1362,0,2,1
v_proj,1362,0,2,1
rope,1362,0,2,1
attn,1362,0,2,1
o_proj,1362,0,2,1
post_layernorm,1362,0,2,1
gate_proj,1362,0,2,1059761
up_proj,1362,0,2,1
act_fn,1362,0,2,1
down_proj,1362,0,2,1
final_layernorm,1362,0,2,49929
lm_head,1362,0,2,2027586
embedding,1363,0,2,334082
input_layernorm,1363,0,2,1
q_proj,1363,0,2,1
k_proj,1363,0,2,1
v_proj,1363,0,2,1
rope,1363,0,2,1
attn,1363,0,2,1
o_proj,1363,0,2,1
post_layernorm,1363,0,2,1
gate_proj,1363,0,2,1059761
up_proj,1363,0,2,1
act_fn,1363,0,2,1
down_proj,1363,0,2,1
final_layernorm,1363,0,2,49929
lm_head,1363,0,2,2027586
embedding,1364,0,2,334082
input_layernorm,1364,0,2,1
q_proj,1364,0,2,1
k_proj,1364,0,2,1
v_proj,1364,0,2,1
rope,1364,0,2,1
attn,1364,0,2,1
o_proj,1364,0,2,1
post_layernorm,1364,0,2,1
gate_proj,1364,0,2,1059761
up_proj,1364,0,2,1
act_fn,1364,0,2,1
down_proj,1364,0,2,1
final_layernorm,1364,0,2,49929
lm_head,1364,0,2,2027586
embedding,1365,0,2,334082
input_layernorm,1365,0,2,1
q_proj,1365,0,2,1
k_proj,1365,0,2,1
v_proj,1365,0,2,1
rope,1365,0,2,1
attn,1365,0,2,1
o_proj,1365,0,2,1
post_layernorm,1365,0,2,1
gate_proj,1365,0,2,1059761
up_proj,1365,0,2,1
act_fn,1365,0,2,1
down_proj,1365,0,2,1
final_layernorm,1365,0,2,49929
lm_head,1365,0,2,2027586
embedding,1366,0,2,334082
input_layernorm,1366,0,2,1
q_proj,1366,0,2,1
k_proj,1366,0,2,1
v_proj,1366,0,2,1
rope,1366,0,2,1
attn,1366,0,2,1
o_proj,1366,0,2,1
post_layernorm,1366,0,2,1
gate_proj,1366,0,2,1059761
up_proj,1366,0,2,1
act_fn,1366,0,2,1
down_proj,1366,0,2,1
final_layernorm,1366,0,2,49929
lm_head,1366,0,2,2027586
embedding,1367,0,2,334082
input_layernorm,1367,0,2,1
q_proj,1367,0,2,1
k_proj,1367,0,2,1
v_proj,1367,0,2,1
rope,1367,0,2,1
attn,1367,0,2,1
o_proj,1367,0,2,1
post_layernorm,1367,0,2,1
gate_proj,1367,0,2,1059761
up_proj,1367,0,2,1
act_fn,1367,0,2,1
down_proj,1367,0,2,1
final_layernorm,1367,0,2,49929
lm_head,1367,0,2,2027586
embedding,1368,0,2,334082
input_layernorm,1368,0,2,1
q_proj,1368,0,2,1
k_proj,1368,0,2,1
v_proj,1368,0,2,1
rope,1368,0,2,1
attn,1368,0,2,1
o_proj,1368,0,2,1
post_layernorm,1368,0,2,1
gate_proj,1368,0,2,1059761
up_proj,1368,0,2,1
act_fn,1368,0,2,1
down_proj,1368,0,2,1
final_layernorm,1368,0,2,49929
lm_head,1368,0,2,2027586
embedding,1369,0,2,334082
input_layernorm,1369,0,2,1
q_proj,1369,0,2,1
k_proj,1369,0,2,1
v_proj,1369,0,2,1
rope,1369,0,2,1
attn,1369,0,2,1
o_proj,1369,0,2,1
post_layernorm,1369,0,2,1
gate_proj,1369,0,2,1059761
up_proj,1369,0,2,1
act_fn,1369,0,2,1
down_proj,1369,0,2,1
final_layernorm,1369,0,2,49929
lm_head,1369,0,2,2027586
embedding,1370,0,2,334082
input_layernorm,1370,0,2,1
q_proj,1370,0,2,1
k_proj,1370,0,2,1
v_proj,1370,0,2,1
rope,1370,0,2,1
attn,1370,0,2,1
o_proj,1370,0,2,1
post_layernorm,1370,0,2,1
gate_proj,1370,0,2,1059761
up_proj,1370,0,2,1
act_fn,1370,0,2,1
down_proj,1370,0,2,1
final_layernorm,1370,0,2,49929
lm_head,1370,0,2,2027586
embedding,1371,0,2,334082
input_layernorm,1371,0,2,1
q_proj,1371,0,2,1
k_proj,1371,0,2,1
v_proj,1371,0,2,1
rope,1371,0,2,1
attn,1371,0,2,1
o_proj,1371,0,2,1
post_layernorm,1371,0,2,1
gate_proj,1371,0,2,1059761
up_proj,1371,0,2,1
act_fn,1371,0,2,1
down_proj,1371,0,2,1
final_layernorm,1371,0,2,49929
lm_head,1371,0,2,2027586
embedding,1372,0,2,334082
input_layernorm,1372,0,2,1
q_proj,1372,0,2,1
k_proj,1372,0,2,1
v_proj,1372,0,2,1
rope,1372,0,2,1
attn,1372,0,2,1
o_proj,1372,0,2,1
post_layernorm,1372,0,2,1
gate_proj,1372,0,2,1059761
up_proj,1372,0,2,1
act_fn,1372,0,2,1
down_proj,1372,0,2,1
final_layernorm,1372,0,2,49929
lm_head,1372,0,2,2027586
embedding,1373,0,2,334082
input_layernorm,1373,0,2,1
q_proj,1373,0,2,1
k_proj,1373,0,2,1
v_proj,1373,0,2,1
rope,1373,0,2,1
attn,1373,0,2,1
o_proj,1373,0,2,1
post_layernorm,1373,0,2,1
gate_proj,1373,0,2,1059761
up_proj,1373,0,2,1
act_fn,1373,0,2,1
down_proj,1373,0,2,1
final_layernorm,1373,0,2,49929
lm_head,1373,0,2,2027586
embedding,1374,0,2,334082
input_layernorm,1374,0,2,1
q_proj,1374,0,2,1
k_proj,1374,0,2,1
v_proj,1374,0,2,1
rope,1374,0,2,1
attn,1374,0,2,1
o_proj,1374,0,2,1
post_layernorm,1374,0,2,1
gate_proj,1374,0,2,1059761
up_proj,1374,0,2,1
act_fn,1374,0,2,1
down_proj,1374,0,2,1
final_layernorm,1374,0,2,49929
lm_head,1374,0,2,2027586
embedding,1375,0,2,334082
input_layernorm,1375,0,2,1
q_proj,1375,0,2,1
k_proj,1375,0,2,1
v_proj,1375,0,2,1
rope,1375,0,2,1
attn,1375,0,2,1
o_proj,1375,0,2,1
post_layernorm,1375,0,2,1
gate_proj,1375,0,2,1059761
up_proj,1375,0,2,1
act_fn,1375,0,2,1
down_proj,1375,0,2,1
final_layernorm,1375,0,2,49929
lm_head,1375,0,2,2027586
embedding,1376,0,2,334082
input_layernorm,1376,0,2,1
q_proj,1376,0,2,1
k_proj,1376,0,2,1
v_proj,1376,0,2,1
rope,1376,0,2,1
attn,1376,0,2,1
o_proj,1376,0,2,1
post_layernorm,1376,0,2,1
gate_proj,1376,0,2,1059761
up_proj,1376,0,2,1
act_fn,1376,0,2,1
down_proj,1376,0,2,1
final_layernorm,1376,0,2,49929
lm_head,1376,0,2,2027586
embedding,1377,0,2,334082
input_layernorm,1377,0,2,1
q_proj,1377,0,2,1
k_proj,1377,0,2,1
v_proj,1377,0,2,1
rope,1377,0,2,1
attn,1377,0,2,1
o_proj,1377,0,2,1
post_layernorm,1377,0,2,1
gate_proj,1377,0,2,1059761
up_proj,1377,0,2,1
act_fn,1377,0,2,1
down_proj,1377,0,2,1
final_layernorm,1377,0,2,49929
lm_head,1377,0,2,2027586
embedding,1378,0,2,334082
input_layernorm,1378,0,2,1
q_proj,1378,0,2,1
k_proj,1378,0,2,1
v_proj,1378,0,2,1
rope,1378,0,2,1
attn,1378,0,2,1
o_proj,1378,0,2,1
post_layernorm,1378,0,2,1
gate_proj,1378,0,2,1059761
up_proj,1378,0,2,1
act_fn,1378,0,2,1
down_proj,1378,0,2,1
final_layernorm,1378,0,2,49929
lm_head,1378,0,2,2027586
embedding,1379,0,2,334082
input_layernorm,1379,0,2,1
q_proj,1379,0,2,1
k_proj,1379,0,2,1
v_proj,1379,0,2,1
rope,1379,0,2,1
attn,1379,0,2,1
o_proj,1379,0,2,1
post_layernorm,1379,0,2,1
gate_proj,1379,0,2,1059761
up_proj,1379,0,2,1
act_fn,1379,0,2,1
down_proj,1379,0,2,1
final_layernorm,1379,0,2,49929
lm_head,1379,0,2,2027586
embedding,1380,0,2,334082
input_layernorm,1380,0,2,1
q_proj,1380,0,2,1
k_proj,1380,0,2,1
v_proj,1380,0,2,1
rope,1380,0,2,1
attn,1380,0,2,1
o_proj,1380,0,2,1
post_layernorm,1380,0,2,1
gate_proj,1380,0,2,1059761
up_proj,1380,0,2,1
act_fn,1380,0,2,1
down_proj,1380,0,2,1
final_layernorm,1380,0,2,49929
lm_head,1380,0,2,2027586
embedding,1381,0,2,334082
input_layernorm,1381,0,2,1
q_proj,1381,0,2,1
k_proj,1381,0,2,1
v_proj,1381,0,2,1
rope,1381,0,2,1
attn,1381,0,2,1
o_proj,1381,0,2,1
post_layernorm,1381,0,2,1
gate_proj,1381,0,2,1059761
up_proj,1381,0,2,1
act_fn,1381,0,2,1
down_proj,1381,0,2,1
final_layernorm,1381,0,2,49929
lm_head,1381,0,2,2027586
embedding,1382,0,2,334082
input_layernorm,1382,0,2,1
q_proj,1382,0,2,1
k_proj,1382,0,2,1
v_proj,1382,0,2,1
rope,1382,0,2,1
attn,1382,0,2,1
o_proj,1382,0,2,1
post_layernorm,1382,0,2,1
gate_proj,1382,0,2,1059761
up_proj,1382,0,2,1
act_fn,1382,0,2,1
down_proj,1382,0,2,1
final_layernorm,1382,0,2,49929
lm_head,1382,0,2,2027586
embedding,1383,0,2,334082
input_layernorm,1383,0,2,1
q_proj,1383,0,2,1
k_proj,1383,0,2,1
v_proj,1383,0,2,1
rope,1383,0,2,1
attn,1383,0,2,1
o_proj,1383,0,2,1
post_layernorm,1383,0,2,1
gate_proj,1383,0,2,1059761
up_proj,1383,0,2,1
act_fn,1383,0,2,1
down_proj,1383,0,2,1
final_layernorm,1383,0,2,49929
lm_head,1383,0,2,2027586
embedding,1384,0,2,334082
input_layernorm,1384,0,2,1
q_proj,1384,0,2,1
k_proj,1384,0,2,1
v_proj,1384,0,2,1
rope,1384,0,2,1
attn,1384,0,2,1
o_proj,1384,0,2,1
post_layernorm,1384,0,2,1
gate_proj,1384,0,2,1059761
up_proj,1384,0,2,1
act_fn,1384,0,2,1
down_proj,1384,0,2,1
final_layernorm,1384,0,2,49929
lm_head,1384,0,2,2027586
embedding,1385,0,2,334082
input_layernorm,1385,0,2,1
q_proj,1385,0,2,1
k_proj,1385,0,2,1
v_proj,1385,0,2,1
rope,1385,0,2,1
attn,1385,0,2,1
o_proj,1385,0,2,1
post_layernorm,1385,0,2,1
gate_proj,1385,0,2,1059761
up_proj,1385,0,2,1
act_fn,1385,0,2,1
down_proj,1385,0,2,1
final_layernorm,1385,0,2,49929
lm_head,1385,0,2,2027586
embedding,1386,0,2,334082
input_layernorm,1386,0,2,1
q_proj,1386,0,2,1
k_proj,1386,0,2,1
v_proj,1386,0,2,1
rope,1386,0,2,1
attn,1386,0,2,1
o_proj,1386,0,2,1
post_layernorm,1386,0,2,1
gate_proj,1386,0,2,1059761
up_proj,1386,0,2,1
act_fn,1386,0,2,1
down_proj,1386,0,2,1
final_layernorm,1386,0,2,49929
lm_head,1386,0,2,2027586
embedding,1387,0,2,334082
input_layernorm,1387,0,2,1
q_proj,1387,0,2,1
k_proj,1387,0,2,1
v_proj,1387,0,2,1
rope,1387,0,2,1
attn,1387,0,2,1
o_proj,1387,0,2,1
post_layernorm,1387,0,2,1
gate_proj,1387,0,2,1059761
up_proj,1387,0,2,1
act_fn,1387,0,2,1
down_proj,1387,0,2,1
final_layernorm,1387,0,2,49929
lm_head,1387,0,2,2027586
embedding,1388,0,2,334082
input_layernorm,1388,0,2,1
q_proj,1388,0,2,1
k_proj,1388,0,2,1
v_proj,1388,0,2,1
rope,1388,0,2,1
attn,1388,0,2,1
o_proj,1388,0,2,1
post_layernorm,1388,0,2,1
gate_proj,1388,0,2,1059761
up_proj,1388,0,2,1
act_fn,1388,0,2,1
down_proj,1388,0,2,1
final_layernorm,1388,0,2,49929
lm_head,1388,0,2,2027586
embedding,1389,0,2,334082
input_layernorm,1389,0,2,1
q_proj,1389,0,2,1
k_proj,1389,0,2,1
v_proj,1389,0,2,1
rope,1389,0,2,1
attn,1389,0,2,1
o_proj,1389,0,2,1
post_layernorm,1389,0,2,1
gate_proj,1389,0,2,1059761
up_proj,1389,0,2,1
act_fn,1389,0,2,1
down_proj,1389,0,2,1
final_layernorm,1389,0,2,49929
lm_head,1389,0,2,2027586
embedding,1390,0,2,334082
input_layernorm,1390,0,2,1
q_proj,1390,0,2,1
k_proj,1390,0,2,1
v_proj,1390,0,2,1
rope,1390,0,2,1
attn,1390,0,2,1
o_proj,1390,0,2,1
post_layernorm,1390,0,2,1
gate_proj,1390,0,2,1059761
up_proj,1390,0,2,1
act_fn,1390,0,2,1
down_proj,1390,0,2,1
final_layernorm,1390,0,2,49929
lm_head,1390,0,2,2027586
embedding,1391,0,2,334082
input_layernorm,1391,0,2,1
q_proj,1391,0,2,1
k_proj,1391,0,2,1
v_proj,1391,0,2,1
rope,1391,0,2,1
attn,1391,0,2,1
o_proj,1391,0,2,1
post_layernorm,1391,0,2,1
gate_proj,1391,0,2,1059761
up_proj,1391,0,2,1
act_fn,1391,0,2,1
down_proj,1391,0,2,1
final_layernorm,1391,0,2,49929
lm_head,1391,0,2,2027586
embedding,1392,0,2,334082
input_layernorm,1392,0,2,1
q_proj,1392,0,2,1
k_proj,1392,0,2,1
v_proj,1392,0,2,1
rope,1392,0,2,1
attn,1392,0,2,1
o_proj,1392,0,2,1
post_layernorm,1392,0,2,1
gate_proj,1392,0,2,1059761
up_proj,1392,0,2,1
act_fn,1392,0,2,1
down_proj,1392,0,2,1
final_layernorm,1392,0,2,49929
lm_head,1392,0,2,2027586
embedding,1393,0,2,334082
input_layernorm,1393,0,2,1
q_proj,1393,0,2,1
k_proj,1393,0,2,1
v_proj,1393,0,2,1
rope,1393,0,2,1
attn,1393,0,2,1
o_proj,1393,0,2,1
post_layernorm,1393,0,2,1
gate_proj,1393,0,2,1059761
up_proj,1393,0,2,1
act_fn,1393,0,2,1
down_proj,1393,0,2,1
final_layernorm,1393,0,2,49929
lm_head,1393,0,2,2027586
embedding,1394,0,2,334082
input_layernorm,1394,0,2,1
q_proj,1394,0,2,1
k_proj,1394,0,2,1
v_proj,1394,0,2,1
rope,1394,0,2,1
attn,1394,0,2,1
o_proj,1394,0,2,1
post_layernorm,1394,0,2,1
gate_proj,1394,0,2,1059761
up_proj,1394,0,2,1
act_fn,1394,0,2,1
down_proj,1394,0,2,1
final_layernorm,1394,0,2,49929
lm_head,1394,0,2,2027586
embedding,1395,0,2,334082
input_layernorm,1395,0,2,1
q_proj,1395,0,2,1
k_proj,1395,0,2,1
v_proj,1395,0,2,1
rope,1395,0,2,1
attn,1395,0,2,1
o_proj,1395,0,2,1
post_layernorm,1395,0,2,1
gate_proj,1395,0,2,1059761
up_proj,1395,0,2,1
act_fn,1395,0,2,1
down_proj,1395,0,2,1
final_layernorm,1395,0,2,49929
lm_head,1395,0,2,2027586
embedding,1396,0,2,334082
input_layernorm,1396,0,2,1
q_proj,1396,0,2,1
k_proj,1396,0,2,1
v_proj,1396,0,2,1
rope,1396,0,2,1
attn,1396,0,2,1
o_proj,1396,0,2,1
post_layernorm,1396,0,2,1
gate_proj,1396,0,2,1059761
up_proj,1396,0,2,1
act_fn,1396,0,2,1
down_proj,1396,0,2,1
final_layernorm,1396,0,2,49929
lm_head,1396,0,2,2027586
embedding,1397,0,2,334082
input_layernorm,1397,0,2,1
q_proj,1397,0,2,1
k_proj,1397,0,2,1
v_proj,1397,0,2,1
rope,1397,0,2,1
attn,1397,0,2,1
o_proj,1397,0,2,1
post_layernorm,1397,0,2,1
gate_proj,1397,0,2,1059761
up_proj,1397,0,2,1
act_fn,1397,0,2,1
down_proj,1397,0,2,1
final_layernorm,1397,0,2,49929
lm_head,1397,0,2,2027586
embedding,1398,0,2,334082
input_layernorm,1398,0,2,1
q_proj,1398,0,2,1
k_proj,1398,0,2,1
v_proj,1398,0,2,1
rope,1398,0,2,1
attn,1398,0,2,1
o_proj,1398,0,2,1
post_layernorm,1398,0,2,1
gate_proj,1398,0,2,1059761
up_proj,1398,0,2,1
act_fn,1398,0,2,1
down_proj,1398,0,2,1
final_layernorm,1398,0,2,49929
lm_head,1398,0,2,2027586
embedding,1399,0,2,334082
input_layernorm,1399,0,2,1
q_proj,1399,0,2,1
k_proj,1399,0,2,1
v_proj,1399,0,2,1
rope,1399,0,2,1
attn,1399,0,2,1
o_proj,1399,0,2,1
post_layernorm,1399,0,2,1
gate_proj,1399,0,2,1059761
up_proj,1399,0,2,1
act_fn,1399,0,2,1
down_proj,1399,0,2,1
final_layernorm,1399,0,2,49929
lm_head,1399,0,2,2027586
embedding,1400,0,2,334082
input_layernorm,1400,0,2,1
q_proj,1400,0,2,1
k_proj,1400,0,2,1
v_proj,1400,0,2,1
rope,1400,0,2,1
attn,1400,0,2,1
o_proj,1400,0,2,1
post_layernorm,1400,0,2,1
gate_proj,1400,0,2,1059761
up_proj,1400,0,2,1
act_fn,1400,0,2,1
down_proj,1400,0,2,1
final_layernorm,1400,0,2,49929
lm_head,1400,0,2,2027586
embedding,1401,0,2,334082
input_layernorm,1401,0,2,1
q_proj,1401,0,2,1
k_proj,1401,0,2,1
v_proj,1401,0,2,1
rope,1401,0,2,1
attn,1401,0,2,1
o_proj,1401,0,2,1
post_layernorm,1401,0,2,1
gate_proj,1401,0,2,1059761
up_proj,1401,0,2,1
act_fn,1401,0,2,1
down_proj,1401,0,2,1
final_layernorm,1401,0,2,49929
lm_head,1401,0,2,2027586
embedding,1402,0,2,334082
input_layernorm,1402,0,2,1
q_proj,1402,0,2,1
k_proj,1402,0,2,1
v_proj,1402,0,2,1
rope,1402,0,2,1
attn,1402,0,2,1
o_proj,1402,0,2,1
post_layernorm,1402,0,2,1
gate_proj,1402,0,2,1059761
up_proj,1402,0,2,1
act_fn,1402,0,2,1
down_proj,1402,0,2,1
final_layernorm,1402,0,2,49929
lm_head,1402,0,2,2027586
embedding,1403,0,2,334082
input_layernorm,1403,0,2,1
q_proj,1403,0,2,1
k_proj,1403,0,2,1
v_proj,1403,0,2,1
rope,1403,0,2,1
attn,1403,0,2,1
o_proj,1403,0,2,1
post_layernorm,1403,0,2,1
gate_proj,1403,0,2,1059761
up_proj,1403,0,2,1
act_fn,1403,0,2,1
down_proj,1403,0,2,1
final_layernorm,1403,0,2,49929
lm_head,1403,0,2,2027586
embedding,1404,0,2,334082
input_layernorm,1404,0,2,1
q_proj,1404,0,2,1
k_proj,1404,0,2,1
v_proj,1404,0,2,1
rope,1404,0,2,1
attn,1404,0,2,1
o_proj,1404,0,2,1
post_layernorm,1404,0,2,1
gate_proj,1404,0,2,1059761
up_proj,1404,0,2,1
act_fn,1404,0,2,1
down_proj,1404,0,2,1
final_layernorm,1404,0,2,49929
lm_head,1404,0,2,2027586
embedding,1405,0,2,334082
input_layernorm,1405,0,2,1
q_proj,1405,0,2,1
k_proj,1405,0,2,1
v_proj,1405,0,2,1
rope,1405,0,2,1
attn,1405,0,2,1
o_proj,1405,0,2,1
post_layernorm,1405,0,2,1
gate_proj,1405,0,2,1059761
up_proj,1405,0,2,1
act_fn,1405,0,2,1
down_proj,1405,0,2,1
final_layernorm,1405,0,2,49929
lm_head,1405,0,2,2027586
embedding,1406,0,2,334082
input_layernorm,1406,0,2,1
q_proj,1406,0,2,1
k_proj,1406,0,2,1
v_proj,1406,0,2,1
rope,1406,0,2,1
attn,1406,0,2,1
o_proj,1406,0,2,1
post_layernorm,1406,0,2,1
gate_proj,1406,0,2,1059761
up_proj,1406,0,2,1
act_fn,1406,0,2,1
down_proj,1406,0,2,1
final_layernorm,1406,0,2,49929
lm_head,1406,0,2,2027586
embedding,1407,0,2,334082
input_layernorm,1407,0,2,1
q_proj,1407,0,2,1
k_proj,1407,0,2,1
v_proj,1407,0,2,1
rope,1407,0,2,1
attn,1407,0,2,1
o_proj,1407,0,2,1
post_layernorm,1407,0,2,1
gate_proj,1407,0,2,1059761
up_proj,1407,0,2,1
act_fn,1407,0,2,1
down_proj,1407,0,2,1
final_layernorm,1407,0,2,49929
lm_head,1407,0,2,2027586
embedding,1408,0,2,334082
input_layernorm,1408,0,2,1
q_proj,1408,0,2,1
k_proj,1408,0,2,1
v_proj,1408,0,2,1
rope,1408,0,2,1
attn,1408,0,2,1
o_proj,1408,0,2,1
post_layernorm,1408,0,2,1
gate_proj,1408,0,2,1059761
up_proj,1408,0,2,1
act_fn,1408,0,2,1
down_proj,1408,0,2,1
final_layernorm,1408,0,2,49929
lm_head,1408,0,2,2027586
embedding,1409,0,2,334082
input_layernorm,1409,0,2,1
q_proj,1409,0,2,1
k_proj,1409,0,2,1
v_proj,1409,0,2,1
rope,1409,0,2,1
attn,1409,0,2,1
o_proj,1409,0,2,1
post_layernorm,1409,0,2,1
gate_proj,1409,0,2,1059761
up_proj,1409,0,2,1
act_fn,1409,0,2,1
down_proj,1409,0,2,1
final_layernorm,1409,0,2,49929
lm_head,1409,0,2,2027586
embedding,1410,0,2,334082
input_layernorm,1410,0,2,1
q_proj,1410,0,2,1
k_proj,1410,0,2,1
v_proj,1410,0,2,1
rope,1410,0,2,1
attn,1410,0,2,1
o_proj,1410,0,2,1
post_layernorm,1410,0,2,1
gate_proj,1410,0,2,1059761
up_proj,1410,0,2,1
act_fn,1410,0,2,1
down_proj,1410,0,2,1
final_layernorm,1410,0,2,49929
lm_head,1410,0,2,2027586
embedding,1411,0,2,334082
input_layernorm,1411,0,2,1
q_proj,1411,0,2,1
k_proj,1411,0,2,1
v_proj,1411,0,2,1
rope,1411,0,2,1
attn,1411,0,2,1
o_proj,1411,0,2,1
post_layernorm,1411,0,2,1
gate_proj,1411,0,2,1059761
up_proj,1411,0,2,1
act_fn,1411,0,2,1
down_proj,1411,0,2,1
final_layernorm,1411,0,2,49929
lm_head,1411,0,2,2027586
embedding,1412,0,2,334082
input_layernorm,1412,0,2,1
q_proj,1412,0,2,1
k_proj,1412,0,2,1
v_proj,1412,0,2,1
rope,1412,0,2,1
attn,1412,0,2,1
o_proj,1412,0,2,1
post_layernorm,1412,0,2,1
gate_proj,1412,0,2,1059761
up_proj,1412,0,2,1
act_fn,1412,0,2,1
down_proj,1412,0,2,1
final_layernorm,1412,0,2,49929
lm_head,1412,0,2,2027586
embedding,1413,0,2,334082
input_layernorm,1413,0,2,1
q_proj,1413,0,2,1
k_proj,1413,0,2,1
v_proj,1413,0,2,1
rope,1413,0,2,1
attn,1413,0,2,1
o_proj,1413,0,2,1
post_layernorm,1413,0,2,1
gate_proj,1413,0,2,1059761
up_proj,1413,0,2,1
act_fn,1413,0,2,1
down_proj,1413,0,2,1
final_layernorm,1413,0,2,49929
lm_head,1413,0,2,2027586
embedding,1414,0,2,334082
input_layernorm,1414,0,2,1
q_proj,1414,0,2,1
k_proj,1414,0,2,1
v_proj,1414,0,2,1
rope,1414,0,2,1
attn,1414,0,2,1
o_proj,1414,0,2,1
post_layernorm,1414,0,2,1
gate_proj,1414,0,2,1059761
up_proj,1414,0,2,1
act_fn,1414,0,2,1
down_proj,1414,0,2,1
final_layernorm,1414,0,2,49929
lm_head,1414,0,2,2027586
embedding,1415,0,2,334082
input_layernorm,1415,0,2,1
q_proj,1415,0,2,1
k_proj,1415,0,2,1
v_proj,1415,0,2,1
rope,1415,0,2,1
attn,1415,0,2,1
o_proj,1415,0,2,1
post_layernorm,1415,0,2,1
gate_proj,1415,0,2,1059761
up_proj,1415,0,2,1
act_fn,1415,0,2,1
down_proj,1415,0,2,1
final_layernorm,1415,0,2,49929
lm_head,1415,0,2,2027586
embedding,1416,0,2,334082
input_layernorm,1416,0,2,1
q_proj,1416,0,2,1
k_proj,1416,0,2,1
v_proj,1416,0,2,1
rope,1416,0,2,1
attn,1416,0,2,1
o_proj,1416,0,2,1
post_layernorm,1416,0,2,1
gate_proj,1416,0,2,1059761
up_proj,1416,0,2,1
act_fn,1416,0,2,1
down_proj,1416,0,2,1
final_layernorm,1416,0,2,49929
lm_head,1416,0,2,2027586
embedding,1417,0,2,334082
input_layernorm,1417,0,2,1
q_proj,1417,0,2,1
k_proj,1417,0,2,1
v_proj,1417,0,2,1
rope,1417,0,2,1
attn,1417,0,2,1
o_proj,1417,0,2,1
post_layernorm,1417,0,2,1
gate_proj,1417,0,2,1059761
up_proj,1417,0,2,1
act_fn,1417,0,2,1
down_proj,1417,0,2,1
final_layernorm,1417,0,2,49929
lm_head,1417,0,2,2027586
embedding,1418,0,2,334082
input_layernorm,1418,0,2,1
q_proj,1418,0,2,1
k_proj,1418,0,2,1
v_proj,1418,0,2,1
rope,1418,0,2,1
attn,1418,0,2,1
o_proj,1418,0,2,1
post_layernorm,1418,0,2,1
gate_proj,1418,0,2,1059761
up_proj,1418,0,2,1
act_fn,1418,0,2,1
down_proj,1418,0,2,1
final_layernorm,1418,0,2,49929
lm_head,1418,0,2,2027586
embedding,1419,0,2,334082
input_layernorm,1419,0,2,1
q_proj,1419,0,2,1
k_proj,1419,0,2,1
v_proj,1419,0,2,1
rope,1419,0,2,1
attn,1419,0,2,1
o_proj,1419,0,2,1
post_layernorm,1419,0,2,1
gate_proj,1419,0,2,1059761
up_proj,1419,0,2,1
act_fn,1419,0,2,1
down_proj,1419,0,2,1
final_layernorm,1419,0,2,49929
lm_head,1419,0,2,2027586
embedding,1420,0,2,334082
input_layernorm,1420,0,2,1
q_proj,1420,0,2,1
k_proj,1420,0,2,1
v_proj,1420,0,2,1
rope,1420,0,2,1
attn,1420,0,2,1
o_proj,1420,0,2,1
post_layernorm,1420,0,2,1
gate_proj,1420,0,2,1059761
up_proj,1420,0,2,1
act_fn,1420,0,2,1
down_proj,1420,0,2,1
final_layernorm,1420,0,2,49929
lm_head,1420,0,2,2027586
embedding,1421,0,2,334082
input_layernorm,1421,0,2,1
q_proj,1421,0,2,1
k_proj,1421,0,2,1
v_proj,1421,0,2,1
rope,1421,0,2,1
attn,1421,0,2,1
o_proj,1421,0,2,1
post_layernorm,1421,0,2,1
gate_proj,1421,0,2,1059761
up_proj,1421,0,2,1
act_fn,1421,0,2,1
down_proj,1421,0,2,1
final_layernorm,1421,0,2,49929
lm_head,1421,0,2,2027586
embedding,1422,0,2,334082
input_layernorm,1422,0,2,1
q_proj,1422,0,2,1
k_proj,1422,0,2,1
v_proj,1422,0,2,1
rope,1422,0,2,1
attn,1422,0,2,1
o_proj,1422,0,2,1
post_layernorm,1422,0,2,1
gate_proj,1422,0,2,1059761
up_proj,1422,0,2,1
act_fn,1422,0,2,1
down_proj,1422,0,2,1
final_layernorm,1422,0,2,49929
lm_head,1422,0,2,2027586
embedding,1423,0,2,334082
input_layernorm,1423,0,2,1
q_proj,1423,0,2,1
k_proj,1423,0,2,1
v_proj,1423,0,2,1
rope,1423,0,2,1
attn,1423,0,2,1
o_proj,1423,0,2,1
post_layernorm,1423,0,2,1
gate_proj,1423,0,2,1059761
up_proj,1423,0,2,1
act_fn,1423,0,2,1
down_proj,1423,0,2,1
final_layernorm,1423,0,2,49929
lm_head,1423,0,2,2027586
embedding,1424,0,2,334082
input_layernorm,1424,0,2,1
q_proj,1424,0,2,1
k_proj,1424,0,2,1
v_proj,1424,0,2,1
rope,1424,0,2,1
attn,1424,0,2,1
o_proj,1424,0,2,1
post_layernorm,1424,0,2,1
gate_proj,1424,0,2,1059761
up_proj,1424,0,2,1
act_fn,1424,0,2,1
down_proj,1424,0,2,1
final_layernorm,1424,0,2,49929
lm_head,1424,0,2,2027586
embedding,1425,0,2,334082
input_layernorm,1425,0,2,1
q_proj,1425,0,2,1
k_proj,1425,0,2,1
v_proj,1425,0,2,1
rope,1425,0,2,1
attn,1425,0,2,1
o_proj,1425,0,2,1
post_layernorm,1425,0,2,1
gate_proj,1425,0,2,1059761
up_proj,1425,0,2,1
act_fn,1425,0,2,1
down_proj,1425,0,2,1
final_layernorm,1425,0,2,49929
lm_head,1425,0,2,2027586
embedding,1426,0,2,334082
input_layernorm,1426,0,2,1
q_proj,1426,0,2,1
k_proj,1426,0,2,1
v_proj,1426,0,2,1
rope,1426,0,2,1
attn,1426,0,2,1
o_proj,1426,0,2,1
post_layernorm,1426,0,2,1
gate_proj,1426,0,2,1059761
up_proj,1426,0,2,1
act_fn,1426,0,2,1
down_proj,1426,0,2,1
final_layernorm,1426,0,2,49929
lm_head,1426,0,2,2027586
embedding,1427,0,2,334082
input_layernorm,1427,0,2,1
q_proj,1427,0,2,1
k_proj,1427,0,2,1
v_proj,1427,0,2,1
rope,1427,0,2,1
attn,1427,0,2,1
o_proj,1427,0,2,1
post_layernorm,1427,0,2,1
gate_proj,1427,0,2,1059761
up_proj,1427,0,2,1
act_fn,1427,0,2,1
down_proj,1427,0,2,1
final_layernorm,1427,0,2,49929
lm_head,1427,0,2,2027586
embedding,1428,0,2,334082
input_layernorm,1428,0,2,1
q_proj,1428,0,2,1
k_proj,1428,0,2,1
v_proj,1428,0,2,1
rope,1428,0,2,1
attn,1428,0,2,1
o_proj,1428,0,2,1
post_layernorm,1428,0,2,1
gate_proj,1428,0,2,1059761
up_proj,1428,0,2,1
act_fn,1428,0,2,1
down_proj,1428,0,2,1
final_layernorm,1428,0,2,49929
lm_head,1428,0,2,2027586
embedding,1429,0,2,334082
input_layernorm,1429,0,2,1
q_proj,1429,0,2,1
k_proj,1429,0,2,1
v_proj,1429,0,2,1
rope,1429,0,2,1
attn,1429,0,2,1
o_proj,1429,0,2,1
post_layernorm,1429,0,2,1
gate_proj,1429,0,2,1059761
up_proj,1429,0,2,1
act_fn,1429,0,2,1
down_proj,1429,0,2,1
final_layernorm,1429,0,2,49929
lm_head,1429,0,2,2027586
embedding,1430,0,2,334082
input_layernorm,1430,0,2,1
q_proj,1430,0,2,1
k_proj,1430,0,2,1
v_proj,1430,0,2,1
rope,1430,0,2,1
attn,1430,0,2,1
o_proj,1430,0,2,1
post_layernorm,1430,0,2,1
gate_proj,1430,0,2,1059761
up_proj,1430,0,2,1
act_fn,1430,0,2,1
down_proj,1430,0,2,1
final_layernorm,1430,0,2,49929
lm_head,1430,0,2,2027586
embedding,1431,0,2,334082
input_layernorm,1431,0,2,1
q_proj,1431,0,2,1
k_proj,1431,0,2,1
v_proj,1431,0,2,1
rope,1431,0,2,1
attn,1431,0,2,1
o_proj,1431,0,2,1
post_layernorm,1431,0,2,1
gate_proj,1431,0,2,1059761
up_proj,1431,0,2,1
act_fn,1431,0,2,1
down_proj,1431,0,2,1
final_layernorm,1431,0,2,49929
lm_head,1431,0,2,2027586
embedding,1432,0,2,334082
input_layernorm,1432,0,2,1
q_proj,1432,0,2,1
k_proj,1432,0,2,1
v_proj,1432,0,2,1
rope,1432,0,2,1
attn,1432,0,2,1
o_proj,1432,0,2,1
post_layernorm,1432,0,2,1
gate_proj,1432,0,2,1059761
up_proj,1432,0,2,1
act_fn,1432,0,2,1
down_proj,1432,0,2,1
final_layernorm,1432,0,2,49929
lm_head,1432,0,2,2027586
embedding,1433,0,2,334082
input_layernorm,1433,0,2,1
q_proj,1433,0,2,1
k_proj,1433,0,2,1
v_proj,1433,0,2,1
rope,1433,0,2,1
attn,1433,0,2,1
o_proj,1433,0,2,1
post_layernorm,1433,0,2,1
gate_proj,1433,0,2,1059761
up_proj,1433,0,2,1
act_fn,1433,0,2,1
down_proj,1433,0,2,1
final_layernorm,1433,0,2,49929
lm_head,1433,0,2,2027586
embedding,1434,0,2,334082
input_layernorm,1434,0,2,1
q_proj,1434,0,2,1
k_proj,1434,0,2,1
v_proj,1434,0,2,1
rope,1434,0,2,1
attn,1434,0,2,1
o_proj,1434,0,2,1
post_layernorm,1434,0,2,1
gate_proj,1434,0,2,1059761
up_proj,1434,0,2,1
act_fn,1434,0,2,1
down_proj,1434,0,2,1
final_layernorm,1434,0,2,49929
lm_head,1434,0,2,2027586
embedding,1435,0,2,334082
input_layernorm,1435,0,2,1
q_proj,1435,0,2,1
k_proj,1435,0,2,1
v_proj,1435,0,2,1
rope,1435,0,2,1
attn,1435,0,2,1
o_proj,1435,0,2,1
post_layernorm,1435,0,2,1
gate_proj,1435,0,2,1059761
up_proj,1435,0,2,1
act_fn,1435,0,2,1
down_proj,1435,0,2,1
final_layernorm,1435,0,2,49929
lm_head,1435,0,2,2027586
embedding,1436,0,2,334082
input_layernorm,1436,0,2,1
q_proj,1436,0,2,1
k_proj,1436,0,2,1
v_proj,1436,0,2,1
rope,1436,0,2,1
attn,1436,0,2,1
o_proj,1436,0,2,1
post_layernorm,1436,0,2,1
gate_proj,1436,0,2,1059761
up_proj,1436,0,2,1
act_fn,1436,0,2,1
down_proj,1436,0,2,1
final_layernorm,1436,0,2,49929
lm_head,1436,0,2,2027586
embedding,1437,0,2,334082
input_layernorm,1437,0,2,1
q_proj,1437,0,2,1
k_proj,1437,0,2,1
v_proj,1437,0,2,1
rope,1437,0,2,1
attn,1437,0,2,1
o_proj,1437,0,2,1
post_layernorm,1437,0,2,1
gate_proj,1437,0,2,1059761
up_proj,1437,0,2,1
act_fn,1437,0,2,1
down_proj,1437,0,2,1
final_layernorm,1437,0,2,49929
lm_head,1437,0,2,2027586
embedding,1438,0,2,334082
input_layernorm,1438,0,2,1
q_proj,1438,0,2,1
k_proj,1438,0,2,1
v_proj,1438,0,2,1
rope,1438,0,2,1
attn,1438,0,2,1
o_proj,1438,0,2,1
post_layernorm,1438,0,2,1
gate_proj,1438,0,2,1059761
up_proj,1438,0,2,1
act_fn,1438,0,2,1
down_proj,1438,0,2,1
final_layernorm,1438,0,2,49929
lm_head,1438,0,2,2027586
embedding,1439,0,2,334082
input_layernorm,1439,0,2,1
q_proj,1439,0,2,1
k_proj,1439,0,2,1
v_proj,1439,0,2,1
rope,1439,0,2,1
attn,1439,0,2,1
o_proj,1439,0,2,1
post_layernorm,1439,0,2,1
gate_proj,1439,0,2,1059761
up_proj,1439,0,2,1
act_fn,1439,0,2,1
down_proj,1439,0,2,1
final_layernorm,1439,0,2,49929
lm_head,1439,0,2,2027586
embedding,1440,0,2,334082
input_layernorm,1440,0,2,1
q_proj,1440,0,2,1
k_proj,1440,0,2,1
v_proj,1440,0,2,1
rope,1440,0,2,1
attn,1440,0,2,1
o_proj,1440,0,2,1
post_layernorm,1440,0,2,1
gate_proj,1440,0,2,1059761
up_proj,1440,0,2,1
act_fn,1440,0,2,1
down_proj,1440,0,2,1
final_layernorm,1440,0,2,49929
lm_head,1440,0,2,2027586
embedding,1441,0,2,334082
input_layernorm,1441,0,2,1
q_proj,1441,0,2,1
k_proj,1441,0,2,1
v_proj,1441,0,2,1
rope,1441,0,2,1
attn,1441,0,2,1
o_proj,1441,0,2,1
post_layernorm,1441,0,2,1
gate_proj,1441,0,2,1059761
up_proj,1441,0,2,1
act_fn,1441,0,2,1
down_proj,1441,0,2,1
final_layernorm,1441,0,2,49929
lm_head,1441,0,2,2027586
embedding,1442,0,2,334082
input_layernorm,1442,0,2,1
q_proj,1442,0,2,1
k_proj,1442,0,2,1
v_proj,1442,0,2,1
rope,1442,0,2,1
attn,1442,0,2,1
o_proj,1442,0,2,1
post_layernorm,1442,0,2,1
gate_proj,1442,0,2,1059761
up_proj,1442,0,2,1
act_fn,1442,0,2,1
down_proj,1442,0,2,1
final_layernorm,1442,0,2,49929
lm_head,1442,0,2,2027586
embedding,1443,0,2,334082
input_layernorm,1443,0,2,1
q_proj,1443,0,2,1
k_proj,1443,0,2,1
v_proj,1443,0,2,1
rope,1443,0,2,1
attn,1443,0,2,1
o_proj,1443,0,2,1
post_layernorm,1443,0,2,1
gate_proj,1443,0,2,1059761
up_proj,1443,0,2,1
act_fn,1443,0,2,1
down_proj,1443,0,2,1
final_layernorm,1443,0,2,49929
lm_head,1443,0,2,2027586
embedding,1444,0,2,334082
input_layernorm,1444,0,2,1
q_proj,1444,0,2,1
k_proj,1444,0,2,1
v_proj,1444,0,2,1
rope,1444,0,2,1
attn,1444,0,2,1
o_proj,1444,0,2,1
post_layernorm,1444,0,2,1
gate_proj,1444,0,2,1059761
up_proj,1444,0,2,1
act_fn,1444,0,2,1
down_proj,1444,0,2,1
final_layernorm,1444,0,2,49929
lm_head,1444,0,2,2027586
embedding,1445,0,2,334082
input_layernorm,1445,0,2,1
q_proj,1445,0,2,1
k_proj,1445,0,2,1
v_proj,1445,0,2,1
rope,1445,0,2,1
attn,1445,0,2,1
o_proj,1445,0,2,1
post_layernorm,1445,0,2,1
gate_proj,1445,0,2,1059761
up_proj,1445,0,2,1
act_fn,1445,0,2,1
down_proj,1445,0,2,1
final_layernorm,1445,0,2,49929
lm_head,1445,0,2,2027586
embedding,1446,0,2,334082
input_layernorm,1446,0,2,1
q_proj,1446,0,2,1
k_proj,1446,0,2,1
v_proj,1446,0,2,1
rope,1446,0,2,1
attn,1446,0,2,1
o_proj,1446,0,2,1
post_layernorm,1446,0,2,1
gate_proj,1446,0,2,1059761
up_proj,1446,0,2,1
act_fn,1446,0,2,1
down_proj,1446,0,2,1
final_layernorm,1446,0,2,49929
lm_head,1446,0,2,2027586
embedding,1447,0,2,334082
input_layernorm,1447,0,2,1
q_proj,1447,0,2,1
k_proj,1447,0,2,1
v_proj,1447,0,2,1
rope,1447,0,2,1
attn,1447,0,2,1
o_proj,1447,0,2,1
post_layernorm,1447,0,2,1
gate_proj,1447,0,2,1059761
up_proj,1447,0,2,1
act_fn,1447,0,2,1
down_proj,1447,0,2,1
final_layernorm,1447,0,2,49929
lm_head,1447,0,2,2027586
embedding,1448,0,2,334082
input_layernorm,1448,0,2,1
q_proj,1448,0,2,1
k_proj,1448,0,2,1
v_proj,1448,0,2,1
rope,1448,0,2,1
attn,1448,0,2,1
o_proj,1448,0,2,1
post_layernorm,1448,0,2,1
gate_proj,1448,0,2,1059761
up_proj,1448,0,2,1
act_fn,1448,0,2,1
down_proj,1448,0,2,1
final_layernorm,1448,0,2,49929
lm_head,1448,0,2,2027586
embedding,1449,0,2,334082
input_layernorm,1449,0,2,1
q_proj,1449,0,2,1
k_proj,1449,0,2,1
v_proj,1449,0,2,1
rope,1449,0,2,1
attn,1449,0,2,1
o_proj,1449,0,2,1
post_layernorm,1449,0,2,1
gate_proj,1449,0,2,1059761
up_proj,1449,0,2,1
act_fn,1449,0,2,1
down_proj,1449,0,2,1
final_layernorm,1449,0,2,49929
lm_head,1449,0,2,2027586
embedding,1450,0,2,334082
input_layernorm,1450,0,2,1
q_proj,1450,0,2,1
k_proj,1450,0,2,1
v_proj,1450,0,2,1
rope,1450,0,2,1
attn,1450,0,2,1
o_proj,1450,0,2,1
post_layernorm,1450,0,2,1
gate_proj,1450,0,2,1059761
up_proj,1450,0,2,1
act_fn,1450,0,2,1
down_proj,1450,0,2,1
final_layernorm,1450,0,2,49929
lm_head,1450,0,2,2027586
embedding,1451,0,2,334082
input_layernorm,1451,0,2,1
q_proj,1451,0,2,1
k_proj,1451,0,2,1
v_proj,1451,0,2,1
rope,1451,0,2,1
attn,1451,0,2,1
o_proj,1451,0,2,1
post_layernorm,1451,0,2,1
gate_proj,1451,0,2,1059761
up_proj,1451,0,2,1
act_fn,1451,0,2,1
down_proj,1451,0,2,1
final_layernorm,1451,0,2,49929
lm_head,1451,0,2,2027586
embedding,1452,0,2,334082
input_layernorm,1452,0,2,1
q_proj,1452,0,2,1
k_proj,1452,0,2,1
v_proj,1452,0,2,1
rope,1452,0,2,1
attn,1452,0,2,1
o_proj,1452,0,2,1
post_layernorm,1452,0,2,1
gate_proj,1452,0,2,1059761
up_proj,1452,0,2,1
act_fn,1452,0,2,1
down_proj,1452,0,2,1
final_layernorm,1452,0,2,49929
lm_head,1452,0,2,2027586
embedding,1453,0,2,334082
input_layernorm,1453,0,2,1
q_proj,1453,0,2,1
k_proj,1453,0,2,1
v_proj,1453,0,2,1
rope,1453,0,2,1
attn,1453,0,2,1
o_proj,1453,0,2,1
post_layernorm,1453,0,2,1
gate_proj,1453,0,2,1059761
up_proj,1453,0,2,1
act_fn,1453,0,2,1
down_proj,1453,0,2,1
final_layernorm,1453,0,2,49929
lm_head,1453,0,2,2027586
embedding,1454,0,2,334082
input_layernorm,1454,0,2,1
q_proj,1454,0,2,1
k_proj,1454,0,2,1
v_proj,1454,0,2,1
rope,1454,0,2,1
attn,1454,0,2,1
o_proj,1454,0,2,1
post_layernorm,1454,0,2,1
gate_proj,1454,0,2,1059761
up_proj,1454,0,2,1
act_fn,1454,0,2,1
down_proj,1454,0,2,1
final_layernorm,1454,0,2,49929
lm_head,1454,0,2,2027586
embedding,1455,0,2,334082
input_layernorm,1455,0,2,1
q_proj,1455,0,2,1
k_proj,1455,0,2,1
v_proj,1455,0,2,1
rope,1455,0,2,1
attn,1455,0,2,1
o_proj,1455,0,2,1
post_layernorm,1455,0,2,1
gate_proj,1455,0,2,1059761
up_proj,1455,0,2,1
act_fn,1455,0,2,1
down_proj,1455,0,2,1
final_layernorm,1455,0,2,49929
lm_head,1455,0,2,2027586
embedding,1456,0,2,334082
input_layernorm,1456,0,2,1
q_proj,1456,0,2,1
k_proj,1456,0,2,1
v_proj,1456,0,2,1
rope,1456,0,2,1
attn,1456,0,2,1
o_proj,1456,0,2,1
post_layernorm,1456,0,2,1
gate_proj,1456,0,2,1059761
up_proj,1456,0,2,1
act_fn,1456,0,2,1
down_proj,1456,0,2,1
final_layernorm,1456,0,2,49929
lm_head,1456,0,2,2027586
embedding,1457,0,2,334082
input_layernorm,1457,0,2,1
q_proj,1457,0,2,1
k_proj,1457,0,2,1
v_proj,1457,0,2,1
rope,1457,0,2,1
attn,1457,0,2,1
o_proj,1457,0,2,1
post_layernorm,1457,0,2,1
gate_proj,1457,0,2,1059761
up_proj,1457,0,2,1
act_fn,1457,0,2,1
down_proj,1457,0,2,1
final_layernorm,1457,0,2,49929
lm_head,1457,0,2,2027586
embedding,1458,0,2,334082
input_layernorm,1458,0,2,1
q_proj,1458,0,2,1
k_proj,1458,0,2,1
v_proj,1458,0,2,1
rope,1458,0,2,1
attn,1458,0,2,1
o_proj,1458,0,2,1
post_layernorm,1458,0,2,1
gate_proj,1458,0,2,1059761
up_proj,1458,0,2,1
act_fn,1458,0,2,1
down_proj,1458,0,2,1
final_layernorm,1458,0,2,49929
lm_head,1458,0,2,2027586
embedding,1459,0,2,334082
input_layernorm,1459,0,2,1
q_proj,1459,0,2,1
k_proj,1459,0,2,1
v_proj,1459,0,2,1
rope,1459,0,2,1
attn,1459,0,2,1
o_proj,1459,0,2,1
post_layernorm,1459,0,2,1
gate_proj,1459,0,2,1059761
up_proj,1459,0,2,1
act_fn,1459,0,2,1
down_proj,1459,0,2,1
final_layernorm,1459,0,2,49929
lm_head,1459,0,2,2027586
embedding,1460,0,2,334082
input_layernorm,1460,0,2,1
q_proj,1460,0,2,1
k_proj,1460,0,2,1
v_proj,1460,0,2,1
rope,1460,0,2,1
attn,1460,0,2,1
o_proj,1460,0,2,1
post_layernorm,1460,0,2,1
gate_proj,1460,0,2,1059761
up_proj,1460,0,2,1
act_fn,1460,0,2,1
down_proj,1460,0,2,1
final_layernorm,1460,0,2,49929
lm_head,1460,0,2,2027586
embedding,1461,0,2,334082
input_layernorm,1461,0,2,1
q_proj,1461,0,2,1
k_proj,1461,0,2,1
v_proj,1461,0,2,1
rope,1461,0,2,1
attn,1461,0,2,1
o_proj,1461,0,2,1
post_layernorm,1461,0,2,1
gate_proj,1461,0,2,1059761
up_proj,1461,0,2,1
act_fn,1461,0,2,1
down_proj,1461,0,2,1
final_layernorm,1461,0,2,49929
lm_head,1461,0,2,2027586
embedding,1462,0,2,334082
input_layernorm,1462,0,2,1
q_proj,1462,0,2,1
k_proj,1462,0,2,1
v_proj,1462,0,2,1
rope,1462,0,2,1
attn,1462,0,2,1
o_proj,1462,0,2,1
post_layernorm,1462,0,2,1
gate_proj,1462,0,2,1059761
up_proj,1462,0,2,1
act_fn,1462,0,2,1
down_proj,1462,0,2,1
final_layernorm,1462,0,2,49929
lm_head,1462,0,2,2027586
embedding,1463,0,2,334082
input_layernorm,1463,0,2,1
q_proj,1463,0,2,1
k_proj,1463,0,2,1
v_proj,1463,0,2,1
rope,1463,0,2,1
attn,1463,0,2,1
o_proj,1463,0,2,1
post_layernorm,1463,0,2,1
gate_proj,1463,0,2,1059761
up_proj,1463,0,2,1
act_fn,1463,0,2,1
down_proj,1463,0,2,1
final_layernorm,1463,0,2,49929
lm_head,1463,0,2,2027586
embedding,1464,0,2,334082
input_layernorm,1464,0,2,1
q_proj,1464,0,2,1
k_proj,1464,0,2,1
v_proj,1464,0,2,1
rope,1464,0,2,1
attn,1464,0,2,1
o_proj,1464,0,2,1
post_layernorm,1464,0,2,1
gate_proj,1464,0,2,1059761
up_proj,1464,0,2,1
act_fn,1464,0,2,1
down_proj,1464,0,2,1
final_layernorm,1464,0,2,49929
lm_head,1464,0,2,2027586
embedding,1465,0,2,334082
input_layernorm,1465,0,2,1
q_proj,1465,0,2,1
k_proj,1465,0,2,1
v_proj,1465,0,2,1
rope,1465,0,2,1
attn,1465,0,2,1
o_proj,1465,0,2,1
post_layernorm,1465,0,2,1
gate_proj,1465,0,2,1059761
up_proj,1465,0,2,1
act_fn,1465,0,2,1
down_proj,1465,0,2,1
final_layernorm,1465,0,2,49929
lm_head,1465,0,2,2027586
embedding,1466,0,2,334082
input_layernorm,1466,0,2,1
q_proj,1466,0,2,1
k_proj,1466,0,2,1
v_proj,1466,0,2,1
rope,1466,0,2,1
attn,1466,0,2,1
o_proj,1466,0,2,1
post_layernorm,1466,0,2,1
gate_proj,1466,0,2,1059761
up_proj,1466,0,2,1
act_fn,1466,0,2,1
down_proj,1466,0,2,1
final_layernorm,1466,0,2,49929
lm_head,1466,0,2,2027586
embedding,1467,0,2,334082
input_layernorm,1467,0,2,1
q_proj,1467,0,2,1
k_proj,1467,0,2,1
v_proj,1467,0,2,1
rope,1467,0,2,1
attn,1467,0,2,1
o_proj,1467,0,2,1
post_layernorm,1467,0,2,1
gate_proj,1467,0,2,1059761
up_proj,1467,0,2,1
act_fn,1467,0,2,1
down_proj,1467,0,2,1
final_layernorm,1467,0,2,49929
lm_head,1467,0,2,2027586
embedding,1468,0,2,334082
input_layernorm,1468,0,2,1
q_proj,1468,0,2,1
k_proj,1468,0,2,1
v_proj,1468,0,2,1
rope,1468,0,2,1
attn,1468,0,2,1
o_proj,1468,0,2,1
post_layernorm,1468,0,2,1
gate_proj,1468,0,2,1059761
up_proj,1468,0,2,1
act_fn,1468,0,2,1
down_proj,1468,0,2,1
final_layernorm,1468,0,2,49929
lm_head,1468,0,2,2027586
embedding,1469,0,2,334082
input_layernorm,1469,0,2,1
q_proj,1469,0,2,1
k_proj,1469,0,2,1
v_proj,1469,0,2,1
rope,1469,0,2,1
attn,1469,0,2,1
o_proj,1469,0,2,1
post_layernorm,1469,0,2,1
gate_proj,1469,0,2,1059761
up_proj,1469,0,2,1
act_fn,1469,0,2,1
down_proj,1469,0,2,1
final_layernorm,1469,0,2,49929
lm_head,1469,0,2,2027586
embedding,1470,0,2,334082
input_layernorm,1470,0,2,1
q_proj,1470,0,2,1
k_proj,1470,0,2,1
v_proj,1470,0,2,1
rope,1470,0,2,1
attn,1470,0,2,1
o_proj,1470,0,2,1
post_layernorm,1470,0,2,1
gate_proj,1470,0,2,1059761
up_proj,1470,0,2,1
act_fn,1470,0,2,1
down_proj,1470,0,2,1
final_layernorm,1470,0,2,49929
lm_head,1470,0,2,2027586
embedding,1471,0,2,334082
input_layernorm,1471,0,2,1
q_proj,1471,0,2,1
k_proj,1471,0,2,1
v_proj,1471,0,2,1
rope,1471,0,2,1
attn,1471,0,2,1
o_proj,1471,0,2,1
post_layernorm,1471,0,2,1
gate_proj,1471,0,2,1059761
up_proj,1471,0,2,1
act_fn,1471,0,2,1
down_proj,1471,0,2,1
final_layernorm,1471,0,2,49929
lm_head,1471,0,2,2027586
embedding,1472,0,2,334082
input_layernorm,1472,0,2,1
q_proj,1472,0,2,1
k_proj,1472,0,2,1
v_proj,1472,0,2,1
rope,1472,0,2,1
attn,1472,0,2,1
o_proj,1472,0,2,1
post_layernorm,1472,0,2,1
gate_proj,1472,0,2,1059761
up_proj,1472,0,2,1
act_fn,1472,0,2,1
down_proj,1472,0,2,1
final_layernorm,1472,0,2,49929
lm_head,1472,0,2,2027586
embedding,1473,0,2,334082
input_layernorm,1473,0,2,1
q_proj,1473,0,2,1
k_proj,1473,0,2,1
v_proj,1473,0,2,1
rope,1473,0,2,1
attn,1473,0,2,1
o_proj,1473,0,2,1
post_layernorm,1473,0,2,1
gate_proj,1473,0,2,1059761
up_proj,1473,0,2,1
act_fn,1473,0,2,1
down_proj,1473,0,2,1
final_layernorm,1473,0,2,49929
lm_head,1473,0,2,2027586
embedding,1474,0,2,334082
input_layernorm,1474,0,2,1
q_proj,1474,0,2,1
k_proj,1474,0,2,1
v_proj,1474,0,2,1
rope,1474,0,2,1
attn,1474,0,2,1
o_proj,1474,0,2,1
post_layernorm,1474,0,2,1
gate_proj,1474,0,2,1059761
up_proj,1474,0,2,1
act_fn,1474,0,2,1
down_proj,1474,0,2,1
final_layernorm,1474,0,2,49929
lm_head,1474,0,2,2027586
embedding,1475,0,2,334082
input_layernorm,1475,0,2,1
q_proj,1475,0,2,1
k_proj,1475,0,2,1
v_proj,1475,0,2,1
rope,1475,0,2,1
attn,1475,0,2,1
o_proj,1475,0,2,1
post_layernorm,1475,0,2,1
gate_proj,1475,0,2,1059761
up_proj,1475,0,2,1
act_fn,1475,0,2,1
down_proj,1475,0,2,1
final_layernorm,1475,0,2,49929
lm_head,1475,0,2,2027586
embedding,1476,0,2,334082
input_layernorm,1476,0,2,1
q_proj,1476,0,2,1
k_proj,1476,0,2,1
v_proj,1476,0,2,1
rope,1476,0,2,1
attn,1476,0,2,1
o_proj,1476,0,2,1
post_layernorm,1476,0,2,1
gate_proj,1476,0,2,1059761
up_proj,1476,0,2,1
act_fn,1476,0,2,1
down_proj,1476,0,2,1
final_layernorm,1476,0,2,49929
lm_head,1476,0,2,2027586
embedding,1477,0,2,334082
input_layernorm,1477,0,2,1
q_proj,1477,0,2,1
k_proj,1477,0,2,1
v_proj,1477,0,2,1
rope,1477,0,2,1
attn,1477,0,2,1
o_proj,1477,0,2,1
post_layernorm,1477,0,2,1
gate_proj,1477,0,2,1059761
up_proj,1477,0,2,1
act_fn,1477,0,2,1
down_proj,1477,0,2,1
final_layernorm,1477,0,2,49929
lm_head,1477,0,2,2027586
embedding,1478,0,2,334082
input_layernorm,1478,0,2,1
q_proj,1478,0,2,1
k_proj,1478,0,2,1
v_proj,1478,0,2,1
rope,1478,0,2,1
attn,1478,0,2,1
o_proj,1478,0,2,1
post_layernorm,1478,0,2,1
gate_proj,1478,0,2,1059761
up_proj,1478,0,2,1
act_fn,1478,0,2,1
down_proj,1478,0,2,1
final_layernorm,1478,0,2,49929
lm_head,1478,0,2,2027586
embedding,1479,0,2,334082
input_layernorm,1479,0,2,1
q_proj,1479,0,2,1
k_proj,1479,0,2,1
v_proj,1479,0,2,1
rope,1479,0,2,1
attn,1479,0,2,1
o_proj,1479,0,2,1
post_layernorm,1479,0,2,1
gate_proj,1479,0,2,1059761
up_proj,1479,0,2,1
act_fn,1479,0,2,1
down_proj,1479,0,2,1
final_layernorm,1479,0,2,49929
lm_head,1479,0,2,2027586
embedding,1480,0,2,334082
input_layernorm,1480,0,2,1
q_proj,1480,0,2,1
k_proj,1480,0,2,1
v_proj,1480,0,2,1
rope,1480,0,2,1
attn,1480,0,2,1
o_proj,1480,0,2,1
post_layernorm,1480,0,2,1
gate_proj,1480,0,2,1059761
up_proj,1480,0,2,1
act_fn,1480,0,2,1
down_proj,1480,0,2,1
final_layernorm,1480,0,2,49929
lm_head,1480,0,2,2027586
embedding,1481,0,2,334082
input_layernorm,1481,0,2,1
q_proj,1481,0,2,1
k_proj,1481,0,2,1
v_proj,1481,0,2,1
rope,1481,0,2,1
attn,1481,0,2,1
o_proj,1481,0,2,1
post_layernorm,1481,0,2,1
gate_proj,1481,0,2,1059761
up_proj,1481,0,2,1
act_fn,1481,0,2,1
down_proj,1481,0,2,1
final_layernorm,1481,0,2,49929
lm_head,1481,0,2,2027586
embedding,1482,0,2,334082
input_layernorm,1482,0,2,1
q_proj,1482,0,2,1
k_proj,1482,0,2,1
v_proj,1482,0,2,1
rope,1482,0,2,1
attn,1482,0,2,1
o_proj,1482,0,2,1
post_layernorm,1482,0,2,1
gate_proj,1482,0,2,1059761
up_proj,1482,0,2,1
act_fn,1482,0,2,1
down_proj,1482,0,2,1
final_layernorm,1482,0,2,49929
lm_head,1482,0,2,2027586
embedding,1483,0,2,334082
input_layernorm,1483,0,2,1
q_proj,1483,0,2,1
k_proj,1483,0,2,1
v_proj,1483,0,2,1
rope,1483,0,2,1
attn,1483,0,2,1
o_proj,1483,0,2,1
post_layernorm,1483,0,2,1
gate_proj,1483,0,2,1059761
up_proj,1483,0,2,1
act_fn,1483,0,2,1
down_proj,1483,0,2,1
final_layernorm,1483,0,2,49929
lm_head,1483,0,2,2027586
embedding,1484,0,2,334082
input_layernorm,1484,0,2,1
q_proj,1484,0,2,1
k_proj,1484,0,2,1
v_proj,1484,0,2,1
rope,1484,0,2,1
attn,1484,0,2,1
o_proj,1484,0,2,1
post_layernorm,1484,0,2,1
gate_proj,1484,0,2,1059761
up_proj,1484,0,2,1
act_fn,1484,0,2,1
down_proj,1484,0,2,1
final_layernorm,1484,0,2,49929
lm_head,1484,0,2,2027586
embedding,1485,0,2,334082
input_layernorm,1485,0,2,1
q_proj,1485,0,2,1
k_proj,1485,0,2,1
v_proj,1485,0,2,1
rope,1485,0,2,1
attn,1485,0,2,1
o_proj,1485,0,2,1
post_layernorm,1485,0,2,1
gate_proj,1485,0,2,1059761
up_proj,1485,0,2,1
act_fn,1485,0,2,1
down_proj,1485,0,2,1
final_layernorm,1485,0,2,49929
lm_head,1485,0,2,2027586
embedding,1486,0,2,334082
input_layernorm,1486,0,2,1
q_proj,1486,0,2,1
k_proj,1486,0,2,1
v_proj,1486,0,2,1
rope,1486,0,2,1
attn,1486,0,2,1
o_proj,1486,0,2,1
post_layernorm,1486,0,2,1
gate_proj,1486,0,2,1059761
up_proj,1486,0,2,1
act_fn,1486,0,2,1
down_proj,1486,0,2,1
final_layernorm,1486,0,2,49929
lm_head,1486,0,2,2027586
embedding,1487,0,2,334082
input_layernorm,1487,0,2,1
q_proj,1487,0,2,1
k_proj,1487,0,2,1
v_proj,1487,0,2,1
rope,1487,0,2,1
attn,1487,0,2,1
o_proj,1487,0,2,1
post_layernorm,1487,0,2,1
gate_proj,1487,0,2,1059761
up_proj,1487,0,2,1
act_fn,1487,0,2,1
down_proj,1487,0,2,1
final_layernorm,1487,0,2,49929
lm_head,1487,0,2,2027586
embedding,1488,0,2,334082
input_layernorm,1488,0,2,1
q_proj,1488,0,2,1
k_proj,1488,0,2,1
v_proj,1488,0,2,1
rope,1488,0,2,1
attn,1488,0,2,1
o_proj,1488,0,2,1
post_layernorm,1488,0,2,1
gate_proj,1488,0,2,1059761
up_proj,1488,0,2,1
act_fn,1488,0,2,1
down_proj,1488,0,2,1
final_layernorm,1488,0,2,49929
lm_head,1488,0,2,2027586
embedding,1489,0,2,334082
input_layernorm,1489,0,2,1
q_proj,1489,0,2,1
k_proj,1489,0,2,1
v_proj,1489,0,2,1
rope,1489,0,2,1
attn,1489,0,2,1
o_proj,1489,0,2,1
post_layernorm,1489,0,2,1
gate_proj,1489,0,2,1059761
up_proj,1489,0,2,1
act_fn,1489,0,2,1
down_proj,1489,0,2,1
final_layernorm,1489,0,2,49929
lm_head,1489,0,2,2027586
embedding,1490,0,2,334082
input_layernorm,1490,0,2,1
q_proj,1490,0,2,1
k_proj,1490,0,2,1
v_proj,1490,0,2,1
rope,1490,0,2,1
attn,1490,0,2,1
o_proj,1490,0,2,1
post_layernorm,1490,0,2,1
gate_proj,1490,0,2,1059761
up_proj,1490,0,2,1
act_fn,1490,0,2,1
down_proj,1490,0,2,1
final_layernorm,1490,0,2,49929
lm_head,1490,0,2,2027586
embedding,1491,0,2,334082
input_layernorm,1491,0,2,1
q_proj,1491,0,2,1
k_proj,1491,0,2,1
v_proj,1491,0,2,1
rope,1491,0,2,1
attn,1491,0,2,1
o_proj,1491,0,2,1
post_layernorm,1491,0,2,1
gate_proj,1491,0,2,1059761
up_proj,1491,0,2,1
act_fn,1491,0,2,1
down_proj,1491,0,2,1
final_layernorm,1491,0,2,49929
lm_head,1491,0,2,2027586
embedding,1492,0,2,334082
input_layernorm,1492,0,2,1
q_proj,1492,0,2,1
k_proj,1492,0,2,1
v_proj,1492,0,2,1
rope,1492,0,2,1
attn,1492,0,2,1
o_proj,1492,0,2,1
post_layernorm,1492,0,2,1
gate_proj,1492,0,2,1059761
up_proj,1492,0,2,1
act_fn,1492,0,2,1
down_proj,1492,0,2,1
final_layernorm,1492,0,2,49929
lm_head,1492,0,2,2027586
embedding,1493,0,2,334082
input_layernorm,1493,0,2,1
q_proj,1493,0,2,1
k_proj,1493,0,2,1
v_proj,1493,0,2,1
rope,1493,0,2,1
attn,1493,0,2,1
o_proj,1493,0,2,1
post_layernorm,1493,0,2,1
gate_proj,1493,0,2,1059761
up_proj,1493,0,2,1
act_fn,1493,0,2,1
down_proj,1493,0,2,1
final_layernorm,1493,0,2,49929
lm_head,1493,0,2,2027586
embedding,1494,0,2,334082
input_layernorm,1494,0,2,1
q_proj,1494,0,2,1
k_proj,1494,0,2,1
v_proj,1494,0,2,1
rope,1494,0,2,1
attn,1494,0,2,1
o_proj,1494,0,2,1
post_layernorm,1494,0,2,1
gate_proj,1494,0,2,1059761
up_proj,1494,0,2,1
act_fn,1494,0,2,1
down_proj,1494,0,2,1
final_layernorm,1494,0,2,49929
lm_head,1494,0,2,2027586
embedding,1495,0,2,334082
input_layernorm,1495,0,2,1
q_proj,1495,0,2,1
k_proj,1495,0,2,1
v_proj,1495,0,2,1
rope,1495,0,2,1
attn,1495,0,2,1
o_proj,1495,0,2,1
post_layernorm,1495,0,2,1
gate_proj,1495,0,2,1059761
up_proj,1495,0,2,1
act_fn,1495,0,2,1
down_proj,1495,0,2,1
final_layernorm,1495,0,2,49929
lm_head,1495,0,2,2027586
embedding,1496,0,2,334082
input_layernorm,1496,0,2,1
q_proj,1496,0,2,1
k_proj,1496,0,2,1
v_proj,1496,0,2,1
rope,1496,0,2,1
attn,1496,0,2,1
o_proj,1496,0,2,1
post_layernorm,1496,0,2,1
gate_proj,1496,0,2,1059761
up_proj,1496,0,2,1
act_fn,1496,0,2,1
down_proj,1496,0,2,1
final_layernorm,1496,0,2,49929
lm_head,1496,0,2,2027586
embedding,1497,0,2,334082
input_layernorm,1497,0,2,1
q_proj,1497,0,2,1
k_proj,1497,0,2,1
v_proj,1497,0,2,1
rope,1497,0,2,1
attn,1497,0,2,1
o_proj,1497,0,2,1
post_layernorm,1497,0,2,1
gate_proj,1497,0,2,1059761
up_proj,1497,0,2,1
act_fn,1497,0,2,1
down_proj,1497,0,2,1
final_layernorm,1497,0,2,49929
lm_head,1497,0,2,2027586
embedding,1498,0,2,334082
input_layernorm,1498,0,2,1
q_proj,1498,0,2,1
k_proj,1498,0,2,1
v_proj,1498,0,2,1
rope,1498,0,2,1
attn,1498,0,2,1
o_proj,1498,0,2,1
post_layernorm,1498,0,2,1
gate_proj,1498,0,2,1059761
up_proj,1498,0,2,1
act_fn,1498,0,2,1
down_proj,1498,0,2,1
final_layernorm,1498,0,2,49929
lm_head,1498,0,2,2027586
embedding,1499,0,2,334082
input_layernorm,1499,0,2,1
q_proj,1499,0,2,1
k_proj,1499,0,2,1
v_proj,1499,0,2,1
rope,1499,0,2,1
attn,1499,0,2,1
o_proj,1499,0,2,1
post_layernorm,1499,0,2,1
gate_proj,1499,0,2,1059761
up_proj,1499,0,2,1
act_fn,1499,0,2,1
down_proj,1499,0,2,1
final_layernorm,1499,0,2,49929
lm_head,1499,0,2,2027586
embedding,1500,0,2,334082
input_layernorm,1500,0,2,1
q_proj,1500,0,2,1
k_proj,1500,0,2,1
v_proj,1500,0,2,1
rope,1500,0,2,1
attn,1500,0,2,1
o_proj,1500,0,2,1
post_layernorm,1500,0,2,1
gate_proj,1500,0,2,1059761
up_proj,1500,0,2,1
act_fn,1500,0,2,1
down_proj,1500,0,2,1
final_layernorm,1500,0,2,49929
lm_head,1500,0,2,2027586
embedding,1501,0,2,334082
input_layernorm,1501,0,2,1
q_proj,1501,0,2,1
k_proj,1501,0,2,1
v_proj,1501,0,2,1
rope,1501,0,2,1
attn,1501,0,2,1
o_proj,1501,0,2,1
post_layernorm,1501,0,2,1
gate_proj,1501,0,2,1059761
up_proj,1501,0,2,1
act_fn,1501,0,2,1
down_proj,1501,0,2,1
final_layernorm,1501,0,2,49929
lm_head,1501,0,2,2027586
embedding,1502,0,2,334082
input_layernorm,1502,0,2,1
q_proj,1502,0,2,1
k_proj,1502,0,2,1
v_proj,1502,0,2,1
rope,1502,0,2,1
attn,1502,0,2,1
o_proj,1502,0,2,1
post_layernorm,1502,0,2,1
gate_proj,1502,0,2,1059761
up_proj,1502,0,2,1
act_fn,1502,0,2,1
down_proj,1502,0,2,1
final_layernorm,1502,0,2,49929
lm_head,1502,0,2,2027586
embedding,1503,0,2,334082
input_layernorm,1503,0,2,1
q_proj,1503,0,2,1
k_proj,1503,0,2,1
v_proj,1503,0,2,1
rope,1503,0,2,1
attn,1503,0,2,1
o_proj,1503,0,2,1
post_layernorm,1503,0,2,1
gate_proj,1503,0,2,1059761
up_proj,1503,0,2,1
act_fn,1503,0,2,1
down_proj,1503,0,2,1
final_layernorm,1503,0,2,49929
lm_head,1503,0,2,2027586
embedding,1504,0,2,334082
input_layernorm,1504,0,2,1
q_proj,1504,0,2,1
k_proj,1504,0,2,1
v_proj,1504,0,2,1
rope,1504,0,2,1
attn,1504,0,2,1
o_proj,1504,0,2,1
post_layernorm,1504,0,2,1
gate_proj,1504,0,2,1059761
up_proj,1504,0,2,1
act_fn,1504,0,2,1
down_proj,1504,0,2,1
final_layernorm,1504,0,2,49929
lm_head,1504,0,2,2027586
embedding,1505,0,2,334082
input_layernorm,1505,0,2,1
q_proj,1505,0,2,1
k_proj,1505,0,2,1
v_proj,1505,0,2,1
rope,1505,0,2,1
attn,1505,0,2,1
o_proj,1505,0,2,1
post_layernorm,1505,0,2,1
gate_proj,1505,0,2,1059761
up_proj,1505,0,2,1
act_fn,1505,0,2,1
down_proj,1505,0,2,1
final_layernorm,1505,0,2,49929
lm_head,1505,0,2,2027586
embedding,1506,0,2,334082
input_layernorm,1506,0,2,1
q_proj,1506,0,2,1
k_proj,1506,0,2,1
v_proj,1506,0,2,1
rope,1506,0,2,1
attn,1506,0,2,1
o_proj,1506,0,2,1
post_layernorm,1506,0,2,1
gate_proj,1506,0,2,1059761
up_proj,1506,0,2,1
act_fn,1506,0,2,1
down_proj,1506,0,2,1
final_layernorm,1506,0,2,49929
lm_head,1506,0,2,2027586
embedding,1507,0,2,334082
input_layernorm,1507,0,2,1
q_proj,1507,0,2,1
k_proj,1507,0,2,1
v_proj,1507,0,2,1
rope,1507,0,2,1
attn,1507,0,2,1
o_proj,1507,0,2,1
post_layernorm,1507,0,2,1
gate_proj,1507,0,2,1059761
up_proj,1507,0,2,1
act_fn,1507,0,2,1
down_proj,1507,0,2,1
final_layernorm,1507,0,2,49929
lm_head,1507,0,2,2027586
embedding,1508,0,2,334082
input_layernorm,1508,0,2,1
q_proj,1508,0,2,1
k_proj,1508,0,2,1
v_proj,1508,0,2,1
rope,1508,0,2,1
attn,1508,0,2,1
o_proj,1508,0,2,1
post_layernorm,1508,0,2,1
gate_proj,1508,0,2,1059761
up_proj,1508,0,2,1
act_fn,1508,0,2,1
down_proj,1508,0,2,1
final_layernorm,1508,0,2,49929
lm_head,1508,0,2,2027586
embedding,1509,0,2,334082
input_layernorm,1509,0,2,1
q_proj,1509,0,2,1
k_proj,1509,0,2,1
v_proj,1509,0,2,1
rope,1509,0,2,1
attn,1509,0,2,1
o_proj,1509,0,2,1
post_layernorm,1509,0,2,1
gate_proj,1509,0,2,1059761
up_proj,1509,0,2,1
act_fn,1509,0,2,1
down_proj,1509,0,2,1
final_layernorm,1509,0,2,49929
lm_head,1509,0,2,2027586
embedding,1510,0,2,334082
input_layernorm,1510,0,2,1
q_proj,1510,0,2,1
k_proj,1510,0,2,1
v_proj,1510,0,2,1
rope,1510,0,2,1
attn,1510,0,2,1
o_proj,1510,0,2,1
post_layernorm,1510,0,2,1
gate_proj,1510,0,2,1059761
up_proj,1510,0,2,1
act_fn,1510,0,2,1
down_proj,1510,0,2,1
final_layernorm,1510,0,2,49929
lm_head,1510,0,2,2027586
embedding,1511,0,2,334082
input_layernorm,1511,0,2,1
q_proj,1511,0,2,1
k_proj,1511,0,2,1
v_proj,1511,0,2,1
rope,1511,0,2,1
attn,1511,0,2,1
o_proj,1511,0,2,1
post_layernorm,1511,0,2,1
gate_proj,1511,0,2,1059761
up_proj,1511,0,2,1
act_fn,1511,0,2,1
down_proj,1511,0,2,1
final_layernorm,1511,0,2,49929
lm_head,1511,0,2,2027586
embedding,1512,0,2,334082
input_layernorm,1512,0,2,1
q_proj,1512,0,2,1
k_proj,1512,0,2,1
v_proj,1512,0,2,1
rope,1512,0,2,1
attn,1512,0,2,1
o_proj,1512,0,2,1
post_layernorm,1512,0,2,1
gate_proj,1512,0,2,1059761
up_proj,1512,0,2,1
act_fn,1512,0,2,1
down_proj,1512,0,2,1
final_layernorm,1512,0,2,49929
lm_head,1512,0,2,2027586
embedding,1513,0,2,334082
input_layernorm,1513,0,2,1
q_proj,1513,0,2,1
k_proj,1513,0,2,1
v_proj,1513,0,2,1
rope,1513,0,2,1
attn,1513,0,2,1
o_proj,1513,0,2,1
post_layernorm,1513,0,2,1
gate_proj,1513,0,2,1059761
up_proj,1513,0,2,1
act_fn,1513,0,2,1
down_proj,1513,0,2,1
final_layernorm,1513,0,2,49929
lm_head,1513,0,2,2027586
embedding,1514,0,2,334082
input_layernorm,1514,0,2,1
q_proj,1514,0,2,1
k_proj,1514,0,2,1
v_proj,1514,0,2,1
rope,1514,0,2,1
attn,1514,0,2,1
o_proj,1514,0,2,1
post_layernorm,1514,0,2,1
gate_proj,1514,0,2,1059761
up_proj,1514,0,2,1
act_fn,1514,0,2,1
down_proj,1514,0,2,1
final_layernorm,1514,0,2,49929
lm_head,1514,0,2,2027586
embedding,1515,0,2,334082
input_layernorm,1515,0,2,1
q_proj,1515,0,2,1
k_proj,1515,0,2,1
v_proj,1515,0,2,1
rope,1515,0,2,1
attn,1515,0,2,1
o_proj,1515,0,2,1
post_layernorm,1515,0,2,1
gate_proj,1515,0,2,1059761
up_proj,1515,0,2,1
act_fn,1515,0,2,1
down_proj,1515,0,2,1
final_layernorm,1515,0,2,49929
lm_head,1515,0,2,2027586
embedding,1516,0,2,334082
input_layernorm,1516,0,2,1
q_proj,1516,0,2,1
k_proj,1516,0,2,1
v_proj,1516,0,2,1
rope,1516,0,2,1
attn,1516,0,2,1
o_proj,1516,0,2,1
post_layernorm,1516,0,2,1
gate_proj,1516,0,2,1059761
up_proj,1516,0,2,1
act_fn,1516,0,2,1
down_proj,1516,0,2,1
final_layernorm,1516,0,2,49929
lm_head,1516,0,2,2027586
embedding,1517,0,2,334082
input_layernorm,1517,0,2,1
q_proj,1517,0,2,1
k_proj,1517,0,2,1
v_proj,1517,0,2,1
rope,1517,0,2,1
attn,1517,0,2,1
o_proj,1517,0,2,1
post_layernorm,1517,0,2,1
gate_proj,1517,0,2,1059761
up_proj,1517,0,2,1
act_fn,1517,0,2,1
down_proj,1517,0,2,1
final_layernorm,1517,0,2,49929
lm_head,1517,0,2,2027586
embedding,1518,0,2,334082
input_layernorm,1518,0,2,1
q_proj,1518,0,2,1
k_proj,1518,0,2,1
v_proj,1518,0,2,1
rope,1518,0,2,1
attn,1518,0,2,1
o_proj,1518,0,2,1
post_layernorm,1518,0,2,1
gate_proj,1518,0,2,1059761
up_proj,1518,0,2,1
act_fn,1518,0,2,1
down_proj,1518,0,2,1
final_layernorm,1518,0,2,49929
lm_head,1518,0,2,2027586
embedding,1519,0,2,334082
input_layernorm,1519,0,2,1
q_proj,1519,0,2,1
k_proj,1519,0,2,1
v_proj,1519,0,2,1
rope,1519,0,2,1
attn,1519,0,2,1
o_proj,1519,0,2,1
post_layernorm,1519,0,2,1
gate_proj,1519,0,2,1059761
up_proj,1519,0,2,1
act_fn,1519,0,2,1
down_proj,1519,0,2,1
final_layernorm,1519,0,2,49929
lm_head,1519,0,2,2027586
embedding,1520,0,2,334082
input_layernorm,1520,0,2,1
q_proj,1520,0,2,1
k_proj,1520,0,2,1
v_proj,1520,0,2,1
rope,1520,0,2,1
attn,1520,0,2,1
o_proj,1520,0,2,1
post_layernorm,1520,0,2,1
gate_proj,1520,0,2,1059761
up_proj,1520,0,2,1
act_fn,1520,0,2,1
down_proj,1520,0,2,1
final_layernorm,1520,0,2,49929
lm_head,1520,0,2,2027586
embedding,1521,0,2,334082
input_layernorm,1521,0,2,1
q_proj,1521,0,2,1
k_proj,1521,0,2,1
v_proj,1521,0,2,1
rope,1521,0,2,1
attn,1521,0,2,1
o_proj,1521,0,2,1
post_layernorm,1521,0,2,1
gate_proj,1521,0,2,1059761
up_proj,1521,0,2,1
act_fn,1521,0,2,1
down_proj,1521,0,2,1
final_layernorm,1521,0,2,49929
lm_head,1521,0,2,2027586
embedding,1522,0,2,334082
input_layernorm,1522,0,2,1
q_proj,1522,0,2,1
k_proj,1522,0,2,1
v_proj,1522,0,2,1
rope,1522,0,2,1
attn,1522,0,2,1
o_proj,1522,0,2,1
post_layernorm,1522,0,2,1
gate_proj,1522,0,2,1059761
up_proj,1522,0,2,1
act_fn,1522,0,2,1
down_proj,1522,0,2,1
final_layernorm,1522,0,2,49929
lm_head,1522,0,2,2027586
embedding,1523,0,2,334082
input_layernorm,1523,0,2,1
q_proj,1523,0,2,1
k_proj,1523,0,2,1
v_proj,1523,0,2,1
rope,1523,0,2,1
attn,1523,0,2,1
o_proj,1523,0,2,1
post_layernorm,1523,0,2,1
gate_proj,1523,0,2,1059761
up_proj,1523,0,2,1
act_fn,1523,0,2,1
down_proj,1523,0,2,1
final_layernorm,1523,0,2,49929
lm_head,1523,0,2,2027586
embedding,1524,0,2,334082
input_layernorm,1524,0,2,1
q_proj,1524,0,2,1
k_proj,1524,0,2,1
v_proj,1524,0,2,1
rope,1524,0,2,1
attn,1524,0,2,1
o_proj,1524,0,2,1
post_layernorm,1524,0,2,1
gate_proj,1524,0,2,1059761
up_proj,1524,0,2,1
act_fn,1524,0,2,1
down_proj,1524,0,2,1
final_layernorm,1524,0,2,49929
lm_head,1524,0,2,2027586
embedding,1525,0,2,334082
input_layernorm,1525,0,2,1
q_proj,1525,0,2,1
k_proj,1525,0,2,1
v_proj,1525,0,2,1
rope,1525,0,2,1
attn,1525,0,2,1
o_proj,1525,0,2,1
post_layernorm,1525,0,2,1
gate_proj,1525,0,2,1059761
up_proj,1525,0,2,1
act_fn,1525,0,2,1
down_proj,1525,0,2,1
final_layernorm,1525,0,2,49929
lm_head,1525,0,2,2027586
embedding,1526,0,2,334082
input_layernorm,1526,0,2,1
q_proj,1526,0,2,1
k_proj,1526,0,2,1
v_proj,1526,0,2,1
rope,1526,0,2,1
attn,1526,0,2,1
o_proj,1526,0,2,1
post_layernorm,1526,0,2,1
gate_proj,1526,0,2,1059761
up_proj,1526,0,2,1
act_fn,1526,0,2,1
down_proj,1526,0,2,1
final_layernorm,1526,0,2,49929
lm_head,1526,0,2,2027586
embedding,1527,0,2,334082
input_layernorm,1527,0,2,1
q_proj,1527,0,2,1
k_proj,1527,0,2,1
v_proj,1527,0,2,1
rope,1527,0,2,1
attn,1527,0,2,1
o_proj,1527,0,2,1
post_layernorm,1527,0,2,1
gate_proj,1527,0,2,1059761
up_proj,1527,0,2,1
act_fn,1527,0,2,1
down_proj,1527,0,2,1
final_layernorm,1527,0,2,49929
lm_head,1527,0,2,2027586
embedding,1528,0,2,334082
input_layernorm,1528,0,2,1
q_proj,1528,0,2,1
k_proj,1528,0,2,1
v_proj,1528,0,2,1
rope,1528,0,2,1
attn,1528,0,2,1
o_proj,1528,0,2,1
post_layernorm,1528,0,2,1
gate_proj,1528,0,2,1059761
up_proj,1528,0,2,1
act_fn,1528,0,2,1
down_proj,1528,0,2,1
final_layernorm,1528,0,2,49929
lm_head,1528,0,2,2027586
embedding,1529,0,2,334082
input_layernorm,1529,0,2,1
q_proj,1529,0,2,1
k_proj,1529,0,2,1
v_proj,1529,0,2,1
rope,1529,0,2,1
attn,1529,0,2,1
o_proj,1529,0,2,1
post_layernorm,1529,0,2,1
gate_proj,1529,0,2,1059761
up_proj,1529,0,2,1
act_fn,1529,0,2,1
down_proj,1529,0,2,1
final_layernorm,1529,0,2,49929
lm_head,1529,0,2,2027586
embedding,1530,0,2,334082
input_layernorm,1530,0,2,1
q_proj,1530,0,2,1
k_proj,1530,0,2,1
v_proj,1530,0,2,1
rope,1530,0,2,1
attn,1530,0,2,1
o_proj,1530,0,2,1
post_layernorm,1530,0,2,1
gate_proj,1530,0,2,1059761
up_proj,1530,0,2,1
act_fn,1530,0,2,1
down_proj,1530,0,2,1
final_layernorm,1530,0,2,49929
lm_head,1530,0,2,2027586
embedding,1531,0,2,334082
input_layernorm,1531,0,2,1
q_proj,1531,0,2,1
k_proj,1531,0,2,1
v_proj,1531,0,2,1
rope,1531,0,2,1
attn,1531,0,2,1
o_proj,1531,0,2,1
post_layernorm,1531,0,2,1
gate_proj,1531,0,2,1059761
up_proj,1531,0,2,1
act_fn,1531,0,2,1
down_proj,1531,0,2,1
final_layernorm,1531,0,2,49929
lm_head,1531,0,2,2027586
embedding,1532,0,2,334082
input_layernorm,1532,0,2,1
q_proj,1532,0,2,1
k_proj,1532,0,2,1
v_proj,1532,0,2,1
rope,1532,0,2,1
attn,1532,0,2,1
o_proj,1532,0,2,1
post_layernorm,1532,0,2,1
gate_proj,1532,0,2,1059761
up_proj,1532,0,2,1
act_fn,1532,0,2,1
down_proj,1532,0,2,1
final_layernorm,1532,0,2,49929
lm_head,1532,0,2,2027586
embedding,1533,0,2,334082
input_layernorm,1533,0,2,1
q_proj,1533,0,2,1
k_proj,1533,0,2,1
v_proj,1533,0,2,1
rope,1533,0,2,1
attn,1533,0,2,1
o_proj,1533,0,2,1
post_layernorm,1533,0,2,1
gate_proj,1533,0,2,1059761
up_proj,1533,0,2,1
act_fn,1533,0,2,1
down_proj,1533,0,2,1
final_layernorm,1533,0,2,49929
lm_head,1533,0,2,2027586
embedding,1534,0,2,334082
input_layernorm,1534,0,2,1
q_proj,1534,0,2,1
k_proj,1534,0,2,1
v_proj,1534,0,2,1
rope,1534,0,2,1
attn,1534,0,2,1
o_proj,1534,0,2,1
post_layernorm,1534,0,2,1
gate_proj,1534,0,2,1059761
up_proj,1534,0,2,1
act_fn,1534,0,2,1
down_proj,1534,0,2,1
final_layernorm,1534,0,2,49929
lm_head,1534,0,2,2027586
embedding,1535,0,2,334082
input_layernorm,1535,0,2,1
q_proj,1535,0,2,1
k_proj,1535,0,2,1
v_proj,1535,0,2,1
rope,1535,0,2,1
attn,1535,0,2,1
o_proj,1535,0,2,1
post_layernorm,1535,0,2,1
gate_proj,1535,0,2,1059761
up_proj,1535,0,2,1
act_fn,1535,0,2,1
down_proj,1535,0,2,1
final_layernorm,1535,0,2,49929
lm_head,1535,0,2,2027586
embedding,1536,0,2,334082
input_layernorm,1536,0,2,1
q_proj,1536,0,2,1
k_proj,1536,0,2,1
v_proj,1536,0,2,1
rope,1536,0,2,1
attn,1536,0,2,1
o_proj,1536,0,2,1
post_layernorm,1536,0,2,1
gate_proj,1536,0,2,1059761
up_proj,1536,0,2,1
act_fn,1536,0,2,1
down_proj,1536,0,2,1
final_layernorm,1536,0,2,49929
lm_head,1536,0,2,2027586
embedding,1537,0,2,334082
input_layernorm,1537,0,2,1
q_proj,1537,0,2,1
k_proj,1537,0,2,1
v_proj,1537,0,2,1
rope,1537,0,2,1
attn,1537,0,2,1
o_proj,1537,0,2,1
post_layernorm,1537,0,2,1
gate_proj,1537,0,2,1059761
up_proj,1537,0,2,1
act_fn,1537,0,2,1
down_proj,1537,0,2,1
final_layernorm,1537,0,2,49929
lm_head,1537,0,2,2027586
embedding,1538,0,2,334082
input_layernorm,1538,0,2,1
q_proj,1538,0,2,1
k_proj,1538,0,2,1
v_proj,1538,0,2,1
rope,1538,0,2,1
attn,1538,0,2,1
o_proj,1538,0,2,1
post_layernorm,1538,0,2,1
gate_proj,1538,0,2,1059761
up_proj,1538,0,2,1
act_fn,1538,0,2,1
down_proj,1538,0,2,1
final_layernorm,1538,0,2,49929
lm_head,1538,0,2,2027586
embedding,1539,0,2,334082
input_layernorm,1539,0,2,1
q_proj,1539,0,2,1
k_proj,1539,0,2,1
v_proj,1539,0,2,1
rope,1539,0,2,1
attn,1539,0,2,1
o_proj,1539,0,2,1
post_layernorm,1539,0,2,1
gate_proj,1539,0,2,1059761
up_proj,1539,0,2,1
act_fn,1539,0,2,1
down_proj,1539,0,2,1
final_layernorm,1539,0,2,49929
lm_head,1539,0,2,2027586
embedding,1540,0,2,334082
input_layernorm,1540,0,2,1
q_proj,1540,0,2,1
k_proj,1540,0,2,1
v_proj,1540,0,2,1
rope,1540,0,2,1
attn,1540,0,2,1
o_proj,1540,0,2,1
post_layernorm,1540,0,2,1
gate_proj,1540,0,2,1059761
up_proj,1540,0,2,1
act_fn,1540,0,2,1
down_proj,1540,0,2,1
final_layernorm,1540,0,2,49929
lm_head,1540,0,2,2027586
embedding,1541,0,2,334082
input_layernorm,1541,0,2,1
q_proj,1541,0,2,1
k_proj,1541,0,2,1
v_proj,1541,0,2,1
rope,1541,0,2,1
attn,1541,0,2,1
o_proj,1541,0,2,1
post_layernorm,1541,0,2,1
gate_proj,1541,0,2,1059761
up_proj,1541,0,2,1
act_fn,1541,0,2,1
down_proj,1541,0,2,1
final_layernorm,1541,0,2,49929
lm_head,1541,0,2,2027586
embedding,1542,0,2,334082
input_layernorm,1542,0,2,1
q_proj,1542,0,2,1
k_proj,1542,0,2,1
v_proj,1542,0,2,1
rope,1542,0,2,1
attn,1542,0,2,1
o_proj,1542,0,2,1
post_layernorm,1542,0,2,1
gate_proj,1542,0,2,1059761
up_proj,1542,0,2,1
act_fn,1542,0,2,1
down_proj,1542,0,2,1
final_layernorm,1542,0,2,49929
lm_head,1542,0,2,2027586
embedding,1543,0,2,334082
input_layernorm,1543,0,2,1
q_proj,1543,0,2,1
k_proj,1543,0,2,1
v_proj,1543,0,2,1
rope,1543,0,2,1
attn,1543,0,2,1
o_proj,1543,0,2,1
post_layernorm,1543,0,2,1
gate_proj,1543,0,2,1059761
up_proj,1543,0,2,1
act_fn,1543,0,2,1
down_proj,1543,0,2,1
final_layernorm,1543,0,2,49929
lm_head,1543,0,2,2027586
embedding,1544,0,2,334082
input_layernorm,1544,0,2,1
q_proj,1544,0,2,1
k_proj,1544,0,2,1
v_proj,1544,0,2,1
rope,1544,0,2,1
attn,1544,0,2,1
o_proj,1544,0,2,1
post_layernorm,1544,0,2,1
gate_proj,1544,0,2,1059761
up_proj,1544,0,2,1
act_fn,1544,0,2,1
down_proj,1544,0,2,1
final_layernorm,1544,0,2,49929
lm_head,1544,0,2,2027586
embedding,1545,0,2,334082
input_layernorm,1545,0,2,1
q_proj,1545,0,2,1
k_proj,1545,0,2,1
v_proj,1545,0,2,1
rope,1545,0,2,1
attn,1545,0,2,1
o_proj,1545,0,2,1
post_layernorm,1545,0,2,1
gate_proj,1545,0,2,1059761
up_proj,1545,0,2,1
act_fn,1545,0,2,1
down_proj,1545,0,2,1
final_layernorm,1545,0,2,49929
lm_head,1545,0,2,2027586
embedding,1546,0,2,334082
input_layernorm,1546,0,2,1
q_proj,1546,0,2,1
k_proj,1546,0,2,1
v_proj,1546,0,2,1
rope,1546,0,2,1
attn,1546,0,2,1
o_proj,1546,0,2,1
post_layernorm,1546,0,2,1
gate_proj,1546,0,2,1059761
up_proj,1546,0,2,1
act_fn,1546,0,2,1
down_proj,1546,0,2,1
final_layernorm,1546,0,2,49929
lm_head,1546,0,2,2027586
embedding,1547,0,2,334082
input_layernorm,1547,0,2,1
q_proj,1547,0,2,1
k_proj,1547,0,2,1
v_proj,1547,0,2,1
rope,1547,0,2,1
attn,1547,0,2,1
o_proj,1547,0,2,1
post_layernorm,1547,0,2,1
gate_proj,1547,0,2,1059761
up_proj,1547,0,2,1
act_fn,1547,0,2,1
down_proj,1547,0,2,1
final_layernorm,1547,0,2,49929
lm_head,1547,0,2,2027586
embedding,1548,0,2,334082
input_layernorm,1548,0,2,1
q_proj,1548,0,2,1
k_proj,1548,0,2,1
v_proj,1548,0,2,1
rope,1548,0,2,1
attn,1548,0,2,1
o_proj,1548,0,2,1
post_layernorm,1548,0,2,1
gate_proj,1548,0,2,1059761
up_proj,1548,0,2,1
act_fn,1548,0,2,1
down_proj,1548,0,2,1
final_layernorm,1548,0,2,49929
lm_head,1548,0,2,2027586
embedding,1549,0,2,334082
input_layernorm,1549,0,2,1
q_proj,1549,0,2,1
k_proj,1549,0,2,1
v_proj,1549,0,2,1
rope,1549,0,2,1
attn,1549,0,2,1
o_proj,1549,0,2,1
post_layernorm,1549,0,2,1
gate_proj,1549,0,2,1059761
up_proj,1549,0,2,1
act_fn,1549,0,2,1
down_proj,1549,0,2,1
final_layernorm,1549,0,2,49929
lm_head,1549,0,2,2027586
embedding,1550,0,2,334082
input_layernorm,1550,0,2,1
q_proj,1550,0,2,1
k_proj,1550,0,2,1
v_proj,1550,0,2,1
rope,1550,0,2,1
attn,1550,0,2,1
o_proj,1550,0,2,1
post_layernorm,1550,0,2,1
gate_proj,1550,0,2,1059761
up_proj,1550,0,2,1
act_fn,1550,0,2,1
down_proj,1550,0,2,1
final_layernorm,1550,0,2,49929
lm_head,1550,0,2,2027586
embedding,1551,0,2,334082
input_layernorm,1551,0,2,1
q_proj,1551,0,2,1
k_proj,1551,0,2,1
v_proj,1551,0,2,1
rope,1551,0,2,1
attn,1551,0,2,1
o_proj,1551,0,2,1
post_layernorm,1551,0,2,1
gate_proj,1551,0,2,1059761
up_proj,1551,0,2,1
act_fn,1551,0,2,1
down_proj,1551,0,2,1
final_layernorm,1551,0,2,49929
lm_head,1551,0,2,2027586
embedding,1552,0,2,334082
input_layernorm,1552,0,2,1
q_proj,1552,0,2,1
k_proj,1552,0,2,1
v_proj,1552,0,2,1
rope,1552,0,2,1
attn,1552,0,2,1
o_proj,1552,0,2,1
post_layernorm,1552,0,2,1
gate_proj,1552,0,2,1059761
up_proj,1552,0,2,1
act_fn,1552,0,2,1
down_proj,1552,0,2,1
final_layernorm,1552,0,2,49929
lm_head,1552,0,2,2027586
embedding,1553,0,2,334082
input_layernorm,1553,0,2,1
q_proj,1553,0,2,1
k_proj,1553,0,2,1
v_proj,1553,0,2,1
rope,1553,0,2,1
attn,1553,0,2,1
o_proj,1553,0,2,1
post_layernorm,1553,0,2,1
gate_proj,1553,0,2,1059761
up_proj,1553,0,2,1
act_fn,1553,0,2,1
down_proj,1553,0,2,1
final_layernorm,1553,0,2,49929
lm_head,1553,0,2,2027586
embedding,1554,0,2,334082
input_layernorm,1554,0,2,1
q_proj,1554,0,2,1
k_proj,1554,0,2,1
v_proj,1554,0,2,1
rope,1554,0,2,1
attn,1554,0,2,1
o_proj,1554,0,2,1
post_layernorm,1554,0,2,1
gate_proj,1554,0,2,1059761
up_proj,1554,0,2,1
act_fn,1554,0,2,1
down_proj,1554,0,2,1
final_layernorm,1554,0,2,49929
lm_head,1554,0,2,2027586
embedding,1555,0,2,334082
input_layernorm,1555,0,2,1
q_proj,1555,0,2,1
k_proj,1555,0,2,1
v_proj,1555,0,2,1
rope,1555,0,2,1
attn,1555,0,2,1
o_proj,1555,0,2,1
post_layernorm,1555,0,2,1
gate_proj,1555,0,2,1059761
up_proj,1555,0,2,1
act_fn,1555,0,2,1
down_proj,1555,0,2,1
final_layernorm,1555,0,2,49929
lm_head,1555,0,2,2027586
embedding,1556,0,2,334082
input_layernorm,1556,0,2,1
q_proj,1556,0,2,1
k_proj,1556,0,2,1
v_proj,1556,0,2,1
rope,1556,0,2,1
attn,1556,0,2,1
o_proj,1556,0,2,1
post_layernorm,1556,0,2,1
gate_proj,1556,0,2,1059761
up_proj,1556,0,2,1
act_fn,1556,0,2,1
down_proj,1556,0,2,1
final_layernorm,1556,0,2,49929
lm_head,1556,0,2,2027586
embedding,1557,0,2,334082
input_layernorm,1557,0,2,1
q_proj,1557,0,2,1
k_proj,1557,0,2,1
v_proj,1557,0,2,1
rope,1557,0,2,1
attn,1557,0,2,1
o_proj,1557,0,2,1
post_layernorm,1557,0,2,1
gate_proj,1557,0,2,1059761
up_proj,1557,0,2,1
act_fn,1557,0,2,1
down_proj,1557,0,2,1
final_layernorm,1557,0,2,49929
lm_head,1557,0,2,2027586
embedding,1558,0,2,334082
input_layernorm,1558,0,2,1
q_proj,1558,0,2,1
k_proj,1558,0,2,1
v_proj,1558,0,2,1
rope,1558,0,2,1
attn,1558,0,2,1
o_proj,1558,0,2,1
post_layernorm,1558,0,2,1
gate_proj,1558,0,2,1059761
up_proj,1558,0,2,1
act_fn,1558,0,2,1
down_proj,1558,0,2,1
final_layernorm,1558,0,2,49929
lm_head,1558,0,2,2027586
embedding,1559,0,2,334082
input_layernorm,1559,0,2,1
q_proj,1559,0,2,1
k_proj,1559,0,2,1
v_proj,1559,0,2,1
rope,1559,0,2,1
attn,1559,0,2,1
o_proj,1559,0,2,1
post_layernorm,1559,0,2,1
gate_proj,1559,0,2,1059761
up_proj,1559,0,2,1
act_fn,1559,0,2,1
down_proj,1559,0,2,1
final_layernorm,1559,0,2,49929
lm_head,1559,0,2,2027586
embedding,1560,0,2,334082
input_layernorm,1560,0,2,1
q_proj,1560,0,2,1
k_proj,1560,0,2,1
v_proj,1560,0,2,1
rope,1560,0,2,1
attn,1560,0,2,1
o_proj,1560,0,2,1
post_layernorm,1560,0,2,1
gate_proj,1560,0,2,1059761
up_proj,1560,0,2,1
act_fn,1560,0,2,1
down_proj,1560,0,2,1
final_layernorm,1560,0,2,49929
lm_head,1560,0,2,2027586
embedding,1561,0,2,334082
input_layernorm,1561,0,2,1
q_proj,1561,0,2,1
k_proj,1561,0,2,1
v_proj,1561,0,2,1
rope,1561,0,2,1
attn,1561,0,2,1
o_proj,1561,0,2,1
post_layernorm,1561,0,2,1
gate_proj,1561,0,2,1059761
up_proj,1561,0,2,1
act_fn,1561,0,2,1
down_proj,1561,0,2,1
final_layernorm,1561,0,2,49929
lm_head,1561,0,2,2027586
embedding,1562,0,2,334082
input_layernorm,1562,0,2,1
q_proj,1562,0,2,1
k_proj,1562,0,2,1
v_proj,1562,0,2,1
rope,1562,0,2,1
attn,1562,0,2,1
o_proj,1562,0,2,1
post_layernorm,1562,0,2,1
gate_proj,1562,0,2,1059761
up_proj,1562,0,2,1
act_fn,1562,0,2,1
down_proj,1562,0,2,1
final_layernorm,1562,0,2,49929
lm_head,1562,0,2,2027586
embedding,1563,0,2,334082
input_layernorm,1563,0,2,1
q_proj,1563,0,2,1
k_proj,1563,0,2,1
v_proj,1563,0,2,1
rope,1563,0,2,1
attn,1563,0,2,1
o_proj,1563,0,2,1
post_layernorm,1563,0,2,1
gate_proj,1563,0,2,1059761
up_proj,1563,0,2,1
act_fn,1563,0,2,1
down_proj,1563,0,2,1
final_layernorm,1563,0,2,49929
lm_head,1563,0,2,2027586
embedding,1564,0,2,334082
input_layernorm,1564,0,2,1
q_proj,1564,0,2,1
k_proj,1564,0,2,1
v_proj,1564,0,2,1
rope,1564,0,2,1
attn,1564,0,2,1
o_proj,1564,0,2,1
post_layernorm,1564,0,2,1
gate_proj,1564,0,2,1059761
up_proj,1564,0,2,1
act_fn,1564,0,2,1
down_proj,1564,0,2,1
final_layernorm,1564,0,2,49929
lm_head,1564,0,2,2027586
embedding,1565,0,2,334082
input_layernorm,1565,0,2,1
q_proj,1565,0,2,1
k_proj,1565,0,2,1
v_proj,1565,0,2,1
rope,1565,0,2,1
attn,1565,0,2,1
o_proj,1565,0,2,1
post_layernorm,1565,0,2,1
gate_proj,1565,0,2,1059761
up_proj,1565,0,2,1
act_fn,1565,0,2,1
down_proj,1565,0,2,1
final_layernorm,1565,0,2,49929
lm_head,1565,0,2,2027586
embedding,1566,0,2,334082
input_layernorm,1566,0,2,1
q_proj,1566,0,2,1
k_proj,1566,0,2,1
v_proj,1566,0,2,1
rope,1566,0,2,1
attn,1566,0,2,1
o_proj,1566,0,2,1
post_layernorm,1566,0,2,1
gate_proj,1566,0,2,1059761
up_proj,1566,0,2,1
act_fn,1566,0,2,1
down_proj,1566,0,2,1
final_layernorm,1566,0,2,49929
lm_head,1566,0,2,2027586
embedding,1567,0,2,334082
input_layernorm,1567,0,2,1
q_proj,1567,0,2,1
k_proj,1567,0,2,1
v_proj,1567,0,2,1
rope,1567,0,2,1
attn,1567,0,2,1
o_proj,1567,0,2,1
post_layernorm,1567,0,2,1
gate_proj,1567,0,2,1059761
up_proj,1567,0,2,1
act_fn,1567,0,2,1
down_proj,1567,0,2,1
final_layernorm,1567,0,2,49929
lm_head,1567,0,2,2027586
embedding,1568,0,2,334082
input_layernorm,1568,0,2,1
q_proj,1568,0,2,1
k_proj,1568,0,2,1
v_proj,1568,0,2,1
rope,1568,0,2,1
attn,1568,0,2,1
o_proj,1568,0,2,1
post_layernorm,1568,0,2,1
gate_proj,1568,0,2,1059761
up_proj,1568,0,2,1
act_fn,1568,0,2,1
down_proj,1568,0,2,1
final_layernorm,1568,0,2,49929
lm_head,1568,0,2,2027586
embedding,1569,0,2,334082
input_layernorm,1569,0,2,1
q_proj,1569,0,2,1
k_proj,1569,0,2,1
v_proj,1569,0,2,1
rope,1569,0,2,1
attn,1569,0,2,1
o_proj,1569,0,2,1
post_layernorm,1569,0,2,1
gate_proj,1569,0,2,1059761
up_proj,1569,0,2,1
act_fn,1569,0,2,1
down_proj,1569,0,2,1
final_layernorm,1569,0,2,49929
lm_head,1569,0,2,2027586
embedding,1570,0,2,334082
input_layernorm,1570,0,2,1
q_proj,1570,0,2,1
k_proj,1570,0,2,1
v_proj,1570,0,2,1
rope,1570,0,2,1
attn,1570,0,2,1
o_proj,1570,0,2,1
post_layernorm,1570,0,2,1
gate_proj,1570,0,2,1059761
up_proj,1570,0,2,1
act_fn,1570,0,2,1
down_proj,1570,0,2,1
final_layernorm,1570,0,2,49929
lm_head,1570,0,2,2027586
embedding,1571,0,2,334082
input_layernorm,1571,0,2,1
q_proj,1571,0,2,1
k_proj,1571,0,2,1
v_proj,1571,0,2,1
rope,1571,0,2,1
attn,1571,0,2,1
o_proj,1571,0,2,1
post_layernorm,1571,0,2,1
gate_proj,1571,0,2,1059761
up_proj,1571,0,2,1
act_fn,1571,0,2,1
down_proj,1571,0,2,1
final_layernorm,1571,0,2,49929
lm_head,1571,0,2,2027586
embedding,1572,0,2,334082
input_layernorm,1572,0,2,1
q_proj,1572,0,2,1
k_proj,1572,0,2,1
v_proj,1572,0,2,1
rope,1572,0,2,1
attn,1572,0,2,1
o_proj,1572,0,2,1
post_layernorm,1572,0,2,1
gate_proj,1572,0,2,1059761
up_proj,1572,0,2,1
act_fn,1572,0,2,1
down_proj,1572,0,2,1
final_layernorm,1572,0,2,49929
lm_head,1572,0,2,2027586
embedding,1573,0,2,334082
input_layernorm,1573,0,2,1
q_proj,1573,0,2,1
k_proj,1573,0,2,1
v_proj,1573,0,2,1
rope,1573,0,2,1
attn,1573,0,2,1
o_proj,1573,0,2,1
post_layernorm,1573,0,2,1
gate_proj,1573,0,2,1059761
up_proj,1573,0,2,1
act_fn,1573,0,2,1
down_proj,1573,0,2,1
final_layernorm,1573,0,2,49929
lm_head,1573,0,2,2027586
embedding,1574,0,2,334082
input_layernorm,1574,0,2,1
q_proj,1574,0,2,1
k_proj,1574,0,2,1
v_proj,1574,0,2,1
rope,1574,0,2,1
attn,1574,0,2,1
o_proj,1574,0,2,1
post_layernorm,1574,0,2,1
gate_proj,1574,0,2,1059761
up_proj,1574,0,2,1
act_fn,1574,0,2,1
down_proj,1574,0,2,1
final_layernorm,1574,0,2,49929
lm_head,1574,0,2,2027586
embedding,1575,0,2,334082
input_layernorm,1575,0,2,1
q_proj,1575,0,2,1
k_proj,1575,0,2,1
v_proj,1575,0,2,1
rope,1575,0,2,1
attn,1575,0,2,1
o_proj,1575,0,2,1
post_layernorm,1575,0,2,1
gate_proj,1575,0,2,1059761
up_proj,1575,0,2,1
act_fn,1575,0,2,1
down_proj,1575,0,2,1
final_layernorm,1575,0,2,49929
lm_head,1575,0,2,2027586
embedding,1576,0,2,334082
input_layernorm,1576,0,2,1
q_proj,1576,0,2,1
k_proj,1576,0,2,1
v_proj,1576,0,2,1
rope,1576,0,2,1
attn,1576,0,2,1
o_proj,1576,0,2,1
post_layernorm,1576,0,2,1
gate_proj,1576,0,2,1059761
up_proj,1576,0,2,1
act_fn,1576,0,2,1
down_proj,1576,0,2,1
final_layernorm,1576,0,2,49929
lm_head,1576,0,2,2027586
embedding,1577,0,2,334082
input_layernorm,1577,0,2,1
q_proj,1577,0,2,1
k_proj,1577,0,2,1
v_proj,1577,0,2,1
rope,1577,0,2,1
attn,1577,0,2,1
o_proj,1577,0,2,1
post_layernorm,1577,0,2,1
gate_proj,1577,0,2,1059761
up_proj,1577,0,2,1
act_fn,1577,0,2,1
down_proj,1577,0,2,1
final_layernorm,1577,0,2,49929
lm_head,1577,0,2,2027586
embedding,1578,0,2,334082
input_layernorm,1578,0,2,1
q_proj,1578,0,2,1
k_proj,1578,0,2,1
v_proj,1578,0,2,1
rope,1578,0,2,1
attn,1578,0,2,1
o_proj,1578,0,2,1
post_layernorm,1578,0,2,1
gate_proj,1578,0,2,1059761
up_proj,1578,0,2,1
act_fn,1578,0,2,1
down_proj,1578,0,2,1
final_layernorm,1578,0,2,49929
lm_head,1578,0,2,2027586
embedding,1579,0,2,334082
input_layernorm,1579,0,2,1
q_proj,1579,0,2,1
k_proj,1579,0,2,1
v_proj,1579,0,2,1
rope,1579,0,2,1
attn,1579,0,2,1
o_proj,1579,0,2,1
post_layernorm,1579,0,2,1
gate_proj,1579,0,2,1059761
up_proj,1579,0,2,1
act_fn,1579,0,2,1
down_proj,1579,0,2,1
final_layernorm,1579,0,2,49929
lm_head,1579,0,2,2027586
embedding,1580,0,2,334082
input_layernorm,1580,0,2,1
q_proj,1580,0,2,1
k_proj,1580,0,2,1
v_proj,1580,0,2,1
rope,1580,0,2,1
attn,1580,0,2,1
o_proj,1580,0,2,1
post_layernorm,1580,0,2,1
gate_proj,1580,0,2,1059761
up_proj,1580,0,2,1
act_fn,1580,0,2,1
down_proj,1580,0,2,1
final_layernorm,1580,0,2,49929
lm_head,1580,0,2,2027586
embedding,1581,0,2,334082
input_layernorm,1581,0,2,1
q_proj,1581,0,2,1
k_proj,1581,0,2,1
v_proj,1581,0,2,1
rope,1581,0,2,1
attn,1581,0,2,1
o_proj,1581,0,2,1
post_layernorm,1581,0,2,1
gate_proj,1581,0,2,1059761
up_proj,1581,0,2,1
act_fn,1581,0,2,1
down_proj,1581,0,2,1
final_layernorm,1581,0,2,49929
lm_head,1581,0,2,2027586
embedding,1582,0,2,334082
input_layernorm,1582,0,2,1
q_proj,1582,0,2,1
k_proj,1582,0,2,1
v_proj,1582,0,2,1
rope,1582,0,2,1
attn,1582,0,2,1
o_proj,1582,0,2,1
post_layernorm,1582,0,2,1
gate_proj,1582,0,2,1059761
up_proj,1582,0,2,1
act_fn,1582,0,2,1
down_proj,1582,0,2,1
final_layernorm,1582,0,2,49929
lm_head,1582,0,2,2027586
embedding,1583,0,2,334082
input_layernorm,1583,0,2,1
q_proj,1583,0,2,1
k_proj,1583,0,2,1
v_proj,1583,0,2,1
rope,1583,0,2,1
attn,1583,0,2,1
o_proj,1583,0,2,1
post_layernorm,1583,0,2,1
gate_proj,1583,0,2,1059761
up_proj,1583,0,2,1
act_fn,1583,0,2,1
down_proj,1583,0,2,1
final_layernorm,1583,0,2,49929
lm_head,1583,0,2,2027586
embedding,1584,0,2,334082
input_layernorm,1584,0,2,1
q_proj,1584,0,2,1
k_proj,1584,0,2,1
v_proj,1584,0,2,1
rope,1584,0,2,1
attn,1584,0,2,1
o_proj,1584,0,2,1
post_layernorm,1584,0,2,1
gate_proj,1584,0,2,1059761
up_proj,1584,0,2,1
act_fn,1584,0,2,1
down_proj,1584,0,2,1
final_layernorm,1584,0,2,49929
lm_head,1584,0,2,2027586
embedding,1585,0,2,334082
input_layernorm,1585,0,2,1
q_proj,1585,0,2,1
k_proj,1585,0,2,1
v_proj,1585,0,2,1
rope,1585,0,2,1
attn,1585,0,2,1
o_proj,1585,0,2,1
post_layernorm,1585,0,2,1
gate_proj,1585,0,2,1059761
up_proj,1585,0,2,1
act_fn,1585,0,2,1
down_proj,1585,0,2,1
final_layernorm,1585,0,2,49929
lm_head,1585,0,2,2027586
embedding,1586,0,2,334082
input_layernorm,1586,0,2,1
q_proj,1586,0,2,1
k_proj,1586,0,2,1
v_proj,1586,0,2,1
rope,1586,0,2,1
attn,1586,0,2,1
o_proj,1586,0,2,1
post_layernorm,1586,0,2,1
gate_proj,1586,0,2,1059761
up_proj,1586,0,2,1
act_fn,1586,0,2,1
down_proj,1586,0,2,1
final_layernorm,1586,0,2,49929
lm_head,1586,0,2,2027586
embedding,1587,0,2,334082
input_layernorm,1587,0,2,1
q_proj,1587,0,2,1
k_proj,1587,0,2,1
v_proj,1587,0,2,1
rope,1587,0,2,1
attn,1587,0,2,1
o_proj,1587,0,2,1
post_layernorm,1587,0,2,1
gate_proj,1587,0,2,1059761
up_proj,1587,0,2,1
act_fn,1587,0,2,1
down_proj,1587,0,2,1
final_layernorm,1587,0,2,49929
lm_head,1587,0,2,2027586
embedding,1588,0,2,334082
input_layernorm,1588,0,2,1
q_proj,1588,0,2,1
k_proj,1588,0,2,1
v_proj,1588,0,2,1
rope,1588,0,2,1
attn,1588,0,2,1
o_proj,1588,0,2,1
post_layernorm,1588,0,2,1
gate_proj,1588,0,2,1059761
up_proj,1588,0,2,1
act_fn,1588,0,2,1
down_proj,1588,0,2,1
final_layernorm,1588,0,2,49929
lm_head,1588,0,2,2027586
embedding,1589,0,2,334082
input_layernorm,1589,0,2,1
q_proj,1589,0,2,1
k_proj,1589,0,2,1
v_proj,1589,0,2,1
rope,1589,0,2,1
attn,1589,0,2,1
o_proj,1589,0,2,1
post_layernorm,1589,0,2,1
gate_proj,1589,0,2,1059761
up_proj,1589,0,2,1
act_fn,1589,0,2,1
down_proj,1589,0,2,1
final_layernorm,1589,0,2,49929
lm_head,1589,0,2,2027586
embedding,1590,0,2,334082
input_layernorm,1590,0,2,1
q_proj,1590,0,2,1
k_proj,1590,0,2,1
v_proj,1590,0,2,1
rope,1590,0,2,1
attn,1590,0,2,1
o_proj,1590,0,2,1
post_layernorm,1590,0,2,1
gate_proj,1590,0,2,1059761
up_proj,1590,0,2,1
act_fn,1590,0,2,1
down_proj,1590,0,2,1
final_layernorm,1590,0,2,49929
lm_head,1590,0,2,2027586
embedding,1591,0,2,334082
input_layernorm,1591,0,2,1
q_proj,1591,0,2,1
k_proj,1591,0,2,1
v_proj,1591,0,2,1
rope,1591,0,2,1
attn,1591,0,2,1
o_proj,1591,0,2,1
post_layernorm,1591,0,2,1
gate_proj,1591,0,2,1059761
up_proj,1591,0,2,1
act_fn,1591,0,2,1
down_proj,1591,0,2,1
final_layernorm,1591,0,2,49929
lm_head,1591,0,2,2027586
embedding,1592,0,2,334082
input_layernorm,1592,0,2,1
q_proj,1592,0,2,1
k_proj,1592,0,2,1
v_proj,1592,0,2,1
rope,1592,0,2,1
attn,1592,0,2,1
o_proj,1592,0,2,1
post_layernorm,1592,0,2,1
gate_proj,1592,0,2,1059761
up_proj,1592,0,2,1
act_fn,1592,0,2,1
down_proj,1592,0,2,1
final_layernorm,1592,0,2,49929
lm_head,1592,0,2,2027586
embedding,1593,0,2,334082
input_layernorm,1593,0,2,1
q_proj,1593,0,2,1
k_proj,1593,0,2,1
v_proj,1593,0,2,1
rope,1593,0,2,1
attn,1593,0,2,1
o_proj,1593,0,2,1
post_layernorm,1593,0,2,1
gate_proj,1593,0,2,1059761
up_proj,1593,0,2,1
act_fn,1593,0,2,1
down_proj,1593,0,2,1
final_layernorm,1593,0,2,49929
lm_head,1593,0,2,2027586
embedding,1594,0,2,334082
input_layernorm,1594,0,2,1
q_proj,1594,0,2,1
k_proj,1594,0,2,1
v_proj,1594,0,2,1
rope,1594,0,2,1
attn,1594,0,2,1
o_proj,1594,0,2,1
post_layernorm,1594,0,2,1
gate_proj,1594,0,2,1059761
up_proj,1594,0,2,1
act_fn,1594,0,2,1
down_proj,1594,0,2,1
final_layernorm,1594,0,2,49929
lm_head,1594,0,2,2027586
embedding,1595,0,2,334082
input_layernorm,1595,0,2,1
q_proj,1595,0,2,1
k_proj,1595,0,2,1
v_proj,1595,0,2,1
rope,1595,0,2,1
attn,1595,0,2,1
o_proj,1595,0,2,1
post_layernorm,1595,0,2,1
gate_proj,1595,0,2,1059761
up_proj,1595,0,2,1
act_fn,1595,0,2,1
down_proj,1595,0,2,1
final_layernorm,1595,0,2,49929
lm_head,1595,0,2,2027586
embedding,1596,0,2,334082
input_layernorm,1596,0,2,1
q_proj,1596,0,2,1
k_proj,1596,0,2,1
v_proj,1596,0,2,1
rope,1596,0,2,1
attn,1596,0,2,1
o_proj,1596,0,2,1
post_layernorm,1596,0,2,1
gate_proj,1596,0,2,1059761
up_proj,1596,0,2,1
act_fn,1596,0,2,1
down_proj,1596,0,2,1
final_layernorm,1596,0,2,49929
lm_head,1596,0,2,2027586
embedding,1597,0,2,334082
input_layernorm,1597,0,2,1
q_proj,1597,0,2,1
k_proj,1597,0,2,1
v_proj,1597,0,2,1
rope,1597,0,2,1
attn,1597,0,2,1
o_proj,1597,0,2,1
post_layernorm,1597,0,2,1
gate_proj,1597,0,2,1059761
up_proj,1597,0,2,1
act_fn,1597,0,2,1
down_proj,1597,0,2,1
final_layernorm,1597,0,2,49929
lm_head,1597,0,2,2027586
embedding,1598,0,2,334082
input_layernorm,1598,0,2,1
q_proj,1598,0,2,1
k_proj,1598,0,2,1
v_proj,1598,0,2,1
rope,1598,0,2,1
attn,1598,0,2,1
o_proj,1598,0,2,1
post_layernorm,1598,0,2,1
gate_proj,1598,0,2,1059761
up_proj,1598,0,2,1
act_fn,1598,0,2,1
down_proj,1598,0,2,1
final_layernorm,1598,0,2,49929
lm_head,1598,0,2,2027586
embedding,1599,0,2,334082
input_layernorm,1599,0,2,1
q_proj,1599,0,2,1
k_proj,1599,0,2,1
v_proj,1599,0,2,1
rope,1599,0,2,1
attn,1599,0,2,1
o_proj,1599,0,2,1
post_layernorm,1599,0,2,1
gate_proj,1599,0,2,1059761
up_proj,1599,0,2,1
act_fn,1599,0,2,1
down_proj,1599,0,2,1
final_layernorm,1599,0,2,49929
lm_head,1599,0,2,2027586
embedding,1600,0,2,334082
input_layernorm,1600,0,2,1
q_proj,1600,0,2,1
k_proj,1600,0,2,1
v_proj,1600,0,2,1
rope,1600,0,2,1
attn,1600,0,2,1
o_proj,1600,0,2,1
post_layernorm,1600,0,2,1
gate_proj,1600,0,2,1059761
up_proj,1600,0,2,1
act_fn,1600,0,2,1
down_proj,1600,0,2,1
final_layernorm,1600,0,2,49929
lm_head,1600,0,2,2027586
embedding,1601,0,2,334082
input_layernorm,1601,0,2,1
q_proj,1601,0,2,1
k_proj,1601,0,2,1
v_proj,1601,0,2,1
rope,1601,0,2,1
attn,1601,0,2,1
o_proj,1601,0,2,1
post_layernorm,1601,0,2,1
gate_proj,1601,0,2,1059761
up_proj,1601,0,2,1
act_fn,1601,0,2,1
down_proj,1601,0,2,1
final_layernorm,1601,0,2,49929
lm_head,1601,0,2,2027586
embedding,1602,0,2,334082
input_layernorm,1602,0,2,1
q_proj,1602,0,2,1
k_proj,1602,0,2,1
v_proj,1602,0,2,1
rope,1602,0,2,1
attn,1602,0,2,1
o_proj,1602,0,2,1
post_layernorm,1602,0,2,1
gate_proj,1602,0,2,1059761
up_proj,1602,0,2,1
act_fn,1602,0,2,1
down_proj,1602,0,2,1
final_layernorm,1602,0,2,49929
lm_head,1602,0,2,2027586
embedding,1603,0,2,334082
input_layernorm,1603,0,2,1
q_proj,1603,0,2,1
k_proj,1603,0,2,1
v_proj,1603,0,2,1
rope,1603,0,2,1
attn,1603,0,2,1
o_proj,1603,0,2,1
post_layernorm,1603,0,2,1
gate_proj,1603,0,2,1059761
up_proj,1603,0,2,1
act_fn,1603,0,2,1
down_proj,1603,0,2,1
final_layernorm,1603,0,2,49929
lm_head,1603,0,2,2027586
embedding,1604,0,2,334082
input_layernorm,1604,0,2,1
q_proj,1604,0,2,1
k_proj,1604,0,2,1
v_proj,1604,0,2,1
rope,1604,0,2,1
attn,1604,0,2,1
o_proj,1604,0,2,1
post_layernorm,1604,0,2,1
gate_proj,1604,0,2,1059761
up_proj,1604,0,2,1
act_fn,1604,0,2,1
down_proj,1604,0,2,1
final_layernorm,1604,0,2,49929
lm_head,1604,0,2,2027586
embedding,1605,0,2,334082
input_layernorm,1605,0,2,1
q_proj,1605,0,2,1
k_proj,1605,0,2,1
v_proj,1605,0,2,1
rope,1605,0,2,1
attn,1605,0,2,1
o_proj,1605,0,2,1
post_layernorm,1605,0,2,1
gate_proj,1605,0,2,1059761
up_proj,1605,0,2,1
act_fn,1605,0,2,1
down_proj,1605,0,2,1
final_layernorm,1605,0,2,49929
lm_head,1605,0,2,2027586
embedding,1606,0,2,334082
input_layernorm,1606,0,2,1
q_proj,1606,0,2,1
k_proj,1606,0,2,1
v_proj,1606,0,2,1
rope,1606,0,2,1
attn,1606,0,2,1
o_proj,1606,0,2,1
post_layernorm,1606,0,2,1
gate_proj,1606,0,2,1059761
up_proj,1606,0,2,1
act_fn,1606,0,2,1
down_proj,1606,0,2,1
final_layernorm,1606,0,2,49929
lm_head,1606,0,2,2027586
embedding,1607,0,2,334082
input_layernorm,1607,0,2,1
q_proj,1607,0,2,1
k_proj,1607,0,2,1
v_proj,1607,0,2,1
rope,1607,0,2,1
attn,1607,0,2,1
o_proj,1607,0,2,1
post_layernorm,1607,0,2,1
gate_proj,1607,0,2,1059761
up_proj,1607,0,2,1
act_fn,1607,0,2,1
down_proj,1607,0,2,1
final_layernorm,1607,0,2,49929
lm_head,1607,0,2,2027586
embedding,1608,0,2,334082
input_layernorm,1608,0,2,1
q_proj,1608,0,2,1
k_proj,1608,0,2,1
v_proj,1608,0,2,1
rope,1608,0,2,1
attn,1608,0,2,1
o_proj,1608,0,2,1
post_layernorm,1608,0,2,1
gate_proj,1608,0,2,1059761
up_proj,1608,0,2,1
act_fn,1608,0,2,1
down_proj,1608,0,2,1
final_layernorm,1608,0,2,49929
lm_head,1608,0,2,2027586
embedding,1609,0,2,334082
input_layernorm,1609,0,2,1
q_proj,1609,0,2,1
k_proj,1609,0,2,1
v_proj,1609,0,2,1
rope,1609,0,2,1
attn,1609,0,2,1
o_proj,1609,0,2,1
post_layernorm,1609,0,2,1
gate_proj,1609,0,2,1059761
up_proj,1609,0,2,1
act_fn,1609,0,2,1
down_proj,1609,0,2,1
final_layernorm,1609,0,2,49929
lm_head,1609,0,2,2027586
embedding,1610,0,2,334082
input_layernorm,1610,0,2,1
q_proj,1610,0,2,1
k_proj,1610,0,2,1
v_proj,1610,0,2,1
rope,1610,0,2,1
attn,1610,0,2,1
o_proj,1610,0,2,1
post_layernorm,1610,0,2,1
gate_proj,1610,0,2,1059761
up_proj,1610,0,2,1
act_fn,1610,0,2,1
down_proj,1610,0,2,1
final_layernorm,1610,0,2,49929
lm_head,1610,0,2,2027586
embedding,1611,0,2,334082
input_layernorm,1611,0,2,1
q_proj,1611,0,2,1
k_proj,1611,0,2,1
v_proj,1611,0,2,1
rope,1611,0,2,1
attn,1611,0,2,1
o_proj,1611,0,2,1
post_layernorm,1611,0,2,1
gate_proj,1611,0,2,1059761
up_proj,1611,0,2,1
act_fn,1611,0,2,1
down_proj,1611,0,2,1
final_layernorm,1611,0,2,49929
lm_head,1611,0,2,2027586
embedding,1612,0,2,334082
input_layernorm,1612,0,2,1
q_proj,1612,0,2,1
k_proj,1612,0,2,1
v_proj,1612,0,2,1
rope,1612,0,2,1
attn,1612,0,2,1
o_proj,1612,0,2,1
post_layernorm,1612,0,2,1
gate_proj,1612,0,2,1059761
up_proj,1612,0,2,1
act_fn,1612,0,2,1
down_proj,1612,0,2,1
final_layernorm,1612,0,2,49929
lm_head,1612,0,2,2027586
embedding,1613,0,2,334082
input_layernorm,1613,0,2,1
q_proj,1613,0,2,1
k_proj,1613,0,2,1
v_proj,1613,0,2,1
rope,1613,0,2,1
attn,1613,0,2,1
o_proj,1613,0,2,1
post_layernorm,1613,0,2,1
gate_proj,1613,0,2,1059761
up_proj,1613,0,2,1
act_fn,1613,0,2,1
down_proj,1613,0,2,1
final_layernorm,1613,0,2,49929
lm_head,1613,0,2,2027586
embedding,1614,0,2,334082
input_layernorm,1614,0,2,1
q_proj,1614,0,2,1
k_proj,1614,0,2,1
v_proj,1614,0,2,1
rope,1614,0,2,1
attn,1614,0,2,1
o_proj,1614,0,2,1
post_layernorm,1614,0,2,1
gate_proj,1614,0,2,1059761
up_proj,1614,0,2,1
act_fn,1614,0,2,1
down_proj,1614,0,2,1
final_layernorm,1614,0,2,49929
lm_head,1614,0,2,2027586
embedding,1615,0,2,334082
input_layernorm,1615,0,2,1
q_proj,1615,0,2,1
k_proj,1615,0,2,1
v_proj,1615,0,2,1
rope,1615,0,2,1
attn,1615,0,2,1
o_proj,1615,0,2,1
post_layernorm,1615,0,2,1
gate_proj,1615,0,2,1059761
up_proj,1615,0,2,1
act_fn,1615,0,2,1
down_proj,1615,0,2,1
final_layernorm,1615,0,2,49929
lm_head,1615,0,2,2027586
embedding,1616,0,2,334082
input_layernorm,1616,0,2,1
q_proj,1616,0,2,1
k_proj,1616,0,2,1
v_proj,1616,0,2,1
rope,1616,0,2,1
attn,1616,0,2,1
o_proj,1616,0,2,1
post_layernorm,1616,0,2,1
gate_proj,1616,0,2,1059761
up_proj,1616,0,2,1
act_fn,1616,0,2,1
down_proj,1616,0,2,1
final_layernorm,1616,0,2,49929
lm_head,1616,0,2,2027586
embedding,1617,0,2,334082
input_layernorm,1617,0,2,1
q_proj,1617,0,2,1
k_proj,1617,0,2,1
v_proj,1617,0,2,1
rope,1617,0,2,1
attn,1617,0,2,1
o_proj,1617,0,2,1
post_layernorm,1617,0,2,1
gate_proj,1617,0,2,1059761
up_proj,1617,0,2,1
act_fn,1617,0,2,1
down_proj,1617,0,2,1
final_layernorm,1617,0,2,49929
lm_head,1617,0,2,2027586
embedding,1618,0,2,334082
input_layernorm,1618,0,2,1
q_proj,1618,0,2,1
k_proj,1618,0,2,1
v_proj,1618,0,2,1
rope,1618,0,2,1
attn,1618,0,2,1
o_proj,1618,0,2,1
post_layernorm,1618,0,2,1
gate_proj,1618,0,2,1059761
up_proj,1618,0,2,1
act_fn,1618,0,2,1
down_proj,1618,0,2,1
final_layernorm,1618,0,2,49929
lm_head,1618,0,2,2027586
embedding,1619,0,2,334082
input_layernorm,1619,0,2,1
q_proj,1619,0,2,1
k_proj,1619,0,2,1
v_proj,1619,0,2,1
rope,1619,0,2,1
attn,1619,0,2,1
o_proj,1619,0,2,1
post_layernorm,1619,0,2,1
gate_proj,1619,0,2,1059761
up_proj,1619,0,2,1
act_fn,1619,0,2,1
down_proj,1619,0,2,1
final_layernorm,1619,0,2,49929
lm_head,1619,0,2,2027586
embedding,1620,0,2,334082
input_layernorm,1620,0,2,1
q_proj,1620,0,2,1
k_proj,1620,0,2,1
v_proj,1620,0,2,1
rope,1620,0,2,1
attn,1620,0,2,1
o_proj,1620,0,2,1
post_layernorm,1620,0,2,1
gate_proj,1620,0,2,1059761
up_proj,1620,0,2,1
act_fn,1620,0,2,1
down_proj,1620,0,2,1
final_layernorm,1620,0,2,49929
lm_head,1620,0,2,2027586
embedding,1621,0,2,334082
input_layernorm,1621,0,2,1
q_proj,1621,0,2,1
k_proj,1621,0,2,1
v_proj,1621,0,2,1
rope,1621,0,2,1
attn,1621,0,2,1
o_proj,1621,0,2,1
post_layernorm,1621,0,2,1
gate_proj,1621,0,2,1059761
up_proj,1621,0,2,1
act_fn,1621,0,2,1
down_proj,1621,0,2,1
final_layernorm,1621,0,2,49929
lm_head,1621,0,2,2027586
embedding,1622,0,2,334082
input_layernorm,1622,0,2,1
q_proj,1622,0,2,1
k_proj,1622,0,2,1
v_proj,1622,0,2,1
rope,1622,0,2,1
attn,1622,0,2,1
o_proj,1622,0,2,1
post_layernorm,1622,0,2,1
gate_proj,1622,0,2,1059761
up_proj,1622,0,2,1
act_fn,1622,0,2,1
down_proj,1622,0,2,1
final_layernorm,1622,0,2,49929
lm_head,1622,0,2,2027586
embedding,1623,0,2,334082
input_layernorm,1623,0,2,1
q_proj,1623,0,2,1
k_proj,1623,0,2,1
v_proj,1623,0,2,1
rope,1623,0,2,1
attn,1623,0,2,1
o_proj,1623,0,2,1
post_layernorm,1623,0,2,1
gate_proj,1623,0,2,1059761
up_proj,1623,0,2,1
act_fn,1623,0,2,1
down_proj,1623,0,2,1
final_layernorm,1623,0,2,49929
lm_head,1623,0,2,2027586
embedding,1624,0,2,334082
input_layernorm,1624,0,2,1
q_proj,1624,0,2,1
k_proj,1624,0,2,1
v_proj,1624,0,2,1
rope,1624,0,2,1
attn,1624,0,2,1
o_proj,1624,0,2,1
post_layernorm,1624,0,2,1
gate_proj,1624,0,2,1059761
up_proj,1624,0,2,1
act_fn,1624,0,2,1
down_proj,1624,0,2,1
final_layernorm,1624,0,2,49929
lm_head,1624,0,2,2027586
embedding,1625,0,2,334082
input_layernorm,1625,0,2,1
q_proj,1625,0,2,1
k_proj,1625,0,2,1
v_proj,1625,0,2,1
rope,1625,0,2,1
attn,1625,0,2,1
o_proj,1625,0,2,1
post_layernorm,1625,0,2,1
gate_proj,1625,0,2,1059761
up_proj,1625,0,2,1
act_fn,1625,0,2,1
down_proj,1625,0,2,1
final_layernorm,1625,0,2,49929
lm_head,1625,0,2,2027586
embedding,1626,0,2,334082
input_layernorm,1626,0,2,1
q_proj,1626,0,2,1
k_proj,1626,0,2,1
v_proj,1626,0,2,1
rope,1626,0,2,1
attn,1626,0,2,1
o_proj,1626,0,2,1
post_layernorm,1626,0,2,1
gate_proj,1626,0,2,1059761
up_proj,1626,0,2,1
act_fn,1626,0,2,1
down_proj,1626,0,2,1
final_layernorm,1626,0,2,49929
lm_head,1626,0,2,2027586
embedding,1627,0,2,334082
input_layernorm,1627,0,2,1
q_proj,1627,0,2,1
k_proj,1627,0,2,1
v_proj,1627,0,2,1
rope,1627,0,2,1
attn,1627,0,2,1
o_proj,1627,0,2,1
post_layernorm,1627,0,2,1
gate_proj,1627,0,2,1059761
up_proj,1627,0,2,1
act_fn,1627,0,2,1
down_proj,1627,0,2,1
final_layernorm,1627,0,2,49929
lm_head,1627,0,2,2027586
embedding,1628,0,2,334082
input_layernorm,1628,0,2,1
q_proj,1628,0,2,1
k_proj,1628,0,2,1
v_proj,1628,0,2,1
rope,1628,0,2,1
attn,1628,0,2,1
o_proj,1628,0,2,1
post_layernorm,1628,0,2,1
gate_proj,1628,0,2,1059761
up_proj,1628,0,2,1
act_fn,1628,0,2,1
down_proj,1628,0,2,1
final_layernorm,1628,0,2,49929
lm_head,1628,0,2,2027586
embedding,1629,0,2,334082
input_layernorm,1629,0,2,1
q_proj,1629,0,2,1
k_proj,1629,0,2,1
v_proj,1629,0,2,1
rope,1629,0,2,1
attn,1629,0,2,1
o_proj,1629,0,2,1
post_layernorm,1629,0,2,1
gate_proj,1629,0,2,1059761
up_proj,1629,0,2,1
act_fn,1629,0,2,1
down_proj,1629,0,2,1
final_layernorm,1629,0,2,49929
lm_head,1629,0,2,2027586
embedding,1630,0,2,334082
input_layernorm,1630,0,2,1
q_proj,1630,0,2,1
k_proj,1630,0,2,1
v_proj,1630,0,2,1
rope,1630,0,2,1
attn,1630,0,2,1
o_proj,1630,0,2,1
post_layernorm,1630,0,2,1
gate_proj,1630,0,2,1059761
up_proj,1630,0,2,1
act_fn,1630,0,2,1
down_proj,1630,0,2,1
final_layernorm,1630,0,2,49929
lm_head,1630,0,2,2027586
embedding,1631,0,2,334082
input_layernorm,1631,0,2,1
q_proj,1631,0,2,1
k_proj,1631,0,2,1
v_proj,1631,0,2,1
rope,1631,0,2,1
attn,1631,0,2,1
o_proj,1631,0,2,1
post_layernorm,1631,0,2,1
gate_proj,1631,0,2,1059761
up_proj,1631,0,2,1
act_fn,1631,0,2,1
down_proj,1631,0,2,1
final_layernorm,1631,0,2,49929
lm_head,1631,0,2,2027586
embedding,1632,0,2,334082
input_layernorm,1632,0,2,1
q_proj,1632,0,2,1
k_proj,1632,0,2,1
v_proj,1632,0,2,1
rope,1632,0,2,1
attn,1632,0,2,1
o_proj,1632,0,2,1
post_layernorm,1632,0,2,1
gate_proj,1632,0,2,1059761
up_proj,1632,0,2,1
act_fn,1632,0,2,1
down_proj,1632,0,2,1
final_layernorm,1632,0,2,49929
lm_head,1632,0,2,2027586
embedding,1633,0,2,334082
input_layernorm,1633,0,2,1
q_proj,1633,0,2,1
k_proj,1633,0,2,1
v_proj,1633,0,2,1
rope,1633,0,2,1
attn,1633,0,2,1
o_proj,1633,0,2,1
post_layernorm,1633,0,2,1
gate_proj,1633,0,2,1059761
up_proj,1633,0,2,1
act_fn,1633,0,2,1
down_proj,1633,0,2,1
final_layernorm,1633,0,2,49929
lm_head,1633,0,2,2027586
embedding,1634,0,2,334082
input_layernorm,1634,0,2,1
q_proj,1634,0,2,1
k_proj,1634,0,2,1
v_proj,1634,0,2,1
rope,1634,0,2,1
attn,1634,0,2,1
o_proj,1634,0,2,1
post_layernorm,1634,0,2,1
gate_proj,1634,0,2,1059761
up_proj,1634,0,2,1
act_fn,1634,0,2,1
down_proj,1634,0,2,1
final_layernorm,1634,0,2,49929
lm_head,1634,0,2,2027586
embedding,1635,0,2,334082
input_layernorm,1635,0,2,1
q_proj,1635,0,2,1
k_proj,1635,0,2,1
v_proj,1635,0,2,1
rope,1635,0,2,1
attn,1635,0,2,1
o_proj,1635,0,2,1
post_layernorm,1635,0,2,1
gate_proj,1635,0,2,1059761
up_proj,1635,0,2,1
act_fn,1635,0,2,1
down_proj,1635,0,2,1
final_layernorm,1635,0,2,49929
lm_head,1635,0,2,2027586
embedding,1636,0,2,334082
input_layernorm,1636,0,2,1
q_proj,1636,0,2,1
k_proj,1636,0,2,1
v_proj,1636,0,2,1
rope,1636,0,2,1
attn,1636,0,2,1
o_proj,1636,0,2,1
post_layernorm,1636,0,2,1
gate_proj,1636,0,2,1059761
up_proj,1636,0,2,1
act_fn,1636,0,2,1
down_proj,1636,0,2,1
final_layernorm,1636,0,2,49929
lm_head,1636,0,2,2027586
embedding,1637,0,2,334082
input_layernorm,1637,0,2,1
q_proj,1637,0,2,1
k_proj,1637,0,2,1
v_proj,1637,0,2,1
rope,1637,0,2,1
attn,1637,0,2,1
o_proj,1637,0,2,1
post_layernorm,1637,0,2,1
gate_proj,1637,0,2,1059761
up_proj,1637,0,2,1
act_fn,1637,0,2,1
down_proj,1637,0,2,1
final_layernorm,1637,0,2,49929
lm_head,1637,0,2,2027586
embedding,1638,0,2,334082
input_layernorm,1638,0,2,1
q_proj,1638,0,2,1
k_proj,1638,0,2,1
v_proj,1638,0,2,1
rope,1638,0,2,1
attn,1638,0,2,1
o_proj,1638,0,2,1
post_layernorm,1638,0,2,1
gate_proj,1638,0,2,1059761
up_proj,1638,0,2,1
act_fn,1638,0,2,1
down_proj,1638,0,2,1
final_layernorm,1638,0,2,49929
lm_head,1638,0,2,2027586
embedding,1639,0,2,334082
input_layernorm,1639,0,2,1
q_proj,1639,0,2,1
k_proj,1639,0,2,1
v_proj,1639,0,2,1
rope,1639,0,2,1
attn,1639,0,2,1
o_proj,1639,0,2,1
post_layernorm,1639,0,2,1
gate_proj,1639,0,2,1059761
up_proj,1639,0,2,1
act_fn,1639,0,2,1
down_proj,1639,0,2,1
final_layernorm,1639,0,2,49929
lm_head,1639,0,2,2027586
embedding,1640,0,2,334082
input_layernorm,1640,0,2,1
q_proj,1640,0,2,1
k_proj,1640,0,2,1
v_proj,1640,0,2,1
rope,1640,0,2,1
attn,1640,0,2,1
o_proj,1640,0,2,1
post_layernorm,1640,0,2,1
gate_proj,1640,0,2,1059761
up_proj,1640,0,2,1
act_fn,1640,0,2,1
down_proj,1640,0,2,1
final_layernorm,1640,0,2,49929
lm_head,1640,0,2,2027586
embedding,1641,0,2,334082
input_layernorm,1641,0,2,1
q_proj,1641,0,2,1
k_proj,1641,0,2,1
v_proj,1641,0,2,1
rope,1641,0,2,1
attn,1641,0,2,1
o_proj,1641,0,2,1
post_layernorm,1641,0,2,1
gate_proj,1641,0,2,1059761
up_proj,1641,0,2,1
act_fn,1641,0,2,1
down_proj,1641,0,2,1
final_layernorm,1641,0,2,49929
lm_head,1641,0,2,2027586
embedding,1642,0,2,334082
input_layernorm,1642,0,2,1
q_proj,1642,0,2,1
k_proj,1642,0,2,1
v_proj,1642,0,2,1
rope,1642,0,2,1
attn,1642,0,2,1
o_proj,1642,0,2,1
post_layernorm,1642,0,2,1
gate_proj,1642,0,2,1059761
up_proj,1642,0,2,1
act_fn,1642,0,2,1
down_proj,1642,0,2,1
final_layernorm,1642,0,2,49929
lm_head,1642,0,2,2027586
embedding,1643,0,2,334082
input_layernorm,1643,0,2,1
q_proj,1643,0,2,1
k_proj,1643,0,2,1
v_proj,1643,0,2,1
rope,1643,0,2,1
attn,1643,0,2,1
o_proj,1643,0,2,1
post_layernorm,1643,0,2,1
gate_proj,1643,0,2,1059761
up_proj,1643,0,2,1
act_fn,1643,0,2,1
down_proj,1643,0,2,1
final_layernorm,1643,0,2,49929
lm_head,1643,0,2,2027586
embedding,1644,0,2,334082
input_layernorm,1644,0,2,1
q_proj,1644,0,2,1
k_proj,1644,0,2,1
v_proj,1644,0,2,1
rope,1644,0,2,1
attn,1644,0,2,1
o_proj,1644,0,2,1
post_layernorm,1644,0,2,1
gate_proj,1644,0,2,1059761
up_proj,1644,0,2,1
act_fn,1644,0,2,1
down_proj,1644,0,2,1
final_layernorm,1644,0,2,49929
lm_head,1644,0,2,2027586
embedding,1645,0,2,334082
input_layernorm,1645,0,2,1
q_proj,1645,0,2,1
k_proj,1645,0,2,1
v_proj,1645,0,2,1
rope,1645,0,2,1
attn,1645,0,2,1
o_proj,1645,0,2,1
post_layernorm,1645,0,2,1
gate_proj,1645,0,2,1059761
up_proj,1645,0,2,1
act_fn,1645,0,2,1
down_proj,1645,0,2,1
final_layernorm,1645,0,2,49929
lm_head,1645,0,2,2027586
embedding,1646,0,2,334082
input_layernorm,1646,0,2,1
q_proj,1646,0,2,1
k_proj,1646,0,2,1
v_proj,1646,0,2,1
rope,1646,0,2,1
attn,1646,0,2,1
o_proj,1646,0,2,1
post_layernorm,1646,0,2,1
gate_proj,1646,0,2,1059761
up_proj,1646,0,2,1
act_fn,1646,0,2,1
down_proj,1646,0,2,1
final_layernorm,1646,0,2,49929
lm_head,1646,0,2,2027586
embedding,1647,0,2,334082
input_layernorm,1647,0,2,1
q_proj,1647,0,2,1
k_proj,1647,0,2,1
v_proj,1647,0,2,1
rope,1647,0,2,1
attn,1647,0,2,1
o_proj,1647,0,2,1
post_layernorm,1647,0,2,1
gate_proj,1647,0,2,1059761
up_proj,1647,0,2,1
act_fn,1647,0,2,1
down_proj,1647,0,2,1
final_layernorm,1647,0,2,49929
lm_head,1647,0,2,2027586
embedding,1648,0,2,334082
input_layernorm,1648,0,2,1
q_proj,1648,0,2,1
k_proj,1648,0,2,1
v_proj,1648,0,2,1
rope,1648,0,2,1
attn,1648,0,2,1
o_proj,1648,0,2,1
post_layernorm,1648,0,2,1
gate_proj,1648,0,2,1059761
up_proj,1648,0,2,1
act_fn,1648,0,2,1
down_proj,1648,0,2,1
final_layernorm,1648,0,2,49929
lm_head,1648,0,2,2027586
embedding,1649,0,2,334082
input_layernorm,1649,0,2,1
q_proj,1649,0,2,1
k_proj,1649,0,2,1
v_proj,1649,0,2,1
rope,1649,0,2,1
attn,1649,0,2,1
o_proj,1649,0,2,1
post_layernorm,1649,0,2,1
gate_proj,1649,0,2,1059761
up_proj,1649,0,2,1
act_fn,1649,0,2,1
down_proj,1649,0,2,1
final_layernorm,1649,0,2,49929
lm_head,1649,0,2,2027586
embedding,1650,0,2,334082
input_layernorm,1650,0,2,1
q_proj,1650,0,2,1
k_proj,1650,0,2,1
v_proj,1650,0,2,1
rope,1650,0,2,1
attn,1650,0,2,1
o_proj,1650,0,2,1
post_layernorm,1650,0,2,1
gate_proj,1650,0,2,1059761
up_proj,1650,0,2,1
act_fn,1650,0,2,1
down_proj,1650,0,2,1
final_layernorm,1650,0,2,49929
lm_head,1650,0,2,2027586
embedding,1651,0,2,334082
input_layernorm,1651,0,2,1
q_proj,1651,0,2,1
k_proj,1651,0,2,1
v_proj,1651,0,2,1
rope,1651,0,2,1
attn,1651,0,2,1
o_proj,1651,0,2,1
post_layernorm,1651,0,2,1
gate_proj,1651,0,2,1059761
up_proj,1651,0,2,1
act_fn,1651,0,2,1
down_proj,1651,0,2,1
final_layernorm,1651,0,2,49929
lm_head,1651,0,2,2027586
embedding,1652,0,2,334082
input_layernorm,1652,0,2,1
q_proj,1652,0,2,1
k_proj,1652,0,2,1
v_proj,1652,0,2,1
rope,1652,0,2,1
attn,1652,0,2,1
o_proj,1652,0,2,1
post_layernorm,1652,0,2,1
gate_proj,1652,0,2,1059761
up_proj,1652,0,2,1
act_fn,1652,0,2,1
down_proj,1652,0,2,1
final_layernorm,1652,0,2,49929
lm_head,1652,0,2,2027586
embedding,1653,0,2,334082
input_layernorm,1653,0,2,1
q_proj,1653,0,2,1
k_proj,1653,0,2,1
v_proj,1653,0,2,1
rope,1653,0,2,1
attn,1653,0,2,1
o_proj,1653,0,2,1
post_layernorm,1653,0,2,1
gate_proj,1653,0,2,1059761
up_proj,1653,0,2,1
act_fn,1653,0,2,1
down_proj,1653,0,2,1
final_layernorm,1653,0,2,49929
lm_head,1653,0,2,2027586
embedding,1654,0,2,334082
input_layernorm,1654,0,2,1
q_proj,1654,0,2,1
k_proj,1654,0,2,1
v_proj,1654,0,2,1
rope,1654,0,2,1
attn,1654,0,2,1
o_proj,1654,0,2,1
post_layernorm,1654,0,2,1
gate_proj,1654,0,2,1059761
up_proj,1654,0,2,1
act_fn,1654,0,2,1
down_proj,1654,0,2,1
final_layernorm,1654,0,2,49929
lm_head,1654,0,2,2027586
embedding,1655,0,2,334082
input_layernorm,1655,0,2,1
q_proj,1655,0,2,1
k_proj,1655,0,2,1
v_proj,1655,0,2,1
rope,1655,0,2,1
attn,1655,0,2,1
o_proj,1655,0,2,1
post_layernorm,1655,0,2,1
gate_proj,1655,0,2,1059761
up_proj,1655,0,2,1
act_fn,1655,0,2,1
down_proj,1655,0,2,1
final_layernorm,1655,0,2,49929
lm_head,1655,0,2,2027586
embedding,1656,0,2,334082
input_layernorm,1656,0,2,1
q_proj,1656,0,2,1
k_proj,1656,0,2,1
v_proj,1656,0,2,1
rope,1656,0,2,1
attn,1656,0,2,1
o_proj,1656,0,2,1
post_layernorm,1656,0,2,1
gate_proj,1656,0,2,1059761
up_proj,1656,0,2,1
act_fn,1656,0,2,1
down_proj,1656,0,2,1
final_layernorm,1656,0,2,49929
lm_head,1656,0,2,2027586
embedding,1657,0,2,334082
input_layernorm,1657,0,2,1
q_proj,1657,0,2,1
k_proj,1657,0,2,1
v_proj,1657,0,2,1
rope,1657,0,2,1
attn,1657,0,2,1
o_proj,1657,0,2,1
post_layernorm,1657,0,2,1
gate_proj,1657,0,2,1059761
up_proj,1657,0,2,1
act_fn,1657,0,2,1
down_proj,1657,0,2,1
final_layernorm,1657,0,2,49929
lm_head,1657,0,2,2027586
embedding,1658,0,2,334082
input_layernorm,1658,0,2,1
q_proj,1658,0,2,1
k_proj,1658,0,2,1
v_proj,1658,0,2,1
rope,1658,0,2,1
attn,1658,0,2,1
o_proj,1658,0,2,1
post_layernorm,1658,0,2,1
gate_proj,1658,0,2,1059761
up_proj,1658,0,2,1
act_fn,1658,0,2,1
down_proj,1658,0,2,1
final_layernorm,1658,0,2,49929
lm_head,1658,0,2,2027586
embedding,1659,0,2,334082
input_layernorm,1659,0,2,1
q_proj,1659,0,2,1
k_proj,1659,0,2,1
v_proj,1659,0,2,1
rope,1659,0,2,1
attn,1659,0,2,1
o_proj,1659,0,2,1
post_layernorm,1659,0,2,1
gate_proj,1659,0,2,1059761
up_proj,1659,0,2,1
act_fn,1659,0,2,1
down_proj,1659,0,2,1
final_layernorm,1659,0,2,49929
lm_head,1659,0,2,2027586
embedding,1660,0,2,334082
input_layernorm,1660,0,2,1
q_proj,1660,0,2,1
k_proj,1660,0,2,1
v_proj,1660,0,2,1
rope,1660,0,2,1
attn,1660,0,2,1
o_proj,1660,0,2,1
post_layernorm,1660,0,2,1
gate_proj,1660,0,2,1059761
up_proj,1660,0,2,1
act_fn,1660,0,2,1
down_proj,1660,0,2,1
final_layernorm,1660,0,2,49929
lm_head,1660,0,2,2027586
embedding,1661,0,2,334082
input_layernorm,1661,0,2,1
q_proj,1661,0,2,1
k_proj,1661,0,2,1
v_proj,1661,0,2,1
rope,1661,0,2,1
attn,1661,0,2,1
o_proj,1661,0,2,1
post_layernorm,1661,0,2,1
gate_proj,1661,0,2,1059761
up_proj,1661,0,2,1
act_fn,1661,0,2,1
down_proj,1661,0,2,1
final_layernorm,1661,0,2,49929
lm_head,1661,0,2,2027586
embedding,1662,0,2,334082
input_layernorm,1662,0,2,1
q_proj,1662,0,2,1
k_proj,1662,0,2,1
v_proj,1662,0,2,1
rope,1662,0,2,1
attn,1662,0,2,1
o_proj,1662,0,2,1
post_layernorm,1662,0,2,1
gate_proj,1662,0,2,1059761
up_proj,1662,0,2,1
act_fn,1662,0,2,1
down_proj,1662,0,2,1
final_layernorm,1662,0,2,49929
lm_head,1662,0,2,2027586
embedding,1663,0,2,334082
input_layernorm,1663,0,2,1
q_proj,1663,0,2,1
k_proj,1663,0,2,1
v_proj,1663,0,2,1
rope,1663,0,2,1
attn,1663,0,2,1
o_proj,1663,0,2,1
post_layernorm,1663,0,2,1
gate_proj,1663,0,2,1059761
up_proj,1663,0,2,1
act_fn,1663,0,2,1
down_proj,1663,0,2,1
final_layernorm,1663,0,2,49929
lm_head,1663,0,2,2027586
embedding,1664,0,2,334082
input_layernorm,1664,0,2,1
q_proj,1664,0,2,1
k_proj,1664,0,2,1
v_proj,1664,0,2,1
rope,1664,0,2,1
attn,1664,0,2,1
o_proj,1664,0,2,1
post_layernorm,1664,0,2,1
gate_proj,1664,0,2,1059761
up_proj,1664,0,2,1
act_fn,1664,0,2,1
down_proj,1664,0,2,1
final_layernorm,1664,0,2,49929
lm_head,1664,0,2,2027586
embedding,1665,0,2,334082
input_layernorm,1665,0,2,1
q_proj,1665,0,2,1
k_proj,1665,0,2,1
v_proj,1665,0,2,1
rope,1665,0,2,1
attn,1665,0,2,1
o_proj,1665,0,2,1
post_layernorm,1665,0,2,1
gate_proj,1665,0,2,1059761
up_proj,1665,0,2,1
act_fn,1665,0,2,1
down_proj,1665,0,2,1
final_layernorm,1665,0,2,49929
lm_head,1665,0,2,2027586
embedding,1666,0,2,334082
input_layernorm,1666,0,2,1
q_proj,1666,0,2,1
k_proj,1666,0,2,1
v_proj,1666,0,2,1
rope,1666,0,2,1
attn,1666,0,2,1
o_proj,1666,0,2,1
post_layernorm,1666,0,2,1
gate_proj,1666,0,2,1059761
up_proj,1666,0,2,1
act_fn,1666,0,2,1
down_proj,1666,0,2,1
final_layernorm,1666,0,2,49929
lm_head,1666,0,2,2027586
embedding,1667,0,2,334082
input_layernorm,1667,0,2,1
q_proj,1667,0,2,1
k_proj,1667,0,2,1
v_proj,1667,0,2,1
rope,1667,0,2,1
attn,1667,0,2,1
o_proj,1667,0,2,1
post_layernorm,1667,0,2,1
gate_proj,1667,0,2,1059761
up_proj,1667,0,2,1
act_fn,1667,0,2,1
down_proj,1667,0,2,1
final_layernorm,1667,0,2,49929
lm_head,1667,0,2,2027586
embedding,1668,0,2,334082
input_layernorm,1668,0,2,1
q_proj,1668,0,2,1
k_proj,1668,0,2,1
v_proj,1668,0,2,1
rope,1668,0,2,1
attn,1668,0,2,1
o_proj,1668,0,2,1
post_layernorm,1668,0,2,1
gate_proj,1668,0,2,1059761
up_proj,1668,0,2,1
act_fn,1668,0,2,1
down_proj,1668,0,2,1
final_layernorm,1668,0,2,49929
lm_head,1668,0,2,2027586
embedding,1669,0,2,334082
input_layernorm,1669,0,2,1
q_proj,1669,0,2,1
k_proj,1669,0,2,1
v_proj,1669,0,2,1
rope,1669,0,2,1
attn,1669,0,2,1
o_proj,1669,0,2,1
post_layernorm,1669,0,2,1
gate_proj,1669,0,2,1059761
up_proj,1669,0,2,1
act_fn,1669,0,2,1
down_proj,1669,0,2,1
final_layernorm,1669,0,2,49929
lm_head,1669,0,2,2027586
embedding,1670,0,2,334082
input_layernorm,1670,0,2,1
q_proj,1670,0,2,1
k_proj,1670,0,2,1
v_proj,1670,0,2,1
rope,1670,0,2,1
attn,1670,0,2,1
o_proj,1670,0,2,1
post_layernorm,1670,0,2,1
gate_proj,1670,0,2,1059761
up_proj,1670,0,2,1
act_fn,1670,0,2,1
down_proj,1670,0,2,1
final_layernorm,1670,0,2,49929
lm_head,1670,0,2,2027586
embedding,1671,0,2,334082
input_layernorm,1671,0,2,1
q_proj,1671,0,2,1
k_proj,1671,0,2,1
v_proj,1671,0,2,1
rope,1671,0,2,1
attn,1671,0,2,1
o_proj,1671,0,2,1
post_layernorm,1671,0,2,1
gate_proj,1671,0,2,1059761
up_proj,1671,0,2,1
act_fn,1671,0,2,1
down_proj,1671,0,2,1
final_layernorm,1671,0,2,49929
lm_head,1671,0,2,2027586
embedding,1672,0,2,334082
input_layernorm,1672,0,2,1
q_proj,1672,0,2,1
k_proj,1672,0,2,1
v_proj,1672,0,2,1
rope,1672,0,2,1
attn,1672,0,2,1
o_proj,1672,0,2,1
post_layernorm,1672,0,2,1
gate_proj,1672,0,2,1059761
up_proj,1672,0,2,1
act_fn,1672,0,2,1
down_proj,1672,0,2,1
final_layernorm,1672,0,2,49929
lm_head,1672,0,2,2027586
embedding,1673,0,2,334082
input_layernorm,1673,0,2,1
q_proj,1673,0,2,1
k_proj,1673,0,2,1
v_proj,1673,0,2,1
rope,1673,0,2,1
attn,1673,0,2,1
o_proj,1673,0,2,1
post_layernorm,1673,0,2,1
gate_proj,1673,0,2,1059761
up_proj,1673,0,2,1
act_fn,1673,0,2,1
down_proj,1673,0,2,1
final_layernorm,1673,0,2,49929
lm_head,1673,0,2,2027586
embedding,1674,0,2,334082
input_layernorm,1674,0,2,1
q_proj,1674,0,2,1
k_proj,1674,0,2,1
v_proj,1674,0,2,1
rope,1674,0,2,1
attn,1674,0,2,1
o_proj,1674,0,2,1
post_layernorm,1674,0,2,1
gate_proj,1674,0,2,1059761
up_proj,1674,0,2,1
act_fn,1674,0,2,1
down_proj,1674,0,2,1
final_layernorm,1674,0,2,49929
lm_head,1674,0,2,2027586
embedding,1675,0,2,334082
input_layernorm,1675,0,2,1
q_proj,1675,0,2,1
k_proj,1675,0,2,1
v_proj,1675,0,2,1
rope,1675,0,2,1
attn,1675,0,2,1
o_proj,1675,0,2,1
post_layernorm,1675,0,2,1
gate_proj,1675,0,2,1059761
up_proj,1675,0,2,1
act_fn,1675,0,2,1
down_proj,1675,0,2,1
final_layernorm,1675,0,2,49929
lm_head,1675,0,2,2027586
embedding,1676,0,2,334082
input_layernorm,1676,0,2,1
q_proj,1676,0,2,1
k_proj,1676,0,2,1
v_proj,1676,0,2,1
rope,1676,0,2,1
attn,1676,0,2,1
o_proj,1676,0,2,1
post_layernorm,1676,0,2,1
gate_proj,1676,0,2,1059761
up_proj,1676,0,2,1
act_fn,1676,0,2,1
down_proj,1676,0,2,1
final_layernorm,1676,0,2,49929
lm_head,1676,0,2,2027586
embedding,1677,0,2,334082
input_layernorm,1677,0,2,1
q_proj,1677,0,2,1
k_proj,1677,0,2,1
v_proj,1677,0,2,1
rope,1677,0,2,1
attn,1677,0,2,1
o_proj,1677,0,2,1
post_layernorm,1677,0,2,1
gate_proj,1677,0,2,1059761
up_proj,1677,0,2,1
act_fn,1677,0,2,1
down_proj,1677,0,2,1
final_layernorm,1677,0,2,49929
lm_head,1677,0,2,2027586
embedding,1678,0,2,334082
input_layernorm,1678,0,2,1
q_proj,1678,0,2,1
k_proj,1678,0,2,1
v_proj,1678,0,2,1
rope,1678,0,2,1
attn,1678,0,2,1
o_proj,1678,0,2,1
post_layernorm,1678,0,2,1
gate_proj,1678,0,2,1059761
up_proj,1678,0,2,1
act_fn,1678,0,2,1
down_proj,1678,0,2,1
final_layernorm,1678,0,2,49929
lm_head,1678,0,2,2027586
embedding,1679,0,2,334082
input_layernorm,1679,0,2,1
q_proj,1679,0,2,1
k_proj,1679,0,2,1
v_proj,1679,0,2,1
rope,1679,0,2,1
attn,1679,0,2,1
o_proj,1679,0,2,1
post_layernorm,1679,0,2,1
gate_proj,1679,0,2,1059761
up_proj,1679,0,2,1
act_fn,1679,0,2,1
down_proj,1679,0,2,1
final_layernorm,1679,0,2,49929
lm_head,1679,0,2,2027586
embedding,1680,0,2,334082
input_layernorm,1680,0,2,1
q_proj,1680,0,2,1
k_proj,1680,0,2,1
v_proj,1680,0,2,1
rope,1680,0,2,1
attn,1680,0,2,1
o_proj,1680,0,2,1
post_layernorm,1680,0,2,1
gate_proj,1680,0,2,1059761
up_proj,1680,0,2,1
act_fn,1680,0,2,1
down_proj,1680,0,2,1
final_layernorm,1680,0,2,49929
lm_head,1680,0,2,2027586
embedding,1681,0,2,334082
input_layernorm,1681,0,2,1
q_proj,1681,0,2,1
k_proj,1681,0,2,1
v_proj,1681,0,2,1
rope,1681,0,2,1
attn,1681,0,2,1
o_proj,1681,0,2,1
post_layernorm,1681,0,2,1
gate_proj,1681,0,2,1059761
up_proj,1681,0,2,1
act_fn,1681,0,2,1
down_proj,1681,0,2,1
final_layernorm,1681,0,2,49929
lm_head,1681,0,2,2027586
embedding,1682,0,2,334082
input_layernorm,1682,0,2,1
q_proj,1682,0,2,1
k_proj,1682,0,2,1
v_proj,1682,0,2,1
rope,1682,0,2,1
attn,1682,0,2,1
o_proj,1682,0,2,1
post_layernorm,1682,0,2,1
gate_proj,1682,0,2,1059761
up_proj,1682,0,2,1
act_fn,1682,0,2,1
down_proj,1682,0,2,1
final_layernorm,1682,0,2,49929
lm_head,1682,0,2,2027586
embedding,1683,0,2,334082
input_layernorm,1683,0,2,1
q_proj,1683,0,2,1
k_proj,1683,0,2,1
v_proj,1683,0,2,1
rope,1683,0,2,1
attn,1683,0,2,1
o_proj,1683,0,2,1
post_layernorm,1683,0,2,1
gate_proj,1683,0,2,1059761
up_proj,1683,0,2,1
act_fn,1683,0,2,1
down_proj,1683,0,2,1
final_layernorm,1683,0,2,49929
lm_head,1683,0,2,2027586
embedding,1684,0,2,334082
input_layernorm,1684,0,2,1
q_proj,1684,0,2,1
k_proj,1684,0,2,1
v_proj,1684,0,2,1
rope,1684,0,2,1
attn,1684,0,2,1
o_proj,1684,0,2,1
post_layernorm,1684,0,2,1
gate_proj,1684,0,2,1059761
up_proj,1684,0,2,1
act_fn,1684,0,2,1
down_proj,1684,0,2,1
final_layernorm,1684,0,2,49929
lm_head,1684,0,2,2027586
embedding,1685,0,2,334082
input_layernorm,1685,0,2,1
q_proj,1685,0,2,1
k_proj,1685,0,2,1
v_proj,1685,0,2,1
rope,1685,0,2,1
attn,1685,0,2,1
o_proj,1685,0,2,1
post_layernorm,1685,0,2,1
gate_proj,1685,0,2,1059761
up_proj,1685,0,2,1
act_fn,1685,0,2,1
down_proj,1685,0,2,1
final_layernorm,1685,0,2,49929
lm_head,1685,0,2,2027586
embedding,1686,0,2,334082
input_layernorm,1686,0,2,1
q_proj,1686,0,2,1
k_proj,1686,0,2,1
v_proj,1686,0,2,1
rope,1686,0,2,1
attn,1686,0,2,1
o_proj,1686,0,2,1
post_layernorm,1686,0,2,1
gate_proj,1686,0,2,1059761
up_proj,1686,0,2,1
act_fn,1686,0,2,1
down_proj,1686,0,2,1
final_layernorm,1686,0,2,49929
lm_head,1686,0,2,2027586
embedding,1687,0,2,334082
input_layernorm,1687,0,2,1
q_proj,1687,0,2,1
k_proj,1687,0,2,1
v_proj,1687,0,2,1
rope,1687,0,2,1
attn,1687,0,2,1
o_proj,1687,0,2,1
post_layernorm,1687,0,2,1
gate_proj,1687,0,2,1059761
up_proj,1687,0,2,1
act_fn,1687,0,2,1
down_proj,1687,0,2,1
final_layernorm,1687,0,2,49929
lm_head,1687,0,2,2027586
embedding,1688,0,2,334082
input_layernorm,1688,0,2,1
q_proj,1688,0,2,1
k_proj,1688,0,2,1
v_proj,1688,0,2,1
rope,1688,0,2,1
attn,1688,0,2,1
o_proj,1688,0,2,1
post_layernorm,1688,0,2,1
gate_proj,1688,0,2,1059761
up_proj,1688,0,2,1
act_fn,1688,0,2,1
down_proj,1688,0,2,1
final_layernorm,1688,0,2,49929
lm_head,1688,0,2,2027586
embedding,1689,0,2,334082
input_layernorm,1689,0,2,1
q_proj,1689,0,2,1
k_proj,1689,0,2,1
v_proj,1689,0,2,1
rope,1689,0,2,1
attn,1689,0,2,1
o_proj,1689,0,2,1
post_layernorm,1689,0,2,1
gate_proj,1689,0,2,1059761
up_proj,1689,0,2,1
act_fn,1689,0,2,1
down_proj,1689,0,2,1
final_layernorm,1689,0,2,49929
lm_head,1689,0,2,2027586
embedding,1690,0,2,334082
input_layernorm,1690,0,2,1
q_proj,1690,0,2,1
k_proj,1690,0,2,1
v_proj,1690,0,2,1
rope,1690,0,2,1
attn,1690,0,2,1
o_proj,1690,0,2,1
post_layernorm,1690,0,2,1
gate_proj,1690,0,2,1059761
up_proj,1690,0,2,1
act_fn,1690,0,2,1
down_proj,1690,0,2,1
final_layernorm,1690,0,2,49929
lm_head,1690,0,2,2027586
embedding,1691,0,2,334082
input_layernorm,1691,0,2,1
q_proj,1691,0,2,1
k_proj,1691,0,2,1
v_proj,1691,0,2,1
rope,1691,0,2,1
attn,1691,0,2,1
o_proj,1691,0,2,1
post_layernorm,1691,0,2,1
gate_proj,1691,0,2,1059761
up_proj,1691,0,2,1
act_fn,1691,0,2,1
down_proj,1691,0,2,1
final_layernorm,1691,0,2,49929
lm_head,1691,0,2,2027586
embedding,1692,0,2,334082
input_layernorm,1692,0,2,1
q_proj,1692,0,2,1
k_proj,1692,0,2,1
v_proj,1692,0,2,1
rope,1692,0,2,1
attn,1692,0,2,1
o_proj,1692,0,2,1
post_layernorm,1692,0,2,1
gate_proj,1692,0,2,1059761
up_proj,1692,0,2,1
act_fn,1692,0,2,1
down_proj,1692,0,2,1
final_layernorm,1692,0,2,49929
lm_head,1692,0,2,2027586
embedding,1693,0,2,334082
input_layernorm,1693,0,2,1
q_proj,1693,0,2,1
k_proj,1693,0,2,1
v_proj,1693,0,2,1
rope,1693,0,2,1
attn,1693,0,2,1
o_proj,1693,0,2,1
post_layernorm,1693,0,2,1
gate_proj,1693,0,2,1059761
up_proj,1693,0,2,1
act_fn,1693,0,2,1
down_proj,1693,0,2,1
final_layernorm,1693,0,2,49929
lm_head,1693,0,2,2027586
embedding,1694,0,2,334082
input_layernorm,1694,0,2,1
q_proj,1694,0,2,1
k_proj,1694,0,2,1
v_proj,1694,0,2,1
rope,1694,0,2,1
attn,1694,0,2,1
o_proj,1694,0,2,1
post_layernorm,1694,0,2,1
gate_proj,1694,0,2,1059761
up_proj,1694,0,2,1
act_fn,1694,0,2,1
down_proj,1694,0,2,1
final_layernorm,1694,0,2,49929
lm_head,1694,0,2,2027586
embedding,1695,0,2,334082
input_layernorm,1695,0,2,1
q_proj,1695,0,2,1
k_proj,1695,0,2,1
v_proj,1695,0,2,1
rope,1695,0,2,1
attn,1695,0,2,1
o_proj,1695,0,2,1
post_layernorm,1695,0,2,1
gate_proj,1695,0,2,1059761
up_proj,1695,0,2,1
act_fn,1695,0,2,1
down_proj,1695,0,2,1
final_layernorm,1695,0,2,49929
lm_head,1695,0,2,2027586
embedding,1696,0,2,334082
input_layernorm,1696,0,2,1
q_proj,1696,0,2,1
k_proj,1696,0,2,1
v_proj,1696,0,2,1
rope,1696,0,2,1
attn,1696,0,2,1
o_proj,1696,0,2,1
post_layernorm,1696,0,2,1
gate_proj,1696,0,2,1059761
up_proj,1696,0,2,1
act_fn,1696,0,2,1
down_proj,1696,0,2,1
final_layernorm,1696,0,2,49929
lm_head,1696,0,2,2027586
embedding,1697,0,2,334082
input_layernorm,1697,0,2,1
q_proj,1697,0,2,1
k_proj,1697,0,2,1
v_proj,1697,0,2,1
rope,1697,0,2,1
attn,1697,0,2,1
o_proj,1697,0,2,1
post_layernorm,1697,0,2,1
gate_proj,1697,0,2,1059761
up_proj,1697,0,2,1
act_fn,1697,0,2,1
down_proj,1697,0,2,1
final_layernorm,1697,0,2,49929
lm_head,1697,0,2,2027586
embedding,1698,0,2,334082
input_layernorm,1698,0,2,1
q_proj,1698,0,2,1
k_proj,1698,0,2,1
v_proj,1698,0,2,1
rope,1698,0,2,1
attn,1698,0,2,1
o_proj,1698,0,2,1
post_layernorm,1698,0,2,1
gate_proj,1698,0,2,1059761
up_proj,1698,0,2,1
act_fn,1698,0,2,1
down_proj,1698,0,2,1
final_layernorm,1698,0,2,49929
lm_head,1698,0,2,2027586
embedding,1699,0,2,334082
input_layernorm,1699,0,2,1
q_proj,1699,0,2,1
k_proj,1699,0,2,1
v_proj,1699,0,2,1
rope,1699,0,2,1
attn,1699,0,2,1
o_proj,1699,0,2,1
post_layernorm,1699,0,2,1
gate_proj,1699,0,2,1059761
up_proj,1699,0,2,1
act_fn,1699,0,2,1
down_proj,1699,0,2,1
final_layernorm,1699,0,2,49929
lm_head,1699,0,2,2027586
embedding,1700,0,2,334082
input_layernorm,1700,0,2,1
q_proj,1700,0,2,1
k_proj,1700,0,2,1
v_proj,1700,0,2,1
rope,1700,0,2,1
attn,1700,0,2,1
o_proj,1700,0,2,1
post_layernorm,1700,0,2,1
gate_proj,1700,0,2,1059761
up_proj,1700,0,2,1
act_fn,1700,0,2,1
down_proj,1700,0,2,1
final_layernorm,1700,0,2,49929
lm_head,1700,0,2,2027586
embedding,1701,0,2,334082
input_layernorm,1701,0,2,1
q_proj,1701,0,2,1
k_proj,1701,0,2,1
v_proj,1701,0,2,1
rope,1701,0,2,1
attn,1701,0,2,1
o_proj,1701,0,2,1
post_layernorm,1701,0,2,1
gate_proj,1701,0,2,1059761
up_proj,1701,0,2,1
act_fn,1701,0,2,1
down_proj,1701,0,2,1
final_layernorm,1701,0,2,49929
lm_head,1701,0,2,2027586
embedding,1702,0,2,334082
input_layernorm,1702,0,2,1
q_proj,1702,0,2,1
k_proj,1702,0,2,1
v_proj,1702,0,2,1
rope,1702,0,2,1
attn,1702,0,2,1
o_proj,1702,0,2,1
post_layernorm,1702,0,2,1
gate_proj,1702,0,2,1059761
up_proj,1702,0,2,1
act_fn,1702,0,2,1
down_proj,1702,0,2,1
final_layernorm,1702,0,2,49929
lm_head,1702,0,2,2027586
embedding,1703,0,2,334082
input_layernorm,1703,0,2,1
q_proj,1703,0,2,1
k_proj,1703,0,2,1
v_proj,1703,0,2,1
rope,1703,0,2,1
attn,1703,0,2,1
o_proj,1703,0,2,1
post_layernorm,1703,0,2,1
gate_proj,1703,0,2,1059761
up_proj,1703,0,2,1
act_fn,1703,0,2,1
down_proj,1703,0,2,1
final_layernorm,1703,0,2,49929
lm_head,1703,0,2,2027586
embedding,1704,0,2,334082
input_layernorm,1704,0,2,1
q_proj,1704,0,2,1
k_proj,1704,0,2,1
v_proj,1704,0,2,1
rope,1704,0,2,1
attn,1704,0,2,1
o_proj,1704,0,2,1
post_layernorm,1704,0,2,1
gate_proj,1704,0,2,1059761
up_proj,1704,0,2,1
act_fn,1704,0,2,1
down_proj,1704,0,2,1
final_layernorm,1704,0,2,49929
lm_head,1704,0,2,2027586
embedding,1705,0,2,334082
input_layernorm,1705,0,2,1
q_proj,1705,0,2,1
k_proj,1705,0,2,1
v_proj,1705,0,2,1
rope,1705,0,2,1
attn,1705,0,2,1
o_proj,1705,0,2,1
post_layernorm,1705,0,2,1
gate_proj,1705,0,2,1059761
up_proj,1705,0,2,1
act_fn,1705,0,2,1
down_proj,1705,0,2,1
final_layernorm,1705,0,2,49929
lm_head,1705,0,2,2027586
embedding,1706,0,2,334082
input_layernorm,1706,0,2,1
q_proj,1706,0,2,1
k_proj,1706,0,2,1
v_proj,1706,0,2,1
rope,1706,0,2,1
attn,1706,0,2,1
o_proj,1706,0,2,1
post_layernorm,1706,0,2,1
gate_proj,1706,0,2,1059761
up_proj,1706,0,2,1
act_fn,1706,0,2,1
down_proj,1706,0,2,1
final_layernorm,1706,0,2,49929
lm_head,1706,0,2,2027586
embedding,1707,0,2,334082
input_layernorm,1707,0,2,1
q_proj,1707,0,2,1
k_proj,1707,0,2,1
v_proj,1707,0,2,1
rope,1707,0,2,1
attn,1707,0,2,1
o_proj,1707,0,2,1
post_layernorm,1707,0,2,1
gate_proj,1707,0,2,1059761
up_proj,1707,0,2,1
act_fn,1707,0,2,1
down_proj,1707,0,2,1
final_layernorm,1707,0,2,49929
lm_head,1707,0,2,2027586
embedding,1708,0,2,334082
input_layernorm,1708,0,2,1
q_proj,1708,0,2,1
k_proj,1708,0,2,1
v_proj,1708,0,2,1
rope,1708,0,2,1
attn,1708,0,2,1
o_proj,1708,0,2,1
post_layernorm,1708,0,2,1
gate_proj,1708,0,2,1059761
up_proj,1708,0,2,1
act_fn,1708,0,2,1
down_proj,1708,0,2,1
final_layernorm,1708,0,2,49929
lm_head,1708,0,2,2027586
embedding,1709,0,2,334082
input_layernorm,1709,0,2,1
q_proj,1709,0,2,1
k_proj,1709,0,2,1
v_proj,1709,0,2,1
rope,1709,0,2,1
attn,1709,0,2,1
o_proj,1709,0,2,1
post_layernorm,1709,0,2,1
gate_proj,1709,0,2,1059761
up_proj,1709,0,2,1
act_fn,1709,0,2,1
down_proj,1709,0,2,1
final_layernorm,1709,0,2,49929
lm_head,1709,0,2,2027586
embedding,1710,0,2,334082
input_layernorm,1710,0,2,1
q_proj,1710,0,2,1
k_proj,1710,0,2,1
v_proj,1710,0,2,1
rope,1710,0,2,1
attn,1710,0,2,1
o_proj,1710,0,2,1
post_layernorm,1710,0,2,1
gate_proj,1710,0,2,1059761
up_proj,1710,0,2,1
act_fn,1710,0,2,1
down_proj,1710,0,2,1
final_layernorm,1710,0,2,49929
lm_head,1710,0,2,2027586
embedding,1711,0,2,334082
input_layernorm,1711,0,2,1
q_proj,1711,0,2,1
k_proj,1711,0,2,1
v_proj,1711,0,2,1
rope,1711,0,2,1
attn,1711,0,2,1
o_proj,1711,0,2,1
post_layernorm,1711,0,2,1
gate_proj,1711,0,2,1059761
up_proj,1711,0,2,1
act_fn,1711,0,2,1
down_proj,1711,0,2,1
final_layernorm,1711,0,2,49929
lm_head,1711,0,2,2027586
embedding,1712,0,2,334082
input_layernorm,1712,0,2,1
q_proj,1712,0,2,1
k_proj,1712,0,2,1
v_proj,1712,0,2,1
rope,1712,0,2,1
attn,1712,0,2,1
o_proj,1712,0,2,1
post_layernorm,1712,0,2,1
gate_proj,1712,0,2,1059761
up_proj,1712,0,2,1
act_fn,1712,0,2,1
down_proj,1712,0,2,1
final_layernorm,1712,0,2,49929
lm_head,1712,0,2,2027586
embedding,1713,0,2,334082
input_layernorm,1713,0,2,1
q_proj,1713,0,2,1
k_proj,1713,0,2,1
v_proj,1713,0,2,1
rope,1713,0,2,1
attn,1713,0,2,1
o_proj,1713,0,2,1
post_layernorm,1713,0,2,1
gate_proj,1713,0,2,1059761
up_proj,1713,0,2,1
act_fn,1713,0,2,1
down_proj,1713,0,2,1
final_layernorm,1713,0,2,49929
lm_head,1713,0,2,2027586
embedding,1714,0,2,334082
input_layernorm,1714,0,2,1
q_proj,1714,0,2,1
k_proj,1714,0,2,1
v_proj,1714,0,2,1
rope,1714,0,2,1
attn,1714,0,2,1
o_proj,1714,0,2,1
post_layernorm,1714,0,2,1
gate_proj,1714,0,2,1059761
up_proj,1714,0,2,1
act_fn,1714,0,2,1
down_proj,1714,0,2,1
final_layernorm,1714,0,2,49929
lm_head,1714,0,2,2027586
embedding,1715,0,2,334082
input_layernorm,1715,0,2,1
q_proj,1715,0,2,1
k_proj,1715,0,2,1
v_proj,1715,0,2,1
rope,1715,0,2,1
attn,1715,0,2,1
o_proj,1715,0,2,1
post_layernorm,1715,0,2,1
gate_proj,1715,0,2,1059761
up_proj,1715,0,2,1
act_fn,1715,0,2,1
down_proj,1715,0,2,1
final_layernorm,1715,0,2,49929
lm_head,1715,0,2,2027586
embedding,1716,0,2,334082
input_layernorm,1716,0,2,1
q_proj,1716,0,2,1
k_proj,1716,0,2,1
v_proj,1716,0,2,1
rope,1716,0,2,1
attn,1716,0,2,1
o_proj,1716,0,2,1
post_layernorm,1716,0,2,1
gate_proj,1716,0,2,1059761
up_proj,1716,0,2,1
act_fn,1716,0,2,1
down_proj,1716,0,2,1
final_layernorm,1716,0,2,49929
lm_head,1716,0,2,2027586
embedding,1717,0,2,334082
input_layernorm,1717,0,2,1
q_proj,1717,0,2,1
k_proj,1717,0,2,1
v_proj,1717,0,2,1
rope,1717,0,2,1
attn,1717,0,2,1
o_proj,1717,0,2,1
post_layernorm,1717,0,2,1
gate_proj,1717,0,2,1059761
up_proj,1717,0,2,1
act_fn,1717,0,2,1
down_proj,1717,0,2,1
final_layernorm,1717,0,2,49929
lm_head,1717,0,2,2027586
embedding,1718,0,2,334082
input_layernorm,1718,0,2,1
q_proj,1718,0,2,1
k_proj,1718,0,2,1
v_proj,1718,0,2,1
rope,1718,0,2,1
attn,1718,0,2,1
o_proj,1718,0,2,1
post_layernorm,1718,0,2,1
gate_proj,1718,0,2,1059761
up_proj,1718,0,2,1
act_fn,1718,0,2,1
down_proj,1718,0,2,1
final_layernorm,1718,0,2,49929
lm_head,1718,0,2,2027586
embedding,1719,0,2,334082
input_layernorm,1719,0,2,1
q_proj,1719,0,2,1
k_proj,1719,0,2,1
v_proj,1719,0,2,1
rope,1719,0,2,1
attn,1719,0,2,1
o_proj,1719,0,2,1
post_layernorm,1719,0,2,1
gate_proj,1719,0,2,1059761
up_proj,1719,0,2,1
act_fn,1719,0,2,1
down_proj,1719,0,2,1
final_layernorm,1719,0,2,49929
lm_head,1719,0,2,2027586
embedding,1720,0,2,334082
input_layernorm,1720,0,2,1
q_proj,1720,0,2,1
k_proj,1720,0,2,1
v_proj,1720,0,2,1
rope,1720,0,2,1
attn,1720,0,2,1
o_proj,1720,0,2,1
post_layernorm,1720,0,2,1
gate_proj,1720,0,2,1059761
up_proj,1720,0,2,1
act_fn,1720,0,2,1
down_proj,1720,0,2,1
final_layernorm,1720,0,2,49929
lm_head,1720,0,2,2027586
embedding,1721,0,2,334082
input_layernorm,1721,0,2,1
q_proj,1721,0,2,1
k_proj,1721,0,2,1
v_proj,1721,0,2,1
rope,1721,0,2,1
attn,1721,0,2,1
o_proj,1721,0,2,1
post_layernorm,1721,0,2,1
gate_proj,1721,0,2,1059761
up_proj,1721,0,2,1
act_fn,1721,0,2,1
down_proj,1721,0,2,1
final_layernorm,1721,0,2,49929
lm_head,1721,0,2,2027586
embedding,1722,0,2,334082
input_layernorm,1722,0,2,1
q_proj,1722,0,2,1
k_proj,1722,0,2,1
v_proj,1722,0,2,1
rope,1722,0,2,1
attn,1722,0,2,1
o_proj,1722,0,2,1
post_layernorm,1722,0,2,1
gate_proj,1722,0,2,1059761
up_proj,1722,0,2,1
act_fn,1722,0,2,1
down_proj,1722,0,2,1
final_layernorm,1722,0,2,49929
lm_head,1722,0,2,2027586
embedding,1723,0,2,334082
input_layernorm,1723,0,2,1
q_proj,1723,0,2,1
k_proj,1723,0,2,1
v_proj,1723,0,2,1
rope,1723,0,2,1
attn,1723,0,2,1
o_proj,1723,0,2,1
post_layernorm,1723,0,2,1
gate_proj,1723,0,2,1059761
up_proj,1723,0,2,1
act_fn,1723,0,2,1
down_proj,1723,0,2,1
final_layernorm,1723,0,2,49929
lm_head,1723,0,2,2027586
embedding,1724,0,2,334082
input_layernorm,1724,0,2,1
q_proj,1724,0,2,1
k_proj,1724,0,2,1
v_proj,1724,0,2,1
rope,1724,0,2,1
attn,1724,0,2,1
o_proj,1724,0,2,1
post_layernorm,1724,0,2,1
gate_proj,1724,0,2,1059761
up_proj,1724,0,2,1
act_fn,1724,0,2,1
down_proj,1724,0,2,1
final_layernorm,1724,0,2,49929
lm_head,1724,0,2,2027586
embedding,1725,0,2,334082
input_layernorm,1725,0,2,1
q_proj,1725,0,2,1
k_proj,1725,0,2,1
v_proj,1725,0,2,1
rope,1725,0,2,1
attn,1725,0,2,1
o_proj,1725,0,2,1
post_layernorm,1725,0,2,1
gate_proj,1725,0,2,1059761
up_proj,1725,0,2,1
act_fn,1725,0,2,1
down_proj,1725,0,2,1
final_layernorm,1725,0,2,49929
lm_head,1725,0,2,2027586
embedding,1726,0,2,334082
input_layernorm,1726,0,2,1
q_proj,1726,0,2,1
k_proj,1726,0,2,1
v_proj,1726,0,2,1
rope,1726,0,2,1
attn,1726,0,2,1
o_proj,1726,0,2,1
post_layernorm,1726,0,2,1
gate_proj,1726,0,2,1059761
up_proj,1726,0,2,1
act_fn,1726,0,2,1
down_proj,1726,0,2,1
final_layernorm,1726,0,2,49929
lm_head,1726,0,2,2027586
embedding,1727,0,2,334082
input_layernorm,1727,0,2,1
q_proj,1727,0,2,1
k_proj,1727,0,2,1
v_proj,1727,0,2,1
rope,1727,0,2,1
attn,1727,0,2,1
o_proj,1727,0,2,1
post_layernorm,1727,0,2,1
gate_proj,1727,0,2,1059761
up_proj,1727,0,2,1
act_fn,1727,0,2,1
down_proj,1727,0,2,1
final_layernorm,1727,0,2,49929
lm_head,1727,0,2,2027586
embedding,1728,0,2,334082
input_layernorm,1728,0,2,1
q_proj,1728,0,2,1
k_proj,1728,0,2,1
v_proj,1728,0,2,1
rope,1728,0,2,1
attn,1728,0,2,1
o_proj,1728,0,2,1
post_layernorm,1728,0,2,1
gate_proj,1728,0,2,1059761
up_proj,1728,0,2,1
act_fn,1728,0,2,1
down_proj,1728,0,2,1
final_layernorm,1728,0,2,49929
lm_head,1728,0,2,2027586
embedding,1729,0,2,334082
input_layernorm,1729,0,2,1
q_proj,1729,0,2,1
k_proj,1729,0,2,1
v_proj,1729,0,2,1
rope,1729,0,2,1
attn,1729,0,2,1
o_proj,1729,0,2,1
post_layernorm,1729,0,2,1
gate_proj,1729,0,2,1059761
up_proj,1729,0,2,1
act_fn,1729,0,2,1
down_proj,1729,0,2,1
final_layernorm,1729,0,2,49929
lm_head,1729,0,2,2027586
embedding,1730,0,2,334082
input_layernorm,1730,0,2,1
q_proj,1730,0,2,1
k_proj,1730,0,2,1
v_proj,1730,0,2,1
rope,1730,0,2,1
attn,1730,0,2,1
o_proj,1730,0,2,1
post_layernorm,1730,0,2,1
gate_proj,1730,0,2,1059761
up_proj,1730,0,2,1
act_fn,1730,0,2,1
down_proj,1730,0,2,1
final_layernorm,1730,0,2,49929
lm_head,1730,0,2,2027586
embedding,1731,0,2,334082
input_layernorm,1731,0,2,1
q_proj,1731,0,2,1
k_proj,1731,0,2,1
v_proj,1731,0,2,1
rope,1731,0,2,1
attn,1731,0,2,1
o_proj,1731,0,2,1
post_layernorm,1731,0,2,1
gate_proj,1731,0,2,1059761
up_proj,1731,0,2,1
act_fn,1731,0,2,1
down_proj,1731,0,2,1
final_layernorm,1731,0,2,49929
lm_head,1731,0,2,2027586
embedding,1732,0,2,334082
input_layernorm,1732,0,2,1
q_proj,1732,0,2,1
k_proj,1732,0,2,1
v_proj,1732,0,2,1
rope,1732,0,2,1
attn,1732,0,2,1
o_proj,1732,0,2,1
post_layernorm,1732,0,2,1
gate_proj,1732,0,2,1059761
up_proj,1732,0,2,1
act_fn,1732,0,2,1
down_proj,1732,0,2,1
final_layernorm,1732,0,2,49929
lm_head,1732,0,2,2027586
embedding,1733,0,2,334082
input_layernorm,1733,0,2,1
q_proj,1733,0,2,1
k_proj,1733,0,2,1
v_proj,1733,0,2,1
rope,1733,0,2,1
attn,1733,0,2,1
o_proj,1733,0,2,1
post_layernorm,1733,0,2,1
gate_proj,1733,0,2,1059761
up_proj,1733,0,2,1
act_fn,1733,0,2,1
down_proj,1733,0,2,1
final_layernorm,1733,0,2,49929
lm_head,1733,0,2,2027586
embedding,1734,0,2,334082
input_layernorm,1734,0,2,1
q_proj,1734,0,2,1
k_proj,1734,0,2,1
v_proj,1734,0,2,1
rope,1734,0,2,1
attn,1734,0,2,1
o_proj,1734,0,2,1
post_layernorm,1734,0,2,1
gate_proj,1734,0,2,1059761
up_proj,1734,0,2,1
act_fn,1734,0,2,1
down_proj,1734,0,2,1
final_layernorm,1734,0,2,49929
lm_head,1734,0,2,2027586
embedding,1735,0,2,334082
input_layernorm,1735,0,2,1
q_proj,1735,0,2,1
k_proj,1735,0,2,1
v_proj,1735,0,2,1
rope,1735,0,2,1
attn,1735,0,2,1
o_proj,1735,0,2,1
post_layernorm,1735,0,2,1
gate_proj,1735,0,2,1059761
up_proj,1735,0,2,1
act_fn,1735,0,2,1
down_proj,1735,0,2,1
final_layernorm,1735,0,2,49929
lm_head,1735,0,2,2027586
embedding,1736,0,2,334082
input_layernorm,1736,0,2,1
q_proj,1736,0,2,1
k_proj,1736,0,2,1
v_proj,1736,0,2,1
rope,1736,0,2,1
attn,1736,0,2,1
o_proj,1736,0,2,1
post_layernorm,1736,0,2,1
gate_proj,1736,0,2,1059761
up_proj,1736,0,2,1
act_fn,1736,0,2,1
down_proj,1736,0,2,1
final_layernorm,1736,0,2,49929
lm_head,1736,0,2,2027586
embedding,1737,0,2,334082
input_layernorm,1737,0,2,1
q_proj,1737,0,2,1
k_proj,1737,0,2,1
v_proj,1737,0,2,1
rope,1737,0,2,1
attn,1737,0,2,1
o_proj,1737,0,2,1
post_layernorm,1737,0,2,1
gate_proj,1737,0,2,1059761
up_proj,1737,0,2,1
act_fn,1737,0,2,1
down_proj,1737,0,2,1
final_layernorm,1737,0,2,49929
lm_head,1737,0,2,2027586
embedding,1738,0,2,334082
input_layernorm,1738,0,2,1
q_proj,1738,0,2,1
k_proj,1738,0,2,1
v_proj,1738,0,2,1
rope,1738,0,2,1
attn,1738,0,2,1
o_proj,1738,0,2,1
post_layernorm,1738,0,2,1
gate_proj,1738,0,2,1059761
up_proj,1738,0,2,1
act_fn,1738,0,2,1
down_proj,1738,0,2,1
final_layernorm,1738,0,2,49929
lm_head,1738,0,2,2027586
embedding,1739,0,2,334082
input_layernorm,1739,0,2,1
q_proj,1739,0,2,1
k_proj,1739,0,2,1
v_proj,1739,0,2,1
rope,1739,0,2,1
attn,1739,0,2,1
o_proj,1739,0,2,1
post_layernorm,1739,0,2,1
gate_proj,1739,0,2,1059761
up_proj,1739,0,2,1
act_fn,1739,0,2,1
down_proj,1739,0,2,1
final_layernorm,1739,0,2,49929
lm_head,1739,0,2,2027586
embedding,1740,0,2,334082
input_layernorm,1740,0,2,1
q_proj,1740,0,2,1
k_proj,1740,0,2,1
v_proj,1740,0,2,1
rope,1740,0,2,1
attn,1740,0,2,1
o_proj,1740,0,2,1
post_layernorm,1740,0,2,1
gate_proj,1740,0,2,1059761
up_proj,1740,0,2,1
act_fn,1740,0,2,1
down_proj,1740,0,2,1
final_layernorm,1740,0,2,49929
lm_head,1740,0,2,2027586
embedding,1741,0,2,334082
input_layernorm,1741,0,2,1
q_proj,1741,0,2,1
k_proj,1741,0,2,1
v_proj,1741,0,2,1
rope,1741,0,2,1
attn,1741,0,2,1
o_proj,1741,0,2,1
post_layernorm,1741,0,2,1
gate_proj,1741,0,2,1059761
up_proj,1741,0,2,1
act_fn,1741,0,2,1
down_proj,1741,0,2,1
final_layernorm,1741,0,2,49929
lm_head,1741,0,2,2027586
embedding,1742,0,2,334082
input_layernorm,1742,0,2,1
q_proj,1742,0,2,1
k_proj,1742,0,2,1
v_proj,1742,0,2,1
rope,1742,0,2,1
attn,1742,0,2,1
o_proj,1742,0,2,1
post_layernorm,1742,0,2,1
gate_proj,1742,0,2,1059761
up_proj,1742,0,2,1
act_fn,1742,0,2,1
down_proj,1742,0,2,1
final_layernorm,1742,0,2,49929
lm_head,1742,0,2,2027586
embedding,1743,0,2,334082
input_layernorm,1743,0,2,1
q_proj,1743,0,2,1
k_proj,1743,0,2,1
v_proj,1743,0,2,1
rope,1743,0,2,1
attn,1743,0,2,1
o_proj,1743,0,2,1
post_layernorm,1743,0,2,1
gate_proj,1743,0,2,1059761
up_proj,1743,0,2,1
act_fn,1743,0,2,1
down_proj,1743,0,2,1
final_layernorm,1743,0,2,49929
lm_head,1743,0,2,2027586
embedding,1744,0,2,334082
input_layernorm,1744,0,2,1
q_proj,1744,0,2,1
k_proj,1744,0,2,1
v_proj,1744,0,2,1
rope,1744,0,2,1
attn,1744,0,2,1
o_proj,1744,0,2,1
post_layernorm,1744,0,2,1
gate_proj,1744,0,2,1059761
up_proj,1744,0,2,1
act_fn,1744,0,2,1
down_proj,1744,0,2,1
final_layernorm,1744,0,2,49929
lm_head,1744,0,2,2027586
embedding,1745,0,2,334082
input_layernorm,1745,0,2,1
q_proj,1745,0,2,1
k_proj,1745,0,2,1
v_proj,1745,0,2,1
rope,1745,0,2,1
attn,1745,0,2,1
o_proj,1745,0,2,1
post_layernorm,1745,0,2,1
gate_proj,1745,0,2,1059761
up_proj,1745,0,2,1
act_fn,1745,0,2,1
down_proj,1745,0,2,1
final_layernorm,1745,0,2,49929
lm_head,1745,0,2,2027586
embedding,1746,0,2,334082
input_layernorm,1746,0,2,1
q_proj,1746,0,2,1
k_proj,1746,0,2,1
v_proj,1746,0,2,1
rope,1746,0,2,1
attn,1746,0,2,1
o_proj,1746,0,2,1
post_layernorm,1746,0,2,1
gate_proj,1746,0,2,1059761
up_proj,1746,0,2,1
act_fn,1746,0,2,1
down_proj,1746,0,2,1
final_layernorm,1746,0,2,49929
lm_head,1746,0,2,2027586
embedding,1747,0,2,334082
input_layernorm,1747,0,2,1
q_proj,1747,0,2,1
k_proj,1747,0,2,1
v_proj,1747,0,2,1
rope,1747,0,2,1
attn,1747,0,2,1
o_proj,1747,0,2,1
post_layernorm,1747,0,2,1
gate_proj,1747,0,2,1059761
up_proj,1747,0,2,1
act_fn,1747,0,2,1
down_proj,1747,0,2,1
final_layernorm,1747,0,2,49929
lm_head,1747,0,2,2027586
embedding,1748,0,2,334082
input_layernorm,1748,0,2,1
q_proj,1748,0,2,1
k_proj,1748,0,2,1
v_proj,1748,0,2,1
rope,1748,0,2,1
attn,1748,0,2,1
o_proj,1748,0,2,1
post_layernorm,1748,0,2,1
gate_proj,1748,0,2,1059761
up_proj,1748,0,2,1
act_fn,1748,0,2,1
down_proj,1748,0,2,1
final_layernorm,1748,0,2,49929
lm_head,1748,0,2,2027586
embedding,1749,0,2,334082
input_layernorm,1749,0,2,1
q_proj,1749,0,2,1
k_proj,1749,0,2,1
v_proj,1749,0,2,1
rope,1749,0,2,1
attn,1749,0,2,1
o_proj,1749,0,2,1
post_layernorm,1749,0,2,1
gate_proj,1749,0,2,1059761
up_proj,1749,0,2,1
act_fn,1749,0,2,1
down_proj,1749,0,2,1
final_layernorm,1749,0,2,49929
lm_head,1749,0,2,2027586
embedding,1750,0,2,334082
input_layernorm,1750,0,2,1
q_proj,1750,0,2,1
k_proj,1750,0,2,1
v_proj,1750,0,2,1
rope,1750,0,2,1
attn,1750,0,2,1
o_proj,1750,0,2,1
post_layernorm,1750,0,2,1
gate_proj,1750,0,2,1059761
up_proj,1750,0,2,1
act_fn,1750,0,2,1
down_proj,1750,0,2,1
final_layernorm,1750,0,2,49929
lm_head,1750,0,2,2027586
embedding,1751,0,2,334082
input_layernorm,1751,0,2,1
q_proj,1751,0,2,1
k_proj,1751,0,2,1
v_proj,1751,0,2,1
rope,1751,0,2,1
attn,1751,0,2,1
o_proj,1751,0,2,1
post_layernorm,1751,0,2,1
gate_proj,1751,0,2,1059761
up_proj,1751,0,2,1
act_fn,1751,0,2,1
down_proj,1751,0,2,1
final_layernorm,1751,0,2,49929
lm_head,1751,0,2,2027586
embedding,1752,0,2,334082
input_layernorm,1752,0,2,1
q_proj,1752,0,2,1
k_proj,1752,0,2,1
v_proj,1752,0,2,1
rope,1752,0,2,1
attn,1752,0,2,1
o_proj,1752,0,2,1
post_layernorm,1752,0,2,1
gate_proj,1752,0,2,1059761
up_proj,1752,0,2,1
act_fn,1752,0,2,1
down_proj,1752,0,2,1
final_layernorm,1752,0,2,49929
lm_head,1752,0,2,2027586
embedding,1753,0,2,334082
input_layernorm,1753,0,2,1
q_proj,1753,0,2,1
k_proj,1753,0,2,1
v_proj,1753,0,2,1
rope,1753,0,2,1
attn,1753,0,2,1
o_proj,1753,0,2,1
post_layernorm,1753,0,2,1
gate_proj,1753,0,2,1059761
up_proj,1753,0,2,1
act_fn,1753,0,2,1
down_proj,1753,0,2,1
final_layernorm,1753,0,2,49929
lm_head,1753,0,2,2027586
embedding,1754,0,2,334082
input_layernorm,1754,0,2,1
q_proj,1754,0,2,1
k_proj,1754,0,2,1
v_proj,1754,0,2,1
rope,1754,0,2,1
attn,1754,0,2,1
o_proj,1754,0,2,1
post_layernorm,1754,0,2,1
gate_proj,1754,0,2,1059761
up_proj,1754,0,2,1
act_fn,1754,0,2,1
down_proj,1754,0,2,1
final_layernorm,1754,0,2,49929
lm_head,1754,0,2,2027586
embedding,1755,0,2,334082
input_layernorm,1755,0,2,1
q_proj,1755,0,2,1
k_proj,1755,0,2,1
v_proj,1755,0,2,1
rope,1755,0,2,1
attn,1755,0,2,1
o_proj,1755,0,2,1
post_layernorm,1755,0,2,1
gate_proj,1755,0,2,1059761
up_proj,1755,0,2,1
act_fn,1755,0,2,1
down_proj,1755,0,2,1
final_layernorm,1755,0,2,49929
lm_head,1755,0,2,2027586
embedding,1756,0,2,334082
input_layernorm,1756,0,2,1
q_proj,1756,0,2,1
k_proj,1756,0,2,1
v_proj,1756,0,2,1
rope,1756,0,2,1
attn,1756,0,2,1
o_proj,1756,0,2,1
post_layernorm,1756,0,2,1
gate_proj,1756,0,2,1059761
up_proj,1756,0,2,1
act_fn,1756,0,2,1
down_proj,1756,0,2,1
final_layernorm,1756,0,2,49929
lm_head,1756,0,2,2027586
embedding,1757,0,2,334082
input_layernorm,1757,0,2,1
q_proj,1757,0,2,1
k_proj,1757,0,2,1
v_proj,1757,0,2,1
rope,1757,0,2,1
attn,1757,0,2,1
o_proj,1757,0,2,1
post_layernorm,1757,0,2,1
gate_proj,1757,0,2,1059761
up_proj,1757,0,2,1
act_fn,1757,0,2,1
down_proj,1757,0,2,1
final_layernorm,1757,0,2,49929
lm_head,1757,0,2,2027586
embedding,1758,0,2,334082
input_layernorm,1758,0,2,1
q_proj,1758,0,2,1
k_proj,1758,0,2,1
v_proj,1758,0,2,1
rope,1758,0,2,1
attn,1758,0,2,1
o_proj,1758,0,2,1
post_layernorm,1758,0,2,1
gate_proj,1758,0,2,1059761
up_proj,1758,0,2,1
act_fn,1758,0,2,1
down_proj,1758,0,2,1
final_layernorm,1758,0,2,49929
lm_head,1758,0,2,2027586
embedding,1759,0,2,334082
input_layernorm,1759,0,2,1
q_proj,1759,0,2,1
k_proj,1759,0,2,1
v_proj,1759,0,2,1
rope,1759,0,2,1
attn,1759,0,2,1
o_proj,1759,0,2,1
post_layernorm,1759,0,2,1
gate_proj,1759,0,2,1059761
up_proj,1759,0,2,1
act_fn,1759,0,2,1
down_proj,1759,0,2,1
final_layernorm,1759,0,2,49929
lm_head,1759,0,2,2027586
embedding,1760,0,2,334082
input_layernorm,1760,0,2,1
q_proj,1760,0,2,1
k_proj,1760,0,2,1
v_proj,1760,0,2,1
rope,1760,0,2,1
attn,1760,0,2,1
o_proj,1760,0,2,1
post_layernorm,1760,0,2,1
gate_proj,1760,0,2,1059761
up_proj,1760,0,2,1
act_fn,1760,0,2,1
down_proj,1760,0,2,1
final_layernorm,1760,0,2,49929
lm_head,1760,0,2,2027586
embedding,1761,0,2,334082
input_layernorm,1761,0,2,1
q_proj,1761,0,2,1
k_proj,1761,0,2,1
v_proj,1761,0,2,1
rope,1761,0,2,1
attn,1761,0,2,1
o_proj,1761,0,2,1
post_layernorm,1761,0,2,1
gate_proj,1761,0,2,1059761
up_proj,1761,0,2,1
act_fn,1761,0,2,1
down_proj,1761,0,2,1
final_layernorm,1761,0,2,49929
lm_head,1761,0,2,2027586
embedding,1762,0,2,334082
input_layernorm,1762,0,2,1
q_proj,1762,0,2,1
k_proj,1762,0,2,1
v_proj,1762,0,2,1
rope,1762,0,2,1
attn,1762,0,2,1
o_proj,1762,0,2,1
post_layernorm,1762,0,2,1
gate_proj,1762,0,2,1059761
up_proj,1762,0,2,1
act_fn,1762,0,2,1
down_proj,1762,0,2,1
final_layernorm,1762,0,2,49929
lm_head,1762,0,2,2027586
embedding,1763,0,2,334082
input_layernorm,1763,0,2,1
q_proj,1763,0,2,1
k_proj,1763,0,2,1
v_proj,1763,0,2,1
rope,1763,0,2,1
attn,1763,0,2,1
o_proj,1763,0,2,1
post_layernorm,1763,0,2,1
gate_proj,1763,0,2,1059761
up_proj,1763,0,2,1
act_fn,1763,0,2,1
down_proj,1763,0,2,1
final_layernorm,1763,0,2,49929
lm_head,1763,0,2,2027586
embedding,1764,0,2,334082
input_layernorm,1764,0,2,1
q_proj,1764,0,2,1
k_proj,1764,0,2,1
v_proj,1764,0,2,1
rope,1764,0,2,1
attn,1764,0,2,1
o_proj,1764,0,2,1
post_layernorm,1764,0,2,1
gate_proj,1764,0,2,1059761
up_proj,1764,0,2,1
act_fn,1764,0,2,1
down_proj,1764,0,2,1
final_layernorm,1764,0,2,49929
lm_head,1764,0,2,2027586
embedding,1765,0,2,334082
input_layernorm,1765,0,2,1
q_proj,1765,0,2,1
k_proj,1765,0,2,1
v_proj,1765,0,2,1
rope,1765,0,2,1
attn,1765,0,2,1
o_proj,1765,0,2,1
post_layernorm,1765,0,2,1
gate_proj,1765,0,2,1059761
up_proj,1765,0,2,1
act_fn,1765,0,2,1
down_proj,1765,0,2,1
final_layernorm,1765,0,2,49929
lm_head,1765,0,2,2027586
embedding,1766,0,2,334082
input_layernorm,1766,0,2,1
q_proj,1766,0,2,1
k_proj,1766,0,2,1
v_proj,1766,0,2,1
rope,1766,0,2,1
attn,1766,0,2,1
o_proj,1766,0,2,1
post_layernorm,1766,0,2,1
gate_proj,1766,0,2,1059761
up_proj,1766,0,2,1
act_fn,1766,0,2,1
down_proj,1766,0,2,1
final_layernorm,1766,0,2,49929
lm_head,1766,0,2,2027586
embedding,1767,0,2,334082
input_layernorm,1767,0,2,1
q_proj,1767,0,2,1
k_proj,1767,0,2,1
v_proj,1767,0,2,1
rope,1767,0,2,1
attn,1767,0,2,1
o_proj,1767,0,2,1
post_layernorm,1767,0,2,1
gate_proj,1767,0,2,1059761
up_proj,1767,0,2,1
act_fn,1767,0,2,1
down_proj,1767,0,2,1
final_layernorm,1767,0,2,49929
lm_head,1767,0,2,2027586
embedding,1768,0,2,334082
input_layernorm,1768,0,2,1
q_proj,1768,0,2,1
k_proj,1768,0,2,1
v_proj,1768,0,2,1
rope,1768,0,2,1
attn,1768,0,2,1
o_proj,1768,0,2,1
post_layernorm,1768,0,2,1
gate_proj,1768,0,2,1059761
up_proj,1768,0,2,1
act_fn,1768,0,2,1
down_proj,1768,0,2,1
final_layernorm,1768,0,2,49929
lm_head,1768,0,2,2027586
embedding,1769,0,2,334082
input_layernorm,1769,0,2,1
q_proj,1769,0,2,1
k_proj,1769,0,2,1
v_proj,1769,0,2,1
rope,1769,0,2,1
attn,1769,0,2,1
o_proj,1769,0,2,1
post_layernorm,1769,0,2,1
gate_proj,1769,0,2,1059761
up_proj,1769,0,2,1
act_fn,1769,0,2,1
down_proj,1769,0,2,1
final_layernorm,1769,0,2,49929
lm_head,1769,0,2,2027586
embedding,1770,0,2,334082
input_layernorm,1770,0,2,1
q_proj,1770,0,2,1
k_proj,1770,0,2,1
v_proj,1770,0,2,1
rope,1770,0,2,1
attn,1770,0,2,1
o_proj,1770,0,2,1
post_layernorm,1770,0,2,1
gate_proj,1770,0,2,1059761
up_proj,1770,0,2,1
act_fn,1770,0,2,1
down_proj,1770,0,2,1
final_layernorm,1770,0,2,49929
lm_head,1770,0,2,2027586
embedding,1771,0,2,334082
input_layernorm,1771,0,2,1
q_proj,1771,0,2,1
k_proj,1771,0,2,1
v_proj,1771,0,2,1
rope,1771,0,2,1
attn,1771,0,2,1
o_proj,1771,0,2,1
post_layernorm,1771,0,2,1
gate_proj,1771,0,2,1059761
up_proj,1771,0,2,1
act_fn,1771,0,2,1
down_proj,1771,0,2,1
final_layernorm,1771,0,2,49929
lm_head,1771,0,2,2027586
embedding,1772,0,2,334082
input_layernorm,1772,0,2,1
q_proj,1772,0,2,1
k_proj,1772,0,2,1
v_proj,1772,0,2,1
rope,1772,0,2,1
attn,1772,0,2,1
o_proj,1772,0,2,1
post_layernorm,1772,0,2,1
gate_proj,1772,0,2,1059761
up_proj,1772,0,2,1
act_fn,1772,0,2,1
down_proj,1772,0,2,1
final_layernorm,1772,0,2,49929
lm_head,1772,0,2,2027586
embedding,1773,0,2,334082
input_layernorm,1773,0,2,1
q_proj,1773,0,2,1
k_proj,1773,0,2,1
v_proj,1773,0,2,1
rope,1773,0,2,1
attn,1773,0,2,1
o_proj,1773,0,2,1
post_layernorm,1773,0,2,1
gate_proj,1773,0,2,1059761
up_proj,1773,0,2,1
act_fn,1773,0,2,1
down_proj,1773,0,2,1
final_layernorm,1773,0,2,49929
lm_head,1773,0,2,2027586
embedding,1774,0,2,334082
input_layernorm,1774,0,2,1
q_proj,1774,0,2,1
k_proj,1774,0,2,1
v_proj,1774,0,2,1
rope,1774,0,2,1
attn,1774,0,2,1
o_proj,1774,0,2,1
post_layernorm,1774,0,2,1
gate_proj,1774,0,2,1059761
up_proj,1774,0,2,1
act_fn,1774,0,2,1
down_proj,1774,0,2,1
final_layernorm,1774,0,2,49929
lm_head,1774,0,2,2027586
embedding,1775,0,2,334082
input_layernorm,1775,0,2,1
q_proj,1775,0,2,1
k_proj,1775,0,2,1
v_proj,1775,0,2,1
rope,1775,0,2,1
attn,1775,0,2,1
o_proj,1775,0,2,1
post_layernorm,1775,0,2,1
gate_proj,1775,0,2,1059761
up_proj,1775,0,2,1
act_fn,1775,0,2,1
down_proj,1775,0,2,1
final_layernorm,1775,0,2,49929
lm_head,1775,0,2,2027586
embedding,1776,0,2,334082
input_layernorm,1776,0,2,1
q_proj,1776,0,2,1
k_proj,1776,0,2,1
v_proj,1776,0,2,1
rope,1776,0,2,1
attn,1776,0,2,1
o_proj,1776,0,2,1
post_layernorm,1776,0,2,1
gate_proj,1776,0,2,1059761
up_proj,1776,0,2,1
act_fn,1776,0,2,1
down_proj,1776,0,2,1
final_layernorm,1776,0,2,49929
lm_head,1776,0,2,2027586
embedding,1777,0,2,334082
input_layernorm,1777,0,2,1
q_proj,1777,0,2,1
k_proj,1777,0,2,1
v_proj,1777,0,2,1
rope,1777,0,2,1
attn,1777,0,2,1
o_proj,1777,0,2,1
post_layernorm,1777,0,2,1
gate_proj,1777,0,2,1059761
up_proj,1777,0,2,1
act_fn,1777,0,2,1
down_proj,1777,0,2,1
final_layernorm,1777,0,2,49929
lm_head,1777,0,2,2027586
embedding,1778,0,2,334082
input_layernorm,1778,0,2,1
q_proj,1778,0,2,1
k_proj,1778,0,2,1
v_proj,1778,0,2,1
rope,1778,0,2,1
attn,1778,0,2,1
o_proj,1778,0,2,1
post_layernorm,1778,0,2,1
gate_proj,1778,0,2,1059761
up_proj,1778,0,2,1
act_fn,1778,0,2,1
down_proj,1778,0,2,1
final_layernorm,1778,0,2,49929
lm_head,1778,0,2,2027586
embedding,1779,0,2,334082
input_layernorm,1779,0,2,1
q_proj,1779,0,2,1
k_proj,1779,0,2,1
v_proj,1779,0,2,1
rope,1779,0,2,1
attn,1779,0,2,1
o_proj,1779,0,2,1
post_layernorm,1779,0,2,1
gate_proj,1779,0,2,1059761
up_proj,1779,0,2,1
act_fn,1779,0,2,1
down_proj,1779,0,2,1
final_layernorm,1779,0,2,49929
lm_head,1779,0,2,2027586
embedding,1780,0,2,334082
input_layernorm,1780,0,2,1
q_proj,1780,0,2,1
k_proj,1780,0,2,1
v_proj,1780,0,2,1
rope,1780,0,2,1
attn,1780,0,2,1
o_proj,1780,0,2,1
post_layernorm,1780,0,2,1
gate_proj,1780,0,2,1059761
up_proj,1780,0,2,1
act_fn,1780,0,2,1
down_proj,1780,0,2,1
final_layernorm,1780,0,2,49929
lm_head,1780,0,2,2027586
embedding,1781,0,2,334082
input_layernorm,1781,0,2,1
q_proj,1781,0,2,1
k_proj,1781,0,2,1
v_proj,1781,0,2,1
rope,1781,0,2,1
attn,1781,0,2,1
o_proj,1781,0,2,1
post_layernorm,1781,0,2,1
gate_proj,1781,0,2,1059761
up_proj,1781,0,2,1
act_fn,1781,0,2,1
down_proj,1781,0,2,1
final_layernorm,1781,0,2,49929
lm_head,1781,0,2,2027586
embedding,1782,0,2,334082
input_layernorm,1782,0,2,1
q_proj,1782,0,2,1
k_proj,1782,0,2,1
v_proj,1782,0,2,1
rope,1782,0,2,1
attn,1782,0,2,1
o_proj,1782,0,2,1
post_layernorm,1782,0,2,1
gate_proj,1782,0,2,1059761
up_proj,1782,0,2,1
act_fn,1782,0,2,1
down_proj,1782,0,2,1
final_layernorm,1782,0,2,49929
lm_head,1782,0,2,2027586
embedding,1783,0,2,334082
input_layernorm,1783,0,2,1
q_proj,1783,0,2,1
k_proj,1783,0,2,1
v_proj,1783,0,2,1
rope,1783,0,2,1
attn,1783,0,2,1
o_proj,1783,0,2,1
post_layernorm,1783,0,2,1
gate_proj,1783,0,2,1059761
up_proj,1783,0,2,1
act_fn,1783,0,2,1
down_proj,1783,0,2,1
final_layernorm,1783,0,2,49929
lm_head,1783,0,2,2027586
embedding,1784,0,2,334082
input_layernorm,1784,0,2,1
q_proj,1784,0,2,1
k_proj,1784,0,2,1
v_proj,1784,0,2,1
rope,1784,0,2,1
attn,1784,0,2,1
o_proj,1784,0,2,1
post_layernorm,1784,0,2,1
gate_proj,1784,0,2,1059761
up_proj,1784,0,2,1
act_fn,1784,0,2,1
down_proj,1784,0,2,1
final_layernorm,1784,0,2,49929
lm_head,1784,0,2,2027586
embedding,1785,0,2,334082
input_layernorm,1785,0,2,1
q_proj,1785,0,2,1
k_proj,1785,0,2,1
v_proj,1785,0,2,1
rope,1785,0,2,1
attn,1785,0,2,1
o_proj,1785,0,2,1
post_layernorm,1785,0,2,1
gate_proj,1785,0,2,1059761
up_proj,1785,0,2,1
act_fn,1785,0,2,1
down_proj,1785,0,2,1
final_layernorm,1785,0,2,49929
lm_head,1785,0,2,2027586
embedding,1786,0,2,334082
input_layernorm,1786,0,2,1
q_proj,1786,0,2,1
k_proj,1786,0,2,1
v_proj,1786,0,2,1
rope,1786,0,2,1
attn,1786,0,2,1
o_proj,1786,0,2,1
post_layernorm,1786,0,2,1
gate_proj,1786,0,2,1059761
up_proj,1786,0,2,1
act_fn,1786,0,2,1
down_proj,1786,0,2,1
final_layernorm,1786,0,2,49929
lm_head,1786,0,2,2027586
embedding,1787,0,2,334082
input_layernorm,1787,0,2,1
q_proj,1787,0,2,1
k_proj,1787,0,2,1
v_proj,1787,0,2,1
rope,1787,0,2,1
attn,1787,0,2,1
o_proj,1787,0,2,1
post_layernorm,1787,0,2,1
gate_proj,1787,0,2,1059761
up_proj,1787,0,2,1
act_fn,1787,0,2,1
down_proj,1787,0,2,1
final_layernorm,1787,0,2,49929
lm_head,1787,0,2,2027586
embedding,1788,0,2,334082
input_layernorm,1788,0,2,1
q_proj,1788,0,2,1
k_proj,1788,0,2,1
v_proj,1788,0,2,1
rope,1788,0,2,1
attn,1788,0,2,1
o_proj,1788,0,2,1
post_layernorm,1788,0,2,1
gate_proj,1788,0,2,1059761
up_proj,1788,0,2,1
act_fn,1788,0,2,1
down_proj,1788,0,2,1
final_layernorm,1788,0,2,49929
lm_head,1788,0,2,2027586
embedding,1789,0,2,334082
input_layernorm,1789,0,2,1
q_proj,1789,0,2,1
k_proj,1789,0,2,1
v_proj,1789,0,2,1
rope,1789,0,2,1
attn,1789,0,2,1
o_proj,1789,0,2,1
post_layernorm,1789,0,2,1
gate_proj,1789,0,2,1059761
up_proj,1789,0,2,1
act_fn,1789,0,2,1
down_proj,1789,0,2,1
final_layernorm,1789,0,2,49929
lm_head,1789,0,2,2027586
embedding,1790,0,2,334082
input_layernorm,1790,0,2,1
q_proj,1790,0,2,1
k_proj,1790,0,2,1
v_proj,1790,0,2,1
rope,1790,0,2,1
attn,1790,0,2,1
o_proj,1790,0,2,1
post_layernorm,1790,0,2,1
gate_proj,1790,0,2,1059761
up_proj,1790,0,2,1
act_fn,1790,0,2,1
down_proj,1790,0,2,1
final_layernorm,1790,0,2,49929
lm_head,1790,0,2,2027586
embedding,1791,0,2,334082
input_layernorm,1791,0,2,1
q_proj,1791,0,2,1
k_proj,1791,0,2,1
v_proj,1791,0,2,1
rope,1791,0,2,1
attn,1791,0,2,1
o_proj,1791,0,2,1
post_layernorm,1791,0,2,1
gate_proj,1791,0,2,1059761
up_proj,1791,0,2,1
act_fn,1791,0,2,1
down_proj,1791,0,2,1
final_layernorm,1791,0,2,49929
lm_head,1791,0,2,2027586
embedding,1792,0,2,334082
input_layernorm,1792,0,2,1
q_proj,1792,0,2,1
k_proj,1792,0,2,1
v_proj,1792,0,2,1
rope,1792,0,2,1
attn,1792,0,2,1
o_proj,1792,0,2,1
post_layernorm,1792,0,2,1
gate_proj,1792,0,2,1059761
up_proj,1792,0,2,1
act_fn,1792,0,2,1
down_proj,1792,0,2,1
final_layernorm,1792,0,2,49929
lm_head,1792,0,2,2027586
embedding,1793,0,2,334082
input_layernorm,1793,0,2,1
q_proj,1793,0,2,1
k_proj,1793,0,2,1
v_proj,1793,0,2,1
rope,1793,0,2,1
attn,1793,0,2,1
o_proj,1793,0,2,1
post_layernorm,1793,0,2,1
gate_proj,1793,0,2,1059761
up_proj,1793,0,2,1
act_fn,1793,0,2,1
down_proj,1793,0,2,1
final_layernorm,1793,0,2,49929
lm_head,1793,0,2,2027586
embedding,1794,0,2,334082
input_layernorm,1794,0,2,1
q_proj,1794,0,2,1
k_proj,1794,0,2,1
v_proj,1794,0,2,1
rope,1794,0,2,1
attn,1794,0,2,1
o_proj,1794,0,2,1
post_layernorm,1794,0,2,1
gate_proj,1794,0,2,1059761
up_proj,1794,0,2,1
act_fn,1794,0,2,1
down_proj,1794,0,2,1
final_layernorm,1794,0,2,49929
lm_head,1794,0,2,2027586
embedding,1795,0,2,334082
input_layernorm,1795,0,2,1
q_proj,1795,0,2,1
k_proj,1795,0,2,1
v_proj,1795,0,2,1
rope,1795,0,2,1
attn,1795,0,2,1
o_proj,1795,0,2,1
post_layernorm,1795,0,2,1
gate_proj,1795,0,2,1059761
up_proj,1795,0,2,1
act_fn,1795,0,2,1
down_proj,1795,0,2,1
final_layernorm,1795,0,2,49929
lm_head,1795,0,2,2027586
embedding,1796,0,2,334082
input_layernorm,1796,0,2,1
q_proj,1796,0,2,1
k_proj,1796,0,2,1
v_proj,1796,0,2,1
rope,1796,0,2,1
attn,1796,0,2,1
o_proj,1796,0,2,1
post_layernorm,1796,0,2,1
gate_proj,1796,0,2,1059761
up_proj,1796,0,2,1
act_fn,1796,0,2,1
down_proj,1796,0,2,1
final_layernorm,1796,0,2,49929
lm_head,1796,0,2,2027586
embedding,1797,0,2,334082
input_layernorm,1797,0,2,1
q_proj,1797,0,2,1
k_proj,1797,0,2,1
v_proj,1797,0,2,1
rope,1797,0,2,1
attn,1797,0,2,1
o_proj,1797,0,2,1
post_layernorm,1797,0,2,1
gate_proj,1797,0,2,1059761
up_proj,1797,0,2,1
act_fn,1797,0,2,1
down_proj,1797,0,2,1
final_layernorm,1797,0,2,49929
lm_head,1797,0,2,2027586
embedding,1798,0,2,334082
input_layernorm,1798,0,2,1
q_proj,1798,0,2,1
k_proj,1798,0,2,1
v_proj,1798,0,2,1
rope,1798,0,2,1
attn,1798,0,2,1
o_proj,1798,0,2,1
post_layernorm,1798,0,2,1
gate_proj,1798,0,2,1059761
up_proj,1798,0,2,1
act_fn,1798,0,2,1
down_proj,1798,0,2,1
final_layernorm,1798,0,2,49929
lm_head,1798,0,2,2027586
embedding,1799,0,2,334082
input_layernorm,1799,0,2,1
q_proj,1799,0,2,1
k_proj,1799,0,2,1
v_proj,1799,0,2,1
rope,1799,0,2,1
attn,1799,0,2,1
o_proj,1799,0,2,1
post_layernorm,1799,0,2,1
gate_proj,1799,0,2,1059761
up_proj,1799,0,2,1
act_fn,1799,0,2,1
down_proj,1799,0,2,1
final_layernorm,1799,0,2,49929
lm_head,1799,0,2,2027586
embedding,1800,0,2,334082
input_layernorm,1800,0,2,1
q_proj,1800,0,2,1
k_proj,1800,0,2,1
v_proj,1800,0,2,1
rope,1800,0,2,1
attn,1800,0,2,1
o_proj,1800,0,2,1
post_layernorm,1800,0,2,1
gate_proj,1800,0,2,1059761
up_proj,1800,0,2,1
act_fn,1800,0,2,1
down_proj,1800,0,2,1
final_layernorm,1800,0,2,49929
lm_head,1800,0,2,2027586
embedding,1801,0,2,334082
input_layernorm,1801,0,2,1
q_proj,1801,0,2,1
k_proj,1801,0,2,1
v_proj,1801,0,2,1
rope,1801,0,2,1
attn,1801,0,2,1
o_proj,1801,0,2,1
post_layernorm,1801,0,2,1
gate_proj,1801,0,2,1059761
up_proj,1801,0,2,1
act_fn,1801,0,2,1
down_proj,1801,0,2,1
final_layernorm,1801,0,2,49929
lm_head,1801,0,2,2027586
embedding,1802,0,2,334082
input_layernorm,1802,0,2,1
q_proj,1802,0,2,1
k_proj,1802,0,2,1
v_proj,1802,0,2,1
rope,1802,0,2,1
attn,1802,0,2,1
o_proj,1802,0,2,1
post_layernorm,1802,0,2,1
gate_proj,1802,0,2,1059761
up_proj,1802,0,2,1
act_fn,1802,0,2,1
down_proj,1802,0,2,1
final_layernorm,1802,0,2,49929
lm_head,1802,0,2,2027586
embedding,1803,0,2,334082
input_layernorm,1803,0,2,1
q_proj,1803,0,2,1
k_proj,1803,0,2,1
v_proj,1803,0,2,1
rope,1803,0,2,1
attn,1803,0,2,1
o_proj,1803,0,2,1
post_layernorm,1803,0,2,1
gate_proj,1803,0,2,1059761
up_proj,1803,0,2,1
act_fn,1803,0,2,1
down_proj,1803,0,2,1
final_layernorm,1803,0,2,49929
lm_head,1803,0,2,2027586
embedding,1804,0,2,334082
input_layernorm,1804,0,2,1
q_proj,1804,0,2,1
k_proj,1804,0,2,1
v_proj,1804,0,2,1
rope,1804,0,2,1
attn,1804,0,2,1
o_proj,1804,0,2,1
post_layernorm,1804,0,2,1
gate_proj,1804,0,2,1059761
up_proj,1804,0,2,1
act_fn,1804,0,2,1
down_proj,1804,0,2,1
final_layernorm,1804,0,2,49929
lm_head,1804,0,2,2027586
embedding,1805,0,2,334082
input_layernorm,1805,0,2,1
q_proj,1805,0,2,1
k_proj,1805,0,2,1
v_proj,1805,0,2,1
rope,1805,0,2,1
attn,1805,0,2,1
o_proj,1805,0,2,1
post_layernorm,1805,0,2,1
gate_proj,1805,0,2,1059761
up_proj,1805,0,2,1
act_fn,1805,0,2,1
down_proj,1805,0,2,1
final_layernorm,1805,0,2,49929
lm_head,1805,0,2,2027586
embedding,1806,0,2,334082
input_layernorm,1806,0,2,1
q_proj,1806,0,2,1
k_proj,1806,0,2,1
v_proj,1806,0,2,1
rope,1806,0,2,1
attn,1806,0,2,1
o_proj,1806,0,2,1
post_layernorm,1806,0,2,1
gate_proj,1806,0,2,1059761
up_proj,1806,0,2,1
act_fn,1806,0,2,1
down_proj,1806,0,2,1
final_layernorm,1806,0,2,49929
lm_head,1806,0,2,2027586
embedding,1807,0,2,334082
input_layernorm,1807,0,2,1
q_proj,1807,0,2,1
k_proj,1807,0,2,1
v_proj,1807,0,2,1
rope,1807,0,2,1
attn,1807,0,2,1
o_proj,1807,0,2,1
post_layernorm,1807,0,2,1
gate_proj,1807,0,2,1059761
up_proj,1807,0,2,1
act_fn,1807,0,2,1
down_proj,1807,0,2,1
final_layernorm,1807,0,2,49929
lm_head,1807,0,2,2027586
embedding,1808,0,2,334082
input_layernorm,1808,0,2,1
q_proj,1808,0,2,1
k_proj,1808,0,2,1
v_proj,1808,0,2,1
rope,1808,0,2,1
attn,1808,0,2,1
o_proj,1808,0,2,1
post_layernorm,1808,0,2,1
gate_proj,1808,0,2,1059761
up_proj,1808,0,2,1
act_fn,1808,0,2,1
down_proj,1808,0,2,1
final_layernorm,1808,0,2,49929
lm_head,1808,0,2,2027586
embedding,1809,0,2,334082
input_layernorm,1809,0,2,1
q_proj,1809,0,2,1
k_proj,1809,0,2,1
v_proj,1809,0,2,1
rope,1809,0,2,1
attn,1809,0,2,1
o_proj,1809,0,2,1
post_layernorm,1809,0,2,1
gate_proj,1809,0,2,1059761
up_proj,1809,0,2,1
act_fn,1809,0,2,1
down_proj,1809,0,2,1
final_layernorm,1809,0,2,49929
lm_head,1809,0,2,2027586
embedding,1810,0,2,334082
input_layernorm,1810,0,2,1
q_proj,1810,0,2,1
k_proj,1810,0,2,1
v_proj,1810,0,2,1
rope,1810,0,2,1
attn,1810,0,2,1
o_proj,1810,0,2,1
post_layernorm,1810,0,2,1
gate_proj,1810,0,2,1059761
up_proj,1810,0,2,1
act_fn,1810,0,2,1
down_proj,1810,0,2,1
final_layernorm,1810,0,2,49929
lm_head,1810,0,2,2027586
embedding,1811,0,2,334082
input_layernorm,1811,0,2,1
q_proj,1811,0,2,1
k_proj,1811,0,2,1
v_proj,1811,0,2,1
rope,1811,0,2,1
attn,1811,0,2,1
o_proj,1811,0,2,1
post_layernorm,1811,0,2,1
gate_proj,1811,0,2,1059761
up_proj,1811,0,2,1
act_fn,1811,0,2,1
down_proj,1811,0,2,1
final_layernorm,1811,0,2,49929
lm_head,1811,0,2,2027586
embedding,1812,0,2,334082
input_layernorm,1812,0,2,1
q_proj,1812,0,2,1
k_proj,1812,0,2,1
v_proj,1812,0,2,1
rope,1812,0,2,1
attn,1812,0,2,1
o_proj,1812,0,2,1
post_layernorm,1812,0,2,1
gate_proj,1812,0,2,1059761
up_proj,1812,0,2,1
act_fn,1812,0,2,1
down_proj,1812,0,2,1
final_layernorm,1812,0,2,49929
lm_head,1812,0,2,2027586
embedding,1813,0,2,334082
input_layernorm,1813,0,2,1
q_proj,1813,0,2,1
k_proj,1813,0,2,1
v_proj,1813,0,2,1
rope,1813,0,2,1
attn,1813,0,2,1
o_proj,1813,0,2,1
post_layernorm,1813,0,2,1
gate_proj,1813,0,2,1059761
up_proj,1813,0,2,1
act_fn,1813,0,2,1
down_proj,1813,0,2,1
final_layernorm,1813,0,2,49929
lm_head,1813,0,2,2027586
embedding,1814,0,2,334082
input_layernorm,1814,0,2,1
q_proj,1814,0,2,1
k_proj,1814,0,2,1
v_proj,1814,0,2,1
rope,1814,0,2,1
attn,1814,0,2,1
o_proj,1814,0,2,1
post_layernorm,1814,0,2,1
gate_proj,1814,0,2,1059761
up_proj,1814,0,2,1
act_fn,1814,0,2,1
down_proj,1814,0,2,1
final_layernorm,1814,0,2,49929
lm_head,1814,0,2,2027586
embedding,1815,0,2,334082
input_layernorm,1815,0,2,1
q_proj,1815,0,2,1
k_proj,1815,0,2,1
v_proj,1815,0,2,1
rope,1815,0,2,1
attn,1815,0,2,1
o_proj,1815,0,2,1
post_layernorm,1815,0,2,1
gate_proj,1815,0,2,1059761
up_proj,1815,0,2,1
act_fn,1815,0,2,1
down_proj,1815,0,2,1
final_layernorm,1815,0,2,49929
lm_head,1815,0,2,2027586
embedding,1816,0,2,334082
input_layernorm,1816,0,2,1
q_proj,1816,0,2,1
k_proj,1816,0,2,1
v_proj,1816,0,2,1
rope,1816,0,2,1
attn,1816,0,2,1
o_proj,1816,0,2,1
post_layernorm,1816,0,2,1
gate_proj,1816,0,2,1059761
up_proj,1816,0,2,1
act_fn,1816,0,2,1
down_proj,1816,0,2,1
final_layernorm,1816,0,2,49929
lm_head,1816,0,2,2027586
embedding,1817,0,2,334082
input_layernorm,1817,0,2,1
q_proj,1817,0,2,1
k_proj,1817,0,2,1
v_proj,1817,0,2,1
rope,1817,0,2,1
attn,1817,0,2,1
o_proj,1817,0,2,1
post_layernorm,1817,0,2,1
gate_proj,1817,0,2,1059761
up_proj,1817,0,2,1
act_fn,1817,0,2,1
down_proj,1817,0,2,1
final_layernorm,1817,0,2,49929
lm_head,1817,0,2,2027586
embedding,1818,0,2,334082
input_layernorm,1818,0,2,1
q_proj,1818,0,2,1
k_proj,1818,0,2,1
v_proj,1818,0,2,1
rope,1818,0,2,1
attn,1818,0,2,1
o_proj,1818,0,2,1
post_layernorm,1818,0,2,1
gate_proj,1818,0,2,1059761
up_proj,1818,0,2,1
act_fn,1818,0,2,1
down_proj,1818,0,2,1
final_layernorm,1818,0,2,49929
lm_head,1818,0,2,2027586
embedding,1819,0,2,334082
input_layernorm,1819,0,2,1
q_proj,1819,0,2,1
k_proj,1819,0,2,1
v_proj,1819,0,2,1
rope,1819,0,2,1
attn,1819,0,2,1
o_proj,1819,0,2,1
post_layernorm,1819,0,2,1
gate_proj,1819,0,2,1059761
up_proj,1819,0,2,1
act_fn,1819,0,2,1
down_proj,1819,0,2,1
final_layernorm,1819,0,2,49929
lm_head,1819,0,2,2027586
embedding,1820,0,2,334082
input_layernorm,1820,0,2,1
q_proj,1820,0,2,1
k_proj,1820,0,2,1
v_proj,1820,0,2,1
rope,1820,0,2,1
attn,1820,0,2,1
o_proj,1820,0,2,1
post_layernorm,1820,0,2,1
gate_proj,1820,0,2,1059761
up_proj,1820,0,2,1
act_fn,1820,0,2,1
down_proj,1820,0,2,1
final_layernorm,1820,0,2,49929
lm_head,1820,0,2,2027586
embedding,1821,0,2,334082
input_layernorm,1821,0,2,1
q_proj,1821,0,2,1
k_proj,1821,0,2,1
v_proj,1821,0,2,1
rope,1821,0,2,1
attn,1821,0,2,1
o_proj,1821,0,2,1
post_layernorm,1821,0,2,1
gate_proj,1821,0,2,1059761
up_proj,1821,0,2,1
act_fn,1821,0,2,1
down_proj,1821,0,2,1
final_layernorm,1821,0,2,49929
lm_head,1821,0,2,2027586
embedding,1822,0,2,334082
input_layernorm,1822,0,2,1
q_proj,1822,0,2,1
k_proj,1822,0,2,1
v_proj,1822,0,2,1
rope,1822,0,2,1
attn,1822,0,2,1
o_proj,1822,0,2,1
post_layernorm,1822,0,2,1
gate_proj,1822,0,2,1059761
up_proj,1822,0,2,1
act_fn,1822,0,2,1
down_proj,1822,0,2,1
final_layernorm,1822,0,2,49929
lm_head,1822,0,2,2027586
embedding,1823,0,2,334082
input_layernorm,1823,0,2,1
q_proj,1823,0,2,1
k_proj,1823,0,2,1
v_proj,1823,0,2,1
rope,1823,0,2,1
attn,1823,0,2,1
o_proj,1823,0,2,1
post_layernorm,1823,0,2,1
gate_proj,1823,0,2,1059761
up_proj,1823,0,2,1
act_fn,1823,0,2,1
down_proj,1823,0,2,1
final_layernorm,1823,0,2,49929
lm_head,1823,0,2,2027586
embedding,1824,0,2,334082
input_layernorm,1824,0,2,1
q_proj,1824,0,2,1
k_proj,1824,0,2,1
v_proj,1824,0,2,1
rope,1824,0,2,1
attn,1824,0,2,1
o_proj,1824,0,2,1
post_layernorm,1824,0,2,1
gate_proj,1824,0,2,1059761
up_proj,1824,0,2,1
act_fn,1824,0,2,1
down_proj,1824,0,2,1
final_layernorm,1824,0,2,49929
lm_head,1824,0,2,2027586
embedding,1825,0,2,334082
input_layernorm,1825,0,2,1
q_proj,1825,0,2,1
k_proj,1825,0,2,1
v_proj,1825,0,2,1
rope,1825,0,2,1
attn,1825,0,2,1
o_proj,1825,0,2,1
post_layernorm,1825,0,2,1
gate_proj,1825,0,2,1059761
up_proj,1825,0,2,1
act_fn,1825,0,2,1
down_proj,1825,0,2,1
final_layernorm,1825,0,2,49929
lm_head,1825,0,2,2027586
embedding,1826,0,2,334082
input_layernorm,1826,0,2,1
q_proj,1826,0,2,1
k_proj,1826,0,2,1
v_proj,1826,0,2,1
rope,1826,0,2,1
attn,1826,0,2,1
o_proj,1826,0,2,1
post_layernorm,1826,0,2,1
gate_proj,1826,0,2,1059761
up_proj,1826,0,2,1
act_fn,1826,0,2,1
down_proj,1826,0,2,1
final_layernorm,1826,0,2,49929
lm_head,1826,0,2,2027586
embedding,1827,0,2,334082
input_layernorm,1827,0,2,1
q_proj,1827,0,2,1
k_proj,1827,0,2,1
v_proj,1827,0,2,1
rope,1827,0,2,1
attn,1827,0,2,1
o_proj,1827,0,2,1
post_layernorm,1827,0,2,1
gate_proj,1827,0,2,1059761
up_proj,1827,0,2,1
act_fn,1827,0,2,1
down_proj,1827,0,2,1
final_layernorm,1827,0,2,49929
lm_head,1827,0,2,2027586
embedding,1828,0,2,334082
input_layernorm,1828,0,2,1
q_proj,1828,0,2,1
k_proj,1828,0,2,1
v_proj,1828,0,2,1
rope,1828,0,2,1
attn,1828,0,2,1
o_proj,1828,0,2,1
post_layernorm,1828,0,2,1
gate_proj,1828,0,2,1059761
up_proj,1828,0,2,1
act_fn,1828,0,2,1
down_proj,1828,0,2,1
final_layernorm,1828,0,2,49929
lm_head,1828,0,2,2027586
embedding,1829,0,2,334082
input_layernorm,1829,0,2,1
q_proj,1829,0,2,1
k_proj,1829,0,2,1
v_proj,1829,0,2,1
rope,1829,0,2,1
attn,1829,0,2,1
o_proj,1829,0,2,1
post_layernorm,1829,0,2,1
gate_proj,1829,0,2,1059761
up_proj,1829,0,2,1
act_fn,1829,0,2,1
down_proj,1829,0,2,1
final_layernorm,1829,0,2,49929
lm_head,1829,0,2,2027586
embedding,1830,0,2,334082
input_layernorm,1830,0,2,1
q_proj,1830,0,2,1
k_proj,1830,0,2,1
v_proj,1830,0,2,1
rope,1830,0,2,1
attn,1830,0,2,1
o_proj,1830,0,2,1
post_layernorm,1830,0,2,1
gate_proj,1830,0,2,1059761
up_proj,1830,0,2,1
act_fn,1830,0,2,1
down_proj,1830,0,2,1
final_layernorm,1830,0,2,49929
lm_head,1830,0,2,2027586
embedding,1831,0,2,334082
input_layernorm,1831,0,2,1
q_proj,1831,0,2,1
k_proj,1831,0,2,1
v_proj,1831,0,2,1
rope,1831,0,2,1
attn,1831,0,2,1
o_proj,1831,0,2,1
post_layernorm,1831,0,2,1
gate_proj,1831,0,2,1059761
up_proj,1831,0,2,1
act_fn,1831,0,2,1
down_proj,1831,0,2,1
final_layernorm,1831,0,2,49929
lm_head,1831,0,2,2027586
embedding,1832,0,2,334082
input_layernorm,1832,0,2,1
q_proj,1832,0,2,1
k_proj,1832,0,2,1
v_proj,1832,0,2,1
rope,1832,0,2,1
attn,1832,0,2,1
o_proj,1832,0,2,1
post_layernorm,1832,0,2,1
gate_proj,1832,0,2,1059761
up_proj,1832,0,2,1
act_fn,1832,0,2,1
down_proj,1832,0,2,1
final_layernorm,1832,0,2,49929
lm_head,1832,0,2,2027586
embedding,1833,0,2,334082
input_layernorm,1833,0,2,1
q_proj,1833,0,2,1
k_proj,1833,0,2,1
v_proj,1833,0,2,1
rope,1833,0,2,1
attn,1833,0,2,1
o_proj,1833,0,2,1
post_layernorm,1833,0,2,1
gate_proj,1833,0,2,1059761
up_proj,1833,0,2,1
act_fn,1833,0,2,1
down_proj,1833,0,2,1
final_layernorm,1833,0,2,49929
lm_head,1833,0,2,2027586
embedding,1834,0,2,334082
input_layernorm,1834,0,2,1
q_proj,1834,0,2,1
k_proj,1834,0,2,1
v_proj,1834,0,2,1
rope,1834,0,2,1
attn,1834,0,2,1
o_proj,1834,0,2,1
post_layernorm,1834,0,2,1
gate_proj,1834,0,2,1059761
up_proj,1834,0,2,1
act_fn,1834,0,2,1
down_proj,1834,0,2,1
final_layernorm,1834,0,2,49929
lm_head,1834,0,2,2027586
embedding,1835,0,2,334082
input_layernorm,1835,0,2,1
q_proj,1835,0,2,1
k_proj,1835,0,2,1
v_proj,1835,0,2,1
rope,1835,0,2,1
attn,1835,0,2,1
o_proj,1835,0,2,1
post_layernorm,1835,0,2,1
gate_proj,1835,0,2,1059761
up_proj,1835,0,2,1
act_fn,1835,0,2,1
down_proj,1835,0,2,1
final_layernorm,1835,0,2,49929
lm_head,1835,0,2,2027586
embedding,1836,0,2,334082
input_layernorm,1836,0,2,1
q_proj,1836,0,2,1
k_proj,1836,0,2,1
v_proj,1836,0,2,1
rope,1836,0,2,1
attn,1836,0,2,1
o_proj,1836,0,2,1
post_layernorm,1836,0,2,1
gate_proj,1836,0,2,1059761
up_proj,1836,0,2,1
act_fn,1836,0,2,1
down_proj,1836,0,2,1
final_layernorm,1836,0,2,49929
lm_head,1836,0,2,2027586
embedding,1837,0,2,334082
input_layernorm,1837,0,2,1
q_proj,1837,0,2,1
k_proj,1837,0,2,1
v_proj,1837,0,2,1
rope,1837,0,2,1
attn,1837,0,2,1
o_proj,1837,0,2,1
post_layernorm,1837,0,2,1
gate_proj,1837,0,2,1059761
up_proj,1837,0,2,1
act_fn,1837,0,2,1
down_proj,1837,0,2,1
final_layernorm,1837,0,2,49929
lm_head,1837,0,2,2027586
embedding,1838,0,2,334082
input_layernorm,1838,0,2,1
q_proj,1838,0,2,1
k_proj,1838,0,2,1
v_proj,1838,0,2,1
rope,1838,0,2,1
attn,1838,0,2,1
o_proj,1838,0,2,1
post_layernorm,1838,0,2,1
gate_proj,1838,0,2,1059761
up_proj,1838,0,2,1
act_fn,1838,0,2,1
down_proj,1838,0,2,1
final_layernorm,1838,0,2,49929
lm_head,1838,0,2,2027586
embedding,1839,0,2,334082
input_layernorm,1839,0,2,1
q_proj,1839,0,2,1
k_proj,1839,0,2,1
v_proj,1839,0,2,1
rope,1839,0,2,1
attn,1839,0,2,1
o_proj,1839,0,2,1
post_layernorm,1839,0,2,1
gate_proj,1839,0,2,1059761
up_proj,1839,0,2,1
act_fn,1839,0,2,1
down_proj,1839,0,2,1
final_layernorm,1839,0,2,49929
lm_head,1839,0,2,2027586
embedding,1840,0,2,334082
input_layernorm,1840,0,2,1
q_proj,1840,0,2,1
k_proj,1840,0,2,1
v_proj,1840,0,2,1
rope,1840,0,2,1
attn,1840,0,2,1
o_proj,1840,0,2,1
post_layernorm,1840,0,2,1
gate_proj,1840,0,2,1059761
up_proj,1840,0,2,1
act_fn,1840,0,2,1
down_proj,1840,0,2,1
final_layernorm,1840,0,2,49929
lm_head,1840,0,2,2027586
embedding,1841,0,2,334082
input_layernorm,1841,0,2,1
q_proj,1841,0,2,1
k_proj,1841,0,2,1
v_proj,1841,0,2,1
rope,1841,0,2,1
attn,1841,0,2,1
o_proj,1841,0,2,1
post_layernorm,1841,0,2,1
gate_proj,1841,0,2,1059761
up_proj,1841,0,2,1
act_fn,1841,0,2,1
down_proj,1841,0,2,1
final_layernorm,1841,0,2,49929
lm_head,1841,0,2,2027586
embedding,1842,0,2,334082
input_layernorm,1842,0,2,1
q_proj,1842,0,2,1
k_proj,1842,0,2,1
v_proj,1842,0,2,1
rope,1842,0,2,1
attn,1842,0,2,1
o_proj,1842,0,2,1
post_layernorm,1842,0,2,1
gate_proj,1842,0,2,1059761
up_proj,1842,0,2,1
act_fn,1842,0,2,1
down_proj,1842,0,2,1
final_layernorm,1842,0,2,49929
lm_head,1842,0,2,2027586
embedding,1843,0,2,334082
input_layernorm,1843,0,2,1
q_proj,1843,0,2,1
k_proj,1843,0,2,1
v_proj,1843,0,2,1
rope,1843,0,2,1
attn,1843,0,2,1
o_proj,1843,0,2,1
post_layernorm,1843,0,2,1
gate_proj,1843,0,2,1059761
up_proj,1843,0,2,1
act_fn,1843,0,2,1
down_proj,1843,0,2,1
final_layernorm,1843,0,2,49929
lm_head,1843,0,2,2027586
embedding,1844,0,2,334082
input_layernorm,1844,0,2,1
q_proj,1844,0,2,1
k_proj,1844,0,2,1
v_proj,1844,0,2,1
rope,1844,0,2,1
attn,1844,0,2,1
o_proj,1844,0,2,1
post_layernorm,1844,0,2,1
gate_proj,1844,0,2,1059761
up_proj,1844,0,2,1
act_fn,1844,0,2,1
down_proj,1844,0,2,1
final_layernorm,1844,0,2,49929
lm_head,1844,0,2,2027586
embedding,1845,0,2,334082
input_layernorm,1845,0,2,1
q_proj,1845,0,2,1
k_proj,1845,0,2,1
v_proj,1845,0,2,1
rope,1845,0,2,1
attn,1845,0,2,1
o_proj,1845,0,2,1
post_layernorm,1845,0,2,1
gate_proj,1845,0,2,1059761
up_proj,1845,0,2,1
act_fn,1845,0,2,1
down_proj,1845,0,2,1
final_layernorm,1845,0,2,49929
lm_head,1845,0,2,2027586
embedding,1846,0,2,334082
input_layernorm,1846,0,2,1
q_proj,1846,0,2,1
k_proj,1846,0,2,1
v_proj,1846,0,2,1
rope,1846,0,2,1
attn,1846,0,2,1
o_proj,1846,0,2,1
post_layernorm,1846,0,2,1
gate_proj,1846,0,2,1059761
up_proj,1846,0,2,1
act_fn,1846,0,2,1
down_proj,1846,0,2,1
final_layernorm,1846,0,2,49929
lm_head,1846,0,2,2027586
embedding,1847,0,2,334082
input_layernorm,1847,0,2,1
q_proj,1847,0,2,1
k_proj,1847,0,2,1
v_proj,1847,0,2,1
rope,1847,0,2,1
attn,1847,0,2,1
o_proj,1847,0,2,1
post_layernorm,1847,0,2,1
gate_proj,1847,0,2,1059761
up_proj,1847,0,2,1
act_fn,1847,0,2,1
down_proj,1847,0,2,1
final_layernorm,1847,0,2,49929
lm_head,1847,0,2,2027586
embedding,1848,0,2,334082
input_layernorm,1848,0,2,1
q_proj,1848,0,2,1
k_proj,1848,0,2,1
v_proj,1848,0,2,1
rope,1848,0,2,1
attn,1848,0,2,1
o_proj,1848,0,2,1
post_layernorm,1848,0,2,1
gate_proj,1848,0,2,1059761
up_proj,1848,0,2,1
act_fn,1848,0,2,1
down_proj,1848,0,2,1
final_layernorm,1848,0,2,49929
lm_head,1848,0,2,2027586
embedding,1849,0,2,334082
input_layernorm,1849,0,2,1
q_proj,1849,0,2,1
k_proj,1849,0,2,1
v_proj,1849,0,2,1
rope,1849,0,2,1
attn,1849,0,2,1
o_proj,1849,0,2,1
post_layernorm,1849,0,2,1
gate_proj,1849,0,2,1059761
up_proj,1849,0,2,1
act_fn,1849,0,2,1
down_proj,1849,0,2,1
final_layernorm,1849,0,2,49929
lm_head,1849,0,2,2027586
embedding,1850,0,2,334082
input_layernorm,1850,0,2,1
q_proj,1850,0,2,1
k_proj,1850,0,2,1
v_proj,1850,0,2,1
rope,1850,0,2,1
attn,1850,0,2,1
o_proj,1850,0,2,1
post_layernorm,1850,0,2,1
gate_proj,1850,0,2,1059761
up_proj,1850,0,2,1
act_fn,1850,0,2,1
down_proj,1850,0,2,1
final_layernorm,1850,0,2,49929
lm_head,1850,0,2,2027586
embedding,1851,0,2,334082
input_layernorm,1851,0,2,1
q_proj,1851,0,2,1
k_proj,1851,0,2,1
v_proj,1851,0,2,1
rope,1851,0,2,1
attn,1851,0,2,1
o_proj,1851,0,2,1
post_layernorm,1851,0,2,1
gate_proj,1851,0,2,1059761
up_proj,1851,0,2,1
act_fn,1851,0,2,1
down_proj,1851,0,2,1
final_layernorm,1851,0,2,49929
lm_head,1851,0,2,2027586
embedding,1852,0,2,334082
input_layernorm,1852,0,2,1
q_proj,1852,0,2,1
k_proj,1852,0,2,1
v_proj,1852,0,2,1
rope,1852,0,2,1
attn,1852,0,2,1
o_proj,1852,0,2,1
post_layernorm,1852,0,2,1
gate_proj,1852,0,2,1059761
up_proj,1852,0,2,1
act_fn,1852,0,2,1
down_proj,1852,0,2,1
final_layernorm,1852,0,2,49929
lm_head,1852,0,2,2027586
embedding,1853,0,2,334082
input_layernorm,1853,0,2,1
q_proj,1853,0,2,1
k_proj,1853,0,2,1
v_proj,1853,0,2,1
rope,1853,0,2,1
attn,1853,0,2,1
o_proj,1853,0,2,1
post_layernorm,1853,0,2,1
gate_proj,1853,0,2,1059761
up_proj,1853,0,2,1
act_fn,1853,0,2,1
down_proj,1853,0,2,1
final_layernorm,1853,0,2,49929
lm_head,1853,0,2,2027586
embedding,1854,0,2,334082
input_layernorm,1854,0,2,1
q_proj,1854,0,2,1
k_proj,1854,0,2,1
v_proj,1854,0,2,1
rope,1854,0,2,1
attn,1854,0,2,1
o_proj,1854,0,2,1
post_layernorm,1854,0,2,1
gate_proj,1854,0,2,1059761
up_proj,1854,0,2,1
act_fn,1854,0,2,1
down_proj,1854,0,2,1
final_layernorm,1854,0,2,49929
lm_head,1854,0,2,2027586
embedding,1855,0,2,334082
input_layernorm,1855,0,2,1
q_proj,1855,0,2,1
k_proj,1855,0,2,1
v_proj,1855,0,2,1
rope,1855,0,2,1
attn,1855,0,2,1
o_proj,1855,0,2,1
post_layernorm,1855,0,2,1
gate_proj,1855,0,2,1059761
up_proj,1855,0,2,1
act_fn,1855,0,2,1
down_proj,1855,0,2,1
final_layernorm,1855,0,2,49929
lm_head,1855,0,2,2027586
embedding,1856,0,2,334082
input_layernorm,1856,0,2,1
q_proj,1856,0,2,1
k_proj,1856,0,2,1
v_proj,1856,0,2,1
rope,1856,0,2,1
attn,1856,0,2,1
o_proj,1856,0,2,1
post_layernorm,1856,0,2,1
gate_proj,1856,0,2,1059761
up_proj,1856,0,2,1
act_fn,1856,0,2,1
down_proj,1856,0,2,1
final_layernorm,1856,0,2,49929
lm_head,1856,0,2,2027586
embedding,1857,0,2,334082
input_layernorm,1857,0,2,1
q_proj,1857,0,2,1
k_proj,1857,0,2,1
v_proj,1857,0,2,1
rope,1857,0,2,1
attn,1857,0,2,1
o_proj,1857,0,2,1
post_layernorm,1857,0,2,1
gate_proj,1857,0,2,1059761
up_proj,1857,0,2,1
act_fn,1857,0,2,1
down_proj,1857,0,2,1
final_layernorm,1857,0,2,49929
lm_head,1857,0,2,2027586
embedding,1858,0,2,334082
input_layernorm,1858,0,2,1
q_proj,1858,0,2,1
k_proj,1858,0,2,1
v_proj,1858,0,2,1
rope,1858,0,2,1
attn,1858,0,2,1
o_proj,1858,0,2,1
post_layernorm,1858,0,2,1
gate_proj,1858,0,2,1059761
up_proj,1858,0,2,1
act_fn,1858,0,2,1
down_proj,1858,0,2,1
final_layernorm,1858,0,2,49929
lm_head,1858,0,2,2027586
embedding,1859,0,2,334082
input_layernorm,1859,0,2,1
q_proj,1859,0,2,1
k_proj,1859,0,2,1
v_proj,1859,0,2,1
rope,1859,0,2,1
attn,1859,0,2,1
o_proj,1859,0,2,1
post_layernorm,1859,0,2,1
gate_proj,1859,0,2,1059761
up_proj,1859,0,2,1
act_fn,1859,0,2,1
down_proj,1859,0,2,1
final_layernorm,1859,0,2,49929
lm_head,1859,0,2,2027586
embedding,1860,0,2,334082
input_layernorm,1860,0,2,1
q_proj,1860,0,2,1
k_proj,1860,0,2,1
v_proj,1860,0,2,1
rope,1860,0,2,1
attn,1860,0,2,1
o_proj,1860,0,2,1
post_layernorm,1860,0,2,1
gate_proj,1860,0,2,1059761
up_proj,1860,0,2,1
act_fn,1860,0,2,1
down_proj,1860,0,2,1
final_layernorm,1860,0,2,49929
lm_head,1860,0,2,2027586
embedding,1861,0,2,334082
input_layernorm,1861,0,2,1
q_proj,1861,0,2,1
k_proj,1861,0,2,1
v_proj,1861,0,2,1
rope,1861,0,2,1
attn,1861,0,2,1
o_proj,1861,0,2,1
post_layernorm,1861,0,2,1
gate_proj,1861,0,2,1059761
up_proj,1861,0,2,1
act_fn,1861,0,2,1
down_proj,1861,0,2,1
final_layernorm,1861,0,2,49929
lm_head,1861,0,2,2027586
embedding,1862,0,2,334082
input_layernorm,1862,0,2,1
q_proj,1862,0,2,1
k_proj,1862,0,2,1
v_proj,1862,0,2,1
rope,1862,0,2,1
attn,1862,0,2,1
o_proj,1862,0,2,1
post_layernorm,1862,0,2,1
gate_proj,1862,0,2,1059761
up_proj,1862,0,2,1
act_fn,1862,0,2,1
down_proj,1862,0,2,1
final_layernorm,1862,0,2,49929
lm_head,1862,0,2,2027586
embedding,1863,0,2,334082
input_layernorm,1863,0,2,1
q_proj,1863,0,2,1
k_proj,1863,0,2,1
v_proj,1863,0,2,1
rope,1863,0,2,1
attn,1863,0,2,1
o_proj,1863,0,2,1
post_layernorm,1863,0,2,1
gate_proj,1863,0,2,1059761
up_proj,1863,0,2,1
act_fn,1863,0,2,1
down_proj,1863,0,2,1
final_layernorm,1863,0,2,49929
lm_head,1863,0,2,2027586
embedding,1864,0,2,334082
input_layernorm,1864,0,2,1
q_proj,1864,0,2,1
k_proj,1864,0,2,1
v_proj,1864,0,2,1
rope,1864,0,2,1
attn,1864,0,2,1
o_proj,1864,0,2,1
post_layernorm,1864,0,2,1
gate_proj,1864,0,2,1059761
up_proj,1864,0,2,1
act_fn,1864,0,2,1
down_proj,1864,0,2,1
final_layernorm,1864,0,2,49929
lm_head,1864,0,2,2027586
embedding,1865,0,2,334082
input_layernorm,1865,0,2,1
q_proj,1865,0,2,1
k_proj,1865,0,2,1
v_proj,1865,0,2,1
rope,1865,0,2,1
attn,1865,0,2,1
o_proj,1865,0,2,1
post_layernorm,1865,0,2,1
gate_proj,1865,0,2,1059761
up_proj,1865,0,2,1
act_fn,1865,0,2,1
down_proj,1865,0,2,1
final_layernorm,1865,0,2,49929
lm_head,1865,0,2,2027586
embedding,1866,0,2,334082
input_layernorm,1866,0,2,1
q_proj,1866,0,2,1
k_proj,1866,0,2,1
v_proj,1866,0,2,1
rope,1866,0,2,1
attn,1866,0,2,1
o_proj,1866,0,2,1
post_layernorm,1866,0,2,1
gate_proj,1866,0,2,1059761
up_proj,1866,0,2,1
act_fn,1866,0,2,1
down_proj,1866,0,2,1
final_layernorm,1866,0,2,49929
lm_head,1866,0,2,2027586
embedding,1867,0,2,334082
input_layernorm,1867,0,2,1
q_proj,1867,0,2,1
k_proj,1867,0,2,1
v_proj,1867,0,2,1
rope,1867,0,2,1
attn,1867,0,2,1
o_proj,1867,0,2,1
post_layernorm,1867,0,2,1
gate_proj,1867,0,2,1059761
up_proj,1867,0,2,1
act_fn,1867,0,2,1
down_proj,1867,0,2,1
final_layernorm,1867,0,2,49929
lm_head,1867,0,2,2027586
embedding,1868,0,2,334082
input_layernorm,1868,0,2,1
q_proj,1868,0,2,1
k_proj,1868,0,2,1
v_proj,1868,0,2,1
rope,1868,0,2,1
attn,1868,0,2,1
o_proj,1868,0,2,1
post_layernorm,1868,0,2,1
gate_proj,1868,0,2,1059761
up_proj,1868,0,2,1
act_fn,1868,0,2,1
down_proj,1868,0,2,1
final_layernorm,1868,0,2,49929
lm_head,1868,0,2,2027586
embedding,1869,0,2,334082
input_layernorm,1869,0,2,1
q_proj,1869,0,2,1
k_proj,1869,0,2,1
v_proj,1869,0,2,1
rope,1869,0,2,1
attn,1869,0,2,1
o_proj,1869,0,2,1
post_layernorm,1869,0,2,1
gate_proj,1869,0,2,1059761
up_proj,1869,0,2,1
act_fn,1869,0,2,1
down_proj,1869,0,2,1
final_layernorm,1869,0,2,49929
lm_head,1869,0,2,2027586
embedding,1870,0,2,334082
input_layernorm,1870,0,2,1
q_proj,1870,0,2,1
k_proj,1870,0,2,1
v_proj,1870,0,2,1
rope,1870,0,2,1
attn,1870,0,2,1
o_proj,1870,0,2,1
post_layernorm,1870,0,2,1
gate_proj,1870,0,2,1059761
up_proj,1870,0,2,1
act_fn,1870,0,2,1
down_proj,1870,0,2,1
final_layernorm,1870,0,2,49929
lm_head,1870,0,2,2027586
embedding,1871,0,2,334082
input_layernorm,1871,0,2,1
q_proj,1871,0,2,1
k_proj,1871,0,2,1
v_proj,1871,0,2,1
rope,1871,0,2,1
attn,1871,0,2,1
o_proj,1871,0,2,1
post_layernorm,1871,0,2,1
gate_proj,1871,0,2,1059761
up_proj,1871,0,2,1
act_fn,1871,0,2,1
down_proj,1871,0,2,1
final_layernorm,1871,0,2,49929
lm_head,1871,0,2,2027586
embedding,1872,0,2,334082
input_layernorm,1872,0,2,1
q_proj,1872,0,2,1
k_proj,1872,0,2,1
v_proj,1872,0,2,1
rope,1872,0,2,1
attn,1872,0,2,1
o_proj,1872,0,2,1
post_layernorm,1872,0,2,1
gate_proj,1872,0,2,1059761
up_proj,1872,0,2,1
act_fn,1872,0,2,1
down_proj,1872,0,2,1
final_layernorm,1872,0,2,49929
lm_head,1872,0,2,2027586
embedding,1873,0,2,334082
input_layernorm,1873,0,2,1
q_proj,1873,0,2,1
k_proj,1873,0,2,1
v_proj,1873,0,2,1
rope,1873,0,2,1
attn,1873,0,2,1
o_proj,1873,0,2,1
post_layernorm,1873,0,2,1
gate_proj,1873,0,2,1059761
up_proj,1873,0,2,1
act_fn,1873,0,2,1
down_proj,1873,0,2,1
final_layernorm,1873,0,2,49929
lm_head,1873,0,2,2027586
embedding,1874,0,2,334082
input_layernorm,1874,0,2,1
q_proj,1874,0,2,1
k_proj,1874,0,2,1
v_proj,1874,0,2,1
rope,1874,0,2,1
attn,1874,0,2,1
o_proj,1874,0,2,1
post_layernorm,1874,0,2,1
gate_proj,1874,0,2,1059761
up_proj,1874,0,2,1
act_fn,1874,0,2,1
down_proj,1874,0,2,1
final_layernorm,1874,0,2,49929
lm_head,1874,0,2,2027586
embedding,1875,0,2,334082
input_layernorm,1875,0,2,1
q_proj,1875,0,2,1
k_proj,1875,0,2,1
v_proj,1875,0,2,1
rope,1875,0,2,1
attn,1875,0,2,1
o_proj,1875,0,2,1
post_layernorm,1875,0,2,1
gate_proj,1875,0,2,1059761
up_proj,1875,0,2,1
act_fn,1875,0,2,1
down_proj,1875,0,2,1
final_layernorm,1875,0,2,49929
lm_head,1875,0,2,2027586
embedding,1876,0,2,334082
input_layernorm,1876,0,2,1
q_proj,1876,0,2,1
k_proj,1876,0,2,1
v_proj,1876,0,2,1
rope,1876,0,2,1
attn,1876,0,2,1
o_proj,1876,0,2,1
post_layernorm,1876,0,2,1
gate_proj,1876,0,2,1059761
up_proj,1876,0,2,1
act_fn,1876,0,2,1
down_proj,1876,0,2,1
final_layernorm,1876,0,2,49929
lm_head,1876,0,2,2027586
embedding,1877,0,2,334082
input_layernorm,1877,0,2,1
q_proj,1877,0,2,1
k_proj,1877,0,2,1
v_proj,1877,0,2,1
rope,1877,0,2,1
attn,1877,0,2,1
o_proj,1877,0,2,1
post_layernorm,1877,0,2,1
gate_proj,1877,0,2,1059761
up_proj,1877,0,2,1
act_fn,1877,0,2,1
down_proj,1877,0,2,1
final_layernorm,1877,0,2,49929
lm_head,1877,0,2,2027586
embedding,1878,0,2,334082
input_layernorm,1878,0,2,1
q_proj,1878,0,2,1
k_proj,1878,0,2,1
v_proj,1878,0,2,1
rope,1878,0,2,1
attn,1878,0,2,1
o_proj,1878,0,2,1
post_layernorm,1878,0,2,1
gate_proj,1878,0,2,1059761
up_proj,1878,0,2,1
act_fn,1878,0,2,1
down_proj,1878,0,2,1
final_layernorm,1878,0,2,49929
lm_head,1878,0,2,2027586
embedding,1879,0,2,334082
input_layernorm,1879,0,2,1
q_proj,1879,0,2,1
k_proj,1879,0,2,1
v_proj,1879,0,2,1
rope,1879,0,2,1
attn,1879,0,2,1
o_proj,1879,0,2,1
post_layernorm,1879,0,2,1
gate_proj,1879,0,2,1059761
up_proj,1879,0,2,1
act_fn,1879,0,2,1
down_proj,1879,0,2,1
final_layernorm,1879,0,2,49929
lm_head,1879,0,2,2027586
embedding,1880,0,2,334082
input_layernorm,1880,0,2,1
q_proj,1880,0,2,1
k_proj,1880,0,2,1
v_proj,1880,0,2,1
rope,1880,0,2,1
attn,1880,0,2,1
o_proj,1880,0,2,1
post_layernorm,1880,0,2,1
gate_proj,1880,0,2,1059761
up_proj,1880,0,2,1
act_fn,1880,0,2,1
down_proj,1880,0,2,1
final_layernorm,1880,0,2,49929
lm_head,1880,0,2,2027586
embedding,1881,0,2,334082
input_layernorm,1881,0,2,1
q_proj,1881,0,2,1
k_proj,1881,0,2,1
v_proj,1881,0,2,1
rope,1881,0,2,1
attn,1881,0,2,1
o_proj,1881,0,2,1
post_layernorm,1881,0,2,1
gate_proj,1881,0,2,1059761
up_proj,1881,0,2,1
act_fn,1881,0,2,1
down_proj,1881,0,2,1
final_layernorm,1881,0,2,49929
lm_head,1881,0,2,2027586
embedding,1882,0,2,334082
input_layernorm,1882,0,2,1
q_proj,1882,0,2,1
k_proj,1882,0,2,1
v_proj,1882,0,2,1
rope,1882,0,2,1
attn,1882,0,2,1
o_proj,1882,0,2,1
post_layernorm,1882,0,2,1
gate_proj,1882,0,2,1059761
up_proj,1882,0,2,1
act_fn,1882,0,2,1
down_proj,1882,0,2,1
final_layernorm,1882,0,2,49929
lm_head,1882,0,2,2027586
embedding,1883,0,2,334082
input_layernorm,1883,0,2,1
q_proj,1883,0,2,1
k_proj,1883,0,2,1
v_proj,1883,0,2,1
rope,1883,0,2,1
attn,1883,0,2,1
o_proj,1883,0,2,1
post_layernorm,1883,0,2,1
gate_proj,1883,0,2,1059761
up_proj,1883,0,2,1
act_fn,1883,0,2,1
down_proj,1883,0,2,1
final_layernorm,1883,0,2,49929
lm_head,1883,0,2,2027586
embedding,1884,0,2,334082
input_layernorm,1884,0,2,1
q_proj,1884,0,2,1
k_proj,1884,0,2,1
v_proj,1884,0,2,1
rope,1884,0,2,1
attn,1884,0,2,1
o_proj,1884,0,2,1
post_layernorm,1884,0,2,1
gate_proj,1884,0,2,1059761
up_proj,1884,0,2,1
act_fn,1884,0,2,1
down_proj,1884,0,2,1
final_layernorm,1884,0,2,49929
lm_head,1884,0,2,2027586
embedding,1885,0,2,334082
input_layernorm,1885,0,2,1
q_proj,1885,0,2,1
k_proj,1885,0,2,1
v_proj,1885,0,2,1
rope,1885,0,2,1
attn,1885,0,2,1
o_proj,1885,0,2,1
post_layernorm,1885,0,2,1
gate_proj,1885,0,2,1059761
up_proj,1885,0,2,1
act_fn,1885,0,2,1
down_proj,1885,0,2,1
final_layernorm,1885,0,2,49929
lm_head,1885,0,2,2027586
embedding,1886,0,2,334082
input_layernorm,1886,0,2,1
q_proj,1886,0,2,1
k_proj,1886,0,2,1
v_proj,1886,0,2,1
rope,1886,0,2,1
attn,1886,0,2,1
o_proj,1886,0,2,1
post_layernorm,1886,0,2,1
gate_proj,1886,0,2,1059761
up_proj,1886,0,2,1
act_fn,1886,0,2,1
down_proj,1886,0,2,1
final_layernorm,1886,0,2,49929
lm_head,1886,0,2,2027586
embedding,1887,0,2,334082
input_layernorm,1887,0,2,1
q_proj,1887,0,2,1
k_proj,1887,0,2,1
v_proj,1887,0,2,1
rope,1887,0,2,1
attn,1887,0,2,1
o_proj,1887,0,2,1
post_layernorm,1887,0,2,1
gate_proj,1887,0,2,1059761
up_proj,1887,0,2,1
act_fn,1887,0,2,1
down_proj,1887,0,2,1
final_layernorm,1887,0,2,49929
lm_head,1887,0,2,2027586
embedding,1888,0,2,334082
input_layernorm,1888,0,2,1
q_proj,1888,0,2,1
k_proj,1888,0,2,1
v_proj,1888,0,2,1
rope,1888,0,2,1
attn,1888,0,2,1
o_proj,1888,0,2,1
post_layernorm,1888,0,2,1
gate_proj,1888,0,2,1059761
up_proj,1888,0,2,1
act_fn,1888,0,2,1
down_proj,1888,0,2,1
final_layernorm,1888,0,2,49929
lm_head,1888,0,2,2027586
embedding,1889,0,2,334082
input_layernorm,1889,0,2,1
q_proj,1889,0,2,1
k_proj,1889,0,2,1
v_proj,1889,0,2,1
rope,1889,0,2,1
attn,1889,0,2,1
o_proj,1889,0,2,1
post_layernorm,1889,0,2,1
gate_proj,1889,0,2,1059761
up_proj,1889,0,2,1
act_fn,1889,0,2,1
down_proj,1889,0,2,1
final_layernorm,1889,0,2,49929
lm_head,1889,0,2,2027586
embedding,1890,0,2,334082
input_layernorm,1890,0,2,1
q_proj,1890,0,2,1
k_proj,1890,0,2,1
v_proj,1890,0,2,1
rope,1890,0,2,1
attn,1890,0,2,1
o_proj,1890,0,2,1
post_layernorm,1890,0,2,1
gate_proj,1890,0,2,1059761
up_proj,1890,0,2,1
act_fn,1890,0,2,1
down_proj,1890,0,2,1
final_layernorm,1890,0,2,49929
lm_head,1890,0,2,2027586
embedding,1891,0,2,334082
input_layernorm,1891,0,2,1
q_proj,1891,0,2,1
k_proj,1891,0,2,1
v_proj,1891,0,2,1
rope,1891,0,2,1
attn,1891,0,2,1
o_proj,1891,0,2,1
post_layernorm,1891,0,2,1
gate_proj,1891,0,2,1059761
up_proj,1891,0,2,1
act_fn,1891,0,2,1
down_proj,1891,0,2,1
final_layernorm,1891,0,2,49929
lm_head,1891,0,2,2027586
embedding,1892,0,2,334082
input_layernorm,1892,0,2,1
q_proj,1892,0,2,1
k_proj,1892,0,2,1
v_proj,1892,0,2,1
rope,1892,0,2,1
attn,1892,0,2,1
o_proj,1892,0,2,1
post_layernorm,1892,0,2,1
gate_proj,1892,0,2,1059761
up_proj,1892,0,2,1
act_fn,1892,0,2,1
down_proj,1892,0,2,1
final_layernorm,1892,0,2,49929
lm_head,1892,0,2,2027586
embedding,1893,0,2,334082
input_layernorm,1893,0,2,1
q_proj,1893,0,2,1
k_proj,1893,0,2,1
v_proj,1893,0,2,1
rope,1893,0,2,1
attn,1893,0,2,1
o_proj,1893,0,2,1
post_layernorm,1893,0,2,1
gate_proj,1893,0,2,1059761
up_proj,1893,0,2,1
act_fn,1893,0,2,1
down_proj,1893,0,2,1
final_layernorm,1893,0,2,49929
lm_head,1893,0,2,2027586
embedding,1894,0,2,334082
input_layernorm,1894,0,2,1
q_proj,1894,0,2,1
k_proj,1894,0,2,1
v_proj,1894,0,2,1
rope,1894,0,2,1
attn,1894,0,2,1
o_proj,1894,0,2,1
post_layernorm,1894,0,2,1
gate_proj,1894,0,2,1059761
up_proj,1894,0,2,1
act_fn,1894,0,2,1
down_proj,1894,0,2,1
final_layernorm,1894,0,2,49929
lm_head,1894,0,2,2027586
embedding,1895,0,2,334082
input_layernorm,1895,0,2,1
q_proj,1895,0,2,1
k_proj,1895,0,2,1
v_proj,1895,0,2,1
rope,1895,0,2,1
attn,1895,0,2,1
o_proj,1895,0,2,1
post_layernorm,1895,0,2,1
gate_proj,1895,0,2,1059761
up_proj,1895,0,2,1
act_fn,1895,0,2,1
down_proj,1895,0,2,1
final_layernorm,1895,0,2,49929
lm_head,1895,0,2,2027586
embedding,1896,0,2,334082
input_layernorm,1896,0,2,1
q_proj,1896,0,2,1
k_proj,1896,0,2,1
v_proj,1896,0,2,1
rope,1896,0,2,1
attn,1896,0,2,1
o_proj,1896,0,2,1
post_layernorm,1896,0,2,1
gate_proj,1896,0,2,1059761
up_proj,1896,0,2,1
act_fn,1896,0,2,1
down_proj,1896,0,2,1
final_layernorm,1896,0,2,49929
lm_head,1896,0,2,2027586
embedding,1897,0,2,334082
input_layernorm,1897,0,2,1
q_proj,1897,0,2,1
k_proj,1897,0,2,1
v_proj,1897,0,2,1
rope,1897,0,2,1
attn,1897,0,2,1
o_proj,1897,0,2,1
post_layernorm,1897,0,2,1
gate_proj,1897,0,2,1059761
up_proj,1897,0,2,1
act_fn,1897,0,2,1
down_proj,1897,0,2,1
final_layernorm,1897,0,2,49929
lm_head,1897,0,2,2027586
embedding,1898,0,2,334082
input_layernorm,1898,0,2,1
q_proj,1898,0,2,1
k_proj,1898,0,2,1
v_proj,1898,0,2,1
rope,1898,0,2,1
attn,1898,0,2,1
o_proj,1898,0,2,1
post_layernorm,1898,0,2,1
gate_proj,1898,0,2,1059761
up_proj,1898,0,2,1
act_fn,1898,0,2,1
down_proj,1898,0,2,1
final_layernorm,1898,0,2,49929
lm_head,1898,0,2,2027586
embedding,1899,0,2,334082
input_layernorm,1899,0,2,1
q_proj,1899,0,2,1
k_proj,1899,0,2,1
v_proj,1899,0,2,1
rope,1899,0,2,1
attn,1899,0,2,1
o_proj,1899,0,2,1
post_layernorm,1899,0,2,1
gate_proj,1899,0,2,1059761
up_proj,1899,0,2,1
act_fn,1899,0,2,1
down_proj,1899,0,2,1
final_layernorm,1899,0,2,49929
lm_head,1899,0,2,2027586
embedding,1900,0,2,334082
input_layernorm,1900,0,2,1
q_proj,1900,0,2,1
k_proj,1900,0,2,1
v_proj,1900,0,2,1
rope,1900,0,2,1
attn,1900,0,2,1
o_proj,1900,0,2,1
post_layernorm,1900,0,2,1
gate_proj,1900,0,2,1059761
up_proj,1900,0,2,1
act_fn,1900,0,2,1
down_proj,1900,0,2,1
final_layernorm,1900,0,2,49929
lm_head,1900,0,2,2027586
embedding,1901,0,2,334082
input_layernorm,1901,0,2,1
q_proj,1901,0,2,1
k_proj,1901,0,2,1
v_proj,1901,0,2,1
rope,1901,0,2,1
attn,1901,0,2,1
o_proj,1901,0,2,1
post_layernorm,1901,0,2,1
gate_proj,1901,0,2,1059761
up_proj,1901,0,2,1
act_fn,1901,0,2,1
down_proj,1901,0,2,1
final_layernorm,1901,0,2,49929
lm_head,1901,0,2,2027586
embedding,1902,0,2,334082
input_layernorm,1902,0,2,1
q_proj,1902,0,2,1
k_proj,1902,0,2,1
v_proj,1902,0,2,1
rope,1902,0,2,1
attn,1902,0,2,1
o_proj,1902,0,2,1
post_layernorm,1902,0,2,1
gate_proj,1902,0,2,1059761
up_proj,1902,0,2,1
act_fn,1902,0,2,1
down_proj,1902,0,2,1
final_layernorm,1902,0,2,49929
lm_head,1902,0,2,2027586
embedding,1903,0,2,334082
input_layernorm,1903,0,2,1
q_proj,1903,0,2,1
k_proj,1903,0,2,1
v_proj,1903,0,2,1
rope,1903,0,2,1
attn,1903,0,2,1
o_proj,1903,0,2,1
post_layernorm,1903,0,2,1
gate_proj,1903,0,2,1059761
up_proj,1903,0,2,1
act_fn,1903,0,2,1
down_proj,1903,0,2,1
final_layernorm,1903,0,2,49929
lm_head,1903,0,2,2027586
embedding,1904,0,2,334082
input_layernorm,1904,0,2,1
q_proj,1904,0,2,1
k_proj,1904,0,2,1
v_proj,1904,0,2,1
rope,1904,0,2,1
attn,1904,0,2,1
o_proj,1904,0,2,1
post_layernorm,1904,0,2,1
gate_proj,1904,0,2,1059761
up_proj,1904,0,2,1
act_fn,1904,0,2,1
down_proj,1904,0,2,1
final_layernorm,1904,0,2,49929
lm_head,1904,0,2,2027586
embedding,1905,0,2,334082
input_layernorm,1905,0,2,1
q_proj,1905,0,2,1
k_proj,1905,0,2,1
v_proj,1905,0,2,1
rope,1905,0,2,1
attn,1905,0,2,1
o_proj,1905,0,2,1
post_layernorm,1905,0,2,1
gate_proj,1905,0,2,1059761
up_proj,1905,0,2,1
act_fn,1905,0,2,1
down_proj,1905,0,2,1
final_layernorm,1905,0,2,49929
lm_head,1905,0,2,2027586
embedding,1906,0,2,334082
input_layernorm,1906,0,2,1
q_proj,1906,0,2,1
k_proj,1906,0,2,1
v_proj,1906,0,2,1
rope,1906,0,2,1
attn,1906,0,2,1
o_proj,1906,0,2,1
post_layernorm,1906,0,2,1
gate_proj,1906,0,2,1059761
up_proj,1906,0,2,1
act_fn,1906,0,2,1
down_proj,1906,0,2,1
final_layernorm,1906,0,2,49929
lm_head,1906,0,2,2027586
embedding,1907,0,2,334082
input_layernorm,1907,0,2,1
q_proj,1907,0,2,1
k_proj,1907,0,2,1
v_proj,1907,0,2,1
rope,1907,0,2,1
attn,1907,0,2,1
o_proj,1907,0,2,1
post_layernorm,1907,0,2,1
gate_proj,1907,0,2,1059761
up_proj,1907,0,2,1
act_fn,1907,0,2,1
down_proj,1907,0,2,1
final_layernorm,1907,0,2,49929
lm_head,1907,0,2,2027586
embedding,1908,0,2,334082
input_layernorm,1908,0,2,1
q_proj,1908,0,2,1
k_proj,1908,0,2,1
v_proj,1908,0,2,1
rope,1908,0,2,1
attn,1908,0,2,1
o_proj,1908,0,2,1
post_layernorm,1908,0,2,1
gate_proj,1908,0,2,1059761
up_proj,1908,0,2,1
act_fn,1908,0,2,1
down_proj,1908,0,2,1
final_layernorm,1908,0,2,49929
lm_head,1908,0,2,2027586
embedding,1909,0,2,334082
input_layernorm,1909,0,2,1
q_proj,1909,0,2,1
k_proj,1909,0,2,1
v_proj,1909,0,2,1
rope,1909,0,2,1
attn,1909,0,2,1
o_proj,1909,0,2,1
post_layernorm,1909,0,2,1
gate_proj,1909,0,2,1059761
up_proj,1909,0,2,1
act_fn,1909,0,2,1
down_proj,1909,0,2,1
final_layernorm,1909,0,2,49929
lm_head,1909,0,2,2027586
embedding,1910,0,2,334082
input_layernorm,1910,0,2,1
q_proj,1910,0,2,1
k_proj,1910,0,2,1
v_proj,1910,0,2,1
rope,1910,0,2,1
attn,1910,0,2,1
o_proj,1910,0,2,1
post_layernorm,1910,0,2,1
gate_proj,1910,0,2,1059761
up_proj,1910,0,2,1
act_fn,1910,0,2,1
down_proj,1910,0,2,1
final_layernorm,1910,0,2,49929
lm_head,1910,0,2,2027586
embedding,1911,0,2,334082
input_layernorm,1911,0,2,1
q_proj,1911,0,2,1
k_proj,1911,0,2,1
v_proj,1911,0,2,1
rope,1911,0,2,1
attn,1911,0,2,1
o_proj,1911,0,2,1
post_layernorm,1911,0,2,1
gate_proj,1911,0,2,1059761
up_proj,1911,0,2,1
act_fn,1911,0,2,1
down_proj,1911,0,2,1
final_layernorm,1911,0,2,49929
lm_head,1911,0,2,2027586
embedding,1912,0,2,334082
input_layernorm,1912,0,2,1
q_proj,1912,0,2,1
k_proj,1912,0,2,1
v_proj,1912,0,2,1
rope,1912,0,2,1
attn,1912,0,2,1
o_proj,1912,0,2,1
post_layernorm,1912,0,2,1
gate_proj,1912,0,2,1059761
up_proj,1912,0,2,1
act_fn,1912,0,2,1
down_proj,1912,0,2,1
final_layernorm,1912,0,2,49929
lm_head,1912,0,2,2027586
embedding,1913,0,2,334082
input_layernorm,1913,0,2,1
q_proj,1913,0,2,1
k_proj,1913,0,2,1
v_proj,1913,0,2,1
rope,1913,0,2,1
attn,1913,0,2,1
o_proj,1913,0,2,1
post_layernorm,1913,0,2,1
gate_proj,1913,0,2,1059761
up_proj,1913,0,2,1
act_fn,1913,0,2,1
down_proj,1913,0,2,1
final_layernorm,1913,0,2,49929
lm_head,1913,0,2,2027586
embedding,1914,0,2,334082
input_layernorm,1914,0,2,1
q_proj,1914,0,2,1
k_proj,1914,0,2,1
v_proj,1914,0,2,1
rope,1914,0,2,1
attn,1914,0,2,1
o_proj,1914,0,2,1
post_layernorm,1914,0,2,1
gate_proj,1914,0,2,1059761
up_proj,1914,0,2,1
act_fn,1914,0,2,1
down_proj,1914,0,2,1
final_layernorm,1914,0,2,49929
lm_head,1914,0,2,2027586
embedding,1915,0,2,334082
input_layernorm,1915,0,2,1
q_proj,1915,0,2,1
k_proj,1915,0,2,1
v_proj,1915,0,2,1
rope,1915,0,2,1
attn,1915,0,2,1
o_proj,1915,0,2,1
post_layernorm,1915,0,2,1
gate_proj,1915,0,2,1059761
up_proj,1915,0,2,1
act_fn,1915,0,2,1
down_proj,1915,0,2,1
final_layernorm,1915,0,2,49929
lm_head,1915,0,2,2027586
embedding,1916,0,2,334082
input_layernorm,1916,0,2,1
q_proj,1916,0,2,1
k_proj,1916,0,2,1
v_proj,1916,0,2,1
rope,1916,0,2,1
attn,1916,0,2,1
o_proj,1916,0,2,1
post_layernorm,1916,0,2,1
gate_proj,1916,0,2,1059761
up_proj,1916,0,2,1
act_fn,1916,0,2,1
down_proj,1916,0,2,1
final_layernorm,1916,0,2,49929
lm_head,1916,0,2,2027586
embedding,1917,0,2,334082
input_layernorm,1917,0,2,1
q_proj,1917,0,2,1
k_proj,1917,0,2,1
v_proj,1917,0,2,1
rope,1917,0,2,1
attn,1917,0,2,1
o_proj,1917,0,2,1
post_layernorm,1917,0,2,1
gate_proj,1917,0,2,1059761
up_proj,1917,0,2,1
act_fn,1917,0,2,1
down_proj,1917,0,2,1
final_layernorm,1917,0,2,49929
lm_head,1917,0,2,2027586
embedding,1918,0,2,334082
input_layernorm,1918,0,2,1
q_proj,1918,0,2,1
k_proj,1918,0,2,1
v_proj,1918,0,2,1
rope,1918,0,2,1
attn,1918,0,2,1
o_proj,1918,0,2,1
post_layernorm,1918,0,2,1
gate_proj,1918,0,2,1059761
up_proj,1918,0,2,1
act_fn,1918,0,2,1
down_proj,1918,0,2,1
final_layernorm,1918,0,2,49929
lm_head,1918,0,2,2027586
embedding,1919,0,2,334082
input_layernorm,1919,0,2,1
q_proj,1919,0,2,1
k_proj,1919,0,2,1
v_proj,1919,0,2,1
rope,1919,0,2,1
attn,1919,0,2,1
o_proj,1919,0,2,1
post_layernorm,1919,0,2,1
gate_proj,1919,0,2,1059761
up_proj,1919,0,2,1
act_fn,1919,0,2,1
down_proj,1919,0,2,1
final_layernorm,1919,0,2,49929
lm_head,1919,0,2,2027586
embedding,1920,0,2,334082
input_layernorm,1920,0,2,1
q_proj,1920,0,2,1
k_proj,1920,0,2,1
v_proj,1920,0,2,1
rope,1920,0,2,1
attn,1920,0,2,1
o_proj,1920,0,2,1
post_layernorm,1920,0,2,1
gate_proj,1920,0,2,1059761
up_proj,1920,0,2,1
act_fn,1920,0,2,1
down_proj,1920,0,2,1
final_layernorm,1920,0,2,49929
lm_head,1920,0,2,2027586
embedding,1921,0,2,334082
input_layernorm,1921,0,2,1
q_proj,1921,0,2,1
k_proj,1921,0,2,1
v_proj,1921,0,2,1
rope,1921,0,2,1
attn,1921,0,2,1
o_proj,1921,0,2,1
post_layernorm,1921,0,2,1
gate_proj,1921,0,2,1059761
up_proj,1921,0,2,1
act_fn,1921,0,2,1
down_proj,1921,0,2,1
final_layernorm,1921,0,2,49929
lm_head,1921,0,2,2027586
embedding,1922,0,2,334082
input_layernorm,1922,0,2,1
q_proj,1922,0,2,1
k_proj,1922,0,2,1
v_proj,1922,0,2,1
rope,1922,0,2,1
attn,1922,0,2,1
o_proj,1922,0,2,1
post_layernorm,1922,0,2,1
gate_proj,1922,0,2,1059761
up_proj,1922,0,2,1
act_fn,1922,0,2,1
down_proj,1922,0,2,1
final_layernorm,1922,0,2,49929
lm_head,1922,0,2,2027586
embedding,1923,0,2,334082
input_layernorm,1923,0,2,1
q_proj,1923,0,2,1
k_proj,1923,0,2,1
v_proj,1923,0,2,1
rope,1923,0,2,1
attn,1923,0,2,1
o_proj,1923,0,2,1
post_layernorm,1923,0,2,1
gate_proj,1923,0,2,1059761
up_proj,1923,0,2,1
act_fn,1923,0,2,1
down_proj,1923,0,2,1
final_layernorm,1923,0,2,49929
lm_head,1923,0,2,2027586
embedding,1924,0,2,334082
input_layernorm,1924,0,2,1
q_proj,1924,0,2,1
k_proj,1924,0,2,1
v_proj,1924,0,2,1
rope,1924,0,2,1
attn,1924,0,2,1
o_proj,1924,0,2,1
post_layernorm,1924,0,2,1
gate_proj,1924,0,2,1059761
up_proj,1924,0,2,1
act_fn,1924,0,2,1
down_proj,1924,0,2,1
final_layernorm,1924,0,2,49929
lm_head,1924,0,2,2027586
embedding,1925,0,2,334082
input_layernorm,1925,0,2,1
q_proj,1925,0,2,1
k_proj,1925,0,2,1
v_proj,1925,0,2,1
rope,1925,0,2,1
attn,1925,0,2,1
o_proj,1925,0,2,1
post_layernorm,1925,0,2,1
gate_proj,1925,0,2,1059761
up_proj,1925,0,2,1
act_fn,1925,0,2,1
down_proj,1925,0,2,1
final_layernorm,1925,0,2,49929
lm_head,1925,0,2,2027586
embedding,1926,0,2,334082
input_layernorm,1926,0,2,1
q_proj,1926,0,2,1
k_proj,1926,0,2,1
v_proj,1926,0,2,1
rope,1926,0,2,1
attn,1926,0,2,1
o_proj,1926,0,2,1
post_layernorm,1926,0,2,1
gate_proj,1926,0,2,1059761
up_proj,1926,0,2,1
act_fn,1926,0,2,1
down_proj,1926,0,2,1
final_layernorm,1926,0,2,49929
lm_head,1926,0,2,2027586
embedding,1927,0,2,334082
input_layernorm,1927,0,2,1
q_proj,1927,0,2,1
k_proj,1927,0,2,1
v_proj,1927,0,2,1
rope,1927,0,2,1
attn,1927,0,2,1
o_proj,1927,0,2,1
post_layernorm,1927,0,2,1
gate_proj,1927,0,2,1059761
up_proj,1927,0,2,1
act_fn,1927,0,2,1
down_proj,1927,0,2,1
final_layernorm,1927,0,2,49929
lm_head,1927,0,2,2027586
embedding,1928,0,2,334082
input_layernorm,1928,0,2,1
q_proj,1928,0,2,1
k_proj,1928,0,2,1
v_proj,1928,0,2,1
rope,1928,0,2,1
attn,1928,0,2,1
o_proj,1928,0,2,1
post_layernorm,1928,0,2,1
gate_proj,1928,0,2,1059761
up_proj,1928,0,2,1
act_fn,1928,0,2,1
down_proj,1928,0,2,1
final_layernorm,1928,0,2,49929
lm_head,1928,0,2,2027586
embedding,1929,0,2,334082
input_layernorm,1929,0,2,1
q_proj,1929,0,2,1
k_proj,1929,0,2,1
v_proj,1929,0,2,1
rope,1929,0,2,1
attn,1929,0,2,1
o_proj,1929,0,2,1
post_layernorm,1929,0,2,1
gate_proj,1929,0,2,1059761
up_proj,1929,0,2,1
act_fn,1929,0,2,1
down_proj,1929,0,2,1
final_layernorm,1929,0,2,49929
lm_head,1929,0,2,2027586
embedding,1930,0,2,334082
input_layernorm,1930,0,2,1
q_proj,1930,0,2,1
k_proj,1930,0,2,1
v_proj,1930,0,2,1
rope,1930,0,2,1
attn,1930,0,2,1
o_proj,1930,0,2,1
post_layernorm,1930,0,2,1
gate_proj,1930,0,2,1059761
up_proj,1930,0,2,1
act_fn,1930,0,2,1
down_proj,1930,0,2,1
final_layernorm,1930,0,2,49929
lm_head,1930,0,2,2027586
embedding,1931,0,2,334082
input_layernorm,1931,0,2,1
q_proj,1931,0,2,1
k_proj,1931,0,2,1
v_proj,1931,0,2,1
rope,1931,0,2,1
attn,1931,0,2,1
o_proj,1931,0,2,1
post_layernorm,1931,0,2,1
gate_proj,1931,0,2,1059761
up_proj,1931,0,2,1
act_fn,1931,0,2,1
down_proj,1931,0,2,1
final_layernorm,1931,0,2,49929
lm_head,1931,0,2,2027586
embedding,1932,0,2,334082
input_layernorm,1932,0,2,1
q_proj,1932,0,2,1
k_proj,1932,0,2,1
v_proj,1932,0,2,1
rope,1932,0,2,1
attn,1932,0,2,1
o_proj,1932,0,2,1
post_layernorm,1932,0,2,1
gate_proj,1932,0,2,1059761
up_proj,1932,0,2,1
act_fn,1932,0,2,1
down_proj,1932,0,2,1
final_layernorm,1932,0,2,49929
lm_head,1932,0,2,2027586
embedding,1933,0,2,334082
input_layernorm,1933,0,2,1
q_proj,1933,0,2,1
k_proj,1933,0,2,1
v_proj,1933,0,2,1
rope,1933,0,2,1
attn,1933,0,2,1
o_proj,1933,0,2,1
post_layernorm,1933,0,2,1
gate_proj,1933,0,2,1059761
up_proj,1933,0,2,1
act_fn,1933,0,2,1
down_proj,1933,0,2,1
final_layernorm,1933,0,2,49929
lm_head,1933,0,2,2027586
embedding,1934,0,2,334082
input_layernorm,1934,0,2,1
q_proj,1934,0,2,1
k_proj,1934,0,2,1
v_proj,1934,0,2,1
rope,1934,0,2,1
attn,1934,0,2,1
o_proj,1934,0,2,1
post_layernorm,1934,0,2,1
gate_proj,1934,0,2,1059761
up_proj,1934,0,2,1
act_fn,1934,0,2,1
down_proj,1934,0,2,1
final_layernorm,1934,0,2,49929
lm_head,1934,0,2,2027586
embedding,1935,0,2,334082
input_layernorm,1935,0,2,1
q_proj,1935,0,2,1
k_proj,1935,0,2,1
v_proj,1935,0,2,1
rope,1935,0,2,1
attn,1935,0,2,1
o_proj,1935,0,2,1
post_layernorm,1935,0,2,1
gate_proj,1935,0,2,1059761
up_proj,1935,0,2,1
act_fn,1935,0,2,1
down_proj,1935,0,2,1
final_layernorm,1935,0,2,49929
lm_head,1935,0,2,2027586
embedding,1936,0,2,334082
input_layernorm,1936,0,2,1
q_proj,1936,0,2,1
k_proj,1936,0,2,1
v_proj,1936,0,2,1
rope,1936,0,2,1
attn,1936,0,2,1
o_proj,1936,0,2,1
post_layernorm,1936,0,2,1
gate_proj,1936,0,2,1059761
up_proj,1936,0,2,1
act_fn,1936,0,2,1
down_proj,1936,0,2,1
final_layernorm,1936,0,2,49929
lm_head,1936,0,2,2027586
embedding,1937,0,2,334082
input_layernorm,1937,0,2,1
q_proj,1937,0,2,1
k_proj,1937,0,2,1
v_proj,1937,0,2,1
rope,1937,0,2,1
attn,1937,0,2,1
o_proj,1937,0,2,1
post_layernorm,1937,0,2,1
gate_proj,1937,0,2,1059761
up_proj,1937,0,2,1
act_fn,1937,0,2,1
down_proj,1937,0,2,1
final_layernorm,1937,0,2,49929
lm_head,1937,0,2,2027586
embedding,1938,0,2,334082
input_layernorm,1938,0,2,1
q_proj,1938,0,2,1
k_proj,1938,0,2,1
v_proj,1938,0,2,1
rope,1938,0,2,1
attn,1938,0,2,1
o_proj,1938,0,2,1
post_layernorm,1938,0,2,1
gate_proj,1938,0,2,1059761
up_proj,1938,0,2,1
act_fn,1938,0,2,1
down_proj,1938,0,2,1
final_layernorm,1938,0,2,49929
lm_head,1938,0,2,2027586
embedding,1939,0,2,334082
input_layernorm,1939,0,2,1
q_proj,1939,0,2,1
k_proj,1939,0,2,1
v_proj,1939,0,2,1
rope,1939,0,2,1
attn,1939,0,2,1
o_proj,1939,0,2,1
post_layernorm,1939,0,2,1
gate_proj,1939,0,2,1059761
up_proj,1939,0,2,1
act_fn,1939,0,2,1
down_proj,1939,0,2,1
final_layernorm,1939,0,2,49929
lm_head,1939,0,2,2027586
embedding,1940,0,2,334082
input_layernorm,1940,0,2,1
q_proj,1940,0,2,1
k_proj,1940,0,2,1
v_proj,1940,0,2,1
rope,1940,0,2,1
attn,1940,0,2,1
o_proj,1940,0,2,1
post_layernorm,1940,0,2,1
gate_proj,1940,0,2,1059761
up_proj,1940,0,2,1
act_fn,1940,0,2,1
down_proj,1940,0,2,1
final_layernorm,1940,0,2,49929
lm_head,1940,0,2,2027586
embedding,1941,0,2,334082
input_layernorm,1941,0,2,1
q_proj,1941,0,2,1
k_proj,1941,0,2,1
v_proj,1941,0,2,1
rope,1941,0,2,1
attn,1941,0,2,1
o_proj,1941,0,2,1
post_layernorm,1941,0,2,1
gate_proj,1941,0,2,1059761
up_proj,1941,0,2,1
act_fn,1941,0,2,1
down_proj,1941,0,2,1
final_layernorm,1941,0,2,49929
lm_head,1941,0,2,2027586
embedding,1942,0,2,334082
input_layernorm,1942,0,2,1
q_proj,1942,0,2,1
k_proj,1942,0,2,1
v_proj,1942,0,2,1
rope,1942,0,2,1
attn,1942,0,2,1
o_proj,1942,0,2,1
post_layernorm,1942,0,2,1
gate_proj,1942,0,2,1059761
up_proj,1942,0,2,1
act_fn,1942,0,2,1
down_proj,1942,0,2,1
final_layernorm,1942,0,2,49929
lm_head,1942,0,2,2027586
embedding,1943,0,2,334082
input_layernorm,1943,0,2,1
q_proj,1943,0,2,1
k_proj,1943,0,2,1
v_proj,1943,0,2,1
rope,1943,0,2,1
attn,1943,0,2,1
o_proj,1943,0,2,1
post_layernorm,1943,0,2,1
gate_proj,1943,0,2,1059761
up_proj,1943,0,2,1
act_fn,1943,0,2,1
down_proj,1943,0,2,1
final_layernorm,1943,0,2,49929
lm_head,1943,0,2,2027586
embedding,1944,0,2,334082
input_layernorm,1944,0,2,1
q_proj,1944,0,2,1
k_proj,1944,0,2,1
v_proj,1944,0,2,1
rope,1944,0,2,1
attn,1944,0,2,1
o_proj,1944,0,2,1
post_layernorm,1944,0,2,1
gate_proj,1944,0,2,1059761
up_proj,1944,0,2,1
act_fn,1944,0,2,1
down_proj,1944,0,2,1
final_layernorm,1944,0,2,49929
lm_head,1944,0,2,2027586
embedding,1945,0,2,334082
input_layernorm,1945,0,2,1
q_proj,1945,0,2,1
k_proj,1945,0,2,1
v_proj,1945,0,2,1
rope,1945,0,2,1
attn,1945,0,2,1
o_proj,1945,0,2,1
post_layernorm,1945,0,2,1
gate_proj,1945,0,2,1059761
up_proj,1945,0,2,1
act_fn,1945,0,2,1
down_proj,1945,0,2,1
final_layernorm,1945,0,2,49929
lm_head,1945,0,2,2027586
embedding,1946,0,2,334082
input_layernorm,1946,0,2,1
q_proj,1946,0,2,1
k_proj,1946,0,2,1
v_proj,1946,0,2,1
rope,1946,0,2,1
attn,1946,0,2,1
o_proj,1946,0,2,1
post_layernorm,1946,0,2,1
gate_proj,1946,0,2,1059761
up_proj,1946,0,2,1
act_fn,1946,0,2,1
down_proj,1946,0,2,1
final_layernorm,1946,0,2,49929
lm_head,1946,0,2,2027586
embedding,1947,0,2,334082
input_layernorm,1947,0,2,1
q_proj,1947,0,2,1
k_proj,1947,0,2,1
v_proj,1947,0,2,1
rope,1947,0,2,1
attn,1947,0,2,1
o_proj,1947,0,2,1
post_layernorm,1947,0,2,1
gate_proj,1947,0,2,1059761
up_proj,1947,0,2,1
act_fn,1947,0,2,1
down_proj,1947,0,2,1
final_layernorm,1947,0,2,49929
lm_head,1947,0,2,2027586
embedding,1948,0,2,334082
input_layernorm,1948,0,2,1
q_proj,1948,0,2,1
k_proj,1948,0,2,1
v_proj,1948,0,2,1
rope,1948,0,2,1
attn,1948,0,2,1
o_proj,1948,0,2,1
post_layernorm,1948,0,2,1
gate_proj,1948,0,2,1059761
up_proj,1948,0,2,1
act_fn,1948,0,2,1
down_proj,1948,0,2,1
final_layernorm,1948,0,2,49929
lm_head,1948,0,2,2027586
embedding,1949,0,2,334082
input_layernorm,1949,0,2,1
q_proj,1949,0,2,1
k_proj,1949,0,2,1
v_proj,1949,0,2,1
rope,1949,0,2,1
attn,1949,0,2,1
o_proj,1949,0,2,1
post_layernorm,1949,0,2,1
gate_proj,1949,0,2,1059761
up_proj,1949,0,2,1
act_fn,1949,0,2,1
down_proj,1949,0,2,1
final_layernorm,1949,0,2,49929
lm_head,1949,0,2,2027586
embedding,1950,0,2,334082
input_layernorm,1950,0,2,1
q_proj,1950,0,2,1
k_proj,1950,0,2,1
v_proj,1950,0,2,1
rope,1950,0,2,1
attn,1950,0,2,1
o_proj,1950,0,2,1
post_layernorm,1950,0,2,1
gate_proj,1950,0,2,1059761
up_proj,1950,0,2,1
act_fn,1950,0,2,1
down_proj,1950,0,2,1
final_layernorm,1950,0,2,49929
lm_head,1950,0,2,2027586
embedding,1951,0,2,334082
input_layernorm,1951,0,2,1
q_proj,1951,0,2,1
k_proj,1951,0,2,1
v_proj,1951,0,2,1
rope,1951,0,2,1
attn,1951,0,2,1
o_proj,1951,0,2,1
post_layernorm,1951,0,2,1
gate_proj,1951,0,2,1059761
up_proj,1951,0,2,1
act_fn,1951,0,2,1
down_proj,1951,0,2,1
final_layernorm,1951,0,2,49929
lm_head,1951,0,2,2027586
embedding,1952,0,2,334082
input_layernorm,1952,0,2,1
q_proj,1952,0,2,1
k_proj,1952,0,2,1
v_proj,1952,0,2,1
rope,1952,0,2,1
attn,1952,0,2,1
o_proj,1952,0,2,1
post_layernorm,1952,0,2,1
gate_proj,1952,0,2,1059761
up_proj,1952,0,2,1
act_fn,1952,0,2,1
down_proj,1952,0,2,1
final_layernorm,1952,0,2,49929
lm_head,1952,0,2,2027586
embedding,1953,0,2,334082
input_layernorm,1953,0,2,1
q_proj,1953,0,2,1
k_proj,1953,0,2,1
v_proj,1953,0,2,1
rope,1953,0,2,1
attn,1953,0,2,1
o_proj,1953,0,2,1
post_layernorm,1953,0,2,1
gate_proj,1953,0,2,1059761
up_proj,1953,0,2,1
act_fn,1953,0,2,1
down_proj,1953,0,2,1
final_layernorm,1953,0,2,49929
lm_head,1953,0,2,2027586
embedding,1954,0,2,334082
input_layernorm,1954,0,2,1
q_proj,1954,0,2,1
k_proj,1954,0,2,1
v_proj,1954,0,2,1
rope,1954,0,2,1
attn,1954,0,2,1
o_proj,1954,0,2,1
post_layernorm,1954,0,2,1
gate_proj,1954,0,2,1059761
up_proj,1954,0,2,1
act_fn,1954,0,2,1
down_proj,1954,0,2,1
final_layernorm,1954,0,2,49929
lm_head,1954,0,2,2027586
embedding,1955,0,2,334082
input_layernorm,1955,0,2,1
q_proj,1955,0,2,1
k_proj,1955,0,2,1
v_proj,1955,0,2,1
rope,1955,0,2,1
attn,1955,0,2,1
o_proj,1955,0,2,1
post_layernorm,1955,0,2,1
gate_proj,1955,0,2,1059761
up_proj,1955,0,2,1
act_fn,1955,0,2,1
down_proj,1955,0,2,1
final_layernorm,1955,0,2,49929
lm_head,1955,0,2,2027586
embedding,1956,0,2,334082
input_layernorm,1956,0,2,1
q_proj,1956,0,2,1
k_proj,1956,0,2,1
v_proj,1956,0,2,1
rope,1956,0,2,1
attn,1956,0,2,1
o_proj,1956,0,2,1
post_layernorm,1956,0,2,1
gate_proj,1956,0,2,1059761
up_proj,1956,0,2,1
act_fn,1956,0,2,1
down_proj,1956,0,2,1
final_layernorm,1956,0,2,49929
lm_head,1956,0,2,2027586
embedding,1957,0,2,334082
input_layernorm,1957,0,2,1
q_proj,1957,0,2,1
k_proj,1957,0,2,1
v_proj,1957,0,2,1
rope,1957,0,2,1
attn,1957,0,2,1
o_proj,1957,0,2,1
post_layernorm,1957,0,2,1
gate_proj,1957,0,2,1059761
up_proj,1957,0,2,1
act_fn,1957,0,2,1
down_proj,1957,0,2,1
final_layernorm,1957,0,2,49929
lm_head,1957,0,2,2027586
embedding,1958,0,2,334082
input_layernorm,1958,0,2,1
q_proj,1958,0,2,1
k_proj,1958,0,2,1
v_proj,1958,0,2,1
rope,1958,0,2,1
attn,1958,0,2,1
o_proj,1958,0,2,1
post_layernorm,1958,0,2,1
gate_proj,1958,0,2,1059761
up_proj,1958,0,2,1
act_fn,1958,0,2,1
down_proj,1958,0,2,1
final_layernorm,1958,0,2,49929
lm_head,1958,0,2,2027586
embedding,1959,0,2,334082
input_layernorm,1959,0,2,1
q_proj,1959,0,2,1
k_proj,1959,0,2,1
v_proj,1959,0,2,1
rope,1959,0,2,1
attn,1959,0,2,1
o_proj,1959,0,2,1
post_layernorm,1959,0,2,1
gate_proj,1959,0,2,1059761
up_proj,1959,0,2,1
act_fn,1959,0,2,1
down_proj,1959,0,2,1
final_layernorm,1959,0,2,49929
lm_head,1959,0,2,2027586
embedding,1960,0,2,334082
input_layernorm,1960,0,2,1
q_proj,1960,0,2,1
k_proj,1960,0,2,1
v_proj,1960,0,2,1
rope,1960,0,2,1
attn,1960,0,2,1
o_proj,1960,0,2,1
post_layernorm,1960,0,2,1
gate_proj,1960,0,2,1059761
up_proj,1960,0,2,1
act_fn,1960,0,2,1
down_proj,1960,0,2,1
final_layernorm,1960,0,2,49929
lm_head,1960,0,2,2027586
embedding,1961,0,2,334082
input_layernorm,1961,0,2,1
q_proj,1961,0,2,1
k_proj,1961,0,2,1
v_proj,1961,0,2,1
rope,1961,0,2,1
attn,1961,0,2,1
o_proj,1961,0,2,1
post_layernorm,1961,0,2,1
gate_proj,1961,0,2,1059761
up_proj,1961,0,2,1
act_fn,1961,0,2,1
down_proj,1961,0,2,1
final_layernorm,1961,0,2,49929
lm_head,1961,0,2,2027586
embedding,1962,0,2,334082
input_layernorm,1962,0,2,1
q_proj,1962,0,2,1
k_proj,1962,0,2,1
v_proj,1962,0,2,1
rope,1962,0,2,1
attn,1962,0,2,1
o_proj,1962,0,2,1
post_layernorm,1962,0,2,1
gate_proj,1962,0,2,1059761
up_proj,1962,0,2,1
act_fn,1962,0,2,1
down_proj,1962,0,2,1
final_layernorm,1962,0,2,49929
lm_head,1962,0,2,2027586
embedding,1963,0,2,334082
input_layernorm,1963,0,2,1
q_proj,1963,0,2,1
k_proj,1963,0,2,1
v_proj,1963,0,2,1
rope,1963,0,2,1
attn,1963,0,2,1
o_proj,1963,0,2,1
post_layernorm,1963,0,2,1
gate_proj,1963,0,2,1059761
up_proj,1963,0,2,1
act_fn,1963,0,2,1
down_proj,1963,0,2,1
final_layernorm,1963,0,2,49929
lm_head,1963,0,2,2027586
embedding,1964,0,2,334082
input_layernorm,1964,0,2,1
q_proj,1964,0,2,1
k_proj,1964,0,2,1
v_proj,1964,0,2,1
rope,1964,0,2,1
attn,1964,0,2,1
o_proj,1964,0,2,1
post_layernorm,1964,0,2,1
gate_proj,1964,0,2,1059761
up_proj,1964,0,2,1
act_fn,1964,0,2,1
down_proj,1964,0,2,1
final_layernorm,1964,0,2,49929
lm_head,1964,0,2,2027586
embedding,1965,0,2,334082
input_layernorm,1965,0,2,1
q_proj,1965,0,2,1
k_proj,1965,0,2,1
v_proj,1965,0,2,1
rope,1965,0,2,1
attn,1965,0,2,1
o_proj,1965,0,2,1
post_layernorm,1965,0,2,1
gate_proj,1965,0,2,1059761
up_proj,1965,0,2,1
act_fn,1965,0,2,1
down_proj,1965,0,2,1
final_layernorm,1965,0,2,49929
lm_head,1965,0,2,2027586
embedding,1966,0,2,334082
input_layernorm,1966,0,2,1
q_proj,1966,0,2,1
k_proj,1966,0,2,1
v_proj,1966,0,2,1
rope,1966,0,2,1
attn,1966,0,2,1
o_proj,1966,0,2,1
post_layernorm,1966,0,2,1
gate_proj,1966,0,2,1059761
up_proj,1966,0,2,1
act_fn,1966,0,2,1
down_proj,1966,0,2,1
final_layernorm,1966,0,2,49929
lm_head,1966,0,2,2027586
embedding,1967,0,2,334082
input_layernorm,1967,0,2,1
q_proj,1967,0,2,1
k_proj,1967,0,2,1
v_proj,1967,0,2,1
rope,1967,0,2,1
attn,1967,0,2,1
o_proj,1967,0,2,1
post_layernorm,1967,0,2,1
gate_proj,1967,0,2,1059761
up_proj,1967,0,2,1
act_fn,1967,0,2,1
down_proj,1967,0,2,1
final_layernorm,1967,0,2,49929
lm_head,1967,0,2,2027586
embedding,1968,0,2,334082
input_layernorm,1968,0,2,1
q_proj,1968,0,2,1
k_proj,1968,0,2,1
v_proj,1968,0,2,1
rope,1968,0,2,1
attn,1968,0,2,1
o_proj,1968,0,2,1
post_layernorm,1968,0,2,1
gate_proj,1968,0,2,1059761
up_proj,1968,0,2,1
act_fn,1968,0,2,1
down_proj,1968,0,2,1
final_layernorm,1968,0,2,49929
lm_head,1968,0,2,2027586
embedding,1969,0,2,334082
input_layernorm,1969,0,2,1
q_proj,1969,0,2,1
k_proj,1969,0,2,1
v_proj,1969,0,2,1
rope,1969,0,2,1
attn,1969,0,2,1
o_proj,1969,0,2,1
post_layernorm,1969,0,2,1
gate_proj,1969,0,2,1059761
up_proj,1969,0,2,1
act_fn,1969,0,2,1
down_proj,1969,0,2,1
final_layernorm,1969,0,2,49929
lm_head,1969,0,2,2027586
embedding,1970,0,2,334082
input_layernorm,1970,0,2,1
q_proj,1970,0,2,1
k_proj,1970,0,2,1
v_proj,1970,0,2,1
rope,1970,0,2,1
attn,1970,0,2,1
o_proj,1970,0,2,1
post_layernorm,1970,0,2,1
gate_proj,1970,0,2,1059761
up_proj,1970,0,2,1
act_fn,1970,0,2,1
down_proj,1970,0,2,1
final_layernorm,1970,0,2,49929
lm_head,1970,0,2,2027586
embedding,1971,0,2,334082
input_layernorm,1971,0,2,1
q_proj,1971,0,2,1
k_proj,1971,0,2,1
v_proj,1971,0,2,1
rope,1971,0,2,1
attn,1971,0,2,1
o_proj,1971,0,2,1
post_layernorm,1971,0,2,1
gate_proj,1971,0,2,1059761
up_proj,1971,0,2,1
act_fn,1971,0,2,1
down_proj,1971,0,2,1
final_layernorm,1971,0,2,49929
lm_head,1971,0,2,2027586
embedding,1972,0,2,334082
input_layernorm,1972,0,2,1
q_proj,1972,0,2,1
k_proj,1972,0,2,1
v_proj,1972,0,2,1
rope,1972,0,2,1
attn,1972,0,2,1
o_proj,1972,0,2,1
post_layernorm,1972,0,2,1
gate_proj,1972,0,2,1059761
up_proj,1972,0,2,1
act_fn,1972,0,2,1
down_proj,1972,0,2,1
final_layernorm,1972,0,2,49929
lm_head,1972,0,2,2027586
embedding,1973,0,2,334082
input_layernorm,1973,0,2,1
q_proj,1973,0,2,1
k_proj,1973,0,2,1
v_proj,1973,0,2,1
rope,1973,0,2,1
attn,1973,0,2,1
o_proj,1973,0,2,1
post_layernorm,1973,0,2,1
gate_proj,1973,0,2,1059761
up_proj,1973,0,2,1
act_fn,1973,0,2,1
down_proj,1973,0,2,1
final_layernorm,1973,0,2,49929
lm_head,1973,0,2,2027586
embedding,1974,0,2,334082
input_layernorm,1974,0,2,1
q_proj,1974,0,2,1
k_proj,1974,0,2,1
v_proj,1974,0,2,1
rope,1974,0,2,1
attn,1974,0,2,1
o_proj,1974,0,2,1
post_layernorm,1974,0,2,1
gate_proj,1974,0,2,1059761
up_proj,1974,0,2,1
act_fn,1974,0,2,1
down_proj,1974,0,2,1
final_layernorm,1974,0,2,49929
lm_head,1974,0,2,2027586
embedding,1975,0,2,334082
input_layernorm,1975,0,2,1
q_proj,1975,0,2,1
k_proj,1975,0,2,1
v_proj,1975,0,2,1
rope,1975,0,2,1
attn,1975,0,2,1
o_proj,1975,0,2,1
post_layernorm,1975,0,2,1
gate_proj,1975,0,2,1059761
up_proj,1975,0,2,1
act_fn,1975,0,2,1
down_proj,1975,0,2,1
final_layernorm,1975,0,2,49929
lm_head,1975,0,2,2027586
embedding,1976,0,2,334082
input_layernorm,1976,0,2,1
q_proj,1976,0,2,1
k_proj,1976,0,2,1
v_proj,1976,0,2,1
rope,1976,0,2,1
attn,1976,0,2,1
o_proj,1976,0,2,1
post_layernorm,1976,0,2,1
gate_proj,1976,0,2,1059761
up_proj,1976,0,2,1
act_fn,1976,0,2,1
down_proj,1976,0,2,1
final_layernorm,1976,0,2,49929
lm_head,1976,0,2,2027586
embedding,1977,0,2,334082
input_layernorm,1977,0,2,1
q_proj,1977,0,2,1
k_proj,1977,0,2,1
v_proj,1977,0,2,1
rope,1977,0,2,1
attn,1977,0,2,1
o_proj,1977,0,2,1
post_layernorm,1977,0,2,1
gate_proj,1977,0,2,1059761
up_proj,1977,0,2,1
act_fn,1977,0,2,1
down_proj,1977,0,2,1
final_layernorm,1977,0,2,49929
lm_head,1977,0,2,2027586
embedding,1978,0,2,334082
input_layernorm,1978,0,2,1
q_proj,1978,0,2,1
k_proj,1978,0,2,1
v_proj,1978,0,2,1
rope,1978,0,2,1
attn,1978,0,2,1
o_proj,1978,0,2,1
post_layernorm,1978,0,2,1
gate_proj,1978,0,2,1059761
up_proj,1978,0,2,1
act_fn,1978,0,2,1
down_proj,1978,0,2,1
final_layernorm,1978,0,2,49929
lm_head,1978,0,2,2027586
embedding,1979,0,2,334082
input_layernorm,1979,0,2,1
q_proj,1979,0,2,1
k_proj,1979,0,2,1
v_proj,1979,0,2,1
rope,1979,0,2,1
attn,1979,0,2,1
o_proj,1979,0,2,1
post_layernorm,1979,0,2,1
gate_proj,1979,0,2,1059761
up_proj,1979,0,2,1
act_fn,1979,0,2,1
down_proj,1979,0,2,1
final_layernorm,1979,0,2,49929
lm_head,1979,0,2,2027586
embedding,1980,0,2,334082
input_layernorm,1980,0,2,1
q_proj,1980,0,2,1
k_proj,1980,0,2,1
v_proj,1980,0,2,1
rope,1980,0,2,1
attn,1980,0,2,1
o_proj,1980,0,2,1
post_layernorm,1980,0,2,1
gate_proj,1980,0,2,1059761
up_proj,1980,0,2,1
act_fn,1980,0,2,1
down_proj,1980,0,2,1
final_layernorm,1980,0,2,49929
lm_head,1980,0,2,2027586
embedding,1981,0,2,334082
input_layernorm,1981,0,2,1
q_proj,1981,0,2,1
k_proj,1981,0,2,1
v_proj,1981,0,2,1
rope,1981,0,2,1
attn,1981,0,2,1
o_proj,1981,0,2,1
post_layernorm,1981,0,2,1
gate_proj,1981,0,2,1059761
up_proj,1981,0,2,1
act_fn,1981,0,2,1
down_proj,1981,0,2,1
final_layernorm,1981,0,2,49929
lm_head,1981,0,2,2027586
embedding,1982,0,2,334082
input_layernorm,1982,0,2,1
q_proj,1982,0,2,1
k_proj,1982,0,2,1
v_proj,1982,0,2,1
rope,1982,0,2,1
attn,1982,0,2,1
o_proj,1982,0,2,1
post_layernorm,1982,0,2,1
gate_proj,1982,0,2,1059761
up_proj,1982,0,2,1
act_fn,1982,0,2,1
down_proj,1982,0,2,1
final_layernorm,1982,0,2,49929
lm_head,1982,0,2,2027586
embedding,1983,0,2,334082
input_layernorm,1983,0,2,1
q_proj,1983,0,2,1
k_proj,1983,0,2,1
v_proj,1983,0,2,1
rope,1983,0,2,1
attn,1983,0,2,1
o_proj,1983,0,2,1
post_layernorm,1983,0,2,1
gate_proj,1983,0,2,1059761
up_proj,1983,0,2,1
act_fn,1983,0,2,1
down_proj,1983,0,2,1
final_layernorm,1983,0,2,49929
lm_head,1983,0,2,2027586
embedding,1984,0,2,334082
input_layernorm,1984,0,2,1
q_proj,1984,0,2,1
k_proj,1984,0,2,1
v_proj,1984,0,2,1
rope,1984,0,2,1
attn,1984,0,2,1
o_proj,1984,0,2,1
post_layernorm,1984,0,2,1
gate_proj,1984,0,2,1059761
up_proj,1984,0,2,1
act_fn,1984,0,2,1
down_proj,1984,0,2,1
final_layernorm,1984,0,2,49929
lm_head,1984,0,2,2027586
embedding,1985,0,2,334082
input_layernorm,1985,0,2,1
q_proj,1985,0,2,1
k_proj,1985,0,2,1
v_proj,1985,0,2,1
rope,1985,0,2,1
attn,1985,0,2,1
o_proj,1985,0,2,1
post_layernorm,1985,0,2,1
gate_proj,1985,0,2,1059761
up_proj,1985,0,2,1
act_fn,1985,0,2,1
down_proj,1985,0,2,1
final_layernorm,1985,0,2,49929
lm_head,1985,0,2,2027586
embedding,1986,0,2,334082
input_layernorm,1986,0,2,1
q_proj,1986,0,2,1
k_proj,1986,0,2,1
v_proj,1986,0,2,1
rope,1986,0,2,1
attn,1986,0,2,1
o_proj,1986,0,2,1
post_layernorm,1986,0,2,1
gate_proj,1986,0,2,1059761
up_proj,1986,0,2,1
act_fn,1986,0,2,1
down_proj,1986,0,2,1
final_layernorm,1986,0,2,49929
lm_head,1986,0,2,2027586
embedding,1987,0,2,334082
input_layernorm,1987,0,2,1
q_proj,1987,0,2,1
k_proj,1987,0,2,1
v_proj,1987,0,2,1
rope,1987,0,2,1
attn,1987,0,2,1
o_proj,1987,0,2,1
post_layernorm,1987,0,2,1
gate_proj,1987,0,2,1059761
up_proj,1987,0,2,1
act_fn,1987,0,2,1
down_proj,1987,0,2,1
final_layernorm,1987,0,2,49929
lm_head,1987,0,2,2027586
embedding,1988,0,2,334082
input_layernorm,1988,0,2,1
q_proj,1988,0,2,1
k_proj,1988,0,2,1
v_proj,1988,0,2,1
rope,1988,0,2,1
attn,1988,0,2,1
o_proj,1988,0,2,1
post_layernorm,1988,0,2,1
gate_proj,1988,0,2,1059761
up_proj,1988,0,2,1
act_fn,1988,0,2,1
down_proj,1988,0,2,1
final_layernorm,1988,0,2,49929
lm_head,1988,0,2,2027586
embedding,1989,0,2,334082
input_layernorm,1989,0,2,1
q_proj,1989,0,2,1
k_proj,1989,0,2,1
v_proj,1989,0,2,1
rope,1989,0,2,1
attn,1989,0,2,1
o_proj,1989,0,2,1
post_layernorm,1989,0,2,1
gate_proj,1989,0,2,1059761
up_proj,1989,0,2,1
act_fn,1989,0,2,1
down_proj,1989,0,2,1
final_layernorm,1989,0,2,49929
lm_head,1989,0,2,2027586
embedding,1990,0,2,334082
input_layernorm,1990,0,2,1
q_proj,1990,0,2,1
k_proj,1990,0,2,1
v_proj,1990,0,2,1
rope,1990,0,2,1
attn,1990,0,2,1
o_proj,1990,0,2,1
post_layernorm,1990,0,2,1
gate_proj,1990,0,2,1059761
up_proj,1990,0,2,1
act_fn,1990,0,2,1
down_proj,1990,0,2,1
final_layernorm,1990,0,2,49929
lm_head,1990,0,2,2027586
embedding,1991,0,2,334082
input_layernorm,1991,0,2,1
q_proj,1991,0,2,1
k_proj,1991,0,2,1
v_proj,1991,0,2,1
rope,1991,0,2,1
attn,1991,0,2,1
o_proj,1991,0,2,1
post_layernorm,1991,0,2,1
gate_proj,1991,0,2,1059761
up_proj,1991,0,2,1
act_fn,1991,0,2,1
down_proj,1991,0,2,1
final_layernorm,1991,0,2,49929
lm_head,1991,0,2,2027586
embedding,1992,0,2,334082
input_layernorm,1992,0,2,1
q_proj,1992,0,2,1
k_proj,1992,0,2,1
v_proj,1992,0,2,1
rope,1992,0,2,1
attn,1992,0,2,1
o_proj,1992,0,2,1
post_layernorm,1992,0,2,1
gate_proj,1992,0,2,1059761
up_proj,1992,0,2,1
act_fn,1992,0,2,1
down_proj,1992,0,2,1
final_layernorm,1992,0,2,49929
lm_head,1992,0,2,2027586
embedding,1993,0,2,334082
input_layernorm,1993,0,2,1
q_proj,1993,0,2,1
k_proj,1993,0,2,1
v_proj,1993,0,2,1
rope,1993,0,2,1
attn,1993,0,2,1
o_proj,1993,0,2,1
post_layernorm,1993,0,2,1
gate_proj,1993,0,2,1059761
up_proj,1993,0,2,1
act_fn,1993,0,2,1
down_proj,1993,0,2,1
final_layernorm,1993,0,2,49929
lm_head,1993,0,2,2027586
embedding,1994,0,2,334082
input_layernorm,1994,0,2,1
q_proj,1994,0,2,1
k_proj,1994,0,2,1
v_proj,1994,0,2,1
rope,1994,0,2,1
attn,1994,0,2,1
o_proj,1994,0,2,1
post_layernorm,1994,0,2,1
gate_proj,1994,0,2,1059761
up_proj,1994,0,2,1
act_fn,1994,0,2,1
down_proj,1994,0,2,1
final_layernorm,1994,0,2,49929
lm_head,1994,0,2,2027586
embedding,1995,0,2,334082
input_layernorm,1995,0,2,1
q_proj,1995,0,2,1
k_proj,1995,0,2,1
v_proj,1995,0,2,1
rope,1995,0,2,1
attn,1995,0,2,1
o_proj,1995,0,2,1
post_layernorm,1995,0,2,1
gate_proj,1995,0,2,1059761
up_proj,1995,0,2,1
act_fn,1995,0,2,1
down_proj,1995,0,2,1
final_layernorm,1995,0,2,49929
lm_head,1995,0,2,2027586
embedding,1996,0,2,334082
input_layernorm,1996,0,2,1
q_proj,1996,0,2,1
k_proj,1996,0,2,1
v_proj,1996,0,2,1
rope,1996,0,2,1
attn,1996,0,2,1
o_proj,1996,0,2,1
post_layernorm,1996,0,2,1
gate_proj,1996,0,2,1059761
up_proj,1996,0,2,1
act_fn,1996,0,2,1
down_proj,1996,0,2,1
final_layernorm,1996,0,2,49929
lm_head,1996,0,2,2027586
embedding,1997,0,2,334082
input_layernorm,1997,0,2,1
q_proj,1997,0,2,1
k_proj,1997,0,2,1
v_proj,1997,0,2,1
rope,1997,0,2,1
attn,1997,0,2,1
o_proj,1997,0,2,1
post_layernorm,1997,0,2,1
gate_proj,1997,0,2,1059761
up_proj,1997,0,2,1
act_fn,1997,0,2,1
down_proj,1997,0,2,1
final_layernorm,1997,0,2,49929
lm_head,1997,0,2,2027586
embedding,1998,0,2,334082
input_layernorm,1998,0,2,1
q_proj,1998,0,2,1
k_proj,1998,0,2,1
v_proj,1998,0,2,1
rope,1998,0,2,1
attn,1998,0,2,1
o_proj,1998,0,2,1
post_layernorm,1998,0,2,1
gate_proj,1998,0,2,1059761
up_proj,1998,0,2,1
act_fn,1998,0,2,1
down_proj,1998,0,2,1
final_layernorm,1998,0,2,49929
lm_head,1998,0,2,2027586
embedding,1999,0,2,334082
input_layernorm,1999,0,2,1
q_proj,1999,0,2,1
k_proj,1999,0,2,1
v_proj,1999,0,2,1
rope,1999,0,2,1
attn,1999,0,2,1
o_proj,1999,0,2,1
post_layernorm,1999,0,2,1
gate_proj,1999,0,2,1059761
up_proj,1999,0,2,1
act_fn,1999,0,2,1
down_proj,1999,0,2,1
final_layernorm,1999,0,2,49929
lm_head,1999,0,2,2027586
embedding,2000,0,2,334082
input_layernorm,2000,0,2,1
q_proj,2000,0,2,1
k_proj,2000,0,2,1
v_proj,2000,0,2,1
rope,2000,0,2,1
attn,2000,0,2,1
o_proj,2000,0,2,1
post_layernorm,2000,0,2,1
gate_proj,2000,0,2,1059761
up_proj,2000,0,2,1
act_fn,2000,0,2,1
down_proj,2000,0,2,1
final_layernorm,2000,0,2,49929
lm_head,2000,0,2,2027586
embedding,2001,0,2,334082
input_layernorm,2001,0,2,1
q_proj,2001,0,2,1
k_proj,2001,0,2,1
v_proj,2001,0,2,1
rope,2001,0,2,1
attn,2001,0,2,1
o_proj,2001,0,2,1
post_layernorm,2001,0,2,1
gate_proj,2001,0,2,1059761
up_proj,2001,0,2,1
act_fn,2001,0,2,1
down_proj,2001,0,2,1
final_layernorm,2001,0,2,49929
lm_head,2001,0,2,2027586
embedding,2002,0,2,334082
input_layernorm,2002,0,2,1
q_proj,2002,0,2,1
k_proj,2002,0,2,1
v_proj,2002,0,2,1
rope,2002,0,2,1
attn,2002,0,2,1
o_proj,2002,0,2,1
post_layernorm,2002,0,2,1
gate_proj,2002,0,2,1059761
up_proj,2002,0,2,1
act_fn,2002,0,2,1
down_proj,2002,0,2,1
final_layernorm,2002,0,2,49929
lm_head,2002,0,2,2027586
embedding,2003,0,2,334082
input_layernorm,2003,0,2,1
q_proj,2003,0,2,1
k_proj,2003,0,2,1
v_proj,2003,0,2,1
rope,2003,0,2,1
attn,2003,0,2,1
o_proj,2003,0,2,1
post_layernorm,2003,0,2,1
gate_proj,2003,0,2,1059761
up_proj,2003,0,2,1
act_fn,2003,0,2,1
down_proj,2003,0,2,1
final_layernorm,2003,0,2,49929
lm_head,2003,0,2,2027586
embedding,2004,0,2,334082
input_layernorm,2004,0,2,1
q_proj,2004,0,2,1
k_proj,2004,0,2,1
v_proj,2004,0,2,1
rope,2004,0,2,1
attn,2004,0,2,1
o_proj,2004,0,2,1
post_layernorm,2004,0,2,1
gate_proj,2004,0,2,1059761
up_proj,2004,0,2,1
act_fn,2004,0,2,1
down_proj,2004,0,2,1
final_layernorm,2004,0,2,49929
lm_head,2004,0,2,2027586
embedding,2005,0,2,334082
input_layernorm,2005,0,2,1
q_proj,2005,0,2,1
k_proj,2005,0,2,1
v_proj,2005,0,2,1
rope,2005,0,2,1
attn,2005,0,2,1
o_proj,2005,0,2,1
post_layernorm,2005,0,2,1
gate_proj,2005,0,2,1059761
up_proj,2005,0,2,1
act_fn,2005,0,2,1
down_proj,2005,0,2,1
final_layernorm,2005,0,2,49929
lm_head,2005,0,2,2027586
embedding,2006,0,2,334082
input_layernorm,2006,0,2,1
q_proj,2006,0,2,1
k_proj,2006,0,2,1
v_proj,2006,0,2,1
rope,2006,0,2,1
attn,2006,0,2,1
o_proj,2006,0,2,1
post_layernorm,2006,0,2,1
gate_proj,2006,0,2,1059761
up_proj,2006,0,2,1
act_fn,2006,0,2,1
down_proj,2006,0,2,1
final_layernorm,2006,0,2,49929
lm_head,2006,0,2,2027586
embedding,2007,0,2,334082
input_layernorm,2007,0,2,1
q_proj,2007,0,2,1
k_proj,2007,0,2,1
v_proj,2007,0,2,1
rope,2007,0,2,1
attn,2007,0,2,1
o_proj,2007,0,2,1
post_layernorm,2007,0,2,1
gate_proj,2007,0,2,1059761
up_proj,2007,0,2,1
act_fn,2007,0,2,1
down_proj,2007,0,2,1
final_layernorm,2007,0,2,49929
lm_head,2007,0,2,2027586
embedding,2008,0,2,334082
input_layernorm,2008,0,2,1
q_proj,2008,0,2,1
k_proj,2008,0,2,1
v_proj,2008,0,2,1
rope,2008,0,2,1
attn,2008,0,2,1
o_proj,2008,0,2,1
post_layernorm,2008,0,2,1
gate_proj,2008,0,2,1059761
up_proj,2008,0,2,1
act_fn,2008,0,2,1
down_proj,2008,0,2,1
final_layernorm,2008,0,2,49929
lm_head,2008,0,2,2027586
embedding,2009,0,2,334082
input_layernorm,2009,0,2,1
q_proj,2009,0,2,1
k_proj,2009,0,2,1
v_proj,2009,0,2,1
rope,2009,0,2,1
attn,2009,0,2,1
o_proj,2009,0,2,1
post_layernorm,2009,0,2,1
gate_proj,2009,0,2,1059761
up_proj,2009,0,2,1
act_fn,2009,0,2,1
down_proj,2009,0,2,1
final_layernorm,2009,0,2,49929
lm_head,2009,0,2,2027586
embedding,2010,0,2,334082
input_layernorm,2010,0,2,1
q_proj,2010,0,2,1
k_proj,2010,0,2,1
v_proj,2010,0,2,1
rope,2010,0,2,1
attn,2010,0,2,1
o_proj,2010,0,2,1
post_layernorm,2010,0,2,1
gate_proj,2010,0,2,1059761
up_proj,2010,0,2,1
act_fn,2010,0,2,1
down_proj,2010,0,2,1
final_layernorm,2010,0,2,49929
lm_head,2010,0,2,2027586
embedding,2011,0,2,334082
input_layernorm,2011,0,2,1
q_proj,2011,0,2,1
k_proj,2011,0,2,1
v_proj,2011,0,2,1
rope,2011,0,2,1
attn,2011,0,2,1
o_proj,2011,0,2,1
post_layernorm,2011,0,2,1
gate_proj,2011,0,2,1059761
up_proj,2011,0,2,1
act_fn,2011,0,2,1
down_proj,2011,0,2,1
final_layernorm,2011,0,2,49929
lm_head,2011,0,2,2027586
embedding,2012,0,2,334082
input_layernorm,2012,0,2,1
q_proj,2012,0,2,1
k_proj,2012,0,2,1
v_proj,2012,0,2,1
rope,2012,0,2,1
attn,2012,0,2,1
o_proj,2012,0,2,1
post_layernorm,2012,0,2,1
gate_proj,2012,0,2,1059761
up_proj,2012,0,2,1
act_fn,2012,0,2,1
down_proj,2012,0,2,1
final_layernorm,2012,0,2,49929
lm_head,2012,0,2,2027586
embedding,2013,0,2,334082
input_layernorm,2013,0,2,1
q_proj,2013,0,2,1
k_proj,2013,0,2,1
v_proj,2013,0,2,1
rope,2013,0,2,1
attn,2013,0,2,1
o_proj,2013,0,2,1
post_layernorm,2013,0,2,1
gate_proj,2013,0,2,1059761
up_proj,2013,0,2,1
act_fn,2013,0,2,1
down_proj,2013,0,2,1
final_layernorm,2013,0,2,49929
lm_head,2013,0,2,2027586
embedding,2014,0,2,334082
input_layernorm,2014,0,2,1
q_proj,2014,0,2,1
k_proj,2014,0,2,1
v_proj,2014,0,2,1
rope,2014,0,2,1
attn,2014,0,2,1
o_proj,2014,0,2,1
post_layernorm,2014,0,2,1
gate_proj,2014,0,2,1059761
up_proj,2014,0,2,1
act_fn,2014,0,2,1
down_proj,2014,0,2,1
final_layernorm,2014,0,2,49929
lm_head,2014,0,2,2027586
embedding,2015,0,2,334082
input_layernorm,2015,0,2,1
q_proj,2015,0,2,1
k_proj,2015,0,2,1
v_proj,2015,0,2,1
rope,2015,0,2,1
attn,2015,0,2,1
o_proj,2015,0,2,1
post_layernorm,2015,0,2,1
gate_proj,2015,0,2,1059761
up_proj,2015,0,2,1
act_fn,2015,0,2,1
down_proj,2015,0,2,1
final_layernorm,2015,0,2,49929
lm_head,2015,0,2,2027586
embedding,2016,0,2,334082
input_layernorm,2016,0,2,1
q_proj,2016,0,2,1
k_proj,2016,0,2,1
v_proj,2016,0,2,1
rope,2016,0,2,1
attn,2016,0,2,1
o_proj,2016,0,2,1
post_layernorm,2016,0,2,1
gate_proj,2016,0,2,1059761
up_proj,2016,0,2,1
act_fn,2016,0,2,1
down_proj,2016,0,2,1
final_layernorm,2016,0,2,49929
lm_head,2016,0,2,2027586
embedding,2017,0,2,334082
input_layernorm,2017,0,2,1
q_proj,2017,0,2,1
k_proj,2017,0,2,1
v_proj,2017,0,2,1
rope,2017,0,2,1
attn,2017,0,2,1
o_proj,2017,0,2,1
post_layernorm,2017,0,2,1
gate_proj,2017,0,2,1059761
up_proj,2017,0,2,1
act_fn,2017,0,2,1
down_proj,2017,0,2,1
final_layernorm,2017,0,2,49929
lm_head,2017,0,2,2027586
embedding,2018,0,2,334082
input_layernorm,2018,0,2,1
q_proj,2018,0,2,1
k_proj,2018,0,2,1
v_proj,2018,0,2,1
rope,2018,0,2,1
attn,2018,0,2,1
o_proj,2018,0,2,1
post_layernorm,2018,0,2,1
gate_proj,2018,0,2,1059761
up_proj,2018,0,2,1
act_fn,2018,0,2,1
down_proj,2018,0,2,1
final_layernorm,2018,0,2,49929
lm_head,2018,0,2,2027586
embedding,2019,0,2,334082
input_layernorm,2019,0,2,1
q_proj,2019,0,2,1
k_proj,2019,0,2,1
v_proj,2019,0,2,1
rope,2019,0,2,1
attn,2019,0,2,1
o_proj,2019,0,2,1
post_layernorm,2019,0,2,1
gate_proj,2019,0,2,1059761
up_proj,2019,0,2,1
act_fn,2019,0,2,1
down_proj,2019,0,2,1
final_layernorm,2019,0,2,49929
lm_head,2019,0,2,2027586
embedding,2020,0,2,334082
input_layernorm,2020,0,2,1
q_proj,2020,0,2,1
k_proj,2020,0,2,1
v_proj,2020,0,2,1
rope,2020,0,2,1
attn,2020,0,2,1
o_proj,2020,0,2,1
post_layernorm,2020,0,2,1
gate_proj,2020,0,2,1059761
up_proj,2020,0,2,1
act_fn,2020,0,2,1
down_proj,2020,0,2,1
final_layernorm,2020,0,2,49929
lm_head,2020,0,2,2027586
embedding,2021,0,2,334082
input_layernorm,2021,0,2,1
q_proj,2021,0,2,1
k_proj,2021,0,2,1
v_proj,2021,0,2,1
rope,2021,0,2,1
attn,2021,0,2,1
o_proj,2021,0,2,1
post_layernorm,2021,0,2,1
gate_proj,2021,0,2,1059761
up_proj,2021,0,2,1
act_fn,2021,0,2,1
down_proj,2021,0,2,1
final_layernorm,2021,0,2,49929
lm_head,2021,0,2,2027586
embedding,2022,0,2,334082
input_layernorm,2022,0,2,1
q_proj,2022,0,2,1
k_proj,2022,0,2,1
v_proj,2022,0,2,1
rope,2022,0,2,1
attn,2022,0,2,1
o_proj,2022,0,2,1
post_layernorm,2022,0,2,1
gate_proj,2022,0,2,1059761
up_proj,2022,0,2,1
act_fn,2022,0,2,1
down_proj,2022,0,2,1
final_layernorm,2022,0,2,49929
lm_head,2022,0,2,2027586
embedding,2023,0,2,334082
input_layernorm,2023,0,2,1
q_proj,2023,0,2,1
k_proj,2023,0,2,1
v_proj,2023,0,2,1
rope,2023,0,2,1
attn,2023,0,2,1
o_proj,2023,0,2,1
post_layernorm,2023,0,2,1
gate_proj,2023,0,2,1059761
up_proj,2023,0,2,1
act_fn,2023,0,2,1
down_proj,2023,0,2,1
final_layernorm,2023,0,2,49929
lm_head,2023,0,2,2027586
embedding,2024,0,2,334082
input_layernorm,2024,0,2,1
q_proj,2024,0,2,1
k_proj,2024,0,2,1
v_proj,2024,0,2,1
rope,2024,0,2,1
attn,2024,0,2,1
o_proj,2024,0,2,1
post_layernorm,2024,0,2,1
gate_proj,2024,0,2,1059761
up_proj,2024,0,2,1
act_fn,2024,0,2,1
down_proj,2024,0,2,1
final_layernorm,2024,0,2,49929
lm_head,2024,0,2,2027586
embedding,2025,0,2,334082
input_layernorm,2025,0,2,1
q_proj,2025,0,2,1
k_proj,2025,0,2,1
v_proj,2025,0,2,1
rope,2025,0,2,1
attn,2025,0,2,1
o_proj,2025,0,2,1
post_layernorm,2025,0,2,1
gate_proj,2025,0,2,1059761
up_proj,2025,0,2,1
act_fn,2025,0,2,1
down_proj,2025,0,2,1
final_layernorm,2025,0,2,49929
lm_head,2025,0,2,2027586
embedding,2026,0,2,334082
input_layernorm,2026,0,2,1
q_proj,2026,0,2,1
k_proj,2026,0,2,1
v_proj,2026,0,2,1
rope,2026,0,2,1
attn,2026,0,2,1
o_proj,2026,0,2,1
post_layernorm,2026,0,2,1
gate_proj,2026,0,2,1059761
up_proj,2026,0,2,1
act_fn,2026,0,2,1
down_proj,2026,0,2,1
final_layernorm,2026,0,2,49929
lm_head,2026,0,2,2027586
embedding,2027,0,2,334082
input_layernorm,2027,0,2,1
q_proj,2027,0,2,1
k_proj,2027,0,2,1
v_proj,2027,0,2,1
rope,2027,0,2,1
attn,2027,0,2,1
o_proj,2027,0,2,1
post_layernorm,2027,0,2,1
gate_proj,2027,0,2,1059761
up_proj,2027,0,2,1
act_fn,2027,0,2,1
down_proj,2027,0,2,1
final_layernorm,2027,0,2,49929
lm_head,2027,0,2,2027586
embedding,2028,0,2,334082
input_layernorm,2028,0,2,1
q_proj,2028,0,2,1
k_proj,2028,0,2,1
v_proj,2028,0,2,1
rope,2028,0,2,1
attn,2028,0,2,1
o_proj,2028,0,2,1
post_layernorm,2028,0,2,1
gate_proj,2028,0,2,1059761
up_proj,2028,0,2,1
act_fn,2028,0,2,1
down_proj,2028,0,2,1
final_layernorm,2028,0,2,49929
lm_head,2028,0,2,2027586
embedding,2029,0,2,334082
input_layernorm,2029,0,2,1
q_proj,2029,0,2,1
k_proj,2029,0,2,1
v_proj,2029,0,2,1
rope,2029,0,2,1
attn,2029,0,2,1
o_proj,2029,0,2,1
post_layernorm,2029,0,2,1
gate_proj,2029,0,2,1059761
up_proj,2029,0,2,1
act_fn,2029,0,2,1
down_proj,2029,0,2,1
final_layernorm,2029,0,2,49929
lm_head,2029,0,2,2027586
embedding,2030,0,2,334082
input_layernorm,2030,0,2,1
q_proj,2030,0,2,1
k_proj,2030,0,2,1
v_proj,2030,0,2,1
rope,2030,0,2,1
attn,2030,0,2,1
o_proj,2030,0,2,1
post_layernorm,2030,0,2,1
gate_proj,2030,0,2,1059761
up_proj,2030,0,2,1
act_fn,2030,0,2,1
down_proj,2030,0,2,1
final_layernorm,2030,0,2,49929
lm_head,2030,0,2,2027586
embedding,2031,0,2,334082
input_layernorm,2031,0,2,1
q_proj,2031,0,2,1
k_proj,2031,0,2,1
v_proj,2031,0,2,1
rope,2031,0,2,1
attn,2031,0,2,1
o_proj,2031,0,2,1
post_layernorm,2031,0,2,1
gate_proj,2031,0,2,1059761
up_proj,2031,0,2,1
act_fn,2031,0,2,1
down_proj,2031,0,2,1
final_layernorm,2031,0,2,49929
lm_head,2031,0,2,2027586
embedding,2032,0,2,334082
input_layernorm,2032,0,2,1
q_proj,2032,0,2,1
k_proj,2032,0,2,1
v_proj,2032,0,2,1
rope,2032,0,2,1
attn,2032,0,2,1
o_proj,2032,0,2,1
post_layernorm,2032,0,2,1
gate_proj,2032,0,2,1059761
up_proj,2032,0,2,1
act_fn,2032,0,2,1
down_proj,2032,0,2,1
final_layernorm,2032,0,2,49929
lm_head,2032,0,2,2027586
embedding,2033,0,2,334082
input_layernorm,2033,0,2,1
q_proj,2033,0,2,1
k_proj,2033,0,2,1
v_proj,2033,0,2,1
rope,2033,0,2,1
attn,2033,0,2,1
o_proj,2033,0,2,1
post_layernorm,2033,0,2,1
gate_proj,2033,0,2,1059761
up_proj,2033,0,2,1
act_fn,2033,0,2,1
down_proj,2033,0,2,1
final_layernorm,2033,0,2,49929
lm_head,2033,0,2,2027586
embedding,2034,0,2,334082
input_layernorm,2034,0,2,1
q_proj,2034,0,2,1
k_proj,2034,0,2,1
v_proj,2034,0,2,1
rope,2034,0,2,1
attn,2034,0,2,1
o_proj,2034,0,2,1
post_layernorm,2034,0,2,1
gate_proj,2034,0,2,1059761
up_proj,2034,0,2,1
act_fn,2034,0,2,1
down_proj,2034,0,2,1
final_layernorm,2034,0,2,49929
lm_head,2034,0,2,2027586
embedding,2035,0,2,334082
input_layernorm,2035,0,2,1
q_proj,2035,0,2,1
k_proj,2035,0,2,1
v_proj,2035,0,2,1
rope,2035,0,2,1
attn,2035,0,2,1
o_proj,2035,0,2,1
post_layernorm,2035,0,2,1
gate_proj,2035,0,2,1059761
up_proj,2035,0,2,1
act_fn,2035,0,2,1
down_proj,2035,0,2,1
final_layernorm,2035,0,2,49929
lm_head,2035,0,2,2027586
embedding,2036,0,2,334082
input_layernorm,2036,0,2,1
q_proj,2036,0,2,1
k_proj,2036,0,2,1
v_proj,2036,0,2,1
rope,2036,0,2,1
attn,2036,0,2,1
o_proj,2036,0,2,1
post_layernorm,2036,0,2,1
gate_proj,2036,0,2,1059761
up_proj,2036,0,2,1
act_fn,2036,0,2,1
down_proj,2036,0,2,1
final_layernorm,2036,0,2,49929
lm_head,2036,0,2,2027586
embedding,2037,0,2,334082
input_layernorm,2037,0,2,1
q_proj,2037,0,2,1
k_proj,2037,0,2,1
v_proj,2037,0,2,1
rope,2037,0,2,1
attn,2037,0,2,1
o_proj,2037,0,2,1
post_layernorm,2037,0,2,1
gate_proj,2037,0,2,1059761
up_proj,2037,0,2,1
act_fn,2037,0,2,1
down_proj,2037,0,2,1
final_layernorm,2037,0,2,49929
lm_head,2037,0,2,2027586
embedding,2038,0,2,334082
input_layernorm,2038,0,2,1
q_proj,2038,0,2,1
k_proj,2038,0,2,1
v_proj,2038,0,2,1
rope,2038,0,2,1
attn,2038,0,2,1
o_proj,2038,0,2,1
post_layernorm,2038,0,2,1
gate_proj,2038,0,2,1059761
up_proj,2038,0,2,1
act_fn,2038,0,2,1
down_proj,2038,0,2,1
final_layernorm,2038,0,2,49929
lm_head,2038,0,2,2027586
embedding,2039,0,2,334082
input_layernorm,2039,0,2,1
q_proj,2039,0,2,1
k_proj,2039,0,2,1
v_proj,2039,0,2,1
rope,2039,0,2,1
attn,2039,0,2,1
o_proj,2039,0,2,1
post_layernorm,2039,0,2,1
gate_proj,2039,0,2,1059761
up_proj,2039,0,2,1
act_fn,2039,0,2,1
down_proj,2039,0,2,1
final_layernorm,2039,0,2,49929
lm_head,2039,0,2,2027586
embedding,2040,0,2,334082
input_layernorm,2040,0,2,1
q_proj,2040,0,2,1
k_proj,2040,0,2,1
v_proj,2040,0,2,1
rope,2040,0,2,1
attn,2040,0,2,1
o_proj,2040,0,2,1
post_layernorm,2040,0,2,1
gate_proj,2040,0,2,1059761
up_proj,2040,0,2,1
act_fn,2040,0,2,1
down_proj,2040,0,2,1
final_layernorm,2040,0,2,49929
lm_head,2040,0,2,2027586
embedding,2041,0,2,334082
input_layernorm,2041,0,2,1
q_proj,2041,0,2,1
k_proj,2041,0,2,1
v_proj,2041,0,2,1
rope,2041,0,2,1
attn,2041,0,2,1
o_proj,2041,0,2,1
post_layernorm,2041,0,2,1
gate_proj,2041,0,2,1059761
up_proj,2041,0,2,1
act_fn,2041,0,2,1
down_proj,2041,0,2,1
final_layernorm,2041,0,2,49929
lm_head,2041,0,2,2027586
embedding,2042,0,2,334082
input_layernorm,2042,0,2,1
q_proj,2042,0,2,1
k_proj,2042,0,2,1
v_proj,2042,0,2,1
rope,2042,0,2,1
attn,2042,0,2,1
o_proj,2042,0,2,1
post_layernorm,2042,0,2,1
gate_proj,2042,0,2,1059761
up_proj,2042,0,2,1
act_fn,2042,0,2,1
down_proj,2042,0,2,1
final_layernorm,2042,0,2,49929
lm_head,2042,0,2,2027586
embedding,2043,0,2,334082
input_layernorm,2043,0,2,1
q_proj,2043,0,2,1
k_proj,2043,0,2,1
v_proj,2043,0,2,1
rope,2043,0,2,1
attn,2043,0,2,1
o_proj,2043,0,2,1
post_layernorm,2043,0,2,1
gate_proj,2043,0,2,1059761
up_proj,2043,0,2,1
act_fn,2043,0,2,1
down_proj,2043,0,2,1
final_layernorm,2043,0,2,49929
lm_head,2043,0,2,2027586
embedding,2044,0,2,334082
input_layernorm,2044,0,2,1
q_proj,2044,0,2,1
k_proj,2044,0,2,1
v_proj,2044,0,2,1
rope,2044,0,2,1
attn,2044,0,2,1
o_proj,2044,0,2,1
post_layernorm,2044,0,2,1
gate_proj,2044,0,2,1059761
up_proj,2044,0,2,1
act_fn,2044,0,2,1
down_proj,2044,0,2,1
final_layernorm,2044,0,2,49929
lm_head,2044,0,2,2027586
embedding,2045,0,2,334082
input_layernorm,2045,0,2,1
q_proj,2045,0,2,1
k_proj,2045,0,2,1
v_proj,2045,0,2,1
rope,2045,0,2,1
attn,2045,0,2,1
o_proj,2045,0,2,1
post_layernorm,2045,0,2,1
gate_proj,2045,0,2,1059761
up_proj,2045,0,2,1
act_fn,2045,0,2,1
down_proj,2045,0,2,1
final_layernorm,2045,0,2,49929
lm_head,2045,0,2,2027586
embedding,2046,0,2,334082
input_layernorm,2046,0,2,1
q_proj,2046,0,2,1
k_proj,2046,0,2,1
v_proj,2046,0,2,1
rope,2046,0,2,1
attn,2046,0,2,1
o_proj,2046,0,2,1
post_layernorm,2046,0,2,1
gate_proj,2046,0,2,1059761
up_proj,2046,0,2,1
act_fn,2046,0,2,1
down_proj,2046,0,2,1
final_layernorm,2046,0,2,49929
lm_head,2046,0,2,2027586
embedding,2047,0,2,334082
input_layernorm,2047,0,2,1
q_proj,2047,0,2,1
k_proj,2047,0,2,1
v_proj,2047,0,2,1
rope,2047,0,2,1
attn,2047,0,2,1
o_proj,2047,0,2,1
post_layernorm,2047,0,2,1
gate_proj,2047,0,2,1059761
up_proj,2047,0,2,1
act_fn,2047,0,2,1
down_proj,2047,0,2,1
final_layernorm,2047,0,2,49929
lm_head,2047,0,2,2027586
embedding,2048,0,2,334082
input_layernorm,2048,0,2,1
q_proj,2048,0,2,1
k_proj,2048,0,2,1
v_proj,2048,0,2,1
rope,2048,0,2,1
attn,2048,0,2,1
o_proj,2048,0,2,1
post_layernorm,2048,0,2,1
gate_proj,2048,0,2,1059761
up_proj,2048,0,2,1
act_fn,2048,0,2,1
down_proj,2048,0,2,1
final_layernorm,2048,0,2,49929
lm_head,2048,0,2,2027586
