layer_name,input,kv_cache,tp_size,latency(ns)
embedding,1,0,4,2622
input_layernorm,1,0,4,8022
q_proj,1,0,4,12461
k_proj,1,0,4,4100
v_proj,1,0,4,4070
rope,1,0,4,17068
o_proj,1,0,4,11892
post_layernorm,1,0,4,8353
gate,1,0,4,56858
expert.w1,1,0,4,11528
expert.w3,1,0,4,11488
act_fn,1,0,4,3994
expert.w2,1,0,4,14410
final_layernorm,1,0,4,8280
lm_head,1,0,4,81877
embedding,2,0,4,3151
input_layernorm,2,0,4,7839
q_proj,2,0,4,23035
k_proj,2,0,4,6457
v_proj,2,0,4,6052
rope,2,0,4,20578
o_proj,2,0,4,13181
post_layernorm,2,0,4,8136
gate,2,0,4,76172
expert.w1,2,0,4,21288
expert.w3,2,0,4,21456
act_fn,2,0,4,4443
expert.w2,2,0,4,12256
final_layernorm,2,0,4,7926
lm_head,2,0,4,79366
embedding,3,0,4,3674
input_layernorm,3,0,4,7855
q_proj,3,0,4,23041
k_proj,3,0,4,6464
v_proj,3,0,4,6095
rope,3,0,4,21567
o_proj,3,0,4,13336
post_layernorm,3,0,4,8136
gate,3,0,4,76327
expert.w1,3,0,4,21282
expert.w3,3,0,4,21479
act_fn,3,0,4,4436
expert.w2,3,0,4,12254
final_layernorm,3,0,4,7940
lm_head,3,0,4,79384
embedding,4,0,4,4143
input_layernorm,4,0,4,7850
q_proj,4,0,4,23050
k_proj,4,0,4,6486
v_proj,4,0,4,6105
rope,4,0,4,22283
o_proj,4,0,4,13181
post_layernorm,4,0,4,8166
gate,4,0,4,75616
expert.w1,4,0,4,21314
expert.w3,4,0,4,21483
act_fn,4,0,4,4347
expert.w2,4,0,4,12330
final_layernorm,4,0,4,7960
lm_head,4,0,4,79468
embedding,5,0,4,4891
input_layernorm,5,0,4,7905
q_proj,5,0,4,23035
k_proj,5,0,4,6496
v_proj,5,0,4,6143
rope,5,0,4,22304
o_proj,5,0,4,13287
post_layernorm,5,0,4,8206
gate,5,0,4,76493
expert.w1,5,0,4,21306
expert.w3,5,0,4,21515
act_fn,5,0,4,4402
expert.w2,5,0,4,12354
final_layernorm,5,0,4,8078
lm_head,5,0,4,79587
embedding,6,0,4,5297
input_layernorm,6,0,4,7886
q_proj,6,0,4,23054
k_proj,6,0,4,6489
v_proj,6,0,4,6170
rope,6,0,4,22366
o_proj,6,0,4,13337
post_layernorm,6,0,4,8230
gate,6,0,4,75804
expert.w1,6,0,4,21277
expert.w3,6,0,4,21522
act_fn,6,0,4,4286
expert.w2,6,0,4,12364
final_layernorm,6,0,4,7867
lm_head,6,0,4,79678
embedding,7,0,4,5864
input_layernorm,7,0,4,7935
q_proj,7,0,4,23054
k_proj,7,0,4,6494
v_proj,7,0,4,6201
rope,7,0,4,22300
o_proj,7,0,4,13339
post_layernorm,7,0,4,8238
gate,7,0,4,76718
expert.w1,7,0,4,21304
expert.w3,7,0,4,21509
act_fn,7,0,4,4155
expert.w2,7,0,4,12385
final_layernorm,7,0,4,8029
lm_head,7,0,4,79722
embedding,8,0,4,6335
input_layernorm,8,0,4,7954
q_proj,8,0,4,23055
k_proj,8,0,4,6531
v_proj,8,0,4,6185
rope,8,0,4,22253
o_proj,8,0,4,13441
post_layernorm,8,0,4,8247
gate,8,0,4,75993
expert.w1,8,0,4,21304
expert.w3,8,0,4,21500
act_fn,8,0,4,4112
expert.w2,8,0,4,12343
final_layernorm,8,0,4,8105
lm_head,8,0,4,79668
embedding,9,0,4,7084
input_layernorm,9,0,4,7843
q_proj,9,0,4,23042
k_proj,9,0,4,6552
v_proj,9,0,4,6229
rope,9,0,4,22357
o_proj,9,0,4,13305
post_layernorm,9,0,4,8149
gate,9,0,4,78677
expert.w1,9,0,4,21360
expert.w3,9,0,4,21526
act_fn,9,0,4,3990
expert.w2,9,0,4,12403
final_layernorm,9,0,4,8002
lm_head,9,0,4,79803
embedding,10,0,4,7500
input_layernorm,10,0,4,7838
q_proj,10,0,4,23052
k_proj,10,0,4,6519
v_proj,10,0,4,6239
rope,10,0,4,22336
o_proj,10,0,4,13372
post_layernorm,10,0,4,8141
gate,10,0,4,77800
expert.w1,10,0,4,21345
expert.w3,10,0,4,21537
act_fn,10,0,4,3965
expert.w2,10,0,4,12495
final_layernorm,10,0,4,8019
lm_head,10,0,4,80006
embedding,11,0,4,8094
input_layernorm,11,0,4,7865
q_proj,11,0,4,23045
k_proj,11,0,4,6498
v_proj,11,0,4,6221
rope,11,0,4,22385
o_proj,11,0,4,13389
post_layernorm,11,0,4,8163
gate,11,0,4,78684
expert.w1,11,0,4,21326
expert.w3,11,0,4,21620
act_fn,11,0,4,3955
expert.w2,11,0,4,12499
final_layernorm,11,0,4,8012
lm_head,11,0,4,79971
embedding,12,0,4,8489
input_layernorm,12,0,4,7877
q_proj,12,0,4,23052
k_proj,12,0,4,6549
v_proj,12,0,4,6223
rope,12,0,4,22522
o_proj,12,0,4,13422
post_layernorm,12,0,4,8162
gate,12,0,4,77647
expert.w1,12,0,4,21374
expert.w3,12,0,4,21560
act_fn,12,0,4,3955
expert.w2,12,0,4,12594
final_layernorm,12,0,4,8024
lm_head,12,0,4,80081
embedding,13,0,4,9175
input_layernorm,13,0,4,7878
q_proj,13,0,4,23052
k_proj,13,0,4,6544
v_proj,13,0,4,6251
rope,13,0,4,22437
o_proj,13,0,4,13498
post_layernorm,13,0,4,8150
gate,13,0,4,78685
expert.w1,13,0,4,21354
expert.w3,13,0,4,21685
act_fn,13,0,4,3952
expert.w2,13,0,4,12543
final_layernorm,13,0,4,8050
lm_head,13,0,4,80075
embedding,14,0,4,9689
input_layernorm,14,0,4,7875
q_proj,14,0,4,23039
k_proj,14,0,4,6498
v_proj,14,0,4,6278
rope,14,0,4,22397
o_proj,14,0,4,13503
post_layernorm,14,0,4,8161
gate,14,0,4,78111
expert.w1,14,0,4,21360
expert.w3,14,0,4,21652
act_fn,14,0,4,3950
expert.w2,14,0,4,12615
final_layernorm,14,0,4,8053
lm_head,14,0,4,80303
embedding,15,0,4,10401
input_layernorm,15,0,4,7888
q_proj,15,0,4,23077
k_proj,15,0,4,6528
v_proj,15,0,4,6266
rope,15,0,4,22370
o_proj,15,0,4,13722
post_layernorm,15,0,4,8148
gate,15,0,4,78862
expert.w1,15,0,4,21343
expert.w3,15,0,4,21605
act_fn,15,0,4,3963
expert.w2,15,0,4,12555
final_layernorm,15,0,4,8045
lm_head,15,0,4,80188
embedding,16,0,4,10852
input_layernorm,16,0,4,7775
q_proj,16,0,4,23057
k_proj,16,0,4,6730
v_proj,16,0,4,6421
rope,16,0,4,22450
o_proj,16,0,4,13533
post_layernorm,16,0,4,8039
gate,16,0,4,78190
expert.w1,16,0,4,21358
expert.w3,16,0,4,21889
act_fn,16,0,4,3947
expert.w2,16,0,4,12770
final_layernorm,16,0,4,7961
lm_head,16,0,4,80646
embedding,17,0,4,3307
input_layernorm,17,0,4,7783
q_proj,17,0,4,12435
k_proj,17,0,4,6587
v_proj,17,0,4,6082
rope,17,0,4,22398
o_proj,17,0,4,13291
post_layernorm,17,0,4,8079
gate,17,0,4,72684
expert.w1,17,0,4,16468
expert.w3,17,0,4,15999
act_fn,17,0,4,4121
expert.w2,17,0,4,14257
final_layernorm,17,0,4,8002
lm_head,17,0,4,99703
embedding,18,0,4,3324
input_layernorm,18,0,4,7785
q_proj,18,0,4,12470
k_proj,18,0,4,6607
v_proj,18,0,4,6083
rope,18,0,4,22429
o_proj,18,0,4,13327
post_layernorm,18,0,4,8093
gate,18,0,4,72029
expert.w1,18,0,4,16500
expert.w3,18,0,4,15990
act_fn,18,0,4,4044
expert.w2,18,0,4,14265
final_layernorm,18,0,4,7981
lm_head,18,0,4,100041
embedding,19,0,4,3330
input_layernorm,19,0,4,7816
q_proj,19,0,4,12459
k_proj,19,0,4,6612
v_proj,19,0,4,6093
rope,19,0,4,22389
o_proj,19,0,4,13419
post_layernorm,19,0,4,8104
gate,19,0,4,72386
expert.w1,19,0,4,16483
expert.w3,19,0,4,15953
act_fn,19,0,4,4064
expert.w2,19,0,4,14069
final_layernorm,19,0,4,7958
lm_head,19,0,4,99895
embedding,20,0,4,3370
input_layernorm,20,0,4,7823
q_proj,20,0,4,12503
k_proj,20,0,4,6605
v_proj,20,0,4,6099
rope,20,0,4,22480
o_proj,20,0,4,13323
post_layernorm,20,0,4,8091
gate,20,0,4,71941
expert.w1,20,0,4,16430
expert.w3,20,0,4,15978
act_fn,20,0,4,4031
expert.w2,20,0,4,14122
final_layernorm,20,0,4,7999
lm_head,20,0,4,99938
embedding,21,0,4,3824
input_layernorm,21,0,4,7818
q_proj,21,0,4,12543
k_proj,21,0,4,6593
v_proj,21,0,4,6077
rope,21,0,4,22490
o_proj,21,0,4,13361
post_layernorm,21,0,4,8068
gate,21,0,4,72800
expert.w1,21,0,4,16455
expert.w3,21,0,4,15989
act_fn,21,0,4,3996
expert.w2,21,0,4,14061
final_layernorm,21,0,4,7970
lm_head,21,0,4,99796
embedding,22,0,4,3783
input_layernorm,22,0,4,7830
q_proj,22,0,4,12582
k_proj,22,0,4,6588
v_proj,22,0,4,6100
rope,22,0,4,22528
o_proj,22,0,4,13411
post_layernorm,22,0,4,8099
gate,22,0,4,71917
expert.w1,22,0,4,16440
expert.w3,22,0,4,16012
act_fn,22,0,4,3945
expert.w2,22,0,4,14036
final_layernorm,22,0,4,8018
lm_head,22,0,4,99945
embedding,23,0,4,3914
input_layernorm,23,0,4,7836
q_proj,23,0,4,12557
k_proj,23,0,4,6607
v_proj,23,0,4,6101
rope,23,0,4,22570
o_proj,23,0,4,13412
post_layernorm,23,0,4,8090
gate,23,0,4,72711
expert.w1,23,0,4,16482
expert.w3,23,0,4,15971
act_fn,23,0,4,4021
expert.w2,23,0,4,14328
final_layernorm,23,0,4,8012
lm_head,23,0,4,100045
embedding,24,0,4,3770
input_layernorm,24,0,4,7848
q_proj,24,0,4,12549
k_proj,24,0,4,6630
v_proj,24,0,4,6093
rope,24,0,4,22664
o_proj,24,0,4,13442
post_layernorm,24,0,4,8153
gate,24,0,4,72137
expert.w1,24,0,4,16481
expert.w3,24,0,4,16027
act_fn,24,0,4,3923
expert.w2,24,0,4,14265
final_layernorm,24,0,4,8022
lm_head,24,0,4,100466
embedding,25,0,4,3844
input_layernorm,25,0,4,7893
q_proj,25,0,4,12681
k_proj,25,0,4,6610
v_proj,25,0,4,6101
rope,25,0,4,22597
o_proj,25,0,4,13424
post_layernorm,25,0,4,8150
gate,25,0,4,74876
expert.w1,25,0,4,16452
expert.w3,25,0,4,15922
act_fn,25,0,4,3787
expert.w2,25,0,4,14190
final_layernorm,25,0,4,8041
lm_head,25,0,4,100114
embedding,26,0,4,3865
input_layernorm,26,0,4,7906
q_proj,26,0,4,12645
k_proj,26,0,4,6625
v_proj,26,0,4,6110
rope,26,0,4,22597
o_proj,26,0,4,13424
post_layernorm,26,0,4,8169
gate,26,0,4,74457
expert.w1,26,0,4,16456
expert.w3,26,0,4,16034
act_fn,26,0,4,3911
expert.w2,26,0,4,14189
final_layernorm,26,0,4,8051
lm_head,26,0,4,100745
embedding,27,0,4,3927
input_layernorm,27,0,4,7892
q_proj,27,0,4,12664
k_proj,27,0,4,6626
v_proj,27,0,4,6123
rope,27,0,4,22650
o_proj,27,0,4,13510
post_layernorm,27,0,4,8158
gate,27,0,4,74771
expert.w1,27,0,4,16454
expert.w3,27,0,4,15973
act_fn,27,0,4,3797
expert.w2,27,0,4,14159
final_layernorm,27,0,4,8066
lm_head,27,0,4,100226
embedding,28,0,4,3919
input_layernorm,28,0,4,7900
q_proj,28,0,4,12678
k_proj,28,0,4,6638
v_proj,28,0,4,6106
rope,28,0,4,22723
o_proj,28,0,4,13560
post_layernorm,28,0,4,8176
gate,28,0,4,74229
expert.w1,28,0,4,14918
expert.w3,28,0,4,14690
act_fn,28,0,4,4016
expert.w2,28,0,4,14205
final_layernorm,28,0,4,8073
lm_head,28,0,4,100204
embedding,29,0,4,3978
input_layernorm,29,0,4,7924
q_proj,29,0,4,12828
k_proj,29,0,4,6635
v_proj,29,0,4,6105
rope,29,0,4,22693
o_proj,29,0,4,13497
post_layernorm,29,0,4,8167
gate,29,0,4,74995
expert.w1,29,0,4,15084
expert.w3,29,0,4,14744
act_fn,29,0,4,3995
expert.w2,29,0,4,14307
final_layernorm,29,0,4,8036
lm_head,29,0,4,100735
embedding,30,0,4,3973
input_layernorm,30,0,4,7921
q_proj,30,0,4,12722
k_proj,30,0,4,6645
v_proj,30,0,4,6110
rope,30,0,4,22712
o_proj,30,0,4,13530
post_layernorm,30,0,4,8234
gate,30,0,4,74581
expert.w1,30,0,4,15165
expert.w3,30,0,4,14684
act_fn,30,0,4,3974
expert.w2,30,0,4,14090
final_layernorm,30,0,4,8046
lm_head,30,0,4,100914
embedding,31,0,4,4001
input_layernorm,31,0,4,7918
q_proj,31,0,4,12702
k_proj,31,0,4,6630
v_proj,31,0,4,6127
rope,31,0,4,22633
o_proj,31,0,4,13564
post_layernorm,31,0,4,8205
gate,31,0,4,75119
expert.w1,31,0,4,15197
expert.w3,31,0,4,14742
act_fn,31,0,4,4046
expert.w2,31,0,4,14244
final_layernorm,31,0,4,8072
lm_head,31,0,4,100318
embedding,32,0,4,4168
input_layernorm,32,0,4,7931
q_proj,32,0,4,12794
k_proj,32,0,4,6688
v_proj,32,0,4,6197
rope,32,0,4,22650
o_proj,32,0,4,13589
post_layernorm,32,0,4,8244
gate,32,0,4,68177
expert.w1,32,0,4,15345
expert.w3,32,0,4,14690
act_fn,32,0,4,4021
expert.w2,32,0,4,14086
final_layernorm,32,0,4,8121
lm_head,32,0,4,100599
embedding,33,0,4,4158
input_layernorm,33,0,4,7965
q_proj,33,0,4,14918
k_proj,33,0,4,6607
v_proj,33,0,4,6128
rope,33,0,4,22761
o_proj,33,0,4,13677
post_layernorm,33,0,4,8231
gate,33,0,4,69615
expert.w1,33,0,4,16625
expert.w3,33,0,4,16271
act_fn,33,0,4,4221
expert.w2,33,0,4,14256
final_layernorm,33,0,4,8058
lm_head,33,0,4,100445
embedding,34,0,4,4110
input_layernorm,34,0,4,7965
q_proj,34,0,4,14934
k_proj,34,0,4,6598
v_proj,34,0,4,6138
rope,34,0,4,22716
o_proj,34,0,4,13905
post_layernorm,34,0,4,8250
gate,34,0,4,69044
expert.w1,34,0,4,16617
expert.w3,34,0,4,16225
act_fn,34,0,4,4190
expert.w2,34,0,4,14285
final_layernorm,34,0,4,8128
lm_head,34,0,4,100301
embedding,35,0,4,4129
input_layernorm,35,0,4,7971
q_proj,35,0,4,15011
k_proj,35,0,4,6617
v_proj,35,0,4,6140
rope,35,0,4,22640
o_proj,35,0,4,13904
post_layernorm,35,0,4,8253
gate,35,0,4,69397
expert.w1,35,0,4,16642
expert.w3,35,0,4,16085
act_fn,35,0,4,4232
expert.w2,35,0,4,14118
final_layernorm,35,0,4,8183
lm_head,35,0,4,100694
embedding,36,0,4,4181
input_layernorm,36,0,4,7982
q_proj,36,0,4,14997
k_proj,36,0,4,6626
v_proj,36,0,4,6192
rope,36,0,4,22651
o_proj,36,0,4,13984
post_layernorm,36,0,4,8253
gate,36,0,4,68681
expert.w1,36,0,4,16684
expert.w3,36,0,4,16123
act_fn,36,0,4,4169
expert.w2,36,0,4,14256
final_layernorm,36,0,4,8175
lm_head,36,0,4,100807
embedding,37,0,4,4263
input_layernorm,37,0,4,7931
q_proj,37,0,4,15108
k_proj,37,0,4,6628
v_proj,37,0,4,6164
rope,37,0,4,22644
o_proj,37,0,4,14040
post_layernorm,37,0,4,8220
gate,37,0,4,69560
expert.w1,37,0,4,16692
expert.w3,37,0,4,16097
act_fn,37,0,4,4034
expert.w2,37,0,4,14226
final_layernorm,37,0,4,8139
lm_head,37,0,4,101224
embedding,38,0,4,4244
input_layernorm,38,0,4,7944
q_proj,38,0,4,15108
k_proj,38,0,4,6601
v_proj,38,0,4,6160
rope,38,0,4,22736
o_proj,38,0,4,14067
post_layernorm,38,0,4,8218
gate,38,0,4,68936
expert.w1,38,0,4,16683
expert.w3,38,0,4,16204
act_fn,38,0,4,4030
expert.w2,38,0,4,14207
final_layernorm,38,0,4,8178
lm_head,38,0,4,100839
embedding,39,0,4,4285
input_layernorm,39,0,4,7950
q_proj,39,0,4,15012
k_proj,39,0,4,6631
v_proj,39,0,4,6188
rope,39,0,4,22668
o_proj,39,0,4,14089
post_layernorm,39,0,4,8285
gate,39,0,4,69570
expert.w1,39,0,4,16752
expert.w3,39,0,4,16107
act_fn,39,0,4,3894
expert.w2,39,0,4,14270
final_layernorm,39,0,4,8142
lm_head,39,0,4,100689
embedding,40,0,4,4253
input_layernorm,40,0,4,7956
q_proj,40,0,4,15181
k_proj,40,0,4,6615
v_proj,40,0,4,6205
rope,40,0,4,22645
o_proj,40,0,4,14048
post_layernorm,40,0,4,8279
gate,40,0,4,68937
expert.w1,40,0,4,16777
expert.w3,40,0,4,16108
act_fn,40,0,4,3969
expert.w2,40,0,4,14351
final_layernorm,40,0,4,8147
lm_head,40,0,4,101200
embedding,41,0,4,4320
input_layernorm,41,0,4,7981
q_proj,41,0,4,15184
k_proj,41,0,4,6620
v_proj,41,0,4,6182
rope,41,0,4,22735
o_proj,41,0,4,14064
post_layernorm,41,0,4,8257
gate,41,0,4,70204
expert.w1,41,0,4,16810
expert.w3,41,0,4,16087
act_fn,41,0,4,3905
expert.w2,41,0,4,14400
final_layernorm,41,0,4,8179
lm_head,41,0,4,100575
embedding,42,0,4,4627
input_layernorm,42,0,4,7983
q_proj,42,0,4,15319
k_proj,42,0,4,6617
v_proj,42,0,4,6204
rope,42,0,4,22758
o_proj,42,0,4,14210
post_layernorm,42,0,4,8292
gate,42,0,4,69882
expert.w1,42,0,4,16795
expert.w3,42,0,4,16188
act_fn,42,0,4,3736
expert.w2,42,0,4,14336
final_layernorm,42,0,4,8199
lm_head,42,0,4,101076
embedding,43,0,4,4624
input_layernorm,43,0,4,8014
q_proj,43,0,4,15227
k_proj,43,0,4,6610
v_proj,43,0,4,6221
rope,43,0,4,22755
o_proj,43,0,4,14165
post_layernorm,43,0,4,8324
gate,43,0,4,70394
expert.w1,43,0,4,16722
expert.w3,43,0,4,16379
act_fn,43,0,4,3716
expert.w2,43,0,4,14331
final_layernorm,43,0,4,8230
lm_head,43,0,4,101315
embedding,44,0,4,4687
input_layernorm,44,0,4,8029
q_proj,44,0,4,15381
k_proj,44,0,4,6609
v_proj,44,0,4,6193
rope,44,0,4,22800
o_proj,44,0,4,14092
post_layernorm,44,0,4,8300
gate,44,0,4,69803
expert.w1,44,0,4,16835
expert.w3,44,0,4,16182
act_fn,44,0,4,3784
expert.w2,44,0,4,14176
final_layernorm,44,0,4,8203
lm_head,44,0,4,101294
embedding,45,0,4,4752
input_layernorm,45,0,4,8059
q_proj,45,0,4,15336
k_proj,45,0,4,6621
v_proj,45,0,4,6205
rope,45,0,4,22819
o_proj,45,0,4,14097
post_layernorm,45,0,4,8356
gate,45,0,4,70375
expert.w1,45,0,4,16773
expert.w3,45,0,4,16141
act_fn,45,0,4,3952
expert.w2,45,0,4,14408
final_layernorm,45,0,4,8255
lm_head,45,0,4,101380
embedding,46,0,4,4736
input_layernorm,46,0,4,8060
q_proj,46,0,4,15250
k_proj,46,0,4,6630
v_proj,46,0,4,6196
rope,46,0,4,22800
o_proj,46,0,4,14188
post_layernorm,46,0,4,8372
gate,46,0,4,70001
expert.w1,46,0,4,16697
expert.w3,46,0,4,16263
act_fn,46,0,4,3845
expert.w2,46,0,4,14326
final_layernorm,46,0,4,8264
lm_head,46,0,4,101734
embedding,47,0,4,4834
input_layernorm,47,0,4,8077
q_proj,47,0,4,15166
k_proj,47,0,4,6637
v_proj,47,0,4,6200
rope,47,0,4,22767
o_proj,47,0,4,14111
post_layernorm,47,0,4,8389
gate,47,0,4,70320
expert.w1,47,0,4,16890
expert.w3,47,0,4,16252
act_fn,47,0,4,3995
expert.w2,47,0,4,14183
final_layernorm,47,0,4,8252
lm_head,47,0,4,101280
embedding,48,0,4,4814
input_layernorm,48,0,4,8077
q_proj,48,0,4,15308
k_proj,48,0,4,6671
v_proj,48,0,4,6240
rope,48,0,4,23109
o_proj,48,0,4,14066
post_layernorm,48,0,4,8399
gate,48,0,4,69770
expert.w1,48,0,4,16912
expert.w3,48,0,4,16305
act_fn,48,0,4,3961
expert.w2,48,0,4,14324
final_layernorm,48,0,4,8279
lm_head,48,0,4,101682
embedding,49,0,4,4804
input_layernorm,49,0,4,8093
q_proj,49,0,4,15402
k_proj,49,0,4,6659
v_proj,49,0,4,6186
rope,49,0,4,22822
o_proj,49,0,4,14065
post_layernorm,49,0,4,8398
gate,49,0,4,71280
expert.w1,49,0,4,16901
expert.w3,49,0,4,16267
act_fn,49,0,4,4421
expert.w2,49,0,4,14364
final_layernorm,49,0,4,8319
lm_head,49,0,4,101773
embedding,50,0,4,4795
input_layernorm,50,0,4,8111
q_proj,50,0,4,15413
k_proj,50,0,4,6656
v_proj,50,0,4,6207
rope,50,0,4,22793
o_proj,50,0,4,14105
post_layernorm,50,0,4,8398
gate,50,0,4,70896
expert.w1,50,0,4,16974
expert.w3,50,0,4,16281
act_fn,50,0,4,4278
expert.w2,50,0,4,14319
final_layernorm,50,0,4,8323
lm_head,50,0,4,101428
embedding,51,0,4,4821
input_layernorm,51,0,4,8129
q_proj,51,0,4,15347
k_proj,51,0,4,6674
v_proj,51,0,4,6218
rope,51,0,4,22781
o_proj,51,0,4,14123
post_layernorm,51,0,4,8431
gate,51,0,4,71401
expert.w1,51,0,4,16962
expert.w3,51,0,4,16301
act_fn,51,0,4,4251
expert.w2,51,0,4,14292
final_layernorm,51,0,4,8333
lm_head,51,0,4,101883
embedding,52,0,4,4972
input_layernorm,52,0,4,8141
q_proj,52,0,4,15238
k_proj,52,0,4,6644
v_proj,52,0,4,6239
rope,52,0,4,22835
o_proj,52,0,4,14143
post_layernorm,52,0,4,8454
gate,52,0,4,70660
expert.w1,52,0,4,17020
expert.w3,52,0,4,16450
act_fn,52,0,4,4045
expert.w2,52,0,4,14375
final_layernorm,52,0,4,8335
lm_head,52,0,4,101319
embedding,53,0,4,4993
input_layernorm,53,0,4,8162
q_proj,53,0,4,15503
k_proj,53,0,4,6643
v_proj,53,0,4,6230
rope,53,0,4,22839
o_proj,53,0,4,14127
post_layernorm,53,0,4,8436
gate,53,0,4,71278
expert.w1,53,0,4,16973
expert.w3,53,0,4,16402
act_fn,53,0,4,4002
expert.w2,53,0,4,14319
final_layernorm,53,0,4,8359
lm_head,53,0,4,101708
embedding,54,0,4,5047
input_layernorm,54,0,4,8167
q_proj,54,0,4,15512
k_proj,54,0,4,6665
v_proj,54,0,4,6237
rope,54,0,4,23189
o_proj,54,0,4,14153
post_layernorm,54,0,4,8503
gate,54,0,4,71257
expert.w1,54,0,4,17104
expert.w3,54,0,4,16387
act_fn,54,0,4,3988
expert.w2,54,0,4,14441
final_layernorm,54,0,4,8357
lm_head,54,0,4,101652
embedding,55,0,4,5069
input_layernorm,55,0,4,8175
q_proj,55,0,4,15349
k_proj,55,0,4,6649
v_proj,55,0,4,6233
rope,55,0,4,22896
o_proj,55,0,4,14070
post_layernorm,55,0,4,8531
gate,55,0,4,71522
expert.w1,55,0,4,17126
expert.w3,55,0,4,16382
act_fn,55,0,4,3981
expert.w2,55,0,4,14412
final_layernorm,55,0,4,8408
lm_head,55,0,4,101578
embedding,56,0,4,5025
input_layernorm,56,0,4,8186
q_proj,56,0,4,15491
k_proj,56,0,4,6655
v_proj,56,0,4,6262
rope,56,0,4,23250
o_proj,56,0,4,14203
post_layernorm,56,0,4,8512
gate,56,0,4,70745
expert.w1,56,0,4,17082
expert.w3,56,0,4,16477
act_fn,56,0,4,4062
expert.w2,56,0,4,14511
final_layernorm,56,0,4,8372
lm_head,56,0,4,101943
embedding,57,0,4,5138
input_layernorm,57,0,4,8210
q_proj,57,0,4,15518
k_proj,57,0,4,7835
v_proj,57,0,4,7702
rope,57,0,4,23295
o_proj,57,0,4,14187
post_layernorm,57,0,4,8490
gate,57,0,4,71802
expert.w1,57,0,4,17032
expert.w3,57,0,4,16702
act_fn,57,0,4,3999
expert.w2,57,0,4,14377
final_layernorm,57,0,4,8330
lm_head,57,0,4,101851
embedding,58,0,4,5195
input_layernorm,58,0,4,8210
q_proj,58,0,4,15415
k_proj,58,0,4,7825
v_proj,58,0,4,7727
rope,58,0,4,23278
o_proj,58,0,4,14231
post_layernorm,58,0,4,8500
gate,58,0,4,71667
expert.w1,58,0,4,17028
expert.w3,58,0,4,16703
act_fn,58,0,4,3990
expert.w2,58,0,4,14411
final_layernorm,58,0,4,8396
lm_head,58,0,4,101838
embedding,59,0,4,5240
input_layernorm,59,0,4,8237
q_proj,59,0,4,15523
k_proj,59,0,4,7851
v_proj,59,0,4,7685
rope,59,0,4,23340
o_proj,59,0,4,14127
post_layernorm,59,0,4,8496
gate,59,0,4,71820
expert.w1,59,0,4,17053
expert.w3,59,0,4,16743
act_fn,59,0,4,4010
expert.w2,59,0,4,14298
final_layernorm,59,0,4,8367
lm_head,59,0,4,102186
embedding,60,0,4,5323
input_layernorm,60,0,4,8251
q_proj,60,0,4,15591
k_proj,60,0,4,7858
v_proj,60,0,4,7693
rope,60,0,4,23022
o_proj,60,0,4,14146
post_layernorm,60,0,4,8529
gate,60,0,4,71360
expert.w1,60,0,4,17113
expert.w3,60,0,4,16624
act_fn,60,0,4,4032
expert.w2,60,0,4,14463
final_layernorm,60,0,4,8450
lm_head,60,0,4,102755
embedding,61,0,4,5311
input_layernorm,61,0,4,8269
q_proj,61,0,4,15668
k_proj,61,0,4,7846
v_proj,61,0,4,7688
rope,61,0,4,23196
o_proj,61,0,4,14193
post_layernorm,61,0,4,8517
gate,61,0,4,71927
expert.w1,61,0,4,17147
expert.w3,61,0,4,16621
act_fn,61,0,4,3995
expert.w2,61,0,4,14507
final_layernorm,61,0,4,8451
lm_head,61,0,4,102828
embedding,62,0,4,5527
input_layernorm,62,0,4,8269
q_proj,62,0,4,15722
k_proj,62,0,4,7847
v_proj,62,0,4,7708
rope,62,0,4,23621
o_proj,62,0,4,14302
post_layernorm,62,0,4,8539
gate,62,0,4,71717
expert.w1,62,0,4,17217
expert.w3,62,0,4,16669
act_fn,62,0,4,3985
expert.w2,62,0,4,14624
final_layernorm,62,0,4,8462
lm_head,62,0,4,102838
embedding,63,0,4,5542
input_layernorm,63,0,4,8274
q_proj,63,0,4,15534
k_proj,63,0,4,7895
v_proj,63,0,4,7750
rope,63,0,4,23844
o_proj,63,0,4,14194
post_layernorm,63,0,4,8542
gate,63,0,4,72228
expert.w1,63,0,4,17133
expert.w3,63,0,4,16675
act_fn,63,0,4,3986
expert.w2,63,0,4,14455
final_layernorm,63,0,4,8486
lm_head,63,0,4,102876
embedding,64,0,4,5500
input_layernorm,64,0,4,8310
q_proj,64,0,4,15586
k_proj,64,0,4,7894
v_proj,64,0,4,7721
rope,64,0,4,23813
o_proj,64,0,4,14240
post_layernorm,64,0,4,8554
gate,64,0,4,66127
expert.w1,64,0,4,23363
expert.w3,64,0,4,23567
act_fn,64,0,4,4123
expert.w2,64,0,4,14368
final_layernorm,64,0,4,8461
lm_head,64,0,4,102908
embedding,65,0,4,5545
input_layernorm,65,0,4,8335
q_proj,65,0,4,23190
k_proj,65,0,4,7905
v_proj,65,0,4,7773
rope,65,0,4,23785
o_proj,65,0,4,17438
post_layernorm,65,0,4,8612
gate,65,0,4,68014
expert.w1,65,0,4,23400
expert.w3,65,0,4,23705
act_fn,65,0,4,4416
expert.w2,65,0,4,23232
final_layernorm,65,0,4,8463
lm_head,65,0,4,169745
embedding,66,0,4,5452
input_layernorm,66,0,4,8345
q_proj,66,0,4,23161
k_proj,66,0,4,7941
v_proj,66,0,4,7778
rope,66,0,4,23774
o_proj,66,0,4,17439
post_layernorm,66,0,4,8665
gate,66,0,4,68225
expert.w1,66,0,4,23382
expert.w3,66,0,4,23535
act_fn,66,0,4,4311
expert.w2,66,0,4,23206
final_layernorm,66,0,4,8487
lm_head,66,0,4,169762
embedding,67,0,4,5605
input_layernorm,67,0,4,8385
q_proj,67,0,4,23166
k_proj,67,0,4,7962
v_proj,67,0,4,7771
rope,67,0,4,23753
o_proj,67,0,4,17418
post_layernorm,67,0,4,8634
gate,67,0,4,68380
expert.w1,67,0,4,23395
expert.w3,67,0,4,23519
act_fn,67,0,4,4334
expert.w2,67,0,4,42161
final_layernorm,67,0,4,8487
lm_head,67,0,4,169733
embedding,68,0,4,5660
input_layernorm,68,0,4,8380
q_proj,68,0,4,23139
k_proj,68,0,4,7985
v_proj,68,0,4,7783
rope,68,0,4,23754
o_proj,68,0,4,17434
post_layernorm,68,0,4,8645
gate,68,0,4,67894
expert.w1,68,0,4,23354
expert.w3,68,0,4,23683
act_fn,68,0,4,4106
expert.w2,68,0,4,42191
final_layernorm,68,0,4,8504
lm_head,68,0,4,169756
embedding,69,0,4,5772
input_layernorm,69,0,4,8398
q_proj,69,0,4,23206
k_proj,69,0,4,7990
v_proj,69,0,4,7775
rope,69,0,4,23655
o_proj,69,0,4,17407
post_layernorm,69,0,4,8651
gate,69,0,4,68420
expert.w1,69,0,4,23421
expert.w3,69,0,4,23565
act_fn,69,0,4,4172
expert.w2,69,0,4,42191
final_layernorm,69,0,4,8537
lm_head,69,0,4,169839
embedding,70,0,4,5651
input_layernorm,70,0,4,8400
q_proj,70,0,4,23184
k_proj,70,0,4,8005
v_proj,70,0,4,7820
rope,70,0,4,23795
o_proj,70,0,4,17483
post_layernorm,70,0,4,8680
gate,70,0,4,67798
expert.w1,70,0,4,23368
expert.w3,70,0,4,23447
act_fn,70,0,4,4045
expert.w2,70,0,4,42140
final_layernorm,70,0,4,8578
lm_head,70,0,4,169805
embedding,71,0,4,5691
input_layernorm,71,0,4,8429
q_proj,71,0,4,23148
k_proj,71,0,4,8017
v_proj,71,0,4,7810
rope,71,0,4,23780
o_proj,71,0,4,17414
post_layernorm,71,0,4,8706
gate,71,0,4,68480
expert.w1,71,0,4,23452
expert.w3,71,0,4,23707
act_fn,71,0,4,4120
expert.w2,71,0,4,42195
final_layernorm,71,0,4,8560
lm_head,71,0,4,169852
embedding,72,0,4,5876
input_layernorm,72,0,4,8464
q_proj,72,0,4,23145
k_proj,72,0,4,8021
v_proj,72,0,4,7800
rope,72,0,4,23922
o_proj,72,0,4,17473
post_layernorm,72,0,4,8745
gate,72,0,4,67804
expert.w1,72,0,4,23465
expert.w3,72,0,4,23748
act_fn,72,0,4,4267
expert.w2,72,0,4,23238
final_layernorm,72,0,4,8584
lm_head,72,0,4,169865
embedding,73,0,4,5870
input_layernorm,73,0,4,8486
q_proj,73,0,4,23150
k_proj,73,0,4,7986
v_proj,73,0,4,7946
rope,73,0,4,23966
o_proj,73,0,4,17468
post_layernorm,73,0,4,8714
gate,73,0,4,68801
expert.w1,73,0,4,23393
expert.w3,73,0,4,23642
act_fn,73,0,4,4038
expert.w2,73,0,4,23211
final_layernorm,73,0,4,8635
lm_head,73,0,4,169878
embedding,74,0,4,5903
input_layernorm,74,0,4,8490
q_proj,74,0,4,23165
k_proj,74,0,4,8092
v_proj,74,0,4,7880
rope,74,0,4,24005
o_proj,74,0,4,17424
post_layernorm,74,0,4,8751
gate,74,0,4,68430
expert.w1,74,0,4,23358
expert.w3,74,0,4,23491
act_fn,74,0,4,4165
expert.w2,74,0,4,23213
final_layernorm,74,0,4,8622
lm_head,74,0,4,169842
embedding,75,0,4,5879
input_layernorm,75,0,4,8487
q_proj,75,0,4,23144
k_proj,75,0,4,7963
v_proj,75,0,4,7764
rope,75,0,4,24026
o_proj,75,0,4,17457
post_layernorm,75,0,4,8784
gate,75,0,4,68825
expert.w1,75,0,4,23432
expert.w3,75,0,4,23680
act_fn,75,0,4,4200
expert.w2,75,0,4,23207
final_layernorm,75,0,4,8637
lm_head,75,0,4,169898
embedding,76,0,4,5863
input_layernorm,76,0,4,8492
q_proj,76,0,4,23127
k_proj,76,0,4,8030
v_proj,76,0,4,7780
rope,76,0,4,23937
o_proj,76,0,4,17455
post_layernorm,76,0,4,8775
gate,76,0,4,68370
expert.w1,76,0,4,23378
expert.w3,76,0,4,23686
act_fn,76,0,4,4205
expert.w2,76,0,4,23144
final_layernorm,76,0,4,8635
lm_head,76,0,4,169841
embedding,77,0,4,6009
input_layernorm,77,0,4,8525
q_proj,77,0,4,23116
k_proj,77,0,4,8174
v_proj,77,0,4,8154
rope,77,0,4,24017
o_proj,77,0,4,17474
post_layernorm,77,0,4,8822
gate,77,0,4,68703
expert.w1,77,0,4,23312
expert.w3,77,0,4,23644
act_fn,77,0,4,4098
expert.w2,77,0,4,32848
final_layernorm,77,0,4,8523
lm_head,77,0,4,170138
embedding,78,0,4,6052
input_layernorm,78,0,4,8537
q_proj,78,0,4,23117
k_proj,78,0,4,8277
v_proj,78,0,4,8079
rope,78,0,4,24020
o_proj,78,0,4,17465
post_layernorm,78,0,4,8856
gate,78,0,4,68564
expert.w1,78,0,4,23291
expert.w3,78,0,4,23642
act_fn,78,0,4,4046
expert.w2,78,0,4,32905
final_layernorm,78,0,4,8525
lm_head,78,0,4,170182
embedding,79,0,4,6065
input_layernorm,79,0,4,8559
q_proj,79,0,4,23077
k_proj,79,0,4,8266
v_proj,79,0,4,8074
rope,79,0,4,24173
o_proj,79,0,4,17477
post_layernorm,79,0,4,8861
gate,79,0,4,68664
expert.w1,79,0,4,23346
expert.w3,79,0,4,23636
act_fn,79,0,4,4189
expert.w2,79,0,4,32907
final_layernorm,79,0,4,8556
lm_head,79,0,4,170191
embedding,80,0,4,6135
input_layernorm,80,0,4,8636
q_proj,80,0,4,23106
k_proj,80,0,4,8213
v_proj,80,0,4,8012
rope,80,0,4,24123
o_proj,80,0,4,17488
post_layernorm,80,0,4,8889
gate,80,0,4,68300
expert.w1,80,0,4,23374
expert.w3,80,0,4,23690
act_fn,80,0,4,4227
expert.w2,80,0,4,32982
final_layernorm,80,0,4,8531
lm_head,80,0,4,170293
embedding,81,0,4,6252
input_layernorm,81,0,4,8606
q_proj,81,0,4,23140
k_proj,81,0,4,8127
v_proj,81,0,4,7947
rope,81,0,4,24145
o_proj,81,0,4,17478
post_layernorm,81,0,4,8883
gate,81,0,4,69133
expert.w1,81,0,4,23358
expert.w3,81,0,4,23740
act_fn,81,0,4,4392
expert.w2,81,0,4,33488
final_layernorm,81,0,4,8548
lm_head,81,0,4,170238
embedding,82,0,4,6217
input_layernorm,82,0,4,8630
q_proj,82,0,4,23104
k_proj,82,0,4,8063
v_proj,82,0,4,7908
rope,82,0,4,24044
o_proj,82,0,4,17496
post_layernorm,82,0,4,8871
gate,82,0,4,69098
expert.w1,82,0,4,23547
expert.w3,82,0,4,23686
act_fn,82,0,4,4367
expert.w2,82,0,4,23190
final_layernorm,82,0,4,8742
lm_head,82,0,4,169987
embedding,83,0,4,6255
input_layernorm,83,0,4,8660
q_proj,83,0,4,23192
k_proj,83,0,4,8278
v_proj,83,0,4,8209
rope,83,0,4,24370
o_proj,83,0,4,17507
post_layernorm,83,0,4,8922
gate,83,0,4,69212
expert.w1,83,0,4,23574
expert.w3,83,0,4,23716
act_fn,83,0,4,4268
expert.w2,83,0,4,23264
final_layernorm,83,0,4,8752
lm_head,83,0,4,170013
embedding,84,0,4,6309
input_layernorm,84,0,4,8649
q_proj,84,0,4,23155
k_proj,84,0,4,8333
v_proj,84,0,4,8223
rope,84,0,4,24402
o_proj,84,0,4,17490
post_layernorm,84,0,4,8931
gate,84,0,4,68838
expert.w1,84,0,4,23567
expert.w3,84,0,4,23762
act_fn,84,0,4,4169
expert.w2,84,0,4,23166
final_layernorm,84,0,4,8750
lm_head,84,0,4,170017
embedding,85,0,4,6436
input_layernorm,85,0,4,8699
q_proj,85,0,4,23080
k_proj,85,0,4,8392
v_proj,85,0,4,8079
rope,85,0,4,24368
o_proj,85,0,4,17555
post_layernorm,85,0,4,8934
gate,85,0,4,69199
expert.w1,85,0,4,23662
expert.w3,85,0,4,23825
act_fn,85,0,4,4295
expert.w2,85,0,4,23378
final_layernorm,85,0,4,8769
lm_head,85,0,4,170095
embedding,86,0,4,6422
input_layernorm,86,0,4,8662
q_proj,86,0,4,23110
k_proj,86,0,4,8513
v_proj,86,0,4,8173
rope,86,0,4,24373
o_proj,86,0,4,17647
post_layernorm,86,0,4,8939
gate,86,0,4,68983
expert.w1,86,0,4,23594
expert.w3,86,0,4,23835
act_fn,86,0,4,4211
expert.w2,86,0,4,23386
final_layernorm,86,0,4,8775
lm_head,86,0,4,170111
embedding,87,0,4,6380
input_layernorm,87,0,4,8687
q_proj,87,0,4,23108
k_proj,87,0,4,8349
v_proj,87,0,4,8224
rope,87,0,4,24407
o_proj,87,0,4,17645
post_layernorm,87,0,4,8931
gate,87,0,4,69286
expert.w1,87,0,4,23785
expert.w3,87,0,4,24045
act_fn,87,0,4,4255
expert.w2,87,0,4,23281
final_layernorm,87,0,4,8784
lm_head,87,0,4,170162
embedding,88,0,4,6576
input_layernorm,88,0,4,8682
q_proj,88,0,4,23096
k_proj,88,0,4,8381
v_proj,88,0,4,8262
rope,88,0,4,24452
o_proj,88,0,4,17679
post_layernorm,88,0,4,8960
gate,88,0,4,68923
expert.w1,88,0,4,23689
expert.w3,88,0,4,24015
act_fn,88,0,4,4311
expert.w2,88,0,4,23424
final_layernorm,88,0,4,8770
lm_head,88,0,4,170219
embedding,89,0,4,6495
input_layernorm,89,0,4,8678
q_proj,89,0,4,23142
k_proj,89,0,4,8626
v_proj,89,0,4,8319
rope,89,0,4,24478
o_proj,89,0,4,17689
post_layernorm,89,0,4,8937
gate,89,0,4,69505
expert.w1,89,0,4,23782
expert.w3,89,0,4,23936
act_fn,89,0,4,4332
expert.w2,89,0,4,23446
final_layernorm,89,0,4,8790
lm_head,89,0,4,170180
embedding,90,0,4,6632
input_layernorm,90,0,4,8703
q_proj,90,0,4,23147
k_proj,90,0,4,8555
v_proj,90,0,4,8409
rope,90,0,4,24518
o_proj,90,0,4,17683
post_layernorm,90,0,4,8950
gate,90,0,4,69544
expert.w1,90,0,4,23723
expert.w3,90,0,4,23896
act_fn,90,0,4,4269
expert.w2,90,0,4,23422
final_layernorm,90,0,4,8789
lm_head,90,0,4,170227
embedding,91,0,4,6520
input_layernorm,91,0,4,8695
q_proj,91,0,4,23100
k_proj,91,0,4,8599
v_proj,91,0,4,8441
rope,91,0,4,24661
o_proj,91,0,4,17634
post_layernorm,91,0,4,8956
gate,91,0,4,69941
expert.w1,91,0,4,23806
expert.w3,91,0,4,24046
act_fn,91,0,4,4250
expert.w2,91,0,4,23310
final_layernorm,91,0,4,8764
lm_head,91,0,4,170253
embedding,92,0,4,6620
input_layernorm,92,0,4,8698
q_proj,92,0,4,23099
k_proj,92,0,4,8635
v_proj,92,0,4,8443
rope,92,0,4,24626
o_proj,92,0,4,17630
post_layernorm,92,0,4,8972
gate,92,0,4,69479
expert.w1,92,0,4,23795
expert.w3,92,0,4,23847
act_fn,92,0,4,4303
expert.w2,92,0,4,23426
final_layernorm,92,0,4,8803
lm_head,92,0,4,170294
embedding,93,0,4,6722
input_layernorm,93,0,4,8701
q_proj,93,0,4,23073
k_proj,93,0,4,8815
v_proj,93,0,4,8416
rope,93,0,4,24721
o_proj,93,0,4,17571
post_layernorm,93,0,4,8940
gate,93,0,4,69837
expert.w1,93,0,4,23947
expert.w3,93,0,4,24009
act_fn,93,0,4,4333
expert.w2,93,0,4,23370
final_layernorm,93,0,4,8784
lm_head,93,0,4,170334
embedding,94,0,4,6876
input_layernorm,94,0,4,8724
q_proj,94,0,4,23057
k_proj,94,0,4,8625
v_proj,94,0,4,8327
rope,94,0,4,24701
o_proj,94,0,4,17566
post_layernorm,94,0,4,8940
gate,94,0,4,69765
expert.w1,94,0,4,23609
expert.w3,94,0,4,23703
act_fn,94,0,4,4185
expert.w2,94,0,4,23337
final_layernorm,94,0,4,8758
lm_head,94,0,4,170282
embedding,95,0,4,6780
input_layernorm,95,0,4,8691
q_proj,95,0,4,23102
k_proj,95,0,4,8705
v_proj,95,0,4,8446
rope,95,0,4,24719
o_proj,95,0,4,17646
post_layernorm,95,0,4,8959
gate,95,0,4,70058
expert.w1,95,0,4,23792
expert.w3,95,0,4,23896
act_fn,95,0,4,4318
expert.w2,95,0,4,23328
final_layernorm,95,0,4,8766
lm_head,95,0,4,170262
embedding,96,0,4,6813
input_layernorm,96,0,4,8684
q_proj,96,0,4,23112
k_proj,96,0,4,8766
v_proj,96,0,4,8658
rope,96,0,4,24690
o_proj,96,0,4,17624
post_layernorm,96,0,4,8947
gate,96,0,4,69524
expert.w1,96,0,4,23693
expert.w3,96,0,4,23864
act_fn,96,0,4,4336
expert.w2,96,0,4,23466
final_layernorm,96,0,4,8782
lm_head,96,0,4,170308
embedding,97,0,4,6822
input_layernorm,97,0,4,8727
q_proj,97,0,4,23293
k_proj,97,0,4,9767
v_proj,97,0,4,9516
rope,97,0,4,24772
o_proj,97,0,4,32346
post_layernorm,97,0,4,8952
gate,97,0,4,70744
expert.w1,97,0,4,23707
expert.w3,97,0,4,24027
act_fn,97,0,4,4508
expert.w2,97,0,4,23273
final_layernorm,97,0,4,8789
lm_head,97,0,4,170359
embedding,98,0,4,6968
input_layernorm,98,0,4,8722
q_proj,98,0,4,23117
k_proj,98,0,4,9713
v_proj,98,0,4,9425
rope,98,0,4,24759
o_proj,98,0,4,32375
post_layernorm,98,0,4,8947
gate,98,0,4,70349
expert.w1,98,0,4,23746
expert.w3,98,0,4,23754
act_fn,98,0,4,4390
expert.w2,98,0,4,23307
final_layernorm,98,0,4,8795
lm_head,98,0,4,170406
embedding,99,0,4,6990
input_layernorm,99,0,4,8716
q_proj,99,0,4,23135
k_proj,99,0,4,9766
v_proj,99,0,4,9442
rope,99,0,4,24802
o_proj,99,0,4,32372
post_layernorm,99,0,4,8943
gate,99,0,4,70403
expert.w1,99,0,4,23965
expert.w3,99,0,4,23979
act_fn,99,0,4,4406
expert.w2,99,0,4,23390
final_layernorm,99,0,4,8778
lm_head,99,0,4,170384
embedding,100,0,4,7002
input_layernorm,100,0,4,8746
q_proj,100,0,4,23076
k_proj,100,0,4,9808
v_proj,100,0,4,9386
rope,100,0,4,24804
o_proj,100,0,4,32365
post_layernorm,100,0,4,8959
gate,100,0,4,69988
expert.w1,100,0,4,24430
expert.w3,100,0,4,24494
act_fn,100,0,4,4488
expert.w2,100,0,4,23364
final_layernorm,100,0,4,8815
lm_head,100,0,4,170407
embedding,101,0,4,7175
input_layernorm,101,0,4,8787
q_proj,101,0,4,23107
k_proj,101,0,4,9773
v_proj,101,0,4,9365
rope,101,0,4,24837
o_proj,101,0,4,32362
post_layernorm,101,0,4,8968
gate,101,0,4,70707
expert.w1,101,0,4,24433
expert.w3,101,0,4,24162
act_fn,101,0,4,4390
expert.w2,101,0,4,23425
final_layernorm,101,0,4,8789
lm_head,101,0,4,170441
embedding,102,0,4,7313
input_layernorm,102,0,4,8788
q_proj,102,0,4,23066
k_proj,102,0,4,9693
v_proj,102,0,4,9329
rope,102,0,4,24912
o_proj,102,0,4,32334
post_layernorm,102,0,4,8965
gate,102,0,4,70238
expert.w1,102,0,4,24323
expert.w3,102,0,4,24226
act_fn,102,0,4,4386
expert.w2,102,0,4,23313
final_layernorm,102,0,4,8797
lm_head,102,0,4,170448
embedding,103,0,4,7241
input_layernorm,103,0,4,8718
q_proj,103,0,4,23099
k_proj,103,0,4,9772
v_proj,103,0,4,9522
rope,103,0,4,24919
o_proj,103,0,4,32348
post_layernorm,103,0,4,8954
gate,103,0,4,70811
expert.w1,103,0,4,24230
expert.w3,103,0,4,24403
act_fn,103,0,4,4497
expert.w2,103,0,4,23515
final_layernorm,103,0,4,8787
lm_head,103,0,4,170448
embedding,104,0,4,7238
input_layernorm,104,0,4,8762
q_proj,104,0,4,23083
k_proj,104,0,4,9804
v_proj,104,0,4,9676
rope,104,0,4,24891
o_proj,104,0,4,32356
post_layernorm,104,0,4,8970
gate,104,0,4,70305
expert.w1,104,0,4,24117
expert.w3,104,0,4,24298
act_fn,104,0,4,4347
expert.w2,104,0,4,23311
final_layernorm,104,0,4,8786
lm_head,104,0,4,170470
embedding,105,0,4,7204
input_layernorm,105,0,4,8768
q_proj,105,0,4,23462
k_proj,105,0,4,9944
v_proj,105,0,4,9945
rope,105,0,4,24931
o_proj,105,0,4,32360
post_layernorm,105,0,4,8937
gate,105,0,4,71099
expert.w1,105,0,4,24226
expert.w3,105,0,4,24458
act_fn,105,0,4,4280
expert.w2,105,0,4,23453
final_layernorm,105,0,4,8776
lm_head,105,0,4,170523
embedding,106,0,4,7240
input_layernorm,106,0,4,8701
q_proj,106,0,4,23468
k_proj,106,0,4,9889
v_proj,106,0,4,9627
rope,106,0,4,24945
o_proj,106,0,4,32349
post_layernorm,106,0,4,8945
gate,106,0,4,70978
expert.w1,106,0,4,24324
expert.w3,106,0,4,24319
act_fn,106,0,4,4402
expert.w2,106,0,4,23448
final_layernorm,106,0,4,8800
lm_head,106,0,4,170402
embedding,107,0,4,7363
input_layernorm,107,0,4,8708
q_proj,107,0,4,23473
k_proj,107,0,4,9860
v_proj,107,0,4,9632
rope,107,0,4,24949
o_proj,107,0,4,32347
post_layernorm,107,0,4,8940
gate,107,0,4,71053
expert.w1,107,0,4,24321
expert.w3,107,0,4,24469
act_fn,107,0,4,4370
expert.w2,107,0,4,23407
final_layernorm,107,0,4,8777
lm_head,107,0,4,170492
embedding,108,0,4,7412
input_layernorm,108,0,4,8682
q_proj,108,0,4,23478
k_proj,108,0,4,9863
v_proj,108,0,4,9657
rope,108,0,4,24906
o_proj,108,0,4,32345
post_layernorm,108,0,4,8921
gate,108,0,4,70688
expert.w1,108,0,4,24150
expert.w3,108,0,4,24404
act_fn,108,0,4,4257
expert.w2,108,0,4,23362
final_layernorm,108,0,4,8771
lm_head,108,0,4,170509
embedding,109,0,4,7522
input_layernorm,109,0,4,8707
q_proj,109,0,4,23488
k_proj,109,0,4,9920
v_proj,109,0,4,9652
rope,109,0,4,24928
o_proj,109,0,4,32362
post_layernorm,109,0,4,8939
gate,109,0,4,71026
expert.w1,109,0,4,24188
expert.w3,109,0,4,24303
act_fn,109,0,4,4425
expert.w2,109,0,4,23342
final_layernorm,109,0,4,8788
lm_head,109,0,4,170505
embedding,110,0,4,7634
input_layernorm,110,0,4,8694
q_proj,110,0,4,23480
k_proj,110,0,4,9920
v_proj,110,0,4,9638
rope,110,0,4,24964
o_proj,110,0,4,32347
post_layernorm,110,0,4,8934
gate,110,0,4,70928
expert.w1,110,0,4,24185
expert.w3,110,0,4,24255
act_fn,110,0,4,4437
expert.w2,110,0,4,23403
final_layernorm,110,0,4,8812
lm_head,110,0,4,170525
embedding,111,0,4,7474
input_layernorm,111,0,4,8716
q_proj,111,0,4,23493
k_proj,111,0,4,9964
v_proj,111,0,4,9668
rope,111,0,4,25050
o_proj,111,0,4,32344
post_layernorm,111,0,4,8927
gate,111,0,4,71120
expert.w1,111,0,4,24424
expert.w3,111,0,4,24607
act_fn,111,0,4,4430
expert.w2,111,0,4,23393
final_layernorm,111,0,4,8810
lm_head,111,0,4,170585
embedding,112,0,4,7548
input_layernorm,112,0,4,8692
q_proj,112,0,4,23481
k_proj,112,0,4,9962
v_proj,112,0,4,9679
rope,112,0,4,25023
o_proj,112,0,4,32350
post_layernorm,112,0,4,8932
gate,112,0,4,71031
expert.w1,112,0,4,24062
expert.w3,112,0,4,24566
act_fn,112,0,4,4267
expert.w2,112,0,4,23467
final_layernorm,112,0,4,8805
lm_head,112,0,4,170547
embedding,113,0,4,7633
input_layernorm,113,0,4,8718
q_proj,113,0,4,23490
k_proj,113,0,4,10022
v_proj,113,0,4,9726
rope,113,0,4,25028
o_proj,113,0,4,32351
post_layernorm,113,0,4,8943
gate,113,0,4,72553
expert.w1,113,0,4,24162
expert.w3,113,0,4,24653
act_fn,113,0,4,4546
expert.w2,113,0,4,23501
final_layernorm,113,0,4,8794
lm_head,113,0,4,170599
embedding,114,0,4,7671
input_layernorm,114,0,4,8698
q_proj,114,0,4,23494
k_proj,114,0,4,10010
v_proj,114,0,4,9749
rope,114,0,4,25027
o_proj,114,0,4,32351
post_layernorm,114,0,4,8943
gate,114,0,4,71991
expert.w1,114,0,4,24064
expert.w3,114,0,4,24466
act_fn,114,0,4,4545
expert.w2,114,0,4,23472
final_layernorm,114,0,4,8794
lm_head,114,0,4,170608
embedding,115,0,4,7766
input_layernorm,115,0,4,8728
q_proj,115,0,4,23494
k_proj,115,0,4,10072
v_proj,115,0,4,9781
rope,115,0,4,25118
o_proj,115,0,4,32344
post_layernorm,115,0,4,8941
gate,115,0,4,72171
expert.w1,115,0,4,24005
expert.w3,115,0,4,24552
act_fn,115,0,4,4632
expert.w2,115,0,4,23464
final_layernorm,115,0,4,8793
lm_head,115,0,4,170641
embedding,116,0,4,7898
input_layernorm,116,0,4,8769
q_proj,116,0,4,23506
k_proj,116,0,4,10085
v_proj,116,0,4,9800
rope,116,0,4,25145
o_proj,116,0,4,32356
post_layernorm,116,0,4,8940
gate,116,0,4,71854
expert.w1,116,0,4,24067
expert.w3,116,0,4,24266
act_fn,116,0,4,4574
expert.w2,116,0,4,23518
final_layernorm,116,0,4,8820
lm_head,116,0,4,170657
embedding,117,0,4,7978
input_layernorm,117,0,4,8781
q_proj,117,0,4,23506
k_proj,117,0,4,10236
v_proj,117,0,4,9898
rope,117,0,4,25057
o_proj,117,0,4,32335
post_layernorm,117,0,4,8953
gate,117,0,4,72225
expert.w1,117,0,4,24141
expert.w3,117,0,4,24528
act_fn,117,0,4,4574
expert.w2,117,0,4,23474
final_layernorm,117,0,4,8812
lm_head,117,0,4,170759
embedding,118,0,4,8011
input_layernorm,118,0,4,8799
q_proj,118,0,4,23512
k_proj,118,0,4,10292
v_proj,118,0,4,9950
rope,118,0,4,25125
o_proj,118,0,4,32360
post_layernorm,118,0,4,8963
gate,118,0,4,71954
expert.w1,118,0,4,23833
expert.w3,118,0,4,23781
act_fn,118,0,4,4591
expert.w2,118,0,4,23582
final_layernorm,118,0,4,8839
lm_head,118,0,4,170728
embedding,119,0,4,8224
input_layernorm,119,0,4,8798
q_proj,119,0,4,23518
k_proj,119,0,4,10308
v_proj,119,0,4,9965
rope,119,0,4,25167
o_proj,119,0,4,32330
post_layernorm,119,0,4,8985
gate,119,0,4,72457
expert.w1,119,0,4,23765
expert.w3,119,0,4,23840
act_fn,119,0,4,4586
expert.w2,119,0,4,23455
final_layernorm,119,0,4,8838
lm_head,119,0,4,170713
embedding,120,0,4,8046
input_layernorm,120,0,4,8805
q_proj,120,0,4,23510
k_proj,120,0,4,10299
v_proj,120,0,4,9976
rope,120,0,4,25162
o_proj,120,0,4,32339
post_layernorm,120,0,4,9022
gate,120,0,4,72021
expert.w1,120,0,4,23648
expert.w3,120,0,4,23965
act_fn,120,0,4,4565
expert.w2,120,0,4,23428
final_layernorm,120,0,4,8846
lm_head,120,0,4,170755
embedding,121,0,4,8126
input_layernorm,121,0,4,8838
q_proj,121,0,4,23576
k_proj,121,0,4,10394
v_proj,121,0,4,10111
rope,121,0,4,25187
o_proj,121,0,4,32344
post_layernorm,121,0,4,8966
gate,121,0,4,72579
expert.w1,121,0,4,23771
expert.w3,121,0,4,23916
act_fn,121,0,4,4493
expert.w2,121,0,4,23494
final_layernorm,121,0,4,8903
lm_head,121,0,4,170709
embedding,122,0,4,8186
input_layernorm,122,0,4,8846
q_proj,122,0,4,23566
k_proj,122,0,4,10420
v_proj,122,0,4,10194
rope,122,0,4,25209
o_proj,122,0,4,32335
post_layernorm,122,0,4,8953
gate,122,0,4,72217
expert.w1,122,0,4,23652
expert.w3,122,0,4,23844
act_fn,122,0,4,4484
expert.w2,122,0,4,23477
final_layernorm,122,0,4,8917
lm_head,122,0,4,170788
embedding,123,0,4,8276
input_layernorm,123,0,4,8843
q_proj,123,0,4,23598
k_proj,123,0,4,10495
v_proj,123,0,4,10244
rope,123,0,4,25367
o_proj,123,0,4,32333
post_layernorm,123,0,4,8957
gate,123,0,4,72432
expert.w1,123,0,4,23858
expert.w3,123,0,4,23946
act_fn,123,0,4,4472
expert.w2,123,0,4,23515
final_layernorm,123,0,4,8895
lm_head,123,0,4,170822
embedding,124,0,4,8263
input_layernorm,124,0,4,8851
q_proj,124,0,4,23581
k_proj,124,0,4,10467
v_proj,124,0,4,10234
rope,124,0,4,25378
o_proj,124,0,4,32335
post_layernorm,124,0,4,8959
gate,124,0,4,72235
expert.w1,124,0,4,23793
expert.w3,124,0,4,23935
act_fn,124,0,4,4511
expert.w2,124,0,4,23387
final_layernorm,124,0,4,8913
lm_head,124,0,4,170841
embedding,125,0,4,8491
input_layernorm,125,0,4,8830
q_proj,125,0,4,23585
k_proj,125,0,4,10543
v_proj,125,0,4,10256
rope,125,0,4,25351
o_proj,125,0,4,32337
post_layernorm,125,0,4,8961
gate,125,0,4,72733
expert.w1,125,0,4,23597
expert.w3,125,0,4,23879
act_fn,125,0,4,4512
expert.w2,125,0,4,23520
final_layernorm,125,0,4,8919
lm_head,125,0,4,170872
embedding,126,0,4,8321
input_layernorm,126,0,4,8863
q_proj,126,0,4,23581
k_proj,126,0,4,10532
v_proj,126,0,4,10247
rope,126,0,4,25345
o_proj,126,0,4,32332
post_layernorm,126,0,4,9016
gate,126,0,4,72720
expert.w1,126,0,4,23624
expert.w3,126,0,4,23959
act_fn,126,0,4,4555
expert.w2,126,0,4,23424
final_layernorm,126,0,4,8894
lm_head,126,0,4,170990
embedding,127,0,4,8344
input_layernorm,127,0,4,8852
q_proj,127,0,4,23587
k_proj,127,0,4,10549
v_proj,127,0,4,10257
rope,127,0,4,25420
o_proj,127,0,4,32332
post_layernorm,127,0,4,9054
gate,127,0,4,72869
expert.w1,127,0,4,23808
expert.w3,127,0,4,24037
act_fn,127,0,4,4511
expert.w2,127,0,4,23658
final_layernorm,127,0,4,8875
lm_head,127,0,4,171018
embedding,128,0,4,8327
input_layernorm,128,0,4,8836
q_proj,128,0,4,23583
k_proj,128,0,4,10575
v_proj,128,0,4,10269
rope,128,0,4,25386
o_proj,128,0,4,32349
post_layernorm,128,0,4,9040
gate,128,0,4,68227
expert.w1,128,0,4,23750
expert.w3,128,0,4,24048
act_fn,128,0,4,4626
expert.w2,128,0,4,23372
final_layernorm,128,0,4,8905
lm_head,128,0,4,171054
embedding,129,0,4,8147
input_layernorm,129,0,4,8831
q_proj,129,0,4,63519
k_proj,129,0,4,11674
v_proj,129,0,4,11445
rope,129,0,4,25508
o_proj,129,0,4,32383
post_layernorm,129,0,4,8993
gate,129,0,4,70280
expert.w1,129,0,4,41304
expert.w3,129,0,4,41095
act_fn,129,0,4,4651
expert.w2,129,0,4,44084
final_layernorm,129,0,4,8916
lm_head,129,0,4,284949
embedding,130,0,4,8111
input_layernorm,130,0,4,8826
q_proj,130,0,4,63502
k_proj,130,0,4,11701
v_proj,130,0,4,11546
rope,130,0,4,25592
o_proj,130,0,4,32392
post_layernorm,130,0,4,8979
gate,130,0,4,70316
expert.w1,130,0,4,41285
expert.w3,130,0,4,41120
act_fn,130,0,4,4630
expert.w2,130,0,4,44031
final_layernorm,130,0,4,8906
lm_head,130,0,4,284928
embedding,131,0,4,8317
input_layernorm,131,0,4,8820
q_proj,131,0,4,63531
k_proj,131,0,4,11717
v_proj,131,0,4,11497
rope,131,0,4,25599
o_proj,131,0,4,32387
post_layernorm,131,0,4,8983
gate,131,0,4,70652
expert.w1,131,0,4,41317
expert.w3,131,0,4,41106
act_fn,131,0,4,4642
expert.w2,131,0,4,44047
final_layernorm,131,0,4,8915
lm_head,131,0,4,284976
embedding,132,0,4,8198
input_layernorm,132,0,4,8836
q_proj,132,0,4,63538
k_proj,132,0,4,11639
v_proj,132,0,4,11467
rope,132,0,4,25525
o_proj,132,0,4,32397
post_layernorm,132,0,4,8987
gate,132,0,4,70193
expert.w1,132,0,4,41290
expert.w3,132,0,4,41053
act_fn,132,0,4,4520
expert.w2,132,0,4,44103
final_layernorm,132,0,4,8915
lm_head,132,0,4,284977
embedding,133,0,4,8153
input_layernorm,133,0,4,8859
q_proj,133,0,4,63548
k_proj,133,0,4,11896
v_proj,133,0,4,11629
rope,133,0,4,25569
o_proj,133,0,4,32393
post_layernorm,133,0,4,8971
gate,133,0,4,70701
expert.w1,133,0,4,41299
expert.w3,133,0,4,41114
act_fn,133,0,4,4550
expert.w2,133,0,4,44100
final_layernorm,133,0,4,8972
lm_head,133,0,4,285013
embedding,134,0,4,8322
input_layernorm,134,0,4,8906
q_proj,134,0,4,63525
k_proj,134,0,4,11884
v_proj,134,0,4,11620
rope,134,0,4,25572
o_proj,134,0,4,32386
post_layernorm,134,0,4,9001
gate,134,0,4,70640
expert.w1,134,0,4,41296
expert.w3,134,0,4,41156
act_fn,134,0,4,4489
expert.w2,134,0,4,44082
final_layernorm,134,0,4,9003
lm_head,134,0,4,285040
embedding,135,0,4,8342
input_layernorm,135,0,4,8902
q_proj,135,0,4,63528
k_proj,135,0,4,11877
v_proj,135,0,4,11665
rope,135,0,4,25668
o_proj,135,0,4,32405
post_layernorm,135,0,4,8998
gate,135,0,4,70782
expert.w1,135,0,4,41301
expert.w3,135,0,4,41169
act_fn,135,0,4,4498
expert.w2,135,0,4,44091
final_layernorm,135,0,4,9000
lm_head,135,0,4,285067
embedding,136,0,4,8464
input_layernorm,136,0,4,8895
q_proj,136,0,4,63550
k_proj,136,0,4,11741
v_proj,136,0,4,11511
rope,136,0,4,25593
o_proj,136,0,4,32414
post_layernorm,136,0,4,8974
gate,136,0,4,70509
expert.w1,136,0,4,41282
expert.w3,136,0,4,41099
act_fn,136,0,4,4520
expert.w2,136,0,4,44133
final_layernorm,136,0,4,9011
lm_head,136,0,4,285074
embedding,137,0,4,8426
input_layernorm,137,0,4,8894
q_proj,137,0,4,63529
k_proj,137,0,4,11813
v_proj,137,0,4,11515
rope,137,0,4,25745
o_proj,137,0,4,32402
post_layernorm,137,0,4,9006
gate,137,0,4,71313
expert.w1,137,0,4,34520
expert.w3,137,0,4,34903
act_fn,137,0,4,4541
expert.w2,137,0,4,43901
final_layernorm,137,0,4,8949
lm_head,137,0,4,285169
embedding,138,0,4,8430
input_layernorm,138,0,4,8898
q_proj,138,0,4,63532
k_proj,138,0,4,11835
v_proj,138,0,4,11556
rope,138,0,4,25865
o_proj,138,0,4,32386
post_layernorm,138,0,4,9006
gate,138,0,4,71085
expert.w1,138,0,4,34527
expert.w3,138,0,4,34878
act_fn,138,0,4,4489
expert.w2,138,0,4,43886
final_layernorm,138,0,4,8949
lm_head,138,0,4,285216
embedding,139,0,4,8651
input_layernorm,139,0,4,8948
q_proj,139,0,4,63541
k_proj,139,0,4,11865
v_proj,139,0,4,11595
rope,139,0,4,25894
o_proj,139,0,4,32407
post_layernorm,139,0,4,9007
gate,139,0,4,71227
expert.w1,139,0,4,34535
expert.w3,139,0,4,34917
act_fn,139,0,4,4480
expert.w2,139,0,4,43918
final_layernorm,139,0,4,8973
lm_head,139,0,4,285207
embedding,140,0,4,8738
input_layernorm,140,0,4,8905
q_proj,140,0,4,63531
k_proj,140,0,4,11847
v_proj,140,0,4,11614
rope,140,0,4,25878
o_proj,140,0,4,32382
post_layernorm,140,0,4,8988
gate,140,0,4,70994
expert.w1,140,0,4,34508
expert.w3,140,0,4,34902
act_fn,140,0,4,4504
expert.w2,140,0,4,43941
final_layernorm,140,0,4,8983
lm_head,140,0,4,285246
embedding,141,0,4,8766
input_layernorm,141,0,4,8892
q_proj,141,0,4,63556
k_proj,141,0,4,12001
v_proj,141,0,4,11794
rope,141,0,4,25852
o_proj,141,0,4,32409
post_layernorm,141,0,4,8974
gate,141,0,4,71421
expert.w1,141,0,4,34535
expert.w3,141,0,4,34901
act_fn,141,0,4,4602
expert.w2,141,0,4,44968
final_layernorm,141,0,4,8964
lm_head,141,0,4,285272
embedding,142,0,4,9021
input_layernorm,142,0,4,8870
q_proj,142,0,4,63536
k_proj,142,0,4,12056
v_proj,142,0,4,11878
rope,142,0,4,25867
o_proj,142,0,4,32413
post_layernorm,142,0,4,9000
gate,142,0,4,71079
expert.w1,142,0,4,34538
expert.w3,142,0,4,34927
act_fn,142,0,4,4512
expert.w2,142,0,4,45090
final_layernorm,142,0,4,8948
lm_head,142,0,4,285273
embedding,143,0,4,8943
input_layernorm,143,0,4,8870
q_proj,143,0,4,63532
k_proj,143,0,4,12158
v_proj,143,0,4,11902
rope,143,0,4,25929
o_proj,143,0,4,32446
post_layernorm,143,0,4,8959
gate,143,0,4,71500
expert.w1,143,0,4,34556
expert.w3,143,0,4,34924
act_fn,143,0,4,4518
expert.w2,143,0,4,44895
final_layernorm,143,0,4,8943
lm_head,143,0,4,285226
embedding,144,0,4,8947
input_layernorm,144,0,4,8876
q_proj,144,0,4,63531
k_proj,144,0,4,12001
v_proj,144,0,4,11872
rope,144,0,4,26050
o_proj,144,0,4,32401
post_layernorm,144,0,4,8973
gate,144,0,4,70780
expert.w1,144,0,4,34588
expert.w3,144,0,4,34891
act_fn,144,0,4,4544
expert.w2,144,0,4,44989
final_layernorm,144,0,4,8967
lm_head,144,0,4,285206
embedding,145,0,4,8970
input_layernorm,145,0,4,8955
q_proj,145,0,4,63522
k_proj,145,0,4,12317
v_proj,145,0,4,12046
rope,145,0,4,26065
o_proj,145,0,4,32434
post_layernorm,145,0,4,9007
gate,145,0,4,71883
expert.w1,145,0,4,34604
expert.w3,145,0,4,34962
act_fn,145,0,4,4796
expert.w2,145,0,4,45036
final_layernorm,145,0,4,8968
lm_head,145,0,4,285362
embedding,146,0,4,8959
input_layernorm,146,0,4,8950
q_proj,146,0,4,63543
k_proj,146,0,4,12384
v_proj,146,0,4,12059
rope,146,0,4,26137
o_proj,146,0,4,32410
post_layernorm,146,0,4,8964
gate,146,0,4,71545
expert.w1,146,0,4,34631
expert.w3,146,0,4,34936
act_fn,146,0,4,4642
expert.w2,146,0,4,45044
final_layernorm,146,0,4,8966
lm_head,146,0,4,285357
embedding,147,0,4,9148
input_layernorm,147,0,4,8956
q_proj,147,0,4,63535
k_proj,147,0,4,12345
v_proj,147,0,4,12052
rope,147,0,4,26162
o_proj,147,0,4,32416
post_layernorm,147,0,4,9030
gate,147,0,4,72274
expert.w1,147,0,4,34642
expert.w3,147,0,4,34973
act_fn,147,0,4,4773
expert.w2,147,0,4,44963
final_layernorm,147,0,4,8984
lm_head,147,0,4,285398
embedding,148,0,4,9039
input_layernorm,148,0,4,8972
q_proj,148,0,4,63547
k_proj,148,0,4,12309
v_proj,148,0,4,12058
rope,148,0,4,26078
o_proj,148,0,4,32427
post_layernorm,148,0,4,9000
gate,148,0,4,71409
expert.w1,148,0,4,34682
expert.w3,148,0,4,34945
act_fn,148,0,4,4692
expert.w2,148,0,4,45177
final_layernorm,148,0,4,8986
lm_head,148,0,4,285421
embedding,149,0,4,9075
input_layernorm,149,0,4,8955
q_proj,149,0,4,63527
k_proj,149,0,4,12293
v_proj,149,0,4,12103
rope,149,0,4,26016
o_proj,149,0,4,32428
post_layernorm,149,0,4,8992
gate,149,0,4,71918
expert.w1,149,0,4,34610
expert.w3,149,0,4,34893
act_fn,149,0,4,4666
expert.w2,149,0,4,44969
final_layernorm,149,0,4,8970
lm_head,149,0,4,285425
embedding,150,0,4,9041
input_layernorm,150,0,4,8952
q_proj,150,0,4,63553
k_proj,150,0,4,12319
v_proj,150,0,4,12095
rope,150,0,4,26091
o_proj,150,0,4,32436
post_layernorm,150,0,4,8990
gate,150,0,4,72105
expert.w1,150,0,4,34677
expert.w3,150,0,4,35102
act_fn,150,0,4,4559
expert.w2,150,0,4,45107
final_layernorm,150,0,4,8971
lm_head,150,0,4,285432
embedding,151,0,4,9037
input_layernorm,151,0,4,8942
q_proj,151,0,4,63529
k_proj,151,0,4,12285
v_proj,151,0,4,12097
rope,151,0,4,26207
o_proj,151,0,4,32439
post_layernorm,151,0,4,9024
gate,151,0,4,72330
expert.w1,151,0,4,34726
expert.w3,151,0,4,35097
act_fn,151,0,4,4666
expert.w2,151,0,4,44900
final_layernorm,151,0,4,8937
lm_head,151,0,4,285492
embedding,152,0,4,9044
input_layernorm,152,0,4,9003
q_proj,152,0,4,63532
k_proj,152,0,4,12201
v_proj,152,0,4,11933
rope,152,0,4,26141
o_proj,152,0,4,32424
post_layernorm,152,0,4,9042
gate,152,0,4,71727
expert.w1,152,0,4,34672
expert.w3,152,0,4,35108
act_fn,152,0,4,4580
expert.w2,152,0,4,45054
final_layernorm,152,0,4,9029
lm_head,152,0,4,285478
embedding,153,0,4,9224
input_layernorm,153,0,4,8986
q_proj,153,0,4,63570
k_proj,153,0,4,12431
v_proj,153,0,4,12137
rope,153,0,4,26133
o_proj,153,0,4,32423
post_layernorm,153,0,4,9096
gate,153,0,4,72746
expert.w1,153,0,4,34741
expert.w3,153,0,4,35136
act_fn,153,0,4,4695
expert.w2,153,0,4,45027
final_layernorm,153,0,4,8987
lm_head,153,0,4,285594
embedding,154,0,4,9313
input_layernorm,154,0,4,9007
q_proj,154,0,4,63545
k_proj,154,0,4,12435
v_proj,154,0,4,12147
rope,154,0,4,26118
o_proj,154,0,4,32437
post_layernorm,154,0,4,9060
gate,154,0,4,72916
expert.w1,154,0,4,34763
expert.w3,154,0,4,35128
act_fn,154,0,4,4660
expert.w2,154,0,4,44932
final_layernorm,154,0,4,8991
lm_head,154,0,4,285585
embedding,155,0,4,9270
input_layernorm,155,0,4,9036
q_proj,155,0,4,63570
k_proj,155,0,4,12385
v_proj,155,0,4,12196
rope,155,0,4,26168
o_proj,155,0,4,32423
post_layernorm,155,0,4,9018
gate,155,0,4,72761
expert.w1,155,0,4,34702
expert.w3,155,0,4,35141
act_fn,155,0,4,4611
expert.w2,155,0,4,44932
final_layernorm,155,0,4,8935
lm_head,155,0,4,285621
embedding,156,0,4,9236
input_layernorm,156,0,4,9036
q_proj,156,0,4,63543
k_proj,156,0,4,12349
v_proj,156,0,4,12190
rope,156,0,4,26090
o_proj,156,0,4,32444
post_layernorm,156,0,4,9048
gate,156,0,4,72496
expert.w1,156,0,4,34686
expert.w3,156,0,4,35134
act_fn,156,0,4,4622
expert.w2,156,0,4,45024
final_layernorm,156,0,4,9063
lm_head,156,0,4,285576
embedding,157,0,4,9245
input_layernorm,157,0,4,9068
q_proj,157,0,4,63574
k_proj,157,0,4,12458
v_proj,157,0,4,12335
rope,157,0,4,26100
o_proj,157,0,4,32404
post_layernorm,157,0,4,9020
gate,157,0,4,73222
expert.w1,157,0,4,34701
expert.w3,157,0,4,35138
act_fn,157,0,4,4630
expert.w2,157,0,4,45005
final_layernorm,157,0,4,9054
lm_head,157,0,4,285638
embedding,158,0,4,9340
input_layernorm,158,0,4,9066
q_proj,158,0,4,63554
k_proj,158,0,4,12417
v_proj,158,0,4,12335
rope,158,0,4,26223
o_proj,158,0,4,32426
post_layernorm,158,0,4,9062
gate,158,0,4,72903
expert.w1,158,0,4,34660
expert.w3,158,0,4,35147
act_fn,158,0,4,4641
expert.w2,158,0,4,45022
final_layernorm,158,0,4,9099
lm_head,158,0,4,208463
embedding,159,0,4,9761
input_layernorm,159,0,4,9071
q_proj,159,0,4,63571
k_proj,159,0,4,12521
v_proj,159,0,4,12328
rope,159,0,4,26294
o_proj,159,0,4,32440
post_layernorm,159,0,4,9033
gate,159,0,4,73027
expert.w1,159,0,4,34684
expert.w3,159,0,4,35148
act_fn,159,0,4,4707
expert.w2,159,0,4,42289
final_layernorm,159,0,4,9113
lm_head,159,0,4,208453
embedding,160,0,4,9636
input_layernorm,160,0,4,9099
q_proj,160,0,4,63549
k_proj,160,0,4,12416
v_proj,160,0,4,12218
rope,160,0,4,26271
o_proj,160,0,4,32430
post_layernorm,160,0,4,9043
gate,160,0,4,71777
expert.w1,160,0,4,34739
expert.w3,160,0,4,35156
act_fn,160,0,4,4711
expert.w2,160,0,4,42260
final_layernorm,160,0,4,9169
lm_head,160,0,4,208409
embedding,161,0,4,9792
input_layernorm,161,0,4,8830
q_proj,161,0,4,63488
k_proj,161,0,4,11423
v_proj,161,0,4,10869
rope,161,0,4,26136
o_proj,161,0,4,32510
post_layernorm,161,0,4,9065
gate,161,0,4,72717
expert.w1,161,0,4,34765
expert.w3,161,0,4,35170
act_fn,161,0,4,4757
expert.w2,161,0,4,42275
final_layernorm,161,0,4,9129
lm_head,161,0,4,410901
embedding,162,0,4,9963
input_layernorm,162,0,4,8876
q_proj,162,0,4,63518
k_proj,162,0,4,11429
v_proj,162,0,4,10890
rope,162,0,4,26172
o_proj,162,0,4,32478
post_layernorm,162,0,4,9206
gate,162,0,4,72437
expert.w1,162,0,4,34805
expert.w3,162,0,4,35164
act_fn,162,0,4,4774
expert.w2,162,0,4,42297
final_layernorm,162,0,4,9252
lm_head,162,0,4,410901
embedding,163,0,4,10092
input_layernorm,163,0,4,8867
q_proj,163,0,4,63493
k_proj,163,0,4,11415
v_proj,163,0,4,10887
rope,163,0,4,26223
o_proj,163,0,4,32464
post_layernorm,163,0,4,9210
gate,163,0,4,72733
expert.w1,163,0,4,34757
expert.w3,163,0,4,35169
act_fn,163,0,4,4673
expert.w2,163,0,4,42287
final_layernorm,163,0,4,9282
lm_head,163,0,4,410907
embedding,164,0,4,10169
input_layernorm,164,0,4,8918
q_proj,164,0,4,63476
k_proj,164,0,4,11438
v_proj,164,0,4,10906
rope,164,0,4,26087
o_proj,164,0,4,32475
post_layernorm,164,0,4,9209
gate,164,0,4,72605
expert.w1,164,0,4,34751
expert.w3,164,0,4,35152
act_fn,164,0,4,4656
expert.w2,164,0,4,42297
final_layernorm,164,0,4,9238
lm_head,164,0,4,410884
embedding,165,0,4,10168
input_layernorm,165,0,4,8924
q_proj,165,0,4,63490
k_proj,165,0,4,11432
v_proj,165,0,4,10910
rope,165,0,4,26489
o_proj,165,0,4,32474
post_layernorm,165,0,4,9245
gate,165,0,4,73164
expert.w1,165,0,4,34777
expert.w3,165,0,4,35205
act_fn,165,0,4,4697
expert.w2,165,0,4,42281
final_layernorm,165,0,4,9266
lm_head,165,0,4,410895
embedding,166,0,4,10089
input_layernorm,166,0,4,8899
q_proj,166,0,4,63482
k_proj,166,0,4,11499
v_proj,166,0,4,10900
rope,166,0,4,26628
o_proj,166,0,4,32519
post_layernorm,166,0,4,9247
gate,166,0,4,72700
expert.w1,166,0,4,34734
expert.w3,166,0,4,35154
act_fn,166,0,4,4693
expert.w2,166,0,4,42300
final_layernorm,166,0,4,9291
lm_head,166,0,4,410921
embedding,167,0,4,10088
input_layernorm,167,0,4,8925
q_proj,167,0,4,63478
k_proj,167,0,4,11524
v_proj,167,0,4,10963
rope,167,0,4,26663
o_proj,167,0,4,32499
post_layernorm,167,0,4,9307
gate,167,0,4,72626
expert.w1,167,0,4,34740
expert.w3,167,0,4,35172
act_fn,167,0,4,4740
expert.w2,167,0,4,42296
final_layernorm,167,0,4,9320
lm_head,167,0,4,410948
embedding,168,0,4,10105
input_layernorm,168,0,4,8924
q_proj,168,0,4,63489
k_proj,168,0,4,11486
v_proj,168,0,4,10959
rope,168,0,4,26653
o_proj,168,0,4,32471
post_layernorm,168,0,4,9239
gate,168,0,4,72697
expert.w1,168,0,4,62968
expert.w3,168,0,4,62931
act_fn,168,0,4,4624
expert.w2,168,0,4,43269
final_layernorm,168,0,4,9315
lm_head,168,0,4,410932
embedding,169,0,4,10355
input_layernorm,169,0,4,8993
q_proj,169,0,4,63480
k_proj,169,0,4,11486
v_proj,169,0,4,10981
rope,169,0,4,26657
o_proj,169,0,4,32493
post_layernorm,169,0,4,9263
gate,169,0,4,73738
expert.w1,169,0,4,62979
expert.w3,169,0,4,62965
act_fn,169,0,4,4684
expert.w2,169,0,4,43263
final_layernorm,169,0,4,9299
lm_head,169,0,4,410906
embedding,170,0,4,10218
input_layernorm,170,0,4,9004
q_proj,170,0,4,63480
k_proj,170,0,4,11511
v_proj,170,0,4,11021
rope,170,0,4,26745
o_proj,170,0,4,32491
post_layernorm,170,0,4,9277
gate,170,0,4,73181
expert.w1,170,0,4,63006
expert.w3,170,0,4,62953
act_fn,170,0,4,4618
expert.w2,170,0,4,43231
final_layernorm,170,0,4,9294
lm_head,170,0,4,410913
embedding,171,0,4,10225
input_layernorm,171,0,4,9004
q_proj,171,0,4,63500
k_proj,171,0,4,11531
v_proj,171,0,4,11044
rope,171,0,4,26727
o_proj,171,0,4,32491
post_layernorm,171,0,4,9258
gate,171,0,4,73652
expert.w1,171,0,4,63065
expert.w3,171,0,4,62989
act_fn,171,0,4,4630
expert.w2,171,0,4,43290
final_layernorm,171,0,4,9280
lm_head,171,0,4,410923
embedding,172,0,4,10334
input_layernorm,172,0,4,9016
q_proj,172,0,4,63475
k_proj,172,0,4,11517
v_proj,172,0,4,11055
rope,172,0,4,26706
o_proj,172,0,4,32473
post_layernorm,172,0,4,9241
gate,172,0,4,73122
expert.w1,172,0,4,63043
expert.w3,172,0,4,63002
act_fn,172,0,4,4766
expert.w2,172,0,4,43199
final_layernorm,172,0,4,9276
lm_head,172,0,4,410918
embedding,173,0,4,10289
input_layernorm,173,0,4,9012
q_proj,173,0,4,63472
k_proj,173,0,4,11553
v_proj,173,0,4,11078
rope,173,0,4,26751
o_proj,173,0,4,32451
post_layernorm,173,0,4,9256
gate,173,0,4,73654
expert.w1,173,0,4,63022
expert.w3,173,0,4,62930
act_fn,173,0,4,4673
expert.w2,173,0,4,43244
final_layernorm,173,0,4,9314
lm_head,173,0,4,410907
embedding,174,0,4,10229
input_layernorm,174,0,4,9047
q_proj,174,0,4,63468
k_proj,174,0,4,11573
v_proj,174,0,4,11080
rope,174,0,4,26737
o_proj,174,0,4,32485
post_layernorm,174,0,4,9253
gate,174,0,4,73292
expert.w1,174,0,4,63009
expert.w3,174,0,4,62985
act_fn,174,0,4,4673
expert.w2,174,0,4,43296
final_layernorm,174,0,4,9268
lm_head,174,0,4,410907
embedding,175,0,4,10460
input_layernorm,175,0,4,9071
q_proj,175,0,4,63465
k_proj,175,0,4,11549
v_proj,175,0,4,11070
rope,175,0,4,26759
o_proj,175,0,4,32480
post_layernorm,175,0,4,9227
gate,175,0,4,73540
expert.w1,175,0,4,63047
expert.w3,175,0,4,62975
act_fn,175,0,4,4648
expert.w2,175,0,4,43227
final_layernorm,175,0,4,9368
lm_head,175,0,4,410953
embedding,176,0,4,10494
input_layernorm,176,0,4,9065
q_proj,176,0,4,63485
k_proj,176,0,4,11562
v_proj,176,0,4,11081
rope,176,0,4,26850
o_proj,176,0,4,32478
post_layernorm,176,0,4,9213
gate,176,0,4,73262
expert.w1,176,0,4,63071
expert.w3,176,0,4,63033
act_fn,176,0,4,4648
expert.w2,176,0,4,42382
final_layernorm,176,0,4,9392
lm_head,176,0,4,410920
embedding,177,0,4,10459
input_layernorm,177,0,4,9319
q_proj,177,0,4,63532
k_proj,177,0,4,11590
v_proj,177,0,4,11114
rope,177,0,4,26807
o_proj,177,0,4,32500
post_layernorm,177,0,4,9247
gate,177,0,4,74672
expert.w1,177,0,4,63105
expert.w3,177,0,4,63060
act_fn,177,0,4,4888
expert.w2,177,0,4,42259
final_layernorm,177,0,4,9349
lm_head,177,0,4,247546
embedding,178,0,4,10291
input_layernorm,178,0,4,9315
q_proj,178,0,4,63520
k_proj,178,0,4,11494
v_proj,178,0,4,11029
rope,178,0,4,26713
o_proj,178,0,4,32467
post_layernorm,178,0,4,9275
gate,178,0,4,74436
expert.w1,178,0,4,63174
expert.w3,178,0,4,62951
act_fn,178,0,4,4795
expert.w2,178,0,4,42304
final_layernorm,178,0,4,9342
lm_head,178,0,4,247643
embedding,179,0,4,10239
input_layernorm,179,0,4,9298
q_proj,179,0,4,63514
k_proj,179,0,4,11597
v_proj,179,0,4,11091
rope,179,0,4,26808
o_proj,179,0,4,32471
post_layernorm,179,0,4,9243
gate,179,0,4,74861
expert.w1,179,0,4,63207
expert.w3,179,0,4,62999
act_fn,179,0,4,4821
expert.w2,179,0,4,42307
final_layernorm,179,0,4,9292
lm_head,179,0,4,247668
embedding,180,0,4,10492
input_layernorm,180,0,4,9361
q_proj,180,0,4,63510
k_proj,180,0,4,11653
v_proj,180,0,4,11144
rope,180,0,4,26880
o_proj,180,0,4,32490
post_layernorm,180,0,4,9229
gate,180,0,4,74219
expert.w1,180,0,4,63189
expert.w3,180,0,4,63012
act_fn,180,0,4,4819
expert.w2,180,0,4,42353
final_layernorm,180,0,4,9310
lm_head,180,0,4,247686
embedding,181,0,4,10812
input_layernorm,181,0,4,9350
q_proj,181,0,4,63515
k_proj,181,0,4,11632
v_proj,181,0,4,11166
rope,181,0,4,26826
o_proj,181,0,4,32481
post_layernorm,181,0,4,9225
gate,181,0,4,74859
expert.w1,181,0,4,63243
expert.w3,181,0,4,63018
act_fn,181,0,4,4841
expert.w2,181,0,4,42279
final_layernorm,181,0,4,9275
lm_head,181,0,4,247709
embedding,182,0,4,10797
input_layernorm,182,0,4,9389
q_proj,182,0,4,63544
k_proj,182,0,4,11646
v_proj,182,0,4,11119
rope,182,0,4,26896
o_proj,182,0,4,32489
post_layernorm,182,0,4,9235
gate,182,0,4,74502
expert.w1,182,0,4,63244
expert.w3,182,0,4,62990
act_fn,182,0,4,4753
expert.w2,182,0,4,42291
final_layernorm,182,0,4,9283
lm_head,182,0,4,247765
embedding,183,0,4,10796
input_layernorm,183,0,4,9353
q_proj,183,0,4,63535
k_proj,183,0,4,11626
v_proj,183,0,4,11124
rope,183,0,4,26856
o_proj,183,0,4,32484
post_layernorm,183,0,4,9238
gate,183,0,4,74779
expert.w1,183,0,4,63226
expert.w3,183,0,4,63068
act_fn,183,0,4,4720
expert.w2,183,0,4,42275
final_layernorm,183,0,4,9286
lm_head,183,0,4,247760
embedding,184,0,4,10812
input_layernorm,184,0,4,9313
q_proj,184,0,4,63535
k_proj,184,0,4,11630
v_proj,184,0,4,11105
rope,184,0,4,26839
o_proj,184,0,4,32496
post_layernorm,184,0,4,9211
gate,184,0,4,74171
expert.w1,184,0,4,63161
expert.w3,184,0,4,63064
act_fn,184,0,4,4687
expert.w2,184,0,4,42438
final_layernorm,184,0,4,9344
lm_head,184,0,4,247835
embedding,185,0,4,10756
input_layernorm,185,0,4,9368
q_proj,185,0,4,63529
k_proj,185,0,4,11608
v_proj,185,0,4,11129
rope,185,0,4,26998
o_proj,185,0,4,32483
post_layernorm,185,0,4,9235
gate,185,0,4,75642
expert.w1,185,0,4,63347
expert.w3,185,0,4,63121
act_fn,185,0,4,4767
expert.w2,185,0,4,42398
final_layernorm,185,0,4,9364
lm_head,185,0,4,247812
embedding,186,0,4,10835
input_layernorm,186,0,4,9356
q_proj,186,0,4,63511
k_proj,186,0,4,11531
v_proj,186,0,4,11111
rope,186,0,4,26966
o_proj,186,0,4,32491
post_layernorm,186,0,4,9294
gate,186,0,4,75495
expert.w1,186,0,4,63379
expert.w3,186,0,4,63087
act_fn,186,0,4,4715
expert.w2,186,0,4,42372
final_layernorm,186,0,4,9339
lm_head,186,0,4,247824
embedding,187,0,4,10737
input_layernorm,187,0,4,9350
q_proj,187,0,4,63494
k_proj,187,0,4,11616
v_proj,187,0,4,11105
rope,187,0,4,27045
o_proj,187,0,4,32503
post_layernorm,187,0,4,9238
gate,187,0,4,75768
expert.w1,187,0,4,63222
expert.w3,187,0,4,63103
act_fn,187,0,4,4743
expert.w2,187,0,4,42538
final_layernorm,187,0,4,9325
lm_head,187,0,4,247833
embedding,188,0,4,10844
input_layernorm,188,0,4,9337
q_proj,188,0,4,63486
k_proj,188,0,4,11632
v_proj,188,0,4,11125
rope,188,0,4,27040
o_proj,188,0,4,32495
post_layernorm,188,0,4,9283
gate,188,0,4,75110
expert.w1,188,0,4,63329
expert.w3,188,0,4,63141
act_fn,188,0,4,4809
expert.w2,188,0,4,42550
final_layernorm,188,0,4,9332
lm_head,188,0,4,247858
embedding,189,0,4,11019
input_layernorm,189,0,4,9364
q_proj,189,0,4,63500
k_proj,189,0,4,11642
v_proj,189,0,4,11124
rope,189,0,4,27041
o_proj,189,0,4,32495
post_layernorm,189,0,4,9278
gate,189,0,4,75460
expert.w1,189,0,4,63334
expert.w3,189,0,4,63143
act_fn,189,0,4,4800
expert.w2,189,0,4,42536
final_layernorm,189,0,4,9275
lm_head,189,0,4,247955
embedding,190,0,4,10911
input_layernorm,190,0,4,9383
q_proj,190,0,4,63500
k_proj,190,0,4,11645
v_proj,190,0,4,11158
rope,190,0,4,27047
o_proj,190,0,4,32496
post_layernorm,190,0,4,9274
gate,190,0,4,75514
expert.w1,190,0,4,63371
expert.w3,190,0,4,63182
act_fn,190,0,4,4765
expert.w2,190,0,4,42564
final_layernorm,190,0,4,9364
lm_head,190,0,4,247944
embedding,191,0,4,10906
input_layernorm,191,0,4,9371
q_proj,191,0,4,63496
k_proj,191,0,4,11666
v_proj,191,0,4,11156
rope,191,0,4,27133
o_proj,191,0,4,32509
post_layernorm,191,0,4,9261
gate,191,0,4,75978
expert.w1,191,0,4,63364
expert.w3,191,0,4,63161
act_fn,191,0,4,4869
expert.w2,191,0,4,42564
final_layernorm,191,0,4,9310
lm_head,191,0,4,247983
embedding,192,0,4,10927
input_layernorm,192,0,4,9320
q_proj,192,0,4,63498
k_proj,192,0,4,11604
v_proj,192,0,4,11144
rope,192,0,4,27067
o_proj,192,0,4,32507
post_layernorm,192,0,4,9303
gate,192,0,4,70452
expert.w1,192,0,4,63425
expert.w3,192,0,4,63223
act_fn,192,0,4,4772
expert.w2,192,0,4,42588
final_layernorm,192,0,4,9365
lm_head,192,0,4,248003
embedding,193,0,4,11164
input_layernorm,193,0,4,9047
q_proj,193,0,4,63551
k_proj,193,0,4,13704
v_proj,193,0,4,13458
rope,193,0,4,27160
o_proj,193,0,4,63057
post_layernorm,193,0,4,9244
gate,193,0,4,71313
expert.w1,193,0,4,63500
expert.w3,193,0,4,63263
act_fn,193,0,4,4868
expert.w2,193,0,4,42572
final_layernorm,193,0,4,9457
lm_head,193,0,4,490541
embedding,194,0,4,11390
input_layernorm,194,0,4,9026
q_proj,194,0,4,63565
k_proj,194,0,4,13750
v_proj,194,0,4,13477
rope,194,0,4,27101
o_proj,194,0,4,63055
post_layernorm,194,0,4,9287
gate,194,0,4,71446
expert.w1,194,0,4,63443
expert.w3,194,0,4,63384
act_fn,194,0,4,4836
expert.w2,194,0,4,47550
final_layernorm,194,0,4,9478
lm_head,194,0,4,490546
embedding,195,0,4,11115
input_layernorm,195,0,4,9034
q_proj,195,0,4,63565
k_proj,195,0,4,13716
v_proj,195,0,4,13446
rope,195,0,4,27195
o_proj,195,0,4,63049
post_layernorm,195,0,4,9277
gate,195,0,4,71515
expert.w1,195,0,4,63490
expert.w3,195,0,4,63511
act_fn,195,0,4,4935
expert.w2,195,0,4,47647
final_layernorm,195,0,4,9479
lm_head,195,0,4,490545
embedding,196,0,4,11294
input_layernorm,196,0,4,9034
q_proj,196,0,4,63557
k_proj,196,0,4,13663
v_proj,196,0,4,13463
rope,196,0,4,27041
o_proj,196,0,4,63052
post_layernorm,196,0,4,9311
gate,196,0,4,71235
expert.w1,196,0,4,63506
expert.w3,196,0,4,63527
act_fn,196,0,4,4896
expert.w2,196,0,4,47663
final_layernorm,196,0,4,9465
lm_head,196,0,4,490550
embedding,197,0,4,11326
input_layernorm,197,0,4,9114
q_proj,197,0,4,63545
k_proj,197,0,4,13726
v_proj,197,0,4,13505
rope,197,0,4,27182
o_proj,197,0,4,63026
post_layernorm,197,0,4,9290
gate,197,0,4,71558
expert.w1,197,0,4,63606
expert.w3,197,0,4,63556
act_fn,197,0,4,4826
expert.w2,197,0,4,47615
final_layernorm,197,0,4,9443
lm_head,197,0,4,490565
embedding,198,0,4,11466
input_layernorm,198,0,4,9115
q_proj,198,0,4,63571
k_proj,198,0,4,13718
v_proj,198,0,4,13481
rope,198,0,4,27227
o_proj,198,0,4,63026
post_layernorm,198,0,4,9243
gate,198,0,4,71303
expert.w1,198,0,4,63512
expert.w3,198,0,4,63528
act_fn,198,0,4,4927
expert.w2,198,0,4,47646
final_layernorm,198,0,4,9430
lm_head,198,0,4,490516
embedding,199,0,4,11484
input_layernorm,199,0,4,9155
q_proj,199,0,4,63558
k_proj,199,0,4,13721
v_proj,199,0,4,13506
rope,199,0,4,27313
o_proj,199,0,4,63029
post_layernorm,199,0,4,9271
gate,199,0,4,71557
expert.w1,199,0,4,63526
expert.w3,199,0,4,63402
act_fn,199,0,4,4779
expert.w2,199,0,4,47603
final_layernorm,199,0,4,9433
lm_head,199,0,4,490560
embedding,200,0,4,11709
input_layernorm,200,0,4,9139
q_proj,200,0,4,63568
k_proj,200,0,4,13707
v_proj,200,0,4,13487
rope,200,0,4,27218
o_proj,200,0,4,63045
post_layernorm,200,0,4,9282
gate,200,0,4,71582
expert.w1,200,0,4,63550
expert.w3,200,0,4,63547
act_fn,200,0,4,4860
expert.w2,200,0,4,47622
final_layernorm,200,0,4,9406
lm_head,200,0,4,490554
embedding,201,0,4,11747
input_layernorm,201,0,4,9116
q_proj,201,0,4,63561
k_proj,201,0,4,13706
v_proj,201,0,4,13471
rope,201,0,4,27288
o_proj,201,0,4,63035
post_layernorm,201,0,4,9346
gate,201,0,4,72033
expert.w1,201,0,4,63644
expert.w3,201,0,4,63557
act_fn,201,0,4,4809
expert.w2,201,0,4,47680
final_layernorm,201,0,4,9427
lm_head,201,0,4,490558
embedding,202,0,4,11847
input_layernorm,202,0,4,9106
q_proj,202,0,4,63580
k_proj,202,0,4,13698
v_proj,202,0,4,13491
rope,202,0,4,27296
o_proj,202,0,4,63052
post_layernorm,202,0,4,9271
gate,202,0,4,71847
expert.w1,202,0,4,63616
expert.w3,202,0,4,63555
act_fn,202,0,4,4857
expert.w2,202,0,4,47636
final_layernorm,202,0,4,9461
lm_head,202,0,4,490585
embedding,203,0,4,11722
input_layernorm,203,0,4,9101
q_proj,203,0,4,63592
k_proj,203,0,4,13714
v_proj,203,0,4,13481
rope,203,0,4,27257
o_proj,203,0,4,63013
post_layernorm,203,0,4,9315
gate,203,0,4,71859
expert.w1,203,0,4,63509
expert.w3,203,0,4,63543
act_fn,203,0,4,4780
expert.w2,203,0,4,47593
final_layernorm,203,0,4,9425
lm_head,203,0,4,490561
embedding,204,0,4,12088
input_layernorm,204,0,4,9110
q_proj,204,0,4,63584
k_proj,204,0,4,13726
v_proj,204,0,4,13502
rope,204,0,4,27229
o_proj,204,0,4,63011
post_layernorm,204,0,4,9348
gate,204,0,4,71907
expert.w1,204,0,4,63538
expert.w3,204,0,4,63505
act_fn,204,0,4,4977
expert.w2,204,0,4,47603
final_layernorm,204,0,4,9423
lm_head,204,0,4,490542
embedding,205,0,4,11783
input_layernorm,205,0,4,9115
q_proj,205,0,4,63602
k_proj,205,0,4,18923
v_proj,205,0,4,18822
rope,205,0,4,27314
o_proj,205,0,4,63019
post_layernorm,205,0,4,9328
gate,205,0,4,72147
expert.w1,205,0,4,63786
expert.w3,205,0,4,63558
act_fn,205,0,4,4996
expert.w2,205,0,4,47563
final_layernorm,205,0,4,9476
lm_head,205,0,4,490609
embedding,206,0,4,11864
input_layernorm,206,0,4,9139
q_proj,206,0,4,63599
k_proj,206,0,4,18938
v_proj,206,0,4,18809
rope,206,0,4,27448
o_proj,206,0,4,63034
post_layernorm,206,0,4,9349
gate,206,0,4,71939
expert.w1,206,0,4,63740
expert.w3,206,0,4,63594
act_fn,206,0,4,4851
expert.w2,206,0,4,47430
final_layernorm,206,0,4,9514
lm_head,206,0,4,490554
embedding,207,0,4,11872
input_layernorm,207,0,4,9162
q_proj,207,0,4,63580
k_proj,207,0,4,18943
v_proj,207,0,4,18831
rope,207,0,4,27489
o_proj,207,0,4,63048
post_layernorm,207,0,4,9314
gate,207,0,4,72043
expert.w1,207,0,4,63785
expert.w3,207,0,4,63651
act_fn,207,0,4,4883
expert.w2,207,0,4,47548
final_layernorm,207,0,4,9594
lm_head,207,0,4,490578
embedding,208,0,4,12096
input_layernorm,208,0,4,9186
q_proj,208,0,4,63561
k_proj,208,0,4,18939
v_proj,208,0,4,18832
rope,208,0,4,27533
o_proj,208,0,4,63022
post_layernorm,208,0,4,9324
gate,208,0,4,71860
expert.w1,208,0,4,63878
expert.w3,208,0,4,63669
act_fn,208,0,4,4928
expert.w2,208,0,4,47532
final_layernorm,208,0,4,9580
lm_head,208,0,4,490577
embedding,209,0,4,11818
input_layernorm,209,0,4,9160
q_proj,209,0,4,63569
k_proj,209,0,4,18981
v_proj,209,0,4,18834
rope,209,0,4,27577
o_proj,209,0,4,63016
post_layernorm,209,0,4,9371
gate,209,0,4,72796
expert.w1,209,0,4,63805
expert.w3,209,0,4,63663
act_fn,209,0,4,4984
expert.w2,209,0,4,47626
final_layernorm,209,0,4,9527
lm_head,209,0,4,490582
embedding,210,0,4,11888
input_layernorm,210,0,4,9179
q_proj,210,0,4,63556
k_proj,210,0,4,18982
v_proj,210,0,4,18870
rope,210,0,4,27594
o_proj,210,0,4,63032
post_layernorm,210,0,4,9303
gate,210,0,4,72200
expert.w1,210,0,4,63798
expert.w3,210,0,4,63691
act_fn,210,0,4,5022
expert.w2,210,0,4,47381
final_layernorm,210,0,4,9510
lm_head,210,0,4,490568
embedding,211,0,4,12022
input_layernorm,211,0,4,9201
q_proj,211,0,4,63575
k_proj,211,0,4,18978
v_proj,211,0,4,18919
rope,211,0,4,27752
o_proj,211,0,4,63031
post_layernorm,211,0,4,9428
gate,211,0,4,72372
expert.w1,211,0,4,63800
expert.w3,211,0,4,63737
act_fn,211,0,4,5041
expert.w2,211,0,4,47789
final_layernorm,211,0,4,9512
lm_head,211,0,4,490574
embedding,212,0,4,12075
input_layernorm,212,0,4,9276
q_proj,212,0,4,63572
k_proj,212,0,4,19007
v_proj,212,0,4,18900
rope,212,0,4,27649
o_proj,212,0,4,63033
post_layernorm,212,0,4,9414
gate,212,0,4,72254
expert.w1,212,0,4,63879
expert.w3,212,0,4,63665
act_fn,212,0,4,4929
expert.w2,212,0,4,47569
final_layernorm,212,0,4,9526
lm_head,212,0,4,490563
embedding,213,0,4,11895
input_layernorm,213,0,4,9284
q_proj,213,0,4,63566
k_proj,213,0,4,19018
v_proj,213,0,4,18872
rope,213,0,4,27663
o_proj,213,0,4,63033
post_layernorm,213,0,4,9432
gate,213,0,4,72605
expert.w1,213,0,4,63862
expert.w3,213,0,4,63744
act_fn,213,0,4,4982
expert.w2,213,0,4,47657
final_layernorm,213,0,4,9516
lm_head,213,0,4,490573
embedding,214,0,4,12007
input_layernorm,214,0,4,9302
q_proj,214,0,4,63568
k_proj,214,0,4,19113
v_proj,214,0,4,18883
rope,214,0,4,27713
o_proj,214,0,4,63027
post_layernorm,214,0,4,9450
gate,214,0,4,72215
expert.w1,214,0,4,63947
expert.w3,214,0,4,63733
act_fn,214,0,4,4906
expert.w2,214,0,4,47619
final_layernorm,214,0,4,9515
lm_head,214,0,4,490596
embedding,215,0,4,12008
input_layernorm,215,0,4,9226
q_proj,215,0,4,63573
k_proj,215,0,4,19018
v_proj,215,0,4,18889
rope,215,0,4,27765
o_proj,215,0,4,63044
post_layernorm,215,0,4,9453
gate,215,0,4,72768
expert.w1,215,0,4,63983
expert.w3,215,0,4,63769
act_fn,215,0,4,4980
expert.w2,215,0,4,47549
final_layernorm,215,0,4,9590
lm_head,215,0,4,490568
embedding,216,0,4,12321
input_layernorm,216,0,4,9232
q_proj,216,0,4,63566
k_proj,216,0,4,19031
v_proj,216,0,4,18861
rope,216,0,4,27731
o_proj,216,0,4,63034
post_layernorm,216,0,4,9526
gate,216,0,4,72560
expert.w1,216,0,4,63968
expert.w3,216,0,4,63767
act_fn,216,0,4,4932
expert.w2,216,0,4,47572
final_layernorm,216,0,4,9609
lm_head,216,0,4,490597
embedding,217,0,4,12186
input_layernorm,217,0,4,9240
q_proj,217,0,4,63558
k_proj,217,0,4,19004
v_proj,217,0,4,18868
rope,217,0,4,27695
o_proj,217,0,4,63036
post_layernorm,217,0,4,9443
gate,217,0,4,73474
expert.w1,217,0,4,63851
expert.w3,217,0,4,63795
act_fn,217,0,4,4898
expert.w2,217,0,4,47718
final_layernorm,217,0,4,9624
lm_head,217,0,4,490619
embedding,218,0,4,12130
input_layernorm,218,0,4,9252
q_proj,218,0,4,63578
k_proj,218,0,4,19029
v_proj,218,0,4,18911
rope,218,0,4,27766
o_proj,218,0,4,63033
post_layernorm,218,0,4,9484
gate,218,0,4,73099
expert.w1,218,0,4,63847
expert.w3,218,0,4,63891
act_fn,218,0,4,4896
expert.w2,218,0,4,47653
final_layernorm,218,0,4,9584
lm_head,218,0,4,490572
embedding,219,0,4,12207
input_layernorm,219,0,4,9291
q_proj,219,0,4,63559
k_proj,219,0,4,19037
v_proj,219,0,4,19002
rope,219,0,4,27880
o_proj,219,0,4,63029
post_layernorm,219,0,4,9524
gate,219,0,4,73150
expert.w1,219,0,4,63920
expert.w3,219,0,4,63872
act_fn,219,0,4,5004
expert.w2,219,0,4,47600
final_layernorm,219,0,4,9595
lm_head,219,0,4,490567
embedding,220,0,4,12345
input_layernorm,220,0,4,9276
q_proj,220,0,4,63565
k_proj,220,0,4,19023
v_proj,220,0,4,19011
rope,220,0,4,27794
o_proj,220,0,4,63034
post_layernorm,220,0,4,9550
gate,220,0,4,72979
expert.w1,220,0,4,63980
expert.w3,220,0,4,63801
act_fn,220,0,4,4973
expert.w2,220,0,4,47791
final_layernorm,220,0,4,9551
lm_head,220,0,4,490602
embedding,221,0,4,12735
input_layernorm,221,0,4,9289
q_proj,221,0,4,63570
k_proj,221,0,4,19036
v_proj,221,0,4,18989
rope,221,0,4,27877
o_proj,221,0,4,63038
post_layernorm,221,0,4,9467
gate,221,0,4,73391
expert.w1,221,0,4,64020
expert.w3,221,0,4,63850
act_fn,221,0,4,4958
expert.w2,221,0,4,47662
final_layernorm,221,0,4,9503
lm_head,221,0,4,490602
embedding,222,0,4,12610
input_layernorm,222,0,4,9292
q_proj,222,0,4,63587
k_proj,222,0,4,19055
v_proj,222,0,4,18923
rope,222,0,4,27878
o_proj,222,0,4,63042
post_layernorm,222,0,4,9437
gate,222,0,4,73370
expert.w1,222,0,4,64027
expert.w3,222,0,4,63905
act_fn,222,0,4,4932
expert.w2,222,0,4,47599
final_layernorm,222,0,4,9542
lm_head,222,0,4,490596
embedding,223,0,4,12585
input_layernorm,223,0,4,9315
q_proj,223,0,4,63566
k_proj,223,0,4,19177
v_proj,223,0,4,18963
rope,223,0,4,27981
o_proj,223,0,4,63028
post_layernorm,223,0,4,9473
gate,223,0,4,73392
expert.w1,223,0,4,64094
expert.w3,223,0,4,63874
act_fn,223,0,4,4952
expert.w2,223,0,4,47745
final_layernorm,223,0,4,9526
lm_head,223,0,4,490588
embedding,224,0,4,12519
input_layernorm,224,0,4,9360
q_proj,224,0,4,63574
k_proj,224,0,4,19194
v_proj,224,0,4,18922
rope,224,0,4,27957
o_proj,224,0,4,63022
post_layernorm,224,0,4,9508
gate,224,0,4,72976
expert.w1,224,0,4,64098
expert.w3,224,0,4,63878
act_fn,224,0,4,4982
expert.w2,224,0,4,47781
final_layernorm,224,0,4,9584
lm_head,224,0,4,490624
embedding,225,0,4,12851
input_layernorm,225,0,4,9142
q_proj,225,0,4,63569
k_proj,225,0,4,19050
v_proj,225,0,4,19025
rope,225,0,4,27847
o_proj,225,0,4,63033
post_layernorm,225,0,4,9520
gate,225,0,4,73754
expert.w1,225,0,4,64030
expert.w3,225,0,4,64146
act_fn,225,0,4,5259
expert.w2,225,0,4,47776
final_layernorm,225,0,4,9715
lm_head,225,0,4,490618
embedding,226,0,4,12746
input_layernorm,226,0,4,9144
q_proj,226,0,4,63559
k_proj,226,0,4,19038
v_proj,226,0,4,18928
rope,226,0,4,28001
o_proj,226,0,4,63044
post_layernorm,226,0,4,9504
gate,226,0,4,73484
expert.w1,226,0,4,64100
expert.w3,226,0,4,64248
act_fn,226,0,4,5029
expert.w2,226,0,4,47848
final_layernorm,226,0,4,9740
lm_head,226,0,4,490598
embedding,227,0,4,12685
input_layernorm,227,0,4,9120
q_proj,227,0,4,63569
k_proj,227,0,4,19090
v_proj,227,0,4,18936
rope,227,0,4,28133
o_proj,227,0,4,63040
post_layernorm,227,0,4,9507
gate,227,0,4,73898
expert.w1,227,0,4,64066
expert.w3,227,0,4,64221
act_fn,227,0,4,5118
expert.w2,227,0,4,47727
final_layernorm,227,0,4,9749
lm_head,227,0,4,490600
embedding,228,0,4,12640
input_layernorm,228,0,4,9107
q_proj,228,0,4,63531
k_proj,228,0,4,19030
v_proj,228,0,4,18936
rope,228,0,4,28193
o_proj,228,0,4,63032
post_layernorm,228,0,4,9516
gate,228,0,4,73678
expert.w1,228,0,4,64080
expert.w3,228,0,4,64291
act_fn,228,0,4,5101
expert.w2,228,0,4,47700
final_layernorm,228,0,4,9734
lm_head,228,0,4,490610
embedding,229,0,4,12884
input_layernorm,229,0,4,9173
q_proj,229,0,4,63546
k_proj,229,0,4,19048
v_proj,229,0,4,19033
rope,229,0,4,28182
o_proj,229,0,4,63057
post_layernorm,229,0,4,9514
gate,229,0,4,73922
expert.w1,229,0,4,64214
expert.w3,229,0,4,64209
act_fn,229,0,4,5044
expert.w2,229,0,4,47791
final_layernorm,229,0,4,9793
lm_head,229,0,4,490629
embedding,230,0,4,12847
input_layernorm,230,0,4,9174
q_proj,230,0,4,63533
k_proj,230,0,4,19075
v_proj,230,0,4,18945
rope,230,0,4,28238
o_proj,230,0,4,63060
post_layernorm,230,0,4,9556
gate,230,0,4,73667
expert.w1,230,0,4,64179
expert.w3,230,0,4,64137
act_fn,230,0,4,5013
expert.w2,230,0,4,47872
final_layernorm,230,0,4,9834
lm_head,230,0,4,490609
embedding,231,0,4,12758
input_layernorm,231,0,4,9179
q_proj,231,0,4,63542
k_proj,231,0,4,19102
v_proj,231,0,4,18986
rope,231,0,4,28216
o_proj,231,0,4,63041
post_layernorm,231,0,4,9540
gate,231,0,4,73768
expert.w1,231,0,4,64169
expert.w3,231,0,4,64407
act_fn,231,0,4,5015
expert.w2,231,0,4,47646
final_layernorm,231,0,4,9815
lm_head,231,0,4,490624
embedding,232,0,4,12705
input_layernorm,232,0,4,9185
q_proj,232,0,4,63541
k_proj,232,0,4,19055
v_proj,232,0,4,18963
rope,232,0,4,28230
o_proj,232,0,4,63050
post_layernorm,232,0,4,9574
gate,232,0,4,73634
expert.w1,232,0,4,64130
expert.w3,232,0,4,64382
act_fn,232,0,4,5072
expert.w2,232,0,4,47650
final_layernorm,232,0,4,9792
lm_head,232,0,4,490638
embedding,233,0,4,12912
input_layernorm,233,0,4,9134
q_proj,233,0,4,63563
k_proj,233,0,4,19053
v_proj,233,0,4,19003
rope,233,0,4,28221
o_proj,233,0,4,63060
post_layernorm,233,0,4,9526
gate,233,0,4,74353
expert.w1,233,0,4,64161
expert.w3,233,0,4,64417
act_fn,233,0,4,5109
expert.w2,233,0,4,47477
final_layernorm,233,0,4,9793
lm_head,233,0,4,490650
embedding,234,0,4,12847
input_layernorm,234,0,4,9176
q_proj,234,0,4,63551
k_proj,234,0,4,19093
v_proj,234,0,4,18995
rope,234,0,4,28321
o_proj,234,0,4,63077
post_layernorm,234,0,4,9503
gate,234,0,4,74048
expert.w1,234,0,4,64164
expert.w3,234,0,4,64488
act_fn,234,0,4,5025
expert.w2,234,0,4,47555
final_layernorm,234,0,4,9818
lm_head,234,0,4,490644
embedding,235,0,4,12790
input_layernorm,235,0,4,9236
q_proj,235,0,4,63544
k_proj,235,0,4,19190
v_proj,235,0,4,19093
rope,235,0,4,28267
o_proj,235,0,4,63062
post_layernorm,235,0,4,9544
gate,235,0,4,74140
expert.w1,235,0,4,64202
expert.w3,235,0,4,64502
act_fn,235,0,4,5108
expert.w2,235,0,4,47739
final_layernorm,235,0,4,9829
lm_head,235,0,4,490635
embedding,236,0,4,12972
input_layernorm,236,0,4,9240
q_proj,236,0,4,63536
k_proj,236,0,4,19151
v_proj,236,0,4,19004
rope,236,0,4,28394
o_proj,236,0,4,63057
post_layernorm,236,0,4,9556
gate,236,0,4,74197
expert.w1,236,0,4,64168
expert.w3,236,0,4,64387
act_fn,236,0,4,5085
expert.w2,236,0,4,47618
final_layernorm,236,0,4,9853
lm_head,236,0,4,490658
embedding,237,0,4,13159
input_layernorm,237,0,4,9295
q_proj,237,0,4,63540
k_proj,237,0,4,19086
v_proj,237,0,4,19023
rope,237,0,4,28260
o_proj,237,0,4,63073
post_layernorm,237,0,4,9535
gate,237,0,4,74388
expert.w1,237,0,4,64329
expert.w3,237,0,4,64379
act_fn,237,0,4,5100
expert.w2,237,0,4,47867
final_layernorm,237,0,4,9832
lm_head,237,0,4,490664
embedding,238,0,4,13030
input_layernorm,238,0,4,9311
q_proj,238,0,4,63546
k_proj,238,0,4,19080
v_proj,238,0,4,19013
rope,238,0,4,28275
o_proj,238,0,4,63100
post_layernorm,238,0,4,9536
gate,238,0,4,74106
expert.w1,238,0,4,64317
expert.w3,238,0,4,64463
act_fn,238,0,4,5114
expert.w2,238,0,4,47809
final_layernorm,238,0,4,9807
lm_head,238,0,4,490664
embedding,239,0,4,12961
input_layernorm,239,0,4,9315
q_proj,239,0,4,63535
k_proj,239,0,4,19079
v_proj,239,0,4,18976
rope,239,0,4,28296
o_proj,239,0,4,63082
post_layernorm,239,0,4,9610
gate,239,0,4,74506
expert.w1,239,0,4,64332
expert.w3,239,0,4,64522
act_fn,239,0,4,5112
expert.w2,239,0,4,48004
final_layernorm,239,0,4,9823
lm_head,239,0,4,490665
embedding,240,0,4,13035
input_layernorm,240,0,4,9325
q_proj,240,0,4,63555
k_proj,240,0,4,19075
v_proj,240,0,4,18991
rope,240,0,4,28337
o_proj,240,0,4,63085
post_layernorm,240,0,4,9596
gate,240,0,4,74161
expert.w1,240,0,4,64349
expert.w3,240,0,4,64556
act_fn,240,0,4,5051
expert.w2,240,0,4,47919
final_layernorm,240,0,4,9882
lm_head,240,0,4,490669
embedding,241,0,4,13315
input_layernorm,241,0,4,9344
q_proj,241,0,4,63551
k_proj,241,0,4,19110
v_proj,241,0,4,19037
rope,241,0,4,28388
o_proj,241,0,4,63085
post_layernorm,241,0,4,9665
gate,241,0,4,75278
expert.w1,241,0,4,64324
expert.w3,241,0,4,64802
act_fn,241,0,4,5301
expert.w2,241,0,4,47881
final_layernorm,241,0,4,9864
lm_head,241,0,4,490671
embedding,242,0,4,13624
input_layernorm,242,0,4,9357
q_proj,242,0,4,63533
k_proj,242,0,4,19146
v_proj,242,0,4,19059
rope,242,0,4,28322
o_proj,242,0,4,63085
post_layernorm,242,0,4,9750
gate,242,0,4,74977
expert.w1,242,0,4,64388
expert.w3,242,0,4,64794
act_fn,242,0,4,5233
expert.w2,242,0,4,47985
final_layernorm,242,0,4,9925
lm_head,242,0,4,490721
embedding,243,0,4,13456
input_layernorm,243,0,4,9385
q_proj,243,0,4,63545
k_proj,243,0,4,19150
v_proj,243,0,4,19013
rope,243,0,4,28299
o_proj,243,0,4,63097
post_layernorm,243,0,4,9710
gate,243,0,4,75376
expert.w1,243,0,4,64470
expert.w3,243,0,4,64821
act_fn,243,0,4,5217
expert.w2,243,0,4,47928
final_layernorm,243,0,4,9871
lm_head,243,0,4,490721
embedding,244,0,4,13662
input_layernorm,244,0,4,9500
q_proj,244,0,4,63534
k_proj,244,0,4,19181
v_proj,244,0,4,19054
rope,244,0,4,28369
o_proj,244,0,4,63096
post_layernorm,244,0,4,9818
gate,244,0,4,74907
expert.w1,244,0,4,64569
expert.w3,244,0,4,64834
act_fn,244,0,4,5043
expert.w2,244,0,4,47870
final_layernorm,244,0,4,9946
lm_head,244,0,4,490727
embedding,245,0,4,13613
input_layernorm,245,0,4,9564
q_proj,245,0,4,63543
k_proj,245,0,4,19299
v_proj,245,0,4,19048
rope,245,0,4,28310
o_proj,245,0,4,63104
post_layernorm,245,0,4,9752
gate,245,0,4,75407
expert.w1,245,0,4,64505
expert.w3,245,0,4,64792
act_fn,245,0,4,5166
expert.w2,245,0,4,48064
final_layernorm,245,0,4,9940
lm_head,245,0,4,490752
embedding,246,0,4,13528
input_layernorm,246,0,4,9333
q_proj,246,0,4,63545
k_proj,246,0,4,19297
v_proj,246,0,4,19065
rope,246,0,4,28410
o_proj,246,0,4,63094
post_layernorm,246,0,4,9797
gate,246,0,4,75221
expert.w1,246,0,4,64613
expert.w3,246,0,4,64889
act_fn,246,0,4,5076
expert.w2,246,0,4,47903
final_layernorm,246,0,4,10013
lm_head,246,0,4,490762
embedding,247,0,4,13547
input_layernorm,247,0,4,9516
q_proj,247,0,4,63545
k_proj,247,0,4,19243
v_proj,247,0,4,19091
rope,247,0,4,30070
o_proj,247,0,4,63100
post_layernorm,247,0,4,9787
gate,247,0,4,75388
expert.w1,247,0,4,64703
expert.w3,247,0,4,64922
act_fn,247,0,4,5099
expert.w2,247,0,4,48007
final_layernorm,247,0,4,9995
lm_head,247,0,4,490769
embedding,248,0,4,13572
input_layernorm,248,0,4,9561
q_proj,248,0,4,63537
k_proj,248,0,4,19335
v_proj,248,0,4,19091
rope,248,0,4,30083
o_proj,248,0,4,63105
post_layernorm,248,0,4,9831
gate,248,0,4,75010
expert.w1,248,0,4,64713
expert.w3,248,0,4,64831
act_fn,248,0,4,5123
expert.w2,248,0,4,48065
final_layernorm,248,0,4,9961
lm_head,248,0,4,490811
embedding,249,0,4,13636
input_layernorm,249,0,4,9614
q_proj,249,0,4,63557
k_proj,249,0,4,19275
v_proj,249,0,4,19137
rope,249,0,4,30220
o_proj,249,0,4,63089
post_layernorm,249,0,4,9767
gate,249,0,4,75793
expert.w1,249,0,4,64742
expert.w3,249,0,4,64769
act_fn,249,0,4,5099
expert.w2,249,0,4,48139
final_layernorm,249,0,4,9960
lm_head,249,0,4,490813
embedding,250,0,4,13632
input_layernorm,250,0,4,9413
q_proj,250,0,4,63534
k_proj,250,0,4,19280
v_proj,250,0,4,19083
rope,250,0,4,30239
o_proj,250,0,4,63087
post_layernorm,250,0,4,9858
gate,250,0,4,75520
expert.w1,250,0,4,64658
expert.w3,250,0,4,64752
act_fn,250,0,4,5041
expert.w2,250,0,4,48060
final_layernorm,250,0,4,9974
lm_head,250,0,4,490831
embedding,251,0,4,13809
input_layernorm,251,0,4,9397
q_proj,251,0,4,63532
k_proj,251,0,4,19295
v_proj,251,0,4,19081
rope,251,0,4,30311
o_proj,251,0,4,63093
post_layernorm,251,0,4,9838
gate,251,0,4,75802
expert.w1,251,0,4,64755
expert.w3,251,0,4,64768
act_fn,251,0,4,5097
expert.w2,251,0,4,47975
final_layernorm,251,0,4,9983
lm_head,251,0,4,490802
embedding,252,0,4,13541
input_layernorm,252,0,4,9369
q_proj,252,0,4,63533
k_proj,252,0,4,19277
v_proj,252,0,4,19065
rope,252,0,4,30357
o_proj,252,0,4,63097
post_layernorm,252,0,4,9858
gate,252,0,4,75569
expert.w1,252,0,4,64728
expert.w3,252,0,4,64757
act_fn,252,0,4,5108
expert.w2,252,0,4,48007
final_layernorm,252,0,4,9945
lm_head,252,0,4,490858
embedding,253,0,4,13611
input_layernorm,253,0,4,9446
q_proj,253,0,4,63549
k_proj,253,0,4,19268
v_proj,253,0,4,19068
rope,253,0,4,30371
o_proj,253,0,4,63092
post_layernorm,253,0,4,9944
gate,253,0,4,76125
expert.w1,253,0,4,64670
expert.w3,253,0,4,64881
act_fn,253,0,4,5193
expert.w2,253,0,4,48003
final_layernorm,253,0,4,9950
lm_head,253,0,4,490860
embedding,254,0,4,13675
input_layernorm,254,0,4,9437
q_proj,254,0,4,63558
k_proj,254,0,4,19293
v_proj,254,0,4,19102
rope,254,0,4,30429
o_proj,254,0,4,63100
post_layernorm,254,0,4,9999
gate,254,0,4,75736
expert.w1,254,0,4,64716
expert.w3,254,0,4,64997
act_fn,254,0,4,5094
expert.w2,254,0,4,47996
final_layernorm,254,0,4,10021
lm_head,254,0,4,490883
embedding,255,0,4,13916
input_layernorm,255,0,4,9501
q_proj,255,0,4,63541
k_proj,255,0,4,19347
v_proj,255,0,4,19092
rope,255,0,4,30441
o_proj,255,0,4,63102
post_layernorm,255,0,4,9903
gate,255,0,4,76002
expert.w1,255,0,4,64730
expert.w3,255,0,4,64983
act_fn,255,0,4,5119
expert.w2,255,0,4,48042
final_layernorm,255,0,4,9941
lm_head,255,0,4,490984
embedding,256,0,4,13629
input_layernorm,256,0,4,9519
q_proj,256,0,4,63540
k_proj,256,0,4,19338
v_proj,256,0,4,19125
rope,256,0,4,30501
o_proj,256,0,4,63096
post_layernorm,256,0,4,9924
gate,256,0,4,71043
expert.w1,256,0,4,64785
expert.w3,256,0,4,64998
act_fn,256,0,4,5143
expert.w2,256,0,4,47872
final_layernorm,256,0,4,10018
lm_head,256,0,4,491027
embedding,257,0,4,13651
input_layernorm,257,0,4,9529
q_proj,257,0,4,63540
k_proj,257,0,4,15558
v_proj,257,0,4,15419
rope,257,0,4,30471
o_proj,257,0,4,63115
post_layernorm,257,0,4,10068
gate,257,0,4,73327
expert.w1,257,0,4,46769
expert.w3,257,0,4,46964
act_fn,257,0,4,5599
expert.w2,257,0,4,60903
final_layernorm,257,0,4,10016
lm_head,257,0,4,490668
embedding,258,0,4,14033
input_layernorm,258,0,4,9537
q_proj,258,0,4,63541
k_proj,258,0,4,15579
v_proj,258,0,4,15404
rope,258,0,4,30542
o_proj,258,0,4,63108
post_layernorm,258,0,4,10136
gate,258,0,4,73201
expert.w1,258,0,4,46766
expert.w3,258,0,4,46956
act_fn,258,0,4,5444
expert.w2,258,0,4,60961
final_layernorm,258,0,4,9978
lm_head,258,0,4,490677
embedding,259,0,4,13848
input_layernorm,259,0,4,9559
q_proj,259,0,4,63549
k_proj,259,0,4,15543
v_proj,259,0,4,15430
rope,259,0,4,30672
o_proj,259,0,4,63116
post_layernorm,259,0,4,10117
gate,259,0,4,73608
expert.w1,259,0,4,46791
expert.w3,259,0,4,47009
act_fn,259,0,4,5383
expert.w2,259,0,4,60881
final_layernorm,259,0,4,10013
lm_head,259,0,4,490708
embedding,260,0,4,13915
input_layernorm,260,0,4,9545
q_proj,260,0,4,63531
k_proj,260,0,4,15525
v_proj,260,0,4,15428
rope,260,0,4,30596
o_proj,260,0,4,63110
post_layernorm,260,0,4,10113
gate,260,0,4,73109
expert.w1,260,0,4,46774
expert.w3,260,0,4,46936
act_fn,260,0,4,5301
expert.w2,260,0,4,60911
final_layernorm,260,0,4,10051
lm_head,260,0,4,490691
embedding,261,0,4,13992
input_layernorm,261,0,4,9539
q_proj,261,0,4,63527
k_proj,261,0,4,15596
v_proj,261,0,4,15434
rope,261,0,4,30673
o_proj,261,0,4,63115
post_layernorm,261,0,4,10080
gate,261,0,4,73963
expert.w1,261,0,4,46823
expert.w3,261,0,4,46952
act_fn,261,0,4,5372
expert.w2,261,0,4,60984
final_layernorm,261,0,4,10020
lm_head,261,0,4,490718
embedding,262,0,4,14241
input_layernorm,262,0,4,9593
q_proj,262,0,4,63536
k_proj,262,0,4,15606
v_proj,262,0,4,15400
rope,262,0,4,30596
o_proj,262,0,4,63117
post_layernorm,262,0,4,10148
gate,262,0,4,73304
expert.w1,262,0,4,46795
expert.w3,262,0,4,46999
act_fn,262,0,4,5431
expert.w2,262,0,4,61004
final_layernorm,262,0,4,10058
lm_head,262,0,4,490672
embedding,263,0,4,14378
input_layernorm,263,0,4,9575
q_proj,263,0,4,63541
k_proj,263,0,4,15601
v_proj,263,0,4,15437
rope,263,0,4,30646
o_proj,263,0,4,63107
post_layernorm,263,0,4,10107
gate,263,0,4,73661
expert.w1,263,0,4,46775
expert.w3,263,0,4,47000
act_fn,263,0,4,5339
expert.w2,263,0,4,60897
final_layernorm,263,0,4,10058
lm_head,263,0,4,490729
embedding,264,0,4,14245
input_layernorm,264,0,4,9559
q_proj,264,0,4,63542
k_proj,264,0,4,15589
v_proj,264,0,4,15381
rope,264,0,4,30634
o_proj,264,0,4,63116
post_layernorm,264,0,4,10093
gate,264,0,4,73338
expert.w1,264,0,4,46761
expert.w3,264,0,4,47025
act_fn,264,0,4,5331
expert.w2,264,0,4,60939
final_layernorm,264,0,4,10083
lm_head,264,0,4,490700
embedding,265,0,4,14426
input_layernorm,265,0,4,9568
q_proj,265,0,4,63536
k_proj,265,0,4,15622
v_proj,265,0,4,15470
rope,265,0,4,30691
o_proj,265,0,4,46895
post_layernorm,265,0,4,9988
gate,265,0,4,74285
expert.w1,265,0,4,46799
expert.w3,265,0,4,47020
act_fn,265,0,4,5269
expert.w2,265,0,4,60991
final_layernorm,265,0,4,10056
lm_head,265,0,4,490732
embedding,266,0,4,14539
input_layernorm,266,0,4,9562
q_proj,266,0,4,63540
k_proj,266,0,4,15608
v_proj,266,0,4,15437
rope,266,0,4,30792
o_proj,266,0,4,46888
post_layernorm,266,0,4,9956
gate,266,0,4,73763
expert.w1,266,0,4,46826
expert.w3,266,0,4,46995
act_fn,266,0,4,5300
expert.w2,266,0,4,61023
final_layernorm,266,0,4,10116
lm_head,266,0,4,490690
embedding,267,0,4,14690
input_layernorm,267,0,4,9617
q_proj,267,0,4,63550
k_proj,267,0,4,15621
v_proj,267,0,4,15483
rope,267,0,4,30781
o_proj,267,0,4,46879
post_layernorm,267,0,4,10054
gate,267,0,4,73968
expert.w1,267,0,4,46805
expert.w3,267,0,4,47004
act_fn,267,0,4,5345
expert.w2,267,0,4,60931
final_layernorm,267,0,4,10160
lm_head,267,0,4,490692
embedding,268,0,4,14622
input_layernorm,268,0,4,9604
q_proj,268,0,4,63548
k_proj,268,0,4,15618
v_proj,268,0,4,15471
rope,268,0,4,30747
o_proj,268,0,4,46887
post_layernorm,268,0,4,10012
gate,268,0,4,73791
expert.w1,268,0,4,46804
expert.w3,268,0,4,46934
act_fn,268,0,4,5335
expert.w2,268,0,4,60956
final_layernorm,268,0,4,10127
lm_head,268,0,4,490691
embedding,269,0,4,14378
input_layernorm,269,0,4,9630
q_proj,269,0,4,63536
k_proj,269,0,4,15607
v_proj,269,0,4,15479
rope,269,0,4,30788
o_proj,269,0,4,46881
post_layernorm,269,0,4,10040
gate,269,0,4,74107
expert.w1,269,0,4,46804
expert.w3,269,0,4,46944
act_fn,269,0,4,5403
expert.w2,269,0,4,61060
final_layernorm,269,0,4,10078
lm_head,269,0,4,490678
embedding,270,0,4,14630
input_layernorm,270,0,4,9609
q_proj,270,0,4,63539
k_proj,270,0,4,15618
v_proj,270,0,4,15512
rope,270,0,4,30837
o_proj,270,0,4,46895
post_layernorm,270,0,4,9951
gate,270,0,4,73763
expert.w1,270,0,4,46851
expert.w3,270,0,4,46958
act_fn,270,0,4,5395
expert.w2,270,0,4,61002
final_layernorm,270,0,4,10103
lm_head,270,0,4,490676
embedding,271,0,4,14422
input_layernorm,271,0,4,9645
q_proj,271,0,4,63548
k_proj,271,0,4,15629
v_proj,271,0,4,15463
rope,271,0,4,30899
o_proj,271,0,4,46873
post_layernorm,271,0,4,10015
gate,271,0,4,74061
expert.w1,271,0,4,46802
expert.w3,271,0,4,46977
act_fn,271,0,4,5340
expert.w2,271,0,4,60939
final_layernorm,271,0,4,10126
lm_head,271,0,4,490698
embedding,272,0,4,14502
input_layernorm,272,0,4,9642
q_proj,272,0,4,63542
k_proj,272,0,4,15633
v_proj,272,0,4,15467
rope,272,0,4,30860
o_proj,272,0,4,46867
post_layernorm,272,0,4,9963
gate,272,0,4,73831
expert.w1,272,0,4,46825
expert.w3,272,0,4,46974
act_fn,272,0,4,5312
expert.w2,272,0,4,60977
final_layernorm,272,0,4,10136
lm_head,272,0,4,490669
embedding,273,0,4,14412
input_layernorm,273,0,4,9680
q_proj,273,0,4,63544
k_proj,273,0,4,15615
v_proj,273,0,4,15498
rope,273,0,4,30830
o_proj,273,0,4,46866
post_layernorm,273,0,4,10117
gate,273,0,4,75212
expert.w1,273,0,4,46824
expert.w3,273,0,4,46996
act_fn,273,0,4,5482
expert.w2,273,0,4,61197
final_layernorm,273,0,4,10115
lm_head,273,0,4,490724
embedding,274,0,4,14438
input_layernorm,274,0,4,9676
q_proj,274,0,4,63552
k_proj,274,0,4,15624
v_proj,274,0,4,15458
rope,274,0,4,30923
o_proj,274,0,4,46878
post_layernorm,274,0,4,10020
gate,274,0,4,74552
expert.w1,274,0,4,46793
expert.w3,274,0,4,46982
act_fn,274,0,4,5489
expert.w2,274,0,4,61143
final_layernorm,274,0,4,10140
lm_head,274,0,4,490726
embedding,275,0,4,14602
input_layernorm,275,0,4,9677
q_proj,275,0,4,63552
k_proj,275,0,4,15640
v_proj,275,0,4,15464
rope,275,0,4,30952
o_proj,275,0,4,46861
post_layernorm,275,0,4,10126
gate,275,0,4,74855
expert.w1,275,0,4,46811
expert.w3,275,0,4,46986
act_fn,275,0,4,5557
expert.w2,275,0,4,61139
final_layernorm,275,0,4,10135
lm_head,275,0,4,490704
embedding,276,0,4,14606
input_layernorm,276,0,4,9674
q_proj,276,0,4,63543
k_proj,276,0,4,15642
v_proj,276,0,4,15504
rope,276,0,4,30869
o_proj,276,0,4,46896
post_layernorm,276,0,4,9998
gate,276,0,4,74519
expert.w1,276,0,4,46949
expert.w3,276,0,4,47161
act_fn,276,0,4,5571
expert.w2,276,0,4,61138
final_layernorm,276,0,4,10153
lm_head,276,0,4,490747
embedding,277,0,4,14616
input_layernorm,277,0,4,9673
q_proj,277,0,4,63553
k_proj,277,0,4,15648
v_proj,277,0,4,15531
rope,277,0,4,30936
o_proj,277,0,4,46891
post_layernorm,277,0,4,10054
gate,277,0,4,74781
expert.w1,277,0,4,46823
expert.w3,277,0,4,46968
act_fn,277,0,4,5492
expert.w2,277,0,4,61141
final_layernorm,277,0,4,10121
lm_head,277,0,4,490747
embedding,278,0,4,14618
input_layernorm,278,0,4,9683
q_proj,278,0,4,63545
k_proj,278,0,4,15658
v_proj,278,0,4,15552
rope,278,0,4,30965
o_proj,278,0,4,46898
post_layernorm,278,0,4,9974
gate,278,0,4,74740
expert.w1,278,0,4,46840
expert.w3,278,0,4,47000
act_fn,278,0,4,5377
expert.w2,278,0,4,61149
final_layernorm,278,0,4,10139
lm_head,278,0,4,490730
embedding,279,0,4,14792
input_layernorm,279,0,4,9717
q_proj,279,0,4,63544
k_proj,279,0,4,15669
v_proj,279,0,4,15565
rope,279,0,4,31006
o_proj,279,0,4,46893
post_layernorm,279,0,4,10092
gate,279,0,4,74799
expert.w1,279,0,4,46816
expert.w3,279,0,4,47043
act_fn,279,0,4,5380
expert.w2,279,0,4,61134
final_layernorm,279,0,4,10180
lm_head,279,0,4,490779
embedding,280,0,4,14654
input_layernorm,280,0,4,9678
q_proj,280,0,4,63559
k_proj,280,0,4,15654
v_proj,280,0,4,15568
rope,280,0,4,31009
o_proj,280,0,4,46875
post_layernorm,280,0,4,9990
gate,280,0,4,74487
expert.w1,280,0,4,46857
expert.w3,280,0,4,46988
act_fn,280,0,4,5371
expert.w2,280,0,4,61135
final_layernorm,280,0,4,10169
lm_head,280,0,4,490770
embedding,281,0,4,14768
input_layernorm,281,0,4,9689
q_proj,281,0,4,63548
k_proj,281,0,4,15667
v_proj,281,0,4,15532
rope,281,0,4,31032
o_proj,281,0,4,46875
post_layernorm,281,0,4,10185
gate,281,0,4,75581
expert.w1,281,0,4,46791
expert.w3,281,0,4,47017
act_fn,281,0,4,5454
expert.w2,281,0,4,61035
final_layernorm,281,0,4,10176
lm_head,281,0,4,490745
embedding,282,0,4,15200
input_layernorm,282,0,4,9704
q_proj,282,0,4,63544
k_proj,282,0,4,15666
v_proj,282,0,4,15538
rope,282,0,4,31225
o_proj,282,0,4,46920
post_layernorm,282,0,4,10067
gate,282,0,4,75185
expert.w1,282,0,4,46832
expert.w3,282,0,4,47034
act_fn,282,0,4,5471
expert.w2,282,0,4,61049
final_layernorm,282,0,4,10143
lm_head,282,0,4,490723
embedding,283,0,4,14998
input_layernorm,283,0,4,9730
q_proj,283,0,4,63556
k_proj,283,0,4,15640
v_proj,283,0,4,15552
rope,283,0,4,31316
o_proj,283,0,4,46889
post_layernorm,283,0,4,10141
gate,283,0,4,75452
expert.w1,283,0,4,46828
expert.w3,283,0,4,46956
act_fn,283,0,4,5435
expert.w2,283,0,4,61119
final_layernorm,283,0,4,10144
lm_head,283,0,4,490782
embedding,284,0,4,15109
input_layernorm,284,0,4,9808
q_proj,284,0,4,63551
k_proj,284,0,4,15673
v_proj,284,0,4,15559
rope,284,0,4,31070
o_proj,284,0,4,46899
post_layernorm,284,0,4,10026
gate,284,0,4,75240
expert.w1,284,0,4,46820
expert.w3,284,0,4,47012
act_fn,284,0,4,5431
expert.w2,284,0,4,61106
final_layernorm,284,0,4,10188
lm_head,284,0,4,490760
embedding,285,0,4,15270
input_layernorm,285,0,4,9711
q_proj,285,0,4,63567
k_proj,285,0,4,15655
v_proj,285,0,4,15545
rope,285,0,4,31069
o_proj,285,0,4,46896
post_layernorm,285,0,4,10068
gate,285,0,4,75756
expert.w1,285,0,4,46822
expert.w3,285,0,4,47022
act_fn,285,0,4,5461
expert.w2,285,0,4,61058
final_layernorm,285,0,4,10228
lm_head,285,0,4,490757
embedding,286,0,4,15316
input_layernorm,286,0,4,9657
q_proj,286,0,4,63561
k_proj,286,0,4,15656
v_proj,286,0,4,15537
rope,286,0,4,31356
o_proj,286,0,4,46925
post_layernorm,286,0,4,10030
gate,286,0,4,75331
expert.w1,286,0,4,46844
expert.w3,286,0,4,47025
act_fn,286,0,4,5527
expert.w2,286,0,4,61064
final_layernorm,286,0,4,10207
lm_head,286,0,4,490799
embedding,287,0,4,15355
input_layernorm,287,0,4,9779
q_proj,287,0,4,63560
k_proj,287,0,4,15687
v_proj,287,0,4,15542
rope,287,0,4,31336
o_proj,287,0,4,46913
post_layernorm,287,0,4,10084
gate,287,0,4,75703
expert.w1,287,0,4,46829
expert.w3,287,0,4,47026
act_fn,287,0,4,5391
expert.w2,287,0,4,61122
final_layernorm,287,0,4,10185
lm_head,287,0,4,490814
embedding,288,0,4,15521
input_layernorm,288,0,4,9773
q_proj,288,0,4,63566
k_proj,288,0,4,15664
v_proj,288,0,4,15536
rope,288,0,4,31109
o_proj,288,0,4,46918
post_layernorm,288,0,4,10075
gate,288,0,4,75024
expert.w1,288,0,4,46870
expert.w3,288,0,4,47022
act_fn,288,0,4,5388
expert.w2,288,0,4,61099
final_layernorm,288,0,4,10194
lm_head,288,0,4,490791
embedding,289,0,4,15241
input_layernorm,289,0,4,9648
q_proj,289,0,4,63627
k_proj,289,0,4,15700
v_proj,289,0,4,15523
rope,289,0,4,31208
o_proj,289,0,4,46915
post_layernorm,289,0,4,10232
gate,289,0,4,75600
expert.w1,289,0,4,46835
expert.w3,289,0,4,47061
act_fn,289,0,4,5645
expert.w2,289,0,4,61074
final_layernorm,289,0,4,10189
lm_head,289,0,4,490813
embedding,290,0,4,15401
input_layernorm,290,0,4,9738
q_proj,290,0,4,63617
k_proj,290,0,4,15683
v_proj,290,0,4,15532
rope,290,0,4,31241
o_proj,290,0,4,46892
post_layernorm,290,0,4,10175
gate,290,0,4,75553
expert.w1,290,0,4,46866
expert.w3,290,0,4,47052
act_fn,290,0,4,5617
expert.w2,290,0,4,61081
final_layernorm,290,0,4,10159
lm_head,290,0,4,490748
embedding,291,0,4,15452
input_layernorm,291,0,4,9747
q_proj,291,0,4,63626
k_proj,291,0,4,15684
v_proj,291,0,4,15550
rope,291,0,4,31134
o_proj,291,0,4,46902
post_layernorm,291,0,4,10143
gate,291,0,4,75636
expert.w1,291,0,4,46870
expert.w3,291,0,4,47078
act_fn,291,0,4,5716
expert.w2,291,0,4,61113
final_layernorm,291,0,4,10163
lm_head,291,0,4,490816
embedding,292,0,4,15313
input_layernorm,292,0,4,9777
q_proj,292,0,4,63621
k_proj,292,0,4,15667
v_proj,292,0,4,15532
rope,292,0,4,31239
o_proj,292,0,4,44313
post_layernorm,292,0,4,10165
gate,292,0,4,75421
expert.w1,292,0,4,46913
expert.w3,292,0,4,47105
act_fn,292,0,4,5536
expert.w2,292,0,4,61134
final_layernorm,292,0,4,10166
lm_head,292,0,4,490839
embedding,293,0,4,15385
input_layernorm,293,0,4,9801
q_proj,293,0,4,63636
k_proj,293,0,4,15665
v_proj,293,0,4,15521
rope,293,0,4,31461
o_proj,293,0,4,44328
post_layernorm,293,0,4,10077
gate,293,0,4,75700
expert.w1,293,0,4,46879
expert.w3,293,0,4,47034
act_fn,293,0,4,5643
expert.w2,293,0,4,61084
final_layernorm,293,0,4,10182
lm_head,293,0,4,490839
embedding,294,0,4,15555
input_layernorm,294,0,4,9737
q_proj,294,0,4,63620
k_proj,294,0,4,15682
v_proj,294,0,4,15548
rope,294,0,4,31494
o_proj,294,0,4,44332
post_layernorm,294,0,4,10090
gate,294,0,4,75521
expert.w1,294,0,4,46867
expert.w3,294,0,4,47080
act_fn,294,0,4,5641
expert.w2,294,0,4,61084
final_layernorm,294,0,4,10203
lm_head,294,0,4,490809
embedding,295,0,4,15259
input_layernorm,295,0,4,9749
q_proj,295,0,4,63602
k_proj,295,0,4,15692
v_proj,295,0,4,15541
rope,295,0,4,31333
o_proj,295,0,4,44336
post_layernorm,295,0,4,10129
gate,295,0,4,75623
expert.w1,295,0,4,46857
expert.w3,295,0,4,47019
act_fn,295,0,4,5458
expert.w2,295,0,4,61112
final_layernorm,295,0,4,10178
lm_head,295,0,4,490873
embedding,296,0,4,15615
input_layernorm,296,0,4,9790
q_proj,296,0,4,63643
k_proj,296,0,4,15676
v_proj,296,0,4,15544
rope,296,0,4,31374
o_proj,296,0,4,44340
post_layernorm,296,0,4,10154
gate,296,0,4,75471
expert.w1,296,0,4,46881
expert.w3,296,0,4,47052
act_fn,296,0,4,5438
expert.w2,296,0,4,61119
final_layernorm,296,0,4,10248
lm_head,296,0,4,490831
embedding,297,0,4,15433
input_layernorm,297,0,4,9803
q_proj,297,0,4,63613
k_proj,297,0,4,15674
v_proj,297,0,4,15547
rope,297,0,4,31363
o_proj,297,0,4,44348
post_layernorm,297,0,4,10186
gate,297,0,4,76375
expert.w1,297,0,4,46882
expert.w3,297,0,4,47115
act_fn,297,0,4,5467
expert.w2,297,0,4,61085
final_layernorm,297,0,4,10176
lm_head,297,0,4,490846
embedding,298,0,4,15507
input_layernorm,298,0,4,9779
q_proj,298,0,4,63615
k_proj,298,0,4,15686
v_proj,298,0,4,15582
rope,298,0,4,31424
o_proj,298,0,4,44340
post_layernorm,298,0,4,10216
gate,298,0,4,76116
expert.w1,298,0,4,46904
expert.w3,298,0,4,47104
act_fn,298,0,4,5490
expert.w2,298,0,4,61125
final_layernorm,298,0,4,10141
lm_head,298,0,4,490861
embedding,299,0,4,15499
input_layernorm,299,0,4,9819
q_proj,299,0,4,63635
k_proj,299,0,4,15695
v_proj,299,0,4,15547
rope,299,0,4,31629
o_proj,299,0,4,44362
post_layernorm,299,0,4,10293
gate,299,0,4,76228
expert.w1,299,0,4,46878
expert.w3,299,0,4,47055
act_fn,299,0,4,5489
expert.w2,299,0,4,61082
final_layernorm,299,0,4,10066
lm_head,299,0,4,490898
embedding,300,0,4,15706
input_layernorm,300,0,4,9786
q_proj,300,0,4,63626
k_proj,300,0,4,15669
v_proj,300,0,4,15571
rope,300,0,4,31567
o_proj,300,0,4,44367
post_layernorm,300,0,4,10254
gate,300,0,4,76016
expert.w1,300,0,4,46895
expert.w3,300,0,4,47026
act_fn,300,0,4,5487
expert.w2,300,0,4,61131
final_layernorm,300,0,4,10056
lm_head,300,0,4,490936
embedding,301,0,4,15576
input_layernorm,301,0,4,9802
q_proj,301,0,4,63615
k_proj,301,0,4,15697
v_proj,301,0,4,15584
rope,301,0,4,31652
o_proj,301,0,4,44378
post_layernorm,301,0,4,10337
gate,301,0,4,76461
expert.w1,301,0,4,46869
expert.w3,301,0,4,47073
act_fn,301,0,4,5482
expert.w2,301,0,4,61095
final_layernorm,301,0,4,10106
lm_head,301,0,4,490904
embedding,302,0,4,15648
input_layernorm,302,0,4,9812
q_proj,302,0,4,63632
k_proj,302,0,4,15707
v_proj,302,0,4,15578
rope,302,0,4,31708
o_proj,302,0,4,44378
post_layernorm,302,0,4,10366
gate,302,0,4,75975
expert.w1,302,0,4,46884
expert.w3,302,0,4,47028
act_fn,302,0,4,5457
expert.w2,302,0,4,61130
final_layernorm,302,0,4,10096
lm_head,302,0,4,490946
embedding,303,0,4,15847
input_layernorm,303,0,4,9857
q_proj,303,0,4,63651
k_proj,303,0,4,15706
v_proj,303,0,4,15625
rope,303,0,4,31830
o_proj,303,0,4,44389
post_layernorm,303,0,4,10240
gate,303,0,4,76413
expert.w1,303,0,4,46894
expert.w3,303,0,4,47040
act_fn,303,0,4,5470
expert.w2,303,0,4,61124
final_layernorm,303,0,4,10085
lm_head,303,0,4,490984
embedding,304,0,4,15911
input_layernorm,304,0,4,9787
q_proj,304,0,4,63636
k_proj,304,0,4,15718
v_proj,304,0,4,15560
rope,304,0,4,31859
o_proj,304,0,4,44368
post_layernorm,304,0,4,10299
gate,304,0,4,76142
expert.w1,304,0,4,46890
expert.w3,304,0,4,47045
act_fn,304,0,4,5488
expert.w2,304,0,4,61135
final_layernorm,304,0,4,10100
lm_head,304,0,4,490995
embedding,305,0,4,15871
input_layernorm,305,0,4,9742
q_proj,305,0,4,63606
k_proj,305,0,4,15681
v_proj,305,0,4,15575
rope,305,0,4,31801
o_proj,305,0,4,44382
post_layernorm,305,0,4,10276
gate,305,0,4,77619
expert.w1,305,0,4,63277
expert.w3,305,0,4,62744
act_fn,305,0,4,5644
expert.w2,305,0,4,61326
final_layernorm,305,0,4,10041
lm_head,305,0,4,491047
embedding,306,0,4,16273
input_layernorm,306,0,4,9826
q_proj,306,0,4,63599
k_proj,306,0,4,15702
v_proj,306,0,4,15589
rope,306,0,4,31906
o_proj,306,0,4,44384
post_layernorm,306,0,4,10298
gate,306,0,4,77238
expert.w1,306,0,4,63294
expert.w3,306,0,4,62801
act_fn,306,0,4,5566
expert.w2,306,0,4,61363
final_layernorm,306,0,4,10006
lm_head,306,0,4,491056
embedding,307,0,4,15983
input_layernorm,307,0,4,9780
q_proj,307,0,4,63641
k_proj,307,0,4,15700
v_proj,307,0,4,15584
rope,307,0,4,31961
o_proj,307,0,4,44393
post_layernorm,307,0,4,10312
gate,307,0,4,77557
expert.w1,307,0,4,63285
expert.w3,307,0,4,62821
act_fn,307,0,4,5477
expert.w2,307,0,4,61345
final_layernorm,307,0,4,10028
lm_head,307,0,4,491056
embedding,308,0,4,16100
input_layernorm,308,0,4,9830
q_proj,308,0,4,63642
k_proj,308,0,4,15718
v_proj,308,0,4,15571
rope,308,0,4,31940
o_proj,308,0,4,44397
post_layernorm,308,0,4,10381
gate,308,0,4,77240
expert.w1,308,0,4,63320
expert.w3,308,0,4,62818
act_fn,308,0,4,5386
expert.w2,308,0,4,61369
final_layernorm,308,0,4,10000
lm_head,308,0,4,491023
embedding,309,0,4,16179
input_layernorm,309,0,4,9807
q_proj,309,0,4,63629
k_proj,309,0,4,15703
v_proj,309,0,4,15578
rope,309,0,4,31902
o_proj,309,0,4,44408
post_layernorm,309,0,4,10373
gate,309,0,4,77676
expert.w1,309,0,4,63352
expert.w3,309,0,4,62840
act_fn,309,0,4,5417
expert.w2,309,0,4,61329
final_layernorm,309,0,4,10115
lm_head,309,0,4,491056
embedding,310,0,4,16211
input_layernorm,310,0,4,9773
q_proj,310,0,4,63637
k_proj,310,0,4,15698
v_proj,310,0,4,15578
rope,310,0,4,31977
o_proj,310,0,4,44413
post_layernorm,310,0,4,10423
gate,310,0,4,77390
expert.w1,310,0,4,63347
expert.w3,310,0,4,62820
act_fn,310,0,4,5381
expert.w2,310,0,4,61377
final_layernorm,310,0,4,10157
lm_head,310,0,4,491129
embedding,311,0,4,16037
input_layernorm,311,0,4,9780
q_proj,311,0,4,63623
k_proj,311,0,4,15709
v_proj,311,0,4,15600
rope,311,0,4,32011
o_proj,311,0,4,44421
post_layernorm,311,0,4,10443
gate,311,0,4,77784
expert.w1,311,0,4,63313
expert.w3,311,0,4,62840
act_fn,311,0,4,5412
expert.w2,311,0,4,61363
final_layernorm,311,0,4,10126
lm_head,311,0,4,491089
embedding,312,0,4,16140
input_layernorm,312,0,4,9753
q_proj,312,0,4,63617
k_proj,312,0,4,15728
v_proj,312,0,4,15601
rope,312,0,4,31961
o_proj,312,0,4,44418
post_layernorm,312,0,4,10453
gate,312,0,4,77262
expert.w1,312,0,4,63385
expert.w3,312,0,4,62857
act_fn,312,0,4,5362
expert.w2,312,0,4,61333
final_layernorm,312,0,4,10131
lm_head,312,0,4,491134
embedding,313,0,4,16330
input_layernorm,313,0,4,9812
q_proj,313,0,4,63607
k_proj,313,0,4,15730
v_proj,313,0,4,15612
rope,313,0,4,32041
o_proj,313,0,4,44434
post_layernorm,313,0,4,10455
gate,313,0,4,78428
expert.w1,313,0,4,63392
expert.w3,313,0,4,62862
act_fn,313,0,4,5443
expert.w2,313,0,4,61359
final_layernorm,313,0,4,10185
lm_head,313,0,4,491134
embedding,314,0,4,16109
input_layernorm,314,0,4,9766
q_proj,314,0,4,63636
k_proj,314,0,4,15728
v_proj,314,0,4,15600
rope,314,0,4,32078
o_proj,314,0,4,44430
post_layernorm,314,0,4,10404
gate,314,0,4,77945
expert.w1,314,0,4,63434
expert.w3,314,0,4,62870
act_fn,314,0,4,5431
expert.w2,314,0,4,61369
final_layernorm,314,0,4,10203
lm_head,314,0,4,491226
embedding,315,0,4,16198
input_layernorm,315,0,4,9822
q_proj,315,0,4,63612
k_proj,315,0,4,15719
v_proj,315,0,4,15580
rope,315,0,4,32004
o_proj,315,0,4,44448
post_layernorm,315,0,4,10360
gate,315,0,4,78305
expert.w1,315,0,4,63421
expert.w3,315,0,4,62859
act_fn,315,0,4,5484
expert.w2,315,0,4,61346
final_layernorm,315,0,4,10168
lm_head,315,0,4,491198
embedding,316,0,4,16365
input_layernorm,316,0,4,9797
q_proj,316,0,4,63632
k_proj,316,0,4,15712
v_proj,316,0,4,15591
rope,316,0,4,32055
o_proj,316,0,4,44457
post_layernorm,316,0,4,10380
gate,316,0,4,77899
expert.w1,316,0,4,63442
expert.w3,316,0,4,62848
act_fn,316,0,4,5484
expert.w2,316,0,4,61371
final_layernorm,316,0,4,10139
lm_head,316,0,4,491236
embedding,317,0,4,16225
input_layernorm,317,0,4,9817
q_proj,317,0,4,63634
k_proj,317,0,4,15719
v_proj,317,0,4,15601
rope,317,0,4,32060
o_proj,317,0,4,44470
post_layernorm,317,0,4,10425
gate,317,0,4,78531
expert.w1,317,0,4,63481
expert.w3,317,0,4,62885
act_fn,317,0,4,5438
expert.w2,317,0,4,61355
final_layernorm,317,0,4,10178
lm_head,317,0,4,491232
embedding,318,0,4,16258
input_layernorm,318,0,4,9809
q_proj,318,0,4,63617
k_proj,318,0,4,15732
v_proj,318,0,4,15604
rope,318,0,4,31985
o_proj,318,0,4,44455
post_layernorm,318,0,4,10390
gate,318,0,4,78131
expert.w1,318,0,4,63474
expert.w3,318,0,4,62867
act_fn,318,0,4,5455
expert.w2,318,0,4,61387
final_layernorm,318,0,4,10072
lm_head,318,0,4,491258
embedding,319,0,4,16473
input_layernorm,319,0,4,9855
q_proj,319,0,4,63631
k_proj,319,0,4,15720
v_proj,319,0,4,15603
rope,319,0,4,32004
o_proj,319,0,4,44456
post_layernorm,319,0,4,10440
gate,319,0,4,78388
expert.w1,319,0,4,63502
expert.w3,319,0,4,62880
act_fn,319,0,4,5382
expert.w2,319,0,4,61344
final_layernorm,319,0,4,10072
lm_head,319,0,4,491244
embedding,320,0,4,16275
input_layernorm,320,0,4,9776
q_proj,320,0,4,63614
k_proj,320,0,4,15719
v_proj,320,0,4,15603
rope,320,0,4,31996
o_proj,320,0,4,44468
post_layernorm,320,0,4,10477
gate,320,0,4,73028
expert.w1,320,0,4,63524
expert.w3,320,0,4,62884
act_fn,320,0,4,5521
expert.w2,320,0,4,61370
final_layernorm,320,0,4,10031
lm_head,320,0,4,491298
embedding,321,0,4,16397
input_layernorm,321,0,4,9828
q_proj,321,0,4,63619
k_proj,321,0,4,21716
v_proj,321,0,4,21589
rope,321,0,4,32127
o_proj,321,0,4,61508
post_layernorm,321,0,4,10549
gate,321,0,4,73931
expert.w1,321,0,4,63506
expert.w3,321,0,4,62907
act_fn,321,0,4,5644
expert.w2,321,0,4,61404
final_layernorm,321,0,4,10233
lm_head,321,0,4,491268
embedding,322,0,4,16447
input_layernorm,322,0,4,9872
q_proj,322,0,4,63617
k_proj,322,0,4,21589
v_proj,322,0,4,21600
rope,322,0,4,32140
o_proj,322,0,4,61523
post_layernorm,322,0,4,10534
gate,322,0,4,73813
expert.w1,322,0,4,63547
expert.w3,322,0,4,62874
act_fn,322,0,4,5591
expert.w2,322,0,4,61366
final_layernorm,322,0,4,10283
lm_head,322,0,4,491282
embedding,323,0,4,16632
input_layernorm,323,0,4,9787
q_proj,323,0,4,63621
k_proj,323,0,4,21593
v_proj,323,0,4,21604
rope,323,0,4,32208
o_proj,323,0,4,61521
post_layernorm,323,0,4,10556
gate,323,0,4,74294
expert.w1,323,0,4,63507
expert.w3,323,0,4,62907
act_fn,323,0,4,5545
expert.w2,323,0,4,61401
final_layernorm,323,0,4,10269
lm_head,323,0,4,491302
embedding,324,0,4,17060
input_layernorm,324,0,4,9796
q_proj,324,0,4,63607
k_proj,324,0,4,21609
v_proj,324,0,4,21543
rope,324,0,4,32161
o_proj,324,0,4,61521
post_layernorm,324,0,4,10573
gate,324,0,4,73770
expert.w1,324,0,4,63525
expert.w3,324,0,4,62889
act_fn,324,0,4,5493
expert.w2,324,0,4,61356
final_layernorm,324,0,4,10304
lm_head,324,0,4,491303
embedding,325,0,4,16740
input_layernorm,325,0,4,9953
q_proj,325,0,4,63624
k_proj,325,0,4,21548
v_proj,325,0,4,21624
rope,325,0,4,32370
o_proj,325,0,4,61529
post_layernorm,325,0,4,10566
gate,325,0,4,74303
expert.w1,325,0,4,63500
expert.w3,325,0,4,62933
act_fn,325,0,4,5509
expert.w2,325,0,4,61431
final_layernorm,325,0,4,10343
lm_head,325,0,4,491336
embedding,326,0,4,16766
input_layernorm,326,0,4,9957
q_proj,326,0,4,63607
k_proj,326,0,4,21624
v_proj,326,0,4,21778
rope,326,0,4,32592
o_proj,326,0,4,61522
post_layernorm,326,0,4,10683
gate,326,0,4,73720
expert.w1,326,0,4,63547
expert.w3,326,0,4,62929
act_fn,326,0,4,5537
expert.w2,326,0,4,61365
final_layernorm,326,0,4,10334
lm_head,326,0,4,491379
embedding,327,0,4,16900
input_layernorm,327,0,4,9992
q_proj,327,0,4,63621
k_proj,327,0,4,21619
v_proj,327,0,4,21759
rope,327,0,4,32485
o_proj,327,0,4,61533
post_layernorm,327,0,4,10653
gate,327,0,4,73952
expert.w1,327,0,4,63478
expert.w3,327,0,4,62899
act_fn,327,0,4,5507
expert.w2,327,0,4,61398
final_layernorm,327,0,4,10373
lm_head,327,0,4,491379
embedding,328,0,4,16877
input_layernorm,328,0,4,9971
q_proj,328,0,4,63624
k_proj,328,0,4,21655
v_proj,328,0,4,21787
rope,328,0,4,32694
o_proj,328,0,4,61538
post_layernorm,328,0,4,10668
gate,328,0,4,73826
expert.w1,328,0,4,63490
expert.w3,328,0,4,62922
act_fn,328,0,4,5565
expert.w2,328,0,4,61367
final_layernorm,328,0,4,10347
lm_head,328,0,4,491420
embedding,329,0,4,16988
input_layernorm,329,0,4,9919
q_proj,329,0,4,63618
k_proj,329,0,4,21598
v_proj,329,0,4,21676
rope,329,0,4,33157
o_proj,329,0,4,61524
post_layernorm,329,0,4,10660
gate,329,0,4,74555
expert.w1,329,0,4,63470
expert.w3,329,0,4,62936
act_fn,329,0,4,5506
expert.w2,329,0,4,61411
final_layernorm,329,0,4,10393
lm_head,329,0,4,491368
embedding,330,0,4,16814
input_layernorm,330,0,4,9981
q_proj,330,0,4,63611
k_proj,330,0,4,21630
v_proj,330,0,4,21685
rope,330,0,4,33250
o_proj,330,0,4,61537
post_layernorm,330,0,4,10703
gate,330,0,4,74303
expert.w1,330,0,4,63488
expert.w3,330,0,4,62940
act_fn,330,0,4,5644
expert.w2,330,0,4,61366
final_layernorm,330,0,4,10343
lm_head,330,0,4,491420
embedding,331,0,4,17011
input_layernorm,331,0,4,9984
q_proj,331,0,4,63607
k_proj,331,0,4,21699
v_proj,331,0,4,21726
rope,331,0,4,33296
o_proj,331,0,4,61516
post_layernorm,331,0,4,10692
gate,331,0,4,74546
expert.w1,331,0,4,63478
expert.w3,331,0,4,62954
act_fn,331,0,4,5550
expert.w2,331,0,4,61412
final_layernorm,331,0,4,10379
lm_head,331,0,4,491481
embedding,332,0,4,16909
input_layernorm,332,0,4,10028
q_proj,332,0,4,63616
k_proj,332,0,4,21649
v_proj,332,0,4,21759
rope,332,0,4,33402
o_proj,332,0,4,61523
post_layernorm,332,0,4,10702
gate,332,0,4,74491
expert.w1,332,0,4,63482
expert.w3,332,0,4,62945
act_fn,332,0,4,5571
expert.w2,332,0,4,61369
final_layernorm,332,0,4,10363
lm_head,332,0,4,491533
embedding,333,0,4,17009
input_layernorm,333,0,4,10080
q_proj,333,0,4,63615
k_proj,333,0,4,21613
v_proj,333,0,4,21735
rope,333,0,4,33429
o_proj,333,0,4,61531
post_layernorm,333,0,4,10643
gate,333,0,4,74714
expert.w1,333,0,4,63547
expert.w3,333,0,4,62963
act_fn,333,0,4,5442
expert.w2,333,0,4,61411
final_layernorm,333,0,4,10366
lm_head,333,0,4,491483
embedding,334,0,4,17214
input_layernorm,334,0,4,10064
q_proj,334,0,4,63608
k_proj,334,0,4,21658
v_proj,334,0,4,21720
rope,334,0,4,33515
o_proj,334,0,4,61531
post_layernorm,334,0,4,10717
gate,334,0,4,74394
expert.w1,334,0,4,63573
expert.w3,334,0,4,62959
act_fn,334,0,4,5482
expert.w2,334,0,4,61365
final_layernorm,334,0,4,10416
lm_head,334,0,4,491447
embedding,335,0,4,16955
input_layernorm,335,0,4,10104
q_proj,335,0,4,63640
k_proj,335,0,4,21653
v_proj,335,0,4,21692
rope,335,0,4,33285
o_proj,335,0,4,61540
post_layernorm,335,0,4,10591
gate,335,0,4,74826
expert.w1,335,0,4,63541
expert.w3,335,0,4,62934
act_fn,335,0,4,5614
expert.w2,335,0,4,61413
final_layernorm,335,0,4,10337
lm_head,335,0,4,491485
embedding,336,0,4,17020
input_layernorm,336,0,4,10030
q_proj,336,0,4,63632
k_proj,336,0,4,21708
v_proj,336,0,4,21700
rope,336,0,4,33563
o_proj,336,0,4,61531
post_layernorm,336,0,4,10731
gate,336,0,4,74616
expert.w1,336,0,4,63550
expert.w3,336,0,4,62983
act_fn,336,0,4,5560
expert.w2,336,0,4,61383
final_layernorm,336,0,4,10392
lm_head,336,0,4,491529
embedding,337,0,4,17082
input_layernorm,337,0,4,10027
q_proj,337,0,4,63608
k_proj,337,0,4,21719
v_proj,337,0,4,21768
rope,337,0,4,33401
o_proj,337,0,4,61539
post_layernorm,337,0,4,10696
gate,337,0,4,75560
expert.w1,337,0,4,63656
expert.w3,337,0,4,63023
act_fn,337,0,4,5773
expert.w2,337,0,4,61424
final_layernorm,337,0,4,10313
lm_head,337,0,4,491565
embedding,338,0,4,16959
input_layernorm,338,0,4,10110
q_proj,338,0,4,63639
k_proj,338,0,4,21767
v_proj,338,0,4,21714
rope,338,0,4,33512
o_proj,338,0,4,61546
post_layernorm,338,0,4,10782
gate,338,0,4,75263
expert.w1,338,0,4,63696
expert.w3,338,0,4,63089
act_fn,338,0,4,5585
expert.w2,338,0,4,61384
final_layernorm,338,0,4,10408
lm_head,338,0,4,491558
embedding,339,0,4,17159
input_layernorm,339,0,4,10059
q_proj,339,0,4,63633
k_proj,339,0,4,20049
v_proj,339,0,4,19567
rope,339,0,4,33430
o_proj,339,0,4,61542
post_layernorm,339,0,4,10713
gate,339,0,4,75211
expert.w1,339,0,4,63693
expert.w3,339,0,4,63071
act_fn,339,0,4,5628
expert.w2,339,0,4,61410
final_layernorm,339,0,4,10346
lm_head,339,0,4,491576
embedding,340,0,4,17076
input_layernorm,340,0,4,10107
q_proj,340,0,4,63631
k_proj,340,0,4,20067
v_proj,340,0,4,19529
rope,340,0,4,33701
o_proj,340,0,4,61534
post_layernorm,340,0,4,10741
gate,340,0,4,75150
expert.w1,340,0,4,63695
expert.w3,340,0,4,63095
act_fn,340,0,4,5583
expert.w2,340,0,4,61404
final_layernorm,340,0,4,10394
lm_head,340,0,4,491625
embedding,341,0,4,17196
input_layernorm,341,0,4,10081
q_proj,341,0,4,63625
k_proj,341,0,4,19847
v_proj,341,0,4,19542
rope,341,0,4,33346
o_proj,341,0,4,61548
post_layernorm,341,0,4,10592
gate,341,0,4,75485
expert.w1,341,0,4,63686
expert.w3,341,0,4,63071
act_fn,341,0,4,5632
expert.w2,341,0,4,61461
final_layernorm,341,0,4,10385
lm_head,341,0,4,491613
embedding,342,0,4,17167
input_layernorm,342,0,4,10116
q_proj,342,0,4,63693
k_proj,342,0,4,19337
v_proj,342,0,4,19067
rope,342,0,4,33687
o_proj,342,0,4,61554
post_layernorm,342,0,4,10775
gate,342,0,4,75094
expert.w1,342,0,4,63743
expert.w3,342,0,4,63136
act_fn,342,0,4,5620
expert.w2,342,0,4,61404
final_layernorm,342,0,4,10381
lm_head,342,0,4,491614
embedding,343,0,4,17092
input_layernorm,343,0,4,10062
q_proj,343,0,4,63711
k_proj,343,0,4,19346
v_proj,343,0,4,19076
rope,343,0,4,33722
o_proj,343,0,4,61533
post_layernorm,343,0,4,10761
gate,343,0,4,75559
expert.w1,343,0,4,63704
expert.w3,343,0,4,63138
act_fn,343,0,4,5627
expert.w2,343,0,4,61450
final_layernorm,343,0,4,10359
lm_head,343,0,4,491683
embedding,344,0,4,17725
input_layernorm,344,0,4,10092
q_proj,344,0,4,63699
k_proj,344,0,4,19352
v_proj,344,0,4,19089
rope,344,0,4,33923
o_proj,344,0,4,61534
post_layernorm,344,0,4,10739
gate,344,0,4,75232
expert.w1,344,0,4,63711
expert.w3,344,0,4,63128
act_fn,344,0,4,5563
expert.w2,344,0,4,61456
final_layernorm,344,0,4,10448
lm_head,344,0,4,491648
embedding,345,0,4,17517
input_layernorm,345,0,4,10095
q_proj,345,0,4,63693
k_proj,345,0,4,19350
v_proj,345,0,4,19100
rope,345,0,4,33769
o_proj,345,0,4,61547
post_layernorm,345,0,4,10737
gate,345,0,4,76046
expert.w1,345,0,4,63743
expert.w3,345,0,4,63131
act_fn,345,0,4,5701
expert.w2,345,0,4,61506
final_layernorm,345,0,4,10399
lm_head,345,0,4,491640
embedding,346,0,4,17599
input_layernorm,346,0,4,10118
q_proj,346,0,4,63750
k_proj,346,0,4,19352
v_proj,346,0,4,19082
rope,346,0,4,33831
o_proj,346,0,4,61546
post_layernorm,346,0,4,10794
gate,346,0,4,75909
expert.w1,346,0,4,63746
expert.w3,346,0,4,63151
act_fn,346,0,4,5601
expert.w2,346,0,4,61472
final_layernorm,346,0,4,10366
lm_head,346,0,4,491652
embedding,347,0,4,17909
input_layernorm,347,0,4,10080
q_proj,347,0,4,63757
k_proj,347,0,4,19329
v_proj,347,0,4,19141
rope,347,0,4,33755
o_proj,347,0,4,61539
post_layernorm,347,0,4,10713
gate,347,0,4,76055
expert.w1,347,0,4,63798
expert.w3,347,0,4,63080
act_fn,347,0,4,5613
expert.w2,347,0,4,61522
final_layernorm,347,0,4,10371
lm_head,347,0,4,491664
embedding,348,0,4,17710
input_layernorm,348,0,4,10089
q_proj,348,0,4,63762
k_proj,348,0,4,19341
v_proj,348,0,4,19106
rope,348,0,4,33996
o_proj,348,0,4,61544
post_layernorm,348,0,4,10700
gate,348,0,4,75522
expert.w1,348,0,4,63797
expert.w3,348,0,4,63153
act_fn,348,0,4,5572
expert.w2,348,0,4,61462
final_layernorm,348,0,4,10419
lm_head,348,0,4,491631
embedding,349,0,4,17697
input_layernorm,349,0,4,10087
q_proj,349,0,4,63734
k_proj,349,0,4,19353
v_proj,349,0,4,19090
rope,349,0,4,33868
o_proj,349,0,4,61553
post_layernorm,349,0,4,10668
gate,349,0,4,76125
expert.w1,349,0,4,63803
expert.w3,349,0,4,63153
act_fn,349,0,4,5543
expert.w2,349,0,4,61502
final_layernorm,349,0,4,10349
lm_head,349,0,4,491712
embedding,350,0,4,17721
input_layernorm,350,0,4,10148
q_proj,350,0,4,63753
k_proj,350,0,4,19353
v_proj,350,0,4,19078
rope,350,0,4,33963
o_proj,350,0,4,61558
post_layernorm,350,0,4,10725
gate,350,0,4,76014
expert.w1,350,0,4,63826
expert.w3,350,0,4,63144
act_fn,350,0,4,5657
expert.w2,350,0,4,61480
final_layernorm,350,0,4,10347
lm_head,350,0,4,491745
embedding,351,0,4,17768
input_layernorm,351,0,4,10162
q_proj,351,0,4,63708
k_proj,351,0,4,19336
v_proj,351,0,4,19105
rope,351,0,4,33985
o_proj,351,0,4,61550
post_layernorm,351,0,4,10672
gate,351,0,4,76329
expert.w1,351,0,4,63852
expert.w3,351,0,4,63164
act_fn,351,0,4,5615
expert.w2,351,0,4,61524
final_layernorm,351,0,4,10366
lm_head,351,0,4,491775
embedding,352,0,4,17759
input_layernorm,352,0,4,10160
q_proj,352,0,4,63691
k_proj,352,0,4,19350
v_proj,352,0,4,19132
rope,352,0,4,34214
o_proj,352,0,4,61555
post_layernorm,352,0,4,10755
gate,352,0,4,75524
expert.w1,352,0,4,63881
expert.w3,352,0,4,63144
act_fn,352,0,4,5722
expert.w2,352,0,4,61512
final_layernorm,352,0,4,10436
lm_head,352,0,4,491745
embedding,353,0,4,17834
input_layernorm,353,0,4,10145
q_proj,353,0,4,63684
k_proj,353,0,4,19337
v_proj,353,0,4,19148
rope,353,0,4,33925
o_proj,353,0,4,61556
post_layernorm,353,0,4,10718
gate,353,0,4,76795
expert.w1,353,0,4,63903
expert.w3,353,0,4,63152
act_fn,353,0,4,5690
expert.w2,353,0,4,61560
final_layernorm,353,0,4,10430
lm_head,353,0,4,491791
embedding,354,0,4,17934
input_layernorm,354,0,4,10133
q_proj,354,0,4,63699
k_proj,354,0,4,19325
v_proj,354,0,4,19112
rope,354,0,4,34077
o_proj,354,0,4,61564
post_layernorm,354,0,4,10748
gate,354,0,4,76514
expert.w1,354,0,4,63913
expert.w3,354,0,4,63189
act_fn,354,0,4,5686
expert.w2,354,0,4,61500
final_layernorm,354,0,4,10427
lm_head,354,0,4,491808
embedding,355,0,4,17760
input_layernorm,355,0,4,10216
q_proj,355,0,4,63689
k_proj,355,0,4,19340
v_proj,355,0,4,19106
rope,355,0,4,34055
o_proj,355,0,4,61564
post_layernorm,355,0,4,10764
gate,355,0,4,76903
expert.w1,355,0,4,63850
expert.w3,355,0,4,63199
act_fn,355,0,4,5710
expert.w2,355,0,4,61545
final_layernorm,355,0,4,10459
lm_head,355,0,4,491831
embedding,356,0,4,17983
input_layernorm,356,0,4,10152
q_proj,356,0,4,63687
k_proj,356,0,4,19340
v_proj,356,0,4,19134
rope,356,0,4,34394
o_proj,356,0,4,61571
post_layernorm,356,0,4,10787
gate,356,0,4,76664
expert.w1,356,0,4,63847
expert.w3,356,0,4,63239
act_fn,356,0,4,5716
expert.w2,356,0,4,61502
final_layernorm,356,0,4,10430
lm_head,356,0,4,491872
embedding,357,0,4,18120
input_layernorm,357,0,4,10195
q_proj,357,0,4,63683
k_proj,357,0,4,19350
v_proj,357,0,4,19124
rope,357,0,4,34016
o_proj,357,0,4,61556
post_layernorm,357,0,4,10788
gate,357,0,4,77101
expert.w1,357,0,4,63891
expert.w3,357,0,4,63222
act_fn,357,0,4,5709
expert.w2,357,0,4,61545
final_layernorm,357,0,4,10417
lm_head,357,0,4,491923
embedding,358,0,4,17774
input_layernorm,358,0,4,10131
q_proj,358,0,4,63684
k_proj,358,0,4,19354
v_proj,358,0,4,19143
rope,358,0,4,34223
o_proj,358,0,4,61565
post_layernorm,358,0,4,10852
gate,358,0,4,76406
expert.w1,358,0,4,63927
expert.w3,358,0,4,63272
act_fn,358,0,4,5670
expert.w2,358,0,4,61539
final_layernorm,358,0,4,10381
lm_head,358,0,4,491906
embedding,359,0,4,18081
input_layernorm,359,0,4,10176
q_proj,359,0,4,63715
k_proj,359,0,4,19349
v_proj,359,0,4,19101
rope,359,0,4,34120
o_proj,359,0,4,61545
post_layernorm,359,0,4,10729
gate,359,0,4,76823
expert.w1,359,0,4,63921
expert.w3,359,0,4,63257
act_fn,359,0,4,5633
expert.w2,359,0,4,61552
final_layernorm,359,0,4,10415
lm_head,359,0,4,491919
embedding,360,0,4,17909
input_layernorm,360,0,4,10171
q_proj,360,0,4,63710
k_proj,360,0,4,19343
v_proj,360,0,4,19123
rope,360,0,4,34513
o_proj,360,0,4,61559
post_layernorm,360,0,4,10817
gate,360,0,4,76989
expert.w1,360,0,4,63930
expert.w3,360,0,4,63235
act_fn,360,0,4,5705
expert.w2,360,0,4,61550
final_layernorm,360,0,4,10432
lm_head,360,0,4,491947
embedding,361,0,4,18009
input_layernorm,361,0,4,10170
q_proj,361,0,4,63686
k_proj,361,0,4,19356
v_proj,361,0,4,19129
rope,361,0,4,34266
o_proj,361,0,4,61561
post_layernorm,361,0,4,10812
gate,361,0,4,77852
expert.w1,361,0,4,63951
expert.w3,361,0,4,63283
act_fn,361,0,4,5710
expert.w2,361,0,4,61569
final_layernorm,361,0,4,10473
lm_head,361,0,4,491970
embedding,362,0,4,17923
input_layernorm,362,0,4,10230
q_proj,362,0,4,63711
k_proj,362,0,4,19345
v_proj,362,0,4,19126
rope,362,0,4,34344
o_proj,362,0,4,61581
post_layernorm,362,0,4,10845
gate,362,0,4,77544
expert.w1,362,0,4,63964
expert.w3,362,0,4,63256
act_fn,362,0,4,5685
expert.w2,362,0,4,61551
final_layernorm,362,0,4,10382
lm_head,362,0,4,492002
embedding,363,0,4,18002
input_layernorm,363,0,4,10207
q_proj,363,0,4,63674
k_proj,363,0,4,19358
v_proj,363,0,4,19127
rope,363,0,4,34324
o_proj,363,0,4,61566
post_layernorm,363,0,4,10859
gate,363,0,4,77573
expert.w1,363,0,4,63963
expert.w3,363,0,4,63245
act_fn,363,0,4,5618
expert.w2,363,0,4,61579
final_layernorm,363,0,4,10418
lm_head,363,0,4,492040
embedding,364,0,4,18378
input_layernorm,364,0,4,10230
q_proj,364,0,4,63680
k_proj,364,0,4,19346
v_proj,364,0,4,19115
rope,364,0,4,34542
o_proj,364,0,4,61577
post_layernorm,364,0,4,10812
gate,364,0,4,77457
expert.w1,364,0,4,63998
expert.w3,364,0,4,63272
act_fn,364,0,4,5671
expert.w2,364,0,4,61549
final_layernorm,364,0,4,10412
lm_head,364,0,4,492029
embedding,365,0,4,18322
input_layernorm,365,0,4,10250
q_proj,365,0,4,63688
k_proj,365,0,4,19364
v_proj,365,0,4,19131
rope,365,0,4,34337
o_proj,365,0,4,61569
post_layernorm,365,0,4,10804
gate,365,0,4,78035
expert.w1,365,0,4,64005
expert.w3,365,0,4,63341
act_fn,365,0,4,5690
expert.w2,365,0,4,61569
final_layernorm,365,0,4,10444
lm_head,365,0,4,492076
embedding,366,0,4,18280
input_layernorm,366,0,4,10281
q_proj,366,0,4,63750
k_proj,366,0,4,19372
v_proj,366,0,4,19117
rope,366,0,4,34459
o_proj,366,0,4,61570
post_layernorm,366,0,4,10829
gate,366,0,4,77633
expert.w1,366,0,4,64025
expert.w3,366,0,4,63314
act_fn,366,0,4,5739
expert.w2,366,0,4,61547
final_layernorm,366,0,4,10484
lm_head,366,0,4,492122
embedding,367,0,4,18508
input_layernorm,367,0,4,10222
q_proj,367,0,4,63736
k_proj,367,0,4,19349
v_proj,367,0,4,19141
rope,367,0,4,34412
o_proj,367,0,4,61565
post_layernorm,367,0,4,10879
gate,367,0,4,77860
expert.w1,367,0,4,64013
expert.w3,367,0,4,63395
act_fn,367,0,4,5730
expert.w2,367,0,4,61556
final_layernorm,367,0,4,10455
lm_head,367,0,4,492138
embedding,368,0,4,18367
input_layernorm,368,0,4,10296
q_proj,368,0,4,63741
k_proj,368,0,4,19350
v_proj,368,0,4,19119
rope,368,0,4,34719
o_proj,368,0,4,61585
post_layernorm,368,0,4,10886
gate,368,0,4,77633
expert.w1,368,0,4,64060
expert.w3,368,0,4,63348
act_fn,368,0,4,5759
expert.w2,368,0,4,61565
final_layernorm,368,0,4,10465
lm_head,368,0,4,492159
embedding,369,0,4,18724
input_layernorm,369,0,4,10217
q_proj,369,0,4,63748
k_proj,369,0,4,19364
v_proj,369,0,4,19109
rope,369,0,4,34400
o_proj,369,0,4,61596
post_layernorm,369,0,4,10880
gate,369,0,4,78850
expert.w1,369,0,4,64031
expert.w3,369,0,4,63354
act_fn,369,0,4,5903
expert.w2,369,0,4,61582
final_layernorm,369,0,4,10454
lm_head,369,0,4,492169
embedding,370,0,4,18680
input_layernorm,370,0,4,10211
q_proj,370,0,4,63740
k_proj,370,0,4,19360
v_proj,370,0,4,19118
rope,370,0,4,34551
o_proj,370,0,4,61578
post_layernorm,370,0,4,10872
gate,370,0,4,78526
expert.w1,370,0,4,64050
expert.w3,370,0,4,63371
act_fn,370,0,4,5903
expert.w2,370,0,4,61511
final_layernorm,370,0,4,10461
lm_head,370,0,4,492220
embedding,371,0,4,18760
input_layernorm,371,0,4,10348
q_proj,371,0,4,63741
k_proj,371,0,4,19352
v_proj,371,0,4,19131
rope,371,0,4,34461
o_proj,371,0,4,61582
post_layernorm,371,0,4,10829
gate,371,0,4,78759
expert.w1,371,0,4,64091
expert.w3,371,0,4,63283
act_fn,371,0,4,5823
expert.w2,371,0,4,61595
final_layernorm,371,0,4,10508
lm_head,371,0,4,492170
embedding,372,0,4,18708
input_layernorm,372,0,4,10280
q_proj,372,0,4,63745
k_proj,372,0,4,19375
v_proj,372,0,4,19142
rope,372,0,4,34858
o_proj,372,0,4,61589
post_layernorm,372,0,4,10892
gate,372,0,4,78391
expert.w1,372,0,4,64104
expert.w3,372,0,4,63389
act_fn,372,0,4,5742
expert.w2,372,0,4,61534
final_layernorm,372,0,4,10490
lm_head,372,0,4,492246
embedding,373,0,4,18695
input_layernorm,373,0,4,10244
q_proj,373,0,4,63749
k_proj,373,0,4,19395
v_proj,373,0,4,19116
rope,373,0,4,34563
o_proj,373,0,4,61577
post_layernorm,373,0,4,10842
gate,373,0,4,79005
expert.w1,373,0,4,64134
expert.w3,373,0,4,63364
act_fn,373,0,4,5757
expert.w2,373,0,4,61553
final_layernorm,373,0,4,10558
lm_head,373,0,4,492253
embedding,374,0,4,19161
input_layernorm,374,0,4,10375
q_proj,374,0,4,63746
k_proj,374,0,4,19407
v_proj,374,0,4,19139
rope,374,0,4,34656
o_proj,374,0,4,61595
post_layernorm,374,0,4,10904
gate,374,0,4,78610
expert.w1,374,0,4,64123
expert.w3,374,0,4,63351
act_fn,374,0,4,5812
expert.w2,374,0,4,61558
final_layernorm,374,0,4,10462
lm_head,374,0,4,424853
embedding,375,0,4,19449
input_layernorm,375,0,4,10312
q_proj,375,0,4,63750
k_proj,375,0,4,19399
v_proj,375,0,4,19143
rope,375,0,4,34536
o_proj,375,0,4,61595
post_layernorm,375,0,4,10894
gate,375,0,4,78649
expert.w1,375,0,4,64182
expert.w3,375,0,4,63373
act_fn,375,0,4,5867
expert.w2,375,0,4,61591
final_layernorm,375,0,4,10517
lm_head,375,0,4,424863
embedding,376,0,4,19215
input_layernorm,376,0,4,10269
q_proj,376,0,4,63754
k_proj,376,0,4,19392
v_proj,376,0,4,19119
rope,376,0,4,34973
o_proj,376,0,4,61597
post_layernorm,376,0,4,10888
gate,376,0,4,78538
expert.w1,376,0,4,64163
expert.w3,376,0,4,63386
act_fn,376,0,4,5857
expert.w2,376,0,4,61564
final_layernorm,376,0,4,10464
lm_head,376,0,4,424933
embedding,377,0,4,19163
input_layernorm,377,0,4,10296
q_proj,377,0,4,63742
k_proj,377,0,4,19386
v_proj,377,0,4,19153
rope,377,0,4,34612
o_proj,377,0,4,61594
post_layernorm,377,0,4,10852
gate,377,0,4,79289
expert.w1,377,0,4,64172
expert.w3,377,0,4,63388
act_fn,377,0,4,5792
expert.w2,377,0,4,61572
final_layernorm,377,0,4,10472
lm_head,377,0,4,424953
embedding,378,0,4,19624
input_layernorm,378,0,4,10293
q_proj,378,0,4,63748
k_proj,378,0,4,19392
v_proj,378,0,4,19128
rope,378,0,4,34615
o_proj,378,0,4,61600
post_layernorm,378,0,4,10855
gate,378,0,4,79312
expert.w1,378,0,4,64144
expert.w3,378,0,4,63413
act_fn,378,0,4,5725
expert.w2,378,0,4,61538
final_layernorm,378,0,4,10510
lm_head,378,0,4,425055
embedding,379,0,4,19165
input_layernorm,379,0,4,10361
q_proj,379,0,4,63745
k_proj,379,0,4,19411
v_proj,379,0,4,19139
rope,379,0,4,34621
o_proj,379,0,4,61596
post_layernorm,379,0,4,10853
gate,379,0,4,79400
expert.w1,379,0,4,64193
expert.w3,379,0,4,63397
act_fn,379,0,4,5710
expert.w2,379,0,4,61587
final_layernorm,379,0,4,10475
lm_head,379,0,4,425061
embedding,380,0,4,19532
input_layernorm,380,0,4,10349
q_proj,380,0,4,63745
k_proj,380,0,4,19395
v_proj,380,0,4,19174
rope,380,0,4,35074
o_proj,380,0,4,61600
post_layernorm,380,0,4,10930
gate,380,0,4,79202
expert.w1,380,0,4,64186
expert.w3,380,0,4,63400
act_fn,380,0,4,5755
expert.w2,380,0,4,61550
final_layernorm,380,0,4,10466
lm_head,380,0,4,425147
embedding,381,0,4,19505
input_layernorm,381,0,4,10245
q_proj,381,0,4,63735
k_proj,381,0,4,19397
v_proj,381,0,4,19127
rope,381,0,4,34590
o_proj,381,0,4,61596
post_layernorm,381,0,4,10848
gate,381,0,4,79600
expert.w1,381,0,4,64199
expert.w3,381,0,4,63404
act_fn,381,0,4,5870
expert.w2,381,0,4,61573
final_layernorm,381,0,4,10519
lm_head,381,0,4,425157
embedding,382,0,4,19437
input_layernorm,382,0,4,10431
q_proj,382,0,4,63733
k_proj,382,0,4,19391
v_proj,382,0,4,19176
rope,382,0,4,34794
o_proj,382,0,4,61595
post_layernorm,382,0,4,10861
gate,382,0,4,79479
expert.w1,382,0,4,64199
expert.w3,382,0,4,63446
act_fn,382,0,4,5867
expert.w2,382,0,4,61586
final_layernorm,382,0,4,10501
lm_head,382,0,4,425210
embedding,383,0,4,19402
input_layernorm,383,0,4,10384
q_proj,383,0,4,63748
k_proj,383,0,4,19390
v_proj,383,0,4,19164
rope,383,0,4,34765
o_proj,383,0,4,61597
post_layernorm,383,0,4,10893
gate,383,0,4,79757
expert.w1,383,0,4,64219
expert.w3,383,0,4,63447
act_fn,383,0,4,5840
expert.w2,383,0,4,61633
final_layernorm,383,0,4,10528
lm_head,383,0,4,425252
embedding,384,0,4,19582
input_layernorm,384,0,4,10405
q_proj,384,0,4,63742
k_proj,384,0,4,19395
v_proj,384,0,4,19162
rope,384,0,4,35243
o_proj,384,0,4,61605
post_layernorm,384,0,4,10921
gate,384,0,4,74104
expert.w1,384,0,4,64216
expert.w3,384,0,4,63446
act_fn,384,0,4,5774
expert.w2,384,0,4,61567
final_layernorm,384,0,4,10538
lm_head,384,0,4,425379
embedding,385,0,4,19617
input_layernorm,385,0,4,10379
q_proj,385,0,4,63786
k_proj,385,0,4,24846
v_proj,385,0,4,24552
rope,385,0,4,34813
o_proj,385,0,4,61758
post_layernorm,385,0,4,10908
gate,385,0,4,76049
expert.w1,385,0,4,82821
expert.w3,385,0,4,82520
act_fn,385,0,4,6208
expert.w2,385,0,4,79862
final_layernorm,385,0,4,10569
lm_head,385,0,4,614031
embedding,386,0,4,19541
input_layernorm,386,0,4,10437
q_proj,386,0,4,63789
k_proj,386,0,4,24855
v_proj,386,0,4,24557
rope,386,0,4,35044
o_proj,386,0,4,61734
post_layernorm,386,0,4,10911
gate,386,0,4,76007
expert.w1,386,0,4,82835
expert.w3,386,0,4,82501
act_fn,386,0,4,6280
expert.w2,386,0,4,79882
final_layernorm,386,0,4,10564
lm_head,386,0,4,614039
embedding,387,0,4,19586
input_layernorm,387,0,4,10364
q_proj,387,0,4,63792
k_proj,387,0,4,24861
v_proj,387,0,4,24558
rope,387,0,4,35048
o_proj,387,0,4,61755
post_layernorm,387,0,4,10919
gate,387,0,4,76374
expert.w1,387,0,4,82863
expert.w3,387,0,4,82508
act_fn,387,0,4,6071
expert.w2,387,0,4,79924
final_layernorm,387,0,4,10563
lm_head,387,0,4,614003
embedding,388,0,4,18388
input_layernorm,388,0,4,9792
q_proj,388,0,4,58673
k_proj,388,0,4,22801
v_proj,388,0,4,22464
rope,388,0,4,32848
o_proj,388,0,4,56805
post_layernorm,388,0,4,10237
gate,388,0,4,70079
expert.w1,388,0,4,76258
expert.w3,388,0,4,75890
act_fn,388,0,4,5712
expert.w2,388,0,4,73501
final_layernorm,388,0,4,9902
lm_head,388,0,4,564290
embedding,389,0,4,19878
input_layernorm,389,0,4,10361
q_proj,389,0,4,63795
k_proj,389,0,4,24868
v_proj,389,0,4,24574
rope,389,0,4,35044
o_proj,389,0,4,61734
post_layernorm,389,0,4,10948
gate,389,0,4,76291
expert.w1,389,0,4,82851
expert.w3,389,0,4,82511
act_fn,389,0,4,6093
expert.w2,389,0,4,79896
final_layernorm,389,0,4,10469
lm_head,389,0,4,614019
embedding,390,0,4,19742
input_layernorm,390,0,4,10352
q_proj,390,0,4,63791
k_proj,390,0,4,24846
v_proj,390,0,4,24534
rope,390,0,4,35175
o_proj,390,0,4,61756
post_layernorm,390,0,4,10884
gate,390,0,4,76088
expert.w1,390,0,4,82860
expert.w3,390,0,4,82522
act_fn,390,0,4,6068
expert.w2,390,0,4,79896
final_layernorm,390,0,4,10568
lm_head,390,0,4,614035
embedding,391,0,4,19768
input_layernorm,391,0,4,10403
q_proj,391,0,4,63796
k_proj,391,0,4,24871
v_proj,391,0,4,24573
rope,391,0,4,35103
o_proj,391,0,4,61746
post_layernorm,391,0,4,10889
gate,391,0,4,76295
expert.w1,391,0,4,82835
expert.w3,391,0,4,82521
act_fn,391,0,4,6081
expert.w2,391,0,4,79913
final_layernorm,391,0,4,10603
lm_head,391,0,4,614011
embedding,392,0,4,19958
input_layernorm,392,0,4,10406
q_proj,392,0,4,63786
k_proj,392,0,4,24878
v_proj,392,0,4,24559
rope,392,0,4,35717
o_proj,392,0,4,61763
post_layernorm,392,0,4,10950
gate,392,0,4,76090
expert.w1,392,0,4,82852
expert.w3,392,0,4,82520
act_fn,392,0,4,6109
expert.w2,392,0,4,79938
final_layernorm,392,0,4,10552
lm_head,392,0,4,614025
embedding,393,0,4,19749
input_layernorm,393,0,4,10418
q_proj,393,0,4,63799
k_proj,393,0,4,24859
v_proj,393,0,4,24516
rope,393,0,4,35127
o_proj,393,0,4,61773
post_layernorm,393,0,4,10982
gate,393,0,4,76665
expert.w1,393,0,4,82868
expert.w3,393,0,4,82516
act_fn,393,0,4,6050
expert.w2,393,0,4,79846
final_layernorm,393,0,4,10561
lm_head,393,0,4,614016
embedding,394,0,4,19856
input_layernorm,394,0,4,10479
q_proj,394,0,4,63800
k_proj,394,0,4,24787
v_proj,394,0,4,24475
rope,394,0,4,35225
o_proj,394,0,4,61756
post_layernorm,394,0,4,10873
gate,394,0,4,76393
expert.w1,394,0,4,82865
expert.w3,394,0,4,82507
act_fn,394,0,4,6010
expert.w2,394,0,4,79848
final_layernorm,394,0,4,10634
lm_head,394,0,4,614027
embedding,395,0,4,19677
input_layernorm,395,0,4,10408
q_proj,395,0,4,63792
k_proj,395,0,4,24838
v_proj,395,0,4,24490
rope,395,0,4,35230
o_proj,395,0,4,61784
post_layernorm,395,0,4,10957
gate,395,0,4,76574
expert.w1,395,0,4,82857
expert.w3,395,0,4,82532
act_fn,395,0,4,6049
expert.w2,395,0,4,79891
final_layernorm,395,0,4,10574
lm_head,395,0,4,614013
embedding,396,0,4,19686
input_layernorm,396,0,4,10435
q_proj,396,0,4,63793
k_proj,396,0,4,24854
v_proj,396,0,4,24583
rope,396,0,4,35954
o_proj,396,0,4,61768
post_layernorm,396,0,4,11020
gate,396,0,4,76493
expert.w1,396,0,4,82842
expert.w3,396,0,4,82521
act_fn,396,0,4,6126
expert.w2,396,0,4,79947
final_layernorm,396,0,4,10597
lm_head,396,0,4,614072
embedding,397,0,4,20012
input_layernorm,397,0,4,10446
q_proj,397,0,4,63792
k_proj,397,0,4,24717
v_proj,397,0,4,24490
rope,397,0,4,35059
o_proj,397,0,4,61777
post_layernorm,397,0,4,10802
gate,397,0,4,76788
expert.w1,397,0,4,82850
expert.w3,397,0,4,82518
act_fn,397,0,4,5996
expert.w2,397,0,4,79858
final_layernorm,397,0,4,10551
lm_head,397,0,4,614062
embedding,398,0,4,19794
input_layernorm,398,0,4,10410
q_proj,398,0,4,63794
k_proj,398,0,4,24869
v_proj,398,0,4,24598
rope,398,0,4,35527
o_proj,398,0,4,61793
post_layernorm,398,0,4,11003
gate,398,0,4,76526
expert.w1,398,0,4,82889
expert.w3,398,0,4,82500
act_fn,398,0,4,6119
expert.w2,398,0,4,79894
final_layernorm,398,0,4,10576
lm_head,398,0,4,614048
embedding,399,0,4,19886
input_layernorm,399,0,4,10410
q_proj,399,0,4,63800
k_proj,399,0,4,24851
v_proj,399,0,4,24576
rope,399,0,4,35414
o_proj,399,0,4,61775
post_layernorm,399,0,4,10997
gate,399,0,4,76970
expert.w1,399,0,4,82876
expert.w3,399,0,4,82520
act_fn,399,0,4,6065
expert.w2,399,0,4,79914
final_layernorm,399,0,4,10532
lm_head,399,0,4,614059
embedding,400,0,4,20030
input_layernorm,400,0,4,10447
q_proj,400,0,4,63781
k_proj,400,0,4,24849
v_proj,400,0,4,24577
rope,400,0,4,36025
o_proj,400,0,4,61763
post_layernorm,400,0,4,11015
gate,400,0,4,76431
expert.w1,400,0,4,82889
expert.w3,400,0,4,82512
act_fn,400,0,4,6056
expert.w2,400,0,4,79920
final_layernorm,400,0,4,10658
lm_head,400,0,4,614053
embedding,401,0,4,18776
input_layernorm,401,0,4,9995
q_proj,401,0,4,59523
k_proj,401,0,4,23038
v_proj,401,0,4,22830
rope,401,0,4,33197
o_proj,401,0,4,57626
post_layernorm,401,0,4,10382
gate,401,0,4,72621
expert.w1,401,0,4,77373
expert.w3,401,0,4,77003
act_fn,401,0,4,5652
expert.w2,401,0,4,74627
final_layernorm,401,0,4,10193
lm_head,401,0,4,573439
embedding,402,0,4,20123
input_layernorm,402,0,4,10451
q_proj,402,0,4,63790
k_proj,402,0,4,24848
v_proj,402,0,4,24584
rope,402,0,4,35681
o_proj,402,0,4,61774
post_layernorm,402,0,4,11064
gate,402,0,4,77219
expert.w1,402,0,4,82879
expert.w3,402,0,4,82542
act_fn,402,0,4,6177
expert.w2,402,0,4,79875
final_layernorm,402,0,4,10656
lm_head,402,0,4,614071
embedding,403,0,4,19937
input_layernorm,403,0,4,10474
q_proj,403,0,4,63787
k_proj,403,0,4,24832
v_proj,403,0,4,24509
rope,403,0,4,35457
o_proj,403,0,4,61774
post_layernorm,403,0,4,10974
gate,403,0,4,77518
expert.w1,403,0,4,82895
expert.w3,403,0,4,82516
act_fn,403,0,4,6069
expert.w2,403,0,4,79872
final_layernorm,403,0,4,10673
lm_head,403,0,4,614060
embedding,404,0,4,19045
input_layernorm,404,0,4,9951
q_proj,404,0,4,59631
k_proj,404,0,4,23111
v_proj,404,0,4,22854
rope,404,0,4,33948
o_proj,404,0,4,57720
post_layernorm,404,0,4,10323
gate,404,0,4,72587
expert.w1,404,0,4,77515
expert.w3,404,0,4,77113
act_fn,404,0,4,5705
expert.w2,404,0,4,74712
final_layernorm,404,0,4,10158
lm_head,404,0,4,573609
embedding,405,0,4,20297
input_layernorm,405,0,4,10481
q_proj,405,0,4,63792
k_proj,405,0,4,24881
v_proj,405,0,4,24493
rope,405,0,4,35433
o_proj,405,0,4,61767
post_layernorm,405,0,4,11015
gate,405,0,4,77650
expert.w1,405,0,4,82897
expert.w3,405,0,4,82525
act_fn,405,0,4,6117
expert.w2,405,0,4,79916
final_layernorm,405,0,4,10703
lm_head,405,0,4,614108
embedding,406,0,4,20272
input_layernorm,406,0,4,10399
q_proj,406,0,4,63783
k_proj,406,0,4,24847
v_proj,406,0,4,24502
rope,406,0,4,35634
o_proj,406,0,4,61779
post_layernorm,406,0,4,11013
gate,406,0,4,77419
expert.w1,406,0,4,82895
expert.w3,406,0,4,82511
act_fn,406,0,4,6098
expert.w2,406,0,4,79905
final_layernorm,406,0,4,10669
lm_head,406,0,4,614060
embedding,407,0,4,19219
input_layernorm,407,0,4,9993
q_proj,407,0,4,58679
k_proj,407,0,4,22863
v_proj,407,0,4,22501
rope,407,0,4,33004
o_proj,407,0,4,56799
post_layernorm,407,0,4,10370
gate,407,0,4,71766
expert.w1,407,0,4,76307
expert.w3,407,0,4,75893
act_fn,407,0,4,5681
expert.w2,407,0,4,73613
final_layernorm,407,0,4,10103
lm_head,407,0,4,564347
embedding,408,0,4,20400
input_layernorm,408,0,4,10542
q_proj,408,0,4,63771
k_proj,408,0,4,24919
v_proj,408,0,4,24541
rope,408,0,4,36203
o_proj,408,0,4,61779
post_layernorm,408,0,4,11143
gate,408,0,4,77391
expert.w1,408,0,4,83282
expert.w3,408,0,4,83044
act_fn,408,0,4,6111
expert.w2,408,0,4,79960
final_layernorm,408,0,4,10892
lm_head,408,0,4,614065
embedding,409,0,4,20487
input_layernorm,409,0,4,10629
q_proj,409,0,4,63778
k_proj,409,0,4,24914
v_proj,409,0,4,24616
rope,409,0,4,35689
o_proj,409,0,4,61789
post_layernorm,409,0,4,11156
gate,409,0,4,78372
expert.w1,409,0,4,83286
expert.w3,409,0,4,83049
act_fn,409,0,4,6128
expert.w2,409,0,4,79952
final_layernorm,409,0,4,10851
lm_head,409,0,4,614077
embedding,410,0,4,20646
input_layernorm,410,0,4,10518
q_proj,410,0,4,63229
k_proj,410,0,4,24716
v_proj,410,0,4,24394
rope,410,0,4,35608
o_proj,410,0,4,61239
post_layernorm,410,0,4,11152
gate,410,0,4,77232
expert.w1,410,0,4,82596
expert.w3,410,0,4,82362
act_fn,410,0,4,6162
expert.w2,410,0,4,79289
final_layernorm,410,0,4,10854
lm_head,410,0,4,608724
embedding,411,0,4,19276
input_layernorm,411,0,4,9927
q_proj,411,0,4,58213
k_proj,411,0,4,22735
v_proj,411,0,4,22368
rope,411,0,4,33260
o_proj,411,0,4,56381
post_layernorm,411,0,4,10493
gate,411,0,4,71823
expert.w1,411,0,4,76066
expert.w3,411,0,4,75799
act_fn,411,0,4,5825
expert.w2,411,0,4,73063
final_layernorm,411,0,4,10230
lm_head,411,0,4,559902
embedding,412,0,4,20754
input_layernorm,412,0,4,10633
q_proj,412,0,4,63777
k_proj,412,0,4,24927
v_proj,412,0,4,24589
rope,412,0,4,36553
o_proj,412,0,4,61821
post_layernorm,412,0,4,11101
gate,412,0,4,80291
expert.w1,412,0,4,83300
expert.w3,412,0,4,83072
act_fn,412,0,4,6130
expert.w2,412,0,4,80000
final_layernorm,412,0,4,10874
lm_head,412,0,4,614068
embedding,413,0,4,20845
input_layernorm,413,0,4,10632
q_proj,413,0,4,63783
k_proj,413,0,4,24919
v_proj,413,0,4,24615
rope,413,0,4,36059
o_proj,413,0,4,61814
post_layernorm,413,0,4,11112
gate,413,0,4,81024
expert.w1,413,0,4,83294
expert.w3,413,0,4,83081
act_fn,413,0,4,6194
expert.w2,413,0,4,79982
final_layernorm,413,0,4,10936
lm_head,413,0,4,614139
embedding,414,0,4,20657
input_layernorm,414,0,4,10658
q_proj,414,0,4,63773
k_proj,414,0,4,24920
v_proj,414,0,4,24584
rope,414,0,4,36140
o_proj,414,0,4,61818
post_layernorm,414,0,4,11196
gate,414,0,4,80774
expert.w1,414,0,4,83267
expert.w3,414,0,4,83019
act_fn,414,0,4,6150
expert.w2,414,0,4,80005
final_layernorm,414,0,4,10904
lm_head,414,0,4,614114
embedding,415,0,4,19301
input_layernorm,415,0,4,9996
q_proj,415,0,4,58208
k_proj,415,0,4,22710
v_proj,415,0,4,22377
rope,415,0,4,33252
o_proj,415,0,4,56392
post_layernorm,415,0,4,10532
gate,415,0,4,74151
expert.w1,415,0,4,76069
expert.w3,415,0,4,75807
act_fn,415,0,4,5749
expert.w2,415,0,4,73057
final_layernorm,415,0,4,10245
lm_head,415,0,4,559877
embedding,416,0,4,20699
input_layernorm,416,0,4,10606
q_proj,416,0,4,63770
k_proj,416,0,4,24879
v_proj,416,0,4,24547
rope,416,0,4,36600
o_proj,416,0,4,61797
post_layernorm,416,0,4,11222
gate,416,0,4,80094
expert.w1,416,0,4,83300
expert.w3,416,0,4,83072
act_fn,416,0,4,6166
expert.w2,416,0,4,79938
final_layernorm,416,0,4,10892
lm_head,416,0,4,614123
embedding,417,0,4,20953
input_layernorm,417,0,4,10670
q_proj,417,0,4,63784
k_proj,417,0,4,24937
v_proj,417,0,4,24595
rope,417,0,4,36187
o_proj,417,0,4,61812
post_layernorm,417,0,4,11302
gate,417,0,4,80916
expert.w1,417,0,4,83318
expert.w3,417,0,4,83060
act_fn,417,0,4,6386
expert.w2,417,0,4,79929
final_layernorm,417,0,4,10953
lm_head,417,0,4,614122
embedding,418,0,4,19279
input_layernorm,418,0,4,9951
q_proj,418,0,4,58204
k_proj,418,0,4,22763
v_proj,418,0,4,22357
rope,418,0,4,33425
o_proj,418,0,4,56409
post_layernorm,418,0,4,10612
gate,418,0,4,73928
expert.w1,418,0,4,76063
expert.w3,418,0,4,75823
act_fn,418,0,4,5842
expert.w2,418,0,4,73126
final_layernorm,418,0,4,10264
lm_head,418,0,4,559932
embedding,419,0,4,20808
input_layernorm,419,0,4,10705
q_proj,419,0,4,63800
k_proj,419,0,4,24961
v_proj,419,0,4,24587
rope,419,0,4,36177
o_proj,419,0,4,61815
post_layernorm,419,0,4,11276
gate,419,0,4,80908
expert.w1,419,0,4,83307
expert.w3,419,0,4,83070
act_fn,419,0,4,6241
expert.w2,419,0,4,79929
final_layernorm,419,0,4,10957
lm_head,419,0,4,614125
embedding,420,0,4,20625
input_layernorm,420,0,4,10688
q_proj,420,0,4,63783
k_proj,420,0,4,24970
v_proj,420,0,4,24577
rope,420,0,4,36745
o_proj,420,0,4,61806
post_layernorm,420,0,4,11297
gate,420,0,4,80654
expert.w1,420,0,4,83316
expert.w3,420,0,4,83076
act_fn,420,0,4,6260
expert.w2,420,0,4,80039
final_layernorm,420,0,4,11000
lm_head,420,0,4,614118
embedding,421,0,4,20968
input_layernorm,421,0,4,10694
q_proj,421,0,4,63779
k_proj,421,0,4,24976
v_proj,421,0,4,24603
rope,421,0,4,36247
o_proj,421,0,4,61824
post_layernorm,421,0,4,11315
gate,421,0,4,80847
expert.w1,421,0,4,83282
expert.w3,421,0,4,83055
act_fn,421,0,4,6249
expert.w2,421,0,4,79965
final_layernorm,421,0,4,10954
lm_head,421,0,4,614143
embedding,422,0,4,19480
input_layernorm,422,0,4,10086
q_proj,422,0,4,58217
k_proj,422,0,4,22794
v_proj,422,0,4,22357
rope,422,0,4,33516
o_proj,422,0,4,56411
post_layernorm,422,0,4,10539
gate,422,0,4,74154
expert.w1,422,0,4,76061
expert.w3,422,0,4,75791
act_fn,422,0,4,5836
expert.w2,422,0,4,73108
final_layernorm,422,0,4,10320
lm_head,422,0,4,559938
embedding,423,0,4,20945
input_layernorm,423,0,4,10788
q_proj,423,0,4,63794
k_proj,423,0,4,24977
v_proj,423,0,4,24594
rope,423,0,4,36278
o_proj,423,0,4,61838
post_layernorm,423,0,4,11341
gate,423,0,4,81162
expert.w1,423,0,4,83292
expert.w3,423,0,4,83084
act_fn,423,0,4,6245
expert.w2,423,0,4,79983
final_layernorm,423,0,4,10938
lm_head,423,0,4,614152
embedding,424,0,4,21022
input_layernorm,424,0,4,10767
q_proj,424,0,4,63791
k_proj,424,0,4,24959
v_proj,424,0,4,24595
rope,424,0,4,36767
o_proj,424,0,4,61875
post_layernorm,424,0,4,11303
gate,424,0,4,80634
expert.w1,424,0,4,83327
expert.w3,424,0,4,83118
act_fn,424,0,4,6267
expert.w2,424,0,4,80004
final_layernorm,424,0,4,10954
lm_head,424,0,4,614162
embedding,425,0,4,20822
input_layernorm,425,0,4,10718
q_proj,425,0,4,63788
k_proj,425,0,4,24968
v_proj,425,0,4,24591
rope,425,0,4,36300
o_proj,425,0,4,61855
post_layernorm,425,0,4,11405
gate,425,0,4,81475
expert.w1,425,0,4,83289
expert.w3,425,0,4,83048
act_fn,425,0,4,6233
expert.w2,425,0,4,79992
final_layernorm,425,0,4,10999
lm_head,425,0,4,614155
embedding,426,0,4,19751
input_layernorm,426,0,4,10137
q_proj,426,0,4,57747
k_proj,426,0,4,22581
v_proj,426,0,4,22187
rope,426,0,4,33189
o_proj,426,0,4,55963
post_layernorm,426,0,4,10559
gate,426,0,4,74091
expert.w1,426,0,4,75433
expert.w3,426,0,4,75224
act_fn,426,0,4,5873
expert.w2,426,0,4,72443
final_layernorm,426,0,4,10216
lm_head,426,0,4,555476
embedding,427,0,4,21424
input_layernorm,427,0,4,10763
q_proj,427,0,4,63790
k_proj,427,0,4,24959
v_proj,427,0,4,24628
rope,427,0,4,36305
o_proj,427,0,4,61835
post_layernorm,427,0,4,11169
gate,427,0,4,81333
expert.w1,427,0,4,83259
expert.w3,427,0,4,83042
act_fn,427,0,4,6327
expert.w2,427,0,4,79995
final_layernorm,427,0,4,11006
lm_head,427,0,4,614176
embedding,428,0,4,19694
input_layernorm,428,0,4,9971
q_proj,428,0,4,57745
k_proj,428,0,4,22598
v_proj,428,0,4,22206
rope,428,0,4,33689
o_proj,428,0,4,55986
post_layernorm,428,0,4,10404
gate,428,0,4,74100
expert.w1,428,0,4,75445
expert.w3,428,0,4,75201
act_fn,428,0,4,5810
expert.w2,428,0,4,72494
final_layernorm,428,0,4,10271
lm_head,428,0,4,555503
embedding,429,0,4,21647
input_layernorm,429,0,4,10717
q_proj,429,0,4,63790
k_proj,429,0,4,24928
v_proj,429,0,4,24559
rope,429,0,4,36361
o_proj,429,0,4,61831
post_layernorm,429,0,4,11078
gate,429,0,4,81578
expert.w1,429,0,4,83261
expert.w3,429,0,4,83057
act_fn,429,0,4,6274
expert.w2,429,0,4,79884
final_layernorm,429,0,4,11012
lm_head,429,0,4,614194
embedding,430,0,4,21350
input_layernorm,430,0,4,10752
q_proj,430,0,4,63784
k_proj,430,0,4,24977
v_proj,430,0,4,24624
rope,430,0,4,36629
o_proj,430,0,4,61857
post_layernorm,430,0,4,11142
gate,430,0,4,81469
expert.w1,430,0,4,83269
expert.w3,430,0,4,83082
act_fn,430,0,4,6271
expert.w2,430,0,4,79920
final_layernorm,430,0,4,11012
lm_head,430,0,4,614184
embedding,431,0,4,21726
input_layernorm,431,0,4,10765
q_proj,431,0,4,63794
k_proj,431,0,4,24969
v_proj,431,0,4,24635
rope,431,0,4,36443
o_proj,431,0,4,61834
post_layernorm,431,0,4,11155
gate,431,0,4,81635
expert.w1,431,0,4,83255
expert.w3,431,0,4,83088
act_fn,431,0,4,6279
expert.w2,431,0,4,79981
final_layernorm,431,0,4,11024
lm_head,431,0,4,614192
embedding,432,0,4,20399
input_layernorm,432,0,4,10231
q_proj,432,0,4,59631
k_proj,432,0,4,23351
v_proj,432,0,4,22945
rope,432,0,4,34962
o_proj,432,0,4,57806
post_layernorm,432,0,4,10632
gate,432,0,4,76532
expert.w1,432,0,4,77860
expert.w3,432,0,4,77656
act_fn,432,0,4,6005
expert.w2,432,0,4,74833
final_layernorm,432,0,4,10521
lm_head,432,0,4,573778
embedding,433,0,4,21547
input_layernorm,433,0,4,10796
q_proj,433,0,4,63792
k_proj,433,0,4,24955
v_proj,433,0,4,24639
rope,433,0,4,36627
o_proj,433,0,4,61848
post_layernorm,433,0,4,11226
gate,433,0,4,82493
expert.w1,433,0,4,83267
expert.w3,433,0,4,83064
act_fn,433,0,4,6313
expert.w2,433,0,4,79957
final_layernorm,433,0,4,11005
lm_head,433,0,4,614219
embedding,434,0,4,21608
input_layernorm,434,0,4,10836
q_proj,434,0,4,63787
k_proj,434,0,4,24963
v_proj,434,0,4,24576
rope,434,0,4,36817
o_proj,434,0,4,61853
post_layernorm,434,0,4,11245
gate,434,0,4,82147
expert.w1,434,0,4,83264
expert.w3,434,0,4,83100
act_fn,434,0,4,6292
expert.w2,434,0,4,80004
final_layernorm,434,0,4,10967
lm_head,434,0,4,614218
embedding,435,0,4,20178
input_layernorm,435,0,4,10141
q_proj,435,0,4,57764
k_proj,435,0,4,22584
v_proj,435,0,4,22198
rope,435,0,4,33527
o_proj,435,0,4,55982
post_layernorm,435,0,4,10497
gate,435,0,4,75237
expert.w1,435,0,4,75430
expert.w3,435,0,4,75178
act_fn,435,0,4,5869
expert.w2,435,0,4,72578
final_layernorm,435,0,4,10295
lm_head,435,0,4,555571
embedding,436,0,4,20167
input_layernorm,436,0,4,10108
q_proj,436,0,4,57757
k_proj,436,0,4,22586
v_proj,436,0,4,22205
rope,436,0,4,33999
o_proj,436,0,4,55992
post_layernorm,436,0,4,10488
gate,436,0,4,74825
expert.w1,436,0,4,75458
expert.w3,436,0,4,75178
act_fn,436,0,4,5852
expert.w2,436,0,4,72586
final_layernorm,436,0,4,10326
lm_head,436,0,4,555565
embedding,437,0,4,21702
input_layernorm,437,0,4,10847
q_proj,437,0,4,63798
k_proj,437,0,4,24943
v_proj,437,0,4,24620
rope,437,0,4,36581
o_proj,437,0,4,61832
post_layernorm,437,0,4,11270
gate,437,0,4,82507
expert.w1,437,0,4,83281
expert.w3,437,0,4,83082
act_fn,437,0,4,6272
expert.w2,437,0,4,79970
final_layernorm,437,0,4,11099
lm_head,437,0,4,614297
embedding,438,0,4,21714
input_layernorm,438,0,4,10812
q_proj,438,0,4,63804
k_proj,438,0,4,24947
v_proj,438,0,4,24620
rope,438,0,4,36703
o_proj,438,0,4,61848
post_layernorm,438,0,4,11279
gate,438,0,4,82211
expert.w1,438,0,4,83270
expert.w3,438,0,4,83062
act_fn,438,0,4,6332
expert.w2,438,0,4,80007
final_layernorm,438,0,4,11054
lm_head,438,0,4,614256
embedding,439,0,4,21751
input_layernorm,439,0,4,10838
q_proj,439,0,4,63805
k_proj,439,0,4,24951
v_proj,439,0,4,24631
rope,439,0,4,36584
o_proj,439,0,4,61830
post_layernorm,439,0,4,11288
gate,439,0,4,82527
expert.w1,439,0,4,83240
expert.w3,439,0,4,83047
act_fn,439,0,4,6372
expert.w2,439,0,4,80056
final_layernorm,439,0,4,11069
lm_head,439,0,4,614275
embedding,440,0,4,20278
input_layernorm,440,0,4,10125
q_proj,440,0,4,57759
k_proj,440,0,4,22601
v_proj,440,0,4,22200
rope,440,0,4,34125
o_proj,440,0,4,55955
post_layernorm,440,0,4,10517
gate,440,0,4,74913
expert.w1,440,0,4,75464
expert.w3,440,0,4,75175
act_fn,440,0,4,5989
expert.w2,440,0,4,72571
final_layernorm,440,0,4,10299
lm_head,440,0,4,555609
embedding,441,0,4,20172
input_layernorm,441,0,4,10219
q_proj,441,0,4,57768
k_proj,441,0,4,22526
v_proj,441,0,4,22267
rope,441,0,4,33536
o_proj,441,0,4,55983
post_layernorm,441,0,4,10481
gate,441,0,4,75726
expert.w1,441,0,4,75445
expert.w3,441,0,4,75196
act_fn,441,0,4,5873
expert.w2,441,0,4,72489
final_layernorm,441,0,4,10375
lm_head,441,0,4,555636
embedding,442,0,4,21839
input_layernorm,442,0,4,10933
q_proj,442,0,4,63806
k_proj,442,0,4,24934
v_proj,442,0,4,24719
rope,442,0,4,36939
o_proj,442,0,4,61858
post_layernorm,442,0,4,11306
gate,442,0,4,82744
expert.w1,442,0,4,83271
expert.w3,442,0,4,83072
act_fn,442,0,4,6291
expert.w2,442,0,4,80017
final_layernorm,442,0,4,11066
lm_head,442,0,4,614297
embedding,443,0,4,21900
input_layernorm,443,0,4,10773
q_proj,443,0,4,63806
k_proj,443,0,4,24949
v_proj,443,0,4,24627
rope,443,0,4,36779
o_proj,443,0,4,61871
post_layernorm,443,0,4,11313
gate,443,0,4,83055
expert.w1,443,0,4,83280
expert.w3,443,0,4,83095
act_fn,443,0,4,6271
expert.w2,443,0,4,80098
final_layernorm,443,0,4,11099
lm_head,443,0,4,614314
embedding,444,0,4,20396
input_layernorm,444,0,4,10277
q_proj,444,0,4,57770
k_proj,444,0,4,22577
v_proj,444,0,4,22301
rope,444,0,4,34254
o_proj,444,0,4,56006
post_layernorm,444,0,4,10640
gate,444,0,4,75354
expert.w1,444,0,4,75480
expert.w3,444,0,4,75186
act_fn,444,0,4,5821
expert.w2,444,0,4,72589
final_layernorm,444,0,4,10390
lm_head,444,0,4,555654
embedding,445,0,4,21887
input_layernorm,445,0,4,10881
q_proj,445,0,4,63800
k_proj,445,0,4,24895
v_proj,445,0,4,24683
rope,445,0,4,36848
o_proj,445,0,4,61873
post_layernorm,445,0,4,11335
gate,445,0,4,83077
expert.w1,445,0,4,83291
expert.w3,445,0,4,83085
act_fn,445,0,4,6263
expert.w2,445,0,4,80110
final_layernorm,445,0,4,11087
lm_head,445,0,4,614344
embedding,446,0,4,22192
input_layernorm,446,0,4,10824
q_proj,446,0,4,63795
k_proj,446,0,4,24949
v_proj,446,0,4,24751
rope,446,0,4,37080
o_proj,446,0,4,61902
post_layernorm,446,0,4,11254
gate,446,0,4,82824
expert.w1,446,0,4,83292
expert.w3,446,0,4,83086
act_fn,446,0,4,6347
expert.w2,446,0,4,80062
final_layernorm,446,0,4,11165
lm_head,446,0,4,614361
embedding,447,0,4,20807
input_layernorm,447,0,4,10216
q_proj,447,0,4,57778
k_proj,447,0,4,22589
v_proj,447,0,4,22297
rope,447,0,4,33780
o_proj,447,0,4,55982
post_layernorm,447,0,4,10588
gate,447,0,4,75750
expert.w1,447,0,4,75461
expert.w3,447,0,4,75189
act_fn,447,0,4,5868
expert.w2,447,0,4,72608
final_layernorm,447,0,4,10342
lm_head,447,0,4,555736
embedding,448,0,4,22390
input_layernorm,448,0,4,11000
q_proj,448,0,4,63801
k_proj,448,0,4,24899
v_proj,448,0,4,24677
rope,448,0,4,37564
o_proj,448,0,4,61859
post_layernorm,448,0,4,11285
gate,448,0,4,78447
expert.w1,448,0,4,83314
expert.w3,448,0,4,83065
act_fn,448,0,4,6328
expert.w2,448,0,4,80050
final_layernorm,448,0,4,11151
lm_head,448,0,4,614390
embedding,449,0,4,22378
input_layernorm,449,0,4,10873
q_proj,449,0,4,63789
k_proj,449,0,4,24865
v_proj,449,0,4,24877
rope,449,0,4,36980
o_proj,449,0,4,76303
post_layernorm,449,0,4,11385
gate,449,0,4,79668
expert.w1,449,0,4,83200
expert.w3,449,0,4,83106
act_fn,449,0,4,6522
expert.w2,449,0,4,80094
final_layernorm,449,0,4,10992
lm_head,449,0,4,614374
embedding,450,0,4,21145
input_layernorm,450,0,4,10209
q_proj,450,0,4,58675
k_proj,450,0,4,22806
v_proj,450,0,4,22804
rope,450,0,4,34483
o_proj,450,0,4,70163
post_layernorm,450,0,4,10782
gate,450,0,4,73434
expert.w1,450,0,4,76566
expert.w3,450,0,4,76481
act_fn,450,0,4,6068
expert.w2,450,0,4,73723
final_layernorm,450,0,4,10399
lm_head,450,0,4,564700
embedding,451,0,4,22724
input_layernorm,451,0,4,10987
q_proj,451,0,4,63793
k_proj,451,0,4,24871
v_proj,451,0,4,24852
rope,451,0,4,37146
o_proj,451,0,4,76290
post_layernorm,451,0,4,11511
gate,451,0,4,79528
expert.w1,451,0,4,83224
expert.w3,451,0,4,83143
act_fn,451,0,4,6481
expert.w2,451,0,4,80065
final_layernorm,451,0,4,11158
lm_head,451,0,4,614398
embedding,452,0,4,20920
input_layernorm,452,0,4,10240
q_proj,452,0,4,57755
k_proj,452,0,4,22408
v_proj,452,0,4,22417
rope,452,0,4,34552
o_proj,452,0,4,69019
post_layernorm,452,0,4,10745
gate,452,0,4,72147
expert.w1,452,0,4,75386
expert.w3,452,0,4,75286
act_fn,452,0,4,5798
expert.w2,452,0,4,72563
final_layernorm,452,0,4,10381
lm_head,452,0,4,555759
embedding,453,0,4,20984
input_layernorm,453,0,4,10157
q_proj,453,0,4,57306
k_proj,453,0,4,22271
v_proj,453,0,4,22253
rope,453,0,4,33639
o_proj,453,0,4,68485
post_layernorm,453,0,4,10775
gate,453,0,4,71994
expert.w1,453,0,4,74792
expert.w3,453,0,4,74637
act_fn,453,0,4,5929
expert.w2,453,0,4,72024
final_layernorm,453,0,4,10297
lm_head,453,0,4,551429
embedding,454,0,4,22555
input_layernorm,454,0,4,11007
q_proj,454,0,4,63783
k_proj,454,0,4,24830
v_proj,454,0,4,24847
rope,454,0,4,37323
o_proj,454,0,4,76299
post_layernorm,454,0,4,11557
gate,454,0,4,79237
expert.w1,454,0,4,83202
expert.w3,454,0,4,83118
act_fn,454,0,4,6428
expert.w2,454,0,4,80064
final_layernorm,454,0,4,11138
lm_head,454,0,4,614394
embedding,455,0,4,22813
input_layernorm,455,0,4,10925
q_proj,455,0,4,63792
k_proj,455,0,4,24874
v_proj,455,0,4,24872
rope,455,0,4,37279
o_proj,455,0,4,76285
post_layernorm,455,0,4,11678
gate,455,0,4,79383
expert.w1,455,0,4,83251
expert.w3,455,0,4,83106
act_fn,455,0,4,6439
expert.w2,455,0,4,80105
final_layernorm,455,0,4,11161
lm_head,455,0,4,614433
embedding,456,0,4,22704
input_layernorm,456,0,4,10889
q_proj,456,0,4,63798
k_proj,456,0,4,24864
v_proj,456,0,4,24888
rope,456,0,4,37854
o_proj,456,0,4,76316
post_layernorm,456,0,4,11559
gate,456,0,4,79200
expert.w1,456,0,4,83259
expert.w3,456,0,4,83100
act_fn,456,0,4,6414
expert.w2,456,0,4,80097
final_layernorm,456,0,4,11083
lm_head,456,0,4,614441
embedding,457,0,4,22719
input_layernorm,457,0,4,10910
q_proj,457,0,4,93577
k_proj,457,0,4,24885
v_proj,457,0,4,24925
rope,457,0,4,37760
o_proj,457,0,4,76292
post_layernorm,457,0,4,11640
gate,457,0,4,79917
expert.w1,457,0,4,83240
expert.w3,457,0,4,83100
act_fn,457,0,4,6358
expert.w2,457,0,4,80094
final_layernorm,457,0,4,11186
lm_head,457,0,4,614451
embedding,458,0,4,21366
input_layernorm,458,0,4,10362
q_proj,458,0,4,86055
k_proj,458,0,4,22851
v_proj,458,0,4,22940
rope,458,0,4,35017
o_proj,458,0,4,70125
post_layernorm,458,0,4,10901
gate,458,0,4,73690
expert.w1,458,0,4,76611
expert.w3,458,0,4,76436
act_fn,458,0,4,5942
expert.w2,458,0,4,73755
final_layernorm,458,0,4,10486
lm_head,458,0,4,564763
embedding,459,0,4,22797
input_layernorm,459,0,4,11008
q_proj,459,0,4,93591
k_proj,459,0,4,24877
v_proj,459,0,4,24934
rope,459,0,4,37821
o_proj,459,0,4,76290
post_layernorm,459,0,4,11487
gate,459,0,4,79837
expert.w1,459,0,4,83216
expert.w3,459,0,4,83104
act_fn,459,0,4,6416
expert.w2,459,0,4,80111
final_layernorm,459,0,4,11133
lm_head,459,0,4,614434
embedding,460,0,4,22675
input_layernorm,460,0,4,10998
q_proj,460,0,4,93456
k_proj,460,0,4,24833
v_proj,460,0,4,24868
rope,460,0,4,38312
o_proj,460,0,4,76057
post_layernorm,460,0,4,11430
gate,460,0,4,79532
expert.w1,460,0,4,83006
expert.w3,460,0,4,82866
act_fn,460,0,4,6413
expert.w2,460,0,4,79918
final_layernorm,460,0,4,11113
lm_head,460,0,4,612725
embedding,461,0,4,22078
input_layernorm,461,0,4,10695
q_proj,461,0,4,89673
k_proj,461,0,4,23842
v_proj,461,0,4,23885
rope,461,0,4,36155
o_proj,461,0,4,73077
post_layernorm,461,0,4,11248
gate,461,0,4,76949
expert.w1,461,0,4,79793
expert.w3,461,0,4,79668
act_fn,461,0,4,6223
expert.w2,461,0,4,76800
final_layernorm,461,0,4,10841
lm_head,461,0,4,588593
embedding,462,0,4,20729
input_layernorm,462,0,4,10006
q_proj,462,0,4,82196
k_proj,462,0,4,21959
v_proj,462,0,4,21829
rope,462,0,4,33365
o_proj,462,0,4,66849
post_layernorm,462,0,4,10484
gate,462,0,4,70878
expert.w1,462,0,4,73044
expert.w3,462,0,4,72910
act_fn,462,0,4,5864
expert.w2,462,0,4,70415
final_layernorm,462,0,4,10157
lm_head,462,0,4,538684
embedding,463,0,4,22885
input_layernorm,463,0,4,11075
q_proj,463,0,4,93575
k_proj,463,0,4,24878
v_proj,463,0,4,24933
rope,463,0,4,37892
o_proj,463,0,4,76285
post_layernorm,463,0,4,11651
gate,463,0,4,80199
expert.w1,463,0,4,83223
expert.w3,463,0,4,83097
act_fn,463,0,4,6517
expert.w2,463,0,4,80168
final_layernorm,463,0,4,11222
lm_head,463,0,4,614482
embedding,464,0,4,22808
input_layernorm,464,0,4,11034
q_proj,464,0,4,93575
k_proj,464,0,4,24871
v_proj,464,0,4,24925
rope,464,0,4,38375
o_proj,464,0,4,82179
post_layernorm,464,0,4,11519
gate,464,0,4,79995
expert.w1,464,0,4,83209
expert.w3,464,0,4,83084
act_fn,464,0,4,6481
expert.w2,464,0,4,79988
final_layernorm,464,0,4,11239
lm_head,464,0,4,614484
embedding,465,0,4,22955
input_layernorm,465,0,4,11079
q_proj,465,0,4,93602
k_proj,465,0,4,24900
v_proj,465,0,4,24948
rope,465,0,4,37967
o_proj,465,0,4,82200
post_layernorm,465,0,4,11540
gate,465,0,4,80817
expert.w1,465,0,4,83203
expert.w3,465,0,4,83077
act_fn,465,0,4,6659
expert.w2,465,0,4,79985
final_layernorm,465,0,4,11237
lm_head,465,0,4,614479
embedding,466,0,4,22763
input_layernorm,466,0,4,10991
q_proj,466,0,4,93580
k_proj,466,0,4,24898
v_proj,466,0,4,24944
rope,466,0,4,38186
o_proj,466,0,4,82206
post_layernorm,466,0,4,11630
gate,466,0,4,80689
expert.w1,466,0,4,83230
expert.w3,466,0,4,83083
act_fn,466,0,4,6609
expert.w2,466,0,4,79991
final_layernorm,466,0,4,11188
lm_head,466,0,4,614517
embedding,467,0,4,22272
input_layernorm,467,0,4,10599
q_proj,467,0,4,87465
k_proj,467,0,4,23242
v_proj,467,0,4,23291
rope,467,0,4,35541
o_proj,467,0,4,76853
post_layernorm,467,0,4,10926
gate,467,0,4,75982
expert.w1,467,0,4,77841
expert.w3,467,0,4,77723
act_fn,467,0,4,6140
expert.w2,467,0,4,74825
final_layernorm,467,0,4,10694
lm_head,467,0,4,574103
embedding,468,0,4,23220
input_layernorm,468,0,4,11135
q_proj,468,0,4,93573
k_proj,468,0,4,24899
v_proj,468,0,4,24933
rope,468,0,4,38747
o_proj,468,0,4,82210
post_layernorm,468,0,4,11521
gate,468,0,4,80596
expert.w1,468,0,4,83199
expert.w3,468,0,4,83035
act_fn,468,0,4,6580
expert.w2,468,0,4,80025
final_layernorm,468,0,4,11249
lm_head,468,0,4,614525
embedding,469,0,4,23436
input_layernorm,469,0,4,10940
q_proj,469,0,4,93558
k_proj,469,0,4,24907
v_proj,469,0,4,24934
rope,469,0,4,38178
o_proj,469,0,4,82187
post_layernorm,469,0,4,11480
gate,469,0,4,80902
expert.w1,469,0,4,83219
expert.w3,469,0,4,83229
act_fn,469,0,4,6553
expert.w2,469,0,4,80007
final_layernorm,469,0,4,11270
lm_head,469,0,4,614521
embedding,470,0,4,23302
input_layernorm,470,0,4,11156
q_proj,470,0,4,93572
k_proj,470,0,4,24896
v_proj,470,0,4,24926
rope,470,0,4,38373
o_proj,470,0,4,82217
post_layernorm,470,0,4,11576
gate,470,0,4,80666
expert.w1,470,0,4,83007
expert.w3,470,0,4,82991
act_fn,470,0,4,6579
expert.w2,470,0,4,79793
final_layernorm,470,0,4,11271
lm_head,470,0,4,612854
embedding,471,0,4,22137
input_layernorm,471,0,4,10567
q_proj,471,0,4,86055
k_proj,471,0,4,22862
v_proj,471,0,4,22930
rope,471,0,4,35469
o_proj,471,0,4,75598
post_layernorm,471,0,4,10895
gate,471,0,4,74904
expert.w1,471,0,4,76564
expert.w3,471,0,4,76541
act_fn,471,0,4,6129
expert.w2,471,0,4,73571
final_layernorm,471,0,4,10673
lm_head,471,0,4,564867
embedding,472,0,4,23435
input_layernorm,472,0,4,11114
q_proj,472,0,4,93586
k_proj,472,0,4,24902
v_proj,472,0,4,24927
rope,472,0,4,38860
o_proj,472,0,4,82206
post_layernorm,472,0,4,11510
gate,472,0,4,80606
expert.w1,472,0,4,83199
expert.w3,472,0,4,83203
act_fn,472,0,4,6558
expert.w2,472,0,4,79997
final_layernorm,472,0,4,11316
lm_head,472,0,4,614538
embedding,473,0,4,23440
input_layernorm,473,0,4,11012
q_proj,473,0,4,93574
k_proj,473,0,4,24888
v_proj,473,0,4,24927
rope,473,0,4,38198
o_proj,473,0,4,82217
post_layernorm,473,0,4,11465
gate,473,0,4,81479
expert.w1,473,0,4,83234
expert.w3,473,0,4,83168
act_fn,473,0,4,6459
expert.w2,473,0,4,80040
final_layernorm,473,0,4,11256
lm_head,473,0,4,614563
embedding,474,0,4,22706
input_layernorm,474,0,4,10886
q_proj,474,0,4,89697
k_proj,474,0,4,23855
v_proj,474,0,4,23889
rope,474,0,4,37107
o_proj,474,0,4,78804
post_layernorm,474,0,4,11164
gate,474,0,4,78065
expert.w1,474,0,4,79766
expert.w3,474,0,4,79759
act_fn,474,0,4,6283
expert.w2,474,0,4,76711
final_layernorm,474,0,4,11022
lm_head,474,0,4,588799
embedding,475,0,4,23544
input_layernorm,475,0,4,11115
q_proj,475,0,4,93576
k_proj,475,0,4,24891
v_proj,475,0,4,24927
rope,475,0,4,38414
o_proj,475,0,4,82190
post_layernorm,475,0,4,11367
gate,475,0,4,81513
expert.w1,475,0,4,83174
expert.w3,475,0,4,83205
act_fn,475,0,4,6574
expert.w2,475,0,4,79973
final_layernorm,475,0,4,11307
lm_head,475,0,4,614578
embedding,476,0,4,23483
input_layernorm,476,0,4,11172
q_proj,476,0,4,93599
k_proj,476,0,4,24902
v_proj,476,0,4,24928
rope,476,0,4,39007
o_proj,476,0,4,82199
post_layernorm,476,0,4,11496
gate,476,0,4,81332
expert.w1,476,0,4,83167
expert.w3,476,0,4,83177
act_fn,476,0,4,6570
expert.w2,476,0,4,80016
final_layernorm,476,0,4,11424
lm_head,476,0,4,614534
embedding,477,0,4,23541
input_layernorm,477,0,4,11076
q_proj,477,0,4,93585
k_proj,477,0,4,24890
v_proj,477,0,4,24939
rope,477,0,4,38505
o_proj,477,0,4,82184
post_layernorm,477,0,4,11454
gate,477,0,4,81836
expert.w1,477,0,4,83159
expert.w3,477,0,4,83184
act_fn,477,0,4,6583
expert.w2,477,0,4,80048
final_layernorm,477,0,4,11325
lm_head,477,0,4,614567
embedding,478,0,4,21513
input_layernorm,478,0,4,10325
q_proj,478,0,4,82867
k_proj,478,0,4,22156
v_proj,478,0,4,21988
rope,478,0,4,34274
o_proj,478,0,4,72643
post_layernorm,478,0,4,10554
gate,478,0,4,72739
expert.w1,478,0,4,73572
expert.w3,478,0,4,73521
act_fn,478,0,4,5987
expert.w2,478,0,4,70824
final_layernorm,478,0,4,10434
lm_head,478,0,4,543025
embedding,479,0,4,23654
input_layernorm,479,0,4,11135
q_proj,479,0,4,93585
k_proj,479,0,4,24881
v_proj,479,0,4,24942
rope,479,0,4,38593
o_proj,479,0,4,82190
post_layernorm,479,0,4,11590
gate,479,0,4,81836
expert.w1,479,0,4,83144
expert.w3,479,0,4,83168
act_fn,479,0,4,6581
expert.w2,479,0,4,80047
final_layernorm,479,0,4,11278
lm_head,479,0,4,614599
embedding,480,0,4,22506
input_layernorm,480,0,4,10799
q_proj,480,0,4,87483
k_proj,480,0,4,23256
v_proj,480,0,4,23324
rope,480,0,4,37011
o_proj,480,0,4,76856
post_layernorm,480,0,4,10981
gate,480,0,4,76729
expert.w1,480,0,4,77735
expert.w3,480,0,4,77809
act_fn,480,0,4,6240
expert.w2,480,0,4,74861
final_layernorm,480,0,4,10874
lm_head,480,0,4,574248
embedding,481,0,4,23684
input_layernorm,481,0,4,11304
q_proj,481,0,4,84494
k_proj,481,0,4,24890
v_proj,481,0,4,24925
rope,481,0,4,38540
o_proj,481,0,4,82200
post_layernorm,481,0,4,11615
gate,481,0,4,82284
expert.w1,481,0,4,77561
expert.w3,481,0,4,76513
act_fn,481,0,4,6441
expert.w2,481,0,4,79482
final_layernorm,481,0,4,11307
lm_head,481,0,4,614611
embedding,482,0,4,23655
input_layernorm,482,0,4,11069
q_proj,482,0,4,84515
k_proj,482,0,4,24888
v_proj,482,0,4,24931
rope,482,0,4,38774
o_proj,482,0,4,82177
post_layernorm,482,0,4,11618
gate,482,0,4,81876
expert.w1,482,0,4,77605
expert.w3,482,0,4,76531
act_fn,482,0,4,6342
expert.w2,482,0,4,79446
final_layernorm,482,0,4,11352
lm_head,482,0,4,614630
embedding,483,0,4,23679
input_layernorm,483,0,4,11264
q_proj,483,0,4,84490
k_proj,483,0,4,24905
v_proj,483,0,4,24915
rope,483,0,4,38591
o_proj,483,0,4,82175
post_layernorm,483,0,4,11661
gate,483,0,4,82089
expert.w1,483,0,4,77612
expert.w3,483,0,4,76591
act_fn,483,0,4,6372
expert.w2,483,0,4,79482
final_layernorm,483,0,4,11299
lm_head,483,0,4,614636
embedding,484,0,4,23596
input_layernorm,484,0,4,11202
q_proj,484,0,4,84497
k_proj,484,0,4,24888
v_proj,484,0,4,24920
rope,484,0,4,39171
o_proj,484,0,4,82165
post_layernorm,484,0,4,11617
gate,484,0,4,81951
expert.w1,484,0,4,77607
expert.w3,484,0,4,76575
act_fn,484,0,4,6399
expert.w2,484,0,4,79495
final_layernorm,484,0,4,11311
lm_head,484,0,4,614643
embedding,485,0,4,22128
input_layernorm,485,0,4,10653
q_proj,485,0,4,77108
k_proj,485,0,4,22689
v_proj,485,0,4,22733
rope,485,0,4,35308
o_proj,485,0,4,74983
post_layernorm,485,0,4,10925
gate,485,0,4,75624
expert.w1,485,0,4,70923
expert.w3,485,0,4,69833
act_fn,485,0,4,6009
expert.w2,485,0,4,72617
final_layernorm,485,0,4,10685
lm_head,485,0,4,560513
embedding,486,0,4,23700
input_layernorm,486,0,4,11215
q_proj,486,0,4,84502
k_proj,486,0,4,24878
v_proj,486,0,4,24919
rope,486,0,4,38996
o_proj,486,0,4,82196
post_layernorm,486,0,4,11554
gate,486,0,4,81969
expert.w1,486,0,4,77670
expert.w3,486,0,4,76576
act_fn,486,0,4,6375
expert.w2,486,0,4,79498
final_layernorm,486,0,4,11433
lm_head,486,0,4,614669
embedding,487,0,4,24048
input_layernorm,487,0,4,11200
q_proj,487,0,4,84510
k_proj,487,0,4,24892
v_proj,487,0,4,24900
rope,487,0,4,38590
o_proj,487,0,4,82192
post_layernorm,487,0,4,11571
gate,487,0,4,82127
expert.w1,487,0,4,77682
expert.w3,487,0,4,76623
act_fn,487,0,4,6409
expert.w2,487,0,4,79490
final_layernorm,487,0,4,11396
lm_head,487,0,4,614706
embedding,488,0,4,23653
input_layernorm,488,0,4,11016
q_proj,488,0,4,82373
k_proj,488,0,4,24245
v_proj,488,0,4,24292
rope,488,0,4,38587
o_proj,488,0,4,80110
post_layernorm,488,0,4,11370
gate,488,0,4,80096
expert.w1,488,0,4,75794
expert.w3,488,0,4,74712
act_fn,488,0,4,6204
expert.w2,488,0,4,77511
final_layernorm,488,0,4,11264
lm_head,488,0,4,598930
embedding,489,0,4,22241
input_layernorm,489,0,4,10494
q_proj,489,0,4,74739
k_proj,489,0,4,21959
v_proj,489,0,4,22012
rope,489,0,4,34540
o_proj,489,0,4,72678
post_layernorm,489,0,4,10736
gate,489,0,4,73815
expert.w1,489,0,4,68791
expert.w3,489,0,4,67736
act_fn,489,0,4,5940
expert.w2,489,0,4,70471
final_layernorm,489,0,4,10594
lm_head,489,0,4,543199
embedding,490,0,4,24203
input_layernorm,490,0,4,11345
q_proj,490,0,4,84516
k_proj,490,0,4,24871
v_proj,490,0,4,24918
rope,490,0,4,38899
o_proj,490,0,4,82186
post_layernorm,490,0,4,11798
gate,490,0,4,82479
expert.w1,490,0,4,77744
expert.w3,490,0,4,76651
act_fn,490,0,4,6469
expert.w2,490,0,4,79495
final_layernorm,490,0,4,11567
lm_head,490,0,4,614739
embedding,491,0,4,24343
input_layernorm,491,0,4,11269
q_proj,491,0,4,84506
k_proj,491,0,4,24871
v_proj,491,0,4,24913
rope,491,0,4,39077
o_proj,491,0,4,82203
post_layernorm,491,0,4,11787
gate,491,0,4,82706
expert.w1,491,0,4,77741
expert.w3,491,0,4,76624
act_fn,491,0,4,6427
expert.w2,491,0,4,79548
final_layernorm,491,0,4,11590
lm_head,491,0,4,614743
embedding,492,0,4,22143
input_layernorm,492,0,4,10597
q_proj,492,0,4,74749
k_proj,492,0,4,21954
v_proj,492,0,4,22025
rope,492,0,4,35298
o_proj,492,0,4,72722
post_layernorm,492,0,4,10794
gate,492,0,4,73603
expert.w1,492,0,4,69090
expert.w3,492,0,4,67761
act_fn,492,0,4,6015
expert.w2,492,0,4,70475
final_layernorm,492,0,4,10582
lm_head,492,0,4,543263
embedding,493,0,4,24342
input_layernorm,493,0,4,11551
q_proj,493,0,4,84512
k_proj,493,0,4,24856
v_proj,493,0,4,24940
rope,493,0,4,39636
o_proj,493,0,4,82236
post_layernorm,493,0,4,11881
gate,493,0,4,82812
expert.w1,493,0,4,77968
expert.w3,493,0,4,76728
act_fn,493,0,4,6583
expert.w2,493,0,4,79550
final_layernorm,493,0,4,11618
lm_head,493,0,4,614807
embedding,494,0,4,24415
input_layernorm,494,0,4,11458
q_proj,494,0,4,84534
k_proj,494,0,4,24874
v_proj,494,0,4,24966
rope,494,0,4,40062
o_proj,494,0,4,82216
post_layernorm,494,0,4,11837
gate,494,0,4,82593
expert.w1,494,0,4,78061
expert.w3,494,0,4,76743
act_fn,494,0,4,6413
expert.w2,494,0,4,79532
final_layernorm,494,0,4,11598
lm_head,494,0,4,614786
embedding,495,0,4,22648
input_layernorm,495,0,4,10573
q_proj,495,0,4,75946
k_proj,495,0,4,22306
v_proj,495,0,4,22420
rope,495,0,4,36172
o_proj,495,0,4,73843
post_layernorm,495,0,4,11073
gate,495,0,4,75046
expert.w1,495,0,4,70185
expert.w3,495,0,4,68921
act_fn,495,0,4,6000
expert.w2,495,0,4,71540
final_layernorm,495,0,4,10814
lm_head,495,0,4,551838
embedding,496,0,4,24373
input_layernorm,496,0,4,11371
q_proj,496,0,4,84531
k_proj,496,0,4,24852
v_proj,496,0,4,24942
rope,496,0,4,40618
o_proj,496,0,4,82188
post_layernorm,496,0,4,11910
gate,496,0,4,82661
expert.w1,496,0,4,77994
expert.w3,496,0,4,76758
act_fn,496,0,4,6464
expert.w2,496,0,4,79514
final_layernorm,496,0,4,11672
lm_head,496,0,4,614829
embedding,497,0,4,24444
input_layernorm,497,0,4,11356
q_proj,497,0,4,84546
k_proj,497,0,4,24887
v_proj,497,0,4,24965
rope,497,0,4,40199
o_proj,497,0,4,82206
post_layernorm,497,0,4,11937
gate,497,0,4,83835
expert.w1,497,0,4,77967
expert.w3,497,0,4,76692
act_fn,497,0,4,6535
expert.w2,497,0,4,79532
final_layernorm,497,0,4,11614
lm_head,497,0,4,614814
embedding,498,0,4,24124
input_layernorm,498,0,4,11362
q_proj,498,0,4,83830
k_proj,498,0,4,24664
v_proj,498,0,4,24745
rope,498,0,4,40181
o_proj,498,0,4,81511
post_layernorm,498,0,4,11883
gate,498,0,4,82801
expert.w1,498,0,4,77358
expert.w3,498,0,4,76098
act_fn,498,0,4,6401
expert.w2,498,0,4,78862
final_layernorm,498,0,4,11550
lm_head,498,0,4,609552
embedding,499,0,4,24541
input_layernorm,499,0,4,11419
q_proj,499,0,4,84532
k_proj,499,0,4,24884
v_proj,499,0,4,24965
rope,499,0,4,40396
o_proj,499,0,4,82211
post_layernorm,499,0,4,11949
gate,499,0,4,83794
expert.w1,499,0,4,78017
expert.w3,499,0,4,76776
act_fn,499,0,4,6491
expert.w2,499,0,4,79497
final_layernorm,499,0,4,11751
lm_head,499,0,4,614869
embedding,500,0,4,24390
input_layernorm,500,0,4,11623
q_proj,500,0,4,84544
k_proj,500,0,4,24892
v_proj,500,0,4,24961
rope,500,0,4,40775
o_proj,500,0,4,82212
post_layernorm,500,0,4,11888
gate,500,0,4,83402
expert.w1,500,0,4,77949
expert.w3,500,0,4,76782
act_fn,500,0,4,6549
expert.w2,500,0,4,79549
final_layernorm,500,0,4,11630
lm_head,500,0,4,614872
embedding,501,0,4,22284
input_layernorm,501,0,4,10526
q_proj,501,0,4,74179
k_proj,501,0,4,21808
v_proj,501,0,4,21892
rope,501,0,4,35599
o_proj,501,0,4,72173
post_layernorm,501,0,4,10861
gate,501,0,4,74324
expert.w1,501,0,4,68498
expert.w3,501,0,4,67355
act_fn,501,0,4,5986
expert.w2,501,0,4,69945
final_layernorm,501,0,4,10631
lm_head,501,0,4,539250
embedding,502,0,4,24467
input_layernorm,502,0,4,11460
q_proj,502,0,4,84534
k_proj,502,0,4,24894
v_proj,502,0,4,24966
rope,502,0,4,40586
o_proj,502,0,4,82247
post_layernorm,502,0,4,11907
gate,502,0,4,83536
expert.w1,502,0,4,78010
expert.w3,502,0,4,76804
act_fn,502,0,4,6432
expert.w2,502,0,4,79584
final_layernorm,502,0,4,11689
lm_head,502,0,4,614969
embedding,503,0,4,24662
input_layernorm,503,0,4,11532
q_proj,503,0,4,84530
k_proj,503,0,4,24889
v_proj,503,0,4,24967
rope,503,0,4,40392
o_proj,503,0,4,82253
post_layernorm,503,0,4,11950
gate,503,0,4,83856
expert.w1,503,0,4,77979
expert.w3,503,0,4,76817
act_fn,503,0,4,6459
expert.w2,503,0,4,79528
final_layernorm,503,0,4,11716
lm_head,503,0,4,614998
embedding,504,0,4,22544
input_layernorm,504,0,4,10723
q_proj,504,0,4,75328
k_proj,504,0,4,22157
v_proj,504,0,4,22239
rope,504,0,4,36955
o_proj,504,0,4,73281
post_layernorm,504,0,4,11084
gate,504,0,4,74922
expert.w1,504,0,4,69510
expert.w3,504,0,4,68410
act_fn,504,0,4,6155
expert.w2,504,0,4,71021
final_layernorm,504,0,4,10793
lm_head,504,0,4,547639
embedding,505,0,4,24653
input_layernorm,505,0,4,11522
q_proj,505,0,4,84539
k_proj,505,0,4,24895
v_proj,505,0,4,24980
rope,505,0,4,40234
o_proj,505,0,4,82263
post_layernorm,505,0,4,11999
gate,505,0,4,84351
expert.w1,505,0,4,77963
expert.w3,505,0,4,77088
act_fn,505,0,4,6598
expert.w2,505,0,4,79590
final_layernorm,505,0,4,11715
lm_head,505,0,4,614975
embedding,506,0,4,24651
input_layernorm,506,0,4,11516
q_proj,506,0,4,84528
k_proj,506,0,4,24889
v_proj,506,0,4,24966
rope,506,0,4,40745
o_proj,506,0,4,82235
post_layernorm,506,0,4,12005
gate,506,0,4,84078
expert.w1,506,0,4,78013
expert.w3,506,0,4,76901
act_fn,506,0,4,6568
expert.w2,506,0,4,79542
final_layernorm,506,0,4,11737
lm_head,506,0,4,615001
embedding,507,0,4,24764
input_layernorm,507,0,4,11588
q_proj,507,0,4,84519
k_proj,507,0,4,24890
v_proj,507,0,4,24963
rope,507,0,4,40751
o_proj,507,0,4,82241
post_layernorm,507,0,4,12050
gate,507,0,4,84322
expert.w1,507,0,4,77985
expert.w3,507,0,4,76862
act_fn,507,0,4,6534
expert.w2,507,0,4,79542
final_layernorm,507,0,4,11807
lm_head,507,0,4,615027
embedding,508,0,4,24972
input_layernorm,508,0,4,11670
q_proj,508,0,4,84537
k_proj,508,0,4,24888
v_proj,508,0,4,24975
rope,508,0,4,41344
o_proj,508,0,4,82257
post_layernorm,508,0,4,12118
gate,508,0,4,84030
expert.w1,508,0,4,77936
expert.w3,508,0,4,76867
act_fn,508,0,4,6561
expert.w2,508,0,4,79547
final_layernorm,508,0,4,11902
lm_head,508,0,4,615055
embedding,509,0,4,25144
input_layernorm,509,0,4,11530
q_proj,509,0,4,84538
k_proj,509,0,4,24882
v_proj,509,0,4,24967
rope,509,0,4,40887
o_proj,509,0,4,82270
post_layernorm,509,0,4,12095
gate,509,0,4,84674
expert.w1,509,0,4,77977
expert.w3,509,0,4,76884
act_fn,509,0,4,6565
expert.w2,509,0,4,79560
final_layernorm,509,0,4,11741
lm_head,509,0,4,615080
embedding,510,0,4,22706
input_layernorm,510,0,4,10699
q_proj,510,0,4,74181
k_proj,510,0,4,21802
v_proj,510,0,4,21880
rope,510,0,4,36137
o_proj,510,0,4,72193
post_layernorm,510,0,4,11013
gate,510,0,4,74715
expert.w1,510,0,4,68520
expert.w3,510,0,4,67542
act_fn,510,0,4,6212
expert.w2,510,0,4,69989
final_layernorm,510,0,4,10769
lm_head,510,0,4,539418
embedding,511,0,4,25223
input_layernorm,511,0,4,11642
q_proj,511,0,4,84553
k_proj,511,0,4,24888
v_proj,511,0,4,24965
rope,511,0,4,40915
o_proj,511,0,4,82271
post_layernorm,511,0,4,12158
gate,511,0,4,84635
expert.w1,511,0,4,78014
expert.w3,511,0,4,76961
act_fn,511,0,4,6528
expert.w2,511,0,4,79559
final_layernorm,511,0,4,11865
lm_head,511,0,4,615118
embedding,512,0,4,25274
input_layernorm,512,0,4,11754
q_proj,512,0,4,84552
k_proj,512,0,4,24891
v_proj,512,0,4,24977
rope,512,0,4,41324
o_proj,512,0,4,82249
post_layernorm,512,0,4,12294
gate,512,0,4,79837
expert.w1,512,0,4,78093
expert.w3,512,0,4,76963
act_fn,512,0,4,6611
expert.w2,512,0,4,79578
final_layernorm,512,0,4,11949
lm_head,512,0,4,615148
embedding,513,0,4,24874
input_layernorm,513,0,4,11347
q_proj,513,0,4,121669
k_proj,513,0,4,23882
v_proj,513,0,4,23833
rope,513,0,4,40003
o_proj,513,0,4,120027
post_layernorm,513,0,4,11905
gate,513,0,4,79990
expert.w1,513,0,4,80743
expert.w3,513,0,4,80540
act_fn,513,0,4,6549
expert.w2,513,0,4,77769
final_layernorm,513,0,4,11692
lm_head,513,0,4,599381
embedding,514,0,4,25185
input_layernorm,514,0,4,11611
q_proj,514,0,4,124825
k_proj,514,0,4,24478
v_proj,514,0,4,24427
rope,514,0,4,40963
o_proj,514,0,4,123107
post_layernorm,514,0,4,12119
gate,514,0,4,81981
expert.w1,514,0,4,82834
expert.w3,514,0,4,82608
act_fn,514,0,4,6672
expert.w2,514,0,4,79781
final_layernorm,514,0,4,11780
lm_head,514,0,4,615171
embedding,515,0,4,25184
input_layernorm,515,0,4,11713
q_proj,515,0,4,124817
k_proj,515,0,4,24475
v_proj,515,0,4,24440
rope,515,0,4,40956
o_proj,515,0,4,123139
post_layernorm,515,0,4,12053
gate,515,0,4,82030
expert.w1,515,0,4,82837
expert.w3,515,0,4,82612
act_fn,515,0,4,6726
expert.w2,515,0,4,79772
final_layernorm,515,0,4,11846
lm_head,515,0,4,615174
embedding,516,0,4,22907
input_layernorm,516,0,4,10772
q_proj,516,0,4,107997
k_proj,516,0,4,21192
v_proj,516,0,4,21116
rope,516,0,4,36751
o_proj,516,0,4,106404
post_layernorm,516,0,4,11140
gate,516,0,4,71459
expert.w1,516,0,4,71746
expert.w3,516,0,4,71471
act_fn,516,0,4,5882
expert.w2,516,0,4,69082
final_layernorm,516,0,4,10861
lm_head,516,0,4,533863
embedding,517,0,4,22639
input_layernorm,517,0,4,10694
q_proj,517,0,4,107966
k_proj,517,0,4,21174
v_proj,517,0,4,21110
rope,517,0,4,36082
o_proj,517,0,4,106374
post_layernorm,517,0,4,10999
gate,517,0,4,71848
expert.w1,517,0,4,71741
expert.w3,517,0,4,71462
act_fn,517,0,4,5919
expert.w2,517,0,4,69084
final_layernorm,517,0,4,10759
lm_head,517,0,4,533957
embedding,518,0,4,22624
input_layernorm,518,0,4,10776
q_proj,518,0,4,107978
k_proj,518,0,4,21189
v_proj,518,0,4,21118
rope,518,0,4,36208
o_proj,518,0,4,106408
post_layernorm,518,0,4,10796
gate,518,0,4,71570
expert.w1,518,0,4,71699
expert.w3,518,0,4,71468
act_fn,518,0,4,5959
expert.w2,518,0,4,69065
final_layernorm,518,0,4,10722
lm_head,518,0,4,533962
embedding,519,0,4,25278
input_layernorm,519,0,4,11774
q_proj,519,0,4,124836
k_proj,519,0,4,24480
v_proj,519,0,4,24427
rope,519,0,4,40871
o_proj,519,0,4,123103
post_layernorm,519,0,4,12221
gate,519,0,4,82193
expert.w1,519,0,4,82820
expert.w3,519,0,4,82618
act_fn,519,0,4,6679
expert.w2,519,0,4,79773
final_layernorm,519,0,4,11875
lm_head,519,0,4,615229
embedding,520,0,4,23419
input_layernorm,520,0,4,11357
q_proj,520,0,4,112100
k_proj,520,0,4,22020
v_proj,520,0,4,21980
rope,520,0,4,38072
o_proj,520,0,4,110484
post_layernorm,520,0,4,11368
gate,520,0,4,74316
expert.w1,520,0,4,74362
expert.w3,520,0,4,74149
act_fn,520,0,4,6182
expert.w2,520,0,4,71638
final_layernorm,520,0,4,11229
lm_head,520,0,4,552314
embedding,521,0,4,25436
input_layernorm,521,0,4,11775
q_proj,521,0,4,124844
k_proj,521,0,4,24485
v_proj,521,0,4,24426
rope,521,0,4,40841
o_proj,521,0,4,123089
post_layernorm,521,0,4,12123
gate,521,0,4,82499
expert.w1,521,0,4,82831
expert.w3,521,0,4,82617
act_fn,521,0,4,6726
expert.w2,521,0,4,79816
final_layernorm,521,0,4,12015
lm_head,521,0,4,615300
embedding,522,0,4,22621
input_layernorm,522,0,4,11005
q_proj,522,0,4,107975
k_proj,522,0,4,21181
v_proj,522,0,4,21123
rope,522,0,4,36359
o_proj,522,0,4,106422
post_layernorm,522,0,4,10871
gate,522,0,4,71973
expert.w1,522,0,4,71696
expert.w3,522,0,4,71468
act_fn,522,0,4,5970
expert.w2,522,0,4,69082
final_layernorm,522,0,4,10745
lm_head,522,0,4,534155
embedding,523,0,4,25410
input_layernorm,523,0,4,11849
q_proj,523,0,4,124836
k_proj,523,0,4,24484
v_proj,523,0,4,24439
rope,523,0,4,41187
o_proj,523,0,4,123139
post_layernorm,523,0,4,12258
gate,523,0,4,82459
expert.w1,523,0,4,82844
expert.w3,523,0,4,82616
act_fn,523,0,4,6723
expert.w2,523,0,4,79784
final_layernorm,523,0,4,11974
lm_head,523,0,4,615297
embedding,524,0,4,25432
input_layernorm,524,0,4,12381
q_proj,524,0,4,124827
k_proj,524,0,4,24493
v_proj,524,0,4,24437
rope,524,0,4,41534
o_proj,524,0,4,123170
post_layernorm,524,0,4,12334
gate,524,0,4,82356
expert.w1,524,0,4,82814
expert.w3,524,0,4,82619
act_fn,524,0,4,6677
expert.w2,524,0,4,79804
final_layernorm,524,0,4,12118
lm_head,524,0,4,615319
embedding,525,0,4,22814
input_layernorm,525,0,4,10968
q_proj,525,0,4,107983
k_proj,525,0,4,21179
v_proj,525,0,4,21112
rope,525,0,4,36302
o_proj,525,0,4,106436
post_layernorm,525,0,4,11037
gate,525,0,4,72369
expert.w1,525,0,4,71664
expert.w3,525,0,4,71471
act_fn,525,0,4,5929
expert.w2,525,0,4,69094
final_layernorm,525,0,4,10837
lm_head,525,0,4,534160
embedding,526,0,4,22647
input_layernorm,526,0,4,11276
q_proj,526,0,4,108000
k_proj,526,0,4,21178
v_proj,526,0,4,21115
rope,526,0,4,36456
o_proj,526,0,4,106442
post_layernorm,526,0,4,11006
gate,526,0,4,72246
expert.w1,526,0,4,71658
expert.w3,526,0,4,71484
act_fn,526,0,4,5981
expert.w2,526,0,4,69078
final_layernorm,526,0,4,10748
lm_head,526,0,4,534218
embedding,527,0,4,25515
input_layernorm,527,0,4,12069
q_proj,527,0,4,124850
k_proj,527,0,4,24472
v_proj,527,0,4,24427
rope,527,0,4,41059
o_proj,527,0,4,123200
post_layernorm,527,0,4,12346
gate,527,0,4,82726
expert.w1,527,0,4,82817
expert.w3,527,0,4,82621
act_fn,527,0,4,6705
expert.w2,527,0,4,79779
final_layernorm,527,0,4,12015
lm_head,527,0,4,615347
embedding,528,0,4,25882
input_layernorm,528,0,4,12253
q_proj,528,0,4,124829
k_proj,528,0,4,24481
v_proj,528,0,4,24426
rope,528,0,4,41696
o_proj,528,0,4,123159
post_layernorm,528,0,4,12387
gate,528,0,4,82404
expert.w1,528,0,4,82778
expert.w3,528,0,4,82601
act_fn,528,0,4,6705
expert.w2,528,0,4,79804
final_layernorm,528,0,4,12129
lm_head,528,0,4,615400
embedding,529,0,4,23238
input_layernorm,529,0,4,10825
q_proj,529,0,4,107973
k_proj,529,0,4,21210
v_proj,529,0,4,21122
rope,529,0,4,36480
o_proj,529,0,4,106491
post_layernorm,529,0,4,11111
gate,529,0,4,72771
expert.w1,529,0,4,71675
expert.w3,529,0,4,71462
act_fn,529,0,4,5970
expert.w2,529,0,4,69057
final_layernorm,529,0,4,10884
lm_head,529,0,4,534352
embedding,530,0,4,23109
input_layernorm,530,0,4,11173
q_proj,530,0,4,107981
k_proj,530,0,4,21173
v_proj,530,0,4,21123
rope,530,0,4,36684
o_proj,530,0,4,106468
post_layernorm,530,0,4,10952
gate,530,0,4,72746
expert.w1,530,0,4,71657
expert.w3,530,0,4,71472
act_fn,530,0,4,5987
expert.w2,530,0,4,69133
final_layernorm,530,0,4,10735
lm_head,530,0,4,534434
embedding,531,0,4,25904
input_layernorm,531,0,4,12154
q_proj,531,0,4,124836
k_proj,531,0,4,24465
v_proj,531,0,4,24422
rope,531,0,4,41349
o_proj,531,0,4,123182
post_layernorm,531,0,4,12331
gate,531,0,4,83371
expert.w1,531,0,4,82791
expert.w3,531,0,4,82617
act_fn,531,0,4,6735
expert.w2,531,0,4,79797
final_layernorm,531,0,4,12091
lm_head,531,0,4,615436
embedding,532,0,4,25965
input_layernorm,532,0,4,12224
q_proj,532,0,4,124835
k_proj,532,0,4,24497
v_proj,532,0,4,24428
rope,532,0,4,41980
o_proj,532,0,4,123147
post_layernorm,532,0,4,12373
gate,532,0,4,83120
expert.w1,532,0,4,82797
expert.w3,532,0,4,82629
act_fn,532,0,4,6719
expert.w2,532,0,4,79786
final_layernorm,532,0,4,12088
lm_head,532,0,4,615428
embedding,533,0,4,24551
input_layernorm,533,0,4,11308
q_proj,533,0,4,114823
k_proj,533,0,4,22536
v_proj,533,0,4,22480
rope,533,0,4,38881
o_proj,533,0,4,113280
post_layernorm,533,0,4,11688
gate,533,0,4,77292
expert.w1,533,0,4,76200
expert.w3,533,0,4,75944
act_fn,533,0,4,6398
expert.w2,533,0,4,73348
final_layernorm,533,0,4,11318
lm_head,533,0,4,565819
embedding,534,0,4,23377
input_layernorm,534,0,4,11055
q_proj,534,0,4,108021
k_proj,534,0,4,21184
v_proj,534,0,4,21127
rope,534,0,4,37112
o_proj,534,0,4,106456
post_layernorm,534,0,4,11076
gate,534,0,4,73140
expert.w1,534,0,4,71693
expert.w3,534,0,4,71480
act_fn,534,0,4,5973
expert.w2,534,0,4,69126
final_layernorm,534,0,4,10814
lm_head,534,0,4,534575
embedding,535,0,4,26201
input_layernorm,535,0,4,12229
q_proj,535,0,4,124843
k_proj,535,0,4,24480
v_proj,535,0,4,24445
rope,535,0,4,41816
o_proj,535,0,4,123154
post_layernorm,535,0,4,12403
gate,535,0,4,83562
expert.w1,535,0,4,82793
expert.w3,535,0,4,82616
act_fn,535,0,4,6767
expert.w2,535,0,4,79783
final_layernorm,535,0,4,12161
lm_head,535,0,4,615482
embedding,536,0,4,26336
input_layernorm,536,0,4,12208
q_proj,536,0,4,124849
k_proj,536,0,4,24491
v_proj,536,0,4,24439
rope,536,0,4,42414
o_proj,536,0,4,123221
post_layernorm,536,0,4,12480
gate,536,0,4,83285
expert.w1,536,0,4,82815
expert.w3,536,0,4,82614
act_fn,536,0,4,6841
expert.w2,536,0,4,79799
final_layernorm,536,0,4,12114
lm_head,536,0,4,615525
embedding,537,0,4,24113
input_layernorm,537,0,4,11464
q_proj,537,0,4,111223
k_proj,537,0,4,21843
v_proj,537,0,4,21784
rope,537,0,4,38184
o_proj,537,0,4,109690
post_layernorm,537,0,4,11455
gate,537,0,4,75692
expert.w1,537,0,4,73764
expert.w3,537,0,4,73514
act_fn,537,0,4,6212
expert.w2,537,0,4,71040
final_layernorm,537,0,4,11037
lm_head,537,0,4,548117
embedding,538,0,4,26109
input_layernorm,538,0,4,11926
q_proj,538,0,4,124852
k_proj,538,0,4,24481
v_proj,538,0,4,24422
rope,538,0,4,42018
o_proj,538,0,4,123178
post_layernorm,538,0,4,12356
gate,538,0,4,83907
expert.w1,538,0,4,82806
expert.w3,538,0,4,82623
act_fn,538,0,4,6869
expert.w2,538,0,4,79782
final_layernorm,538,0,4,12047
lm_head,538,0,4,615498
embedding,539,0,4,26199
input_layernorm,539,0,4,12203
q_proj,539,0,4,124863
k_proj,539,0,4,24493
v_proj,539,0,4,24444
rope,539,0,4,41853
o_proj,539,0,4,123161
post_layernorm,539,0,4,12448
gate,539,0,4,84014
expert.w1,539,0,4,82807
expert.w3,539,0,4,82624
act_fn,539,0,4,6934
expert.w2,539,0,4,79774
final_layernorm,539,0,4,12116
lm_head,539,0,4,615535
embedding,540,0,4,26163
input_layernorm,540,0,4,12314
q_proj,540,0,4,124073
k_proj,540,0,4,24356
v_proj,540,0,4,24290
rope,540,0,4,42204
o_proj,540,0,4,122399
post_layernorm,540,0,4,12476
gate,540,0,4,83282
expert.w1,540,0,4,82246
expert.w3,540,0,4,82064
act_fn,540,0,4,6837
expert.w2,540,0,4,79249
final_layernorm,540,0,4,12085
lm_head,540,0,4,609710
embedding,541,0,4,24432
input_layernorm,541,0,4,11265
q_proj,541,0,4,113110
k_proj,541,0,4,22188
v_proj,541,0,4,22126
rope,541,0,4,38613
o_proj,541,0,4,111519
post_layernorm,541,0,4,11585
gate,541,0,4,76615
expert.w1,541,0,4,74990
expert.w3,541,0,4,74799
act_fn,541,0,4,6351
expert.w2,541,0,4,72226
final_layernorm,541,0,4,11291
lm_head,541,0,4,557061
embedding,542,0,4,26208
input_layernorm,542,0,4,12088
q_proj,542,0,4,124859
k_proj,542,0,4,24473
v_proj,542,0,4,24431
rope,542,0,4,41969
o_proj,542,0,4,123220
post_layernorm,542,0,4,12352
gate,542,0,4,84079
expert.w1,542,0,4,82810
expert.w3,542,0,4,82611
act_fn,542,0,4,6936
expert.w2,542,0,4,79779
final_layernorm,542,0,4,12126
lm_head,542,0,4,615580
embedding,543,0,4,26270
input_layernorm,543,0,4,12370
q_proj,543,0,4,124865
k_proj,543,0,4,24501
v_proj,543,0,4,24457
rope,543,0,4,42012
o_proj,543,0,4,123208
post_layernorm,543,0,4,12491
gate,543,0,4,84243
expert.w1,543,0,4,82804
expert.w3,543,0,4,82614
act_fn,543,0,4,6904
expert.w2,543,0,4,79798
final_layernorm,543,0,4,12178
lm_head,543,0,4,615596
embedding,544,0,4,26104
input_layernorm,544,0,4,12361
q_proj,544,0,4,124151
k_proj,544,0,4,24334
v_proj,544,0,4,24276
rope,544,0,4,42422
o_proj,544,0,4,122465
post_layernorm,544,0,4,12475
gate,544,0,4,83166
expert.w1,544,0,4,82331
expert.w3,544,0,4,82165
act_fn,544,0,4,6875
expert.w2,544,0,4,79354
final_layernorm,544,0,4,12071
lm_head,544,0,4,612146
embedding,545,0,4,25705
input_layernorm,545,0,4,12194
q_proj,545,0,4,120671
k_proj,545,0,4,23646
v_proj,545,0,4,23564
rope,545,0,4,40752
o_proj,545,0,4,119035
post_layernorm,545,0,4,12159
gate,545,0,4,81587
expert.w1,545,0,4,80004
expert.w3,545,0,4,79818
act_fn,545,0,4,6921
expert.w2,545,0,4,77119
final_layernorm,545,0,4,11886
lm_head,545,0,4,594822
embedding,546,0,4,26325
input_layernorm,546,0,4,12547
q_proj,546,0,4,124892
k_proj,546,0,4,24493
v_proj,546,0,4,24451
rope,546,0,4,42135
o_proj,546,0,4,123221
post_layernorm,546,0,4,12452
gate,546,0,4,84012
expert.w1,546,0,4,82772
expert.w3,546,0,4,82626
act_fn,546,0,4,7149
expert.w2,546,0,4,79772
final_layernorm,546,0,4,12126
lm_head,546,0,4,615670
embedding,547,0,4,23648
input_layernorm,547,0,4,11361
q_proj,547,0,4,108038
k_proj,547,0,4,21210
v_proj,547,0,4,21138
rope,547,0,4,37290
o_proj,547,0,4,106501
post_layernorm,547,0,4,11349
gate,547,0,4,73860
expert.w1,547,0,4,71655
expert.w3,547,0,4,71490
act_fn,547,0,4,6122
expert.w2,547,0,4,69220
final_layernorm,547,0,4,11029
lm_head,547,0,4,535051
embedding,548,0,4,26217
input_layernorm,548,0,4,12693
q_proj,548,0,4,124903
k_proj,548,0,4,24482
v_proj,548,0,4,24422
rope,548,0,4,42692
o_proj,548,0,4,123169
post_layernorm,548,0,4,12601
gate,548,0,4,84018
expert.w1,548,0,4,82776
expert.w3,548,0,4,82632
act_fn,548,0,4,6945
expert.w2,548,0,4,79778
final_layernorm,548,0,4,12143
lm_head,548,0,4,615689
embedding,549,0,4,26830
input_layernorm,549,0,4,12313
q_proj,549,0,4,124896
k_proj,549,0,4,24474
v_proj,549,0,4,24428
rope,549,0,4,42219
o_proj,549,0,4,123198
post_layernorm,549,0,4,12477
gate,549,0,4,84472
expert.w1,549,0,4,82821
expert.w3,549,0,4,82646
act_fn,549,0,4,6926
expert.w2,549,0,4,79779
final_layernorm,549,0,4,12347
lm_head,549,0,4,615701
embedding,550,0,4,24168
input_layernorm,550,0,4,11332
q_proj,550,0,4,108031
k_proj,550,0,4,21187
v_proj,550,0,4,21126
rope,550,0,4,37686
o_proj,550,0,4,106457
post_layernorm,550,0,4,11328
gate,550,0,4,73894
expert.w1,550,0,4,71642
expert.w3,550,0,4,71515
act_fn,550,0,4,6166
expert.w2,550,0,4,69204
final_layernorm,550,0,4,11181
lm_head,550,0,4,535205
embedding,551,0,4,26876
input_layernorm,551,0,4,12589
q_proj,551,0,4,124892
k_proj,551,0,4,24504
v_proj,551,0,4,24434
rope,551,0,4,42463
o_proj,551,0,4,123240
post_layernorm,551,0,4,12463
gate,551,0,4,84452
expert.w1,551,0,4,82796
expert.w3,551,0,4,82631
act_fn,551,0,4,6940
expert.w2,551,0,4,79805
final_layernorm,551,0,4,12235
lm_head,551,0,4,615748
embedding,552,0,4,26719
input_layernorm,552,0,4,12532
q_proj,552,0,4,124198
k_proj,552,0,4,24369
v_proj,552,0,4,24294
rope,552,0,4,42898
o_proj,552,0,4,122360
post_layernorm,552,0,4,12478
gate,552,0,4,83610
expert.w1,552,0,4,82232
expert.w3,552,0,4,82077
act_fn,552,0,4,6904
expert.w2,552,0,4,79218
final_layernorm,552,0,4,12155
lm_head,552,0,4,611501
embedding,553,0,4,26186
input_layernorm,553,0,4,12296
q_proj,553,0,4,119749
k_proj,553,0,4,23493
v_proj,553,0,4,23442
rope,553,0,4,41208
o_proj,553,0,4,118182
post_layernorm,553,0,4,12362
gate,553,0,4,81713
expert.w1,553,0,4,79350
expert.w3,553,0,4,79227
act_fn,553,0,4,6698
expert.w2,553,0,4,76541
final_layernorm,553,0,4,11918
lm_head,553,0,4,590164
embedding,554,0,4,27211
input_layernorm,554,0,4,12824
q_proj,554,0,4,124910
k_proj,554,0,4,24492
v_proj,554,0,4,24454
rope,554,0,4,42816
o_proj,554,0,4,123262
post_layernorm,554,0,4,12592
gate,554,0,4,84689
expert.w1,554,0,4,82831
expert.w3,554,0,4,82651
act_fn,554,0,4,6916
expert.w2,554,0,4,79815
final_layernorm,554,0,4,12255
lm_head,554,0,4,615813
embedding,555,0,4,24320
input_layernorm,555,0,4,11699
q_proj,555,0,4,108040
k_proj,555,0,4,21171
v_proj,555,0,4,21098
rope,555,0,4,37837
o_proj,555,0,4,106522
post_layernorm,555,0,4,11430
gate,555,0,4,74214
expert.w1,555,0,4,71641
expert.w3,555,0,4,71505
act_fn,555,0,4,6153
expert.w2,555,0,4,69188
final_layernorm,555,0,4,11152
lm_head,555,0,4,535402
embedding,556,0,4,27048
input_layernorm,556,0,4,12841
q_proj,556,0,4,124892
k_proj,556,0,4,24475
v_proj,556,0,4,24432
rope,556,0,4,43207
o_proj,556,0,4,123256
post_layernorm,556,0,4,12526
gate,556,0,4,84615
expert.w1,556,0,4,82777
expert.w3,556,0,4,82631
act_fn,556,0,4,7052
expert.w2,556,0,4,79794
final_layernorm,556,0,4,12253
lm_head,556,0,4,615870
embedding,557,0,4,27067
input_layernorm,557,0,4,12567
q_proj,557,0,4,124910
k_proj,557,0,4,24496
v_proj,557,0,4,24441
rope,557,0,4,42877
o_proj,557,0,4,123292
post_layernorm,557,0,4,12587
gate,557,0,4,85109
expert.w1,557,0,4,82798
expert.w3,557,0,4,82675
act_fn,557,0,4,7161
expert.w2,557,0,4,79786
final_layernorm,557,0,4,12425
lm_head,557,0,4,615877
embedding,558,0,4,24417
input_layernorm,558,0,4,11742
q_proj,558,0,4,108050
k_proj,558,0,4,21185
v_proj,558,0,4,21128
rope,558,0,4,38107
o_proj,558,0,4,106571
post_layernorm,558,0,4,11495
gate,558,0,4,74342
expert.w1,558,0,4,71590
expert.w3,558,0,4,71468
act_fn,558,0,4,6254
expert.w2,558,0,4,69188
final_layernorm,558,0,4,11319
lm_head,558,0,4,535537
embedding,559,0,4,24425
input_layernorm,559,0,4,11541
q_proj,559,0,4,108022
k_proj,559,0,4,21210
v_proj,559,0,4,21121
rope,559,0,4,38097
o_proj,559,0,4,106585
post_layernorm,559,0,4,11474
gate,559,0,4,74324
expert.w1,559,0,4,71617
expert.w3,559,0,4,71505
act_fn,559,0,4,6192
expert.w2,559,0,4,69217
final_layernorm,559,0,4,11184
lm_head,559,0,4,535531
embedding,560,0,4,27391
input_layernorm,560,0,4,12772
q_proj,560,0,4,124910
k_proj,560,0,4,24493
v_proj,560,0,4,24465
rope,560,0,4,43490
o_proj,560,0,4,123236
post_layernorm,560,0,4,12665
gate,560,0,4,84773
expert.w1,560,0,4,82772
expert.w3,560,0,4,82658
act_fn,560,0,4,7016
expert.w2,560,0,4,79789
final_layernorm,560,0,4,12292
lm_head,560,0,4,615931
embedding,561,0,4,27042
input_layernorm,561,0,4,12875
q_proj,561,0,4,124405
k_proj,561,0,4,24391
v_proj,561,0,4,24343
rope,561,0,4,42822
o_proj,561,0,4,122795
post_layernorm,561,0,4,12574
gate,561,0,4,85741
expert.w1,561,0,4,82461
expert.w3,561,0,4,82291
act_fn,561,0,4,7016
expert.w2,561,0,4,79481
final_layernorm,561,0,4,12317
lm_head,561,0,4,612496
embedding,562,0,4,24277
input_layernorm,562,0,4,12083
q_proj,562,0,4,108708
k_proj,562,0,4,21339
v_proj,562,0,4,21253
rope,562,0,4,38516
o_proj,562,0,4,107157
post_layernorm,562,0,4,11678
gate,562,0,4,75569
expert.w1,562,0,4,72046
expert.w3,562,0,4,71901
act_fn,562,0,4,6181
expert.w2,562,0,4,69517
final_layernorm,562,0,4,11263
lm_head,562,0,4,537144
embedding,563,0,4,27276
input_layernorm,563,0,4,12777
q_proj,563,0,4,124925
k_proj,563,0,4,24500
v_proj,563,0,4,24452
rope,563,0,4,42953
o_proj,563,0,4,123340
post_layernorm,563,0,4,12585
gate,563,0,4,86058
expert.w1,563,0,4,82810
expert.w3,563,0,4,82654
act_fn,563,0,4,7109
expert.w2,563,0,4,79799
final_layernorm,563,0,4,12284
lm_head,563,0,4,615926
embedding,564,0,4,27414
input_layernorm,564,0,4,12651
q_proj,564,0,4,124910
k_proj,564,0,4,24515
v_proj,564,0,4,24452
rope,564,0,4,43552
o_proj,564,0,4,123272
post_layernorm,564,0,4,12639
gate,564,0,4,85697
expert.w1,564,0,4,82767
expert.w3,564,0,4,82635
act_fn,564,0,4,7002
expert.w2,564,0,4,79809
final_layernorm,564,0,4,12381
lm_head,564,0,4,615989
embedding,565,0,4,27288
input_layernorm,565,0,4,12658
q_proj,565,0,4,124910
k_proj,565,0,4,24497
v_proj,565,0,4,24459
rope,565,0,4,43154
o_proj,565,0,4,123377
post_layernorm,565,0,4,12653
gate,565,0,4,86154
expert.w1,565,0,4,82814
expert.w3,565,0,4,82646
act_fn,565,0,4,7075
expert.w2,565,0,4,79794
final_layernorm,565,0,4,12559
lm_head,565,0,4,616051
embedding,566,0,4,24586
input_layernorm,566,0,4,12016
q_proj,566,0,4,108028
k_proj,566,0,4,21203
v_proj,566,0,4,21129
rope,566,0,4,38504
o_proj,566,0,4,106536
post_layernorm,566,0,4,11544
gate,566,0,4,75092
expert.w1,566,0,4,71625
expert.w3,566,0,4,71514
act_fn,566,0,4,6189
expert.w2,566,0,4,69182
final_layernorm,566,0,4,11396
lm_head,566,0,4,536104
embedding,567,0,4,24544
input_layernorm,567,0,4,12104
q_proj,567,0,4,108042
k_proj,567,0,4,21375
v_proj,567,0,4,21224
rope,567,0,4,38359
o_proj,567,0,4,106646
post_layernorm,567,0,4,11561
gate,567,0,4,75396
expert.w1,567,0,4,71624
expert.w3,567,0,4,71492
act_fn,567,0,4,6203
expert.w2,567,0,4,69214
final_layernorm,567,0,4,11219
lm_head,567,0,4,536082
embedding,568,0,4,27120
input_layernorm,568,0,4,12887
q_proj,568,0,4,124920
k_proj,568,0,4,24743
v_proj,568,0,4,24580
rope,568,0,4,43791
o_proj,568,0,4,123387
post_layernorm,568,0,4,12839
gate,568,0,4,85935
expert.w1,568,0,4,82768
expert.w3,568,0,4,82649
act_fn,568,0,4,6990
expert.w2,568,0,4,79778
final_layernorm,568,0,4,12341
lm_head,568,0,4,616060
embedding,569,0,4,27774
input_layernorm,569,0,4,13019
q_proj,569,0,4,124929
k_proj,569,0,4,24745
v_proj,569,0,4,24572
rope,569,0,4,43169
o_proj,569,0,4,123403
post_layernorm,569,0,4,12862
gate,569,0,4,86767
expert.w1,569,0,4,82820
expert.w3,569,0,4,82639
act_fn,569,0,4,7016
expert.w2,569,0,4,79797
final_layernorm,569,0,4,12418
lm_head,569,0,4,616065
embedding,570,0,4,25097
input_layernorm,570,0,4,12548
q_proj,570,0,4,108047
k_proj,570,0,4,21391
v_proj,570,0,4,21235
rope,570,0,4,38600
o_proj,570,0,4,106632
post_layernorm,570,0,4,11832
gate,570,0,4,75712
expert.w1,570,0,4,71606
expert.w3,570,0,4,71514
act_fn,570,0,4,6252
expert.w2,570,0,4,69289
final_layernorm,570,0,4,11371
lm_head,570,0,4,536226
embedding,571,0,4,27725
input_layernorm,571,0,4,12754
q_proj,571,0,4,124938
k_proj,571,0,4,24750
v_proj,571,0,4,24589
rope,571,0,4,43141
o_proj,571,0,4,123411
post_layernorm,571,0,4,12773
gate,571,0,4,86673
expert.w1,571,0,4,82795
expert.w3,571,0,4,82639
act_fn,571,0,4,7089
expert.w2,571,0,4,79883
final_layernorm,571,0,4,12452
lm_head,571,0,4,616120
embedding,572,0,4,27700
input_layernorm,572,0,4,12953
q_proj,572,0,4,124940
k_proj,572,0,4,24754
v_proj,572,0,4,24587
rope,572,0,4,43885
o_proj,572,0,4,123447
post_layernorm,572,0,4,12844
gate,572,0,4,86547
expert.w1,572,0,4,82748
expert.w3,572,0,4,82644
act_fn,572,0,4,7078
expert.w2,572,0,4,79775
final_layernorm,572,0,4,12529
lm_head,572,0,4,616097
embedding,573,0,4,24981
input_layernorm,573,0,4,12387
q_proj,573,0,4,108066
k_proj,573,0,4,21380
v_proj,573,0,4,21229
rope,573,0,4,38490
o_proj,573,0,4,106692
post_layernorm,573,0,4,11729
gate,573,0,4,75975
expert.w1,573,0,4,71612
expert.w3,573,0,4,71521
act_fn,573,0,4,6312
expert.w2,573,0,4,69308
final_layernorm,573,0,4,11558
lm_head,573,0,4,536335
embedding,574,0,4,28169
input_layernorm,574,0,4,13097
q_proj,574,0,4,124923
k_proj,574,0,4,24743
v_proj,574,0,4,24570
rope,574,0,4,43713
o_proj,574,0,4,123496
post_layernorm,574,0,4,12944
gate,574,0,4,86641
expert.w1,574,0,4,82742
expert.w3,574,0,4,82664
act_fn,574,0,4,7019
expert.w2,574,0,4,79781
final_layernorm,574,0,4,12689
lm_head,574,0,4,616181
embedding,575,0,4,28015
input_layernorm,575,0,4,12928
q_proj,575,0,4,124952
k_proj,575,0,4,24768
v_proj,575,0,4,24607
rope,575,0,4,43736
o_proj,575,0,4,123517
post_layernorm,575,0,4,12975
gate,575,0,4,86868
expert.w1,575,0,4,82800
expert.w3,575,0,4,82643
act_fn,575,0,4,7007
expert.w2,575,0,4,79781
final_layernorm,575,0,4,12608
lm_head,575,0,4,616193
embedding,576,0,4,28010
input_layernorm,576,0,4,13034
q_proj,576,0,4,124925
k_proj,576,0,4,24747
v_proj,576,0,4,24568
rope,576,0,4,44206
o_proj,576,0,4,123482
post_layernorm,576,0,4,12954
gate,576,0,4,82448
expert.w1,576,0,4,82751
expert.w3,576,0,4,82656
act_fn,576,0,4,7066
expert.w2,576,0,4,79777
final_layernorm,576,0,4,12620
lm_head,576,0,4,616217
embedding,577,0,4,24359
input_layernorm,577,0,4,12464
q_proj,577,0,4,108118
k_proj,577,0,4,22761
v_proj,577,0,4,22637
rope,577,0,4,38433
o_proj,577,0,4,90474
post_layernorm,577,0,4,12027
gate,577,0,4,72370
expert.w1,577,0,4,71660
expert.w3,577,0,4,71575
act_fn,577,0,4,6157
expert.w2,577,0,4,69001
final_layernorm,577,0,4,11525
lm_head,577,0,4,741111
embedding,578,0,4,27372
input_layernorm,578,0,4,13471
q_proj,578,0,4,125068
k_proj,578,0,4,26371
v_proj,578,0,4,26218
rope,578,0,4,44085
o_proj,578,0,4,104672
post_layernorm,578,0,4,13181
gate,578,0,4,82983
expert.w1,578,0,4,82851
expert.w3,578,0,4,82701
act_fn,578,0,4,7019
expert.w2,578,0,4,79790
final_layernorm,578,0,4,12659
lm_head,578,0,4,858156
embedding,579,0,4,24436
input_layernorm,579,0,4,12418
q_proj,579,0,4,108116
k_proj,579,0,4,22767
v_proj,579,0,4,22631
rope,579,0,4,38814
o_proj,579,0,4,90496
post_layernorm,579,0,4,11876
gate,579,0,4,72869
expert.w1,579,0,4,71691
expert.w3,579,0,4,71542
act_fn,579,0,4,6308
expert.w2,579,0,4,69462
final_layernorm,579,0,4,11535
lm_head,579,0,4,741119
embedding,580,0,4,27437
input_layernorm,580,0,4,13601
q_proj,580,0,4,125064
k_proj,580,0,4,26373
v_proj,580,0,4,26218
rope,580,0,4,44440
o_proj,580,0,4,104679
post_layernorm,580,0,4,13149
gate,580,0,4,82931
expert.w1,580,0,4,82828
expert.w3,580,0,4,82689
act_fn,580,0,4,7083
expert.w2,580,0,4,79787
final_layernorm,580,0,4,12661
lm_head,580,0,4,858204
embedding,581,0,4,27446
input_layernorm,581,0,4,13304
q_proj,581,0,4,125082
k_proj,581,0,4,26404
v_proj,581,0,4,26234
rope,581,0,4,43749
o_proj,581,0,4,104559
post_layernorm,581,0,4,13024
gate,581,0,4,83113
expert.w1,581,0,4,82519
expert.w3,581,0,4,82367
act_fn,581,0,4,7098
expert.w2,581,0,4,79450
final_layernorm,581,0,4,12759
lm_head,581,0,4,854614
embedding,582,0,4,24320
input_layernorm,582,0,4,12707
q_proj,582,0,4,108135
k_proj,582,0,4,22760
v_proj,582,0,4,22658
rope,582,0,4,39046
o_proj,582,0,4,90494
post_layernorm,582,0,4,11864
gate,582,0,4,72800
expert.w1,582,0,4,71650
expert.w3,582,0,4,71564
act_fn,582,0,4,6224
expert.w2,582,0,4,69488
final_layernorm,582,0,4,11710
lm_head,582,0,4,741186
embedding,583,0,4,27663
input_layernorm,583,0,4,13595
q_proj,583,0,4,125067
k_proj,583,0,4,26409
v_proj,583,0,4,26212
rope,583,0,4,43666
o_proj,583,0,4,104703
post_layernorm,583,0,4,13132
gate,583,0,4,83116
expert.w1,583,0,4,82851
expert.w3,583,0,4,82695
act_fn,583,0,4,6950
expert.w2,583,0,4,79774
final_layernorm,583,0,4,12866
lm_head,583,0,4,858181
embedding,584,0,4,24928
input_layernorm,584,0,4,12997
q_proj,584,0,4,110584
k_proj,584,0,4,23323
v_proj,584,0,4,23186
rope,584,0,4,40076
o_proj,584,0,4,92574
post_layernorm,584,0,4,12076
gate,584,0,4,74016
expert.w1,584,0,4,73195
expert.w3,584,0,4,73090
act_fn,584,0,4,6234
expert.w2,584,0,4,70480
final_layernorm,584,0,4,11987
lm_head,584,0,4,757947
embedding,585,0,4,27574
input_layernorm,585,0,4,13660
q_proj,585,0,4,124393
k_proj,585,0,4,24939
v_proj,585,0,4,24951
rope,585,0,4,43836
o_proj,585,0,4,104137
post_layernorm,585,0,4,13252
gate,585,0,4,83405
expert.w1,585,0,4,82423
expert.w3,585,0,4,82257
act_fn,585,0,4,6989
expert.w2,585,0,4,79365
final_layernorm,585,0,4,12918
lm_head,585,0,4,852866
embedding,586,0,4,27242
input_layernorm,586,0,4,13729
q_proj,586,0,4,122997
k_proj,586,0,4,24662
v_proj,586,0,4,24680
rope,586,0,4,43442
o_proj,586,0,4,102980
post_layernorm,586,0,4,13261
gate,586,0,4,82221
expert.w1,586,0,4,81398
expert.w3,586,0,4,81285
act_fn,586,0,4,6935
expert.w2,586,0,4,78495
final_layernorm,586,0,4,12800
lm_head,586,0,4,843372
embedding,587,0,4,27273
input_layernorm,587,0,4,13661
q_proj,587,0,4,122048
k_proj,587,0,4,24478
v_proj,587,0,4,24487
rope,587,0,4,43252
o_proj,587,0,4,102184
post_layernorm,587,0,4,12995
gate,587,0,4,81940
expert.w1,587,0,4,80842
expert.w3,587,0,4,80705
act_fn,587,0,4,6940
expert.w2,587,0,4,77878
final_layernorm,587,0,4,12855
lm_head,587,0,4,837310
embedding,588,0,4,25769
input_layernorm,588,0,4,13543
q_proj,588,0,4,115010
k_proj,588,0,4,23073
v_proj,588,0,4,23127
rope,588,0,4,41738
o_proj,588,0,4,96257
post_layernorm,588,0,4,12415
gate,588,0,4,77278
expert.w1,588,0,4,76162
expert.w3,588,0,4,76027
act_fn,588,0,4,6611
expert.w2,588,0,4,73391
final_layernorm,588,0,4,12603
lm_head,588,0,4,788682
embedding,589,0,4,24879
input_layernorm,589,0,4,13454
q_proj,589,0,4,109568
k_proj,589,0,4,21960
v_proj,589,0,4,22012
rope,589,0,4,39650
o_proj,589,0,4,91746
post_layernorm,589,0,4,12235
gate,589,0,4,74296
expert.w1,589,0,4,72572
expert.w3,589,0,4,72423
act_fn,589,0,4,6235
expert.w2,589,0,4,70007
final_layernorm,589,0,4,12251
lm_head,589,0,4,751091
embedding,590,0,4,24783
input_layernorm,590,0,4,13099
q_proj,590,0,4,108113
k_proj,590,0,4,21656
v_proj,590,0,4,21718
rope,590,0,4,39288
o_proj,590,0,4,90498
post_layernorm,590,0,4,12244
gate,590,0,4,73420
expert.w1,590,0,4,71633
expert.w3,590,0,4,71545
act_fn,590,0,4,6213
expert.w2,590,0,4,69525
final_layernorm,590,0,4,12201
lm_head,590,0,4,741282
embedding,591,0,4,28115
input_layernorm,591,0,4,14460
q_proj,591,0,4,125081
k_proj,591,0,4,25083
v_proj,591,0,4,25103
rope,591,0,4,44096
o_proj,591,0,4,104701
post_layernorm,591,0,4,13297
gate,591,0,4,83933
expert.w1,591,0,4,82865
expert.w3,591,0,4,82712
act_fn,591,0,4,7002
expert.w2,591,0,4,79798
final_layernorm,591,0,4,13086
lm_head,591,0,4,858236
embedding,592,0,4,25801
input_layernorm,592,0,4,13753
q_proj,592,0,4,112318
k_proj,592,0,4,22513
v_proj,592,0,4,22562
rope,592,0,4,41178
o_proj,592,0,4,94046
post_layernorm,592,0,4,12241
gate,592,0,4,75715
expert.w1,592,0,4,74379
expert.w3,592,0,4,74237
act_fn,592,0,4,6416
expert.w2,592,0,4,71671
final_layernorm,592,0,4,12514
lm_head,592,0,4,770057
embedding,593,0,4,28142
input_layernorm,593,0,4,14358
q_proj,593,0,4,125066
k_proj,593,0,4,25070
v_proj,593,0,4,25102
rope,593,0,4,44277
o_proj,593,0,4,104650
post_layernorm,593,0,4,13346
gate,593,0,4,84521
expert.w1,593,0,4,121792
expert.w3,593,0,4,121149
act_fn,593,0,4,7048
expert.w2,593,0,4,79791
final_layernorm,593,0,4,13203
lm_head,593,0,4,858235
embedding,594,0,4,28175
input_layernorm,594,0,4,14480
q_proj,594,0,4,125063
k_proj,594,0,4,25082
v_proj,594,0,4,25106
rope,594,0,4,44661
o_proj,594,0,4,104673
post_layernorm,594,0,4,13442
gate,594,0,4,84249
expert.w1,594,0,4,121781
expert.w3,594,0,4,121200
act_fn,594,0,4,7064
expert.w2,594,0,4,79885
final_layernorm,594,0,4,13083
lm_head,594,0,4,858269
embedding,595,0,4,25326
input_layernorm,595,0,4,13556
q_proj,595,0,4,108109
k_proj,595,0,4,21642
v_proj,595,0,4,21713
rope,595,0,4,39242
o_proj,595,0,4,90532
post_layernorm,595,0,4,12235
gate,595,0,4,73585
expert.w1,595,0,4,105335
expert.w3,595,0,4,104711
act_fn,595,0,4,6328
expert.w2,595,0,4,69083
final_layernorm,595,0,4,12249
lm_head,595,0,4,741200
embedding,596,0,4,28443
input_layernorm,596,0,4,14662
q_proj,596,0,4,125064
k_proj,596,0,4,25077
v_proj,596,0,4,25098
rope,596,0,4,44969
o_proj,596,0,4,104690
post_layernorm,596,0,4,13199
gate,596,0,4,84208
expert.w1,596,0,4,121787
expert.w3,596,0,4,121149
act_fn,596,0,4,7103
expert.w2,596,0,4,79759
final_layernorm,596,0,4,13265
lm_head,596,0,4,858306
embedding,597,0,4,28423
input_layernorm,597,0,4,14731
q_proj,597,0,4,125070
k_proj,597,0,4,25064
v_proj,597,0,4,25090
rope,597,0,4,44372
o_proj,597,0,4,104722
post_layernorm,597,0,4,13432
gate,597,0,4,84582
expert.w1,597,0,4,121824
expert.w3,597,0,4,121168
act_fn,597,0,4,7240
expert.w2,597,0,4,79795
final_layernorm,597,0,4,13274
lm_head,597,0,4,858269
embedding,598,0,4,28540
input_layernorm,598,0,4,14585
q_proj,598,0,4,125081
k_proj,598,0,4,25085
v_proj,598,0,4,25089
rope,598,0,4,44792
o_proj,598,0,4,104702
post_layernorm,598,0,4,13626
gate,598,0,4,84405
expert.w1,598,0,4,121837
expert.w3,598,0,4,121172
act_fn,598,0,4,7169
expert.w2,598,0,4,79840
final_layernorm,598,0,4,13388
lm_head,598,0,4,858298
embedding,599,0,4,25375
input_layernorm,599,0,4,13765
q_proj,599,0,4,108114
k_proj,599,0,4,21649
v_proj,599,0,4,21715
rope,599,0,4,39983
o_proj,599,0,4,90523
post_layernorm,599,0,4,12337
gate,599,0,4,73979
expert.w1,599,0,4,105340
expert.w3,599,0,4,104706
act_fn,599,0,4,6330
expert.w2,599,0,4,69058
final_layernorm,599,0,4,12409
lm_head,599,0,4,741332
embedding,600,0,4,28559
input_layernorm,600,0,4,14932
q_proj,600,0,4,125069
k_proj,600,0,4,25089
v_proj,600,0,4,25087
rope,600,0,4,45490
o_proj,600,0,4,104729
post_layernorm,600,0,4,13444
gate,600,0,4,84102
expert.w1,600,0,4,121831
expert.w3,600,0,4,121157
act_fn,600,0,4,7181
expert.w2,600,0,4,79759
final_layernorm,600,0,4,13508
lm_head,600,0,4,858300
embedding,601,0,4,28145
input_layernorm,601,0,4,14696
q_proj,601,0,4,123528
k_proj,601,0,4,24756
v_proj,601,0,4,24790
rope,601,0,4,44397
o_proj,601,0,4,103433
post_layernorm,601,0,4,13684
gate,601,0,4,84128
expert.w1,601,0,4,120319
expert.w3,601,0,4,119643
act_fn,601,0,4,7179
expert.w2,601,0,4,78875
final_layernorm,601,0,4,13453
lm_head,601,0,4,845573
embedding,602,0,4,25274
input_layernorm,602,0,4,14047
q_proj,602,0,4,108109
k_proj,602,0,4,21649
v_proj,602,0,4,21693
rope,602,0,4,40118
o_proj,602,0,4,90525
post_layernorm,602,0,4,12645
gate,602,0,4,74256
expert.w1,602,0,4,105308
expert.w3,602,0,4,104704
act_fn,602,0,4,6403
expert.w2,602,0,4,69361
final_layernorm,602,0,4,12518
lm_head,602,0,4,741371
embedding,603,0,4,28433
input_layernorm,603,0,4,15080
q_proj,603,0,4,125082
k_proj,603,0,4,25072
v_proj,603,0,4,25092
rope,603,0,4,44974
o_proj,603,0,4,104749
post_layernorm,603,0,4,13760
gate,603,0,4,84753
expert.w1,603,0,4,121857
expert.w3,603,0,4,121151
act_fn,603,0,4,7151
expert.w2,603,0,4,79954
final_layernorm,603,0,4,13545
lm_head,603,0,4,858293
embedding,604,0,4,28239
input_layernorm,604,0,4,14836
q_proj,604,0,4,124065
k_proj,604,0,4,24879
v_proj,604,0,4,24887
rope,604,0,4,45101
o_proj,604,0,4,103860
post_layernorm,604,0,4,13469
gate,604,0,4,84112
expert.w1,604,0,4,120814
expert.w3,604,0,4,120225
act_fn,604,0,4,7164
expert.w2,604,0,4,79218
final_layernorm,604,0,4,13590
lm_head,604,0,4,851250
embedding,605,0,4,25314
input_layernorm,605,0,4,13957
q_proj,605,0,4,108128
k_proj,605,0,4,21648
v_proj,605,0,4,21719
rope,605,0,4,40118
o_proj,605,0,4,90561
post_layernorm,605,0,4,12434
gate,605,0,4,74395
expert.w1,605,0,4,105391
expert.w3,605,0,4,104733
act_fn,605,0,4,6394
expert.w2,605,0,4,69239
final_layernorm,605,0,4,12674
lm_head,605,0,4,741392
embedding,606,0,4,25645
input_layernorm,606,0,4,13999
q_proj,606,0,4,108121
k_proj,606,0,4,21656
v_proj,606,0,4,21701
rope,606,0,4,40264
o_proj,606,0,4,90517
post_layernorm,606,0,4,12770
gate,606,0,4,74352
expert.w1,606,0,4,105333
expert.w3,606,0,4,104711
act_fn,606,0,4,6392
expert.w2,606,0,4,69211
final_layernorm,606,0,4,12652
lm_head,606,0,4,741422
embedding,607,0,4,28437
input_layernorm,607,0,4,15080
q_proj,607,0,4,125086
k_proj,607,0,4,25070
v_proj,607,0,4,25098
rope,607,0,4,45055
o_proj,607,0,4,104731
post_layernorm,607,0,4,13880
gate,607,0,4,85247
expert.w1,607,0,4,121896
expert.w3,607,0,4,121224
act_fn,607,0,4,7261
expert.w2,607,0,4,79854
final_layernorm,607,0,4,13850
lm_head,607,0,4,858415
embedding,608,0,4,25393
input_layernorm,608,0,4,14171
q_proj,608,0,4,108121
k_proj,608,0,4,21655
v_proj,608,0,4,21695
rope,608,0,4,40738
o_proj,608,0,4,90493
post_layernorm,608,0,4,12492
gate,608,0,4,74173
expert.w1,608,0,4,105353
expert.w3,608,0,4,104687
act_fn,608,0,4,6427
expert.w2,608,0,4,68994
final_layernorm,608,0,4,12814
lm_head,608,0,4,741471
embedding,609,0,4,25344
input_layernorm,609,0,4,13908
q_proj,609,0,4,108116
k_proj,609,0,4,21656
v_proj,609,0,4,21718
rope,609,0,4,40191
o_proj,609,0,4,90553
post_layernorm,609,0,4,12753
gate,609,0,4,75073
expert.w1,609,0,4,105340
expert.w3,609,0,4,104700
act_fn,609,0,4,6486
expert.w2,609,0,4,69072
final_layernorm,609,0,4,12789
lm_head,609,0,4,741451
embedding,610,0,4,28873
input_layernorm,610,0,4,15052
q_proj,610,0,4,124004
k_proj,610,0,4,24860
v_proj,610,0,4,24869
rope,610,0,4,45093
o_proj,610,0,4,103867
post_layernorm,610,0,4,14126
gate,610,0,4,84279
expert.w1,610,0,4,120770
expert.w3,610,0,4,120077
act_fn,610,0,4,7132
expert.w2,610,0,4,79074
final_layernorm,610,0,4,13757
lm_head,610,0,4,850950
embedding,611,0,4,25866
input_layernorm,611,0,4,14171
q_proj,611,0,4,108122
k_proj,611,0,4,21657
v_proj,611,0,4,21711
rope,611,0,4,40006
o_proj,611,0,4,90593
post_layernorm,611,0,4,12776
gate,611,0,4,74445
expert.w1,611,0,4,105334
expert.w3,611,0,4,104717
act_fn,611,0,4,6546
expert.w2,611,0,4,69065
final_layernorm,611,0,4,12867
lm_head,611,0,4,741449
embedding,612,0,4,28943
input_layernorm,612,0,4,14876
q_proj,612,0,4,125079
k_proj,612,0,4,25076
v_proj,612,0,4,25111
rope,612,0,4,45685
o_proj,612,0,4,104775
post_layernorm,612,0,4,13787
gate,612,0,4,85220
expert.w1,612,0,4,121823
expert.w3,612,0,4,121165
act_fn,612,0,4,7253
expert.w2,612,0,4,79768
final_layernorm,612,0,4,14043
lm_head,612,0,4,858444
embedding,613,0,4,29082
input_layernorm,613,0,4,15121
q_proj,613,0,4,125085
k_proj,613,0,4,25085
v_proj,613,0,4,25103
rope,613,0,4,45111
o_proj,613,0,4,104793
post_layernorm,613,0,4,14008
gate,613,0,4,85544
expert.w1,613,0,4,121858
expert.w3,613,0,4,121172
act_fn,613,0,4,7207
expert.w2,613,0,4,79914
final_layernorm,613,0,4,14062
lm_head,613,0,4,858429
embedding,614,0,4,27439
input_layernorm,614,0,4,14900
q_proj,614,0,4,115966
k_proj,614,0,4,23268
v_proj,614,0,4,23325
rope,614,0,4,42929
o_proj,614,0,4,97147
post_layernorm,614,0,4,13493
gate,614,0,4,79656
expert.w1,614,0,4,112886
expert.w3,614,0,4,112273
act_fn,614,0,4,6896
expert.w2,614,0,4,74081
final_layernorm,614,0,4,13400
lm_head,614,0,4,795367
embedding,615,0,4,25861
input_layernorm,615,0,4,14123
q_proj,615,0,4,108116
k_proj,615,0,4,21656
v_proj,615,0,4,21722
rope,615,0,4,40276
o_proj,615,0,4,90552
post_layernorm,615,0,4,12945
gate,615,0,4,74818
expert.w1,615,0,4,105341
expert.w3,615,0,4,104714
act_fn,615,0,4,6476
expert.w2,615,0,4,69198
final_layernorm,615,0,4,13004
lm_head,615,0,4,741714
embedding,616,0,4,29233
input_layernorm,616,0,4,15133
q_proj,616,0,4,125083
k_proj,616,0,4,25082
v_proj,616,0,4,25113
rope,616,0,4,45777
o_proj,616,0,4,104793
post_layernorm,616,0,4,14057
gate,616,0,4,85426
expert.w1,616,0,4,121831
expert.w3,616,0,4,121185
act_fn,616,0,4,7214
expert.w2,616,0,4,79866
final_layernorm,616,0,4,14118
lm_head,616,0,4,858499
embedding,617,0,4,29264
input_layernorm,617,0,4,15403
q_proj,617,0,4,125026
k_proj,617,0,4,24985
v_proj,617,0,4,24996
rope,617,0,4,45090
o_proj,617,0,4,104362
post_layernorm,617,0,4,14231
gate,617,0,4,85808
expert.w1,617,0,4,121378
expert.w3,617,0,4,120660
act_fn,617,0,4,7256
expert.w2,617,0,4,79581
final_layernorm,617,0,4,14310
lm_head,617,0,4,854974
embedding,618,0,4,25895
input_layernorm,618,0,4,14231
q_proj,618,0,4,108120
k_proj,618,0,4,21661
v_proj,618,0,4,21717
rope,618,0,4,40759
o_proj,618,0,4,90610
post_layernorm,618,0,4,13464
gate,618,0,4,75257
expert.w1,618,0,4,105330
expert.w3,618,0,4,104709
act_fn,618,0,4,6506
expert.w2,618,0,4,69178
final_layernorm,618,0,4,13112
lm_head,618,0,4,741790
embedding,619,0,4,29428
input_layernorm,619,0,4,15492
q_proj,619,0,4,125097
k_proj,619,0,4,25103
v_proj,619,0,4,25103
rope,619,0,4,45321
o_proj,619,0,4,104806
post_layernorm,619,0,4,14327
gate,619,0,4,86243
expert.w1,619,0,4,121881
expert.w3,619,0,4,121155
act_fn,619,0,4,7295
expert.w2,619,0,4,79933
final_layernorm,619,0,4,14251
lm_head,619,0,4,858553
embedding,620,0,4,26079
input_layernorm,620,0,4,14233
q_proj,620,0,4,108118
k_proj,620,0,4,21665
v_proj,620,0,4,21715
rope,620,0,4,41126
o_proj,620,0,4,90584
post_layernorm,620,0,4,12905
gate,620,0,4,75184
expert.w1,620,0,4,105350
expert.w3,620,0,4,104729
act_fn,620,0,4,6426
expert.w2,620,0,4,69145
final_layernorm,620,0,4,13194
lm_head,620,0,4,741917
embedding,621,0,4,29102
input_layernorm,621,0,4,15256
q_proj,621,0,4,125089
k_proj,621,0,4,25107
v_proj,621,0,4,25109
rope,621,0,4,45371
o_proj,621,0,4,104798
post_layernorm,621,0,4,14325
gate,621,0,4,84601
expert.w1,621,0,4,121854
expert.w3,621,0,4,121168
act_fn,621,0,4,7339
expert.w2,621,0,4,79902
final_layernorm,621,0,4,14272
lm_head,621,0,4,858545
embedding,622,0,4,29223
input_layernorm,622,0,4,15512
q_proj,622,0,4,125094
k_proj,622,0,4,25104
v_proj,622,0,4,25100
rope,622,0,4,45712
o_proj,622,0,4,104787
post_layernorm,622,0,4,14599
gate,622,0,4,84059
expert.w1,622,0,4,121871
expert.w3,622,0,4,121188
act_fn,622,0,4,7264
expert.w2,622,0,4,79951
final_layernorm,622,0,4,14275
lm_head,622,0,4,858623
embedding,623,0,4,26975
input_layernorm,623,0,4,14806
q_proj,623,0,4,112058
k_proj,623,0,4,22475
v_proj,623,0,4,22529
rope,623,0,4,41907
o_proj,623,0,4,93890
post_layernorm,623,0,4,13540
gate,623,0,4,76164
expert.w1,623,0,4,109107
expert.w3,623,0,4,108502
act_fn,623,0,4,6635
expert.w2,623,0,4,71827
final_layernorm,623,0,4,13606
lm_head,623,0,4,768555
embedding,624,0,4,26796
input_layernorm,624,0,4,14578
q_proj,624,0,4,111391
k_proj,624,0,4,22333
v_proj,624,0,4,22388
rope,624,0,4,42432
o_proj,624,0,4,93335
post_layernorm,624,0,4,13688
gate,624,0,4,75573
expert.w1,624,0,4,108435
expert.w3,624,0,4,107852
act_fn,624,0,4,6682
expert.w2,624,0,4,71341
final_layernorm,624,0,4,13709
lm_head,624,0,4,764309
embedding,625,0,4,29350
input_layernorm,625,0,4,15477
q_proj,625,0,4,125099
k_proj,625,0,4,25102
v_proj,625,0,4,25101
rope,625,0,4,45668
o_proj,625,0,4,104777
post_layernorm,625,0,4,14489
gate,625,0,4,85179
expert.w1,625,0,4,121878
expert.w3,625,0,4,121190
act_fn,625,0,4,7727
expert.w2,625,0,4,80102
final_layernorm,625,0,4,14660
lm_head,625,0,4,858696
embedding,626,0,4,26131
input_layernorm,626,0,4,14457
q_proj,626,0,4,108133
k_proj,626,0,4,21660
v_proj,626,0,4,21719
rope,626,0,4,40996
o_proj,626,0,4,90594
post_layernorm,626,0,4,13618
gate,626,0,4,74403
expert.w1,626,0,4,105367
expert.w3,626,0,4,104768
act_fn,626,0,4,6708
expert.w2,626,0,4,69401
final_layernorm,626,0,4,13609
lm_head,626,0,4,742115
embedding,627,0,4,29562
input_layernorm,627,0,4,15378
q_proj,627,0,4,125090
k_proj,627,0,4,25108
v_proj,627,0,4,25109
rope,627,0,4,45524
o_proj,627,0,4,104732
post_layernorm,627,0,4,14618
gate,627,0,4,85357
expert.w1,627,0,4,121846
expert.w3,627,0,4,121195
act_fn,627,0,4,7426
expert.w2,627,0,4,80125
final_layernorm,627,0,4,14687
lm_head,627,0,4,858700
embedding,628,0,4,26432
input_layernorm,628,0,4,14605
q_proj,628,0,4,109699
k_proj,628,0,4,21997
v_proj,628,0,4,22040
rope,628,0,4,41889
o_proj,628,0,4,91880
post_layernorm,628,0,4,13504
gate,628,0,4,75166
expert.w1,628,0,4,106805
expert.w3,628,0,4,106182
act_fn,628,0,4,6733
expert.w2,628,0,4,70436
final_layernorm,628,0,4,13755
lm_head,628,0,4,752629
embedding,629,0,4,29494
input_layernorm,629,0,4,15678
q_proj,629,0,4,125104
k_proj,629,0,4,25104
v_proj,629,0,4,25108
rope,629,0,4,45675
o_proj,629,0,4,104766
post_layernorm,629,0,4,14540
gate,629,0,4,85315
expert.w1,629,0,4,121827
expert.w3,629,0,4,121202
act_fn,629,0,4,7369
expert.w2,629,0,4,80213
final_layernorm,629,0,4,14858
lm_head,629,0,4,858749
embedding,630,0,4,29377
input_layernorm,630,0,4,15626
q_proj,630,0,4,125091
k_proj,630,0,4,25110
v_proj,630,0,4,25110
rope,630,0,4,45934
o_proj,630,0,4,104808
post_layernorm,630,0,4,14782
gate,630,0,4,85061
expert.w1,630,0,4,121865
expert.w3,630,0,4,121201
act_fn,630,0,4,7335
expert.w2,630,0,4,80227
final_layernorm,630,0,4,14711
lm_head,630,0,4,858749
embedding,631,0,4,26583
input_layernorm,631,0,4,14728
q_proj,631,0,4,108135
k_proj,631,0,4,21668
v_proj,631,0,4,21711
rope,631,0,4,40849
o_proj,631,0,4,90566
post_layernorm,631,0,4,13616
gate,631,0,4,75025
expert.w1,631,0,4,105404
expert.w3,631,0,4,104719
act_fn,631,0,4,6569
expert.w2,631,0,4,69594
final_layernorm,631,0,4,13744
lm_head,631,0,4,742340
embedding,632,0,4,30008
input_layernorm,632,0,4,15480
q_proj,632,0,4,125102
k_proj,632,0,4,25116
v_proj,632,0,4,25105
rope,632,0,4,46407
o_proj,632,0,4,104785
post_layernorm,632,0,4,14878
gate,632,0,4,84914
expert.w1,632,0,4,121863
expert.w3,632,0,4,121181
act_fn,632,0,4,7446
expert.w2,632,0,4,80128
final_layernorm,632,0,4,14869
lm_head,632,0,4,858842
embedding,633,0,4,27653
input_layernorm,633,0,4,14898
q_proj,633,0,4,114095
k_proj,633,0,4,22893
v_proj,633,0,4,22945
rope,633,0,4,42891
o_proj,633,0,4,95532
post_layernorm,633,0,4,14233
gate,633,0,4,79179
expert.w1,633,0,4,111155
expert.w3,633,0,4,110490
act_fn,633,0,4,6904
expert.w2,633,0,4,74175
final_layernorm,633,0,4,14188
lm_head,633,0,4,783063
embedding,634,0,4,26776
input_layernorm,634,0,4,14689
q_proj,634,0,4,108143
k_proj,634,0,4,21672
v_proj,634,0,4,21719
rope,634,0,4,41210
o_proj,634,0,4,90577
post_layernorm,634,0,4,13931
gate,634,0,4,75060
expert.w1,634,0,4,105411
expert.w3,634,0,4,104787
act_fn,634,0,4,6579
expert.w2,634,0,4,70392
final_layernorm,634,0,4,13867
lm_head,634,0,4,742397
embedding,635,0,4,30077
input_layernorm,635,0,4,15586
q_proj,635,0,4,125114
k_proj,635,0,4,25114
v_proj,635,0,4,25098
rope,635,0,4,45887
o_proj,635,0,4,104751
post_layernorm,635,0,4,14818
gate,635,0,4,85940
expert.w1,635,0,4,121859
expert.w3,635,0,4,121205
act_fn,635,0,4,7484
expert.w2,635,0,4,81010
final_layernorm,635,0,4,14943
lm_head,635,0,4,858948
embedding,636,0,4,26912
input_layernorm,636,0,4,14627
q_proj,636,0,4,108146
k_proj,636,0,4,21681
v_proj,636,0,4,21727
rope,636,0,4,41709
o_proj,636,0,4,90484
post_layernorm,636,0,4,13643
gate,636,0,4,74963
expert.w1,636,0,4,105432
expert.w3,636,0,4,104752
act_fn,636,0,4,6596
expert.w2,636,0,4,70356
final_layernorm,636,0,4,13975
lm_head,636,0,4,742509
embedding,637,0,4,29874
input_layernorm,637,0,4,15820
q_proj,637,0,4,125112
k_proj,637,0,4,25116
v_proj,637,0,4,25112
rope,637,0,4,46104
o_proj,637,0,4,104720
post_layernorm,637,0,4,14973
gate,637,0,4,86142
expert.w1,637,0,4,121889
expert.w3,637,0,4,121214
act_fn,637,0,4,7349
expert.w2,637,0,4,81137
final_layernorm,637,0,4,14945
lm_head,637,0,4,858995
embedding,638,0,4,26811
input_layernorm,638,0,4,14832
q_proj,638,0,4,108139
k_proj,638,0,4,21679
v_proj,638,0,4,21725
rope,638,0,4,41054
o_proj,638,0,4,90458
post_layernorm,638,0,4,13833
gate,638,0,4,74963
expert.w1,638,0,4,105459
expert.w3,638,0,4,104772
act_fn,638,0,4,6697
expert.w2,638,0,4,70412
final_layernorm,638,0,4,13917
lm_head,638,0,4,742508
embedding,639,0,4,26640
input_layernorm,639,0,4,14850
q_proj,639,0,4,108134
k_proj,639,0,4,21677
v_proj,639,0,4,21722
rope,639,0,4,41130
o_proj,639,0,4,90544
post_layernorm,639,0,4,14054
gate,639,0,4,75682
expert.w1,639,0,4,105413
expert.w3,639,0,4,104762
act_fn,639,0,4,6545
expert.w2,639,0,4,70390
final_layernorm,639,0,4,13949
lm_head,639,0,4,742677
embedding,640,0,4,26962
input_layernorm,640,0,4,14883
q_proj,640,0,4,108140
k_proj,640,0,4,21680
v_proj,640,0,4,21716
rope,640,0,4,41782
o_proj,640,0,4,90601
post_layernorm,640,0,4,13863
gate,640,0,4,71419
expert.w1,640,0,4,105422
expert.w3,640,0,4,104763
act_fn,640,0,4,6620
expert.w2,640,0,4,70439
final_layernorm,640,0,4,14030
lm_head,640,0,4,742758
embedding,641,0,4,30171
input_layernorm,641,0,4,15613
q_proj,641,0,4,125096
k_proj,641,0,4,34740
v_proj,641,0,4,34380
rope,641,0,4,46187
o_proj,641,0,4,104718
post_layernorm,641,0,4,15045
gate,641,0,4,83316
expert.w1,641,0,4,121825
expert.w3,641,0,4,121152
act_fn,641,0,4,7559
expert.w2,641,0,4,118139
final_layernorm,641,0,4,15263
lm_head,641,0,4,859007
embedding,642,0,4,26964
input_layernorm,642,0,4,14778
q_proj,642,0,4,108174
k_proj,642,0,4,30011
v_proj,642,0,4,29726
rope,642,0,4,41121
o_proj,642,0,4,90610
post_layernorm,642,0,4,13910
gate,642,0,4,76874
expert.w1,642,0,4,105383
expert.w3,642,0,4,104750
act_fn,642,0,4,6543
expert.w2,642,0,4,102653
final_layernorm,642,0,4,14211
lm_head,642,0,4,742730
embedding,643,0,4,26962
input_layernorm,643,0,4,14833
q_proj,643,0,4,108163
k_proj,643,0,4,30017
v_proj,643,0,4,29717
rope,643,0,4,41068
o_proj,643,0,4,90578
post_layernorm,643,0,4,13899
gate,643,0,4,77482
expert.w1,643,0,4,105428
expert.w3,643,0,4,104750
act_fn,643,0,4,6671
expert.w2,643,0,4,102486
final_layernorm,643,0,4,14315
lm_head,643,0,4,742992
embedding,644,0,4,30242
input_layernorm,644,0,4,15760
q_proj,644,0,4,125106
k_proj,644,0,4,34750
v_proj,644,0,4,34401
rope,644,0,4,46804
o_proj,644,0,4,104706
post_layernorm,644,0,4,15069
gate,644,0,4,87949
expert.w1,644,0,4,121836
expert.w3,644,0,4,121160
act_fn,644,0,4,7455
expert.w2,644,0,4,118193
final_layernorm,644,0,4,15257
lm_head,644,0,4,859028
embedding,645,0,4,28460
input_layernorm,645,0,4,15322
q_proj,645,0,4,115987
k_proj,645,0,4,32222
v_proj,645,0,4,31929
rope,645,0,4,43617
o_proj,645,0,4,97134
post_layernorm,645,0,4,14532
gate,645,0,4,82354
expert.w1,645,0,4,112942
expert.w3,645,0,4,112318
act_fn,645,0,4,7047
expert.w2,645,0,4,109767
final_layernorm,645,0,4,14983
lm_head,645,0,4,795960
embedding,646,0,4,26961
input_layernorm,646,0,4,14815
q_proj,646,0,4,108155
k_proj,646,0,4,30011
v_proj,646,0,4,29745
rope,646,0,4,41386
o_proj,646,0,4,90592
post_layernorm,646,0,4,14063
gate,646,0,4,76934
expert.w1,646,0,4,105436
expert.w3,646,0,4,104774
act_fn,646,0,4,6586
expert.w2,646,0,4,102752
final_layernorm,646,0,4,14246
lm_head,646,0,4,742861
embedding,647,0,4,27032
input_layernorm,647,0,4,14700
q_proj,647,0,4,108164
k_proj,647,0,4,30024
v_proj,647,0,4,29749
rope,647,0,4,41337
o_proj,647,0,4,90595
post_layernorm,647,0,4,13998
gate,647,0,4,77175
expert.w1,647,0,4,105360
expert.w3,647,0,4,104762
act_fn,647,0,4,6528
expert.w2,647,0,4,102495
final_layernorm,647,0,4,14333
lm_head,647,0,4,742947
embedding,648,0,4,27097
input_layernorm,648,0,4,14703
q_proj,648,0,4,108167
k_proj,648,0,4,30023
v_proj,648,0,4,29762
rope,648,0,4,41958
o_proj,648,0,4,90581
post_layernorm,648,0,4,14078
gate,648,0,4,77186
expert.w1,648,0,4,105379
expert.w3,648,0,4,104771
act_fn,648,0,4,6608
expert.w2,648,0,4,81374
final_layernorm,648,0,4,14205
lm_head,648,0,4,743319
embedding,649,0,4,26957
input_layernorm,649,0,4,14822
q_proj,649,0,4,108160
k_proj,649,0,4,30017
v_proj,649,0,4,29730
rope,649,0,4,41306
o_proj,649,0,4,90576
post_layernorm,649,0,4,14201
gate,649,0,4,78009
expert.w1,649,0,4,105416
expert.w3,649,0,4,104783
act_fn,649,0,4,6609
expert.w2,649,0,4,81437
final_layernorm,649,0,4,14174
lm_head,649,0,4,743148
embedding,650,0,4,30092
input_layernorm,650,0,4,15797
q_proj,650,0,4,124101
k_proj,650,0,4,34472
v_proj,650,0,4,34196
rope,650,0,4,46264
o_proj,650,0,4,103872
post_layernorm,650,0,4,15163
gate,650,0,4,87899
expert.w1,650,0,4,120861
expert.w3,650,0,4,120161
act_fn,650,0,4,7482
expert.w2,650,0,4,92961
final_layernorm,650,0,4,15379
lm_head,650,0,4,848574
embedding,651,0,4,27111
input_layernorm,651,0,4,14846
q_proj,651,0,4,108158
k_proj,651,0,4,30030
v_proj,651,0,4,29771
rope,651,0,4,41394
o_proj,651,0,4,90602
post_layernorm,651,0,4,14134
gate,651,0,4,77581
expert.w1,651,0,4,105396
expert.w3,651,0,4,104794
act_fn,651,0,4,6682
expert.w2,651,0,4,81462
final_layernorm,651,0,4,14418
lm_head,651,0,4,743391
embedding,652,0,4,27346
input_layernorm,652,0,4,14924
q_proj,652,0,4,108163
k_proj,652,0,4,30026
v_proj,652,0,4,29770
rope,652,0,4,42068
o_proj,652,0,4,90592
post_layernorm,652,0,4,14110
gate,652,0,4,77862
expert.w1,652,0,4,105506
expert.w3,652,0,4,104770
act_fn,652,0,4,6734
expert.w2,652,0,4,81463
final_layernorm,652,0,4,14458
lm_head,652,0,4,743271
embedding,653,0,4,30837
input_layernorm,653,0,4,15771
q_proj,653,0,4,125115
k_proj,653,0,4,34757
v_proj,653,0,4,34452
rope,653,0,4,46491
o_proj,653,0,4,104753
post_layernorm,653,0,4,15237
gate,653,0,4,88895
expert.w1,653,0,4,121887
expert.w3,653,0,4,121192
act_fn,653,0,4,7512
expert.w2,653,0,4,93903
final_layernorm,653,0,4,15381
lm_head,653,0,4,859202
embedding,654,0,4,27290
input_layernorm,654,0,4,14849
q_proj,654,0,4,108150
k_proj,654,0,4,30024
v_proj,654,0,4,29795
rope,654,0,4,41534
o_proj,654,0,4,90643
post_layernorm,654,0,4,14343
gate,654,0,4,77335
expert.w1,654,0,4,105382
expert.w3,654,0,4,104767
act_fn,654,0,4,6682
expert.w2,654,0,4,81554
final_layernorm,654,0,4,14343
lm_head,654,0,4,743373
embedding,655,0,4,29776
input_layernorm,655,0,4,15529
q_proj,655,0,4,119540
k_proj,655,0,4,33215
v_proj,655,0,4,32965
rope,655,0,4,44751
o_proj,655,0,4,100236
post_layernorm,655,0,4,15015
gate,655,0,4,84928
expert.w1,655,0,4,116457
expert.w3,655,0,4,115895
act_fn,655,0,4,7206
expert.w2,655,0,4,89939
final_layernorm,655,0,4,15286
lm_head,655,0,4,820909
embedding,656,0,4,30599
input_layernorm,656,0,4,16032
q_proj,656,0,4,123068
k_proj,656,0,4,34185
v_proj,656,0,4,33871
rope,656,0,4,46550
o_proj,656,0,4,103037
post_layernorm,656,0,4,15113
gate,656,0,4,87116
expert.w1,656,0,4,119693
expert.w3,656,0,4,118712
act_fn,656,0,4,7332
expert.w2,656,0,4,91994
final_layernorm,656,0,4,15550
lm_head,656,0,4,841612
embedding,657,0,4,27426
input_layernorm,657,0,4,14921
q_proj,657,0,4,108155
k_proj,657,0,4,29986
v_proj,657,0,4,29710
rope,657,0,4,41423
o_proj,657,0,4,90626
post_layernorm,657,0,4,14388
gate,657,0,4,78115
expert.w1,657,0,4,105346
expert.w3,657,0,4,104749
act_fn,657,0,4,6659
expert.w2,657,0,4,81531
final_layernorm,657,0,4,14616
lm_head,657,0,4,743499
embedding,658,0,4,31061
input_layernorm,658,0,4,15992
q_proj,658,0,4,125119
k_proj,658,0,4,36476
v_proj,658,0,4,36167
rope,658,0,4,47098
o_proj,658,0,4,104767
post_layernorm,658,0,4,15523
gate,658,0,4,89677
expert.w1,658,0,4,121858
expert.w3,658,0,4,121208
act_fn,658,0,4,7564
expert.w2,658,0,4,93985
final_layernorm,658,0,4,15766
lm_head,658,0,4,859543
embedding,659,0,4,27704
input_layernorm,659,0,4,14996
q_proj,659,0,4,108165
k_proj,659,0,4,31299
v_proj,659,0,4,31128
rope,659,0,4,41988
o_proj,659,0,4,90626
post_layernorm,659,0,4,14306
gate,659,0,4,78273
expert.w1,659,0,4,105370
expert.w3,659,0,4,104744
act_fn,659,0,4,6756
expert.w2,659,0,4,81485
final_layernorm,659,0,4,14645
lm_head,659,0,4,743666
embedding,660,0,4,30448
input_layernorm,660,0,4,16040
q_proj,660,0,4,122022
k_proj,660,0,4,35427
v_proj,660,0,4,35156
rope,660,0,4,46766
o_proj,660,0,4,102120
post_layernorm,660,0,4,15262
gate,660,0,4,86936
expert.w1,660,0,4,118757
expert.w3,660,0,4,118140
act_fn,660,0,4,7354
expert.w2,660,0,4,91631
final_layernorm,660,0,4,15624
lm_head,660,0,4,838010
embedding,661,0,4,27686
input_layernorm,661,0,4,15145
q_proj,661,0,4,108179
k_proj,661,0,4,31353
v_proj,661,0,4,31155
rope,661,0,4,42075
o_proj,661,0,4,90646
post_layernorm,661,0,4,14420
gate,661,0,4,79438
expert.w1,661,0,4,105348
expert.w3,661,0,4,104775
act_fn,661,0,4,6682
expert.w2,661,0,4,81472
final_layernorm,661,0,4,14691
lm_head,661,0,4,743788
embedding,662,0,4,30844
input_layernorm,662,0,4,16084
q_proj,662,0,4,125144
k_proj,662,0,4,36331
v_proj,662,0,4,36126
rope,662,0,4,47531
o_proj,662,0,4,104766
post_layernorm,662,0,4,15640
gate,662,0,4,89115
expert.w1,662,0,4,121891
expert.w3,662,0,4,121222
act_fn,662,0,4,7533
expert.w2,662,0,4,93846
final_layernorm,662,0,4,16150
lm_head,662,0,4,859539
embedding,663,0,4,30688
input_layernorm,663,0,4,16157
q_proj,663,0,4,123607
k_proj,663,0,4,35901
v_proj,663,0,4,35678
rope,663,0,4,47039
o_proj,663,0,4,103493
post_layernorm,663,0,4,15567
gate,663,0,4,88356
expert.w1,663,0,4,120324
expert.w3,663,0,4,119747
act_fn,663,0,4,7369
expert.w2,663,0,4,92712
final_layernorm,663,0,4,15844
lm_head,663,0,4,848968
embedding,664,0,4,27534
input_layernorm,664,0,4,15220
q_proj,664,0,4,108174
k_proj,664,0,4,31329
v_proj,664,0,4,31094
rope,664,0,4,42859
o_proj,664,0,4,90617
post_layernorm,664,0,4,14455
gate,664,0,4,78132
expert.w1,664,0,4,105371
expert.w3,664,0,4,104796
act_fn,664,0,4,6626
expert.w2,664,0,4,81356
final_layernorm,664,0,4,14928
lm_head,664,0,4,743971
embedding,665,0,4,31130
input_layernorm,665,0,4,16390
q_proj,665,0,4,125131
k_proj,665,0,4,36381
v_proj,665,0,4,36152
rope,665,0,4,47473
o_proj,665,0,4,104738
post_layernorm,665,0,4,15812
gate,665,0,4,89863
expert.w1,665,0,4,121847
expert.w3,665,0,4,121194
act_fn,665,0,4,7467
expert.w2,665,0,4,93938
final_layernorm,665,0,4,15981
lm_head,665,0,4,859566
embedding,666,0,4,27925
input_layernorm,666,0,4,15183
q_proj,666,0,4,108173
k_proj,666,0,4,31311
v_proj,666,0,4,31105
rope,666,0,4,42435
o_proj,666,0,4,90615
post_layernorm,666,0,4,14672
gate,666,0,4,79763
expert.w1,666,0,4,105351
expert.w3,666,0,4,104776
act_fn,666,0,4,6646
expert.w2,666,0,4,81374
final_layernorm,666,0,4,15042
lm_head,666,0,4,744137
embedding,667,0,4,27625
input_layernorm,667,0,4,15336
q_proj,667,0,4,108164
k_proj,667,0,4,31305
v_proj,667,0,4,31077
rope,667,0,4,42558
o_proj,667,0,4,90611
post_layernorm,667,0,4,14470
gate,667,0,4,78858
expert.w1,667,0,4,105480
expert.w3,667,0,4,104781
act_fn,667,0,4,6674
expert.w2,667,0,4,91381
final_layernorm,667,0,4,15065
lm_head,667,0,4,744190
embedding,668,0,4,27847
input_layernorm,668,0,4,15673
q_proj,668,0,4,108170
k_proj,668,0,4,31326
v_proj,668,0,4,31076
rope,668,0,4,42908
o_proj,668,0,4,90614
post_layernorm,668,0,4,14683
gate,668,0,4,78414
expert.w1,668,0,4,105433
expert.w3,668,0,4,104779
act_fn,668,0,4,6634
expert.w2,668,0,4,91392
final_layernorm,668,0,4,15057
lm_head,668,0,4,744192
embedding,669,0,4,31195
input_layernorm,669,0,4,16300
q_proj,669,0,4,125138
k_proj,669,0,4,36382
v_proj,669,0,4,36241
rope,669,0,4,47436
o_proj,669,0,4,104746
post_layernorm,669,0,4,15901
gate,669,0,4,89979
expert.w1,669,0,4,121830
expert.w3,669,0,4,121189
act_fn,669,0,4,7446
expert.w2,669,0,4,104703
final_layernorm,669,0,4,16146
lm_head,669,0,4,859693
embedding,670,0,4,28069
input_layernorm,670,0,4,15703
q_proj,670,0,4,108824
k_proj,670,0,4,31563
v_proj,670,0,4,31382
rope,670,0,4,42769
o_proj,670,0,4,91169
post_layernorm,670,0,4,14879
gate,670,0,4,78998
expert.w1,670,0,4,105881
expert.w3,670,0,4,105338
act_fn,670,0,4,6668
expert.w2,670,0,4,91972
final_layernorm,670,0,4,15221
lm_head,670,0,4,747491
embedding,671,0,4,27848
input_layernorm,671,0,4,15451
q_proj,671,0,4,108175
k_proj,671,0,4,31296
v_proj,671,0,4,31053
rope,671,0,4,42469
o_proj,671,0,4,90596
post_layernorm,671,0,4,14722
gate,671,0,4,78797
expert.w1,671,0,4,105436
expert.w3,671,0,4,104778
act_fn,671,0,4,6610
expert.w2,671,0,4,91519
final_layernorm,671,0,4,15105
lm_head,671,0,4,744381
embedding,672,0,4,28251
input_layernorm,672,0,4,15623
q_proj,672,0,4,108185
k_proj,672,0,4,31258
v_proj,672,0,4,31087
rope,672,0,4,43099
o_proj,672,0,4,90620
post_layernorm,672,0,4,14889
gate,672,0,4,78401
expert.w1,672,0,4,105415
expert.w3,672,0,4,104805
act_fn,672,0,4,6638
expert.w2,672,0,4,91447
final_layernorm,672,0,4,15206
lm_head,672,0,4,744318
embedding,673,0,4,28238
input_layernorm,673,0,4,15869
q_proj,673,0,4,108191
k_proj,673,0,4,31362
v_proj,673,0,4,31119
rope,673,0,4,42658
o_proj,673,0,4,90610
post_layernorm,673,0,4,14840
gate,673,0,4,79081
expert.w1,673,0,4,105525
expert.w3,673,0,4,104913
act_fn,673,0,4,6614
expert.w2,673,0,4,91456
final_layernorm,673,0,4,15378
lm_head,673,0,4,744466
embedding,674,0,4,31640
input_layernorm,674,0,4,16604
q_proj,674,0,4,125151
k_proj,674,0,4,36388
v_proj,674,0,4,36215
rope,674,0,4,47843
o_proj,674,0,4,104760
post_layernorm,674,0,4,16029
gate,674,0,4,90216
expert.w1,674,0,4,121972
expert.w3,674,0,4,121300
act_fn,674,0,4,7472
expert.w2,674,0,4,104770
final_layernorm,674,0,4,16844
lm_head,674,0,4,859816
embedding,675,0,4,28477
input_layernorm,675,0,4,15797
q_proj,675,0,4,108191
k_proj,675,0,4,31293
v_proj,675,0,4,31094
rope,675,0,4,42627
o_proj,675,0,4,90620
post_layernorm,675,0,4,14908
gate,675,0,4,80105
expert.w1,675,0,4,105545
expert.w3,675,0,4,104905
act_fn,675,0,4,6598
expert.w2,675,0,4,91531
final_layernorm,675,0,4,15247
lm_head,675,0,4,744482
embedding,676,0,4,31906
input_layernorm,676,0,4,16521
q_proj,676,0,4,125149
k_proj,676,0,4,36392
v_proj,676,0,4,36229
rope,676,0,4,48426
o_proj,676,0,4,104749
post_layernorm,676,0,4,16152
gate,676,0,4,90111
expert.w1,676,0,4,121985
expert.w3,676,0,4,121262
act_fn,676,0,4,7470
expert.w2,676,0,4,104828
final_layernorm,676,0,4,16696
lm_head,676,0,4,859832
embedding,677,0,4,28338
input_layernorm,677,0,4,15606
q_proj,677,0,4,108190
k_proj,677,0,4,31376
v_proj,677,0,4,31119
rope,677,0,4,42784
o_proj,677,0,4,90627
post_layernorm,677,0,4,15024
gate,677,0,4,79250
expert.w1,677,0,4,105622
expert.w3,677,0,4,104942
act_fn,677,0,4,6667
expert.w2,677,0,4,91553
final_layernorm,677,0,4,15615
lm_head,677,0,4,744792
embedding,678,0,4,31946
input_layernorm,678,0,4,16990
q_proj,678,0,4,125130
k_proj,678,0,4,36451
v_proj,678,0,4,36094
rope,678,0,4,48026
o_proj,678,0,4,104765
post_layernorm,678,0,4,16122
gate,678,0,4,90406
expert.w1,678,0,4,122050
expert.w3,678,0,4,121283
act_fn,678,0,4,7418
expert.w2,678,0,4,104811
final_layernorm,678,0,4,16875
lm_head,678,0,4,859955
embedding,679,0,4,29042
input_layernorm,679,0,4,15927
q_proj,679,0,4,109741
k_proj,679,0,4,31926
v_proj,679,0,4,31667
rope,679,0,4,43240
o_proj,679,0,4,91965
post_layernorm,679,0,4,15279
gate,679,0,4,80648
expert.w1,679,0,4,107007
expert.w3,679,0,4,106317
act_fn,679,0,4,6750
expert.w2,679,0,4,92751
final_layernorm,679,0,4,15590
lm_head,679,0,4,753829
embedding,680,0,4,28294
input_layernorm,680,0,4,16106
q_proj,680,0,4,108187
k_proj,680,0,4,31313
v_proj,680,0,4,31053
rope,680,0,4,43239
o_proj,680,0,4,90652
post_layernorm,680,0,4,15198
gate,680,0,4,79524
expert.w1,680,0,4,105488
expert.w3,680,0,4,104965
act_fn,680,0,4,6678
expert.w2,680,0,4,91524
final_layernorm,680,0,4,15231
lm_head,680,0,4,744691
embedding,681,0,4,31857
input_layernorm,681,0,4,16974
q_proj,681,0,4,125157
k_proj,681,0,4,36430
v_proj,681,0,4,36127
rope,681,0,4,47953
o_proj,681,0,4,104742
post_layernorm,681,0,4,16395
gate,681,0,4,91078
expert.w1,681,0,4,120177
expert.w3,681,0,4,119262
act_fn,681,0,4,7965
expert.w2,681,0,4,104938
final_layernorm,681,0,4,16784
lm_head,681,0,4,859926
embedding,682,0,4,28523
input_layernorm,682,0,4,15780
q_proj,682,0,4,108198
k_proj,682,0,4,31314
v_proj,682,0,4,31092
rope,682,0,4,43046
o_proj,682,0,4,90665
post_layernorm,682,0,4,15064
gate,682,0,4,79741
expert.w1,682,0,4,103779
expert.w3,682,0,4,103061
act_fn,682,0,4,7799
expert.w2,682,0,4,91433
final_layernorm,682,0,4,15598
lm_head,682,0,4,745091
embedding,683,0,4,31981
input_layernorm,683,0,4,17143
q_proj,683,0,4,125165
k_proj,683,0,4,36412
v_proj,683,0,4,36139
rope,683,0,4,48110
o_proj,683,0,4,104779
post_layernorm,683,0,4,16505
gate,683,0,4,91229
expert.w1,683,0,4,120121
expert.w3,683,0,4,119327
act_fn,683,0,4,7996
expert.w2,683,0,4,104795
final_layernorm,683,0,4,16790
lm_head,683,0,4,859981
embedding,684,0,4,28723
input_layernorm,684,0,4,16023
q_proj,684,0,4,108214
k_proj,684,0,4,31381
v_proj,684,0,4,31130
rope,684,0,4,43420
o_proj,684,0,4,90655
post_layernorm,684,0,4,15239
gate,684,0,4,80334
expert.w1,684,0,4,103896
expert.w3,684,0,4,103165
act_fn,684,0,4,7833
expert.w2,684,0,4,91569
final_layernorm,684,0,4,15563
lm_head,684,0,4,744842
embedding,685,0,4,31924
input_layernorm,685,0,4,17015
q_proj,685,0,4,125167
k_proj,685,0,4,36448
v_proj,685,0,4,36125
rope,685,0,4,48118
o_proj,685,0,4,104772
post_layernorm,685,0,4,16484
gate,685,0,4,91619
expert.w1,685,0,4,120230
expert.w3,685,0,4,119372
act_fn,685,0,4,7872
expert.w2,685,0,4,104924
final_layernorm,685,0,4,17049
lm_head,685,0,4,860115
embedding,686,0,4,28681
input_layernorm,686,0,4,15996
q_proj,686,0,4,108192
k_proj,686,0,4,31360
v_proj,686,0,4,31078
rope,686,0,4,43109
o_proj,686,0,4,90666
post_layernorm,686,0,4,15310
gate,686,0,4,79598
expert.w1,686,0,4,103933
expert.w3,686,0,4,103110
act_fn,686,0,4,7765
expert.w2,686,0,4,91540
final_layernorm,686,0,4,15625
lm_head,686,0,4,745061
embedding,687,0,4,32204
input_layernorm,687,0,4,16957
q_proj,687,0,4,125140
k_proj,687,0,4,36407
v_proj,687,0,4,36197
rope,687,0,4,48139
o_proj,687,0,4,104799
post_layernorm,687,0,4,16838
gate,687,0,4,90902
expert.w1,687,0,4,120137
expert.w3,687,0,4,119282
act_fn,687,0,4,7868
expert.w2,687,0,4,104900
final_layernorm,687,0,4,17061
lm_head,687,0,4,860136
embedding,688,0,4,28610
input_layernorm,688,0,4,16493
q_proj,688,0,4,108195
k_proj,688,0,4,31348
v_proj,688,0,4,31091
rope,688,0,4,43795
o_proj,688,0,4,90681
post_layernorm,688,0,4,15696
gate,688,0,4,80480
expert.w1,688,0,4,103922
expert.w3,688,0,4,103109
act_fn,688,0,4,7805
expert.w2,688,0,4,91711
final_layernorm,688,0,4,15718
lm_head,688,0,4,745048
embedding,689,0,4,28519
input_layernorm,689,0,4,16053
q_proj,689,0,4,108180
k_proj,689,0,4,31360
v_proj,689,0,4,31139
rope,689,0,4,43297
o_proj,689,0,4,90650
post_layernorm,689,0,4,15537
gate,689,0,4,81654
expert.w1,689,0,4,103881
expert.w3,689,0,4,103059
act_fn,689,0,4,7791
expert.w2,689,0,4,91750
final_layernorm,689,0,4,15805
lm_head,689,0,4,745294
embedding,690,0,4,28646
input_layernorm,690,0,4,16457
q_proj,690,0,4,108178
k_proj,690,0,4,31354
v_proj,690,0,4,31141
rope,690,0,4,43232
o_proj,690,0,4,90668
post_layernorm,690,0,4,15571
gate,690,0,4,80127
expert.w1,690,0,4,103919
expert.w3,690,0,4,103045
act_fn,690,0,4,7778
expert.w2,690,0,4,91730
final_layernorm,690,0,4,15894
lm_head,690,0,4,745410
embedding,691,0,4,28529
input_layernorm,691,0,4,16141
q_proj,691,0,4,108188
k_proj,691,0,4,31354
v_proj,691,0,4,31180
rope,691,0,4,43318
o_proj,691,0,4,90658
post_layernorm,691,0,4,15538
gate,691,0,4,80384
expert.w1,691,0,4,103921
expert.w3,691,0,4,103090
act_fn,691,0,4,7768
expert.w2,691,0,4,104218
final_layernorm,691,0,4,15838
lm_head,691,0,4,744924
embedding,692,0,4,32073
input_layernorm,692,0,4,17316
q_proj,692,0,4,124023
k_proj,692,0,4,36001
v_proj,692,0,4,35804
rope,692,0,4,48453
o_proj,692,0,4,103868
post_layernorm,692,0,4,16736
gate,692,0,4,90283
expert.w1,692,0,4,119127
expert.w3,692,0,4,118167
act_fn,692,0,4,8092
expert.w2,692,0,4,119164
final_layernorm,692,0,4,17006
lm_head,692,0,4,852216
embedding,693,0,4,29060
input_layernorm,693,0,4,16574
q_proj,693,0,4,108203
k_proj,693,0,4,31424
v_proj,693,0,4,31148
rope,693,0,4,43313
o_proj,693,0,4,90690
post_layernorm,693,0,4,15636
gate,693,0,4,80432
expert.w1,693,0,4,103957
expert.w3,693,0,4,103028
act_fn,693,0,4,7853
expert.w2,693,0,4,104212
final_layernorm,693,0,4,16218
lm_head,693,0,4,745218
embedding,694,0,4,32004
input_layernorm,694,0,4,16934
q_proj,694,0,4,123118
k_proj,694,0,4,35810
v_proj,694,0,4,35497
rope,694,0,4,48206
o_proj,694,0,4,103111
post_layernorm,694,0,4,16724
gate,694,0,4,89911
expert.w1,694,0,4,118314
expert.w3,694,0,4,117314
act_fn,694,0,4,7953
expert.w2,694,0,4,118295
final_layernorm,694,0,4,17174
lm_head,694,0,4,845082
embedding,695,0,4,29116
input_layernorm,695,0,4,16614
q_proj,695,0,4,108195
k_proj,695,0,4,31366
v_proj,695,0,4,31136
rope,695,0,4,43193
o_proj,695,0,4,90714
post_layernorm,695,0,4,15665
gate,695,0,4,80521
expert.w1,695,0,4,104071
expert.w3,695,0,4,103047
act_fn,695,0,4,7896
expert.w2,695,0,4,104237
final_layernorm,695,0,4,16030
lm_head,695,0,4,745055
embedding,696,0,4,32702
input_layernorm,696,0,4,17268
q_proj,696,0,4,125174
k_proj,696,0,4,36459
v_proj,696,0,4,36166
rope,696,0,4,49331
o_proj,696,0,4,104840
post_layernorm,696,0,4,16887
gate,696,0,4,91234
expert.w1,696,0,4,120492
expert.w3,696,0,4,119318
act_fn,696,0,4,8008
expert.w2,696,0,4,120340
final_layernorm,696,0,4,17242
lm_head,696,0,4,860055
embedding,697,0,4,29149
input_layernorm,697,0,4,16379
q_proj,697,0,4,108189
k_proj,697,0,4,31386
v_proj,697,0,4,31154
rope,697,0,4,43419
o_proj,697,0,4,90667
post_layernorm,697,0,4,15735
gate,697,0,4,80954
expert.w1,697,0,4,104147
expert.w3,697,0,4,103127
act_fn,697,0,4,7834
expert.w2,697,0,4,104287
final_layernorm,697,0,4,16019
lm_head,697,0,4,745414
embedding,698,0,4,32837
input_layernorm,698,0,4,17611
q_proj,698,0,4,125141
k_proj,698,0,4,36486
v_proj,698,0,4,36164
rope,698,0,4,48771
o_proj,698,0,4,104824
post_layernorm,698,0,4,16951
gate,698,0,4,92215
expert.w1,698,0,4,120469
expert.w3,698,0,4,119330
act_fn,698,0,4,8036
expert.w2,698,0,4,120377
final_layernorm,698,0,4,17383
lm_head,698,0,4,860111
embedding,699,0,4,29091
input_layernorm,699,0,4,16523
q_proj,699,0,4,108204
k_proj,699,0,4,31422
v_proj,699,0,4,31201
rope,699,0,4,43176
o_proj,699,0,4,90693
post_layernorm,699,0,4,15837
gate,699,0,4,80766
expert.w1,699,0,4,104217
expert.w3,699,0,4,103176
act_fn,699,0,4,7932
expert.w2,699,0,4,104348
final_layernorm,699,0,4,16150
lm_head,699,0,4,745431
embedding,700,0,4,32042
input_layernorm,700,0,4,17543
q_proj,700,0,4,121484
k_proj,700,0,4,35298
v_proj,700,0,4,35053
rope,700,0,4,48192
o_proj,700,0,4,101783
post_layernorm,700,0,4,16818
gate,700,0,4,89467
expert.w1,700,0,4,117049
expert.w3,700,0,4,115889
act_fn,700,0,4,8058
expert.w2,700,0,4,116840
final_layernorm,700,0,4,17067
lm_head,700,0,4,834691
embedding,701,0,4,29219
input_layernorm,701,0,4,16473
q_proj,701,0,4,108192
k_proj,701,0,4,31410
v_proj,701,0,4,31133
rope,701,0,4,43461
o_proj,701,0,4,90648
post_layernorm,701,0,4,15828
gate,701,0,4,81572
expert.w1,701,0,4,104306
expert.w3,701,0,4,103168
act_fn,701,0,4,7812
expert.w2,701,0,4,104294
final_layernorm,701,0,4,16254
lm_head,701,0,4,745650
embedding,702,0,4,29308
input_layernorm,702,0,4,16554
q_proj,702,0,4,108219
k_proj,702,0,4,31417
v_proj,702,0,4,31074
rope,702,0,4,43564
o_proj,702,0,4,90722
post_layernorm,702,0,4,15957
gate,702,0,4,80639
expert.w1,702,0,4,104214
expert.w3,702,0,4,103164
act_fn,702,0,4,7856
expert.w2,702,0,4,104299
final_layernorm,702,0,4,16000
lm_head,702,0,4,745693
embedding,703,0,4,29215
input_layernorm,703,0,4,17041
q_proj,703,0,4,108197
k_proj,703,0,4,31415
v_proj,703,0,4,31206
rope,703,0,4,43633
o_proj,703,0,4,90685
post_layernorm,703,0,4,15966
gate,703,0,4,81048
expert.w1,703,0,4,104353
expert.w3,703,0,4,103200
act_fn,703,0,4,7915
expert.w2,703,0,4,91991
final_layernorm,703,0,4,16255
lm_head,703,0,4,745930
embedding,704,0,4,32684
input_layernorm,704,0,4,17655
q_proj,704,0,4,125202
k_proj,704,0,4,36415
v_proj,704,0,4,36152
rope,704,0,4,49511
o_proj,704,0,4,104860
post_layernorm,704,0,4,17293
gate,704,0,4,87686
expert.w1,704,0,4,120624
expert.w3,704,0,4,119436
act_fn,704,0,4,8121
expert.w2,704,0,4,105034
final_layernorm,704,0,4,17410
lm_head,704,0,4,860619
embedding,705,0,4,29232
input_layernorm,705,0,4,16999
q_proj,705,0,4,108203
k_proj,705,0,4,31401
v_proj,705,0,4,31169
rope,705,0,4,43787
o_proj,705,0,4,90668
post_layernorm,705,0,4,16012
gate,705,0,4,77938
expert.w1,705,0,4,104240
expert.w3,705,0,4,103079
act_fn,705,0,4,8082
expert.w2,705,0,4,91966
final_layernorm,705,0,4,16339
lm_head,705,0,4,746139
embedding,706,0,4,29439
input_layernorm,706,0,4,16705
q_proj,706,0,4,108224
k_proj,706,0,4,31416
v_proj,706,0,4,31152
rope,706,0,4,43800
o_proj,706,0,4,90677
post_layernorm,706,0,4,15981
gate,706,0,4,79010
expert.w1,706,0,4,104241
expert.w3,706,0,4,103181
act_fn,706,0,4,8033
expert.w2,706,0,4,91967
final_layernorm,706,0,4,16146
lm_head,706,0,4,746134
embedding,707,0,4,29278
input_layernorm,707,0,4,16892
q_proj,707,0,4,108208
k_proj,707,0,4,31428
v_proj,707,0,4,31205
rope,707,0,4,43766
o_proj,707,0,4,90660
post_layernorm,707,0,4,16126
gate,707,0,4,78143
expert.w1,707,0,4,104252
expert.w3,707,0,4,103192
act_fn,707,0,4,8097
expert.w2,707,0,4,91963
final_layernorm,707,0,4,16331
lm_head,707,0,4,746223
embedding,708,0,4,29195
input_layernorm,708,0,4,17144
q_proj,708,0,4,108207
k_proj,708,0,4,31450
v_proj,708,0,4,31173
rope,708,0,4,44245
o_proj,708,0,4,90678
post_layernorm,708,0,4,16257
gate,708,0,4,77683
expert.w1,708,0,4,104219
expert.w3,708,0,4,103176
act_fn,708,0,4,7978
expert.w2,708,0,4,91939
final_layernorm,708,0,4,16281
lm_head,708,0,4,746329
embedding,709,0,4,29332
input_layernorm,709,0,4,16884
q_proj,709,0,4,108204
k_proj,709,0,4,31485
v_proj,709,0,4,31180
rope,709,0,4,43837
o_proj,709,0,4,90692
post_layernorm,709,0,4,16228
gate,709,0,4,77970
expert.w1,709,0,4,104214
expert.w3,709,0,4,103265
act_fn,709,0,4,8157
expert.w2,709,0,4,91984
final_layernorm,709,0,4,16516
lm_head,709,0,4,746354
embedding,710,0,4,32902
input_layernorm,710,0,4,17808
q_proj,710,0,4,125182
k_proj,710,0,4,36552
v_proj,710,0,4,36190
rope,710,0,4,49343
o_proj,710,0,4,104893
post_layernorm,710,0,4,17375
gate,710,0,4,88705
expert.w1,710,0,4,120653
expert.w3,710,0,4,119543
act_fn,710,0,4,8257
expert.w2,710,0,4,105135
final_layernorm,710,0,4,17753
lm_head,710,0,4,860755
embedding,711,0,4,29474
input_layernorm,711,0,4,16881
q_proj,711,0,4,108200
k_proj,711,0,4,31444
v_proj,711,0,4,31192
rope,711,0,4,43912
o_proj,711,0,4,90705
post_layernorm,711,0,4,16203
gate,711,0,4,78769
expert.w1,711,0,4,104248
expert.w3,711,0,4,103304
act_fn,711,0,4,8007
expert.w2,711,0,4,92121
final_layernorm,711,0,4,16569
lm_head,711,0,4,746500
embedding,712,0,4,33131
input_layernorm,712,0,4,17787
q_proj,712,0,4,125203
k_proj,712,0,4,36541
v_proj,712,0,4,36156
rope,712,0,4,49665
o_proj,712,0,4,104879
post_layernorm,712,0,4,17487
gate,712,0,4,88635
expert.w1,712,0,4,120476
expert.w3,712,0,4,119567
act_fn,712,0,4,8212
expert.w2,712,0,4,105124
final_layernorm,712,0,4,17578
lm_head,712,0,4,860748
embedding,713,0,4,32151
input_layernorm,713,0,4,17874
q_proj,713,0,4,120256
k_proj,713,0,4,35103
v_proj,713,0,4,34720
rope,713,0,4,47722
o_proj,713,0,4,120048
post_layernorm,713,0,4,16992
gate,713,0,4,85983
expert.w1,713,0,4,115317
expert.w3,713,0,4,114426
act_fn,713,0,4,8170
expert.w2,713,0,4,118242
final_layernorm,713,0,4,17402
lm_head,713,0,4,823289
embedding,714,0,4,29837
input_layernorm,714,0,4,16838
q_proj,714,0,4,108217
k_proj,714,0,4,31517
v_proj,714,0,4,31239
rope,714,0,4,44326
o_proj,714,0,4,108137
post_layernorm,714,0,4,16246
gate,714,0,4,78084
expert.w1,714,0,4,104103
expert.w3,714,0,4,103371
act_fn,714,0,4,8030
expert.w2,714,0,4,106820
final_layernorm,714,0,4,16491
lm_head,714,0,4,746247
embedding,715,0,4,33234
input_layernorm,715,0,4,18072
q_proj,715,0,4,123731
k_proj,715,0,4,36205
v_proj,715,0,4,35776
rope,715,0,4,49249
o_proj,715,0,4,123503
post_layernorm,715,0,4,17368
gate,715,0,4,88467
expert.w1,715,0,4,119288
expert.w3,715,0,4,118296
act_fn,715,0,4,8116
expert.w2,715,0,4,122074
final_layernorm,715,0,4,17840
lm_head,715,0,4,848632
embedding,716,0,4,29848
input_layernorm,716,0,4,17087
q_proj,716,0,4,108223
k_proj,716,0,4,31510
v_proj,716,0,4,31192
rope,716,0,4,44647
o_proj,716,0,4,108143
post_layernorm,716,0,4,16263
gate,716,0,4,78538
expert.w1,716,0,4,104344
expert.w3,716,0,4,103470
act_fn,716,0,4,8010
expert.w2,716,0,4,106869
final_layernorm,716,0,4,16578
lm_head,716,0,4,746436
embedding,717,0,4,33582
input_layernorm,717,0,4,17954
q_proj,717,0,4,125211
k_proj,717,0,4,36587
v_proj,717,0,4,36235
rope,717,0,4,49501
o_proj,717,0,4,124997
post_layernorm,717,0,4,17562
gate,717,0,4,90496
expert.w1,717,0,4,120753
expert.w3,717,0,4,119683
act_fn,717,0,4,7774
expert.w2,717,0,4,123302
final_layernorm,717,0,4,17814
lm_head,717,0,4,860846
embedding,718,0,4,29984
input_layernorm,718,0,4,17398
q_proj,718,0,4,108211
k_proj,718,0,4,31421
v_proj,718,0,4,31211
rope,718,0,4,44309
o_proj,718,0,4,108146
post_layernorm,718,0,4,16245
gate,718,0,4,78219
expert.w1,718,0,4,104475
expert.w3,718,0,4,103479
act_fn,718,0,4,7515
expert.w2,718,0,4,106708
final_layernorm,718,0,4,16543
lm_head,718,0,4,746450
embedding,719,0,4,33885
input_layernorm,719,0,4,18241
q_proj,719,0,4,125171
k_proj,719,0,4,36517
v_proj,719,0,4,36264
rope,719,0,4,49827
o_proj,719,0,4,125016
post_layernorm,719,0,4,17661
gate,719,0,4,89447
expert.w1,719,0,4,120915
expert.w3,719,0,4,119739
act_fn,719,0,4,7837
expert.w2,719,0,4,123410
final_layernorm,719,0,4,17839
lm_head,719,0,4,860842
embedding,720,0,4,30133
input_layernorm,720,0,4,17416
q_proj,720,0,4,108233
k_proj,720,0,4,31437
v_proj,720,0,4,31226
rope,720,0,4,45088
o_proj,720,0,4,108166
post_layernorm,720,0,4,16473
gate,720,0,4,77943
expert.w1,720,0,4,104592
expert.w3,720,0,4,103456
act_fn,720,0,4,7627
expert.w2,720,0,4,106745
final_layernorm,720,0,4,16901
lm_head,720,0,4,746558
embedding,721,0,4,33662
input_layernorm,721,0,4,18259
q_proj,721,0,4,125199
k_proj,721,0,4,36527
v_proj,721,0,4,36216
rope,721,0,4,50254
o_proj,721,0,4,124976
post_layernorm,721,0,4,17725
gate,721,0,4,90032
expert.w1,721,0,4,120888
expert.w3,721,0,4,119741
act_fn,721,0,4,7933
expert.w2,721,0,4,123293
final_layernorm,721,0,4,18095
lm_head,721,0,4,860882
embedding,722,0,4,30049
input_layernorm,722,0,4,17575
q_proj,722,0,4,108233
k_proj,722,0,4,31405
v_proj,722,0,4,31248
rope,722,0,4,44715
o_proj,722,0,4,108151
post_layernorm,722,0,4,16331
gate,722,0,4,78797
expert.w1,722,0,4,104449
expert.w3,722,0,4,103501
act_fn,722,0,4,7611
expert.w2,722,0,4,106757
final_layernorm,722,0,4,16780
lm_head,722,0,4,746413
embedding,723,0,4,32914
input_layernorm,723,0,4,18173
q_proj,723,0,4,120941
k_proj,723,0,4,35262
v_proj,723,0,4,35003
rope,723,0,4,48850
o_proj,723,0,4,120695
post_layernorm,723,0,4,17289
gate,723,0,4,87115
expert.w1,723,0,4,116408
expert.w3,723,0,4,115279
act_fn,723,0,4,7846
expert.w2,723,0,4,118859
final_layernorm,723,0,4,17746
lm_head,723,0,4,828544
embedding,724,0,4,30922
input_layernorm,724,0,4,17733
q_proj,724,0,4,112429
k_proj,724,0,4,32702
v_proj,724,0,4,32492
rope,724,0,4,46722
o_proj,724,0,4,112254
post_layernorm,724,0,4,16773
gate,724,0,4,82294
expert.w1,724,0,4,108580
expert.w3,724,0,4,107486
act_fn,724,0,4,7665
expert.w2,724,0,4,111012
final_layernorm,724,0,4,17158
lm_head,724,0,4,772661
embedding,725,0,4,30086
input_layernorm,725,0,4,17561
q_proj,725,0,4,108239
k_proj,725,0,4,31444
v_proj,725,0,4,31237
rope,725,0,4,44729
o_proj,725,0,4,108141
post_layernorm,725,0,4,16651
gate,725,0,4,79391
expert.w1,725,0,4,104479
expert.w3,725,0,4,103436
act_fn,725,0,4,7565
expert.w2,725,0,4,106678
final_layernorm,725,0,4,17037
lm_head,725,0,4,746555
embedding,726,0,4,33747
input_layernorm,726,0,4,18375
q_proj,726,0,4,125191
k_proj,726,0,4,36553
v_proj,726,0,4,36173
rope,726,0,4,50195
o_proj,726,0,4,125007
post_layernorm,726,0,4,17877
gate,726,0,4,89830
expert.w1,726,0,4,120911
expert.w3,726,0,4,119781
act_fn,726,0,4,7989
expert.w2,726,0,4,123310
final_layernorm,726,0,4,18109
lm_head,726,0,4,860965
embedding,727,0,4,29974
input_layernorm,727,0,4,17555
q_proj,727,0,4,108229
k_proj,727,0,4,31452
v_proj,727,0,4,31238
rope,727,0,4,44749
o_proj,727,0,4,108160
post_layernorm,727,0,4,16428
gate,727,0,4,79358
expert.w1,727,0,4,104565
expert.w3,727,0,4,103536
act_fn,727,0,4,7681
expert.w2,727,0,4,106883
final_layernorm,727,0,4,16984
lm_head,727,0,4,746597
embedding,728,0,4,33767
input_layernorm,728,0,4,18477
q_proj,728,0,4,125212
k_proj,728,0,4,36626
v_proj,728,0,4,36248
rope,728,0,4,50991
o_proj,728,0,4,125015
post_layernorm,728,0,4,17902
gate,728,0,4,89805
expert.w1,728,0,4,120887
expert.w3,728,0,4,119895
act_fn,728,0,4,8023
expert.w2,728,0,4,123456
final_layernorm,728,0,4,18123
lm_head,728,0,4,861035
embedding,729,0,4,32344
input_layernorm,729,0,4,18218
q_proj,729,0,4,117987
k_proj,729,0,4,34405
v_proj,729,0,4,34092
rope,729,0,4,48280
o_proj,729,0,4,117818
post_layernorm,729,0,4,17376
gate,729,0,4,86683
expert.w1,729,0,4,114030
expert.w3,729,0,4,113053
act_fn,729,0,4,7855
expert.w2,729,0,4,116353
final_layernorm,729,0,4,17745
lm_head,729,0,4,811101
embedding,730,0,4,30054
input_layernorm,730,0,4,17763
q_proj,730,0,4,108241
k_proj,730,0,4,31443
v_proj,730,0,4,31231
rope,730,0,4,44973
o_proj,730,0,4,108188
post_layernorm,730,0,4,16675
gate,730,0,4,80326
expert.w1,730,0,4,104567
expert.w3,730,0,4,103654
act_fn,730,0,4,7656
expert.w2,730,0,4,106742
final_layernorm,730,0,4,16927
lm_head,730,0,4,746843
embedding,731,0,4,33585
input_layernorm,731,0,4,18635
q_proj,731,0,4,125217
k_proj,731,0,4,36538
v_proj,731,0,4,36260
rope,731,0,4,50583
o_proj,731,0,4,125033
post_layernorm,731,0,4,18007
gate,731,0,4,90640
expert.w1,731,0,4,120945
expert.w3,731,0,4,120126
act_fn,731,0,4,8030
expert.w2,731,0,4,123480
final_layernorm,731,0,4,18359
lm_head,731,0,4,861000
embedding,732,0,4,30123
input_layernorm,732,0,4,17907
q_proj,732,0,4,108246
k_proj,732,0,4,31467
v_proj,732,0,4,31239
rope,732,0,4,45457
o_proj,732,0,4,108150
post_layernorm,732,0,4,16795
gate,732,0,4,80420
expert.w1,732,0,4,104612
expert.w3,732,0,4,103825
act_fn,732,0,4,7825
expert.w2,732,0,4,106953
final_layernorm,732,0,4,17221
lm_head,732,0,4,746912
embedding,733,0,4,33911
input_layernorm,733,0,4,18765
q_proj,733,0,4,124712
k_proj,733,0,4,36428
v_proj,733,0,4,36162
rope,733,0,4,50305
o_proj,733,0,4,124007
post_layernorm,733,0,4,18081
gate,733,0,4,91045
expert.w1,733,0,4,120130
expert.w3,733,0,4,119161
act_fn,733,0,4,8012
expert.w2,733,0,4,122510
final_layernorm,733,0,4,18358
lm_head,733,0,4,853969
embedding,734,0,4,30656
input_layernorm,734,0,4,17996
q_proj,734,0,4,108240
k_proj,734,0,4,31496
v_proj,734,0,4,31215
rope,734,0,4,45173
o_proj,734,0,4,108164
post_layernorm,734,0,4,16824
gate,734,0,4,79500
expert.w1,734,0,4,104684
expert.w3,734,0,4,103838
act_fn,734,0,4,7824
expert.w2,734,0,4,106868
final_layernorm,734,0,4,17006
lm_head,734,0,4,746910
embedding,735,0,4,30937
input_layernorm,735,0,4,17856
q_proj,735,0,4,108261
k_proj,735,0,4,31454
v_proj,735,0,4,31261
rope,735,0,4,45044
o_proj,735,0,4,108177
post_layernorm,735,0,4,16869
gate,735,0,4,80058
expert.w1,735,0,4,104732
expert.w3,735,0,4,103862
act_fn,735,0,4,7813
expert.w2,735,0,4,106864
final_layernorm,735,0,4,17213
lm_head,735,0,4,746818
embedding,736,0,4,30567
input_layernorm,736,0,4,17857
q_proj,736,0,4,108243
k_proj,736,0,4,31469
v_proj,736,0,4,31292
rope,736,0,4,45686
o_proj,736,0,4,108175
post_layernorm,736,0,4,16880
gate,736,0,4,80224
expert.w1,736,0,4,104705
expert.w3,736,0,4,103923
act_fn,736,0,4,7907
expert.w2,736,0,4,106855
final_layernorm,736,0,4,17258
lm_head,736,0,4,746874
embedding,737,0,4,30800
input_layernorm,737,0,4,17934
q_proj,737,0,4,108240
k_proj,737,0,4,31457
v_proj,737,0,4,31210
rope,737,0,4,45100
o_proj,737,0,4,108162
post_layernorm,737,0,4,16774
gate,737,0,4,80139
expert.w1,737,0,4,104665
expert.w3,737,0,4,103718
act_fn,737,0,4,8095
expert.w2,737,0,4,106755
final_layernorm,737,0,4,17184
lm_head,737,0,4,746771
embedding,738,0,4,34616
input_layernorm,738,0,4,18818
q_proj,738,0,4,125214
k_proj,738,0,4,36605
v_proj,738,0,4,36254
rope,738,0,4,51026
o_proj,738,0,4,125007
post_layernorm,738,0,4,18115
gate,738,0,4,91079
expert.w1,738,0,4,121099
expert.w3,738,0,4,120089
act_fn,738,0,4,8225
expert.w2,738,0,4,123399
final_layernorm,738,0,4,18356
lm_head,738,0,4,859065
embedding,739,0,4,31119
input_layernorm,739,0,4,17971
q_proj,739,0,4,109872
k_proj,739,0,4,31972
v_proj,739,0,4,31751
rope,739,0,4,45825
o_proj,739,0,4,109726
post_layernorm,739,0,4,17068
gate,739,0,4,81226
expert.w1,739,0,4,106307
expert.w3,739,0,4,105343
act_fn,739,0,4,8062
expert.w2,739,0,4,108464
final_layernorm,739,0,4,17240
lm_head,739,0,4,757066
embedding,740,0,4,33562
input_layernorm,740,0,4,18656
q_proj,740,0,4,120682
k_proj,740,0,4,35201
v_proj,740,0,4,34925
rope,740,0,4,50250
o_proj,740,0,4,120023
post_layernorm,740,0,4,17934
gate,740,0,4,87731
expert.w1,740,0,4,116232
expert.w3,740,0,4,115235
act_fn,740,0,4,8155
expert.w2,740,0,4,118541
final_layernorm,740,0,4,18058
lm_head,740,0,4,826335
embedding,741,0,4,30664
input_layernorm,741,0,4,18120
q_proj,741,0,4,108258
k_proj,741,0,4,31475
v_proj,741,0,4,31318
rope,741,0,4,45563
o_proj,741,0,4,108177
post_layernorm,741,0,4,17061
gate,741,0,4,80541
expert.w1,741,0,4,104748
expert.w3,741,0,4,103974
act_fn,741,0,4,7994
expert.w2,741,0,4,106760
final_layernorm,741,0,4,17365
lm_head,741,0,4,746969
embedding,742,0,4,34556
input_layernorm,742,0,4,18896
q_proj,742,0,4,125204
k_proj,742,0,4,36592
v_proj,742,0,4,36320
rope,742,0,4,51589
o_proj,742,0,4,125026
post_layernorm,742,0,4,18413
gate,742,0,4,91231
expert.w1,742,0,4,121161
expert.w3,742,0,4,120246
act_fn,742,0,4,8241
expert.w2,742,0,4,123309
final_layernorm,742,0,4,18519
lm_head,742,0,4,861175
embedding,743,0,4,30933
input_layernorm,743,0,4,18161
q_proj,743,0,4,108244
k_proj,743,0,4,31527
v_proj,743,0,4,31358
rope,743,0,4,45871
o_proj,743,0,4,108179
post_layernorm,743,0,4,16853
gate,743,0,4,81513
expert.w1,743,0,4,104845
expert.w3,743,0,4,104049
act_fn,743,0,4,8032
expert.w2,743,0,4,106853
final_layernorm,743,0,4,17498
lm_head,743,0,4,746993
embedding,744,0,4,34774
input_layernorm,744,0,4,19008
q_proj,744,0,4,125241
k_proj,744,0,4,36579
v_proj,744,0,4,36354
rope,744,0,4,52102
o_proj,744,0,4,125055
post_layernorm,744,0,4,18383
gate,744,0,4,91316
expert.w1,744,0,4,121183
expert.w3,744,0,4,120301
act_fn,744,0,4,8262
expert.w2,744,0,4,123591
final_layernorm,744,0,4,18519
lm_head,744,0,4,861293
embedding,745,0,4,30777
input_layernorm,745,0,4,18255
q_proj,745,0,4,108246
k_proj,745,0,4,31485
v_proj,745,0,4,31298
rope,745,0,4,45979
o_proj,745,0,4,108184
post_layernorm,745,0,4,16954
gate,745,0,4,80862
expert.w1,745,0,4,104747
expert.w3,745,0,4,104016
act_fn,745,0,4,8045
expert.w2,745,0,4,106840
final_layernorm,745,0,4,17406
lm_head,745,0,4,747172
embedding,746,0,4,30931
input_layernorm,746,0,4,18320
q_proj,746,0,4,108260
k_proj,746,0,4,31490
v_proj,746,0,4,31244
rope,746,0,4,46091
o_proj,746,0,4,108180
post_layernorm,746,0,4,16986
gate,746,0,4,80529
expert.w1,746,0,4,104694
expert.w3,746,0,4,104067
act_fn,746,0,4,8135
expert.w2,746,0,4,106854
final_layernorm,746,0,4,17451
lm_head,746,0,4,747046
embedding,747,0,4,34574
input_layernorm,747,0,4,19058
q_proj,747,0,4,125263
k_proj,747,0,4,36561
v_proj,747,0,4,36345
rope,747,0,4,51813
o_proj,747,0,4,125034
post_layernorm,747,0,4,18452
gate,747,0,4,91836
expert.w1,747,0,4,121219
expert.w3,747,0,4,120337
act_fn,747,0,4,8244
expert.w2,747,0,4,123531
final_layernorm,747,0,4,18762
lm_head,747,0,4,861318
embedding,748,0,4,31338
input_layernorm,748,0,4,18463
q_proj,748,0,4,110738
k_proj,748,0,4,32239
v_proj,748,0,4,32004
rope,748,0,4,47508
o_proj,748,0,4,110470
post_layernorm,748,0,4,17453
gate,748,0,4,83654
expert.w1,748,0,4,107175
expert.w3,748,0,4,106381
act_fn,748,0,4,8104
expert.w2,748,0,4,109295
final_layernorm,748,0,4,17888
lm_head,748,0,4,760947
embedding,749,0,4,30694
input_layernorm,749,0,4,18442
q_proj,749,0,4,108259
k_proj,749,0,4,31513
v_proj,749,0,4,31305
rope,749,0,4,45787
o_proj,749,0,4,108228
post_layernorm,749,0,4,17400
gate,749,0,4,80853
expert.w1,749,0,4,104905
expert.w3,749,0,4,104147
act_fn,749,0,4,8150
expert.w2,749,0,4,106853
final_layernorm,749,0,4,17484
lm_head,749,0,4,747128
embedding,750,0,4,34802
input_layernorm,750,0,4,19196
q_proj,750,0,4,125218
k_proj,750,0,4,36604
v_proj,750,0,4,36383
rope,750,0,4,51522
o_proj,750,0,4,125049
post_layernorm,750,0,4,18615
gate,750,0,4,91563
expert.w1,750,0,4,121330
expert.w3,750,0,4,120458
act_fn,750,0,4,8447
expert.w2,750,0,4,123378
final_layernorm,750,0,4,18791
lm_head,750,0,4,861423
embedding,751,0,4,30934
input_layernorm,751,0,4,18071
q_proj,751,0,4,108268
k_proj,751,0,4,31490
v_proj,751,0,4,31371
rope,751,0,4,45997
o_proj,751,0,4,108204
post_layernorm,751,0,4,17240
gate,751,0,4,82379
expert.w1,751,0,4,104957
expert.w3,751,0,4,104104
act_fn,751,0,4,8170
expert.w2,751,0,4,106949
final_layernorm,751,0,4,17562
lm_head,751,0,4,747331
embedding,752,0,4,31064
input_layernorm,752,0,4,18378
q_proj,752,0,4,108262
k_proj,752,0,4,31513
v_proj,752,0,4,31421
rope,752,0,4,46360
o_proj,752,0,4,108225
post_layernorm,752,0,4,17322
gate,752,0,4,82003
expert.w1,752,0,4,104862
expert.w3,752,0,4,104112
act_fn,752,0,4,8178
expert.w2,752,0,4,106986
final_layernorm,752,0,4,17597
lm_head,752,0,4,747277
embedding,753,0,4,34162
input_layernorm,753,0,4,19385
q_proj,753,0,4,122342
k_proj,753,0,4,35778
v_proj,753,0,4,35554
rope,753,0,4,50350
o_proj,753,0,4,122141
post_layernorm,753,0,4,18382
gate,753,0,4,90894
expert.w1,753,0,4,118307
expert.w3,753,0,4,117521
act_fn,753,0,4,8399
expert.w2,753,0,4,120520
final_layernorm,753,0,4,18572
lm_head,753,0,4,839815
embedding,754,0,4,33361
input_layernorm,754,0,4,19011
q_proj,754,0,4,118002
k_proj,754,0,4,34508
v_proj,754,0,4,34262
rope,754,0,4,49478
o_proj,754,0,4,117811
post_layernorm,754,0,4,18146
gate,754,0,4,87563
expert.w1,754,0,4,114341
expert.w3,754,0,4,113565
act_fn,754,0,4,8398
expert.w2,754,0,4,116356
final_layernorm,754,0,4,18332
lm_head,754,0,4,811606
embedding,755,0,4,34635
input_layernorm,755,0,4,19283
q_proj,755,0,4,123836
k_proj,755,0,4,36289
v_proj,755,0,4,36064
rope,755,0,4,51062
o_proj,755,0,4,123570
post_layernorm,755,0,4,18700
gate,755,0,4,93326
expert.w1,755,0,4,119918
expert.w3,755,0,4,119187
act_fn,755,0,4,8505
expert.w2,755,0,4,122213
final_layernorm,755,0,4,18780
lm_head,755,0,4,850828
embedding,756,0,4,31541
input_layernorm,756,0,4,18705
q_proj,756,0,4,108261
k_proj,756,0,4,31597
v_proj,756,0,4,31254
rope,756,0,4,46666
o_proj,756,0,4,108213
post_layernorm,756,0,4,17341
gate,756,0,4,82611
expert.w1,756,0,4,104802
expert.w3,756,0,4,104120
act_fn,756,0,4,8278
expert.w2,756,0,4,107107
final_layernorm,756,0,4,17512
lm_head,756,0,4,747508
embedding,757,0,4,35301
input_layernorm,757,0,4,19415
q_proj,757,0,4,125234
k_proj,757,0,4,36711
v_proj,757,0,4,36451
rope,757,0,4,51866
o_proj,757,0,4,125032
post_layernorm,757,0,4,18788
gate,757,0,4,94801
expert.w1,757,0,4,121225
expert.w3,757,0,4,120526
act_fn,757,0,4,8515
expert.w2,757,0,4,123550
final_layernorm,757,0,4,19141
lm_head,757,0,4,861474
embedding,758,0,4,35331
input_layernorm,758,0,4,19519
q_proj,758,0,4,124194
k_proj,758,0,4,36429
v_proj,758,0,4,36077
rope,758,0,4,51833
o_proj,758,0,4,123977
post_layernorm,758,0,4,18775
gate,758,0,4,93610
expert.w1,758,0,4,120352
expert.w3,758,0,4,119600
act_fn,758,0,4,8522
expert.w2,758,0,4,122504
final_layernorm,758,0,4,18910
lm_head,758,0,4,854198
embedding,759,0,4,31777
input_layernorm,759,0,4,18861
q_proj,759,0,4,108264
k_proj,759,0,4,31584
v_proj,759,0,4,31391
rope,759,0,4,46391
o_proj,759,0,4,108182
post_layernorm,759,0,4,17492
gate,759,0,4,83181
expert.w1,759,0,4,104940
expert.w3,759,0,4,104172
act_fn,759,0,4,8277
expert.w2,759,0,4,106964
final_layernorm,759,0,4,17762
lm_head,759,0,4,747548
embedding,760,0,4,35418
input_layernorm,760,0,4,19594
q_proj,760,0,4,124765
k_proj,760,0,4,36549
v_proj,760,0,4,36308
rope,760,0,4,52524
o_proj,760,0,4,124549
post_layernorm,760,0,4,18854
gate,760,0,4,93634
expert.w1,760,0,4,120804
expert.w3,760,0,4,120036
act_fn,760,0,4,8535
expert.w2,760,0,4,123215
final_layernorm,760,0,4,18984
lm_head,760,0,4,857076
embedding,761,0,4,32736
input_layernorm,761,0,4,19092
q_proj,761,0,4,113566
k_proj,761,0,4,33171
v_proj,761,0,4,32890
rope,761,0,4,48174
o_proj,761,0,4,113362
post_layernorm,761,0,4,17917
gate,761,0,4,86097
expert.w1,761,0,4,110780
expert.w3,761,0,4,110456
act_fn,761,0,4,7366
expert.w2,761,0,4,112502
final_layernorm,761,0,4,18168
lm_head,761,0,4,784076
embedding,762,0,4,35598
input_layernorm,762,0,4,19689
q_proj,762,0,4,125251
k_proj,762,0,4,36687
v_proj,762,0,4,36360
rope,762,0,4,52145
o_proj,762,0,4,125064
post_layernorm,762,0,4,18871
gate,762,0,4,94637
expert.w1,762,0,4,122178
expert.w3,762,0,4,121416
act_fn,762,0,4,7993
expert.w2,762,0,4,123532
final_layernorm,762,0,4,19069
lm_head,762,0,4,861578
embedding,763,0,4,31768
input_layernorm,763,0,4,18936
q_proj,763,0,4,108288
k_proj,763,0,4,31569
v_proj,763,0,4,31408
rope,763,0,4,46505
o_proj,763,0,4,108206
post_layernorm,763,0,4,17737
gate,763,0,4,83586
expert.w1,763,0,4,105682
expert.w3,763,0,4,105039
act_fn,763,0,4,7142
expert.w2,763,0,4,106972
final_layernorm,763,0,4,17893
lm_head,763,0,4,747695
embedding,764,0,4,34723
input_layernorm,764,0,4,19820
q_proj,764,0,4,122296
k_proj,764,0,4,35740
v_proj,764,0,4,35421
rope,764,0,4,51790
o_proj,764,0,4,122122
post_layernorm,764,0,4,18848
gate,764,0,4,92575
expert.w1,764,0,4,119278
expert.w3,764,0,4,118705
act_fn,764,0,4,7852
expert.w2,764,0,4,120837
final_layernorm,764,0,4,18977
lm_head,764,0,4,837899
embedding,765,0,4,31595
input_layernorm,765,0,4,19104
q_proj,765,0,4,108284
k_proj,765,0,4,31512
v_proj,765,0,4,31363
rope,765,0,4,46574
o_proj,765,0,4,108229
post_layernorm,765,0,4,17670
gate,765,0,4,83646
expert.w1,765,0,4,105700
expert.w3,765,0,4,105059
act_fn,765,0,4,7116
expert.w2,765,0,4,107013
final_layernorm,765,0,4,17878
lm_head,765,0,4,747923
embedding,766,0,4,31753
input_layernorm,766,0,4,18900
q_proj,766,0,4,108269
k_proj,766,0,4,31524
v_proj,766,0,4,31437
rope,766,0,4,46735
o_proj,766,0,4,108231
post_layernorm,766,0,4,17702
gate,766,0,4,83284
expert.w1,766,0,4,105716
expert.w3,766,0,4,105053
act_fn,766,0,4,7062
expert.w2,766,0,4,106863
final_layernorm,766,0,4,17702
lm_head,766,0,4,747750
embedding,767,0,4,31602
input_layernorm,767,0,4,19008
q_proj,767,0,4,108281
k_proj,767,0,4,31509
v_proj,767,0,4,31504
rope,767,0,4,46611
o_proj,767,0,4,108246
post_layernorm,767,0,4,17659
gate,767,0,4,83625
expert.w1,767,0,4,105736
expert.w3,767,0,4,105045
act_fn,767,0,4,7130
expert.w2,767,0,4,107017
final_layernorm,767,0,4,17999
lm_head,767,0,4,747929
embedding,768,0,4,35729
input_layernorm,768,0,4,19851
q_proj,768,0,4,125241
k_proj,768,0,4,36608
v_proj,768,0,4,36479
rope,768,0,4,53236
o_proj,768,0,4,125095
post_layernorm,768,0,4,19055
gate,768,0,4,90191
expert.w1,768,0,4,122213
expert.w3,768,0,4,121673
act_fn,768,0,4,8062
expert.w2,768,0,4,123579
final_layernorm,768,0,4,19302
lm_head,768,0,4,861744
embedding,769,0,4,32279
input_layernorm,769,0,4,19037
q_proj,769,0,4,109253
k_proj,769,0,4,31671
v_proj,769,0,4,31444
rope,769,0,4,46848
o_proj,769,0,4,108161
post_layernorm,769,0,4,17817
gate,769,0,4,80984
expert.w1,769,0,4,105614
expert.w3,769,0,4,105316
act_fn,769,0,4,7097
expert.w2,769,0,4,107243
final_layernorm,769,0,4,18146
lm_head,769,0,4,849619
embedding,770,0,4,36015
input_layernorm,770,0,4,19598
q_proj,770,0,4,126006
k_proj,770,0,4,36736
v_proj,770,0,4,36481
rope,770,0,4,53200
o_proj,770,0,4,124945
post_layernorm,770,0,4,19121
gate,770,0,4,92042
expert.w1,770,0,4,122026
expert.w3,770,0,4,121694
act_fn,770,0,4,8102
expert.w2,770,0,4,123633
final_layernorm,770,0,4,19289
lm_head,770,0,4,982150
embedding,771,0,4,32388
input_layernorm,771,0,4,19048
q_proj,771,0,4,109720
k_proj,771,0,4,31799
v_proj,771,0,4,31601
rope,771,0,4,46884
o_proj,771,0,4,108633
post_layernorm,771,0,4,17841
gate,771,0,4,81094
expert.w1,771,0,4,106007
expert.w3,771,0,4,105588
act_fn,771,0,4,7210
expert.w2,771,0,4,107802
final_layernorm,771,0,4,18074
lm_head,771,0,4,852434
embedding,772,0,4,32601
input_layernorm,772,0,4,19151
q_proj,772,0,4,110069
k_proj,772,0,4,31893
v_proj,772,0,4,31693
rope,772,0,4,47657
o_proj,772,0,4,108993
post_layernorm,772,0,4,17964
gate,772,0,4,80981
expert.w1,772,0,4,106377
expert.w3,772,0,4,105932
act_fn,772,0,4,7224
expert.w2,772,0,4,108063
final_layernorm,772,0,4,18084
lm_head,772,0,4,855231
embedding,773,0,4,32734
input_layernorm,773,0,4,19076
q_proj,773,0,4,110016
k_proj,773,0,4,32072
v_proj,773,0,4,31742
rope,773,0,4,47282
o_proj,773,0,4,108933
post_layernorm,773,0,4,17973
gate,773,0,4,81554
expert.w1,773,0,4,106359
expert.w3,773,0,4,105929
act_fn,773,0,4,7173
expert.w2,773,0,4,108020
final_layernorm,773,0,4,18103
lm_head,773,0,4,855052
embedding,774,0,4,32759
input_layernorm,774,0,4,19130
q_proj,774,0,4,109302
k_proj,774,0,4,31782
v_proj,774,0,4,31435
rope,774,0,4,47082
o_proj,774,0,4,108267
post_layernorm,774,0,4,18010
gate,774,0,4,81042
expert.w1,774,0,4,105646
expert.w3,774,0,4,105271
act_fn,774,0,4,7105
expert.w2,774,0,4,107201
final_layernorm,774,0,4,17949
lm_head,774,0,4,849596
embedding,775,0,4,36060
input_layernorm,775,0,4,19606
q_proj,775,0,4,123178
k_proj,775,0,4,35964
v_proj,775,0,4,35674
rope,775,0,4,52104
o_proj,775,0,4,122142
post_layernorm,775,0,4,19016
gate,775,0,4,90659
expert.w1,775,0,4,119301
expert.w3,775,0,4,118944
act_fn,775,0,4,7844
expert.w2,775,0,4,120783
final_layernorm,775,0,4,19221
lm_head,775,0,4,956315
embedding,776,0,4,33096
input_layernorm,776,0,4,19071
q_proj,776,0,4,110067
k_proj,776,0,4,31966
v_proj,776,0,4,31743
rope,776,0,4,47964
o_proj,776,0,4,108966
post_layernorm,776,0,4,18059
gate,776,0,4,81292
expert.w1,776,0,4,106382
expert.w3,776,0,4,105928
act_fn,776,0,4,7130
expert.w2,776,0,4,108098
final_layernorm,776,0,4,18204
lm_head,776,0,4,855333
embedding,777,0,4,33067
input_layernorm,777,0,4,19031
q_proj,777,0,4,110048
k_proj,777,0,4,31933
v_proj,777,0,4,31735
rope,777,0,4,47350
o_proj,777,0,4,108956
post_layernorm,777,0,4,17956
gate,777,0,4,81656
expert.w1,777,0,4,106373
expert.w3,777,0,4,105949
act_fn,777,0,4,7177
expert.w2,777,0,4,108045
final_layernorm,777,0,4,18103
lm_head,777,0,4,855327
embedding,778,0,4,32759
input_layernorm,778,0,4,19066
q_proj,778,0,4,109327
k_proj,778,0,4,31946
v_proj,778,0,4,31423
rope,778,0,4,47308
o_proj,778,0,4,108236
post_layernorm,778,0,4,17931
gate,778,0,4,81402
expert.w1,778,0,4,105621
expert.w3,778,0,4,105292
act_fn,778,0,4,7178
expert.w2,778,0,4,107281
final_layernorm,778,0,4,18005
lm_head,778,0,4,849970
embedding,779,0,4,33009
input_layernorm,779,0,4,19243
q_proj,779,0,4,110083
k_proj,779,0,4,31901
v_proj,779,0,4,31793
rope,779,0,4,47434
o_proj,779,0,4,109004
post_layernorm,779,0,4,18086
gate,779,0,4,82155
expert.w1,779,0,4,106390
expert.w3,779,0,4,105970
act_fn,779,0,4,7144
expert.w2,779,0,4,107974
final_layernorm,779,0,4,18253
lm_head,779,0,4,855306
embedding,780,0,4,33007
input_layernorm,780,0,4,19185
q_proj,780,0,4,110062
k_proj,780,0,4,31903
v_proj,780,0,4,31731
rope,780,0,4,47900
o_proj,780,0,4,108967
post_layernorm,780,0,4,18158
gate,780,0,4,81752
expert.w1,780,0,4,106355
expert.w3,780,0,4,105880
act_fn,780,0,4,7144
expert.w2,780,0,4,108017
final_layernorm,780,0,4,18404
lm_head,780,0,4,855284
embedding,781,0,4,37000
input_layernorm,781,0,4,19935
q_proj,781,0,4,126024
k_proj,781,0,4,36797
v_proj,781,0,4,36544
rope,781,0,4,53310
o_proj,781,0,4,124932
post_layernorm,781,0,4,19306
gate,781,0,4,92887
expert.w1,781,0,4,122047
expert.w3,781,0,4,121746
act_fn,781,0,4,8020
expert.w2,781,0,4,123525
final_layernorm,781,0,4,19405
lm_head,781,0,4,982188
embedding,782,0,4,33179
input_layernorm,782,0,4,19259
q_proj,782,0,4,110038
k_proj,782,0,4,31908
v_proj,782,0,4,31657
rope,782,0,4,47690
o_proj,782,0,4,108981
post_layernorm,782,0,4,18114
gate,782,0,4,81679
expert.w1,782,0,4,106293
expert.w3,782,0,4,105858
act_fn,782,0,4,7203
expert.w2,782,0,4,108069
final_layernorm,782,0,4,18112
lm_head,782,0,4,854653
embedding,783,0,4,36756
input_layernorm,783,0,4,20114
q_proj,783,0,4,126020
k_proj,783,0,4,36781
v_proj,783,0,4,36582
rope,783,0,4,53527
o_proj,783,0,4,124940
post_layernorm,783,0,4,19411
gate,783,0,4,92757
expert.w1,783,0,4,121998
expert.w3,783,0,4,121397
act_fn,783,0,4,8035
expert.w2,783,0,4,123085
final_layernorm,783,0,4,19526
lm_head,783,0,4,978639
embedding,784,0,4,33154
input_layernorm,784,0,4,19281
q_proj,784,0,4,109282
k_proj,784,0,4,31721
v_proj,784,0,4,31432
rope,784,0,4,47880
o_proj,784,0,4,108207
post_layernorm,784,0,4,18183
gate,784,0,4,81155
expert.w1,784,0,4,105619
expert.w3,784,0,4,105295
act_fn,784,0,4,7143
expert.w2,784,0,4,107287
final_layernorm,784,0,4,18277
lm_head,784,0,4,850177
embedding,785,0,4,32949
input_layernorm,785,0,4,19321
q_proj,785,0,4,109719
k_proj,785,0,4,31844
v_proj,785,0,4,31616
rope,785,0,4,47442
o_proj,785,0,4,108661
post_layernorm,785,0,4,18190
gate,785,0,4,82230
expert.w1,785,0,4,105989
expert.w3,785,0,4,105640
act_fn,785,0,4,7263
expert.w2,785,0,4,107750
final_layernorm,785,0,4,18183
lm_head,785,0,4,852974
embedding,786,0,4,36163
input_layernorm,786,0,4,20022
q_proj,786,0,4,122662
k_proj,786,0,4,35798
v_proj,786,0,4,35552
rope,786,0,4,52626
o_proj,786,0,4,121606
post_layernorm,786,0,4,19237
gate,786,0,4,90706
expert.w1,786,0,4,118827
expert.w3,786,0,4,118509
act_fn,786,0,4,8006
expert.w2,786,0,4,120443
final_layernorm,786,0,4,19419
lm_head,786,0,4,955769
embedding,787,0,4,35120
input_layernorm,787,0,4,19860
q_proj,787,0,4,118448
k_proj,787,0,4,34575
v_proj,787,0,4,34336
rope,787,0,4,51333
o_proj,787,0,4,117413
post_layernorm,787,0,4,18978
gate,787,0,4,88142
expert.w1,787,0,4,114770
expert.w3,787,0,4,114463
act_fn,787,0,4,7687
expert.w2,787,0,4,116388
final_layernorm,787,0,4,19122
lm_head,787,0,4,922428
embedding,788,0,4,33538
input_layernorm,788,0,4,19671
q_proj,788,0,4,110050
k_proj,788,0,4,31890
v_proj,788,0,4,31701
rope,788,0,4,48322
o_proj,788,0,4,108972
post_layernorm,788,0,4,18324
gate,788,0,4,82398
expert.w1,788,0,4,106328
expert.w3,788,0,4,105904
act_fn,788,0,4,7172
expert.w2,788,0,4,107916
final_layernorm,788,0,4,18448
lm_head,788,0,4,855222
embedding,789,0,4,36969
input_layernorm,789,0,4,20378
q_proj,789,0,4,126044
k_proj,789,0,4,36832
v_proj,789,0,4,36515
rope,789,0,4,53511
o_proj,789,0,4,124945
post_layernorm,789,0,4,19521
gate,789,0,4,93391
expert.w1,789,0,4,122023
expert.w3,789,0,4,121732
act_fn,789,0,4,8038
expert.w2,789,0,4,123553
final_layernorm,789,0,4,19675
lm_head,789,0,4,982233
embedding,790,0,4,33122
input_layernorm,790,0,4,19577
q_proj,790,0,4,110101
k_proj,790,0,4,31933
v_proj,790,0,4,31688
rope,790,0,4,48083
o_proj,790,0,4,109054
post_layernorm,790,0,4,18280
gate,790,0,4,82532
expert.w1,790,0,4,106365
expert.w3,790,0,4,105983
act_fn,790,0,4,7152
expert.w2,790,0,4,107982
final_layernorm,790,0,4,18565
lm_head,790,0,4,855391
embedding,791,0,4,37134
input_layernorm,791,0,4,20432
q_proj,791,0,4,126012
k_proj,791,0,4,36893
v_proj,791,0,4,36564
rope,791,0,4,53732
o_proj,791,0,4,124947
post_layernorm,791,0,4,19690
gate,791,0,4,93418
expert.w1,791,0,4,122028
expert.w3,791,0,4,121751
act_fn,791,0,4,8066
expert.w2,791,0,4,123545
final_layernorm,791,0,4,19717
lm_head,791,0,4,982267
embedding,792,0,4,33090
input_layernorm,792,0,4,19719
q_proj,792,0,4,109336
k_proj,792,0,4,31772
v_proj,792,0,4,31428
rope,792,0,4,48071
o_proj,792,0,4,108287
post_layernorm,792,0,4,18403
gate,792,0,4,81839
expert.w1,792,0,4,105576
expert.w3,792,0,4,105292
act_fn,792,0,4,7232
expert.w2,792,0,4,107226
final_layernorm,792,0,4,18429
lm_head,792,0,4,850598
embedding,793,0,4,37035
input_layernorm,793,0,4,20440
q_proj,793,0,4,126038
k_proj,793,0,4,36898
v_proj,793,0,4,36581
rope,793,0,4,53860
o_proj,793,0,4,124907
post_layernorm,793,0,4,19611
gate,793,0,4,93790
expert.w1,793,0,4,122038
expert.w3,793,0,4,121752
act_fn,793,0,4,8103
expert.w2,793,0,4,123523
final_layernorm,793,0,4,19854
lm_head,793,0,4,982383
embedding,794,0,4,33405
input_layernorm,794,0,4,19613
q_proj,794,0,4,110140
k_proj,794,0,4,31989
v_proj,794,0,4,31736
rope,794,0,4,48382
o_proj,794,0,4,109069
post_layernorm,794,0,4,18433
gate,794,0,4,82669
expert.w1,794,0,4,106346
expert.w3,794,0,4,105986
act_fn,794,0,4,7205
expert.w2,794,0,4,107975
final_layernorm,794,0,4,18620
lm_head,794,0,4,855449
embedding,795,0,4,37284
input_layernorm,795,0,4,20379
q_proj,795,0,4,126031
k_proj,795,0,4,36837
v_proj,795,0,4,36613
rope,795,0,4,53945
o_proj,795,0,4,124954
post_layernorm,795,0,4,19713
gate,795,0,4,93743
expert.w1,795,0,4,122030
expert.w3,795,0,4,121727
act_fn,795,0,4,8068
expert.w2,795,0,4,123572
final_layernorm,795,0,4,19864
lm_head,795,0,4,982346
embedding,796,0,4,33490
input_layernorm,796,0,4,20077
q_proj,796,0,4,109346
k_proj,796,0,4,31756
v_proj,796,0,4,31478
rope,796,0,4,48419
o_proj,796,0,4,108280
post_layernorm,796,0,4,18451
gate,796,0,4,82443
expert.w1,796,0,4,105579
expert.w3,796,0,4,105359
act_fn,796,0,4,7222
expert.w2,796,0,4,107187
final_layernorm,796,0,4,18565
lm_head,796,0,4,850797
embedding,797,0,4,33760
input_layernorm,797,0,4,19701
q_proj,797,0,4,110117
k_proj,797,0,4,31936
v_proj,797,0,4,31733
rope,797,0,4,48282
o_proj,797,0,4,109035
post_layernorm,797,0,4,18516
gate,797,0,4,83057
expert.w1,797,0,4,106334
expert.w3,797,0,4,106012
act_fn,797,0,4,7243
expert.w2,797,0,4,107969
final_layernorm,797,0,4,18733
lm_head,797,0,4,855480
embedding,798,0,4,33699
input_layernorm,798,0,4,19950
q_proj,798,0,4,110139
k_proj,798,0,4,31924
v_proj,798,0,4,31688
rope,798,0,4,48566
o_proj,798,0,4,109086
post_layernorm,798,0,4,18550
gate,798,0,4,83095
expert.w1,798,0,4,106430
expert.w3,798,0,4,106032
act_fn,798,0,4,7257
expert.w2,798,0,4,108110
final_layernorm,798,0,4,18718
lm_head,798,0,4,855496
embedding,799,0,4,33835
input_layernorm,799,0,4,20086
q_proj,799,0,4,109985
k_proj,799,0,4,31881
v_proj,799,0,4,31655
rope,799,0,4,48310
o_proj,799,0,4,108902
post_layernorm,799,0,4,18639
gate,799,0,4,82727
expert.w1,799,0,4,106230
expert.w3,799,0,4,105834
act_fn,799,0,4,7277
expert.w2,799,0,4,107861
final_layernorm,799,0,4,18744
lm_head,799,0,4,854302
embedding,800,0,4,37664
input_layernorm,800,0,4,20679
q_proj,800,0,4,126077
k_proj,800,0,4,36814
v_proj,800,0,4,36551
rope,800,0,4,54784
o_proj,800,0,4,124958
post_layernorm,800,0,4,19866
gate,800,0,4,93380
expert.w1,800,0,4,122063
expert.w3,800,0,4,121820
act_fn,800,0,4,8219
expert.w2,800,0,4,123524
final_layernorm,800,0,4,19809
lm_head,800,0,4,982407
embedding,801,0,4,33941
input_layernorm,801,0,4,19984
q_proj,801,0,4,110102
k_proj,801,0,4,31893
v_proj,801,0,4,31801
rope,801,0,4,48498
o_proj,801,0,4,109046
post_layernorm,801,0,4,18622
gate,801,0,4,83617
expert.w1,801,0,4,106398
expert.w3,801,0,4,105923
act_fn,801,0,4,7445
expert.w2,801,0,4,107818
final_layernorm,801,0,4,18847
lm_head,801,0,4,855402
embedding,802,0,4,36455
input_layernorm,802,0,4,20496
q_proj,802,0,4,120207
k_proj,802,0,4,35126
v_proj,802,0,4,34912
rope,802,0,4,52398
o_proj,802,0,4,118924
post_layernorm,802,0,4,19392
gate,802,0,4,90407
expert.w1,802,0,4,115936
expert.w3,802,0,4,115478
act_fn,802,0,4,7847
expert.w2,802,0,4,117410
final_layernorm,802,0,4,19604
lm_head,802,0,4,932875
embedding,803,0,4,34441
input_layernorm,803,0,4,20046
q_proj,803,0,4,111498
k_proj,803,0,4,32471
v_proj,803,0,4,32322
rope,803,0,4,49184
o_proj,803,0,4,110542
post_layernorm,803,0,4,18804
gate,803,0,4,84978
expert.w1,803,0,4,107903
expert.w3,803,0,4,107358
act_fn,803,0,4,7455
expert.w2,803,0,4,109507
final_layernorm,803,0,4,19048
lm_head,803,0,4,867951
embedding,804,0,4,37598
input_layernorm,804,0,4,20870
q_proj,804,0,4,126060
k_proj,804,0,4,36828
v_proj,804,0,4,36611
rope,804,0,4,54757
o_proj,804,0,4,125002
post_layernorm,804,0,4,19945
gate,804,0,4,94524
expert.w1,804,0,4,122098
expert.w3,804,0,4,121684
act_fn,804,0,4,8185
expert.w2,804,0,4,123532
final_layernorm,804,0,4,20044
lm_head,804,0,4,982401
embedding,805,0,4,34247
input_layernorm,805,0,4,19966
q_proj,805,0,4,110163
k_proj,805,0,4,31960
v_proj,805,0,4,31811
rope,805,0,4,48588
o_proj,805,0,4,109062
post_layernorm,805,0,4,18906
gate,805,0,4,83840
expert.w1,805,0,4,106442
expert.w3,805,0,4,105990
act_fn,805,0,4,7274
expert.w2,805,0,4,107904
final_layernorm,805,0,4,18885
lm_head,805,0,4,855575
embedding,806,0,4,37777
input_layernorm,806,0,4,20702
q_proj,806,0,4,124560
k_proj,806,0,4,36440
v_proj,806,0,4,36174
rope,806,0,4,53440
o_proj,806,0,4,123485
post_layernorm,806,0,4,19852
gate,806,0,4,93442
expert.w1,806,0,4,120636
expert.w3,806,0,4,120012
act_fn,806,0,4,8136
expert.w2,806,0,4,122084
final_layernorm,806,0,4,20097
lm_head,806,0,4,970369
embedding,807,0,4,34038
input_layernorm,807,0,4,20139
q_proj,807,0,4,110135
k_proj,807,0,4,31970
v_proj,807,0,4,31825
rope,807,0,4,48714
o_proj,807,0,4,109068
post_layernorm,807,0,4,18839
gate,807,0,4,84000
expert.w1,807,0,4,106424
expert.w3,807,0,4,106006
act_fn,807,0,4,7380
expert.w2,807,0,4,107875
final_layernorm,807,0,4,18993
lm_head,807,0,4,855620
embedding,808,0,4,37838
input_layernorm,808,0,4,20934
q_proj,808,0,4,126047
k_proj,808,0,4,37014
v_proj,808,0,4,36641
rope,808,0,4,54909
o_proj,808,0,4,124999
post_layernorm,808,0,4,19995
gate,808,0,4,94567
expert.w1,808,0,4,121623
expert.w3,808,0,4,121172
act_fn,808,0,4,8183
expert.w2,808,0,4,123130
final_layernorm,808,0,4,19998
lm_head,808,0,4,978758
embedding,809,0,4,33956
input_layernorm,809,0,4,20201
q_proj,809,0,4,109667
k_proj,809,0,4,31859
v_proj,809,0,4,31685
rope,809,0,4,48222
o_proj,809,0,4,108662
post_layernorm,809,0,4,18960
gate,809,0,4,84079
expert.w1,809,0,4,105945
expert.w3,809,0,4,105602
act_fn,809,0,4,7289
expert.w2,809,0,4,107616
final_layernorm,809,0,4,18903
lm_head,809,0,4,852989
embedding,810,0,4,37635
input_layernorm,810,0,4,20990
q_proj,810,0,4,126245
k_proj,810,0,4,36923
v_proj,810,0,4,36703
rope,810,0,4,54014
o_proj,810,0,4,125142
post_layernorm,810,0,4,20088
gate,810,0,4,95218
expert.w1,810,0,4,122286
expert.w3,810,0,4,121670
act_fn,810,0,4,8227
expert.w2,810,0,4,123730
final_layernorm,810,0,4,20211
lm_head,810,0,4,979245
embedding,811,0,4,33875
input_layernorm,811,0,4,20205
q_proj,811,0,4,109422
k_proj,811,0,4,31836
v_proj,811,0,4,31544
rope,811,0,4,48324
o_proj,811,0,4,108379
post_layernorm,811,0,4,18999
gate,811,0,4,83500
expert.w1,811,0,4,105619
expert.w3,811,0,4,105346
act_fn,811,0,4,7285
expert.w2,811,0,4,107233
final_layernorm,811,0,4,18907
lm_head,811,0,4,851234
embedding,812,0,4,34154
input_layernorm,812,0,4,20336
q_proj,812,0,4,110152
k_proj,812,0,4,31954
v_proj,812,0,4,31835
rope,812,0,4,49473
o_proj,812,0,4,109128
post_layernorm,812,0,4,18990
gate,812,0,4,83811
expert.w1,812,0,4,106419
expert.w3,812,0,4,106028
act_fn,812,0,4,7322
expert.w2,812,0,4,107953
final_layernorm,812,0,4,19038
lm_head,812,0,4,855722
embedding,813,0,4,34071
input_layernorm,813,0,4,20333
q_proj,813,0,4,110172
k_proj,813,0,4,31998
v_proj,813,0,4,31847
rope,813,0,4,48955
o_proj,813,0,4,109139
post_layernorm,813,0,4,19002
gate,813,0,4,84513
expert.w1,813,0,4,106417
expert.w3,813,0,4,106057
act_fn,813,0,4,7323
expert.w2,813,0,4,107962
final_layernorm,813,0,4,19204
lm_head,813,0,4,855715
embedding,814,0,4,37629
input_layernorm,814,0,4,21097
q_proj,814,0,4,126047
k_proj,814,0,4,36942
v_proj,814,0,4,36662
rope,814,0,4,54696
o_proj,814,0,4,125063
post_layernorm,814,0,4,20168
gate,814,0,4,95001
expert.w1,814,0,4,122037
expert.w3,814,0,4,121749
act_fn,814,0,4,8325
expert.w2,814,0,4,123571
final_layernorm,814,0,4,20284
lm_head,814,0,4,982662
embedding,815,0,4,34311
input_layernorm,815,0,4,20423
q_proj,815,0,4,110103
k_proj,815,0,4,32001
v_proj,815,0,4,31850
rope,815,0,4,49051
o_proj,815,0,4,109119
post_layernorm,815,0,4,19158
gate,815,0,4,84153
expert.w1,815,0,4,106329
expert.w3,815,0,4,106027
act_fn,815,0,4,7441
expert.w2,815,0,4,107949
final_layernorm,815,0,4,19212
lm_head,815,0,4,855642
embedding,816,0,4,38350
input_layernorm,816,0,4,21200
q_proj,816,0,4,126072
k_proj,816,0,4,37044
v_proj,816,0,4,36679
rope,816,0,4,55212
o_proj,816,0,4,125053
post_layernorm,816,0,4,20234
gate,816,0,4,95079
expert.w1,816,0,4,122026
expert.w3,816,0,4,121695
act_fn,816,0,4,8263
expert.w2,816,0,4,123672
final_layernorm,816,0,4,20490
lm_head,816,0,4,982727
embedding,817,0,4,38350
input_layernorm,817,0,4,21304
q_proj,817,0,4,126084
k_proj,817,0,4,36855
v_proj,817,0,4,36687
rope,817,0,4,54707
o_proj,817,0,4,125105
post_layernorm,817,0,4,20164
gate,817,0,4,96019
expert.w1,817,0,4,122028
expert.w3,817,0,4,121694
act_fn,817,0,4,8166
expert.w2,817,0,4,123661
final_layernorm,817,0,4,20578
lm_head,817,0,4,982694
embedding,818,0,4,34192
input_layernorm,818,0,4,20491
q_proj,818,0,4,109383
k_proj,818,0,4,31899
v_proj,818,0,4,31616
rope,818,0,4,48741
o_proj,818,0,4,108360
post_layernorm,818,0,4,19175
gate,818,0,4,84577
expert.w1,818,0,4,105635
expert.w3,818,0,4,105351
act_fn,818,0,4,7362
expert.w2,818,0,4,107281
final_layernorm,818,0,4,19212
lm_head,818,0,4,851662
embedding,819,0,4,38215
input_layernorm,819,0,4,21386
q_proj,819,0,4,124702
k_proj,819,0,4,36462
v_proj,819,0,4,36257
rope,819,0,4,54308
o_proj,819,0,4,123742
post_layernorm,819,0,4,20184
gate,819,0,4,95520
expert.w1,819,0,4,120710
expert.w3,819,0,4,120384
act_fn,819,0,4,8184
expert.w2,819,0,4,122271
final_layernorm,819,0,4,20374
lm_head,819,0,4,971976
embedding,820,0,4,34914
input_layernorm,820,0,4,20635
q_proj,820,0,4,110172
k_proj,820,0,4,31965
v_proj,820,0,4,31851
rope,820,0,4,49721
o_proj,820,0,4,109146
post_layernorm,820,0,4,19366
gate,820,0,4,84835
expert.w1,820,0,4,106381
expert.w3,820,0,4,106211
act_fn,820,0,4,7372
expert.w2,820,0,4,108078
final_layernorm,820,0,4,19326
lm_head,820,0,4,855862
embedding,821,0,4,34472
input_layernorm,821,0,4,20555
q_proj,821,0,4,109548
k_proj,821,0,4,31916
v_proj,821,0,4,31658
rope,821,0,4,49029
o_proj,821,0,4,108519
post_layernorm,821,0,4,19233
gate,821,0,4,84984
expert.w1,821,0,4,105760
expert.w3,821,0,4,105491
act_fn,821,0,4,7400
expert.w2,821,0,4,107541
final_layernorm,821,0,4,19295
lm_head,821,0,4,852532
embedding,822,0,4,34619
input_layernorm,822,0,4,20661
q_proj,822,0,4,110177
k_proj,822,0,4,32060
v_proj,822,0,4,31864
rope,822,0,4,49724
o_proj,822,0,4,109129
post_layernorm,822,0,4,19343
gate,822,0,4,84938
expert.w1,822,0,4,106388
expert.w3,822,0,4,106082
act_fn,822,0,4,7446
expert.w2,822,0,4,107928
final_layernorm,822,0,4,19548
lm_head,822,0,4,855954
embedding,823,0,4,34922
input_layernorm,823,0,4,20757
q_proj,823,0,4,110186
k_proj,823,0,4,32035
v_proj,823,0,4,31872
rope,823,0,4,49667
o_proj,823,0,4,109197
post_layernorm,823,0,4,19216
gate,823,0,4,85314
expert.w1,823,0,4,106388
expert.w3,823,0,4,106115
act_fn,823,0,4,7420
expert.w2,823,0,4,107983
final_layernorm,823,0,4,19548
lm_head,823,0,4,855901
embedding,824,0,4,34834
input_layernorm,824,0,4,20817
q_proj,824,0,4,110209
k_proj,824,0,4,32166
v_proj,824,0,4,31874
rope,824,0,4,50131
o_proj,824,0,4,109155
post_layernorm,824,0,4,19504
gate,824,0,4,84657
expert.w1,824,0,4,106406
expert.w3,824,0,4,106095
act_fn,824,0,4,7370
expert.w2,824,0,4,108103
final_layernorm,824,0,4,19541
lm_head,824,0,4,855934
embedding,825,0,4,34622
input_layernorm,825,0,4,20815
q_proj,825,0,4,109814
k_proj,825,0,4,31954
v_proj,825,0,4,31756
rope,825,0,4,49390
o_proj,825,0,4,108831
post_layernorm,825,0,4,19365
gate,825,0,4,86057
expert.w1,825,0,4,105989
expert.w3,825,0,4,105714
act_fn,825,0,4,7350
expert.w2,825,0,4,107831
final_layernorm,825,0,4,19458
lm_head,825,0,4,854141
embedding,826,0,4,34664
input_layernorm,826,0,4,20890
q_proj,826,0,4,110366
k_proj,826,0,4,32103
v_proj,826,0,4,31929
rope,826,0,4,49980
o_proj,826,0,4,109321
post_layernorm,826,0,4,19402
gate,826,0,4,85838
expert.w1,826,0,4,106571
expert.w3,826,0,4,106290
act_fn,826,0,4,7418
expert.w2,826,0,4,108233
final_layernorm,826,0,4,19571
lm_head,826,0,4,857373
embedding,827,0,4,34801
input_layernorm,827,0,4,20793
q_proj,827,0,4,110161
k_proj,827,0,4,32006
v_proj,827,0,4,31924
rope,827,0,4,49654
o_proj,827,0,4,109158
post_layernorm,827,0,4,19382
gate,827,0,4,85626
expert.w1,827,0,4,106316
expert.w3,827,0,4,106097
act_fn,827,0,4,7398
expert.w2,827,0,4,107958
final_layernorm,827,0,4,19692
lm_head,827,0,4,855846
embedding,828,0,4,34730
input_layernorm,828,0,4,20876
q_proj,828,0,4,110220
k_proj,828,0,4,31996
v_proj,828,0,4,31885
rope,828,0,4,50320
o_proj,828,0,4,109183
post_layernorm,828,0,4,19596
gate,828,0,4,85662
expert.w1,828,0,4,106368
expert.w3,828,0,4,106092
act_fn,828,0,4,7417
expert.w2,828,0,4,108150
final_layernorm,828,0,4,19645
lm_head,828,0,4,856002
embedding,829,0,4,34947
input_layernorm,829,0,4,21085
q_proj,829,0,4,110150
k_proj,829,0,4,32057
v_proj,829,0,4,31855
rope,829,0,4,49846
o_proj,829,0,4,109137
post_layernorm,829,0,4,19557
gate,829,0,4,85671
expert.w1,829,0,4,106336
expert.w3,829,0,4,106055
act_fn,829,0,4,7423
expert.w2,829,0,4,108119
final_layernorm,829,0,4,19622
lm_head,829,0,4,855877
embedding,830,0,4,38721
input_layernorm,830,0,4,21915
q_proj,830,0,4,126084
k_proj,830,0,4,36941
v_proj,830,0,4,36740
rope,830,0,4,55678
o_proj,830,0,4,125152
post_layernorm,830,0,4,20663
gate,830,0,4,96532
expert.w1,830,0,4,122056
expert.w3,830,0,4,121764
act_fn,830,0,4,8362
expert.w2,830,0,4,123774
final_layernorm,830,0,4,20762
lm_head,830,0,4,982761
embedding,831,0,4,34910
input_layernorm,831,0,4,21339
q_proj,831,0,4,110389
k_proj,831,0,4,32115
v_proj,831,0,4,31976
rope,831,0,4,49935
o_proj,831,0,4,109413
post_layernorm,831,0,4,19507
gate,831,0,4,85842
expert.w1,831,0,4,106594
expert.w3,831,0,4,106336
act_fn,831,0,4,7353
expert.w2,831,0,4,108278
final_layernorm,831,0,4,19750
lm_head,831,0,4,857735
embedding,832,0,4,38643
input_layernorm,832,0,4,22063
q_proj,832,0,4,126096
k_proj,832,0,4,37000
v_proj,832,0,4,36729
rope,832,0,4,55830
o_proj,832,0,4,125143
post_layernorm,832,0,4,20785
gate,832,0,4,91884
expert.w1,832,0,4,122044
expert.w3,832,0,4,121642
act_fn,832,0,4,8254
expert.w2,832,0,4,123884
final_layernorm,832,0,4,20958
lm_head,832,0,4,983025
embedding,833,0,4,34914
input_layernorm,833,0,4,21273
q_proj,833,0,4,110273
k_proj,833,0,4,39800
v_proj,833,0,4,39917
rope,833,0,4,50427
o_proj,833,0,4,109303
post_layernorm,833,0,4,19576
gate,833,0,4,81988
expert.w1,833,0,4,106523
expert.w3,833,0,4,106238
act_fn,833,0,4,7382
expert.w2,833,0,4,108325
final_layernorm,833,0,4,19680
lm_head,833,0,4,857100
embedding,834,0,4,34997
input_layernorm,834,0,4,21472
q_proj,834,0,4,110237
k_proj,834,0,4,39780
v_proj,834,0,4,39875
rope,834,0,4,50617
o_proj,834,0,4,109216
post_layernorm,834,0,4,19637
gate,834,0,4,81725
expert.w1,834,0,4,106433
expert.w3,834,0,4,106154
act_fn,834,0,4,7437
expert.w2,834,0,4,108220
final_layernorm,834,0,4,19779
lm_head,834,0,4,856230
embedding,835,0,4,35237
input_layernorm,835,0,4,21340
q_proj,835,0,4,110417
k_proj,835,0,4,39839
v_proj,835,0,4,39980
rope,835,0,4,50661
o_proj,835,0,4,109409
post_layernorm,835,0,4,19674
gate,835,0,4,81947
expert.w1,835,0,4,106662
expert.w3,835,0,4,106355
act_fn,835,0,4,7508
expert.w2,835,0,4,108435
final_layernorm,835,0,4,19778
lm_head,835,0,4,857964
embedding,836,0,4,35490
input_layernorm,836,0,4,21314
q_proj,836,0,4,110353
k_proj,836,0,4,39819
v_proj,836,0,4,39929
rope,836,0,4,50855
o_proj,836,0,4,109327
post_layernorm,836,0,4,19721
gate,836,0,4,81755
expert.w1,836,0,4,106537
expert.w3,836,0,4,106187
act_fn,836,0,4,7535
expert.w2,836,0,4,108498
final_layernorm,836,0,4,19790
lm_head,836,0,4,857259
embedding,837,0,4,38691
input_layernorm,837,0,4,22082
q_proj,837,0,4,123311
k_proj,837,0,4,44669
v_proj,837,0,4,44791
rope,837,0,4,54829
o_proj,837,0,4,122343
post_layernorm,837,0,4,20652
gate,837,0,4,90822
expert.w1,837,0,4,119354
expert.w3,837,0,4,119003
act_fn,837,0,4,8249
expert.w2,837,0,4,121169
final_layernorm,837,0,4,20774
lm_head,837,0,4,961059
embedding,838,0,4,35227
input_layernorm,838,0,4,21477
q_proj,838,0,4,109452
k_proj,838,0,4,39603
v_proj,838,0,4,39568
rope,838,0,4,49679
o_proj,838,0,4,108434
post_layernorm,838,0,4,19748
gate,838,0,4,81463
expert.w1,838,0,4,105649
expert.w3,838,0,4,105352
act_fn,838,0,4,7391
expert.w2,838,0,4,107454
final_layernorm,838,0,4,19698
lm_head,838,0,4,852570
embedding,839,0,4,35327
input_layernorm,839,0,4,21388
q_proj,839,0,4,110222
k_proj,839,0,4,39785
v_proj,839,0,4,39865
rope,839,0,4,50207
o_proj,839,0,4,109234
post_layernorm,839,0,4,19648
gate,839,0,4,81949
expert.w1,839,0,4,106439
expert.w3,839,0,4,106137
act_fn,839,0,4,7383
expert.w2,839,0,4,108279
final_layernorm,839,0,4,19812
lm_head,839,0,4,856221
embedding,840,0,4,35290
input_layernorm,840,0,4,21466
q_proj,840,0,4,109579
k_proj,840,0,4,39631
v_proj,840,0,4,39603
rope,840,0,4,50084
o_proj,840,0,4,108541
post_layernorm,840,0,4,19746
gate,840,0,4,81441
expert.w1,840,0,4,105733
expert.w3,840,0,4,105440
act_fn,840,0,4,7375
expert.w2,840,0,4,107851
final_layernorm,840,0,4,19665
lm_head,840,0,4,853049
embedding,841,0,4,39409
input_layernorm,841,0,4,22072
q_proj,841,0,4,126128
k_proj,841,0,4,45710
v_proj,841,0,4,45819
rope,841,0,4,56091
o_proj,841,0,4,125168
post_layernorm,841,0,4,20906
gate,841,0,4,93219
expert.w1,841,0,4,122182
expert.w3,841,0,4,121507
act_fn,841,0,4,8389
expert.w2,841,0,4,123859
final_layernorm,841,0,4,21094
lm_head,841,0,4,983162
embedding,842,0,4,38231
input_layernorm,842,0,4,21782
q_proj,842,0,4,121422
k_proj,842,0,4,43983
v_proj,842,0,4,44111
rope,842,0,4,54569
o_proj,842,0,4,120509
post_layernorm,842,0,4,20652
gate,842,0,4,89836
expert.w1,842,0,4,117552
expert.w3,842,0,4,117161
act_fn,842,0,4,8092
expert.w2,842,0,4,119329
final_layernorm,842,0,4,20778
lm_head,842,0,4,946145
embedding,843,0,4,35571
input_layernorm,843,0,4,21264
q_proj,843,0,4,110209
k_proj,843,0,4,39793
v_proj,843,0,4,39882
rope,843,0,4,50607
o_proj,843,0,4,109247
post_layernorm,843,0,4,19832
gate,843,0,4,82713
expert.w1,843,0,4,106514
expert.w3,843,0,4,106103
act_fn,843,0,4,7507
expert.w2,843,0,4,108278
final_layernorm,843,0,4,19964
lm_head,843,0,4,856548
embedding,844,0,4,39374
input_layernorm,844,0,4,22188
q_proj,844,0,4,126111
k_proj,844,0,4,45700
v_proj,844,0,4,45821
rope,844,0,4,56433
o_proj,844,0,4,125172
post_layernorm,844,0,4,20992
gate,844,0,4,92907
expert.w1,844,0,4,122072
expert.w3,844,0,4,121732
act_fn,844,0,4,8449
expert.w2,844,0,4,124070
final_layernorm,844,0,4,21217
lm_head,844,0,4,983198
embedding,845,0,4,35548
input_layernorm,845,0,4,21618
q_proj,845,0,4,110557
k_proj,845,0,4,39901
v_proj,845,0,4,40032
rope,845,0,4,51001
o_proj,845,0,4,109552
post_layernorm,845,0,4,19813
gate,845,0,4,82841
expert.w1,845,0,4,106806
expert.w3,845,0,4,106457
act_fn,845,0,4,7543
expert.w2,845,0,4,108581
final_layernorm,845,0,4,20179
lm_head,845,0,4,858963
embedding,846,0,4,39532
input_layernorm,846,0,4,22454
q_proj,846,0,4,126104
k_proj,846,0,4,45697
v_proj,846,0,4,45828
rope,846,0,4,56090
o_proj,846,0,4,125146
post_layernorm,846,0,4,21001
gate,846,0,4,92976
expert.w1,846,0,4,122107
expert.w3,846,0,4,121711
act_fn,846,0,4,8309
expert.w2,846,0,4,123877
final_layernorm,846,0,4,21205
lm_head,846,0,4,983217
embedding,847,0,4,35823
input_layernorm,847,0,4,21592
q_proj,847,0,4,110409
k_proj,847,0,4,39841
v_proj,847,0,4,39959
rope,847,0,4,51027
o_proj,847,0,4,109374
post_layernorm,847,0,4,20024
gate,847,0,4,82483
expert.w1,847,0,4,106641
expert.w3,847,0,4,106346
act_fn,847,0,4,7418
expert.w2,847,0,4,108422
final_layernorm,847,0,4,20094
lm_head,847,0,4,857826
embedding,848,0,4,35774
input_layernorm,848,0,4,21622
q_proj,848,0,4,110367
k_proj,848,0,4,39826
v_proj,848,0,4,39935
rope,848,0,4,51517
o_proj,848,0,4,109266
post_layernorm,848,0,4,20030
gate,848,0,4,82393
expert.w1,848,0,4,106531
expert.w3,848,0,4,106238
act_fn,848,0,4,7426
expert.w2,848,0,4,108528
final_layernorm,848,0,4,20049
lm_head,848,0,4,857183
embedding,849,0,4,35782
input_layernorm,849,0,4,21753
q_proj,849,0,4,110101
k_proj,849,0,4,39766
v_proj,849,0,4,39833
rope,849,0,4,50334
o_proj,849,0,4,109100
post_layernorm,849,0,4,20149
gate,849,0,4,83167
expert.w1,849,0,4,106216
expert.w3,849,0,4,105885
act_fn,849,0,4,7531
expert.w2,849,0,4,108361
final_layernorm,849,0,4,20134
lm_head,849,0,4,855575
embedding,850,0,4,35709
input_layernorm,850,0,4,21765
q_proj,850,0,4,109468
k_proj,850,0,4,39603
v_proj,850,0,4,39562
rope,850,0,4,50309
o_proj,850,0,4,108446
post_layernorm,850,0,4,20056
gate,850,0,4,82025
expert.w1,850,0,4,105639
expert.w3,850,0,4,105432
act_fn,850,0,4,7475
expert.w2,850,0,4,107576
final_layernorm,850,0,4,20100
lm_head,850,0,4,852963
embedding,851,0,4,35967
input_layernorm,851,0,4,21854
q_proj,851,0,4,110337
k_proj,851,0,4,39805
v_proj,851,0,4,39956
rope,851,0,4,51122
o_proj,851,0,4,109327
post_layernorm,851,0,4,19998
gate,851,0,4,83459
expert.w1,851,0,4,106584
expert.w3,851,0,4,106315
act_fn,851,0,4,7595
expert.w2,851,0,4,108417
final_layernorm,851,0,4,20208
lm_head,851,0,4,857293
embedding,852,0,4,39070
input_layernorm,852,0,4,22390
q_proj,852,0,4,123500
k_proj,852,0,4,44735
v_proj,852,0,4,44860
rope,852,0,4,55846
o_proj,852,0,4,122513
post_layernorm,852,0,4,21097
gate,852,0,4,91523
expert.w1,852,0,4,119538
expert.w3,852,0,4,119195
act_fn,852,0,4,8352
expert.w2,852,0,4,121619
final_layernorm,852,0,4,21210
lm_head,852,0,4,961491
embedding,853,0,4,35497
input_layernorm,853,0,4,21782
q_proj,853,0,4,109552
k_proj,853,0,4,39632
v_proj,853,0,4,39615
rope,853,0,4,50686
o_proj,853,0,4,108565
post_layernorm,853,0,4,20073
gate,853,0,4,82869
expert.w1,853,0,4,105825
expert.w3,853,0,4,105545
act_fn,853,0,4,7452
expert.w2,853,0,4,107914
final_layernorm,853,0,4,20448
lm_head,853,0,4,853638
embedding,854,0,4,35705
input_layernorm,854,0,4,21905
q_proj,854,0,4,110356
k_proj,854,0,4,39823
v_proj,854,0,4,39935
rope,854,0,4,51218
o_proj,854,0,4,109307
post_layernorm,854,0,4,20098
gate,854,0,4,82964
expert.w1,854,0,4,106531
expert.w3,854,0,4,106305
act_fn,854,0,4,7467
expert.w2,854,0,4,108624
final_layernorm,854,0,4,20379
lm_head,854,0,4,857353
embedding,855,0,4,35895
input_layernorm,855,0,4,21851
q_proj,855,0,4,110269
k_proj,855,0,4,39796
v_proj,855,0,4,39862
rope,855,0,4,50759
o_proj,855,0,4,109256
post_layernorm,855,0,4,20187
gate,855,0,4,83261
expert.w1,855,0,4,106435
expert.w3,855,0,4,106138
act_fn,855,0,4,7508
expert.w2,855,0,4,108656
final_layernorm,855,0,4,20305
lm_head,855,0,4,856403
embedding,856,0,4,35874
input_layernorm,856,0,4,21902
q_proj,856,0,4,110255
k_proj,856,0,4,39790
v_proj,856,0,4,39856
rope,856,0,4,51014
o_proj,856,0,4,109210
post_layernorm,856,0,4,20282
gate,856,0,4,82777
expert.w1,856,0,4,106391
expert.w3,856,0,4,106067
act_fn,856,0,4,7559
expert.w2,856,0,4,108764
final_layernorm,856,0,4,20286
lm_head,856,0,4,856378
embedding,857,0,4,40207
input_layernorm,857,0,4,22797
q_proj,857,0,4,126125
k_proj,857,0,4,45703
v_proj,857,0,4,45832
rope,857,0,4,56446
o_proj,857,0,4,125249
post_layernorm,857,0,4,21408
gate,857,0,4,94872
expert.w1,857,0,4,122153
expert.w3,857,0,4,121717
act_fn,857,0,4,8499
expert.w2,857,0,4,124165
final_layernorm,857,0,4,21608
lm_head,857,0,4,983375
embedding,858,0,4,36181
input_layernorm,858,0,4,22034
q_proj,858,0,4,110260
k_proj,858,0,4,39796
v_proj,858,0,4,39888
rope,858,0,4,51386
o_proj,858,0,4,109210
post_layernorm,858,0,4,20352
gate,858,0,4,83466
expert.w1,858,0,4,106393
expert.w3,858,0,4,106185
act_fn,858,0,4,7608
expert.w2,858,0,4,108554
final_layernorm,858,0,4,20535
lm_head,858,0,4,856417
embedding,859,0,4,36097
input_layernorm,859,0,4,21975
q_proj,859,0,4,109985
k_proj,859,0,4,39744
v_proj,859,0,4,39771
rope,859,0,4,50873
o_proj,859,0,4,109056
post_layernorm,859,0,4,20223
gate,859,0,4,83508
expert.w1,859,0,4,106233
expert.w3,859,0,4,105871
act_fn,859,0,4,7563
expert.w2,859,0,4,108650
final_layernorm,859,0,4,20337
lm_head,859,0,4,856137
embedding,860,0,4,39576
input_layernorm,860,0,4,22626
q_proj,860,0,4,124373
k_proj,860,0,4,45063
v_proj,860,0,4,45178
rope,860,0,4,56368
o_proj,860,0,4,123012
post_layernorm,860,0,4,21307
gate,860,0,4,92759
expert.w1,860,0,4,120017
expert.w3,860,0,4,119647
act_fn,860,0,4,8341
expert.w2,860,0,4,122261
final_layernorm,860,0,4,21415
lm_head,860,0,4,966369
embedding,861,0,4,36256
input_layernorm,861,0,4,22110
q_proj,861,0,4,110364
k_proj,861,0,4,39821
v_proj,861,0,4,39936
rope,861,0,4,51486
o_proj,861,0,4,109394
post_layernorm,861,0,4,20294
gate,861,0,4,84139
expert.w1,861,0,4,106551
expert.w3,861,0,4,106326
act_fn,861,0,4,7495
expert.w2,861,0,4,109018
final_layernorm,861,0,4,20518
lm_head,861,0,4,857455
embedding,862,0,4,36274
input_layernorm,862,0,4,22231
q_proj,862,0,4,110457
k_proj,862,0,4,39866
v_proj,862,0,4,39977
rope,862,0,4,51663
o_proj,862,0,4,109438
post_layernorm,862,0,4,20327
gate,862,0,4,83808
expert.w1,862,0,4,106695
expert.w3,862,0,4,106363
act_fn,862,0,4,7551
expert.w2,862,0,4,108985
final_layernorm,862,0,4,20631
lm_head,862,0,4,858132
embedding,863,0,4,36242
input_layernorm,863,0,4,22081
q_proj,863,0,4,109480
k_proj,863,0,4,39629
v_proj,863,0,4,39553
rope,863,0,4,50524
o_proj,863,0,4,108540
post_layernorm,863,0,4,20367
gate,863,0,4,83419
expert.w1,863,0,4,105674
expert.w3,863,0,4,105397
act_fn,863,0,4,7547
expert.w2,863,0,4,108270
final_layernorm,863,0,4,20391
lm_head,863,0,4,853525
embedding,864,0,4,36214
input_layernorm,864,0,4,22374
q_proj,864,0,4,109481
k_proj,864,0,4,39625
v_proj,864,0,4,39547
rope,864,0,4,51083
o_proj,864,0,4,108432
post_layernorm,864,0,4,20404
gate,864,0,4,82798
expert.w1,864,0,4,105675
expert.w3,864,0,4,105398
act_fn,864,0,4,7589
expert.w2,864,0,4,108246
final_layernorm,864,0,4,20391
lm_head,864,0,4,853551
embedding,865,0,4,40354
input_layernorm,865,0,4,22769
q_proj,865,0,4,126196
k_proj,865,0,4,45713
v_proj,865,0,4,45811
rope,865,0,4,56599
o_proj,865,0,4,125317
post_layernorm,865,0,4,21595
gate,865,0,4,94998
expert.w1,865,0,4,161135
expert.w3,865,0,4,159934
act_fn,865,0,4,8547
expert.w2,865,0,4,125077
final_layernorm,865,0,4,21670
lm_head,865,0,4,983807
embedding,866,0,4,36476
input_layernorm,866,0,4,22345
q_proj,866,0,4,110601
k_proj,866,0,4,40131
v_proj,866,0,4,39995
rope,866,0,4,51883
o_proj,866,0,4,109641
post_layernorm,866,0,4,20639
gate,866,0,4,84017
expert.w1,866,0,4,140695
expert.w3,866,0,4,139807
act_fn,866,0,4,7802
expert.w2,866,0,4,109661
final_layernorm,866,0,4,20727
lm_head,866,0,4,859219
embedding,867,0,4,40340
input_layernorm,867,0,4,22927
q_proj,867,0,4,126200
k_proj,867,0,4,45727
v_proj,867,0,4,45827
rope,867,0,4,56744
o_proj,867,0,4,125355
post_layernorm,867,0,4,21604
gate,867,0,4,95059
expert.w1,867,0,4,161108
expert.w3,867,0,4,159958
act_fn,867,0,4,8518
expert.w2,867,0,4,125210
final_layernorm,867,0,4,21797
lm_head,867,0,4,983823
embedding,868,0,4,36319
input_layernorm,868,0,4,22204
q_proj,868,0,4,109838
k_proj,868,0,4,40006
v_proj,868,0,4,39742
rope,868,0,4,51248
o_proj,868,0,4,108933
post_layernorm,868,0,4,20811
gate,868,0,4,83410
expert.w1,868,0,4,139556
expert.w3,868,0,4,138580
act_fn,868,0,4,7550
expert.w2,868,0,4,108756
final_layernorm,868,0,4,20865
lm_head,868,0,4,854713
embedding,869,0,4,36060
input_layernorm,869,0,4,22372
q_proj,869,0,4,109548
k_proj,869,0,4,39970
v_proj,869,0,4,39665
rope,869,0,4,51054
o_proj,869,0,4,108622
post_layernorm,869,0,4,20570
gate,869,0,4,83815
expert.w1,869,0,4,139154
expert.w3,869,0,4,138311
act_fn,869,0,4,7504
expert.w2,869,0,4,108478
final_layernorm,869,0,4,20750
lm_head,869,0,4,853544
embedding,870,0,4,40652
input_layernorm,870,0,4,23168
q_proj,870,0,4,126220
k_proj,870,0,4,45729
v_proj,870,0,4,45830
rope,870,0,4,56849
o_proj,870,0,4,125341
post_layernorm,870,0,4,21781
gate,870,0,4,94723
expert.w1,870,0,4,161093
expert.w3,870,0,4,159965
act_fn,870,0,4,8463
expert.w2,870,0,4,125168
final_layernorm,870,0,4,21943
lm_head,870,0,4,983532
embedding,871,0,4,36502
input_layernorm,871,0,4,22439
q_proj,871,0,4,110563
k_proj,871,0,4,40147
v_proj,871,0,4,39971
rope,871,0,4,51794
o_proj,871,0,4,109606
post_layernorm,871,0,4,20726
gate,871,0,4,84506
expert.w1,871,0,4,140522
expert.w3,871,0,4,139690
act_fn,871,0,4,7656
expert.w2,871,0,4,109568
final_layernorm,871,0,4,20772
lm_head,871,0,4,858532
embedding,872,0,4,36621
input_layernorm,872,0,4,22488
q_proj,872,0,4,110877
k_proj,872,0,4,40182
v_proj,872,0,4,40105
rope,872,0,4,52389
o_proj,872,0,4,109951
post_layernorm,872,0,4,20752
gate,872,0,4,84232
expert.w1,872,0,4,140977
expert.w3,872,0,4,140097
act_fn,872,0,4,7662
expert.w2,872,0,4,109869
final_layernorm,872,0,4,20764
lm_head,872,0,4,861301
embedding,873,0,4,36490
input_layernorm,873,0,4,22365
q_proj,873,0,4,110400
k_proj,873,0,4,40099
v_proj,873,0,4,39900
rope,873,0,4,51833
o_proj,873,0,4,109474
post_layernorm,873,0,4,20628
gate,873,0,4,84558
expert.w1,873,0,4,140454
expert.w3,873,0,4,139501
act_fn,873,0,4,7698
expert.w2,873,0,4,109427
final_layernorm,873,0,4,20931
lm_head,873,0,4,857635
embedding,874,0,4,40646
input_layernorm,874,0,4,23207
q_proj,874,0,4,126196
k_proj,874,0,4,45718
v_proj,874,0,4,45829
rope,874,0,4,57058
o_proj,874,0,4,125335
post_layernorm,874,0,4,21849
gate,874,0,4,95271
expert.w1,874,0,4,161103
expert.w3,874,0,4,159963
act_fn,874,0,4,8538
expert.w2,874,0,4,125177
final_layernorm,874,0,4,21975
lm_head,874,0,4,983944
embedding,875,0,4,36765
input_layernorm,875,0,4,22473
q_proj,875,0,4,110990
k_proj,875,0,4,40212
v_proj,875,0,4,40145
rope,875,0,4,52256
o_proj,875,0,4,110069
post_layernorm,875,0,4,20783
gate,875,0,4,84943
expert.w1,875,0,4,141169
expert.w3,875,0,4,140291
act_fn,875,0,4,7607
expert.w2,875,0,4,110104
final_layernorm,875,0,4,21006
lm_head,875,0,4,862468
embedding,876,0,4,36672
input_layernorm,876,0,4,22546
q_proj,876,0,4,110528
k_proj,876,0,4,43128
v_proj,876,0,4,42652
rope,876,0,4,52681
o_proj,876,0,4,109581
post_layernorm,876,0,4,20869
gate,876,0,4,84483
expert.w1,876,0,4,140534
expert.w3,876,0,4,139606
act_fn,876,0,4,7597
expert.w2,876,0,4,109468
final_layernorm,876,0,4,21043
lm_head,876,0,4,858443
embedding,877,0,4,36793
input_layernorm,877,0,4,22669
q_proj,877,0,4,110576
k_proj,877,0,4,43122
v_proj,877,0,4,42626
rope,877,0,4,51882
o_proj,877,0,4,109676
post_layernorm,877,0,4,20851
gate,877,0,4,84871
expert.w1,877,0,4,140512
expert.w3,877,0,4,139578
act_fn,877,0,4,7616
expert.w2,877,0,4,109459
final_layernorm,877,0,4,21037
lm_head,877,0,4,858890
embedding,878,0,4,37184
input_layernorm,878,0,4,22716
q_proj,878,0,4,111108
k_proj,878,0,4,43256
v_proj,878,0,4,42869
rope,878,0,4,52583
o_proj,878,0,4,110177
post_layernorm,878,0,4,20996
gate,878,0,4,84778
expert.w1,878,0,4,141344
expert.w3,878,0,4,140488
act_fn,878,0,4,7656
expert.w2,878,0,4,110139
final_layernorm,878,0,4,21074
lm_head,878,0,4,863839
embedding,879,0,4,40473
input_layernorm,879,0,4,23239
q_proj,879,0,4,123994
k_proj,879,0,4,48326
v_proj,879,0,4,48063
rope,879,0,4,56621
o_proj,879,0,4,123212
post_layernorm,879,0,4,21812
gate,879,0,4,94029
expert.w1,879,0,4,158304
expert.w3,879,0,4,157183
act_fn,879,0,4,8477
expert.w2,879,0,4,123083
final_layernorm,879,0,4,21948
lm_head,879,0,4,966508
embedding,880,0,4,37113
input_layernorm,880,0,4,22859
q_proj,880,0,4,110672
k_proj,880,0,4,43140
v_proj,880,0,4,42693
rope,880,0,4,52896
o_proj,880,0,4,109739
post_layernorm,880,0,4,21057
gate,880,0,4,84618
expert.w1,880,0,4,140682
expert.w3,880,0,4,139775
act_fn,880,0,4,7697
expert.w2,880,0,4,109667
final_layernorm,880,0,4,21149
lm_head,880,0,4,859576
embedding,881,0,4,37099
input_layernorm,881,0,4,22840
q_proj,881,0,4,110453
k_proj,881,0,4,43123
v_proj,881,0,4,42610
rope,881,0,4,52492
o_proj,881,0,4,109550
post_layernorm,881,0,4,20984
gate,881,0,4,85542
expert.w1,881,0,4,140412
expert.w3,881,0,4,139529
act_fn,881,0,4,7686
expert.w2,881,0,4,109390
final_layernorm,881,0,4,21123
lm_head,881,0,4,857845
embedding,882,0,4,37303
input_layernorm,882,0,4,23101
q_proj,882,0,4,110776
k_proj,882,0,4,43190
v_proj,882,0,4,42775
rope,882,0,4,52745
o_proj,882,0,4,109861
post_layernorm,882,0,4,20880
gate,882,0,4,85580
expert.w1,882,0,4,140869
expert.w3,882,0,4,139983
act_fn,882,0,4,7651
expert.w2,882,0,4,109803
final_layernorm,882,0,4,21066
lm_head,882,0,4,860759
embedding,883,0,4,37314
input_layernorm,883,0,4,22887
q_proj,883,0,4,110514
k_proj,883,0,4,43159
v_proj,883,0,4,42605
rope,883,0,4,52201
o_proj,883,0,4,109573
post_layernorm,883,0,4,20964
gate,883,0,4,85399
expert.w1,883,0,4,140467
expert.w3,883,0,4,139565
act_fn,883,0,4,7651
expert.w2,883,0,4,109517
final_layernorm,883,0,4,21137
lm_head,883,0,4,858320
embedding,884,0,4,37395
input_layernorm,884,0,4,22927
q_proj,884,0,4,110433
k_proj,884,0,4,43132
v_proj,884,0,4,42585
rope,884,0,4,52913
o_proj,884,0,4,109545
post_layernorm,884,0,4,21211
gate,884,0,4,84942
expert.w1,884,0,4,140407
expert.w3,884,0,4,139455
act_fn,884,0,4,7652
expert.w2,884,0,4,109497
final_layernorm,884,0,4,21255
lm_head,884,0,4,857950
embedding,885,0,4,37458
input_layernorm,885,0,4,22814
q_proj,885,0,4,110402
k_proj,885,0,4,43134
v_proj,885,0,4,42593
rope,885,0,4,52684
o_proj,885,0,4,109480
post_layernorm,885,0,4,21097
gate,885,0,4,85360
expert.w1,885,0,4,140438
expert.w3,885,0,4,139447
act_fn,885,0,4,7643
expert.w2,885,0,4,109452
final_layernorm,885,0,4,21150
lm_head,885,0,4,858078
embedding,886,0,4,37219
input_layernorm,886,0,4,23292
q_proj,886,0,4,110287
k_proj,886,0,4,43092
v_proj,886,0,4,42522
rope,886,0,4,52676
o_proj,886,0,4,109346
post_layernorm,886,0,4,21272
gate,886,0,4,85362
expert.w1,886,0,4,140246
expert.w3,886,0,4,139293
act_fn,886,0,4,7701
expert.w2,886,0,4,109378
final_layernorm,886,0,4,21265
lm_head,886,0,4,857054
embedding,887,0,4,41346
input_layernorm,887,0,4,23575
q_proj,887,0,4,126224
k_proj,887,0,4,49177
v_proj,887,0,4,48943
rope,887,0,4,57762
o_proj,887,0,4,125419
post_layernorm,887,0,4,22294
gate,887,0,4,96517
expert.w1,887,0,4,161161
expert.w3,887,0,4,159925
act_fn,887,0,4,8506
expert.w2,887,0,4,125264
final_layernorm,887,0,4,22331
lm_head,887,0,4,984253
embedding,888,0,4,37132
input_layernorm,888,0,4,22906
q_proj,888,0,4,110059
k_proj,888,0,4,43092
v_proj,888,0,4,42379
rope,888,0,4,52101
o_proj,888,0,4,109207
post_layernorm,888,0,4,21208
gate,888,0,4,84672
expert.w1,888,0,4,139825
expert.w3,888,0,4,138667
act_fn,888,0,4,7550
expert.w2,888,0,4,108937
final_layernorm,888,0,4,21280
lm_head,888,0,4,856090
embedding,889,0,4,37465
input_layernorm,889,0,4,23160
q_proj,889,0,4,110367
k_proj,889,0,4,43134
v_proj,889,0,4,42519
rope,889,0,4,52089
o_proj,889,0,4,109457
post_layernorm,889,0,4,21162
gate,889,0,4,86021
expert.w1,889,0,4,140318
expert.w3,889,0,4,139242
act_fn,889,0,4,7603
expert.w2,889,0,4,109325
final_layernorm,889,0,4,21389
lm_head,889,0,4,857549
embedding,890,0,4,37338
input_layernorm,890,0,4,23341
q_proj,890,0,4,110681
k_proj,890,0,4,43190
v_proj,890,0,4,42670
rope,890,0,4,52911
o_proj,890,0,4,109789
post_layernorm,890,0,4,21277
gate,890,0,4,86098
expert.w1,890,0,4,140747
expert.w3,890,0,4,139797
act_fn,890,0,4,7628
expert.w2,890,0,4,109568
final_layernorm,890,0,4,21494
lm_head,890,0,4,859877
embedding,891,0,4,37408
input_layernorm,891,0,4,23128
q_proj,891,0,4,111156
k_proj,891,0,4,43274
v_proj,891,0,4,42888
rope,891,0,4,53031
o_proj,891,0,4,110247
post_layernorm,891,0,4,21306
gate,891,0,4,86613
expert.w1,891,0,4,141311
expert.w3,891,0,4,140452
act_fn,891,0,4,7637
expert.w2,891,0,4,110233
final_layernorm,891,0,4,21488
lm_head,891,0,4,863986
embedding,892,0,4,41514
input_layernorm,892,0,4,23733
q_proj,892,0,4,126207
k_proj,892,0,4,49175
v_proj,892,0,4,48965
rope,892,0,4,58320
o_proj,892,0,4,125407
post_layernorm,892,0,4,22435
gate,892,0,4,96608
expert.w1,892,0,4,161145
expert.w3,892,0,4,159924
act_fn,892,0,4,8517
expert.w2,892,0,4,125172
final_layernorm,892,0,4,22526
lm_head,892,0,4,984175
embedding,893,0,4,40893
input_layernorm,893,0,4,23771
q_proj,893,0,4,124066
k_proj,893,0,4,48368
v_proj,893,0,4,48192
rope,893,0,4,56796
o_proj,893,0,4,123318
post_layernorm,893,0,4,22281
gate,893,0,4,95846
expert.w1,893,0,4,158355
expert.w3,893,0,4,157105
act_fn,893,0,4,8445
expert.w2,893,0,4,123100
final_layernorm,893,0,4,22188
lm_head,893,0,4,967480
embedding,894,0,4,37396
input_layernorm,894,0,4,23277
q_proj,894,0,4,110302
k_proj,894,0,4,43138
v_proj,894,0,4,42466
rope,894,0,4,52108
o_proj,894,0,4,109384
post_layernorm,894,0,4,21560
gate,894,0,4,85806
expert.w1,894,0,4,140131
expert.w3,894,0,4,139104
act_fn,894,0,4,7626
expert.w2,894,0,4,109087
final_layernorm,894,0,4,21511
lm_head,894,0,4,857123
embedding,895,0,4,37603
input_layernorm,895,0,4,23215
q_proj,895,0,4,109832
k_proj,895,0,4,43057
v_proj,895,0,4,42314
rope,895,0,4,51843
o_proj,895,0,4,109015
post_layernorm,895,0,4,21389
gate,895,0,4,85821
expert.w1,895,0,4,139538
expert.w3,895,0,4,138492
act_fn,895,0,4,7583
expert.w2,895,0,4,108805
final_layernorm,895,0,4,21571
lm_head,895,0,4,855593
embedding,896,0,4,41590
input_layernorm,896,0,4,23788
q_proj,896,0,4,126220
k_proj,896,0,4,49163
v_proj,896,0,4,48941
rope,896,0,4,58292
o_proj,896,0,4,125409
post_layernorm,896,0,4,22600
gate,896,0,4,92989
expert.w1,896,0,4,161140
expert.w3,896,0,4,159870
act_fn,896,0,4,8495
expert.w2,896,0,4,125238
final_layernorm,896,0,4,22618
lm_head,896,0,4,984511
embedding,897,0,4,37708
input_layernorm,897,0,4,23272
q_proj,897,0,4,110252
k_proj,897,0,4,43207
v_proj,897,0,4,42591
rope,897,0,4,52659
o_proj,897,0,4,109312
post_layernorm,897,0,4,21599
gate,897,0,4,83639
expert.w1,897,0,4,140298
expert.w3,897,0,4,139294
act_fn,897,0,4,7625
expert.w2,897,0,4,109584
final_layernorm,897,0,4,21464
lm_head,897,0,4,857326
embedding,898,0,4,41775
input_layernorm,898,0,4,24091
q_proj,898,0,4,125808
k_proj,898,0,4,49115
v_proj,898,0,4,48875
rope,898,0,4,58110
o_proj,898,0,4,124989
post_layernorm,898,0,4,22662
gate,898,0,4,94220
expert.w1,898,0,4,160702
expert.w3,898,0,4,159538
act_fn,898,0,4,8538
expert.w2,898,0,4,125125
final_layernorm,898,0,4,22535
lm_head,898,0,4,981183
embedding,899,0,4,38159
input_layernorm,899,0,4,23263
q_proj,899,0,4,111268
k_proj,899,0,4,43410
v_proj,899,0,4,43019
rope,899,0,4,53366
o_proj,899,0,4,110377
post_layernorm,899,0,4,21800
gate,899,0,4,84526
expert.w1,899,0,4,141757
expert.w3,899,0,4,140785
act_fn,899,0,4,7678
expert.w2,899,0,4,110696
final_layernorm,899,0,4,21573
lm_head,899,0,4,864989
embedding,900,0,4,41960
input_layernorm,900,0,4,24052
q_proj,900,0,4,126241
k_proj,900,0,4,49278
v_proj,900,0,4,49045
rope,900,0,4,58611
o_proj,900,0,4,125425
post_layernorm,900,0,4,22827
gate,900,0,4,94456
expert.w1,900,0,4,161266
expert.w3,900,0,4,160105
act_fn,900,0,4,8495
expert.w2,900,0,4,125724
final_layernorm,900,0,4,22670
lm_head,900,0,4,984616
embedding,901,0,4,38093
input_layernorm,901,0,4,23541
q_proj,901,0,4,110708
k_proj,901,0,4,43278
v_proj,901,0,4,42819
rope,901,0,4,53255
o_proj,901,0,4,109762
post_layernorm,901,0,4,21839
gate,901,0,4,84309
expert.w1,901,0,4,140911
expert.w3,901,0,4,139910
act_fn,901,0,4,7670
expert.w2,901,0,4,110169
final_layernorm,901,0,4,21737
lm_head,901,0,4,859900
embedding,902,0,4,42292
input_layernorm,902,0,4,24179
q_proj,902,0,4,126228
k_proj,902,0,4,49291
v_proj,902,0,4,49119
rope,902,0,4,58202
o_proj,902,0,4,125429
post_layernorm,902,0,4,22762
gate,902,0,4,94756
expert.w1,902,0,4,161257
expert.w3,902,0,4,160108
act_fn,902,0,4,8493
expert.w2,902,0,4,125782
final_layernorm,902,0,4,22649
lm_head,902,0,4,984340
embedding,903,0,4,38411
input_layernorm,903,0,4,23599
q_proj,903,0,4,111148
k_proj,903,0,4,43374
v_proj,903,0,4,42990
rope,903,0,4,53633
o_proj,903,0,4,110250
post_layernorm,903,0,4,21931
gate,903,0,4,84762
expert.w1,903,0,4,141596
expert.w3,903,0,4,140623
act_fn,903,0,4,7732
expert.w2,903,0,4,110765
final_layernorm,903,0,4,21751
lm_head,903,0,4,864205
embedding,904,0,4,38401
input_layernorm,904,0,4,23772
q_proj,904,0,4,111190
k_proj,904,0,4,43392
v_proj,904,0,4,42971
rope,904,0,4,54111
o_proj,904,0,4,110227
post_layernorm,904,0,4,21916
gate,904,0,4,84473
expert.w1,904,0,4,141585
expert.w3,904,0,4,140642
act_fn,904,0,4,7681
expert.w2,904,0,4,110735
final_layernorm,904,0,4,21772
lm_head,904,0,4,864304
embedding,905,0,4,41793
input_layernorm,905,0,4,24515
q_proj,905,0,4,165690
k_proj,905,0,4,49325
v_proj,905,0,4,49299
rope,905,0,4,58742
o_proj,905,0,4,125449
post_layernorm,905,0,4,22889
gate,905,0,4,95235
expert.w1,905,0,4,161259
expert.w3,905,0,4,160080
act_fn,905,0,4,8460
expert.w2,905,0,4,125730
final_layernorm,905,0,4,22747
lm_head,905,0,4,1025309
embedding,906,0,4,37458
input_layernorm,906,0,4,23845
q_proj,906,0,4,144642
k_proj,906,0,4,42989
v_proj,906,0,4,43117
rope,906,0,4,53592
o_proj,906,0,4,109617
post_layernorm,906,0,4,21723
gate,906,0,4,84523
expert.w1,906,0,4,140684
expert.w3,906,0,4,139734
act_fn,906,0,4,7683
expert.w2,906,0,4,110046
final_layernorm,906,0,4,21882
lm_head,906,0,4,893939
embedding,907,0,4,37527
input_layernorm,907,0,4,24016
q_proj,907,0,4,144737
k_proj,907,0,4,43026
v_proj,907,0,4,43043
rope,907,0,4,53720
o_proj,907,0,4,109629
post_layernorm,907,0,4,21978
gate,907,0,4,84640
expert.w1,907,0,4,140798
expert.w3,907,0,4,139816
act_fn,907,0,4,7697
expert.w2,907,0,4,110225
final_layernorm,907,0,4,21897
lm_head,907,0,4,894459
embedding,908,0,4,37573
input_layernorm,908,0,4,24275
q_proj,908,0,4,144658
k_proj,908,0,4,42965
v_proj,908,0,4,43019
rope,908,0,4,53947
o_proj,908,0,4,109639
post_layernorm,908,0,4,22108
gate,908,0,4,84242
expert.w1,908,0,4,140720
expert.w3,908,0,4,139733
act_fn,908,0,4,7695
expert.w2,908,0,4,110096
final_layernorm,908,0,4,21741
lm_head,908,0,4,894401
embedding,909,0,4,37460
input_layernorm,909,0,4,24135
q_proj,909,0,4,144378
k_proj,909,0,4,42886
v_proj,909,0,4,42660
rope,909,0,4,53701
o_proj,909,0,4,109476
post_layernorm,909,0,4,22162
gate,909,0,4,84459
expert.w1,909,0,4,140482
expert.w3,909,0,4,139476
act_fn,909,0,4,7652
expert.w2,909,0,4,109951
final_layernorm,909,0,4,21911
lm_head,909,0,4,892925
embedding,910,0,4,37457
input_layernorm,910,0,4,24213
q_proj,910,0,4,144639
k_proj,910,0,4,42979
v_proj,910,0,4,43090
rope,910,0,4,53837
o_proj,910,0,4,109608
post_layernorm,910,0,4,21968
gate,910,0,4,84401
expert.w1,910,0,4,140702
expert.w3,910,0,4,139731
act_fn,910,0,4,7652
expert.w2,910,0,4,110235
final_layernorm,910,0,4,21995
lm_head,910,0,4,894049
embedding,911,0,4,37749
input_layernorm,911,0,4,24290
q_proj,911,0,4,144377
k_proj,911,0,4,42881
v_proj,911,0,4,42984
rope,911,0,4,53797
o_proj,911,0,4,109425
post_layernorm,911,0,4,22118
gate,911,0,4,84451
expert.w1,911,0,4,140498
expert.w3,911,0,4,139480
act_fn,911,0,4,7650
expert.w2,911,0,4,110112
final_layernorm,911,0,4,21969
lm_head,911,0,4,892753
embedding,912,0,4,37256
input_layernorm,912,0,4,24003
q_proj,912,0,4,144369
k_proj,912,0,4,42884
v_proj,912,0,4,42695
rope,912,0,4,54237
o_proj,912,0,4,109471
post_layernorm,912,0,4,22081
gate,912,0,4,84138
expert.w1,912,0,4,140446
expert.w3,912,0,4,139462
act_fn,912,0,4,7671
expert.w2,912,0,4,110044
final_layernorm,912,0,4,22073
lm_head,912,0,4,892903
embedding,913,0,4,37487
input_layernorm,913,0,4,24257
q_proj,913,0,4,145448
k_proj,913,0,4,43203
v_proj,913,0,4,43428
rope,913,0,4,54116
o_proj,913,0,4,110158
post_layernorm,913,0,4,22197
gate,913,0,4,85506
expert.w1,913,0,4,141543
expert.w3,913,0,4,140585
act_fn,913,0,4,7723
expert.w2,913,0,4,110846
final_layernorm,913,0,4,22115
lm_head,913,0,4,899256
embedding,914,0,4,37592
input_layernorm,914,0,4,24373
q_proj,914,0,4,145519
k_proj,914,0,4,43214
v_proj,914,0,4,43342
rope,914,0,4,54206
o_proj,914,0,4,110266
post_layernorm,914,0,4,22018
gate,914,0,4,85314
expert.w1,914,0,4,141565
expert.w3,914,0,4,140600
act_fn,914,0,4,7737
expert.w2,914,0,4,110924
final_layernorm,914,0,4,22066
lm_head,914,0,4,899769
embedding,915,0,4,37677
input_layernorm,915,0,4,24295
q_proj,915,0,4,144411
k_proj,915,0,4,42908
v_proj,915,0,4,43024
rope,915,0,4,53848
o_proj,915,0,4,109533
post_layernorm,915,0,4,22278
gate,915,0,4,85245
expert.w1,915,0,4,140562
expert.w3,915,0,4,139609
act_fn,915,0,4,7747
expert.w2,915,0,4,110272
final_layernorm,915,0,4,22089
lm_head,915,0,4,893539
embedding,916,0,4,37866
input_layernorm,916,0,4,24484
q_proj,916,0,4,145529
k_proj,916,0,4,43260
v_proj,916,0,4,43370
rope,916,0,4,54466
o_proj,916,0,4,110256
post_layernorm,916,0,4,22243
gate,916,0,4,85389
expert.w1,916,0,4,141554
expert.w3,916,0,4,140621
act_fn,916,0,4,7795
expert.w2,916,0,4,111012
final_layernorm,916,0,4,22300
lm_head,916,0,4,899988
embedding,917,0,4,37419
input_layernorm,917,0,4,24430
q_proj,917,0,4,143816
k_proj,917,0,4,42724
v_proj,917,0,4,42506
rope,917,0,4,53810
o_proj,917,0,4,109089
post_layernorm,917,0,4,22341
gate,917,0,4,85029
expert.w1,917,0,4,139957
expert.w3,917,0,4,138972
act_fn,917,0,4,7687
expert.w2,917,0,4,109679
final_layernorm,917,0,4,22139
lm_head,917,0,4,891612
embedding,918,0,4,38076
input_layernorm,918,0,4,24471
q_proj,918,0,4,145531
k_proj,918,0,4,43216
v_proj,918,0,4,43393
rope,918,0,4,54335
o_proj,918,0,4,110295
post_layernorm,918,0,4,22167
gate,918,0,4,85437
expert.w1,918,0,4,141566
expert.w3,918,0,4,140609
act_fn,918,0,4,7717
expert.w2,918,0,4,111077
final_layernorm,918,0,4,22210
lm_head,918,0,4,899909
embedding,919,0,4,38077
input_layernorm,919,0,4,24608
q_proj,919,0,4,145146
k_proj,919,0,4,43092
v_proj,919,0,4,43204
rope,919,0,4,54146
o_proj,919,0,4,109993
post_layernorm,919,0,4,22350
gate,919,0,4,85710
expert.w1,919,0,4,141201
expert.w3,919,0,4,140252
act_fn,919,0,4,7702
expert.w2,919,0,4,110925
final_layernorm,919,0,4,22377
lm_head,919,0,4,897632
embedding,920,0,4,38122
input_layernorm,920,0,4,24614
q_proj,920,0,4,144370
k_proj,920,0,4,42910
v_proj,920,0,4,42934
rope,920,0,4,54324
o_proj,920,0,4,109449
post_layernorm,920,0,4,22380
gate,920,0,4,85156
expert.w1,920,0,4,140458
expert.w3,920,0,4,139493
act_fn,920,0,4,7688
expert.w2,920,0,4,110326
final_layernorm,920,0,4,22353
lm_head,920,0,4,893138
embedding,921,0,4,38380
input_layernorm,921,0,4,24527
q_proj,921,0,4,144802
k_proj,921,0,4,43021
v_proj,921,0,4,42988
rope,921,0,4,54116
o_proj,921,0,4,109823
post_layernorm,921,0,4,22348
gate,921,0,4,85958
expert.w1,921,0,4,140842
expert.w3,921,0,4,139873
act_fn,921,0,4,7706
expert.w2,921,0,4,110533
final_layernorm,921,0,4,22422
lm_head,921,0,4,895794
embedding,922,0,4,38534
input_layernorm,922,0,4,24733
q_proj,922,0,4,145538
k_proj,922,0,4,43240
v_proj,922,0,4,43356
rope,922,0,4,54374
o_proj,922,0,4,110295
post_layernorm,922,0,4,22226
gate,922,0,4,86102
expert.w1,922,0,4,141574
expert.w3,922,0,4,140650
act_fn,922,0,4,7812
expert.w2,922,0,4,111034
final_layernorm,922,0,4,22470
lm_head,922,0,4,899952
embedding,923,0,4,38437
input_layernorm,923,0,4,24671
q_proj,923,0,4,144868
k_proj,923,0,4,42998
v_proj,923,0,4,43083
rope,923,0,4,54278
o_proj,923,0,4,109785
post_layernorm,923,0,4,22458
gate,923,0,4,86065
expert.w1,923,0,4,140929
expert.w3,923,0,4,139963
act_fn,923,0,4,7755
expert.w2,923,0,4,110814
final_layernorm,923,0,4,22473
lm_head,923,0,4,895687
embedding,924,0,4,38207
input_layernorm,924,0,4,24746
q_proj,924,0,4,144126
k_proj,924,0,4,42851
v_proj,924,0,4,42730
rope,924,0,4,54354
o_proj,924,0,4,109408
post_layernorm,924,0,4,22514
gate,924,0,4,85546
expert.w1,924,0,4,140280
expert.w3,924,0,4,139280
act_fn,924,0,4,7741
expert.w2,924,0,4,110037
final_layernorm,924,0,4,22411
lm_head,924,0,4,894076
embedding,925,0,4,38447
input_layernorm,925,0,4,24769
q_proj,925,0,4,145538
k_proj,925,0,4,43258
v_proj,925,0,4,43346
rope,925,0,4,54487
o_proj,925,0,4,110279
post_layernorm,925,0,4,22506
gate,925,0,4,86356
expert.w1,925,0,4,141571
expert.w3,925,0,4,140614
act_fn,925,0,4,7715
expert.w2,925,0,4,111145
final_layernorm,925,0,4,22454
lm_head,925,0,4,899901
embedding,926,0,4,38126
input_layernorm,926,0,4,24689
q_proj,926,0,4,144802
k_proj,926,0,4,43045
v_proj,926,0,4,43148
rope,926,0,4,54415
o_proj,926,0,4,109754
post_layernorm,926,0,4,22378
gate,926,0,4,85954
expert.w1,926,0,4,140859
expert.w3,926,0,4,139891
act_fn,926,0,4,7696
expert.w2,926,0,4,110433
final_layernorm,926,0,4,22602
lm_head,926,0,4,895693
embedding,927,0,4,37815
input_layernorm,927,0,4,24649
q_proj,927,0,4,143700
k_proj,927,0,4,42715
v_proj,927,0,4,42665
rope,927,0,4,54076
o_proj,927,0,4,109044
post_layernorm,927,0,4,22629
gate,927,0,4,85596
expert.w1,927,0,4,139869
expert.w3,927,0,4,138818
act_fn,927,0,4,7674
expert.w2,927,0,4,110023
final_layernorm,927,0,4,22496
lm_head,927,0,4,891862
embedding,928,0,4,42625
input_layernorm,928,0,4,25375
q_proj,928,0,4,165701
k_proj,928,0,4,49318
v_proj,928,0,4,49458
rope,928,0,4,59932
o_proj,928,0,4,125511
post_layernorm,928,0,4,23701
gate,928,0,4,96134
expert.w1,928,0,4,161258
expert.w3,928,0,4,160094
act_fn,928,0,4,8638
expert.w2,928,0,4,126260
final_layernorm,928,0,4,23658
lm_head,928,0,4,1026038
embedding,929,0,4,38374
input_layernorm,929,0,4,24816
q_proj,929,0,4,145502
k_proj,929,0,4,43280
v_proj,929,0,4,43356
rope,929,0,4,54663
o_proj,929,0,4,110271
post_layernorm,929,0,4,22825
gate,929,0,4,86866
expert.w1,929,0,4,141576
expert.w3,929,0,4,140616
act_fn,929,0,4,7797
expert.w2,929,0,4,111550
final_layernorm,929,0,4,22648
lm_head,929,0,4,899941
embedding,930,0,4,38095
input_layernorm,930,0,4,24970
q_proj,930,0,4,143557
k_proj,930,0,4,42642
v_proj,930,0,4,42584
rope,930,0,4,53799
o_proj,930,0,4,109090
post_layernorm,930,0,4,22523
gate,930,0,4,85492
expert.w1,930,0,4,139651
expert.w3,930,0,4,138591
act_fn,930,0,4,7847
expert.w2,930,0,4,109980
final_layernorm,930,0,4,22535
lm_head,930,0,4,891704
embedding,931,0,4,38589
input_layernorm,931,0,4,25072
q_proj,931,0,4,145535
k_proj,931,0,4,43244
v_proj,931,0,4,43320
rope,931,0,4,54694
o_proj,931,0,4,110312
post_layernorm,931,0,4,22739
gate,931,0,4,86747
expert.w1,931,0,4,141567
expert.w3,931,0,4,140618
act_fn,931,0,4,7827
expert.w2,931,0,4,111465
final_layernorm,931,0,4,22660
lm_head,931,0,4,899994
embedding,932,0,4,38539
input_layernorm,932,0,4,24815
q_proj,932,0,4,144802
k_proj,932,0,4,43049
v_proj,932,0,4,43108
rope,932,0,4,55000
o_proj,932,0,4,109757
post_layernorm,932,0,4,22747
gate,932,0,4,86194
expert.w1,932,0,4,140866
expert.w3,932,0,4,139887
act_fn,932,0,4,7821
expert.w2,932,0,4,111071
final_layernorm,932,0,4,22734
lm_head,932,0,4,895783
embedding,933,0,4,38696
input_layernorm,933,0,4,24934
q_proj,933,0,4,145529
k_proj,933,0,4,43239
v_proj,933,0,4,43342
rope,933,0,4,54819
o_proj,933,0,4,110341
post_layernorm,933,0,4,22756
gate,933,0,4,86811
expert.w1,933,0,4,141579
expert.w3,933,0,4,140630
act_fn,933,0,4,7748
expert.w2,933,0,4,111570
final_layernorm,933,0,4,22731
lm_head,933,0,4,900007
embedding,934,0,4,38644
input_layernorm,934,0,4,24923
q_proj,934,0,4,145130
k_proj,934,0,4,43114
v_proj,934,0,4,43120
rope,934,0,4,54540
o_proj,934,0,4,110136
post_layernorm,934,0,4,22666
gate,934,0,4,86283
expert.w1,934,0,4,141179
expert.w3,934,0,4,140191
act_fn,934,0,4,7724
expert.w2,934,0,4,111365
final_layernorm,934,0,4,22614
lm_head,934,0,4,898142
embedding,935,0,4,38334
input_layernorm,935,0,4,25127
q_proj,935,0,4,144526
k_proj,935,0,4,42941
v_proj,935,0,4,43009
rope,935,0,4,54589
o_proj,935,0,4,109667
post_layernorm,935,0,4,22751
gate,935,0,4,86514
expert.w1,935,0,4,140618
expert.w3,935,0,4,139655
act_fn,935,0,4,7745
expert.w2,935,0,4,110891
final_layernorm,935,0,4,22722
lm_head,935,0,4,894392
embedding,936,0,4,42693
input_layernorm,936,0,4,25595
q_proj,936,0,4,165692
k_proj,936,0,4,49305
v_proj,936,0,4,49382
rope,936,0,4,60053
o_proj,936,0,4,125504
post_layernorm,936,0,4,23699
gate,936,0,4,96610
expert.w1,936,0,4,161269
expert.w3,936,0,4,160117
act_fn,936,0,4,8577
expert.w2,936,0,4,126667
final_layernorm,936,0,4,23711
lm_head,936,0,4,1026181
embedding,937,0,4,38479
input_layernorm,937,0,4,25137
q_proj,937,0,4,145544
k_proj,937,0,4,43249
v_proj,937,0,4,43317
rope,937,0,4,54713
o_proj,937,0,4,110301
post_layernorm,937,0,4,22887
gate,937,0,4,87309
expert.w1,937,0,4,141592
expert.w3,937,0,4,140610
act_fn,937,0,4,7900
expert.w2,937,0,4,111692
final_layernorm,937,0,4,22858
lm_head,937,0,4,899918
embedding,938,0,4,38674
input_layernorm,938,0,4,25032
q_proj,938,0,4,145064
k_proj,938,0,4,43086
v_proj,938,0,4,42925
rope,938,0,4,54585
o_proj,938,0,4,110041
post_layernorm,938,0,4,22860
gate,938,0,4,87043
expert.w1,938,0,4,141146
expert.w3,938,0,4,140117
act_fn,938,0,4,7791
expert.w2,938,0,4,111266
final_layernorm,938,0,4,22925
lm_head,938,0,4,897546
embedding,939,0,4,38863
input_layernorm,939,0,4,24953
q_proj,939,0,4,145622
k_proj,939,0,4,43299
v_proj,939,0,4,43421
rope,939,0,4,54806
o_proj,939,0,4,110428
post_layernorm,939,0,4,23002
gate,939,0,4,87464
expert.w1,939,0,4,141766
expert.w3,939,0,4,140755
act_fn,939,0,4,7795
expert.w2,939,0,4,111629
final_layernorm,939,0,4,23110
lm_head,939,0,4,900826
embedding,940,0,4,38925
input_layernorm,940,0,4,24936
q_proj,940,0,4,145538
k_proj,940,0,4,43238
v_proj,940,0,4,43288
rope,940,0,4,55125
o_proj,940,0,4,110316
post_layernorm,940,0,4,23341
gate,940,0,4,87178
expert.w1,940,0,4,141631
expert.w3,940,0,4,140634
act_fn,940,0,4,7793
expert.w2,940,0,4,111594
final_layernorm,940,0,4,23091
lm_head,940,0,4,900030
embedding,941,0,4,38934
input_layernorm,941,0,4,25019
q_proj,941,0,4,145629
k_proj,941,0,4,43282
v_proj,941,0,4,43364
rope,941,0,4,54883
o_proj,941,0,4,110389
post_layernorm,941,0,4,23112
gate,941,0,4,87432
expert.w1,941,0,4,141796
expert.w3,941,0,4,140803
act_fn,941,0,4,7784
expert.w2,941,0,4,111658
final_layernorm,941,0,4,23067
lm_head,941,0,4,901012
embedding,942,0,4,39211
input_layernorm,942,0,4,25102
q_proj,942,0,4,145243
k_proj,942,0,4,43170
v_proj,942,0,4,43155
rope,942,0,4,54626
o_proj,942,0,4,110217
post_layernorm,942,0,4,23002
gate,942,0,4,86960
expert.w1,942,0,4,141283
expert.w3,942,0,4,140233
act_fn,942,0,4,7774
expert.w2,942,0,4,111151
final_layernorm,942,0,4,22888
lm_head,942,0,4,898728
embedding,943,0,4,39260
input_layernorm,943,0,4,25071
q_proj,943,0,4,145543
k_proj,943,0,4,43291
v_proj,943,0,4,43439
rope,943,0,4,54863
o_proj,943,0,4,110359
post_layernorm,943,0,4,23052
gate,943,0,4,87476
expert.w1,943,0,4,141643
expert.w3,943,0,4,140632
act_fn,943,0,4,7828
expert.w2,943,0,4,111377
final_layernorm,943,0,4,22990
lm_head,943,0,4,900212
embedding,944,0,4,39129
input_layernorm,944,0,4,25102
q_proj,944,0,4,145693
k_proj,944,0,4,43308
v_proj,944,0,4,43386
rope,944,0,4,55266
o_proj,944,0,4,110446
post_layernorm,944,0,4,23121
gate,944,0,4,87315
expert.w1,944,0,4,141750
expert.w3,944,0,4,140731
act_fn,944,0,4,7878
expert.w2,944,0,4,111647
final_layernorm,944,0,4,23189
lm_head,944,0,4,900807
embedding,945,0,4,39369
input_layernorm,945,0,4,25097
q_proj,945,0,4,145696
k_proj,945,0,4,43320
v_proj,945,0,4,43368
rope,945,0,4,54955
o_proj,945,0,4,110457
post_layernorm,945,0,4,23123
gate,945,0,4,88407
expert.w1,945,0,4,141801
expert.w3,945,0,4,140789
act_fn,945,0,4,8050
expert.w2,945,0,4,111478
final_layernorm,945,0,4,23083
lm_head,945,0,4,900692
embedding,946,0,4,39360
input_layernorm,946,0,4,25231
q_proj,946,0,4,145527
k_proj,946,0,4,43273
v_proj,946,0,4,43348
rope,946,0,4,55013
o_proj,946,0,4,110352
post_layernorm,946,0,4,23241
gate,946,0,4,87901
expert.w1,946,0,4,141565
expert.w3,946,0,4,140627
act_fn,946,0,4,7890
expert.w2,946,0,4,111345
final_layernorm,946,0,4,23148
lm_head,946,0,4,900185
embedding,947,0,4,39546
input_layernorm,947,0,4,25342
q_proj,947,0,4,145562
k_proj,947,0,4,43239
v_proj,947,0,4,43320
rope,947,0,4,55029
o_proj,947,0,4,110331
post_layernorm,947,0,4,23343
gate,947,0,4,88680
expert.w1,947,0,4,141584
expert.w3,947,0,4,140617
act_fn,947,0,4,7957
expert.w2,947,0,4,111412
final_layernorm,947,0,4,23121
lm_head,947,0,4,899983
embedding,948,0,4,39359
input_layernorm,948,0,4,25605
q_proj,948,0,4,145759
k_proj,948,0,4,43348
v_proj,948,0,4,43362
rope,948,0,4,55485
o_proj,948,0,4,110437
post_layernorm,948,0,4,23280
gate,948,0,4,88061
expert.w1,948,0,4,141713
expert.w3,948,0,4,140777
act_fn,948,0,4,7841
expert.w2,948,0,4,111661
final_layernorm,948,0,4,23356
lm_head,948,0,4,901225
embedding,949,0,4,39114
input_layernorm,949,0,4,25304
q_proj,949,0,4,144845
k_proj,949,0,4,39926
v_proj,949,0,4,39687
rope,949,0,4,55140
o_proj,949,0,4,109911
post_layernorm,949,0,4,23217
gate,949,0,4,88240
expert.w1,949,0,4,140962
expert.w3,949,0,4,139926
act_fn,949,0,4,7809
expert.w2,949,0,4,110868
final_layernorm,949,0,4,23189
lm_head,949,0,4,896880
embedding,950,0,4,39436
input_layernorm,950,0,4,25327
q_proj,950,0,4,145537
k_proj,950,0,4,40106
v_proj,950,0,4,39883
rope,950,0,4,55327
o_proj,950,0,4,110403
post_layernorm,950,0,4,23437
gate,950,0,4,87874
expert.w1,950,0,4,141653
expert.w3,950,0,4,140616
act_fn,950,0,4,7845
expert.w2,950,0,4,111274
final_layernorm,950,0,4,23298
lm_head,950,0,4,900168
embedding,951,0,4,39166
input_layernorm,951,0,4,25419
q_proj,951,0,4,145646
k_proj,951,0,4,40122
v_proj,951,0,4,39913
rope,951,0,4,55340
o_proj,951,0,4,110466
post_layernorm,951,0,4,23552
gate,951,0,4,88992
expert.w1,951,0,4,141779
expert.w3,951,0,4,140766
act_fn,951,0,4,7867
expert.w2,951,0,4,111477
final_layernorm,951,0,4,23263
lm_head,951,0,4,900776
embedding,952,0,4,39420
input_layernorm,952,0,4,25445
q_proj,952,0,4,145834
k_proj,952,0,4,40189
v_proj,952,0,4,39974
rope,952,0,4,55858
o_proj,952,0,4,110580
post_layernorm,952,0,4,23436
gate,952,0,4,88503
expert.w1,952,0,4,141921
expert.w3,952,0,4,140890
act_fn,952,0,4,7900
expert.w2,952,0,4,111681
final_layernorm,952,0,4,23394
lm_head,952,0,4,901680
embedding,953,0,4,39223
input_layernorm,953,0,4,25522
q_proj,953,0,4,144973
k_proj,953,0,4,39941
v_proj,953,0,4,39727
rope,953,0,4,55182
o_proj,953,0,4,110022
post_layernorm,953,0,4,23499
gate,953,0,4,88951
expert.w1,953,0,4,141034
expert.w3,953,0,4,140006
act_fn,953,0,4,7844
expert.w2,953,0,4,110997
final_layernorm,953,0,4,23232
lm_head,953,0,4,897585
embedding,954,0,4,39315
input_layernorm,954,0,4,25435
q_proj,954,0,4,145543
k_proj,954,0,4,40102
v_proj,954,0,4,39884
rope,954,0,4,55496
o_proj,954,0,4,110400
post_layernorm,954,0,4,23586
gate,954,0,4,88487
expert.w1,954,0,4,141662
expert.w3,954,0,4,140610
act_fn,954,0,4,7845
expert.w2,954,0,4,111318
final_layernorm,954,0,4,23516
lm_head,954,0,4,900201
embedding,955,0,4,39411
input_layernorm,955,0,4,25510
q_proj,955,0,4,145710
k_proj,955,0,4,40141
v_proj,955,0,4,39926
rope,955,0,4,55560
o_proj,955,0,4,110505
post_layernorm,955,0,4,23682
gate,955,0,4,89420
expert.w1,955,0,4,141805
expert.w3,955,0,4,140768
act_fn,955,0,4,7867
expert.w2,955,0,4,111413
final_layernorm,955,0,4,23414
lm_head,955,0,4,900923
embedding,956,0,4,39370
input_layernorm,956,0,4,25633
q_proj,956,0,4,145319
k_proj,956,0,4,40028
v_proj,956,0,4,39819
rope,956,0,4,55777
o_proj,956,0,4,110266
post_layernorm,956,0,4,23546
gate,956,0,4,88517
expert.w1,956,0,4,141392
expert.w3,956,0,4,140324
act_fn,956,0,4,7833
expert.w2,956,0,4,111388
final_layernorm,956,0,4,23437
lm_head,956,0,4,899225
embedding,957,0,4,43555
input_layernorm,957,0,4,26092
q_proj,957,0,4,165706
k_proj,957,0,4,45639
v_proj,957,0,4,45387
rope,957,0,4,60586
o_proj,957,0,4,125604
post_layernorm,957,0,4,24477
gate,957,0,4,99266
expert.w1,957,0,4,161337
expert.w3,957,0,4,160078
act_fn,957,0,4,8714
expert.w2,957,0,4,126422
final_layernorm,957,0,4,24310
lm_head,957,0,4,1026362
embedding,958,0,4,39811
input_layernorm,958,0,4,25758
q_proj,958,0,4,145801
k_proj,958,0,4,40168
v_proj,958,0,4,39946
rope,958,0,4,55713
o_proj,958,0,4,110593
post_layernorm,958,0,4,23485
gate,958,0,4,88924
expert.w1,958,0,4,141872
expert.w3,958,0,4,140856
act_fn,958,0,4,7909
expert.w2,958,0,4,111443
final_layernorm,958,0,4,23631
lm_head,958,0,4,901796
embedding,959,0,4,43994
input_layernorm,959,0,4,26245
q_proj,959,0,4,165702
k_proj,959,0,4,45640
v_proj,959,0,4,45372
rope,959,0,4,60601
o_proj,959,0,4,125604
post_layernorm,959,0,4,24526
gate,959,0,4,99418
expert.w1,959,0,4,161344
expert.w3,959,0,4,160114
act_fn,959,0,4,8829
expert.w2,959,0,4,126312
final_layernorm,959,0,4,24398
lm_head,959,0,4,1025432
embedding,960,0,4,39868
input_layernorm,960,0,4,25822
q_proj,960,0,4,144337
k_proj,960,0,4,39768
v_proj,960,0,4,39544
rope,960,0,4,55735
o_proj,960,0,4,109575
post_layernorm,960,0,4,23517
gate,960,0,4,84593
expert.w1,960,0,4,140523
expert.w3,960,0,4,139430
act_fn,960,0,4,7961
expert.w2,960,0,4,110644
final_layernorm,960,0,4,23697
lm_head,960,0,4,895103
embedding,961,0,4,43660
input_layernorm,961,0,4,26121
q_proj,961,0,4,162187
k_proj,961,0,4,44749
v_proj,961,0,4,44427
rope,961,0,4,59932
o_proj,961,0,4,151669
post_layernorm,961,0,4,24392
gate,961,0,4,93224
expert.w1,961,0,4,234011
expert.w3,961,0,4,233971
act_fn,961,0,4,10287
expert.w2,961,0,4,155803
final_layernorm,961,0,4,24141
lm_head,961,0,4,1100160
embedding,962,0,4,40314
input_layernorm,962,0,4,25790
q_proj,962,0,4,144399
k_proj,962,0,4,39831
v_proj,962,0,4,39563
rope,962,0,4,55714
o_proj,962,0,4,135796
post_layernorm,962,0,4,23552
gate,962,0,4,85240
expert.w1,962,0,4,209082
expert.w3,962,0,4,209009
act_fn,962,0,4,9950
expert.w2,962,0,4,139366
final_layernorm,962,0,4,23550
lm_head,962,0,4,982715
embedding,963,0,4,40226
input_layernorm,963,0,4,25774
q_proj,963,0,4,143825
k_proj,963,0,4,39717
v_proj,963,0,4,39435
rope,963,0,4,55493
o_proj,963,0,4,135456
post_layernorm,963,0,4,23742
gate,963,0,4,85351
expert.w1,963,0,4,208321
expert.w3,963,0,4,208191
act_fn,963,0,4,10164
expert.w2,963,0,4,138695
final_layernorm,963,0,4,23594
lm_head,963,0,4,980151
embedding,964,0,4,40338
input_layernorm,964,0,4,25825
q_proj,964,0,4,144395
k_proj,964,0,4,39846
v_proj,964,0,4,39564
rope,964,0,4,56098
o_proj,964,0,4,135827
post_layernorm,964,0,4,23531
gate,964,0,4,85108
expert.w1,964,0,4,209074
expert.w3,964,0,4,209003
act_fn,964,0,4,9926
expert.w2,964,0,4,139174
final_layernorm,964,0,4,23769
lm_head,964,0,4,982750
embedding,965,0,4,40584
input_layernorm,965,0,4,25873
q_proj,965,0,4,145712
k_proj,965,0,4,40242
v_proj,965,0,4,39947
rope,965,0,4,56158
o_proj,965,0,4,136828
post_layernorm,965,0,4,23935
gate,965,0,4,85945
expert.w1,965,0,4,210756
expert.w3,965,0,4,210785
act_fn,965,0,4,9933
expert.w2,965,0,4,140474
final_layernorm,965,0,4,23768
lm_head,965,0,4,991830
embedding,966,0,4,40607
input_layernorm,966,0,4,26042
q_proj,966,0,4,145535
k_proj,966,0,4,40207
v_proj,966,0,4,39893
rope,966,0,4,56200
o_proj,966,0,4,136728
post_layernorm,966,0,4,23723
gate,966,0,4,85715
expert.w1,966,0,4,210623
expert.w3,966,0,4,210610
act_fn,966,0,4,9931
expert.w2,966,0,4,140468
final_layernorm,966,0,4,23744
lm_head,966,0,4,990713
embedding,967,0,4,40606
input_layernorm,967,0,4,26004
q_proj,967,0,4,145193
k_proj,967,0,4,40094
v_proj,967,0,4,39811
rope,967,0,4,55955
o_proj,967,0,4,136558
post_layernorm,967,0,4,23865
gate,967,0,4,85653
expert.w1,967,0,4,210142
expert.w3,967,0,4,210070
act_fn,967,0,4,10013
expert.w2,967,0,4,139996
final_layernorm,967,0,4,23721
lm_head,967,0,4,988038
embedding,968,0,4,40651
input_layernorm,968,0,4,26123
q_proj,968,0,4,145546
k_proj,968,0,4,40189
v_proj,968,0,4,39903
rope,968,0,4,56421
o_proj,968,0,4,136713
post_layernorm,968,0,4,23637
gate,968,0,4,85823
expert.w1,968,0,4,210653
expert.w3,968,0,4,210600
act_fn,968,0,4,10027
expert.w2,968,0,4,140284
final_layernorm,968,0,4,23873
lm_head,968,0,4,990756
embedding,969,0,4,40766
input_layernorm,969,0,4,26106
q_proj,969,0,4,145704
k_proj,969,0,4,40233
v_proj,969,0,4,39950
rope,969,0,4,56193
o_proj,969,0,4,136815
post_layernorm,969,0,4,23883
gate,969,0,4,86337
expert.w1,969,0,4,210817
expert.w3,969,0,4,210766
act_fn,969,0,4,10097
expert.w2,969,0,4,140496
final_layernorm,969,0,4,24035
lm_head,969,0,4,991408
embedding,970,0,4,40743
input_layernorm,970,0,4,26235
q_proj,970,0,4,145558
k_proj,970,0,4,40199
v_proj,970,0,4,39905
rope,970,0,4,56219
o_proj,970,0,4,136750
post_layernorm,970,0,4,23785
gate,970,0,4,86160
expert.w1,970,0,4,210633
expert.w3,970,0,4,210592
act_fn,970,0,4,10052
expert.w2,970,0,4,140350
final_layernorm,970,0,4,24043
lm_head,970,0,4,990789
embedding,971,0,4,40709
input_layernorm,971,0,4,26080
q_proj,971,0,4,145541
k_proj,971,0,4,40186
v_proj,971,0,4,39913
rope,971,0,4,56200
o_proj,971,0,4,136719
post_layernorm,971,0,4,23845
gate,971,0,4,86143
expert.w1,971,0,4,210690
expert.w3,971,0,4,210636
act_fn,971,0,4,10246
expert.w2,971,0,4,140493
final_layernorm,971,0,4,23883
lm_head,971,0,4,990824
embedding,972,0,4,40953
input_layernorm,972,0,4,26155
q_proj,972,0,4,145540
k_proj,972,0,4,40176
v_proj,972,0,4,39901
rope,972,0,4,56623
o_proj,972,0,4,136715
post_layernorm,972,0,4,23958
gate,972,0,4,86036
expert.w1,972,0,4,210618
expert.w3,972,0,4,210634
act_fn,972,0,4,10082
expert.w2,972,0,4,140467
final_layernorm,972,0,4,24075
lm_head,972,0,4,990816
embedding,973,0,4,40725
input_layernorm,973,0,4,26162
q_proj,973,0,4,145711
k_proj,973,0,4,40241
v_proj,973,0,4,39946
rope,973,0,4,56296
o_proj,973,0,4,136829
post_layernorm,973,0,4,24149
gate,973,0,4,86340
expert.w1,973,0,4,210868
expert.w3,973,0,4,210815
act_fn,973,0,4,10228
expert.w2,973,0,4,140683
final_layernorm,973,0,4,24069
lm_head,973,0,4,991963
embedding,974,0,4,40454
input_layernorm,974,0,4,26206
q_proj,974,0,4,144660
k_proj,974,0,4,39933
v_proj,974,0,4,39642
rope,974,0,4,56148
o_proj,974,0,4,136119
post_layernorm,974,0,4,23983
gate,974,0,4,85845
expert.w1,974,0,4,209459
expert.w3,974,0,4,209399
act_fn,974,0,4,10013
expert.w2,974,0,4,139648
final_layernorm,974,0,4,24051
lm_head,974,0,4,984514
embedding,975,0,4,40624
input_layernorm,975,0,4,26357
q_proj,975,0,4,145569
k_proj,975,0,4,40198
v_proj,975,0,4,39903
rope,975,0,4,56360
o_proj,975,0,4,136774
post_layernorm,975,0,4,24095
gate,975,0,4,86457
expert.w1,975,0,4,210684
expert.w3,975,0,4,210642
act_fn,975,0,4,10200
expert.w2,975,0,4,140464
final_layernorm,975,0,4,24151
lm_head,975,0,4,990933
embedding,976,0,4,40792
input_layernorm,976,0,4,26412
q_proj,976,0,4,145568
k_proj,976,0,4,40197
v_proj,976,0,4,39905
rope,976,0,4,56780
o_proj,976,0,4,136736
post_layernorm,976,0,4,24188
gate,976,0,4,86022
expert.w1,976,0,4,210630
expert.w3,976,0,4,210635
act_fn,976,0,4,10141
expert.w2,976,0,4,140499
final_layernorm,976,0,4,24073
lm_head,976,0,4,990769
embedding,977,0,4,40507
input_layernorm,977,0,4,26332
q_proj,977,0,4,145557
k_proj,977,0,4,40221
v_proj,977,0,4,39900
rope,977,0,4,56544
o_proj,977,0,4,136743
post_layernorm,977,0,4,24190
gate,977,0,4,86910
expert.w1,977,0,4,210632
expert.w3,977,0,4,210695
act_fn,977,0,4,10335
expert.w2,977,0,4,140504
final_layernorm,977,0,4,24116
lm_head,977,0,4,990718
embedding,978,0,4,40655
input_layernorm,978,0,4,26475
q_proj,978,0,4,145617
k_proj,978,0,4,40229
v_proj,978,0,4,39936
rope,978,0,4,56721
o_proj,978,0,4,136918
post_layernorm,978,0,4,24195
gate,978,0,4,87072
expert.w1,978,0,4,210820
expert.w3,978,0,4,210853
act_fn,978,0,4,10239
expert.w2,978,0,4,140868
final_layernorm,978,0,4,24284
lm_head,978,0,4,992041
embedding,979,0,4,40819
input_layernorm,979,0,4,26523
q_proj,979,0,4,145681
k_proj,979,0,4,40232
v_proj,979,0,4,39935
rope,979,0,4,56628
o_proj,979,0,4,136850
post_layernorm,979,0,4,24249
gate,979,0,4,87181
expert.w1,979,0,4,210785
expert.w3,979,0,4,210806
act_fn,979,0,4,10096
expert.w2,979,0,4,140671
final_layernorm,979,0,4,24277
lm_head,979,0,4,991600
embedding,980,0,4,41070
input_layernorm,980,0,4,26513
q_proj,980,0,4,145840
k_proj,980,0,4,40281
v_proj,980,0,4,39980
rope,980,0,4,57123
o_proj,980,0,4,137022
post_layernorm,980,0,4,24203
gate,980,0,4,86862
expert.w1,980,0,4,210993
expert.w3,980,0,4,211041
act_fn,980,0,4,10198
expert.w2,980,0,4,140845
final_layernorm,980,0,4,24089
lm_head,980,0,4,992731
embedding,981,0,4,44211
input_layernorm,981,0,4,26984
q_proj,981,0,4,160304
k_proj,981,0,4,44227
v_proj,981,0,4,43825
rope,981,0,4,60188
o_proj,981,0,4,149951
post_layernorm,981,0,4,24911
gate,981,0,4,93816
expert.w1,981,0,4,231251
expert.w3,981,0,4,231211
act_fn,981,0,4,10566
expert.w2,981,0,4,154195
final_layernorm,981,0,4,24897
lm_head,981,0,4,1087138
embedding,982,0,4,41276
input_layernorm,982,0,4,26625
q_proj,982,0,4,145420
k_proj,982,0,4,40158
v_proj,982,0,4,39871
rope,982,0,4,56611
o_proj,982,0,4,136756
post_layernorm,982,0,4,24303
gate,982,0,4,86918
expert.w1,982,0,4,210386
expert.w3,982,0,4,210442
act_fn,982,0,4,10256
expert.w2,982,0,4,140586
final_layernorm,982,0,4,24230
lm_head,982,0,4,989708
embedding,983,0,4,41321
input_layernorm,983,0,4,26789
q_proj,983,0,4,145549
k_proj,983,0,4,40217
v_proj,983,0,4,39909
rope,983,0,4,56722
o_proj,983,0,4,136776
post_layernorm,983,0,4,24319
gate,983,0,4,87060
expert.w1,983,0,4,210581
expert.w3,983,0,4,210671
act_fn,983,0,4,10211
expert.w2,983,0,4,140429
final_layernorm,983,0,4,24254
lm_head,983,0,4,990979
embedding,984,0,4,41530
input_layernorm,984,0,4,26769
q_proj,984,0,4,145516
k_proj,984,0,4,40211
v_proj,984,0,4,39901
rope,984,0,4,57117
o_proj,984,0,4,136682
post_layernorm,984,0,4,24184
gate,984,0,4,86720
expert.w1,984,0,4,210574
expert.w3,984,0,4,210594
act_fn,984,0,4,10283
expert.w2,984,0,4,140415
final_layernorm,984,0,4,24329
lm_head,984,0,4,991029
embedding,985,0,4,41452
input_layernorm,985,0,4,28056
q_proj,985,0,4,145570
k_proj,985,0,4,40213
v_proj,985,0,4,39910
rope,985,0,4,57624
o_proj,985,0,4,136765
post_layernorm,985,0,4,26095
gate,985,0,4,87616
expert.w1,985,0,4,210614
expert.w3,985,0,4,210672
act_fn,985,0,4,10273
expert.w2,985,0,4,140539
final_layernorm,985,0,4,25879
lm_head,985,0,4,990955
embedding,986,0,4,41277
input_layernorm,986,0,4,28581
q_proj,986,0,4,145761
k_proj,986,0,4,40235
v_proj,986,0,4,39957
rope,986,0,4,58061
o_proj,986,0,4,137013
post_layernorm,986,0,4,26719
gate,986,0,4,87486
expert.w1,986,0,4,141796
expert.w3,986,0,4,140828
act_fn,986,0,4,8114
expert.w2,986,0,4,140766
final_layernorm,986,0,4,26357
lm_head,986,0,4,991713
embedding,987,0,4,41299
input_layernorm,987,0,4,28943
q_proj,987,0,4,145899
k_proj,987,0,4,40303
v_proj,987,0,4,39998
rope,987,0,4,58109
o_proj,987,0,4,137022
post_layernorm,987,0,4,26911
gate,987,0,4,87431
expert.w1,987,0,4,141997
expert.w3,987,0,4,140946
act_fn,987,0,4,8097
expert.w2,987,0,4,140763
final_layernorm,987,0,4,26566
lm_head,987,0,4,992883
embedding,988,0,4,41331
input_layernorm,988,0,4,29229
q_proj,988,0,4,146017
k_proj,988,0,4,40317
v_proj,988,0,4,40022
rope,988,0,4,58708
o_proj,988,0,4,137179
post_layernorm,988,0,4,26763
gate,988,0,4,87459
expert.w1,988,0,4,142048
expert.w3,988,0,4,141098
act_fn,988,0,4,8114
expert.w2,988,0,4,140795
final_layernorm,988,0,4,26647
lm_head,988,0,4,993759
embedding,989,0,4,41275
input_layernorm,989,0,4,29364
q_proj,989,0,4,145811
k_proj,989,0,4,40274
v_proj,989,0,4,39980
rope,989,0,4,58360
o_proj,989,0,4,136973
post_layernorm,989,0,4,26964
gate,989,0,4,87776
expert.w1,989,0,4,141915
expert.w3,989,0,4,140884
act_fn,989,0,4,8219
expert.w2,989,0,4,140757
final_layernorm,989,0,4,26887
lm_head,989,0,4,992511
embedding,990,0,4,41448
input_layernorm,990,0,4,29225
q_proj,990,0,4,145815
k_proj,990,0,4,40271
v_proj,990,0,4,39986
rope,990,0,4,58493
o_proj,990,0,4,137029
post_layernorm,990,0,4,26792
gate,990,0,4,87458
expert.w1,990,0,4,141881
expert.w3,990,0,4,140905
act_fn,990,0,4,8154
expert.w2,990,0,4,140752
final_layernorm,990,0,4,27090
lm_head,990,0,4,992500
embedding,991,0,4,41422
input_layernorm,991,0,4,29353
q_proj,991,0,4,145736
k_proj,991,0,4,40250
v_proj,991,0,4,39952
rope,991,0,4,58448
o_proj,991,0,4,136937
post_layernorm,991,0,4,27354
gate,991,0,4,87690
expert.w1,991,0,4,141816
expert.w3,991,0,4,140826
act_fn,991,0,4,8230
expert.w2,991,0,4,140656
final_layernorm,991,0,4,27248
lm_head,991,0,4,992150
embedding,992,0,4,41636
input_layernorm,992,0,4,29355
q_proj,992,0,4,145574
k_proj,992,0,4,40203
v_proj,992,0,4,39914
rope,992,0,4,58804
o_proj,992,0,4,136760
post_layernorm,992,0,4,27456
gate,992,0,4,87346
expert.w1,992,0,4,141673
expert.w3,992,0,4,140651
act_fn,992,0,4,8289
expert.w2,992,0,4,140496
final_layernorm,992,0,4,27288
lm_head,992,0,4,991043
embedding,993,0,4,41346
input_layernorm,993,0,4,29468
q_proj,993,0,4,144411
k_proj,993,0,4,39855
v_proj,993,0,4,39586
rope,993,0,4,58149
o_proj,993,0,4,135952
post_layernorm,993,0,4,27452
gate,993,0,4,87062
expert.w1,993,0,4,140551
expert.w3,993,0,4,139509
act_fn,993,0,4,8102
expert.w2,993,0,4,139372
final_layernorm,993,0,4,27241
lm_head,993,0,4,983004
embedding,994,0,4,41736
input_layernorm,994,0,4,29422
q_proj,994,0,4,145732
k_proj,994,0,4,40250
v_proj,994,0,4,39958
rope,994,0,4,58769
o_proj,994,0,4,136972
post_layernorm,994,0,4,27621
gate,994,0,4,87651
expert.w1,994,0,4,141859
expert.w3,994,0,4,140803
act_fn,994,0,4,8112
expert.w2,994,0,4,140601
final_layernorm,994,0,4,27306
lm_head,994,0,4,992248
embedding,995,0,4,41662
input_layernorm,995,0,4,29545
q_proj,995,0,4,145807
k_proj,995,0,4,40270
v_proj,995,0,4,39975
rope,995,0,4,58765
o_proj,995,0,4,136989
post_layernorm,995,0,4,27576
gate,995,0,4,87764
expert.w1,995,0,4,141913
expert.w3,995,0,4,140880
act_fn,995,0,4,8079
expert.w2,995,0,4,140725
final_layernorm,995,0,4,27486
lm_head,995,0,4,992462
embedding,996,0,4,41672
input_layernorm,996,0,4,29232
q_proj,996,0,4,145742
k_proj,996,0,4,40253
v_proj,996,0,4,39950
rope,996,0,4,59168
o_proj,996,0,4,136980
post_layernorm,996,0,4,27478
gate,996,0,4,87373
expert.w1,996,0,4,141803
expert.w3,996,0,4,140793
act_fn,996,0,4,8142
expert.w2,996,0,4,140710
final_layernorm,996,0,4,27639
lm_head,996,0,4,992220
embedding,997,0,4,41243
input_layernorm,997,0,4,29454
q_proj,997,0,4,144406
k_proj,997,0,4,39856
v_proj,997,0,4,39581
rope,997,0,4,58575
o_proj,997,0,4,135959
post_layernorm,997,0,4,27713
gate,997,0,4,87355
expert.w1,997,0,4,140546
expert.w3,997,0,4,139518
act_fn,997,0,4,8091
expert.w2,997,0,4,139446
final_layernorm,997,0,4,27578
lm_head,997,0,4,983173
embedding,998,0,4,45840
input_layernorm,998,0,4,30282
q_proj,998,0,4,165732
k_proj,998,0,4,45710
v_proj,998,0,4,45384
rope,998,0,4,64363
o_proj,998,0,4,155690
post_layernorm,998,0,4,29038
gate,998,0,4,97338
expert.w1,998,0,4,161327
expert.w3,998,0,4,160138
act_fn,998,0,4,8904
expert.w2,998,0,4,159874
final_layernorm,998,0,4,28785
lm_head,998,0,4,1128631
embedding,999,0,4,41641
input_layernorm,999,0,4,29467
q_proj,999,0,4,145857
k_proj,999,0,4,40271
v_proj,999,0,4,39978
rope,999,0,4,58928
o_proj,999,0,4,137103
post_layernorm,999,0,4,27692
gate,999,0,4,88107
expert.w1,999,0,4,141917
expert.w3,999,0,4,140937
act_fn,999,0,4,8321
expert.w2,999,0,4,140943
final_layernorm,999,0,4,27776
lm_head,999,0,4,992711
embedding,1000,0,4,41634
input_layernorm,1000,0,4,29361
q_proj,1000,0,4,144611
k_proj,1000,0,4,39931
v_proj,1000,0,4,39638
rope,1000,0,4,59130
o_proj,1000,0,4,136103
post_layernorm,1000,0,4,27767
gate,1000,0,4,87530
expert.w1,1000,0,4,140761
expert.w3,1000,0,4,139700
act_fn,1000,0,4,8255
expert.w2,1000,0,4,139834
final_layernorm,1000,0,4,27682
lm_head,1000,0,4,984530
embedding,1001,0,4,42155
input_layernorm,1001,0,4,29363
q_proj,1001,0,4,144987
k_proj,1001,0,4,40045
v_proj,1001,0,4,39743
rope,1001,0,4,58871
o_proj,1001,0,4,136492
post_layernorm,1001,0,4,27785
gate,1001,0,4,88044
expert.w1,1001,0,4,141095
expert.w3,1001,0,4,140063
act_fn,1001,0,4,8224
expert.w2,1001,0,4,140285
final_layernorm,1001,0,4,27726
lm_head,1001,0,4,986641
embedding,1002,0,4,41562
input_layernorm,1002,0,4,29562
q_proj,1002,0,4,145545
k_proj,1002,0,4,40207
v_proj,1002,0,4,39913
rope,1002,0,4,59210
o_proj,1002,0,4,136938
post_layernorm,1002,0,4,27927
gate,1002,0,4,88219
expert.w1,1002,0,4,141683
expert.w3,1002,0,4,140633
act_fn,1002,0,4,8280
expert.w2,1002,0,4,141061
final_layernorm,1002,0,4,27914
lm_head,1002,0,4,991031
embedding,1003,0,4,46142
input_layernorm,1003,0,4,30287
q_proj,1003,0,4,164676
k_proj,1003,0,4,45456
v_proj,1003,0,4,45095
rope,1003,0,4,64110
o_proj,1003,0,4,154667
post_layernorm,1003,0,4,29171
gate,1003,0,4,97607
expert.w1,1003,0,4,160311
expert.w3,1003,0,4,159111
act_fn,1003,0,4,9026
expert.w2,1003,0,4,159225
final_layernorm,1003,0,4,29059
lm_head,1003,0,4,1120959
embedding,1004,0,4,41703
input_layernorm,1004,0,4,29486
q_proj,1004,0,4,144391
k_proj,1004,0,4,39859
v_proj,1004,0,4,39581
rope,1004,0,4,59131
o_proj,1004,0,4,135957
post_layernorm,1004,0,4,27858
gate,1004,0,4,87635
expert.w1,1004,0,4,140542
expert.w3,1004,0,4,139513
act_fn,1004,0,4,8204
expert.w2,1004,0,4,139806
final_layernorm,1004,0,4,27932
lm_head,1004,0,4,983290
embedding,1005,0,4,42410
input_layernorm,1005,0,4,29674
q_proj,1005,0,4,147009
k_proj,1005,0,4,40566
v_proj,1005,0,4,40296
rope,1005,0,4,59407
o_proj,1005,0,4,138007
post_layernorm,1005,0,4,28246
gate,1005,0,4,89241
expert.w1,1005,0,4,142978
expert.w3,1005,0,4,142050
act_fn,1005,0,4,8443
expert.w2,1005,0,4,142216
final_layernorm,1005,0,4,28078
lm_head,1005,0,4,1000361
embedding,1006,0,4,42536
input_layernorm,1006,0,4,29574
q_proj,1006,0,4,146809
k_proj,1006,0,4,40511
v_proj,1006,0,4,40237
rope,1006,0,4,59458
o_proj,1006,0,4,137826
post_layernorm,1006,0,4,28239
gate,1006,0,4,89193
expert.w1,1006,0,4,142777
expert.w3,1006,0,4,141861
act_fn,1006,0,4,8838
expert.w2,1006,0,4,141985
final_layernorm,1006,0,4,28117
lm_head,1006,0,4,999157
embedding,1007,0,4,42570
input_layernorm,1007,0,4,29707
q_proj,1007,0,4,146764
k_proj,1007,0,4,40518
v_proj,1007,0,4,40238
rope,1007,0,4,59457
o_proj,1007,0,4,137813
post_layernorm,1007,0,4,28205
gate,1007,0,4,89283
expert.w1,1007,0,4,142755
expert.w3,1007,0,4,141804
act_fn,1007,0,4,8707
expert.w2,1007,0,4,142011
final_layernorm,1007,0,4,28077
lm_head,1007,0,4,999175
embedding,1008,0,4,42692
input_layernorm,1008,0,4,29793
q_proj,1008,0,4,146809
k_proj,1008,0,4,40527
v_proj,1008,0,4,40236
rope,1008,0,4,59838
o_proj,1008,0,4,137828
post_layernorm,1008,0,4,28171
gate,1008,0,4,88828
expert.w1,1008,0,4,142759
expert.w3,1008,0,4,141848
act_fn,1008,0,4,8646
expert.w2,1008,0,4,142156
final_layernorm,1008,0,4,28116
lm_head,1008,0,4,999155
embedding,1009,0,4,42449
input_layernorm,1009,0,4,29864
q_proj,1009,0,4,146803
k_proj,1009,0,4,40516
v_proj,1009,0,4,40246
rope,1009,0,4,59544
o_proj,1009,0,4,137841
post_layernorm,1009,0,4,28296
gate,1009,0,4,90101
expert.w1,1009,0,4,142771
expert.w3,1009,0,4,141861
act_fn,1009,0,4,8631
expert.w2,1009,0,4,142017
final_layernorm,1009,0,4,28182
lm_head,1009,0,4,998997
embedding,1010,0,4,42514
input_layernorm,1010,0,4,29932
q_proj,1010,0,4,146760
k_proj,1010,0,4,40500
v_proj,1010,0,4,40237
rope,1010,0,4,59654
o_proj,1010,0,4,137834
post_layernorm,1010,0,4,28332
gate,1010,0,4,89681
expert.w1,1010,0,4,142701
expert.w3,1010,0,4,141797
act_fn,1010,0,4,8699
expert.w2,1010,0,4,142156
final_layernorm,1010,0,4,28237
lm_head,1010,0,4,999232
embedding,1011,0,4,45442
input_layernorm,1011,0,4,30601
q_proj,1011,0,4,160296
k_proj,1011,0,4,44244
v_proj,1011,0,4,43913
rope,1011,0,4,62976
o_proj,1011,0,4,150608
post_layernorm,1011,0,4,29235
gate,1011,0,4,96882
expert.w1,1011,0,4,156047
expert.w3,1011,0,4,154851
act_fn,1011,0,4,8824
expert.w2,1011,0,4,155254
final_layernorm,1011,0,4,28871
lm_head,1011,0,4,1090332
embedding,1012,0,4,42610
input_layernorm,1012,0,4,29964
q_proj,1012,0,4,146924
k_proj,1012,0,4,40583
v_proj,1012,0,4,40293
rope,1012,0,4,60020
o_proj,1012,0,4,137968
post_layernorm,1012,0,4,28308
gate,1012,0,4,89584
expert.w1,1012,0,4,142895
expert.w3,1012,0,4,141987
act_fn,1012,0,4,8275
expert.w2,1012,0,4,142422
final_layernorm,1012,0,4,28218
lm_head,1012,0,4,1000215
embedding,1013,0,4,42743
input_layernorm,1013,0,4,30038
q_proj,1013,0,4,146803
k_proj,1013,0,4,40536
v_proj,1013,0,4,40252
rope,1013,0,4,59651
o_proj,1013,0,4,137882
post_layernorm,1013,0,4,28359
gate,1013,0,4,90270
expert.w1,1013,0,4,142770
expert.w3,1013,0,4,141874
act_fn,1013,0,4,8414
expert.w2,1013,0,4,142085
final_layernorm,1013,0,4,28352
lm_head,1013,0,4,999192
embedding,1014,0,4,42258
input_layernorm,1014,0,4,30044
q_proj,1014,0,4,146184
k_proj,1014,0,4,40371
v_proj,1014,0,4,40094
rope,1014,0,4,59607
o_proj,1014,0,4,137443
post_layernorm,1014,0,4,28371
gate,1014,0,4,89567
expert.w1,1014,0,4,142218
expert.w3,1014,0,4,141202
act_fn,1014,0,4,8705
expert.w2,1014,0,4,141625
final_layernorm,1014,0,4,28357
lm_head,1014,0,4,994946
embedding,1015,0,4,42035
input_layernorm,1015,0,4,30015
q_proj,1015,0,4,145059
k_proj,1015,0,4,40053
v_proj,1015,0,4,39772
rope,1015,0,4,58883
o_proj,1015,0,4,136664
post_layernorm,1015,0,4,28168
gate,1015,0,4,89592
expert.w1,1015,0,4,141114
expert.w3,1015,0,4,140095
act_fn,1015,0,4,8497
expert.w2,1015,0,4,140461
final_layernorm,1015,0,4,28126
lm_head,1015,0,4,988710
embedding,1016,0,4,41906
input_layernorm,1016,0,4,30256
q_proj,1016,0,4,144420
k_proj,1016,0,4,39861
v_proj,1016,0,4,39593
rope,1016,0,4,59544
o_proj,1016,0,4,136085
post_layernorm,1016,0,4,28120
gate,1016,0,4,88576
expert.w1,1016,0,4,140521
expert.w3,1016,0,4,139499
act_fn,1016,0,4,8565
expert.w2,1016,0,4,139885
final_layernorm,1016,0,4,28011
lm_head,1016,0,4,983115
embedding,1017,0,4,41931
input_layernorm,1017,0,4,30235
q_proj,1017,0,4,144690
k_proj,1017,0,4,39948
v_proj,1017,0,4,39670
rope,1017,0,4,59337
o_proj,1017,0,4,136303
post_layernorm,1017,0,4,28313
gate,1017,0,4,89651
expert.w1,1017,0,4,140847
expert.w3,1017,0,4,139812
act_fn,1017,0,4,8699
expert.w2,1017,0,4,140283
final_layernorm,1017,0,4,28273
lm_head,1017,0,4,984964
embedding,1018,0,4,42562
input_layernorm,1018,0,4,30201
q_proj,1018,0,4,146191
k_proj,1018,0,4,40367
v_proj,1018,0,4,40083
rope,1018,0,4,59760
o_proj,1018,0,4,137371
post_layernorm,1018,0,4,28334
gate,1018,0,4,90251
expert.w1,1018,0,4,142220
expert.w3,1018,0,4,141312
act_fn,1018,0,4,8433
expert.w2,1018,0,4,141578
final_layernorm,1018,0,4,28573
lm_head,1018,0,4,995322
embedding,1019,0,4,42414
input_layernorm,1019,0,4,30160
q_proj,1019,0,4,145740
k_proj,1019,0,4,40235
v_proj,1019,0,4,39973
rope,1019,0,4,59685
o_proj,1019,0,4,136991
post_layernorm,1019,0,4,28299
gate,1019,0,4,90494
expert.w1,1019,0,4,141773
expert.w3,1019,0,4,140849
act_fn,1019,0,4,8572
expert.w2,1019,0,4,141108
final_layernorm,1019,0,4,28414
lm_head,1019,0,4,992255
embedding,1020,0,4,42580
input_layernorm,1020,0,4,30092
q_proj,1020,0,4,144310
k_proj,1020,0,4,39811
v_proj,1020,0,4,39568
rope,1020,0,4,59245
o_proj,1020,0,4,136079
post_layernorm,1020,0,4,28360
gate,1020,0,4,88948
expert.w1,1020,0,4,140400
expert.w3,1020,0,4,139307
act_fn,1020,0,4,8895
expert.w2,1020,0,4,139644
final_layernorm,1020,0,4,28193
lm_head,1020,0,4,984044
embedding,1021,0,4,42688
input_layernorm,1021,0,4,30304
q_proj,1021,0,4,146815
k_proj,1021,0,4,40511
v_proj,1021,0,4,40244
rope,1021,0,4,59956
o_proj,1021,0,4,137847
post_layernorm,1021,0,4,28539
gate,1021,0,4,90799
expert.w1,1021,0,4,142755
expert.w3,1021,0,4,141887
act_fn,1021,0,4,8545
expert.w2,1021,0,4,142196
final_layernorm,1021,0,4,28653
lm_head,1021,0,4,999232
embedding,1022,0,4,42956
input_layernorm,1022,0,4,30248
q_proj,1022,0,4,146765
k_proj,1022,0,4,40497
v_proj,1022,0,4,40240
rope,1022,0,4,60121
o_proj,1022,0,4,137871
post_layernorm,1022,0,4,28559
gate,1022,0,4,90612
expert.w1,1022,0,4,142697
expert.w3,1022,0,4,141813
act_fn,1022,0,4,8516
expert.w2,1022,0,4,142396
final_layernorm,1022,0,4,28784
lm_head,1022,0,4,999124
embedding,1023,0,4,46316
input_layernorm,1023,0,4,30928
q_proj,1023,0,4,161621
k_proj,1023,0,4,44581
v_proj,1023,0,4,44281
rope,1023,0,4,64073
o_proj,1023,0,4,151885
post_layernorm,1023,0,4,29257
gate,1023,0,4,98309
expert.w1,1023,0,4,157321
expert.w3,1023,0,4,156180
act_fn,1023,0,4,8903
expert.w2,1023,0,4,156546
final_layernorm,1023,0,4,29308
lm_head,1023,0,4,1097011
embedding,1024,0,4,43009
input_layernorm,1024,0,4,30468
q_proj,1024,0,4,146109
k_proj,1024,0,4,40325
v_proj,1024,0,4,40062
rope,1024,0,4,60294
o_proj,1024,0,4,137324
post_layernorm,1024,0,4,28599
gate,1024,0,4,87053
expert.w1,1024,0,4,142118
expert.w3,1024,0,4,141239
act_fn,1024,0,4,8484
expert.w2,1024,0,4,141700
final_layernorm,1024,0,4,28599
lm_head,1024,0,4,994847
embedding,1025,0,4,43329
input_layernorm,1025,0,4,30416
q_proj,1025,0,4,146594
k_proj,1025,0,4,40413
v_proj,1025,0,4,40172
rope,1025,0,4,59952
o_proj,1025,0,4,137762
post_layernorm,1025,0,4,28650
gate,1025,0,4,88338
expert.w1,1025,0,4,142711
expert.w3,1025,0,4,141656
act_fn,1025,0,4,8589
expert.w2,1025,0,4,141876
final_layernorm,1025,0,4,28718
lm_head,1025,0,4,997365
embedding,1026,0,4,42506
input_layernorm,1026,0,4,30751
q_proj,1026,0,4,145167
k_proj,1026,0,4,40071
v_proj,1026,0,4,39813
rope,1026,0,4,59655
o_proj,1026,0,4,136680
post_layernorm,1026,0,4,28651
gate,1026,0,4,87962
expert.w1,1026,0,4,141292
expert.w3,1026,0,4,140314
act_fn,1026,0,4,8545
expert.w2,1026,0,4,140442
final_layernorm,1026,0,4,28897
lm_head,1026,0,4,988032
embedding,1027,0,4,42889
input_layernorm,1027,0,4,30633
q_proj,1027,0,4,145821
k_proj,1027,0,4,40244
v_proj,1027,0,4,40000
rope,1027,0,4,59891
o_proj,1027,0,4,137189
post_layernorm,1027,0,4,28706
gate,1027,0,4,88158
expert.w1,1027,0,4,141917
expert.w3,1027,0,4,140964
act_fn,1027,0,4,8528
expert.w2,1027,0,4,140961
final_layernorm,1027,0,4,28791
lm_head,1027,0,4,992473
embedding,1028,0,4,43015
input_layernorm,1028,0,4,30745
q_proj,1028,0,4,146027
k_proj,1028,0,4,40268
v_proj,1028,0,4,40043
rope,1028,0,4,60379
o_proj,1028,0,4,137410
post_layernorm,1028,0,4,28729
gate,1028,0,4,88137
expert.w1,1028,0,4,142038
expert.w3,1028,0,4,141064
act_fn,1028,0,4,8413
expert.w2,1028,0,4,140874
final_layernorm,1028,0,4,28667
lm_head,1028,0,4,993476
embedding,1029,0,4,43229
input_layernorm,1029,0,4,30729
q_proj,1029,0,4,146893
k_proj,1029,0,4,40539
v_proj,1029,0,4,40260
rope,1029,0,4,60151
o_proj,1029,0,4,137971
post_layernorm,1029,0,4,28797
gate,1029,0,4,88716
expert.w1,1029,0,4,142835
expert.w3,1029,0,4,141984
act_fn,1029,0,4,8781
expert.w2,1029,0,4,141725
final_layernorm,1029,0,4,28800
lm_head,1029,0,4,999302
embedding,1030,0,4,42826
input_layernorm,1030,0,4,30739
q_proj,1030,0,4,144462
k_proj,1030,0,4,39864
v_proj,1030,0,4,39601
rope,1030,0,4,59648
o_proj,1030,0,4,136129
post_layernorm,1030,0,4,28672
gate,1030,0,4,87614
expert.w1,1030,0,4,140612
expert.w3,1030,0,4,139655
act_fn,1030,0,4,8689
expert.w2,1030,0,4,139598
final_layernorm,1030,0,4,28856
lm_head,1030,0,4,983707
embedding,1031,0,4,43186
input_layernorm,1031,0,4,30689
q_proj,1031,0,4,145623
k_proj,1031,0,4,43319
v_proj,1031,0,4,43269
rope,1031,0,4,59486
o_proj,1031,0,4,137219
post_layernorm,1031,0,4,28687
gate,1031,0,4,88049
expert.w1,1031,0,4,141634
expert.w3,1031,0,4,140626
act_fn,1031,0,4,8763
expert.w2,1031,0,4,140455
final_layernorm,1031,0,4,28774
lm_head,1031,0,4,991795
embedding,1032,0,4,43476
input_layernorm,1032,0,4,30622
q_proj,1032,0,4,147091
k_proj,1032,0,4,43779
v_proj,1032,0,4,43965
rope,1032,0,4,60856
o_proj,1032,0,4,138165
post_layernorm,1032,0,4,28770
gate,1032,0,4,88676
expert.w1,1032,0,4,143086
expert.w3,1032,0,4,142217
act_fn,1032,0,4,8868
expert.w2,1032,0,4,141926
final_layernorm,1032,0,4,28864
lm_head,1032,0,4,1001052
embedding,1033,0,4,43548
input_layernorm,1033,0,4,30514
q_proj,1033,0,4,146857
k_proj,1033,0,4,43735
v_proj,1033,0,4,43841
rope,1033,0,4,60364
o_proj,1033,0,4,137960
post_layernorm,1033,0,4,28922
gate,1033,0,4,88941
expert.w1,1033,0,4,142832
expert.w3,1033,0,4,141964
act_fn,1033,0,4,8827
expert.w2,1033,0,4,141677
final_layernorm,1033,0,4,28879
lm_head,1033,0,4,999230
embedding,1034,0,4,42823
input_layernorm,1034,0,4,30581
q_proj,1034,0,4,144344
k_proj,1034,0,4,43036
v_proj,1034,0,4,42870
rope,1034,0,4,59610
o_proj,1034,0,4,136121
post_layernorm,1034,0,4,28864
gate,1034,0,4,87691
expert.w1,1034,0,4,140458
expert.w3,1034,0,4,139465
act_fn,1034,0,4,8998
expert.w2,1034,0,4,139362
final_layernorm,1034,0,4,28937
lm_head,1034,0,4,983304
embedding,1035,0,4,43565
input_layernorm,1035,0,4,30682
q_proj,1035,0,4,147134
k_proj,1035,0,4,43791
v_proj,1035,0,4,43940
rope,1035,0,4,60567
o_proj,1035,0,4,138213
post_layernorm,1035,0,4,28989
gate,1035,0,4,89134
expert.w1,1035,0,4,143118
expert.w3,1035,0,4,142225
act_fn,1035,0,4,8571
expert.w2,1035,0,4,141934
final_layernorm,1035,0,4,29037
lm_head,1035,0,4,1001249
embedding,1036,0,4,46444
input_layernorm,1036,0,4,31320
q_proj,1036,0,4,160788
k_proj,1036,0,4,47927
v_proj,1036,0,4,48081
rope,1036,0,4,64642
o_proj,1036,0,4,151137
post_layernorm,1036,0,4,29678
gate,1036,0,4,95517
expert.w1,1036,0,4,155977
expert.w3,1036,0,4,154870
act_fn,1036,0,4,9065
expert.w2,1036,0,4,154583
final_layernorm,1036,0,4,29684
lm_head,1036,0,4,1091101
embedding,1037,0,4,43747
input_layernorm,1037,0,4,30729
q_proj,1037,0,4,147063
k_proj,1037,0,4,43777
v_proj,1037,0,4,43862
rope,1037,0,4,60677
o_proj,1037,0,4,138146
post_layernorm,1037,0,4,28956
gate,1037,0,4,89438
expert.w1,1037,0,4,143039
expert.w3,1037,0,4,142123
act_fn,1037,0,4,8672
expert.w2,1037,0,4,141933
final_layernorm,1037,0,4,29005
lm_head,1037,0,4,1000576
embedding,1038,0,4,43308
input_layernorm,1038,0,4,30913
q_proj,1038,0,4,146075
k_proj,1038,0,4,43484
v_proj,1038,0,4,43416
rope,1038,0,4,60568
o_proj,1038,0,4,137389
post_layernorm,1038,0,4,29101
gate,1038,0,4,88718
expert.w1,1038,0,4,142136
expert.w3,1038,0,4,141187
act_fn,1038,0,4,8518
expert.w2,1038,0,4,141072
final_layernorm,1038,0,4,29244
lm_head,1038,0,4,994126
embedding,1039,0,4,43300
input_layernorm,1039,0,4,30767
q_proj,1039,0,4,144954
k_proj,1039,0,4,43180
v_proj,1039,0,4,42933
rope,1039,0,4,60181
o_proj,1039,0,4,136540
post_layernorm,1039,0,4,29028
gate,1039,0,4,88285
expert.w1,1039,0,4,141114
expert.w3,1039,0,4,140173
act_fn,1039,0,4,8571
expert.w2,1039,0,4,140045
final_layernorm,1039,0,4,29165
lm_head,1039,0,4,986653
embedding,1040,0,4,43127
input_layernorm,1040,0,4,30872
q_proj,1040,0,4,145204
k_proj,1040,0,4,43229
v_proj,1040,0,4,43021
rope,1040,0,4,60753
o_proj,1040,0,4,136641
post_layernorm,1040,0,4,29071
gate,1040,0,4,88355
expert.w1,1040,0,4,141293
expert.w3,1040,0,4,140352
act_fn,1040,0,4,8618
expert.w2,1040,0,4,140357
final_layernorm,1040,0,4,29038
lm_head,1040,0,4,988211
embedding,1041,0,4,43947
input_layernorm,1041,0,4,30901
q_proj,1041,0,4,147128
k_proj,1041,0,4,43814
v_proj,1041,0,4,43925
rope,1041,0,4,60791
o_proj,1041,0,4,138185
post_layernorm,1041,0,4,29304
gate,1041,0,4,89951
expert.w1,1041,0,4,143094
expert.w3,1041,0,4,142175
act_fn,1041,0,4,8655
expert.w2,1041,0,4,141986
final_layernorm,1041,0,4,29247
lm_head,1041,0,4,1001021
embedding,1042,0,4,43848
input_layernorm,1042,0,4,30980
q_proj,1042,0,4,146880
k_proj,1042,0,4,43707
v_proj,1042,0,4,43794
rope,1042,0,4,60876
o_proj,1042,0,4,138012
post_layernorm,1042,0,4,29299
gate,1042,0,4,89515
expert.w1,1042,0,4,142799
expert.w3,1042,0,4,141968
act_fn,1042,0,4,9210
expert.w2,1042,0,4,141902
final_layernorm,1042,0,4,29274
lm_head,1042,0,4,999601
embedding,1043,0,4,43872
input_layernorm,1043,0,4,30901
q_proj,1043,0,4,145463
k_proj,1043,0,4,43297
v_proj,1043,0,4,43221
rope,1043,0,4,60564
o_proj,1043,0,4,136887
post_layernorm,1043,0,4,29313
gate,1043,0,4,89109
expert.w1,1043,0,4,141548
expert.w3,1043,0,4,140572
act_fn,1043,0,4,8973
expert.w2,1043,0,4,140470
final_layernorm,1043,0,4,29214
lm_head,1043,0,4,989710
embedding,1044,0,4,43728
input_layernorm,1044,0,4,31018
q_proj,1044,0,4,146965
k_proj,1044,0,4,43772
v_proj,1044,0,4,43861
rope,1044,0,4,61311
o_proj,1044,0,4,138119
post_layernorm,1044,0,4,29116
gate,1044,0,4,89710
expert.w1,1044,0,4,142973
expert.w3,1044,0,4,142136
act_fn,1044,0,4,9153
expert.w2,1044,0,4,141971
final_layernorm,1044,0,4,29278
lm_head,1044,0,4,1000551
embedding,1045,0,4,44167
input_layernorm,1045,0,4,31031
q_proj,1045,0,4,146869
k_proj,1045,0,4,43688
v_proj,1045,0,4,43842
rope,1045,0,4,60948
o_proj,1045,0,4,138031
post_layernorm,1045,0,4,29287
gate,1045,0,4,89860
expert.w1,1045,0,4,142801
expert.w3,1045,0,4,141946
act_fn,1045,0,4,9104
expert.w2,1045,0,4,141884
final_layernorm,1045,0,4,29228
lm_head,1045,0,4,999550
embedding,1046,0,4,48306
input_layernorm,1046,0,4,31741
q_proj,1046,0,4,165825
k_proj,1046,0,4,49474
v_proj,1046,0,4,49601
rope,1046,0,4,66293
o_proj,1046,0,4,155912
post_layernorm,1046,0,4,30475
gate,1046,0,4,98486
expert.w1,1046,0,4,161374
expert.w3,1046,0,4,160270
act_fn,1046,0,4,9596
expert.w2,1046,0,4,160006
final_layernorm,1046,0,4,30340
lm_head,1046,0,4,1129363
embedding,1047,0,4,43809
input_layernorm,1047,0,4,31073
q_proj,1047,0,4,145263
k_proj,1047,0,4,43241
v_proj,1047,0,4,43174
rope,1047,0,4,60518
o_proj,1047,0,4,136856
post_layernorm,1047,0,4,29306
gate,1047,0,4,88996
expert.w1,1047,0,4,141309
expert.w3,1047,0,4,140428
act_fn,1047,0,4,8877
expert.w2,1047,0,4,140375
final_layernorm,1047,0,4,29191
lm_head,1047,0,4,988921
embedding,1048,0,4,43981
input_layernorm,1048,0,4,31103
q_proj,1048,0,4,146861
k_proj,1048,0,4,43784
v_proj,1048,0,4,43830
rope,1048,0,4,61448
o_proj,1048,0,4,137991
post_layernorm,1048,0,4,29306
gate,1048,0,4,89729
expert.w1,1048,0,4,142820
expert.w3,1048,0,4,141969
act_fn,1048,0,4,8859
expert.w2,1048,0,4,141864
final_layernorm,1048,0,4,29530
lm_head,1048,0,4,999600
embedding,1049,0,4,43902
input_layernorm,1049,0,4,31065
q_proj,1049,0,4,144808
k_proj,1049,0,4,43103
v_proj,1049,0,4,42962
rope,1049,0,4,60614
o_proj,1049,0,4,136426
post_layernorm,1049,0,4,29131
gate,1049,0,4,89436
expert.w1,1049,0,4,140910
expert.w3,1049,0,4,139966
act_fn,1049,0,4,8824
expert.w2,1049,0,4,139962
final_layernorm,1049,0,4,29409
lm_head,1049,0,4,985553
embedding,1050,0,4,47229
input_layernorm,1050,0,4,31596
q_proj,1050,0,4,160148
k_proj,1050,0,4,47730
v_proj,1050,0,4,47718
rope,1050,0,4,64882
o_proj,1050,0,4,150456
post_layernorm,1050,0,4,30184
gate,1050,0,4,96073
expert.w1,1050,0,4,155259
expert.w3,1050,0,4,154158
act_fn,1050,0,4,9089
expert.w2,1050,0,4,153932
final_layernorm,1050,0,4,30250
lm_head,1050,0,4,1086109
embedding,1051,0,4,44302
input_layernorm,1051,0,4,31271
q_proj,1051,0,4,147044
k_proj,1051,0,4,43763
v_proj,1051,0,4,43889
rope,1051,0,4,61260
o_proj,1051,0,4,138204
post_layernorm,1051,0,4,29494
gate,1051,0,4,90249
expert.w1,1051,0,4,143027
expert.w3,1051,0,4,142143
act_fn,1051,0,4,9168
expert.w2,1051,0,4,142005
final_layernorm,1051,0,4,29518
lm_head,1051,0,4,1000600
embedding,1052,0,4,44102
input_layernorm,1052,0,4,31214
q_proj,1052,0,4,146854
k_proj,1052,0,4,43685
v_proj,1052,0,4,43795
rope,1052,0,4,61694
o_proj,1052,0,4,138001
post_layernorm,1052,0,4,29302
gate,1052,0,4,90177
expert.w1,1052,0,4,142812
expert.w3,1052,0,4,141948
act_fn,1052,0,4,8983
expert.w2,1052,0,4,141856
final_layernorm,1052,0,4,29433
lm_head,1052,0,4,999635
embedding,1053,0,4,44116
input_layernorm,1053,0,4,31238
q_proj,1053,0,4,145929
k_proj,1053,0,4,43420
v_proj,1053,0,4,43383
rope,1053,0,4,61026
o_proj,1053,0,4,137324
post_layernorm,1053,0,4,29404
gate,1053,0,4,89906
expert.w1,1053,0,4,141928
expert.w3,1053,0,4,141032
act_fn,1053,0,4,9158
expert.w2,1053,0,4,140959
final_layernorm,1053,0,4,29473
lm_head,1053,0,4,992924
embedding,1054,0,4,44239
input_layernorm,1054,0,4,31279
q_proj,1054,0,4,147074
k_proj,1054,0,4,43799
v_proj,1054,0,4,43936
rope,1054,0,4,61519
o_proj,1054,0,4,138243
post_layernorm,1054,0,4,29543
gate,1054,0,4,90209
expert.w1,1054,0,4,143008
expert.w3,1054,0,4,142121
act_fn,1054,0,4,8950
expert.w2,1054,0,4,141925
final_layernorm,1054,0,4,29589
lm_head,1054,0,4,1000858
embedding,1055,0,4,44271
input_layernorm,1055,0,4,31384
q_proj,1055,0,4,147093
k_proj,1055,0,4,43745
v_proj,1055,0,4,43891
rope,1055,0,4,61367
o_proj,1055,0,4,138266
post_layernorm,1055,0,4,29507
gate,1055,0,4,90515
expert.w1,1055,0,4,143037
expert.w3,1055,0,4,142152
act_fn,1055,0,4,9024
expert.w2,1055,0,4,142030
final_layernorm,1055,0,4,29504
lm_head,1055,0,4,1000933
embedding,1056,0,4,43803
input_layernorm,1056,0,4,31292
q_proj,1056,0,4,145200
k_proj,1056,0,4,43248
v_proj,1056,0,4,43004
rope,1056,0,4,61332
o_proj,1056,0,4,136759
post_layernorm,1056,0,4,29600
gate,1056,0,4,89606
expert.w1,1056,0,4,141298
expert.w3,1056,0,4,140378
act_fn,1056,0,4,8897
expert.w2,1056,0,4,140362
final_layernorm,1056,0,4,29487
lm_head,1056,0,4,988213
embedding,1057,0,4,47311
input_layernorm,1057,0,4,31818
q_proj,1057,0,4,159318
k_proj,1057,0,4,47473
v_proj,1057,0,4,47433
rope,1057,0,4,64882
o_proj,1057,0,4,150032
post_layernorm,1057,0,4,30270
gate,1057,0,4,97064
expert.w1,1057,0,4,155633
expert.w3,1057,0,4,154671
act_fn,1057,0,4,9235
expert.w2,1057,0,4,154357
final_layernorm,1057,0,4,30324
lm_head,1057,0,4,1088988
embedding,1058,0,4,43907
input_layernorm,1058,0,4,31299
q_proj,1058,0,4,145247
k_proj,1058,0,4,43293
v_proj,1058,0,4,43173
rope,1058,0,4,61142
o_proj,1058,0,4,136954
post_layernorm,1058,0,4,29511
gate,1058,0,4,89971
expert.w1,1058,0,4,141448
expert.w3,1058,0,4,140422
act_fn,1058,0,4,9383
expert.w2,1058,0,4,140379
final_layernorm,1058,0,4,29731
lm_head,1058,0,4,989351
embedding,1059,0,4,44405
input_layernorm,1059,0,4,31320
q_proj,1059,0,4,147133
k_proj,1059,0,4,43837
v_proj,1059,0,4,43928
rope,1059,0,4,61507
o_proj,1059,0,4,138499
post_layernorm,1059,0,4,29720
gate,1059,0,4,90633
expert.w1,1059,0,4,143123
expert.w3,1059,0,4,142258
act_fn,1059,0,4,9288
expert.w2,1059,0,4,142147
final_layernorm,1059,0,4,29936
lm_head,1059,0,4,1001336
embedding,1060,0,4,44214
input_layernorm,1060,0,4,31440
q_proj,1060,0,4,146866
k_proj,1060,0,4,43713
v_proj,1060,0,4,43825
rope,1060,0,4,61781
o_proj,1060,0,4,138292
post_layernorm,1060,0,4,29666
gate,1060,0,4,90334
expert.w1,1060,0,4,142813
expert.w3,1060,0,4,141973
act_fn,1060,0,4,9457
expert.w2,1060,0,4,141946
final_layernorm,1060,0,4,29894
lm_head,1060,0,4,999605
embedding,1061,0,4,44458
input_layernorm,1061,0,4,31352
q_proj,1061,0,4,145046
k_proj,1061,0,4,43218
v_proj,1061,0,4,43227
rope,1061,0,4,61018
o_proj,1061,0,4,136841
post_layernorm,1061,0,4,29665
gate,1061,0,4,89624
expert.w1,1061,0,4,141175
expert.w3,1061,0,4,140265
act_fn,1061,0,4,9469
expert.w2,1061,0,4,140294
final_layernorm,1061,0,4,29771
lm_head,1061,0,4,988071
embedding,1062,0,4,44512
input_layernorm,1062,0,4,31423
q_proj,1062,0,4,146874
k_proj,1062,0,4,43758
v_proj,1062,0,4,43838
rope,1062,0,4,61638
o_proj,1062,0,4,138310
post_layernorm,1062,0,4,29776
gate,1062,0,4,90336
expert.w1,1062,0,4,142838
expert.w3,1062,0,4,141996
act_fn,1062,0,4,9386
expert.w2,1062,0,4,141894
final_layernorm,1062,0,4,29939
lm_head,1062,0,4,999601
embedding,1063,0,4,44894
input_layernorm,1063,0,4,31494
q_proj,1063,0,4,146875
k_proj,1063,0,4,43762
v_proj,1063,0,4,43809
rope,1063,0,4,61553
o_proj,1063,0,4,138314
post_layernorm,1063,0,4,29715
gate,1063,0,4,90813
expert.w1,1063,0,4,142808
expert.w3,1063,0,4,142008
act_fn,1063,0,4,9263
expert.w2,1063,0,4,141927
final_layernorm,1063,0,4,29837
lm_head,1063,0,4,999577
embedding,1064,0,4,44793
input_layernorm,1064,0,4,31467
q_proj,1064,0,4,146878
k_proj,1064,0,4,43730
v_proj,1064,0,4,43776
rope,1064,0,4,62023
o_proj,1064,0,4,138296
post_layernorm,1064,0,4,29837
gate,1064,0,4,90598
expert.w1,1064,0,4,142824
expert.w3,1064,0,4,141966
act_fn,1064,0,4,9199
expert.w2,1064,0,4,141939
final_layernorm,1064,0,4,30128
lm_head,1064,0,4,999708
embedding,1065,0,4,44834
input_layernorm,1065,0,4,31736
q_proj,1065,0,4,146481
k_proj,1065,0,4,43614
v_proj,1065,0,4,43610
rope,1065,0,4,61285
o_proj,1065,0,4,138043
post_layernorm,1065,0,4,29888
gate,1065,0,4,90546
expert.w1,1065,0,4,142443
expert.w3,1065,0,4,141544
act_fn,1065,0,4,9295
expert.w2,1065,0,4,141504
final_layernorm,1065,0,4,29837
lm_head,1065,0,4,997036
embedding,1066,0,4,45280
input_layernorm,1066,0,4,31550
q_proj,1066,0,4,147079
k_proj,1066,0,4,43837
v_proj,1066,0,4,43886
rope,1066,0,4,61929
o_proj,1066,0,4,138561
post_layernorm,1066,0,4,29900
gate,1066,0,4,91039
expert.w1,1066,0,4,143127
expert.w3,1066,0,4,142247
act_fn,1066,0,4,9267
expert.w2,1066,0,4,142252
final_layernorm,1066,0,4,30042
lm_head,1066,0,4,1001609
embedding,1067,0,4,45182
input_layernorm,1067,0,4,31625
q_proj,1067,0,4,146971
k_proj,1067,0,4,43774
v_proj,1067,0,4,43823
rope,1067,0,4,61951
o_proj,1067,0,4,138366
post_layernorm,1067,0,4,30024
gate,1067,0,4,90957
expert.w1,1067,0,4,142974
expert.w3,1067,0,4,141968
act_fn,1067,0,4,9516
expert.w2,1067,0,4,142032
final_layernorm,1067,0,4,29975
lm_head,1067,0,4,1000298
embedding,1068,0,4,44944
input_layernorm,1068,0,4,31525
q_proj,1068,0,4,146903
k_proj,1068,0,4,43803
v_proj,1068,0,4,43811
rope,1068,0,4,62321
o_proj,1068,0,4,138363
post_layernorm,1068,0,4,29983
gate,1068,0,4,90669
expert.w1,1068,0,4,142985
expert.w3,1068,0,4,141971
act_fn,1068,0,4,9686
expert.w2,1068,0,4,142059
final_layernorm,1068,0,4,29891
lm_head,1068,0,4,1000451
embedding,1069,0,4,45291
input_layernorm,1069,0,4,31662
q_proj,1069,0,4,146950
k_proj,1069,0,4,43757
v_proj,1069,0,4,43747
rope,1069,0,4,61726
o_proj,1069,0,4,138394
post_layernorm,1069,0,4,30013
gate,1069,0,4,90964
expert.w1,1069,0,4,142821
expert.w3,1069,0,4,141815
act_fn,1069,0,4,9423
expert.w2,1069,0,4,141950
final_layernorm,1069,0,4,29826
lm_head,1069,0,4,999642
embedding,1070,0,4,44929
input_layernorm,1070,0,4,31602
q_proj,1070,0,4,147092
k_proj,1070,0,4,43793
v_proj,1070,0,4,43922
rope,1070,0,4,62164
o_proj,1070,0,4,138448
post_layernorm,1070,0,4,30108
gate,1070,0,4,91149
expert.w1,1070,0,4,143098
expert.w3,1070,0,4,142104
act_fn,1070,0,4,9464
expert.w2,1070,0,4,142177
final_layernorm,1070,0,4,30144
lm_head,1070,0,4,1001117
embedding,1071,0,4,48126
input_layernorm,1071,0,4,32300
q_proj,1071,0,4,160290
k_proj,1071,0,4,47773
v_proj,1071,0,4,47888
rope,1071,0,4,65769
o_proj,1071,0,4,150771
post_layernorm,1071,0,4,30768
gate,1071,0,4,97808
expert.w1,1071,0,4,155870
expert.w3,1071,0,4,154750
act_fn,1071,0,4,9550
expert.w2,1071,0,4,154763
final_layernorm,1071,0,4,30673
lm_head,1071,0,4,1088309
embedding,1072,0,4,44874
input_layernorm,1072,0,4,31572
q_proj,1072,0,4,145571
k_proj,1072,0,4,43353
v_proj,1072,0,4,43437
rope,1072,0,4,62181
o_proj,1072,0,4,137208
post_layernorm,1072,0,4,30236
gate,1072,0,4,90676
expert.w1,1072,0,4,141727
expert.w3,1072,0,4,140642
act_fn,1072,0,4,9361
expert.w2,1072,0,4,140793
final_layernorm,1072,0,4,30055
lm_head,1072,0,4,991268
embedding,1073,0,4,44993
input_layernorm,1073,0,4,31636
q_proj,1073,0,4,146009
k_proj,1073,0,4,43455
v_proj,1073,0,4,43375
rope,1073,0,4,61823
o_proj,1073,0,4,137607
post_layernorm,1073,0,4,30222
gate,1073,0,4,91698
expert.w1,1073,0,4,142056
expert.w3,1073,0,4,141005
act_fn,1073,0,4,9568
expert.w2,1073,0,4,141193
final_layernorm,1073,0,4,29956
lm_head,1073,0,4,993480
embedding,1074,0,4,44877
input_layernorm,1074,0,4,31902
q_proj,1074,0,4,146862
k_proj,1074,0,4,43713
v_proj,1074,0,4,43863
rope,1074,0,4,62265
o_proj,1074,0,4,138292
post_layernorm,1074,0,4,30419
gate,1074,0,4,91404
expert.w1,1074,0,4,142917
expert.w3,1074,0,4,141875
act_fn,1074,0,4,9621
expert.w2,1074,0,4,142104
final_layernorm,1074,0,4,30299
lm_head,1074,0,4,999771
embedding,1075,0,4,44814
input_layernorm,1075,0,4,31740
q_proj,1075,0,4,145851
k_proj,1075,0,4,43402
v_proj,1075,0,4,43206
rope,1075,0,4,61944
o_proj,1075,0,4,137464
post_layernorm,1075,0,4,30369
gate,1075,0,4,91251
expert.w1,1075,0,4,141978
expert.w3,1075,0,4,140887
act_fn,1075,0,4,9494
expert.w2,1075,0,4,141018
final_layernorm,1075,0,4,30048
lm_head,1075,0,4,992731
embedding,1076,0,4,44750
input_layernorm,1076,0,4,31651
q_proj,1076,0,4,145077
k_proj,1076,0,4,43180
v_proj,1076,0,4,42982
rope,1076,0,4,62179
o_proj,1076,0,4,136879
post_layernorm,1076,0,4,30374
gate,1076,0,4,91195
expert.w1,1076,0,4,141202
expert.w3,1076,0,4,140138
act_fn,1076,0,4,9427
expert.w2,1076,0,4,140277
final_layernorm,1076,0,4,29978
lm_head,1076,0,4,987714
embedding,1077,0,4,45250
input_layernorm,1077,0,4,31859
q_proj,1077,0,4,147098
k_proj,1077,0,4,43763
v_proj,1077,0,4,43907
rope,1077,0,4,62325
o_proj,1077,0,4,138503
post_layernorm,1077,0,4,30309
gate,1077,0,4,92130
expert.w1,1077,0,4,143192
expert.w3,1077,0,4,142123
act_fn,1077,0,4,9428
expert.w2,1077,0,4,142226
final_layernorm,1077,0,4,30161
lm_head,1077,0,4,1001418
embedding,1078,0,4,45180
input_layernorm,1078,0,4,31902
q_proj,1078,0,4,146844
k_proj,1078,0,4,43684
v_proj,1078,0,4,43781
rope,1078,0,4,62304
o_proj,1078,0,4,138326
post_layernorm,1078,0,4,30374
gate,1078,0,4,91544
expert.w1,1078,0,4,142870
expert.w3,1078,0,4,141857
act_fn,1078,0,4,9592
expert.w2,1078,0,4,141962
final_layernorm,1078,0,4,30192
lm_head,1078,0,4,999600
embedding,1079,0,4,45213
input_layernorm,1079,0,4,31903
q_proj,1079,0,4,147064
k_proj,1079,0,4,43785
v_proj,1079,0,4,43910
rope,1079,0,4,62342
o_proj,1079,0,4,138520
post_layernorm,1079,0,4,30319
gate,1079,0,4,91905
expert.w1,1079,0,4,143122
expert.w3,1079,0,4,142081
act_fn,1079,0,4,9665
expert.w2,1079,0,4,142159
final_layernorm,1079,0,4,30144
lm_head,1079,0,4,1000924
embedding,1080,0,4,45230
input_layernorm,1080,0,4,31959
q_proj,1080,0,4,147304
k_proj,1080,0,4,43852
v_proj,1080,0,4,43975
rope,1080,0,4,62840
o_proj,1080,0,4,138674
post_layernorm,1080,0,4,30450
gate,1080,0,4,92139
expert.w1,1080,0,4,143303
expert.w3,1080,0,4,142253
act_fn,1080,0,4,9666
expert.w2,1080,0,4,142398
final_layernorm,1080,0,4,30280
lm_head,1080,0,4,1002366
embedding,1081,0,4,45339
input_layernorm,1081,0,4,31839
q_proj,1081,0,4,147287
k_proj,1081,0,4,43824
v_proj,1081,0,4,43950
rope,1081,0,4,62373
o_proj,1081,0,4,138724
post_layernorm,1081,0,4,30361
gate,1081,0,4,92780
expert.w1,1081,0,4,143334
expert.w3,1081,0,4,142277
act_fn,1081,0,4,9662
expert.w2,1081,0,4,142401
final_layernorm,1081,0,4,30161
lm_head,1081,0,4,1002374
embedding,1082,0,4,44813
input_layernorm,1082,0,4,31868
q_proj,1082,0,4,144475
k_proj,1082,0,4,43010
v_proj,1082,0,4,42803
rope,1082,0,4,61810
o_proj,1082,0,4,136439
post_layernorm,1082,0,4,30361
gate,1082,0,4,91230
expert.w1,1082,0,4,140649
expert.w3,1082,0,4,139588
act_fn,1082,0,4,9793
expert.w2,1082,0,4,139736
final_layernorm,1082,0,4,30184
lm_head,1082,0,4,984577
embedding,1083,0,4,47223
input_layernorm,1083,0,4,32333
q_proj,1083,0,4,153598
k_proj,1083,0,4,45694
v_proj,1083,0,4,45644
rope,1083,0,4,64167
o_proj,1083,0,4,144604
post_layernorm,1083,0,4,30750
gate,1083,0,4,95522
expert.w1,1083,0,4,149291
expert.w3,1083,0,4,148381
act_fn,1083,0,4,9749
expert.w2,1083,0,4,148429
final_layernorm,1083,0,4,30586
lm_head,1083,0,4,1047055
embedding,1084,0,4,46662
input_layernorm,1084,0,4,32175
q_proj,1084,0,4,151671
k_proj,1084,0,4,45234
v_proj,1084,0,4,45377
rope,1084,0,4,64070
o_proj,1084,0,4,142841
post_layernorm,1084,0,4,30758
gate,1084,0,4,94697
expert.w1,1084,0,4,147693
expert.w3,1084,0,4,146492
act_fn,1084,0,4,9692
expert.w2,1084,0,4,146694
final_layernorm,1084,0,4,30499
lm_head,1084,0,4,1033081
embedding,1085,0,4,45980
input_layernorm,1085,0,4,32040
q_proj,1085,0,4,146865
k_proj,1085,0,4,43711
v_proj,1085,0,4,43823
rope,1085,0,4,62311
o_proj,1085,0,4,138353
post_layernorm,1085,0,4,30556
gate,1085,0,4,92824
expert.w1,1085,0,4,142912
expert.w3,1085,0,4,141887
act_fn,1085,0,4,9786
expert.w2,1085,0,4,142079
final_layernorm,1085,0,4,30272
lm_head,1085,0,4,999739
embedding,1086,0,4,50030
input_layernorm,1086,0,4,32752
q_proj,1086,0,4,164920
k_proj,1086,0,4,45476
v_proj,1086,0,4,45128
rope,1086,0,4,67411
o_proj,1086,0,4,155146
post_layernorm,1086,0,4,31654
gate,1086,0,4,101173
expert.w1,1086,0,4,160377
expert.w3,1086,0,4,159178
act_fn,1086,0,4,9897
expert.w2,1086,0,4,159177
final_layernorm,1086,0,4,31353
lm_head,1086,0,4,1122501
embedding,1087,0,4,46062
input_layernorm,1087,0,4,32163
q_proj,1087,0,4,147317
k_proj,1087,0,4,40645
v_proj,1087,0,4,40382
rope,1087,0,4,62559
o_proj,1087,0,4,138774
post_layernorm,1087,0,4,30688
gate,1087,0,4,92647
expert.w1,1087,0,4,143356
expert.w3,1087,0,4,142328
act_fn,1087,0,4,9751
expert.w2,1087,0,4,142413
final_layernorm,1087,0,4,30314
lm_head,1087,0,4,1002962
embedding,1088,0,4,45758
input_layernorm,1088,0,4,32173
q_proj,1088,0,4,147068
k_proj,1088,0,4,40580
v_proj,1088,0,4,40318
rope,1088,0,4,62879
o_proj,1088,0,4,138584
post_layernorm,1088,0,4,30690
gate,1088,0,4,89371
expert.w1,1088,0,4,143099
expert.w3,1088,0,4,142089
act_fn,1088,0,4,9767
expert.w2,1088,0,4,142212
final_layernorm,1088,0,4,30434
lm_head,1088,0,4,1001357
embedding,1089,0,4,45794
input_layernorm,1089,0,4,32281
q_proj,1089,0,4,147005
k_proj,1089,0,4,40563
v_proj,1089,0,4,40296
rope,1089,0,4,62505
o_proj,1089,0,4,138511
post_layernorm,1089,0,4,30627
gate,1089,0,4,89427
expert.w1,1089,0,4,143058
expert.w3,1089,0,4,141996
act_fn,1089,0,4,9836
expert.w2,1089,0,4,142167
final_layernorm,1089,0,4,30328
lm_head,1089,0,4,1000736
embedding,1090,0,4,46113
input_layernorm,1090,0,4,32164
q_proj,1090,0,4,147157
k_proj,1090,0,4,40590
v_proj,1090,0,4,40334
rope,1090,0,4,62673
o_proj,1090,0,4,138662
post_layernorm,1090,0,4,30744
gate,1090,0,4,89587
expert.w1,1090,0,4,143206
expert.w3,1090,0,4,142145
act_fn,1090,0,4,9923
expert.w2,1090,0,4,142561
final_layernorm,1090,0,4,30485
lm_head,1090,0,4,1001905
embedding,1091,0,4,49384
input_layernorm,1091,0,4,32891
q_proj,1091,0,4,163152
k_proj,1091,0,4,45013
v_proj,1091,0,4,44696
rope,1091,0,4,66977
o_proj,1091,0,4,153190
post_layernorm,1091,0,4,31437
gate,1091,0,4,96771
expert.w1,1091,0,4,158258
expert.w3,1091,0,4,157056
act_fn,1091,0,4,10262
expert.w2,1091,0,4,157381
final_layernorm,1091,0,4,31162
lm_head,1091,0,4,1107569
embedding,1092,0,4,46012
input_layernorm,1092,0,4,32220
q_proj,1092,0,4,147184
k_proj,1092,0,4,40604
v_proj,1092,0,4,40338
rope,1092,0,4,63041
o_proj,1092,0,4,138721
post_layernorm,1092,0,4,30837
gate,1092,0,4,89787
expert.w1,1092,0,4,143125
expert.w3,1092,0,4,142095
act_fn,1092,0,4,9971
expert.w2,1092,0,4,142427
final_layernorm,1092,0,4,30590
lm_head,1092,0,4,1001534
embedding,1093,0,4,45900
input_layernorm,1093,0,4,32346
q_proj,1093,0,4,147211
k_proj,1093,0,4,40577
v_proj,1093,0,4,40338
rope,1093,0,4,62616
o_proj,1093,0,4,138807
post_layernorm,1093,0,4,30753
gate,1093,0,4,91579
expert.w1,1093,0,4,143367
expert.w3,1093,0,4,142319
act_fn,1093,0,4,9971
expert.w2,1093,0,4,142785
final_layernorm,1093,0,4,30545
lm_head,1093,0,4,1003101
embedding,1094,0,4,45949
input_layernorm,1094,0,4,32334
q_proj,1094,0,4,146933
k_proj,1094,0,4,40508
v_proj,1094,0,4,40271
rope,1094,0,4,62667
o_proj,1094,0,4,138507
post_layernorm,1094,0,4,30944
gate,1094,0,4,91044
expert.w1,1094,0,4,142965
expert.w3,1094,0,4,141856
act_fn,1094,0,4,9957
expert.w2,1094,0,4,142505
final_layernorm,1094,0,4,30697
lm_head,1094,0,4,1000012
embedding,1095,0,4,45937
input_layernorm,1095,0,4,32337
q_proj,1095,0,4,147023
k_proj,1095,0,4,40535
v_proj,1095,0,4,40295
rope,1095,0,4,62658
o_proj,1095,0,4,138548
post_layernorm,1095,0,4,30818
gate,1095,0,4,91204
expert.w1,1095,0,4,143083
expert.w3,1095,0,4,142033
act_fn,1095,0,4,9985
expert.w2,1095,0,4,142526
final_layernorm,1095,0,4,30540
lm_head,1095,0,4,1000875
embedding,1096,0,4,46264
input_layernorm,1096,0,4,32428
q_proj,1096,0,4,147465
k_proj,1096,0,4,40651
v_proj,1096,0,4,40418
rope,1096,0,4,63238
o_proj,1096,0,4,138961
post_layernorm,1096,0,4,30888
gate,1096,0,4,91634
expert.w1,1096,0,4,143514
expert.w3,1096,0,4,142405
act_fn,1096,0,4,9981
expert.w2,1096,0,4,143111
final_layernorm,1096,0,4,30707
lm_head,1096,0,4,1004064
embedding,1097,0,4,45722
input_layernorm,1097,0,4,32457
q_proj,1097,0,4,146126
k_proj,1097,0,4,40278
v_proj,1097,0,4,40049
rope,1097,0,4,62379
o_proj,1097,0,4,137955
post_layernorm,1097,0,4,30785
gate,1097,0,4,91272
expert.w1,1097,0,4,142227
expert.w3,1097,0,4,141090
act_fn,1097,0,4,9941
expert.w2,1097,0,4,141607
final_layernorm,1097,0,4,30718
lm_head,1097,0,4,995125
embedding,1098,0,4,46447
input_layernorm,1098,0,4,32462
q_proj,1098,0,4,148015
k_proj,1098,0,4,40811
v_proj,1098,0,4,40580
rope,1098,0,4,63195
o_proj,1098,0,4,139477
post_layernorm,1098,0,4,31072
gate,1098,0,4,91844
expert.w1,1098,0,4,144085
expert.w3,1098,0,4,142943
act_fn,1098,0,4,9986
expert.w2,1098,0,4,143425
final_layernorm,1098,0,4,30756
lm_head,1098,0,4,1007841
embedding,1099,0,4,45908
input_layernorm,1099,0,4,32521
q_proj,1099,0,4,147082
k_proj,1099,0,4,40546
v_proj,1099,0,4,40304
rope,1099,0,4,62869
o_proj,1099,0,4,138628
post_layernorm,1099,0,4,31060
gate,1099,0,4,91377
expert.w1,1099,0,4,143163
expert.w3,1099,0,4,142086
act_fn,1099,0,4,9947
expert.w2,1099,0,4,142642
final_layernorm,1099,0,4,30655
lm_head,1099,0,4,1001366
embedding,1100,0,4,46229
input_layernorm,1100,0,4,32376
q_proj,1100,0,4,146554
k_proj,1100,0,4,40390
v_proj,1100,0,4,40168
rope,1100,0,4,63113
o_proj,1100,0,4,138241
post_layernorm,1100,0,4,30897
gate,1100,0,4,91403
expert.w1,1100,0,4,142672
expert.w3,1100,0,4,141570
act_fn,1100,0,4,9878
expert.w2,1100,0,4,142031
final_layernorm,1100,0,4,30801
lm_head,1100,0,4,997824
embedding,1101,0,4,46230
input_layernorm,1101,0,4,32612
q_proj,1101,0,4,147842
k_proj,1101,0,4,40761
v_proj,1101,0,4,40527
rope,1101,0,4,63149
o_proj,1101,0,4,139373
post_layernorm,1101,0,4,30991
gate,1101,0,4,92360
expert.w1,1101,0,4,143958
expert.w3,1101,0,4,142851
act_fn,1101,0,4,10048
expert.w2,1101,0,4,143209
final_layernorm,1101,0,4,30770
lm_head,1101,0,4,1006902
embedding,1102,0,4,46266
input_layernorm,1102,0,4,32669
q_proj,1102,0,4,147476
k_proj,1102,0,4,40657
v_proj,1102,0,4,40423
rope,1102,0,4,63208
o_proj,1102,0,4,138985
post_layernorm,1102,0,4,30954
gate,1102,0,4,91673
expert.w1,1102,0,4,143507
expert.w3,1102,0,4,142472
act_fn,1102,0,4,10155
expert.w2,1102,0,4,142962
final_layernorm,1102,0,4,30969
lm_head,1102,0,4,1003960
embedding,1103,0,4,46431
input_layernorm,1103,0,4,32645
q_proj,1103,0,4,147577
k_proj,1103,0,4,40695
v_proj,1103,0,4,40446
rope,1103,0,4,63176
o_proj,1103,0,4,139208
post_layernorm,1103,0,4,31016
gate,1103,0,4,91904
expert.w1,1103,0,4,143687
expert.w3,1103,0,4,142581
act_fn,1103,0,4,10014
expert.w2,1103,0,4,143040
final_layernorm,1103,0,4,30849
lm_head,1103,0,4,1004619
embedding,1104,0,4,46686
input_layernorm,1104,0,4,32639
q_proj,1104,0,4,147627
k_proj,1104,0,4,40708
v_proj,1104,0,4,40464
rope,1104,0,4,63680
o_proj,1104,0,4,139120
post_layernorm,1104,0,4,31024
gate,1104,0,4,92070
expert.w1,1104,0,4,143689
expert.w3,1104,0,4,142571
act_fn,1104,0,4,10067
expert.w2,1104,0,4,143129
final_layernorm,1104,0,4,30862
lm_head,1104,0,4,1004620
embedding,1105,0,4,46809
input_layernorm,1105,0,4,32537
q_proj,1105,0,4,148054
k_proj,1105,0,4,40839
v_proj,1105,0,4,40600
rope,1105,0,4,63371
o_proj,1105,0,4,139560
post_layernorm,1105,0,4,31031
gate,1105,0,4,92540
expert.w1,1105,0,4,144121
expert.w3,1105,0,4,142997
act_fn,1105,0,4,10145
expert.w2,1105,0,4,143566
final_layernorm,1105,0,4,30942
lm_head,1105,0,4,1007897
embedding,1106,0,4,47158
input_layernorm,1106,0,4,32657
q_proj,1106,0,4,147845
k_proj,1106,0,4,40781
v_proj,1106,0,4,40539
rope,1106,0,4,63515
o_proj,1106,0,4,139319
post_layernorm,1106,0,4,31305
gate,1106,0,4,92466
expert.w1,1106,0,4,143865
expert.w3,1106,0,4,142775
act_fn,1106,0,4,10192
expert.w2,1106,0,4,143426
final_layernorm,1106,0,4,31003
lm_head,1106,0,4,1006521
embedding,1107,0,4,51057
input_layernorm,1107,0,4,33339
q_proj,1107,0,4,164142
k_proj,1107,0,4,45266
v_proj,1107,0,4,44964
rope,1107,0,4,67906
o_proj,1107,0,4,154688
post_layernorm,1107,0,4,32074
gate,1107,0,4,101715
expert.w1,1107,0,4,159761
expert.w3,1107,0,4,158567
act_fn,1107,0,4,10371
expert.w2,1107,0,4,159023
final_layernorm,1107,0,4,31811
lm_head,1107,0,4,1118198
embedding,1108,0,4,47054
input_layernorm,1108,0,4,32896
q_proj,1108,0,4,148035
k_proj,1108,0,4,40823
v_proj,1108,0,4,40576
rope,1108,0,4,63916
o_proj,1108,0,4,139515
post_layernorm,1108,0,4,31274
gate,1108,0,4,92268
expert.w1,1108,0,4,144091
expert.w3,1108,0,4,142957
act_fn,1108,0,4,10138
expert.w2,1108,0,4,143567
final_layernorm,1108,0,4,30981
lm_head,1108,0,4,1007928
embedding,1109,0,4,46980
input_layernorm,1109,0,4,32768
q_proj,1109,0,4,147881
k_proj,1109,0,4,40793
v_proj,1109,0,4,40536
rope,1109,0,4,63574
o_proj,1109,0,4,139386
post_layernorm,1109,0,4,31266
gate,1109,0,4,92727
expert.w1,1109,0,4,143979
expert.w3,1109,0,4,142869
act_fn,1109,0,4,10037
expert.w2,1109,0,4,143331
final_layernorm,1109,0,4,31033
lm_head,1109,0,4,1007208
embedding,1110,0,4,46916
input_layernorm,1110,0,4,32743
q_proj,1110,0,4,147035
k_proj,1110,0,4,40534
v_proj,1110,0,4,40295
rope,1110,0,4,63413
o_proj,1110,0,4,138579
post_layernorm,1110,0,4,31495
gate,1110,0,4,92282
expert.w1,1110,0,4,143091
expert.w3,1110,0,4,142046
act_fn,1110,0,4,10000
expert.w2,1110,0,4,142713
final_layernorm,1110,0,4,31112
lm_head,1110,0,4,1001014
embedding,1111,0,4,47009
input_layernorm,1111,0,4,32705
q_proj,1111,0,4,147837
k_proj,1111,0,4,40782
v_proj,1111,0,4,40531
rope,1111,0,4,63651
o_proj,1111,0,4,139381
post_layernorm,1111,0,4,31367
gate,1111,0,4,92787
expert.w1,1111,0,4,144021
expert.w3,1111,0,4,142896
act_fn,1111,0,4,10074
expert.w2,1111,0,4,143369
final_layernorm,1111,0,4,31084
lm_head,1111,0,4,1007230
embedding,1112,0,4,47023
input_layernorm,1112,0,4,32980
q_proj,1112,0,4,148180
k_proj,1112,0,4,40868
v_proj,1112,0,4,40612
rope,1112,0,4,64173
o_proj,1112,0,4,139622
post_layernorm,1112,0,4,31262
gate,1112,0,4,92498
expert.w1,1112,0,4,144264
expert.w3,1112,0,4,143116
act_fn,1112,0,4,10227
expert.w2,1112,0,4,143748
final_layernorm,1112,0,4,31130
lm_head,1112,0,4,1009046
embedding,1113,0,4,46371
input_layernorm,1113,0,4,32721
q_proj,1113,0,4,145805
k_proj,1113,0,4,40220
v_proj,1113,0,4,39968
rope,1113,0,4,63257
o_proj,1113,0,4,137644
post_layernorm,1113,0,4,31317
gate,1113,0,4,91770
expert.w1,1113,0,4,141995
expert.w3,1113,0,4,140857
act_fn,1113,0,4,10044
expert.w2,1113,0,4,141339
final_layernorm,1113,0,4,30935
lm_head,1113,0,4,992902
embedding,1114,0,4,46694
input_layernorm,1114,0,4,32894
q_proj,1114,0,4,146168
k_proj,1114,0,4,40299
v_proj,1114,0,4,40075
rope,1114,0,4,63309
o_proj,1114,0,4,138015
post_layernorm,1114,0,4,31456
gate,1114,0,4,92002
expert.w1,1114,0,4,142248
expert.w3,1114,0,4,141129
act_fn,1114,0,4,10181
expert.w2,1114,0,4,141679
final_layernorm,1114,0,4,31229
lm_head,1114,0,4,995731
embedding,1115,0,4,46983
input_layernorm,1115,0,4,32919
q_proj,1115,0,4,147596
k_proj,1115,0,4,40700
v_proj,1115,0,4,40462
rope,1115,0,4,63741
o_proj,1115,0,4,139174
post_layernorm,1115,0,4,31260
gate,1115,0,4,92979
expert.w1,1115,0,4,143709
expert.w3,1115,0,4,142609
act_fn,1115,0,4,10364
expert.w2,1115,0,4,143251
final_layernorm,1115,0,4,31091
lm_head,1115,0,4,1004886
embedding,1116,0,4,47193
input_layernorm,1116,0,4,32961
q_proj,1116,0,4,147876
k_proj,1116,0,4,40789
v_proj,1116,0,4,40545
rope,1116,0,4,64189
o_proj,1116,0,4,139434
post_layernorm,1116,0,4,31228
gate,1116,0,4,92683
expert.w1,1116,0,4,143999
expert.w3,1116,0,4,142898
act_fn,1116,0,4,10290
expert.w2,1116,0,4,143492
final_layernorm,1116,0,4,31134
lm_head,1116,0,4,1007423
embedding,1117,0,4,46542
input_layernorm,1117,0,4,32923
q_proj,1117,0,4,145638
k_proj,1117,0,4,40179
v_proj,1117,0,4,39942
rope,1117,0,4,63288
o_proj,1117,0,4,137556
post_layernorm,1117,0,4,31296
gate,1117,0,4,91682
expert.w1,1117,0,4,141826
expert.w3,1117,0,4,140692
act_fn,1117,0,4,10257
expert.w2,1117,0,4,141160
final_layernorm,1117,0,4,31153
lm_head,1117,0,4,992108
embedding,1118,0,4,47215
input_layernorm,1118,0,4,33060
q_proj,1118,0,4,148184
k_proj,1118,0,4,40870
v_proj,1118,0,4,40637
rope,1118,0,4,64099
o_proj,1118,0,4,139618
post_layernorm,1118,0,4,31517
gate,1118,0,4,93087
expert.w1,1118,0,4,144211
expert.w3,1118,0,4,143135
act_fn,1118,0,4,10305
expert.w2,1118,0,4,143785
final_layernorm,1118,0,4,31329
lm_head,1118,0,4,1009065
embedding,1119,0,4,46909
input_layernorm,1119,0,4,33074
q_proj,1119,0,4,147871
k_proj,1119,0,4,40779
v_proj,1119,0,4,40541
rope,1119,0,4,64044
o_proj,1119,0,4,139388
post_layernorm,1119,0,4,31485
gate,1119,0,4,93235
expert.w1,1119,0,4,143964
expert.w3,1119,0,4,142909
act_fn,1119,0,4,10268
expert.w2,1119,0,4,143517
final_layernorm,1119,0,4,31255
lm_head,1119,0,4,1007260
embedding,1120,0,4,47221
input_layernorm,1120,0,4,33089
q_proj,1120,0,4,148020
k_proj,1120,0,4,40818
v_proj,1120,0,4,40579
rope,1120,0,4,64462
o_proj,1120,0,4,139510
post_layernorm,1120,0,4,31515
gate,1120,0,4,92905
expert.w1,1120,0,4,144119
expert.w3,1120,0,4,143041
act_fn,1120,0,4,10282
expert.w2,1120,0,4,143684
final_layernorm,1120,0,4,31384
lm_head,1120,0,4,1008611
embedding,1121,0,4,46238
input_layernorm,1121,0,4,33092
q_proj,1121,0,4,147240
k_proj,1121,0,4,40606
v_proj,1121,0,4,40357
rope,1121,0,4,63837
o_proj,1121,0,4,138853
post_layernorm,1121,0,4,31663
gate,1121,0,4,93352
expert.w1,1121,0,4,143306
expert.w3,1121,0,4,142262
act_fn,1121,0,4,10377
expert.w2,1121,0,4,142826
final_layernorm,1121,0,4,31340
lm_head,1121,0,4,1179776
embedding,1122,0,4,46235
input_layernorm,1122,0,4,33134
q_proj,1122,0,4,146849
k_proj,1122,0,4,40490
v_proj,1122,0,4,40254
rope,1122,0,4,63847
o_proj,1122,0,4,138544
post_layernorm,1122,0,4,31660
gate,1122,0,4,92728
expert.w1,1122,0,4,142889
expert.w3,1122,0,4,141896
act_fn,1122,0,4,10524
expert.w2,1122,0,4,142592
final_layernorm,1122,0,4,31528
lm_head,1122,0,4,1176849
embedding,1123,0,4,46474
input_layernorm,1123,0,4,33193
q_proj,1123,0,4,147013
k_proj,1123,0,4,40536
v_proj,1123,0,4,40296
rope,1123,0,4,63912
o_proj,1123,0,4,138635
post_layernorm,1123,0,4,31586
gate,1123,0,4,92884
expert.w1,1123,0,4,143048
expert.w3,1123,0,4,142034
act_fn,1123,0,4,10434
expert.w2,1123,0,4,142635
final_layernorm,1123,0,4,31544
lm_head,1123,0,4,1177850
embedding,1124,0,4,46675
input_layernorm,1124,0,4,33040
q_proj,1124,0,4,147059
k_proj,1124,0,4,40552
v_proj,1124,0,4,40301
rope,1124,0,4,64334
o_proj,1124,0,4,138652
post_layernorm,1124,0,4,31691
gate,1124,0,4,92910
expert.w1,1124,0,4,143068
expert.w3,1124,0,4,142076
act_fn,1124,0,4,10427
expert.w2,1124,0,4,142698
final_layernorm,1124,0,4,31421
lm_head,1124,0,4,1178423
embedding,1125,0,4,46497
input_layernorm,1125,0,4,33299
q_proj,1125,0,4,147090
k_proj,1125,0,4,40546
v_proj,1125,0,4,40315
rope,1125,0,4,63940
o_proj,1125,0,4,138706
post_layernorm,1125,0,4,31624
gate,1125,0,4,93078
expert.w1,1125,0,4,143127
expert.w3,1125,0,4,142114
act_fn,1125,0,4,10517
expert.w2,1125,0,4,142659
final_layernorm,1125,0,4,31350
lm_head,1125,0,4,1178722
embedding,1126,0,4,46559
input_layernorm,1126,0,4,33103
q_proj,1126,0,4,145086
k_proj,1126,0,4,39992
v_proj,1126,0,4,39776
rope,1126,0,4,63534
o_proj,1126,0,4,137165
post_layernorm,1126,0,4,31583
gate,1126,0,4,91748
expert.w1,1126,0,4,141226
expert.w3,1126,0,4,140137
act_fn,1126,0,4,10437
expert.w2,1126,0,4,140813
final_layernorm,1126,0,4,31450
lm_head,1126,0,4,1162488
embedding,1127,0,4,46750
input_layernorm,1127,0,4,33217
q_proj,1127,0,4,147110
k_proj,1127,0,4,40557
v_proj,1127,0,4,40332
rope,1127,0,4,64056
o_proj,1127,0,4,138743
post_layernorm,1127,0,4,31719
gate,1127,0,4,93157
expert.w1,1127,0,4,143178
expert.w3,1127,0,4,142165
act_fn,1127,0,4,10517
expert.w2,1127,0,4,142782
final_layernorm,1127,0,4,31493
lm_head,1127,0,4,1178939
embedding,1128,0,4,47043
input_layernorm,1128,0,4,33200
q_proj,1128,0,4,147115
k_proj,1128,0,4,40555
v_proj,1128,0,4,40330
rope,1128,0,4,64461
o_proj,1128,0,4,138704
post_layernorm,1128,0,4,31483
gate,1128,0,4,93006
expert.w1,1128,0,4,143127
expert.w3,1128,0,4,142103
act_fn,1128,0,4,10619
expert.w2,1128,0,4,142731
final_layernorm,1128,0,4,31557
lm_head,1128,0,4,1178711
embedding,1129,0,4,47013
input_layernorm,1129,0,4,33410
q_proj,1129,0,4,147343
k_proj,1129,0,4,40623
v_proj,1129,0,4,40383
rope,1129,0,4,64164
o_proj,1129,0,4,138935
post_layernorm,1129,0,4,31631
gate,1129,0,4,93595
expert.w1,1129,0,4,143342
expert.w3,1129,0,4,142324
act_fn,1129,0,4,10607
expert.w2,1129,0,4,142912
final_layernorm,1129,0,4,31538
lm_head,1129,0,4,1180079
embedding,1130,0,4,46651
input_layernorm,1130,0,4,33269
q_proj,1130,0,4,145683
k_proj,1130,0,4,40180
v_proj,1130,0,4,39957
rope,1130,0,4,63997
o_proj,1130,0,4,137687
post_layernorm,1130,0,4,31794
gate,1130,0,4,92433
expert.w1,1130,0,4,141886
expert.w3,1130,0,4,140791
act_fn,1130,0,4,10456
expert.w2,1130,0,4,141421
final_layernorm,1130,0,4,31516
lm_head,1130,0,4,1167679
embedding,1131,0,4,46807
input_layernorm,1131,0,4,33322
q_proj,1131,0,4,147087
k_proj,1131,0,4,40563
v_proj,1131,0,4,40328
rope,1131,0,4,64629
o_proj,1131,0,4,138752
post_layernorm,1131,0,4,31871
gate,1131,0,4,93492
expert.w1,1131,0,4,143229
expert.w3,1131,0,4,142151
act_fn,1131,0,4,10509
expert.w2,1131,0,4,142787
final_layernorm,1131,0,4,31714
lm_head,1131,0,4,1179115
embedding,1132,0,4,46718
input_layernorm,1132,0,4,33312
q_proj,1132,0,4,145645
k_proj,1132,0,4,40171
v_proj,1132,0,4,39948
rope,1132,0,4,64714
o_proj,1132,0,4,137580
post_layernorm,1132,0,4,31734
gate,1132,0,4,92669
expert.w1,1132,0,4,141865
expert.w3,1132,0,4,140733
act_fn,1132,0,4,10570
expert.w2,1132,0,4,141552
final_layernorm,1132,0,4,31565
lm_head,1132,0,4,1167713
embedding,1133,0,4,46941
input_layernorm,1133,0,4,33463
q_proj,1133,0,4,146818
k_proj,1133,0,4,40467
v_proj,1133,0,4,40239
rope,1133,0,4,64561
o_proj,1133,0,4,138530
post_layernorm,1133,0,4,32002
gate,1133,0,4,93591
expert.w1,1133,0,4,142942
expert.w3,1133,0,4,141806
act_fn,1133,0,4,10568
expert.w2,1133,0,4,142531
final_layernorm,1133,0,4,31647
lm_head,1133,0,4,1177273
embedding,1134,0,4,46981
input_layernorm,1134,0,4,33408
q_proj,1134,0,4,146874
k_proj,1134,0,4,40476
v_proj,1134,0,4,40257
rope,1134,0,4,64754
o_proj,1134,0,4,138542
post_layernorm,1134,0,4,31975
gate,1134,0,4,93245
expert.w1,1134,0,4,142941
expert.w3,1134,0,4,141910
act_fn,1134,0,4,10586
expert.w2,1134,0,4,142591
final_layernorm,1134,0,4,31799
lm_head,1134,0,4,1177012
embedding,1135,0,4,46943
input_layernorm,1135,0,4,33379
q_proj,1135,0,4,147056
k_proj,1135,0,4,40540
v_proj,1135,0,4,40306
rope,1135,0,4,64741
o_proj,1135,0,4,138741
post_layernorm,1135,0,4,31948
gate,1135,0,4,93508
expert.w1,1135,0,4,143141
expert.w3,1135,0,4,142060
act_fn,1135,0,4,10593
expert.w2,1135,0,4,142715
final_layernorm,1135,0,4,31691
lm_head,1135,0,4,1178162
embedding,1136,0,4,47164
input_layernorm,1136,0,4,33420
q_proj,1136,0,4,147238
k_proj,1136,0,4,40583
v_proj,1136,0,4,40355
rope,1136,0,4,65164
o_proj,1136,0,4,138859
post_layernorm,1136,0,4,31964
gate,1136,0,4,93467
expert.w1,1136,0,4,143294
expert.w3,1136,0,4,142192
act_fn,1136,0,4,10544
expert.w2,1136,0,4,143028
final_layernorm,1136,0,4,31717
lm_head,1136,0,4,1179753
embedding,1137,0,4,46897
input_layernorm,1137,0,4,33417
q_proj,1137,0,4,147811
k_proj,1137,0,4,40561
v_proj,1137,0,4,40317
rope,1137,0,4,64734
o_proj,1137,0,4,138742
post_layernorm,1137,0,4,31941
gate,1137,0,4,94230
expert.w1,1137,0,4,143146
expert.w3,1137,0,4,142118
act_fn,1137,0,4,10643
expert.w2,1137,0,4,142875
final_layernorm,1137,0,4,31759
lm_head,1137,0,4,1178304
embedding,1138,0,4,47193
input_layernorm,1138,0,4,33505
q_proj,1138,0,4,148293
k_proj,1138,0,4,40696
v_proj,1138,0,4,40454
rope,1138,0,4,64950
o_proj,1138,0,4,139164
post_layernorm,1138,0,4,31984
gate,1138,0,4,94368
expert.w1,1138,0,4,143629
expert.w3,1138,0,4,142573
act_fn,1138,0,4,10642
expert.w2,1138,0,4,143258
final_layernorm,1138,0,4,31882
lm_head,1138,0,4,1182450
embedding,1139,0,4,46701
input_layernorm,1139,0,4,33434
q_proj,1139,0,4,146418
k_proj,1139,0,4,40168
v_proj,1139,0,4,39932
rope,1139,0,4,64436
o_proj,1139,0,4,137603
post_layernorm,1139,0,4,31854
gate,1139,0,4,93596
expert.w1,1139,0,4,141804
expert.w3,1139,0,4,140702
act_fn,1139,0,4,10497
expert.w2,1139,0,4,141433
final_layernorm,1139,0,4,31721
lm_head,1139,0,4,1167635
embedding,1140,0,4,46965
input_layernorm,1140,0,4,33589
q_proj,1140,0,4,147788
k_proj,1140,0,4,40555
v_proj,1140,0,4,40312
rope,1140,0,4,64854
o_proj,1140,0,4,138748
post_layernorm,1140,0,4,31945
gate,1140,0,4,94002
expert.w1,1140,0,4,143116
expert.w3,1140,0,4,142064
act_fn,1140,0,4,10658
expert.w2,1140,0,4,142703
final_layernorm,1140,0,4,31809
lm_head,1140,0,4,1178296
embedding,1141,0,4,47229
input_layernorm,1141,0,4,33539
q_proj,1141,0,4,147805
k_proj,1141,0,4,40552
v_proj,1141,0,4,40321
rope,1141,0,4,64716
o_proj,1141,0,4,138798
post_layernorm,1141,0,4,31821
gate,1141,0,4,94247
expert.w1,1141,0,4,143131
expert.w3,1141,0,4,142108
act_fn,1141,0,4,10576
expert.w2,1141,0,4,142723
final_layernorm,1141,0,4,31827
lm_head,1141,0,4,1178758
embedding,1142,0,4,47093
input_layernorm,1142,0,4,33664
q_proj,1142,0,4,147731
k_proj,1142,0,4,40535
v_proj,1142,0,4,40298
rope,1142,0,4,64838
o_proj,1142,0,4,138681
post_layernorm,1142,0,4,32110
gate,1142,0,4,94210
expert.w1,1142,0,4,143047
expert.w3,1142,0,4,142039
act_fn,1142,0,4,10611
expert.w2,1142,0,4,142593
final_layernorm,1142,0,4,31872
lm_head,1142,0,4,1178038
embedding,1143,0,4,46937
input_layernorm,1143,0,4,33484
q_proj,1143,0,4,146767
k_proj,1143,0,4,40261
v_proj,1143,0,4,40032
rope,1143,0,4,64642
o_proj,1143,0,4,137924
post_layernorm,1143,0,4,32152
gate,1143,0,4,93963
expert.w1,1143,0,4,142134
expert.w3,1143,0,4,141058
act_fn,1143,0,4,10602
expert.w2,1143,0,4,141674
final_layernorm,1143,0,4,31672
lm_head,1143,0,4,1170456
embedding,1144,0,4,47609
input_layernorm,1144,0,4,33569
q_proj,1144,0,4,148309
k_proj,1144,0,4,40692
v_proj,1144,0,4,40456
rope,1144,0,4,65460
o_proj,1144,0,4,139184
post_layernorm,1144,0,4,32301
gate,1144,0,4,94364
expert.w1,1144,0,4,143682
expert.w3,1144,0,4,142555
act_fn,1144,0,4,10730
expert.w2,1144,0,4,143335
final_layernorm,1144,0,4,31926
lm_head,1144,0,4,1182483
embedding,1145,0,4,47519
input_layernorm,1145,0,4,33698
q_proj,1145,0,4,148052
k_proj,1145,0,4,40620
v_proj,1145,0,4,40383
rope,1145,0,4,64982
o_proj,1145,0,4,138976
post_layernorm,1145,0,4,32274
gate,1145,0,4,95008
expert.w1,1145,0,4,143400
expert.w3,1145,0,4,142323
act_fn,1145,0,4,10685
expert.w2,1145,0,4,142918
final_layernorm,1145,0,4,31944
lm_head,1145,0,4,1180613
embedding,1146,0,4,47649
input_layernorm,1146,0,4,33536
q_proj,1146,0,4,147771
k_proj,1146,0,4,40544
v_proj,1146,0,4,40300
rope,1146,0,4,65087
o_proj,1146,0,4,138730
post_layernorm,1146,0,4,32266
gate,1146,0,4,94697
expert.w1,1146,0,4,143118
expert.w3,1146,0,4,142084
act_fn,1146,0,4,10598
expert.w2,1146,0,4,142959
final_layernorm,1146,0,4,32236
lm_head,1146,0,4,1178371
embedding,1147,0,4,47465
input_layernorm,1147,0,4,33606
q_proj,1147,0,4,147066
k_proj,1147,0,4,40336
v_proj,1147,0,4,40106
rope,1147,0,4,64814
o_proj,1147,0,4,138084
post_layernorm,1147,0,4,32296
gate,1147,0,4,94529
expert.w1,1147,0,4,142434
expert.w3,1147,0,4,141308
act_fn,1147,0,4,10577
expert.w2,1147,0,4,142053
final_layernorm,1147,0,4,32155
lm_head,1147,0,4,1172386
embedding,1148,0,4,47976
input_layernorm,1148,0,4,33756
q_proj,1148,0,4,148156
k_proj,1148,0,4,40654
v_proj,1148,0,4,40414
rope,1148,0,4,65516
o_proj,1148,0,4,139083
post_layernorm,1148,0,4,32242
gate,1148,0,4,94816
expert.w1,1148,0,4,143495
expert.w3,1148,0,4,142408
act_fn,1148,0,4,10693
expert.w2,1148,0,4,143163
final_layernorm,1148,0,4,32362
lm_head,1148,0,4,1181749
embedding,1149,0,4,47807
input_layernorm,1149,0,4,33730
q_proj,1149,0,4,147986
k_proj,1149,0,4,40602
v_proj,1149,0,4,40363
rope,1149,0,4,65226
o_proj,1149,0,4,138922
post_layernorm,1149,0,4,32371
gate,1149,0,4,94800
expert.w1,1149,0,4,143359
expert.w3,1149,0,4,142299
act_fn,1149,0,4,10665
expert.w2,1149,0,4,142998
final_layernorm,1149,0,4,32233
lm_head,1149,0,4,1180330
embedding,1150,0,4,47853
input_layernorm,1150,0,4,33577
q_proj,1150,0,4,147793
k_proj,1150,0,4,40548
v_proj,1150,0,4,40306
rope,1150,0,4,65416
o_proj,1150,0,4,138754
post_layernorm,1150,0,4,32240
gate,1150,0,4,94634
expert.w1,1150,0,4,143136
expert.w3,1150,0,4,142054
act_fn,1150,0,4,10641
expert.w2,1150,0,4,142788
final_layernorm,1150,0,4,32003
lm_head,1150,0,4,1178378
embedding,1151,0,4,47455
input_layernorm,1151,0,4,33769
q_proj,1151,0,4,146948
k_proj,1151,0,4,40330
v_proj,1151,0,4,40112
rope,1151,0,4,65047
o_proj,1151,0,4,138179
post_layernorm,1151,0,4,32453
gate,1151,0,4,94552
expert.w1,1151,0,4,142378
expert.w3,1151,0,4,141226
act_fn,1151,0,4,10654
expert.w2,1151,0,4,142112
final_layernorm,1151,0,4,32177
lm_head,1151,0,4,1171856
embedding,1152,0,4,47967
input_layernorm,1152,0,4,33897
q_proj,1152,0,4,148308
k_proj,1152,0,4,40696
v_proj,1152,0,4,40465
rope,1152,0,4,65535
o_proj,1152,0,4,139189
post_layernorm,1152,0,4,32412
gate,1152,0,4,91598
expert.w1,1152,0,4,143703
expert.w3,1152,0,4,142607
act_fn,1152,0,4,10813
expert.w2,1152,0,4,143428
final_layernorm,1152,0,4,32245
lm_head,1152,0,4,1182922
embedding,1153,0,4,48044
input_layernorm,1153,0,4,34046
q_proj,1153,0,4,167994
k_proj,1153,0,4,40883
v_proj,1153,0,4,40658
rope,1153,0,4,65386
o_proj,1153,0,4,165965
post_layernorm,1153,0,4,32491
gate,1153,0,4,92032
expert.w1,1153,0,4,144134
expert.w3,1153,0,4,143182
act_fn,1153,0,4,10847
expert.w2,1153,0,4,163942
final_layernorm,1153,0,4,32259
lm_head,1153,0,4,1186881
embedding,1154,0,4,48157
input_layernorm,1154,0,4,33737
q_proj,1154,0,4,167996
k_proj,1154,0,4,40885
v_proj,1154,0,4,40653
rope,1154,0,4,65497
o_proj,1154,0,4,165988
post_layernorm,1154,0,4,32356
gate,1154,0,4,92276
expert.w1,1154,0,4,144197
expert.w3,1154,0,4,143185
act_fn,1154,0,4,10910
expert.w2,1154,0,4,164171
final_layernorm,1154,0,4,32333
lm_head,1154,0,4,1187333
embedding,1155,0,4,47943
input_layernorm,1155,0,4,33825
q_proj,1155,0,4,167338
k_proj,1155,0,4,40709
v_proj,1155,0,4,40472
rope,1155,0,4,65433
o_proj,1155,0,4,165279
post_layernorm,1155,0,4,32491
gate,1155,0,4,92016
expert.w1,1155,0,4,143533
expert.w3,1155,0,4,142568
act_fn,1155,0,4,10836
expert.w2,1155,0,4,163432
final_layernorm,1155,0,4,32356
lm_head,1155,0,4,1181747
embedding,1156,0,4,47994
input_layernorm,1156,0,4,34118
q_proj,1156,0,4,167770
k_proj,1156,0,4,40819
v_proj,1156,0,4,40578
rope,1156,0,4,65855
o_proj,1156,0,4,165680
post_layernorm,1156,0,4,32579
gate,1156,0,4,92127
expert.w1,1156,0,4,143902
expert.w3,1156,0,4,142932
act_fn,1156,0,4,10867
expert.w2,1156,0,4,163891
final_layernorm,1156,0,4,32357
lm_head,1156,0,4,1185046
embedding,1157,0,4,48114
input_layernorm,1157,0,4,34014
q_proj,1157,0,4,168056
k_proj,1157,0,4,40899
v_proj,1157,0,4,40660
rope,1157,0,4,65642
o_proj,1157,0,4,166040
post_layernorm,1157,0,4,32704
gate,1157,0,4,92584
expert.w1,1157,0,4,144258
expert.w3,1157,0,4,143235
act_fn,1157,0,4,10841
expert.w2,1157,0,4,164217
final_layernorm,1157,0,4,32413
lm_head,1157,0,4,1187684
embedding,1158,0,4,48185
input_layernorm,1158,0,4,33933
q_proj,1158,0,4,168037
k_proj,1158,0,4,40888
v_proj,1158,0,4,40653
rope,1158,0,4,65792
o_proj,1158,0,4,165989
post_layernorm,1158,0,4,32614
gate,1158,0,4,92198
expert.w1,1158,0,4,144219
expert.w3,1158,0,4,143200
act_fn,1158,0,4,10890
expert.w2,1158,0,4,164064
final_layernorm,1158,0,4,32757
lm_head,1158,0,4,1187693
embedding,1159,0,4,48047
input_layernorm,1159,0,4,33956
q_proj,1159,0,4,167015
k_proj,1159,0,4,40618
v_proj,1159,0,4,40392
rope,1159,0,4,65549
o_proj,1159,0,4,164936
post_layernorm,1159,0,4,32600
gate,1159,0,4,92024
expert.w1,1159,0,4,143199
expert.w3,1159,0,4,142293
act_fn,1159,0,4,10869
expert.w2,1159,0,4,163305
final_layernorm,1159,0,4,32501
lm_head,1159,0,4,1179478
embedding,1160,0,4,48096
input_layernorm,1160,0,4,34365
q_proj,1160,0,4,167982
k_proj,1160,0,4,40895
v_proj,1160,0,4,40654
rope,1160,0,4,66126
o_proj,1160,0,4,165959
post_layernorm,1160,0,4,32710
gate,1160,0,4,92503
expert.w1,1160,0,4,144139
expert.w3,1160,0,4,143205
act_fn,1160,0,4,10876
expert.w2,1160,0,4,164380
final_layernorm,1160,0,4,32735
lm_head,1160,0,4,1187503
embedding,1161,0,4,48362
input_layernorm,1161,0,4,34051
q_proj,1161,0,4,168282
k_proj,1161,0,4,40968
v_proj,1161,0,4,40727
rope,1161,0,4,65888
o_proj,1161,0,4,166286
post_layernorm,1161,0,4,32624
gate,1161,0,4,93246
expert.w1,1161,0,4,144396
expert.w3,1161,0,4,143461
act_fn,1161,0,4,10931
expert.w2,1161,0,4,164277
final_layernorm,1161,0,4,32481
lm_head,1161,0,4,1189400
embedding,1162,0,4,48111
input_layernorm,1162,0,4,34149
q_proj,1162,0,4,168053
k_proj,1162,0,4,40910
v_proj,1162,0,4,40670
rope,1162,0,4,65925
o_proj,1162,0,4,166059
post_layernorm,1162,0,4,32754
gate,1162,0,4,92737
expert.w1,1162,0,4,144212
expert.w3,1162,0,4,143252
act_fn,1162,0,4,10881
expert.w2,1162,0,4,164185
final_layernorm,1162,0,4,32494
lm_head,1162,0,4,1187783
embedding,1163,0,4,47663
input_layernorm,1163,0,4,33985
q_proj,1163,0,4,166607
k_proj,1163,0,4,40450
v_proj,1163,0,4,40238
rope,1163,0,4,65522
o_proj,1163,0,4,164497
post_layernorm,1163,0,4,32579
gate,1163,0,4,92052
expert.w1,1163,0,4,142664
expert.w3,1163,0,4,141738
act_fn,1163,0,4,10862
expert.w2,1163,0,4,162312
final_layernorm,1163,0,4,32453
lm_head,1163,0,4,1175257
embedding,1164,0,4,48676
input_layernorm,1164,0,4,34332
q_proj,1164,0,4,168287
k_proj,1164,0,4,40959
v_proj,1164,0,4,40719
rope,1164,0,4,66480
o_proj,1164,0,4,166321
post_layernorm,1164,0,4,32671
gate,1164,0,4,92965
expert.w1,1164,0,4,144411
expert.w3,1164,0,4,143489
act_fn,1164,0,4,10753
expert.w2,1164,0,4,164170
final_layernorm,1164,0,4,32703
lm_head,1164,0,4,1189435
embedding,1165,0,4,48541
input_layernorm,1165,0,4,34131
q_proj,1165,0,4,168032
k_proj,1165,0,4,40886
v_proj,1165,0,4,40642
rope,1165,0,4,66010
o_proj,1165,0,4,166016
post_layernorm,1165,0,4,32719
gate,1165,0,4,93084
expert.w1,1165,0,4,144192
expert.w3,1165,0,4,143233
act_fn,1165,0,4,10738
expert.w2,1165,0,4,164163
final_layernorm,1165,0,4,32660
lm_head,1165,0,4,1187677
embedding,1166,0,4,48258
input_layernorm,1166,0,4,34098
q_proj,1166,0,4,166871
k_proj,1166,0,4,40554
v_proj,1166,0,4,40331
rope,1166,0,4,65791
o_proj,1166,0,4,164754
post_layernorm,1166,0,4,32694
gate,1166,0,4,92110
expert.w1,1166,0,4,143082
expert.w3,1166,0,4,142144
act_fn,1166,0,4,10678
expert.w2,1166,0,4,162837
final_layernorm,1166,0,4,32604
lm_head,1166,0,4,1178338
embedding,1167,0,4,48127
input_layernorm,1167,0,4,33858
q_proj,1167,0,4,165603
k_proj,1167,0,4,40095
v_proj,1167,0,4,39929
rope,1167,0,4,65421
o_proj,1167,0,4,163473
post_layernorm,1167,0,4,32784
gate,1167,0,4,91392
expert.w1,1167,0,4,141548
expert.w3,1167,0,4,140606
act_fn,1167,0,4,10611
expert.w2,1167,0,4,160837
final_layernorm,1167,0,4,32655
lm_head,1167,0,4,1165377
embedding,1168,0,4,48096
input_layernorm,1168,0,4,34294
q_proj,1168,0,4,166058
k_proj,1168,0,4,40244
v_proj,1168,0,4,40060
rope,1168,0,4,65792
o_proj,1168,0,4,163977
post_layernorm,1168,0,4,32948
gate,1168,0,4,91735
expert.w1,1168,0,4,141984
expert.w3,1168,0,4,141117
act_fn,1168,0,4,10658
expert.w2,1168,0,4,161357
final_layernorm,1168,0,4,32715
lm_head,1168,0,4,1169988
embedding,1169,0,4,48721
input_layernorm,1169,0,4,34186
q_proj,1169,0,4,167987
k_proj,1169,0,4,40885
v_proj,1169,0,4,40639
rope,1169,0,4,66236
o_proj,1169,0,4,165988
post_layernorm,1169,0,4,33071
gate,1169,0,4,93157
expert.w1,1169,0,4,144146
expert.w3,1169,0,4,143197
act_fn,1169,0,4,10823
expert.w2,1169,0,4,163877
final_layernorm,1169,0,4,33061
lm_head,1169,0,4,1187255
embedding,1170,0,4,48784
input_layernorm,1170,0,4,34470
q_proj,1170,0,4,168037
k_proj,1170,0,4,40895
v_proj,1170,0,4,40646
rope,1170,0,4,66351
o_proj,1170,0,4,166018
post_layernorm,1170,0,4,32929
gate,1170,0,4,93280
expert.w1,1170,0,4,144155
expert.w3,1170,0,4,143206
act_fn,1170,0,4,10884
expert.w2,1170,0,4,163975
final_layernorm,1170,0,4,32944
lm_head,1170,0,4,1187573
embedding,1171,0,4,48772
input_layernorm,1171,0,4,34170
q_proj,1171,0,4,168099
k_proj,1171,0,4,40917
v_proj,1171,0,4,40677
rope,1171,0,4,66366
o_proj,1171,0,4,166123
post_layernorm,1171,0,4,33046
gate,1171,0,4,93606
expert.w1,1171,0,4,144212
expert.w3,1171,0,4,143266
act_fn,1171,0,4,10875
expert.w2,1171,0,4,163886
final_layernorm,1171,0,4,33027
lm_head,1171,0,4,1188113
embedding,1172,0,4,48489
input_layernorm,1172,0,4,34336
q_proj,1172,0,4,166492
k_proj,1172,0,4,40388
v_proj,1172,0,4,40207
rope,1172,0,4,66276
o_proj,1172,0,4,164488
post_layernorm,1172,0,4,33068
gate,1172,0,4,92202
expert.w1,1172,0,4,142566
expert.w3,1172,0,4,141610
act_fn,1172,0,4,10780
expert.w2,1172,0,4,162010
final_layernorm,1172,0,4,32808
lm_head,1172,0,4,1173770
embedding,1173,0,4,48813
input_layernorm,1173,0,4,34414
q_proj,1173,0,4,168027
k_proj,1173,0,4,40902
v_proj,1173,0,4,40634
rope,1173,0,4,66434
o_proj,1173,0,4,166022
post_layernorm,1173,0,4,33001
gate,1173,0,4,93382
expert.w1,1173,0,4,144154
expert.w3,1173,0,4,143197
act_fn,1173,0,4,10801
expert.w2,1173,0,4,164008
final_layernorm,1173,0,4,32883
lm_head,1173,0,4,1187593
embedding,1174,0,4,48855
input_layernorm,1174,0,4,34374
q_proj,1174,0,4,167950
k_proj,1174,0,4,40877
v_proj,1174,0,4,40637
rope,1174,0,4,66571
o_proj,1174,0,4,165992
post_layernorm,1174,0,4,32953
gate,1174,0,4,93288
expert.w1,1174,0,4,144165
expert.w3,1174,0,4,143200
act_fn,1174,0,4,10836
expert.w2,1174,0,4,164148
final_layernorm,1174,0,4,32818
lm_head,1174,0,4,1187397
embedding,1175,0,4,48925
input_layernorm,1175,0,4,34219
q_proj,1175,0,4,168034
k_proj,1175,0,4,40884
v_proj,1175,0,4,40637
rope,1175,0,4,66522
o_proj,1175,0,4,166040
post_layernorm,1175,0,4,32988
gate,1175,0,4,93385
expert.w1,1175,0,4,144173
expert.w3,1175,0,4,143225
act_fn,1175,0,4,10831
expert.w2,1175,0,4,163975
final_layernorm,1175,0,4,32900
lm_head,1175,0,4,1187583
embedding,1176,0,4,48176
input_layernorm,1176,0,4,34097
q_proj,1176,0,4,165479
k_proj,1176,0,4,40032
v_proj,1176,0,4,39873
rope,1176,0,4,65893
o_proj,1176,0,4,163377
post_layernorm,1176,0,4,32868
gate,1176,0,4,91608
expert.w1,1176,0,4,141314
expert.w3,1176,0,4,140527
act_fn,1176,0,4,10814
expert.w2,1176,0,4,161036
final_layernorm,1176,0,4,32721
lm_head,1176,0,4,1164249
embedding,1177,0,4,50934
input_layernorm,1177,0,4,34765
q_proj,1177,0,4,176920
k_proj,1177,0,4,42983
v_proj,1177,0,4,42710
rope,1177,0,4,68679
o_proj,1177,0,4,174848
post_layernorm,1177,0,4,33341
gate,1177,0,4,98049
expert.w1,1177,0,4,151579
expert.w3,1177,0,4,150557
act_fn,1177,0,4,11138
expert.w2,1177,0,4,172886
final_layernorm,1177,0,4,33307
lm_head,1177,0,4,1250125
embedding,1178,0,4,48014
input_layernorm,1178,0,4,34254
q_proj,1178,0,4,165299
k_proj,1178,0,4,39938
v_proj,1178,0,4,39787
rope,1178,0,4,65351
o_proj,1178,0,4,163341
post_layernorm,1178,0,4,32871
gate,1178,0,4,92119
expert.w1,1178,0,4,141002
expert.w3,1178,0,4,140164
act_fn,1178,0,4,10942
expert.w2,1178,0,4,160298
final_layernorm,1178,0,4,32855
lm_head,1178,0,4,1161674
embedding,1179,0,4,53274
input_layernorm,1179,0,4,35168
q_proj,1179,0,4,187158
k_proj,1179,0,4,45556
v_proj,1179,0,4,45260
rope,1179,0,4,71447
o_proj,1179,0,4,185088
post_layernorm,1179,0,4,33922
gate,1179,0,4,103370
expert.w1,1179,0,4,160087
expert.w3,1179,0,4,159092
act_fn,1179,0,4,11531
expert.w2,1179,0,4,182229
final_layernorm,1179,0,4,33852
lm_head,1179,0,4,1319661
embedding,1180,0,4,52818
input_layernorm,1180,0,4,35081
q_proj,1180,0,4,185008
k_proj,1180,0,4,45027
v_proj,1180,0,4,44736
rope,1180,0,4,71271
o_proj,1180,0,4,182921
post_layernorm,1180,0,4,33972
gate,1180,0,4,102243
expert.w1,1180,0,4,159317
expert.w3,1180,0,4,158293
act_fn,1180,0,4,11522
expert.w2,1180,0,4,181663
final_layernorm,1180,0,4,33749
lm_head,1180,0,4,1312988
embedding,1181,0,4,49054
input_layernorm,1181,0,4,34342
q_proj,1181,0,4,168095
k_proj,1181,0,4,40907
v_proj,1181,0,4,40655
rope,1181,0,4,66737
o_proj,1181,0,4,166169
post_layernorm,1181,0,4,33375
gate,1181,0,4,94125
expert.w1,1181,0,4,144189
expert.w3,1181,0,4,143244
act_fn,1181,0,4,11028
expert.w2,1181,0,4,164585
final_layernorm,1181,0,4,33267
lm_head,1181,0,4,1188021
embedding,1182,0,4,48848
input_layernorm,1182,0,4,34553
q_proj,1182,0,4,167221
k_proj,1182,0,4,40655
v_proj,1182,0,4,40412
rope,1182,0,4,66608
o_proj,1182,0,4,165207
post_layernorm,1182,0,4,33275
gate,1182,0,4,93552
expert.w1,1182,0,4,143367
expert.w3,1182,0,4,142424
act_fn,1182,0,4,11023
expert.w2,1182,0,4,163618
final_layernorm,1182,0,4,33145
lm_head,1182,0,4,1180934
embedding,1183,0,4,48934
input_layernorm,1183,0,4,34769
q_proj,1183,0,4,167296
k_proj,1183,0,4,40662
v_proj,1183,0,4,40427
rope,1183,0,4,66646
o_proj,1183,0,4,165318
post_layernorm,1183,0,4,33277
gate,1183,0,4,93800
expert.w1,1183,0,4,143353
expert.w3,1183,0,4,142443
act_fn,1183,0,4,11000
expert.w2,1183,0,4,163190
final_layernorm,1183,0,4,33190
lm_head,1183,0,4,1180555
embedding,1184,0,4,49145
input_layernorm,1184,0,4,34385
q_proj,1184,0,4,168030
k_proj,1184,0,4,40890
v_proj,1184,0,4,40628
rope,1184,0,4,67157
o_proj,1184,0,4,166056
post_layernorm,1184,0,4,33426
gate,1184,0,4,93695
expert.w1,1184,0,4,144161
expert.w3,1184,0,4,143152
act_fn,1184,0,4,11036
expert.w2,1184,0,4,164224
final_layernorm,1184,0,4,33158
lm_head,1184,0,4,1187594
embedding,1185,0,4,49356
input_layernorm,1185,0,4,34489
q_proj,1185,0,4,168161
k_proj,1185,0,4,40927
v_proj,1185,0,4,40661
rope,1185,0,4,67005
o_proj,1185,0,4,166212
post_layernorm,1185,0,4,33373
gate,1185,0,4,94601
expert.w1,1185,0,4,144341
expert.w3,1185,0,4,143339
act_fn,1185,0,4,11069
expert.w2,1185,0,4,164742
final_layernorm,1185,0,4,33178
lm_head,1185,0,4,1188771
embedding,1186,0,4,49254
input_layernorm,1186,0,4,34737
q_proj,1186,0,4,168104
k_proj,1186,0,4,40910
v_proj,1186,0,4,40650
rope,1186,0,4,66920
o_proj,1186,0,4,166167
post_layernorm,1186,0,4,33349
gate,1186,0,4,94274
expert.w1,1186,0,4,144305
expert.w3,1186,0,4,143262
act_fn,1186,0,4,11078
expert.w2,1186,0,4,164556
final_layernorm,1186,0,4,33282
lm_head,1186,0,4,1188019
embedding,1187,0,4,49331
input_layernorm,1187,0,4,34484
q_proj,1187,0,4,167559
k_proj,1187,0,4,40746
v_proj,1187,0,4,40495
rope,1187,0,4,67027
o_proj,1187,0,4,165571
post_layernorm,1187,0,4,33267
gate,1187,0,4,93960
expert.w1,1187,0,4,143619
expert.w3,1187,0,4,142602
act_fn,1187,0,4,11032
expert.w2,1187,0,4,163470
final_layernorm,1187,0,4,33192
lm_head,1187,0,4,1182623
embedding,1188,0,4,49613
input_layernorm,1188,0,4,34655
q_proj,1188,0,4,168336
k_proj,1188,0,4,40982
v_proj,1188,0,4,40712
rope,1188,0,4,67591
o_proj,1188,0,4,166441
post_layernorm,1188,0,4,33325
gate,1188,0,4,94361
expert.w1,1188,0,4,144514
expert.w3,1188,0,4,143516
act_fn,1188,0,4,11091
expert.w2,1188,0,4,164584
final_layernorm,1188,0,4,33164
lm_head,1188,0,4,1189739
embedding,1189,0,4,49759
input_layernorm,1189,0,4,34460
q_proj,1189,0,4,168052
k_proj,1189,0,4,40881
v_proj,1189,0,4,40619
rope,1189,0,4,67112
o_proj,1189,0,4,166083
post_layernorm,1189,0,4,33409
gate,1189,0,4,94640
expert.w1,1189,0,4,144194
expert.w3,1189,0,4,143198
act_fn,1189,0,4,11016
expert.w2,1189,0,4,164153
final_layernorm,1189,0,4,33303
lm_head,1189,0,4,1187581
embedding,1190,0,4,49252
input_layernorm,1190,0,4,34850
q_proj,1190,0,4,166500
k_proj,1190,0,4,40413
v_proj,1190,0,4,40195
rope,1190,0,4,66837
o_proj,1190,0,4,164458
post_layernorm,1190,0,4,33469
gate,1190,0,4,93349
expert.w1,1190,0,4,142612
expert.w3,1190,0,4,141650
act_fn,1190,0,4,11111
expert.w2,1190,0,4,162412
final_layernorm,1190,0,4,33296
lm_head,1190,0,4,1174532
embedding,1191,0,4,49825
input_layernorm,1191,0,4,34755
q_proj,1191,0,4,167927
k_proj,1191,0,4,40839
v_proj,1191,0,4,40589
rope,1191,0,4,67230
o_proj,1191,0,4,165949
post_layernorm,1191,0,4,33603
gate,1191,0,4,94261
expert.w1,1191,0,4,144068
expert.w3,1191,0,4,143064
act_fn,1191,0,4,11187
expert.w2,1191,0,4,163938
final_layernorm,1191,0,4,33549
lm_head,1191,0,4,1186070
embedding,1192,0,4,49536
input_layernorm,1192,0,4,34633
q_proj,1192,0,4,168222
k_proj,1192,0,4,40942
v_proj,1192,0,4,40675
rope,1192,0,4,67722
o_proj,1192,0,4,166272
post_layernorm,1192,0,4,33676
gate,1192,0,4,94622
expert.w1,1192,0,4,144344
expert.w3,1192,0,4,143364
act_fn,1192,0,4,11142
expert.w2,1192,0,4,164685
final_layernorm,1192,0,4,33485
lm_head,1192,0,4,1188976
embedding,1193,0,4,49429
input_layernorm,1193,0,4,34863
q_proj,1193,0,4,167273
k_proj,1193,0,4,40629
v_proj,1193,0,4,40396
rope,1193,0,4,67074
o_proj,1193,0,4,165299
post_layernorm,1193,0,4,33709
gate,1193,0,4,94586
expert.w1,1193,0,4,143382
expert.w3,1193,0,4,142423
act_fn,1193,0,4,11151
expert.w2,1193,0,4,163542
final_layernorm,1193,0,4,33407
lm_head,1193,0,4,1180990
embedding,1194,0,4,49504
input_layernorm,1194,0,4,34806
q_proj,1194,0,4,168097
k_proj,1194,0,4,40888
v_proj,1194,0,4,40643
rope,1194,0,4,67449
o_proj,1194,0,4,166162
post_layernorm,1194,0,4,33687
gate,1194,0,4,94642
expert.w1,1194,0,4,144235
expert.w3,1194,0,4,143218
act_fn,1194,0,4,11133
expert.w2,1194,0,4,164252
final_layernorm,1194,0,4,33702
lm_head,1194,0,4,1187893
embedding,1195,0,4,49542
input_layernorm,1195,0,4,34611
q_proj,1195,0,4,167105
k_proj,1195,0,4,40577
v_proj,1195,0,4,40346
rope,1195,0,4,67136
o_proj,1195,0,4,165043
post_layernorm,1195,0,4,33685
gate,1195,0,4,94422
expert.w1,1195,0,4,143130
expert.w3,1195,0,4,142190
act_fn,1195,0,4,11125
expert.w2,1195,0,4,163479
final_layernorm,1195,0,4,33479
lm_head,1195,0,4,1178989
embedding,1196,0,4,53918
input_layernorm,1196,0,4,35451
q_proj,1196,0,4,186516
k_proj,1196,0,4,45404
v_proj,1196,0,4,45109
rope,1196,0,4,72448
o_proj,1196,0,4,184706
post_layernorm,1196,0,4,34605
gate,1196,0,4,104030
expert.w1,1196,0,4,160144
expert.w3,1196,0,4,159077
act_fn,1196,0,4,11616
expert.w2,1196,0,4,182394
final_layernorm,1196,0,4,34155
lm_head,1196,0,4,1320405
embedding,1197,0,4,49891
input_layernorm,1197,0,4,34850
q_proj,1197,0,4,168184
k_proj,1197,0,4,40915
v_proj,1197,0,4,40672
rope,1197,0,4,67587
o_proj,1197,0,4,166257
post_layernorm,1197,0,4,33651
gate,1197,0,4,95175
expert.w1,1197,0,4,144238
expert.w3,1197,0,4,143250
act_fn,1197,0,4,11232
expert.w2,1197,0,4,164260
final_layernorm,1197,0,4,33502
lm_head,1197,0,4,1188419
embedding,1198,0,4,49737
input_layernorm,1198,0,4,35017
q_proj,1198,0,4,168166
k_proj,1198,0,4,40915
v_proj,1198,0,4,40653
rope,1198,0,4,67635
o_proj,1198,0,4,166291
post_layernorm,1198,0,4,33758
gate,1198,0,4,94838
expert.w1,1198,0,4,144379
expert.w3,1198,0,4,143379
act_fn,1198,0,4,11275
expert.w2,1198,0,4,164490
final_layernorm,1198,0,4,33654
lm_head,1198,0,4,1188902
embedding,1199,0,4,49839
input_layernorm,1199,0,4,34793
q_proj,1199,0,4,168104
k_proj,1199,0,4,40886
v_proj,1199,0,4,40644
rope,1199,0,4,67602
o_proj,1199,0,4,166152
post_layernorm,1199,0,4,33722
gate,1199,0,4,95047
expert.w1,1199,0,4,144229
expert.w3,1199,0,4,143208
act_fn,1199,0,4,11155
expert.w2,1199,0,4,164490
final_layernorm,1199,0,4,33490
lm_head,1199,0,4,1187843
embedding,1200,0,4,49641
input_layernorm,1200,0,4,34913
q_proj,1200,0,4,168180
k_proj,1200,0,4,40932
v_proj,1200,0,4,40653
rope,1200,0,4,67996
o_proj,1200,0,4,166307
post_layernorm,1200,0,4,33627
gate,1200,0,4,95297
expert.w1,1200,0,4,144327
expert.w3,1200,0,4,143304
act_fn,1200,0,4,11293
expert.w2,1200,0,4,164460
final_layernorm,1200,0,4,33468
lm_head,1200,0,4,1188549
embedding,1201,0,4,49823
input_layernorm,1201,0,4,34747
q_proj,1201,0,4,167912
k_proj,1201,0,4,40829
v_proj,1201,0,4,40591
rope,1201,0,4,67634
o_proj,1201,0,4,165950
post_layernorm,1201,0,4,33733
gate,1201,0,4,95630
expert.w1,1201,0,4,144065
expert.w3,1201,0,4,143032
act_fn,1201,0,4,11308
expert.w2,1201,0,4,163864
final_layernorm,1201,0,4,33533
lm_head,1201,0,4,1186576
embedding,1202,0,4,49639
input_layernorm,1202,0,4,34972
q_proj,1202,0,4,168058
k_proj,1202,0,4,40870
v_proj,1202,0,4,40623
rope,1202,0,4,67727
o_proj,1202,0,4,166174
post_layernorm,1202,0,4,33832
gate,1202,0,4,94404
expert.w1,1202,0,4,144173
expert.w3,1202,0,4,143155
act_fn,1202,0,4,11296
expert.w2,1202,0,4,164139
final_layernorm,1202,0,4,33594
lm_head,1202,0,4,1187138
embedding,1203,0,4,49528
input_layernorm,1203,0,4,35051
q_proj,1203,0,4,166804
k_proj,1203,0,4,40450
v_proj,1203,0,4,40255
rope,1203,0,4,67453
o_proj,1203,0,4,164788
post_layernorm,1203,0,4,33796
gate,1203,0,4,94261
expert.w1,1203,0,4,142802
expert.w3,1203,0,4,141816
act_fn,1203,0,4,11298
expert.w2,1203,0,4,162698
final_layernorm,1203,0,4,33678
lm_head,1203,0,4,1175315
embedding,1204,0,4,49425
input_layernorm,1204,0,4,34764
q_proj,1204,0,4,167112
k_proj,1204,0,4,40584
v_proj,1204,0,4,40355
rope,1204,0,4,68050
o_proj,1204,0,4,165153
post_layernorm,1204,0,4,34033
gate,1204,0,4,93965
expert.w1,1204,0,4,143167
expert.w3,1204,0,4,142222
act_fn,1204,0,4,11268
expert.w2,1204,0,4,163453
final_layernorm,1204,0,4,33694
lm_head,1204,0,4,1179465
embedding,1205,0,4,50218
input_layernorm,1205,0,4,35127
q_proj,1205,0,4,168463
k_proj,1205,0,4,40998
v_proj,1205,0,4,40728
rope,1205,0,4,68057
o_proj,1205,0,4,166623
post_layernorm,1205,0,4,34027
gate,1205,0,4,94800
expert.w1,1205,0,4,144569
expert.w3,1205,0,4,143592
act_fn,1205,0,4,11259
expert.w2,1205,0,4,164757
final_layernorm,1205,0,4,33829
lm_head,1205,0,4,1190617
embedding,1206,0,4,50037
input_layernorm,1206,0,4,35138
q_proj,1206,0,4,168163
k_proj,1206,0,4,40900
v_proj,1206,0,4,40643
rope,1206,0,4,68029
o_proj,1206,0,4,166278
post_layernorm,1206,0,4,33959
gate,1206,0,4,94668
expert.w1,1206,0,4,144188
expert.w3,1206,0,4,143221
act_fn,1206,0,4,11298
expert.w2,1206,0,4,164264
final_layernorm,1206,0,4,33800
lm_head,1206,0,4,1187965
embedding,1207,0,4,50252
input_layernorm,1207,0,4,35175
q_proj,1207,0,4,168060
k_proj,1207,0,4,40889
v_proj,1207,0,4,40625
rope,1207,0,4,68094
o_proj,1207,0,4,166246
post_layernorm,1207,0,4,33937
gate,1207,0,4,95140
expert.w1,1207,0,4,144221
expert.w3,1207,0,4,143179
act_fn,1207,0,4,11271
expert.w2,1207,0,4,164688
final_layernorm,1207,0,4,33909
lm_head,1207,0,4,1187902
embedding,1208,0,4,50223
input_layernorm,1208,0,4,35114
q_proj,1208,0,4,168383
k_proj,1208,0,4,40974
v_proj,1208,0,4,40722
rope,1208,0,4,68517
o_proj,1208,0,4,166573
post_layernorm,1208,0,4,34070
gate,1208,0,4,94774
expert.w1,1208,0,4,144487
expert.w3,1208,0,4,143488
act_fn,1208,0,4,11356
expert.w2,1208,0,4,164818
final_layernorm,1208,0,4,33842
lm_head,1208,0,4,1190055
embedding,1209,0,4,50508
input_layernorm,1209,0,4,35174
q_proj,1209,0,4,168369
k_proj,1209,0,4,40965
v_proj,1209,0,4,40706
rope,1209,0,4,68204
o_proj,1209,0,4,166514
post_layernorm,1209,0,4,33973
gate,1209,0,4,95442
expert.w1,1209,0,4,144518
expert.w3,1209,0,4,143504
act_fn,1209,0,4,11256
expert.w2,1209,0,4,165083
final_layernorm,1209,0,4,33826
lm_head,1209,0,4,1190232
embedding,1210,0,4,49989
input_layernorm,1210,0,4,35239
q_proj,1210,0,4,166778
k_proj,1210,0,4,40446
v_proj,1210,0,4,40250
rope,1210,0,4,67972
o_proj,1210,0,4,164868
post_layernorm,1210,0,4,33974
gate,1210,0,4,94715
expert.w1,1210,0,4,142796
expert.w3,1210,0,4,141815
act_fn,1210,0,4,11232
expert.w2,1210,0,4,163082
final_layernorm,1210,0,4,33858
lm_head,1210,0,4,1175849
embedding,1211,0,4,50665
input_layernorm,1211,0,4,34990
q_proj,1211,0,4,168850
k_proj,1211,0,4,41075
v_proj,1211,0,4,40823
rope,1211,0,4,68499
o_proj,1211,0,4,167007
post_layernorm,1211,0,4,34072
gate,1211,0,4,95860
expert.w1,1211,0,4,144917
expert.w3,1211,0,4,143938
act_fn,1211,0,4,11372
expert.w2,1211,0,4,165357
final_layernorm,1211,0,4,33951
lm_head,1211,0,4,1193135
embedding,1212,0,4,50465
input_layernorm,1212,0,4,35288
q_proj,1212,0,4,168365
k_proj,1212,0,4,40956
v_proj,1212,0,4,40695
rope,1212,0,4,68732
o_proj,1212,0,4,166529
post_layernorm,1212,0,4,33983
gate,1212,0,4,95164
expert.w1,1212,0,4,144492
expert.w3,1212,0,4,143455
act_fn,1212,0,4,11325
expert.w2,1212,0,4,164824
final_layernorm,1212,0,4,33826
lm_head,1212,0,4,1189736
embedding,1213,0,4,50570
input_layernorm,1213,0,4,35205
q_proj,1213,0,4,168230
k_proj,1213,0,4,40916
v_proj,1213,0,4,40646
rope,1213,0,4,68316
o_proj,1213,0,4,166439
post_layernorm,1213,0,4,34011
gate,1213,0,4,95427
expert.w1,1213,0,4,144411
expert.w3,1213,0,4,143414
act_fn,1213,0,4,11306
expert.w2,1213,0,4,164579
final_layernorm,1213,0,4,33966
lm_head,1213,0,4,1189175
embedding,1214,0,4,50303
input_layernorm,1214,0,4,35214
q_proj,1214,0,4,167739
k_proj,1214,0,4,40755
v_proj,1214,0,4,40524
rope,1214,0,4,68313
o_proj,1214,0,4,165902
post_layernorm,1214,0,4,34136
gate,1214,0,4,95115
expert.w1,1214,0,4,143825
expert.w3,1214,0,4,142837
act_fn,1214,0,4,11330
expert.w2,1214,0,4,164145
final_layernorm,1214,0,4,34068
lm_head,1214,0,4,1184265
embedding,1215,0,4,50576
input_layernorm,1215,0,4,35165
q_proj,1215,0,4,168182
k_proj,1215,0,4,40891
v_proj,1215,0,4,40643
rope,1215,0,4,68440
o_proj,1215,0,4,166251
post_layernorm,1215,0,4,34254
gate,1215,0,4,95711
expert.w1,1215,0,4,144219
expert.w3,1215,0,4,143195
act_fn,1215,0,4,11346
expert.w2,1215,0,4,164548
final_layernorm,1215,0,4,34174
lm_head,1215,0,4,1188066
embedding,1216,0,4,50309
input_layernorm,1216,0,4,34945
q_proj,1216,0,4,168235
k_proj,1216,0,4,40919
v_proj,1216,0,4,40658
rope,1216,0,4,68882
o_proj,1216,0,4,166387
post_layernorm,1216,0,4,34355
gate,1216,0,4,91827
expert.w1,1216,0,4,144323
expert.w3,1216,0,4,143301
act_fn,1216,0,4,11248
expert.w2,1216,0,4,164852
final_layernorm,1216,0,4,34093
lm_head,1216,0,4,1188734
embedding,1217,0,4,50776
input_layernorm,1217,0,4,35245
q_proj,1217,0,4,168737
k_proj,1217,0,4,41042
v_proj,1217,0,4,40789
rope,1217,0,4,68613
o_proj,1217,0,4,166927
post_layernorm,1217,0,4,34346
gate,1217,0,4,92213
expert.w1,1217,0,4,144767
expert.w3,1217,0,4,143805
act_fn,1217,0,4,11354
expert.w2,1217,0,4,165320
final_layernorm,1217,0,4,34217
lm_head,1217,0,4,1191854
embedding,1218,0,4,50780
input_layernorm,1218,0,4,35113
q_proj,1218,0,4,168253
k_proj,1218,0,4,40916
v_proj,1218,0,4,40662
rope,1218,0,4,68655
o_proj,1218,0,4,166474
post_layernorm,1218,0,4,34354
gate,1218,0,4,91923
expert.w1,1218,0,4,144279
expert.w3,1218,0,4,143275
act_fn,1218,0,4,11298
expert.w2,1218,0,4,164987
final_layernorm,1218,0,4,34286
lm_head,1218,0,4,1188781
embedding,1219,0,4,50736
input_layernorm,1219,0,4,35143
q_proj,1219,0,4,168285
k_proj,1219,0,4,40913
v_proj,1219,0,4,40661
rope,1219,0,4,68697
o_proj,1219,0,4,166544
post_layernorm,1219,0,4,34377
gate,1219,0,4,92305
expert.w1,1219,0,4,144348
expert.w3,1219,0,4,143291
act_fn,1219,0,4,11387
expert.w2,1219,0,4,164884
final_layernorm,1219,0,4,34280
lm_head,1219,0,4,1188795
embedding,1220,0,4,50671
input_layernorm,1220,0,4,35234
q_proj,1220,0,4,168349
k_proj,1220,0,4,40918
v_proj,1220,0,4,40683
rope,1220,0,4,68783
o_proj,1220,0,4,166554
post_layernorm,1220,0,4,34479
gate,1220,0,4,92259
expert.w1,1220,0,4,144345
expert.w3,1220,0,4,143363
act_fn,1220,0,4,11395
expert.w2,1220,0,4,165087
final_layernorm,1220,0,4,34234
lm_head,1220,0,4,1188927
embedding,1221,0,4,50703
input_layernorm,1221,0,4,35431
q_proj,1221,0,4,168406
k_proj,1221,0,4,40950
v_proj,1221,0,4,40686
rope,1221,0,4,68526
o_proj,1221,0,4,166630
post_layernorm,1221,0,4,34394
gate,1221,0,4,92632
expert.w1,1221,0,4,144470
expert.w3,1221,0,4,143448
act_fn,1221,0,4,11326
expert.w2,1221,0,4,165375
final_layernorm,1221,0,4,34296
lm_head,1221,0,4,1189907
embedding,1222,0,4,50305
input_layernorm,1222,0,4,35100
q_proj,1222,0,4,167223
k_proj,1222,0,4,40579
v_proj,1222,0,4,40345
rope,1222,0,4,68203
o_proj,1222,0,4,165365
post_layernorm,1222,0,4,34467
gate,1222,0,4,91585
expert.w1,1222,0,4,143209
expert.w3,1222,0,4,142265
act_fn,1222,0,4,11290
expert.w2,1222,0,4,163481
final_layernorm,1222,0,4,34254
lm_head,1222,0,4,1179427
embedding,1223,0,4,50312
input_layernorm,1223,0,4,35308
q_proj,1223,0,4,167187
k_proj,1223,0,4,40561
v_proj,1223,0,4,40329
rope,1223,0,4,68154
o_proj,1223,0,4,165289
post_layernorm,1223,0,4,34247
gate,1223,0,4,91830
expert.w1,1223,0,4,143087
expert.w3,1223,0,4,142171
act_fn,1223,0,4,11349
expert.w2,1223,0,4,163769
final_layernorm,1223,0,4,34330
lm_head,1223,0,4,1178811
embedding,1224,0,4,50683
input_layernorm,1224,0,4,35229
q_proj,1224,0,4,168438
k_proj,1224,0,4,40950
v_proj,1224,0,4,40697
rope,1224,0,4,68866
o_proj,1224,0,4,166686
post_layernorm,1224,0,4,34385
gate,1224,0,4,92575
expert.w1,1224,0,4,144443
expert.w3,1224,0,4,143408
act_fn,1224,0,4,11339
expert.w2,1224,0,4,165410
final_layernorm,1224,0,4,34295
lm_head,1224,0,4,1189773
embedding,1225,0,4,50681
input_layernorm,1225,0,4,35398
q_proj,1225,0,4,167890
k_proj,1225,0,4,40770
v_proj,1225,0,4,40539
rope,1225,0,4,68564
o_proj,1225,0,4,166112
post_layernorm,1225,0,4,34470
gate,1225,0,4,92755
expert.w1,1225,0,4,143854
expert.w3,1225,0,4,142940
act_fn,1225,0,4,11311
expert.w2,1225,0,4,164909
final_layernorm,1225,0,4,34390
lm_head,1225,0,4,1184701
embedding,1226,0,4,51210
input_layernorm,1226,0,4,35402
q_proj,1226,0,4,168462
k_proj,1226,0,4,40971
v_proj,1226,0,4,40713
rope,1226,0,4,68953
o_proj,1226,0,4,166713
post_layernorm,1226,0,4,34600
gate,1226,0,4,93048
expert.w1,1226,0,4,144552
expert.w3,1226,0,4,143514
act_fn,1226,0,4,11295
expert.w2,1226,0,4,165480
final_layernorm,1226,0,4,34443
lm_head,1226,0,4,1190258
embedding,1227,0,4,51103
input_layernorm,1227,0,4,35407
q_proj,1227,0,4,168535
k_proj,1227,0,4,40993
v_proj,1227,0,4,40737
rope,1227,0,4,69035
o_proj,1227,0,4,166815
post_layernorm,1227,0,4,34542
gate,1227,0,4,93292
expert.w1,1227,0,4,144579
expert.w3,1227,0,4,143599
act_fn,1227,0,4,11254
expert.w2,1227,0,4,165346
final_layernorm,1227,0,4,34562
lm_head,1227,0,4,1190739
embedding,1228,0,4,51124
input_layernorm,1228,0,4,35399
q_proj,1228,0,4,168283
k_proj,1228,0,4,40915
v_proj,1228,0,4,40664
rope,1228,0,4,69315
o_proj,1228,0,4,166548
post_layernorm,1228,0,4,34626
gate,1228,0,4,92764
expert.w1,1228,0,4,144322
expert.w3,1228,0,4,143273
act_fn,1228,0,4,11294
expert.w2,1228,0,4,165208
final_layernorm,1228,0,4,34401
lm_head,1228,0,4,1188875
embedding,1229,0,4,50934
input_layernorm,1229,0,4,35366
q_proj,1229,0,4,167934
k_proj,1229,0,4,40779
v_proj,1229,0,4,40539
rope,1229,0,4,68896
o_proj,1229,0,4,166092
post_layernorm,1229,0,4,34758
gate,1229,0,4,92681
expert.w1,1229,0,4,143823
expert.w3,1229,0,4,142878
act_fn,1229,0,4,11340
expert.w2,1229,0,4,165231
final_layernorm,1229,0,4,34505
lm_head,1229,0,4,1184744
embedding,1230,0,4,51431
input_layernorm,1230,0,4,35467
q_proj,1230,0,4,168311
k_proj,1230,0,4,40918
v_proj,1230,0,4,40673
rope,1230,0,4,69227
o_proj,1230,0,4,166607
post_layernorm,1230,0,4,34774
gate,1230,0,4,92995
expert.w1,1230,0,4,144322
expert.w3,1230,0,4,143322
act_fn,1230,0,4,11374
expert.w2,1230,0,4,165405
final_layernorm,1230,0,4,34495
lm_head,1230,0,4,1188978
embedding,1231,0,4,51128
input_layernorm,1231,0,4,35496
q_proj,1231,0,4,168376
k_proj,1231,0,4,40944
v_proj,1231,0,4,40679
rope,1231,0,4,69294
o_proj,1231,0,4,166651
post_layernorm,1231,0,4,34656
gate,1231,0,4,93078
expert.w1,1231,0,4,144394
expert.w3,1231,0,4,143412
act_fn,1231,0,4,11337
expert.w2,1231,0,4,165127
final_layernorm,1231,0,4,34656
lm_head,1231,0,4,1189603
embedding,1232,0,4,51284
input_layernorm,1232,0,4,35431
q_proj,1232,0,4,168221
k_proj,1232,0,4,40896
v_proj,1232,0,4,40645
rope,1232,0,4,69586
o_proj,1232,0,4,166459
post_layernorm,1232,0,4,34665
gate,1232,0,4,92644
expert.w1,1232,0,4,144259
expert.w3,1232,0,4,143214
act_fn,1232,0,4,11365
expert.w2,1232,0,4,165143
final_layernorm,1232,0,4,34591
lm_head,1232,0,4,1188292
embedding,1233,0,4,51011
input_layernorm,1233,0,4,35384
q_proj,1233,0,4,167870
k_proj,1233,0,4,40761
v_proj,1233,0,4,40537
rope,1233,0,4,69120
o_proj,1233,0,4,166024
post_layernorm,1233,0,4,34750
gate,1233,0,4,93310
expert.w1,1233,0,4,143746
expert.w3,1233,0,4,142839
act_fn,1233,0,4,11502
expert.w2,1233,0,4,164570
final_layernorm,1233,0,4,34639
lm_head,1233,0,4,1184568
embedding,1234,0,4,51566
input_layernorm,1234,0,4,35581
q_proj,1234,0,4,168199
k_proj,1234,0,4,40872
v_proj,1234,0,4,40616
rope,1234,0,4,69302
o_proj,1234,0,4,166382
post_layernorm,1234,0,4,34761
gate,1234,0,4,92939
expert.w1,1234,0,4,144140
expert.w3,1234,0,4,143147
act_fn,1234,0,4,11472
expert.w2,1234,0,4,165255
final_layernorm,1234,0,4,34658
lm_head,1234,0,4,1187087
embedding,1235,0,4,51374
input_layernorm,1235,0,4,35541
q_proj,1235,0,4,168574
k_proj,1235,0,4,40997
v_proj,1235,0,4,40737
rope,1235,0,4,69456
o_proj,1235,0,4,166844
post_layernorm,1235,0,4,34718
gate,1235,0,4,93339
expert.w1,1235,0,4,144585
expert.w3,1235,0,4,143568
act_fn,1235,0,4,11513
expert.w2,1235,0,4,165606
final_layernorm,1235,0,4,34847
lm_head,1235,0,4,1190836
embedding,1236,0,4,51441
input_layernorm,1236,0,4,35515
q_proj,1236,0,4,168282
k_proj,1236,0,4,40934
v_proj,1236,0,4,40669
rope,1236,0,4,69767
o_proj,1236,0,4,166543
post_layernorm,1236,0,4,34766
gate,1236,0,4,93482
expert.w1,1236,0,4,144309
expert.w3,1236,0,4,143298
act_fn,1236,0,4,11470
expert.w2,1236,0,4,165448
final_layernorm,1236,0,4,34753
lm_head,1236,0,4,1188928
embedding,1237,0,4,50640
input_layernorm,1237,0,4,35370
q_proj,1237,0,4,166112
k_proj,1237,0,4,40163
v_proj,1237,0,4,39976
rope,1237,0,4,68595
o_proj,1237,0,4,164307
post_layernorm,1237,0,4,34678
gate,1237,0,4,92549
expert.w1,1237,0,4,141872
expert.w3,1237,0,4,141053
act_fn,1237,0,4,11527
expert.w2,1237,0,4,162764
final_layernorm,1237,0,4,34682
lm_head,1237,0,4,1169365
embedding,1238,0,4,51274
input_layernorm,1238,0,4,35490
q_proj,1238,0,4,167755
k_proj,1238,0,4,40706
v_proj,1238,0,4,40487
rope,1238,0,4,69399
o_proj,1238,0,4,165988
post_layernorm,1238,0,4,34815
gate,1238,0,4,92739
expert.w1,1238,0,4,143642
expert.w3,1238,0,4,142782
act_fn,1238,0,4,11583
expert.w2,1238,0,4,164520
final_layernorm,1238,0,4,34714
lm_head,1238,0,4,1182725
embedding,1239,0,4,51408
input_layernorm,1239,0,4,35450
q_proj,1239,0,4,168387
k_proj,1239,0,4,40933
v_proj,1239,0,4,40672
rope,1239,0,4,69578
o_proj,1239,0,4,166586
post_layernorm,1239,0,4,34985
gate,1239,0,4,93443
expert.w1,1239,0,4,144391
expert.w3,1239,0,4,143378
act_fn,1239,0,4,11445
expert.w2,1239,0,4,165912
final_layernorm,1239,0,4,34841
lm_head,1239,0,4,1189293
embedding,1240,0,4,51166
input_layernorm,1240,0,4,35591
q_proj,1240,0,4,167319
k_proj,1240,0,4,40595
v_proj,1240,0,4,40375
rope,1240,0,4,69664
o_proj,1240,0,4,165425
post_layernorm,1240,0,4,35024
gate,1240,0,4,93255
expert.w1,1240,0,4,143173
expert.w3,1240,0,4,142271
act_fn,1240,0,4,11560
expert.w2,1240,0,4,164258
final_layernorm,1240,0,4,34799
lm_head,1240,0,4,1179936
embedding,1241,0,4,51156
input_layernorm,1241,0,4,35630
q_proj,1241,0,4,167331
k_proj,1241,0,4,40573
v_proj,1241,0,4,40350
rope,1241,0,4,69233
o_proj,1241,0,4,165387
post_layernorm,1241,0,4,34957
gate,1241,0,4,93725
expert.w1,1241,0,4,143182
expert.w3,1241,0,4,142222
act_fn,1241,0,4,11513
expert.w2,1241,0,4,143740
final_layernorm,1241,0,4,34915
lm_head,1241,0,4,1179259
embedding,1242,0,4,51411
input_layernorm,1242,0,4,35667
q_proj,1242,0,4,168508
k_proj,1242,0,4,40972
v_proj,1242,0,4,40717
rope,1242,0,4,69763
o_proj,1242,0,4,166730
post_layernorm,1242,0,4,35286
gate,1242,0,4,93812
expert.w1,1242,0,4,144524
expert.w3,1242,0,4,143485
act_fn,1242,0,4,11564
expert.w2,1242,0,4,144974
final_layernorm,1242,0,4,34982
lm_head,1242,0,4,1190336
embedding,1243,0,4,51325
input_layernorm,1243,0,4,35724
q_proj,1243,0,4,168151
k_proj,1243,0,4,40820
v_proj,1243,0,4,40584
rope,1243,0,4,69583
o_proj,1243,0,4,166332
post_layernorm,1243,0,4,35118
gate,1243,0,4,93675
expert.w1,1243,0,4,143976
expert.w3,1243,0,4,143014
act_fn,1243,0,4,11581
expert.w2,1243,0,4,144438
final_layernorm,1243,0,4,34933
lm_head,1243,0,4,1185984
embedding,1244,0,4,51613
input_layernorm,1244,0,4,35744
q_proj,1244,0,4,168602
k_proj,1244,0,4,40995
v_proj,1244,0,4,40746
rope,1244,0,4,70114
o_proj,1244,0,4,166847
post_layernorm,1244,0,4,35070
gate,1244,0,4,94163
expert.w1,1244,0,4,144609
expert.w3,1244,0,4,143599
act_fn,1244,0,4,11539
expert.w2,1244,0,4,145068
final_layernorm,1244,0,4,34992
lm_head,1244,0,4,1191155
embedding,1245,0,4,51644
input_layernorm,1245,0,4,35663
q_proj,1245,0,4,168979
k_proj,1245,0,4,41081
v_proj,1245,0,4,40831
rope,1245,0,4,69867
o_proj,1245,0,4,167192
post_layernorm,1245,0,4,35027
gate,1245,0,4,94442
expert.w1,1245,0,4,144895
expert.w3,1245,0,4,143963
act_fn,1245,0,4,11571
expert.w2,1245,0,4,145371
final_layernorm,1245,0,4,35087
lm_head,1245,0,4,1193509
embedding,1246,0,4,51762
input_layernorm,1246,0,4,35781
q_proj,1246,0,4,168693
k_proj,1246,0,4,41010
v_proj,1246,0,4,40764
rope,1246,0,4,69897
o_proj,1246,0,4,166953
post_layernorm,1246,0,4,35121
gate,1246,0,4,93769
expert.w1,1246,0,4,144664
expert.w3,1246,0,4,143691
act_fn,1246,0,4,11682
expert.w2,1246,0,4,145153
final_layernorm,1246,0,4,34993
lm_head,1246,0,4,1191804
embedding,1247,0,4,51460
input_layernorm,1247,0,4,35643
q_proj,1247,0,4,167382
k_proj,1247,0,4,40604
v_proj,1247,0,4,40366
rope,1247,0,4,69525
o_proj,1247,0,4,165505
post_layernorm,1247,0,4,35085
gate,1247,0,4,93553
expert.w1,1247,0,4,143254
expert.w3,1247,0,4,142256
act_fn,1247,0,4,11871
expert.w2,1247,0,4,143810
final_layernorm,1247,0,4,35083
lm_head,1247,0,4,1180140
embedding,1248,0,4,51518
input_layernorm,1248,0,4,35672
q_proj,1248,0,4,166882
k_proj,1248,0,4,40419
v_proj,1248,0,4,40223
rope,1248,0,4,69730
o_proj,1248,0,4,165027
post_layernorm,1248,0,4,34995
gate,1248,0,4,93534
expert.w1,1248,0,4,142725
expert.w3,1248,0,4,141709
act_fn,1248,0,4,11712
expert.w2,1248,0,4,143276
final_layernorm,1248,0,4,34918
lm_head,1248,0,4,1175673
embedding,1249,0,4,51882
input_layernorm,1249,0,4,35663
q_proj,1249,0,4,168238
k_proj,1249,0,4,40877
v_proj,1249,0,4,40625
rope,1249,0,4,69632
o_proj,1249,0,4,166628
post_layernorm,1249,0,4,35245
gate,1249,0,4,94600
expert.w1,1249,0,4,144113
expert.w3,1249,0,4,143043
act_fn,1249,0,4,11891
expert.w2,1249,0,4,144615
final_layernorm,1249,0,4,35165
lm_head,1249,0,4,1187114
embedding,1250,0,4,52405
input_layernorm,1250,0,4,35799
q_proj,1250,0,4,169886
k_proj,1250,0,4,41328
v_proj,1250,0,4,41064
rope,1250,0,4,70416
o_proj,1250,0,4,168368
post_layernorm,1250,0,4,35126
gate,1250,0,4,95073
expert.w1,1250,0,4,145674
expert.w3,1250,0,4,144795
act_fn,1250,0,4,11787
expert.w2,1250,0,4,146244
final_layernorm,1250,0,4,35106
lm_head,1250,0,4,1200055
embedding,1251,0,4,52302
input_layernorm,1251,0,4,35752
q_proj,1251,0,4,169399
k_proj,1251,0,4,41220
v_proj,1251,0,4,40941
rope,1251,0,4,70269
o_proj,1251,0,4,167883
post_layernorm,1251,0,4,35151
gate,1251,0,4,95231
expert.w1,1251,0,4,145292
expert.w3,1251,0,4,144354
act_fn,1251,0,4,11870
expert.w2,1251,0,4,145825
final_layernorm,1251,0,4,35225
lm_head,1251,0,4,1197042
embedding,1252,0,4,51728
input_layernorm,1252,0,4,35732
q_proj,1252,0,4,167146
k_proj,1252,0,4,40578
v_proj,1252,0,4,40345
rope,1252,0,4,70059
o_proj,1252,0,4,165574
post_layernorm,1252,0,4,35214
gate,1252,0,4,93987
expert.w1,1252,0,4,143177
expert.w3,1252,0,4,142162
act_fn,1252,0,4,11905
expert.w2,1252,0,4,143679
final_layernorm,1252,0,4,35141
lm_head,1252,0,4,1179430
embedding,1253,0,4,52398
input_layernorm,1253,0,4,35758
q_proj,1253,0,4,168723
k_proj,1253,0,4,41004
v_proj,1253,0,4,40763
rope,1253,0,4,70049
o_proj,1253,0,4,167207
post_layernorm,1253,0,4,35379
gate,1253,0,4,95045
expert.w1,1253,0,4,144558
expert.w3,1253,0,4,143633
act_fn,1253,0,4,11879
expert.w2,1253,0,4,145070
final_layernorm,1253,0,4,35367
lm_head,1253,0,4,1190681
embedding,1254,0,4,52380
input_layernorm,1254,0,4,35757
q_proj,1254,0,4,168300
k_proj,1254,0,4,40926
v_proj,1254,0,4,40658
rope,1254,0,4,70194
o_proj,1254,0,4,166745
post_layernorm,1254,0,4,35497
gate,1254,0,4,94835
expert.w1,1254,0,4,144323
expert.w3,1254,0,4,143279
act_fn,1254,0,4,11845
expert.w2,1254,0,4,144745
final_layernorm,1254,0,4,35304
lm_head,1254,0,4,1189123
embedding,1255,0,4,52391
input_layernorm,1255,0,4,35901
q_proj,1255,0,4,169007
k_proj,1255,0,4,41130
v_proj,1255,0,4,40842
rope,1255,0,4,70336
o_proj,1255,0,4,167543
post_layernorm,1255,0,4,35484
gate,1255,0,4,95204
expert.w1,1255,0,4,144959
expert.w3,1255,0,4,143956
act_fn,1255,0,4,11956
expert.w2,1255,0,4,145429
final_layernorm,1255,0,4,35420
lm_head,1255,0,4,1194370
embedding,1256,0,4,51941
input_layernorm,1256,0,4,35890
q_proj,1256,0,4,167162
k_proj,1256,0,4,40533
v_proj,1256,0,4,40317
rope,1256,0,4,70160
o_proj,1256,0,4,165557
post_layernorm,1256,0,4,35411
gate,1256,0,4,94112
expert.w1,1256,0,4,143095
expert.w3,1256,0,4,142090
act_fn,1256,0,4,11881
expert.w2,1256,0,4,143494
final_layernorm,1256,0,4,35294
lm_head,1256,0,4,1178384
embedding,1257,0,4,52147
input_layernorm,1257,0,4,35744
q_proj,1257,0,4,186677
k_proj,1257,0,4,40926
v_proj,1257,0,4,40672
rope,1257,0,4,70197
o_proj,1257,0,4,166825
post_layernorm,1257,0,4,35470
gate,1257,0,4,95270
expert.w1,1257,0,4,144294
expert.w3,1257,0,4,143308
act_fn,1257,0,4,11905
expert.w2,1257,0,4,144744
final_layernorm,1257,0,4,35480
lm_head,1257,0,4,1188851
embedding,1258,0,4,52453
input_layernorm,1258,0,4,36022
q_proj,1258,0,4,186951
k_proj,1258,0,4,40993
v_proj,1258,0,4,40737
rope,1258,0,4,70477
o_proj,1258,0,4,167112
post_layernorm,1258,0,4,35487
gate,1258,0,4,95369
expert.w1,1258,0,4,144620
expert.w3,1258,0,4,143582
act_fn,1258,0,4,11861
expert.w2,1258,0,4,145119
final_layernorm,1258,0,4,35570
lm_head,1258,0,4,1191402
embedding,1259,0,4,52147
input_layernorm,1259,0,4,35861
q_proj,1259,0,4,186490
k_proj,1259,0,4,40889
v_proj,1259,0,4,40628
rope,1259,0,4,70311
o_proj,1259,0,4,166664
post_layernorm,1259,0,4,35428
gate,1259,0,4,95513
expert.w1,1259,0,4,144258
expert.w3,1259,0,4,143189
act_fn,1259,0,4,11995
expert.w2,1259,0,4,144686
final_layernorm,1259,0,4,35578
lm_head,1259,0,4,1188363
embedding,1260,0,4,52044
input_layernorm,1260,0,4,35919
q_proj,1260,0,4,185108
k_proj,1260,0,4,40575
v_proj,1260,0,4,40352
rope,1260,0,4,70380
o_proj,1260,0,4,165696
post_layernorm,1260,0,4,35352
gate,1260,0,4,94708
expert.w1,1260,0,4,143171
expert.w3,1260,0,4,142163
act_fn,1260,0,4,12039
expert.w2,1260,0,4,143648
final_layernorm,1260,0,4,35530
lm_head,1260,0,4,1179325
embedding,1261,0,4,52432
input_layernorm,1261,0,4,35980
q_proj,1261,0,4,187879
k_proj,1261,0,4,41203
v_proj,1261,0,4,40945
rope,1261,0,4,70734
o_proj,1261,0,4,167927
post_layernorm,1261,0,4,35588
gate,1261,0,4,95798
expert.w1,1261,0,4,145281
expert.w3,1261,0,4,144348
act_fn,1261,0,4,12151
expert.w2,1261,0,4,145875
final_layernorm,1261,0,4,35606
lm_head,1261,0,4,1197086
embedding,1262,0,4,52478
input_layernorm,1262,0,4,35937
q_proj,1262,0,4,186981
k_proj,1262,0,4,40987
v_proj,1262,0,4,40736
rope,1262,0,4,70596
o_proj,1262,0,4,167140
post_layernorm,1262,0,4,35630
gate,1262,0,4,95313
expert.w1,1262,0,4,144695
expert.w3,1262,0,4,143602
act_fn,1262,0,4,12029
expert.w2,1262,0,4,145144
final_layernorm,1262,0,4,35761
lm_head,1262,0,4,1191434
embedding,1263,0,4,52220
input_layernorm,1263,0,4,35979
q_proj,1263,0,4,186832
k_proj,1263,0,4,40958
v_proj,1263,0,4,40702
rope,1263,0,4,70598
o_proj,1263,0,4,167005
post_layernorm,1263,0,4,35589
gate,1263,0,4,95512
expert.w1,1263,0,4,144522
expert.w3,1263,0,4,143448
act_fn,1263,0,4,12168
expert.w2,1263,0,4,145040
final_layernorm,1263,0,4,35663
lm_head,1263,0,4,1190456
embedding,1264,0,4,52336
input_layernorm,1264,0,4,35901
q_proj,1264,0,4,186675
k_proj,1264,0,4,40917
v_proj,1264,0,4,40680
rope,1264,0,4,70905
o_proj,1264,0,4,166864
post_layernorm,1264,0,4,35886
gate,1264,0,4,95235
expert.w1,1264,0,4,144370
expert.w3,1264,0,4,143339
act_fn,1264,0,4,12128
expert.w2,1264,0,4,144905
final_layernorm,1264,0,4,35664
lm_head,1264,0,4,1189436
embedding,1265,0,4,52397
input_layernorm,1265,0,4,35985
q_proj,1265,0,4,186944
k_proj,1265,0,4,40989
v_proj,1265,0,4,40735
rope,1265,0,4,70742
o_proj,1265,0,4,167063
post_layernorm,1265,0,4,35822
gate,1265,0,4,96398
expert.w1,1265,0,4,144556
expert.w3,1265,0,4,143525
act_fn,1265,0,4,12376
expert.w2,1265,0,4,145102
final_layernorm,1265,0,4,35819
lm_head,1265,0,4,1190902
embedding,1266,0,4,52588
input_layernorm,1266,0,4,35940
q_proj,1266,0,4,186608
k_proj,1266,0,4,40916
v_proj,1266,0,4,40658
rope,1266,0,4,70731
o_proj,1266,0,4,166827
post_layernorm,1266,0,4,35888
gate,1266,0,4,95933
expert.w1,1266,0,4,144284
expert.w3,1266,0,4,143237
act_fn,1266,0,4,12242
expert.w2,1266,0,4,144896
final_layernorm,1266,0,4,35867
lm_head,1266,0,4,1189179
embedding,1267,0,4,52629
input_layernorm,1267,0,4,36083
q_proj,1267,0,4,186662
k_proj,1267,0,4,40929
v_proj,1267,0,4,40689
rope,1267,0,4,70704
o_proj,1267,0,4,166861
post_layernorm,1267,0,4,35824
gate,1267,0,4,96028
expert.w1,1267,0,4,144305
expert.w3,1267,0,4,143317
act_fn,1267,0,4,12290
expert.w2,1267,0,4,144886
final_layernorm,1267,0,4,35866
lm_head,1267,0,4,1189393
embedding,1268,0,4,52681
input_layernorm,1268,0,4,36080
q_proj,1268,0,4,186666
k_proj,1268,0,4,40932
v_proj,1268,0,4,40679
rope,1268,0,4,71070
o_proj,1268,0,4,166849
post_layernorm,1268,0,4,35933
gate,1268,0,4,96051
expert.w1,1268,0,4,144304
expert.w3,1268,0,4,143289
act_fn,1268,0,4,12301
expert.w2,1268,0,4,144975
final_layernorm,1268,0,4,35675
lm_head,1268,0,4,1189334
embedding,1269,0,4,52475
input_layernorm,1269,0,4,36062
q_proj,1269,0,4,185038
k_proj,1269,0,4,40568
v_proj,1269,0,4,40330
rope,1269,0,4,70401
o_proj,1269,0,4,165565
post_layernorm,1269,0,4,35823
gate,1269,0,4,95701
expert.w1,1269,0,4,143013
expert.w3,1269,0,4,142058
act_fn,1269,0,4,12399
expert.w2,1269,0,4,143574
final_layernorm,1269,0,4,35623
lm_head,1269,0,4,1178554
embedding,1270,0,4,53197
input_layernorm,1270,0,4,36045
q_proj,1270,0,4,186575
k_proj,1270,0,4,40912
v_proj,1270,0,4,40669
rope,1270,0,4,70713
o_proj,1270,0,4,166799
post_layernorm,1270,0,4,35887
gate,1270,0,4,96038
expert.w1,1270,0,4,144281
expert.w3,1270,0,4,143206
act_fn,1270,0,4,12455
expert.w2,1270,0,4,144966
final_layernorm,1270,0,4,35952
lm_head,1270,0,4,1188853
embedding,1271,0,4,53215
input_layernorm,1271,0,4,36186
q_proj,1271,0,4,186585
k_proj,1271,0,4,40924
v_proj,1271,0,4,40672
rope,1271,0,4,70718
o_proj,1271,0,4,166836
post_layernorm,1271,0,4,35847
gate,1271,0,4,96466
expert.w1,1271,0,4,144313
expert.w3,1271,0,4,143296
act_fn,1271,0,4,12387
expert.w2,1271,0,4,144955
final_layernorm,1271,0,4,35798
lm_head,1271,0,4,1189132
embedding,1272,0,4,53015
input_layernorm,1272,0,4,36152
q_proj,1272,0,4,186288
k_proj,1272,0,4,40854
v_proj,1272,0,4,40608
rope,1272,0,4,70999
o_proj,1272,0,4,166552
post_layernorm,1272,0,4,35726
gate,1272,0,4,96105
expert.w1,1272,0,4,144050
expert.w3,1272,0,4,142992
act_fn,1272,0,4,12354
expert.w2,1272,0,4,144662
final_layernorm,1272,0,4,35710
lm_head,1272,0,4,1187514
embedding,1273,0,4,52597
input_layernorm,1273,0,4,36188
q_proj,1273,0,4,185363
k_proj,1273,0,4,40630
v_proj,1273,0,4,40398
rope,1273,0,4,70425
o_proj,1273,0,4,166084
post_layernorm,1273,0,4,35806
gate,1273,0,4,96563
expert.w1,1273,0,4,143345
expert.w3,1273,0,4,142477
act_fn,1273,0,4,12454
expert.w2,1273,0,4,143922
final_layernorm,1273,0,4,35696
lm_head,1273,0,4,1181972
embedding,1274,0,4,53434
input_layernorm,1274,0,4,36205
q_proj,1274,0,4,187905
k_proj,1274,0,4,41203
v_proj,1274,0,4,40939
rope,1274,0,4,71254
o_proj,1274,0,4,167961
post_layernorm,1274,0,4,35972
gate,1274,0,4,96987
expert.w1,1274,0,4,145217
expert.w3,1274,0,4,144355
act_fn,1274,0,4,12463
expert.w2,1274,0,4,145879
final_layernorm,1274,0,4,35685
lm_head,1274,0,4,1196906
embedding,1275,0,4,53615
input_layernorm,1275,0,4,36370
q_proj,1275,0,4,189845
k_proj,1275,0,4,41614
v_proj,1275,0,4,41358
rope,1275,0,4,71727
o_proj,1275,0,4,169672
post_layernorm,1275,0,4,36067
gate,1275,0,4,98215
expert.w1,1275,0,4,146750
expert.w3,1275,0,4,145756
act_fn,1275,0,4,12473
expert.w2,1275,0,4,147422
final_layernorm,1275,0,4,36058
lm_head,1275,0,4,1209722
embedding,1276,0,4,52623
input_layernorm,1276,0,4,36134
q_proj,1276,0,4,185233
k_proj,1276,0,4,40614
v_proj,1276,0,4,40382
rope,1276,0,4,71087
o_proj,1276,0,4,165753
post_layernorm,1276,0,4,36009
gate,1276,0,4,96166
expert.w1,1276,0,4,143246
expert.w3,1276,0,4,142261
act_fn,1276,0,4,12567
expert.w2,1276,0,4,143808
final_layernorm,1276,0,4,35819
lm_head,1276,0,4,1180062
embedding,1277,0,4,53028
input_layernorm,1277,0,4,36298
q_proj,1277,0,4,187074
k_proj,1277,0,4,41018
v_proj,1277,0,4,40755
rope,1277,0,4,71071
o_proj,1277,0,4,167236
post_layernorm,1277,0,4,36081
gate,1277,0,4,97409
expert.w1,1277,0,4,144663
expert.w3,1277,0,4,143680
act_fn,1277,0,4,12582
expert.w2,1277,0,4,145190
final_layernorm,1277,0,4,35924
lm_head,1277,0,4,1191893
embedding,1278,0,4,53248
input_layernorm,1278,0,4,36299
q_proj,1278,0,4,186630
k_proj,1278,0,4,40915
v_proj,1278,0,4,40658
rope,1278,0,4,71062
o_proj,1278,0,4,166811
post_layernorm,1278,0,4,35938
gate,1278,0,4,96799
expert.w1,1278,0,4,144298
expert.w3,1278,0,4,143265
act_fn,1278,0,4,12535
expert.w2,1278,0,4,144945
final_layernorm,1278,0,4,35986
lm_head,1278,0,4,1189248
embedding,1279,0,4,53147
input_layernorm,1279,0,4,36263
q_proj,1279,0,4,186695
k_proj,1279,0,4,40934
v_proj,1279,0,4,40684
rope,1279,0,4,71107
o_proj,1279,0,4,166932
post_layernorm,1279,0,4,36187
gate,1279,0,4,97258
expert.w1,1279,0,4,144369
expert.w3,1279,0,4,143355
act_fn,1279,0,4,12542
expert.w2,1279,0,4,145016
final_layernorm,1279,0,4,36081
lm_head,1279,0,4,1189676
embedding,1280,0,4,53076
input_layernorm,1280,0,4,36298
q_proj,1280,0,4,186910
k_proj,1280,0,4,40987
v_proj,1280,0,4,40731
rope,1280,0,4,71505
o_proj,1280,0,4,167085
post_layernorm,1280,0,4,36255
gate,1280,0,4,93248
expert.w1,1280,0,4,144478
expert.w3,1280,0,4,143468
act_fn,1280,0,4,12644
expert.w2,1280,0,4,145221
final_layernorm,1280,0,4,36003
lm_head,1280,0,4,1190846
embedding,1281,0,4,53403
input_layernorm,1281,0,4,36323
q_proj,1281,0,4,185618
k_proj,1281,0,4,82333
v_proj,1281,0,4,82057
rope,1281,0,4,70756
o_proj,1281,0,4,166336
post_layernorm,1281,0,4,36088
gate,1281,0,4,94686
expert.w1,1281,0,4,287956
expert.w3,1281,0,4,287178
act_fn,1281,0,4,12392
expert.w2,1281,0,4,181977
final_layernorm,1281,0,4,36276
lm_head,1281,0,4,1273313
embedding,1282,0,4,53473
input_layernorm,1282,0,4,36365
q_proj,1282,0,4,185516
k_proj,1282,0,4,82203
v_proj,1282,0,4,81987
rope,1282,0,4,70867
o_proj,1282,0,4,166236
post_layernorm,1282,0,4,36012
gate,1282,0,4,94343
expert.w1,1282,0,4,287808
expert.w3,1282,0,4,286990
act_fn,1282,0,4,12496
expert.w2,1282,0,4,181899
final_layernorm,1282,0,4,36310
lm_head,1282,0,4,1272660
embedding,1283,0,4,53662
input_layernorm,1283,0,4,36281
q_proj,1283,0,4,185615
k_proj,1283,0,4,82222
v_proj,1283,0,4,82018
rope,1283,0,4,70940
o_proj,1283,0,4,166372
post_layernorm,1283,0,4,36140
gate,1283,0,4,94420
expert.w1,1283,0,4,287809
expert.w3,1283,0,4,287072
act_fn,1283,0,4,12395
expert.w2,1283,0,4,181931
final_layernorm,1283,0,4,36210
lm_head,1283,0,4,1272927
embedding,1284,0,4,53157
input_layernorm,1284,0,4,36361
q_proj,1284,0,4,185169
k_proj,1284,0,4,82059
v_proj,1284,0,4,81834
rope,1284,0,4,71334
o_proj,1284,0,4,165912
post_layernorm,1284,0,4,36185
gate,1284,0,4,94188
expert.w1,1284,0,4,287120
expert.w3,1284,0,4,286335
act_fn,1284,0,4,12482
expert.w2,1284,0,4,181590
final_layernorm,1284,0,4,36286
lm_head,1284,0,4,1270190
embedding,1285,0,4,53617
input_layernorm,1285,0,4,36433
q_proj,1285,0,4,185165
k_proj,1285,0,4,82014
v_proj,1285,0,4,81851
rope,1285,0,4,71025
o_proj,1285,0,4,165975
post_layernorm,1285,0,4,36142
gate,1285,0,4,94612
expert.w1,1285,0,4,287280
expert.w3,1285,0,4,286376
act_fn,1285,0,4,12431
expert.w2,1285,0,4,181544
final_layernorm,1285,0,4,36241
lm_head,1285,0,4,1270409
embedding,1286,0,4,57911
input_layernorm,1286,0,4,37147
q_proj,1286,0,4,206379
k_proj,1286,0,4,91420
v_proj,1286,0,4,91323
rope,1286,0,4,76066
o_proj,1286,0,4,184737
post_layernorm,1286,0,4,36758
gate,1286,0,4,102769
expert.w1,1286,0,4,319146
expert.w3,1286,0,4,318325
act_fn,1286,0,4,12689
expert.w2,1286,0,4,201325
final_layernorm,1286,0,4,37026
lm_head,1286,0,4,1411215
embedding,1287,0,4,54043
input_layernorm,1287,0,4,36452
q_proj,1287,0,4,186269
k_proj,1287,0,4,82606
v_proj,1287,0,4,82342
rope,1287,0,4,71263
o_proj,1287,0,4,166854
post_layernorm,1287,0,4,36344
gate,1287,0,4,95168
expert.w1,1287,0,4,288977
expert.w3,1287,0,4,288208
act_fn,1287,0,4,12488
expert.w2,1287,0,4,182572
final_layernorm,1287,0,4,36269
lm_head,1287,0,4,1277957
embedding,1288,0,4,53688
input_layernorm,1288,0,4,36494
q_proj,1288,0,4,185157
k_proj,1288,0,4,82082
v_proj,1288,0,4,81793
rope,1288,0,4,71557
o_proj,1288,0,4,165914
post_layernorm,1288,0,4,36051
gate,1288,0,4,94503
expert.w1,1288,0,4,287087
expert.w3,1288,0,4,286312
act_fn,1288,0,4,12462
expert.w2,1288,0,4,181442
final_layernorm,1288,0,4,36439
lm_head,1288,0,4,1270064
embedding,1289,0,4,53986
input_layernorm,1289,0,4,36564
q_proj,1289,0,4,185317
k_proj,1289,0,4,81954
v_proj,1289,0,4,81895
rope,1289,0,4,71127
o_proj,1289,0,4,166055
post_layernorm,1289,0,4,36207
gate,1289,0,4,95137
expert.w1,1289,0,4,287493
expert.w3,1289,0,4,286714
act_fn,1289,0,4,12483
expert.w2,1289,0,4,181567
final_layernorm,1289,0,4,36301
lm_head,1289,0,4,1271354
embedding,1290,0,4,53837
input_layernorm,1290,0,4,36496
q_proj,1290,0,4,186175
k_proj,1290,0,4,82528
v_proj,1290,0,4,82336
rope,1290,0,4,71431
o_proj,1290,0,4,166789
post_layernorm,1290,0,4,36039
gate,1290,0,4,95307
expert.w1,1290,0,4,288867
expert.w3,1290,0,4,288048
act_fn,1290,0,4,12535
expert.w2,1290,0,4,182361
final_layernorm,1290,0,4,36573
lm_head,1290,0,4,1277416
embedding,1291,0,4,54208
input_layernorm,1291,0,4,36475
q_proj,1291,0,4,186255
k_proj,1291,0,4,82590
v_proj,1291,0,4,82416
rope,1291,0,4,71406
o_proj,1291,0,4,166867
post_layernorm,1291,0,4,36320
gate,1291,0,4,95500
expert.w1,1291,0,4,288975
expert.w3,1291,0,4,288157
act_fn,1291,0,4,12504
expert.w2,1291,0,4,182556
final_layernorm,1291,0,4,36428
lm_head,1291,0,4,1278016
embedding,1292,0,4,54134
input_layernorm,1292,0,4,36605
q_proj,1292,0,4,186262
k_proj,1292,0,4,82636
v_proj,1292,0,4,82370
rope,1292,0,4,71832
o_proj,1292,0,4,166871
post_layernorm,1292,0,4,36197
gate,1292,0,4,95431
expert.w1,1292,0,4,288947
expert.w3,1292,0,4,288256
act_fn,1292,0,4,12558
expert.w2,1292,0,4,182527
final_layernorm,1292,0,4,36734
lm_head,1292,0,4,1278100
embedding,1293,0,4,54094
input_layernorm,1293,0,4,36624
q_proj,1293,0,4,186256
k_proj,1293,0,4,82634
v_proj,1293,0,4,82362
rope,1293,0,4,71477
o_proj,1293,0,4,166891
post_layernorm,1293,0,4,36301
gate,1293,0,4,95566
expert.w1,1293,0,4,288911
expert.w3,1293,0,4,288225
act_fn,1293,0,4,12513
expert.w2,1293,0,4,182489
final_layernorm,1293,0,4,36397
lm_head,1293,0,4,1277965
embedding,1294,0,4,53679
input_layernorm,1294,0,4,36529
q_proj,1294,0,4,183684
k_proj,1294,0,4,81158
v_proj,1294,0,4,81263
rope,1294,0,4,70938
o_proj,1294,0,4,164909
post_layernorm,1294,0,4,36117
gate,1294,0,4,94391
expert.w1,1294,0,4,284941
expert.w3,1294,0,4,284128
act_fn,1294,0,4,12534
expert.w2,1294,0,4,180114
final_layernorm,1294,0,4,36540
lm_head,1294,0,4,1260522
embedding,1295,0,4,54260
input_layernorm,1295,0,4,36599
q_proj,1295,0,4,185543
k_proj,1295,0,4,82122
v_proj,1295,0,4,82068
rope,1295,0,4,71229
o_proj,1295,0,4,166317
post_layernorm,1295,0,4,36336
gate,1295,0,4,95193
expert.w1,1295,0,4,287712
expert.w3,1295,0,4,286903
act_fn,1295,0,4,12421
expert.w2,1295,0,4,181683
final_layernorm,1295,0,4,36500
lm_head,1295,0,4,1272534
embedding,1296,0,4,54263
input_layernorm,1296,0,4,36628
q_proj,1296,0,4,186251
k_proj,1296,0,4,82634
v_proj,1296,0,4,82459
rope,1296,0,4,71670
o_proj,1296,0,4,166831
post_layernorm,1296,0,4,36361
gate,1296,0,4,95389
expert.w1,1296,0,4,288981
expert.w3,1296,0,4,288257
act_fn,1296,0,4,12607
expert.w2,1296,0,4,182422
final_layernorm,1296,0,4,36609
lm_head,1296,0,4,1278010
embedding,1297,0,4,54563
input_layernorm,1297,0,4,36691
q_proj,1297,0,4,186269
k_proj,1297,0,4,82613
v_proj,1297,0,4,82417
rope,1297,0,4,71387
o_proj,1297,0,4,166914
post_layernorm,1297,0,4,36418
gate,1297,0,4,96135
expert.w1,1297,0,4,288996
expert.w3,1297,0,4,288225
act_fn,1297,0,4,12702
expert.w2,1297,0,4,182539
final_layernorm,1297,0,4,36537
lm_head,1297,0,4,1277934
embedding,1298,0,4,54126
input_layernorm,1298,0,4,36671
q_proj,1298,0,4,185280
k_proj,1298,0,4,82103
v_proj,1298,0,4,81912
rope,1298,0,4,71223
o_proj,1298,0,4,166074
post_layernorm,1298,0,4,36295
gate,1298,0,4,95521
expert.w1,1298,0,4,287262
expert.w3,1298,0,4,286462
act_fn,1298,0,4,12598
expert.w2,1298,0,4,181445
final_layernorm,1298,0,4,36602
lm_head,1298,0,4,1270798
embedding,1299,0,4,54396
input_layernorm,1299,0,4,36754
q_proj,1299,0,4,185682
k_proj,1299,0,4,82176
v_proj,1299,0,4,82119
rope,1299,0,4,71294
o_proj,1299,0,4,166383
post_layernorm,1299,0,4,36425
gate,1299,0,4,96059
expert.w1,1299,0,4,287946
expert.w3,1299,0,4,287115
act_fn,1299,0,4,12608
expert.w2,1299,0,4,181866
final_layernorm,1299,0,4,36633
lm_head,1299,0,4,1273613
embedding,1300,0,4,54335
input_layernorm,1300,0,4,36744
q_proj,1300,0,4,186281
k_proj,1300,0,4,82624
v_proj,1300,0,4,82415
rope,1300,0,4,71812
o_proj,1300,0,4,166880
post_layernorm,1300,0,4,36528
gate,1300,0,4,96035
expert.w1,1300,0,4,288957
expert.w3,1300,0,4,288229
act_fn,1300,0,4,12624
expert.w2,1300,0,4,182521
final_layernorm,1300,0,4,36625
lm_head,1300,0,4,1278088
embedding,1301,0,4,54478
input_layernorm,1301,0,4,36866
q_proj,1301,0,4,186278
k_proj,1301,0,4,82631
v_proj,1301,0,4,82422
rope,1301,0,4,71470
o_proj,1301,0,4,166929
post_layernorm,1301,0,4,36544
gate,1301,0,4,96343
expert.w1,1301,0,4,288968
expert.w3,1301,0,4,288169
act_fn,1301,0,4,12683
expert.w2,1301,0,4,182607
final_layernorm,1301,0,4,36669
lm_head,1301,0,4,1277994
embedding,1302,0,4,53740
input_layernorm,1302,0,4,36795
q_proj,1302,0,4,184291
k_proj,1302,0,4,81620
v_proj,1302,0,4,81495
rope,1302,0,4,71204
o_proj,1302,0,4,165436
post_layernorm,1302,0,4,36334
gate,1302,0,4,95118
expert.w1,1302,0,4,285826
expert.w3,1302,0,4,285077
act_fn,1302,0,4,12665
expert.w2,1302,0,4,180628
final_layernorm,1302,0,4,36773
lm_head,1302,0,4,1264698
embedding,1303,0,4,54205
input_layernorm,1303,0,4,36845
q_proj,1303,0,4,184364
k_proj,1303,0,4,81548
v_proj,1303,0,4,81476
rope,1303,0,4,71187
o_proj,1303,0,4,165494
post_layernorm,1303,0,4,36525
gate,1303,0,4,95524
expert.w1,1303,0,4,285863
expert.w3,1303,0,4,285055
act_fn,1303,0,4,12677
expert.w2,1303,0,4,180698
final_layernorm,1303,0,4,36674
lm_head,1303,0,4,1263850
embedding,1304,0,4,54257
input_layernorm,1304,0,4,36854
q_proj,1304,0,4,185741
k_proj,1304,0,4,82429
v_proj,1304,0,4,82235
rope,1304,0,4,72050
o_proj,1304,0,4,166465
post_layernorm,1304,0,4,36606
gate,1304,0,4,95885
expert.w1,1304,0,4,287947
expert.w3,1304,0,4,287181
act_fn,1304,0,4,12773
expert.w2,1304,0,4,181872
final_layernorm,1304,0,4,36826
lm_head,1304,0,4,1274063
embedding,1305,0,4,54612
input_layernorm,1305,0,4,36925
q_proj,1305,0,4,186326
k_proj,1305,0,4,82632
v_proj,1305,0,4,82407
rope,1305,0,4,71849
o_proj,1305,0,4,166985
post_layernorm,1305,0,4,36650
gate,1305,0,4,96855
expert.w1,1305,0,4,288998
expert.w3,1305,0,4,288137
act_fn,1305,0,4,12806
expert.w2,1305,0,4,182568
final_layernorm,1305,0,4,36768
lm_head,1305,0,4,1278038
embedding,1306,0,4,53791
input_layernorm,1306,0,4,36892
q_proj,1306,0,4,184552
k_proj,1306,0,4,81652
v_proj,1306,0,4,81601
rope,1306,0,4,71676
o_proj,1306,0,4,165612
post_layernorm,1306,0,4,36474
gate,1306,0,4,95800
expert.w1,1306,0,4,286260
expert.w3,1306,0,4,285438
act_fn,1306,0,4,12645
expert.w2,1306,0,4,181002
final_layernorm,1306,0,4,36707
lm_head,1306,0,4,1266361
embedding,1307,0,4,54582
input_layernorm,1307,0,4,36889
q_proj,1307,0,4,185624
k_proj,1307,0,4,82219
v_proj,1307,0,4,82023
rope,1307,0,4,71760
o_proj,1307,0,4,166488
post_layernorm,1307,0,4,36631
gate,1307,0,4,96283
expert.w1,1307,0,4,287812
expert.w3,1307,0,4,287002
act_fn,1307,0,4,12702
expert.w2,1307,0,4,181884
final_layernorm,1307,0,4,36767
lm_head,1307,0,4,1272684
embedding,1308,0,4,54447
input_layernorm,1308,0,4,36936
q_proj,1308,0,4,186315
k_proj,1308,0,4,82646
v_proj,1308,0,4,82423
rope,1308,0,4,72500
o_proj,1308,0,4,166949
post_layernorm,1308,0,4,36738
gate,1308,0,4,96216
expert.w1,1308,0,4,288998
expert.w3,1308,0,4,288171
act_fn,1308,0,4,12783
expert.w2,1308,0,4,182463
final_layernorm,1308,0,4,36720
lm_head,1308,0,4,1278286
embedding,1309,0,4,54876
input_layernorm,1309,0,4,36985
q_proj,1309,0,4,186288
k_proj,1309,0,4,82689
v_proj,1309,0,4,82418
rope,1309,0,4,72176
o_proj,1309,0,4,167025
post_layernorm,1309,0,4,36761
gate,1309,0,4,96777
expert.w1,1309,0,4,289004
expert.w3,1309,0,4,288108
act_fn,1309,0,4,12785
expert.w2,1309,0,4,182478
final_layernorm,1309,0,4,36686
lm_head,1309,0,4,1278226
embedding,1310,0,4,54626
input_layernorm,1310,0,4,36923
q_proj,1310,0,4,185425
k_proj,1310,0,4,82057
v_proj,1310,0,4,82006
rope,1310,0,4,72058
o_proj,1310,0,4,166238
post_layernorm,1310,0,4,36609
gate,1310,0,4,96197
expert.w1,1310,0,4,287504
expert.w3,1310,0,4,286791
act_fn,1310,0,4,12742
expert.w2,1310,0,4,181677
final_layernorm,1310,0,4,36716
lm_head,1310,0,4,1271926
embedding,1311,0,4,55158
input_layernorm,1311,0,4,37025
q_proj,1311,0,4,185929
k_proj,1311,0,4,82416
v_proj,1311,0,4,82205
rope,1311,0,4,72095
o_proj,1311,0,4,166652
post_layernorm,1311,0,4,36722
gate,1311,0,4,96390
expert.w1,1311,0,4,288271
expert.w3,1311,0,4,287418
act_fn,1311,0,4,12698
expert.w2,1311,0,4,182027
final_layernorm,1311,0,4,36777
lm_head,1311,0,4,1274809
embedding,1312,0,4,54822
input_layernorm,1312,0,4,36993
q_proj,1312,0,4,186087
k_proj,1312,0,4,82415
v_proj,1312,0,4,82354
rope,1312,0,4,72812
o_proj,1312,0,4,166776
post_layernorm,1312,0,4,36681
gate,1312,0,4,96296
expert.w1,1312,0,4,288513
expert.w3,1312,0,4,287800
act_fn,1312,0,4,12675
expert.w2,1312,0,4,182299
final_layernorm,1312,0,4,36897
lm_head,1312,0,4,1276591
embedding,1313,0,4,54992
input_layernorm,1313,0,4,37048
q_proj,1313,0,4,186252
k_proj,1313,0,4,82653
v_proj,1313,0,4,82403
rope,1313,0,4,72467
o_proj,1313,0,4,166981
post_layernorm,1313,0,4,36793
gate,1313,0,4,97058
expert.w1,1313,0,4,289058
expert.w3,1313,0,4,288082
act_fn,1313,0,4,12766
expert.w2,1313,0,4,182543
final_layernorm,1313,0,4,37023
lm_head,1313,0,4,1277953
embedding,1314,0,4,54924
input_layernorm,1314,0,4,37102
q_proj,1314,0,4,186072
k_proj,1314,0,4,59649
v_proj,1314,0,4,59317
rope,1314,0,4,72705
o_proj,1314,0,4,166929
post_layernorm,1314,0,4,36542
gate,1314,0,4,97076
expert.w1,1314,0,4,172288
expert.w3,1314,0,4,173026
act_fn,1314,0,4,13322
expert.w2,1314,0,4,182627
final_layernorm,1314,0,4,36968
lm_head,1314,0,4,1276173
embedding,1315,0,4,55595
input_layernorm,1315,0,4,37135
q_proj,1315,0,4,188493
k_proj,1315,0,4,60433
v_proj,1315,0,4,60108
rope,1315,0,4,73323
o_proj,1315,0,4,168909
post_layernorm,1315,0,4,37009
gate,1315,0,4,98023
expert.w1,1315,0,4,174396
expert.w3,1315,0,4,174289
act_fn,1315,0,4,13437
expert.w2,1315,0,4,184629
final_layernorm,1315,0,4,37034
lm_head,1315,0,4,1292417
embedding,1316,0,4,55517
input_layernorm,1316,0,4,37128
q_proj,1316,0,4,187919
k_proj,1316,0,4,60256
v_proj,1316,0,4,59927
rope,1316,0,4,73709
o_proj,1316,0,4,168374
post_layernorm,1316,0,4,36995
gate,1316,0,4,97489
expert.w1,1316,0,4,173680
expert.w3,1316,0,4,173940
act_fn,1316,0,4,13514
expert.w2,1316,0,4,184330
final_layernorm,1316,0,4,37262
lm_head,1316,0,4,1289172
embedding,1317,0,4,55213
input_layernorm,1317,0,4,37075
q_proj,1317,0,4,185644
k_proj,1317,0,4,59533
v_proj,1317,0,4,59211
rope,1317,0,4,72887
o_proj,1317,0,4,166603
post_layernorm,1317,0,4,36989
gate,1317,0,4,97069
expert.w1,1317,0,4,171486
expert.w3,1317,0,4,172562
act_fn,1317,0,4,13639
expert.w2,1317,0,4,182317
final_layernorm,1317,0,4,36954
lm_head,1317,0,4,1274052
embedding,1318,0,4,55254
input_layernorm,1318,0,4,37294
q_proj,1318,0,4,187452
k_proj,1318,0,4,60067
v_proj,1318,0,4,59743
rope,1318,0,4,73435
o_proj,1318,0,4,168020
post_layernorm,1318,0,4,36969
gate,1318,0,4,97769
expert.w1,1318,0,4,173159
expert.w3,1318,0,4,173683
act_fn,1318,0,4,13650
expert.w2,1318,0,4,183758
final_layernorm,1318,0,4,37005
lm_head,1318,0,4,1285539
embedding,1319,0,4,55606
input_layernorm,1319,0,4,37176
q_proj,1319,0,4,188113
k_proj,1319,0,4,60332
v_proj,1319,0,4,60005
rope,1319,0,4,73545
o_proj,1319,0,4,168619
post_layernorm,1319,0,4,37297
gate,1319,0,4,98154
expert.w1,1319,0,4,173694
expert.w3,1319,0,4,174036
act_fn,1319,0,4,13655
expert.w2,1319,0,4,184548
final_layernorm,1319,0,4,37238
lm_head,1319,0,4,1290277
embedding,1320,0,4,55478
input_layernorm,1320,0,4,37237
q_proj,1320,0,4,188201
k_proj,1320,0,4,60341
v_proj,1320,0,4,59992
rope,1320,0,4,74012
o_proj,1320,0,4,168614
post_layernorm,1320,0,4,37235
gate,1320,0,4,97840
expert.w1,1320,0,4,174138
expert.w3,1320,0,4,174197
act_fn,1320,0,4,13553
expert.w2,1320,0,4,184551
final_layernorm,1320,0,4,37255
lm_head,1320,0,4,1290939
embedding,1321,0,4,55200
input_layernorm,1321,0,4,37212
q_proj,1321,0,4,186644
k_proj,1321,0,4,59831
v_proj,1321,0,4,59478
rope,1321,0,4,73233
o_proj,1321,0,4,167319
post_layernorm,1321,0,4,37085
gate,1321,0,4,98080
expert.w1,1321,0,4,172298
expert.w3,1321,0,4,173017
act_fn,1321,0,4,13690
expert.w2,1321,0,4,183122
final_layernorm,1321,0,4,37148
lm_head,1321,0,4,1279916
embedding,1322,0,4,55503
input_layernorm,1322,0,4,37328
q_proj,1322,0,4,187913
k_proj,1322,0,4,60253
v_proj,1322,0,4,59907
rope,1322,0,4,73565
o_proj,1322,0,4,168400
post_layernorm,1322,0,4,37212
gate,1322,0,4,98301
expert.w1,1322,0,4,173950
expert.w3,1322,0,4,173915
act_fn,1322,0,4,13638
expert.w2,1322,0,4,184341
final_layernorm,1322,0,4,37097
lm_head,1322,0,4,1289034
embedding,1323,0,4,55825
input_layernorm,1323,0,4,37413
q_proj,1323,0,4,187903
k_proj,1323,0,4,60255
v_proj,1323,0,4,59910
rope,1323,0,4,73598
o_proj,1323,0,4,168469
post_layernorm,1323,0,4,37279
gate,1323,0,4,98523
expert.w1,1323,0,4,173701
expert.w3,1323,0,4,173849
act_fn,1323,0,4,13530
expert.w2,1323,0,4,184459
final_layernorm,1323,0,4,37141
lm_head,1323,0,4,1289019
embedding,1324,0,4,55132
input_layernorm,1324,0,4,37285
q_proj,1324,0,4,186706
k_proj,1324,0,4,59857
v_proj,1324,0,4,59522
rope,1324,0,4,73713
o_proj,1324,0,4,167395
post_layernorm,1324,0,4,37353
gate,1324,0,4,97720
expert.w1,1324,0,4,172661
expert.w3,1324,0,4,172994
act_fn,1324,0,4,13534
expert.w2,1324,0,4,183349
final_layernorm,1324,0,4,37462
lm_head,1324,0,4,1281062
embedding,1325,0,4,55158
input_layernorm,1325,0,4,37265
q_proj,1325,0,4,185741
k_proj,1325,0,4,59532
v_proj,1325,0,4,59190
rope,1325,0,4,73038
o_proj,1325,0,4,166706
post_layernorm,1325,0,4,37233
gate,1325,0,4,97573
expert.w1,1325,0,4,171598
expert.w3,1325,0,4,172552
act_fn,1325,0,4,13635
expert.w2,1325,0,4,182405
final_layernorm,1325,0,4,37169
lm_head,1325,0,4,1272804
embedding,1326,0,4,55534
input_layernorm,1326,0,4,37410
q_proj,1326,0,4,187947
k_proj,1326,0,4,60254
v_proj,1326,0,4,59927
rope,1326,0,4,73785
o_proj,1326,0,4,168418
post_layernorm,1326,0,4,37260
gate,1326,0,4,98300
expert.w1,1326,0,4,173792
expert.w3,1326,0,4,173986
act_fn,1326,0,4,13592
expert.w2,1326,0,4,184396
final_layernorm,1326,0,4,37273
lm_head,1326,0,4,1288984
embedding,1327,0,4,55703
input_layernorm,1327,0,4,37410
q_proj,1327,0,4,187926
k_proj,1327,0,4,60245
v_proj,1327,0,4,59926
rope,1327,0,4,73688
o_proj,1327,0,4,168445
post_layernorm,1327,0,4,37443
gate,1327,0,4,98728
expert.w1,1327,0,4,173787
expert.w3,1327,0,4,173935
act_fn,1327,0,4,13672
expert.w2,1327,0,4,184362
final_layernorm,1327,0,4,37288
lm_head,1327,0,4,1288922
embedding,1328,0,4,55340
input_layernorm,1328,0,4,37514
q_proj,1328,0,4,186263
k_proj,1328,0,4,59718
v_proj,1328,0,4,59383
rope,1328,0,4,73677
o_proj,1328,0,4,166919
post_layernorm,1328,0,4,37364
gate,1328,0,4,97880
expert.w1,1328,0,4,172142
expert.w3,1328,0,4,173006
act_fn,1328,0,4,13542
expert.w2,1328,0,4,182733
final_layernorm,1328,0,4,37519
lm_head,1328,0,4,1277916
embedding,1329,0,4,56182
input_layernorm,1329,0,4,37406
q_proj,1329,0,4,187947
k_proj,1329,0,4,60252
v_proj,1329,0,4,59935
rope,1329,0,4,73797
o_proj,1329,0,4,168513
post_layernorm,1329,0,4,37407
gate,1329,0,4,99529
expert.w1,1329,0,4,173725
expert.w3,1329,0,4,173997
act_fn,1329,0,4,13730
expert.w2,1329,0,4,184293
final_layernorm,1329,0,4,37486
lm_head,1329,0,4,1288949
embedding,1330,0,4,55944
input_layernorm,1330,0,4,37533
q_proj,1330,0,4,187948
k_proj,1330,0,4,60261
v_proj,1330,0,4,59940
rope,1330,0,4,73940
o_proj,1330,0,4,168436
post_layernorm,1330,0,4,37314
gate,1330,0,4,99378
expert.w1,1330,0,4,173888
expert.w3,1330,0,4,174000
act_fn,1330,0,4,13536
expert.w2,1330,0,4,184321
final_layernorm,1330,0,4,37429
lm_head,1330,0,4,1289048
embedding,1331,0,4,56166
input_layernorm,1331,0,4,37540
q_proj,1331,0,4,188219
k_proj,1331,0,4,60337
v_proj,1331,0,4,60028
rope,1331,0,4,73946
o_proj,1331,0,4,168722
post_layernorm,1331,0,4,37489
gate,1331,0,4,99646
expert.w1,1331,0,4,174048
expert.w3,1331,0,4,174492
act_fn,1331,0,4,13679
expert.w2,1331,0,4,184603
final_layernorm,1331,0,4,37338
lm_head,1331,0,4,1290502
embedding,1332,0,4,55979
input_layernorm,1332,0,4,37439
q_proj,1332,0,4,187214
k_proj,1332,0,4,60008
v_proj,1332,0,4,59688
rope,1332,0,4,74138
o_proj,1332,0,4,167816
post_layernorm,1332,0,4,37530
gate,1332,0,4,99158
expert.w1,1332,0,4,173161
expert.w3,1332,0,4,173621
act_fn,1332,0,4,13788
expert.w2,1332,0,4,183660
final_layernorm,1332,0,4,37466
lm_head,1332,0,4,1284726
embedding,1333,0,4,55955
input_layernorm,1333,0,4,37494
q_proj,1333,0,4,186686
k_proj,1333,0,4,59855
v_proj,1333,0,4,59521
rope,1333,0,4,73698
o_proj,1333,0,4,167349
post_layernorm,1333,0,4,37487
gate,1333,0,4,99155
expert.w1,1333,0,4,172723
expert.w3,1333,0,4,173176
act_fn,1333,0,4,13723
expert.w2,1333,0,4,183243
final_layernorm,1333,0,4,37537
lm_head,1333,0,4,1280217
embedding,1334,0,4,56280
input_layernorm,1334,0,4,37489
q_proj,1334,0,4,188562
k_proj,1334,0,4,60449
v_proj,1334,0,4,60129
rope,1334,0,4,74235
o_proj,1334,0,4,168982
post_layernorm,1334,0,4,37417
gate,1334,0,4,99466
expert.w1,1334,0,4,174304
expert.w3,1334,0,4,174638
act_fn,1334,0,4,13687
expert.w2,1334,0,4,184951
final_layernorm,1334,0,4,37569
lm_head,1334,0,4,1293132
embedding,1335,0,4,56391
input_layernorm,1335,0,4,37551
q_proj,1335,0,4,188452
k_proj,1335,0,4,60425
v_proj,1335,0,4,60087
rope,1335,0,4,74133
o_proj,1335,0,4,168899
post_layernorm,1335,0,4,37602
gate,1335,0,4,99829
expert.w1,1335,0,4,174219
expert.w3,1335,0,4,174343
act_fn,1335,0,4,13866
expert.w2,1335,0,4,184805
final_layernorm,1335,0,4,37644
lm_head,1335,0,4,1292280
embedding,1336,0,4,55904
input_layernorm,1336,0,4,37511
q_proj,1336,0,4,187928
k_proj,1336,0,4,60249
v_proj,1336,0,4,59912
rope,1336,0,4,74540
o_proj,1336,0,4,168397
post_layernorm,1336,0,4,37473
gate,1336,0,4,99375
expert.w1,1336,0,4,173788
expert.w3,1336,0,4,174005
act_fn,1336,0,4,13828
expert.w2,1336,0,4,184440
final_layernorm,1336,0,4,37969
lm_head,1336,0,4,1289213
embedding,1337,0,4,56196
input_layernorm,1337,0,4,37552
q_proj,1337,0,4,187452
k_proj,1337,0,4,60089
v_proj,1337,0,4,59774
rope,1337,0,4,74000
o_proj,1337,0,4,167992
post_layernorm,1337,0,4,37601
gate,1337,0,4,100247
expert.w1,1337,0,4,173189
expert.w3,1337,0,4,173617
act_fn,1337,0,4,13913
expert.w2,1337,0,4,183844
final_layernorm,1337,0,4,37602
lm_head,1337,0,4,1285426
embedding,1338,0,4,56161
input_layernorm,1338,0,4,37585
q_proj,1338,0,4,188168
k_proj,1338,0,4,60325
v_proj,1338,0,4,59987
rope,1338,0,4,74258
o_proj,1338,0,4,168625
post_layernorm,1338,0,4,37532
gate,1338,0,4,100226
expert.w1,1338,0,4,174016
expert.w3,1338,0,4,174162
act_fn,1338,0,4,13942
expert.w2,1338,0,4,184660
final_layernorm,1338,0,4,37622
lm_head,1338,0,4,1290445
embedding,1339,0,4,56347
input_layernorm,1339,0,4,37605
q_proj,1339,0,4,187929
k_proj,1339,0,4,60252
v_proj,1339,0,4,59923
rope,1339,0,4,74229
o_proj,1339,0,4,168512
post_layernorm,1339,0,4,37721
gate,1339,0,4,100482
expert.w1,1339,0,4,173665
expert.w3,1339,0,4,173921
act_fn,1339,0,4,13972
expert.w2,1339,0,4,184431
final_layernorm,1339,0,4,37671
lm_head,1339,0,4,1289307
embedding,1340,0,4,56471
input_layernorm,1340,0,4,37666
q_proj,1340,0,4,188332
k_proj,1340,0,4,60386
v_proj,1340,0,4,60068
rope,1340,0,4,74753
o_proj,1340,0,4,168796
post_layernorm,1340,0,4,37813
gate,1340,0,4,100478
expert.w1,1340,0,4,174181
expert.w3,1340,0,4,174218
act_fn,1340,0,4,13994
expert.w2,1340,0,4,184935
final_layernorm,1340,0,4,37886
lm_head,1340,0,4,1291555
embedding,1341,0,4,56524
input_layernorm,1341,0,4,37736
q_proj,1341,0,4,188217
k_proj,1341,0,4,60360
v_proj,1341,0,4,60027
rope,1341,0,4,74406
o_proj,1341,0,4,168743
post_layernorm,1341,0,4,37710
gate,1341,0,4,100747
expert.w1,1341,0,4,173822
expert.w3,1341,0,4,174276
act_fn,1341,0,4,14044
expert.w2,1341,0,4,184689
final_layernorm,1341,0,4,37734
lm_head,1341,0,4,1289524
embedding,1342,0,4,56433
input_layernorm,1342,0,4,37782
q_proj,1342,0,4,189605
k_proj,1342,0,4,60808
v_proj,1342,0,4,60487
rope,1342,0,4,74742
o_proj,1342,0,4,169873
post_layernorm,1342,0,4,37636
gate,1342,0,4,100911
expert.w1,1342,0,4,175099
expert.w3,1342,0,4,175339
act_fn,1342,0,4,13930
expert.w2,1342,0,4,185936
final_layernorm,1342,0,4,37841
lm_head,1342,0,4,1300893
embedding,1343,0,4,56007
input_layernorm,1343,0,4,37629
q_proj,1343,0,4,186164
k_proj,1343,0,4,59688
v_proj,1343,0,4,59362
rope,1343,0,4,73928
o_proj,1343,0,4,167020
post_layernorm,1343,0,4,37613
gate,1343,0,4,99975
expert.w1,1343,0,4,171989
expert.w3,1343,0,4,172690
act_fn,1343,0,4,13821
expert.w2,1343,0,4,182924
final_layernorm,1343,0,4,37584
lm_head,1343,0,4,1276931
embedding,1344,0,4,56304
input_layernorm,1344,0,4,37686
q_proj,1344,0,4,187948
k_proj,1344,0,4,60249
v_proj,1344,0,4,59923
rope,1344,0,4,74751
o_proj,1344,0,4,168444
post_layernorm,1344,0,4,37697
gate,1344,0,4,95969
expert.w1,1344,0,4,174000
expert.w3,1344,0,4,173985
act_fn,1344,0,4,14178
expert.w2,1344,0,4,184761
final_layernorm,1344,0,4,37924
lm_head,1344,0,4,1289279
embedding,1345,0,4,56726
input_layernorm,1345,0,4,37687
q_proj,1345,0,4,187952
k_proj,1345,0,4,60326
v_proj,1345,0,4,59957
rope,1345,0,4,74332
o_proj,1345,0,4,168630
post_layernorm,1345,0,4,37802
gate,1345,0,4,96665
expert.w1,1345,0,4,174017
expert.w3,1345,0,4,174146
act_fn,1345,0,4,13961
expert.w2,1345,0,4,184608
final_layernorm,1345,0,4,37728
lm_head,1345,0,4,1289235
embedding,1346,0,4,56657
input_layernorm,1346,0,4,37781
q_proj,1346,0,4,188659
k_proj,1346,0,4,60552
v_proj,1346,0,4,60192
rope,1346,0,4,74594
o_proj,1346,0,4,169229
post_layernorm,1346,0,4,37738
gate,1346,0,4,96927
expert.w1,1346,0,4,174215
expert.w3,1346,0,4,174602
act_fn,1346,0,4,14215
expert.w2,1346,0,4,185349
final_layernorm,1346,0,4,37862
lm_head,1346,0,4,1293867
embedding,1347,0,4,56141
input_layernorm,1347,0,4,37753
q_proj,1347,0,4,188403
k_proj,1347,0,4,60467
v_proj,1347,0,4,60106
rope,1347,0,4,74575
o_proj,1347,0,4,168977
post_layernorm,1347,0,4,37873
gate,1347,0,4,96828
expert.w1,1347,0,4,174174
expert.w3,1347,0,4,174215
act_fn,1347,0,4,14101
expert.w2,1347,0,4,184993
final_layernorm,1347,0,4,37849
lm_head,1347,0,4,1291326
embedding,1348,0,4,57010
input_layernorm,1348,0,4,37908
q_proj,1348,0,4,189611
k_proj,1348,0,4,60868
v_proj,1348,0,4,60508
rope,1348,0,4,75185
o_proj,1348,0,4,170035
post_layernorm,1348,0,4,37727
gate,1348,0,4,97167
expert.w1,1348,0,4,175343
expert.w3,1348,0,4,175192
act_fn,1348,0,4,14068
expert.w2,1348,0,4,186238
final_layernorm,1348,0,4,37882
lm_head,1348,0,4,1300679
embedding,1349,0,4,57118
input_layernorm,1349,0,4,37909
q_proj,1349,0,4,189627
k_proj,1349,0,4,60866
v_proj,1349,0,4,60501
rope,1349,0,4,74866
o_proj,1349,0,4,170069
post_layernorm,1349,0,4,37980
gate,1349,0,4,97488
expert.w1,1349,0,4,175321
expert.w3,1349,0,4,175233
act_fn,1349,0,4,14095
expert.w2,1349,0,4,186196
final_layernorm,1349,0,4,38014
lm_head,1349,0,4,1300744
embedding,1350,0,4,57295
input_layernorm,1350,0,4,37884
q_proj,1350,0,4,189624
k_proj,1350,0,4,60847
v_proj,1350,0,4,60492
rope,1350,0,4,74902
o_proj,1350,0,4,170060
post_layernorm,1350,0,4,37890
gate,1350,0,4,97154
expert.w1,1350,0,4,175326
expert.w3,1350,0,4,175095
act_fn,1350,0,4,14154
expert.w2,1350,0,4,186212
final_layernorm,1350,0,4,37987
lm_head,1350,0,4,1300674
embedding,1351,0,4,56724
input_layernorm,1351,0,4,37881
q_proj,1351,0,4,187457
k_proj,1351,0,4,60164
v_proj,1351,0,4,59804
rope,1351,0,4,74427
o_proj,1351,0,4,167984
post_layernorm,1351,0,4,37804
gate,1351,0,4,96772
expert.w1,1351,0,4,173264
expert.w3,1351,0,4,173511
act_fn,1351,0,4,14098
expert.w2,1351,0,4,184033
final_layernorm,1351,0,4,38078
lm_head,1351,0,4,1285023
embedding,1352,0,4,57403
input_layernorm,1352,0,4,37985
q_proj,1352,0,4,189651
k_proj,1352,0,4,60875
v_proj,1352,0,4,60524
rope,1352,0,4,75284
o_proj,1352,0,4,170040
post_layernorm,1352,0,4,37907
gate,1352,0,4,97425
expert.w1,1352,0,4,175117
expert.w3,1352,0,4,175272
act_fn,1352,0,4,14259
expert.w2,1352,0,4,186105
final_layernorm,1352,0,4,37991
lm_head,1352,0,4,1300846
embedding,1353,0,4,57026
input_layernorm,1353,0,4,37977
q_proj,1353,0,4,187959
k_proj,1353,0,4,60308
v_proj,1353,0,4,59961
rope,1353,0,4,74671
o_proj,1353,0,4,186575
post_layernorm,1353,0,4,37954
gate,1353,0,4,97432
expert.w1,1353,0,4,173794
expert.w3,1353,0,4,174087
act_fn,1353,0,4,14273
expert.w2,1353,0,4,184547
final_layernorm,1353,0,4,38021
lm_head,1353,0,4,1289323
embedding,1354,0,4,57255
input_layernorm,1354,0,4,37930
q_proj,1354,0,4,187971
k_proj,1354,0,4,60311
v_proj,1354,0,4,59964
rope,1354,0,4,74619
o_proj,1354,0,4,186563
post_layernorm,1354,0,4,37866
gate,1354,0,4,97058
expert.w1,1354,0,4,173898
expert.w3,1354,0,4,174163
act_fn,1354,0,4,14229
expert.w2,1354,0,4,184496
final_layernorm,1354,0,4,37880
lm_head,1354,0,4,1289486
embedding,1355,0,4,56558
input_layernorm,1355,0,4,37869
q_proj,1355,0,4,186560
k_proj,1355,0,4,59848
v_proj,1355,0,4,59516
rope,1355,0,4,74303
o_proj,1355,0,4,185009
post_layernorm,1355,0,4,37963
gate,1355,0,4,96834
expert.w1,1355,0,4,172750
expert.w3,1355,0,4,172996
act_fn,1355,0,4,14072
expert.w2,1355,0,4,183313
final_layernorm,1355,0,4,37803
lm_head,1355,0,4,1279643
embedding,1356,0,4,57003
input_layernorm,1356,0,4,37991
q_proj,1356,0,4,187600
k_proj,1356,0,4,60191
v_proj,1356,0,4,59842
rope,1356,0,4,74834
o_proj,1356,0,4,186210
post_layernorm,1356,0,4,37864
gate,1356,0,4,97215
expert.w1,1356,0,4,173378
expert.w3,1356,0,4,173824
act_fn,1356,0,4,14196
expert.w2,1356,0,4,184395
final_layernorm,1356,0,4,37939
lm_head,1356,0,4,1286895
embedding,1357,0,4,57118
input_layernorm,1357,0,4,37965
q_proj,1357,0,4,188185
k_proj,1357,0,4,60377
v_proj,1357,0,4,60026
rope,1357,0,4,74806
o_proj,1357,0,4,186812
post_layernorm,1357,0,4,37998
gate,1357,0,4,97535
expert.w1,1357,0,4,173850
expert.w3,1357,0,4,174188
act_fn,1357,0,4,14240
expert.w2,1357,0,4,184843
final_layernorm,1357,0,4,37879
lm_head,1357,0,4,1290430
embedding,1358,0,4,57175
input_layernorm,1358,0,4,38031
q_proj,1358,0,4,187962
k_proj,1358,0,4,60314
v_proj,1358,0,4,59965
rope,1358,0,4,74796
o_proj,1358,0,4,186594
post_layernorm,1358,0,4,37953
gate,1358,0,4,97413
expert.w1,1358,0,4,173716
expert.w3,1358,0,4,174128
act_fn,1358,0,4,14231
expert.w2,1358,0,4,184629
final_layernorm,1358,0,4,37822
lm_head,1358,0,4,1289473
embedding,1359,0,4,56476
input_layernorm,1359,0,4,38030
q_proj,1359,0,4,186204
k_proj,1359,0,4,59754
v_proj,1359,0,4,59400
rope,1359,0,4,74508
o_proj,1359,0,4,184652
post_layernorm,1359,0,4,38019
gate,1359,0,4,97193
expert.w1,1359,0,4,172085
expert.w3,1359,0,4,172952
act_fn,1359,0,4,14408
expert.w2,1359,0,4,183022
final_layernorm,1359,0,4,37782
lm_head,1359,0,4,1277190
embedding,1360,0,4,57186
input_layernorm,1360,0,4,38059
q_proj,1360,0,4,187969
k_proj,1360,0,4,60325
v_proj,1360,0,4,59973
rope,1360,0,4,75290
o_proj,1360,0,4,186578
post_layernorm,1360,0,4,38071
gate,1360,0,4,97388
expert.w1,1360,0,4,173754
expert.w3,1360,0,4,174215
act_fn,1360,0,4,14227
expert.w2,1360,0,4,184852
final_layernorm,1360,0,4,37979
lm_head,1360,0,4,1289478
embedding,1361,0,4,57213
input_layernorm,1361,0,4,38151
q_proj,1361,0,4,188188
k_proj,1361,0,4,60391
v_proj,1361,0,4,60031
rope,1361,0,4,75020
o_proj,1361,0,4,186804
post_layernorm,1361,0,4,38115
gate,1361,0,4,98304
expert.w1,1361,0,4,173929
expert.w3,1361,0,4,174221
act_fn,1361,0,4,14353
expert.w2,1361,0,4,184953
final_layernorm,1361,0,4,37827
lm_head,1361,0,4,1290284
embedding,1362,0,4,57217
input_layernorm,1362,0,4,38116
q_proj,1362,0,4,188602
k_proj,1362,0,4,60521
v_proj,1362,0,4,60181
rope,1362,0,4,75095
o_proj,1362,0,4,187198
post_layernorm,1362,0,4,37946
gate,1362,0,4,98236
expert.w1,1362,0,4,174475
expert.w3,1362,0,4,174510
act_fn,1362,0,4,14244
expert.w2,1362,0,4,185580
final_layernorm,1362,0,4,38024
lm_head,1362,0,4,1293328
embedding,1363,0,4,56814
input_layernorm,1363,0,4,38191
q_proj,1363,0,4,186712
k_proj,1363,0,4,59885
v_proj,1363,0,4,59549
rope,1363,0,4,74640
o_proj,1363,0,4,185315
post_layernorm,1363,0,4,38060
gate,1363,0,4,97876
expert.w1,1363,0,4,172494
expert.w3,1363,0,4,173040
act_fn,1363,0,4,14280
expert.w2,1363,0,4,183844
final_layernorm,1363,0,4,37986
lm_head,1363,0,4,1281200
embedding,1364,0,4,57485
input_layernorm,1364,0,4,38209
q_proj,1364,0,4,187982
k_proj,1364,0,4,60315
v_proj,1364,0,4,59966
rope,1364,0,4,75372
o_proj,1364,0,4,186552
post_layernorm,1364,0,4,38132
gate,1364,0,4,97958
expert.w1,1364,0,4,173665
expert.w3,1364,0,4,174162
act_fn,1364,0,4,14284
expert.w2,1364,0,4,185045
final_layernorm,1364,0,4,38111
lm_head,1364,0,4,1289588
embedding,1365,0,4,57128
input_layernorm,1365,0,4,38257
q_proj,1365,0,4,188535
k_proj,1365,0,4,60492
v_proj,1365,0,4,60153
rope,1365,0,4,75162
o_proj,1365,0,4,187196
post_layernorm,1365,0,4,38234
gate,1365,0,4,98335
expert.w1,1365,0,4,174257
expert.w3,1365,0,4,174465
act_fn,1365,0,4,14360
expert.w2,1365,0,4,185470
final_layernorm,1365,0,4,37958
lm_head,1365,0,4,1292743
embedding,1366,0,4,57155
input_layernorm,1366,0,4,38202
q_proj,1366,0,4,187980
k_proj,1366,0,4,60316
v_proj,1366,0,4,59971
rope,1366,0,4,75075
o_proj,1366,0,4,186617
post_layernorm,1366,0,4,38206
gate,1366,0,4,97848
expert.w1,1366,0,4,173963
expert.w3,1366,0,4,174178
act_fn,1366,0,4,14147
expert.w2,1366,0,4,184904
final_layernorm,1366,0,4,38076
lm_head,1366,0,4,1289520
embedding,1367,0,4,57312
input_layernorm,1367,0,4,38207
q_proj,1367,0,4,187993
k_proj,1367,0,4,60319
v_proj,1367,0,4,59970
rope,1367,0,4,75046
o_proj,1367,0,4,186642
post_layernorm,1367,0,4,38270
gate,1367,0,4,98260
expert.w1,1367,0,4,173675
expert.w3,1367,0,4,173984
act_fn,1367,0,4,14131
expert.w2,1367,0,4,184718
final_layernorm,1367,0,4,38053
lm_head,1367,0,4,1289345
embedding,1368,0,4,57680
input_layernorm,1368,0,4,38318
q_proj,1368,0,4,188845
k_proj,1368,0,4,60606
v_proj,1368,0,4,60258
rope,1368,0,4,75635
o_proj,1368,0,4,187360
post_layernorm,1368,0,4,38138
gate,1368,0,4,98126
expert.w1,1368,0,4,174563
expert.w3,1368,0,4,174561
act_fn,1368,0,4,14099
expert.w2,1368,0,4,185553
final_layernorm,1368,0,4,38408
lm_head,1368,0,4,1294636
embedding,1369,0,4,57768
input_layernorm,1369,0,4,38365
q_proj,1369,0,4,189668
k_proj,1369,0,4,60866
v_proj,1369,0,4,60509
rope,1369,0,4,75544
o_proj,1369,0,4,188267
post_layernorm,1369,0,4,38408
gate,1369,0,4,99548
expert.w1,1369,0,4,175386
expert.w3,1369,0,4,175287
act_fn,1369,0,4,14283
expert.w2,1369,0,4,186222
final_layernorm,1369,0,4,38176
lm_head,1369,0,4,1300935
embedding,1370,0,4,57927
input_layernorm,1370,0,4,38383
q_proj,1370,0,4,189694
k_proj,1370,0,4,60889
v_proj,1370,0,4,60532
rope,1370,0,4,75621
o_proj,1370,0,4,188273
post_layernorm,1370,0,4,38232
gate,1370,0,4,99177
expert.w1,1370,0,4,175163
expert.w3,1370,0,4,175324
act_fn,1370,0,4,14326
expert.w2,1370,0,4,186305
final_layernorm,1370,0,4,38223
lm_head,1370,0,4,1300972
embedding,1371,0,4,57607
input_layernorm,1371,0,4,38297
q_proj,1371,0,4,188503
k_proj,1371,0,4,60494
v_proj,1371,0,4,60142
rope,1371,0,4,75349
o_proj,1371,0,4,187161
post_layernorm,1371,0,4,38372
gate,1371,0,4,99050
expert.w1,1371,0,4,174271
expert.w3,1371,0,4,174408
act_fn,1371,0,4,14320
expert.w2,1371,0,4,185168
final_layernorm,1371,0,4,38213
lm_head,1371,0,4,1292713
embedding,1372,0,4,57452
input_layernorm,1372,0,4,38297
q_proj,1372,0,4,186907
k_proj,1372,0,4,59973
v_proj,1372,0,4,59639
rope,1372,0,4,75342
o_proj,1372,0,4,185398
post_layernorm,1372,0,4,38302
gate,1372,0,4,98282
expert.w1,1372,0,4,172493
expert.w3,1372,0,4,173436
act_fn,1372,0,4,14162
expert.w2,1372,0,4,183989
final_layernorm,1372,0,4,38321
lm_head,1372,0,4,1281003
embedding,1373,0,4,57707
input_layernorm,1373,0,4,38328
q_proj,1373,0,4,188297
k_proj,1373,0,4,60416
v_proj,1373,0,4,60070
rope,1373,0,4,75403
o_proj,1373,0,4,186866
post_layernorm,1373,0,4,38526
gate,1373,0,4,99257
expert.w1,1373,0,4,174015
expert.w3,1373,0,4,174231
act_fn,1373,0,4,14188
expert.w2,1373,0,4,185072
final_layernorm,1373,0,4,38257
lm_head,1373,0,4,1291017
embedding,1374,0,4,57927
input_layernorm,1374,0,4,38333
q_proj,1374,0,4,187984
k_proj,1374,0,4,60331
v_proj,1374,0,4,59972
rope,1374,0,4,75445
o_proj,1374,0,4,186625
post_layernorm,1374,0,4,38263
gate,1374,0,4,98727
expert.w1,1374,0,4,173815
expert.w3,1374,0,4,174197
act_fn,1374,0,4,14126
expert.w2,1374,0,4,184683
final_layernorm,1374,0,4,38177
lm_head,1374,0,4,1289620
embedding,1375,0,4,57857
input_layernorm,1375,0,4,38343
q_proj,1375,0,4,188163
k_proj,1375,0,4,60368
v_proj,1375,0,4,60025
rope,1375,0,4,75482
o_proj,1375,0,4,186755
post_layernorm,1375,0,4,38411
gate,1375,0,4,98987
expert.w1,1375,0,4,174055
expert.w3,1375,0,4,174164
act_fn,1375,0,4,14241
expert.w2,1375,0,4,185104
final_layernorm,1375,0,4,38231
lm_head,1375,0,4,1290178
embedding,1376,0,4,57982
input_layernorm,1376,0,4,38357
q_proj,1376,0,4,187985
k_proj,1376,0,4,60322
v_proj,1376,0,4,59965
rope,1376,0,4,75825
o_proj,1376,0,4,186634
post_layernorm,1376,0,4,38291
gate,1376,0,4,98734
expert.w1,1376,0,4,173980
expert.w3,1376,0,4,174082
act_fn,1376,0,4,14250
expert.w2,1376,0,4,184961
final_layernorm,1376,0,4,38426
lm_head,1376,0,4,1289391
embedding,1377,0,4,58006
input_layernorm,1377,0,4,38502
q_proj,1377,0,4,188844
k_proj,1377,0,4,60594
v_proj,1377,0,4,60235
rope,1377,0,4,75763
o_proj,1377,0,4,187388
post_layernorm,1377,0,4,38561
gate,1377,0,4,99722
expert.w1,1377,0,4,174448
expert.w3,1377,0,4,174637
act_fn,1377,0,4,14254
expert.w2,1377,0,4,185369
final_layernorm,1377,0,4,38271
lm_head,1377,0,4,1294201
embedding,1378,0,4,58090
input_layernorm,1378,0,4,38558
q_proj,1378,0,4,188712
k_proj,1378,0,4,60555
v_proj,1378,0,4,60198
rope,1378,0,4,75765
o_proj,1378,0,4,187245
post_layernorm,1378,0,4,38386
gate,1378,0,4,99448
expert.w1,1378,0,4,174462
expert.w3,1378,0,4,174516
act_fn,1378,0,4,14246
expert.w2,1378,0,4,185400
final_layernorm,1378,0,4,38303
lm_head,1378,0,4,1293843
embedding,1379,0,4,57722
input_layernorm,1379,0,4,38400
q_proj,1379,0,4,188259
k_proj,1379,0,4,60395
v_proj,1379,0,4,60044
rope,1379,0,4,75695
o_proj,1379,0,4,186872
post_layernorm,1379,0,4,38517
gate,1379,0,4,99555
expert.w1,1379,0,4,173997
expert.w3,1379,0,4,174196
act_fn,1379,0,4,14342
expert.w2,1379,0,4,185063
final_layernorm,1379,0,4,38412
lm_head,1379,0,4,1290963
embedding,1380,0,4,58073
input_layernorm,1380,0,4,38446
q_proj,1380,0,4,187887
k_proj,1380,0,4,60268
v_proj,1380,0,4,59922
rope,1380,0,4,75925
o_proj,1380,0,4,186454
post_layernorm,1380,0,4,38561
gate,1380,0,4,99382
expert.w1,1380,0,4,173660
expert.w3,1380,0,4,174075
act_fn,1380,0,4,14380
expert.w2,1380,0,4,184533
final_layernorm,1380,0,4,38514
lm_head,1380,0,4,1288605
embedding,1381,0,4,57889
input_layernorm,1381,0,4,38495
q_proj,1381,0,4,188272
k_proj,1381,0,4,60402
v_proj,1381,0,4,60040
rope,1381,0,4,75856
o_proj,1381,0,4,186881
post_layernorm,1381,0,4,38680
gate,1381,0,4,99256
expert.w1,1381,0,4,173937
expert.w3,1381,0,4,174303
act_fn,1381,0,4,14285
expert.w2,1381,0,4,185012
final_layernorm,1381,0,4,38468
lm_head,1381,0,4,1290905
embedding,1382,0,4,58124
input_layernorm,1382,0,4,38630
q_proj,1382,0,4,189704
k_proj,1382,0,4,60872
v_proj,1382,0,4,60522
rope,1382,0,4,76159
o_proj,1382,0,4,188250
post_layernorm,1382,0,4,38601
gate,1382,0,4,99683
expert.w1,1382,0,4,175247
expert.w3,1382,0,4,175368
act_fn,1382,0,4,14351
expert.w2,1382,0,4,186422
final_layernorm,1382,0,4,38607
lm_head,1382,0,4,1301102
embedding,1383,0,4,58008
input_layernorm,1383,0,4,38540
q_proj,1383,0,4,188414
k_proj,1383,0,4,60436
v_proj,1383,0,4,60091
rope,1383,0,4,75909
o_proj,1383,0,4,187022
post_layernorm,1383,0,4,38702
gate,1383,0,4,99278
expert.w1,1383,0,4,174215
expert.w3,1383,0,4,174446
act_fn,1383,0,4,14448
expert.w2,1383,0,4,185054
final_layernorm,1383,0,4,38533
lm_head,1383,0,4,1291907
embedding,1384,0,4,57755
input_layernorm,1384,0,4,38675
q_proj,1384,0,4,187151
k_proj,1384,0,4,60042
v_proj,1384,0,4,59713
rope,1384,0,4,75832
o_proj,1384,0,4,185778
post_layernorm,1384,0,4,38640
gate,1384,0,4,98704
expert.w1,1384,0,4,172949
expert.w3,1384,0,4,173850
act_fn,1384,0,4,14321
expert.w2,1384,0,4,184066
final_layernorm,1384,0,4,38645
lm_head,1384,0,4,1283886
embedding,1385,0,4,58404
input_layernorm,1385,0,4,38598
q_proj,1385,0,4,189683
k_proj,1385,0,4,60881
v_proj,1385,0,4,60531
rope,1385,0,4,76255
o_proj,1385,0,4,188301
post_layernorm,1385,0,4,38778
gate,1385,0,4,100325
expert.w1,1385,0,4,175285
expert.w3,1385,0,4,175545
act_fn,1385,0,4,14343
expert.w2,1385,0,4,186438
final_layernorm,1385,0,4,38566
lm_head,1385,0,4,1300833
embedding,1386,0,4,58144
input_layernorm,1386,0,4,38569
q_proj,1386,0,4,188293
k_proj,1386,0,4,60401
v_proj,1386,0,4,60058
rope,1386,0,4,76021
o_proj,1386,0,4,186908
post_layernorm,1386,0,4,38689
gate,1386,0,4,99524
expert.w1,1386,0,4,173903
expert.w3,1386,0,4,174424
act_fn,1386,0,4,14371
expert.w2,1386,0,4,185235
final_layernorm,1386,0,4,38508
lm_head,1386,0,4,1291173
embedding,1387,0,4,57978
input_layernorm,1387,0,4,38660
q_proj,1387,0,4,188005
k_proj,1387,0,4,60302
v_proj,1387,0,4,59977
rope,1387,0,4,76020
o_proj,1387,0,4,186714
post_layernorm,1387,0,4,38759
gate,1387,0,4,99802
expert.w1,1387,0,4,173762
expert.w3,1387,0,4,174192
act_fn,1387,0,4,14469
expert.w2,1387,0,4,184787
final_layernorm,1387,0,4,38454
lm_head,1387,0,4,1289811
embedding,1388,0,4,58059
input_layernorm,1388,0,4,38733
q_proj,1388,0,4,187475
k_proj,1388,0,4,60129
v_proj,1388,0,4,59784
rope,1388,0,4,76175
o_proj,1388,0,4,185935
post_layernorm,1388,0,4,38562
gate,1388,0,4,99383
expert.w1,1388,0,4,173263
expert.w3,1388,0,4,173898
act_fn,1388,0,4,14341
expert.w2,1388,0,4,184363
final_layernorm,1388,0,4,38683
lm_head,1388,0,4,1285283
embedding,1389,0,4,57917
input_layernorm,1389,0,4,38703
q_proj,1389,0,4,186303
k_proj,1389,0,4,59753
v_proj,1389,0,4,59415
rope,1389,0,4,75639
o_proj,1389,0,4,184754
post_layernorm,1389,0,4,38729
gate,1389,0,4,99183
expert.w1,1389,0,4,172207
expert.w3,1389,0,4,173186
act_fn,1389,0,4,14316
expert.w2,1389,0,4,183449
final_layernorm,1389,0,4,38526
lm_head,1389,0,4,1277903
embedding,1390,0,4,57947
input_layernorm,1390,0,4,38767
q_proj,1390,0,4,186680
k_proj,1390,0,4,59870
v_proj,1390,0,4,59544
rope,1390,0,4,75772
o_proj,1390,0,4,185054
post_layernorm,1390,0,4,38745
gate,1390,0,4,99179
expert.w1,1390,0,4,172399
expert.w3,1390,0,4,173243
act_fn,1390,0,4,14551
expert.w2,1390,0,4,183670
final_layernorm,1390,0,4,38535
lm_head,1390,0,4,1280351
embedding,1391,0,4,58780
input_layernorm,1391,0,4,38856
q_proj,1391,0,4,189722
k_proj,1391,0,4,60862
v_proj,1391,0,4,60516
rope,1391,0,4,76504
o_proj,1391,0,4,188283
post_layernorm,1391,0,4,38895
gate,1391,0,4,100420
expert.w1,1391,0,4,175306
expert.w3,1391,0,4,175514
act_fn,1391,0,4,14430
expert.w2,1391,0,4,186240
final_layernorm,1391,0,4,38691
lm_head,1391,0,4,1300993
embedding,1392,0,4,58671
input_layernorm,1392,0,4,38787
q_proj,1392,0,4,188370
k_proj,1392,0,4,60423
v_proj,1392,0,4,60079
rope,1392,0,4,76663
o_proj,1392,0,4,187012
post_layernorm,1392,0,4,38834
gate,1392,0,4,100017
expert.w1,1392,0,4,173951
expert.w3,1392,0,4,174427
act_fn,1392,0,4,14506
expert.w2,1392,0,4,185205
final_layernorm,1392,0,4,38914
lm_head,1392,0,4,1291847
embedding,1393,0,4,58419
input_layernorm,1393,0,4,38875
q_proj,1393,0,4,188029
k_proj,1393,0,4,60309
v_proj,1393,0,4,59981
rope,1393,0,4,76394
o_proj,1393,0,4,186696
post_layernorm,1393,0,4,38831
gate,1393,0,4,100613
expert.w1,1393,0,4,173900
expert.w3,1393,0,4,174102
act_fn,1393,0,4,14486
expert.w2,1393,0,4,185008
final_layernorm,1393,0,4,38717
lm_head,1393,0,4,1289573
embedding,1394,0,4,58808
input_layernorm,1394,0,4,38938
q_proj,1394,0,4,188018
k_proj,1394,0,4,60313
v_proj,1394,0,4,59990
rope,1394,0,4,76409
o_proj,1394,0,4,186689
post_layernorm,1394,0,4,38795
gate,1394,0,4,100303
expert.w1,1394,0,4,173660
expert.w3,1394,0,4,174458
act_fn,1394,0,4,14567
expert.w2,1394,0,4,184844
final_layernorm,1394,0,4,38758
lm_head,1394,0,4,1289812
embedding,1395,0,4,58884
input_layernorm,1395,0,4,38853
q_proj,1395,0,4,188658
k_proj,1395,0,4,60513
v_proj,1395,0,4,60190
rope,1395,0,4,76674
o_proj,1395,0,4,187298
post_layernorm,1395,0,4,38850
gate,1395,0,4,100811
expert.w1,1395,0,4,174522
expert.w3,1395,0,4,174722
act_fn,1395,0,4,14405
expert.w2,1395,0,4,185481
final_layernorm,1395,0,4,38724
lm_head,1395,0,4,1293532
embedding,1396,0,4,58744
input_layernorm,1396,0,4,38793
q_proj,1396,0,4,188045
k_proj,1396,0,4,60317
v_proj,1396,0,4,59982
rope,1396,0,4,77000
o_proj,1396,0,4,186704
post_layernorm,1396,0,4,38800
gate,1396,0,4,100469
expert.w1,1396,0,4,173836
expert.w3,1396,0,4,174229
act_fn,1396,0,4,14519
expert.w2,1396,0,4,184965
final_layernorm,1396,0,4,38917
lm_head,1396,0,4,1289942
embedding,1397,0,4,58865
input_layernorm,1397,0,4,38901
q_proj,1397,0,4,188060
k_proj,1397,0,4,60313
v_proj,1397,0,4,59975
rope,1397,0,4,76717
o_proj,1397,0,4,186726
post_layernorm,1397,0,4,38860
gate,1397,0,4,100869
expert.w1,1397,0,4,173809
expert.w3,1397,0,4,174096
act_fn,1397,0,4,14549
expert.w2,1397,0,4,184877
final_layernorm,1397,0,4,38811
lm_head,1397,0,4,1289909
embedding,1398,0,4,58269
input_layernorm,1398,0,4,38850
q_proj,1398,0,4,186076
k_proj,1398,0,4,59670
v_proj,1398,0,4,59344
rope,1398,0,4,76322
o_proj,1398,0,4,184590
post_layernorm,1398,0,4,38935
gate,1398,0,4,99788
expert.w1,1398,0,4,171742
expert.w3,1398,0,4,173183
act_fn,1398,0,4,14639
expert.w2,1398,0,4,183390
final_layernorm,1398,0,4,38920
lm_head,1398,0,4,1276335
embedding,1399,0,4,58887
input_layernorm,1399,0,4,39050
q_proj,1399,0,4,189728
k_proj,1399,0,4,60854
v_proj,1399,0,4,60508
rope,1399,0,4,77091
o_proj,1399,0,4,188355
post_layernorm,1399,0,4,39161
gate,1399,0,4,101392
expert.w1,1399,0,4,175390
expert.w3,1399,0,4,175519
act_fn,1399,0,4,14655
expert.w2,1399,0,4,186715
final_layernorm,1399,0,4,38943
lm_head,1399,0,4,1301380
embedding,1400,0,4,58784
input_layernorm,1400,0,4,39041
q_proj,1400,0,4,188281
k_proj,1400,0,4,60392
v_proj,1400,0,4,60048
rope,1400,0,4,77183
o_proj,1400,0,4,186934
post_layernorm,1400,0,4,38950
gate,1400,0,4,100837
expert.w1,1400,0,4,174036
expert.w3,1400,0,4,174488
act_fn,1400,0,4,14729
expert.w2,1400,0,4,185126
final_layernorm,1400,0,4,39190
lm_head,1400,0,4,1291231
embedding,1401,0,4,58668
input_layernorm,1401,0,4,39051
q_proj,1401,0,4,188062
k_proj,1401,0,4,60308
v_proj,1401,0,4,59973
rope,1401,0,4,76800
o_proj,1401,0,4,186740
post_layernorm,1401,0,4,39103
gate,1401,0,4,101298
expert.w1,1401,0,4,173782
expert.w3,1401,0,4,174374
act_fn,1401,0,4,14775
expert.w2,1401,0,4,185152
final_layernorm,1401,0,4,39004
lm_head,1401,0,4,1289785
embedding,1402,0,4,59019
input_layernorm,1402,0,4,39146
q_proj,1402,0,4,189019
k_proj,1402,0,4,60615
v_proj,1402,0,4,60270
rope,1402,0,4,77082
o_proj,1402,0,4,187584
post_layernorm,1402,0,4,39313
gate,1402,0,4,101222
expert.w1,1402,0,4,174730
expert.w3,1402,0,4,174923
act_fn,1402,0,4,14723
expert.w2,1402,0,4,186000
final_layernorm,1402,0,4,39042
lm_head,1402,0,4,1296070
embedding,1403,0,4,58318
input_layernorm,1403,0,4,38983
q_proj,1403,0,4,185719
k_proj,1403,0,4,59556
v_proj,1403,0,4,59221
rope,1403,0,4,76178
o_proj,1403,0,4,184274
post_layernorm,1403,0,4,39011
gate,1403,0,4,100721
expert.w1,1403,0,4,171505
expert.w3,1403,0,4,173029
act_fn,1403,0,4,14619
expert.w2,1403,0,4,183440
final_layernorm,1403,0,4,38910
lm_head,1403,0,4,1274084
embedding,1404,0,4,59117
input_layernorm,1404,0,4,39163
q_proj,1404,0,4,188609
k_proj,1404,0,4,60492
v_proj,1404,0,4,60150
rope,1404,0,4,77354
o_proj,1404,0,4,187269
post_layernorm,1404,0,4,39089
gate,1404,0,4,101482
expert.w1,1404,0,4,174127
expert.w3,1404,0,4,174674
act_fn,1404,0,4,14742
expert.w2,1404,0,4,185651
final_layernorm,1404,0,4,39188
lm_head,1404,0,4,1293438
embedding,1405,0,4,58733
input_layernorm,1405,0,4,39201
q_proj,1405,0,4,188241
k_proj,1405,0,4,60367
v_proj,1405,0,4,60022
rope,1405,0,4,77020
o_proj,1405,0,4,186941
post_layernorm,1405,0,4,39211
gate,1405,0,4,101845
expert.w1,1405,0,4,181654
expert.w3,1405,0,4,180861
act_fn,1405,0,4,14294
expert.w2,1405,0,4,182378
final_layernorm,1405,0,4,39029
lm_head,1405,0,4,1290813
embedding,1406,0,4,58806
input_layernorm,1406,0,4,39246
q_proj,1406,0,4,188052
k_proj,1406,0,4,60308
v_proj,1406,0,4,59970
rope,1406,0,4,76869
o_proj,1406,0,4,186742
post_layernorm,1406,0,4,39339
gate,1406,0,4,101523
expert.w1,1406,0,4,181490
expert.w3,1406,0,4,180744
act_fn,1406,0,4,14358
expert.w2,1406,0,4,182267
final_layernorm,1406,0,4,39148
lm_head,1406,0,4,1289859
embedding,1407,0,4,58306
input_layernorm,1407,0,4,39025
q_proj,1407,0,4,185639
k_proj,1407,0,4,59520
v_proj,1407,0,4,59183
rope,1407,0,4,76230
o_proj,1407,0,4,184123
post_layernorm,1407,0,4,39173
gate,1407,0,4,101011
expert.w1,1407,0,4,179161
expert.w3,1407,0,4,178244
act_fn,1407,0,4,14336
expert.w2,1407,0,4,179893
final_layernorm,1407,0,4,38970
lm_head,1407,0,4,1273406
embedding,1408,0,4,58870
input_layernorm,1408,0,4,39177
q_proj,1408,0,4,187012
k_proj,1408,0,4,59975
v_proj,1408,0,4,59629
rope,1408,0,4,76940
o_proj,1408,0,4,185593
post_layernorm,1408,0,4,39093
gate,1408,0,4,97048
expert.w1,1408,0,4,180447
expert.w3,1408,0,4,179574
act_fn,1408,0,4,14041
expert.w2,1408,0,4,181141
final_layernorm,1408,0,4,39026
lm_head,1408,0,4,1282200
embedding,1409,0,4,58176
input_layernorm,1409,0,4,39103
q_proj,1409,0,4,185142
k_proj,1409,0,4,59381
v_proj,1409,0,4,59054
rope,1409,0,4,76250
o_proj,1409,0,4,183910
post_layernorm,1409,0,4,39571
gate,1409,0,4,97059
expert.w1,1409,0,4,178748
expert.w3,1409,0,4,177815
act_fn,1409,0,4,13880
expert.w2,1409,0,4,179590
final_layernorm,1409,0,4,39202
lm_head,1409,0,4,1270721
embedding,1410,0,4,58995
input_layernorm,1410,0,4,39240
q_proj,1410,0,4,188078
k_proj,1410,0,4,60319
v_proj,1410,0,4,59978
rope,1410,0,4,77054
o_proj,1410,0,4,186773
post_layernorm,1410,0,4,39700
gate,1410,0,4,98072
expert.w1,1410,0,4,181526
expert.w3,1410,0,4,180791
act_fn,1410,0,4,14005
expert.w2,1410,0,4,182251
final_layernorm,1410,0,4,39260
lm_head,1410,0,4,1290212
embedding,1411,0,4,59348
input_layernorm,1411,0,4,39229
q_proj,1411,0,4,188076
k_proj,1411,0,4,60321
v_proj,1411,0,4,59961
rope,1411,0,4,77132
o_proj,1411,0,4,186785
post_layernorm,1411,0,4,39807
gate,1411,0,4,98329
expert.w1,1411,0,4,181535
expert.w3,1411,0,4,180787
act_fn,1411,0,4,14030
expert.w2,1411,0,4,182266
final_layernorm,1411,0,4,39350
lm_head,1411,0,4,1290362
embedding,1412,0,4,59233
input_layernorm,1412,0,4,39326
q_proj,1412,0,4,187910
k_proj,1412,0,4,60254
v_proj,1412,0,4,59926
rope,1412,0,4,77361
o_proj,1412,0,4,186588
post_layernorm,1412,0,4,39669
gate,1412,0,4,98100
expert.w1,1412,0,4,181374
expert.w3,1412,0,4,180614
act_fn,1412,0,4,13995
expert.w2,1412,0,4,181895
final_layernorm,1412,0,4,39188
lm_head,1412,0,4,1288865
embedding,1413,0,4,59461
input_layernorm,1413,0,4,39365
q_proj,1413,0,4,188060
k_proj,1413,0,4,60322
v_proj,1413,0,4,59980
rope,1413,0,4,77161
o_proj,1413,0,4,186781
post_layernorm,1413,0,4,39710
gate,1413,0,4,98655
expert.w1,1413,0,4,181515
expert.w3,1413,0,4,180792
act_fn,1413,0,4,13984
expert.w2,1413,0,4,182107
final_layernorm,1413,0,4,39465
lm_head,1413,0,4,1290246
embedding,1414,0,4,59222
input_layernorm,1414,0,4,39217
q_proj,1414,0,4,187364
k_proj,1414,0,4,60098
v_proj,1414,0,4,59752
rope,1414,0,4,76926
o_proj,1414,0,4,185996
post_layernorm,1414,0,4,39762
gate,1414,0,4,97988
expert.w1,1414,0,4,180749
expert.w3,1414,0,4,180014
act_fn,1414,0,4,14006
expert.w2,1414,0,4,181399
final_layernorm,1414,0,4,39415
lm_head,1414,0,4,1285010
embedding,1415,0,4,59742
input_layernorm,1415,0,4,39468
q_proj,1415,0,4,188326
k_proj,1415,0,4,60404
v_proj,1415,0,4,60059
rope,1415,0,4,77273
o_proj,1415,0,4,187059
post_layernorm,1415,0,4,39765
gate,1415,0,4,98697
expert.w1,1415,0,4,181746
expert.w3,1415,0,4,181028
act_fn,1415,0,4,13953
expert.w2,1415,0,4,182242
final_layernorm,1415,0,4,39606
lm_head,1415,0,4,1291527
embedding,1416,0,4,59531
input_layernorm,1416,0,4,39392
q_proj,1416,0,4,188325
k_proj,1416,0,4,60387
v_proj,1416,0,4,60046
rope,1416,0,4,77534
o_proj,1416,0,4,186961
post_layernorm,1416,0,4,39755
gate,1416,0,4,98534
expert.w1,1416,0,4,181681
expert.w3,1416,0,4,180957
act_fn,1416,0,4,13975
expert.w2,1416,0,4,182175
final_layernorm,1416,0,4,39481
lm_head,1416,0,4,1291540
embedding,1417,0,4,58827
input_layernorm,1417,0,4,39379
q_proj,1417,0,4,185634
k_proj,1417,0,4,59520
v_proj,1417,0,4,59178
rope,1417,0,4,76552
o_proj,1417,0,4,184251
post_layernorm,1417,0,4,39692
gate,1417,0,4,98068
expert.w1,1417,0,4,179119
expert.w3,1417,0,4,178211
act_fn,1417,0,4,13921
expert.w2,1417,0,4,179540
final_layernorm,1417,0,4,39459
lm_head,1417,0,4,1272743
embedding,1418,0,4,59088
input_layernorm,1418,0,4,39390
q_proj,1418,0,4,185952
k_proj,1418,0,4,59624
v_proj,1418,0,4,59286
rope,1418,0,4,76815
o_proj,1418,0,4,184396
post_layernorm,1418,0,4,39745
gate,1418,0,4,98027
expert.w1,1418,0,4,179475
expert.w3,1418,0,4,178616
act_fn,1418,0,4,13871
expert.w2,1418,0,4,179834
final_layernorm,1418,0,4,39583
lm_head,1418,0,4,1275245
embedding,1419,0,4,59492
input_layernorm,1419,0,4,39429
q_proj,1419,0,4,186644
k_proj,1419,0,4,59847
v_proj,1419,0,4,59486
rope,1419,0,4,76864
o_proj,1419,0,4,185080
post_layernorm,1419,0,4,39681
gate,1419,0,4,98466
expert.w1,1419,0,4,180150
expert.w3,1419,0,4,179179
act_fn,1419,0,4,13791
expert.w2,1419,0,4,180419
final_layernorm,1419,0,4,39701
lm_head,1419,0,4,1279746
embedding,1420,0,4,59523
input_layernorm,1420,0,4,39509
q_proj,1420,0,4,188327
k_proj,1420,0,4,60404
v_proj,1420,0,4,60052
rope,1420,0,4,77697
o_proj,1420,0,4,186981
post_layernorm,1420,0,4,39890
gate,1420,0,4,98852
expert.w1,1420,0,4,181681
expert.w3,1420,0,4,180978
act_fn,1420,0,4,14069
expert.w2,1420,0,4,182380
final_layernorm,1420,0,4,39542
lm_head,1420,0,4,1291438
embedding,1421,0,4,59556
input_layernorm,1421,0,4,39505
q_proj,1421,0,4,188088
k_proj,1421,0,4,60316
v_proj,1421,0,4,59983
rope,1421,0,4,77305
o_proj,1421,0,4,186822
post_layernorm,1421,0,4,39873
gate,1421,0,4,98960
expert.w1,1421,0,4,181527
expert.w3,1421,0,4,180819
act_fn,1421,0,4,14114
expert.w2,1421,0,4,182172
final_layernorm,1421,0,4,39795
lm_head,1421,0,4,1290342
embedding,1422,0,4,59263
input_layernorm,1422,0,4,39473
q_proj,1422,0,4,185762
k_proj,1422,0,4,59540
v_proj,1422,0,4,59195
rope,1422,0,4,76734
o_proj,1422,0,4,184267
post_layernorm,1422,0,4,39842
gate,1422,0,4,97968
expert.w1,1422,0,4,179178
expert.w3,1422,0,4,178259
act_fn,1422,0,4,13973
expert.w2,1422,0,4,179573
final_layernorm,1422,0,4,39586
lm_head,1422,0,4,1273561
embedding,1423,0,4,59544
input_layernorm,1423,0,4,39540
q_proj,1423,0,4,188084
k_proj,1423,0,4,60311
v_proj,1423,0,4,59976
rope,1423,0,4,77383
o_proj,1423,0,4,186787
post_layernorm,1423,0,4,39950
gate,1423,0,4,99052
expert.w1,1423,0,4,181484
expert.w3,1423,0,4,180806
act_fn,1423,0,4,14825
expert.w2,1423,0,4,182525
final_layernorm,1423,0,4,39787
lm_head,1423,0,4,1290265
embedding,1424,0,4,59690
input_layernorm,1424,0,4,39625
q_proj,1424,0,4,188105
k_proj,1424,0,4,60322
v_proj,1424,0,4,59982
rope,1424,0,4,77777
o_proj,1424,0,4,186790
post_layernorm,1424,0,4,39957
gate,1424,0,4,98959
expert.w1,1424,0,4,181513
expert.w3,1424,0,4,180812
act_fn,1424,0,4,14791
expert.w2,1424,0,4,182557
final_layernorm,1424,0,4,39586
lm_head,1424,0,4,1290253
embedding,1425,0,4,59770
input_layernorm,1425,0,4,39627
q_proj,1425,0,4,188113
k_proj,1425,0,4,60317
v_proj,1425,0,4,59980
rope,1425,0,4,77438
o_proj,1425,0,4,186813
post_layernorm,1425,0,4,39937
gate,1425,0,4,99384
expert.w1,1425,0,4,181504
expert.w3,1425,0,4,180792
act_fn,1425,0,4,14932
expert.w2,1425,0,4,182351
final_layernorm,1425,0,4,39872
lm_head,1425,0,4,1290406
embedding,1426,0,4,59670
input_layernorm,1426,0,4,39727
q_proj,1426,0,4,188109
k_proj,1426,0,4,60313
v_proj,1426,0,4,59970
rope,1426,0,4,77524
o_proj,1426,0,4,186783
post_layernorm,1426,0,4,40152
gate,1426,0,4,99103
expert.w1,1426,0,4,181516
expert.w3,1426,0,4,180810
act_fn,1426,0,4,14886
expert.w2,1426,0,4,182483
final_layernorm,1426,0,4,39760
lm_head,1426,0,4,1290296
embedding,1427,0,4,59061
input_layernorm,1427,0,4,39580
q_proj,1427,0,4,186106
k_proj,1427,0,4,59663
v_proj,1427,0,4,59342
rope,1427,0,4,77062
o_proj,1427,0,4,184554
post_layernorm,1427,0,4,39981
gate,1427,0,4,98648
expert.w1,1427,0,4,179580
expert.w3,1427,0,4,178691
act_fn,1427,0,4,14901
expert.w2,1427,0,4,180515
final_layernorm,1427,0,4,39788
lm_head,1427,0,4,1275893
embedding,1428,0,4,59681
input_layernorm,1428,0,4,39711
q_proj,1428,0,4,188123
k_proj,1428,0,4,60322
v_proj,1428,0,4,59990
rope,1428,0,4,77869
o_proj,1428,0,4,186810
post_layernorm,1428,0,4,40018
gate,1428,0,4,99229
expert.w1,1428,0,4,181494
expert.w3,1428,0,4,180813
act_fn,1428,0,4,14860
expert.w2,1428,0,4,182535
final_layernorm,1428,0,4,39728
lm_head,1428,0,4,1290480
embedding,1429,0,4,59377
input_layernorm,1429,0,4,39680
q_proj,1429,0,4,187320
k_proj,1429,0,4,60074
v_proj,1429,0,4,59739
rope,1429,0,4,77438
o_proj,1429,0,4,185923
post_layernorm,1429,0,4,40004
gate,1429,0,4,99209
expert.w1,1429,0,4,180720
expert.w3,1429,0,4,179918
act_fn,1429,0,4,14745
expert.w2,1429,0,4,181633
final_layernorm,1429,0,4,39807
lm_head,1429,0,4,1284361
embedding,1430,0,4,59848
input_layernorm,1430,0,4,39698
q_proj,1430,0,4,188138
k_proj,1430,0,4,60331
v_proj,1430,0,4,59994
rope,1430,0,4,77832
o_proj,1430,0,4,186859
post_layernorm,1430,0,4,40153
gate,1430,0,4,99198
expert.w1,1430,0,4,181538
expert.w3,1430,0,4,180850
act_fn,1430,0,4,14799
expert.w2,1430,0,4,182531
final_layernorm,1430,0,4,39956
lm_head,1430,0,4,1290364
embedding,1431,0,4,59865
input_layernorm,1431,0,4,39861
q_proj,1431,0,4,188503
k_proj,1431,0,4,60457
v_proj,1431,0,4,60105
rope,1431,0,4,77914
o_proj,1431,0,4,187211
post_layernorm,1431,0,4,40289
gate,1431,0,4,99612
expert.w1,1431,0,4,181900
expert.w3,1431,0,4,181166
act_fn,1431,0,4,14589
expert.w2,1431,0,4,182620
final_layernorm,1431,0,4,39880
lm_head,1431,0,4,1292715
embedding,1432,0,4,60068
input_layernorm,1432,0,4,39777
q_proj,1432,0,4,188133
k_proj,1432,0,4,60332
v_proj,1432,0,4,59974
rope,1432,0,4,78226
o_proj,1432,0,4,186852
post_layernorm,1432,0,4,40239
gate,1432,0,4,99540
expert.w1,1432,0,4,181537
expert.w3,1432,0,4,180845
act_fn,1432,0,4,14662
expert.w2,1432,0,4,182538
final_layernorm,1432,0,4,39845
lm_head,1432,0,4,1290321
embedding,1433,0,4,60042
input_layernorm,1433,0,4,39860
q_proj,1433,0,4,187445
k_proj,1433,0,4,60109
v_proj,1433,0,4,59764
rope,1433,0,4,77894
o_proj,1433,0,4,186133
post_layernorm,1433,0,4,40109
gate,1433,0,4,99808
expert.w1,1433,0,4,180904
expert.w3,1433,0,4,180087
act_fn,1433,0,4,14724
expert.w2,1433,0,4,181864
final_layernorm,1433,0,4,39928
lm_head,1433,0,4,1285748
embedding,1434,0,4,60283
input_layernorm,1434,0,4,39868
q_proj,1434,0,4,188113
k_proj,1434,0,4,60334
v_proj,1434,0,4,59980
rope,1434,0,4,78104
o_proj,1434,0,4,186828
post_layernorm,1434,0,4,40223
gate,1434,0,4,99831
expert.w1,1434,0,4,181499
expert.w3,1434,0,4,180850
act_fn,1434,0,4,14684
expert.w2,1434,0,4,182278
final_layernorm,1434,0,4,39997
lm_head,1434,0,4,1290515
embedding,1435,0,4,60393
input_layernorm,1435,0,4,39952
q_proj,1435,0,4,188544
k_proj,1435,0,4,60453
v_proj,1435,0,4,60122
rope,1435,0,4,78146
o_proj,1435,0,4,187230
post_layernorm,1435,0,4,40146
gate,1435,0,4,100234
expert.w1,1435,0,4,181820
expert.w3,1435,0,4,181140
act_fn,1435,0,4,14687
expert.w2,1435,0,4,182724
final_layernorm,1435,0,4,40060
lm_head,1435,0,4,1292742
embedding,1436,0,4,60417
input_layernorm,1436,0,4,39945
q_proj,1436,0,4,188359
k_proj,1436,0,4,60408
v_proj,1436,0,4,60052
rope,1436,0,4,78493
o_proj,1436,0,4,187036
post_layernorm,1436,0,4,40330
gate,1436,0,4,100110
expert.w1,1436,0,4,181699
expert.w3,1436,0,4,181017
act_fn,1436,0,4,14774
expert.w2,1436,0,4,182663
final_layernorm,1436,0,4,39841
lm_head,1436,0,4,1291721
embedding,1437,0,4,60014
input_layernorm,1437,0,4,40031
q_proj,1437,0,4,186987
k_proj,1437,0,4,59971
v_proj,1437,0,4,59621
rope,1437,0,4,77872
o_proj,1437,0,4,185615
post_layernorm,1437,0,4,40139
gate,1437,0,4,99872
expert.w1,1437,0,4,180433
expert.w3,1437,0,4,179624
act_fn,1437,0,4,14769
expert.w2,1437,0,4,181155
final_layernorm,1437,0,4,40132
lm_head,1437,0,4,1282209
embedding,1438,0,4,60322
input_layernorm,1438,0,4,40094
q_proj,1438,0,4,188124
k_proj,1438,0,4,60329
v_proj,1438,0,4,59982
rope,1438,0,4,78275
o_proj,1438,0,4,186882
post_layernorm,1438,0,4,40285
gate,1438,0,4,99824
expert.w1,1438,0,4,181493
expert.w3,1438,0,4,180837
act_fn,1438,0,4,14713
expert.w2,1438,0,4,182437
final_layernorm,1438,0,4,40190
lm_head,1438,0,4,1290597
embedding,1439,0,4,60407
input_layernorm,1439,0,4,40137
q_proj,1439,0,4,188134
k_proj,1439,0,4,60349
v_proj,1439,0,4,59998
rope,1439,0,4,78246
o_proj,1439,0,4,186877
post_layernorm,1439,0,4,40379
gate,1439,0,4,100230
expert.w1,1439,0,4,181482
expert.w3,1439,0,4,180825
act_fn,1439,0,4,14746
expert.w2,1439,0,4,182507
final_layernorm,1439,0,4,40179
lm_head,1439,0,4,1290690
embedding,1440,0,4,60118
input_layernorm,1440,0,4,40084
q_proj,1440,0,4,187068
k_proj,1440,0,4,59988
v_proj,1440,0,4,59641
rope,1440,0,4,78260
o_proj,1440,0,4,185744
post_layernorm,1440,0,4,40344
gate,1440,0,4,99328
expert.w1,1440,0,4,180527
expert.w3,1440,0,4,179647
act_fn,1440,0,4,14772
expert.w2,1440,0,4,181309
final_layernorm,1440,0,4,40021
lm_head,1440,0,4,1283036
embedding,1441,0,4,59848
input_layernorm,1441,0,4,40130
q_proj,1441,0,4,209852
k_proj,1441,0,4,60356
v_proj,1441,0,4,59990
rope,1441,0,4,78209
o_proj,1441,0,4,186619
post_layernorm,1441,0,4,40317
gate,1441,0,4,100767
expert.w1,1441,0,4,181354
expert.w3,1441,0,4,180826
act_fn,1441,0,4,14838
expert.w2,1441,0,4,182767
final_layernorm,1441,0,4,40287
lm_head,1441,0,4,1469358
embedding,1442,0,4,59940
input_layernorm,1442,0,4,40153
q_proj,1442,0,4,209790
k_proj,1442,0,4,60354
v_proj,1442,0,4,59986
rope,1442,0,4,78277
o_proj,1442,0,4,186588
post_layernorm,1442,0,4,40444
gate,1442,0,4,100220
expert.w1,1442,0,4,181355
expert.w3,1442,0,4,180796
act_fn,1442,0,4,14941
expert.w2,1442,0,4,182791
final_layernorm,1442,0,4,40293
lm_head,1442,0,4,1469269
embedding,1443,0,4,59756
input_layernorm,1443,0,4,40217
q_proj,1443,0,4,209846
k_proj,1443,0,4,60357
v_proj,1443,0,4,59981
rope,1443,0,4,78223
o_proj,1443,0,4,186626
post_layernorm,1443,0,4,40337
gate,1443,0,4,100491
expert.w1,1443,0,4,181323
expert.w3,1443,0,4,180773
act_fn,1443,0,4,14880
expert.w2,1443,0,4,182708
final_layernorm,1443,0,4,40336
lm_head,1443,0,4,1469266
embedding,1444,0,4,60086
input_layernorm,1444,0,4,40329
q_proj,1444,0,4,210034
k_proj,1444,0,4,60390
v_proj,1444,0,4,60020
rope,1444,0,4,78651
o_proj,1444,0,4,186718
post_layernorm,1444,0,4,40480
gate,1444,0,4,100302
expert.w1,1444,0,4,181456
expert.w3,1444,0,4,180898
act_fn,1444,0,4,14899
expert.w2,1444,0,4,182847
final_layernorm,1444,0,4,40361
lm_head,1444,0,4,1470183
embedding,1445,0,4,59565
input_layernorm,1445,0,4,40464
q_proj,1445,0,4,208185
k_proj,1445,0,4,59876
v_proj,1445,0,4,59505
rope,1445,0,4,77980
o_proj,1445,0,4,184997
post_layernorm,1445,0,4,40461
gate,1445,0,4,100287
expert.w1,1445,0,4,179817
expert.w3,1445,0,4,179198
act_fn,1445,0,4,14855
expert.w2,1445,0,4,181153
final_layernorm,1445,0,4,40242
lm_head,1445,0,4,1457220
embedding,1446,0,4,60122
input_layernorm,1446,0,4,40348
q_proj,1446,0,4,209894
k_proj,1446,0,4,60356
v_proj,1446,0,4,59986
rope,1446,0,4,78422
o_proj,1446,0,4,186612
post_layernorm,1446,0,4,40721
gate,1446,0,4,100363
expert.w1,1446,0,4,181345
expert.w3,1446,0,4,180781
act_fn,1446,0,4,15014
expert.w2,1446,0,4,182715
final_layernorm,1446,0,4,40453
lm_head,1446,0,4,1469280
embedding,1447,0,4,59785
input_layernorm,1447,0,4,40283
q_proj,1447,0,4,209911
k_proj,1447,0,4,60352
v_proj,1447,0,4,59984
rope,1447,0,4,78400
o_proj,1447,0,4,186631
post_layernorm,1447,0,4,40738
gate,1447,0,4,100817
expert.w1,1447,0,4,181352
expert.w3,1447,0,4,180777
act_fn,1447,0,4,15036
expert.w2,1447,0,4,182691
final_layernorm,1447,0,4,40532
lm_head,1447,0,4,1469425
embedding,1448,0,4,59924
input_layernorm,1448,0,4,40362
q_proj,1448,0,4,210020
k_proj,1448,0,4,60352
v_proj,1448,0,4,59991
rope,1448,0,4,78765
o_proj,1448,0,4,186572
post_layernorm,1448,0,4,40685
gate,1448,0,4,100306
expert.w1,1448,0,4,181340
expert.w3,1448,0,4,180738
act_fn,1448,0,4,14960
expert.w2,1448,0,4,182718
final_layernorm,1448,0,4,40331
lm_head,1448,0,4,1469322
embedding,1449,0,4,59446
input_layernorm,1449,0,4,40378
q_proj,1449,0,4,207736
k_proj,1449,0,4,59694
v_proj,1449,0,4,59315
rope,1449,0,4,77965
o_proj,1449,0,4,184380
post_layernorm,1449,0,4,40647
gate,1449,0,4,100728
expert.w1,1449,0,4,179260
expert.w3,1449,0,4,178628
act_fn,1449,0,4,15031
expert.w2,1449,0,4,180557
final_layernorm,1449,0,4,40470
lm_head,1449,0,4,1453362
embedding,1450,0,4,59978
input_layernorm,1450,0,4,40496
q_proj,1450,0,4,209701
k_proj,1450,0,4,60303
v_proj,1450,0,4,59945
rope,1450,0,4,78542
o_proj,1450,0,4,186294
post_layernorm,1450,0,4,40707
gate,1450,0,4,100736
expert.w1,1450,0,4,181137
expert.w3,1450,0,4,180530
act_fn,1450,0,4,15033
expert.w2,1450,0,4,182302
final_layernorm,1450,0,4,40387
lm_head,1450,0,4,1467391
embedding,1451,0,4,60289
input_layernorm,1451,0,4,40438
q_proj,1451,0,4,210008
k_proj,1451,0,4,60364
v_proj,1451,0,4,59998
rope,1451,0,4,78556
o_proj,1451,0,4,186624
post_layernorm,1451,0,4,40822
gate,1451,0,4,101271
expert.w1,1451,0,4,181345
expert.w3,1451,0,4,180772
act_fn,1451,0,4,15111
expert.w2,1451,0,4,182474
final_layernorm,1451,0,4,40533
lm_head,1451,0,4,1469375
embedding,1452,0,4,60757
input_layernorm,1452,0,4,40497
q_proj,1452,0,4,210827
k_proj,1452,0,4,60626
v_proj,1452,0,4,60272
rope,1452,0,4,79055
o_proj,1452,0,4,187378
post_layernorm,1452,0,4,40853
gate,1452,0,4,101200
expert.w1,1452,0,4,182080
expert.w3,1452,0,4,181544
act_fn,1452,0,4,15092
expert.w2,1452,0,4,183233
final_layernorm,1452,0,4,40418
lm_head,1452,0,4,1475140
embedding,1453,0,4,60274
input_layernorm,1453,0,4,40446
q_proj,1453,0,4,209956
k_proj,1453,0,4,60356
v_proj,1453,0,4,59985
rope,1453,0,4,78712
o_proj,1453,0,4,186643
post_layernorm,1453,0,4,40916
gate,1453,0,4,101276
expert.w1,1453,0,4,181316
expert.w3,1453,0,4,180765
act_fn,1453,0,4,15109
expert.w2,1453,0,4,182522
final_layernorm,1453,0,4,40545
lm_head,1453,0,4,1469402
embedding,1454,0,4,60372
input_layernorm,1454,0,4,40618
q_proj,1454,0,4,209537
k_proj,1454,0,4,60246
v_proj,1454,0,4,59865
rope,1454,0,4,78703
o_proj,1454,0,4,186258
post_layernorm,1454,0,4,40779
gate,1454,0,4,101000
expert.w1,1454,0,4,180983
expert.w3,1454,0,4,180402
act_fn,1454,0,4,15090
expert.w2,1454,0,4,181983
final_layernorm,1454,0,4,40428
lm_head,1454,0,4,1466186
embedding,1455,0,4,60502
input_layernorm,1455,0,4,40594
q_proj,1455,0,4,209951
k_proj,1455,0,4,60371
v_proj,1455,0,4,59991
rope,1455,0,4,78848
o_proj,1455,0,4,186650
post_layernorm,1455,0,4,40812
gate,1455,0,4,101416
expert.w1,1455,0,4,181331
expert.w3,1455,0,4,180755
act_fn,1455,0,4,15031
expert.w2,1455,0,4,182458
final_layernorm,1455,0,4,40593
lm_head,1455,0,4,1469401
embedding,1456,0,4,60647
input_layernorm,1456,0,4,40573
q_proj,1456,0,4,209970
k_proj,1456,0,4,60356
v_proj,1456,0,4,59983
rope,1456,0,4,79173
o_proj,1456,0,4,186650
post_layernorm,1456,0,4,41015
gate,1456,0,4,101303
expert.w1,1456,0,4,181322
expert.w3,1456,0,4,180769
act_fn,1456,0,4,15141
expert.w2,1456,0,4,182480
final_layernorm,1456,0,4,40517
lm_head,1456,0,4,1469407
embedding,1457,0,4,60127
input_layernorm,1457,0,4,40590
q_proj,1457,0,4,208625
k_proj,1457,0,4,59970
v_proj,1457,0,4,59608
rope,1457,0,4,78676
o_proj,1457,0,4,185419
post_layernorm,1457,0,4,40898
gate,1457,0,4,101780
expert.w1,1457,0,4,180094
expert.w3,1457,0,4,179459
act_fn,1457,0,4,15089
expert.w2,1457,0,4,214748
final_layernorm,1457,0,4,40553
lm_head,1457,0,4,1461737
embedding,1458,0,4,60447
input_layernorm,1458,0,4,40586
q_proj,1458,0,4,208625
k_proj,1458,0,4,59974
v_proj,1458,0,4,59598
rope,1458,0,4,78759
o_proj,1458,0,4,185353
post_layernorm,1458,0,4,41017
gate,1458,0,4,101341
expert.w1,1458,0,4,180146
expert.w3,1458,0,4,179524
act_fn,1458,0,4,15217
expert.w2,1458,0,4,214882
final_layernorm,1458,0,4,40811
lm_head,1458,0,4,1461255
embedding,1459,0,4,60524
input_layernorm,1459,0,4,40684
q_proj,1459,0,4,210681
k_proj,1459,0,4,60579
v_proj,1459,0,4,60215
rope,1459,0,4,79191
o_proj,1459,0,4,187360
post_layernorm,1459,0,4,40948
gate,1459,0,4,102273
expert.w1,1459,0,4,181949
expert.w3,1459,0,4,181421
act_fn,1459,0,4,15091
expert.w2,1459,0,4,217101
final_layernorm,1459,0,4,40826
lm_head,1459,0,4,1475762
embedding,1460,0,4,60800
input_layernorm,1460,0,4,40700
q_proj,1460,0,4,209942
k_proj,1460,0,4,60364
v_proj,1460,0,4,59995
rope,1460,0,4,79409
o_proj,1460,0,4,186632
post_layernorm,1460,0,4,41061
gate,1460,0,4,101991
expert.w1,1460,0,4,181342
expert.w3,1460,0,4,180745
act_fn,1460,0,4,15071
expert.w2,1460,0,4,216138
final_layernorm,1460,0,4,40859
lm_head,1460,0,4,1470795
embedding,1461,0,4,60674
input_layernorm,1461,0,4,40756
q_proj,1461,0,4,209965
k_proj,1461,0,4,60364
v_proj,1461,0,4,60007
rope,1461,0,4,79152
o_proj,1461,0,4,186683
post_layernorm,1461,0,4,41085
gate,1461,0,4,102236
expert.w1,1461,0,4,181302
expert.w3,1461,0,4,180768
act_fn,1461,0,4,15070
expert.w2,1461,0,4,216151
final_layernorm,1461,0,4,40899
lm_head,1461,0,4,1470778
embedding,1462,0,4,60632
input_layernorm,1462,0,4,40614
q_proj,1462,0,4,209951
k_proj,1462,0,4,60359
v_proj,1462,0,4,59986
rope,1462,0,4,79137
o_proj,1462,0,4,186653
post_layernorm,1462,0,4,41191
gate,1462,0,4,101953
expert.w1,1462,0,4,181337
expert.w3,1462,0,4,180727
act_fn,1462,0,4,15088
expert.w2,1462,0,4,216309
final_layernorm,1462,0,4,40860
lm_head,1462,0,4,1470810
embedding,1463,0,4,60582
input_layernorm,1463,0,4,40706
q_proj,1463,0,4,209561
k_proj,1463,0,4,60208
v_proj,1463,0,4,59846
rope,1463,0,4,79324
o_proj,1463,0,4,186211
post_layernorm,1463,0,4,41163
gate,1463,0,4,101960
expert.w1,1463,0,4,180869
expert.w3,1463,0,4,180275
act_fn,1463,0,4,15348
expert.w2,1463,0,4,215803
final_layernorm,1463,0,4,41062
lm_head,1463,0,4,1468401
embedding,1464,0,4,60226
input_layernorm,1464,0,4,40689
q_proj,1464,0,4,207588
k_proj,1464,0,4,59585
v_proj,1464,0,4,59217
rope,1464,0,4,79129
o_proj,1464,0,4,184219
post_layernorm,1464,0,4,41101
gate,1464,0,4,100970
expert.w1,1464,0,4,179037
expert.w3,1464,0,4,178293
act_fn,1464,0,4,15270
expert.w2,1464,0,4,213508
final_layernorm,1464,0,4,40897
lm_head,1464,0,4,1451924
embedding,1465,0,4,60212
input_layernorm,1465,0,4,40746
q_proj,1465,0,4,208102
k_proj,1465,0,4,59772
v_proj,1465,0,4,59408
rope,1465,0,4,79041
o_proj,1465,0,4,219010
post_layernorm,1465,0,4,41021
gate,1465,0,4,102472
expert.w1,1465,0,4,179548
expert.w3,1465,0,4,178769
act_fn,1465,0,4,15265
expert.w2,1465,0,4,214098
final_layernorm,1465,0,4,40940
lm_head,1465,0,4,1456448
embedding,1466,0,4,61034
input_layernorm,1466,0,4,40872
q_proj,1466,0,4,210050
k_proj,1466,0,4,60360
v_proj,1466,0,4,59982
rope,1466,0,4,79582
o_proj,1466,0,4,221171
post_layernorm,1466,0,4,41186
gate,1466,0,4,102844
expert.w1,1466,0,4,181418
expert.w3,1466,0,4,180755
act_fn,1466,0,4,15207
expert.w2,1466,0,4,216277
final_layernorm,1466,0,4,41146
lm_head,1466,0,4,1470959
embedding,1467,0,4,60756
input_layernorm,1467,0,4,40798
q_proj,1467,0,4,210118
k_proj,1467,0,4,60359
v_proj,1467,0,4,60000
rope,1467,0,4,79543
o_proj,1467,0,4,221210
post_layernorm,1467,0,4,41177
gate,1467,0,4,102992
expert.w1,1467,0,4,181412
expert.w3,1467,0,4,180765
act_fn,1467,0,4,15215
expert.w2,1467,0,4,216370
final_layernorm,1467,0,4,41086
lm_head,1467,0,4,1470994
embedding,1468,0,4,60844
input_layernorm,1468,0,4,40780
q_proj,1468,0,4,210252
k_proj,1468,0,4,60375
v_proj,1468,0,4,60007
rope,1468,0,4,79920
o_proj,1468,0,4,221202
post_layernorm,1468,0,4,41285
gate,1468,0,4,102672
expert.w1,1468,0,4,181402
expert.w3,1468,0,4,180787
act_fn,1468,0,4,15340
expert.w2,1468,0,4,216336
final_layernorm,1468,0,4,41055
lm_head,1468,0,4,1470921
embedding,1469,0,4,60603
input_layernorm,1469,0,4,40963
q_proj,1469,0,4,210031
k_proj,1469,0,4,60368
v_proj,1469,0,4,60005
rope,1469,0,4,79552
o_proj,1469,0,4,221149
post_layernorm,1469,0,4,41420
gate,1469,0,4,103473
expert.w1,1469,0,4,181408
expert.w3,1469,0,4,180801
act_fn,1469,0,4,15179
expert.w2,1469,0,4,216399
final_layernorm,1469,0,4,41060
lm_head,1469,0,4,1470899
embedding,1470,0,4,60641
input_layernorm,1470,0,4,40856
q_proj,1470,0,4,208386
k_proj,1470,0,4,59894
v_proj,1470,0,4,59526
rope,1470,0,4,79308
o_proj,1470,0,4,219531
post_layernorm,1470,0,4,41222
gate,1470,0,4,102245
expert.w1,1470,0,4,179999
expert.w3,1470,0,4,179222
act_fn,1470,0,4,15282
expert.w2,1470,0,4,214582
final_layernorm,1470,0,4,41102
lm_head,1470,0,4,1460192
embedding,1471,0,4,60644
input_layernorm,1471,0,4,40965
q_proj,1471,0,4,209288
k_proj,1471,0,4,60166
v_proj,1471,0,4,59803
rope,1471,0,4,79559
o_proj,1471,0,4,220413
post_layernorm,1471,0,4,41342
gate,1471,0,4,103253
expert.w1,1471,0,4,180682
expert.w3,1471,0,4,180007
act_fn,1471,0,4,15369
expert.w2,1471,0,4,215440
final_layernorm,1471,0,4,41072
lm_head,1471,0,4,1465849
embedding,1472,0,4,61407
input_layernorm,1472,0,4,41135
q_proj,1472,0,4,210029
k_proj,1472,0,4,60358
v_proj,1472,0,4,59995
rope,1472,0,4,80070
o_proj,1472,0,4,221231
post_layernorm,1472,0,4,41344
gate,1472,0,4,99058
expert.w1,1472,0,4,181385
expert.w3,1472,0,4,180779
act_fn,1472,0,4,15270
expert.w2,1472,0,4,216468
final_layernorm,1472,0,4,41191
lm_head,1472,0,4,1470972
embedding,1473,0,4,61143
input_layernorm,1473,0,4,41034
q_proj,1473,0,4,209978
k_proj,1473,0,4,60367
v_proj,1473,0,4,60003
rope,1473,0,4,79859
o_proj,1473,0,4,221232
post_layernorm,1473,0,4,41500
gate,1473,0,4,99619
expert.w1,1473,0,4,181410
expert.w3,1473,0,4,180762
act_fn,1473,0,4,15324
expert.w2,1473,0,4,216378
final_layernorm,1473,0,4,41152
lm_head,1473,0,4,1470932
embedding,1474,0,4,61102
input_layernorm,1474,0,4,41137
q_proj,1474,0,4,209832
k_proj,1474,0,4,60365
v_proj,1474,0,4,60001
rope,1474,0,4,79917
o_proj,1474,0,4,221226
post_layernorm,1474,0,4,41455
gate,1474,0,4,99597
expert.w1,1474,0,4,181407
expert.w3,1474,0,4,180741
act_fn,1474,0,4,15340
expert.w2,1474,0,4,216411
final_layernorm,1474,0,4,41197
lm_head,1474,0,4,1470913
embedding,1475,0,4,61719
input_layernorm,1475,0,4,41044
q_proj,1475,0,4,210643
k_proj,1475,0,4,60569
v_proj,1475,0,4,60215
rope,1475,0,4,80113
o_proj,1475,0,4,222011
post_layernorm,1475,0,4,41447
gate,1475,0,4,100071
expert.w1,1475,0,4,182021
expert.w3,1475,0,4,181408
act_fn,1475,0,4,15397
expert.w2,1475,0,4,217125
final_layernorm,1475,0,4,41263
lm_head,1475,0,4,1475944
embedding,1476,0,4,61010
input_layernorm,1476,0,4,41138
q_proj,1476,0,4,208336
k_proj,1476,0,4,59891
v_proj,1476,0,4,59525
rope,1476,0,4,79970
o_proj,1476,0,4,219461
post_layernorm,1476,0,4,41475
gate,1476,0,4,99101
expert.w1,1476,0,4,179927
expert.w3,1476,0,4,179207
act_fn,1476,0,4,15324
expert.w2,1476,0,4,214649
final_layernorm,1476,0,4,41146
lm_head,1476,0,4,1459330
embedding,1477,0,4,61431
input_layernorm,1477,0,4,41152
q_proj,1477,0,4,210094
k_proj,1477,0,4,60366
v_proj,1477,0,4,59995
rope,1477,0,4,80140
o_proj,1477,0,4,221263
post_layernorm,1477,0,4,41554
gate,1477,0,4,99927
expert.w1,1477,0,4,181424
expert.w3,1477,0,4,180773
act_fn,1477,0,4,15443
expert.w2,1477,0,4,216463
final_layernorm,1477,0,4,41373
lm_head,1477,0,4,1471025
embedding,1478,0,4,61318
input_layernorm,1478,0,4,41238
q_proj,1478,0,4,210003
k_proj,1478,0,4,60379
v_proj,1478,0,4,60010
rope,1478,0,4,80151
o_proj,1478,0,4,221233
post_layernorm,1478,0,4,41672
gate,1478,0,4,99773
expert.w1,1478,0,4,181433
expert.w3,1478,0,4,180793
act_fn,1478,0,4,15382
expert.w2,1478,0,4,216427
final_layernorm,1478,0,4,41293
lm_head,1478,0,4,1471020
embedding,1479,0,4,61694
input_layernorm,1479,0,4,41240
q_proj,1479,0,4,210100
k_proj,1479,0,4,60375
v_proj,1479,0,4,60010
rope,1479,0,4,80157
o_proj,1479,0,4,221228
post_layernorm,1479,0,4,41698
gate,1479,0,4,100054
expert.w1,1479,0,4,181432
expert.w3,1479,0,4,180793
act_fn,1479,0,4,15396
expert.w2,1479,0,4,216472
final_layernorm,1479,0,4,41314
lm_head,1479,0,4,1470963
embedding,1480,0,4,61161
input_layernorm,1480,0,4,41289
q_proj,1480,0,4,208657
k_proj,1480,0,4,59925
v_proj,1480,0,4,59564
rope,1480,0,4,80200
o_proj,1480,0,4,219568
post_layernorm,1480,0,4,41604
gate,1480,0,4,99484
expert.w1,1480,0,4,180079
expert.w3,1480,0,4,179315
act_fn,1480,0,4,15335
expert.w2,1480,0,4,214726
final_layernorm,1480,0,4,41361
lm_head,1480,0,4,1460449
embedding,1481,0,4,61279
input_layernorm,1481,0,4,41274
q_proj,1481,0,4,210079
k_proj,1481,0,4,60370
v_proj,1481,0,4,60005
rope,1481,0,4,80454
o_proj,1481,0,4,221277
post_layernorm,1481,0,4,41592
gate,1481,0,4,100412
expert.w1,1481,0,4,181452
expert.w3,1481,0,4,180787
act_fn,1481,0,4,15320
expert.w2,1481,0,4,216307
final_layernorm,1481,0,4,41452
lm_head,1481,0,4,1471020
embedding,1482,0,4,61688
input_layernorm,1482,0,4,41342
q_proj,1482,0,4,210091
k_proj,1482,0,4,60377
v_proj,1482,0,4,60020
rope,1482,0,4,80596
o_proj,1482,0,4,221221
post_layernorm,1482,0,4,41754
gate,1482,0,4,100303
expert.w1,1482,0,4,181442
expert.w3,1482,0,4,180809
act_fn,1482,0,4,15321
expert.w2,1482,0,4,216374
final_layernorm,1482,0,4,41389
lm_head,1482,0,4,1471069
embedding,1483,0,4,61417
input_layernorm,1483,0,4,41313
q_proj,1483,0,4,208705
k_proj,1483,0,4,59967
v_proj,1483,0,4,59602
rope,1483,0,4,80272
o_proj,1483,0,4,219697
post_layernorm,1483,0,4,41673
gate,1483,0,4,99989
expert.w1,1483,0,4,180142
expert.w3,1483,0,4,179361
act_fn,1483,0,4,15309
expert.w2,1483,0,4,214861
final_layernorm,1483,0,4,41495
lm_head,1483,0,4,1461262
embedding,1484,0,4,61280
input_layernorm,1484,0,4,41396
q_proj,1484,0,4,209275
k_proj,1484,0,4,60117
v_proj,1484,0,4,59759
rope,1484,0,4,80712
o_proj,1484,0,4,220296
post_layernorm,1484,0,4,41731
gate,1484,0,4,99926
expert.w1,1484,0,4,180620
expert.w3,1484,0,4,179910
act_fn,1484,0,4,15376
expert.w2,1484,0,4,215309
final_layernorm,1484,0,4,41611
lm_head,1484,0,4,1464212
embedding,1485,0,4,61650
input_layernorm,1485,0,4,41377
q_proj,1485,0,4,210150
k_proj,1485,0,4,60380
v_proj,1485,0,4,60034
rope,1485,0,4,80703
o_proj,1485,0,4,221247
post_layernorm,1485,0,4,41842
gate,1485,0,4,100519
expert.w1,1485,0,4,181441
expert.w3,1485,0,4,180778
act_fn,1485,0,4,15452
expert.w2,1485,0,4,216298
final_layernorm,1485,0,4,41640
lm_head,1485,0,4,1470943
embedding,1486,0,4,61637
input_layernorm,1486,0,4,41418
q_proj,1486,0,4,210071
k_proj,1486,0,4,60376
v_proj,1486,0,4,60032
rope,1486,0,4,80869
o_proj,1486,0,4,221227
post_layernorm,1486,0,4,41660
gate,1486,0,4,100321
expert.w1,1486,0,4,181444
expert.w3,1486,0,4,180795
act_fn,1486,0,4,15473
expert.w2,1486,0,4,216202
final_layernorm,1486,0,4,41443
lm_head,1486,0,4,1471006
embedding,1487,0,4,61845
input_layernorm,1487,0,4,41469
q_proj,1487,0,4,210081
k_proj,1487,0,4,60379
v_proj,1487,0,4,60031
rope,1487,0,4,80729
o_proj,1487,0,4,221255
post_layernorm,1487,0,4,41841
gate,1487,0,4,100452
expert.w1,1487,0,4,181473
expert.w3,1487,0,4,180812
act_fn,1487,0,4,15457
expert.w2,1487,0,4,216356
final_layernorm,1487,0,4,41658
lm_head,1487,0,4,1471096
embedding,1488,0,4,61314
input_layernorm,1488,0,4,41435
q_proj,1488,0,4,208400
k_proj,1488,0,4,59839
v_proj,1488,0,4,59506
rope,1488,0,4,80583
o_proj,1488,0,4,219454
post_layernorm,1488,0,4,41795
gate,1488,0,4,99904
expert.w1,1488,0,4,180039
expert.w3,1488,0,4,179156
act_fn,1488,0,4,15422
expert.w2,1488,0,4,214516
final_layernorm,1488,0,4,41662
lm_head,1488,0,4,1459441
embedding,1489,0,4,61303
input_layernorm,1489,0,4,41525
q_proj,1489,0,4,208300
k_proj,1489,0,4,59851
v_proj,1489,0,4,59505
rope,1489,0,4,80164
o_proj,1489,0,4,219348
post_layernorm,1489,0,4,41852
gate,1489,0,4,100431
expert.w1,1489,0,4,179944
expert.w3,1489,0,4,179139
act_fn,1489,0,4,15449
expert.w2,1489,0,4,214443
final_layernorm,1489,0,4,41578
lm_head,1489,0,4,1458456
embedding,1490,0,4,61775
input_layernorm,1490,0,4,41662
q_proj,1490,0,4,209940
k_proj,1490,0,4,60355
v_proj,1490,0,4,60013
rope,1490,0,4,80727
o_proj,1490,0,4,221172
post_layernorm,1490,0,4,41807
gate,1490,0,4,100327
expert.w1,1490,0,4,181408
expert.w3,1490,0,4,180794
act_fn,1490,0,4,15463
expert.w2,1490,0,4,216207
final_layernorm,1490,0,4,41603
lm_head,1490,0,4,1470903
embedding,1491,0,4,61811
input_layernorm,1491,0,4,41457
q_proj,1491,0,4,210055
k_proj,1491,0,4,60390
v_proj,1491,0,4,60051
rope,1491,0,4,80747
o_proj,1491,0,4,221237
post_layernorm,1491,0,4,41910
gate,1491,0,4,101100
expert.w1,1491,0,4,181492
expert.w3,1491,0,4,180810
act_fn,1491,0,4,15518
expert.w2,1491,0,4,216232
final_layernorm,1491,0,4,41872
lm_head,1491,0,4,1471138
embedding,1492,0,4,61768
input_layernorm,1492,0,4,41690
q_proj,1492,0,4,210086
k_proj,1492,0,4,60384
v_proj,1492,0,4,60040
rope,1492,0,4,81114
o_proj,1492,0,4,221224
post_layernorm,1492,0,4,41887
gate,1492,0,4,100683
expert.w1,1492,0,4,181511
expert.w3,1492,0,4,180817
act_fn,1492,0,4,15658
expert.w2,1492,0,4,216283
final_layernorm,1492,0,4,41905
lm_head,1492,0,4,1471123
embedding,1493,0,4,62068
input_layernorm,1493,0,4,41688
q_proj,1493,0,4,210007
k_proj,1493,0,4,60383
v_proj,1493,0,4,60066
rope,1493,0,4,80846
o_proj,1493,0,4,221247
post_layernorm,1493,0,4,41986
gate,1493,0,4,101281
expert.w1,1493,0,4,181505
expert.w3,1493,0,4,180798
act_fn,1493,0,4,15564
expert.w2,1493,0,4,216331
final_layernorm,1493,0,4,41826
lm_head,1493,0,4,1471113
embedding,1494,0,4,61449
input_layernorm,1494,0,4,41611
q_proj,1494,0,4,208082
k_proj,1494,0,4,59820
v_proj,1494,0,4,59496
rope,1494,0,4,80512
o_proj,1494,0,4,219175
post_layernorm,1494,0,4,41973
gate,1494,0,4,99849
expert.w1,1494,0,4,179844
expert.w3,1494,0,4,179060
act_fn,1494,0,4,15575
expert.w2,1494,0,4,214329
final_layernorm,1494,0,4,41672
lm_head,1494,0,4,1457811
embedding,1495,0,4,61997
input_layernorm,1495,0,4,41726
q_proj,1495,0,4,209436
k_proj,1495,0,4,60191
v_proj,1495,0,4,59866
rope,1495,0,4,80810
o_proj,1495,0,4,220518
post_layernorm,1495,0,4,41960
gate,1495,0,4,100611
expert.w1,1495,0,4,180921
expert.w3,1495,0,4,180193
act_fn,1495,0,4,15682
expert.w2,1495,0,4,215625
final_layernorm,1495,0,4,41776
lm_head,1495,0,4,1466645
embedding,1496,0,4,62207
input_layernorm,1496,0,4,41717
q_proj,1496,0,4,210134
k_proj,1496,0,4,60383
v_proj,1496,0,4,60054
rope,1496,0,4,81251
o_proj,1496,0,4,221267
post_layernorm,1496,0,4,42197
gate,1496,0,4,100728
expert.w1,1496,0,4,181523
expert.w3,1496,0,4,180827
act_fn,1496,0,4,15519
expert.w2,1496,0,4,216210
final_layernorm,1496,0,4,41985
lm_head,1496,0,4,1471103
embedding,1497,0,4,62320
input_layernorm,1497,0,4,41837
q_proj,1497,0,4,210181
k_proj,1497,0,4,60388
v_proj,1497,0,4,60051
rope,1497,0,4,81148
o_proj,1497,0,4,221271
post_layernorm,1497,0,4,42185
gate,1497,0,4,101961
expert.w1,1497,0,4,181533
expert.w3,1497,0,4,180864
act_fn,1497,0,4,15563
expert.w2,1497,0,4,216242
final_layernorm,1497,0,4,41882
lm_head,1497,0,4,1471188
embedding,1498,0,4,62093
input_layernorm,1498,0,4,41842
q_proj,1498,0,4,210166
k_proj,1498,0,4,60373
v_proj,1498,0,4,60050
rope,1498,0,4,81214
o_proj,1498,0,4,221256
post_layernorm,1498,0,4,42104
gate,1498,0,4,101738
expert.w1,1498,0,4,181550
expert.w3,1498,0,4,180838
act_fn,1498,0,4,15607
expert.w2,1498,0,4,216292
final_layernorm,1498,0,4,41852
lm_head,1498,0,4,1471192
embedding,1499,0,4,62112
input_layernorm,1499,0,4,41806
q_proj,1499,0,4,209114
k_proj,1499,0,4,60061
v_proj,1499,0,4,59739
rope,1499,0,4,80899
o_proj,1499,0,4,220079
post_layernorm,1499,0,4,42211
gate,1499,0,4,101273
expert.w1,1499,0,4,180534
expert.w3,1499,0,4,179673
act_fn,1499,0,4,15530
expert.w2,1499,0,4,215048
final_layernorm,1499,0,4,41852
lm_head,1499,0,4,1463666
embedding,1500,0,4,62330
input_layernorm,1500,0,4,41871
q_proj,1500,0,4,210225
k_proj,1500,0,4,60386
v_proj,1500,0,4,60052
rope,1500,0,4,81510
o_proj,1500,0,4,221271
post_layernorm,1500,0,4,42105
gate,1500,0,4,101595
expert.w1,1500,0,4,181551
expert.w3,1500,0,4,180812
act_fn,1500,0,4,15693
expert.w2,1500,0,4,216278
final_layernorm,1500,0,4,41966
lm_head,1500,0,4,1471207
embedding,1501,0,4,62236
input_layernorm,1501,0,4,41944
q_proj,1501,0,4,210179
k_proj,1501,0,4,60386
v_proj,1501,0,4,60063
rope,1501,0,4,81240
o_proj,1501,0,4,221273
post_layernorm,1501,0,4,42154
gate,1501,0,4,101954
expert.w1,1501,0,4,181549
expert.w3,1501,0,4,180844
act_fn,1501,0,4,15762
expert.w2,1501,0,4,216215
final_layernorm,1501,0,4,42066
lm_head,1501,0,4,1471244
embedding,1502,0,4,62189
input_layernorm,1502,0,4,41988
q_proj,1502,0,4,210091
k_proj,1502,0,4,60384
v_proj,1502,0,4,60047
rope,1502,0,4,81316
o_proj,1502,0,4,221279
post_layernorm,1502,0,4,42195
gate,1502,0,4,101363
expert.w1,1502,0,4,181547
expert.w3,1502,0,4,180853
act_fn,1502,0,4,15678
expert.w2,1502,0,4,216381
final_layernorm,1502,0,4,42067
lm_head,1502,0,4,1471362
embedding,1503,0,4,62348
input_layernorm,1503,0,4,41903
q_proj,1503,0,4,209668
k_proj,1503,0,4,60225
v_proj,1503,0,4,59884
rope,1503,0,4,81237
o_proj,1503,0,4,220814
post_layernorm,1503,0,4,42259
gate,1503,0,4,101936
expert.w1,1503,0,4,181213
expert.w3,1503,0,4,180320
act_fn,1503,0,4,15670
expert.w2,1503,0,4,215810
final_layernorm,1503,0,4,42043
lm_head,1503,0,4,1469127
embedding,1504,0,4,61960
input_layernorm,1504,0,4,41990
q_proj,1504,0,4,208329
k_proj,1504,0,4,59806
v_proj,1504,0,4,59484
rope,1504,0,4,81126
o_proj,1504,0,4,219131
post_layernorm,1504,0,4,42306
gate,1504,0,4,100738
expert.w1,1504,0,4,179869
expert.w3,1504,0,4,178945
act_fn,1504,0,4,15632
expert.w2,1504,0,4,214155
final_layernorm,1504,0,4,42166
lm_head,1504,0,4,1457598
embedding,1505,0,4,62414
input_layernorm,1505,0,4,42075
q_proj,1505,0,4,210174
k_proj,1505,0,4,60384
v_proj,1505,0,4,60060
rope,1505,0,4,81403
o_proj,1505,0,4,221281
post_layernorm,1505,0,4,42472
gate,1505,0,4,102231
expert.w1,1505,0,4,181585
expert.w3,1505,0,4,180874
act_fn,1505,0,4,15821
expert.w2,1505,0,4,216245
final_layernorm,1505,0,4,42160
lm_head,1505,0,4,1471409
embedding,1506,0,4,62302
input_layernorm,1506,0,4,42047
q_proj,1506,0,4,210060
k_proj,1506,0,4,60382
v_proj,1506,0,4,60048
rope,1506,0,4,81459
o_proj,1506,0,4,221288
post_layernorm,1506,0,4,42252
gate,1506,0,4,101908
expert.w1,1506,0,4,181584
expert.w3,1506,0,4,180873
act_fn,1506,0,4,15696
expert.w2,1506,0,4,216302
final_layernorm,1506,0,4,42135
lm_head,1506,0,4,1471431
embedding,1507,0,4,62603
input_layernorm,1507,0,4,42085
q_proj,1507,0,4,210851
k_proj,1507,0,4,60596
v_proj,1507,0,4,60262
rope,1507,0,4,81559
o_proj,1507,0,4,222052
post_layernorm,1507,0,4,42380
gate,1507,0,4,102431
expert.w1,1507,0,4,182160
expert.w3,1507,0,4,181480
act_fn,1507,0,4,15781
expert.w2,1507,0,4,217074
final_layernorm,1507,0,4,42250
lm_head,1507,0,4,1476356
embedding,1508,0,4,62340
input_layernorm,1508,0,4,42253
q_proj,1508,0,4,210101
k_proj,1508,0,4,60394
v_proj,1508,0,4,60061
rope,1508,0,4,81770
o_proj,1508,0,4,221257
post_layernorm,1508,0,4,42471
gate,1508,0,4,101987
expert.w1,1508,0,4,181572
expert.w3,1508,0,4,180832
act_fn,1508,0,4,15724
expert.w2,1508,0,4,216376
final_layernorm,1508,0,4,42411
lm_head,1508,0,4,1471513
embedding,1509,0,4,62024
input_layernorm,1509,0,4,42128
q_proj,1509,0,4,207705
k_proj,1509,0,4,59643
v_proj,1509,0,4,59337
rope,1509,0,4,80951
o_proj,1509,0,4,218660
post_layernorm,1509,0,4,42306
gate,1509,0,4,101535
expert.w1,1509,0,4,179394
expert.w3,1509,0,4,178524
act_fn,1509,0,4,15704
expert.w2,1509,0,4,213790
final_layernorm,1509,0,4,42183
lm_head,1509,0,4,1454040
embedding,1510,0,4,62336
input_layernorm,1510,0,4,42135
q_proj,1510,0,4,210195
k_proj,1510,0,4,60367
v_proj,1510,0,4,60057
rope,1510,0,4,81527
o_proj,1510,0,4,221318
post_layernorm,1510,0,4,42378
gate,1510,0,4,102086
expert.w1,1510,0,4,181552
expert.w3,1510,0,4,180826
act_fn,1510,0,4,15771
expert.w2,1510,0,4,216444
final_layernorm,1510,0,4,42255
lm_head,1510,0,4,1471497
embedding,1511,0,4,62556
input_layernorm,1511,0,4,42157
q_proj,1511,0,4,210145
k_proj,1511,0,4,60350
v_proj,1511,0,4,60032
rope,1511,0,4,81485
o_proj,1511,0,4,221252
post_layernorm,1511,0,4,42521
gate,1511,0,4,102168
expert.w1,1511,0,4,181594
expert.w3,1511,0,4,180769
act_fn,1511,0,4,15814
expert.w2,1511,0,4,216448
final_layernorm,1511,0,4,42400
lm_head,1511,0,4,1471283
embedding,1512,0,4,62667
input_layernorm,1512,0,4,42178
q_proj,1512,0,4,210254
k_proj,1512,0,4,60382
v_proj,1512,0,4,60063
rope,1512,0,4,81856
o_proj,1512,0,4,221287
post_layernorm,1512,0,4,42482
gate,1512,0,4,102109
expert.w1,1512,0,4,181587
expert.w3,1512,0,4,180875
act_fn,1512,0,4,15827
expert.w2,1512,0,4,216433
final_layernorm,1512,0,4,42428
lm_head,1512,0,4,1471382
embedding,1513,0,4,62850
input_layernorm,1513,0,4,42338
q_proj,1513,0,4,210240
k_proj,1513,0,4,60385
v_proj,1513,0,4,60064
rope,1513,0,4,81560
o_proj,1513,0,4,221331
post_layernorm,1513,0,4,42523
gate,1513,0,4,102937
expert.w1,1513,0,4,181597
expert.w3,1513,0,4,180834
act_fn,1513,0,4,15807
expert.w2,1513,0,4,216523
final_layernorm,1513,0,4,42449
lm_head,1513,0,4,1471364
embedding,1514,0,4,62725
input_layernorm,1514,0,4,42202
q_proj,1514,0,4,209434
k_proj,1514,0,4,60155
v_proj,1514,0,4,59837
rope,1514,0,4,81404
o_proj,1514,0,4,220478
post_layernorm,1514,0,4,42476
gate,1514,0,4,102187
expert.w1,1514,0,4,180951
expert.w3,1514,0,4,180067
act_fn,1514,0,4,15814
expert.w2,1514,0,4,215678
final_layernorm,1514,0,4,42298
lm_head,1514,0,4,1466421
embedding,1515,0,4,62988
input_layernorm,1515,0,4,42340
q_proj,1515,0,4,210305
k_proj,1515,0,4,60395
v_proj,1515,0,4,60070
rope,1515,0,4,81606
o_proj,1515,0,4,221301
post_layernorm,1515,0,4,42698
gate,1515,0,4,102766
expert.w1,1515,0,4,181629
expert.w3,1515,0,4,180832
act_fn,1515,0,4,15897
expert.w2,1515,0,4,216439
final_layernorm,1515,0,4,42544
lm_head,1515,0,4,1471529
embedding,1516,0,4,62735
input_layernorm,1516,0,4,42375
q_proj,1516,0,4,210333
k_proj,1516,0,4,60382
v_proj,1516,0,4,60065
rope,1516,0,4,82018
o_proj,1516,0,4,221313
post_layernorm,1516,0,4,42621
gate,1516,0,4,102544
expert.w1,1516,0,4,181599
expert.w3,1516,0,4,180827
act_fn,1516,0,4,15866
expert.w2,1516,0,4,216429
final_layernorm,1516,0,4,42526
lm_head,1516,0,4,1471480
embedding,1517,0,4,63302
input_layernorm,1517,0,4,42258
q_proj,1517,0,4,210243
k_proj,1517,0,4,60382
v_proj,1517,0,4,60067
rope,1517,0,4,81788
o_proj,1517,0,4,221308
post_layernorm,1517,0,4,42727
gate,1517,0,4,103096
expert.w1,1517,0,4,181646
expert.w3,1517,0,4,180830
act_fn,1517,0,4,15830
expert.w2,1517,0,4,216462
final_layernorm,1517,0,4,42571
lm_head,1517,0,4,1471439
embedding,1518,0,4,63100
input_layernorm,1518,0,4,42443
q_proj,1518,0,4,210203
k_proj,1518,0,4,60395
v_proj,1518,0,4,60078
rope,1518,0,4,81751
o_proj,1518,0,4,221337
post_layernorm,1518,0,4,42745
gate,1518,0,4,102669
expert.w1,1518,0,4,181627
expert.w3,1518,0,4,180776
act_fn,1518,0,4,15909
expert.w2,1518,0,4,216404
final_layernorm,1518,0,4,42427
lm_head,1518,0,4,1471434
embedding,1519,0,4,63095
input_layernorm,1519,0,4,42406
q_proj,1519,0,4,210259
k_proj,1519,0,4,60365
v_proj,1519,0,4,60048
rope,1519,0,4,81771
o_proj,1519,0,4,221326
post_layernorm,1519,0,4,42737
gate,1519,0,4,103072
expert.w1,1519,0,4,181654
expert.w3,1519,0,4,180824
act_fn,1519,0,4,15844
expert.w2,1519,0,4,216313
final_layernorm,1519,0,4,42563
lm_head,1519,0,4,1471500
embedding,1520,0,4,62937
input_layernorm,1520,0,4,42560
q_proj,1520,0,4,210192
k_proj,1520,0,4,60389
v_proj,1520,0,4,60074
rope,1520,0,4,82130
o_proj,1520,0,4,221337
post_layernorm,1520,0,4,42866
gate,1520,0,4,102846
expert.w1,1520,0,4,181640
expert.w3,1520,0,4,180832
act_fn,1520,0,4,15851
expert.w2,1520,0,4,216338
final_layernorm,1520,0,4,42828
lm_head,1520,0,4,1471605
embedding,1521,0,4,62678
input_layernorm,1521,0,4,42334
q_proj,1521,0,4,208718
k_proj,1521,0,4,59941
v_proj,1521,0,4,59629
rope,1521,0,4,81359
o_proj,1521,0,4,219687
post_layernorm,1521,0,4,42776
gate,1521,0,4,103275
expert.w1,1521,0,4,180262
expert.w3,1521,0,4,179332
act_fn,1521,0,4,15876
expert.w2,1521,0,4,214715
final_layernorm,1521,0,4,42651
lm_head,1521,0,4,1460699
embedding,1522,0,4,62892
input_layernorm,1522,0,4,42523
q_proj,1522,0,4,210021
k_proj,1522,0,4,60357
v_proj,1522,0,4,60040
rope,1522,0,4,81874
o_proj,1522,0,4,221181
post_layernorm,1522,0,4,42910
gate,1522,0,4,103335
expert.w1,1522,0,4,181565
expert.w3,1522,0,4,180672
act_fn,1522,0,4,15766
expert.w2,1522,0,4,216079
final_layernorm,1522,0,4,42528
lm_head,1522,0,4,1470433
embedding,1523,0,4,63514
input_layernorm,1523,0,4,42529
q_proj,1523,0,4,210952
k_proj,1523,0,4,60617
v_proj,1523,0,4,60303
rope,1523,0,4,81964
o_proj,1523,0,4,222183
post_layernorm,1523,0,4,42915
gate,1523,0,4,104125
expert.w1,1523,0,4,182327
expert.w3,1523,0,4,181505
act_fn,1523,0,4,15791
expert.w2,1523,0,4,217071
final_layernorm,1523,0,4,42745
lm_head,1523,0,4,1477018
embedding,1524,0,4,63148
input_layernorm,1524,0,4,42443
q_proj,1524,0,4,210201
k_proj,1524,0,4,60386
v_proj,1524,0,4,60086
rope,1524,0,4,82161
o_proj,1524,0,4,221379
post_layernorm,1524,0,4,42936
gate,1524,0,4,103354
expert.w1,1524,0,4,181658
expert.w3,1524,0,4,180830
act_fn,1524,0,4,15930
expert.w2,1524,0,4,216387
final_layernorm,1524,0,4,42771
lm_head,1524,0,4,1471619
embedding,1525,0,4,63475
input_layernorm,1525,0,4,42484
q_proj,1525,0,4,210211
k_proj,1525,0,4,60390
v_proj,1525,0,4,60068
rope,1525,0,4,81929
o_proj,1525,0,4,221336
post_layernorm,1525,0,4,42924
gate,1525,0,4,103812
expert.w1,1525,0,4,181658
expert.w3,1525,0,4,180846
act_fn,1525,0,4,15835
expert.w2,1525,0,4,216225
final_layernorm,1525,0,4,42899
lm_head,1525,0,4,1471658
embedding,1526,0,4,62640
input_layernorm,1526,0,4,42607
q_proj,1526,0,4,208382
k_proj,1526,0,4,59812
v_proj,1526,0,4,59502
rope,1526,0,4,81470
o_proj,1526,0,4,219307
post_layernorm,1526,0,4,42863
gate,1526,0,4,102533
expert.w1,1526,0,4,179955
expert.w3,1526,0,4,179060
act_fn,1526,0,4,15873
expert.w2,1526,0,4,214273
final_layernorm,1526,0,4,42625
lm_head,1526,0,4,1458145
embedding,1527,0,4,63367
input_layernorm,1527,0,4,42603
q_proj,1527,0,4,210283
k_proj,1527,0,4,60394
v_proj,1527,0,4,60085
rope,1527,0,4,82111
o_proj,1527,0,4,221392
post_layernorm,1527,0,4,43048
gate,1527,0,4,103908
expert.w1,1527,0,4,181665
expert.w3,1527,0,4,180849
act_fn,1527,0,4,15903
expert.w2,1527,0,4,216372
final_layernorm,1527,0,4,42884
lm_head,1527,0,4,1471660
embedding,1528,0,4,62662
input_layernorm,1528,0,4,42717
q_proj,1528,0,4,208815
k_proj,1528,0,4,59936
v_proj,1528,0,4,59632
rope,1528,0,4,82028
o_proj,1528,0,4,219648
post_layernorm,1528,0,4,42946
gate,1528,0,4,102792
expert.w1,1528,0,4,180327
expert.w3,1528,0,4,179317
act_fn,1528,0,4,15903
expert.w2,1528,0,4,214830
final_layernorm,1528,0,4,42766
lm_head,1528,0,4,1461274
embedding,1529,0,4,62933
input_layernorm,1529,0,4,42656
q_proj,1529,0,4,209249
k_proj,1529,0,4,60067
v_proj,1529,0,4,59757
rope,1529,0,4,81813
o_proj,1529,0,4,220227
post_layernorm,1529,0,4,43119
gate,1529,0,4,104043
expert.w1,1529,0,4,180778
expert.w3,1529,0,4,179826
act_fn,1529,0,4,15978
expert.w2,1529,0,4,215415
final_layernorm,1529,0,4,42903
lm_head,1529,0,4,1464609
embedding,1530,0,4,63275
input_layernorm,1530,0,4,42812
q_proj,1530,0,4,210317
k_proj,1530,0,4,60375
v_proj,1530,0,4,60071
rope,1530,0,4,82172
o_proj,1530,0,4,221392
post_layernorm,1530,0,4,43088
gate,1530,0,4,103934
expert.w1,1530,0,4,181697
expert.w3,1530,0,4,180861
act_fn,1530,0,4,15804
expert.w2,1530,0,4,216553
final_layernorm,1530,0,4,42691
lm_head,1530,0,4,1471732
embedding,1531,0,4,63194
input_layernorm,1531,0,4,42718
q_proj,1531,0,4,210138
k_proj,1531,0,4,60302
v_proj,1531,0,4,59985
rope,1531,0,4,82019
o_proj,1531,0,4,221078
post_layernorm,1531,0,4,42987
gate,1531,0,4,104384
expert.w1,1531,0,4,181406
expert.w3,1531,0,4,180523
act_fn,1531,0,4,15969
expert.w2,1531,0,4,216125
final_layernorm,1531,0,4,42983
lm_head,1531,0,4,1468821
embedding,1532,0,4,63223
input_layernorm,1532,0,4,42813
q_proj,1532,0,4,210467
k_proj,1532,0,4,60390
v_proj,1532,0,4,60076
rope,1532,0,4,82488
o_proj,1532,0,4,221385
post_layernorm,1532,0,4,43056
gate,1532,0,4,104347
expert.w1,1532,0,4,181735
expert.w3,1532,0,4,180863
act_fn,1532,0,4,15940
expert.w2,1532,0,4,216489
final_layernorm,1532,0,4,43143
lm_head,1532,0,4,1471765
embedding,1533,0,4,63836
input_layernorm,1533,0,4,42777
q_proj,1533,0,4,211053
k_proj,1533,0,4,60587
v_proj,1533,0,4,60281
rope,1533,0,4,82441
o_proj,1533,0,4,222170
post_layernorm,1533,0,4,43157
gate,1533,0,4,104709
expert.w1,1533,0,4,182394
expert.w3,1533,0,4,181537
act_fn,1533,0,4,15992
expert.w2,1533,0,4,217247
final_layernorm,1533,0,4,43139
lm_head,1533,0,4,1476792
embedding,1534,0,4,63471
input_layernorm,1534,0,4,43072
q_proj,1534,0,4,210271
k_proj,1534,0,4,60376
v_proj,1534,0,4,60071
rope,1534,0,4,82307
o_proj,1534,0,4,221421
post_layernorm,1534,0,4,43202
gate,1534,0,4,104081
expert.w1,1534,0,4,181719
expert.w3,1534,0,4,180890
act_fn,1534,0,4,15907
expert.w2,1534,0,4,216367
final_layernorm,1534,0,4,42820
lm_head,1534,0,4,1471801
embedding,1535,0,4,63702
input_layernorm,1535,0,4,42883
q_proj,1535,0,4,209391
k_proj,1535,0,4,60111
v_proj,1535,0,4,59802
rope,1535,0,4,82114
o_proj,1535,0,4,220436
post_layernorm,1535,0,4,43107
gate,1535,0,4,104453
expert.w1,1535,0,4,180934
expert.w3,1535,0,4,179997
act_fn,1535,0,4,15933
expert.w2,1535,0,4,215612
final_layernorm,1535,0,4,43075
lm_head,1535,0,4,1465629
embedding,1536,0,4,63885
input_layernorm,1536,0,4,42968
q_proj,1536,0,4,210826
k_proj,1536,0,4,60547
v_proj,1536,0,4,60228
rope,1536,0,4,82726
o_proj,1536,0,4,221980
post_layernorm,1536,0,4,43276
gate,1536,0,4,100797
expert.w1,1536,0,4,182226
expert.w3,1536,0,4,181313
act_fn,1536,0,4,16004
expert.w2,1536,0,4,216948
final_layernorm,1536,0,4,43134
lm_head,1536,0,4,1475463
embedding,1537,0,4,63910
input_layernorm,1537,0,4,42908
q_proj,1537,0,4,223965
k_proj,1537,0,4,60434
v_proj,1537,0,4,60022
rope,1537,0,4,82418
o_proj,1537,0,4,221209
post_layernorm,1537,0,4,43224
gate,1537,0,4,101165
expert.w1,1537,0,4,181738
expert.w3,1537,0,4,180900
act_fn,1537,0,4,16042
expert.w2,1537,0,4,216102
final_layernorm,1537,0,4,43290
lm_head,1537,0,4,1471992
embedding,1538,0,4,63683
input_layernorm,1538,0,4,43065
q_proj,1538,0,4,224281
k_proj,1538,0,4,60515
v_proj,1538,0,4,60111
rope,1538,0,4,82576
o_proj,1538,0,4,221542
post_layernorm,1538,0,4,43427
gate,1538,0,4,101132
expert.w1,1538,0,4,182028
expert.w3,1538,0,4,181134
act_fn,1538,0,4,16010
expert.w2,1538,0,4,216248
final_layernorm,1538,0,4,43282
lm_head,1538,0,4,1473988
embedding,1539,0,4,63876
input_layernorm,1539,0,4,43098
q_proj,1539,0,4,223944
k_proj,1539,0,4,60430
v_proj,1539,0,4,60000
rope,1539,0,4,82549
o_proj,1539,0,4,221207
post_layernorm,1539,0,4,43356
gate,1539,0,4,101123
expert.w1,1539,0,4,181749
expert.w3,1539,0,4,180840
act_fn,1539,0,4,16052
expert.w2,1539,0,4,216048
final_layernorm,1539,0,4,43457
lm_head,1539,0,4,1471890
embedding,1540,0,4,64259
input_layernorm,1540,0,4,42980
q_proj,1540,0,4,224963
k_proj,1540,0,4,60691
v_proj,1540,0,4,60285
rope,1540,0,4,83033
o_proj,1540,0,4,222173
post_layernorm,1540,0,4,43290
gate,1540,0,4,101712
expert.w1,1540,0,4,182553
expert.w3,1540,0,4,181688
act_fn,1540,0,4,15990
expert.w2,1540,0,4,216754
final_layernorm,1540,0,4,43409
lm_head,1540,0,4,1477991
embedding,1541,0,4,63851
input_layernorm,1541,0,4,42983
q_proj,1541,0,4,223174
k_proj,1541,0,4,60214
v_proj,1541,0,4,59799
rope,1541,0,4,82457
o_proj,1541,0,4,220361
post_layernorm,1541,0,4,43234
gate,1541,0,4,101028
expert.w1,1541,0,4,181038
expert.w3,1541,0,4,180125
act_fn,1541,0,4,15961
expert.w2,1541,0,4,215091
final_layernorm,1541,0,4,43467
lm_head,1541,0,4,1466677
embedding,1542,0,4,64658
input_layernorm,1542,0,4,43055
q_proj,1542,0,4,225943
k_proj,1542,0,4,60968
v_proj,1542,0,4,60576
rope,1542,0,4,83029
o_proj,1542,0,4,223130
post_layernorm,1542,0,4,43673
gate,1542,0,4,101865
expert.w1,1542,0,4,183316
expert.w3,1542,0,4,182497
act_fn,1542,0,4,16081
expert.w2,1542,0,4,217727
final_layernorm,1542,0,4,43565
lm_head,1542,0,4,1484195
embedding,1543,0,4,63810
input_layernorm,1543,0,4,43237
q_proj,1543,0,4,223940
k_proj,1543,0,4,60431
v_proj,1543,0,4,60009
rope,1543,0,4,82860
o_proj,1543,0,4,221220
post_layernorm,1543,0,4,43458
gate,1543,0,4,101425
expert.w1,1543,0,4,181710
expert.w3,1543,0,4,180916
act_fn,1543,0,4,16029
expert.w2,1543,0,4,215874
final_layernorm,1543,0,4,43581
lm_head,1543,0,4,1471840
embedding,1544,0,4,63909
input_layernorm,1544,0,4,43131
q_proj,1544,0,4,223966
k_proj,1544,0,4,60428
v_proj,1544,0,4,60012
rope,1544,0,4,83086
o_proj,1544,0,4,221193
post_layernorm,1544,0,4,43722
gate,1544,0,4,101495
expert.w1,1544,0,4,181707
expert.w3,1544,0,4,180873
act_fn,1544,0,4,16051
expert.w2,1544,0,4,215830
final_layernorm,1544,0,4,43418
lm_head,1544,0,4,1471902
embedding,1545,0,4,68490
input_layernorm,1545,0,4,43530
q_proj,1545,0,4,246033
k_proj,1545,0,4,66324
v_proj,1545,0,4,65867
rope,1545,0,4,87520
o_proj,1545,0,4,242777
post_layernorm,1545,0,4,44238
gate,1545,0,4,109079
expert.w1,1545,0,4,199566
expert.w3,1545,0,4,198789
act_fn,1545,0,4,16522
expert.w2,1545,0,4,237175
final_layernorm,1545,0,4,44096
lm_head,1545,0,4,1623160
embedding,1546,0,4,64267
input_layernorm,1546,0,4,43181
q_proj,1546,0,4,223959
k_proj,1546,0,4,60435
v_proj,1546,0,4,60023
rope,1546,0,4,82979
o_proj,1546,0,4,221224
post_layernorm,1546,0,4,43632
gate,1546,0,4,101950
expert.w1,1546,0,4,181740
expert.w3,1546,0,4,180874
act_fn,1546,0,4,16203
expert.w2,1546,0,4,215867
final_layernorm,1546,0,4,43575
lm_head,1546,0,4,1471910
embedding,1547,0,4,63842
input_layernorm,1547,0,4,43345
q_proj,1547,0,4,223968
k_proj,1547,0,4,60430
v_proj,1547,0,4,60011
rope,1547,0,4,83053
o_proj,1547,0,4,221208
post_layernorm,1547,0,4,43799
gate,1547,0,4,101844
expert.w1,1547,0,4,181742
expert.w3,1547,0,4,180915
act_fn,1547,0,4,16124
expert.w2,1547,0,4,215731
final_layernorm,1547,0,4,43648
lm_head,1547,0,4,1471959
embedding,1548,0,4,64752
input_layernorm,1548,0,4,43456
q_proj,1548,0,4,225970
k_proj,1548,0,4,60962
v_proj,1548,0,4,60569
rope,1548,0,4,83764
o_proj,1548,0,4,223159
post_layernorm,1548,0,4,43823
gate,1548,0,4,102336
expert.w1,1548,0,4,183312
expert.w3,1548,0,4,182500
act_fn,1548,0,4,16173
expert.w2,1548,0,4,217790
final_layernorm,1548,0,4,43637
lm_head,1548,0,4,1484402
embedding,1549,0,4,64382
input_layernorm,1549,0,4,43422
q_proj,1549,0,4,225997
k_proj,1549,0,4,60977
v_proj,1549,0,4,60588
rope,1549,0,4,83522
o_proj,1549,0,4,223206
post_layernorm,1549,0,4,43824
gate,1549,0,4,102830
expert.w1,1549,0,4,183324
expert.w3,1549,0,4,182508
act_fn,1549,0,4,16199
expert.w2,1549,0,4,217774
final_layernorm,1549,0,4,43758
lm_head,1549,0,4,1484328
embedding,1550,0,4,64225
input_layernorm,1550,0,4,43376
q_proj,1550,0,4,223978
k_proj,1550,0,4,60441
v_proj,1550,0,4,60036
rope,1550,0,4,83330
o_proj,1550,0,4,221239
post_layernorm,1550,0,4,43759
gate,1550,0,4,101979
expert.w1,1550,0,4,181746
expert.w3,1550,0,4,180923
act_fn,1550,0,4,16271
expert.w2,1550,0,4,215933
final_layernorm,1550,0,4,43760
lm_head,1550,0,4,1471933
embedding,1551,0,4,64028
input_layernorm,1551,0,4,43514
q_proj,1551,0,4,223332
k_proj,1551,0,4,60250
v_proj,1551,0,4,59846
rope,1551,0,4,83129
o_proj,1551,0,4,220639
post_layernorm,1551,0,4,43673
gate,1551,0,4,101924
expert.w1,1551,0,4,181289
expert.w3,1551,0,4,180367
act_fn,1551,0,4,16187
expert.w2,1551,0,4,215373
final_layernorm,1551,0,4,43758
lm_head,1551,0,4,1468416
embedding,1552,0,4,64388
input_layernorm,1552,0,4,43478
q_proj,1552,0,4,223645
k_proj,1552,0,4,60331
v_proj,1552,0,4,59935
rope,1552,0,4,83601
o_proj,1552,0,4,220853
post_layernorm,1552,0,4,44013
gate,1552,0,4,101668
expert.w1,1552,0,4,181507
expert.w3,1552,0,4,180608
act_fn,1552,0,4,16175
expert.w2,1552,0,4,215786
final_layernorm,1552,0,4,43817
lm_head,1552,0,4,1469682
embedding,1553,0,4,64142
input_layernorm,1553,0,4,43496
q_proj,1553,0,4,223974
k_proj,1553,0,4,60425
v_proj,1553,0,4,60020
rope,1553,0,4,83439
o_proj,1553,0,4,221233
post_layernorm,1553,0,4,43941
gate,1553,0,4,102781
expert.w1,1553,0,4,181758
expert.w3,1553,0,4,180939
act_fn,1553,0,4,16188
expert.w2,1553,0,4,215998
final_layernorm,1553,0,4,43833
lm_head,1553,0,4,1471908
embedding,1554,0,4,64719
input_layernorm,1554,0,4,43502
q_proj,1554,0,4,223984
k_proj,1554,0,4,60430
v_proj,1554,0,4,60016
rope,1554,0,4,83473
o_proj,1554,0,4,221235
post_layernorm,1554,0,4,43869
gate,1554,0,4,102202
expert.w1,1554,0,4,181783
expert.w3,1554,0,4,180872
act_fn,1554,0,4,16173
expert.w2,1554,0,4,216082
final_layernorm,1554,0,4,43991
lm_head,1554,0,4,1472023
embedding,1555,0,4,64510
input_layernorm,1555,0,4,43540
q_proj,1555,0,4,223979
k_proj,1555,0,4,60437
v_proj,1555,0,4,60027
rope,1555,0,4,83465
o_proj,1555,0,4,221236
post_layernorm,1555,0,4,43960
gate,1555,0,4,102692
expert.w1,1555,0,4,181754
expert.w3,1555,0,4,180865
act_fn,1555,0,4,16266
expert.w2,1555,0,4,216103
final_layernorm,1555,0,4,43936
lm_head,1555,0,4,1472019
embedding,1556,0,4,64719
input_layernorm,1556,0,4,43825
q_proj,1556,0,4,223995
k_proj,1556,0,4,60434
v_proj,1556,0,4,60025
rope,1556,0,4,83762
o_proj,1556,0,4,221248
post_layernorm,1556,0,4,43965
gate,1556,0,4,102226
expert.w1,1556,0,4,181739
expert.w3,1556,0,4,180891
act_fn,1556,0,4,16237
expert.w2,1556,0,4,215998
final_layernorm,1556,0,4,44053
lm_head,1556,0,4,1472028
embedding,1557,0,4,64354
input_layernorm,1557,0,4,43723
q_proj,1557,0,4,224002
k_proj,1557,0,4,60422
v_proj,1557,0,4,60032
rope,1557,0,4,83491
o_proj,1557,0,4,221248
post_layernorm,1557,0,4,43864
gate,1557,0,4,102704
expert.w1,1557,0,4,181758
expert.w3,1557,0,4,180906
act_fn,1557,0,4,16347
expert.w2,1557,0,4,215943
final_layernorm,1557,0,4,44033
lm_head,1557,0,4,1472129
embedding,1558,0,4,65276
input_layernorm,1558,0,4,43628
q_proj,1558,0,4,225334
k_proj,1558,0,4,60789
v_proj,1558,0,4,60404
rope,1558,0,4,83718
o_proj,1558,0,4,222563
post_layernorm,1558,0,4,44130
gate,1558,0,4,102626
expert.w1,1558,0,4,182795
expert.w3,1558,0,4,181979
act_fn,1558,0,4,16576
expert.w2,1558,0,4,217194
final_layernorm,1558,0,4,44078
lm_head,1558,0,4,1480317
embedding,1559,0,4,64615
input_layernorm,1559,0,4,43760
q_proj,1559,0,4,224011
k_proj,1559,0,4,60429
v_proj,1559,0,4,60015
rope,1559,0,4,83631
o_proj,1559,0,4,221262
post_layernorm,1559,0,4,44019
gate,1559,0,4,102826
expert.w1,1559,0,4,181775
expert.w3,1559,0,4,180859
act_fn,1559,0,4,16459
expert.w2,1559,0,4,215976
final_layernorm,1559,0,4,44045
lm_head,1559,0,4,1472098
embedding,1560,0,4,64546
input_layernorm,1560,0,4,43631
q_proj,1560,0,4,222578
k_proj,1560,0,4,60049
v_proj,1560,0,4,59661
rope,1560,0,4,83538
o_proj,1560,0,4,219829
post_layernorm,1560,0,4,44177
gate,1560,0,4,102258
expert.w1,1560,0,4,180626
expert.w3,1560,0,4,179656
act_fn,1560,0,4,16517
expert.w2,1560,0,4,214455
final_layernorm,1560,0,4,44037
lm_head,1560,0,4,1462981
embedding,1561,0,4,65059
input_layernorm,1561,0,4,43815
q_proj,1561,0,4,225991
k_proj,1561,0,4,60962
v_proj,1561,0,4,60578
rope,1561,0,4,84041
o_proj,1561,0,4,223210
post_layernorm,1561,0,4,44424
gate,1561,0,4,103588
expert.w1,1561,0,4,183367
expert.w3,1561,0,4,182521
act_fn,1561,0,4,16471
expert.w2,1561,0,4,217757
final_layernorm,1561,0,4,44263
lm_head,1561,0,4,1484434
embedding,1562,0,4,64994
input_layernorm,1562,0,4,43747
q_proj,1562,0,4,223602
k_proj,1562,0,4,60284
v_proj,1562,0,4,59860
rope,1562,0,4,83716
o_proj,1562,0,4,220892
post_layernorm,1562,0,4,44305
gate,1562,0,4,103060
expert.w1,1562,0,4,181502
expert.w3,1562,0,4,180455
act_fn,1562,0,4,16463
expert.w2,1562,0,4,215642
final_layernorm,1562,0,4,44094
lm_head,1562,0,4,1470727
embedding,1563,0,4,64920
input_layernorm,1563,0,4,43875
q_proj,1563,0,4,223971
k_proj,1563,0,4,60427
v_proj,1563,0,4,60029
rope,1563,0,4,83867
o_proj,1563,0,4,221260
post_layernorm,1563,0,4,44130
gate,1563,0,4,103326
expert.w1,1563,0,4,181809
expert.w3,1563,0,4,180909
act_fn,1563,0,4,16430
expert.w2,1563,0,4,215939
final_layernorm,1563,0,4,44317
lm_head,1563,0,4,1472149
embedding,1564,0,4,65391
input_layernorm,1564,0,4,43915
q_proj,1564,0,4,226031
k_proj,1564,0,4,60966
v_proj,1564,0,4,60588
rope,1564,0,4,84499
o_proj,1564,0,4,223203
post_layernorm,1564,0,4,44400
gate,1564,0,4,103679
expert.w1,1564,0,4,183389
expert.w3,1564,0,4,182553
act_fn,1564,0,4,16483
expert.w2,1564,0,4,217778
final_layernorm,1564,0,4,44200
lm_head,1564,0,4,1484488
embedding,1565,0,4,64478
input_layernorm,1565,0,4,43929
q_proj,1565,0,4,223482
k_proj,1565,0,4,60277
v_proj,1565,0,4,59902
rope,1565,0,4,83779
o_proj,1565,0,4,220730
post_layernorm,1565,0,4,44253
gate,1565,0,4,103200
expert.w1,1565,0,4,181371
expert.w3,1565,0,4,180424
act_fn,1565,0,4,16520
expert.w2,1565,0,4,215332
final_layernorm,1565,0,4,44365
lm_head,1565,0,4,1468750
embedding,1566,0,4,65496
input_layernorm,1566,0,4,44059
q_proj,1566,0,4,226033
k_proj,1566,0,4,60975
v_proj,1566,0,4,60590
rope,1566,0,4,84431
o_proj,1566,0,4,223216
post_layernorm,1566,0,4,44420
gate,1566,0,4,103790
expert.w1,1566,0,4,183421
expert.w3,1566,0,4,182511
act_fn,1566,0,4,16530
expert.w2,1566,0,4,217765
final_layernorm,1566,0,4,44290
lm_head,1566,0,4,1484645
embedding,1567,0,4,65188
input_layernorm,1567,0,4,43791
q_proj,1567,0,4,226001
k_proj,1567,0,4,60964
v_proj,1567,0,4,60583
rope,1567,0,4,84330
o_proj,1567,0,4,223205
post_layernorm,1567,0,4,44602
gate,1567,0,4,103762
expert.w1,1567,0,4,183384
expert.w3,1567,0,4,182509
act_fn,1567,0,4,16651
expert.w2,1567,0,4,217701
final_layernorm,1567,0,4,44266
lm_head,1567,0,4,1484540
embedding,1568,0,4,65475
input_layernorm,1568,0,4,44113
q_proj,1568,0,4,226042
k_proj,1568,0,4,60985
v_proj,1568,0,4,60592
rope,1568,0,4,84665
o_proj,1568,0,4,223239
post_layernorm,1568,0,4,44501
gate,1568,0,4,103654
expert.w1,1568,0,4,183413
expert.w3,1568,0,4,182496
act_fn,1568,0,4,16625
expert.w2,1568,0,4,217846
final_layernorm,1568,0,4,44428
lm_head,1568,0,4,1484687
embedding,1569,0,4,65388
input_layernorm,1569,0,4,44129
q_proj,1569,0,4,226033
k_proj,1569,0,4,60992
v_proj,1569,0,4,60587
rope,1569,0,4,84488
o_proj,1569,0,4,223235
post_layernorm,1569,0,4,44628
gate,1569,0,4,104586
expert.w1,1569,0,4,183397
expert.w3,1569,0,4,182531
act_fn,1569,0,4,16548
expert.w2,1569,0,4,217897
final_layernorm,1569,0,4,44593
lm_head,1569,0,4,1484661
embedding,1570,0,4,64627
input_layernorm,1570,0,4,43985
q_proj,1570,0,4,222185
k_proj,1570,0,4,59907
v_proj,1570,0,4,59518
rope,1570,0,4,83780
o_proj,1570,0,4,219415
post_layernorm,1570,0,4,44486
gate,1570,0,4,102611
expert.w1,1570,0,4,180232
expert.w3,1570,0,4,179171
act_fn,1570,0,4,16468
expert.w2,1570,0,4,214250
final_layernorm,1570,0,4,44237
lm_head,1570,0,4,1460680
embedding,1571,0,4,65260
input_layernorm,1571,0,4,44153
q_proj,1571,0,4,225980
k_proj,1571,0,4,60951
v_proj,1571,0,4,60576
rope,1571,0,4,84697
o_proj,1571,0,4,223211
post_layernorm,1571,0,4,44781
gate,1571,0,4,104196
expert.w1,1571,0,4,183378
expert.w3,1571,0,4,182461
act_fn,1571,0,4,16491
expert.w2,1571,0,4,217820
final_layernorm,1571,0,4,44480
lm_head,1571,0,4,1484453
embedding,1572,0,4,65698
input_layernorm,1572,0,4,44071
q_proj,1572,0,4,226032
k_proj,1572,0,4,60961
v_proj,1572,0,4,60566
rope,1572,0,4,85085
o_proj,1572,0,4,223194
post_layernorm,1572,0,4,44660
gate,1572,0,4,104288
expert.w1,1572,0,4,183412
expert.w3,1572,0,4,182512
act_fn,1572,0,4,16445
expert.w2,1572,0,4,218052
final_layernorm,1572,0,4,44526
lm_head,1572,0,4,1484708
embedding,1573,0,4,65307
input_layernorm,1573,0,4,44262
q_proj,1573,0,4,226016
k_proj,1573,0,4,60965
v_proj,1573,0,4,60574
rope,1573,0,4,84822
o_proj,1573,0,4,223227
post_layernorm,1573,0,4,44610
gate,1573,0,4,104273
expert.w1,1573,0,4,183429
expert.w3,1573,0,4,182523
act_fn,1573,0,4,16460
expert.w2,1573,0,4,218100
final_layernorm,1573,0,4,44538
lm_head,1573,0,4,1484558
embedding,1574,0,4,65351
input_layernorm,1574,0,4,44234
q_proj,1574,0,4,224033
k_proj,1574,0,4,60418
v_proj,1574,0,4,60028
rope,1574,0,4,84534
o_proj,1574,0,4,221272
post_layernorm,1574,0,4,44702
gate,1574,0,4,103967
expert.w1,1574,0,4,181833
expert.w3,1574,0,4,180895
act_fn,1574,0,4,16505
expert.w2,1574,0,4,216149
final_layernorm,1574,0,4,44627
lm_head,1574,0,4,1472265
embedding,1575,0,4,65389
input_layernorm,1575,0,4,44221
q_proj,1575,0,4,225170
k_proj,1575,0,4,60736
v_proj,1575,0,4,60340
rope,1575,0,4,84720
o_proj,1575,0,4,222376
post_layernorm,1575,0,4,44682
gate,1575,0,4,103976
expert.w1,1575,0,4,182748
expert.w3,1575,0,4,181801
act_fn,1575,0,4,16633
expert.w2,1575,0,4,217221
final_layernorm,1575,0,4,44645
lm_head,1575,0,4,1479134
embedding,1576,0,4,66158
input_layernorm,1576,0,4,44381
q_proj,1576,0,4,226033
k_proj,1576,0,4,60952
v_proj,1576,0,4,60572
rope,1576,0,4,85129
o_proj,1576,0,4,223226
post_layernorm,1576,0,4,44983
gate,1576,0,4,104540
expert.w1,1576,0,4,183430
expert.w3,1576,0,4,182473
act_fn,1576,0,4,16663
expert.w2,1576,0,4,217772
final_layernorm,1576,0,4,44691
lm_head,1576,0,4,1484689
embedding,1577,0,4,65285
input_layernorm,1577,0,4,44374
q_proj,1577,0,4,224025
k_proj,1577,0,4,60425
v_proj,1577,0,4,60028
rope,1577,0,4,84564
o_proj,1577,0,4,221291
post_layernorm,1577,0,4,44641
gate,1577,0,4,104528
expert.w1,1577,0,4,181792
expert.w3,1577,0,4,180916
act_fn,1577,0,4,16605
expert.w2,1577,0,4,216050
final_layernorm,1577,0,4,44714
lm_head,1577,0,4,1472255
embedding,1578,0,4,66014
input_layernorm,1578,0,4,44447
q_proj,1578,0,4,226044
k_proj,1578,0,4,60963
v_proj,1578,0,4,60588
rope,1578,0,4,84857
o_proj,1578,0,4,223221
post_layernorm,1578,0,4,45072
gate,1578,0,4,104928
expert.w1,1578,0,4,183452
expert.w3,1578,0,4,182517
act_fn,1578,0,4,16693
expert.w2,1578,0,4,217905
final_layernorm,1578,0,4,44737
lm_head,1578,0,4,1484661
embedding,1579,0,4,65309
input_layernorm,1579,0,4,44297
q_proj,1579,0,4,224028
k_proj,1579,0,4,60425
v_proj,1579,0,4,60033
rope,1579,0,4,84584
o_proj,1579,0,4,221315
post_layernorm,1579,0,4,44694
gate,1579,0,4,104480
expert.w1,1579,0,4,181820
expert.w3,1579,0,4,180921
act_fn,1579,0,4,16704
expert.w2,1579,0,4,216114
final_layernorm,1579,0,4,44743
lm_head,1579,0,4,1472320
embedding,1580,0,4,65726
input_layernorm,1580,0,4,44419
q_proj,1580,0,4,224040
k_proj,1580,0,4,60420
v_proj,1580,0,4,60027
rope,1580,0,4,84950
o_proj,1580,0,4,221308
post_layernorm,1580,0,4,45010
gate,1580,0,4,104232
expert.w1,1580,0,4,181819
expert.w3,1580,0,4,180911
act_fn,1580,0,4,16672
expert.w2,1580,0,4,216042
final_layernorm,1580,0,4,44780
lm_head,1580,0,4,1472327
embedding,1581,0,4,65109
input_layernorm,1581,0,4,44420
q_proj,1581,0,4,222786
k_proj,1581,0,4,60079
v_proj,1581,0,4,59692
rope,1581,0,4,84191
o_proj,1581,0,4,219912
post_layernorm,1581,0,4,44806
gate,1581,0,4,104012
expert.w1,1581,0,4,180632
expert.w3,1581,0,4,179583
act_fn,1581,0,4,16584
expert.w2,1581,0,4,214540
final_layernorm,1581,0,4,44750
lm_head,1581,0,4,1463923
embedding,1582,0,4,66197
input_layernorm,1582,0,4,44669
q_proj,1582,0,4,226051
k_proj,1582,0,4,60969
v_proj,1582,0,4,60583
rope,1582,0,4,84999
o_proj,1582,0,4,223254
post_layernorm,1582,0,4,44964
gate,1582,0,4,104653
expert.w1,1582,0,4,183459
expert.w3,1582,0,4,182575
act_fn,1582,0,4,16683
expert.w2,1582,0,4,217910
final_layernorm,1582,0,4,44878
lm_head,1582,0,4,1484808
embedding,1583,0,4,65929
input_layernorm,1583,0,4,44667
q_proj,1583,0,4,226057
k_proj,1583,0,4,60976
v_proj,1583,0,4,60598
rope,1583,0,4,84889
o_proj,1583,0,4,223263
post_layernorm,1583,0,4,45028
gate,1583,0,4,104850
expert.w1,1583,0,4,183445
expert.w3,1583,0,4,182596
act_fn,1583,0,4,16680
expert.w2,1583,0,4,217914
final_layernorm,1583,0,4,44911
lm_head,1583,0,4,1484753
embedding,1584,0,4,65918
input_layernorm,1584,0,4,44748
q_proj,1584,0,4,224071
k_proj,1584,0,4,60428
v_proj,1584,0,4,60041
rope,1584,0,4,84927
o_proj,1584,0,4,221310
post_layernorm,1584,0,4,45038
gate,1584,0,4,104271
expert.w1,1584,0,4,181865
expert.w3,1584,0,4,180941
act_fn,1584,0,4,16670
expert.w2,1584,0,4,216023
final_layernorm,1584,0,4,44907
lm_head,1584,0,4,1472377
embedding,1585,0,4,65694
input_layernorm,1585,0,4,44728
q_proj,1585,0,4,226058
k_proj,1585,0,4,60954
v_proj,1585,0,4,60589
rope,1585,0,4,84920
o_proj,1585,0,4,223275
post_layernorm,1585,0,4,45005
gate,1585,0,4,105646
expert.w1,1585,0,4,183463
expert.w3,1585,0,4,182544
act_fn,1585,0,4,16697
expert.w2,1585,0,4,217753
final_layernorm,1585,0,4,44978
lm_head,1585,0,4,1484854
embedding,1586,0,4,66115
input_layernorm,1586,0,4,44743
q_proj,1586,0,4,224049
k_proj,1586,0,4,60433
v_proj,1586,0,4,60037
rope,1586,0,4,84829
o_proj,1586,0,4,221335
post_layernorm,1586,0,4,45141
gate,1586,0,4,104994
expert.w1,1586,0,4,181862
expert.w3,1586,0,4,180930
act_fn,1586,0,4,16720
expert.w2,1586,0,4,216041
final_layernorm,1586,0,4,45059
lm_head,1586,0,4,1472425
embedding,1587,0,4,65467
input_layernorm,1587,0,4,44665
q_proj,1587,0,4,222900
k_proj,1587,0,4,60110
v_proj,1587,0,4,59721
rope,1587,0,4,84547
o_proj,1587,0,4,220198
post_layernorm,1587,0,4,45070
gate,1587,0,4,104844
expert.w1,1587,0,4,181011
expert.w3,1587,0,4,180033
act_fn,1587,0,4,16651
expert.w2,1587,0,4,215249
final_layernorm,1587,0,4,44984
lm_head,1587,0,4,1465961
embedding,1588,0,4,66309
input_layernorm,1588,0,4,44851
q_proj,1588,0,4,225980
k_proj,1588,0,4,60966
v_proj,1588,0,4,60563
rope,1588,0,4,85338
o_proj,1588,0,4,223209
post_layernorm,1588,0,4,45277
gate,1588,0,4,105491
expert.w1,1588,0,4,183425
expert.w3,1588,0,4,182465
act_fn,1588,0,4,16800
expert.w2,1588,0,4,217864
final_layernorm,1588,0,4,45186
lm_head,1588,0,4,1484848
embedding,1589,0,4,65903
input_layernorm,1589,0,4,44772
q_proj,1589,0,4,226075
k_proj,1589,0,4,60969
v_proj,1589,0,4,60596
rope,1589,0,4,85158
o_proj,1589,0,4,223306
post_layernorm,1589,0,4,45239
gate,1589,0,4,105989
expert.w1,1589,0,4,183450
expert.w3,1589,0,4,182547
act_fn,1589,0,4,16807
expert.w2,1589,0,4,217972
final_layernorm,1589,0,4,45110
lm_head,1589,0,4,1484937
embedding,1590,0,4,66460
input_layernorm,1590,0,4,44909
q_proj,1590,0,4,226042
k_proj,1590,0,4,60963
v_proj,1590,0,4,60575
rope,1590,0,4,85154
o_proj,1590,0,4,223286
post_layernorm,1590,0,4,45194
gate,1590,0,4,105778
expert.w1,1590,0,4,183446
expert.w3,1590,0,4,182542
act_fn,1590,0,4,16739
expert.w2,1590,0,4,217926
final_layernorm,1590,0,4,45128
lm_head,1590,0,4,1484814
embedding,1591,0,4,66097
input_layernorm,1591,0,4,44835
q_proj,1591,0,4,226054
k_proj,1591,0,4,60978
v_proj,1591,0,4,60594
rope,1591,0,4,85114
o_proj,1591,0,4,223298
post_layernorm,1591,0,4,45246
gate,1591,0,4,106213
expert.w1,1591,0,4,183484
expert.w3,1591,0,4,182558
act_fn,1591,0,4,16805
expert.w2,1591,0,4,217812
final_layernorm,1591,0,4,45211
lm_head,1591,0,4,1484673
embedding,1592,0,4,65827
input_layernorm,1592,0,4,44916
q_proj,1592,0,4,224046
k_proj,1592,0,4,60430
v_proj,1592,0,4,60032
rope,1592,0,4,85106
o_proj,1592,0,4,221340
post_layernorm,1592,0,4,45219
gate,1592,0,4,105402
expert.w1,1592,0,4,181874
expert.w3,1592,0,4,180931
act_fn,1592,0,4,16834
expert.w2,1592,0,4,216157
final_layernorm,1592,0,4,44964
lm_head,1592,0,4,1472413
embedding,1593,0,4,66038
input_layernorm,1593,0,4,44885
q_proj,1593,0,4,226074
k_proj,1593,0,4,60991
v_proj,1593,0,4,60596
rope,1593,0,4,85254
o_proj,1593,0,4,223311
post_layernorm,1593,0,4,45481
gate,1593,0,4,106715
expert.w1,1593,0,4,183450
expert.w3,1593,0,4,182570
act_fn,1593,0,4,16921
expert.w2,1593,0,4,218009
final_layernorm,1593,0,4,45339
lm_head,1593,0,4,1484911
embedding,1594,0,4,66392
input_layernorm,1594,0,4,44991
q_proj,1594,0,4,226067
k_proj,1594,0,4,60968
v_proj,1594,0,4,60580
rope,1594,0,4,85276
o_proj,1594,0,4,223292
post_layernorm,1594,0,4,45466
gate,1594,0,4,106351
expert.w1,1594,0,4,183467
expert.w3,1594,0,4,182521
act_fn,1594,0,4,16946
expert.w2,1594,0,4,217987
final_layernorm,1594,0,4,45266
lm_head,1594,0,4,1484899
embedding,1595,0,4,66117
input_layernorm,1595,0,4,45026
q_proj,1595,0,4,224059
k_proj,1595,0,4,60443
v_proj,1595,0,4,60045
rope,1595,0,4,84960
o_proj,1595,0,4,221369
post_layernorm,1595,0,4,45213
gate,1595,0,4,106207
expert.w1,1595,0,4,181829
expert.w3,1595,0,4,180931
act_fn,1595,0,4,16775
expert.w2,1595,0,4,216015
final_layernorm,1595,0,4,45305
lm_head,1595,0,4,1472579
embedding,1596,0,4,66436
input_layernorm,1596,0,4,44853
q_proj,1596,0,4,224053
k_proj,1596,0,4,60424
v_proj,1596,0,4,60032
rope,1596,0,4,85316
o_proj,1596,0,4,221364
post_layernorm,1596,0,4,45358
gate,1596,0,4,105646
expert.w1,1596,0,4,181846
expert.w3,1596,0,4,180946
act_fn,1596,0,4,16791
expert.w2,1596,0,4,216087
final_layernorm,1596,0,4,45338
lm_head,1596,0,4,1472518
embedding,1597,0,4,66244
input_layernorm,1597,0,4,45053
q_proj,1597,0,4,224926
k_proj,1597,0,4,60651
v_proj,1597,0,4,60273
rope,1597,0,4,85176
o_proj,1597,0,4,222150
post_layernorm,1597,0,4,45428
gate,1597,0,4,106190
expert.w1,1597,0,4,182550
expert.w3,1597,0,4,181632
act_fn,1597,0,4,16959
expert.w2,1597,0,4,216938
final_layernorm,1597,0,4,45410
lm_head,1597,0,4,1477681
embedding,1598,0,4,66843
input_layernorm,1598,0,4,45160
q_proj,1598,0,4,226083
k_proj,1598,0,4,60980
v_proj,1598,0,4,60580
rope,1598,0,4,85379
o_proj,1598,0,4,223283
post_layernorm,1598,0,4,45465
gate,1598,0,4,106366
expert.w1,1598,0,4,183445
expert.w3,1598,0,4,182540
act_fn,1598,0,4,16900
expert.w2,1598,0,4,218156
final_layernorm,1598,0,4,45483
lm_head,1598,0,4,1484908
embedding,1599,0,4,66697
input_layernorm,1599,0,4,45229
q_proj,1599,0,4,226071
k_proj,1599,0,4,60993
v_proj,1599,0,4,60607
rope,1599,0,4,85436
o_proj,1599,0,4,223329
post_layernorm,1599,0,4,45466
gate,1599,0,4,106709
expert.w1,1599,0,4,183420
expert.w3,1599,0,4,182591
act_fn,1599,0,4,16799
expert.w2,1599,0,4,217996
final_layernorm,1599,0,4,45419
lm_head,1599,0,4,1484925
embedding,1600,0,4,67070
input_layernorm,1600,0,4,45185
q_proj,1600,0,4,226086
k_proj,1600,0,4,60973
v_proj,1600,0,4,60575
rope,1600,0,4,85725
o_proj,1600,0,4,223300
post_layernorm,1600,0,4,45657
gate,1600,0,4,102517
expert.w1,1600,0,4,183423
expert.w3,1600,0,4,182557
act_fn,1600,0,4,16930
expert.w2,1600,0,4,217829
final_layernorm,1600,0,4,45353
lm_head,1600,0,4,1484990
embedding,1601,0,4,66038
input_layernorm,1601,0,4,45351
q_proj,1601,0,4,221878
k_proj,1601,0,4,59831
v_proj,1601,0,4,59415
rope,1601,0,4,84633
o_proj,1601,0,4,219144
post_layernorm,1601,0,4,45290
gate,1601,0,4,102096
expert.w1,1601,0,4,354899
expert.w3,1601,0,4,352860
act_fn,1601,0,4,15019
expert.w2,1601,0,4,214121
final_layernorm,1601,0,4,45104
lm_head,1601,0,4,1552052
embedding,1602,0,4,66601
input_layernorm,1602,0,4,45332
q_proj,1602,0,4,222568
k_proj,1602,0,4,60018
v_proj,1602,0,4,59608
rope,1602,0,4,84848
o_proj,1602,0,4,219829
post_layernorm,1602,0,4,45306
gate,1602,0,4,101967
expert.w1,1602,0,4,355947
expert.w3,1602,0,4,353814
act_fn,1602,0,4,14979
expert.w2,1602,0,4,214889
final_layernorm,1602,0,4,45394
lm_head,1602,0,4,1556687
embedding,1603,0,4,66969
input_layernorm,1603,0,4,45503
q_proj,1603,0,4,223709
k_proj,1603,0,4,60331
v_proj,1603,0,4,59913
rope,1603,0,4,85105
o_proj,1603,0,4,221010
post_layernorm,1603,0,4,45313
gate,1603,0,4,102559
expert.w1,1603,0,4,357787
expert.w3,1603,0,4,355603
act_fn,1603,0,4,15103
expert.w2,1603,0,4,215901
final_layernorm,1603,0,4,45233
lm_head,1603,0,4,1564537
embedding,1604,0,4,66690
input_layernorm,1604,0,4,45573
q_proj,1604,0,4,224105
k_proj,1604,0,4,60431
v_proj,1604,0,4,60015
rope,1604,0,4,85544
o_proj,1604,0,4,221397
post_layernorm,1604,0,4,45401
gate,1604,0,4,102487
expert.w1,1604,0,4,358464
expert.w3,1604,0,4,356236
act_fn,1604,0,4,15024
expert.w2,1604,0,4,216298
final_layernorm,1604,0,4,45245
lm_head,1604,0,4,1567552
embedding,1605,0,4,67253
input_layernorm,1605,0,4,45478
q_proj,1605,0,4,224137
k_proj,1605,0,4,60447
v_proj,1605,0,4,60018
rope,1605,0,4,85315
o_proj,1605,0,4,221427
post_layernorm,1605,0,4,45367
gate,1605,0,4,103013
expert.w1,1605,0,4,358445
expert.w3,1605,0,4,356242
act_fn,1605,0,4,15041
expert.w2,1605,0,4,216237
final_layernorm,1605,0,4,45168
lm_head,1605,0,4,1567489
embedding,1606,0,4,66705
input_layernorm,1606,0,4,45585
q_proj,1606,0,4,224152
k_proj,1606,0,4,60444
v_proj,1606,0,4,60013
rope,1606,0,4,85462
o_proj,1606,0,4,221416
post_layernorm,1606,0,4,45433
gate,1606,0,4,102690
expert.w1,1606,0,4,358479
expert.w3,1606,0,4,356232
act_fn,1606,0,4,14947
expert.w2,1606,0,4,216312
final_layernorm,1606,0,4,45408
lm_head,1606,0,4,1567477
embedding,1607,0,4,66743
input_layernorm,1607,0,4,45625
q_proj,1607,0,4,222210
k_proj,1607,0,4,59917
v_proj,1607,0,4,59496
rope,1607,0,4,85074
o_proj,1607,0,4,219526
post_layernorm,1607,0,4,45544
gate,1607,0,4,102410
expert.w1,1607,0,4,355422
expert.w3,1607,0,4,353487
act_fn,1607,0,4,14912
expert.w2,1607,0,4,214541
final_layernorm,1607,0,4,45379
lm_head,1607,0,4,1554101
embedding,1608,0,4,66823
input_layernorm,1608,0,4,45567
q_proj,1608,0,4,224149
k_proj,1608,0,4,60442
v_proj,1608,0,4,60013
rope,1608,0,4,85871
o_proj,1608,0,4,221452
post_layernorm,1608,0,4,45582
gate,1608,0,4,102806
expert.w1,1608,0,4,358442
expert.w3,1608,0,4,356266
act_fn,1608,0,4,14886
expert.w2,1608,0,4,216422
final_layernorm,1608,0,4,45400
lm_head,1608,0,4,1567537
embedding,1609,0,4,67301
input_layernorm,1609,0,4,45639
q_proj,1609,0,4,224149
k_proj,1609,0,4,60441
v_proj,1609,0,4,60026
rope,1609,0,4,85582
o_proj,1609,0,4,221444
post_layernorm,1609,0,4,45623
gate,1609,0,4,103485
expert.w1,1609,0,4,358412
expert.w3,1609,0,4,356228
act_fn,1609,0,4,14890
expert.w2,1609,0,4,216232
final_layernorm,1609,0,4,45515
lm_head,1609,0,4,1567540
embedding,1610,0,4,66585
input_layernorm,1610,0,4,45663
q_proj,1610,0,4,223077
k_proj,1610,0,4,60148
v_proj,1610,0,4,59730
rope,1610,0,4,85421
o_proj,1610,0,4,220346
post_layernorm,1610,0,4,45545
gate,1610,0,4,102436
expert.w1,1610,0,4,356713
expert.w3,1610,0,4,354692
act_fn,1610,0,4,14850
expert.w2,1610,0,4,215088
final_layernorm,1610,0,4,45509
lm_head,1610,0,4,1560009
embedding,1611,0,4,67223
input_layernorm,1611,0,4,45706
q_proj,1611,0,4,224117
k_proj,1611,0,4,60441
v_proj,1611,0,4,60011
rope,1611,0,4,85682
o_proj,1611,0,4,221500
post_layernorm,1611,0,4,45675
gate,1611,0,4,103071
expert.w1,1611,0,4,358410
expert.w3,1611,0,4,356238
act_fn,1611,0,4,14955
expert.w2,1611,0,4,216273
final_layernorm,1611,0,4,45565
lm_head,1611,0,4,1567683
embedding,1612,0,4,66793
input_layernorm,1612,0,4,45694
q_proj,1612,0,4,224100
k_proj,1612,0,4,60447
v_proj,1612,0,4,60032
rope,1612,0,4,85973
o_proj,1612,0,4,221470
post_layernorm,1612,0,4,45814
gate,1612,0,4,103056
expert.w1,1612,0,4,358377
expert.w3,1612,0,4,356208
act_fn,1612,0,4,14898
expert.w2,1612,0,4,216426
final_layernorm,1612,0,4,45368
lm_head,1612,0,4,1567639
embedding,1613,0,4,67074
input_layernorm,1613,0,4,45736
q_proj,1613,0,4,224127
k_proj,1613,0,4,60438
v_proj,1613,0,4,60027
rope,1613,0,4,85774
o_proj,1613,0,4,221449
post_layernorm,1613,0,4,45577
gate,1613,0,4,103349
expert.w1,1613,0,4,358358
expert.w3,1613,0,4,356190
act_fn,1613,0,4,14879
expert.w2,1613,0,4,216525
final_layernorm,1613,0,4,45576
lm_head,1613,0,4,1567580
embedding,1614,0,4,66444
input_layernorm,1614,0,4,45737
q_proj,1614,0,4,221933
k_proj,1614,0,4,59839
v_proj,1614,0,4,59426
rope,1614,0,4,85338
o_proj,1614,0,4,219264
post_layernorm,1614,0,4,45709
gate,1614,0,4,102580
expert.w1,1614,0,4,354992
expert.w3,1614,0,4,352838
act_fn,1614,0,4,14879
expert.w2,1614,0,4,214256
final_layernorm,1614,0,4,45693
lm_head,1614,0,4,1552636
embedding,1615,0,4,67568
input_layernorm,1615,0,4,45923
q_proj,1615,0,4,224126
k_proj,1615,0,4,60438
v_proj,1615,0,4,60025
rope,1615,0,4,85939
o_proj,1615,0,4,221507
post_layernorm,1615,0,4,45757
gate,1615,0,4,103474
expert.w1,1615,0,4,358422
expert.w3,1615,0,4,356241
act_fn,1615,0,4,14890
expert.w2,1615,0,4,216224
final_layernorm,1615,0,4,45839
lm_head,1615,0,4,1567709
embedding,1616,0,4,67022
input_layernorm,1616,0,4,45693
q_proj,1616,0,4,222533
k_proj,1616,0,4,60002
v_proj,1616,0,4,59592
rope,1616,0,4,85901
o_proj,1616,0,4,219866
post_layernorm,1616,0,4,45611
gate,1616,0,4,102891
expert.w1,1616,0,4,355859
expert.w3,1616,0,4,353776
act_fn,1616,0,4,14803
expert.w2,1616,0,4,214748
final_layernorm,1616,0,4,45696
lm_head,1616,0,4,1556195
embedding,1617,0,4,67386
input_layernorm,1617,0,4,46146
q_proj,1617,0,4,224167
k_proj,1617,0,4,60447
v_proj,1617,0,4,60031
rope,1617,0,4,85967
o_proj,1617,0,4,221441
post_layernorm,1617,0,4,45771
gate,1617,0,4,104016
expert.w1,1617,0,4,358405
expert.w3,1617,0,4,356289
act_fn,1617,0,4,14941
expert.w2,1617,0,4,216478
final_layernorm,1617,0,4,45870
lm_head,1617,0,4,1567643
embedding,1618,0,4,67394
input_layernorm,1618,0,4,45995
q_proj,1618,0,4,224101
k_proj,1618,0,4,60417
v_proj,1618,0,4,60007
rope,1618,0,4,85922
o_proj,1618,0,4,221431
post_layernorm,1618,0,4,45801
gate,1618,0,4,103613
expert.w1,1618,0,4,358479
expert.w3,1618,0,4,356300
act_fn,1618,0,4,14894
expert.w2,1618,0,4,216459
final_layernorm,1618,0,4,45895
lm_head,1618,0,4,1567591
embedding,1619,0,4,67609
input_layernorm,1619,0,4,45929
q_proj,1619,0,4,223600
k_proj,1619,0,4,60276
v_proj,1619,0,4,59877
rope,1619,0,4,85942
o_proj,1619,0,4,220769
post_layernorm,1619,0,4,45811
gate,1619,0,4,103772
expert.w1,1619,0,4,357421
expert.w3,1619,0,4,355344
act_fn,1619,0,4,14982
expert.w2,1619,0,4,215736
final_layernorm,1619,0,4,45735
lm_head,1619,0,4,1563341
embedding,1620,0,4,67609
input_layernorm,1620,0,4,46036
q_proj,1620,0,4,224173
k_proj,1620,0,4,60445
v_proj,1620,0,4,60026
rope,1620,0,4,86392
o_proj,1620,0,4,221519
post_layernorm,1620,0,4,46053
gate,1620,0,4,103649
expert.w1,1620,0,4,358466
expert.w3,1620,0,4,356334
act_fn,1620,0,4,14893
expert.w2,1620,0,4,216351
final_layernorm,1620,0,4,45741
lm_head,1620,0,4,1567639
embedding,1621,0,4,67825
input_layernorm,1621,0,4,45941
q_proj,1621,0,4,224169
k_proj,1621,0,4,60437
v_proj,1621,0,4,60023
rope,1621,0,4,86200
o_proj,1621,0,4,221429
post_layernorm,1621,0,4,45983
gate,1621,0,4,103957
expert.w1,1621,0,4,358452
expert.w3,1621,0,4,356282
act_fn,1621,0,4,14868
expert.w2,1621,0,4,216291
final_layernorm,1621,0,4,45893
lm_head,1621,0,4,1567555
embedding,1622,0,4,67551
input_layernorm,1622,0,4,46170
q_proj,1622,0,4,224157
k_proj,1622,0,4,60432
v_proj,1622,0,4,60007
rope,1622,0,4,86265
o_proj,1622,0,4,221433
post_layernorm,1622,0,4,45922
gate,1622,0,4,104115
expert.w1,1622,0,4,358448
expert.w3,1622,0,4,356278
act_fn,1622,0,4,14941
expert.w2,1622,0,4,216375
final_layernorm,1622,0,4,45927
lm_head,1622,0,4,1567536
embedding,1623,0,4,67951
input_layernorm,1623,0,4,46099
q_proj,1623,0,4,224181
k_proj,1623,0,4,60440
v_proj,1623,0,4,60014
rope,1623,0,4,86270
o_proj,1623,0,4,221437
post_layernorm,1623,0,4,45866
gate,1623,0,4,103822
expert.w1,1623,0,4,358478
expert.w3,1623,0,4,356296
act_fn,1623,0,4,15006
expert.w2,1623,0,4,216435
final_layernorm,1623,0,4,45931
lm_head,1623,0,4,1567691
embedding,1624,0,4,67106
input_layernorm,1624,0,4,46148
q_proj,1624,0,4,221672
k_proj,1624,0,4,59756
v_proj,1624,0,4,59337
rope,1624,0,4,86097
o_proj,1624,0,4,218931
post_layernorm,1624,0,4,45940
gate,1624,0,4,103015
expert.w1,1624,0,4,354497
expert.w3,1624,0,4,352465
act_fn,1624,0,4,15106
expert.w2,1624,0,4,213971
final_layernorm,1624,0,4,45664
lm_head,1624,0,4,1550289
embedding,1625,0,4,67407
input_layernorm,1625,0,4,46061
q_proj,1625,0,4,222446
k_proj,1625,0,4,59956
v_proj,1625,0,4,59557
rope,1625,0,4,85974
o_proj,1625,0,4,219710
post_layernorm,1625,0,4,46177
gate,1625,0,4,103981
expert.w1,1625,0,4,355715
expert.w3,1625,0,4,353579
act_fn,1625,0,4,14935
expert.w2,1625,0,4,214573
final_layernorm,1625,0,4,45892
lm_head,1625,0,4,1555629
embedding,1626,0,4,67703
input_layernorm,1626,0,4,46353
q_proj,1626,0,4,224196
k_proj,1626,0,4,60429
v_proj,1626,0,4,60001
rope,1626,0,4,86410
o_proj,1626,0,4,221418
post_layernorm,1626,0,4,46155
gate,1626,0,4,104241
expert.w1,1626,0,4,358496
expert.w3,1626,0,4,356330
act_fn,1626,0,4,15008
expert.w2,1626,0,4,216284
final_layernorm,1626,0,4,46038
lm_head,1626,0,4,1567600
embedding,1627,0,4,67991
input_layernorm,1627,0,4,46287
q_proj,1627,0,4,224201
k_proj,1627,0,4,60435
v_proj,1627,0,4,60026
rope,1627,0,4,86401
o_proj,1627,0,4,221476
post_layernorm,1627,0,4,46266
gate,1627,0,4,104566
expert.w1,1627,0,4,358478
expert.w3,1627,0,4,356355
act_fn,1627,0,4,15046
expert.w2,1627,0,4,216516
final_layernorm,1627,0,4,45893
lm_head,1627,0,4,1567690
embedding,1628,0,4,67603
input_layernorm,1628,0,4,46207
q_proj,1628,0,4,222937
k_proj,1628,0,4,60088
v_proj,1628,0,4,59686
rope,1628,0,4,86433
o_proj,1628,0,4,220200
post_layernorm,1628,0,4,46161
gate,1628,0,4,103832
expert.w1,1628,0,4,356495
expert.w3,1628,0,4,354393
act_fn,1628,0,4,15045
expert.w2,1628,0,4,215220
final_layernorm,1628,0,4,45819
lm_head,1628,0,4,1558461
embedding,1629,0,4,68145
input_layernorm,1629,0,4,46354
q_proj,1629,0,4,224215
k_proj,1629,0,4,60435
v_proj,1629,0,4,60023
rope,1629,0,4,86491
o_proj,1629,0,4,221450
post_layernorm,1629,0,4,46200
gate,1629,0,4,104625
expert.w1,1629,0,4,358479
expert.w3,1629,0,4,356369
act_fn,1629,0,4,14988
expert.w2,1629,0,4,216337
final_layernorm,1629,0,4,46058
lm_head,1629,0,4,1567816
embedding,1630,0,4,67780
input_layernorm,1630,0,4,46505
q_proj,1630,0,4,224221
k_proj,1630,0,4,60435
v_proj,1630,0,4,60013
rope,1630,0,4,86498
o_proj,1630,0,4,221474
post_layernorm,1630,0,4,46220
gate,1630,0,4,104378
expert.w1,1630,0,4,358527
expert.w3,1630,0,4,356332
act_fn,1630,0,4,15044
expert.w2,1630,0,4,216202
final_layernorm,1630,0,4,46219
lm_head,1630,0,4,1567714
embedding,1631,0,4,67941
input_layernorm,1631,0,4,46301
q_proj,1631,0,4,224241
k_proj,1631,0,4,60436
v_proj,1631,0,4,60014
rope,1631,0,4,86523
o_proj,1631,0,4,221454
post_layernorm,1631,0,4,46376
gate,1631,0,4,104550
expert.w1,1631,0,4,358480
expert.w3,1631,0,4,356340
act_fn,1631,0,4,15165
expert.w2,1631,0,4,216390
final_layernorm,1631,0,4,46136
lm_head,1631,0,4,1567617
embedding,1632,0,4,67341
input_layernorm,1632,0,4,46505
q_proj,1632,0,4,222021
k_proj,1632,0,4,59837
v_proj,1632,0,4,59414
rope,1632,0,4,86369
o_proj,1632,0,4,219164
post_layernorm,1632,0,4,46184
gate,1632,0,4,103764
expert.w1,1632,0,4,354942
expert.w3,1632,0,4,352923
act_fn,1632,0,4,15083
expert.w2,1632,0,4,214335
final_layernorm,1632,0,4,46207
lm_head,1632,0,4,1552139
embedding,1633,0,4,67731
input_layernorm,1633,0,4,46404
q_proj,1633,0,4,223083
k_proj,1633,0,4,60117
v_proj,1633,0,4,59696
rope,1633,0,4,86382
o_proj,1633,0,4,220300
post_layernorm,1633,0,4,46322
gate,1633,0,4,105029
expert.w1,1633,0,4,356667
expert.w3,1633,0,4,354553
act_fn,1633,0,4,15226
expert.w2,1633,0,4,215269
final_layernorm,1633,0,4,46128
lm_head,1633,0,4,1559244
embedding,1634,0,4,67773
input_layernorm,1634,0,4,46389
q_proj,1634,0,4,224238
k_proj,1634,0,4,60449
v_proj,1634,0,4,60013
rope,1634,0,4,86596
o_proj,1634,0,4,221466
post_layernorm,1634,0,4,46270
gate,1634,0,4,104903
expert.w1,1634,0,4,358470
expert.w3,1634,0,4,356323
act_fn,1634,0,4,15088
expert.w2,1634,0,4,216290
final_layernorm,1634,0,4,46297
lm_head,1634,0,4,1567720
embedding,1635,0,4,68155
input_layernorm,1635,0,4,46472
q_proj,1635,0,4,224241
k_proj,1635,0,4,60437
v_proj,1635,0,4,60002
rope,1635,0,4,86693
o_proj,1635,0,4,221514
post_layernorm,1635,0,4,46340
gate,1635,0,4,105008
expert.w1,1635,0,4,358442
expert.w3,1635,0,4,356363
act_fn,1635,0,4,15294
expert.w2,1635,0,4,216353
final_layernorm,1635,0,4,46203
lm_head,1635,0,4,1567597
embedding,1636,0,4,67895
input_layernorm,1636,0,4,46609
q_proj,1636,0,4,224245
k_proj,1636,0,4,60450
v_proj,1636,0,4,60001
rope,1636,0,4,87032
o_proj,1636,0,4,221476
post_layernorm,1636,0,4,46290
gate,1636,0,4,105087
expert.w1,1636,0,4,358474
expert.w3,1636,0,4,356347
act_fn,1636,0,4,15227
expert.w2,1636,0,4,216152
final_layernorm,1636,0,4,46232
lm_head,1636,0,4,1567773
embedding,1637,0,4,68117
input_layernorm,1637,0,4,46592
q_proj,1637,0,4,223594
k_proj,1637,0,4,60264
v_proj,1637,0,4,59822
rope,1637,0,4,86665
o_proj,1637,0,4,220866
post_layernorm,1637,0,4,46498
gate,1637,0,4,105261
expert.w1,1637,0,4,357470
expert.w3,1637,0,4,355405
act_fn,1637,0,4,15290
expert.w2,1637,0,4,215925
final_layernorm,1637,0,4,46382
lm_head,1637,0,4,1563074
embedding,1638,0,4,67879
input_layernorm,1638,0,4,46553
q_proj,1638,0,4,222993
k_proj,1638,0,4,60101
v_proj,1638,0,4,59665
rope,1638,0,4,86607
o_proj,1638,0,4,220273
post_layernorm,1638,0,4,46344
gate,1638,0,4,104704
expert.w1,1638,0,4,356530
expert.w3,1638,0,4,354447
act_fn,1638,0,4,15128
expert.w2,1638,0,4,215260
final_layernorm,1638,0,4,46425
lm_head,1638,0,4,1559043
embedding,1639,0,4,68572
input_layernorm,1639,0,4,46127
q_proj,1639,0,4,224261
k_proj,1639,0,4,60439
v_proj,1639,0,4,60007
rope,1639,0,4,87044
o_proj,1639,0,4,221535
post_layernorm,1639,0,4,46514
gate,1639,0,4,105383
expert.w1,1639,0,4,358475
expert.w3,1639,0,4,356341
act_fn,1639,0,4,15010
expert.w2,1639,0,4,216383
final_layernorm,1639,0,4,46429
lm_head,1639,0,4,1567763
embedding,1640,0,4,68526
input_layernorm,1640,0,4,46281
q_proj,1640,0,4,224252
k_proj,1640,0,4,60444
v_proj,1640,0,4,60011
rope,1640,0,4,87404
o_proj,1640,0,4,221464
post_layernorm,1640,0,4,46425
gate,1640,0,4,105447
expert.w1,1640,0,4,358445
expert.w3,1640,0,4,356317
act_fn,1640,0,4,15125
expert.w2,1640,0,4,216317
final_layernorm,1640,0,4,46526
lm_head,1640,0,4,1567709
embedding,1641,0,4,68660
input_layernorm,1641,0,4,46265
q_proj,1641,0,4,224254
k_proj,1641,0,4,60449
v_proj,1641,0,4,60012
rope,1641,0,4,87180
o_proj,1641,0,4,221511
post_layernorm,1641,0,4,46544
gate,1641,0,4,106124
expert.w1,1641,0,4,358479
expert.w3,1641,0,4,356323
act_fn,1641,0,4,15066
expert.w2,1641,0,4,216490
final_layernorm,1641,0,4,46396
lm_head,1641,0,4,1567794
embedding,1642,0,4,68480
input_layernorm,1642,0,4,46197
q_proj,1642,0,4,224247
k_proj,1642,0,4,60454
v_proj,1642,0,4,60024
rope,1642,0,4,87381
o_proj,1642,0,4,221453
post_layernorm,1642,0,4,46627
gate,1642,0,4,105794
expert.w1,1642,0,4,358452
expert.w3,1642,0,4,356400
act_fn,1642,0,4,15119
expert.w2,1642,0,4,216605
final_layernorm,1642,0,4,46667
lm_head,1642,0,4,1567912
embedding,1643,0,4,68226
input_layernorm,1643,0,4,46274
q_proj,1643,0,4,222076
k_proj,1643,0,4,59844
v_proj,1643,0,4,59408
rope,1643,0,4,86909
o_proj,1643,0,4,219319
post_layernorm,1643,0,4,46593
gate,1643,0,4,105165
expert.w1,1643,0,4,354967
expert.w3,1643,0,4,352917
act_fn,1643,0,4,14996
expert.w2,1643,0,4,214436
final_layernorm,1643,0,4,46361
lm_head,1643,0,4,1552514
embedding,1644,0,4,68178
input_layernorm,1644,0,4,46289
q_proj,1644,0,4,223144
k_proj,1644,0,4,60129
v_proj,1644,0,4,59695
rope,1644,0,4,87576
o_proj,1644,0,4,220332
post_layernorm,1644,0,4,46646
gate,1644,0,4,105405
expert.w1,1644,0,4,356663
expert.w3,1644,0,4,354631
act_fn,1644,0,4,15054
expert.w2,1644,0,4,215380
final_layernorm,1644,0,4,46483
lm_head,1644,0,4,1559917
embedding,1645,0,4,68733
input_layernorm,1645,0,4,46349
q_proj,1645,0,4,224264
k_proj,1645,0,4,60438
v_proj,1645,0,4,60007
rope,1645,0,4,87673
o_proj,1645,0,4,221465
post_layernorm,1645,0,4,46735
gate,1645,0,4,106177
expert.w1,1645,0,4,358496
expert.w3,1645,0,4,356438
act_fn,1645,0,4,15106
expert.w2,1645,0,4,216482
final_layernorm,1645,0,4,46582
lm_head,1645,0,4,1567610
embedding,1646,0,4,68220
input_layernorm,1646,0,4,46521
q_proj,1646,0,4,223130
k_proj,1646,0,4,60135
v_proj,1646,0,4,59702
rope,1646,0,4,87465
o_proj,1646,0,4,220313
post_layernorm,1646,0,4,46846
gate,1646,0,4,105700
expert.w1,1646,0,4,356802
expert.w3,1646,0,4,354753
act_fn,1646,0,4,15101
expert.w2,1646,0,4,215574
final_layernorm,1646,0,4,46748
lm_head,1646,0,4,1560250
embedding,1647,0,4,68417
input_layernorm,1647,0,4,46236
q_proj,1647,0,4,223139
k_proj,1647,0,4,60145
v_proj,1647,0,4,59709
rope,1647,0,4,87566
o_proj,1647,0,4,220450
post_layernorm,1647,0,4,46835
gate,1647,0,4,105535
expert.w1,1647,0,4,356817
expert.w3,1647,0,4,354777
act_fn,1647,0,4,15140
expert.w2,1647,0,4,215454
final_layernorm,1647,0,4,46371
lm_head,1647,0,4,1560169
embedding,1648,0,4,68452
input_layernorm,1648,0,4,46340
q_proj,1648,0,4,224299
k_proj,1648,0,4,60438
v_proj,1648,0,4,60013
rope,1648,0,4,88022
o_proj,1648,0,4,221460
post_layernorm,1648,0,4,46820
gate,1648,0,4,105975
expert.w1,1648,0,4,358550
expert.w3,1648,0,4,356446
act_fn,1648,0,4,14978
expert.w2,1648,0,4,216538
final_layernorm,1648,0,4,46761
lm_head,1648,0,4,1567799
embedding,1649,0,4,69040
input_layernorm,1649,0,4,46415
q_proj,1649,0,4,224296
k_proj,1649,0,4,60444
v_proj,1649,0,4,60010
rope,1649,0,4,87833
o_proj,1649,0,4,221470
post_layernorm,1649,0,4,46899
gate,1649,0,4,106765
expert.w1,1649,0,4,358535
expert.w3,1649,0,4,356413
act_fn,1649,0,4,15350
expert.w2,1649,0,4,216456
final_layernorm,1649,0,4,46701
lm_head,1649,0,4,1567728
embedding,1650,0,4,68492
input_layernorm,1650,0,4,46628
q_proj,1650,0,4,224282
k_proj,1650,0,4,60452
v_proj,1650,0,4,60013
rope,1650,0,4,87926
o_proj,1650,0,4,221475
post_layernorm,1650,0,4,47004
gate,1650,0,4,106583
expert.w1,1650,0,4,358537
expert.w3,1650,0,4,356448
act_fn,1650,0,4,15259
expert.w2,1650,0,4,216477
final_layernorm,1650,0,4,47102
lm_head,1650,0,4,1567874
embedding,1651,0,4,68834
input_layernorm,1651,0,4,46591
q_proj,1651,0,4,224287
k_proj,1651,0,4,60443
v_proj,1651,0,4,60020
rope,1651,0,4,87890
o_proj,1651,0,4,221531
post_layernorm,1651,0,4,46876
gate,1651,0,4,106912
expert.w1,1651,0,4,358580
expert.w3,1651,0,4,356409
act_fn,1651,0,4,15118
expert.w2,1651,0,4,216477
final_layernorm,1651,0,4,46698
lm_head,1651,0,4,1567767
embedding,1652,0,4,68528
input_layernorm,1652,0,4,46497
q_proj,1652,0,4,224302
k_proj,1652,0,4,60447
v_proj,1652,0,4,60005
rope,1652,0,4,88118
o_proj,1652,0,4,221530
post_layernorm,1652,0,4,46838
gate,1652,0,4,106585
expert.w1,1652,0,4,358566
expert.w3,1652,0,4,356451
act_fn,1652,0,4,15268
expert.w2,1652,0,4,216550
final_layernorm,1652,0,4,46786
lm_head,1652,0,4,1567818
embedding,1653,0,4,68594
input_layernorm,1653,0,4,46578
q_proj,1653,0,4,222968
k_proj,1653,0,4,60086
v_proj,1653,0,4,59665
rope,1653,0,4,87605
o_proj,1653,0,4,220215
post_layernorm,1653,0,4,46859
gate,1653,0,4,106252
expert.w1,1653,0,4,356383
expert.w3,1653,0,4,354279
act_fn,1653,0,4,15261
expert.w2,1653,0,4,215385
final_layernorm,1653,0,4,46707
lm_head,1653,0,4,1558564
embedding,1654,0,4,68678
input_layernorm,1654,0,4,46808
q_proj,1654,0,4,224314
k_proj,1654,0,4,60435
v_proj,1654,0,4,60005
rope,1654,0,4,88028
o_proj,1654,0,4,221509
post_layernorm,1654,0,4,46953
gate,1654,0,4,106676
expert.w1,1654,0,4,358549
expert.w3,1654,0,4,356428
act_fn,1654,0,4,15209
expert.w2,1654,0,4,216532
final_layernorm,1654,0,4,46941
lm_head,1654,0,4,1567766
embedding,1655,0,4,68814
input_layernorm,1655,0,4,46686
q_proj,1655,0,4,224288
k_proj,1655,0,4,60456
v_proj,1655,0,4,60031
rope,1655,0,4,87994
o_proj,1655,0,4,221553
post_layernorm,1655,0,4,47119
gate,1655,0,4,107006
expert.w1,1655,0,4,358559
expert.w3,1655,0,4,356436
act_fn,1655,0,4,15258
expert.w2,1655,0,4,216334
final_layernorm,1655,0,4,46820
lm_head,1655,0,4,1568077
embedding,1656,0,4,68960
input_layernorm,1656,0,4,46855
q_proj,1656,0,4,224316
k_proj,1656,0,4,60440
v_proj,1656,0,4,60009
rope,1656,0,4,88300
o_proj,1656,0,4,221571
post_layernorm,1656,0,4,46966
gate,1656,0,4,106796
expert.w1,1656,0,4,358529
expert.w3,1656,0,4,356409
act_fn,1656,0,4,15305
expert.w2,1656,0,4,216380
final_layernorm,1656,0,4,46920
lm_head,1656,0,4,1567809
embedding,1657,0,4,69126
input_layernorm,1657,0,4,46781
q_proj,1657,0,4,224221
k_proj,1657,0,4,60442
v_proj,1657,0,4,60023
rope,1657,0,4,88082
o_proj,1657,0,4,221532
post_layernorm,1657,0,4,46933
gate,1657,0,4,107459
expert.w1,1657,0,4,358504
expert.w3,1657,0,4,356428
act_fn,1657,0,4,15337
expert.w2,1657,0,4,216950
final_layernorm,1657,0,4,46739
lm_head,1657,0,4,1567786
embedding,1658,0,4,68995
input_layernorm,1658,0,4,46898
q_proj,1658,0,4,224232
k_proj,1658,0,4,60445
v_proj,1658,0,4,60017
rope,1658,0,4,88019
o_proj,1658,0,4,221574
post_layernorm,1658,0,4,47228
gate,1658,0,4,107311
expert.w1,1658,0,4,358562
expert.w3,1658,0,4,356430
act_fn,1658,0,4,15357
expert.w2,1658,0,4,217023
final_layernorm,1658,0,4,46931
lm_head,1658,0,4,1567954
embedding,1659,0,4,69433
input_layernorm,1659,0,4,46761
q_proj,1659,0,4,224252
k_proj,1659,0,4,60444
v_proj,1659,0,4,60021
rope,1659,0,4,88046
o_proj,1659,0,4,221602
post_layernorm,1659,0,4,47182
gate,1659,0,4,107514
expert.w1,1659,0,4,358637
expert.w3,1659,0,4,356490
act_fn,1659,0,4,15381
expert.w2,1659,0,4,217030
final_layernorm,1659,0,4,46907
lm_head,1659,0,4,1567966
embedding,1660,0,4,69597
input_layernorm,1660,0,4,46944
q_proj,1660,0,4,226334
k_proj,1660,0,4,60981
v_proj,1660,0,4,60585
rope,1660,0,4,88820
o_proj,1660,0,4,223525
post_layernorm,1660,0,4,47225
gate,1660,0,4,106503
expert.w1,1660,0,4,211197
expert.w3,1660,0,4,210884
act_fn,1660,0,4,17966
expert.w2,1660,0,4,218690
final_layernorm,1660,0,4,47127
lm_head,1660,0,4,1583105
embedding,1661,0,4,69929
input_layernorm,1661,0,4,47085
q_proj,1661,0,4,226330
k_proj,1661,0,4,60974
v_proj,1661,0,4,60610
rope,1661,0,4,88661
o_proj,1661,0,4,223569
post_layernorm,1661,0,4,47198
gate,1661,0,4,106978
expert.w1,1661,0,4,211254
expert.w3,1661,0,4,210957
act_fn,1661,0,4,17993
expert.w2,1661,0,4,218753
final_layernorm,1661,0,4,47025
lm_head,1661,0,4,1583269
embedding,1662,0,4,69638
input_layernorm,1662,0,4,46916
q_proj,1662,0,4,226334
k_proj,1662,0,4,60979
v_proj,1662,0,4,60595
rope,1662,0,4,88677
o_proj,1662,0,4,223507
post_layernorm,1662,0,4,47280
gate,1662,0,4,106721
expert.w1,1662,0,4,211188
expert.w3,1662,0,4,210931
act_fn,1662,0,4,18030
expert.w2,1662,0,4,218868
final_layernorm,1662,0,4,47381
lm_head,1662,0,4,1583171
embedding,1663,0,4,69044
input_layernorm,1663,0,4,46812
q_proj,1663,0,4,222312
k_proj,1663,0,4,59825
v_proj,1663,0,4,59447
rope,1663,0,4,87876
o_proj,1663,0,4,219660
post_layernorm,1663,0,4,47183
gate,1663,0,4,105806
expert.w1,1663,0,4,207806
expert.w3,1663,0,4,207397
act_fn,1663,0,4,17979
expert.w2,1663,0,4,215263
final_layernorm,1663,0,4,47019
lm_head,1663,0,4,1553676
embedding,1664,0,4,69399
input_layernorm,1664,0,4,47035
q_proj,1664,0,4,224994
k_proj,1664,0,4,60595
v_proj,1664,0,4,60198
rope,1664,0,4,88772
o_proj,1664,0,4,222206
post_layernorm,1664,0,4,47302
gate,1664,0,4,102125
expert.w1,1664,0,4,210055
expert.w3,1664,0,4,209842
act_fn,1664,0,4,17986
expert.w2,1664,0,4,217653
final_layernorm,1664,0,4,47293
lm_head,1664,0,4,1573019
embedding,1665,0,4,69836
input_layernorm,1665,0,4,47058
q_proj,1665,0,4,226339
k_proj,1665,0,4,80146
v_proj,1665,0,4,79339
rope,1665,0,4,88757
o_proj,1665,0,4,224848
post_layernorm,1665,0,4,47420
gate,1665,0,4,102919
expert.w1,1665,0,4,290939
expert.w3,1665,0,4,290677
act_fn,1665,0,4,18049
expert.w2,1665,0,4,218741
final_layernorm,1665,0,4,47555
lm_head,1665,0,4,1582607
embedding,1666,0,4,69713
input_layernorm,1666,0,4,47163
q_proj,1666,0,4,226305
k_proj,1666,0,4,80118
v_proj,1666,0,4,79344
rope,1666,0,4,88835
o_proj,1666,0,4,224841
post_layernorm,1666,0,4,47345
gate,1666,0,4,102954
expert.w1,1666,0,4,290848
expert.w3,1666,0,4,290685
act_fn,1666,0,4,17932
expert.w2,1666,0,4,218901
final_layernorm,1666,0,4,47620
lm_head,1666,0,4,1582755
embedding,1667,0,4,69693
input_layernorm,1667,0,4,47087
q_proj,1667,0,4,226334
k_proj,1667,0,4,80132
v_proj,1667,0,4,79349
rope,1667,0,4,88868
o_proj,1667,0,4,224878
post_layernorm,1667,0,4,47538
gate,1667,0,4,103212
expert.w1,1667,0,4,290920
expert.w3,1667,0,4,290769
act_fn,1667,0,4,17979
expert.w2,1667,0,4,218921
final_layernorm,1667,0,4,47564
lm_head,1667,0,4,1582967
embedding,1668,0,4,70013
input_layernorm,1668,0,4,47212
q_proj,1668,0,4,226302
k_proj,1668,0,4,80125
v_proj,1668,0,4,79341
rope,1668,0,4,89208
o_proj,1668,0,4,224881
post_layernorm,1668,0,4,47677
gate,1668,0,4,103201
expert.w1,1668,0,4,290931
expert.w3,1668,0,4,290777
act_fn,1668,0,4,18037
expert.w2,1668,0,4,218989
final_layernorm,1668,0,4,47638
lm_head,1668,0,4,1582631
embedding,1669,0,4,69163
input_layernorm,1669,0,4,47037
q_proj,1669,0,4,224573
k_proj,1669,0,4,79592
v_proj,1669,0,4,78719
rope,1669,0,4,88622
o_proj,1669,0,4,223307
post_layernorm,1669,0,4,47647
gate,1669,0,4,103437
expert.w1,1669,0,4,288898
expert.w3,1669,0,4,288609
act_fn,1669,0,4,17836
expert.w2,1669,0,4,217311
final_layernorm,1669,0,4,47632
lm_head,1669,0,4,1569640
embedding,1670,0,4,70086
input_layernorm,1670,0,4,47237
q_proj,1670,0,4,226324
k_proj,1670,0,4,80123
v_proj,1670,0,4,79367
rope,1670,0,4,89072
o_proj,1670,0,4,224900
post_layernorm,1670,0,4,47580
gate,1670,0,4,103536
expert.w1,1670,0,4,290948
expert.w3,1670,0,4,290738
act_fn,1670,0,4,17908
expert.w2,1670,0,4,218791
final_layernorm,1670,0,4,47658
lm_head,1670,0,4,1583007
embedding,1671,0,4,69857
input_layernorm,1671,0,4,47256
q_proj,1671,0,4,226351
k_proj,1671,0,4,80143
v_proj,1671,0,4,79349
rope,1671,0,4,89013
o_proj,1671,0,4,224900
post_layernorm,1671,0,4,47839
gate,1671,0,4,103986
expert.w1,1671,0,4,290900
expert.w3,1671,0,4,290779
act_fn,1671,0,4,17931
expert.w2,1671,0,4,218860
final_layernorm,1671,0,4,47620
lm_head,1671,0,4,1582618
embedding,1672,0,4,70025
input_layernorm,1672,0,4,47232
q_proj,1672,0,4,226341
k_proj,1672,0,4,80140
v_proj,1672,0,4,79355
rope,1672,0,4,89284
o_proj,1672,0,4,224965
post_layernorm,1672,0,4,47725
gate,1672,0,4,103685
expert.w1,1672,0,4,290926
expert.w3,1672,0,4,290822
act_fn,1672,0,4,17967
expert.w2,1672,0,4,219039
final_layernorm,1672,0,4,47814
lm_head,1672,0,4,1582885
embedding,1673,0,4,69339
input_layernorm,1673,0,4,47228
q_proj,1673,0,4,224175
k_proj,1673,0,4,79458
v_proj,1673,0,4,78572
rope,1673,0,4,88691
o_proj,1673,0,4,223001
post_layernorm,1673,0,4,47636
gate,1673,0,4,103718
expert.w1,1673,0,4,288403
expert.w3,1673,0,4,288217
act_fn,1673,0,4,17904
expert.w2,1673,0,4,217147
final_layernorm,1673,0,4,47662
lm_head,1673,0,4,1567191
embedding,1674,0,4,69577
input_layernorm,1674,0,4,47151
q_proj,1674,0,4,223999
k_proj,1674,0,4,79393
v_proj,1674,0,4,78507
rope,1674,0,4,88663
o_proj,1674,0,4,222837
post_layernorm,1674,0,4,47567
gate,1674,0,4,103465
expert.w1,1674,0,4,288232
expert.w3,1674,0,4,288018
act_fn,1674,0,4,17898
expert.w2,1674,0,4,216881
final_layernorm,1674,0,4,47765
lm_head,1674,0,4,1566038
embedding,1675,0,4,69804
input_layernorm,1675,0,4,47414
q_proj,1675,0,4,226283
k_proj,1675,0,4,80130
v_proj,1675,0,4,79338
rope,1675,0,4,89081
o_proj,1675,0,4,224897
post_layernorm,1675,0,4,47668
gate,1675,0,4,104257
expert.w1,1675,0,4,290789
expert.w3,1675,0,4,290664
act_fn,1675,0,4,17899
expert.w2,1675,0,4,218679
final_layernorm,1675,0,4,47924
lm_head,1675,0,4,1582029
embedding,1676,0,4,70111
input_layernorm,1676,0,4,47564
q_proj,1676,0,4,226335
k_proj,1676,0,4,80141
v_proj,1676,0,4,79366
rope,1676,0,4,89347
o_proj,1676,0,4,225004
post_layernorm,1676,0,4,47841
gate,1676,0,4,104077
expert.w1,1676,0,4,290904
expert.w3,1676,0,4,290806
act_fn,1676,0,4,17963
expert.w2,1676,0,4,218894
final_layernorm,1676,0,4,47955
lm_head,1676,0,4,1583119
embedding,1677,0,4,70036
input_layernorm,1677,0,4,47417
q_proj,1677,0,4,226343
k_proj,1677,0,4,80131
v_proj,1677,0,4,79338
rope,1677,0,4,89111
o_proj,1677,0,4,224973
post_layernorm,1677,0,4,47751
gate,1677,0,4,104402
expert.w1,1677,0,4,290866
expert.w3,1677,0,4,290804
act_fn,1677,0,4,18025
expert.w2,1677,0,4,219145
final_layernorm,1677,0,4,48018
lm_head,1677,0,4,1582846
embedding,1678,0,4,70623
input_layernorm,1678,0,4,47325
q_proj,1678,0,4,226358
k_proj,1678,0,4,80123
v_proj,1678,0,4,79345
rope,1678,0,4,89210
o_proj,1678,0,4,225012
post_layernorm,1678,0,4,48062
gate,1678,0,4,104045
expert.w1,1678,0,4,290924
expert.w3,1678,0,4,290825
act_fn,1678,0,4,18001
expert.w2,1678,0,4,219030
final_layernorm,1678,0,4,47898
lm_head,1678,0,4,1582782
embedding,1679,0,4,69801
input_layernorm,1679,0,4,47411
q_proj,1679,0,4,224399
k_proj,1679,0,4,79526
v_proj,1679,0,4,78656
rope,1679,0,4,88862
o_proj,1679,0,4,223276
post_layernorm,1679,0,4,47966
gate,1679,0,4,103901
expert.w1,1679,0,4,288677
expert.w3,1679,0,4,288586
act_fn,1679,0,4,17914
expert.w2,1679,0,4,217456
final_layernorm,1679,0,4,47961
lm_head,1679,0,4,1569505
embedding,1680,0,4,70244
input_layernorm,1680,0,4,47403
q_proj,1680,0,4,224929
k_proj,1680,0,4,79697
v_proj,1680,0,4,78843
rope,1680,0,4,89372
o_proj,1680,0,4,223787
post_layernorm,1680,0,4,48092
gate,1680,0,4,103820
expert.w1,1680,0,4,289197
expert.w3,1680,0,4,289034
act_fn,1680,0,4,18016
expert.w2,1680,0,4,217446
final_layernorm,1680,0,4,48012
lm_head,1680,0,4,1572077
embedding,1681,0,4,70283
input_layernorm,1681,0,4,47564
q_proj,1681,0,4,226286
k_proj,1681,0,4,80121
v_proj,1681,0,4,79331
rope,1681,0,4,89175
o_proj,1681,0,4,224974
post_layernorm,1681,0,4,48132
gate,1681,0,4,104521
expert.w1,1681,0,4,290906
expert.w3,1681,0,4,290771
act_fn,1681,0,4,18094
expert.w2,1681,0,4,219091
final_layernorm,1681,0,4,48091
lm_head,1681,0,4,1582794
embedding,1682,0,4,70821
input_layernorm,1682,0,4,47554
q_proj,1682,0,4,226340
k_proj,1682,0,4,80129
v_proj,1682,0,4,79372
rope,1682,0,4,89223
o_proj,1682,0,4,225076
post_layernorm,1682,0,4,48011
gate,1682,0,4,104385
expert.w1,1682,0,4,290956
expert.w3,1682,0,4,290839
act_fn,1682,0,4,18106
expert.w2,1682,0,4,218820
final_layernorm,1682,0,4,47983
lm_head,1682,0,4,1583172
embedding,1683,0,4,70714
input_layernorm,1683,0,4,47550
q_proj,1683,0,4,226336
k_proj,1683,0,4,80121
v_proj,1683,0,4,79362
rope,1683,0,4,89310
o_proj,1683,0,4,225031
post_layernorm,1683,0,4,48105
gate,1683,0,4,104608
expert.w1,1683,0,4,290933
expert.w3,1683,0,4,290803
act_fn,1683,0,4,18059
expert.w2,1683,0,4,219008
final_layernorm,1683,0,4,47959
lm_head,1683,0,4,1583024
embedding,1684,0,4,70601
input_layernorm,1684,0,4,47601
q_proj,1684,0,4,226355
k_proj,1684,0,4,80132
v_proj,1684,0,4,79352
rope,1684,0,4,89563
o_proj,1684,0,4,225094
post_layernorm,1684,0,4,48090
gate,1684,0,4,104424
expert.w1,1684,0,4,290965
expert.w3,1684,0,4,290854
act_fn,1684,0,4,18043
expert.w2,1684,0,4,218763
final_layernorm,1684,0,4,48029
lm_head,1684,0,4,1583066
embedding,1685,0,4,70535
input_layernorm,1685,0,4,47568
q_proj,1685,0,4,226345
k_proj,1685,0,4,80122
v_proj,1685,0,4,79351
rope,1685,0,4,89290
o_proj,1685,0,4,225037
post_layernorm,1685,0,4,47933
gate,1685,0,4,104807
expert.w1,1685,0,4,291050
expert.w3,1685,0,4,290844
act_fn,1685,0,4,18020
expert.w2,1685,0,4,218695
final_layernorm,1685,0,4,48322
lm_head,1685,0,4,1582868
embedding,1686,0,4,70459
input_layernorm,1686,0,4,47718
q_proj,1686,0,4,223605
k_proj,1686,0,4,79222
v_proj,1686,0,4,78404
rope,1686,0,4,88825
o_proj,1686,0,4,222732
post_layernorm,1686,0,4,48083
gate,1686,0,4,103821
expert.w1,1686,0,4,287805
expert.w3,1686,0,4,287634
act_fn,1686,0,4,17990
expert.w2,1686,0,4,216360
final_layernorm,1686,0,4,48091
lm_head,1686,0,4,1563732
embedding,1687,0,4,70560
input_layernorm,1687,0,4,47703
q_proj,1687,0,4,226327
k_proj,1687,0,4,80124
v_proj,1687,0,4,79353
rope,1687,0,4,89355
o_proj,1687,0,4,225074
post_layernorm,1687,0,4,48083
gate,1687,0,4,104759
expert.w1,1687,0,4,291023
expert.w3,1687,0,4,290846
act_fn,1687,0,4,18038
expert.w2,1687,0,4,218890
final_layernorm,1687,0,4,48211
lm_head,1687,0,4,1582858
embedding,1688,0,4,70571
input_layernorm,1688,0,4,47884
q_proj,1688,0,4,226362
k_proj,1688,0,4,80142
v_proj,1688,0,4,79354
rope,1688,0,4,89597
o_proj,1688,0,4,225113
post_layernorm,1688,0,4,48287
gate,1688,0,4,104556
expert.w1,1688,0,4,290903
expert.w3,1688,0,4,290842
act_fn,1688,0,4,18122
expert.w2,1688,0,4,218930
final_layernorm,1688,0,4,48358
lm_head,1688,0,4,1582986
embedding,1689,0,4,70721
input_layernorm,1689,0,4,47859
q_proj,1689,0,4,227319
k_proj,1689,0,4,80234
v_proj,1689,0,4,79424
rope,1689,0,4,89442
o_proj,1689,0,4,225309
post_layernorm,1689,0,4,48161
gate,1689,0,4,105437
expert.w1,1689,0,4,291395
expert.w3,1689,0,4,291212
act_fn,1689,0,4,18001
expert.w2,1689,0,4,219089
final_layernorm,1689,0,4,48330
lm_head,1689,0,4,1584431
embedding,1690,0,4,70901
input_layernorm,1690,0,4,47826
q_proj,1690,0,4,227092
k_proj,1690,0,4,80158
v_proj,1690,0,4,79345
rope,1690,0,4,89479
o_proj,1690,0,4,225118
post_layernorm,1690,0,4,48222
gate,1690,0,4,105203
expert.w1,1690,0,4,291023
expert.w3,1690,0,4,290944
act_fn,1690,0,4,18190
expert.w2,1690,0,4,218758
final_layernorm,1690,0,4,48375
lm_head,1690,0,4,1582847
embedding,1691,0,4,70620
input_layernorm,1691,0,4,47888
q_proj,1691,0,4,227110
k_proj,1691,0,4,80160
v_proj,1691,0,4,79356
rope,1691,0,4,89437
o_proj,1691,0,4,225103
post_layernorm,1691,0,4,48290
gate,1691,0,4,105483
expert.w1,1691,0,4,291104
expert.w3,1691,0,4,290948
act_fn,1691,0,4,18252
expert.w2,1691,0,4,218741
final_layernorm,1691,0,4,48379
lm_head,1691,0,4,1582823
embedding,1692,0,4,70729
input_layernorm,1692,0,4,47910
q_proj,1692,0,4,226152
k_proj,1692,0,4,79843
v_proj,1692,0,4,79007
rope,1692,0,4,89588
o_proj,1692,0,4,224233
post_layernorm,1692,0,4,48270
gate,1692,0,4,105182
expert.w1,1692,0,4,289926
expert.w3,1692,0,4,289780
act_fn,1692,0,4,18212
expert.w2,1692,0,4,218020
final_layernorm,1692,0,4,48392
lm_head,1692,0,4,1576941
embedding,1693,0,4,70050
input_layernorm,1693,0,4,48095
q_proj,1693,0,4,224822
k_proj,1693,0,4,79302
v_proj,1693,0,4,78465
rope,1693,0,4,89059
o_proj,1693,0,4,222833
post_layernorm,1693,0,4,48289
gate,1693,0,4,104837
expert.w1,1693,0,4,287970
expert.w3,1693,0,4,287787
act_fn,1693,0,4,18224
expert.w2,1693,0,4,216519
final_layernorm,1693,0,4,48370
lm_head,1693,0,4,1564949
embedding,1694,0,4,70658
input_layernorm,1694,0,4,48059
q_proj,1694,0,4,226163
k_proj,1694,0,4,79807
v_proj,1694,0,4,78990
rope,1694,0,4,89380
o_proj,1694,0,4,224198
post_layernorm,1694,0,4,48227
gate,1694,0,4,105051
expert.w1,1694,0,4,289735
expert.w3,1694,0,4,289537
act_fn,1694,0,4,18278
expert.w2,1694,0,4,218043
final_layernorm,1694,0,4,48436
lm_head,1694,0,4,1574920
embedding,1695,0,4,70697
input_layernorm,1695,0,4,48058
q_proj,1695,0,4,227102
k_proj,1695,0,4,80159
v_proj,1695,0,4,79353
rope,1695,0,4,89751
o_proj,1695,0,4,225111
post_layernorm,1695,0,4,48522
gate,1695,0,4,105696
expert.w1,1695,0,4,291097
expert.w3,1695,0,4,290971
act_fn,1695,0,4,18137
expert.w2,1695,0,4,218925
final_layernorm,1695,0,4,48506
lm_head,1695,0,4,1582932
embedding,1696,0,4,70950
input_layernorm,1696,0,4,48117
q_proj,1696,0,4,227112
k_proj,1696,0,4,80148
v_proj,1696,0,4,79357
rope,1696,0,4,90016
o_proj,1696,0,4,225154
post_layernorm,1696,0,4,48423
gate,1696,0,4,105627
expert.w1,1696,0,4,291134
expert.w3,1696,0,4,290927
act_fn,1696,0,4,18245
expert.w2,1696,0,4,219079
final_layernorm,1696,0,4,48560
lm_head,1696,0,4,1583069
embedding,1697,0,4,70927
input_layernorm,1697,0,4,48148
q_proj,1697,0,4,227108
k_proj,1697,0,4,80149
v_proj,1697,0,4,79368
rope,1697,0,4,89692
o_proj,1697,0,4,225111
post_layernorm,1697,0,4,48577
gate,1697,0,4,106047
expert.w1,1697,0,4,291042
expert.w3,1697,0,4,290876
act_fn,1697,0,4,18225
expert.w2,1697,0,4,219089
final_layernorm,1697,0,4,48492
lm_head,1697,0,4,1583244
embedding,1698,0,4,70984
input_layernorm,1698,0,4,48079
q_proj,1698,0,4,225088
k_proj,1698,0,4,79315
v_proj,1698,0,4,78485
rope,1698,0,4,89199
o_proj,1698,0,4,223031
post_layernorm,1698,0,4,48364
gate,1698,0,4,105027
expert.w1,1698,0,4,288046
expert.w3,1698,0,4,287811
act_fn,1698,0,4,18141
expert.w2,1698,0,4,216851
final_layernorm,1698,0,4,48429
lm_head,1698,0,4,1567163
embedding,1699,0,4,71048
input_layernorm,1699,0,4,48289
q_proj,1699,0,4,227094
k_proj,1699,0,4,80149
v_proj,1699,0,4,79363
rope,1699,0,4,89735
o_proj,1699,0,4,225100
post_layernorm,1699,0,4,48549
gate,1699,0,4,105869
expert.w1,1699,0,4,291232
expert.w3,1699,0,4,290927
act_fn,1699,0,4,18072
expert.w2,1699,0,4,219213
final_layernorm,1699,0,4,48620
lm_head,1699,0,4,1583082
embedding,1700,0,4,71047
input_layernorm,1700,0,4,48384
q_proj,1700,0,4,226576
k_proj,1700,0,4,79950
v_proj,1700,0,4,79145
rope,1700,0,4,89916
o_proj,1700,0,4,224592
post_layernorm,1700,0,4,48498
gate,1700,0,4,105417
expert.w1,1700,0,4,290429
expert.w3,1700,0,4,290169
act_fn,1700,0,4,18185
expert.w2,1700,0,4,218365
final_layernorm,1700,0,4,48697
lm_head,1700,0,4,1578279
embedding,1701,0,4,71493
input_layernorm,1701,0,4,48247
q_proj,1701,0,4,227091
k_proj,1701,0,4,80161
v_proj,1701,0,4,79357
rope,1701,0,4,89874
o_proj,1701,0,4,225113
post_layernorm,1701,0,4,48541
gate,1701,0,4,106091
expert.w1,1701,0,4,291093
expert.w3,1701,0,4,290913
act_fn,1701,0,4,18236
expert.w2,1701,0,4,219081
final_layernorm,1701,0,4,48723
lm_head,1701,0,4,1583329
embedding,1702,0,4,71482
input_layernorm,1702,0,4,48341
q_proj,1702,0,4,227124
k_proj,1702,0,4,80162
v_proj,1702,0,4,79373
rope,1702,0,4,89943
o_proj,1702,0,4,225222
post_layernorm,1702,0,4,48682
gate,1702,0,4,105954
expert.w1,1702,0,4,291155
expert.w3,1702,0,4,290973
act_fn,1702,0,4,18165
expert.w2,1702,0,4,219117
final_layernorm,1702,0,4,48727
lm_head,1702,0,4,1583384
embedding,1703,0,4,71589
input_layernorm,1703,0,4,48471
q_proj,1703,0,4,227122
k_proj,1703,0,4,80144
v_proj,1703,0,4,79374
rope,1703,0,4,89961
o_proj,1703,0,4,225114
post_layernorm,1703,0,4,48760
gate,1703,0,4,106011
expert.w1,1703,0,4,291097
expert.w3,1703,0,4,290935
act_fn,1703,0,4,18055
expert.w2,1703,0,4,219269
final_layernorm,1703,0,4,48786
lm_head,1703,0,4,1583269
embedding,1704,0,4,71460
input_layernorm,1704,0,4,48094
q_proj,1704,0,4,227107
k_proj,1704,0,4,80146
v_proj,1704,0,4,79377
rope,1704,0,4,90176
o_proj,1704,0,4,225116
post_layernorm,1704,0,4,48839
gate,1704,0,4,106046
expert.w1,1704,0,4,291181
expert.w3,1704,0,4,290944
act_fn,1704,0,4,18160
expert.w2,1704,0,4,219016
final_layernorm,1704,0,4,48914
lm_head,1704,0,4,1583324
embedding,1705,0,4,71074
input_layernorm,1705,0,4,48229
q_proj,1705,0,4,225596
k_proj,1705,0,4,79613
v_proj,1705,0,4,78752
rope,1705,0,4,89698
o_proj,1705,0,4,223647
post_layernorm,1705,0,4,48636
gate,1705,0,4,106153
expert.w1,1705,0,4,289182
expert.w3,1705,0,4,289048
act_fn,1705,0,4,18125
expert.w2,1705,0,4,217328
final_layernorm,1705,0,4,48789
lm_head,1705,0,4,1571665
embedding,1706,0,4,71415
input_layernorm,1706,0,4,48341
q_proj,1706,0,4,226807
k_proj,1706,0,4,80013
v_proj,1706,0,4,79229
rope,1706,0,4,89938
o_proj,1706,0,4,224776
post_layernorm,1706,0,4,48779
gate,1706,0,4,106304
expert.w1,1706,0,4,290684
expert.w3,1706,0,4,290475
act_fn,1706,0,4,18061
expert.w2,1706,0,4,218600
final_layernorm,1706,0,4,48918
lm_head,1706,0,4,1580234
embedding,1707,0,4,71248
input_layernorm,1707,0,4,48515
q_proj,1707,0,4,227115
k_proj,1707,0,4,80152
v_proj,1707,0,4,79361
rope,1707,0,4,90259
o_proj,1707,0,4,225125
post_layernorm,1707,0,4,48802
gate,1707,0,4,106607
expert.w1,1707,0,4,291244
expert.w3,1707,0,4,291014
act_fn,1707,0,4,18163
expert.w2,1707,0,4,219066
final_layernorm,1707,0,4,49031
lm_head,1707,0,4,1583239
embedding,1708,0,4,71582
input_layernorm,1708,0,4,48603
q_proj,1708,0,4,227117
k_proj,1708,0,4,80149
v_proj,1708,0,4,79366
rope,1708,0,4,90581
o_proj,1708,0,4,225122
post_layernorm,1708,0,4,48899
gate,1708,0,4,106494
expert.w1,1708,0,4,291201
expert.w3,1708,0,4,290934
act_fn,1708,0,4,18170
expert.w2,1708,0,4,219306
final_layernorm,1708,0,4,48912
lm_head,1708,0,4,1583195
embedding,1709,0,4,70914
input_layernorm,1709,0,4,48369
q_proj,1709,0,4,224922
k_proj,1709,0,4,79179
v_proj,1709,0,4,78355
rope,1709,0,4,89699
o_proj,1709,0,4,222739
post_layernorm,1709,0,4,48821
gate,1709,0,4,105825
expert.w1,1709,0,4,287620
expert.w3,1709,0,4,287371
act_fn,1709,0,4,18084
expert.w2,1709,0,4,216613
final_layernorm,1709,0,4,48809
lm_head,1709,0,4,1562470
embedding,1710,0,4,71717
input_layernorm,1710,0,4,48366
q_proj,1710,0,4,227099
k_proj,1710,0,4,80161
v_proj,1710,0,4,79373
rope,1710,0,4,90456
o_proj,1710,0,4,225096
post_layernorm,1710,0,4,48988
gate,1710,0,4,106509
expert.w1,1710,0,4,291165
expert.w3,1710,0,4,291101
act_fn,1710,0,4,18160
expert.w2,1710,0,4,218920
final_layernorm,1710,0,4,48972
lm_head,1710,0,4,1583380
embedding,1711,0,4,71460
input_layernorm,1711,0,4,48384
q_proj,1711,0,4,227121
k_proj,1711,0,4,80144
v_proj,1711,0,4,79351
rope,1711,0,4,90499
o_proj,1711,0,4,225087
post_layernorm,1711,0,4,48975
gate,1711,0,4,106834
expert.w1,1711,0,4,291211
expert.w3,1711,0,4,290963
act_fn,1711,0,4,18105
expert.w2,1711,0,4,219283
final_layernorm,1711,0,4,49051
lm_head,1711,0,4,1582920
embedding,1712,0,4,71652
input_layernorm,1712,0,4,48671
q_proj,1712,0,4,227139
k_proj,1712,0,4,80151
v_proj,1712,0,4,79362
rope,1712,0,4,90776
o_proj,1712,0,4,225176
post_layernorm,1712,0,4,48862
gate,1712,0,4,106733
expert.w1,1712,0,4,291197
expert.w3,1712,0,4,290989
act_fn,1712,0,4,18187
expert.w2,1712,0,4,219207
final_layernorm,1712,0,4,49150
lm_head,1712,0,4,1583320
embedding,1713,0,4,71704
input_layernorm,1713,0,4,48558
q_proj,1713,0,4,227080
k_proj,1713,0,4,80153
v_proj,1713,0,4,79380
rope,1713,0,4,90600
o_proj,1713,0,4,225120
post_layernorm,1713,0,4,49008
gate,1713,0,4,107596
expert.w1,1713,0,4,291189
expert.w3,1713,0,4,290966
act_fn,1713,0,4,18267
expert.w2,1713,0,4,230817
final_layernorm,1713,0,4,49088
lm_head,1713,0,4,1582034
embedding,1714,0,4,71581
input_layernorm,1714,0,4,48492
q_proj,1714,0,4,226548
k_proj,1714,0,4,79938
v_proj,1714,0,4,79102
rope,1714,0,4,90379
o_proj,1714,0,4,224495
post_layernorm,1714,0,4,48979
gate,1714,0,4,107163
expert.w1,1714,0,4,290348
expert.w3,1714,0,4,290098
act_fn,1714,0,4,18298
expert.w2,1714,0,4,229885
final_layernorm,1714,0,4,49122
lm_head,1714,0,4,1576438
embedding,1715,0,4,71490
input_layernorm,1715,0,4,48745
q_proj,1715,0,4,227115
k_proj,1715,0,4,80160
v_proj,1715,0,4,79359
rope,1715,0,4,90564
o_proj,1715,0,4,225111
post_layernorm,1715,0,4,49072
gate,1715,0,4,107579
expert.w1,1715,0,4,291232
expert.w3,1715,0,4,290927
act_fn,1715,0,4,18334
expert.w2,1715,0,4,230638
final_layernorm,1715,0,4,49166
lm_head,1715,0,4,1581356
embedding,1716,0,4,71585
input_layernorm,1716,0,4,48735
q_proj,1716,0,4,227119
k_proj,1716,0,4,80156
v_proj,1716,0,4,79355
rope,1716,0,4,90810
o_proj,1716,0,4,225071
post_layernorm,1716,0,4,49109
gate,1716,0,4,107568
expert.w1,1716,0,4,291250
expert.w3,1716,0,4,290986
act_fn,1716,0,4,18300
expert.w2,1716,0,4,230890
final_layernorm,1716,0,4,49313
lm_head,1716,0,4,1581790
embedding,1717,0,4,71657
input_layernorm,1717,0,4,48653
q_proj,1717,0,4,227134
k_proj,1717,0,4,80155
v_proj,1717,0,4,79366
rope,1717,0,4,90657
o_proj,1717,0,4,225134
post_layernorm,1717,0,4,49035
gate,1717,0,4,107747
expert.w1,1717,0,4,291300
expert.w3,1717,0,4,290994
act_fn,1717,0,4,18321
expert.w2,1717,0,4,230937
final_layernorm,1717,0,4,49263
lm_head,1717,0,4,1581806
embedding,1718,0,4,72095
input_layernorm,1718,0,4,48607
q_proj,1718,0,4,227130
k_proj,1718,0,4,80149
v_proj,1718,0,4,79372
rope,1718,0,4,90660
o_proj,1718,0,4,225114
post_layernorm,1718,0,4,49100
gate,1718,0,4,107593
expert.w1,1718,0,4,291224
expert.w3,1718,0,4,290935
act_fn,1718,0,4,18280
expert.w2,1718,0,4,230913
final_layernorm,1718,0,4,49194
lm_head,1718,0,4,1581752
embedding,1719,0,4,71797
input_layernorm,1719,0,4,48814
q_proj,1719,0,4,227144
k_proj,1719,0,4,80160
v_proj,1719,0,4,79373
rope,1719,0,4,90805
o_proj,1719,0,4,225146
post_layernorm,1719,0,4,49144
gate,1719,0,4,107722
expert.w1,1719,0,4,291302
expert.w3,1719,0,4,291106
act_fn,1719,0,4,18298
expert.w2,1719,0,4,231078
final_layernorm,1719,0,4,49248
lm_head,1719,0,4,1581925
embedding,1720,0,4,72182
input_layernorm,1720,0,4,48781
q_proj,1720,0,4,226557
k_proj,1720,0,4,79944
v_proj,1720,0,4,79127
rope,1720,0,4,90921
o_proj,1720,0,4,224504
post_layernorm,1720,0,4,49193
gate,1720,0,4,107668
expert.w1,1720,0,4,290503
expert.w3,1720,0,4,290220
act_fn,1720,0,4,18415
expert.w2,1720,0,4,230376
final_layernorm,1720,0,4,49302
lm_head,1720,0,4,1576669
embedding,1721,0,4,72529
input_layernorm,1721,0,4,48879
q_proj,1721,0,4,228811
k_proj,1721,0,4,80770
v_proj,1721,0,4,79899
rope,1721,0,4,91105
o_proj,1721,0,4,226796
post_layernorm,1721,0,4,49313
gate,1721,0,4,109006
expert.w1,1721,0,4,293426
expert.w3,1721,0,4,293190
act_fn,1721,0,4,18304
expert.w2,1721,0,4,232517
final_layernorm,1721,0,4,49354
lm_head,1721,0,4,1592602
embedding,1722,0,4,72403
input_layernorm,1722,0,4,48809
q_proj,1722,0,4,227159
k_proj,1722,0,4,80159
v_proj,1722,0,4,79377
rope,1722,0,4,90887
o_proj,1722,0,4,225107
post_layernorm,1722,0,4,49243
gate,1722,0,4,108502
expert.w1,1722,0,4,291268
expert.w3,1722,0,4,291066
act_fn,1722,0,4,18216
expert.w2,1722,0,4,231120
final_layernorm,1722,0,4,49313
lm_head,1722,0,4,1582092
embedding,1723,0,4,72337
input_layernorm,1723,0,4,48886
q_proj,1723,0,4,227142
k_proj,1723,0,4,80166
v_proj,1723,0,4,79395
rope,1723,0,4,91076
o_proj,1723,0,4,225080
post_layernorm,1723,0,4,49330
gate,1723,0,4,108686
expert.w1,1723,0,4,291225
expert.w3,1723,0,4,291103
act_fn,1723,0,4,18304
expert.w2,1723,0,4,231054
final_layernorm,1723,0,4,49354
lm_head,1723,0,4,1582228
embedding,1724,0,4,72544
input_layernorm,1724,0,4,49045
q_proj,1724,0,4,228840
k_proj,1724,0,4,80782
v_proj,1724,0,4,79881
rope,1724,0,4,91613
o_proj,1724,0,4,226857
post_layernorm,1724,0,4,49236
gate,1724,0,4,108882
expert.w1,1724,0,4,293521
expert.w3,1724,0,4,293143
act_fn,1724,0,4,18282
expert.w2,1724,0,4,232626
final_layernorm,1724,0,4,49595
lm_head,1724,0,4,1592328
embedding,1725,0,4,72120
input_layernorm,1725,0,4,48920
q_proj,1725,0,4,226402
k_proj,1725,0,4,79900
v_proj,1725,0,4,79067
rope,1725,0,4,90891
o_proj,1725,0,4,224412
post_layernorm,1725,0,4,49172
gate,1725,0,4,108531
expert.w1,1725,0,4,290279
expert.w3,1725,0,4,290163
act_fn,1725,0,4,18254
expert.w2,1725,0,4,230083
final_layernorm,1725,0,4,49434
lm_head,1725,0,4,1576210
embedding,1726,0,4,72260
input_layernorm,1726,0,4,48962
q_proj,1726,0,4,226330
k_proj,1726,0,4,79871
v_proj,1726,0,4,79029
rope,1726,0,4,90987
o_proj,1726,0,4,224291
post_layernorm,1726,0,4,49340
gate,1726,0,4,108241
expert.w1,1726,0,4,290067
expert.w3,1726,0,4,289836
act_fn,1726,0,4,18245
expert.w2,1726,0,4,230003
final_layernorm,1726,0,4,49482
lm_head,1726,0,4,1574561
embedding,1727,0,4,72168
input_layernorm,1727,0,4,48935
q_proj,1727,0,4,226860
k_proj,1727,0,4,80044
v_proj,1727,0,4,79237
rope,1727,0,4,91088
o_proj,1727,0,4,224846
post_layernorm,1727,0,4,49546
gate,1727,0,4,108669
expert.w1,1727,0,4,290761
expert.w3,1727,0,4,290630
act_fn,1727,0,4,18244
expert.w2,1727,0,4,230737
final_layernorm,1727,0,4,49722
lm_head,1727,0,4,1579228
embedding,1728,0,4,72540
input_layernorm,1728,0,4,48948
q_proj,1728,0,4,227164
k_proj,1728,0,4,80149
v_proj,1728,0,4,79382
rope,1728,0,4,91521
o_proj,1728,0,4,225116
post_layernorm,1728,0,4,49497
gate,1728,0,4,104369
expert.w1,1728,0,4,291289
expert.w3,1728,0,4,291026
act_fn,1728,0,4,18178
expert.w2,1728,0,4,231158
final_layernorm,1728,0,4,49656
lm_head,1728,0,4,1582329
embedding,1729,0,4,72192
input_layernorm,1729,0,4,48919
q_proj,1729,0,4,227234
k_proj,1729,0,4,80164
v_proj,1729,0,4,79367
rope,1729,0,4,91150
o_proj,1729,0,4,225172
post_layernorm,1729,0,4,49715
gate,1729,0,4,104504
expert.w1,1729,0,4,291224
expert.w3,1729,0,4,291020
act_fn,1729,0,4,18251
expert.w2,1729,0,4,230921
final_layernorm,1729,0,4,49652
lm_head,1729,0,4,1582051
embedding,1730,0,4,72465
input_layernorm,1730,0,4,49132
q_proj,1730,0,4,227253
k_proj,1730,0,4,80168
v_proj,1730,0,4,79371
rope,1730,0,4,91240
o_proj,1730,0,4,225224
post_layernorm,1730,0,4,49413
gate,1730,0,4,104521
expert.w1,1730,0,4,291340
expert.w3,1730,0,4,291013
act_fn,1730,0,4,18313
expert.w2,1730,0,4,231210
final_layernorm,1730,0,4,49669
lm_head,1730,0,4,1581847
embedding,1731,0,4,72751
input_layernorm,1731,0,4,49085
q_proj,1731,0,4,228903
k_proj,1731,0,4,80786
v_proj,1731,0,4,79880
rope,1731,0,4,91641
o_proj,1731,0,4,226882
post_layernorm,1731,0,4,49525
gate,1731,0,4,104944
expert.w1,1731,0,4,293401
expert.w3,1731,0,4,293129
act_fn,1731,0,4,18451
expert.w2,1731,0,4,232865
final_layernorm,1731,0,4,49698
lm_head,1731,0,4,1592674
embedding,1732,0,4,72245
input_layernorm,1732,0,4,49105
q_proj,1732,0,4,227281
k_proj,1732,0,4,80155
v_proj,1732,0,4,79372
rope,1732,0,4,91572
o_proj,1732,0,4,225182
post_layernorm,1732,0,4,49726
gate,1732,0,4,104883
expert.w1,1732,0,4,291289
expert.w3,1732,0,4,291068
act_fn,1732,0,4,18429
expert.w2,1732,0,4,231318
final_layernorm,1732,0,4,49799
lm_head,1732,0,4,1581972
embedding,1733,0,4,72368
input_layernorm,1733,0,4,49074
q_proj,1733,0,4,226571
k_proj,1733,0,4,79947
v_proj,1733,0,4,79092
rope,1733,0,4,91353
o_proj,1733,0,4,224532
post_layernorm,1733,0,4,49759
gate,1733,0,4,104929
expert.w1,1733,0,4,290407
expert.w3,1733,0,4,290211
act_fn,1733,0,4,18375
expert.w2,1733,0,4,230441
final_layernorm,1733,0,4,49660
lm_head,1733,0,4,1576473
embedding,1734,0,4,72510
input_layernorm,1734,0,4,49247
q_proj,1734,0,4,227249
k_proj,1734,0,4,80161
v_proj,1734,0,4,79372
rope,1734,0,4,91420
o_proj,1734,0,4,225221
post_layernorm,1734,0,4,49660
gate,1734,0,4,105123
expert.w1,1734,0,4,291238
expert.w3,1734,0,4,291009
act_fn,1734,0,4,18315
expert.w2,1734,0,4,231348
final_layernorm,1734,0,4,49686
lm_head,1734,0,4,1581927
embedding,1735,0,4,72654
input_layernorm,1735,0,4,49364
q_proj,1735,0,4,228914
k_proj,1735,0,4,80788
v_proj,1735,0,4,79879
rope,1735,0,4,91822
o_proj,1735,0,4,226877
post_layernorm,1735,0,4,49607
gate,1735,0,4,105225
expert.w1,1735,0,4,293458
expert.w3,1735,0,4,293252
act_fn,1735,0,4,18317
expert.w2,1735,0,4,232648
final_layernorm,1735,0,4,49964
lm_head,1735,0,4,1592577
embedding,1736,0,4,72517
input_layernorm,1736,0,4,49110
q_proj,1736,0,4,227268
k_proj,1736,0,4,80177
v_proj,1736,0,4,79385
rope,1736,0,4,91808
o_proj,1736,0,4,225219
post_layernorm,1736,0,4,49632
gate,1736,0,4,104737
expert.w1,1736,0,4,291256
expert.w3,1736,0,4,291157
act_fn,1736,0,4,18245
expert.w2,1736,0,4,231260
final_layernorm,1736,0,4,49741
lm_head,1736,0,4,1581995
embedding,1737,0,4,72834
input_layernorm,1737,0,4,49354
q_proj,1737,0,4,228913
k_proj,1737,0,4,80786
v_proj,1737,0,4,79891
rope,1737,0,4,91905
o_proj,1737,0,4,226887
post_layernorm,1737,0,4,49734
gate,1737,0,4,105807
expert.w1,1737,0,4,293535
expert.w3,1737,0,4,293223
act_fn,1737,0,4,18372
expert.w2,1737,0,4,232865
final_layernorm,1737,0,4,50001
lm_head,1737,0,4,1592707
embedding,1738,0,4,72538
input_layernorm,1738,0,4,49358
q_proj,1738,0,4,226700
k_proj,1738,0,4,79972
v_proj,1738,0,4,79148
rope,1738,0,4,91446
o_proj,1738,0,4,224722
post_layernorm,1738,0,4,49757
gate,1738,0,4,104845
expert.w1,1738,0,4,290590
expert.w3,1738,0,4,290389
act_fn,1738,0,4,18418
expert.w2,1738,0,4,230771
final_layernorm,1738,0,4,49828
lm_head,1738,0,4,1577764
embedding,1739,0,4,73182
input_layernorm,1739,0,4,49322
q_proj,1739,0,4,228930
k_proj,1739,0,4,80789
v_proj,1739,0,4,79900
rope,1739,0,4,91999
o_proj,1739,0,4,226931
post_layernorm,1739,0,4,49739
gate,1739,0,4,105666
expert.w1,1739,0,4,293668
expert.w3,1739,0,4,293224
act_fn,1739,0,4,18481
expert.w2,1739,0,4,232804
final_layernorm,1739,0,4,49884
lm_head,1739,0,4,1592728
embedding,1740,0,4,73107
input_layernorm,1740,0,4,49423
q_proj,1740,0,4,228936
k_proj,1740,0,4,80807
v_proj,1740,0,4,79885
rope,1740,0,4,92187
o_proj,1740,0,4,226868
post_layernorm,1740,0,4,49891
gate,1740,0,4,105375
expert.w1,1740,0,4,293557
expert.w3,1740,0,4,293242
act_fn,1740,0,4,18502
expert.w2,1740,0,4,232489
final_layernorm,1740,0,4,50176
lm_head,1740,0,4,1592653
embedding,1741,0,4,73124
input_layernorm,1741,0,4,49421
q_proj,1741,0,4,228941
k_proj,1741,0,4,80806
v_proj,1741,0,4,79886
rope,1741,0,4,91943
o_proj,1741,0,4,226895
post_layernorm,1741,0,4,49930
gate,1741,0,4,106017
expert.w1,1741,0,4,293533
expert.w3,1741,0,4,293203
act_fn,1741,0,4,18460
expert.w2,1741,0,4,232880
final_layernorm,1741,0,4,49965
lm_head,1741,0,4,1592608
embedding,1742,0,4,73184
input_layernorm,1742,0,4,49553
q_proj,1742,0,4,227672
k_proj,1742,0,4,80343
v_proj,1742,0,4,79436
rope,1742,0,4,91751
o_proj,1742,0,4,225642
post_layernorm,1742,0,4,49738
gate,1742,0,4,105285
expert.w1,1742,0,4,291862
expert.w3,1742,0,4,291528
act_fn,1742,0,4,18390
expert.w2,1742,0,4,231531
final_layernorm,1742,0,4,50078
lm_head,1742,0,4,1583126
embedding,1743,0,4,73423
input_layernorm,1743,0,4,49589
q_proj,1743,0,4,228950
k_proj,1743,0,4,80795
v_proj,1743,0,4,79893
rope,1743,0,4,92124
o_proj,1743,0,4,226886
post_layernorm,1743,0,4,50001
gate,1743,0,4,105840
expert.w1,1743,0,4,293566
expert.w3,1743,0,4,293297
act_fn,1743,0,4,18356
expert.w2,1743,0,4,232603
final_layernorm,1743,0,4,50123
lm_head,1743,0,4,1592635
embedding,1744,0,4,73563
input_layernorm,1744,0,4,49515
q_proj,1744,0,4,228951
k_proj,1744,0,4,80808
v_proj,1744,0,4,79904
rope,1744,0,4,92452
o_proj,1744,0,4,226904
post_layernorm,1744,0,4,50115
gate,1744,0,4,105766
expert.w1,1744,0,4,293581
expert.w3,1744,0,4,293268
act_fn,1744,0,4,18487
expert.w2,1744,0,4,232866
final_layernorm,1744,0,4,50167
lm_head,1744,0,4,1592916
embedding,1745,0,4,73481
input_layernorm,1745,0,4,49637
q_proj,1745,0,4,228946
k_proj,1745,0,4,80796
v_proj,1745,0,4,79899
rope,1745,0,4,92264
o_proj,1745,0,4,226916
post_layernorm,1745,0,4,49907
gate,1745,0,4,106640
expert.w1,1745,0,4,293548
expert.w3,1745,0,4,293322
act_fn,1745,0,4,18600
expert.w2,1745,0,4,232874
final_layernorm,1745,0,4,50044
lm_head,1745,0,4,1592567
embedding,1746,0,4,73192
input_layernorm,1746,0,4,49579
q_proj,1746,0,4,227312
k_proj,1746,0,4,80186
v_proj,1746,0,4,79374
rope,1746,0,4,91968
o_proj,1746,0,4,225268
post_layernorm,1746,0,4,49855
gate,1746,0,4,106137
expert.w1,1746,0,4,291374
expert.w3,1746,0,4,291187
act_fn,1746,0,4,18650
expert.w2,1746,0,4,231211
final_layernorm,1746,0,4,50063
lm_head,1746,0,4,1581890
embedding,1747,0,4,73268
input_layernorm,1747,0,4,49655
q_proj,1747,0,4,228905
k_proj,1747,0,4,80788
v_proj,1747,0,4,79888
rope,1747,0,4,92234
o_proj,1747,0,4,226933
post_layernorm,1747,0,4,50072
gate,1747,0,4,106556
expert.w1,1747,0,4,293599
expert.w3,1747,0,4,293258
act_fn,1747,0,4,18581
expert.w2,1747,0,4,232640
final_layernorm,1747,0,4,50176
lm_head,1747,0,4,1592548
embedding,1748,0,4,73505
input_layernorm,1748,0,4,49716
q_proj,1748,0,4,228937
k_proj,1748,0,4,80803
v_proj,1748,0,4,79886
rope,1748,0,4,92564
o_proj,1748,0,4,226923
post_layernorm,1748,0,4,50045
gate,1748,0,4,106377
expert.w1,1748,0,4,293633
expert.w3,1748,0,4,293255
act_fn,1748,0,4,18673
expert.w2,1748,0,4,232777
final_layernorm,1748,0,4,50181
lm_head,1748,0,4,1592582
embedding,1749,0,4,73525
input_layernorm,1749,0,4,49674
q_proj,1749,0,4,228926
k_proj,1749,0,4,80796
v_proj,1749,0,4,79890
rope,1749,0,4,92353
o_proj,1749,0,4,226944
post_layernorm,1749,0,4,50170
gate,1749,0,4,106587
expert.w1,1749,0,4,293624
expert.w3,1749,0,4,293329
act_fn,1749,0,4,18725
expert.w2,1749,0,4,232582
final_layernorm,1749,0,4,50352
lm_head,1749,0,4,1592729
embedding,1750,0,4,73256
input_layernorm,1750,0,4,49673
q_proj,1750,0,4,227131
k_proj,1750,0,4,80099
v_proj,1750,0,4,79310
rope,1750,0,4,92013
o_proj,1750,0,4,225125
post_layernorm,1750,0,4,50135
gate,1750,0,4,105933
expert.w1,1750,0,4,291202
expert.w3,1750,0,4,291002
act_fn,1750,0,4,18664
expert.w2,1750,0,4,231028
final_layernorm,1750,0,4,50306
lm_head,1750,0,4,1580584
embedding,1751,0,4,72999
input_layernorm,1751,0,4,49637
q_proj,1751,0,4,226811
k_proj,1751,0,4,80015
v_proj,1751,0,4,79193
rope,1751,0,4,92034
o_proj,1751,0,4,224807
post_layernorm,1751,0,4,50102
gate,1751,0,4,106083
expert.w1,1751,0,4,290634
expert.w3,1751,0,4,290494
act_fn,1751,0,4,18573
expert.w2,1751,0,4,230601
final_layernorm,1751,0,4,50326
lm_head,1751,0,4,1578048
embedding,1752,0,4,73196
input_layernorm,1752,0,4,49702
q_proj,1752,0,4,227297
k_proj,1752,0,4,80184
v_proj,1752,0,4,79375
rope,1752,0,4,92436
o_proj,1752,0,4,225309
post_layernorm,1752,0,4,50211
gate,1752,0,4,106155
expert.w1,1752,0,4,291345
expert.w3,1752,0,4,291238
act_fn,1752,0,4,18543
expert.w2,1752,0,4,231052
final_layernorm,1752,0,4,50293
lm_head,1752,0,4,1582111
embedding,1753,0,4,73472
input_layernorm,1753,0,4,49806
q_proj,1753,0,4,228947
k_proj,1753,0,4,80796
v_proj,1753,0,4,79891
rope,1753,0,4,92424
o_proj,1753,0,4,226962
post_layernorm,1753,0,4,50171
gate,1753,0,4,107238
expert.w1,1753,0,4,293540
expert.w3,1753,0,4,293379
act_fn,1753,0,4,18593
expert.w2,1753,0,4,232532
final_layernorm,1753,0,4,50443
lm_head,1753,0,4,1592763
embedding,1754,0,4,73732
input_layernorm,1754,0,4,49669
q_proj,1754,0,4,228970
k_proj,1754,0,4,80816
v_proj,1754,0,4,79892
rope,1754,0,4,92419
o_proj,1754,0,4,226952
post_layernorm,1754,0,4,50307
gate,1754,0,4,106865
expert.w1,1754,0,4,293724
expert.w3,1754,0,4,293429
act_fn,1754,0,4,18554
expert.w2,1754,0,4,232492
final_layernorm,1754,0,4,50366
lm_head,1754,0,4,1592778
embedding,1755,0,4,73116
input_layernorm,1755,0,4,49792
q_proj,1755,0,4,226699
k_proj,1755,0,4,79979
v_proj,1755,0,4,79126
rope,1755,0,4,92109
o_proj,1755,0,4,224707
post_layernorm,1755,0,4,50365
gate,1755,0,4,106319
expert.w1,1755,0,4,290574
expert.w3,1755,0,4,290506
act_fn,1755,0,4,18550
expert.w2,1755,0,4,230769
final_layernorm,1755,0,4,50511
lm_head,1755,0,4,1577406
embedding,1756,0,4,73693
input_layernorm,1756,0,4,49907
q_proj,1756,0,4,228953
k_proj,1756,0,4,80795
v_proj,1756,0,4,79892
rope,1756,0,4,92775
o_proj,1756,0,4,226955
post_layernorm,1756,0,4,50187
gate,1756,0,4,106805
expert.w1,1756,0,4,293762
expert.w3,1756,0,4,293384
act_fn,1756,0,4,18655
expert.w2,1756,0,4,232793
final_layernorm,1756,0,4,50632
lm_head,1756,0,4,1592858
embedding,1757,0,4,73878
input_layernorm,1757,0,4,49919
q_proj,1757,0,4,228941
k_proj,1757,0,4,80803
v_proj,1757,0,4,79889
rope,1757,0,4,92505
o_proj,1757,0,4,226972
post_layernorm,1757,0,4,50318
gate,1757,0,4,107023
expert.w1,1757,0,4,293578
expert.w3,1757,0,4,293440
act_fn,1757,0,4,18638
expert.w2,1757,0,4,232884
final_layernorm,1757,0,4,50626
lm_head,1757,0,4,1592843
embedding,1758,0,4,73411
input_layernorm,1758,0,4,49992
q_proj,1758,0,4,227324
k_proj,1758,0,4,80177
v_proj,1758,0,4,79366
rope,1758,0,4,92283
o_proj,1758,0,4,225330
post_layernorm,1758,0,4,50406
gate,1758,0,4,106458
expert.w1,1758,0,4,291577
expert.w3,1758,0,4,291258
act_fn,1758,0,4,18551
expert.w2,1758,0,4,231164
final_layernorm,1758,0,4,50625
lm_head,1758,0,4,1582008
embedding,1759,0,4,74157
input_layernorm,1759,0,4,50043
q_proj,1759,0,4,228941
k_proj,1759,0,4,80792
v_proj,1759,0,4,79886
rope,1759,0,4,92546
o_proj,1759,0,4,226989
post_layernorm,1759,0,4,50511
gate,1759,0,4,107116
expert.w1,1759,0,4,293489
expert.w3,1759,0,4,293514
act_fn,1759,0,4,18582
expert.w2,1759,0,4,232618
final_layernorm,1759,0,4,50631
lm_head,1759,0,4,1592901
embedding,1760,0,4,73796
input_layernorm,1760,0,4,49972
q_proj,1760,0,4,227460
k_proj,1760,0,4,80264
v_proj,1760,0,4,79401
rope,1760,0,4,92555
o_proj,1760,0,4,225581
post_layernorm,1760,0,4,50333
gate,1760,0,4,106581
expert.w1,1760,0,4,291781
expert.w3,1760,0,4,291610
act_fn,1760,0,4,18595
expert.w2,1760,0,4,231385
final_layernorm,1760,0,4,50772
lm_head,1760,0,4,1582974
embedding,1761,0,4,73127
input_layernorm,1761,0,4,50119
q_proj,1761,0,4,227294
k_proj,1761,0,4,80167
v_proj,1761,0,4,79378
rope,1761,0,4,92325
o_proj,1761,0,4,225313
post_layernorm,1761,0,4,50431
gate,1761,0,4,107091
expert.w1,1761,0,4,291513
expert.w3,1761,0,4,291298
act_fn,1761,0,4,18696
expert.w2,1761,0,4,230978
final_layernorm,1761,0,4,50639
lm_head,1761,0,4,1760450
embedding,1762,0,4,73201
input_layernorm,1762,0,4,50131
q_proj,1762,0,4,227340
k_proj,1762,0,4,80171
v_proj,1762,0,4,79392
rope,1762,0,4,92352
o_proj,1762,0,4,225322
post_layernorm,1762,0,4,50406
gate,1762,0,4,106874
expert.w1,1762,0,4,291423
expert.w3,1762,0,4,291325
act_fn,1762,0,4,18542
expert.w2,1762,0,4,231072
final_layernorm,1762,0,4,50699
lm_head,1762,0,4,1760519
embedding,1763,0,4,73713
input_layernorm,1763,0,4,50141
q_proj,1763,0,4,227557
k_proj,1763,0,4,80260
v_proj,1763,0,4,79449
rope,1763,0,4,92454
o_proj,1763,0,4,225563
post_layernorm,1763,0,4,50505
gate,1763,0,4,107153
expert.w1,1763,0,4,291879
expert.w3,1763,0,4,291564
act_fn,1763,0,4,18642
expert.w2,1763,0,4,231145
final_layernorm,1763,0,4,50803
lm_head,1763,0,4,1761891
embedding,1764,0,4,72981
input_layernorm,1764,0,4,50068
q_proj,1764,0,4,226009
k_proj,1764,0,4,79698
v_proj,1764,0,4,78866
rope,1764,0,4,92258
o_proj,1764,0,4,224004
post_layernorm,1764,0,4,50517
gate,1764,0,4,106434
expert.w1,1764,0,4,289764
expert.w3,1764,0,4,289545
act_fn,1764,0,4,18674
expert.w2,1764,0,4,229336
final_layernorm,1764,0,4,50657
lm_head,1764,0,4,1749869
embedding,1765,0,4,73291
input_layernorm,1765,0,4,50104
q_proj,1765,0,4,226868
k_proj,1765,0,4,80013
v_proj,1765,0,4,79195
rope,1765,0,4,92365
o_proj,1765,0,4,224807
post_layernorm,1765,0,4,50483
gate,1765,0,4,107062
expert.w1,1765,0,4,290865
expert.w3,1765,0,4,290655
act_fn,1765,0,4,18620
expert.w2,1765,0,4,230439
final_layernorm,1765,0,4,50669
lm_head,1765,0,4,1756284
embedding,1766,0,4,73348
input_layernorm,1766,0,4,50267
q_proj,1766,0,4,227763
k_proj,1766,0,4,80352
v_proj,1766,0,4,79507
rope,1766,0,4,92541
o_proj,1766,0,4,225784
post_layernorm,1766,0,4,50495
gate,1766,0,4,107103
expert.w1,1766,0,4,292063
expert.w3,1766,0,4,291865
act_fn,1766,0,4,18704
expert.w2,1766,0,4,231381
final_layernorm,1766,0,4,50734
lm_head,1766,0,4,1764054
embedding,1767,0,4,73686
input_layernorm,1767,0,4,50118
q_proj,1767,0,4,227377
k_proj,1767,0,4,80177
v_proj,1767,0,4,79378
rope,1767,0,4,92627
o_proj,1767,0,4,225328
post_layernorm,1767,0,4,50610
gate,1767,0,4,107269
expert.w1,1767,0,4,291582
expert.w3,1767,0,4,291320
act_fn,1767,0,4,18708
expert.w2,1767,0,4,230931
final_layernorm,1767,0,4,50869
lm_head,1767,0,4,1760566
embedding,1768,0,4,73243
input_layernorm,1768,0,4,50209
q_proj,1768,0,4,227369
k_proj,1768,0,4,80188
v_proj,1768,0,4,79388
rope,1768,0,4,92862
o_proj,1768,0,4,225374
post_layernorm,1768,0,4,50604
gate,1768,0,4,107078
expert.w1,1768,0,4,291512
expert.w3,1768,0,4,291330
act_fn,1768,0,4,18692
expert.w2,1768,0,4,231122
final_layernorm,1768,0,4,50886
lm_head,1768,0,4,1760587
embedding,1769,0,4,73533
input_layernorm,1769,0,4,50242
q_proj,1769,0,4,227378
k_proj,1769,0,4,80180
v_proj,1769,0,4,79370
rope,1769,0,4,92648
o_proj,1769,0,4,225334
post_layernorm,1769,0,4,50738
gate,1769,0,4,107760
expert.w1,1769,0,4,291552
expert.w3,1769,0,4,291390
act_fn,1769,0,4,18674
expert.w2,1769,0,4,231048
final_layernorm,1769,0,4,50916
lm_head,1769,0,4,1760549
embedding,1770,0,4,73509
input_layernorm,1770,0,4,50207
q_proj,1770,0,4,227363
k_proj,1770,0,4,80172
v_proj,1770,0,4,79389
rope,1770,0,4,92603
o_proj,1770,0,4,225357
post_layernorm,1770,0,4,50786
gate,1770,0,4,107643
expert.w1,1770,0,4,291552
expert.w3,1770,0,4,291400
act_fn,1770,0,4,18802
expert.w2,1770,0,4,231062
final_layernorm,1770,0,4,51083
lm_head,1770,0,4,1760451
embedding,1771,0,4,73470
input_layernorm,1771,0,4,50245
q_proj,1771,0,4,226671
k_proj,1771,0,4,79957
v_proj,1771,0,4,79120
rope,1771,0,4,92555
o_proj,1771,0,4,224682
post_layernorm,1771,0,4,50734
gate,1771,0,4,107486
expert.w1,1771,0,4,290763
expert.w3,1771,0,4,290472
act_fn,1771,0,4,18739
expert.w2,1771,0,4,230312
final_layernorm,1771,0,4,51065
lm_head,1771,0,4,1755380
embedding,1772,0,4,73667
input_layernorm,1772,0,4,50322
q_proj,1772,0,4,227352
k_proj,1772,0,4,80184
v_proj,1772,0,4,79386
rope,1772,0,4,92953
o_proj,1772,0,4,225352
post_layernorm,1772,0,4,50730
gate,1772,0,4,107665
expert.w1,1772,0,4,291600
expert.w3,1772,0,4,291402
act_fn,1772,0,4,18725
expert.w2,1772,0,4,231143
final_layernorm,1772,0,4,51113
lm_head,1772,0,4,1760375
embedding,1773,0,4,73733
input_layernorm,1773,0,4,50475
q_proj,1773,0,4,227370
k_proj,1773,0,4,80190
v_proj,1773,0,4,79405
rope,1773,0,4,92768
o_proj,1773,0,4,225377
post_layernorm,1773,0,4,50789
gate,1773,0,4,107984
expert.w1,1773,0,4,291582
expert.w3,1773,0,4,291395
act_fn,1773,0,4,18647
expert.w2,1773,0,4,231193
final_layernorm,1773,0,4,51033
lm_head,1773,0,4,1760275
embedding,1774,0,4,73410
input_layernorm,1774,0,4,50516
q_proj,1774,0,4,227364
k_proj,1774,0,4,80179
v_proj,1774,0,4,79387
rope,1774,0,4,92739
o_proj,1774,0,4,225364
post_layernorm,1774,0,4,50837
gate,1774,0,4,107849
expert.w1,1774,0,4,291628
expert.w3,1774,0,4,291336
act_fn,1774,0,4,18707
expert.w2,1774,0,4,230872
final_layernorm,1774,0,4,51129
lm_head,1774,0,4,1760554
embedding,1775,0,4,73706
input_layernorm,1775,0,4,50459
q_proj,1775,0,4,227484
k_proj,1775,0,4,80241
v_proj,1775,0,4,79407
rope,1775,0,4,92846
o_proj,1775,0,4,225495
post_layernorm,1775,0,4,50811
gate,1775,0,4,107947
expert.w1,1775,0,4,291723
expert.w3,1775,0,4,291518
act_fn,1775,0,4,18811
expert.w2,1775,0,4,230945
final_layernorm,1775,0,4,51236
lm_head,1775,0,4,1760956
embedding,1776,0,4,73440
input_layernorm,1776,0,4,50559
q_proj,1776,0,4,227249
k_proj,1776,0,4,80133
v_proj,1776,0,4,79325
rope,1776,0,4,93125
o_proj,1776,0,4,225310
post_layernorm,1776,0,4,50941
gate,1776,0,4,107772
expert.w1,1776,0,4,291485
expert.w3,1776,0,4,291211
act_fn,1776,0,4,18890
expert.w2,1776,0,4,230927
final_layernorm,1776,0,4,51114
lm_head,1776,0,4,1759576
embedding,1777,0,4,73505
input_layernorm,1777,0,4,50501
q_proj,1777,0,4,226571
k_proj,1777,0,4,79925
v_proj,1777,0,4,79089
rope,1777,0,4,92775
o_proj,1777,0,4,224628
post_layernorm,1777,0,4,50903
gate,1777,0,4,108343
expert.w1,1777,0,4,290707
expert.w3,1777,0,4,290419
act_fn,1777,0,4,18925
expert.w2,1777,0,4,230244
final_layernorm,1777,0,4,51149
lm_head,1777,0,4,1754011
embedding,1778,0,4,73689
input_layernorm,1778,0,4,50536
q_proj,1778,0,4,227368
k_proj,1778,0,4,80206
v_proj,1778,0,4,79370
rope,1778,0,4,92985
o_proj,1778,0,4,225401
post_layernorm,1778,0,4,51005
gate,1778,0,4,108436
expert.w1,1778,0,4,291632
expert.w3,1778,0,4,291401
act_fn,1778,0,4,18922
expert.w2,1778,0,4,231124
final_layernorm,1778,0,4,51114
lm_head,1778,0,4,1760249
embedding,1779,0,4,73865
input_layernorm,1779,0,4,50544
q_proj,1779,0,4,227571
k_proj,1779,0,4,80246
v_proj,1779,0,4,79438
rope,1779,0,4,93026
o_proj,1779,0,4,225592
post_layernorm,1779,0,4,50852
gate,1779,0,4,108632
expert.w1,1779,0,4,291879
expert.w3,1779,0,4,291567
act_fn,1779,0,4,18846
expert.w2,1779,0,4,231066
final_layernorm,1779,0,4,51213
lm_head,1779,0,4,1761421
embedding,1780,0,4,73928
input_layernorm,1780,0,4,50655
q_proj,1780,0,4,227414
k_proj,1780,0,4,80181
v_proj,1780,0,4,79378
rope,1780,0,4,93271
o_proj,1780,0,4,225430
post_layernorm,1780,0,4,51002
gate,1780,0,4,108473
expert.w1,1780,0,4,291622
expert.w3,1780,0,4,291476
act_fn,1780,0,4,18760
expert.w2,1780,0,4,230986
final_layernorm,1780,0,4,51181
lm_head,1780,0,4,1760378
embedding,1781,0,4,73839
input_layernorm,1781,0,4,50493
q_proj,1781,0,4,227401
k_proj,1781,0,4,80184
v_proj,1781,0,4,79388
rope,1781,0,4,93019
o_proj,1781,0,4,225452
post_layernorm,1781,0,4,51315
gate,1781,0,4,108728
expert.w1,1781,0,4,291690
expert.w3,1781,0,4,291404
act_fn,1781,0,4,18641
expert.w2,1781,0,4,230864
final_layernorm,1781,0,4,51201
lm_head,1781,0,4,1760468
embedding,1782,0,4,74100
input_layernorm,1782,0,4,50658
q_proj,1782,0,4,227667
k_proj,1782,0,4,80306
v_proj,1782,0,4,79473
rope,1782,0,4,93108
o_proj,1782,0,4,225726
post_layernorm,1782,0,4,51113
gate,1782,0,4,108624
expert.w1,1782,0,4,291972
expert.w3,1782,0,4,291790
act_fn,1782,0,4,18634
expert.w2,1782,0,4,230968
final_layernorm,1782,0,4,51397
lm_head,1782,0,4,1762254
embedding,1783,0,4,73669
input_layernorm,1783,0,4,50711
q_proj,1783,0,4,225402
k_proj,1783,0,4,79639
v_proj,1783,0,4,78598
rope,1783,0,4,92754
o_proj,1783,0,4,223674
post_layernorm,1783,0,4,50998
gate,1783,0,4,108200
expert.w1,1783,0,4,289434
expert.w3,1783,0,4,289149
act_fn,1783,0,4,18728
expert.w2,1783,0,4,228855
final_layernorm,1783,0,4,51207
lm_head,1783,0,4,1746551
embedding,1784,0,4,74173
input_layernorm,1784,0,4,50642
q_proj,1784,0,4,227387
k_proj,1784,0,4,80178
v_proj,1784,0,4,79392
rope,1784,0,4,93419
o_proj,1784,0,4,225453
post_layernorm,1784,0,4,51194
gate,1784,0,4,108616
expert.w1,1784,0,4,291726
expert.w3,1784,0,4,291381
act_fn,1784,0,4,18724
expert.w2,1784,0,4,230812
final_layernorm,1784,0,4,51533
lm_head,1784,0,4,1760485
embedding,1785,0,4,74013
input_layernorm,1785,0,4,50917
q_proj,1785,0,4,238457
k_proj,1785,0,4,80201
v_proj,1785,0,4,79374
rope,1785,0,4,93278
o_proj,1785,0,4,225445
post_layernorm,1785,0,4,51084
gate,1785,0,4,109400
expert.w1,1785,0,4,291752
expert.w3,1785,0,4,291449
act_fn,1785,0,4,18844
expert.w2,1785,0,4,230926
final_layernorm,1785,0,4,51273
lm_head,1785,0,4,1760529
embedding,1786,0,4,74205
input_layernorm,1786,0,4,50793
q_proj,1786,0,4,238532
k_proj,1786,0,4,80203
v_proj,1786,0,4,79370
rope,1786,0,4,93262
o_proj,1786,0,4,225467
post_layernorm,1786,0,4,51104
gate,1786,0,4,109154
expert.w1,1786,0,4,291655
expert.w3,1786,0,4,291414
act_fn,1786,0,4,18764
expert.w2,1786,0,4,230869
final_layernorm,1786,0,4,51454
lm_head,1786,0,4,1760553
embedding,1787,0,4,74625
input_layernorm,1787,0,4,51011
q_proj,1787,0,4,239868
k_proj,1787,0,4,80793
v_proj,1787,0,4,79887
rope,1787,0,4,93665
o_proj,1787,0,4,227058
post_layernorm,1787,0,4,51394
gate,1787,0,4,110019
expert.w1,1787,0,4,222711
expert.w3,1787,0,4,222075
act_fn,1787,0,4,18383
expert.w2,1787,0,4,232472
final_layernorm,1787,0,4,51501
lm_head,1787,0,4,1773724
embedding,1788,0,4,73853
input_layernorm,1788,0,4,50810
q_proj,1788,0,4,237402
k_proj,1788,0,4,79830
v_proj,1788,0,4,78962
rope,1788,0,4,93318
o_proj,1788,0,4,224472
post_layernorm,1788,0,4,51213
gate,1788,0,4,109029
expert.w1,1788,0,4,220022
expert.w3,1788,0,4,219627
act_fn,1788,0,4,18329
expert.w2,1788,0,4,229825
final_layernorm,1788,0,4,51470
lm_head,1788,0,4,1753222
embedding,1789,0,4,74684
input_layernorm,1789,0,4,50973
q_proj,1789,0,4,240082
k_proj,1789,0,4,80812
v_proj,1789,0,4,79892
rope,1789,0,4,93777
o_proj,1789,0,4,227170
post_layernorm,1789,0,4,51418
gate,1789,0,4,110106
expert.w1,1789,0,4,222748
expert.w3,1789,0,4,222072
act_fn,1789,0,4,18352
expert.w2,1789,0,4,232536
final_layernorm,1789,0,4,51477
lm_head,1789,0,4,1774013
embedding,1790,0,4,74809
input_layernorm,1790,0,4,51651
q_proj,1790,0,4,240103
k_proj,1790,0,4,80833
v_proj,1790,0,4,79899
rope,1790,0,4,93875
o_proj,1790,0,4,227195
post_layernorm,1790,0,4,51371
gate,1790,0,4,109914
expert.w1,1790,0,4,222801
expert.w3,1790,0,4,222069
act_fn,1790,0,4,18347
expert.w2,1790,0,4,232599
final_layernorm,1790,0,4,51547
lm_head,1790,0,4,1774145
embedding,1791,0,4,74729
input_layernorm,1791,0,4,51460
q_proj,1791,0,4,240544
k_proj,1791,0,4,80955
v_proj,1791,0,4,80056
rope,1791,0,4,93998
o_proj,1791,0,4,227601
post_layernorm,1791,0,4,51464
gate,1791,0,4,110145
expert.w1,1791,0,4,223177
expert.w3,1791,0,4,222445
act_fn,1791,0,4,18396
expert.w2,1791,0,4,232820
final_layernorm,1791,0,4,51557
lm_head,1791,0,4,1777190
embedding,1792,0,4,74901
input_layernorm,1792,0,4,51638
q_proj,1792,0,4,240127
k_proj,1792,0,4,80815
v_proj,1792,0,4,79896
rope,1792,0,4,94190
o_proj,1792,0,4,227180
post_layernorm,1792,0,4,51393
gate,1792,0,4,105779
expert.w1,1792,0,4,222848
expert.w3,1792,0,4,222066
act_fn,1792,0,4,18312
expert.w2,1792,0,4,232601
final_layernorm,1792,0,4,51572
lm_head,1792,0,4,1774110
embedding,1793,0,4,74493
input_layernorm,1793,0,4,51724
q_proj,1793,0,4,283998
k_proj,1793,0,4,80433
v_proj,1793,0,4,79653
rope,1793,0,4,93833
o_proj,1793,0,4,226288
post_layernorm,1793,0,4,51363
gate,1793,0,4,106274
expert.w1,1793,0,4,222085
expert.w3,1793,0,4,221375
act_fn,1793,0,4,18356
expert.w2,1793,0,4,231700
final_layernorm,1793,0,4,51720
lm_head,1793,0,4,1766690
embedding,1794,0,4,74852
input_layernorm,1794,0,4,51811
q_proj,1794,0,4,285101
k_proj,1794,0,4,80774
v_proj,1794,0,4,79933
rope,1794,0,4,94023
o_proj,1794,0,4,227217
post_layernorm,1794,0,4,51460
gate,1794,0,4,106298
expert.w1,1794,0,4,222890
expert.w3,1794,0,4,222166
act_fn,1794,0,4,18470
expert.w2,1794,0,4,232663
final_layernorm,1794,0,4,51633
lm_head,1794,0,4,1774094
embedding,1795,0,4,74315
input_layernorm,1795,0,4,51655
q_proj,1795,0,4,283158
k_proj,1795,0,4,80160
v_proj,1795,0,4,79408
rope,1795,0,4,93910
o_proj,1795,0,4,225551
post_layernorm,1795,0,4,51458
gate,1795,0,4,106063
expert.w1,1795,0,4,221527
expert.w3,1795,0,4,220722
act_fn,1795,0,4,18433
expert.w2,1795,0,4,231056
final_layernorm,1795,0,4,51714
lm_head,1795,0,4,1760647
embedding,1796,0,4,74489
input_layernorm,1796,0,4,51737
q_proj,1796,0,4,283483
k_proj,1796,0,4,80281
v_proj,1796,0,4,79501
rope,1796,0,4,94143
o_proj,1796,0,4,225822
post_layernorm,1796,0,4,51424
gate,1796,0,4,106254
expert.w1,1796,0,4,221576
expert.w3,1796,0,4,220953
act_fn,1796,0,4,18308
expert.w2,1796,0,4,231400
final_layernorm,1796,0,4,51909
lm_head,1796,0,4,1763157
embedding,1797,0,4,74663
input_layernorm,1797,0,4,51718
q_proj,1797,0,4,285090
k_proj,1797,0,4,80772
v_proj,1797,0,4,79937
rope,1797,0,4,94181
o_proj,1797,0,4,227257
post_layernorm,1797,0,4,51533
gate,1797,0,4,106803
expert.w1,1797,0,4,223006
expert.w3,1797,0,4,222169
act_fn,1797,0,4,18393
expert.w2,1797,0,4,232753
final_layernorm,1797,0,4,51787
lm_head,1797,0,4,1774036
embedding,1798,0,4,74715
input_layernorm,1798,0,4,51755
q_proj,1798,0,4,284655
k_proj,1798,0,4,80636
v_proj,1798,0,4,79813
rope,1798,0,4,94104
o_proj,1798,0,4,226859
post_layernorm,1798,0,4,51547
gate,1798,0,4,106274
expert.w1,1798,0,4,222706
expert.w3,1798,0,4,221857
act_fn,1798,0,4,18397
expert.w2,1798,0,4,232257
final_layernorm,1798,0,4,51882
lm_head,1798,0,4,1771279
embedding,1799,0,4,74689
input_layernorm,1799,0,4,51822
q_proj,1799,0,4,285081
k_proj,1799,0,4,80805
v_proj,1799,0,4,79921
rope,1799,0,4,94292
o_proj,1799,0,4,227216
post_layernorm,1799,0,4,51629
gate,1799,0,4,106659
expert.w1,1799,0,4,222771
expert.w3,1799,0,4,222144
act_fn,1799,0,4,18383
expert.w2,1799,0,4,232632
final_layernorm,1799,0,4,51793
lm_head,1799,0,4,1774113
embedding,1800,0,4,74329
input_layernorm,1800,0,4,51848
q_proj,1800,0,4,281672
k_proj,1800,0,4,79822
v_proj,1800,0,4,78977
rope,1800,0,4,93985
o_proj,1800,0,4,224517
post_layernorm,1800,0,4,51508
gate,1800,0,4,105858
expert.w1,1800,0,4,220209
expert.w3,1800,0,4,219445
act_fn,1800,0,4,18367
expert.w2,1800,0,4,229836
final_layernorm,1800,0,4,51804
lm_head,1800,0,4,1752164
embedding,1801,0,4,74655
input_layernorm,1801,0,4,51869
q_proj,1801,0,4,283031
k_proj,1801,0,4,80203
v_proj,1801,0,4,79350
rope,1801,0,4,94037
o_proj,1801,0,4,225597
post_layernorm,1801,0,4,51570
gate,1801,0,4,106703
expert.w1,1801,0,4,221307
expert.w3,1801,0,4,220643
act_fn,1801,0,4,18404
expert.w2,1801,0,4,230966
final_layernorm,1801,0,4,51909
lm_head,1801,0,4,1760468
embedding,1802,0,4,74873
input_layernorm,1802,0,4,51879
q_proj,1802,0,4,283796
k_proj,1802,0,4,80387
v_proj,1802,0,4,79589
rope,1802,0,4,94280
o_proj,1802,0,4,226146
post_layernorm,1802,0,4,51667
gate,1802,0,4,106544
expert.w1,1802,0,4,222141
expert.w3,1802,0,4,221212
act_fn,1802,0,4,18416
expert.w2,1802,0,4,231672
final_layernorm,1802,0,4,51943
lm_head,1802,0,4,1765431
embedding,1803,0,4,75224
input_layernorm,1803,0,4,52208
q_proj,1803,0,4,285126
k_proj,1803,0,4,80794
v_proj,1803,0,4,79926
rope,1803,0,4,94507
o_proj,1803,0,4,227209
post_layernorm,1803,0,4,51739
gate,1803,0,4,107025
expert.w1,1803,0,4,223077
expert.w3,1803,0,4,222155
act_fn,1803,0,4,18432
expert.w2,1803,0,4,232635
final_layernorm,1803,0,4,51847
lm_head,1803,0,4,1774203
embedding,1804,0,4,75485
input_layernorm,1804,0,4,51932
q_proj,1804,0,4,285330
k_proj,1804,0,4,80856
v_proj,1804,0,4,79981
rope,1804,0,4,94886
o_proj,1804,0,4,227442
post_layernorm,1804,0,4,51789
gate,1804,0,4,107257
expert.w1,1804,0,4,223218
expert.w3,1804,0,4,222369
act_fn,1804,0,4,18467
expert.w2,1804,0,4,232972
final_layernorm,1804,0,4,52023
lm_head,1804,0,4,1775298
embedding,1805,0,4,75555
input_layernorm,1805,0,4,51993
q_proj,1805,0,4,285093
k_proj,1805,0,4,80788
v_proj,1805,0,4,79919
rope,1805,0,4,94742
o_proj,1805,0,4,227248
post_layernorm,1805,0,4,51842
gate,1805,0,4,107313
expert.w1,1805,0,4,222659
expert.w3,1805,0,4,222158
act_fn,1805,0,4,18486
expert.w2,1805,0,4,232605
final_layernorm,1805,0,4,51998
lm_head,1805,0,4,1774152
embedding,1806,0,4,75558
input_layernorm,1806,0,4,51948
q_proj,1806,0,4,285123
k_proj,1806,0,4,80794
v_proj,1806,0,4,79915
rope,1806,0,4,94749
o_proj,1806,0,4,227250
post_layernorm,1806,0,4,51771
gate,1806,0,4,106879
expert.w1,1806,0,4,222956
expert.w3,1806,0,4,222157
act_fn,1806,0,4,18467
expert.w2,1806,0,4,232695
final_layernorm,1806,0,4,52157
lm_head,1806,0,4,1774264
embedding,1807,0,4,74976
input_layernorm,1807,0,4,52119
q_proj,1807,0,4,282821
k_proj,1807,0,4,80127
v_proj,1807,0,4,79275
rope,1807,0,4,94442
o_proj,1807,0,4,225381
post_layernorm,1807,0,4,51694
gate,1807,0,4,106487
expert.w1,1807,0,4,221108
expert.w3,1807,0,4,220350
act_fn,1807,0,4,18515
expert.w2,1807,0,4,230933
final_layernorm,1807,0,4,52064
lm_head,1807,0,4,1759636
embedding,1808,0,4,75525
input_layernorm,1808,0,4,52102
q_proj,1808,0,4,285077
k_proj,1808,0,4,80781
v_proj,1808,0,4,79922
rope,1808,0,4,95207
o_proj,1808,0,4,227158
post_layernorm,1808,0,4,51923
gate,1808,0,4,107187
expert.w1,1808,0,4,222777
expert.w3,1808,0,4,222121
act_fn,1808,0,4,18574
expert.w2,1808,0,4,232836
final_layernorm,1808,0,4,52100
lm_head,1808,0,4,1773968
embedding,1809,0,4,75291
input_layernorm,1809,0,4,52241
q_proj,1809,0,4,283939
k_proj,1809,0,4,80437
v_proj,1809,0,4,79617
rope,1809,0,4,94931
o_proj,1809,0,4,226238
post_layernorm,1809,0,4,51897
gate,1809,0,4,107347
expert.w1,1809,0,4,222378
expert.w3,1809,0,4,221322
act_fn,1809,0,4,18736
expert.w2,1809,0,4,231956
final_layernorm,1809,0,4,52160
lm_head,1809,0,4,1766270
embedding,1810,0,4,75415
input_layernorm,1810,0,4,52049
q_proj,1810,0,4,285127
k_proj,1810,0,4,80810
v_proj,1810,0,4,79932
rope,1810,0,4,95064
o_proj,1810,0,4,227294
post_layernorm,1810,0,4,51871
gate,1810,0,4,107636
expert.w1,1810,0,4,222987
expert.w3,1810,0,4,222206
act_fn,1810,0,4,18732
expert.w2,1810,0,4,232976
final_layernorm,1810,0,4,52286
lm_head,1810,0,4,1774222
embedding,1811,0,4,75354
input_layernorm,1811,0,4,52063
q_proj,1811,0,4,283845
k_proj,1811,0,4,80387
v_proj,1811,0,4,79586
rope,1811,0,4,94950
o_proj,1811,0,4,226172
post_layernorm,1811,0,4,51981
gate,1811,0,4,107411
expert.w1,1811,0,4,222072
expert.w3,1811,0,4,221232
act_fn,1811,0,4,18806
expert.w2,1811,0,4,232051
final_layernorm,1811,0,4,52074
lm_head,1811,0,4,1765579
embedding,1812,0,4,75790
input_layernorm,1812,0,4,52195
q_proj,1812,0,4,285185
k_proj,1812,0,4,80787
v_proj,1812,0,4,79931
rope,1812,0,4,95438
o_proj,1812,0,4,227257
post_layernorm,1812,0,4,51959
gate,1812,0,4,107349
expert.w1,1812,0,4,222971
expert.w3,1812,0,4,222217
act_fn,1812,0,4,18800
expert.w2,1812,0,4,232996
final_layernorm,1812,0,4,52267
lm_head,1812,0,4,1774101
embedding,1813,0,4,75145
input_layernorm,1813,0,4,52305
q_proj,1813,0,4,283768
k_proj,1813,0,4,80355
v_proj,1813,0,4,79570
rope,1813,0,4,95071
o_proj,1813,0,4,226089
post_layernorm,1813,0,4,51988
gate,1813,0,4,107265
expert.w1,1813,0,4,221719
expert.w3,1813,0,4,221119
act_fn,1813,0,4,18804
expert.w2,1813,0,4,231776
final_layernorm,1813,0,4,52266
lm_head,1813,0,4,1764263
embedding,1814,0,4,75288
input_layernorm,1814,0,4,52187
q_proj,1814,0,4,284217
k_proj,1814,0,4,80503
v_proj,1814,0,4,79678
rope,1814,0,4,95206
o_proj,1814,0,4,226479
post_layernorm,1814,0,4,52017
gate,1814,0,4,107496
expert.w1,1814,0,4,222230
expert.w3,1814,0,4,221475
act_fn,1814,0,4,18695
expert.w2,1814,0,4,232303
final_layernorm,1814,0,4,52159
lm_head,1814,0,4,1767946
embedding,1815,0,4,75463
input_layernorm,1815,0,4,52368
q_proj,1815,0,4,285169
k_proj,1815,0,4,80802
v_proj,1815,0,4,79939
rope,1815,0,4,95297
o_proj,1815,0,4,227256
post_layernorm,1815,0,4,52205
gate,1815,0,4,108018
expert.w1,1815,0,4,222708
expert.w3,1815,0,4,222197
act_fn,1815,0,4,18754
expert.w2,1815,0,4,233026
final_layernorm,1815,0,4,52387
lm_head,1815,0,4,1774290
embedding,1816,0,4,75409
input_layernorm,1816,0,4,52305
q_proj,1816,0,4,284655
k_proj,1816,0,4,80634
v_proj,1816,0,4,79797
rope,1816,0,4,95593
o_proj,1816,0,4,226842
post_layernorm,1816,0,4,52202
gate,1816,0,4,107529
expert.w1,1816,0,4,222717
expert.w3,1816,0,4,221821
act_fn,1816,0,4,18783
expert.w2,1816,0,4,232584
final_layernorm,1816,0,4,52255
lm_head,1816,0,4,1770529
embedding,1817,0,4,75470
input_layernorm,1817,0,4,52296
q_proj,1817,0,4,285170
k_proj,1817,0,4,80804
v_proj,1817,0,4,79937
rope,1817,0,4,95485
o_proj,1817,0,4,227260
post_layernorm,1817,0,4,52189
gate,1817,0,4,108254
expert.w1,1817,0,4,223060
expert.w3,1817,0,4,222312
act_fn,1817,0,4,18849
expert.w2,1817,0,4,232978
final_layernorm,1817,0,4,52369
lm_head,1817,0,4,1774377
embedding,1818,0,4,75619
input_layernorm,1818,0,4,52336
q_proj,1818,0,4,284798
k_proj,1818,0,4,80680
v_proj,1818,0,4,79829
rope,1818,0,4,95368
o_proj,1818,0,4,226962
post_layernorm,1818,0,4,52232
gate,1818,0,4,108316
expert.w1,1818,0,4,222802
expert.w3,1818,0,4,221926
act_fn,1818,0,4,18813
expert.w2,1818,0,4,232675
final_layernorm,1818,0,4,52405
lm_head,1818,0,4,1771817
embedding,1819,0,4,75126
input_layernorm,1819,0,4,52364
q_proj,1819,0,4,283164
k_proj,1819,0,4,80210
v_proj,1819,0,4,79400
rope,1819,0,4,95165
o_proj,1819,0,4,225617
post_layernorm,1819,0,4,52141
gate,1819,0,4,108033
expert.w1,1819,0,4,221490
expert.w3,1819,0,4,220595
act_fn,1819,0,4,18786
expert.w2,1819,0,4,231301
final_layernorm,1819,0,4,52462
lm_head,1819,0,4,1760611
embedding,1820,0,4,75798
input_layernorm,1820,0,4,52494
q_proj,1820,0,4,285392
k_proj,1820,0,4,80869
v_proj,1820,0,4,79986
rope,1820,0,4,95795
o_proj,1820,0,4,227413
post_layernorm,1820,0,4,52181
gate,1820,0,4,108151
expert.w1,1820,0,4,223191
expert.w3,1820,0,4,222382
act_fn,1820,0,4,18758
expert.w2,1820,0,4,233010
final_layernorm,1820,0,4,52468
lm_head,1820,0,4,1775319
embedding,1821,0,4,75935
input_layernorm,1821,0,4,52543
q_proj,1821,0,4,285166
k_proj,1821,0,4,80809
v_proj,1821,0,4,79917
rope,1821,0,4,95611
o_proj,1821,0,4,227267
post_layernorm,1821,0,4,52224
gate,1821,0,4,108358
expert.w1,1821,0,4,223098
expert.w3,1821,0,4,222215
act_fn,1821,0,4,18739
expert.w2,1821,0,4,232870
final_layernorm,1821,0,4,52688
lm_head,1821,0,4,1774242
embedding,1822,0,4,76017
input_layernorm,1822,0,4,52482
q_proj,1822,0,4,285198
k_proj,1822,0,4,80809
v_proj,1822,0,4,79921
rope,1822,0,4,95597
o_proj,1822,0,4,227275
post_layernorm,1822,0,4,52341
gate,1822,0,4,108546
expert.w1,1822,0,4,223051
expert.w3,1822,0,4,222183
act_fn,1822,0,4,18673
expert.w2,1822,0,4,232855
final_layernorm,1822,0,4,52581
lm_head,1822,0,4,1774343
embedding,1823,0,4,75966
input_layernorm,1823,0,4,52592
q_proj,1823,0,4,285324
k_proj,1823,0,4,80849
v_proj,1823,0,4,79974
rope,1823,0,4,95649
o_proj,1823,0,4,227406
post_layernorm,1823,0,4,52274
gate,1823,0,4,108765
expert.w1,1823,0,4,223122
expert.w3,1823,0,4,222378
act_fn,1823,0,4,18733
expert.w2,1823,0,4,233022
final_layernorm,1823,0,4,52567
lm_head,1823,0,4,1774649
embedding,1824,0,4,76149
input_layernorm,1824,0,4,52592
q_proj,1824,0,4,285185
k_proj,1824,0,4,80804
v_proj,1824,0,4,79924
rope,1824,0,4,95881
o_proj,1824,0,4,227311
post_layernorm,1824,0,4,52226
gate,1824,0,4,108293
expert.w1,1824,0,4,222954
expert.w3,1824,0,4,222219
act_fn,1824,0,4,18774
expert.w2,1824,0,4,232834
final_layernorm,1824,0,4,52428
lm_head,1824,0,4,1774267
embedding,1825,0,4,76227
input_layernorm,1825,0,4,52658
q_proj,1825,0,4,284846
k_proj,1825,0,4,80711
v_proj,1825,0,4,79848
rope,1825,0,4,95753
o_proj,1825,0,4,227383
post_layernorm,1825,0,4,52307
gate,1825,0,4,108939
expert.w1,1825,0,4,222444
expert.w3,1825,0,4,222018
act_fn,1825,0,4,18836
expert.w2,1825,0,4,232662
final_layernorm,1825,0,4,52619
lm_head,1825,0,4,1772193
embedding,1826,0,4,76409
input_layernorm,1826,0,4,52502
q_proj,1826,0,4,285391
k_proj,1826,0,4,80890
v_proj,1826,0,4,79991
rope,1826,0,4,95718
o_proj,1826,0,4,227787
post_layernorm,1826,0,4,52400
gate,1826,0,4,108652
expert.w1,1826,0,4,223124
expert.w3,1826,0,4,222336
act_fn,1826,0,4,18748
expert.w2,1826,0,4,233053
final_layernorm,1826,0,4,52633
lm_head,1826,0,4,1775072
embedding,1827,0,4,75836
input_layernorm,1827,0,4,52627
q_proj,1827,0,4,283992
k_proj,1827,0,4,80415
v_proj,1827,0,4,79589
rope,1827,0,4,95547
o_proj,1827,0,4,226588
post_layernorm,1827,0,4,52419
gate,1827,0,4,108511
expert.w1,1827,0,4,222145
expert.w3,1827,0,4,221395
act_fn,1827,0,4,18710
expert.w2,1827,0,4,231895
final_layernorm,1827,0,4,52706
lm_head,1827,0,4,1765682
embedding,1828,0,4,76368
input_layernorm,1828,0,4,52670
q_proj,1828,0,4,284737
k_proj,1828,0,4,80672
v_proj,1828,0,4,79801
rope,1828,0,4,96071
o_proj,1828,0,4,227242
post_layernorm,1828,0,4,52399
gate,1828,0,4,108704
expert.w1,1828,0,4,222578
expert.w3,1828,0,4,221861
act_fn,1828,0,4,18765
expert.w2,1828,0,4,232693
final_layernorm,1828,0,4,52681
lm_head,1828,0,4,1770538
embedding,1829,0,4,76254
input_layernorm,1829,0,4,52931
q_proj,1829,0,4,285199
k_proj,1829,0,4,80810
v_proj,1829,0,4,79940
rope,1829,0,4,95952
o_proj,1829,0,4,227650
post_layernorm,1829,0,4,52444
gate,1829,0,4,108950
expert.w1,1829,0,4,223003
expert.w3,1829,0,4,222210
act_fn,1829,0,4,18664
expert.w2,1829,0,4,233124
final_layernorm,1829,0,4,52757
lm_head,1829,0,4,1774182
embedding,1830,0,4,75721
input_layernorm,1830,0,4,52813
q_proj,1830,0,4,283656
k_proj,1830,0,4,80326
v_proj,1830,0,4,79524
rope,1830,0,4,95792
o_proj,1830,0,4,226409
post_layernorm,1830,0,4,52572
gate,1830,0,4,108295
expert.w1,1830,0,4,221666
expert.w3,1830,0,4,221018
act_fn,1830,0,4,18610
expert.w2,1830,0,4,231839
final_layernorm,1830,0,4,52675
lm_head,1830,0,4,1763153
embedding,1831,0,4,76184
input_layernorm,1831,0,4,52743
q_proj,1831,0,4,284709
k_proj,1831,0,4,80639
v_proj,1831,0,4,79798
rope,1831,0,4,95956
o_proj,1831,0,4,227213
post_layernorm,1831,0,4,52622
gate,1831,0,4,108870
expert.w1,1831,0,4,222093
expert.w3,1831,0,4,221837
act_fn,1831,0,4,18692
expert.w2,1831,0,4,232568
final_layernorm,1831,0,4,52880
lm_head,1831,0,4,1770657
embedding,1832,0,4,76563
input_layernorm,1832,0,4,52881
q_proj,1832,0,4,285433
k_proj,1832,0,4,80888
v_proj,1832,0,4,80003
rope,1832,0,4,96398
o_proj,1832,0,4,227856
post_layernorm,1832,0,4,52571
gate,1832,0,4,109049
expert.w1,1832,0,4,223098
expert.w3,1832,0,4,222411
act_fn,1832,0,4,18693
expert.w2,1832,0,4,233064
final_layernorm,1832,0,4,52735
lm_head,1832,0,4,1775532
embedding,1833,0,4,76475
input_layernorm,1833,0,4,52755
q_proj,1833,0,4,285197
k_proj,1833,0,4,80813
v_proj,1833,0,4,79947
rope,1833,0,4,96080
o_proj,1833,0,4,227685
post_layernorm,1833,0,4,52414
gate,1833,0,4,109501
expert.w1,1833,0,4,223100
expert.w3,1833,0,4,222241
act_fn,1833,0,4,18634
expert.w2,1833,0,4,233072
final_layernorm,1833,0,4,52985
lm_head,1833,0,4,1774465
embedding,1834,0,4,76343
input_layernorm,1834,0,4,52930
q_proj,1834,0,4,285227
k_proj,1834,0,4,80811
v_proj,1834,0,4,79938
rope,1834,0,4,96036
o_proj,1834,0,4,227674
post_layernorm,1834,0,4,52716
gate,1834,0,4,109248
expert.w1,1834,0,4,223092
expert.w3,1834,0,4,222263
act_fn,1834,0,4,18662
expert.w2,1834,0,4,233063
final_layernorm,1834,0,4,52759
lm_head,1834,0,4,1774403
embedding,1835,0,4,76405
input_layernorm,1835,0,4,53009
q_proj,1835,0,4,285476
k_proj,1835,0,4,80881
v_proj,1835,0,4,79999
rope,1835,0,4,96014
o_proj,1835,0,4,227877
post_layernorm,1835,0,4,52813
gate,1835,0,4,109418
expert.w1,1835,0,4,223249
expert.w3,1835,0,4,222494
act_fn,1835,0,4,18659
expert.w2,1835,0,4,233206
final_layernorm,1835,0,4,53134
lm_head,1835,0,4,1775685
embedding,1836,0,4,76095
input_layernorm,1836,0,4,53166
q_proj,1836,0,4,285084
k_proj,1836,0,4,80771
v_proj,1836,0,4,79905
rope,1836,0,4,96208
o_proj,1836,0,4,227574
post_layernorm,1836,0,4,52731
gate,1836,0,4,109444
expert.w1,1836,0,4,222869
expert.w3,1836,0,4,222116
act_fn,1836,0,4,18642
expert.w2,1836,0,4,232885
final_layernorm,1836,0,4,52995
lm_head,1836,0,4,1773903
embedding,1837,0,4,76506
input_layernorm,1837,0,4,52873
q_proj,1837,0,4,285256
k_proj,1837,0,4,80814
v_proj,1837,0,4,79934
rope,1837,0,4,96048
o_proj,1837,0,4,227674
post_layernorm,1837,0,4,52688
gate,1837,0,4,109637
expert.w1,1837,0,4,223076
expert.w3,1837,0,4,222216
act_fn,1837,0,4,18565
expert.w2,1837,0,4,233174
final_layernorm,1837,0,4,53017
lm_head,1837,0,4,1774542
embedding,1838,0,4,76400
input_layernorm,1838,0,4,53154
q_proj,1838,0,4,285350
k_proj,1838,0,4,80857
v_proj,1838,0,4,79967
rope,1838,0,4,96215
o_proj,1838,0,4,227771
post_layernorm,1838,0,4,53027
gate,1838,0,4,109278
expert.w1,1838,0,4,223199
expert.w3,1838,0,4,222311
act_fn,1838,0,4,18699
expert.w2,1838,0,4,233106
final_layernorm,1838,0,4,52946
lm_head,1838,0,4,1774881
embedding,1839,0,4,76441
input_layernorm,1839,0,4,53114
q_proj,1839,0,4,285615
k_proj,1839,0,4,80929
v_proj,1839,0,4,80055
rope,1839,0,4,96232
o_proj,1839,0,4,227958
post_layernorm,1839,0,4,52850
gate,1839,0,4,109685
expert.w1,1839,0,4,223351
expert.w3,1839,0,4,222523
act_fn,1839,0,4,18636
expert.w2,1839,0,4,233332
final_layernorm,1839,0,4,53084
lm_head,1839,0,4,1776742
embedding,1840,0,4,76970
input_layernorm,1840,0,4,53269
q_proj,1840,0,4,285386
k_proj,1840,0,4,80879
v_proj,1840,0,4,79985
rope,1840,0,4,96610
o_proj,1840,0,4,227808
post_layernorm,1840,0,4,52720
gate,1840,0,4,109538
expert.w1,1840,0,4,223157
expert.w3,1840,0,4,222303
act_fn,1840,0,4,18674
expert.w2,1840,0,4,232889
final_layernorm,1840,0,4,53087
lm_head,1840,0,4,1774981
embedding,1841,0,4,76408
input_layernorm,1841,0,4,53220
q_proj,1841,0,4,283765
k_proj,1841,0,4,80362
v_proj,1841,0,4,79559
rope,1841,0,4,96060
o_proj,1841,0,4,226535
post_layernorm,1841,0,4,52827
gate,1841,0,4,110002
expert.w1,1841,0,4,221976
expert.w3,1841,0,4,221164
act_fn,1841,0,4,18723
expert.w2,1841,0,4,231886
final_layernorm,1841,0,4,53054
lm_head,1841,0,4,1764756
embedding,1842,0,4,76442
input_layernorm,1842,0,4,53224
q_proj,1842,0,4,283796
k_proj,1842,0,4,80366
v_proj,1842,0,4,79562
rope,1842,0,4,95983
o_proj,1842,0,4,226567
post_layernorm,1842,0,4,52857
gate,1842,0,4,109982
expert.w1,1842,0,4,221864
expert.w3,1842,0,4,221210
act_fn,1842,0,4,18751
expert.w2,1842,0,4,231884
final_layernorm,1842,0,4,53185
lm_head,1842,0,4,1764427
embedding,1843,0,4,76968
input_layernorm,1843,0,4,53301
q_proj,1843,0,4,285565
k_proj,1843,0,4,80896
v_proj,1843,0,4,80002
rope,1843,0,4,96424
o_proj,1843,0,4,227880
post_layernorm,1843,0,4,52909
gate,1843,0,4,110620
expert.w1,1843,0,4,223259
expert.w3,1843,0,4,222489
act_fn,1843,0,4,18878
expert.w2,1843,0,4,233092
final_layernorm,1843,0,4,53116
lm_head,1843,0,4,1775663
embedding,1844,0,4,76903
input_layernorm,1844,0,4,53496
q_proj,1844,0,4,285304
k_proj,1844,0,4,80827
v_proj,1844,0,4,79936
rope,1844,0,4,96648
o_proj,1844,0,4,227710
post_layernorm,1844,0,4,52814
gate,1844,0,4,110360
expert.w1,1844,0,4,223052
expert.w3,1844,0,4,222230
act_fn,1844,0,4,18736
expert.w2,1844,0,4,232864
final_layernorm,1844,0,4,53132
lm_head,1844,0,4,1774501
embedding,1845,0,4,77140
input_layernorm,1845,0,4,53364
q_proj,1845,0,4,285296
k_proj,1845,0,4,80803
v_proj,1845,0,4,79943
rope,1845,0,4,96467
o_proj,1845,0,4,227720
post_layernorm,1845,0,4,53023
gate,1845,0,4,110504
expert.w1,1845,0,4,223046
expert.w3,1845,0,4,222269
act_fn,1845,0,4,18627
expert.w2,1845,0,4,232971
final_layernorm,1845,0,4,53412
lm_head,1845,0,4,1774556
embedding,1846,0,4,77335
input_layernorm,1846,0,4,53318
q_proj,1846,0,4,285975
k_proj,1846,0,4,81001
v_proj,1846,0,4,80137
rope,1846,0,4,96654
o_proj,1846,0,4,228217
post_layernorm,1846,0,4,52936
gate,1846,0,4,110766
expert.w1,1846,0,4,223440
expert.w3,1846,0,4,222686
act_fn,1846,0,4,18591
expert.w2,1846,0,4,233455
final_layernorm,1846,0,4,53165
lm_head,1846,0,4,1777863
embedding,1847,0,4,76521
input_layernorm,1847,0,4,53199
q_proj,1847,0,4,282988
k_proj,1847,0,4,80182
v_proj,1847,0,4,79311
rope,1847,0,4,96196
o_proj,1847,0,4,225873
post_layernorm,1847,0,4,52920
gate,1847,0,4,110195
expert.w1,1847,0,4,221109
expert.w3,1847,0,4,220374
act_fn,1847,0,4,18654
expert.w2,1847,0,4,230920
final_layernorm,1847,0,4,53406
lm_head,1847,0,4,1758518
embedding,1848,0,4,76963
input_layernorm,1848,0,4,53539
q_proj,1848,0,4,285287
k_proj,1848,0,4,80812
v_proj,1848,0,4,79940
rope,1848,0,4,96825
o_proj,1848,0,4,227738
post_layernorm,1848,0,4,53112
gate,1848,0,4,110368
expert.w1,1848,0,4,222915
expert.w3,1848,0,4,222241
act_fn,1848,0,4,18635
expert.w2,1848,0,4,232978
final_layernorm,1848,0,4,53174
lm_head,1848,0,4,1774488
embedding,1849,0,4,76954
input_layernorm,1849,0,4,53354
q_proj,1849,0,4,285332
k_proj,1849,0,4,80816
v_proj,1849,0,4,79938
rope,1849,0,4,96691
o_proj,1849,0,4,227724
post_layernorm,1849,0,4,53219
gate,1849,0,4,111152
expert.w1,1849,0,4,222813
expert.w3,1849,0,4,222256
act_fn,1849,0,4,18852
expert.w2,1849,0,4,233050
final_layernorm,1849,0,4,53382
lm_head,1849,0,4,1774514
embedding,1850,0,4,77066
input_layernorm,1850,0,4,53441
q_proj,1850,0,4,285525
k_proj,1850,0,4,80892
v_proj,1850,0,4,80017
rope,1850,0,4,96600
o_proj,1850,0,4,227940
post_layernorm,1850,0,4,53132
gate,1850,0,4,111208
expert.w1,1850,0,4,223210
expert.w3,1850,0,4,222427
act_fn,1850,0,4,18749
expert.w2,1850,0,4,233173
final_layernorm,1850,0,4,53434
lm_head,1850,0,4,1775608
embedding,1851,0,4,77140
input_layernorm,1851,0,4,53467
q_proj,1851,0,4,285459
k_proj,1851,0,4,80862
v_proj,1851,0,4,79982
rope,1851,0,4,96705
o_proj,1851,0,4,227891
post_layernorm,1851,0,4,53095
gate,1851,0,4,111497
expert.w1,1851,0,4,222820
expert.w3,1851,0,4,222354
act_fn,1851,0,4,18824
expert.w2,1851,0,4,233171
final_layernorm,1851,0,4,53495
lm_head,1851,0,4,1775637
embedding,1852,0,4,76728
input_layernorm,1852,0,4,53531
q_proj,1852,0,4,283905
k_proj,1852,0,4,80379
v_proj,1852,0,4,79590
rope,1852,0,4,96771
o_proj,1852,0,4,226597
post_layernorm,1852,0,4,53149
gate,1852,0,4,110650
expert.w1,1852,0,4,221893
expert.w3,1852,0,4,221204
act_fn,1852,0,4,18870
expert.w2,1852,0,4,232002
final_layernorm,1852,0,4,53560
lm_head,1852,0,4,1764892
embedding,1853,0,4,77135
input_layernorm,1853,0,4,53754
q_proj,1853,0,4,284614
k_proj,1853,0,4,80592
v_proj,1853,0,4,79788
rope,1853,0,4,96734
o_proj,1853,0,4,227184
post_layernorm,1853,0,4,53081
gate,1853,0,4,111137
expert.w1,1853,0,4,222367
expert.w3,1853,0,4,221751
act_fn,1853,0,4,18882
expert.w2,1853,0,4,232412
final_layernorm,1853,0,4,53465
lm_head,1853,0,4,1768940
embedding,1854,0,4,77435
input_layernorm,1854,0,4,53674
q_proj,1854,0,4,285315
k_proj,1854,0,4,80799
v_proj,1854,0,4,79945
rope,1854,0,4,96778
o_proj,1854,0,4,227762
post_layernorm,1854,0,4,53291
gate,1854,0,4,111248
expert.w1,1854,0,4,223182
expert.w3,1854,0,4,222294
act_fn,1854,0,4,18990
expert.w2,1854,0,4,232984
final_layernorm,1854,0,4,53617
lm_head,1854,0,4,1774641
embedding,1855,0,4,77225
input_layernorm,1855,0,4,53645
q_proj,1855,0,4,285329
k_proj,1855,0,4,80833
v_proj,1855,0,4,79941
rope,1855,0,4,96822
o_proj,1855,0,4,227808
post_layernorm,1855,0,4,53282
gate,1855,0,4,111576
expert.w1,1855,0,4,223096
expert.w3,1855,0,4,222305
act_fn,1855,0,4,19124
expert.w2,1855,0,4,232982
final_layernorm,1855,0,4,53480
lm_head,1855,0,4,1774666
embedding,1856,0,4,77024
input_layernorm,1856,0,4,53796
q_proj,1856,0,4,284860
k_proj,1856,0,4,80674
v_proj,1856,0,4,79809
rope,1856,0,4,97138
o_proj,1856,0,4,227341
post_layernorm,1856,0,4,53228
gate,1856,0,4,107030
expert.w1,1856,0,4,222568
expert.w3,1856,0,4,221879
act_fn,1856,0,4,19076
expert.w2,1856,0,4,232631
final_layernorm,1856,0,4,53591
lm_head,1856,0,4,1770561
embedding,1857,0,4,77436
input_layernorm,1857,0,4,53709
q_proj,1857,0,4,285590
k_proj,1857,0,4,80902
v_proj,1857,0,4,80014
rope,1857,0,4,97165
o_proj,1857,0,4,227996
post_layernorm,1857,0,4,53240
gate,1857,0,4,107724
expert.w1,1857,0,4,223391
expert.w3,1857,0,4,222428
act_fn,1857,0,4,19023
expert.w2,1857,0,4,233276
final_layernorm,1857,0,4,53642
lm_head,1857,0,4,1775868
embedding,1858,0,4,77175
input_layernorm,1858,0,4,53740
q_proj,1858,0,4,285633
k_proj,1858,0,4,80885
v_proj,1858,0,4,80016
rope,1858,0,4,97155
o_proj,1858,0,4,227979
post_layernorm,1858,0,4,53437
gate,1858,0,4,107818
expert.w1,1858,0,4,223259
expert.w3,1858,0,4,222461
act_fn,1858,0,4,19016
expert.w2,1858,0,4,233223
final_layernorm,1858,0,4,53591
lm_head,1858,0,4,1775898
embedding,1859,0,4,77076
input_layernorm,1859,0,4,53675
q_proj,1859,0,4,285346
k_proj,1859,0,4,80814
v_proj,1859,0,4,79955
rope,1859,0,4,97180
o_proj,1859,0,4,227825
post_layernorm,1859,0,4,53410
gate,1859,0,4,107922
expert.w1,1859,0,4,223143
expert.w3,1859,0,4,222242
act_fn,1859,0,4,19067
expert.w2,1859,0,4,232956
final_layernorm,1859,0,4,53807
lm_head,1859,0,4,1774546
embedding,1860,0,4,77397
input_layernorm,1860,0,4,53770
q_proj,1860,0,4,285594
k_proj,1860,0,4,80868
v_proj,1860,0,4,80011
rope,1860,0,4,97386
o_proj,1860,0,4,227995
post_layernorm,1860,0,4,53504
gate,1860,0,4,107726
expert.w1,1860,0,4,223266
expert.w3,1860,0,4,222376
act_fn,1860,0,4,18895
expert.w2,1860,0,4,233190
final_layernorm,1860,0,4,53783
lm_head,1860,0,4,1775767
embedding,1861,0,4,77513
input_layernorm,1861,0,4,53742
q_proj,1861,0,4,285626
k_proj,1861,0,4,80900
v_proj,1861,0,4,80008
rope,1861,0,4,97164
o_proj,1861,0,4,227987
post_layernorm,1861,0,4,53479
gate,1861,0,4,107928
expert.w1,1861,0,4,222986
expert.w3,1861,0,4,222378
act_fn,1861,0,4,19056
expert.w2,1861,0,4,233323
final_layernorm,1861,0,4,53665
lm_head,1861,0,4,1775878
embedding,1862,0,4,77489
input_layernorm,1862,0,4,53748
q_proj,1862,0,4,284984
k_proj,1862,0,4,80712
v_proj,1862,0,4,79865
rope,1862,0,4,97102
o_proj,1862,0,4,227514
post_layernorm,1862,0,4,53338
gate,1862,0,4,107691
expert.w1,1862,0,4,222792
expert.w3,1862,0,4,221969
act_fn,1862,0,4,18930
expert.w2,1862,0,4,232846
final_layernorm,1862,0,4,53856
lm_head,1862,0,4,1772149
embedding,1863,0,4,77822
input_layernorm,1863,0,4,53844
q_proj,1863,0,4,285525
k_proj,1863,0,4,80864
v_proj,1863,0,4,79988
rope,1863,0,4,97233
o_proj,1863,0,4,227908
post_layernorm,1863,0,4,53592
gate,1863,0,4,108011
expert.w1,1863,0,4,223223
expert.w3,1863,0,4,222368
act_fn,1863,0,4,18933
expert.w2,1863,0,4,233253
final_layernorm,1863,0,4,53769
lm_head,1863,0,4,1775389
embedding,1864,0,4,77887
input_layernorm,1864,0,4,53969
q_proj,1864,0,4,285592
k_proj,1864,0,4,80876
v_proj,1864,0,4,80004
rope,1864,0,4,97559
o_proj,1864,0,4,227967
post_layernorm,1864,0,4,53714
gate,1864,0,4,107844
expert.w1,1864,0,4,223263
expert.w3,1864,0,4,222387
act_fn,1864,0,4,18960
expert.w2,1864,0,4,233346
final_layernorm,1864,0,4,53999
lm_head,1864,0,4,1775877
embedding,1865,0,4,77742
input_layernorm,1865,0,4,53862
q_proj,1865,0,4,285562
k_proj,1865,0,4,80904
v_proj,1865,0,4,80005
rope,1865,0,4,97384
o_proj,1865,0,4,227977
post_layernorm,1865,0,4,53698
gate,1865,0,4,108314
expert.w1,1865,0,4,223267
expert.w3,1865,0,4,222432
act_fn,1865,0,4,18936
expert.w2,1865,0,4,233260
final_layernorm,1865,0,4,53940
lm_head,1865,0,4,1775900
embedding,1866,0,4,77999
input_layernorm,1866,0,4,54140
q_proj,1866,0,4,286102
k_proj,1866,0,4,81056
v_proj,1866,0,4,80150
rope,1866,0,4,97475
o_proj,1866,0,4,228327
post_layernorm,1866,0,4,53613
gate,1866,0,4,108402
expert.w1,1866,0,4,223531
expert.w3,1866,0,4,222814
act_fn,1866,0,4,18941
expert.w2,1866,0,4,233660
final_layernorm,1866,0,4,53851
lm_head,1866,0,4,1779137
embedding,1867,0,4,77035
input_layernorm,1867,0,4,53859
q_proj,1867,0,4,283009
k_proj,1867,0,4,80173
v_proj,1867,0,4,79307
rope,1867,0,4,97059
o_proj,1867,0,4,226001
post_layernorm,1867,0,4,53690
gate,1867,0,4,107802
expert.w1,1867,0,4,221400
expert.w3,1867,0,4,220596
act_fn,1867,0,4,18966
expert.w2,1867,0,4,231549
final_layernorm,1867,0,4,53872
lm_head,1867,0,4,1759734
embedding,1868,0,4,77737
input_layernorm,1868,0,4,54147
q_proj,1868,0,4,284952
k_proj,1868,0,4,80692
v_proj,1868,0,4,79843
rope,1868,0,4,97591
o_proj,1868,0,4,227419
post_layernorm,1868,0,4,53623
gate,1868,0,4,108010
expert.w1,1868,0,4,222612
expert.w3,1868,0,4,221980
act_fn,1868,0,4,18809
expert.w2,1868,0,4,232758
final_layernorm,1868,0,4,54051
lm_head,1868,0,4,1771167
embedding,1869,0,4,77714
input_layernorm,1869,0,4,54180
q_proj,1869,0,4,285246
k_proj,1869,0,4,80780
v_proj,1869,0,4,79903
rope,1869,0,4,97362
o_proj,1869,0,4,227661
post_layernorm,1869,0,4,53885
gate,1869,0,4,108255
expert.w1,1869,0,4,222901
expert.w3,1869,0,4,222137
act_fn,1869,0,4,19019
expert.w2,1869,0,4,233061
final_layernorm,1869,0,4,54045
lm_head,1869,0,4,1773431
embedding,1870,0,4,77929
input_layernorm,1870,0,4,54116
q_proj,1870,0,4,284621
k_proj,1870,0,4,80569
v_proj,1870,0,4,79754
rope,1870,0,4,97268
o_proj,1870,0,4,227161
post_layernorm,1870,0,4,53779
gate,1870,0,4,108047
expert.w1,1870,0,4,222552
expert.w3,1870,0,4,221717
act_fn,1870,0,4,18964
expert.w2,1870,0,4,232563
final_layernorm,1870,0,4,53999
lm_head,1870,0,4,1769623
embedding,1871,0,4,77595
input_layernorm,1871,0,4,54155
q_proj,1871,0,4,285752
k_proj,1871,0,4,80946
v_proj,1871,0,4,80043
rope,1871,0,4,97576
o_proj,1871,0,4,228101
post_layernorm,1871,0,4,53680
gate,1871,0,4,108620
expert.w1,1871,0,4,222992
expert.w3,1871,0,4,222474
act_fn,1871,0,4,19061
expert.w2,1871,0,4,233603
final_layernorm,1871,0,4,54081
lm_head,1871,0,4,1776632
embedding,1872,0,4,77891
input_layernorm,1872,0,4,54187
q_proj,1872,0,4,285363
k_proj,1872,0,4,80814
v_proj,1872,0,4,79954
rope,1872,0,4,97813
o_proj,1872,0,4,227810
post_layernorm,1872,0,4,53827
gate,1872,0,4,108468
expert.w1,1872,0,4,223172
expert.w3,1872,0,4,222258
act_fn,1872,0,4,19150
expert.w2,1872,0,4,233210
final_layernorm,1872,0,4,54044
lm_head,1872,0,4,1774757
embedding,1873,0,4,77960
input_layernorm,1873,0,4,54081
q_proj,1873,0,4,285364
k_proj,1873,0,4,80837
v_proj,1873,0,4,79939
rope,1873,0,4,97596
o_proj,1873,0,4,227773
post_layernorm,1873,0,4,53919
gate,1873,0,4,109085
expert.w1,1873,0,4,223131
expert.w3,1873,0,4,222231
act_fn,1873,0,4,19116
expert.w2,1873,0,4,233155
final_layernorm,1873,0,4,53987
lm_head,1873,0,4,1774794
embedding,1874,0,4,78076
input_layernorm,1874,0,4,54158
q_proj,1874,0,4,285810
k_proj,1874,0,4,80952
v_proj,1874,0,4,80083
rope,1874,0,4,97716
o_proj,1874,0,4,228159
post_layernorm,1874,0,4,53982
gate,1874,0,4,108761
expert.w1,1874,0,4,223435
expert.w3,1874,0,4,222624
act_fn,1874,0,4,19140
expert.w2,1874,0,4,233508
final_layernorm,1874,0,4,54164
lm_head,1874,0,4,1777324
embedding,1875,0,4,77526
input_layernorm,1875,0,4,54153
q_proj,1875,0,4,284058
k_proj,1875,0,4,80419
v_proj,1875,0,4,79620
rope,1875,0,4,97428
o_proj,1875,0,4,226713
post_layernorm,1875,0,4,53891
gate,1875,0,4,108412
expert.w1,1875,0,4,221998
expert.w3,1875,0,4,221246
act_fn,1875,0,4,19116
expert.w2,1875,0,4,232185
final_layernorm,1875,0,4,54385
lm_head,1875,0,4,1765702
embedding,1876,0,4,81609
input_layernorm,1876,0,4,54579
q_proj,1876,0,4,302343
k_proj,1876,0,4,85660
v_proj,1876,0,4,84631
rope,1876,0,4,100974
o_proj,1876,0,4,241186
post_layernorm,1876,0,4,54193
gate,1876,0,4,113144
expert.w1,1876,0,4,236225
expert.w3,1876,0,4,235275
act_fn,1876,0,4,19309
expert.w2,1876,0,4,246572
final_layernorm,1876,0,4,54621
lm_head,1876,0,4,1876771
embedding,1877,0,4,78055
input_layernorm,1877,0,4,54373
q_proj,1877,0,4,285742
k_proj,1877,0,4,80932
v_proj,1877,0,4,80049
rope,1877,0,4,97801
o_proj,1877,0,4,228086
post_layernorm,1877,0,4,54079
gate,1877,0,4,109267
expert.w1,1877,0,4,223032
expert.w3,1877,0,4,222559
act_fn,1877,0,4,19176
expert.w2,1877,0,4,233602
final_layernorm,1877,0,4,54256
lm_head,1877,0,4,1777144
embedding,1878,0,4,77961
input_layernorm,1878,0,4,54288
q_proj,1878,0,4,285114
k_proj,1878,0,4,80742
v_proj,1878,0,4,79874
rope,1878,0,4,97727
o_proj,1878,0,4,227659
post_layernorm,1878,0,4,53971
gate,1878,0,4,108744
expert.w1,1878,0,4,222920
expert.w3,1878,0,4,222075
act_fn,1878,0,4,19167
expert.w2,1878,0,4,233048
final_layernorm,1878,0,4,54316
lm_head,1878,0,4,1773528
embedding,1879,0,4,77897
input_layernorm,1879,0,4,54371
q_proj,1879,0,4,285391
k_proj,1879,0,4,80813
v_proj,1879,0,4,79934
rope,1879,0,4,97818
o_proj,1879,0,4,227916
post_layernorm,1879,0,4,54155
gate,1879,0,4,108824
expert.w1,1879,0,4,223115
expert.w3,1879,0,4,222306
act_fn,1879,0,4,19390
expert.w2,1879,0,4,233351
final_layernorm,1879,0,4,54298
lm_head,1879,0,4,1774885
embedding,1880,0,4,77955
input_layernorm,1880,0,4,54517
q_proj,1880,0,4,284723
k_proj,1880,0,4,80627
v_proj,1880,0,4,79804
rope,1880,0,4,97986
o_proj,1880,0,4,227404
post_layernorm,1880,0,4,53961
gate,1880,0,4,108795
expert.w1,1880,0,4,222698
expert.w3,1880,0,4,221903
act_fn,1880,0,4,19085
expert.w2,1880,0,4,232773
final_layernorm,1880,0,4,54515
lm_head,1880,0,4,1770125
embedding,1881,0,4,78254
input_layernorm,1881,0,4,54351
q_proj,1881,0,4,285671
k_proj,1881,0,4,80888
v_proj,1881,0,4,79998
rope,1881,0,4,97868
o_proj,1881,0,4,228067
post_layernorm,1881,0,4,54036
gate,1881,0,4,109499
expert.w1,1881,0,4,223250
expert.w3,1881,0,4,222461
act_fn,1881,0,4,19124
expert.w2,1881,0,4,233440
final_layernorm,1881,0,4,54381
lm_head,1881,0,4,1776131
embedding,1882,0,4,78332
input_layernorm,1882,0,4,54309
q_proj,1882,0,4,285884
k_proj,1882,0,4,80960
v_proj,1882,0,4,80073
rope,1882,0,4,97922
o_proj,1882,0,4,228250
post_layernorm,1882,0,4,54148
gate,1882,0,4,109304
expert.w1,1882,0,4,223498
expert.w3,1882,0,4,222669
act_fn,1882,0,4,19219
expert.w2,1882,0,4,233719
final_layernorm,1882,0,4,54540
lm_head,1882,0,4,1777463
embedding,1883,0,4,78396
input_layernorm,1883,0,4,54579
q_proj,1883,0,4,285929
k_proj,1883,0,4,80990
v_proj,1883,0,4,80092
rope,1883,0,4,98043
o_proj,1883,0,4,228343
post_layernorm,1883,0,4,54207
gate,1883,0,4,109481
expert.w1,1883,0,4,223672
expert.w3,1883,0,4,222682
act_fn,1883,0,4,19093
expert.w2,1883,0,4,233522
final_layernorm,1883,0,4,54543
lm_head,1883,0,4,1777719
embedding,1884,0,4,78563
input_layernorm,1884,0,4,54636
q_proj,1884,0,4,285781
k_proj,1884,0,4,80942
v_proj,1884,0,4,80048
rope,1884,0,4,98261
o_proj,1884,0,4,228172
post_layernorm,1884,0,4,54212
gate,1884,0,4,109446
expert.w1,1884,0,4,223371
expert.w3,1884,0,4,222524
act_fn,1884,0,4,19166
expert.w2,1884,0,4,233482
final_layernorm,1884,0,4,54269
lm_head,1884,0,4,1776939
embedding,1885,0,4,78833
input_layernorm,1885,0,4,54505
q_proj,1885,0,4,285511
k_proj,1885,0,4,80865
v_proj,1885,0,4,79968
rope,1885,0,4,98058
o_proj,1885,0,4,228000
post_layernorm,1885,0,4,54216
gate,1885,0,4,109748
expert.w1,1885,0,4,222930
expert.w3,1885,0,4,222373
act_fn,1885,0,4,19140
expert.w2,1885,0,4,233261
final_layernorm,1885,0,4,54439
lm_head,1885,0,4,1775760
embedding,1886,0,4,78341
input_layernorm,1886,0,4,54442
q_proj,1886,0,4,283235
k_proj,1886,0,4,80215
v_proj,1886,0,4,79393
rope,1886,0,4,97712
o_proj,1886,0,4,226215
post_layernorm,1886,0,4,54236
gate,1886,0,4,108693
expert.w1,1886,0,4,221438
expert.w3,1886,0,4,220735
act_fn,1886,0,4,19016
expert.w2,1886,0,4,231531
final_layernorm,1886,0,4,54593
lm_head,1886,0,4,1761009
embedding,1887,0,4,83594
input_layernorm,1887,0,4,54988
q_proj,1887,0,4,308652
k_proj,1887,0,4,87415
v_proj,1887,0,4,86404
rope,1887,0,4,102541
o_proj,1887,0,4,246445
post_layernorm,1887,0,4,54625
gate,1887,0,4,115316
expert.w1,1887,0,4,241010
expert.w3,1887,0,4,240293
act_fn,1887,0,4,19413
expert.w2,1887,0,4,251643
final_layernorm,1887,0,4,55005
lm_head,1887,0,4,1919568
embedding,1888,0,4,78842
input_layernorm,1888,0,4,54551
q_proj,1888,0,4,285610
k_proj,1888,0,4,80892
v_proj,1888,0,4,80009
rope,1888,0,4,98448
o_proj,1888,0,4,228077
post_layernorm,1888,0,4,54274
gate,1888,0,4,109752
expert.w1,1888,0,4,223323
expert.w3,1888,0,4,222461
act_fn,1888,0,4,19279
expert.w2,1888,0,4,233580
final_layernorm,1888,0,4,54538
lm_head,1888,0,4,1776054
embedding,1889,0,4,78788
input_layernorm,1889,0,4,54707
q_proj,1889,0,4,285834
k_proj,1889,0,4,80934
v_proj,1889,0,4,80045
rope,1889,0,4,98500
o_proj,1889,0,4,228239
post_layernorm,1889,0,4,54388
gate,1889,0,4,110130
expert.w1,1889,0,4,223240
expert.w3,1889,0,4,222607
act_fn,1889,0,4,19329
expert.w2,1889,0,4,233601
final_layernorm,1889,0,4,54692
lm_head,1889,0,4,1777657
embedding,1890,0,4,78333
input_layernorm,1890,0,4,54637
q_proj,1890,0,4,283721
k_proj,1890,0,4,80343
v_proj,1890,0,4,79482
rope,1890,0,4,98076
o_proj,1890,0,4,226567
post_layernorm,1890,0,4,54399
gate,1890,0,4,109707
expert.w1,1890,0,4,221768
expert.w3,1890,0,4,221085
act_fn,1890,0,4,19256
expert.w2,1890,0,4,232181
final_layernorm,1890,0,4,54624
lm_head,1890,0,4,1763962
embedding,1891,0,4,78469
input_layernorm,1891,0,4,54917
q_proj,1891,0,4,285064
k_proj,1891,0,4,80731
v_proj,1891,0,4,79869
rope,1891,0,4,98327
o_proj,1891,0,4,227655
post_layernorm,1891,0,4,54447
gate,1891,0,4,110120
expert.w1,1891,0,4,222909
expert.w3,1891,0,4,222068
act_fn,1891,0,4,19398
expert.w2,1891,0,4,233185
final_layernorm,1891,0,4,54644
lm_head,1891,0,4,1772777
embedding,1892,0,4,78917
input_layernorm,1892,0,4,54899
q_proj,1892,0,4,283528
k_proj,1892,0,4,80301
v_proj,1892,0,4,79458
rope,1892,0,4,98381
o_proj,1892,0,4,226527
post_layernorm,1892,0,4,54488
gate,1892,0,4,109372
expert.w1,1892,0,4,221657
expert.w3,1892,0,4,220954
act_fn,1892,0,4,19443
expert.w2,1892,0,4,232180
final_layernorm,1892,0,4,54695
lm_head,1892,0,4,1763228
embedding,1893,0,4,78792
input_layernorm,1893,0,4,54835
q_proj,1893,0,4,285665
k_proj,1893,0,4,80926
v_proj,1893,0,4,80015
rope,1893,0,4,98545
o_proj,1893,0,4,228124
post_layernorm,1893,0,4,54595
gate,1893,0,4,110046
expert.w1,1893,0,4,223411
expert.w3,1893,0,4,222493
act_fn,1893,0,4,19412
expert.w2,1893,0,4,233718
final_layernorm,1893,0,4,54806
lm_head,1893,0,4,1776646
embedding,1894,0,4,78754
input_layernorm,1894,0,4,54721
q_proj,1894,0,4,286334
k_proj,1894,0,4,81075
v_proj,1894,0,4,80197
rope,1894,0,4,98691
o_proj,1894,0,4,228615
post_layernorm,1894,0,4,54653
gate,1894,0,4,110280
expert.w1,1894,0,4,223782
expert.w3,1894,0,4,222918
act_fn,1894,0,4,19381
expert.w2,1894,0,4,234268
final_layernorm,1894,0,4,54851
lm_head,1894,0,4,1779742
embedding,1895,0,4,79011
input_layernorm,1895,0,4,54890
q_proj,1895,0,4,286719
k_proj,1895,0,4,81211
v_proj,1895,0,4,80299
rope,1895,0,4,98798
o_proj,1895,0,4,228967
post_layernorm,1895,0,4,54655
gate,1895,0,4,110628
expert.w1,1895,0,4,224118
expert.w3,1895,0,4,223245
act_fn,1895,0,4,19416
expert.w2,1895,0,4,234484
final_layernorm,1895,0,4,54843
lm_head,1895,0,4,1782452
embedding,1896,0,4,79250
input_layernorm,1896,0,4,54834
q_proj,1896,0,4,286017
k_proj,1896,0,4,81022
v_proj,1896,0,4,80107
rope,1896,0,4,98964
o_proj,1896,0,4,228432
post_layernorm,1896,0,4,54553
gate,1896,0,4,110096
expert.w1,1896,0,4,223492
expert.w3,1896,0,4,222702
act_fn,1896,0,4,19493
expert.w2,1896,0,4,234018
final_layernorm,1896,0,4,54917
lm_head,1896,0,4,1777748
embedding,1897,0,4,78779
input_layernorm,1897,0,4,54821
q_proj,1897,0,4,285646
k_proj,1897,0,4,80876
v_proj,1897,0,4,80010
rope,1897,0,4,98560
o_proj,1897,0,4,228132
post_layernorm,1897,0,4,54683
gate,1897,0,4,110539
expert.w1,1897,0,4,223053
expert.w3,1897,0,4,222505
act_fn,1897,0,4,19608
expert.w2,1897,0,4,233805
final_layernorm,1897,0,4,54950
lm_head,1897,0,4,1776351
embedding,1898,0,4,79301
input_layernorm,1898,0,4,54861
q_proj,1898,0,4,285511
k_proj,1898,0,4,80846
v_proj,1898,0,4,79988
rope,1898,0,4,98584
o_proj,1898,0,4,228034
post_layernorm,1898,0,4,54705
gate,1898,0,4,110621
expert.w1,1898,0,4,223217
expert.w3,1898,0,4,222345
act_fn,1898,0,4,19443
expert.w2,1898,0,4,233830
final_layernorm,1898,0,4,55099
lm_head,1898,0,4,1775747
embedding,1899,0,4,78699
input_layernorm,1899,0,4,54910
q_proj,1899,0,4,284284
k_proj,1899,0,4,80510
v_proj,1899,0,4,79657
rope,1899,0,4,98481
o_proj,1899,0,4,227069
post_layernorm,1899,0,4,54729
gate,1899,0,4,110335
expert.w1,1899,0,4,222269
expert.w3,1899,0,4,221485
act_fn,1899,0,4,19556
expert.w2,1899,0,4,232822
final_layernorm,1899,0,4,55137
lm_head,1899,0,4,1766304
embedding,1900,0,4,79054
input_layernorm,1900,0,4,54843
q_proj,1900,0,4,285868
k_proj,1900,0,4,80992
v_proj,1900,0,4,80075
rope,1900,0,4,99038
o_proj,1900,0,4,228340
post_layernorm,1900,0,4,54625
gate,1900,0,4,110574
expert.w1,1900,0,4,223458
expert.w3,1900,0,4,222639
act_fn,1900,0,4,19576
expert.w2,1900,0,4,233726
final_layernorm,1900,0,4,54991
lm_head,1900,0,4,1777356
embedding,1901,0,4,78906
input_layernorm,1901,0,4,55037
q_proj,1901,0,4,285882
k_proj,1901,0,4,80980
v_proj,1901,0,4,80065
rope,1901,0,4,98833
o_proj,1901,0,4,228280
post_layernorm,1901,0,4,54730
gate,1901,0,4,110744
expert.w1,1901,0,4,223544
expert.w3,1901,0,4,222680
act_fn,1901,0,4,19629
expert.w2,1901,0,4,233852
final_layernorm,1901,0,4,55100
lm_head,1901,0,4,1777302
embedding,1902,0,4,79334
input_layernorm,1902,0,4,55156
q_proj,1902,0,4,285759
k_proj,1902,0,4,80942
v_proj,1902,0,4,80026
rope,1902,0,4,98884
o_proj,1902,0,4,228247
post_layernorm,1902,0,4,54725
gate,1902,0,4,110803
expert.w1,1902,0,4,223384
expert.w3,1902,0,4,222561
act_fn,1902,0,4,19592
expert.w2,1902,0,4,233846
final_layernorm,1902,0,4,55175
lm_head,1902,0,4,1777013
embedding,1903,0,4,79472
input_layernorm,1903,0,4,55088
q_proj,1903,0,4,285868
k_proj,1903,0,4,80972
v_proj,1903,0,4,80064
rope,1903,0,4,98886
o_proj,1903,0,4,228339
post_layernorm,1903,0,4,54835
gate,1903,0,4,110928
expert.w1,1903,0,4,223483
expert.w3,1903,0,4,222597
act_fn,1903,0,4,19640
expert.w2,1903,0,4,233886
final_layernorm,1903,0,4,55131
lm_head,1903,0,4,1777532
embedding,1904,0,4,79400
input_layernorm,1904,0,4,54972
q_proj,1904,0,4,284924
k_proj,1904,0,4,80677
v_proj,1904,0,4,79818
rope,1904,0,4,98944
o_proj,1904,0,4,227554
post_layernorm,1904,0,4,54618
gate,1904,0,4,110269
expert.w1,1904,0,4,222810
expert.w3,1904,0,4,221872
act_fn,1904,0,4,19733
expert.w2,1904,0,4,233100
final_layernorm,1904,0,4,55224
lm_head,1904,0,4,1771037
embedding,1905,0,4,79061
input_layernorm,1905,0,4,55123
q_proj,1905,0,4,284740
k_proj,1905,0,4,80601
v_proj,1905,0,4,79769
rope,1905,0,4,98666
o_proj,1905,0,4,227344
post_layernorm,1905,0,4,54850
gate,1905,0,4,111377
expert.w1,1905,0,4,222524
expert.w3,1905,0,4,221799
act_fn,1905,0,4,19661
expert.w2,1905,0,4,233245
final_layernorm,1905,0,4,55164
lm_head,1905,0,4,1769994
embedding,1906,0,4,79600
input_layernorm,1906,0,4,55133
q_proj,1906,0,4,285038
k_proj,1906,0,4,80701
v_proj,1906,0,4,79852
rope,1906,0,4,98744
o_proj,1906,0,4,227622
post_layernorm,1906,0,4,55027
gate,1906,0,4,110834
expert.w1,1906,0,4,222640
expert.w3,1906,0,4,221967
act_fn,1906,0,4,19659
expert.w2,1906,0,4,233346
final_layernorm,1906,0,4,55119
lm_head,1906,0,4,1771198
embedding,1907,0,4,79584
input_layernorm,1907,0,4,55101
q_proj,1907,0,4,285926
k_proj,1907,0,4,80951
v_proj,1907,0,4,80046
rope,1907,0,4,98915
o_proj,1907,0,4,228281
post_layernorm,1907,0,4,55110
gate,1907,0,4,111374
expert.w1,1907,0,4,223495
expert.w3,1907,0,4,222612
act_fn,1907,0,4,19714
expert.w2,1907,0,4,234063
final_layernorm,1907,0,4,55223
lm_head,1907,0,4,1777757
embedding,1908,0,4,79408
input_layernorm,1908,0,4,55202
q_proj,1908,0,4,285852
k_proj,1908,0,4,80960
v_proj,1908,0,4,80044
rope,1908,0,4,99292
o_proj,1908,0,4,228305
post_layernorm,1908,0,4,54907
gate,1908,0,4,111576
expert.w1,1908,0,4,223416
expert.w3,1908,0,4,222615
act_fn,1908,0,4,19767
expert.w2,1908,0,4,233943
final_layernorm,1908,0,4,55257
lm_head,1908,0,4,1777652
embedding,1909,0,4,79631
input_layernorm,1909,0,4,55380
q_proj,1909,0,4,285682
k_proj,1909,0,4,80911
v_proj,1909,0,4,80006
rope,1909,0,4,99060
o_proj,1909,0,4,228184
post_layernorm,1909,0,4,55124
gate,1909,0,4,111868
expert.w1,1909,0,4,223312
expert.w3,1909,0,4,222496
act_fn,1909,0,4,19717
expert.w2,1909,0,4,233829
final_layernorm,1909,0,4,55312
lm_head,1909,0,4,1776347
embedding,1910,0,4,79578
input_layernorm,1910,0,4,55120
q_proj,1910,0,4,284065
k_proj,1910,0,4,80420
v_proj,1910,0,4,79587
rope,1910,0,4,98682
o_proj,1910,0,4,226815
post_layernorm,1910,0,4,54970
gate,1910,0,4,110859
expert.w1,1910,0,4,221965
expert.w3,1910,0,4,221232
act_fn,1910,0,4,19789
expert.w2,1910,0,4,232412
final_layernorm,1910,0,4,55280
lm_head,1910,0,4,1765192
embedding,1911,0,4,79618
input_layernorm,1911,0,4,55374
q_proj,1911,0,4,285199
k_proj,1911,0,4,80855
v_proj,1911,0,4,79806
rope,1911,0,4,98890
o_proj,1911,0,4,227744
post_layernorm,1911,0,4,55083
gate,1911,0,4,111481
expert.w1,1911,0,4,222991
expert.w3,1911,0,4,222024
act_fn,1911,0,4,19782
expert.w2,1911,0,4,233367
final_layernorm,1911,0,4,55276
lm_head,1911,0,4,1774250
embedding,1912,0,4,79555
input_layernorm,1912,0,4,55417
q_proj,1912,0,4,286132
k_proj,1912,0,4,81044
v_proj,1912,0,4,80106
rope,1912,0,4,99302
o_proj,1912,0,4,228514
post_layernorm,1912,0,4,54999
gate,1912,0,4,111861
expert.w1,1912,0,4,223718
expert.w3,1912,0,4,222760
act_fn,1912,0,4,19869
expert.w2,1912,0,4,233919
final_layernorm,1912,0,4,55390
lm_head,1912,0,4,1778826
embedding,1913,0,4,79664
input_layernorm,1913,0,4,55482
q_proj,1913,0,4,286141
k_proj,1913,0,4,81034
v_proj,1913,0,4,80094
rope,1913,0,4,99149
o_proj,1913,0,4,228480
post_layernorm,1913,0,4,55021
gate,1913,0,4,112516
expert.w1,1913,0,4,223674
expert.w3,1913,0,4,222777
act_fn,1913,0,4,19765
expert.w2,1913,0,4,234137
final_layernorm,1913,0,4,55407
lm_head,1913,0,4,1778716
embedding,1914,0,4,79888
input_layernorm,1914,0,4,55366
q_proj,1914,0,4,285677
k_proj,1914,0,4,80923
v_proj,1914,0,4,80000
rope,1914,0,4,99084
o_proj,1914,0,4,228213
post_layernorm,1914,0,4,55025
gate,1914,0,4,111831
expert.w1,1914,0,4,223322
expert.w3,1914,0,4,222491
act_fn,1914,0,4,19852
expert.w2,1914,0,4,233848
final_layernorm,1914,0,4,55524
lm_head,1914,0,4,1776225
embedding,1915,0,4,79639
input_layernorm,1915,0,4,55628
q_proj,1915,0,4,284424
k_proj,1915,0,4,80532
v_proj,1915,0,4,79659
rope,1915,0,4,98897
o_proj,1915,0,4,227176
post_layernorm,1915,0,4,55206
gate,1915,0,4,111642
expert.w1,1915,0,4,222405
expert.w3,1915,0,4,221566
act_fn,1915,0,4,19710
expert.w2,1915,0,4,232811
final_layernorm,1915,0,4,55439
lm_head,1915,0,4,1768539
embedding,1916,0,4,79915
input_layernorm,1916,0,4,55459
q_proj,1916,0,4,284923
k_proj,1916,0,4,80693
v_proj,1916,0,4,79790
rope,1916,0,4,99205
o_proj,1916,0,4,227584
post_layernorm,1916,0,4,55101
gate,1916,0,4,111850
expert.w1,1916,0,4,222590
expert.w3,1916,0,4,221861
act_fn,1916,0,4,19877
expert.w2,1916,0,4,233358
final_layernorm,1916,0,4,55589
lm_head,1916,0,4,1771409
embedding,1917,0,4,79971
input_layernorm,1917,0,4,55500
q_proj,1917,0,4,285916
k_proj,1917,0,4,80978
v_proj,1917,0,4,80055
rope,1917,0,4,99194
o_proj,1917,0,4,228365
post_layernorm,1917,0,4,55335
gate,1917,0,4,112581
expert.w1,1917,0,4,223582
expert.w3,1917,0,4,222625
act_fn,1917,0,4,19784
expert.w2,1917,0,4,234072
final_layernorm,1917,0,4,55728
lm_head,1917,0,4,1777519
embedding,1918,0,4,79848
input_layernorm,1918,0,4,55650
q_proj,1918,0,4,285965
k_proj,1918,0,4,80998
v_proj,1918,0,4,80085
rope,1918,0,4,99270
o_proj,1918,0,4,228452
post_layernorm,1918,0,4,55264
gate,1918,0,4,112059
expert.w1,1918,0,4,223580
expert.w3,1918,0,4,222658
act_fn,1918,0,4,19829
expert.w2,1918,0,4,234158
final_layernorm,1918,0,4,55684
lm_head,1918,0,4,1777733
embedding,1919,0,4,79764
input_layernorm,1919,0,4,55586
q_proj,1919,0,4,286249
k_proj,1919,0,4,81088
v_proj,1919,0,4,80175
rope,1919,0,4,99392
o_proj,1919,0,4,228648
post_layernorm,1919,0,4,55196
gate,1919,0,4,112242
expert.w1,1919,0,4,223703
expert.w3,1919,0,4,222848
act_fn,1919,0,4,19790
expert.w2,1919,0,4,234405
final_layernorm,1919,0,4,55653
lm_head,1919,0,4,1779441
embedding,1920,0,4,79832
input_layernorm,1920,0,4,55572
q_proj,1920,0,4,285912
k_proj,1920,0,4,80971
v_proj,1920,0,4,80049
rope,1920,0,4,99564
o_proj,1920,0,4,228315
post_layernorm,1920,0,4,55281
gate,1920,0,4,108967
expert.w1,1920,0,4,223437
expert.w3,1920,0,4,222582
act_fn,1920,0,4,19749
expert.w2,1920,0,4,233982
final_layernorm,1920,0,4,55632
lm_head,1920,0,4,1777769
embedding,1921,0,4,80573
input_layernorm,1921,0,4,55659
q_proj,1921,0,4,256080
k_proj,1921,0,4,81508
v_proj,1921,0,4,80523
rope,1921,0,4,100083
o_proj,1921,0,4,256825
post_layernorm,1921,0,4,55409
gate,1921,0,4,109574
expert.w1,1921,0,4,294645
expert.w3,1921,0,4,293749
act_fn,1921,0,4,19990
expert.w2,1921,0,4,274374
final_layernorm,1921,0,4,55656
lm_head,1921,0,4,1886425
embedding,1922,0,4,80330
input_layernorm,1922,0,4,55667
q_proj,1922,0,4,255084
k_proj,1922,0,4,81148
v_proj,1922,0,4,80153
rope,1922,0,4,99861
o_proj,1922,0,4,255543
post_layernorm,1922,0,4,55336
gate,1922,0,4,109120
expert.w1,1922,0,4,293131
expert.w3,1922,0,4,292265
act_fn,1922,0,4,19960
expert.w2,1922,0,4,272982
final_layernorm,1922,0,4,55626
lm_head,1922,0,4,1877178
embedding,1923,0,4,80845
input_layernorm,1923,0,4,55600
q_proj,1923,0,4,255983
k_proj,1923,0,4,81513
v_proj,1923,0,4,80523
rope,1923,0,4,100186
o_proj,1923,0,4,256829
post_layernorm,1923,0,4,55407
gate,1923,0,4,109575
expert.w1,1923,0,4,294546
expert.w3,1923,0,4,293776
act_fn,1923,0,4,19986
expert.w2,1923,0,4,274468
final_layernorm,1923,0,4,55715
lm_head,1923,0,4,1886344
embedding,1924,0,4,80841
input_layernorm,1924,0,4,55690
q_proj,1924,0,4,255708
k_proj,1924,0,4,81388
v_proj,1924,0,4,80432
rope,1924,0,4,100458
o_proj,1924,0,4,256491
post_layernorm,1924,0,4,55460
gate,1924,0,4,109578
expert.w1,1924,0,4,294146
expert.w3,1924,0,4,293274
act_fn,1924,0,4,19939
expert.w2,1924,0,4,274114
final_layernorm,1924,0,4,55734
lm_head,1924,0,4,1884000
embedding,1925,0,4,81181
input_layernorm,1925,0,4,55865
q_proj,1925,0,4,256244
k_proj,1925,0,4,81630
v_proj,1925,0,4,80633
rope,1925,0,4,100432
o_proj,1925,0,4,257197
post_layernorm,1925,0,4,55428
gate,1925,0,4,109912
expert.w1,1925,0,4,295065
expert.w3,1925,0,4,294226
act_fn,1925,0,4,19998
expert.w2,1925,0,4,274665
final_layernorm,1925,0,4,55730
lm_head,1925,0,4,1888972
embedding,1926,0,4,80752
input_layernorm,1926,0,4,55731
q_proj,1926,0,4,255048
k_proj,1926,0,4,81102
v_proj,1926,0,4,80128
rope,1926,0,4,100225
o_proj,1926,0,4,255505
post_layernorm,1926,0,4,55394
gate,1926,0,4,109067
expert.w1,1926,0,4,292917
expert.w3,1926,0,4,292373
act_fn,1926,0,4,19975
expert.w2,1926,0,4,272918
final_layernorm,1926,0,4,55921
lm_head,1926,0,4,1877898
embedding,1927,0,4,80917
input_layernorm,1927,0,4,55846
q_proj,1927,0,4,254588
k_proj,1927,0,4,80953
v_proj,1927,0,4,80021
rope,1927,0,4,100177
o_proj,1927,0,4,255147
post_layernorm,1927,0,4,55548
gate,1927,0,4,109259
expert.w1,1927,0,4,292674
expert.w3,1927,0,4,291942
act_fn,1927,0,4,20041
expert.w2,1927,0,4,272602
final_layernorm,1927,0,4,55840
lm_head,1927,0,4,1875086
embedding,1928,0,4,81096
input_layernorm,1928,0,4,56003
q_proj,1928,0,4,256057
k_proj,1928,0,4,81454
v_proj,1928,0,4,80486
rope,1928,0,4,100554
o_proj,1928,0,4,256690
post_layernorm,1928,0,4,55494
gate,1928,0,4,109644
expert.w1,1928,0,4,294359
expert.w3,1928,0,4,293695
act_fn,1928,0,4,20042
expert.w2,1928,0,4,274067
final_layernorm,1928,0,4,55818
lm_head,1928,0,4,1885056
embedding,1929,0,4,81383
input_layernorm,1929,0,4,55998
q_proj,1929,0,4,256567
k_proj,1929,0,4,81620
v_proj,1929,0,4,80634
rope,1929,0,4,100539
o_proj,1929,0,4,257193
post_layernorm,1929,0,4,55589
gate,1929,0,4,110155
expert.w1,1929,0,4,295037
expert.w3,1929,0,4,294265
act_fn,1929,0,4,19772
expert.w2,1929,0,4,274721
final_layernorm,1929,0,4,55985
lm_head,1929,0,4,1888620
embedding,1930,0,4,81107
input_layernorm,1930,0,4,55856
q_proj,1930,0,4,254972
k_proj,1930,0,4,81143
v_proj,1930,0,4,80164
rope,1930,0,4,100263
o_proj,1930,0,4,255653
post_layernorm,1930,0,4,55677
gate,1930,0,4,109545
expert.w1,1930,0,4,293173
expert.w3,1930,0,4,292437
act_fn,1930,0,4,19887
expert.w2,1930,0,4,273061
final_layernorm,1930,0,4,55871
lm_head,1930,0,4,1877992
embedding,1931,0,4,81337
input_layernorm,1931,0,4,55971
q_proj,1931,0,4,255345
k_proj,1931,0,4,81289
v_proj,1931,0,4,80315
rope,1931,0,4,100403
o_proj,1931,0,4,256205
post_layernorm,1931,0,4,55833
gate,1931,0,4,109882
expert.w1,1931,0,4,293423
expert.w3,1931,0,4,292966
act_fn,1931,0,4,19986
expert.w2,1931,0,4,273521
final_layernorm,1931,0,4,55998
lm_head,1931,0,4,1881217
embedding,1932,0,4,81411
input_layernorm,1932,0,4,56053
q_proj,1932,0,4,256366
k_proj,1932,0,4,81626
v_proj,1932,0,4,80635
rope,1932,0,4,100799
o_proj,1932,0,4,257247
post_layernorm,1932,0,4,55696
gate,1932,0,4,110124
expert.w1,1932,0,4,295061
expert.w3,1932,0,4,294244
act_fn,1932,0,4,19869
expert.w2,1932,0,4,274795
final_layernorm,1932,0,4,56070
lm_head,1932,0,4,1888874
embedding,1933,0,4,81473
input_layernorm,1933,0,4,56060
q_proj,1933,0,4,256467
k_proj,1933,0,4,81630
v_proj,1933,0,4,80642
rope,1933,0,4,100575
o_proj,1933,0,4,257228
post_layernorm,1933,0,4,55720
gate,1933,0,4,110423
expert.w1,1933,0,4,295236
expert.w3,1933,0,4,294295
act_fn,1933,0,4,20002
expert.w2,1933,0,4,274748
final_layernorm,1933,0,4,56069
lm_head,1933,0,4,1889084
embedding,1934,0,4,81236
input_layernorm,1934,0,4,56066
q_proj,1934,0,4,256287
k_proj,1934,0,4,81517
v_proj,1934,0,4,80532
rope,1934,0,4,100495
o_proj,1934,0,4,256894
post_layernorm,1934,0,4,55765
gate,1934,0,4,110027
expert.w1,1934,0,4,294535
expert.w3,1934,0,4,293728
act_fn,1934,0,4,20043
expert.w2,1934,0,4,274274
final_layernorm,1934,0,4,56162
lm_head,1934,0,4,1886283
embedding,1935,0,4,81523
input_layernorm,1935,0,4,56143
q_proj,1935,0,4,256171
k_proj,1935,0,4,81566
v_proj,1935,0,4,80570
rope,1935,0,4,100679
o_proj,1935,0,4,257009
post_layernorm,1935,0,4,55884
gate,1935,0,4,110099
expert.w1,1935,0,4,294880
expert.w3,1935,0,4,294021
act_fn,1935,0,4,20113
expert.w2,1935,0,4,274401
final_layernorm,1935,0,4,56124
lm_head,1935,0,4,1887980
embedding,1936,0,4,81259
input_layernorm,1936,0,4,56166
q_proj,1936,0,4,256242
k_proj,1936,0,4,81562
v_proj,1936,0,4,80572
rope,1936,0,4,100874
o_proj,1936,0,4,256967
post_layernorm,1936,0,4,55862
gate,1936,0,4,110212
expert.w1,1936,0,4,294767
expert.w3,1936,0,4,294071
act_fn,1936,0,4,20169
expert.w2,1936,0,4,274544
final_layernorm,1936,0,4,56164
lm_head,1936,0,4,1887772
embedding,1937,0,4,81550
input_layernorm,1937,0,4,56233
q_proj,1937,0,4,256528
k_proj,1937,0,4,81606
v_proj,1937,0,4,80647
rope,1937,0,4,100805
o_proj,1937,0,4,257247
post_layernorm,1937,0,4,55826
gate,1937,0,4,110559
expert.w1,1937,0,4,295143
expert.w3,1937,0,4,294334
act_fn,1937,0,4,20133
expert.w2,1937,0,4,274750
final_layernorm,1937,0,4,56262
lm_head,1937,0,4,1889028
embedding,1938,0,4,80707
input_layernorm,1938,0,4,56219
q_proj,1938,0,4,254215
k_proj,1938,0,4,80753
v_proj,1938,0,4,79754
rope,1938,0,4,100245
o_proj,1938,0,4,254390
post_layernorm,1938,0,4,55780
gate,1938,0,4,109700
expert.w1,1938,0,4,291797
expert.w3,1938,0,4,291082
act_fn,1938,0,4,19956
expert.w2,1938,0,4,271738
final_layernorm,1938,0,4,56333
lm_head,1938,0,4,1869042
embedding,1939,0,4,81298
input_layernorm,1939,0,4,56313
q_proj,1939,0,4,254965
k_proj,1939,0,4,80983
v_proj,1939,0,4,80036
rope,1939,0,4,100469
o_proj,1939,0,4,255275
post_layernorm,1939,0,4,55814
gate,1939,0,4,110243
expert.w1,1939,0,4,292881
expert.w3,1939,0,4,292037
act_fn,1939,0,4,19971
expert.w2,1939,0,4,272770
final_layernorm,1939,0,4,56299
lm_head,1939,0,4,1875072
embedding,1940,0,4,81396
input_layernorm,1940,0,4,56403
q_proj,1940,0,4,256358
k_proj,1940,0,4,81600
v_proj,1940,0,4,80618
rope,1940,0,4,101007
o_proj,1940,0,4,257202
post_layernorm,1940,0,4,55979
gate,1940,0,4,110264
expert.w1,1940,0,4,294881
expert.w3,1940,0,4,294108
act_fn,1940,0,4,20197
expert.w2,1940,0,4,274752
final_layernorm,1940,0,4,56367
lm_head,1940,0,4,1888432
embedding,1941,0,4,80972
input_layernorm,1941,0,4,56237
q_proj,1941,0,4,254679
k_proj,1941,0,4,80947
v_proj,1941,0,4,79868
rope,1941,0,4,100410
o_proj,1941,0,4,255146
post_layernorm,1941,0,4,56018
gate,1941,0,4,109963
expert.w1,1941,0,4,292553
expert.w3,1941,0,4,291677
act_fn,1941,0,4,20300
expert.w2,1941,0,4,272341
final_layernorm,1941,0,4,56234
lm_head,1941,0,4,1870457
embedding,1942,0,4,81322
input_layernorm,1942,0,4,56468
q_proj,1942,0,4,255447
k_proj,1942,0,4,81254
v_proj,1942,0,4,80290
rope,1942,0,4,100728
o_proj,1942,0,4,256080
post_layernorm,1942,0,4,55901
gate,1942,0,4,110406
expert.w1,1942,0,4,293617
expert.w3,1942,0,4,292892
act_fn,1942,0,4,20261
expert.w2,1942,0,4,273651
final_layernorm,1942,0,4,56323
lm_head,1942,0,4,1880986
embedding,1943,0,4,81853
input_layernorm,1943,0,4,56382
q_proj,1943,0,4,255748
k_proj,1943,0,4,81339
v_proj,1943,0,4,80412
rope,1943,0,4,100864
o_proj,1943,0,4,256406
post_layernorm,1943,0,4,56143
gate,1943,0,4,110673
expert.w1,1943,0,4,293997
expert.w3,1943,0,4,293285
act_fn,1943,0,4,20131
expert.w2,1943,0,4,273933
final_layernorm,1943,0,4,56245
lm_head,1943,0,4,1882779
embedding,1944,0,4,81885
input_layernorm,1944,0,4,56453
q_proj,1944,0,4,256902
k_proj,1944,0,4,81782
v_proj,1944,0,4,80799
rope,1944,0,4,101425
o_proj,1944,0,4,257736
post_layernorm,1944,0,4,56006
gate,1944,0,4,110764
expert.w1,1944,0,4,295653
expert.w3,1944,0,4,294912
act_fn,1944,0,4,20217
expert.w2,1944,0,4,275333
final_layernorm,1944,0,4,56348
lm_head,1944,0,4,1892705
embedding,1945,0,4,81864
input_layernorm,1945,0,4,56442
q_proj,1945,0,4,256485
k_proj,1945,0,4,81606
v_proj,1945,0,4,80647
rope,1945,0,4,101138
o_proj,1945,0,4,257249
post_layernorm,1945,0,4,56105
gate,1945,0,4,111081
expert.w1,1945,0,4,295138
expert.w3,1945,0,4,294295
act_fn,1945,0,4,20268
expert.w2,1945,0,4,274891
final_layernorm,1945,0,4,56509
lm_head,1945,0,4,1889124
embedding,1946,0,4,81961
input_layernorm,1946,0,4,56468
q_proj,1946,0,4,256381
k_proj,1946,0,4,81619
v_proj,1946,0,4,80623
rope,1946,0,4,101048
o_proj,1946,0,4,257264
post_layernorm,1946,0,4,56073
gate,1946,0,4,111187
expert.w1,1946,0,4,294963
expert.w3,1946,0,4,294247
act_fn,1946,0,4,20208
expert.w2,1946,0,4,274718
final_layernorm,1946,0,4,56470
lm_head,1946,0,4,1888846
embedding,1947,0,4,82341
input_layernorm,1947,0,4,56350
q_proj,1947,0,4,256499
k_proj,1947,0,4,81635
v_proj,1947,0,4,80632
rope,1947,0,4,101136
o_proj,1947,0,4,257271
post_layernorm,1947,0,4,56082
gate,1947,0,4,111388
expert.w1,1947,0,4,250466
expert.w3,1947,0,4,249772
act_fn,1947,0,4,20854
expert.w2,1947,0,4,274887
final_layernorm,1947,0,4,56465
lm_head,1947,0,4,1889040
embedding,1948,0,4,81914
input_layernorm,1948,0,4,56554
q_proj,1948,0,4,256408
k_proj,1948,0,4,81605
v_proj,1948,0,4,80640
rope,1948,0,4,101405
o_proj,1948,0,4,257300
post_layernorm,1948,0,4,56234
gate,1948,0,4,111115
expert.w1,1948,0,4,250324
expert.w3,1948,0,4,249654
act_fn,1948,0,4,20879
expert.w2,1948,0,4,275019
final_layernorm,1948,0,4,56643
lm_head,1948,0,4,1889026
embedding,1949,0,4,82061
input_layernorm,1949,0,4,56583
q_proj,1949,0,4,256509
k_proj,1949,0,4,81627
v_proj,1949,0,4,80635
rope,1949,0,4,101257
o_proj,1949,0,4,257262
post_layernorm,1949,0,4,56370
gate,1949,0,4,111374
expert.w1,1949,0,4,250047
expert.w3,1949,0,4,249797
act_fn,1949,0,4,20760
expert.w2,1949,0,4,274838
final_layernorm,1949,0,4,56422
lm_head,1949,0,4,1888997
embedding,1950,0,4,82256
input_layernorm,1950,0,4,56534
q_proj,1950,0,4,256393
k_proj,1950,0,4,81609
v_proj,1950,0,4,80629
rope,1950,0,4,101183
o_proj,1950,0,4,257275
post_layernorm,1950,0,4,56212
gate,1950,0,4,111450
expert.w1,1950,0,4,250338
expert.w3,1950,0,4,249654
act_fn,1950,0,4,20971
expert.w2,1950,0,4,274756
final_layernorm,1950,0,4,56598
lm_head,1950,0,4,1889020
embedding,1951,0,4,81893
input_layernorm,1951,0,4,56543
q_proj,1951,0,4,256051
k_proj,1951,0,4,81425
v_proj,1951,0,4,80454
rope,1951,0,4,101108
o_proj,1951,0,4,256713
post_layernorm,1951,0,4,56334
gate,1951,0,4,111357
expert.w1,1951,0,4,249777
expert.w3,1951,0,4,248972
act_fn,1951,0,4,21057
expert.w2,1951,0,4,274260
final_layernorm,1951,0,4,56509
lm_head,1951,0,4,1884781
embedding,1952,0,4,82390
input_layernorm,1952,0,4,56801
q_proj,1952,0,4,257778
k_proj,1952,0,4,82040
v_proj,1952,0,4,81059
rope,1952,0,4,101687
o_proj,1952,0,4,258617
post_layernorm,1952,0,4,56526
gate,1952,0,4,111336
expert.w1,1952,0,4,251618
expert.w3,1952,0,4,251033
act_fn,1952,0,4,21019
expert.w2,1952,0,4,276302
final_layernorm,1952,0,4,56875
lm_head,1952,0,4,1898841
embedding,1953,0,4,82758
input_layernorm,1953,0,4,56898
q_proj,1953,0,4,258245
k_proj,1953,0,4,82160
v_proj,1953,0,4,81190
rope,1953,0,4,101667
o_proj,1953,0,4,259065
post_layernorm,1953,0,4,56470
gate,1953,0,4,112405
expert.w1,1953,0,4,251847
expert.w3,1953,0,4,251493
act_fn,1953,0,4,20907
expert.w2,1953,0,4,276735
final_layernorm,1953,0,4,56755
lm_head,1953,0,4,1901903
embedding,1954,0,4,82644
input_layernorm,1954,0,4,56927
q_proj,1954,0,4,258618
k_proj,1954,0,4,82295
v_proj,1954,0,4,81300
rope,1954,0,4,101766
o_proj,1954,0,4,259428
post_layernorm,1954,0,4,56389
gate,1954,0,4,112182
expert.w1,1954,0,4,252333
expert.w3,1954,0,4,251810
act_fn,1954,0,4,21022
expert.w2,1954,0,4,277275
final_layernorm,1954,0,4,56706
lm_head,1954,0,4,1904914
embedding,1955,0,4,83082
input_layernorm,1955,0,4,56943
q_proj,1955,0,4,258519
k_proj,1955,0,4,82279
v_proj,1955,0,4,81305
rope,1955,0,4,101928
o_proj,1955,0,4,259408
post_layernorm,1955,0,4,56580
gate,1955,0,4,112229
expert.w1,1955,0,4,252450
expert.w3,1955,0,4,251880
act_fn,1955,0,4,20976
expert.w2,1955,0,4,277225
final_layernorm,1955,0,4,56898
lm_head,1955,0,4,1904703
embedding,1956,0,4,82208
input_layernorm,1956,0,4,56825
q_proj,1956,0,4,255957
k_proj,1956,0,4,81448
v_proj,1956,0,4,80441
rope,1956,0,4,101585
o_proj,1956,0,4,256682
post_layernorm,1956,0,4,56363
gate,1956,0,4,111783
expert.w1,1956,0,4,249912
expert.w3,1956,0,4,249081
act_fn,1956,0,4,20987
expert.w2,1956,0,4,274271
final_layernorm,1956,0,4,56696
lm_head,1956,0,4,1885470
embedding,1957,0,4,82065
input_layernorm,1957,0,4,56675
q_proj,1957,0,4,256014
k_proj,1957,0,4,81458
v_proj,1957,0,4,80462
rope,1957,0,4,101430
o_proj,1957,0,4,256734
post_layernorm,1957,0,4,56513
gate,1957,0,4,111878
expert.w1,1957,0,4,249791
expert.w3,1957,0,4,249279
act_fn,1957,0,4,20972
expert.w2,1957,0,4,274368
final_layernorm,1957,0,4,56743
lm_head,1957,0,4,1885669
embedding,1958,0,4,82692
input_layernorm,1958,0,4,56934
q_proj,1958,0,4,258240
k_proj,1958,0,4,82159
v_proj,1958,0,4,81160
rope,1958,0,4,101830
o_proj,1958,0,4,258986
post_layernorm,1958,0,4,56542
gate,1958,0,4,112139
expert.w1,1958,0,4,251912
expert.w3,1958,0,4,251315
act_fn,1958,0,4,20932
expert.w2,1958,0,4,276742
final_layernorm,1958,0,4,56801
lm_head,1958,0,4,1900760
embedding,1959,0,4,82434
input_layernorm,1959,0,4,56982
q_proj,1959,0,4,256861
k_proj,1959,0,4,81687
v_proj,1959,0,4,80703
rope,1959,0,4,101688
o_proj,1959,0,4,257480
post_layernorm,1959,0,4,56604
gate,1959,0,4,112045
expert.w1,1959,0,4,250718
expert.w3,1959,0,4,249893
act_fn,1959,0,4,20973
expert.w2,1959,0,4,275148
final_layernorm,1959,0,4,57001
lm_head,1959,0,4,1890192
embedding,1960,0,4,82834
input_layernorm,1960,0,4,57106
q_proj,1960,0,4,258549
k_proj,1960,0,4,82304
v_proj,1960,0,4,81301
rope,1960,0,4,102283
o_proj,1960,0,4,259459
post_layernorm,1960,0,4,56682
gate,1960,0,4,112574
expert.w1,1960,0,4,252370
expert.w3,1960,0,4,251783
act_fn,1960,0,4,20946
expert.w2,1960,0,4,277134
final_layernorm,1960,0,4,56984
lm_head,1960,0,4,1904887
embedding,1961,0,4,82636
input_layernorm,1961,0,4,56931
q_proj,1961,0,4,256512
k_proj,1961,0,4,81611
v_proj,1961,0,4,80632
rope,1961,0,4,101680
o_proj,1961,0,4,257299
post_layernorm,1961,0,4,56551
gate,1961,0,4,112655
expert.w1,1961,0,4,250348
expert.w3,1961,0,4,249819
act_fn,1961,0,4,20903
expert.w2,1961,0,4,275006
final_layernorm,1961,0,4,56807
lm_head,1961,0,4,1889269
embedding,1962,0,4,82426
input_layernorm,1962,0,4,57076
q_proj,1962,0,4,256463
k_proj,1962,0,4,81614
v_proj,1962,0,4,80632
rope,1962,0,4,101812
o_proj,1962,0,4,257332
post_layernorm,1962,0,4,56740
gate,1962,0,4,112357
expert.w1,1962,0,4,250309
expert.w3,1962,0,4,249829
act_fn,1962,0,4,20946
expert.w2,1962,0,4,274820
final_layernorm,1962,0,4,56940
lm_head,1962,0,4,1889085
embedding,1963,0,4,83048
input_layernorm,1963,0,4,56939
q_proj,1963,0,4,258229
k_proj,1963,0,4,82202
v_proj,1963,0,4,81191
rope,1963,0,4,102231
o_proj,1963,0,4,259096
post_layernorm,1963,0,4,56807
gate,1963,0,4,112855
expert.w1,1963,0,4,252009
expert.w3,1963,0,4,251571
act_fn,1963,0,4,20969
expert.w2,1963,0,4,276852
final_layernorm,1963,0,4,57056
lm_head,1963,0,4,1902347
embedding,1964,0,4,83122
input_layernorm,1964,0,4,57216
q_proj,1964,0,4,258657
k_proj,1964,0,4,82298
v_proj,1964,0,4,81308
rope,1964,0,4,102646
o_proj,1964,0,4,259462
post_layernorm,1964,0,4,56703
gate,1964,0,4,112998
expert.w1,1964,0,4,252425
expert.w3,1964,0,4,251814
act_fn,1964,0,4,21010
expert.w2,1964,0,4,277120
final_layernorm,1964,0,4,57176
lm_head,1964,0,4,1904935
embedding,1965,0,4,82680
input_layernorm,1965,0,4,57044
q_proj,1965,0,4,256385
k_proj,1965,0,4,81588
v_proj,1965,0,4,80592
rope,1965,0,4,102004
o_proj,1965,0,4,257203
post_layernorm,1965,0,4,56816
gate,1965,0,4,112644
expert.w1,1965,0,4,250354
expert.w3,1965,0,4,249506
act_fn,1965,0,4,20940
expert.w2,1965,0,4,274716
final_layernorm,1965,0,4,57100
lm_head,1965,0,4,1888491
embedding,1966,0,4,82511
input_layernorm,1966,0,4,57089
q_proj,1966,0,4,256418
k_proj,1966,0,4,81531
v_proj,1966,0,4,80527
rope,1966,0,4,101927
o_proj,1966,0,4,256948
post_layernorm,1966,0,4,56886
gate,1966,0,4,112343
expert.w1,1966,0,4,250068
expert.w3,1966,0,4,249382
act_fn,1966,0,4,21058
expert.w2,1966,0,4,274578
final_layernorm,1966,0,4,57155
lm_head,1966,0,4,1886896
embedding,1967,0,4,82769
input_layernorm,1967,0,4,57198
q_proj,1967,0,4,255934
k_proj,1967,0,4,81388
v_proj,1967,0,4,80394
rope,1967,0,4,101930
o_proj,1967,0,4,256606
post_layernorm,1967,0,4,56901
gate,1967,0,4,112266
expert.w1,1967,0,4,249526
expert.w3,1967,0,4,248972
act_fn,1967,0,4,20850
expert.w2,1967,0,4,274259
final_layernorm,1967,0,4,57089
lm_head,1967,0,4,1883957
embedding,1968,0,4,82728
input_layernorm,1968,0,4,57202
q_proj,1968,0,4,256356
k_proj,1968,0,4,81612
v_proj,1968,0,4,80647
rope,1968,0,4,102437
o_proj,1968,0,4,257324
post_layernorm,1968,0,4,57015
gate,1968,0,4,112642
expert.w1,1968,0,4,250504
expert.w3,1968,0,4,249867
act_fn,1968,0,4,20927
expert.w2,1968,0,4,274900
final_layernorm,1968,0,4,57327
lm_head,1968,0,4,1889469
embedding,1969,0,4,83867
input_layernorm,1969,0,4,57281
q_proj,1969,0,4,258721
k_proj,1969,0,4,82301
v_proj,1969,0,4,81302
rope,1969,0,4,103037
o_proj,1969,0,4,259400
post_layernorm,1969,0,4,57019
gate,1969,0,4,113605
expert.w1,1969,0,4,252481
expert.w3,1969,0,4,251895
act_fn,1969,0,4,20974
expert.w2,1969,0,4,277274
final_layernorm,1969,0,4,57289
lm_head,1969,0,4,1905110
embedding,1970,0,4,83516
input_layernorm,1970,0,4,57282
q_proj,1970,0,4,258737
k_proj,1970,0,4,82301
v_proj,1970,0,4,81317
rope,1970,0,4,103378
o_proj,1970,0,4,259475
post_layernorm,1970,0,4,57109
gate,1970,0,4,113613
expert.w1,1970,0,4,252421
expert.w3,1970,0,4,251919
act_fn,1970,0,4,20991
expert.w2,1970,0,4,277522
final_layernorm,1970,0,4,57313
lm_head,1970,0,4,1905184
embedding,1971,0,4,83272
input_layernorm,1971,0,4,57398
q_proj,1971,0,4,256452
k_proj,1971,0,4,81629
v_proj,1971,0,4,80622
rope,1971,0,4,103147
o_proj,1971,0,4,257331
post_layernorm,1971,0,4,57248
gate,1971,0,4,113392
expert.w1,1971,0,4,250207
expert.w3,1971,0,4,249843
act_fn,1971,0,4,21175
expert.w2,1971,0,4,275129
final_layernorm,1971,0,4,57268
lm_head,1971,0,4,1889369
embedding,1972,0,4,82788
input_layernorm,1972,0,4,57587
q_proj,1972,0,4,256527
k_proj,1972,0,4,81631
v_proj,1972,0,4,80640
rope,1972,0,4,103710
o_proj,1972,0,4,257327
post_layernorm,1972,0,4,57352
gate,1972,0,4,112966
expert.w1,1972,0,4,250370
expert.w3,1972,0,4,249929
act_fn,1972,0,4,21152
expert.w2,1972,0,4,275102
final_layernorm,1972,0,4,57424
lm_head,1972,0,4,1889395
embedding,1973,0,4,83625
input_layernorm,1973,0,4,57587
q_proj,1973,0,4,258444
k_proj,1973,0,4,82316
v_proj,1973,0,4,81289
rope,1973,0,4,103946
o_proj,1973,0,4,259476
post_layernorm,1973,0,4,57348
gate,1973,0,4,113776
expert.w1,1973,0,4,252099
expert.w3,1973,0,4,251992
act_fn,1973,0,4,21116
expert.w2,1973,0,4,277196
final_layernorm,1973,0,4,57505
lm_head,1973,0,4,1904822
embedding,1974,0,4,82951
input_layernorm,1974,0,4,57662
q_proj,1974,0,4,256556
k_proj,1974,0,4,81605
v_proj,1974,0,4,80643
rope,1974,0,4,103491
o_proj,1974,0,4,257327
post_layernorm,1974,0,4,57579
gate,1974,0,4,113255
expert.w1,1974,0,4,250509
expert.w3,1974,0,4,249867
act_fn,1974,0,4,21000
expert.w2,1974,0,4,275101
final_layernorm,1974,0,4,57517
lm_head,1974,0,4,1889318
embedding,1975,0,4,83460
input_layernorm,1975,0,4,58275
q_proj,1975,0,4,258647
k_proj,1975,0,4,82283
v_proj,1975,0,4,81312
rope,1975,0,4,103985
o_proj,1975,0,4,259492
post_layernorm,1975,0,4,57515
gate,1975,0,4,114071
expert.w1,1975,0,4,252436
expert.w3,1975,0,4,252025
act_fn,1975,0,4,21031
expert.w2,1975,0,4,277493
final_layernorm,1975,0,4,57565
lm_head,1975,0,4,1904956
embedding,1976,0,4,82860
input_layernorm,1976,0,4,58098
q_proj,1976,0,4,256710
k_proj,1976,0,4,81624
v_proj,1976,0,4,80640
rope,1976,0,4,103975
o_proj,1976,0,4,257377
post_layernorm,1976,0,4,57590
gate,1976,0,4,113254
expert.w1,1976,0,4,250407
expert.w3,1976,0,4,249949
act_fn,1976,0,4,21183
expert.w2,1976,0,4,275071
final_layernorm,1976,0,4,57721
lm_head,1976,0,4,1889531
embedding,1977,0,4,83184
input_layernorm,1977,0,4,58212
q_proj,1977,0,4,256535
k_proj,1977,0,4,81606
v_proj,1977,0,4,80627
rope,1977,0,4,103715
o_proj,1977,0,4,257264
post_layernorm,1977,0,4,57583
gate,1977,0,4,113950
expert.w1,1977,0,4,250431
expert.w3,1977,0,4,249747
act_fn,1977,0,4,21123
expert.w2,1977,0,4,275198
final_layernorm,1977,0,4,57624
lm_head,1977,0,4,1889081
embedding,1978,0,4,83770
input_layernorm,1978,0,4,58092
q_proj,1978,0,4,258514
k_proj,1978,0,4,82294
v_proj,1978,0,4,81302
rope,1978,0,4,104210
o_proj,1978,0,4,259448
post_layernorm,1978,0,4,57681
gate,1978,0,4,114446
expert.w1,1978,0,4,252837
expert.w3,1978,0,4,251825
act_fn,1978,0,4,21145
expert.w2,1978,0,4,277491
final_layernorm,1978,0,4,57714
lm_head,1978,0,4,1905004
embedding,1979,0,4,83242
input_layernorm,1979,0,4,58300
q_proj,1979,0,4,256648
k_proj,1979,0,4,81643
v_proj,1979,0,4,80654
rope,1979,0,4,103804
o_proj,1979,0,4,257403
post_layernorm,1979,0,4,57684
gate,1979,0,4,114249
expert.w1,1979,0,4,250540
expert.w3,1979,0,4,249878
act_fn,1979,0,4,21135
expert.w2,1979,0,4,275174
final_layernorm,1979,0,4,57893
lm_head,1979,0,4,1889577
embedding,1980,0,4,83522
input_layernorm,1980,0,4,58193
q_proj,1980,0,4,258809
k_proj,1980,0,4,82291
v_proj,1980,0,4,81306
rope,1980,0,4,104442
o_proj,1980,0,4,259483
post_layernorm,1980,0,4,58010
gate,1980,0,4,114332
expert.w1,1980,0,4,252496
expert.w3,1980,0,4,251951
act_fn,1980,0,4,21090
expert.w2,1980,0,4,277622
final_layernorm,1980,0,4,57862
lm_head,1980,0,4,1904985
embedding,1981,0,4,83701
input_layernorm,1981,0,4,58522
q_proj,1981,0,4,258577
k_proj,1981,0,4,82292
v_proj,1981,0,4,81323
rope,1981,0,4,104280
o_proj,1981,0,4,259475
post_layernorm,1981,0,4,58064
gate,1981,0,4,114652
expert.w1,1981,0,4,252705
expert.w3,1981,0,4,252016
act_fn,1981,0,4,21231
expert.w2,1981,0,4,277527
final_layernorm,1981,0,4,57918
lm_head,1981,0,4,1905335
embedding,1982,0,4,83548
input_layernorm,1982,0,4,58524
q_proj,1982,0,4,258702
k_proj,1982,0,4,82293
v_proj,1982,0,4,81304
rope,1982,0,4,104374
o_proj,1982,0,4,259463
post_layernorm,1982,0,4,58027
gate,1982,0,4,114574
expert.w1,1982,0,4,252409
expert.w3,1982,0,4,251945
act_fn,1982,0,4,21196
expert.w2,1982,0,4,277428
final_layernorm,1982,0,4,57981
lm_head,1982,0,4,1905353
embedding,1983,0,4,83177
input_layernorm,1983,0,4,58452
q_proj,1983,0,4,256426
k_proj,1983,0,4,81589
v_proj,1983,0,4,80598
rope,1983,0,4,104027
o_proj,1983,0,4,257230
post_layernorm,1983,0,4,58066
gate,1983,0,4,114351
expert.w1,1983,0,4,250426
expert.w3,1983,0,4,249739
act_fn,1983,0,4,21108
expert.w2,1983,0,4,275324
final_layernorm,1983,0,4,58078
lm_head,1983,0,4,1888692
embedding,1984,0,4,83080
input_layernorm,1984,0,4,58486
q_proj,1984,0,4,256003
k_proj,1984,0,4,81424
v_proj,1984,0,4,80455
rope,1984,0,4,104021
o_proj,1984,0,4,256764
post_layernorm,1984,0,4,58170
gate,1984,0,4,110238
expert.w1,1984,0,4,249968
expert.w3,1984,0,4,249212
act_fn,1984,0,4,21169
expert.w2,1984,0,4,274791
final_layernorm,1984,0,4,58032
lm_head,1984,0,4,1885793
embedding,1985,0,4,82948
input_layernorm,1985,0,4,58371
q_proj,1985,0,4,255414
k_proj,1985,0,4,81041
v_proj,1985,0,4,80106
rope,1985,0,4,103552
o_proj,1985,0,4,280916
post_layernorm,1985,0,4,58453
gate,1985,0,4,110445
expert.w1,1985,0,4,249010
expert.w3,1985,0,4,248116
act_fn,1985,0,4,21237
expert.w2,1985,0,4,273538
final_layernorm,1985,0,4,58276
lm_head,1985,0,4,1877161
embedding,1986,0,4,84108
input_layernorm,1986,0,4,58615
q_proj,1986,0,4,257021
k_proj,1986,0,4,81731
v_proj,1986,0,4,80760
rope,1986,0,4,103966
o_proj,1986,0,4,283167
post_layernorm,1986,0,4,58386
gate,1986,0,4,111110
expert.w1,1986,0,4,250598
expert.w3,1986,0,4,249857
act_fn,1986,0,4,21234
expert.w2,1986,0,4,275752
final_layernorm,1986,0,4,58558
lm_head,1986,0,4,1892071
embedding,1987,0,4,83673
input_layernorm,1987,0,4,58621
q_proj,1987,0,4,256441
k_proj,1987,0,4,81632
v_proj,1987,0,4,80644
rope,1987,0,4,104012
o_proj,1987,0,4,282912
post_layernorm,1987,0,4,58418
gate,1987,0,4,111199
expert.w1,1987,0,4,250546
expert.w3,1987,0,4,249865
act_fn,1987,0,4,21226
expert.w2,1987,0,4,275388
final_layernorm,1987,0,4,58612
lm_head,1987,0,4,1889501
embedding,1988,0,4,83832
input_layernorm,1988,0,4,58820
q_proj,1988,0,4,256453
k_proj,1988,0,4,81644
v_proj,1988,0,4,80643
rope,1988,0,4,104393
o_proj,1988,0,4,282923
post_layernorm,1988,0,4,58520
gate,1988,0,4,110831
expert.w1,1988,0,4,250781
expert.w3,1988,0,4,249801
act_fn,1988,0,4,21192
expert.w2,1988,0,4,275456
final_layernorm,1988,0,4,58680
lm_head,1988,0,4,1889717
embedding,1989,0,4,83471
input_layernorm,1989,0,4,58613
q_proj,1989,0,4,256296
k_proj,1989,0,4,81632
v_proj,1989,0,4,80643
rope,1989,0,4,104291
o_proj,1989,0,4,282925
post_layernorm,1989,0,4,58477
gate,1989,0,4,111201
expert.w1,1989,0,4,250700
expert.w3,1989,0,4,249852
act_fn,1989,0,4,21324
expert.w2,1989,0,4,275386
final_layernorm,1989,0,4,58736
lm_head,1989,0,4,1889462
embedding,1990,0,4,84181
input_layernorm,1990,0,4,58690
q_proj,1990,0,4,256408
k_proj,1990,0,4,81632
v_proj,1990,0,4,80642
rope,1990,0,4,104278
o_proj,1990,0,4,282904
post_layernorm,1990,0,4,58709
gate,1990,0,4,111104
expert.w1,1990,0,4,250569
expert.w3,1990,0,4,249945
act_fn,1990,0,4,21214
expert.w2,1990,0,4,275613
final_layernorm,1990,0,4,58751
lm_head,1990,0,4,1889411
embedding,1991,0,4,83935
input_layernorm,1991,0,4,58672
q_proj,1991,0,4,256317
k_proj,1991,0,4,81614
v_proj,1991,0,4,80637
rope,1991,0,4,104349
o_proj,1991,0,4,282916
post_layernorm,1991,0,4,58455
gate,1991,0,4,111373
expert.w1,1991,0,4,250045
expert.w3,1991,0,4,249926
act_fn,1991,0,4,21095
expert.w2,1991,0,4,275506
final_layernorm,1991,0,4,58707
lm_head,1991,0,4,1889586
embedding,1992,0,4,83792
input_layernorm,1992,0,4,58697
q_proj,1992,0,4,256498
k_proj,1992,0,4,81620
v_proj,1992,0,4,80647
rope,1992,0,4,104611
o_proj,1992,0,4,282883
post_layernorm,1992,0,4,58606
gate,1992,0,4,111067
expert.w1,1992,0,4,250476
expert.w3,1992,0,4,249886
act_fn,1992,0,4,21282
expert.w2,1992,0,4,275389
final_layernorm,1992,0,4,58932
lm_head,1992,0,4,1889636
embedding,1993,0,4,83654
input_layernorm,1993,0,4,58658
q_proj,1993,0,4,256041
k_proj,1993,0,4,81461
v_proj,1993,0,4,80508
rope,1993,0,4,104515
o_proj,1993,0,4,282345
post_layernorm,1993,0,4,58509
gate,1993,0,4,111384
expert.w1,1993,0,4,250176
expert.w3,1993,0,4,249251
act_fn,1993,0,4,21273
expert.w2,1993,0,4,274850
final_layernorm,1993,0,4,58805
lm_head,1993,0,4,1886395
embedding,1994,0,4,83738
input_layernorm,1994,0,4,58689
q_proj,1994,0,4,255193
k_proj,1994,0,4,81063
v_proj,1994,0,4,80140
rope,1994,0,4,104278
o_proj,1994,0,4,280999
post_layernorm,1994,0,4,58673
gate,1994,0,4,111071
expert.w1,1994,0,4,249034
expert.w3,1994,0,4,248195
act_fn,1994,0,4,21446
expert.w2,1994,0,4,273618
final_layernorm,1994,0,4,58889
lm_head,1994,0,4,1878572
embedding,1995,0,4,83586
input_layernorm,1995,0,4,58986
q_proj,1995,0,4,256540
k_proj,1995,0,4,81641
v_proj,1995,0,4,80648
rope,1995,0,4,104916
o_proj,1995,0,4,283004
post_layernorm,1995,0,4,58674
gate,1995,0,4,111625
expert.w1,1995,0,4,250111
expert.w3,1995,0,4,249864
act_fn,1995,0,4,21405
expert.w2,1995,0,4,275536
final_layernorm,1995,0,4,58985
lm_head,1995,0,4,1889624
embedding,1996,0,4,84076
input_layernorm,1996,0,4,58878
q_proj,1996,0,4,256591
k_proj,1996,0,4,81625
v_proj,1996,0,4,80660
rope,1996,0,4,105192
o_proj,1996,0,4,282954
post_layernorm,1996,0,4,58784
gate,1996,0,4,111395
expert.w1,1996,0,4,250552
expert.w3,1996,0,4,249826
act_fn,1996,0,4,21456
expert.w2,1996,0,4,275563
final_layernorm,1996,0,4,59146
lm_head,1996,0,4,1889771
embedding,1997,0,4,83767
input_layernorm,1997,0,4,58958
q_proj,1997,0,4,256600
k_proj,1997,0,4,81629
v_proj,1997,0,4,80647
rope,1997,0,4,105005
o_proj,1997,0,4,283012
post_layernorm,1997,0,4,58872
gate,1997,0,4,111629
expert.w1,1997,0,4,250572
expert.w3,1997,0,4,249928
act_fn,1997,0,4,21359
expert.w2,1997,0,4,275414
final_layernorm,1997,0,4,58893
lm_head,1997,0,4,1889743
embedding,1998,0,4,83881
input_layernorm,1998,0,4,59042
q_proj,1998,0,4,256030
k_proj,1998,0,4,81231
v_proj,1998,0,4,80296
rope,1998,0,4,104658
o_proj,1998,0,4,281698
post_layernorm,1998,0,4,58951
gate,1998,0,4,111216
expert.w1,1998,0,4,249355
expert.w3,1998,0,4,248738
act_fn,1998,0,4,21268
expert.w2,1998,0,4,274194
final_layernorm,1998,0,4,59014
lm_head,1998,0,4,1881351
embedding,1999,0,4,87693
input_layernorm,1999,0,4,59555
q_proj,1999,0,4,271645
k_proj,1999,0,4,86505
v_proj,1999,0,4,85400
rope,1999,0,4,108416
o_proj,1999,0,4,299801
post_layernorm,1999,0,4,59459
gate,1999,0,4,115988
expert.w1,1999,0,4,265545
expert.w3,1999,0,4,264755
act_fn,1999,0,4,21590
expert.w2,1999,0,4,291556
final_layernorm,1999,0,4,59474
lm_head,1999,0,4,1998729
embedding,2000,0,4,83583
input_layernorm,2000,0,4,59039
q_proj,2000,0,4,255402
k_proj,2000,0,4,80977
v_proj,2000,0,4,80035
rope,2000,0,4,104946
o_proj,2000,0,4,280692
post_layernorm,2000,0,4,58927
gate,2000,0,4,110926
expert.w1,2000,0,4,248741
expert.w3,2000,0,4,247783
act_fn,2000,0,4,21495
expert.w2,2000,0,4,273235
final_layernorm,2000,0,4,58934
lm_head,2000,0,4,1875560
embedding,2001,0,4,87232
input_layernorm,2001,0,4,59361
q_proj,2001,0,4,270000
k_proj,2001,0,4,85827
v_proj,2001,0,4,84674
rope,2001,0,4,108183
o_proj,2001,0,4,296970
post_layernorm,2001,0,4,59287
gate,2001,0,4,115708
expert.w1,2001,0,4,263010
expert.w3,2001,0,4,262087
act_fn,2001,0,4,21693
expert.w2,2001,0,4,288703
final_layernorm,2001,0,4,59592
lm_head,2001,0,4,1981727
embedding,2002,0,4,84076
input_layernorm,2002,0,4,59128
q_proj,2002,0,4,256154
k_proj,2002,0,4,81415
v_proj,2002,0,4,80432
rope,2002,0,4,105337
o_proj,2002,0,4,282159
post_layernorm,2002,0,4,59051
gate,2002,0,4,111435
expert.w1,2002,0,4,250207
expert.w3,2002,0,4,249220
act_fn,2002,0,4,21556
expert.w2,2002,0,4,274744
final_layernorm,2002,0,4,59222
lm_head,2002,0,4,1885051
embedding,2003,0,4,83810
input_layernorm,2003,0,4,59122
q_proj,2003,0,4,255718
k_proj,2003,0,4,81293
v_proj,2003,0,4,80319
rope,2003,0,4,105116
o_proj,2003,0,4,281864
post_layernorm,2003,0,4,59185
gate,2003,0,4,111594
expert.w1,2003,0,4,249684
expert.w3,2003,0,4,248881
act_fn,2003,0,4,21454
expert.w2,2003,0,4,274446
final_layernorm,2003,0,4,59280
lm_head,2003,0,4,1882559
embedding,2004,0,4,84003
input_layernorm,2004,0,4,59204
q_proj,2004,0,4,255953
k_proj,2004,0,4,81351
v_proj,2004,0,4,80366
rope,2004,0,4,105431
o_proj,2004,0,4,281978
post_layernorm,2004,0,4,59150
gate,2004,0,4,111720
expert.w1,2004,0,4,249513
expert.w3,2004,0,4,249050
act_fn,2004,0,4,21416
expert.w2,2004,0,4,274765
final_layernorm,2004,0,4,59263
lm_head,2004,0,4,1883400
embedding,2005,0,4,83735
input_layernorm,2005,0,4,59339
q_proj,2005,0,4,255744
k_proj,2005,0,4,81212
v_proj,2005,0,4,80254
rope,2005,0,4,105166
o_proj,2005,0,4,281514
post_layernorm,2005,0,4,59111
gate,2005,0,4,111891
expert.w1,2005,0,4,249440
expert.w3,2005,0,4,248454
act_fn,2005,0,4,21545
expert.w2,2005,0,4,274010
final_layernorm,2005,0,4,59251
lm_head,2005,0,4,1879918
embedding,2006,0,4,84409
input_layernorm,2006,0,4,59180
q_proj,2006,0,4,256085
k_proj,2006,0,4,81391
v_proj,2006,0,4,80421
rope,2006,0,4,105219
o_proj,2006,0,4,282197
post_layernorm,2006,0,4,59168
gate,2006,0,4,111704
expert.w1,2006,0,4,249837
expert.w3,2006,0,4,249321
act_fn,2006,0,4,21628
expert.w2,2006,0,4,274994
final_layernorm,2006,0,4,59280
lm_head,2006,0,4,1885794
embedding,2007,0,4,87975
input_layernorm,2007,0,4,59543
q_proj,2007,0,4,272118
k_proj,2007,0,4,86460
v_proj,2007,0,4,85342
rope,2007,0,4,108705
o_proj,2007,0,4,299586
post_layernorm,2007,0,4,59567
gate,2007,0,4,116236
expert.w1,2007,0,4,264669
expert.w3,2007,0,4,264546
act_fn,2007,0,4,21851
expert.w2,2007,0,4,291420
final_layernorm,2007,0,4,59754
lm_head,2007,0,4,1995991
embedding,2008,0,4,85579
input_layernorm,2008,0,4,59392
q_proj,2008,0,4,261878
k_proj,2008,0,4,82907
v_proj,2008,0,4,81808
rope,2008,0,4,106619
o_proj,2008,0,4,287277
post_layernorm,2008,0,4,59220
gate,2008,0,4,113185
expert.w1,2008,0,4,254145
expert.w3,2008,0,4,253883
act_fn,2008,0,4,21765
expert.w2,2008,0,4,279687
final_layernorm,2008,0,4,59469
lm_head,2008,0,4,1913122
embedding,2009,0,4,85054
input_layernorm,2009,0,4,59429
q_proj,2009,0,4,258288
k_proj,2009,0,4,82206
v_proj,2009,0,4,81213
rope,2009,0,4,105987
o_proj,2009,0,4,284957
post_layernorm,2009,0,4,59250
gate,2009,0,4,113309
expert.w1,2009,0,4,252242
expert.w3,2009,0,4,251656
act_fn,2009,0,4,21750
expert.w2,2009,0,4,277678
final_layernorm,2009,0,4,59350
lm_head,2009,0,4,1903146
embedding,2010,0,4,84492
input_layernorm,2010,0,4,59496
q_proj,2010,0,4,256488
k_proj,2010,0,4,81541
v_proj,2010,0,4,80539
rope,2010,0,4,105426
o_proj,2010,0,4,282521
post_layernorm,2010,0,4,59165
gate,2010,0,4,112306
expert.w1,2010,0,4,250343
expert.w3,2010,0,4,249471
act_fn,2010,0,4,21809
expert.w2,2010,0,4,275169
final_layernorm,2010,0,4,59491
lm_head,2010,0,4,1887217
embedding,2011,0,4,87943
input_layernorm,2011,0,4,59844
q_proj,2011,0,4,269653
k_proj,2011,0,4,85792
v_proj,2011,0,4,84701
rope,2011,0,4,108416
o_proj,2011,0,4,297401
post_layernorm,2011,0,4,59472
gate,2011,0,4,116395
expert.w1,2011,0,4,263257
expert.w3,2011,0,4,262699
act_fn,2011,0,4,22052
expert.w2,2011,0,4,289514
final_layernorm,2011,0,4,59642
lm_head,2011,0,4,1983257
embedding,2012,0,4,83980
input_layernorm,2012,0,4,59213
q_proj,2012,0,4,255007
k_proj,2012,0,4,80700
v_proj,2012,0,4,79748
rope,2012,0,4,105173
o_proj,2012,0,4,279656
post_layernorm,2012,0,4,59180
gate,2012,0,4,111852
expert.w1,2012,0,4,247916
expert.w3,2012,0,4,246943
act_fn,2012,0,4,21924
expert.w2,2012,0,4,272598
final_layernorm,2012,0,4,59425
lm_head,2012,0,4,1868203
embedding,2013,0,4,84208
input_layernorm,2013,0,4,59492
q_proj,2013,0,4,255658
k_proj,2013,0,4,81224
v_proj,2013,0,4,80273
rope,2013,0,4,105362
o_proj,2013,0,4,281696
post_layernorm,2013,0,4,59369
gate,2013,0,4,112634
expert.w1,2013,0,4,249467
expert.w3,2013,0,4,248763
act_fn,2013,0,4,22027
expert.w2,2013,0,4,274507
final_layernorm,2013,0,4,59340
lm_head,2013,0,4,1881772
embedding,2014,0,4,86589
input_layernorm,2014,0,4,59606
q_proj,2014,0,4,265488
k_proj,2014,0,4,84078
v_proj,2014,0,4,82997
rope,2014,0,4,107178
o_proj,2014,0,4,291351
post_layernorm,2014,0,4,59696
gate,2014,0,4,114662
expert.w1,2014,0,4,257862
expert.w3,2014,0,4,257395
act_fn,2014,0,4,22096
expert.w2,2014,0,4,283713
final_layernorm,2014,0,4,59665
lm_head,2014,0,4,1940945
embedding,2015,0,4,86744
input_layernorm,2015,0,4,59762
q_proj,2015,0,4,266336
k_proj,2015,0,4,84424
v_proj,2015,0,4,83345
rope,2015,0,4,107492
o_proj,2015,0,4,292647
post_layernorm,2015,0,4,59696
gate,2015,0,4,115048
expert.w1,2015,0,4,258791
expert.w3,2015,0,4,258389
act_fn,2015,0,4,22106
expert.w2,2015,0,4,284781
final_layernorm,2015,0,4,59980
lm_head,2015,0,4,1946630
embedding,2016,0,4,84172
input_layernorm,2016,0,4,59589
q_proj,2016,0,4,256344
k_proj,2016,0,4,80898
v_proj,2016,0,4,79840
rope,2016,0,4,105240
o_proj,2016,0,4,280439
post_layernorm,2016,0,4,59432
gate,2016,0,4,112075
expert.w1,2016,0,4,249022
expert.w3,2016,0,4,247826
act_fn,2016,0,4,22013
expert.w2,2016,0,4,272992
final_layernorm,2016,0,4,59708
lm_head,2016,0,4,1865963
embedding,2017,0,4,84456
input_layernorm,2017,0,4,59729
q_proj,2017,0,4,257476
k_proj,2017,0,4,81312
v_proj,2017,0,4,80193
rope,2017,0,4,105249
o_proj,2017,0,4,281699
post_layernorm,2017,0,4,59409
gate,2017,0,4,112727
expert.w1,2017,0,4,249398
expert.w3,2017,0,4,249049
act_fn,2017,0,4,21960
expert.w2,2017,0,4,274092
final_layernorm,2017,0,4,59568
lm_head,2017,0,4,1875802
embedding,2018,0,4,87243
input_layernorm,2018,0,4,59665
q_proj,2018,0,4,267910
k_proj,2018,0,4,84965
v_proj,2018,0,4,83861
rope,2018,0,4,107661
o_proj,2018,0,4,294295
post_layernorm,2018,0,4,59843
gate,2018,0,4,116218
expert.w1,2018,0,4,259854
expert.w3,2018,0,4,259191
act_fn,2018,0,4,22252
expert.w2,2018,0,4,285498
final_layernorm,2018,0,4,59895
lm_head,2018,0,4,1958283
embedding,2019,0,4,86985
input_layernorm,2019,0,4,59909
q_proj,2019,0,4,266435
k_proj,2019,0,4,84528
v_proj,2019,0,4,83451
rope,2019,0,4,107451
o_proj,2019,0,4,292316
post_layernorm,2019,0,4,59736
gate,2019,0,4,115855
expert.w1,2019,0,4,258510
expert.w3,2019,0,4,258067
act_fn,2019,0,4,22083
expert.w2,2019,0,4,284114
final_layernorm,2019,0,4,59895
lm_head,2019,0,4,1949179
embedding,2020,0,4,87989
input_layernorm,2020,0,4,59963
q_proj,2020,0,4,269133
k_proj,2020,0,4,85379
v_proj,2020,0,4,84262
rope,2020,0,4,108147
o_proj,2020,0,4,295908
post_layernorm,2020,0,4,59943
gate,2020,0,4,116346
expert.w1,2020,0,4,261537
expert.w3,2020,0,4,261243
act_fn,2020,0,4,22029
expert.w2,2020,0,4,287621
final_layernorm,2020,0,4,60180
lm_head,2020,0,4,1973703
embedding,2021,0,4,84853
input_layernorm,2021,0,4,59644
q_proj,2021,0,4,256674
k_proj,2021,0,4,81617
v_proj,2021,0,4,80640
rope,2021,0,4,105494
o_proj,2021,0,4,283114
post_layernorm,2021,0,4,59704
gate,2021,0,4,113391
expert.w1,2021,0,4,250545
expert.w3,2021,0,4,250017
act_fn,2021,0,4,21827
expert.w2,2021,0,4,275828
final_layernorm,2021,0,4,59730
lm_head,2021,0,4,1889930
embedding,2022,0,4,84600
input_layernorm,2022,0,4,59979
q_proj,2022,0,4,256268
k_proj,2022,0,4,81405
v_proj,2022,0,4,80442
rope,2022,0,4,105304
o_proj,2022,0,4,282294
post_layernorm,2022,0,4,59590
gate,2022,0,4,113170
expert.w1,2022,0,4,249938
expert.w3,2022,0,4,249311
act_fn,2022,0,4,21971
expert.w2,2022,0,4,274907
final_layernorm,2022,0,4,59735
lm_head,2022,0,4,1885555
embedding,2023,0,4,84580
input_layernorm,2023,0,4,59715
q_proj,2023,0,4,255696
k_proj,2023,0,4,81177
v_proj,2023,0,4,80210
rope,2023,0,4,105180
o_proj,2023,0,4,281548
post_layernorm,2023,0,4,59693
gate,2023,0,4,113130
expert.w1,2023,0,4,249437
expert.w3,2023,0,4,248279
act_fn,2023,0,4,22028
expert.w2,2023,0,4,274138
final_layernorm,2023,0,4,59819
lm_head,2023,0,4,1879897
embedding,2024,0,4,88850
input_layernorm,2024,0,4,60240
q_proj,2024,0,4,272216
k_proj,2024,0,4,86630
v_proj,2024,0,4,85555
rope,2024,0,4,109198
o_proj,2024,0,4,299679
post_layernorm,2024,0,4,60041
gate,2024,0,4,117433
expert.w1,2024,0,4,265061
expert.w3,2024,0,4,264716
act_fn,2024,0,4,22338
expert.w2,2024,0,4,291417
final_layernorm,2024,0,4,60099
lm_head,2024,0,4,1999983
embedding,2025,0,4,84677
input_layernorm,2025,0,4,59742
q_proj,2025,0,4,255378
k_proj,2025,0,4,81161
v_proj,2025,0,4,80080
rope,2025,0,4,105249
o_proj,2025,0,4,281378
post_layernorm,2025,0,4,59794
gate,2025,0,4,113356
expert.w1,2025,0,4,249130
expert.w3,2025,0,4,248297
act_fn,2025,0,4,22091
expert.w2,2025,0,4,273991
final_layernorm,2025,0,4,59794
lm_head,2025,0,4,1876808
embedding,2026,0,4,85176
input_layernorm,2026,0,4,59810
q_proj,2026,0,4,256371
k_proj,2026,0,4,81517
v_proj,2026,0,4,80512
rope,2026,0,4,105384
o_proj,2026,0,4,282668
post_layernorm,2026,0,4,59749
gate,2026,0,4,113640
expert.w1,2026,0,4,249988
expert.w3,2026,0,4,249399
act_fn,2026,0,4,22090
expert.w2,2026,0,4,275278
final_layernorm,2026,0,4,60081
lm_head,2026,0,4,1886882
embedding,2027,0,4,84962
input_layernorm,2027,0,4,59766
q_proj,2027,0,4,255798
k_proj,2027,0,4,81208
v_proj,2027,0,4,80237
rope,2027,0,4,105332
o_proj,2027,0,4,281631
post_layernorm,2027,0,4,59793
gate,2027,0,4,113591
expert.w1,2027,0,4,249367
expert.w3,2027,0,4,248506
act_fn,2027,0,4,22006
expert.w2,2027,0,4,274271
final_layernorm,2027,0,4,59773
lm_head,2027,0,4,1880518
embedding,2028,0,4,85243
input_layernorm,2028,0,4,59693
q_proj,2028,0,4,256130
k_proj,2028,0,4,81467
v_proj,2028,0,4,80487
rope,2028,0,4,105803
o_proj,2028,0,4,282449
post_layernorm,2028,0,4,59750
gate,2028,0,4,113393
expert.w1,2028,0,4,249944
expert.w3,2028,0,4,249469
act_fn,2028,0,4,22015
expert.w2,2028,0,4,275298
final_layernorm,2028,0,4,59856
lm_head,2028,0,4,1885828
embedding,2029,0,4,89507
input_layernorm,2029,0,4,60342
q_proj,2029,0,4,272919
k_proj,2029,0,4,86827
v_proj,2029,0,4,85744
rope,2029,0,4,109208
o_proj,2029,0,4,300875
post_layernorm,2029,0,4,60247
gate,2029,0,4,118469
expert.w1,2029,0,4,266212
expert.w3,2029,0,4,265954
act_fn,2029,0,4,22351
expert.w2,2029,0,4,292865
final_layernorm,2029,0,4,60375
lm_head,2029,0,4,2007873
embedding,2030,0,4,85764
input_layernorm,2030,0,4,59806
q_proj,2030,0,4,256417
k_proj,2030,0,4,81505
v_proj,2030,0,4,80520
rope,2030,0,4,105672
o_proj,2030,0,4,282483
post_layernorm,2030,0,4,59852
gate,2030,0,4,113842
expert.w1,2030,0,4,250018
expert.w3,2030,0,4,249443
act_fn,2030,0,4,22100
expert.w2,2030,0,4,275352
final_layernorm,2030,0,4,59993
lm_head,2030,0,4,1886904
embedding,2031,0,4,85537
input_layernorm,2031,0,4,59842
q_proj,2031,0,4,256525
k_proj,2031,0,4,81563
v_proj,2031,0,4,80573
rope,2031,0,4,105829
o_proj,2031,0,4,282917
post_layernorm,2031,0,4,59914
gate,2031,0,4,114085
expert.w1,2031,0,4,250480
expert.w3,2031,0,4,249822
act_fn,2031,0,4,22001
expert.w2,2031,0,4,275650
final_layernorm,2031,0,4,59905
lm_head,2031,0,4,1888831
embedding,2032,0,4,85398
input_layernorm,2032,0,4,59846
q_proj,2032,0,4,256680
k_proj,2032,0,4,81631
v_proj,2032,0,4,80647
rope,2032,0,4,106167
o_proj,2032,0,4,283145
post_layernorm,2032,0,4,59826
gate,2032,0,4,113853
expert.w1,2032,0,4,250680
expert.w3,2032,0,4,249792
act_fn,2032,0,4,21933
expert.w2,2032,0,4,275835
final_layernorm,2032,0,4,60142
lm_head,2032,0,4,1890141
embedding,2033,0,4,85847
input_layernorm,2033,0,4,60096
q_proj,2033,0,4,258889
k_proj,2033,0,4,81804
v_proj,2033,0,4,80692
rope,2033,0,4,106055
o_proj,2033,0,4,283458
post_layernorm,2033,0,4,59890
gate,2033,0,4,114959
expert.w1,2033,0,4,250937
expert.w3,2033,0,4,250549
act_fn,2033,0,4,22011
expert.w2,2033,0,4,276024
final_layernorm,2033,0,4,60055
lm_head,2033,0,4,1890373
embedding,2034,0,4,89601
input_layernorm,2034,0,4,60383
q_proj,2034,0,4,272255
k_proj,2034,0,4,86527
v_proj,2034,0,4,85430
rope,2034,0,4,109254
o_proj,2034,0,4,299920
post_layernorm,2034,0,4,60256
gate,2034,0,4,118642
expert.w1,2034,0,4,264946
expert.w3,2034,0,4,264885
act_fn,2034,0,4,22166
expert.w2,2034,0,4,291828
final_layernorm,2034,0,4,60359
lm_head,2034,0,4,2000774
embedding,2035,0,4,87182
input_layernorm,2035,0,4,60134
q_proj,2035,0,4,263676
k_proj,2035,0,4,83693
v_proj,2035,0,4,82614
rope,2035,0,4,107497
o_proj,2035,0,4,290219
post_layernorm,2035,0,4,60085
gate,2035,0,4,116505
expert.w1,2035,0,4,256862
expert.w3,2035,0,4,256260
act_fn,2035,0,4,22061
expert.w2,2035,0,4,282638
final_layernorm,2035,0,4,60341
lm_head,2035,0,4,1934175
embedding,2036,0,4,85647
input_layernorm,2036,0,4,60100
q_proj,2036,0,4,256486
k_proj,2036,0,4,81518
v_proj,2036,0,4,80545
rope,2036,0,4,106258
o_proj,2036,0,4,282759
post_layernorm,2036,0,4,59992
gate,2036,0,4,114663
expert.w1,2036,0,4,250253
expert.w3,2036,0,4,249487
act_fn,2036,0,4,21915
expert.w2,2036,0,4,275550
final_layernorm,2036,0,4,60039
lm_head,2036,0,4,1888094
embedding,2037,0,4,85382
input_layernorm,2037,0,4,60167
q_proj,2037,0,4,255843
k_proj,2037,0,4,81186
v_proj,2037,0,4,80212
rope,2037,0,4,105841
o_proj,2037,0,4,281612
post_layernorm,2037,0,4,59875
gate,2037,0,4,114790
expert.w1,2037,0,4,249427
expert.w3,2037,0,4,248775
act_fn,2037,0,4,21960
expert.w2,2037,0,4,274651
final_layernorm,2037,0,4,60182
lm_head,2037,0,4,1882247
embedding,2038,0,4,89308
input_layernorm,2038,0,4,60507
q_proj,2038,0,4,271322
k_proj,2038,0,4,86201
v_proj,2038,0,4,85107
rope,2038,0,4,109125
o_proj,2038,0,4,298941
post_layernorm,2038,0,4,60325
gate,2038,0,4,118527
expert.w1,2038,0,4,264074
expert.w3,2038,0,4,263712
act_fn,2038,0,4,22076
expert.w2,2038,0,4,290336
final_layernorm,2038,0,4,60438
lm_head,2038,0,4,1989167
embedding,2039,0,4,88717
input_layernorm,2039,0,4,60468
q_proj,2039,0,4,267588
k_proj,2039,0,4,85144
v_proj,2039,0,4,84021
rope,2039,0,4,108361
o_proj,2039,0,4,294620
post_layernorm,2039,0,4,60136
gate,2039,0,4,117729
expert.w1,2039,0,4,260855
expert.w3,2039,0,4,260051
act_fn,2039,0,4,22021
expert.w2,2039,0,4,286785
final_layernorm,2039,0,4,60665
lm_head,2039,0,4,1965188
embedding,2040,0,4,86033
input_layernorm,2040,0,4,60174
q_proj,2040,0,4,258719
k_proj,2040,0,4,82299
v_proj,2040,0,4,81309
rope,2040,0,4,106771
o_proj,2040,0,4,285469
post_layernorm,2040,0,4,60163
gate,2040,0,4,115392
expert.w1,2040,0,4,252543
expert.w3,2040,0,4,252099
act_fn,2040,0,4,21914
expert.w2,2040,0,4,278139
final_layernorm,2040,0,4,60306
lm_head,2040,0,4,1906122
embedding,2041,0,4,85829
input_layernorm,2041,0,4,60097
q_proj,2041,0,4,287781
k_proj,2041,0,4,81666
v_proj,2041,0,4,80734
rope,2041,0,4,106376
o_proj,2041,0,4,283553
post_layernorm,2041,0,4,60159
gate,2041,0,4,115565
expert.w1,2041,0,4,250988
expert.w3,2041,0,4,250401
act_fn,2041,0,4,21881
expert.w2,2041,0,4,276317
final_layernorm,2041,0,4,60264
lm_head,2041,0,4,1893040
embedding,2042,0,4,85930
input_layernorm,2042,0,4,60271
q_proj,2042,0,4,287394
k_proj,2042,0,4,81561
v_proj,2042,0,4,80622
rope,2042,0,4,106207
o_proj,2042,0,4,283187
post_layernorm,2042,0,4,60129
gate,2042,0,4,114830
expert.w1,2042,0,4,250553
expert.w3,2042,0,4,249945
act_fn,2042,0,4,21788
expert.w2,2042,0,4,275929
final_layernorm,2042,0,4,60218
lm_head,2042,0,4,1890369
embedding,2043,0,4,85643
input_layernorm,2043,0,4,60255
q_proj,2043,0,4,287405
k_proj,2043,0,4,81560
v_proj,2043,0,4,80609
rope,2043,0,4,106255
o_proj,2043,0,4,283202
post_layernorm,2043,0,4,60031
gate,2043,0,4,115047
expert.w1,2043,0,4,250730
expert.w3,2043,0,4,250037
act_fn,2043,0,4,21830
expert.w2,2043,0,4,276034
final_layernorm,2043,0,4,60107
lm_head,2043,0,4,1890387
embedding,2044,0,4,86144
input_layernorm,2044,0,4,60365
q_proj,2044,0,4,287791
k_proj,2044,0,4,81660
v_proj,2044,0,4,80739
rope,2044,0,4,106555
o_proj,2044,0,4,283537
post_layernorm,2044,0,4,60132
gate,2044,0,4,115313
expert.w1,2044,0,4,250914
expert.w3,2044,0,4,250386
act_fn,2044,0,4,21836
expert.w2,2044,0,4,276360
final_layernorm,2044,0,4,60206
lm_head,2044,0,4,1892682
embedding,2045,0,4,85727
input_layernorm,2045,0,4,60176
q_proj,2045,0,4,287416
k_proj,2045,0,4,81579
v_proj,2045,0,4,80625
rope,2045,0,4,106365
o_proj,2045,0,4,283231
post_layernorm,2045,0,4,60241
gate,2045,0,4,115677
expert.w1,2045,0,4,250431
expert.w3,2045,0,4,249953
act_fn,2045,0,4,21787
expert.w2,2045,0,4,276224
final_layernorm,2045,0,4,60267
lm_head,2045,0,4,1890573
embedding,2046,0,4,86422
input_layernorm,2046,0,4,60355
q_proj,2046,0,4,287408
k_proj,2046,0,4,81552
v_proj,2046,0,4,80615
rope,2046,0,4,106271
o_proj,2046,0,4,283225
post_layernorm,2046,0,4,60162
gate,2046,0,4,115059
expert.w1,2046,0,4,250746
expert.w3,2046,0,4,250036
act_fn,2046,0,4,21563
expert.w2,2046,0,4,276187
final_layernorm,2046,0,4,60392
lm_head,2046,0,4,1890354
embedding,2047,0,4,85586
input_layernorm,2047,0,4,60275
q_proj,2047,0,4,285163
k_proj,2047,0,4,80912
v_proj,2047,0,4,79996
rope,2047,0,4,105967
o_proj,2047,0,4,280801
post_layernorm,2047,0,4,60163
gate,2047,0,4,114507
expert.w1,2047,0,4,248747
expert.w3,2047,0,4,248043
act_fn,2047,0,4,21724
expert.w2,2047,0,4,273962
final_layernorm,2047,0,4,60387
lm_head,2047,0,4,1876230
embedding,2048,0,4,85369
input_layernorm,2048,0,4,60218
q_proj,2048,0,4,285135
k_proj,2048,0,4,80894
v_proj,2048,0,4,80005
rope,2048,0,4,106147
o_proj,2048,0,4,280832
post_layernorm,2048,0,4,60191
gate,2048,0,4,111102
expert.w1,2048,0,4,248910
expert.w3,2048,0,4,248140
act_fn,2048,0,4,21915
expert.w2,2048,0,4,274098
final_layernorm,2048,0,4,60321
lm_head,2048,0,4,1876181
