batch_size,kv_cache_size,prediction
1,0,18395
1,64,20042
1,128,23431
1,192,27078
1,256,28859
1,320,30026
1,384,31405
1,448,32638
1,512,33954
1,576,35374
1,640,37238
1,704,38618
1,768,40096
1,832,45860
1,896,47481
1,960,49202
1,1024,50513
1,1088,52485
1,1152,54024
1,1216,55362
1,1280,56785
1,1344,58638
1,1408,59464
1,1472,60843
1,1536,62816
1,1600,68035
1,1664,69027
1,1728,71131
1,1792,73952
1,1856,73439
1,1920,74604
1,1984,75626
1,2048,75626
2,0,18440
2,64,19929
2,128,23506
2,192,27141
2,256,28946
2,320,30096
2,384,31458
2,448,32671
2,512,33945
2,576,35409
2,640,37345
2,704,38898
2,768,40411
2,832,46094
2,896,47815
2,960,49606
2,1024,51048
2,1088,52805
2,1152,54470
2,1216,55679
2,1280,57182
2,1344,59184
2,1408,60122
2,1472,61726
2,1536,63889
2,1600,69809
2,1664,71149
2,1728,72696
2,1792,74723
2,1856,74958
2,1920,76304
2,1984,77217
2,2048,77217
3,0,18394
3,64,19910
3,128,23560
3,192,27259
3,256,29077
3,320,30221
3,384,31590
3,448,32475
3,512,34061
3,576,35507
3,640,37492
3,704,39003
3,768,40740
3,832,45592
3,896,47895
3,960,50048
3,1024,51094
3,1088,53037
3,1152,55450
3,1216,55730
3,1280,57349
3,1344,60000
3,1408,60055
3,1472,61458
3,1536,64281
3,1600,68662
3,1664,69829
3,1728,72031
3,1792,72976
3,1856,73822
3,1920,75702
3,1984,76406
3,2048,76406
4,0,18589
4,64,20041
4,128,23477
4,192,27385
4,256,29204
4,320,30330
4,384,31743
4,448,32819
4,512,34225
4,576,35667
4,640,37759
4,704,39579
4,768,41251
4,832,46978
4,896,48912
4,960,50810
4,1024,53106
4,1088,54456
4,1152,56772
4,1216,57822
4,1280,59134
4,1344,60981
4,1408,62084
4,1472,63648
4,1536,66172
4,1600,71621
4,1664,72597
4,1728,74150
4,1792,75474
4,1856,76345
4,1920,77783
4,1984,78458
4,2048,78458
5,0,24456
5,64,25754
5,128,29253
5,192,33307
5,256,35412
5,320,36591
5,384,37949
5,448,39178
5,512,40578
5,576,41875
5,640,43906
5,704,45548
5,768,47092
5,832,53000
5,896,54629
5,960,57392
5,1024,58910
5,1088,59391
5,1152,61611
5,1216,62232
5,1280,65028
5,1344,67617
5,1408,66469
5,1472,67796
5,1536,69774
5,1600,76956
5,1664,77782
5,1728,78133
5,1792,79074
5,1856,79658
5,1920,86957
5,1984,86355
5,2048,86355
6,0,24672
6,64,25952
6,128,29351
6,192,33148
6,256,35477
6,320,36648
6,384,38049
6,448,39248
6,512,40632
6,576,41940
6,640,43933
6,704,45666
6,768,47605
6,832,53278
6,896,55217
6,960,57711
6,1024,58386
6,1088,59540
6,1152,63095
6,1216,63142
6,1280,64808
6,1344,68046
6,1408,67200
6,1472,68441
6,1536,71914
6,1600,76350
6,1664,76528
6,1728,80087
6,1792,80322
6,1856,80399
6,1920,88326
6,1984,86472
6,2048,86472
7,0,24756
7,64,26077
7,128,29441
7,192,33085
7,256,35539
7,320,36697
7,384,38085
7,448,39372
7,512,40757
7,576,42076
7,640,44178
7,704,46175
7,768,47847
7,832,53773
7,896,56396
7,960,57470
7,1024,59181
7,1088,60179
7,1152,63681
7,1216,63398
7,1280,65248
7,1344,68824
7,1408,67739
7,1472,68973
7,1536,70908
7,1600,78297
7,1664,77463
7,1728,79886
7,1792,82560
7,1856,81399
7,1920,85090
7,1984,87377
7,2048,87377
8,0,25091
8,64,26320
8,128,29639
8,192,33248
8,256,35281
8,320,36858
8,384,38278
8,448,39584
8,512,40950
8,576,42376
8,640,44603
8,704,46865
8,768,48929
8,832,55152
8,896,57405
8,960,58967
8,1024,61393
8,1088,62528
8,1152,64758
8,1216,65764
8,1280,67925
8,1344,69892
8,1408,70999
8,1472,72219
8,1536,74416
8,1600,80774
8,1664,81673
8,1728,83215
8,1792,84171
8,1856,84779
8,1920,87122
8,1984,88378
8,2048,88378
9,0,30856
9,64,32576
9,128,35893
9,192,39515
9,256,41456
9,320,43282
9,384,44905
9,448,46090
9,512,47450
9,576,48915
9,640,51294
9,704,53474
9,768,55069
9,832,61475
9,896,62377
9,960,64214
9,1024,65091
9,1088,68568
9,1152,70242
9,1216,69674
9,1280,72161
9,1344,72543
9,1408,76761
9,1472,75094
9,1536,76659
9,1600,82836
9,1664,85777
9,1728,88538
9,1792,86586
9,1856,87624
9,1920,89352
9,1984,92612
9,2048,92612
10,0,31061
10,64,32713
10,128,35935
10,192,39638
10,256,41502
10,320,42948
10,384,45057
10,448,46112
10,512,47560
10,576,48927
10,640,51543
10,704,54085
10,768,56020
10,832,61507
10,896,62738
10,960,65521
10,1024,66285
10,1088,68969
10,1152,69474
10,1216,69904
10,1280,74293
10,1344,74005
10,1408,78540
10,1472,75870
10,1536,77058
10,1600,85278
10,1664,85324
10,1728,88555
10,1792,86625
10,1856,88541
10,1920,92852
10,1984,92686
10,2048,92686
11,0,30952
11,64,32795
11,128,36009
11,192,39715
11,256,41604
11,320,42809
11,384,44930
11,448,46213
11,512,47587
11,576,48982
11,640,51658
11,704,54683
11,768,56355
11,832,62085
11,896,63397
11,960,65407
11,1024,66562
11,1088,68596
11,1152,71569
11,1216,71378
11,1280,75078
11,1344,74557
11,1408,78119
11,1472,76050
11,1536,77526
11,1600,83345
11,1664,84140
11,1728,87045
11,1792,87928
11,1856,93072
11,1920,92063
11,1984,94819
11,2048,94819
12,0,31140
12,64,32903
12,128,36111
12,192,39836
12,256,41692
12,320,42801
12,384,44524
12,448,46459
12,512,47685
12,576,49251
12,640,51902
12,704,54838
12,768,57414
12,832,62697
12,896,64202
12,960,66597
12,1024,67148
12,1088,69041
12,1152,72498
12,1216,71873
12,1280,74455
12,1344,76192
12,1408,76528
12,1472,77204
12,1536,80577
12,1600,84427
12,1664,86313
12,1728,91864
12,1792,91097
12,1856,91282
12,1920,94106
12,1984,92725
12,2048,92725
13,0,36326
13,64,38415
13,128,41837
13,192,45531
13,256,47507
13,320,48578
13,384,50023
13,448,52212
13,512,53913
13,576,55241
13,640,57579
13,704,60130
13,768,61796
13,832,68213
13,896,70075
13,960,71249
13,1024,72578
13,1088,73655
13,1152,76910
13,1216,76569
13,1280,78348
13,1344,79941
13,1408,83344
13,1472,82056
13,1536,83702
13,1600,89617
13,1664,93210
13,1728,95134
13,1792,92919
13,1856,94938
13,1920,95434
13,1984,99642
13,2048,99642
14,0,36706
14,64,38879
14,128,42010
14,192,45658
14,256,47589
14,320,48592
14,384,50069
14,448,51631
14,512,54037
14,576,55371
14,640,57587
14,704,60548
14,768,62221
14,832,68152
14,896,70831
14,960,72338
14,1024,73134
14,1088,74264
14,1152,76856
14,1216,77453
14,1280,78977
14,1344,81953
14,1408,84303
14,1472,82725
14,1536,84104
14,1600,93025
14,1664,92366
14,1728,93010
14,1792,96410
14,1856,98621
14,1920,96632
14,1984,98554
14,2048,98554
15,0,36859
15,64,39056
15,128,42077
15,192,45744
15,256,47723
15,320,48741
15,384,50082
15,448,51379
15,512,54048
15,576,55550
15,640,57827
15,704,60540
15,768,62596
15,832,67687
15,896,70374
15,960,73496
15,1024,76006
15,1088,76898
15,1152,78594
15,1216,78208
15,1280,79348
15,1344,80945
15,1408,82548
15,1472,83551
15,1536,85258
15,1600,91227
15,1664,91980
15,1728,92689
15,1792,94301
15,1856,96416
15,1920,99859
15,1984,102239
15,2048,102239
16,0,36044
16,64,39420
16,128,42429
16,192,45986
16,256,47825
16,320,48911
16,384,50321
16,448,51560
16,512,53413
16,576,55877
16,640,58293
16,704,61289
16,768,63531
16,832,69603
16,896,72078
16,960,74300
16,1024,77070
16,1088,78267
16,1152,80523
16,1216,81531
16,1280,83565
16,1344,85275
16,1408,86837
16,1472,87823
16,1536,89759
16,1600,95774
16,1664,96906
16,1728,98469
16,1792,99932
16,1856,101354
16,1920,103484
16,1984,104128
16,2048,104128
17,0,27031
17,64,44659
17,128,48479
17,192,52246
17,256,54166
17,320,55032
17,384,56412
17,448,57735
17,512,59274
17,576,61632
17,640,64600
17,704,66933
17,768,68548
17,832,74991
17,896,76778
17,960,78938
17,1024,81784
17,1088,82290
17,1152,82866
17,1216,83766
17,1280,85158
17,1344,86720
17,1408,88537
17,1472,89461
17,1536,91587
17,1600,97045
17,1664,97229
17,1728,98521
17,1792,99813
17,1856,102465
17,1920,113124
17,1984,110512
17,2048,110512
18,0,26360
18,64,45291
18,128,48658
18,192,52317
18,256,54268
18,320,55126
18,384,56691
18,448,57805
18,512,59218
18,576,61009
18,640,64774
18,704,67310
18,768,68929
18,832,75201
18,896,76717
18,960,78774
18,1024,81731
18,1088,83359
18,1152,84731
18,1216,85072
18,1280,86087
18,1344,87721
18,1408,89239
18,1472,89566
18,1536,91918
18,1600,101235
18,1664,101810
18,1728,103393
18,1792,101600
18,1856,101727
18,1920,105937
18,1984,106788
18,2048,106788
19,0,26453
19,64,45483
19,128,48936
19,192,52500
19,256,54308
19,320,55228
19,384,56826
19,448,57929
19,512,59176
19,576,60798
19,640,64681
19,704,67757
19,768,69641
19,832,75178
19,896,77203
19,960,79520
19,1024,80487
19,1088,82690
19,1152,85814
19,1216,88088
19,1280,87826
19,1344,88618
19,1408,89945
19,1472,90656
19,1536,95192
19,1600,101529
19,1664,99003
19,1728,101096
19,1792,101978
19,1856,103087
19,1920,106673
19,1984,111267
19,2048,111267
20,0,26824
20,64,45857
20,128,49249
20,192,52619
20,256,54376
20,320,55508
20,384,56959
20,448,58087
20,512,59366
20,576,60793
20,640,64258
20,704,68090
20,768,70086
20,832,75617
20,896,77992
20,960,80359
20,1024,81379
20,1088,83188
20,1152,85354
20,1216,88814
20,1280,90385
20,1344,89769
20,1408,91264
20,1472,91827
20,1536,96667
20,1600,102316
20,1664,99809
20,1728,101785
20,1792,102065
20,1856,107754
20,1920,109720
20,1984,108121
20,2048,108121
21,0,28096
21,64,51120
21,128,55046
21,192,58205
21,256,60236
21,320,61312
21,384,62689
21,448,63940
21,512,65273
21,576,66656
21,640,68802
21,704,72888
21,768,75609
21,832,80770
21,896,82890
21,960,84125
21,1024,87351
21,1088,87335
21,1152,89794
21,1216,90702
21,1280,94010
21,1344,96056
21,1408,95705
21,1472,96320
21,1536,97075
21,1600,106602
21,1664,104402
21,1728,105819
21,1792,106120
21,1856,112167
21,1920,109606
21,1984,111170
21,2048,111170
22,0,28398
22,64,51269
22,128,54916
22,192,57889
22,256,60276
22,320,61298
22,384,62691
22,448,63969
22,512,65364
22,576,66756
22,640,69049
22,704,72424
22,768,75513
22,832,81415
22,896,83550
22,960,84445
22,1024,86580
22,1088,87540
22,1152,91442
22,1216,91475
22,1280,93360
22,1344,94758
22,1408,98079
22,1472,97609
22,1536,97920
22,1600,107434
22,1664,105591
22,1728,106695
22,1792,107108
22,1856,113777
22,1920,110243
22,1984,112252
22,2048,112252
23,0,28592
23,64,51413
23,128,55148
23,192,58335
23,256,60446
23,320,61286
23,384,62767
23,448,64041
23,512,65452
23,576,66980
23,640,68814
23,704,71991
23,768,75621
23,832,82382
23,896,83721
23,960,85371
23,1024,88574
23,1088,88542
23,1152,91541
23,1216,93410
23,1280,93462
23,1344,95964
23,1408,99218
23,1472,100688
23,1536,100057
23,1600,105742
23,1664,108386
23,1728,107856
23,1792,108263
23,1856,114480
23,1920,111625
23,1984,113083
23,2048,113083
24,0,28989
24,64,51915
24,128,55404
24,192,58609
24,256,60509
24,320,61516
24,384,63057
24,448,64183
24,512,65595
24,576,67179
24,640,68899
24,704,72138
24,768,75031
24,832,82486
24,896,84120
24,960,86320
24,1024,87668
24,1088,88543
24,1152,92913
24,1216,93182
24,1280,94017
24,1344,97717
24,1408,97627
24,1472,99125
24,1536,102556
24,1600,106645
24,1664,107430
24,1728,110857
24,1792,110015
24,1856,112672
24,1920,115798
24,1984,114705
24,2048,114705
25,0,31092
25,64,56932
25,128,61571
25,192,64758
25,256,66695
25,320,67699
25,384,68380
25,448,70320
25,512,71698
25,576,73309
25,640,75083
25,704,78257
25,768,79500
25,832,87428
25,896,89540
25,960,91725
25,1024,94081
25,1088,94344
25,1152,96905
25,1216,99129
25,1280,98927
25,1344,99885
25,1408,104107
25,1472,104013
25,1536,104305
25,1600,112899
25,1664,112511
25,1728,112570
25,1792,114125
25,1856,116248
25,1920,120023
25,1984,118154
25,2048,118154
26,0,31960
26,64,57820
26,128,61415
26,192,65061
26,256,66764
26,320,67846
26,384,68989
26,448,70496
26,512,71717
26,576,73325
26,640,75054
26,704,78395
26,768,79748
26,832,87038
26,896,90049
26,960,92443
26,1024,93026
26,1088,94556
26,1152,98128
26,1216,98590
26,1280,99311
26,1344,100147
26,1408,103511
26,1472,106311
26,1536,105613
26,1600,111272
26,1664,114998
26,1728,114964
26,1792,118102
26,1856,116895
26,1920,117986
26,1984,121731
26,2048,121731
27,0,32244
27,64,58021
27,128,61493
27,192,65203
27,256,66914
27,320,67827
27,384,69351
27,448,70513
27,512,71672
27,576,73329
27,640,75133
27,704,78623
27,768,80506
27,832,86240
27,896,90359
27,960,92346
27,1024,93017
27,1088,96163
27,1152,97549
27,1216,98466
27,1280,99612
27,1344,101105
27,1408,105334
27,1472,105782
27,1536,107952
27,1600,110904
27,1664,113165
27,1728,117203
27,1792,117730
27,1856,120405
27,1920,118679
27,1984,119944
27,2048,119944
28,0,32573
28,64,58744
28,128,61851
28,192,65367
28,256,67108
28,320,68033
28,384,69380
28,448,70749
28,512,71989
28,576,73331
28,640,75277
28,704,78833
28,768,80512
28,832,86246
28,896,89950
28,960,93062
28,1024,96024
28,1088,96311
28,1152,97513
28,1216,98949
28,1280,100705
28,1344,104424
28,1408,105140
28,1472,107930
28,1536,107634
28,1600,112254
28,1664,113871
28,1728,115508
28,1792,119972
28,1856,120683
28,1920,123342
28,1984,126444
28,2048,126444
29,0,33736
29,64,63033
29,128,67611
29,192,71042
29,256,72611
29,320,73094
29,384,75256
29,448,76430
29,512,77663
29,576,78978
29,640,82031
29,704,84134
29,768,85334
29,832,91548
29,896,93273
29,960,97382
29,1024,99107
29,1088,100887
29,1152,101846
29,1216,103164
29,1280,107015
29,1344,107202
29,1408,110027
29,1472,110243
29,1536,113568
29,1600,123175
29,1664,125173
29,1728,120164
29,1792,120334
29,1856,125907
29,1920,125523
29,1984,129158
29,2048,129158
30,0,34223
30,64,64058
30,128,67813
30,192,71383
30,256,72800
30,320,73647
30,384,75225
30,448,76403
30,512,77949
30,576,79263
30,640,81606
30,704,84058
30,768,84884
30,832,91565
30,896,93210
30,960,96851
30,1024,100174
30,1088,101715
30,1152,103504
30,1216,105056
30,1280,106827
30,1344,108842
30,1408,109165
30,1472,109578
30,1536,111284
30,1600,116462
30,1664,118447
30,1728,118870
30,1792,120505
30,1856,127575
30,1920,128650
30,1984,127934
30,2048,127934
31,0,34285
31,64,64198
31,128,67960
31,192,71591
31,256,72994
31,320,73972
31,384,75336
31,448,76602
31,512,77480
31,576,79248
31,640,81477
31,704,84200
31,768,86197
31,832,91918
31,896,94150
31,960,96056
31,1024,100326
31,1088,102012
31,1152,103601
31,1216,104526
31,1280,106322
31,1344,107540
31,1408,108678
31,1472,109747
31,1536,111532
31,1600,116723
31,1664,118393
31,1728,119314
31,1792,120794
31,1856,124624
31,1920,125179
31,1984,129721
31,2048,129721
32,0,32740
32,64,61114
32,128,68234
32,192,71855
32,256,73283
32,320,74342
32,384,75658
32,448,76902
32,512,78172
32,576,79720
32,640,82501
32,704,84933
32,768,87271
32,832,92963
32,896,95292
32,960,96595
32,1024,100390
32,1088,103252
32,1152,106379
32,1216,106801
32,1280,109305
32,1344,109555
32,1408,112694
32,1472,113382
32,1536,119628
32,1600,120458
32,1664,123440
32,1728,123445
32,1792,126612
32,1856,126245
32,1920,129325
32,1984,129189
32,2048,129189
33,0,20503
33,64,44473
33,128,73346
33,192,77601
33,256,78977
33,320,80195
33,384,81635
33,448,82936
33,512,84288
33,576,85480
33,640,87836
33,704,90240
33,768,91590
33,832,96824
33,896,99800
33,960,101499
33,1024,102778
33,1088,105937
33,1152,109144
33,1216,112185
33,1280,113001
33,1344,114968
33,1408,115536
33,1472,118380
33,1536,121739
33,1600,125183
33,1664,125556
33,1728,129489
33,1792,128874
33,1856,131950
33,1920,133338
33,1984,135616
33,2048,135616
34,0,16888
34,64,39912
34,128,73782
34,192,77830
34,256,79412
34,320,80436
34,384,81757
34,448,83162
34,512,84534
34,576,85340
34,640,87398
34,704,90689
34,768,92212
34,832,98506
34,896,100034
34,960,102363
34,1024,103718
34,1088,106726
34,1152,109327
34,1216,111175
34,1280,112731
34,1344,113850
34,1408,114624
34,1472,116135
34,1536,117870
34,1600,123756
34,1664,127751
34,1728,129279
34,1792,131022
34,1856,131146
34,1920,139051
34,1984,134907
34,2048,134907
35,0,16489
35,64,39535
35,128,73809
35,192,77933
35,256,79565
35,320,80537
35,384,81638
35,448,83005
35,512,84443
35,576,85541
35,640,88276
35,704,91339
35,768,92231
35,832,98432
35,896,100317
35,960,102067
35,1024,103558
35,1088,105741
35,1152,109328
35,1216,111810
35,1280,115322
35,1344,115390
35,1408,117784
35,1472,118068
35,1536,118092
35,1600,123200
35,1664,126214
35,1728,133267
35,1792,129818
35,1856,130029
35,1920,134737
35,1984,136618
35,2048,136618
36,0,16410
36,64,39785
36,128,74266
36,192,78087
36,256,79825
36,320,80537
36,384,81951
36,448,83108
36,512,84622
36,576,85123
36,640,87926
36,704,91349
36,768,92860
36,832,99117
36,896,101325
36,960,102264
36,1024,105933
36,1088,106295
36,1152,110240
36,1216,111791
36,1280,114254
36,1344,115130
36,1408,116636
36,1472,119944
36,1536,119841
36,1600,127446
36,1664,127364
36,1728,132757
36,1792,132229
36,1856,130811
36,1920,132009
36,1984,133966
36,2048,133966
37,0,16481
37,64,40782
37,128,79556
37,192,83817
37,256,85318
37,320,86216
37,384,87764
37,448,89037
37,512,89966
37,576,90495
37,640,92716
37,704,96524
37,768,98362
37,832,103729
37,896,106290
37,960,106687
37,1024,108311
37,1088,110442
37,1152,112163
37,1216,115223
37,1280,118479
37,1344,122136
37,1408,121875
37,1472,121839
37,1536,123503
37,1600,132709
37,1664,135051
37,1728,133537
37,1792,137316
37,1856,136526
37,1920,136529
37,1984,144478
37,2048,144478
38,0,16455
38,64,41111
38,128,80096
38,192,83820
38,256,85448
38,320,86367
38,384,87928
38,448,88938
38,512,90203
38,576,91573
38,640,93199
38,704,96607
38,768,98873
38,832,103730
38,896,105930
38,960,107284
38,1024,108873
38,1088,111803
38,1152,112983
38,1216,116268
38,1280,118359
38,1344,120919
38,1408,122170
38,1472,123410
38,1536,126685
38,1600,132189
38,1664,137193
38,1728,133508
38,1792,135118
38,1856,138686
38,1920,137915
38,1984,143860
38,2048,143860
39,0,16517
39,64,41292
39,128,80438
39,192,83009
39,256,85701
39,320,86624
39,384,87773
39,448,89115
39,512,90502
39,576,91610
39,640,93950
39,704,96935
39,768,98720
39,832,104575
39,896,106077
39,960,108472
39,1024,109915
39,1088,111062
39,1152,112817
39,1216,114852
39,1280,118563
39,1344,121581
39,1408,124659
39,1472,123900
39,1536,125097
39,1600,130948
39,1664,133194
39,1728,136034
39,1792,134525
39,1856,135773
39,1920,137054
39,1984,140387
39,2048,140387
40,0,16583
40,64,41788
40,128,80993
40,192,82988
40,256,86001
40,320,86819
40,384,87930
40,448,89401
40,512,90397
40,576,91899
40,640,94885
40,704,95907
40,768,99205
40,832,105290
40,896,106657
40,960,109519
40,1024,109740
40,1088,111908
40,1152,115076
40,1216,115804
40,1280,119550
40,1344,121562
40,1408,123847
40,1472,126316
40,1536,127032
40,1600,134145
40,1664,133183
40,1728,134569
40,1792,138493
40,1856,138453
40,1920,142050
40,1984,140351
40,2048,140351
41,0,17011
41,64,43783
41,128,85904
41,192,90204
41,256,92197
41,320,92615
41,384,94199
41,448,95199
41,512,96650
41,576,98448
41,640,100148
41,704,102993
41,768,104295
41,832,110749
41,896,111803
41,960,113435
41,1024,116479
41,1088,117036
41,1152,120194
41,1216,119918
41,1280,121073
41,1344,125078
41,1408,128032
41,1472,128825
41,1536,130507
41,1600,136588
41,1664,139489
41,1728,139681
41,1792,139470
41,1856,142551
41,1920,143522
41,1984,147447
41,2048,147447
42,0,17111
42,64,44562
42,128,86670
42,192,90288
42,256,92190
42,320,92655
42,384,94349
42,448,95361
42,512,96809
42,576,98237
42,640,100652
42,704,103279
42,768,104848
42,832,110479
42,896,112760
42,960,113848
42,1024,116561
42,1088,116887
42,1152,119496
42,1216,121965
42,1280,122057
42,1344,126251
42,1408,128221
42,1472,130232
42,1536,133620
42,1600,137405
42,1664,138056
42,1728,139648
42,1792,140670
42,1856,146028
42,1920,143349
42,1984,145154
42,2048,145154
43,0,17201
43,64,44772
43,128,85803
43,192,90474
43,256,92086
43,320,92913
43,384,94148
43,448,95618
43,512,96685
43,576,98540
43,640,100284
43,704,103711
43,768,105053
43,832,110961
43,896,113394
43,960,114403
43,1024,115469
43,1088,117509
43,1152,119544
43,1216,122567
43,1280,122035
43,1344,124471
43,1408,128446
43,1472,130585
43,1536,132125
43,1600,137974
43,1664,139364
43,1728,143126
43,1792,142128
43,1856,152603
43,1920,148852
43,1984,147496
43,2048,147496
44,0,17181
44,64,45114
44,128,85926
44,192,90675
44,256,92266
44,320,93264
44,384,94323
44,448,95850
44,512,96868
44,576,98866
44,640,100274
44,704,104309
44,768,105387
44,832,110965
44,896,113942
44,960,114470
44,1024,116315
44,1088,119030
44,1152,120223
44,1216,120163
44,1280,122245
44,1344,125041
44,1408,129238
44,1472,130763
44,1536,132763
44,1600,140689
44,1664,139784
44,1728,141882
44,1792,144583
44,1856,146175
44,1920,144586
44,1984,145173
44,2048,145173
45,0,17225
45,64,46273
45,128,90147
45,192,96597
45,256,98009
45,320,98943
45,384,99206
45,448,101044
45,512,102398
45,576,103542
45,640,106529
45,704,108355
45,768,110962
45,832,116319
45,896,117363
45,960,119869
45,1024,120984
45,1088,124054
45,1152,124274
45,1216,125517
45,1280,128965
45,1344,127870
45,1408,129551
45,1472,134332
45,1536,137137
45,1600,142830
45,1664,146685
45,1728,146382
45,1792,146244
45,1856,148054
45,1920,155482
45,1984,155191
45,2048,155191
46,0,17212
46,64,46708
46,128,91109
46,192,96699
46,256,98100
46,320,98968
46,384,99992
46,448,101240
46,512,101870
46,576,103165
46,640,106030
46,704,108851
46,768,111237
46,832,116951
46,896,117088
46,960,120607
46,1024,121768
46,1088,123163
46,1152,125046
46,1216,126117
46,1280,127496
46,1344,128784
46,1408,130082
46,1472,135513
46,1536,137259
46,1600,143957
46,1664,148126
46,1728,149616
46,1792,153045
46,1856,152802
46,1920,153081
46,1984,152633
46,2048,152633
47,0,17293
47,64,46917
47,128,91371
47,192,96850
47,256,98309
47,320,99203
47,384,100358
47,448,101350
47,512,102469
47,576,104083
47,640,106010
47,704,108849
47,768,111774
47,832,116812
47,896,118600
47,960,121097
47,1024,121406
47,1088,123680
47,1152,126894
47,1216,126259
47,1280,127990
47,1344,131136
47,1408,130264
47,1472,133122
47,1536,137067
47,1600,144077
47,1664,146074
47,1728,157862
47,1792,150449
47,1856,149479
47,1920,155949
47,1984,159519
47,2048,159519
48,0,17285
48,64,47395
48,128,91958
48,192,97108
48,256,98618
48,320,99526
48,384,100741
48,448,101640
48,512,102818
48,576,104860
48,640,105814
48,704,109459
48,768,112266
48,832,117395
48,896,119036
48,960,122240
48,1024,122318
48,1088,124285
48,1152,128151
48,1216,127426
48,1280,129286
48,1344,132974
48,1408,131395
48,1472,133458
48,1536,138185
48,1600,143859
48,1664,145860
48,1728,152512
48,1792,149345
48,1856,149858
48,1920,155714
48,1984,155203
48,2048,155203
49,0,17356
49,64,48887
49,128,97424
49,192,100729
49,256,104309
49,320,105262
49,384,105767
49,448,107219
49,512,108715
49,576,109816
49,640,112808
49,704,114959
49,768,116309
49,832,122631
49,896,123933
49,960,125610
49,1024,128166
49,1088,127668
49,1152,129992
49,1216,133491
49,1280,133763
49,1344,134256
49,1408,137827
49,1472,137522
49,1536,137760
49,1600,148055
49,1664,148971
49,1728,152286
49,1792,155756
49,1856,153639
49,1920,155234
49,1984,159234
49,2048,159234
50,0,17348
50,64,49770
50,128,98259
50,192,100821
50,256,104484
50,320,105402
50,384,105888
50,448,106956
50,512,108818
50,576,110060
50,640,112130
50,704,115349
50,768,116626
50,832,123525
50,896,123821
50,960,125940
50,1024,129216
50,1088,128776
50,1152,130711
50,1216,134213
50,1280,133718
50,1344,134700
50,1408,139064
50,1472,137955
50,1536,138778
50,1600,149338
50,1664,150142
50,1728,152661
50,1792,153882
50,1856,154270
50,1920,156000
50,1984,157027
50,2048,157027
51,0,17388
51,64,49989
51,128,98725
51,192,101015
51,256,104651
51,320,105591
51,384,106031
51,448,107122
51,512,109072
51,576,110298
51,640,112205
51,704,114855
51,768,115907
51,832,123967
51,896,124513
51,960,126271
51,1024,130449
51,1088,129757
51,1152,131026
51,1216,132644
51,1280,133960
51,1344,135369
51,1408,136420
51,1472,140131
51,1536,139644
51,1600,149470
51,1664,150723
51,1728,152383
51,1792,155360
51,1856,165235
51,1920,158349
51,1984,158766
51,2048,158766
52,0,17408
52,64,50352
52,128,99320
52,192,101289
52,256,104474
52,320,105913
52,384,106343
52,448,107455
52,512,108833
52,576,110890
52,640,112807
52,704,115563
52,768,117472
52,832,124982
52,896,125242
52,960,126601
52,1024,128180
52,1088,130518
52,1152,132100
52,1216,133720
52,1280,136333
52,1344,135787
52,1408,137540
52,1472,141450
52,1536,140002
52,1600,147125
52,1664,150879
52,1728,153082
52,1792,155428
52,1856,158456
52,1920,168143
52,1984,162703
52,2048,162703
53,0,17449
53,64,51499
53,128,103586
53,192,107234
53,256,109941
53,320,111360
53,384,112071
53,448,113336
53,512,114456
53,576,115572
53,640,118598
53,704,120681
53,768,122498
53,832,128145
53,896,130533
53,960,131631
53,1024,132798
53,1088,135931
53,1152,134718
53,1216,137340
53,1280,140653
53,1344,140657
53,1408,141437
53,1472,142333
53,1536,145782
53,1600,149702
53,1664,151039
53,1728,156402
53,1792,158175
53,1856,160109
53,1920,167220
53,1984,163786
53,2048,163786
54,0,17430
54,64,51907
54,128,103502
54,192,107669
54,256,110055
54,320,111003
54,384,112276
54,448,113309
54,512,114535
54,576,115687
54,640,117941
54,704,121228
54,768,122987
54,832,128311
54,896,131139
54,960,131516
54,1024,132947
54,1088,136668
54,1152,136693
54,1216,137925
54,1280,139437
54,1344,142785
54,1408,142620
54,1472,143577
54,1536,147905
54,1600,149919
54,1664,151413
54,1728,157667
54,1792,159595
54,1856,161361
54,1920,163668
54,1984,168185
54,2048,168185
55,0,17487
55,64,52075
55,128,104441
55,192,108018
55,256,110251
55,320,111011
55,384,112224
55,448,113509
55,512,114696
55,576,115890
55,640,118152
55,704,121049
55,768,122631
55,832,129050
55,896,131740
55,960,131854
55,1024,133746
55,1088,135585
55,1152,138189
55,1216,138874
55,1280,139708
55,1344,143453
55,1408,142155
55,1472,143524
55,1536,145010
55,1600,151020
55,1664,152292
55,1728,154413
55,1792,159951
55,1856,160900
55,1920,164186
55,1984,169810
55,2048,169810
56,0,17477
56,64,52379
56,128,105280
56,192,108369
56,256,110637
56,320,111355
56,384,112368
56,448,113715
56,512,115026
56,576,116416
56,640,118496
56,704,121881
56,768,123570
56,832,128818
56,896,132382
56,960,131600
56,1024,134645
56,1088,136020
56,1152,138984
56,1216,138765
56,1280,140436
56,1344,144539
56,1408,143291
56,1472,144662
56,1536,145256
56,1600,153525
56,1664,152289
56,1728,154486
56,1792,160888
56,1856,161845
56,1920,164769
56,1984,166320
56,2048,166320
57,0,17575
57,64,54215
57,128,109461
57,192,113516
57,256,116158
57,320,117108
57,384,118207
57,448,118613
57,512,119707
57,576,121999
57,640,124550
57,704,126882
57,768,128785
57,832,134073
57,896,135371
57,960,137798
57,1024,137988
57,1088,140707
57,1152,143557
57,1216,143862
57,1280,144913
57,1344,145828
57,1408,149479
57,1472,148374
57,1536,149231
57,1600,158362
57,1664,158054
57,1728,159460
57,1792,166724
57,1856,166555
57,1920,167352
57,1984,170072
57,2048,170072
58,0,17568
58,64,54913
58,128,110483
58,192,114049
58,256,116283
58,320,117294
58,384,118422
58,448,118838
58,512,119901
58,576,121658
58,640,124874
58,704,127365
58,768,128853
58,832,134363
58,896,135847
58,960,138734
58,1024,138765
58,1088,140702
58,1152,142427
58,1216,145648
58,1280,145952
58,1344,146741
58,1408,150606
58,1472,149568
58,1536,150307
58,1600,156298
58,1664,160101
58,1728,158475
58,1792,162121
58,1856,166230
58,1920,168266
58,1984,170763
58,2048,170763
59,0,17624
59,64,55118
59,128,110887
59,192,114380
59,256,116491
59,320,117324
59,384,118640
59,448,119129
59,512,120224
59,576,121743
59,640,123815
59,704,126722
59,768,129282
59,832,135122
59,896,136500
59,960,139430
59,1024,139568
59,1088,141368
59,1152,142620
59,1216,146408
59,1280,145581
59,1344,146795
59,1408,148283
59,1472,152183
59,1536,152139
59,1600,157426
59,1664,161872
59,1728,159762
59,1792,161404
59,1856,162633
59,1920,168798
59,1984,169888
59,2048,169888
60,0,17613
60,64,55448
60,128,111795
60,192,114680
60,256,116778
60,320,117636
60,384,118822
60,448,119362
60,512,120576
60,576,122198
60,640,124211
60,704,127157
60,768,129671
60,832,134869
60,896,136536
60,960,140299
60,1024,140522
60,1088,142095
60,1152,143662
60,1216,147307
60,1280,146664
60,1344,147943
60,1408,148632
60,1472,152780
60,1536,151985
60,1600,158656
60,1664,159658
60,1728,162330
60,1792,161112
60,1856,164064
60,1920,169772
60,1984,170746
60,2048,170746
61,0,17642
61,64,56614
61,128,114905
61,192,120183
61,256,121427
61,320,123438
61,384,124674
61,448,125049
61,512,126268
61,576,127907
61,640,129938
61,704,132777
61,768,135388
61,832,139953
61,896,141742
61,960,143032
61,1024,146048
61,1088,145654
61,1152,147756
61,1216,148477
61,1280,152789
61,1344,152828
61,1408,153385
61,1472,157184
61,1536,156743
61,1600,161581
61,1664,163061
61,1728,166848
61,1792,167099
61,1856,174113
61,1920,170532
61,1984,174453
61,2048,174453
62,0,17623
62,64,56860
62,128,115765
62,192,120375
62,256,122406
62,320,123664
62,384,124842
62,448,125247
62,512,126488
62,576,128266
62,640,129951
62,704,132723
62,768,135199
62,832,140125
62,896,142111
62,960,143344
62,1024,146996
62,1088,146533
62,1152,148579
62,1216,149018
62,1280,153363
62,1344,152191
62,1408,153515
62,1472,155060
62,1536,158978
62,1600,161085
62,1664,162627
62,1728,164104
62,1792,169203
62,1856,168620
62,1920,171604
62,1984,175552
62,2048,175552
63,0,17673
63,64,56607
63,128,115135
63,192,120520
63,256,122641
63,320,123906
63,384,125130
63,448,125505
63,512,126779
63,576,128658
63,640,131132
63,704,133319
63,768,135635
63,832,140823
63,896,142766
63,960,144082
63,1024,147794
63,1088,147165
63,1152,151119
63,1216,150453
63,1280,154699
63,1344,153119
63,1408,154607
63,1472,155657
63,1536,162553
63,1600,162185
63,1664,164408
63,1728,164420
63,1792,170822
63,1856,169639
63,1920,179052
63,1984,173721
63,2048,173721
64,0,17690
64,64,54467
64,128,110540
64,192,120824
64,256,122959
64,320,124007
64,384,125463
64,448,125819
64,512,127188
64,576,128960
64,640,131762
64,704,134047
64,768,136332
64,832,141553
64,896,143340
64,960,144755
64,1024,148772
64,1088,147141
64,1152,150783
64,1216,150984
64,1280,155130
64,1344,154180
64,1408,155381
64,1472,156311
64,1536,162477
64,1600,164631
64,1664,171828
64,1728,167705
64,1792,171925
64,1856,169486
64,1920,172926
64,1984,171837
64,2048,171837
65,0,17831
65,64,29615
65,128,75580
65,192,123827
65,256,127002
65,320,128542
65,384,129914
65,448,131066
65,512,131656
65,576,133167
65,640,134785
65,704,137973
65,768,139916
65,832,146029
65,896,147075
65,960,149044
65,1024,149913
65,1088,153307
65,1152,153271
65,1216,154776
65,1280,156407
65,1344,159586
65,1408,158517
65,1472,160304
65,1536,161027
65,1600,169921
65,1664,170339
65,1728,176773
65,1792,173289
65,1856,176381
65,1920,174035
65,1984,175813
65,2048,175813
66,0,17817
66,64,19275
66,128,63826
66,192,123973
66,256,127208
66,320,128710
66,384,130037
66,448,131274
66,512,131837
66,576,133152
66,640,135055
66,704,138515
66,768,140263
66,832,146889
66,896,147668
66,960,149762
66,1024,150631
66,1088,154429
66,1152,154272
66,1216,155459
66,1280,156993
66,1344,161140
66,1408,160081
66,1472,165356
66,1536,162981
66,1600,171534
66,1664,169683
66,1728,171894
66,1792,171709
66,1856,177794
66,1920,175243
66,1984,177534
66,2048,177534
67,0,17857
67,64,18040
67,128,62127
67,192,124142
67,256,127447
67,320,128881
67,384,130270
67,448,131452
67,512,132129
67,576,133607
67,640,135627
67,704,138904
67,768,140391
67,832,146774
67,896,147688
67,960,150090
67,1024,151306
67,1088,155372
67,1152,154854
67,1216,156337
67,1280,157687
67,1344,161936
67,1408,160391
67,1472,161578
67,1536,162473
67,1600,168641
67,1664,172520
67,1728,171064
67,1792,172749
67,1856,174733
67,1920,180187
67,1984,187949
67,2048,187949
68,0,17849
68,64,17875
68,128,62010
68,192,124554
68,256,127855
68,320,129223
68,384,130621
68,448,131529
68,512,132462
68,576,133966
68,640,135812
68,704,139182
68,768,141013
68,832,147917
68,896,148870
68,960,150811
68,1024,152292
68,1088,155955
68,1152,155320
68,1216,156039
68,1280,157923
68,1344,160145
68,1408,162231
68,1472,161798
68,1536,163447
68,1600,169415
68,1664,173960
68,1728,172285
68,1792,175349
68,1856,175297
68,1920,180343
68,1984,180733
68,2048,180733
69,0,17915
69,64,17928
69,128,62806
69,192,129964
69,256,133265
69,320,134659
69,384,136349
69,448,137498
69,512,137996
69,576,139589
69,640,142027
69,704,144616
69,768,145011
69,832,152383
69,896,153280
69,960,154322
69,1024,156106
69,1088,156451
69,1152,159852
69,1216,160455
69,1280,162093
69,1344,163280
69,1408,167887
69,1472,166602
69,1536,167711
69,1600,173375
69,1664,178078
69,1728,176261
69,1792,176007
69,1856,177889
69,1920,179637
69,1984,184830
69,2048,184830
70,0,17914
70,64,17926
70,128,63235
70,192,130118
70,256,133426
70,320,135007
70,384,136348
70,448,137681
70,512,138188
70,576,139834
70,640,142619
70,704,144926
70,768,145353
70,832,151827
70,896,154263
70,960,154923
70,1024,156969
70,1088,158022
70,1152,160899
70,1216,161380
70,1280,163335
70,1344,164126
70,1408,168778
70,1472,167281
70,1536,167294
70,1600,173648
70,1664,175024
70,1728,178725
70,1792,176878
70,1856,179100
70,1920,180260
70,1984,186881
70,2048,186881
71,0,17975
71,64,17944
71,128,63748
71,192,130251
71,256,133609
71,320,135128
71,384,136485
71,448,137669
71,512,138441
71,576,140265
71,640,143046
71,704,144298
71,768,146018
71,832,152139
71,896,154819
71,960,155353
71,1024,157643
71,1088,158730
71,1152,161553
71,1216,161927
71,1280,163921
71,1344,164382
71,1408,166943
71,1472,169521
71,1536,168112
71,1600,174269
71,1664,175922
71,1728,180144
71,1792,178419
71,1856,180011
71,1920,180586
71,1984,182525
71,2048,182525
72,0,17933
72,64,17930
72,128,64538
72,192,130848
72,256,133983
72,320,135493
72,384,136823
72,448,138225
72,512,138828
72,576,140750
72,640,141997
72,704,144714
72,768,147272
72,832,152993
72,896,155461
72,960,155121
72,1024,158386
72,1088,159485
72,1152,162427
72,1216,163757
72,1280,163514
72,1344,164458
72,1408,166876
72,1472,170351
72,1536,169312
72,1600,175389
72,1664,180639
72,1728,182932
72,1792,182521
72,1856,180040
72,1920,181695
72,1984,182453
72,2048,182453
73,0,18001
73,64,17971
73,128,66822
73,192,136217
73,256,139339
73,320,141108
73,384,142444
73,448,143729
73,512,144432
73,576,144652
73,640,146527
73,704,150040
73,768,151843
73,832,156813
73,896,158907
73,960,161046
73,1024,163043
73,1088,163520
73,1152,163318
73,1216,168817
73,1280,167987
73,1344,169642
73,1408,170961
73,1472,174601
73,1536,173880
73,1600,174494
73,1664,180512
73,1728,185718
73,1792,187715
73,1856,184358
73,1920,185864
73,1984,186577
73,2048,186577
74,0,18000
74,64,18000
74,128,67431
74,192,136509
74,256,139485
74,320,141342
74,384,142596
74,448,143864
74,512,144333
74,576,144867
74,640,146073
74,704,150356
74,768,152379
74,832,157996
74,896,160173
74,960,161379
74,1024,162116
74,1088,163965
74,1152,163911
74,1216,170011
74,1280,169096
74,1344,170618
74,1408,171245
74,1472,172490
74,1536,176449
74,1600,178150
74,1664,181113
74,1728,182817
74,1792,187876
74,1856,185376
74,1920,185293
74,1984,187253
74,2048,187253
75,0,18065
75,64,18067
75,128,68482
75,192,136783
75,256,139671
75,320,141553
75,384,142875
75,448,143276
75,512,144526
75,576,145126
75,640,147088
75,704,150673
75,768,152935
75,832,158176
75,896,159526
75,960,161818
75,1024,161870
75,1088,164551
75,1152,164536
75,1216,170714
75,1280,169705
75,1344,169784
75,1408,171454
75,1472,172258
75,1536,177470
75,1600,180369
75,1664,181681
75,1728,182396
75,1792,184107
75,1856,188493
75,1920,186686
75,1984,188692
75,2048,188692
76,0,18019
76,64,18032
76,128,68759
76,192,137311
76,256,140089
76,320,141880
76,384,143268
76,448,143501
76,512,144884
76,576,145622
76,640,147999
76,704,151270
76,768,153516
76,832,155760
76,896,159845
76,960,162712
76,1024,163362
76,1088,165364
76,1152,165413
76,1216,171966
76,1280,171906
76,1344,171091
76,1408,172650
76,1472,173995
76,1536,178943
76,1600,187562
76,1664,182075
76,1728,183491
76,1792,184869
76,1856,190267
76,1920,188393
76,1984,189688
76,2048,189688
77,0,18095
77,64,18093
77,128,70479
77,192,140884
77,256,145505
77,320,147317
77,384,147455
77,448,148814
77,512,150545
77,576,151020
77,640,153181
77,704,156244
77,768,156417
77,832,162955
77,896,164974
77,960,167741
77,1024,168309
77,1088,169670
77,1152,169127
77,1216,172313
77,1280,176538
77,1344,175515
77,1408,176962
77,1472,178216
77,1536,178479
77,1600,188783
77,1664,185438
77,1728,187568
77,1792,188394
77,1856,194331
77,1920,195741
77,1984,192434
77,2048,192434
78,0,18063
78,64,18068
78,128,71865
78,192,142277
78,256,145771
78,320,147587
78,384,147630
78,448,149009
78,512,150669
78,576,151164
78,640,153658
78,704,156754
78,768,156153
78,832,163699
78,896,165303
78,960,168594
78,1024,168865
78,1088,169341
78,1152,169668
78,1216,172757
78,1280,177518
78,1344,176151
78,1408,177333
78,1472,178840
78,1536,178882
78,1600,189294
78,1664,186391
78,1728,188102
78,1792,188689
78,1856,191018
78,1920,196394
78,1984,192980
78,2048,192980
79,0,18154
79,64,18143
79,128,70057
79,192,142767
79,256,146014
79,320,147831
79,384,147882
79,448,149221
79,512,150851
79,576,151530
79,640,154694
79,704,155889
79,768,157506
79,832,164280
79,896,165579
79,960,169166
79,1024,169311
79,1088,169661
79,1152,170549
79,1216,173555
79,1280,178397
79,1344,177328
79,1408,177502
79,1472,184334
79,1536,180750
79,1600,190285
79,1664,187435
79,1728,187660
79,1792,189112
79,1856,190739
79,1920,196897
79,1984,194129
79,2048,194129
80,0,18133
80,64,18163
80,128,72476
80,192,143428
80,256,146318
80,320,148193
80,384,148347
80,448,149692
80,512,151244
80,576,152146
80,640,155540
80,704,156796
80,768,158624
80,832,164828
80,896,166535
80,960,170171
80,1024,170300
80,1088,170681
80,1152,171824
80,1216,174716
80,1280,179234
80,1344,178913
80,1408,178057
80,1472,181407
80,1536,180758
80,1600,191294
80,1664,191044
80,1728,189609
80,1792,190819
80,1856,191963
80,1920,199009
80,1984,197778
80,2048,197778
81,0,18520
81,64,18969
81,128,71064
81,192,147649
81,256,151691
81,320,151721
81,384,153821
81,448,155211
81,512,156481
81,576,157567
81,640,157912
81,704,161331
81,768,163675
81,832,169347
81,896,171171
81,960,172058
81,1024,175146
81,1088,175533
81,1152,177727
81,1216,178741
81,1280,179398
81,1344,183162
81,1408,183212
81,1472,184080
81,1536,184235
81,1600,190183
81,1664,196468
81,1728,199897
81,1792,203727
81,1856,199562
81,1920,207411
81,1984,205127
81,2048,205127
82,0,18218
82,64,18319
82,128,71543
82,192,149177
82,256,151919
82,320,151903
82,384,154017
82,448,155408
82,512,157020
82,576,158080
82,640,158203
82,704,161738
82,768,164021
82,832,170309
82,896,170829
82,960,172640
82,1024,176091
82,1088,176187
82,1152,178351
82,1216,179094
82,1280,179932
82,1344,184341
82,1408,183167
82,1472,183336
82,1536,185210
82,1600,190418
82,1664,196496
82,1728,196073
82,1792,197866
82,1856,205579
82,1920,213706
82,1984,208855
82,2048,208855
83,0,18203
83,64,18227
83,128,71743
83,192,150144
83,256,152108
83,320,152092
83,384,154302
83,448,155651
83,512,157291
83,576,157712
83,640,158525
83,704,162359
83,768,164416
83,832,170695
83,896,171068
83,960,173062
83,1024,176660
83,1088,176710
83,1152,177593
83,1216,179628
83,1280,180833
83,1344,185793
83,1408,185492
83,1472,184118
83,1536,186005
83,1600,191118
83,1664,197330
83,1728,197584
83,1792,195123
83,1856,199220
83,1920,203482
83,1984,203203
83,2048,203203
84,0,18268
84,64,18272
84,128,71965
84,192,150725
84,256,152534
84,320,152546
84,384,154585
84,448,155671
84,512,157599
84,576,158008
84,640,159092
84,704,163413
84,768,165196
84,832,167479
84,896,171889
84,960,173931
84,1024,177920
84,1088,177791
84,1152,178193
84,1216,180471
84,1280,182121
84,1344,186813
84,1408,186911
84,1472,185268
84,1536,187165
84,1600,191980
84,1664,194086
84,1728,198028
84,1792,196031
84,1856,198502
84,1920,199927
84,1984,199861
84,2048,199861
85,0,18293
85,64,18279
85,128,73183
85,192,154248
85,256,157264
85,320,157844
85,384,160046
85,448,161531
85,512,162652
85,576,163340
85,640,164597
85,704,168045
85,768,169556
85,832,171266
85,896,176501
85,960,178747
85,1024,182239
85,1088,182745
85,1152,183035
85,1216,184962
85,1280,186061
85,1344,186492
85,1408,191054
85,1472,189543
85,1536,192464
85,1600,192896
85,1664,196215
85,1728,202341
85,1792,201413
85,1856,200414
85,1920,203261
85,1984,203254
85,2048,203254
86,0,18286
86,64,18296
86,128,73281
86,192,155720
86,256,156463
86,320,157944
86,384,160235
86,448,161617
86,512,162089
86,576,163573
86,640,164915
86,704,167736
86,768,169098
86,832,174359
86,896,177469
86,960,179153
86,1024,179578
86,1088,183315
86,1152,183745
86,1216,185880
86,1280,186331
86,1344,187063
86,1408,192335
86,1472,191175
86,1536,197990
86,1600,197195
86,1664,198025
86,1728,203902
86,1792,204648
86,1856,201735
86,1920,204549
86,1984,204966
86,2048,204966
87,0,18410
87,64,18414
87,128,73724
87,192,156040
87,256,156215
87,320,158195
87,384,160387
87,448,161869
87,512,162029
87,576,163767
87,640,165322
87,704,168817
87,768,169401
87,832,175559
87,896,177890
87,960,179673
87,1024,179957
87,1088,183887
87,1152,183940
87,1216,183878
87,1280,186640
87,1344,187604
87,1408,193340
87,1472,193516
87,1536,198207
87,1600,198091
87,1664,198459
87,1728,200091
87,1792,205388
87,1856,202597
87,1920,205309
87,1984,205809
87,2048,205809
88,0,18407
88,64,18411
88,128,74041
88,192,156890
88,256,156501
88,320,158332
88,384,160849
88,448,162274
88,512,162423
88,576,163491
88,640,165958
88,704,169838
88,768,170343
88,832,176478
88,896,178513
88,960,179381
88,1024,180324
88,1088,184772
88,1152,185014
88,1216,185094
88,1280,187475
88,1344,188600
88,1408,194168
88,1472,194979
88,1536,198110
88,1600,198756
88,1664,199232
88,1728,200884
88,1792,206567
88,1856,203739
88,1920,204417
88,1984,206258
88,2048,206258
89,0,18460
89,64,18471
89,128,76010
89,192,160693
89,256,161947
89,320,163963
89,384,166391
89,448,167255
89,512,168061
89,576,169886
89,640,171375
89,704,171998
89,768,174758
89,832,180847
89,896,182801
89,960,183900
89,1024,185530
89,1088,189138
89,1152,189973
89,1216,189790
89,1280,192139
89,1344,192833
89,1408,193224
89,1472,199050
89,1536,204505
89,1600,198902
89,1664,204818
89,1728,214084
89,1792,212223
89,1856,212959
89,1920,211336
89,1984,224730
89,2048,224730
90,0,18432
90,64,18428
90,128,76579
90,192,161963
90,256,162043
90,320,164135
90,384,166504
90,448,166775
90,512,168217
90,576,170077
90,640,171226
90,704,172279
90,768,175535
90,832,181733
90,896,182174
90,960,184671
90,1024,186140
90,1088,189736
90,1152,190709
90,1216,190370
90,1280,192783
90,1344,193046
90,1408,193621
90,1472,199546
90,1536,202693
90,1600,198492
90,1664,204443
90,1728,206102
90,1792,206361
90,1856,212687
90,1920,209897
90,1984,214356
90,2048,214356
91,0,18509
91,64,18526
91,128,76769
91,192,162213
91,256,162250
91,320,164351
91,384,166723
91,448,166794
91,512,168378
91,576,170259
91,640,172339
91,704,173048
91,768,176493
91,832,182418
91,896,182617
91,960,185181
91,1024,186905
91,1088,187996
91,1152,191423
91,1216,191078
91,1280,193420
91,1344,193793
91,1408,194448
91,1472,200653
91,1536,201810
91,1600,201309
91,1664,205130
91,1728,205560
91,1792,206518
91,1856,213022
91,1920,210279
91,1984,211216
91,2048,211216
92,0,18485
92,64,18512
92,128,76980
92,192,162970
92,256,162609
92,320,164812
92,384,167123
92,448,167220
92,512,168812
92,576,170888
92,640,171591
92,704,173687
92,768,177560
92,832,183076
92,896,183294
92,960,185924
92,1024,187637
92,1088,188199
92,1152,192370
92,1216,192024
92,1280,192572
92,1344,194341
92,1408,195274
92,1472,201672
92,1536,202864
92,1600,205127
92,1664,206624
92,1728,209693
92,1792,215213
92,1856,220251
92,1920,216506
92,1984,213025
92,2048,213025
93,0,18636
93,64,18822
93,128,78246
93,192,166632
93,256,167970
93,320,170080
93,384,172449
93,448,172467
93,512,174243
93,576,176336
93,640,176331
93,704,178642
93,768,181970
93,832,182406
93,896,187601
93,960,190594
93,1024,192303
93,1088,192428
93,1152,197071
93,1216,196724
93,1280,196591
93,1344,198969
93,1408,199536
93,1472,201913
93,1536,207345
93,1600,220069
93,1664,211628
93,1728,218522
93,1792,214060
93,1856,214347
93,1920,219419
93,1984,215895
93,2048,215895
94,0,18753
94,64,18826
94,128,78579
94,192,167142
94,256,168030
94,320,170325
94,384,172689
94,448,172665
94,512,174445
94,576,176761
94,640,176648
94,704,179185
94,768,182880
94,832,183033
94,896,188499
94,960,191323
94,1024,191591
94,1088,192739
94,1152,198015
94,1216,198040
94,1280,197508
94,1344,199685
94,1408,199868
94,1472,201327
94,1536,207422
94,1600,210986
94,1664,209037
94,1728,213402
94,1792,212921
94,1856,213822
94,1920,219512
94,1984,217184
94,2048,217184
95,0,18550
95,64,18581
95,128,78800
95,192,167442
95,256,168109
95,320,170563
95,384,172874
95,448,172856
95,512,174653
95,576,177275
95,640,176993
95,704,179743
95,768,183244
95,832,183478
95,896,189066
95,960,191913
95,1024,192081
95,1088,192831
95,1152,198874
95,1216,198940
95,1280,198201
95,1344,200642
95,1408,200745
95,1472,201869
95,1536,208400
95,1600,209536
95,1664,210025
95,1728,213637
95,1792,214031
95,1856,223772
95,1920,223061
95,1984,222609
95,2048,222609
96,0,18535
96,64,18553
96,128,79117
96,192,164335
96,256,167769
96,320,170979
96,384,173276
96,448,173313
96,512,175152
96,576,177805
96,640,177431
96,704,180467
96,768,184018
96,832,184549
96,896,189967
96,960,192758
96,1024,192929
96,1088,194438
96,1152,199832
96,1216,200535
96,1280,199560
96,1344,201394
96,1408,201800
96,1472,203034
96,1536,209487
96,1600,210712
96,1664,211825
96,1728,214408
96,1792,214604
96,1856,217908
96,1920,224883
96,1984,231775
96,2048,231775
97,0,18681
97,64,18722
97,128,82062
97,192,103718
97,256,174431
97,320,175960
97,384,176003
97,448,178578
97,512,179778
97,576,180558
97,640,183069
97,704,184982
97,768,184638
97,832,192689
97,896,194424
97,960,195266
97,1024,197567
97,1088,198908
97,1152,199746
97,1216,203981
97,1280,203434
97,1344,203303
97,1408,205899
97,1472,206833
97,1536,207688
97,1600,216684
97,1664,219328
97,1728,215688
97,1792,218217
97,1856,220463
97,1920,233916
97,1984,231632
97,2048,231632
98,0,18848
98,64,19054
98,128,82744
98,192,88425
98,256,174635
98,320,176415
98,384,176573
98,448,178801
98,512,180616
98,576,180812
98,640,183384
98,704,185709
98,768,185723
98,832,193406
98,896,195131
98,960,195777
98,1024,198319
98,1088,199618
98,1152,200298
98,1216,205136
98,1280,204480
98,1344,203747
98,1408,206853
98,1472,207878
98,1536,208290
98,1600,220401
98,1664,231527
98,1728,218921
98,1792,220340
98,1856,221188
98,1920,227966
98,1984,229519
98,2048,229519
99,0,18831
99,64,18850
99,128,82942
99,192,85522
99,256,174829
99,320,176676
99,384,176807
99,448,179050
99,512,180865
99,576,181001
99,640,184022
99,704,186346
99,768,186562
99,832,194074
99,896,195157
99,960,196336
99,1024,198963
99,1088,199280
99,1152,200980
99,1216,206196
99,1280,205979
99,1344,205158
99,1408,207073
99,1472,207891
99,1536,208986
99,1600,219795
99,1664,222890
99,1728,217429
99,1792,219650
99,1856,220855
99,1920,223989
99,1984,228416
99,2048,228416
100,0,18775
100,64,18782
100,128,83224
100,192,83847
100,256,175291
100,320,177181
100,384,177289
100,448,179668
100,512,181401
100,576,181545
100,640,184658
100,704,187082
100,768,187433
100,832,194802
100,896,195273
100,960,197100
100,1024,199778
100,1088,199910
100,1152,202193
100,1216,207758
100,1280,207227
100,1344,206286
100,1408,208366
100,1472,208729
100,1536,209728
100,1600,220593
100,1664,221604
100,1728,218006
100,1792,218763
100,1856,221293
100,1920,222720
100,1984,224398
100,2048,224398
101,0,18864
101,64,18839
101,128,84372
101,192,83747
101,256,180519
101,320,182279
101,384,182448
101,448,184798
101,512,186466
101,576,186889
101,640,189888
101,704,189967
101,768,191795
101,832,198677
101,896,199375
101,960,201865
101,1024,203794
101,1088,204506
101,1152,206989
101,1216,210427
101,1280,212268
101,1344,213783
101,1408,211563
101,1472,213069
101,1536,213967
101,1600,216420
101,1664,224017
101,1728,222348
101,1792,222714
101,1856,224929
101,1920,226121
101,1984,228573
101,2048,228573
102,0,18819
102,64,18817
102,128,84727
102,192,84664
102,256,180727
102,320,182575
102,384,182698
102,448,184580
102,512,186735
102,576,187069
102,640,190121
102,704,190239
102,768,192582
102,832,199664
102,896,200319
102,960,202586
102,1024,204844
102,1088,204997
102,1152,207101
102,1216,208266
102,1280,212230
102,1344,211997
102,1408,211701
102,1472,213551
102,1536,214725
102,1600,216972
102,1664,226936
102,1728,228406
102,1792,235380
102,1856,229828
102,1920,230412
102,1984,243487
102,2048,243487
103,0,18842
103,64,18844
103,128,84855
103,192,85279
103,256,180928
103,320,182806
103,384,182949
103,448,185354
103,512,185892
103,576,187203
103,640,190826
103,704,190954
103,768,193340
103,832,200261
103,896,200893
103,960,203044
103,1024,203208
103,1088,205318
103,1152,207646
103,1216,208142
103,1280,213045
103,1344,212835
103,1408,217532
103,1472,215707
103,1536,215535
103,1600,219264
103,1664,227352
103,1728,227227
103,1792,226404
103,1856,226879
103,1920,228449
103,1984,233279
103,2048,233279
104,0,18846
104,64,18847
104,128,83889
104,192,85295
104,256,181348
104,320,183282
104,384,183469
104,448,185860
104,512,186094
104,576,187136
104,640,191780
104,704,191962
104,768,194034
104,832,200929
104,896,201818
104,960,203645
104,1024,203887
104,1088,206095
104,1152,208432
104,1216,209104
104,1280,213954
104,1344,213986
104,1408,214739
104,1472,214895
104,1536,215799
104,1600,220819
104,1664,228052
104,1728,228219
104,1792,226455
104,1856,226114
104,1920,229063
104,1984,231043
104,2048,231043
105,0,18888
105,64,18904
105,128,86756
105,192,86733
105,256,186648
105,320,188285
105,384,188584
105,448,191031
105,512,191178
105,576,193240
105,640,196874
105,704,197343
105,768,198684
105,832,198751
105,896,206336
105,960,208199
105,1024,208328
105,1088,210879
105,1152,211156
105,1216,213105
105,1280,217946
105,1344,218517
105,1408,217413
105,1472,219085
105,1536,220400
105,1600,224620
105,1664,226674
105,1728,240322
105,1792,232252
105,1856,231655
105,1920,233217
105,1984,233916
105,2048,233916
106,0,18910
106,64,18915
106,128,87676
106,192,87469
106,256,186738
106,320,188360
106,384,188814
106,448,191289
106,512,191386
106,576,193476
106,640,197136
106,704,197572
106,768,199240
106,832,199511
106,896,207042
106,960,208730
106,1024,208647
106,1088,211406
106,1152,211754
106,1216,213669
106,1280,218817
106,1344,219222
106,1408,217770
106,1472,218242
106,1536,220872
106,1600,225595
106,1664,226474
106,1728,237270
106,1792,235232
106,1856,238967
106,1920,236285
106,1984,235674
106,2048,235674
107,0,18948
107,64,18961
107,128,87947
107,192,87914
107,256,186901
107,320,187444
107,384,189169
107,448,191545
107,512,191628
107,576,193647
107,640,194657
107,704,197644
107,768,199806
107,832,199961
107,896,207806
107,960,208389
107,1024,209624
107,1088,211711
107,1152,212442
107,1216,214102
107,1280,216099
107,1344,219456
107,1408,218521
107,1472,218605
107,1536,221547
107,1600,223266
107,1664,227519
107,1728,235774
107,1792,235060
107,1856,233684
107,1920,232885
107,1984,235856
107,2048,235856
108,0,18965
108,64,18954
108,128,88178
108,192,88191
108,256,186789
108,320,187766
108,384,189663
108,448,192015
108,512,192108
108,576,194167
108,640,194975
108,704,199041
108,768,200390
108,832,200758
108,896,208724
108,960,208637
108,1024,210523
108,1088,212659
108,1152,213421
108,1216,215133
108,1280,216295
108,1344,220343
108,1408,219566
108,1472,219779
108,1536,222433
108,1600,223569
108,1664,228599
108,1728,236271
108,1792,236335
108,1856,234125
108,1920,233456
108,1984,240313
108,2048,240313
109,0,18983
109,64,18997
109,128,89295
109,192,89149
109,256,192641
109,320,192623
109,384,194607
109,448,197366
109,512,197489
109,576,199419
109,640,199476
109,704,203723
109,768,204646
109,832,205096
109,896,212494
109,960,213344
109,1024,214834
109,1088,215157
109,1152,217968
109,1216,219558
109,1280,220060
109,1344,224798
109,1408,225117
109,1472,224483
109,1536,226177
109,1600,231076
109,1664,232074
109,1728,234008
109,1792,239984
109,1856,238590
109,1920,237437
109,1984,241492
109,2048,241492
110,0,19003
110,64,19004
110,128,89747
110,192,89638
110,256,192812
110,320,192756
110,384,195015
110,448,197654
110,512,197730
110,576,199731
110,640,199792
110,704,204315
110,768,204673
110,832,209509
110,896,213807
110,960,214124
110,1024,215497
110,1088,215794
110,1152,218773
110,1216,220460
110,1280,221038
110,1344,226402
110,1408,226359
110,1472,225009
110,1536,225280
110,1600,240097
110,1664,234969
110,1728,234684
110,1792,242163
110,1856,241902
110,1920,239760
110,1984,241877
110,2048,241877
111,0,19001
111,64,18989
111,128,89976
111,192,89906
111,256,193025
111,320,192909
111,384,195193
111,448,197855
111,512,197945
111,576,200079
111,640,200057
111,704,205181
111,768,205291
111,832,210539
111,896,214452
111,960,214624
111,1024,216119
111,1088,216452
111,1152,219119
111,1216,219998
111,1280,221498
111,1344,227057
111,1408,226724
111,1472,225692
111,1536,225565
111,1600,235511
111,1664,234000
111,1728,234980
111,1792,242896
111,1856,242638
111,1920,240072
111,1984,240312
111,2048,240312
112,0,19018
112,64,19026
112,128,90254
112,192,90656
112,256,193465
112,320,192869
112,384,195678
112,448,198000
112,512,198232
112,576,200694
112,640,200858
112,704,206091
112,768,206447
112,832,211270
112,896,215234
112,960,215558
112,1024,217218
112,1088,217428
112,1152,220069
112,1216,220671
112,1280,222810
112,1344,228175
112,1408,228157
112,1472,226960
112,1536,227024
112,1600,235033
112,1664,235056
112,1728,236672
112,1792,244387
112,1856,247329
112,1920,256418
112,1984,246139
112,2048,246139
113,0,19129
113,64,19130
113,128,91754
113,192,91650
113,256,198431
113,320,198564
113,384,200175
113,448,200838
113,512,203061
113,576,205757
113,640,205843
113,704,210345
113,768,210423
113,832,215473
113,896,215988
113,960,219820
113,1024,221342
113,1088,221908
113,1152,224714
113,1216,224880
113,1280,226844
113,1344,227518
113,1408,232233
113,1472,231512
113,1536,230927
113,1600,238078
113,1664,238745
113,1728,239732
113,1792,242086
113,1856,252435
113,1920,255972
113,1984,246772
113,2048,246772
114,0,19144
114,64,19156
114,128,92767
114,192,92685
114,256,198167
114,320,198682
114,384,200423
114,448,201083
114,512,203840
114,576,206255
114,640,206411
114,704,210908
114,768,210881
114,832,216286
114,896,216387
114,960,220569
114,1024,220704
114,1088,222044
114,1152,225355
114,1216,225901
114,1280,227700
114,1344,228017
114,1408,233709
114,1472,233809
114,1536,232582
114,1600,238806
114,1664,239684
114,1728,240651
114,1792,242240
114,1856,250030
114,1920,251711
114,1984,246965
114,2048,246965
115,0,19129
115,64,19121
115,128,93078
115,192,93027
115,256,198897
115,320,198964
115,384,200774
115,448,201318
115,512,204121
115,576,206517
115,640,206847
115,704,211444
115,768,211498
115,832,216796
115,896,217112
115,960,221307
115,1024,221335
115,1088,222660
115,1152,225856
115,1216,226550
115,1280,228321
115,1344,228728
115,1408,234475
115,1472,234688
115,1536,233054
115,1600,234902
115,1664,240884
115,1728,246698
115,1792,252541
115,1856,251847
115,1920,252638
115,1984,257217
115,2048,257217
116,0,19199
116,64,19194
116,128,93365
116,192,93286
116,256,199490
116,320,199458
116,384,201921
116,448,201958
116,512,204617
116,576,204989
116,640,207412
116,704,212241
116,768,212468
116,832,217675
116,896,218017
116,960,222318
116,1024,222329
116,1088,223430
116,1152,224885
116,1216,226953
116,1280,229319
116,1344,230025
116,1408,235506
116,1472,235808
116,1536,233947
116,1600,234925
116,1664,241786
116,1728,247115
116,1792,247846
116,1856,251178
116,1920,252238
116,1984,251878
116,2048,251878
117,0,19243
117,64,19226
117,128,94346
117,192,94297
117,256,204554
117,320,204606
117,384,207083
117,448,207059
117,512,210016
117,576,209873
117,640,212886
117,704,215665
117,768,216921
117,832,221592
117,896,222172
117,960,226424
117,1024,226739
117,1088,227732
117,1152,228123
117,1216,231209
117,1280,231811
117,1344,233918
117,1408,238495
117,1472,239998
117,1536,238425
117,1600,238576
117,1664,245257
117,1728,246421
117,1792,247346
117,1856,248301
117,1920,255550
117,1984,255525
117,2048,255525
118,0,19217
118,64,19207
118,128,94885
118,192,94797
118,256,204839
118,320,204783
118,384,207320
118,448,207309
118,512,210229
118,576,210125
118,640,212762
118,704,214301
118,768,216958
118,832,222109
118,896,222818
118,960,227301
118,1024,227398
118,1088,228653
118,1152,228895
118,1216,232140
118,1280,232636
118,1344,234072
118,1408,236110
118,1472,240480
118,1536,239179
118,1600,239806
118,1664,246104
118,1728,247030
118,1792,248042
118,1856,248595
118,1920,257315
118,1984,257414
118,2048,257414
119,0,19294
119,64,19292
119,128,95105
119,192,95053
119,256,205156
119,320,204985
119,384,207541
119,448,207553
119,512,210539
119,576,210454
119,640,213629
119,704,213978
119,768,218124
119,832,219839
119,896,223479
119,960,228002
119,1024,228105
119,1088,229346
119,1152,229685
119,1216,233028
119,1280,233376
119,1344,235136
119,1408,236039
119,1472,241591
119,1536,241855
119,1600,243344
119,1664,244801
119,1728,247824
119,1792,248953
119,1856,249328
119,1920,258287
119,1984,258664
119,2048,258664
120,0,19323
120,64,19323
120,128,95382
120,192,95393
120,256,205896
120,320,205564
120,384,208051
120,448,208051
120,512,211034
120,576,210938
120,640,214309
120,704,214690
120,768,219067
120,832,220132
120,896,224221
120,960,228882
120,1024,228955
120,1088,230237
120,1152,230785
120,1216,234257
120,1280,234616
120,1344,236011
120,1408,236891
120,1472,242634
120,1536,243179
120,1600,244569
120,1664,245176
120,1728,248698
120,1792,249502
120,1856,250630
120,1920,259586
120,1984,259962
120,2048,259962
121,0,19339
121,64,19350
121,128,96532
121,192,96565
121,256,210532
121,320,210533
121,384,213007
121,448,213075
121,512,216172
121,576,216216
121,640,219692
121,704,219751
121,768,223554
121,832,223685
121,896,228599
121,960,228932
121,1024,233279
121,1088,233848
121,1152,235353
121,1216,237684
121,1280,238740
121,1344,240145
121,1408,240709
121,1472,246429
121,1536,247512
121,1600,249327
121,1664,249567
121,1728,253470
121,1792,253640
121,1856,254247
121,1920,256548
121,1984,263683
121,2048,263683
122,0,19399
122,64,19387
122,128,97562
122,192,97609
122,256,210944
122,320,210788
122,384,213311
122,448,213330
122,512,216245
122,576,216216
122,640,219705
122,704,219516
122,768,224304
122,832,224414
122,896,229251
122,960,229357
122,1024,234322
122,1088,234578
122,1152,235494
122,1216,236529
122,1280,239569
122,1344,240879
122,1408,241312
122,1472,247891
122,1536,248327
122,1600,250212
122,1664,250400
122,1728,254513
122,1792,254722
122,1856,255763
122,1920,256215
122,1984,264558
122,2048,264558
123,0,19418
123,64,19394
123,128,97993
123,192,98050
123,256,211231
123,320,210975
123,384,213566
123,448,213583
123,512,216457
123,576,216485
123,640,220446
123,704,220582
123,768,224835
123,832,224976
123,896,229938
123,960,230130
123,1024,235121
123,1088,235326
123,1152,236218
123,1216,236573
123,1280,240061
123,1344,240634
123,1408,242055
123,1472,250768
123,1536,249328
123,1600,250686
123,1664,251196
123,1728,255059
123,1792,255411
123,1856,257239
123,1920,256576
123,1984,265617
123,2048,265617
124,0,19420
124,64,19396
124,128,98346
124,192,98287
124,256,211983
124,320,211162
124,384,214141
124,448,214224
124,512,216953
124,576,217013
124,640,221265
124,704,221439
124,768,225879
124,832,225994
124,896,230346
124,960,230986
124,1024,236064
124,1088,236146
124,1152,237184
124,1216,237567
124,1280,240736
124,1344,241249
124,1408,242802
124,1472,245858
124,1536,249883
124,1600,250640
124,1664,251577
124,1728,253701
124,1792,257787
124,1856,266997
124,1920,260942
124,1984,267041
124,2048,267041
125,0,19452
125,64,19445
125,128,99276
125,192,99187
125,256,216023
125,320,216581
125,384,219221
125,448,219182
125,512,222199
125,576,222176
125,640,226595
125,704,226555
125,768,230177
125,832,230001
125,896,234896
125,960,235088
125,1024,240166
125,1088,240303
125,1152,241352
125,1216,241590
125,1280,246892
125,1344,246274
125,1408,247225
125,1472,247674
125,1536,254251
125,1600,254430
125,1664,256154
125,1728,256424
125,1792,260498
125,1856,262967
125,1920,261580
125,1984,263399
125,2048,263399
126,0,19451
126,64,19435
126,128,99769
126,192,99740
126,256,216805
126,320,216863
126,384,219475
126,448,219435
126,512,222444
126,576,222395
126,640,227051
126,704,227098
126,768,230866
126,832,230701
126,896,235964
126,960,235956
126,1024,241173
126,1088,241196
126,1152,242076
126,1216,242238
126,1280,246990
126,1344,246779
126,1408,247864
126,1472,248265
126,1536,255830
126,1600,255935
126,1664,258248
126,1728,260194
126,1792,269562
126,1856,264675
126,1920,264698
126,1984,263501
126,2048,263501
127,0,19453
127,64,19447
127,128,100026
127,192,99994
127,256,217220
127,320,217095
127,384,219794
127,448,219721
127,512,222728
127,576,222662
127,640,227796
127,704,227800
127,768,231613
127,832,231448
127,896,236774
127,960,237117
127,1024,241995
127,1088,242013
127,1152,242962
127,1216,243049
127,1280,247540
127,1344,247500
127,1408,249247
127,1472,249181
127,1536,259515
127,1600,260542
127,1664,271229
127,1728,276412
127,1792,267770
127,1856,264880
127,1920,283798
127,1984,270420
127,2048,270420
128,0,19136
128,64,19137
128,128,100277
128,192,100247
128,256,217652
128,320,217648
128,384,220331
128,448,220185
128,512,223337
128,576,223036
128,640,228704
128,704,228839
128,768,232307
128,832,232428
128,896,237568
128,960,237951
128,1024,242738
128,1088,242849
128,1152,243815
128,1216,244138
128,1280,248451
128,1344,248161
128,1408,249935
128,1472,250573
128,1536,266036
128,1600,268421
128,1664,260761
128,1728,261025
128,1792,263521
128,1856,263868
128,1920,274795
128,1984,272813
128,2048,272813
129,0,19136
129,64,19137
129,128,100277
129,192,100247
129,256,217652
129,320,217648
129,384,220331
129,448,220185
129,512,223337
129,576,223036
129,640,228704
129,704,228839
129,768,232307
129,832,232428
129,896,237568
129,960,237951
129,1024,242738
129,1088,242849
129,1152,243815
129,1216,244138
129,1280,248451
129,1344,248161
129,1408,249935
129,1472,250573
129,1536,266036
129,1600,268421
129,1664,260761
129,1728,261025
129,1792,263521
129,1856,263868
129,1920,274795
129,1984,272813
129,2048,272813
130,0,19136
130,64,19137
130,128,99963
130,192,100280
130,256,217652
130,320,217648
130,384,220331
130,448,220185
130,512,223337
130,576,223036
130,640,228704
130,704,228839
130,768,232307
130,832,232428
130,896,237568
130,960,237951
130,1024,242738
130,1088,242849
130,1152,243815
130,1216,244138
130,1280,248451
130,1344,248161
130,1408,249935
130,1472,250573
130,1536,266036
130,1600,268421
130,1664,260761
130,1728,261025
130,1792,263521
130,1856,263868
130,1920,274795
130,1984,272813
130,2048,272813
131,0,19136
131,64,19137
131,128,99647
131,192,100308
131,256,217211
131,320,217648
131,384,220331
131,448,220185
131,512,223337
131,576,223036
131,640,228704
131,704,228839
131,768,232307
131,832,232428
131,896,237568
131,960,237951
131,1024,242738
131,1088,242849
131,1152,243815
131,1216,244138
131,1280,248451
131,1344,248161
131,1408,249935
131,1472,250573
131,1536,266036
131,1600,268421
131,1664,260761
131,1728,261025
131,1792,263521
131,1856,263868
131,1920,274795
131,1984,272813
131,2048,272813
132,0,19137
132,64,19137
132,128,96426
132,192,100489
132,256,208354
132,320,217648
132,384,220331
132,448,220185
132,512,223337
132,576,223036
132,640,228704
132,704,228839
132,768,232307
132,832,232428
132,896,237568
132,960,237951
132,1024,242738
132,1088,242849
132,1152,243815
132,1216,244138
132,1280,248451
132,1344,248161
132,1408,249935
132,1472,250629
132,1536,266063
132,1600,268421
132,1664,260746
132,1728,260937
132,1792,263521
132,1856,263868
132,1920,274613
132,1984,273109
132,2048,273109
133,0,19463
133,64,19463
133,128,51831
133,192,104712
133,256,145615
133,320,229272
133,384,230145
133,448,232420
133,512,232919
133,576,235472
133,640,235853
133,704,240156
133,768,242055
133,832,247325
133,896,249579
133,960,250267
133,1024,250701
133,1088,254499
133,1152,256070
133,1216,256638
133,1280,258149
133,1344,258808
133,1408,260976
133,1472,262275
133,1536,265106
133,1600,266497
133,1664,273239
133,1728,275294
133,1792,274363
133,1856,273848
133,1920,278058
133,1984,277550
133,2048,277550
134,0,19463
134,64,19463
134,128,51831
134,192,104712
134,256,145615
134,320,229272
134,384,230145
134,448,232420
134,512,232919
134,576,235472
134,640,235853
134,704,240156
134,768,242055
134,832,247325
134,896,249579
134,960,250267
134,1024,250701
134,1088,254499
134,1152,256070
134,1216,256638
134,1280,258149
134,1344,258808
134,1408,260976
134,1472,262275
134,1536,265106
134,1600,266497
134,1664,273239
134,1728,275294
134,1792,274363
134,1856,273848
134,1920,278058
134,1984,277550
134,2048,277550
135,0,19463
135,64,19463
135,128,51511
135,192,104712
135,256,144792
135,320,229272
135,384,230145
135,448,232420
135,512,232919
135,576,235472
135,640,235853
135,704,240156
135,768,242055
135,832,247325
135,896,249579
135,960,250267
135,1024,250701
135,1088,254499
135,1152,256070
135,1216,256638
135,1280,258149
135,1344,258808
135,1408,260976
135,1472,262275
135,1536,265106
135,1600,266497
135,1664,273239
135,1728,275294
135,1792,274363
135,1856,273848
135,1920,278058
135,1984,277550
135,2048,277550
136,0,19463
136,64,19463
136,128,50224
136,192,105125
136,256,143946
136,320,229272
136,384,230145
136,448,232420
136,512,232919
136,576,235472
136,640,235853
136,704,240156
136,768,242055
136,832,247325
136,896,249579
136,960,250267
136,1024,250701
136,1088,254499
136,1152,256070
136,1216,256638
136,1280,258149
136,1344,258808
136,1408,260976
136,1472,262275
136,1536,265106
136,1600,266497
136,1664,273239
136,1728,275294
136,1792,274363
136,1856,273848
136,1920,278058
136,1984,277550
136,2048,277550
137,0,19495
137,64,19495
137,128,40345
137,192,106610
137,256,132887
137,320,229272
137,384,230145
137,448,232420
137,512,232919
137,576,235472
137,640,235853
137,704,240156
137,768,242055
137,832,247325
137,896,249579
137,960,250267
137,1024,250701
137,1088,254499
137,1152,256070
137,1216,256638
137,1280,258149
137,1344,258808
137,1408,260976
137,1472,262275
137,1536,265106
137,1600,266497
137,1664,273239
137,1728,275294
137,1792,274363
137,1856,273848
137,1920,278138
137,1984,277550
137,2048,277550
138,0,19495
138,64,19495
138,128,40345
138,192,106610
138,256,132887
138,320,229272
138,384,230145
138,448,232420
138,512,232919
138,576,235472
138,640,235853
138,704,240156
138,768,242055
138,832,247325
138,896,249579
138,960,250267
138,1024,250701
138,1088,254499
138,1152,256070
138,1216,256638
138,1280,258149
138,1344,258808
138,1408,260976
138,1472,262275
138,1536,265106
138,1600,266497
138,1664,273239
138,1728,275294
138,1792,274363
138,1856,273848
138,1920,278138
138,1984,277550
138,2048,277550
139,0,19495
139,64,19495
139,128,40345
139,192,106610
139,256,132887
139,320,229272
139,384,230145
139,448,232420
139,512,232919
139,576,235472
139,640,235853
139,704,240156
139,768,242055
139,832,247325
139,896,249579
139,960,250267
139,1024,250701
139,1088,254499
139,1152,256070
139,1216,256638
139,1280,258149
139,1344,258808
139,1408,260976
139,1472,262275
139,1536,265106
139,1600,266497
139,1664,273239
139,1728,275294
139,1792,274363
139,1856,273848
139,1920,278138
139,1984,277550
139,2048,277550
140,0,19495
140,64,19495
140,128,39383
140,192,106807
140,256,132887
140,320,229272
140,384,230145
140,448,232420
140,512,232919
140,576,235472
140,640,235853
140,704,240156
140,768,242055
140,832,247325
140,896,249579
140,960,250267
140,1024,250701
140,1088,254499
140,1152,256070
140,1216,256638
140,1280,258149
140,1344,258808
140,1408,260976
140,1472,262275
140,1536,265106
140,1600,266497
140,1664,273239
140,1728,275294
140,1792,274363
140,1856,273848
140,1920,278138
140,1984,277550
140,2048,277550
141,0,19578
141,64,19576
141,128,31708
141,192,110539
141,256,147064
141,320,242252
141,384,243255
141,448,244712
141,512,245035
141,576,247679
141,640,249051
141,704,249813
141,768,255374
141,832,256197
141,896,262553
141,960,262808
141,1024,263586
141,1088,264432
141,1152,269099
141,1216,270322
141,1280,270773
141,1344,272138
141,1408,272733
141,1472,275086
141,1536,276713
141,1600,281076
141,1664,283490
141,1728,289034
141,1792,290854
141,1856,291431
141,1920,289432
141,1984,288664
141,2048,288664
142,0,19578
142,64,19576
142,128,31708
142,192,110539
142,256,147064
142,320,242252
142,384,243255
142,448,244712
142,512,245035
142,576,247679
142,640,249051
142,704,249813
142,768,255374
142,832,256197
142,896,262553
142,960,262808
142,1024,263586
142,1088,264432
142,1152,269099
142,1216,270322
142,1280,270773
142,1344,272138
142,1408,272733
142,1472,275086
142,1536,276713
142,1600,281076
142,1664,283490
142,1728,289034
142,1792,290854
142,1856,291431
142,1920,289432
142,1984,288664
142,2048,288664
143,0,19578
143,64,19576
143,128,31708
143,192,110539
143,256,147064
143,320,242252
143,384,243255
143,448,244712
143,512,245035
143,576,247679
143,640,249051
143,704,249813
143,768,255374
143,832,256197
143,896,262553
143,960,262808
143,1024,263586
143,1088,264432
143,1152,269099
143,1216,270322
143,1280,270773
143,1344,272138
143,1408,272733
143,1472,275086
143,1536,276713
143,1600,281076
143,1664,283490
143,1728,289034
143,1792,290854
143,1856,291431
143,1920,289432
143,1984,288664
143,2048,288664
144,0,19578
144,64,19576
144,128,31388
144,192,110539
144,256,147064
144,320,242252
144,384,243255
144,448,244712
144,512,245035
144,576,247679
144,640,249051
144,704,249813
144,768,255374
144,832,256197
144,896,262553
144,960,262808
144,1024,263586
144,1088,264432
144,1152,269099
144,1216,270322
144,1280,270773
144,1344,272138
144,1408,272733
144,1472,275086
144,1536,276713
144,1600,281076
144,1664,283490
144,1728,289034
144,1792,290854
144,1856,291431
144,1920,289432
144,1984,288664
144,2048,288664
145,0,19606
145,64,19605
145,128,30725
145,192,112224
145,256,146319
145,320,242349
145,384,243255
145,448,244712
145,512,245035
145,576,247679
145,640,249051
145,704,249813
145,768,255374
145,832,256197
145,896,262553
145,960,262808
145,1024,263586
145,1088,264432
145,1152,269099
145,1216,270322
145,1280,270773
145,1344,272138
145,1408,272733
145,1472,275086
145,1536,276713
145,1600,281076
145,1664,283490
145,1728,289034
145,1792,290854
145,1856,291431
145,1920,289432
145,1984,288664
145,2048,288664
146,0,19606
146,64,19605
146,128,30725
146,192,112224
146,256,146319
146,320,242349
146,384,243255
146,448,244712
146,512,245035
146,576,247679
146,640,249051
146,704,249813
146,768,255374
146,832,256197
146,896,262553
146,960,262808
146,1024,263586
146,1088,264432
146,1152,269099
146,1216,270322
146,1280,270773
146,1344,272138
146,1408,272733
146,1472,275086
146,1536,276713
146,1600,281076
146,1664,283490
146,1728,289034
146,1792,290854
146,1856,291431
146,1920,289432
146,1984,288664
146,2048,288664
147,0,19606
147,64,19605
147,128,30725
147,192,112224
147,256,146319
147,320,242349
147,384,243255
147,448,244712
147,512,245035
147,576,247679
147,640,249051
147,704,249813
147,768,255374
147,832,256197
147,896,262553
147,960,262808
147,1024,263586
147,1088,264432
147,1152,269099
147,1216,270322
147,1280,270773
147,1344,272138
147,1408,272733
147,1472,275086
147,1536,276713
147,1600,281076
147,1664,283490
147,1728,289034
147,1792,290854
147,1856,291431
147,1920,289432
147,1984,288664
147,2048,288664
148,0,19606
148,64,19605
148,128,30725
148,192,112333
148,256,146319
148,320,242349
148,384,243255
148,448,244712
148,512,245035
148,576,247679
148,640,249051
148,704,249813
148,768,255374
148,832,256197
148,896,262553
148,960,262808
148,1024,263586
148,1088,264432
148,1152,269099
148,1216,270322
148,1280,270773
148,1344,272138
148,1408,272733
148,1472,275086
148,1536,276713
148,1600,281076
148,1664,283490
148,1728,289034
148,1792,290854
148,1856,291431
148,1920,289432
148,1984,288664
148,2048,288664
149,0,19829
149,64,19839
149,128,31648
149,192,116001
149,256,125139
149,320,240428
149,384,255001
149,448,255170
149,512,257195
149,576,257477
149,640,262796
149,704,263159
149,768,267108
149,832,268269
149,896,269244
149,960,275970
149,1024,276290
149,1088,277048
149,1152,277955
149,1216,283223
149,1280,285060
149,1344,285804
149,1408,290269
149,1472,287447
149,1536,289099
149,1600,290050
149,1664,290611
149,1728,295472
149,1792,297082
149,1856,302756
149,1920,304871
149,1984,303253
149,2048,303253
150,0,19829
150,64,19839
150,128,31648
150,192,116001
150,256,125139
150,320,240428
150,384,255001
150,448,255170
150,512,257195
150,576,257477
150,640,262796
150,704,263159
150,768,267108
150,832,268269
150,896,269244
150,960,275970
150,1024,276290
150,1088,277048
150,1152,277955
150,1216,283223
150,1280,285060
150,1344,285804
150,1408,290269
150,1472,287447
150,1536,289099
150,1600,290050
150,1664,290611
150,1728,295472
150,1792,297082
150,1856,302756
150,1920,304871
150,1984,303253
150,2048,303253
151,0,19829
151,64,19839
151,128,31648
151,192,116001
151,256,125139
151,320,240428
151,384,255001
151,448,255170
151,512,257195
151,576,257477
151,640,262796
151,704,263159
151,768,267108
151,832,268269
151,896,269244
151,960,275970
151,1024,276290
151,1088,277048
151,1152,277955
151,1216,283223
151,1280,285060
151,1344,285804
151,1408,290269
151,1472,287447
151,1536,289099
151,1600,290050
151,1664,290611
151,1728,295472
151,1792,297082
151,1856,302756
151,1920,304871
151,1984,303253
151,2048,303253
152,0,19829
152,64,19839
152,128,31648
152,192,116001
152,256,125139
152,320,240428
152,384,255001
152,448,255170
152,512,257195
152,576,257477
152,640,262796
152,704,263159
152,768,267108
152,832,268269
152,896,269244
152,960,275970
152,1024,276290
152,1088,277048
152,1152,277955
152,1216,283223
152,1280,285060
152,1344,285804
152,1408,290269
152,1472,287447
152,1536,289099
152,1600,290050
152,1664,290611
152,1728,295472
152,1792,297082
152,1856,302756
152,1920,304871
152,1984,303253
152,2048,303253
153,0,19862
153,64,19874
153,128,31979
153,192,117453
153,256,122812
153,320,239676
153,384,255679
153,448,255342
153,512,257195
153,576,257477
153,640,262796
153,704,263159
153,768,267108
153,832,268269
153,896,269244
153,960,275970
153,1024,276290
153,1088,277048
153,1152,277955
153,1216,283223
153,1280,285060
153,1344,285804
153,1408,290269
153,1472,287447
153,1536,289099
153,1600,290050
153,1664,290611
153,1728,295472
153,1792,297082
153,1856,302756
153,1920,304871
153,1984,303253
153,2048,303253
154,0,19862
154,64,19874
154,128,31979
154,192,117453
154,256,122812
154,320,239676
154,384,255679
154,448,255342
154,512,257195
154,576,257477
154,640,262796
154,704,263159
154,768,267108
154,832,268269
154,896,269244
154,960,275970
154,1024,276290
154,1088,277048
154,1152,277955
154,1216,283223
154,1280,285060
154,1344,285804
154,1408,290269
154,1472,287447
154,1536,289099
154,1600,290050
154,1664,290611
154,1728,295472
154,1792,297082
154,1856,302756
154,1920,304871
154,1984,303253
154,2048,303253
155,0,19862
155,64,19874
155,128,31979
155,192,117453
155,256,122812
155,320,239676
155,384,255679
155,448,255342
155,512,257195
155,576,257477
155,640,262796
155,704,263159
155,768,267108
155,832,268269
155,896,269244
155,960,275970
155,1024,276290
155,1088,277048
155,1152,277955
155,1216,283223
155,1280,285060
155,1344,285804
155,1408,290269
155,1472,287447
155,1536,289099
155,1600,290050
155,1664,290611
155,1728,295472
155,1792,297082
155,1856,302756
155,1920,304871
155,1984,303253
155,2048,303253
156,0,19862
156,64,19874
156,128,31979
156,192,117453
156,256,122812
156,320,239676
156,384,255679
156,448,255342
156,512,257195
156,576,257477
156,640,262796
156,704,263159
156,768,267108
156,832,268269
156,896,269244
156,960,275970
156,1024,276290
156,1088,277048
156,1152,277955
156,1216,283223
156,1280,285060
156,1344,285804
156,1408,290269
156,1472,287447
156,1536,289099
156,1600,290050
156,1664,290611
156,1728,295472
156,1792,297082
156,1856,302756
156,1920,304871
156,1984,303253
156,2048,303253
157,0,20016
157,64,20015
157,128,32531
157,192,121053
157,256,126814
157,320,230593
157,384,266132
157,448,267265
157,512,269500
157,576,269768
157,640,275759
157,704,277890
157,768,278860
157,832,285183
157,896,285796
157,960,288484
157,1024,289714
157,1088,289860
157,1152,290775
157,1216,293452
157,1280,297360
157,1344,298786
157,1408,299001
157,1472,299156
157,1536,300315
157,1600,306107
157,1664,307364
157,1728,308172
157,1792,309943
157,1856,311642
157,1920,317431
157,1984,318666
157,2048,318666
158,0,20016
158,64,20015
158,128,32531
158,192,121053
158,256,126814
158,320,230593
158,384,266132
158,448,267265
158,512,269500
158,576,269768
158,640,275759
158,704,277890
158,768,278860
158,832,285183
158,896,285796
158,960,288484
158,1024,289714
158,1088,289860
158,1152,290775
158,1216,293452
158,1280,297360
158,1344,298786
158,1408,299001
158,1472,299156
158,1536,300315
158,1600,306107
158,1664,307364
158,1728,308172
158,1792,309943
158,1856,311642
158,1920,317431
158,1984,318666
158,2048,318666
159,0,20016
159,64,20015
159,128,32531
159,192,121053
159,256,126814
159,320,230593
159,384,266132
159,448,267265
159,512,269500
159,576,269768
159,640,275759
159,704,277890
159,768,278860
159,832,285183
159,896,285796
159,960,288484
159,1024,289714
159,1088,289860
159,1152,290775
159,1216,293452
159,1280,297360
159,1344,298786
159,1408,299001
159,1472,299156
159,1536,300315
159,1600,306107
159,1664,307364
159,1728,308172
159,1792,309943
159,1856,311642
159,1920,317431
159,1984,318666
159,2048,318666
160,0,20016
160,64,20015
160,128,32531
160,192,121053
160,256,126814
160,320,230593
160,384,266132
160,448,267265
160,512,269500
160,576,269768
160,640,275759
160,704,277890
160,768,278860
160,832,285183
160,896,285796
160,960,288484
160,1024,289714
160,1088,289860
160,1152,290775
160,1216,293452
160,1280,297360
160,1344,298786
160,1408,299001
160,1472,299156
160,1536,300315
160,1600,306107
160,1664,307364
160,1728,308172
160,1792,309943
160,1856,311642
160,1920,317431
160,1984,318666
160,2048,318666
161,0,20040
161,64,20040
161,128,32191
161,192,122747
161,256,126734
161,320,224269
161,384,268041
161,448,267745
161,512,269500
161,576,269768
161,640,275759
161,704,277890
161,768,278860
161,832,285183
161,896,285796
161,960,288484
161,1024,289714
161,1088,289860
161,1152,290775
161,1216,293452
161,1280,297360
161,1344,298786
161,1408,299001
161,1472,299156
161,1536,300315
161,1600,306107
161,1664,307364
161,1728,308172
161,1792,309943
161,1856,311642
161,1920,317431
161,1984,318666
161,2048,318666
162,0,20040
162,64,20040
162,128,32191
162,192,122747
162,256,126734
162,320,224269
162,384,268041
162,448,267745
162,512,269500
162,576,269768
162,640,275759
162,704,277890
162,768,278860
162,832,285183
162,896,285796
162,960,288484
162,1024,289714
162,1088,289860
162,1152,290775
162,1216,293452
162,1280,297360
162,1344,298786
162,1408,299001
162,1472,299156
162,1536,300315
162,1600,306107
162,1664,307364
162,1728,308172
162,1792,309943
162,1856,311642
162,1920,317431
162,1984,318666
162,2048,318666
163,0,20040
163,64,20040
163,128,32191
163,192,122747
163,256,126734
163,320,224269
163,384,268041
163,448,267745
163,512,269500
163,576,269768
163,640,275759
163,704,277890
163,768,278860
163,832,285183
163,896,285796
163,960,288484
163,1024,289714
163,1088,289860
163,1152,290775
163,1216,293452
163,1280,297360
163,1344,298786
163,1408,299001
163,1472,299156
163,1536,300315
163,1600,306107
163,1664,307364
163,1728,308172
163,1792,309943
163,1856,311642
163,1920,317431
163,1984,318666
163,2048,318666
164,0,20040
164,64,20040
164,128,32191
164,192,122747
164,256,126734
164,320,224269
164,384,268041
164,448,267745
164,512,269500
164,576,269768
164,640,275759
164,704,277890
164,768,278860
164,832,285183
164,896,285796
164,960,288484
164,1024,289714
164,1088,289860
164,1152,290775
164,1216,293452
164,1280,297360
164,1344,298786
164,1408,299001
164,1472,299156
164,1536,300315
164,1600,306107
164,1664,307364
164,1728,308172
164,1792,309943
164,1856,311642
164,1920,317431
164,1984,318666
164,2048,318666
165,0,20159
165,64,20158
165,128,22160
165,192,124798
165,256,126607
165,320,156838
165,384,278197
165,448,278637
165,512,281240
165,576,282210
165,640,283337
165,704,290432
165,768,290535
165,832,291389
165,896,298161
165,960,298711
165,1024,302200
165,1088,302617
165,1152,302935
165,1216,303931
165,1280,305346
165,1344,310477
165,1408,312137
165,1472,311988
165,1536,312602
165,1600,312985
165,1664,313445
165,1728,318895
165,1792,320508
165,1856,322686
165,1920,323918
165,1984,323475
165,2048,323475
166,0,20159
166,64,20158
166,128,22160
166,192,124798
166,256,126607
166,320,156838
166,384,278197
166,448,278637
166,512,281240
166,576,282210
166,640,283337
166,704,290432
166,768,290535
166,832,291389
166,896,298161
166,960,298711
166,1024,302200
166,1088,302617
166,1152,302935
166,1216,303931
166,1280,305346
166,1344,310477
166,1408,312137
166,1472,311988
166,1536,312602
166,1600,312985
166,1664,313445
166,1728,318895
166,1792,320508
166,1856,322686
166,1920,323918
166,1984,323475
166,2048,323475
167,0,20159
167,64,20158
167,128,22160
167,192,124798
167,256,126607
167,320,156838
167,384,278197
167,448,278637
167,512,281240
167,576,282210
167,640,283337
167,704,290432
167,768,290535
167,832,291389
167,896,298161
167,960,298711
167,1024,302200
167,1088,302617
167,1152,302935
167,1216,303931
167,1280,305346
167,1344,310477
167,1408,312137
167,1472,311988
167,1536,312602
167,1600,312985
167,1664,313445
167,1728,318895
167,1792,320508
167,1856,322686
167,1920,323918
167,1984,323475
167,2048,323475
168,0,20159
168,64,20158
168,128,22160
168,192,124798
168,256,126607
168,320,156838
168,384,278197
168,448,278637
168,512,281240
168,576,282210
168,640,283337
168,704,290432
168,768,290535
168,832,291389
168,896,298161
168,960,298711
168,1024,302200
168,1088,302617
168,1152,302935
168,1216,303931
168,1280,305346
168,1344,310477
168,1408,312137
168,1472,311988
168,1536,312602
168,1600,312985
168,1664,313445
168,1728,318895
168,1792,320508
168,1856,322686
168,1920,323918
168,1984,323475
168,2048,323475
169,0,20164
169,64,20164
169,128,20562
169,192,125785
169,256,127581
169,320,148464
169,384,280844
169,448,279472
169,512,281240
169,576,282210
169,640,283337
169,704,290432
169,768,290535
169,832,291389
169,896,298161
169,960,298711
169,1024,302200
169,1088,302617
169,1152,302935
169,1216,303931
169,1280,305346
169,1344,310477
169,1408,312137
169,1472,311988
169,1536,312602
169,1600,312985
169,1664,313445
169,1728,318895
169,1792,320508
169,1856,322686
169,1920,323918
169,1984,323475
169,2048,323475
170,0,20164
170,64,20164
170,128,20562
170,192,125785
170,256,127581
170,320,148464
170,384,280844
170,448,279472
170,512,281240
170,576,282210
170,640,283337
170,704,290432
170,768,290535
170,832,291389
170,896,298161
170,960,298711
170,1024,302200
170,1088,302617
170,1152,302935
170,1216,303931
170,1280,305346
170,1344,310477
170,1408,312137
170,1472,311988
170,1536,312602
170,1600,312985
170,1664,313445
170,1728,318895
170,1792,320508
170,1856,322686
170,1920,323918
170,1984,323475
170,2048,323475
171,0,20164
171,64,20164
171,128,20562
171,192,125785
171,256,127581
171,320,148464
171,384,280844
171,448,279472
171,512,281240
171,576,282210
171,640,283337
171,704,290432
171,768,290535
171,832,291389
171,896,298161
171,960,298711
171,1024,302200
171,1088,302617
171,1152,302935
171,1216,303931
171,1280,305346
171,1344,310477
171,1408,312137
171,1472,311988
171,1536,312602
171,1600,312985
171,1664,313445
171,1728,318895
171,1792,320508
171,1856,322686
171,1920,323918
171,1984,323475
171,2048,323475
172,0,20164
172,64,20164
172,128,20562
172,192,125785
172,256,127581
172,320,148464
172,384,280844
172,448,279472
172,512,281240
172,576,282210
172,640,283337
172,704,290432
172,768,290535
172,832,291389
172,896,298161
172,960,298711
172,1024,302200
172,1088,302617
172,1152,302935
172,1216,303931
172,1280,305346
172,1344,310477
172,1408,312137
172,1472,311988
172,1536,312602
172,1600,312985
172,1664,313445
172,1728,318895
172,1792,320508
172,1856,322686
172,1920,323918
172,1984,323475
172,2048,323475
173,0,20291
173,64,20300
173,128,20289
173,192,127966
173,256,131645
173,320,143587
173,384,286355
173,448,290388
173,512,291295
173,576,294382
173,640,294755
173,704,300769
173,768,303744
173,832,304125
173,896,309974
173,960,311816
173,1024,312050
173,1088,314760
173,1152,315871
173,1216,316293
173,1280,317912
173,1344,319011
173,1408,324300
173,1472,326369
173,1536,326953
173,1600,329905
173,1664,330571
173,1728,331020
173,1792,336387
173,1856,347615
173,1920,339338
173,1984,339204
173,2048,339204
174,0,20291
174,64,20300
174,128,20289
174,192,127966
174,256,131645
174,320,143587
174,384,286355
174,448,290388
174,512,291295
174,576,294382
174,640,294755
174,704,300769
174,768,303744
174,832,304125
174,896,309974
174,960,311816
174,1024,312050
174,1088,314760
174,1152,315871
174,1216,316293
174,1280,317912
174,1344,319011
174,1408,324300
174,1472,326369
174,1536,326953
174,1600,329905
174,1664,330571
174,1728,331020
174,1792,336387
174,1856,347615
174,1920,339338
174,1984,339204
174,2048,339204
175,0,20291
175,64,20300
175,128,20289
175,192,127966
175,256,131645
175,320,143587
175,384,286355
175,448,290388
175,512,291295
175,576,294382
175,640,294755
175,704,300769
175,768,303744
175,832,304125
175,896,309974
175,960,311816
175,1024,312050
175,1088,314760
175,1152,315871
175,1216,316293
175,1280,317912
175,1344,319011
175,1408,324300
175,1472,326369
175,1536,326953
175,1600,329905
175,1664,330571
175,1728,331020
175,1792,336387
175,1856,347615
175,1920,339338
175,1984,339204
175,2048,339204
176,0,20291
176,64,20300
176,128,20289
176,192,127966
176,256,131645
176,320,143587
176,384,286355
176,448,290388
176,512,291295
176,576,294382
176,640,294755
176,704,300769
176,768,303744
176,832,304125
176,896,309974
176,960,311816
176,1024,312050
176,1088,314760
176,1152,315871
176,1216,316293
176,1280,317912
176,1344,319011
176,1408,324300
176,1472,326369
176,1536,326953
176,1600,329905
176,1664,330571
176,1728,331020
176,1792,336387
176,1856,347615
176,1920,339338
176,1984,339204
176,2048,339204
177,0,20322
177,64,20329
177,128,20336
177,192,129299
177,256,132240
177,320,143158
177,384,288047
177,448,291614
177,512,291295
177,576,294382
177,640,294755
177,704,300769
177,768,303744
177,832,304125
177,896,309974
177,960,311816
177,1024,312050
177,1088,314760
177,1152,315871
177,1216,316293
177,1280,317912
177,1344,319011
177,1408,324300
177,1472,326369
177,1536,326953
177,1600,329905
177,1664,330571
177,1728,331020
177,1792,336387
177,1856,347615
177,1920,339338
177,1984,339204
177,2048,339204
178,0,20322
178,64,20329
178,128,20336
178,192,129299
178,256,132240
178,320,143158
178,384,288047
178,448,291614
178,512,291295
178,576,294382
178,640,294755
178,704,300769
178,768,303744
178,832,304125
178,896,309974
178,960,311816
178,1024,312050
178,1088,314760
178,1152,315871
178,1216,316293
178,1280,317912
178,1344,319011
178,1408,324300
178,1472,326369
178,1536,326953
178,1600,329905
178,1664,330571
178,1728,331020
178,1792,336387
178,1856,347615
178,1920,339338
178,1984,339204
178,2048,339204
179,0,20322
179,64,20329
179,128,20336
179,192,129299
179,256,132240
179,320,143158
179,384,288047
179,448,291614
179,512,291295
179,576,294382
179,640,294755
179,704,300769
179,768,303744
179,832,304125
179,896,309974
179,960,311816
179,1024,312050
179,1088,314760
179,1152,315871
179,1216,316293
179,1280,317912
179,1344,319011
179,1408,324300
179,1472,326369
179,1536,326953
179,1600,329905
179,1664,330571
179,1728,331020
179,1792,336387
179,1856,347615
179,1920,339338
179,1984,339204
179,2048,339204
180,0,20322
180,64,20329
180,128,20336
180,192,129299
180,256,132240
180,320,143158
180,384,288047
180,448,291614
180,512,291295
180,576,294382
180,640,294755
180,704,300769
180,768,303744
180,832,304125
180,896,309974
180,960,311816
180,1024,312050
180,1088,314760
180,1152,315871
180,1216,316293
180,1280,317912
180,1344,319011
180,1408,324300
180,1472,326369
180,1536,326953
180,1600,329905
180,1664,330571
180,1728,331020
180,1792,336387
180,1856,347615
180,1920,339338
180,1984,339204
180,2048,339204
181,0,20577
181,64,20558
181,128,20533
181,192,130159
181,256,136872
181,320,139411
181,384,287971
181,448,303147
181,512,303245
181,576,306606
181,640,308026
181,704,310024
181,768,317060
181,832,317531
181,896,318132
181,960,324459
181,1024,324699
181,1088,325286
181,1152,328583
181,1216,329301
181,1280,329543
181,1344,330857
181,1408,332254
181,1472,337874
181,1536,339577
181,1600,340435
181,1664,343254
181,1728,344141
181,1792,348917
181,1856,350104
181,1920,346571
181,1984,346571
181,2048,346571
182,0,20577
182,64,20558
182,128,20533
182,192,130159
182,256,136872
182,320,139411
182,384,287971
182,448,303147
182,512,303245
182,576,306606
182,640,308026
182,704,310024
182,768,317060
182,832,317531
182,896,318132
182,960,324459
182,1024,324699
182,1088,325286
182,1152,328583
182,1216,329301
182,1280,329543
182,1344,330857
182,1408,332254
182,1472,337874
182,1536,339577
182,1600,340435
182,1664,343254
182,1728,344141
182,1792,348917
182,1856,350104
182,1920,346571
182,1984,346571
182,2048,346571
183,0,20577
183,64,20558
183,128,20533
183,192,130159
183,256,136872
183,320,139411
183,384,287971
183,448,303147
183,512,303245
183,576,306606
183,640,308026
183,704,310024
183,768,317060
183,832,317531
183,896,318132
183,960,324459
183,1024,324699
183,1088,325286
183,1152,328583
183,1216,329301
183,1280,329543
183,1344,330857
183,1408,332254
183,1472,337874
183,1536,339577
183,1600,340435
183,1664,343254
183,1728,344141
183,1792,348917
183,1856,350104
183,1920,346571
183,1984,346571
183,2048,346571
184,0,20577
184,64,20558
184,128,20533
184,192,130159
184,256,136872
184,320,139411
184,384,287971
184,448,303147
184,512,303245
184,576,306606
184,640,308026
184,704,310024
184,768,317060
184,832,317531
184,896,318132
184,960,324459
184,1024,324699
184,1088,325286
184,1152,328583
184,1216,329301
184,1280,329543
184,1344,330857
184,1408,332254
184,1472,337874
184,1536,339577
184,1600,340435
184,1664,343254
184,1728,344141
184,1792,348917
184,1856,350104
184,1920,346571
184,1984,346571
184,2048,346571
185,0,20612
185,64,20594
185,128,20593
185,192,130492
185,256,137663
185,320,139647
185,384,287664
185,448,304039
185,512,303245
185,576,306606
185,640,308026
185,704,310024
185,768,317060
185,832,317531
185,896,318132
185,960,324459
185,1024,324699
185,1088,325286
185,1152,328583
185,1216,329301
185,1280,329543
185,1344,330857
185,1408,332254
185,1472,337874
185,1536,339577
185,1600,340435
185,1664,343254
185,1728,344249
185,1792,348917
185,1856,350104
185,1920,346571
185,1984,346571
185,2048,346571
186,0,20612
186,64,20594
186,128,20593
186,192,130492
186,256,137663
186,320,139647
186,384,287664
186,448,304039
186,512,303245
186,576,306606
186,640,308026
186,704,310024
186,768,317060
186,832,317531
186,896,318132
186,960,324459
186,1024,324699
186,1088,325286
186,1152,328583
186,1216,329301
186,1280,329543
186,1344,330857
186,1408,332254
186,1472,337874
186,1536,339577
186,1600,340435
186,1664,343254
186,1728,344249
186,1792,348917
186,1856,350104
186,1920,346571
186,1984,346571
186,2048,346571
187,0,20612
187,64,20594
187,128,20593
187,192,130492
187,256,137663
187,320,139647
187,384,287664
187,448,304039
187,512,303245
187,576,306606
187,640,308026
187,704,310024
187,768,317060
187,832,317531
187,896,318132
187,960,324459
187,1024,324699
187,1088,325286
187,1152,328583
187,1216,329301
187,1280,329543
187,1344,330857
187,1408,332254
187,1472,337874
187,1536,339577
187,1600,340435
187,1664,343254
187,1728,344249
187,1792,348917
187,1856,350104
187,1920,346571
187,1984,346571
187,2048,346571
188,0,20612
188,64,20594
188,128,20593
188,192,130492
188,256,137663
188,320,139647
188,384,287664
188,448,304039
188,512,303245
188,576,306606
188,640,308026
188,704,310024
188,768,317060
188,832,317531
188,896,318132
188,960,324459
188,1024,324699
188,1088,325286
188,1152,328583
188,1216,329301
188,1280,329543
188,1344,330857
188,1408,332254
188,1472,337874
188,1536,339577
188,1600,340435
188,1664,343254
188,1728,344249
188,1792,348917
188,1856,350104
188,1920,346571
188,1984,346571
188,2048,346571
189,0,20760
189,64,20765
189,128,20731
189,192,123749
189,256,141718
189,320,142128
189,384,289717
189,448,315896
189,512,315640
189,576,320357
189,640,321933
189,704,321695
189,768,327771
189,832,329829
189,896,330085
189,960,335312
189,1024,337441
189,1088,337864
189,1152,341480
189,1216,342601
189,1280,342081
189,1344,343564
189,1408,344003
189,1472,344770
189,1536,351056
189,1600,352795
189,1664,353012
189,1728,355777
189,1792,356895
189,1856,356677
189,1920,356141
189,1984,356141
189,2048,356141
190,0,20760
190,64,20765
190,128,20731
190,192,123749
190,256,141718
190,320,142128
190,384,289717
190,448,315896
190,512,315640
190,576,320357
190,640,321933
190,704,321695
190,768,327771
190,832,329829
190,896,330085
190,960,335312
190,1024,337441
190,1088,337864
190,1152,341480
190,1216,342601
190,1280,342081
190,1344,343564
190,1408,344003
190,1472,344770
190,1536,351056
190,1600,352795
190,1664,353012
190,1728,355777
190,1792,356895
190,1856,356677
190,1920,356141
190,1984,356141
190,2048,356141
191,0,20760
191,64,20765
191,128,20731
191,192,123749
191,256,141718
191,320,142128
191,384,289717
191,448,315896
191,512,315640
191,576,320357
191,640,321933
191,704,321695
191,768,327771
191,832,329829
191,896,330085
191,960,335312
191,1024,337441
191,1088,337864
191,1152,341480
191,1216,342601
191,1280,342081
191,1344,343564
191,1408,344003
191,1472,344770
191,1536,351056
191,1600,352795
191,1664,353012
191,1728,355777
191,1792,356895
191,1856,356677
191,1920,356141
191,1984,356141
191,2048,356141
192,0,20760
192,64,20765
192,128,20731
192,192,123749
192,256,141718
192,320,142128
192,384,289717
192,448,315896
192,512,315640
192,576,320357
192,640,321933
192,704,321695
192,768,327771
192,832,329829
192,896,330085
192,960,335312
192,1024,337441
192,1088,337864
192,1152,341480
192,1216,342601
192,1280,342081
192,1344,343564
192,1408,344003
192,1472,344770
192,1536,351056
192,1600,352795
192,1664,353012
192,1728,355777
192,1792,356895
192,1856,356677
192,1920,356141
192,1984,356141
192,2048,356141
193,0,20990
193,64,20999
193,128,21007
193,192,112255
193,256,142556
193,320,143799
193,384,271597
193,448,316215
193,512,315640
193,576,320357
193,640,321933
193,704,321695
193,768,327771
193,832,329829
193,896,330085
193,960,335312
193,1024,337441
193,1088,337864
193,1152,341480
193,1216,342601
193,1280,342081
193,1344,343564
193,1408,344003
193,1472,344770
193,1536,351056
193,1600,352795
193,1664,353012
193,1728,355777
193,1792,356895
193,1856,356677
193,1920,356141
193,1984,356141
193,2048,356141
194,0,20990
194,64,20999
194,128,21007
194,192,112255
194,256,142556
194,320,143799
194,384,271597
194,448,316215
194,512,315640
194,576,320357
194,640,321933
194,704,321695
194,768,327771
194,832,329829
194,896,330085
194,960,335312
194,1024,337441
194,1088,337864
194,1152,341480
194,1216,342601
194,1280,342081
194,1344,343564
194,1408,344003
194,1472,344770
194,1536,351056
194,1600,352795
194,1664,353012
194,1728,355777
194,1792,356895
194,1856,356677
194,1920,356141
194,1984,356141
194,2048,356141
195,0,20990
195,64,20999
195,128,21007
195,192,112255
195,256,142556
195,320,143799
195,384,271597
195,448,316215
195,512,315640
195,576,320357
195,640,321933
195,704,321695
195,768,327771
195,832,329829
195,896,330085
195,960,335312
195,1024,337441
195,1088,337864
195,1152,341480
195,1216,342601
195,1280,342081
195,1344,343564
195,1408,344003
195,1472,344770
195,1536,351056
195,1600,352795
195,1664,353012
195,1728,355777
195,1792,356895
195,1856,356677
195,1920,356141
195,1984,356141
195,2048,356141
196,0,20990
196,64,20999
196,128,21007
196,192,112255
196,256,142556
196,320,143799
196,384,271597
196,448,316215
196,512,315640
196,576,320357
196,640,321933
196,704,321695
196,768,327771
196,832,329829
196,896,330085
196,960,335312
196,1024,337441
196,1088,337864
196,1152,341480
196,1216,342601
196,1280,342081
196,1344,343564
196,1408,344003
196,1472,344770
196,1536,351056
196,1600,352795
196,1664,353012
196,1728,355777
196,1792,356895
196,1856,356677
196,1920,356141
196,1984,356141
196,2048,356141
197,0,23804
197,64,23812
197,128,23842
197,192,49925
197,256,149199
197,320,148904
197,384,188212
197,448,330554
197,512,330042
197,576,330657
197,640,337637
197,704,337552
197,768,339456
197,832,348734
197,896,349294
197,960,349203
197,1024,352226
197,1088,352740
197,1152,353503
197,1216,357666
197,1280,359066
197,1344,359392
197,1408,359435
197,1472,360339
197,1536,361477
197,1600,369635
197,1664,374368
197,1728,373254
197,1792,373255
197,1856,373255
197,1920,373255
197,1984,373255
197,2048,373255
198,0,23804
198,64,23812
198,128,23842
198,192,49925
198,256,149199
198,320,148904
198,384,188212
198,448,330554
198,512,330042
198,576,330657
198,640,337637
198,704,337552
198,768,339456
198,832,348734
198,896,349294
198,960,349203
198,1024,352226
198,1088,352740
198,1152,353503
198,1216,357666
198,1280,359066
198,1344,359392
198,1408,359435
198,1472,360339
198,1536,361477
198,1600,369635
198,1664,374368
198,1728,373254
198,1792,373255
198,1856,373255
198,1920,373255
198,1984,373255
198,2048,373255
199,0,23804
199,64,23812
199,128,23842
199,192,49925
199,256,149199
199,320,148904
199,384,188212
199,448,330554
199,512,330042
199,576,330657
199,640,337637
199,704,337552
199,768,339456
199,832,348734
199,896,349294
199,960,349203
199,1024,352226
199,1088,352740
199,1152,353503
199,1216,357666
199,1280,359066
199,1344,359392
199,1408,359435
199,1472,360339
199,1536,361477
199,1600,369635
199,1664,374368
199,1728,373254
199,1792,373255
199,1856,373255
199,1920,373255
199,1984,373255
199,2048,373255
200,0,23804
200,64,23812
200,128,23842
200,192,49925
200,256,149199
200,320,148904
200,384,188212
200,448,330554
200,512,330042
200,576,330657
200,640,337637
200,704,337552
200,768,339456
200,832,348734
200,896,349294
200,960,349203
200,1024,352226
200,1088,352740
200,1152,353503
200,1216,357666
200,1280,359066
200,1344,359392
200,1408,359435
200,1472,360339
200,1536,361477
200,1600,369635
200,1664,374368
200,1728,373254
200,1792,373255
200,1856,373255
200,1920,373255
200,1984,373255
200,2048,373255
201,0,24205
201,64,24208
201,128,24111
201,192,41673
201,256,149943
201,320,149887
201,384,176081
201,448,331938
201,512,330042
201,576,330657
201,640,337637
201,704,337552
201,768,339456
201,832,348734
201,896,349294
201,960,349203
201,1024,352226
201,1088,352740
201,1152,353503
201,1216,357666
201,1280,359066
201,1344,359392
201,1408,359435
201,1472,360339
201,1536,361477
201,1600,369635
201,1664,374368
201,1728,373254
201,1792,373255
201,1856,373255
201,1920,373255
201,1984,373255
201,2048,373255
202,0,24205
202,64,24208
202,128,24111
202,192,41673
202,256,149943
202,320,149887
202,384,176081
202,448,331938
202,512,330042
202,576,330657
202,640,337637
202,704,337552
202,768,339456
202,832,348734
202,896,349294
202,960,349203
202,1024,352226
202,1088,352740
202,1152,353503
202,1216,357666
202,1280,359066
202,1344,359392
202,1408,359435
202,1472,360339
202,1536,361477
202,1600,369635
202,1664,374368
202,1728,373254
202,1792,373255
202,1856,373255
202,1920,373255
202,1984,373255
202,2048,373255
203,0,24205
203,64,24208
203,128,24111
203,192,41673
203,256,149943
203,320,149887
203,384,176081
203,448,331938
203,512,330042
203,576,330657
203,640,337637
203,704,337552
203,768,339456
203,832,348734
203,896,349294
203,960,349203
203,1024,352226
203,1088,352740
203,1152,353503
203,1216,357666
203,1280,359066
203,1344,359392
203,1408,359435
203,1472,360339
203,1536,361477
203,1600,369635
203,1664,374368
203,1728,373254
203,1792,373255
203,1856,373255
203,1920,373255
203,1984,373255
203,2048,373255
204,0,24205
204,64,24208
204,128,24111
204,192,41673
204,256,149943
204,320,149887
204,384,176081
204,448,331938
204,512,330042
204,576,330657
204,640,337637
204,704,337552
204,768,339456
204,832,348734
204,896,349294
204,960,349203
204,1024,352226
204,1088,352740
204,1152,353503
204,1216,357666
204,1280,359066
204,1344,359392
204,1408,359435
204,1472,360339
204,1536,361477
204,1600,369635
204,1664,374368
204,1728,373254
204,1792,373255
204,1856,373255
204,1920,373255
204,1984,373255
204,2048,373255
205,0,24426
205,64,24408
205,128,24321
205,192,35993
205,256,154094
205,320,153973
205,384,171407
205,448,339592
205,512,342321
205,576,342534
205,640,349449
205,704,351114
205,768,351131
205,832,359752
205,896,362031
205,960,362244
205,1024,362406
205,1088,364606
205,1152,365681
205,1216,366384
205,1280,371438
205,1344,372488
205,1408,371750
205,1472,372359
205,1536,372908
205,1600,375060
205,1664,390442
205,1728,389633
205,1792,389633
205,1856,389633
205,1920,389633
205,1984,389633
205,2048,389633
206,0,24426
206,64,24408
206,128,24321
206,192,35993
206,256,154094
206,320,153973
206,384,171407
206,448,339592
206,512,342321
206,576,342534
206,640,349449
206,704,351114
206,768,351131
206,832,359752
206,896,362031
206,960,362244
206,1024,362406
206,1088,364606
206,1152,365681
206,1216,366384
206,1280,371438
206,1344,372488
206,1408,371750
206,1472,372359
206,1536,372908
206,1600,375060
206,1664,390442
206,1728,389633
206,1792,389633
206,1856,389633
206,1920,389633
206,1984,389633
206,2048,389633
207,0,24426
207,64,24408
207,128,24321
207,192,35993
207,256,154094
207,320,153973
207,384,171407
207,448,339592
207,512,342321
207,576,342534
207,640,349449
207,704,351114
207,768,351131
207,832,359752
207,896,362031
207,960,362244
207,1024,362406
207,1088,364606
207,1152,365681
207,1216,366384
207,1280,371438
207,1344,372488
207,1408,371750
207,1472,372359
207,1536,372908
207,1600,375060
207,1664,390442
207,1728,389633
207,1792,389633
207,1856,389633
207,1920,389633
207,1984,389633
207,2048,389633
208,0,24426
208,64,24408
208,128,24321
208,192,35993
208,256,154094
208,320,153973
208,384,171407
208,448,339592
208,512,342321
208,576,342534
208,640,349449
208,704,351114
208,768,351131
208,832,359752
208,896,362031
208,960,362244
208,1024,362406
208,1088,364606
208,1152,365681
208,1216,366384
208,1280,371438
208,1344,372488
208,1408,371750
208,1472,372359
208,1536,372908
208,1600,375060
208,1664,390442
208,1728,389633
208,1792,389633
208,1856,389633
208,1920,389633
208,1984,389633
208,2048,389633
209,0,24460
209,64,24441
209,128,24417
209,192,34281
209,256,154675
209,320,154304
209,384,171467
209,448,340501
209,512,342321
209,576,342534
209,640,349449
209,704,351114
209,768,351131
209,832,359752
209,896,362031
209,960,362244
209,1024,362406
209,1088,364606
209,1152,365681
209,1216,366384
209,1280,371438
209,1344,372488
209,1408,371750
209,1472,372359
209,1536,372908
209,1600,375060
209,1664,390442
209,1728,389633
209,1792,389633
209,1856,389633
209,1920,389633
209,1984,389633
209,2048,389633
210,0,24460
210,64,24441
210,128,24417
210,192,34281
210,256,154675
210,320,154304
210,384,171467
210,448,340501
210,512,342321
210,576,342534
210,640,349449
210,704,351114
210,768,351131
210,832,359752
210,896,362031
210,960,362244
210,1024,362406
210,1088,364606
210,1152,365681
210,1216,366384
210,1280,371438
210,1344,372488
210,1408,371750
210,1472,372359
210,1536,372908
210,1600,375060
210,1664,390442
210,1728,389633
210,1792,389633
210,1856,389633
210,1920,389633
210,1984,389633
210,2048,389633
211,0,24460
211,64,24441
211,128,24417
211,192,34281
211,256,154675
211,320,154304
211,384,171467
211,448,340501
211,512,342321
211,576,342534
211,640,349449
211,704,351114
211,768,351131
211,832,359752
211,896,362031
211,960,362244
211,1024,362406
211,1088,364606
211,1152,365681
211,1216,366384
211,1280,371438
211,1344,372488
211,1408,371750
211,1472,372359
211,1536,372908
211,1600,375060
211,1664,390442
211,1728,389633
211,1792,389633
211,1856,389633
211,1920,389633
211,1984,389633
211,2048,389633
212,0,24460
212,64,24441
212,128,24417
212,192,34281
212,256,154675
212,320,154304
212,384,171467
212,448,340501
212,512,342321
212,576,342534
212,640,349449
212,704,351114
212,768,351131
212,832,359752
212,896,362031
212,960,362244
212,1024,362406
212,1088,364606
212,1152,365681
212,1216,366384
212,1280,371438
212,1344,372488
212,1408,371750
212,1472,372359
212,1536,372908
212,1600,375060
212,1664,390442
212,1728,389633
212,1792,389633
212,1856,389633
212,1920,389633
212,1984,389633
212,2048,389633
213,0,24811
213,64,24816
213,128,24767
213,192,31164
213,256,159136
213,320,158862
213,384,160385
213,448,330167
213,512,354472
213,576,354649
213,640,355738
213,704,363570
213,768,364118
213,832,365908
213,896,374861
213,960,375126
213,1024,375104
213,1088,377633
213,1152,378578
213,1216,379015
213,1280,379318
213,1344,383801
213,1408,385015
213,1472,385133
213,1536,385465
213,1600,385727
213,1664,389626
213,1728,389626
213,1792,389626
213,1856,389626
213,1920,389626
213,1984,389626
213,2048,389626
214,0,24811
214,64,24816
214,128,24767
214,192,31164
214,256,159136
214,320,158862
214,384,160385
214,448,330167
214,512,354472
214,576,354649
214,640,355738
214,704,363570
214,768,364118
214,832,365908
214,896,374861
214,960,375126
214,1024,375104
214,1088,377633
214,1152,378578
214,1216,379015
214,1280,379318
214,1344,383801
214,1408,385015
214,1472,385133
214,1536,385465
214,1600,385727
214,1664,389626
214,1728,389626
214,1792,389626
214,1856,389626
214,1920,389626
214,1984,389626
214,2048,389626
215,0,24811
215,64,24816
215,128,24767
215,192,31164
215,256,159136
215,320,158862
215,384,160385
215,448,330167
215,512,354472
215,576,354649
215,640,355738
215,704,363570
215,768,364118
215,832,365908
215,896,374861
215,960,375126
215,1024,375104
215,1088,377633
215,1152,378578
215,1216,379015
215,1280,379318
215,1344,383801
215,1408,385015
215,1472,385133
215,1536,385465
215,1600,385727
215,1664,389626
215,1728,389626
215,1792,389626
215,1856,389626
215,1920,389626
215,1984,389626
215,2048,389626
216,0,24811
216,64,24816
216,128,24767
216,192,31164
216,256,159136
216,320,158862
216,384,160385
216,448,330167
216,512,354472
216,576,354649
216,640,355738
216,704,363570
216,768,364118
216,832,365908
216,896,374861
216,960,375126
216,1024,375104
216,1088,377633
216,1152,378578
216,1216,379015
216,1280,379318
216,1344,383801
216,1408,385015
216,1472,385133
216,1536,385465
216,1600,385727
216,1664,389626
216,1728,389626
216,1792,389626
216,1856,389626
216,1920,389626
216,1984,389626
216,2048,389626
217,0,24842
217,64,24847
217,128,24815
217,192,30734
217,256,159913
217,320,159675
217,384,160291
217,448,328981
217,512,354472
217,576,354649
217,640,355738
217,704,363570
217,768,364118
217,832,365908
217,896,374861
217,960,375126
217,1024,375104
217,1088,377633
217,1152,378578
217,1216,379015
217,1280,379318
217,1344,383801
217,1408,385015
217,1472,385133
217,1536,385465
217,1600,385727
217,1664,389626
217,1728,389626
217,1792,389626
217,1856,389626
217,1920,389626
217,1984,389626
217,2048,389626
218,0,24842
218,64,24847
218,128,24815
218,192,30734
218,256,159913
218,320,159675
218,384,160291
218,448,328981
218,512,354472
218,576,354649
218,640,355738
218,704,363570
218,768,364118
218,832,365908
218,896,374861
218,960,375126
218,1024,375104
218,1088,377633
218,1152,378578
218,1216,379015
218,1280,379318
218,1344,383801
218,1408,385015
218,1472,385133
218,1536,385465
218,1600,385727
218,1664,389626
218,1728,389626
218,1792,389626
218,1856,389626
218,1920,389626
218,1984,389626
218,2048,389626
219,0,24842
219,64,24847
219,128,24815
219,192,30734
219,256,159913
219,320,159675
219,384,160291
219,448,328981
219,512,354472
219,576,354649
219,640,355738
219,704,363570
219,768,364118
219,832,365908
219,896,374861
219,960,375126
219,1024,375104
219,1088,377633
219,1152,378578
219,1216,379015
219,1280,379318
219,1344,383801
219,1408,385015
219,1472,385133
219,1536,385465
219,1600,385727
219,1664,389626
219,1728,389626
219,1792,389626
219,1856,389626
219,1920,389626
219,1984,389626
219,2048,389626
220,0,24842
220,64,24847
220,128,24815
220,192,30734
220,256,159913
220,320,159675
220,384,160291
220,448,328981
220,512,354472
220,576,354649
220,640,355738
220,704,363570
220,768,364118
220,832,365908
220,896,374861
220,960,375126
220,1024,375104
220,1088,377633
220,1152,378578
220,1216,379015
220,1280,379318
220,1344,383801
220,1408,385015
220,1472,385133
220,1536,385465
220,1600,385727
220,1664,389626
220,1728,389626
220,1792,389626
220,1856,389626
220,1920,389626
220,1984,389626
220,2048,389626
221,0,25099
221,64,25104
221,128,25113
221,192,28826
221,256,163946
221,320,163981
221,384,164182
221,448,324723
221,512,366904
221,576,366975
221,640,368207
221,704,376406
221,768,376726
221,832,376990
221,896,385128
221,960,387805
221,1024,387951
221,1088,387911
221,1152,390851
221,1216,392064
221,1280,392699
221,1344,396837
221,1408,398620
221,1472,398632
221,1536,398860
221,1600,398860
221,1664,398893
221,1728,398893
221,1792,398893
221,1856,398893
221,1920,398893
221,1984,398893
221,2048,398893
222,0,25099
222,64,25104
222,128,25113
222,192,28826
222,256,163946
222,320,163981
222,384,164182
222,448,324723
222,512,366904
222,576,366975
222,640,368207
222,704,376406
222,768,376726
222,832,376990
222,896,385128
222,960,387805
222,1024,387951
222,1088,387911
222,1152,390851
222,1216,392064
222,1280,392699
222,1344,396837
222,1408,398620
222,1472,398632
222,1536,398860
222,1600,398860
222,1664,398893
222,1728,398893
222,1792,398893
222,1856,398893
222,1920,398893
222,1984,398893
222,2048,398893
223,0,25099
223,64,25104
223,128,25113
223,192,28826
223,256,163946
223,320,163981
223,384,164182
223,448,324723
223,512,366904
223,576,366975
223,640,368207
223,704,376406
223,768,376726
223,832,376990
223,896,385128
223,960,387805
223,1024,387951
223,1088,387911
223,1152,390851
223,1216,392064
223,1280,392699
223,1344,396837
223,1408,398620
223,1472,398632
223,1536,398860
223,1600,398860
223,1664,398893
223,1728,398893
223,1792,398893
223,1856,398893
223,1920,398893
223,1984,398893
223,2048,398893
224,0,25099
224,64,25104
224,128,25113
224,192,28826
224,256,163946
224,320,163981
224,384,164182
224,448,324723
224,512,366904
224,576,366975
224,640,368207
224,704,376406
224,768,376726
224,832,376990
224,896,385128
224,960,387805
224,1024,387951
224,1088,387911
224,1152,390851
224,1216,392064
224,1280,392699
224,1344,396837
224,1408,398620
224,1472,398632
224,1536,398860
224,1600,398860
224,1664,398893
224,1728,398893
224,1792,398893
224,1856,398893
224,1920,398893
224,1984,398893
224,2048,398893
225,0,25159
225,64,25164
225,128,25200
225,192,27859
225,256,164578
225,320,164555
225,384,165042
225,448,308226
225,512,366904
225,576,366975
225,640,368207
225,704,376406
225,768,376726
225,832,376990
225,896,385128
225,960,387805
225,1024,387951
225,1088,387911
225,1152,390851
225,1216,392064
225,1280,392699
225,1344,396837
225,1408,398620
225,1472,398632
225,1536,398860
225,1600,398860
225,1664,398893
225,1728,398893
225,1792,398893
225,1856,398893
225,1920,398893
225,1984,398893
225,2048,398893
226,0,25159
226,64,25164
226,128,25200
226,192,27859
226,256,164578
226,320,164555
226,384,165042
226,448,308226
226,512,366904
226,576,366975
226,640,368207
226,704,376406
226,768,376726
226,832,376990
226,896,385128
226,960,387805
226,1024,387951
226,1088,387911
226,1152,390851
226,1216,392064
226,1280,392699
226,1344,396837
226,1408,398620
226,1472,398632
226,1536,398860
226,1600,398860
226,1664,398893
226,1728,398893
226,1792,398893
226,1856,398893
226,1920,398893
226,1984,398893
226,2048,398893
227,0,25159
227,64,25164
227,128,25200
227,192,27859
227,256,164578
227,320,164555
227,384,165042
227,448,308226
227,512,366904
227,576,366975
227,640,368207
227,704,376406
227,768,376726
227,832,376990
227,896,385128
227,960,387805
227,1024,387951
227,1088,387911
227,1152,390851
227,1216,392064
227,1280,392699
227,1344,396837
227,1408,398620
227,1472,398632
227,1536,398860
227,1600,398860
227,1664,398893
227,1728,398893
227,1792,398893
227,1856,398893
227,1920,398893
227,1984,398893
227,2048,398893
228,0,25159
228,64,25164
228,128,25200
228,192,27859
228,256,164578
228,320,164555
228,384,165042
228,448,308226
228,512,366904
228,576,366975
228,640,368207
228,704,376406
228,768,376726
228,832,376990
228,896,385128
228,960,387805
228,1024,387951
228,1088,387911
228,1152,390851
228,1216,392064
228,1280,392699
228,1344,396837
228,1408,398620
228,1472,398632
228,1536,398860
228,1600,398860
228,1664,398893
228,1728,398893
228,1792,398893
228,1856,398893
228,1920,398893
228,1984,398893
228,2048,398893
229,0,25869
229,64,25863
229,128,25801
229,192,25847
229,256,168122
229,320,168609
229,384,167191
229,448,225606
229,512,379234
229,576,379882
229,640,380183
229,704,387159
229,768,389612
229,832,389603
229,896,391708
229,960,400655
229,1024,401032
229,1088,400715
229,1152,401022
229,1216,403848
229,1280,405201
229,1344,405875
229,1408,409615
229,1472,410665
229,1536,410665
229,1600,410665
229,1664,410665
229,1728,410665
229,1792,410665
229,1856,410665
229,1920,410665
229,1984,410665
229,2048,410665
230,0,25869
230,64,25863
230,128,25801
230,192,25847
230,256,168122
230,320,168609
230,384,167191
230,448,225606
230,512,379234
230,576,379882
230,640,380183
230,704,387159
230,768,389612
230,832,389603
230,896,391708
230,960,400655
230,1024,401032
230,1088,400715
230,1152,401022
230,1216,403848
230,1280,405201
230,1344,405875
230,1408,409615
230,1472,410665
230,1536,410665
230,1600,410665
230,1664,410665
230,1728,410665
230,1792,410665
230,1856,410665
230,1920,410665
230,1984,410665
230,2048,410665
231,0,25869
231,64,25863
231,128,25801
231,192,25847
231,256,168122
231,320,168609
231,384,167191
231,448,225606
231,512,379234
231,576,379882
231,640,380183
231,704,387159
231,768,389612
231,832,389603
231,896,391708
231,960,400655
231,1024,401032
231,1088,400715
231,1152,401022
231,1216,403848
231,1280,405201
231,1344,405875
231,1408,409615
231,1472,410665
231,1536,410665
231,1600,410665
231,1664,410665
231,1728,410665
231,1792,410665
231,1856,410665
231,1920,410665
231,1984,410665
231,2048,410665
232,0,25869
232,64,25863
232,128,25801
232,192,25847
232,256,168122
232,320,168609
232,384,167191
232,448,225606
232,512,379234
232,576,379882
232,640,380183
232,704,387159
232,768,389612
232,832,389603
232,896,391708
232,960,400655
232,1024,401032
232,1088,400715
232,1152,401022
232,1216,403848
232,1280,405201
232,1344,405875
232,1408,409615
232,1472,410665
232,1536,410665
232,1600,410665
232,1664,410665
232,1728,410665
232,1792,410665
232,1856,410665
232,1920,410665
232,1984,410665
232,2048,410665
233,0,25885
233,64,25878
233,128,25844
233,192,25905
233,256,168581
233,320,169254
233,384,168058
233,448,213008
233,512,379333
233,576,379882
233,640,380183
233,704,387159
233,768,389612
233,832,389603
233,896,391708
233,960,400655
233,1024,401032
233,1088,400715
233,1152,401022
233,1216,403848
233,1280,405201
233,1344,405875
233,1408,409615
233,1472,410665
233,1536,410665
233,1600,410665
233,1664,410665
233,1728,410665
233,1792,410665
233,1856,410665
233,1920,410665
233,1984,410665
233,2048,410665
234,0,25885
234,64,25878
234,128,25844
234,192,25905
234,256,168581
234,320,169254
234,384,168058
234,448,213008
234,512,379333
234,576,379882
234,640,380183
234,704,387159
234,768,389612
234,832,389603
234,896,391708
234,960,400655
234,1024,401032
234,1088,400715
234,1152,401022
234,1216,403848
234,1280,405201
234,1344,405875
234,1408,409615
234,1472,410665
234,1536,410665
234,1600,410665
234,1664,410665
234,1728,410665
234,1792,410665
234,1856,410665
234,1920,410665
234,1984,410665
234,2048,410665
235,0,25885
235,64,25878
235,128,25844
235,192,25905
235,256,168581
235,320,169254
235,384,168058
235,448,213008
235,512,379333
235,576,379882
235,640,380183
235,704,387159
235,768,389612
235,832,389603
235,896,391708
235,960,400655
235,1024,401032
235,1088,400715
235,1152,401022
235,1216,403848
235,1280,405201
235,1344,405875
235,1408,409615
235,1472,410665
235,1536,410665
235,1600,410665
235,1664,410665
235,1728,410665
235,1792,410665
235,1856,410665
235,1920,410665
235,1984,410665
235,2048,410665
236,0,25885
236,64,25878
236,128,25844
236,192,25905
236,256,168581
236,320,169254
236,384,168058
236,448,213008
236,512,379333
236,576,379882
236,640,380183
236,704,387159
236,768,389612
236,832,389603
236,896,391708
236,960,400655
236,1024,401032
236,1088,400715
236,1152,401022
236,1216,403848
236,1280,405201
236,1344,405875
236,1408,409615
236,1472,410665
236,1536,410665
236,1600,410665
236,1664,410665
236,1728,410665
236,1792,410665
236,1856,410665
236,1920,410665
236,1984,410665
236,2048,410665
237,0,25803
237,64,25806
237,128,25749
237,192,25782
237,256,172953
237,320,173494
237,384,173262
237,448,207139
237,512,391537
237,576,392338
237,640,391787
237,704,392647
237,768,401976
237,832,402497
237,896,402703
237,960,411748
237,1024,413682
237,1088,413531
237,1152,413926
237,1216,417856
237,1280,418572
237,1344,418684
237,1408,418677
237,1472,418677
237,1536,418677
237,1600,418677
237,1664,418677
237,1728,418677
237,1792,418677
237,1856,418677
237,1920,418677
237,1984,418677
237,2048,418677
238,0,25803
238,64,25806
238,128,25749
238,192,25782
238,256,172953
238,320,173494
238,384,173262
238,448,207139
238,512,391537
238,576,392338
238,640,391787
238,704,392647
238,768,401976
238,832,402497
238,896,402703
238,960,411748
238,1024,413682
238,1088,413531
238,1152,413926
238,1216,417856
238,1280,418572
238,1344,418684
238,1408,418677
238,1472,418677
238,1536,418677
238,1600,418677
238,1664,418677
238,1728,418677
238,1792,418677
238,1856,418677
238,1920,418677
238,1984,418677
238,2048,418677
239,0,25803
239,64,25806
239,128,25749
239,192,25782
239,256,172953
239,320,173494
239,384,173262
239,448,207139
239,512,391537
239,576,392338
239,640,391787
239,704,392647
239,768,401976
239,832,402497
239,896,402703
239,960,411748
239,1024,413682
239,1088,413531
239,1152,413926
239,1216,417856
239,1280,418572
239,1344,418684
239,1408,418677
239,1472,418677
239,1536,418677
239,1600,418677
239,1664,418677
239,1728,418677
239,1792,418677
239,1856,418677
239,1920,418677
239,1984,418677
239,2048,418677
240,0,25803
240,64,25806
240,128,25749
240,192,25782
240,256,172953
240,320,173494
240,384,173262
240,448,207139
240,512,391537
240,576,392338
240,640,391787
240,704,392647
240,768,401976
240,832,402497
240,896,402703
240,960,411748
240,1024,413682
240,1088,413531
240,1152,413926
240,1216,417856
240,1280,418572
240,1344,418684
240,1408,418677
240,1472,418677
240,1536,418677
240,1600,418677
240,1664,418677
240,1728,418677
240,1792,418677
240,1856,418677
240,1920,418677
240,1984,418677
240,2048,418677
241,0,25811
241,64,25816
241,128,25757
241,192,25790
241,256,173373
241,320,173751
241,384,174151
241,448,200741
241,512,391537
241,576,392338
241,640,391787
241,704,392647
241,768,401976
241,832,402497
241,896,402703
241,960,411748
241,1024,413682
241,1088,413531
241,1152,413926
241,1216,417856
241,1280,418572
241,1344,418684
241,1408,418677
241,1472,418677
241,1536,418677
241,1600,418677
241,1664,418677
241,1728,418677
241,1792,418677
241,1856,418677
241,1920,418677
241,1984,418677
241,2048,418677
242,0,25811
242,64,25816
242,128,25757
242,192,25790
242,256,173373
242,320,173751
242,384,174151
242,448,200741
242,512,391537
242,576,392338
242,640,391787
242,704,392647
242,768,401976
242,832,402497
242,896,402703
242,960,411748
242,1024,413682
242,1088,413531
242,1152,413926
242,1216,417856
242,1280,418572
242,1344,418684
242,1408,418677
242,1472,418677
242,1536,418677
242,1600,418677
242,1664,418677
242,1728,418677
242,1792,418677
242,1856,418677
242,1920,418677
242,1984,418677
242,2048,418677
243,0,25811
243,64,25816
243,128,25757
243,192,25790
243,256,173373
243,320,173751
243,384,174151
243,448,200741
243,512,391537
243,576,392338
243,640,391787
243,704,392647
243,768,401976
243,832,402497
243,896,402703
243,960,411748
243,1024,413682
243,1088,413531
243,1152,413926
243,1216,417856
243,1280,418572
243,1344,418684
243,1408,418677
243,1472,418677
243,1536,418677
243,1600,418677
243,1664,418677
243,1728,418677
243,1792,418677
243,1856,418677
243,1920,418677
243,1984,418677
243,2048,418677
244,0,25811
244,64,25816
244,128,25757
244,192,25790
244,256,173373
244,320,173751
244,384,174151
244,448,200741
244,512,391537
244,576,392338
244,640,391787
244,704,392647
244,768,401976
244,832,402497
244,896,402703
244,960,411748
244,1024,413682
244,1088,413531
244,1152,413926
244,1216,417856
244,1280,418572
244,1344,418684
244,1408,418677
244,1472,418677
244,1536,418677
244,1600,418677
244,1664,418677
244,1728,418677
244,1792,418677
244,1856,418677
244,1920,418677
244,1984,418677
244,2048,418677
245,0,25984
245,64,25985
245,128,25984
245,192,26000
245,256,177047
245,320,177951
245,384,178089
245,448,181827
245,512,402494
245,576,404289
245,640,403941
245,704,404197
245,768,412758
245,832,415170
245,896,415350
245,960,417403
245,1024,426731
245,1088,426923
245,1152,427412
245,1216,428789
245,1280,435577
245,1344,433462
245,1408,433409
245,1472,433409
245,1536,433409
245,1600,433409
245,1664,433409
245,1728,433409
245,1792,433409
245,1856,433409
245,1920,433409
245,1984,433409
245,2048,433409
246,0,25984
246,64,25985
246,128,25984
246,192,26000
246,256,177047
246,320,177951
246,384,178089
246,448,181827
246,512,402494
246,576,404289
246,640,403941
246,704,404197
246,768,412758
246,832,415170
246,896,415350
246,960,417403
246,1024,426731
246,1088,426923
246,1152,427412
246,1216,428789
246,1280,435577
246,1344,433462
246,1408,433409
246,1472,433409
246,1536,433409
246,1600,433409
246,1664,433409
246,1728,433409
246,1792,433409
246,1856,433409
246,1920,433409
246,1984,433409
246,2048,433409
247,0,25984
247,64,25985
247,128,25984
247,192,26000
247,256,177047
247,320,177951
247,384,178089
247,448,181827
247,512,402494
247,576,404289
247,640,403941
247,704,404197
247,768,412758
247,832,415170
247,896,415350
247,960,417403
247,1024,426731
247,1088,426923
247,1152,427412
247,1216,428789
247,1280,435577
247,1344,433462
247,1408,433409
247,1472,433409
247,1536,433409
247,1600,433409
247,1664,433409
247,1728,433409
247,1792,433409
247,1856,433409
247,1920,433409
247,1984,433409
247,2048,433409
248,0,25984
248,64,25985
248,128,25984
248,192,26000
248,256,177047
248,320,177951
248,384,178089
248,448,181827
248,512,402494
248,576,404289
248,640,403941
248,704,404197
248,768,412758
248,832,415170
248,896,415350
248,960,417403
248,1024,426731
248,1088,426923
248,1152,427412
248,1216,428789
248,1280,435577
248,1344,433462
248,1408,433409
248,1472,433409
248,1536,433409
248,1600,433409
248,1664,433409
248,1728,433409
248,1792,433409
248,1856,433409
248,1920,433409
248,1984,433409
248,2048,433409
249,0,25995
249,64,26000
249,128,26009
249,192,26016
249,256,177550
249,320,178385
249,384,178570
249,448,181537
249,512,401661
249,576,404289
249,640,403941
249,704,404197
249,768,412758
249,832,415170
249,896,415350
249,960,417403
249,1024,426731
249,1088,426923
249,1152,427412
249,1216,428789
249,1280,435577
249,1344,433462
249,1408,433409
249,1472,433409
249,1536,433409
249,1600,433409
249,1664,433409
249,1728,433409
249,1792,433409
249,1856,433409
249,1920,433409
249,1984,433409
249,2048,433409
250,0,25995
250,64,26000
250,128,26009
250,192,26016
250,256,177550
250,320,178385
250,384,178570
250,448,181537
250,512,401661
250,576,404289
250,640,403941
250,704,404197
250,768,412758
250,832,415170
250,896,415350
250,960,417403
250,1024,426731
250,1088,426923
250,1152,427412
250,1216,428789
250,1280,435577
250,1344,433462
250,1408,433409
250,1472,433409
250,1536,433409
250,1600,433409
250,1664,433409
250,1728,433409
250,1792,433409
250,1856,433409
250,1920,433409
250,1984,433409
250,2048,433409
251,0,25995
251,64,26000
251,128,26009
251,192,26016
251,256,177550
251,320,178385
251,384,178570
251,448,181537
251,512,401661
251,576,404289
251,640,403941
251,704,404197
251,768,412758
251,832,415170
251,896,415350
251,960,417403
251,1024,426731
251,1088,426923
251,1152,427412
251,1216,428789
251,1280,435577
251,1344,433462
251,1408,433409
251,1472,433409
251,1536,433409
251,1600,433409
251,1664,433409
251,1728,433409
251,1792,433409
251,1856,433409
251,1920,433409
251,1984,433409
251,2048,433409
252,0,25995
252,64,26000
252,128,26009
252,192,26016
252,256,177550
252,320,178385
252,384,178570
252,448,181537
252,512,401661
252,576,404289
252,640,403941
252,704,404197
252,768,412758
252,832,415170
252,896,415350
252,960,417403
252,1024,426731
252,1088,426923
252,1152,427412
252,1216,428789
252,1280,435577
252,1344,433462
252,1408,433409
252,1472,433409
252,1536,433409
252,1600,433409
252,1664,433409
252,1728,433409
252,1792,433409
252,1856,433409
252,1920,433409
252,1984,433409
252,2048,433409
253,0,25952
253,64,25996
253,128,26010
253,192,26024
253,256,179282
253,320,181733
253,384,182201
253,448,184692
253,512,414367
253,576,416870
253,640,417020
253,704,417218
253,768,424907
253,832,427736
253,896,427750
253,960,427710
253,1024,438901
253,1088,439684
253,1152,439028
253,1216,439961
253,1280,443234
253,1344,444087
253,1408,444087
253,1472,444087
253,1536,444087
253,1600,444087
253,1664,444087
253,1728,444087
253,1792,444087
253,1856,444087
253,1920,444087
253,1984,444087
253,2048,444087
254,0,25952
254,64,25996
254,128,26010
254,192,26024
254,256,179282
254,320,181733
254,384,182201
254,448,184692
254,512,414367
254,576,416870
254,640,417020
254,704,417218
254,768,424907
254,832,427736
254,896,427750
254,960,427710
254,1024,438901
254,1088,439684
254,1152,439028
254,1216,439961
254,1280,443234
254,1344,444087
254,1408,444087
254,1472,444087
254,1536,444087
254,1600,444087
254,1664,444087
254,1728,444087
254,1792,444087
254,1856,444087
254,1920,444087
254,1984,444087
254,2048,444087
255,0,25952
255,64,25996
255,128,26010
255,192,26024
255,256,179282
255,320,181733
255,384,182201
255,448,184692
255,512,414367
255,576,416870
255,640,417020
255,704,417218
255,768,424907
255,832,427736
255,896,427750
255,960,427710
255,1024,438901
255,1088,439684
255,1152,439028
255,1216,439961
255,1280,443234
255,1344,444087
255,1408,444087
255,1472,444087
255,1536,444087
255,1600,444087
255,1664,444087
255,1728,444087
255,1792,444087
255,1856,444087
255,1920,444087
255,1984,444087
255,2048,444087
256,0,25952
256,64,25996
256,128,26010
256,192,26024
256,256,179282
256,320,181733
256,384,182201
256,448,184692
256,512,414367
256,576,416870
256,640,417020
256,704,417218
256,768,424907
256,832,427736
256,896,427750
256,960,427710
256,1024,438901
256,1088,439684
256,1152,439028
256,1216,439961
256,1280,443234
256,1344,444087
256,1408,444087
256,1472,444087
256,1536,444087
256,1600,444087
256,1664,444087
256,1728,444087
256,1792,444087
256,1856,444087
256,1920,444087
256,1984,444087
256,2048,444087
