layer_name,input,kv_cache,tp_size,latency(ns)
embedding,1,0,8,2882
input_layernorm,1,0,8,17511
q_proj,1,0,8,3149
k_proj,1,0,8,3589
v_proj,1,0,8,3702
rope,1,0,8,9771
attn,1,0,8,2690
o_proj,1,0,8,2386
post_layernorm,1,0,8,17164
gate_proj,1,0,8,5796
up_proj,1,0,8,5620
act_fn,1,0,8,943
down_proj,1,0,8,6222
final_layernorm,1,0,8,18400
lm_head,1,0,8,44142
embedding,2,0,8,3572
input_layernorm,2,0,8,20097
q_proj,2,0,8,3147
k_proj,2,0,8,3597
v_proj,2,0,8,3702
rope,2,0,8,11050
attn,2,0,8,4308
o_proj,2,0,8,2296
post_layernorm,2,0,8,19743
gate_proj,2,0,8,5831
up_proj,2,0,8,5535
act_fn,2,0,8,935
down_proj,2,0,8,6210
final_layernorm,2,0,8,20942
lm_head,2,0,8,44223
embedding,3,0,8,4079
input_layernorm,3,0,8,20441
q_proj,3,0,8,3153
k_proj,3,0,8,3566
v_proj,3,0,8,3679
rope,3,0,8,11909
attn,3,0,8,4341
o_proj,3,0,8,2316
post_layernorm,3,0,8,19669
gate_proj,3,0,8,5932
up_proj,3,0,8,5638
act_fn,3,0,8,944
down_proj,3,0,8,6197
final_layernorm,3,0,8,20953
lm_head,3,0,8,44464
embedding,4,0,8,4601
input_layernorm,4,0,8,21264
q_proj,4,0,8,3169
k_proj,4,0,8,3576
v_proj,4,0,8,3707
rope,4,0,8,11950
attn,4,0,8,4263
o_proj,4,0,8,2318
post_layernorm,4,0,8,20554
gate_proj,4,0,8,5875
up_proj,4,0,8,5564
act_fn,4,0,8,939
down_proj,4,0,8,6208
final_layernorm,4,0,8,21634
lm_head,4,0,8,44482
embedding,5,0,8,5311
input_layernorm,5,0,8,21084
q_proj,5,0,8,3170
k_proj,5,0,8,3558
v_proj,5,0,8,3712
rope,5,0,8,11775
attn,5,0,8,4308
o_proj,5,0,8,2351
post_layernorm,5,0,8,20459
gate_proj,5,0,8,5935
up_proj,5,0,8,5584
act_fn,5,0,8,945
down_proj,5,0,8,6210
final_layernorm,5,0,8,21676
lm_head,5,0,8,44549
embedding,6,0,8,5945
input_layernorm,6,0,8,21446
q_proj,6,0,8,3159
k_proj,6,0,8,3596
v_proj,6,0,8,3749
rope,6,0,8,11965
attn,6,0,8,4306
o_proj,6,0,8,2350
post_layernorm,6,0,8,20703
gate_proj,6,0,8,5932
up_proj,6,0,8,5600
act_fn,6,0,8,955
down_proj,6,0,8,6245
final_layernorm,6,0,8,21580
lm_head,6,0,8,44509
embedding,7,0,8,6715
input_layernorm,7,0,8,21666
q_proj,7,0,8,3178
k_proj,7,0,8,3609
v_proj,7,0,8,3772
rope,7,0,8,11851
attn,7,0,8,4262
o_proj,7,0,8,2338
post_layernorm,7,0,8,20688
gate_proj,7,0,8,5981
up_proj,7,0,8,5650
act_fn,7,0,8,951
down_proj,7,0,8,6260
final_layernorm,7,0,8,21689
lm_head,7,0,8,44574
embedding,8,0,8,7341
input_layernorm,8,0,8,23499
q_proj,8,0,8,3184
k_proj,8,0,8,3621
v_proj,8,0,8,3770
rope,8,0,8,12019
attn,8,0,8,4299
o_proj,8,0,8,2359
post_layernorm,8,0,8,22764
gate_proj,8,0,8,5972
up_proj,8,0,8,5653
act_fn,8,0,8,955
down_proj,8,0,8,6294
final_layernorm,8,0,8,23400
lm_head,8,0,8,44635
embedding,9,0,8,8052
input_layernorm,9,0,8,23612
q_proj,9,0,8,3200
k_proj,9,0,8,3648
v_proj,9,0,8,3742
rope,9,0,8,12044
attn,9,0,8,4272
o_proj,9,0,8,2486
post_layernorm,9,0,8,22371
gate_proj,9,0,8,6001
up_proj,9,0,8,5653
act_fn,9,0,8,959
down_proj,9,0,8,6411
final_layernorm,9,0,8,23856
lm_head,9,0,8,44505
embedding,10,0,8,8511
input_layernorm,10,0,8,23056
q_proj,10,0,8,3225
k_proj,10,0,8,3656
v_proj,10,0,8,3739
rope,10,0,8,12105
attn,10,0,8,4312
o_proj,10,0,8,2478
post_layernorm,10,0,8,22602
gate_proj,10,0,8,6041
up_proj,10,0,8,5685
act_fn,10,0,8,948
down_proj,10,0,8,6513
final_layernorm,10,0,8,23699
lm_head,10,0,8,44650
embedding,11,0,8,9259
input_layernorm,11,0,8,23230
q_proj,11,0,8,3212
k_proj,11,0,8,3664
v_proj,11,0,8,3794
rope,11,0,8,12429
attn,11,0,8,4274
o_proj,11,0,8,2452
post_layernorm,11,0,8,22454
gate_proj,11,0,8,6001
up_proj,11,0,8,5688
act_fn,11,0,8,956
down_proj,11,0,8,6460
final_layernorm,11,0,8,23624
lm_head,11,0,8,44705
embedding,12,0,8,9907
input_layernorm,12,0,8,23504
q_proj,12,0,8,3224
k_proj,12,0,8,3648
v_proj,12,0,8,3740
rope,12,0,8,12438
attn,12,0,8,4306
o_proj,12,0,8,2450
post_layernorm,12,0,8,22661
gate_proj,12,0,8,6015
up_proj,12,0,8,5654
act_fn,12,0,8,963
down_proj,12,0,8,6486
final_layernorm,12,0,8,23503
lm_head,12,0,8,44682
embedding,13,0,8,10502
input_layernorm,13,0,8,23486
q_proj,13,0,8,3235
k_proj,13,0,8,3675
v_proj,13,0,8,3762
rope,13,0,8,12435
attn,13,0,8,4285
o_proj,13,0,8,2478
post_layernorm,13,0,8,22862
gate_proj,13,0,8,6075
up_proj,13,0,8,5700
act_fn,13,0,8,963
down_proj,13,0,8,6462
final_layernorm,13,0,8,23757
lm_head,13,0,8,44719
embedding,14,0,8,10868
input_layernorm,14,0,8,23602
q_proj,14,0,8,3218
k_proj,14,0,8,3674
v_proj,14,0,8,3795
rope,14,0,8,12460
attn,14,0,8,4326
o_proj,14,0,8,2485
post_layernorm,14,0,8,23012
gate_proj,14,0,8,6070
up_proj,14,0,8,5715
act_fn,14,0,8,979
down_proj,14,0,8,6477
final_layernorm,14,0,8,24024
lm_head,14,0,8,44686
embedding,15,0,8,11686
input_layernorm,15,0,8,24194
q_proj,15,0,8,3226
k_proj,15,0,8,3682
v_proj,15,0,8,3756
rope,15,0,8,12493
attn,15,0,8,4292
o_proj,15,0,8,2503
post_layernorm,15,0,8,23083
gate_proj,15,0,8,6046
up_proj,15,0,8,5718
act_fn,15,0,8,977
down_proj,15,0,8,6476
final_layernorm,15,0,8,24118
lm_head,15,0,8,44740
embedding,16,0,8,12205
input_layernorm,16,0,8,27317
q_proj,16,0,8,3224
k_proj,16,0,8,3685
v_proj,16,0,8,3802
rope,16,0,8,12438
attn,16,0,8,4290
o_proj,16,0,8,2484
post_layernorm,16,0,8,26337
gate_proj,16,0,8,6039
up_proj,16,0,8,5698
act_fn,16,0,8,978
down_proj,16,0,8,6476
final_layernorm,16,0,8,27035
lm_head,16,0,8,44792
embedding,17,0,8,3517
input_layernorm,17,0,8,26955
q_proj,17,0,8,3266
k_proj,17,0,8,3867
v_proj,17,0,8,3829
rope,17,0,8,12573
attn,17,0,8,4307
o_proj,17,0,8,2412
post_layernorm,17,0,8,26430
gate_proj,17,0,8,6041
up_proj,17,0,8,5759
act_fn,17,0,8,989
down_proj,17,0,8,6464
final_layernorm,17,0,8,27271
lm_head,17,0,8,44858
embedding,18,0,8,3555
input_layernorm,18,0,8,27366
q_proj,18,0,8,3219
k_proj,18,0,8,3766
v_proj,18,0,8,3789
rope,18,0,8,12737
attn,18,0,8,4290
o_proj,18,0,8,2413
post_layernorm,18,0,8,26297
gate_proj,18,0,8,6106
up_proj,18,0,8,5733
act_fn,18,0,8,982
down_proj,18,0,8,6581
final_layernorm,18,0,8,27739
lm_head,18,0,8,44801
embedding,19,0,8,3559
input_layernorm,19,0,8,27916
q_proj,19,0,8,3290
k_proj,19,0,8,3799
v_proj,19,0,8,3828
rope,19,0,8,12776
attn,19,0,8,4287
o_proj,19,0,8,2439
post_layernorm,19,0,8,26553
gate_proj,19,0,8,6067
up_proj,19,0,8,5732
act_fn,19,0,8,1009
down_proj,19,0,8,6550
final_layernorm,19,0,8,27552
lm_head,19,0,8,44945
embedding,20,0,8,3571
input_layernorm,20,0,8,27623
q_proj,20,0,8,3254
k_proj,20,0,8,3789
v_proj,20,0,8,3818
rope,20,0,8,12759
attn,20,0,8,4298
o_proj,20,0,8,2448
post_layernorm,20,0,8,26431
gate_proj,20,0,8,6065
up_proj,20,0,8,5780
act_fn,20,0,8,1021
down_proj,20,0,8,6555
final_layernorm,20,0,8,27339
lm_head,20,0,8,44883
embedding,21,0,8,3579
input_layernorm,21,0,8,27109
q_proj,21,0,8,3292
k_proj,21,0,8,3795
v_proj,21,0,8,3824
rope,21,0,8,12979
attn,21,0,8,4291
o_proj,21,0,8,2448
post_layernorm,21,0,8,26446
gate_proj,21,0,8,6068
up_proj,21,0,8,5763
act_fn,21,0,8,1010
down_proj,21,0,8,6517
final_layernorm,21,0,8,27555
lm_head,21,0,8,44908
embedding,22,0,8,3673
input_layernorm,22,0,8,26878
q_proj,22,0,8,3304
k_proj,22,0,8,3826
v_proj,22,0,8,3853
rope,22,0,8,12783
attn,22,0,8,4321
o_proj,22,0,8,2465
post_layernorm,22,0,8,26746
gate_proj,22,0,8,6094
up_proj,22,0,8,5800
act_fn,22,0,8,1014
down_proj,22,0,8,6546
final_layernorm,22,0,8,27683
lm_head,22,0,8,44900
embedding,23,0,8,3642
input_layernorm,23,0,8,27332
q_proj,23,0,8,3284
k_proj,23,0,8,3804
v_proj,23,0,8,3839
rope,23,0,8,12885
attn,23,0,8,4284
o_proj,23,0,8,2472
post_layernorm,23,0,8,26345
gate_proj,23,0,8,6165
up_proj,23,0,8,5741
act_fn,23,0,8,1017
down_proj,23,0,8,6502
final_layernorm,23,0,8,27994
lm_head,23,0,8,44937
embedding,24,0,8,3641
input_layernorm,24,0,8,27597
q_proj,24,0,8,3289
k_proj,24,0,8,3799
v_proj,24,0,8,3827
rope,24,0,8,12985
attn,24,0,8,4267
o_proj,24,0,8,2476
post_layernorm,24,0,8,26202
gate_proj,24,0,8,6106
up_proj,24,0,8,5771
act_fn,24,0,8,1016
down_proj,24,0,8,6517
final_layernorm,24,0,8,27474
lm_head,24,0,8,44912
embedding,25,0,8,3726
input_layernorm,25,0,8,28020
q_proj,25,0,8,3298
k_proj,25,0,8,3742
v_proj,25,0,8,3863
rope,25,0,8,12900
attn,25,0,8,4269
o_proj,25,0,8,2526
post_layernorm,25,0,8,27387
gate_proj,25,0,8,6172
up_proj,25,0,8,5820
act_fn,25,0,8,1022
down_proj,25,0,8,6581
final_layernorm,25,0,8,27986
lm_head,25,0,8,45056
embedding,26,0,8,3728
input_layernorm,26,0,8,27693
q_proj,26,0,8,3302
k_proj,26,0,8,3721
v_proj,26,0,8,3859
rope,26,0,8,13035
attn,26,0,8,4268
o_proj,26,0,8,2512
post_layernorm,26,0,8,26673
gate_proj,26,0,8,6151
up_proj,26,0,8,5774
act_fn,26,0,8,1027
down_proj,26,0,8,6531
final_layernorm,26,0,8,27567
lm_head,26,0,8,45079
embedding,27,0,8,3772
input_layernorm,27,0,8,27250
q_proj,27,0,8,3293
k_proj,27,0,8,3722
v_proj,27,0,8,3854
rope,27,0,8,13091
attn,27,0,8,4302
o_proj,27,0,8,2518
post_layernorm,27,0,8,26832
gate_proj,27,0,8,6134
up_proj,27,0,8,5802
act_fn,27,0,8,1020
down_proj,27,0,8,6636
final_layernorm,27,0,8,27887
lm_head,27,0,8,45054
embedding,28,0,8,3773
input_layernorm,28,0,8,27745
q_proj,28,0,8,3304
k_proj,28,0,8,3740
v_proj,28,0,8,3864
rope,28,0,8,13071
attn,28,0,8,4280
o_proj,28,0,8,2549
post_layernorm,28,0,8,26847
gate_proj,28,0,8,6176
up_proj,28,0,8,5820
act_fn,28,0,8,1026
down_proj,28,0,8,6620
final_layernorm,28,0,8,27693
lm_head,28,0,8,45106
embedding,29,0,8,3807
input_layernorm,29,0,8,27554
q_proj,29,0,8,3296
k_proj,29,0,8,3765
v_proj,29,0,8,3879
rope,29,0,8,13043
attn,29,0,8,4269
o_proj,29,0,8,2538
post_layernorm,29,0,8,27018
gate_proj,29,0,8,6129
up_proj,29,0,8,5816
act_fn,29,0,8,1018
down_proj,29,0,8,6594
final_layernorm,29,0,8,27925
lm_head,29,0,8,45093
embedding,30,0,8,3815
input_layernorm,30,0,8,28242
q_proj,30,0,8,3310
k_proj,30,0,8,3737
v_proj,30,0,8,3894
rope,30,0,8,13152
attn,30,0,8,4285
o_proj,30,0,8,2549
post_layernorm,30,0,8,26767
gate_proj,30,0,8,6164
up_proj,30,0,8,5827
act_fn,30,0,8,1025
down_proj,30,0,8,6600
final_layernorm,30,0,8,27741
lm_head,30,0,8,45117
embedding,31,0,8,3870
input_layernorm,31,0,8,27992
q_proj,31,0,8,3296
k_proj,31,0,8,3759
v_proj,31,0,8,3894
rope,31,0,8,13150
attn,31,0,8,4318
o_proj,31,0,8,2564
post_layernorm,31,0,8,27056
gate_proj,31,0,8,6169
up_proj,31,0,8,5815
act_fn,31,0,8,1027
down_proj,31,0,8,6603
final_layernorm,31,0,8,27825
lm_head,31,0,8,45142
embedding,32,0,8,3851
input_layernorm,32,0,8,27499
q_proj,32,0,8,3309
k_proj,32,0,8,3753
v_proj,32,0,8,3907
rope,32,0,8,13111
attn,32,0,8,4283
o_proj,32,0,8,2556
post_layernorm,32,0,8,26979
gate_proj,32,0,8,6158
up_proj,32,0,8,5814
act_fn,32,0,8,1030
down_proj,32,0,8,6586
final_layernorm,32,0,8,27242
lm_head,32,0,8,45189
embedding,33,0,8,3873
input_layernorm,33,0,8,27437
q_proj,33,0,8,3333
k_proj,33,0,8,4185
v_proj,33,0,8,4276
rope,33,0,8,13117
attn,33,0,8,4281
o_proj,33,0,8,2523
post_layernorm,33,0,8,26881
gate_proj,33,0,8,6159
up_proj,33,0,8,5891
act_fn,33,0,8,1036
down_proj,33,0,8,6657
final_layernorm,33,0,8,27883
lm_head,33,0,8,45333
embedding,34,0,8,4042
input_layernorm,34,0,8,26850
q_proj,34,0,8,3327
k_proj,34,0,8,4190
v_proj,34,0,8,4263
rope,34,0,8,13156
attn,34,0,8,4319
o_proj,34,0,8,2537
post_layernorm,34,0,8,27143
gate_proj,34,0,8,6160
up_proj,34,0,8,5869
act_fn,34,0,8,1029
down_proj,34,0,8,6666
final_layernorm,34,0,8,27225
lm_head,34,0,8,45385
embedding,35,0,8,4151
input_layernorm,35,0,8,27075
q_proj,35,0,8,3344
k_proj,35,0,8,4198
v_proj,35,0,8,4259
rope,35,0,8,13197
attn,35,0,8,4273
o_proj,35,0,8,2530
post_layernorm,35,0,8,26640
gate_proj,35,0,8,6205
up_proj,35,0,8,5838
act_fn,35,0,8,1036
down_proj,35,0,8,6695
final_layernorm,35,0,8,27361
lm_head,35,0,8,45416
embedding,36,0,8,4226
input_layernorm,36,0,8,27534
q_proj,36,0,8,3343
k_proj,36,0,8,4200
v_proj,36,0,8,4295
rope,36,0,8,13190
attn,36,0,8,4337
o_proj,36,0,8,2522
post_layernorm,36,0,8,26632
gate_proj,36,0,8,6135
up_proj,36,0,8,5876
act_fn,36,0,8,1045
down_proj,36,0,8,6692
final_layernorm,36,0,8,27554
lm_head,36,0,8,45402
embedding,37,0,8,4384
input_layernorm,37,0,8,27199
q_proj,37,0,8,3352
k_proj,37,0,8,4209
v_proj,37,0,8,4265
rope,37,0,8,13243
attn,37,0,8,4271
o_proj,37,0,8,2548
post_layernorm,37,0,8,26648
gate_proj,37,0,8,6176
up_proj,37,0,8,5865
act_fn,37,0,8,1033
down_proj,37,0,8,6678
final_layernorm,37,0,8,27531
lm_head,37,0,8,45441
embedding,38,0,8,4264
input_layernorm,38,0,8,27537
q_proj,38,0,8,3320
k_proj,38,0,8,4195
v_proj,38,0,8,4264
rope,38,0,8,13263
attn,38,0,8,4307
o_proj,38,0,8,2553
post_layernorm,38,0,8,26672
gate_proj,38,0,8,6251
up_proj,38,0,8,5882
act_fn,38,0,8,1040
down_proj,38,0,8,6726
final_layernorm,38,0,8,27671
lm_head,38,0,8,45358
embedding,39,0,8,4394
input_layernorm,39,0,8,27343
q_proj,39,0,8,3350
k_proj,39,0,8,4116
v_proj,39,0,8,4250
rope,39,0,8,13211
attn,39,0,8,4312
o_proj,39,0,8,2521
post_layernorm,39,0,8,26772
gate_proj,39,0,8,6203
up_proj,39,0,8,5913
act_fn,39,0,8,1059
down_proj,39,0,8,6680
final_layernorm,39,0,8,27602
lm_head,39,0,8,45480
embedding,40,0,8,4336
input_layernorm,40,0,8,27531
q_proj,40,0,8,3318
k_proj,40,0,8,4202
v_proj,40,0,8,4291
rope,40,0,8,13203
attn,40,0,8,4342
o_proj,40,0,8,2561
post_layernorm,40,0,8,26795
gate_proj,40,0,8,6252
up_proj,40,0,8,5923
act_fn,40,0,8,1037
down_proj,40,0,8,6682
final_layernorm,40,0,8,27315
lm_head,40,0,8,45543
embedding,41,0,8,4343
input_layernorm,41,0,8,27315
q_proj,41,0,8,2764
k_proj,41,0,8,3920
v_proj,41,0,8,3946
rope,41,0,8,13280
attn,41,0,8,4313
o_proj,41,0,8,2640
post_layernorm,41,0,8,26744
gate_proj,41,0,8,6251
up_proj,41,0,8,5896
act_fn,41,0,8,1042
down_proj,41,0,8,6717
final_layernorm,41,0,8,27737
lm_head,41,0,8,45501
embedding,42,0,8,4493
input_layernorm,42,0,8,27644
q_proj,42,0,8,2733
k_proj,42,0,8,3889
v_proj,42,0,8,3921
rope,42,0,8,13229
attn,42,0,8,4309
o_proj,42,0,8,2656
post_layernorm,42,0,8,26730
gate_proj,42,0,8,6183
up_proj,42,0,8,5906
act_fn,42,0,8,1044
down_proj,42,0,8,6712
final_layernorm,42,0,8,27577
lm_head,42,0,8,45307
embedding,43,0,8,4416
input_layernorm,43,0,8,28065
q_proj,43,0,8,2746
k_proj,43,0,8,3907
v_proj,43,0,8,3919
rope,43,0,8,13382
attn,43,0,8,4320
o_proj,43,0,8,2645
post_layernorm,43,0,8,26817
gate_proj,43,0,8,6248
up_proj,43,0,8,5913
act_fn,43,0,8,1040
down_proj,43,0,8,6700
final_layernorm,43,0,8,27708
lm_head,43,0,8,45307
embedding,44,0,8,4382
input_layernorm,44,0,8,27905
q_proj,44,0,8,2740
k_proj,44,0,8,3914
v_proj,44,0,8,3916
rope,44,0,8,13343
attn,44,0,8,4300
o_proj,44,0,8,2645
post_layernorm,44,0,8,26794
gate_proj,44,0,8,6246
up_proj,44,0,8,5901
act_fn,44,0,8,1041
down_proj,44,0,8,6708
final_layernorm,44,0,8,27656
lm_head,44,0,8,45323
embedding,45,0,8,4421
input_layernorm,45,0,8,27945
q_proj,45,0,8,2737
k_proj,45,0,8,3901
v_proj,45,0,8,3936
rope,45,0,8,13355
attn,45,0,8,4309
o_proj,45,0,8,2669
post_layernorm,45,0,8,26851
gate_proj,45,0,8,6231
up_proj,45,0,8,5890
act_fn,45,0,8,1055
down_proj,45,0,8,6692
final_layernorm,45,0,8,27716
lm_head,45,0,8,45406
embedding,46,0,8,4449
input_layernorm,46,0,8,27302
q_proj,46,0,8,2744
k_proj,46,0,8,3915
v_proj,46,0,8,3930
rope,46,0,8,13418
attn,46,0,8,4330
o_proj,46,0,8,2659
post_layernorm,46,0,8,26843
gate_proj,46,0,8,6278
up_proj,46,0,8,5875
act_fn,46,0,8,1051
down_proj,46,0,8,6716
final_layernorm,46,0,8,27841
lm_head,46,0,8,45481
embedding,47,0,8,4510
input_layernorm,47,0,8,28036
q_proj,47,0,8,2756
k_proj,47,0,8,3932
v_proj,47,0,8,3933
rope,47,0,8,13415
attn,47,0,8,4307
o_proj,47,0,8,2660
post_layernorm,47,0,8,27128
gate_proj,47,0,8,6273
up_proj,47,0,8,5920
act_fn,47,0,8,1054
down_proj,47,0,8,6738
final_layernorm,47,0,8,27831
lm_head,47,0,8,45463
embedding,48,0,8,4514
input_layernorm,48,0,8,27391
q_proj,48,0,8,3361
k_proj,48,0,8,3928
v_proj,48,0,8,3989
rope,48,0,8,13449
attn,48,0,8,4347
o_proj,48,0,8,2653
post_layernorm,48,0,8,26864
gate_proj,48,0,8,6331
up_proj,48,0,8,5932
act_fn,48,0,8,1048
down_proj,48,0,8,6753
final_layernorm,48,0,8,27430
lm_head,48,0,8,45697
embedding,49,0,8,4429
input_layernorm,49,0,8,27403
q_proj,49,0,8,3420
k_proj,49,0,8,3912
v_proj,49,0,8,4075
rope,49,0,8,13401
attn,49,0,8,4319
o_proj,49,0,8,2631
post_layernorm,49,0,8,27036
gate_proj,49,0,8,6290
up_proj,49,0,8,5929
act_fn,49,0,8,1060
down_proj,49,0,8,6832
final_layernorm,49,0,8,27792
lm_head,49,0,8,45906
embedding,50,0,8,4608
input_layernorm,50,0,8,27350
q_proj,50,0,8,3427
k_proj,50,0,8,3935
v_proj,50,0,8,4097
rope,50,0,8,13465
attn,50,0,8,4300
o_proj,50,0,8,2626
post_layernorm,50,0,8,26856
gate_proj,50,0,8,6309
up_proj,50,0,8,5942
act_fn,50,0,8,1068
down_proj,50,0,8,6814
final_layernorm,50,0,8,28323
lm_head,50,0,8,46059
embedding,51,0,8,4517
input_layernorm,51,0,8,27370
q_proj,51,0,8,3428
k_proj,51,0,8,3901
v_proj,51,0,8,4121
rope,51,0,8,13502
attn,51,0,8,4319
o_proj,51,0,8,2657
post_layernorm,51,0,8,26990
gate_proj,51,0,8,6270
up_proj,51,0,8,5924
act_fn,51,0,8,1069
down_proj,51,0,8,6800
final_layernorm,51,0,8,27965
lm_head,51,0,8,46020
embedding,52,0,8,4603
input_layernorm,52,0,8,27286
q_proj,52,0,8,3441
k_proj,52,0,8,3947
v_proj,52,0,8,4101
rope,52,0,8,13514
attn,52,0,8,4305
o_proj,52,0,8,2639
post_layernorm,52,0,8,26826
gate_proj,52,0,8,6327
up_proj,52,0,8,5967
act_fn,52,0,8,1051
down_proj,52,0,8,6792
final_layernorm,52,0,8,27999
lm_head,52,0,8,46091
embedding,53,0,8,4654
input_layernorm,53,0,8,27340
q_proj,53,0,8,3445
k_proj,53,0,8,3921
v_proj,53,0,8,4140
rope,53,0,8,13501
attn,53,0,8,4305
o_proj,53,0,8,2658
post_layernorm,53,0,8,26945
gate_proj,53,0,8,6280
up_proj,53,0,8,5930
act_fn,53,0,8,1073
down_proj,53,0,8,6804
final_layernorm,53,0,8,28126
lm_head,53,0,8,46014
embedding,54,0,8,4594
input_layernorm,54,0,8,27372
q_proj,54,0,8,3451
k_proj,54,0,8,3927
v_proj,54,0,8,4142
rope,54,0,8,13552
attn,54,0,8,4285
o_proj,54,0,8,2652
post_layernorm,54,0,8,26868
gate_proj,54,0,8,6323
up_proj,54,0,8,5960
act_fn,54,0,8,1071
down_proj,54,0,8,6800
final_layernorm,54,0,8,28617
lm_head,54,0,8,46107
embedding,55,0,8,4665
input_layernorm,55,0,8,27442
q_proj,55,0,8,3425
k_proj,55,0,8,3917
v_proj,55,0,8,4182
rope,55,0,8,13539
attn,55,0,8,4350
o_proj,55,0,8,2663
post_layernorm,55,0,8,26958
gate_proj,55,0,8,6338
up_proj,55,0,8,5972
act_fn,55,0,8,1081
down_proj,55,0,8,6807
final_layernorm,55,0,8,28104
lm_head,55,0,8,46008
embedding,56,0,8,4693
input_layernorm,56,0,8,27522
q_proj,56,0,8,3429
k_proj,56,0,8,3915
v_proj,56,0,8,4154
rope,56,0,8,13534
attn,56,0,8,4331
o_proj,56,0,8,2656
post_layernorm,56,0,8,26988
gate_proj,56,0,8,6318
up_proj,56,0,8,6001
act_fn,56,0,8,1083
down_proj,56,0,8,6800
final_layernorm,56,0,8,27706
lm_head,56,0,8,46110
embedding,57,0,8,4690
input_layernorm,57,0,8,27509
q_proj,57,0,8,3335
k_proj,57,0,8,4213
v_proj,57,0,8,4376
rope,57,0,8,13526
attn,57,0,8,4365
o_proj,57,0,8,2756
post_layernorm,57,0,8,27109
gate_proj,57,0,8,6483
up_proj,57,0,8,6110
act_fn,57,0,8,1074
down_proj,57,0,8,6830
final_layernorm,57,0,8,28015
lm_head,57,0,8,46134
embedding,58,0,8,4645
input_layernorm,58,0,8,27519
q_proj,58,0,8,3376
k_proj,58,0,8,4269
v_proj,58,0,8,4349
rope,58,0,8,13561
attn,58,0,8,4324
o_proj,58,0,8,2644
post_layernorm,58,0,8,27092
gate_proj,58,0,8,6229
up_proj,58,0,8,5927
act_fn,58,0,8,1105
down_proj,58,0,8,6798
final_layernorm,58,0,8,27968
lm_head,58,0,8,46336
embedding,59,0,8,4610
input_layernorm,59,0,8,27487
q_proj,59,0,8,3393
k_proj,59,0,8,4265
v_proj,59,0,8,4332
rope,59,0,8,13512
attn,59,0,8,4343
o_proj,59,0,8,2674
post_layernorm,59,0,8,27457
gate_proj,59,0,8,6334
up_proj,59,0,8,5880
act_fn,59,0,8,1079
down_proj,59,0,8,6818
final_layernorm,59,0,8,28003
lm_head,59,0,8,46298
embedding,60,0,8,4755
input_layernorm,60,0,8,27571
q_proj,60,0,8,3416
k_proj,60,0,8,4264
v_proj,60,0,8,4398
rope,60,0,8,13555
attn,60,0,8,4317
o_proj,60,0,8,2650
post_layernorm,60,0,8,27394
gate_proj,60,0,8,6343
up_proj,60,0,8,5915
act_fn,60,0,8,1082
down_proj,60,0,8,6819
final_layernorm,60,0,8,28357
lm_head,60,0,8,46318
embedding,61,0,8,4708
input_layernorm,61,0,8,27556
q_proj,61,0,8,3274
k_proj,61,0,8,4276
v_proj,61,0,8,4388
rope,61,0,8,13602
attn,61,0,8,4305
o_proj,61,0,8,2713
post_layernorm,61,0,8,27417
gate_proj,61,0,8,6271
up_proj,61,0,8,5902
act_fn,61,0,8,1084
down_proj,61,0,8,6830
final_layernorm,61,0,8,27958
lm_head,61,0,8,46312
embedding,62,0,8,4853
input_layernorm,62,0,8,27499
q_proj,62,0,8,3259
k_proj,62,0,8,4264
v_proj,62,0,8,4341
rope,62,0,8,13551
attn,62,0,8,4288
o_proj,62,0,8,2720
post_layernorm,62,0,8,27405
gate_proj,62,0,8,6342
up_proj,62,0,8,5912
act_fn,62,0,8,1086
down_proj,62,0,8,6833
final_layernorm,62,0,8,28010
lm_head,62,0,8,46353
embedding,63,0,8,4784
input_layernorm,63,0,8,27531
q_proj,63,0,8,3254
k_proj,63,0,8,4257
v_proj,63,0,8,4371
rope,63,0,8,13567
attn,63,0,8,4283
o_proj,63,0,8,2729
post_layernorm,63,0,8,27455
gate_proj,63,0,8,6355
up_proj,63,0,8,5957
act_fn,63,0,8,1081
down_proj,63,0,8,6858
final_layernorm,63,0,8,27976
lm_head,63,0,8,46366
embedding,64,0,8,4761
input_layernorm,64,0,8,27523
q_proj,64,0,8,3485
k_proj,64,0,8,3935
v_proj,64,0,8,4105
rope,64,0,8,13591
attn,64,0,8,4328
o_proj,64,0,8,2715
post_layernorm,64,0,8,27243
gate_proj,64,0,8,6344
up_proj,64,0,8,5872
act_fn,64,0,8,1094
down_proj,64,0,8,6816
final_layernorm,64,0,8,27698
lm_head,64,0,8,46502
embedding,65,0,8,4802
input_layernorm,65,0,8,27482
q_proj,65,0,8,3094
k_proj,65,0,8,4123
v_proj,65,0,8,4178
rope,65,0,8,13647
attn,65,0,8,5662
o_proj,65,0,8,2667
post_layernorm,65,0,8,27015
gate_proj,65,0,8,6397
up_proj,65,0,8,5954
act_fn,65,0,8,1098
down_proj,65,0,8,7055
final_layernorm,65,0,8,28003
lm_head,65,0,8,46447
embedding,66,0,8,4805
input_layernorm,66,0,8,27330
q_proj,66,0,8,3109
k_proj,66,0,8,4126
v_proj,66,0,8,4191
rope,66,0,8,13545
attn,66,0,8,5672
o_proj,66,0,8,2683
post_layernorm,66,0,8,26942
gate_proj,66,0,8,6387
up_proj,66,0,8,5917
act_fn,66,0,8,1092
down_proj,66,0,8,7046
final_layernorm,66,0,8,28178
lm_head,66,0,8,46497
embedding,67,0,8,5071
input_layernorm,67,0,8,27811
q_proj,67,0,8,3134
k_proj,67,0,8,4115
v_proj,67,0,8,4184
rope,67,0,8,13659
attn,67,0,8,5686
o_proj,67,0,8,2688
post_layernorm,67,0,8,27224
gate_proj,67,0,8,6400
up_proj,67,0,8,5969
act_fn,67,0,8,1106
down_proj,67,0,8,7049
final_layernorm,67,0,8,28253
lm_head,67,0,8,46526
embedding,68,0,8,5106
input_layernorm,68,0,8,27340
q_proj,68,0,8,3112
k_proj,68,0,8,4088
v_proj,68,0,8,4172
rope,68,0,8,13538
attn,68,0,8,5644
o_proj,68,0,8,2682
post_layernorm,68,0,8,26940
gate_proj,68,0,8,6365
up_proj,68,0,8,5938
act_fn,68,0,8,1104
down_proj,68,0,8,7048
final_layernorm,68,0,8,28144
lm_head,68,0,8,46497
embedding,69,0,8,5126
input_layernorm,69,0,8,27581
q_proj,69,0,8,3117
k_proj,69,0,8,4117
v_proj,69,0,8,4178
rope,69,0,8,13665
attn,69,0,8,5672
o_proj,69,0,8,2689
post_layernorm,69,0,8,27008
gate_proj,69,0,8,6391
up_proj,69,0,8,5954
act_fn,69,0,8,1099
down_proj,69,0,8,7048
final_layernorm,69,0,8,28299
lm_head,69,0,8,46432
embedding,70,0,8,5084
input_layernorm,70,0,8,27811
q_proj,70,0,8,3122
k_proj,70,0,8,4099
v_proj,70,0,8,4190
rope,70,0,8,13547
attn,70,0,8,5692
o_proj,70,0,8,2690
post_layernorm,70,0,8,26989
gate_proj,70,0,8,6379
up_proj,70,0,8,5967
act_fn,70,0,8,1105
down_proj,70,0,8,7053
final_layernorm,70,0,8,28045
lm_head,70,0,8,46592
embedding,71,0,8,5222
input_layernorm,71,0,8,27726
q_proj,71,0,8,3131
k_proj,71,0,8,4105
v_proj,71,0,8,4194
rope,71,0,8,13693
attn,71,0,8,5671
o_proj,71,0,8,2661
post_layernorm,71,0,8,27311
gate_proj,71,0,8,6367
up_proj,71,0,8,5970
act_fn,71,0,8,1117
down_proj,71,0,8,7085
final_layernorm,71,0,8,28373
lm_head,71,0,8,46548
embedding,72,0,8,5171
input_layernorm,72,0,8,27733
q_proj,72,0,8,3164
k_proj,72,0,8,4140
v_proj,72,0,8,4205
rope,72,0,8,13722
attn,72,0,8,5701
o_proj,72,0,8,2621
post_layernorm,72,0,8,27302
gate_proj,72,0,8,6353
up_proj,72,0,8,5986
act_fn,72,0,8,1120
down_proj,72,0,8,7089
final_layernorm,72,0,8,27818
lm_head,72,0,8,46633
embedding,73,0,8,5267
input_layernorm,73,0,8,27723
q_proj,73,0,8,3008
k_proj,73,0,8,4388
v_proj,73,0,8,4472
rope,73,0,8,13987
attn,73,0,8,5701
o_proj,73,0,8,2694
post_layernorm,73,0,8,27309
gate_proj,73,0,8,6381
up_proj,73,0,8,5980
act_fn,73,0,8,1122
down_proj,73,0,8,6126
final_layernorm,73,0,8,28512
lm_head,73,0,8,46365
embedding,74,0,8,5306
input_layernorm,74,0,8,28243
q_proj,74,0,8,2971
k_proj,74,0,8,4426
v_proj,74,0,8,4461
rope,74,0,8,13668
attn,74,0,8,5673
o_proj,74,0,8,2669
post_layernorm,74,0,8,27565
gate_proj,74,0,8,6403
up_proj,74,0,8,5960
act_fn,74,0,8,1112
down_proj,74,0,8,6098
final_layernorm,74,0,8,28117
lm_head,74,0,8,46440
embedding,75,0,8,5238
input_layernorm,75,0,8,27771
q_proj,75,0,8,2977
k_proj,75,0,8,4402
v_proj,75,0,8,4509
rope,75,0,8,13849
attn,75,0,8,5682
o_proj,75,0,8,2694
post_layernorm,75,0,8,27459
gate_proj,75,0,8,6371
up_proj,75,0,8,5973
act_fn,75,0,8,1128
down_proj,75,0,8,6113
final_layernorm,75,0,8,28533
lm_head,75,0,8,46452
embedding,76,0,8,5176
input_layernorm,76,0,8,28294
q_proj,76,0,8,2971
k_proj,76,0,8,4443
v_proj,76,0,8,4444
rope,76,0,8,13754
attn,76,0,8,5645
o_proj,76,0,8,2704
post_layernorm,76,0,8,27715
gate_proj,76,0,8,6382
up_proj,76,0,8,5974
act_fn,76,0,8,1125
down_proj,76,0,8,6151
final_layernorm,76,0,8,28108
lm_head,76,0,8,46391
embedding,77,0,8,5304
input_layernorm,77,0,8,27633
q_proj,77,0,8,2984
k_proj,77,0,8,4402
v_proj,77,0,8,4543
rope,77,0,8,13829
attn,77,0,8,5680
o_proj,77,0,8,2656
post_layernorm,77,0,8,27112
gate_proj,77,0,8,6449
up_proj,77,0,8,5974
act_fn,77,0,8,1125
down_proj,77,0,8,6136
final_layernorm,77,0,8,28828
lm_head,77,0,8,46407
embedding,78,0,8,5405
input_layernorm,78,0,8,28384
q_proj,78,0,8,2975
k_proj,78,0,8,4441
v_proj,78,0,8,4579
rope,78,0,8,13661
attn,78,0,8,5663
o_proj,78,0,8,2683
post_layernorm,78,0,8,27736
gate_proj,78,0,8,6418
up_proj,78,0,8,5985
act_fn,78,0,8,1140
down_proj,78,0,8,6154
final_layernorm,78,0,8,28366
lm_head,78,0,8,46463
embedding,79,0,8,5281
input_layernorm,79,0,8,27857
q_proj,79,0,8,3009
k_proj,79,0,8,4422
v_proj,79,0,8,4579
rope,79,0,8,13806
attn,79,0,8,5685
o_proj,79,0,8,2701
post_layernorm,79,0,8,27128
gate_proj,79,0,8,6440
up_proj,79,0,8,5985
act_fn,79,0,8,1134
down_proj,79,0,8,6116
final_layernorm,79,0,8,28621
lm_head,79,0,8,46532
embedding,80,0,8,5324
input_layernorm,80,0,8,27873
q_proj,80,0,8,3090
k_proj,80,0,8,4498
v_proj,80,0,8,4599
rope,80,0,8,13845
attn,80,0,8,5707
o_proj,80,0,8,2616
post_layernorm,80,0,8,27464
gate_proj,80,0,8,6419
up_proj,80,0,8,6013
act_fn,80,0,8,1147
down_proj,80,0,8,7135
final_layernorm,80,0,8,28161
lm_head,80,0,8,46736
embedding,81,0,8,5388
input_layernorm,81,0,8,28480
q_proj,81,0,8,3036
k_proj,81,0,8,4064
v_proj,81,0,8,4129
rope,81,0,8,13724
attn,81,0,8,5692
o_proj,81,0,8,2621
post_layernorm,81,0,8,27357
gate_proj,81,0,8,6473
up_proj,81,0,8,6013
act_fn,81,0,8,1147
down_proj,81,0,8,7191
final_layernorm,81,0,8,28409
lm_head,81,0,8,46960
embedding,82,0,8,5286
input_layernorm,82,0,8,27962
q_proj,82,0,8,3044
k_proj,82,0,8,4059
v_proj,82,0,8,4128
rope,82,0,8,13788
attn,82,0,8,5647
o_proj,82,0,8,2623
post_layernorm,82,0,8,27401
gate_proj,82,0,8,6512
up_proj,82,0,8,6007
act_fn,82,0,8,1146
down_proj,82,0,8,7176
final_layernorm,82,0,8,28465
lm_head,82,0,8,46981
embedding,83,0,8,5378
input_layernorm,83,0,8,28452
q_proj,83,0,8,3035
k_proj,83,0,8,4039
v_proj,83,0,8,4141
rope,83,0,8,13850
attn,83,0,8,5662
o_proj,83,0,8,2610
post_layernorm,83,0,8,27495
gate_proj,83,0,8,6534
up_proj,83,0,8,6011
act_fn,83,0,8,1151
down_proj,83,0,8,7214
final_layernorm,83,0,8,28505
lm_head,83,0,8,47011
embedding,84,0,8,5422
input_layernorm,84,0,8,28009
q_proj,84,0,8,3019
k_proj,84,0,8,4040
v_proj,84,0,8,4173
rope,84,0,8,13799
attn,84,0,8,5664
o_proj,84,0,8,2622
post_layernorm,84,0,8,27458
gate_proj,84,0,8,6502
up_proj,84,0,8,6031
act_fn,84,0,8,1148
down_proj,84,0,8,7199
final_layernorm,84,0,8,28473
lm_head,84,0,8,46864
embedding,85,0,8,5403
input_layernorm,85,0,8,28315
q_proj,85,0,8,3054
k_proj,85,0,8,4044
v_proj,85,0,8,4152
rope,85,0,8,13765
attn,85,0,8,5657
o_proj,85,0,8,2603
post_layernorm,85,0,8,27557
gate_proj,85,0,8,6534
up_proj,85,0,8,6027
act_fn,85,0,8,1169
down_proj,85,0,8,7237
final_layernorm,85,0,8,28709
lm_head,85,0,8,47081
embedding,86,0,8,5446
input_layernorm,86,0,8,28121
q_proj,86,0,8,3055
k_proj,86,0,8,4046
v_proj,86,0,8,4156
rope,86,0,8,13765
attn,86,0,8,5701
o_proj,86,0,8,2631
post_layernorm,86,0,8,27539
gate_proj,86,0,8,6555
up_proj,86,0,8,6050
act_fn,86,0,8,1163
down_proj,86,0,8,7200
final_layernorm,86,0,8,28760
lm_head,86,0,8,47108
embedding,87,0,8,5406
input_layernorm,87,0,8,28557
q_proj,87,0,8,3056
k_proj,87,0,8,4054
v_proj,87,0,8,4179
rope,87,0,8,13843
attn,87,0,8,5688
o_proj,87,0,8,2585
post_layernorm,87,0,8,27565
gate_proj,87,0,8,6529
up_proj,87,0,8,6033
act_fn,87,0,8,1164
down_proj,87,0,8,7231
final_layernorm,87,0,8,28754
lm_head,87,0,8,47245
embedding,88,0,8,5471
input_layernorm,88,0,8,28075
q_proj,88,0,8,3038
k_proj,88,0,8,4043
v_proj,88,0,8,4183
rope,88,0,8,13879
attn,88,0,8,5676
o_proj,88,0,8,2594
post_layernorm,88,0,8,27578
gate_proj,88,0,8,6558
up_proj,88,0,8,6016
act_fn,88,0,8,1166
down_proj,88,0,8,7237
final_layernorm,88,0,8,28305
lm_head,88,0,8,47257
embedding,89,0,8,5578
input_layernorm,89,0,8,28348
q_proj,89,0,8,3092
k_proj,89,0,8,4038
v_proj,89,0,8,4201
rope,89,0,8,13816
attn,89,0,8,5688
o_proj,89,0,8,2622
post_layernorm,89,0,8,27469
gate_proj,89,0,8,6576
up_proj,89,0,8,6088
act_fn,89,0,8,1176
down_proj,89,0,8,6164
final_layernorm,89,0,8,28953
lm_head,89,0,8,46908
embedding,90,0,8,5587
input_layernorm,90,0,8,28514
q_proj,90,0,8,3067
k_proj,90,0,8,4067
v_proj,90,0,8,4216
rope,90,0,8,13855
attn,90,0,8,5696
o_proj,90,0,8,2579
post_layernorm,90,0,8,27994
gate_proj,90,0,8,6573
up_proj,90,0,8,6031
act_fn,90,0,8,1169
down_proj,90,0,8,6152
final_layernorm,90,0,8,28592
lm_head,90,0,8,46903
embedding,91,0,8,5611
input_layernorm,91,0,8,28200
q_proj,91,0,8,3073
k_proj,91,0,8,4021
v_proj,91,0,8,4196
rope,91,0,8,13909
attn,91,0,8,5729
o_proj,91,0,8,2609
post_layernorm,91,0,8,27466
gate_proj,91,0,8,6513
up_proj,91,0,8,6065
act_fn,91,0,8,1171
down_proj,91,0,8,6181
final_layernorm,91,0,8,29085
lm_head,91,0,8,46879
embedding,92,0,8,5549
input_layernorm,92,0,8,28666
q_proj,92,0,8,3076
k_proj,92,0,8,4072
v_proj,92,0,8,4207
rope,92,0,8,13854
attn,92,0,8,5663
o_proj,92,0,8,2593
post_layernorm,92,0,8,28090
gate_proj,92,0,8,6534
up_proj,92,0,8,6074
act_fn,92,0,8,1166
down_proj,92,0,8,6210
final_layernorm,92,0,8,28536
lm_head,92,0,8,46923
embedding,93,0,8,5677
input_layernorm,93,0,8,28264
q_proj,93,0,8,3089
k_proj,93,0,8,4042
v_proj,93,0,8,4216
rope,93,0,8,13894
attn,93,0,8,5688
o_proj,93,0,8,2585
post_layernorm,93,0,8,27517
gate_proj,93,0,8,6559
up_proj,93,0,8,6095
act_fn,93,0,8,1182
down_proj,93,0,8,6165
final_layernorm,93,0,8,29009
lm_head,93,0,8,46981
embedding,94,0,8,5656
input_layernorm,94,0,8,28787
q_proj,94,0,8,3085
k_proj,94,0,8,4077
v_proj,94,0,8,4231
rope,94,0,8,13747
attn,94,0,8,5656
o_proj,94,0,8,2593
post_layernorm,94,0,8,27997
gate_proj,94,0,8,6612
up_proj,94,0,8,6072
act_fn,94,0,8,1185
down_proj,94,0,8,6166
final_layernorm,94,0,8,28809
lm_head,94,0,8,47048
embedding,95,0,8,5709
input_layernorm,95,0,8,28435
q_proj,95,0,8,3091
k_proj,95,0,8,4026
v_proj,95,0,8,4258
rope,95,0,8,14008
attn,95,0,8,5734
o_proj,95,0,8,2613
post_layernorm,95,0,8,27646
gate_proj,95,0,8,6575
up_proj,95,0,8,6086
act_fn,95,0,8,1191
down_proj,95,0,8,6186
final_layernorm,95,0,8,29103
lm_head,95,0,8,47066
embedding,96,0,8,5623
input_layernorm,96,0,8,28288
q_proj,96,0,8,3081
k_proj,96,0,8,4064
v_proj,96,0,8,4245
rope,96,0,8,14004
attn,96,0,8,5686
o_proj,96,0,8,2588
post_layernorm,96,0,8,27755
gate_proj,96,0,8,6587
up_proj,96,0,8,6068
act_fn,96,0,8,1190
down_proj,96,0,8,7279
final_layernorm,96,0,8,28493
lm_head,96,0,8,47404
embedding,97,0,8,5572
input_layernorm,97,0,8,28299
q_proj,97,0,8,3124
k_proj,97,0,8,4299
v_proj,97,0,8,4445
rope,97,0,8,13963
attn,97,0,8,5727
o_proj,97,0,8,2649
post_layernorm,97,0,8,27684
gate_proj,97,0,8,6678
up_proj,97,0,8,6172
act_fn,97,0,8,1191
down_proj,97,0,8,6224
final_layernorm,97,0,8,29078
lm_head,97,0,8,47341
embedding,98,0,8,5547
input_layernorm,98,0,8,28746
q_proj,98,0,8,3146
k_proj,98,0,8,4312
v_proj,98,0,8,4407
rope,98,0,8,14035
attn,98,0,8,5698
o_proj,98,0,8,2646
post_layernorm,98,0,8,27983
gate_proj,98,0,8,6685
up_proj,98,0,8,6138
act_fn,98,0,8,1211
down_proj,98,0,8,6239
final_layernorm,98,0,8,28857
lm_head,98,0,8,47374
embedding,99,0,8,5612
input_layernorm,99,0,8,28234
q_proj,99,0,8,3165
k_proj,99,0,8,4328
v_proj,99,0,8,4493
rope,99,0,8,14031
attn,99,0,8,5730
o_proj,99,0,8,2671
post_layernorm,99,0,8,27528
gate_proj,99,0,8,6698
up_proj,99,0,8,6126
act_fn,99,0,8,1209
down_proj,99,0,8,6235
final_layernorm,99,0,8,29303
lm_head,99,0,8,47239
embedding,100,0,8,5761
input_layernorm,100,0,8,28763
q_proj,100,0,8,3170
k_proj,100,0,8,4364
v_proj,100,0,8,4423
rope,100,0,8,14022
attn,100,0,8,5669
o_proj,100,0,8,2675
post_layernorm,100,0,8,28146
gate_proj,100,0,8,6691
up_proj,100,0,8,6142
act_fn,100,0,8,1207
down_proj,100,0,8,6256
final_layernorm,100,0,8,28904
lm_head,100,0,8,47294
embedding,101,0,8,5817
input_layernorm,101,0,8,28416
q_proj,101,0,8,3163
k_proj,101,0,8,4310
v_proj,101,0,8,4477
rope,101,0,8,13967
attn,101,0,8,5706
o_proj,101,0,8,2664
post_layernorm,101,0,8,27696
gate_proj,101,0,8,6682
up_proj,101,0,8,6140
act_fn,101,0,8,1221
down_proj,101,0,8,6194
final_layernorm,101,0,8,29284
lm_head,101,0,8,47252
embedding,102,0,8,5846
input_layernorm,102,0,8,29336
q_proj,102,0,8,3163
k_proj,102,0,8,4330
v_proj,102,0,8,4433
rope,102,0,8,13854
attn,102,0,8,5709
o_proj,102,0,8,2649
post_layernorm,102,0,8,28252
gate_proj,102,0,8,6652
up_proj,102,0,8,6145
act_fn,102,0,8,1227
down_proj,102,0,8,6249
final_layernorm,102,0,8,29121
lm_head,102,0,8,47148
embedding,103,0,8,5926
input_layernorm,103,0,8,28638
q_proj,103,0,8,3150
k_proj,103,0,8,4339
v_proj,103,0,8,4472
rope,103,0,8,13987
attn,103,0,8,5743
o_proj,103,0,8,2659
post_layernorm,103,0,8,27742
gate_proj,103,0,8,6703
up_proj,103,0,8,6131
act_fn,103,0,8,1223
down_proj,103,0,8,6236
final_layernorm,103,0,8,29371
lm_head,103,0,8,47237
embedding,104,0,8,6059
input_layernorm,104,0,8,28554
q_proj,104,0,8,3178
k_proj,104,0,8,4325
v_proj,104,0,8,4374
rope,104,0,8,14007
attn,104,0,8,5636
o_proj,104,0,8,2663
post_layernorm,104,0,8,28237
gate_proj,104,0,8,6680
up_proj,104,0,8,6127
act_fn,104,0,8,1225
down_proj,104,0,8,6283
final_layernorm,104,0,8,28483
lm_head,104,0,8,47303
embedding,105,0,8,6008
input_layernorm,105,0,8,28634
q_proj,105,0,8,3160
k_proj,105,0,8,4319
v_proj,105,0,8,4399
rope,105,0,8,14032
attn,105,0,8,5697
o_proj,105,0,8,2664
post_layernorm,105,0,8,27867
gate_proj,105,0,8,6675
up_proj,105,0,8,6115
act_fn,105,0,8,1241
down_proj,105,0,8,6246
final_layernorm,105,0,8,29344
lm_head,105,0,8,47513
embedding,106,0,8,5963
input_layernorm,106,0,8,29128
q_proj,106,0,8,3174
k_proj,106,0,8,4305
v_proj,106,0,8,4417
rope,106,0,8,14144
attn,106,0,8,5689
o_proj,106,0,8,2696
post_layernorm,106,0,8,28297
gate_proj,106,0,8,6579
up_proj,106,0,8,6066
act_fn,106,0,8,1227
down_proj,106,0,8,6237
final_layernorm,106,0,8,29241
lm_head,106,0,8,47541
embedding,107,0,8,6056
input_layernorm,107,0,8,28619
q_proj,107,0,8,3121
k_proj,107,0,8,4322
v_proj,107,0,8,4479
rope,107,0,8,14154
attn,107,0,8,5746
o_proj,107,0,8,2636
post_layernorm,107,0,8,27948
gate_proj,107,0,8,6635
up_proj,107,0,8,6088
act_fn,107,0,8,1242
down_proj,107,0,8,6236
final_layernorm,107,0,8,29625
lm_head,107,0,8,47622
embedding,108,0,8,6055
input_layernorm,108,0,8,29096
q_proj,108,0,8,3180
k_proj,108,0,8,4365
v_proj,108,0,8,4436
rope,108,0,8,14018
attn,108,0,8,5698
o_proj,108,0,8,2645
post_layernorm,108,0,8,28787
gate_proj,108,0,8,6660
up_proj,108,0,8,6106
act_fn,108,0,8,1231
down_proj,108,0,8,6222
final_layernorm,108,0,8,29172
lm_head,108,0,8,47294
embedding,109,0,8,6159
input_layernorm,109,0,8,28687
q_proj,109,0,8,3159
k_proj,109,0,8,4328
v_proj,109,0,8,4471
rope,109,0,8,14152
attn,109,0,8,5747
o_proj,109,0,8,2641
post_layernorm,109,0,8,28346
gate_proj,109,0,8,6648
up_proj,109,0,8,6106
act_fn,109,0,8,1244
down_proj,109,0,8,6263
final_layernorm,109,0,8,29628
lm_head,109,0,8,47633
embedding,110,0,8,6103
input_layernorm,110,0,8,29326
q_proj,110,0,8,3189
k_proj,110,0,8,4337
v_proj,110,0,8,4452
rope,110,0,8,14177
attn,110,0,8,5762
o_proj,110,0,8,2664
post_layernorm,110,0,8,28722
gate_proj,110,0,8,6650
up_proj,110,0,8,6070
act_fn,110,0,8,1243
down_proj,110,0,8,6217
final_layernorm,110,0,8,29219
lm_head,110,0,8,47618
embedding,111,0,8,6153
input_layernorm,111,0,8,28778
q_proj,111,0,8,3155
k_proj,111,0,8,4346
v_proj,111,0,8,4527
rope,111,0,8,14149
attn,111,0,8,5752
o_proj,111,0,8,2630
post_layernorm,111,0,8,28302
gate_proj,111,0,8,6645
up_proj,111,0,8,6100
act_fn,111,0,8,1251
down_proj,111,0,8,6251
final_layernorm,111,0,8,29555
lm_head,111,0,8,47714
embedding,112,0,8,6137
input_layernorm,112,0,8,29020
q_proj,112,0,8,3884
k_proj,112,0,8,4259
v_proj,112,0,8,4366
rope,112,0,8,14123
attn,112,0,8,5693
o_proj,112,0,8,2647
post_layernorm,112,0,8,28637
gate_proj,112,0,8,6686
up_proj,112,0,8,6083
act_fn,112,0,8,1233
down_proj,112,0,8,6256
final_layernorm,112,0,8,28849
lm_head,112,0,8,47704
embedding,113,0,8,6230
input_layernorm,113,0,8,28691
q_proj,113,0,8,3066
k_proj,113,0,8,4395
v_proj,113,0,8,4637
rope,113,0,8,14008
attn,113,0,8,5766
o_proj,113,0,8,2605
post_layernorm,113,0,8,28259
gate_proj,113,0,8,6727
up_proj,113,0,8,6109
act_fn,113,0,8,1257
down_proj,113,0,8,6275
final_layernorm,113,0,8,29524
lm_head,113,0,8,47646
embedding,114,0,8,6150
input_layernorm,114,0,8,29141
q_proj,114,0,8,3075
k_proj,114,0,8,4446
v_proj,114,0,8,4585
rope,114,0,8,14072
attn,114,0,8,5747
o_proj,114,0,8,2606
post_layernorm,114,0,8,28593
gate_proj,114,0,8,6723
up_proj,114,0,8,6069
act_fn,114,0,8,1276
down_proj,114,0,8,6299
final_layernorm,114,0,8,29143
lm_head,114,0,8,47565
embedding,115,0,8,6124
input_layernorm,115,0,8,28650
q_proj,115,0,8,3068
k_proj,115,0,8,4370
v_proj,115,0,8,4609
rope,115,0,8,14013
attn,115,0,8,5749
o_proj,115,0,8,2614
post_layernorm,115,0,8,28282
gate_proj,115,0,8,6705
up_proj,115,0,8,6103
act_fn,115,0,8,1258
down_proj,115,0,8,6260
final_layernorm,115,0,8,29599
lm_head,115,0,8,47596
embedding,116,0,8,6268
input_layernorm,116,0,8,29177
q_proj,116,0,8,3092
k_proj,116,0,8,4423
v_proj,116,0,8,4570
rope,116,0,8,14107
attn,116,0,8,5716
o_proj,116,0,8,2622
post_layernorm,116,0,8,29140
gate_proj,116,0,8,6696
up_proj,116,0,8,6072
act_fn,116,0,8,1270
down_proj,116,0,8,6251
final_layernorm,116,0,8,29292
lm_head,116,0,8,47639
embedding,117,0,8,6410
input_layernorm,117,0,8,28673
q_proj,117,0,8,3172
k_proj,117,0,8,4438
v_proj,117,0,8,4647
rope,117,0,8,14024
attn,117,0,8,5727
o_proj,117,0,8,2538
post_layernorm,117,0,8,28558
gate_proj,117,0,8,6735
up_proj,117,0,8,6090
act_fn,117,0,8,1277
down_proj,117,0,8,6251
final_layernorm,117,0,8,29734
lm_head,117,0,8,47602
embedding,118,0,8,6284
input_layernorm,118,0,8,29344
q_proj,118,0,8,3094
k_proj,118,0,8,4444
v_proj,118,0,8,4575
rope,118,0,8,14159
attn,118,0,8,5744
o_proj,118,0,8,2616
post_layernorm,118,0,8,28972
gate_proj,118,0,8,6651
up_proj,118,0,8,6095
act_fn,118,0,8,1282
down_proj,118,0,8,6255
final_layernorm,118,0,8,29506
lm_head,118,0,8,47747
embedding,119,0,8,6255
input_layernorm,119,0,8,28826
q_proj,119,0,8,3072
k_proj,119,0,8,4371
v_proj,119,0,8,4637
rope,119,0,8,14078
attn,119,0,8,5742
o_proj,119,0,8,2618
post_layernorm,119,0,8,28620
gate_proj,119,0,8,6733
up_proj,119,0,8,6088
act_fn,119,0,8,1290
down_proj,119,0,8,6251
final_layernorm,119,0,8,29540
lm_head,119,0,8,47690
embedding,120,0,8,6292
input_layernorm,120,0,8,29066
q_proj,120,0,8,3088
k_proj,120,0,8,4458
v_proj,120,0,8,4592
rope,120,0,8,14184
attn,120,0,8,5677
o_proj,120,0,8,2604
post_layernorm,120,0,8,28883
gate_proj,120,0,8,6698
up_proj,120,0,8,6045
act_fn,120,0,8,1283
down_proj,120,0,8,6261
final_layernorm,120,0,8,28873
lm_head,120,0,8,47656
embedding,121,0,8,6307
input_layernorm,121,0,8,28779
q_proj,121,0,8,3466
k_proj,121,0,8,4312
v_proj,121,0,8,4445
rope,121,0,8,13939
attn,121,0,8,5713
o_proj,121,0,8,2608
post_layernorm,121,0,8,28632
gate_proj,121,0,8,6650
up_proj,121,0,8,6148
act_fn,121,0,8,1286
down_proj,121,0,8,6259
final_layernorm,121,0,8,29733
lm_head,121,0,8,47980
embedding,122,0,8,6298
input_layernorm,122,0,8,29485
q_proj,122,0,8,3488
k_proj,122,0,8,4336
v_proj,122,0,8,4500
rope,122,0,8,14159
attn,122,0,8,5783
o_proj,122,0,8,2644
post_layernorm,122,0,8,29114
gate_proj,122,0,8,6652
up_proj,122,0,8,6101
act_fn,122,0,8,1299
down_proj,122,0,8,6271
final_layernorm,122,0,8,29516
lm_head,122,0,8,47967
embedding,123,0,8,6403
input_layernorm,123,0,8,28936
q_proj,123,0,8,3453
k_proj,123,0,8,4359
v_proj,123,0,8,4466
rope,123,0,8,14234
attn,123,0,8,5759
o_proj,123,0,8,2644
post_layernorm,123,0,8,28360
gate_proj,123,0,8,6706
up_proj,123,0,8,6119
act_fn,123,0,8,1316
down_proj,123,0,8,6262
final_layernorm,123,0,8,29833
lm_head,123,0,8,48043
embedding,124,0,8,6323
input_layernorm,124,0,8,29553
q_proj,124,0,8,3456
k_proj,124,0,8,4313
v_proj,124,0,8,4471
rope,124,0,8,14122
attn,124,0,8,5738
o_proj,124,0,8,2629
post_layernorm,124,0,8,29473
gate_proj,124,0,8,6678
up_proj,124,0,8,6114
act_fn,124,0,8,1295
down_proj,124,0,8,6311
final_layernorm,124,0,8,29669
lm_head,124,0,8,48013
embedding,125,0,8,6402
input_layernorm,125,0,8,29026
q_proj,125,0,8,3419
k_proj,125,0,8,4335
v_proj,125,0,8,4467
rope,125,0,8,14050
attn,125,0,8,5749
o_proj,125,0,8,2625
post_layernorm,125,0,8,28855
gate_proj,125,0,8,6704
up_proj,125,0,8,6117
act_fn,125,0,8,1302
down_proj,125,0,8,6286
final_layernorm,125,0,8,30067
lm_head,125,0,8,48078
embedding,126,0,8,6510
input_layernorm,126,0,8,29519
q_proj,126,0,8,3495
k_proj,126,0,8,4361
v_proj,126,0,8,4516
rope,126,0,8,14090
attn,126,0,8,5737
o_proj,126,0,8,2610
post_layernorm,126,0,8,29180
gate_proj,126,0,8,6741
up_proj,126,0,8,6088
act_fn,126,0,8,1311
down_proj,126,0,8,6305
final_layernorm,126,0,8,29556
lm_head,126,0,8,48056
embedding,127,0,8,6477
input_layernorm,127,0,8,29024
q_proj,127,0,8,3305
k_proj,127,0,8,4350
v_proj,127,0,8,4484
rope,127,0,8,14089
attn,127,0,8,5781
o_proj,127,0,8,2648
post_layernorm,127,0,8,28624
gate_proj,127,0,8,6697
up_proj,127,0,8,6144
act_fn,127,0,8,1322
down_proj,127,0,8,6287
final_layernorm,127,0,8,29995
lm_head,127,0,8,48069
embedding,128,0,8,6504
input_layernorm,128,0,8,29349
q_proj,128,0,8,3132
k_proj,128,0,8,4287
v_proj,128,0,8,4423
rope,128,0,8,14088
attn,128,0,8,5086
o_proj,128,0,8,2646
post_layernorm,128,0,8,28943
gate_proj,128,0,8,6728
up_proj,128,0,8,6119
act_fn,128,0,8,1310
down_proj,128,0,8,6318
final_layernorm,128,0,8,29217
lm_head,128,0,8,48110
embedding,129,0,8,6595
input_layernorm,129,0,8,29311
q_proj,129,0,8,3259
k_proj,129,0,8,4323
v_proj,129,0,8,4322
rope,129,0,8,14148
attn,129,0,8,4726
o_proj,129,0,8,2633
post_layernorm,129,0,8,29104
gate_proj,129,0,8,6803
up_proj,129,0,8,6235
act_fn,129,0,8,1307
down_proj,129,0,8,6838
final_layernorm,129,0,8,29941
lm_head,129,0,8,47945
embedding,130,0,8,6558
input_layernorm,130,0,8,29293
q_proj,130,0,8,3263
k_proj,130,0,8,4360
v_proj,130,0,8,4340
rope,130,0,8,14225
attn,130,0,8,4771
o_proj,130,0,8,2816
post_layernorm,130,0,8,28958
gate_proj,130,0,8,6825
up_proj,130,0,8,6199
act_fn,130,0,8,1330
down_proj,130,0,8,6836
final_layernorm,130,0,8,30093
lm_head,130,0,8,47923
embedding,131,0,8,6654
input_layernorm,131,0,8,29294
q_proj,131,0,8,3260
k_proj,131,0,8,4365
v_proj,131,0,8,4378
rope,131,0,8,14090
attn,131,0,8,4762
o_proj,131,0,8,2849
post_layernorm,131,0,8,28872
gate_proj,131,0,8,6834
up_proj,131,0,8,6201
act_fn,131,0,8,1328
down_proj,131,0,8,7195
final_layernorm,131,0,8,30005
lm_head,131,0,8,47947
embedding,132,0,8,6579
input_layernorm,132,0,8,29331
q_proj,132,0,8,3264
k_proj,132,0,8,4347
v_proj,132,0,8,4339
rope,132,0,8,14237
attn,132,0,8,4758
o_proj,132,0,8,2688
post_layernorm,132,0,8,28975
gate_proj,132,0,8,6797
up_proj,132,0,8,6194
act_fn,132,0,8,1321
down_proj,132,0,8,6796
final_layernorm,132,0,8,30136
lm_head,132,0,8,47944
embedding,133,0,8,6603
input_layernorm,133,0,8,29266
q_proj,133,0,8,3242
k_proj,133,0,8,4357
v_proj,133,0,8,4356
rope,133,0,8,14138
attn,133,0,8,4829
o_proj,133,0,8,2658
post_layernorm,133,0,8,28929
gate_proj,133,0,8,6817
up_proj,133,0,8,6196
act_fn,133,0,8,1330
down_proj,133,0,8,6651
final_layernorm,133,0,8,29966
lm_head,133,0,8,47993
embedding,134,0,8,6764
input_layernorm,134,0,8,29331
q_proj,134,0,8,3238
k_proj,134,0,8,4337
v_proj,134,0,8,4347
rope,134,0,8,14188
attn,134,0,8,4848
o_proj,134,0,8,2648
post_layernorm,134,0,8,29016
gate_proj,134,0,8,6800
up_proj,134,0,8,6211
act_fn,134,0,8,1340
down_proj,134,0,8,6697
final_layernorm,134,0,8,30168
lm_head,134,0,8,48057
embedding,135,0,8,6714
input_layernorm,135,0,8,29572
q_proj,135,0,8,3266
k_proj,135,0,8,4348
v_proj,135,0,8,4358
rope,135,0,8,14104
attn,135,0,8,4776
o_proj,135,0,8,2730
post_layernorm,135,0,8,29019
gate_proj,135,0,8,6809
up_proj,135,0,8,6236
act_fn,135,0,8,1341
down_proj,135,0,8,6706
final_layernorm,135,0,8,30200
lm_head,135,0,8,47953
embedding,136,0,8,6791
input_layernorm,136,0,8,29307
q_proj,136,0,8,3200
k_proj,136,0,8,4338
v_proj,136,0,8,4330
rope,136,0,8,14237
attn,136,0,8,4762
o_proj,136,0,8,2667
post_layernorm,136,0,8,28954
gate_proj,136,0,8,6809
up_proj,136,0,8,6225
act_fn,136,0,8,1367
down_proj,136,0,8,6450
final_layernorm,136,0,8,29645
lm_head,136,0,8,48081
embedding,137,0,8,6824
input_layernorm,137,0,8,29362
q_proj,137,0,8,3251
k_proj,137,0,8,4359
v_proj,137,0,8,4347
rope,137,0,8,14215
attn,137,0,8,4770
o_proj,137,0,8,2645
post_layernorm,137,0,8,29100
gate_proj,137,0,8,6902
up_proj,137,0,8,6268
act_fn,137,0,8,1358
down_proj,137,0,8,6574
final_layernorm,137,0,8,30165
lm_head,137,0,8,48166
embedding,138,0,8,6905
input_layernorm,138,0,8,29394
q_proj,138,0,8,3239
k_proj,138,0,8,4341
v_proj,138,0,8,4331
rope,138,0,8,14161
attn,138,0,8,4767
o_proj,138,0,8,2605
post_layernorm,138,0,8,29144
gate_proj,138,0,8,6902
up_proj,138,0,8,6258
act_fn,138,0,8,1360
down_proj,138,0,8,6430
final_layernorm,138,0,8,30265
lm_head,138,0,8,48181
embedding,139,0,8,6903
input_layernorm,139,0,8,29377
q_proj,139,0,8,3214
k_proj,139,0,8,4339
v_proj,139,0,8,4333
rope,139,0,8,14289
attn,139,0,8,4803
o_proj,139,0,8,2666
post_layernorm,139,0,8,28977
gate_proj,139,0,8,6905
up_proj,139,0,8,6272
act_fn,139,0,8,1361
down_proj,139,0,8,6528
final_layernorm,139,0,8,30030
lm_head,139,0,8,48293
embedding,140,0,8,6836
input_layernorm,140,0,8,29531
q_proj,140,0,8,3243
k_proj,140,0,8,4353
v_proj,140,0,8,4365
rope,140,0,8,14325
attn,140,0,8,4783
o_proj,140,0,8,2758
post_layernorm,140,0,8,29150
gate_proj,140,0,8,6900
up_proj,140,0,8,6275
act_fn,140,0,8,1363
down_proj,140,0,8,6673
final_layernorm,140,0,8,30264
lm_head,140,0,8,48219
embedding,141,0,8,6991
input_layernorm,141,0,8,29505
q_proj,141,0,8,3239
k_proj,141,0,8,4351
v_proj,141,0,8,4333
rope,141,0,8,14399
attn,141,0,8,4826
o_proj,141,0,8,2621
post_layernorm,141,0,8,29091
gate_proj,141,0,8,6916
up_proj,141,0,8,6251
act_fn,141,0,8,1371
down_proj,141,0,8,6573
final_layernorm,141,0,8,30135
lm_head,141,0,8,48250
embedding,142,0,8,7036
input_layernorm,142,0,8,29599
q_proj,142,0,8,3233
k_proj,142,0,8,4353
v_proj,142,0,8,4342
rope,142,0,8,14262
attn,142,0,8,4790
o_proj,142,0,8,2604
post_layernorm,142,0,8,29166
gate_proj,142,0,8,6904
up_proj,142,0,8,6274
act_fn,142,0,8,1372
down_proj,142,0,8,6472
final_layernorm,142,0,8,30360
lm_head,142,0,8,48294
embedding,143,0,8,6949
input_layernorm,143,0,8,29572
q_proj,143,0,8,3209
k_proj,143,0,8,4359
v_proj,143,0,8,4330
rope,143,0,8,14184
attn,143,0,8,4829
o_proj,143,0,8,2616
post_layernorm,143,0,8,29116
gate_proj,143,0,8,6912
up_proj,143,0,8,6276
act_fn,143,0,8,1378
down_proj,143,0,8,6562
final_layernorm,143,0,8,30197
lm_head,143,0,8,48276
embedding,144,0,8,6990
input_layernorm,144,0,8,29531
q_proj,144,0,8,3216
k_proj,144,0,8,4356
v_proj,144,0,8,4343
rope,144,0,8,14307
attn,144,0,8,4790
o_proj,144,0,8,2595
post_layernorm,144,0,8,29156
gate_proj,144,0,8,6921
up_proj,144,0,8,6273
act_fn,144,0,8,1376
down_proj,144,0,8,6499
final_layernorm,144,0,8,29827
lm_head,144,0,8,48334
embedding,145,0,8,7069
input_layernorm,145,0,8,29504
q_proj,145,0,8,3611
k_proj,145,0,8,4590
v_proj,145,0,8,4681
rope,145,0,8,14341
attn,145,0,8,4779
o_proj,145,0,8,2885
post_layernorm,145,0,8,29116
gate_proj,145,0,8,6967
up_proj,145,0,8,6342
act_fn,145,0,8,1378
down_proj,145,0,8,7225
final_layernorm,145,0,8,30116
lm_head,145,0,8,48403
embedding,146,0,8,7044
input_layernorm,146,0,8,29597
q_proj,146,0,8,3625
k_proj,146,0,8,4585
v_proj,146,0,8,4657
rope,146,0,8,14335
attn,146,0,8,4735
o_proj,146,0,8,2790
post_layernorm,146,0,8,29155
gate_proj,146,0,8,6948
up_proj,146,0,8,6310
act_fn,146,0,8,1389
down_proj,146,0,8,6972
final_layernorm,146,0,8,30212
lm_head,146,0,8,48415
embedding,147,0,8,7059
input_layernorm,147,0,8,29651
q_proj,147,0,8,3705
k_proj,147,0,8,4586
v_proj,147,0,8,4693
rope,147,0,8,14339
attn,147,0,8,4775
o_proj,147,0,8,2786
post_layernorm,147,0,8,29248
gate_proj,147,0,8,7001
up_proj,147,0,8,6317
act_fn,147,0,8,1390
down_proj,147,0,8,7184
final_layernorm,147,0,8,30407
lm_head,147,0,8,48451
embedding,148,0,8,6984
input_layernorm,148,0,8,29678
q_proj,148,0,8,3579
k_proj,148,0,8,4621
v_proj,148,0,8,4647
rope,148,0,8,14443
attn,148,0,8,4760
o_proj,148,0,8,2804
post_layernorm,148,0,8,29248
gate_proj,148,0,8,6942
up_proj,148,0,8,6325
act_fn,148,0,8,1387
down_proj,148,0,8,7152
final_layernorm,148,0,8,30396
lm_head,148,0,8,48454
embedding,149,0,8,7045
input_layernorm,149,0,8,29620
q_proj,149,0,8,3577
k_proj,149,0,8,4623
v_proj,149,0,8,4673
rope,149,0,8,14377
attn,149,0,8,4774
o_proj,149,0,8,2796
post_layernorm,149,0,8,29269
gate_proj,149,0,8,6978
up_proj,149,0,8,6344
act_fn,149,0,8,1397
down_proj,149,0,8,6988
final_layernorm,149,0,8,30412
lm_head,149,0,8,48456
embedding,150,0,8,7070
input_layernorm,150,0,8,29578
q_proj,150,0,8,3582
k_proj,150,0,8,4692
v_proj,150,0,8,4664
rope,150,0,8,14376
attn,150,0,8,4790
o_proj,150,0,8,2814
post_layernorm,150,0,8,29271
gate_proj,150,0,8,7008
up_proj,150,0,8,6310
act_fn,150,0,8,1409
down_proj,150,0,8,6766
final_layernorm,150,0,8,30468
lm_head,150,0,8,48299
embedding,151,0,8,7097
input_layernorm,151,0,8,29661
q_proj,151,0,8,3519
k_proj,151,0,8,4622
v_proj,151,0,8,4698
rope,151,0,8,14400
attn,151,0,8,4764
o_proj,151,0,8,2835
post_layernorm,151,0,8,29209
gate_proj,151,0,8,7004
up_proj,151,0,8,6325
act_fn,151,0,8,1407
down_proj,151,0,8,6786
final_layernorm,151,0,8,30353
lm_head,151,0,8,48556
embedding,152,0,8,7174
input_layernorm,152,0,8,29684
q_proj,152,0,8,3481
k_proj,152,0,8,4614
v_proj,152,0,8,4666
rope,152,0,8,14425
attn,152,0,8,4761
o_proj,152,0,8,2611
post_layernorm,152,0,8,29249
gate_proj,152,0,8,7056
up_proj,152,0,8,6325
act_fn,152,0,8,1407
down_proj,152,0,8,6658
final_layernorm,152,0,8,30045
lm_head,152,0,8,48531
embedding,153,0,8,7187
input_layernorm,153,0,8,29706
q_proj,153,0,8,3477
k_proj,153,0,8,4655
v_proj,153,0,8,4697
rope,153,0,8,14397
attn,153,0,8,4769
o_proj,153,0,8,2676
post_layernorm,153,0,8,29330
gate_proj,153,0,8,6988
up_proj,153,0,8,6289
act_fn,153,0,8,1414
down_proj,153,0,8,6605
final_layernorm,153,0,8,30298
lm_head,153,0,8,48647
embedding,154,0,8,7173
input_layernorm,154,0,8,29683
q_proj,154,0,8,3418
k_proj,154,0,8,4656
v_proj,154,0,8,4684
rope,154,0,8,14392
attn,154,0,8,4806
o_proj,154,0,8,2687
post_layernorm,154,0,8,29422
gate_proj,154,0,8,7030
up_proj,154,0,8,6303
act_fn,154,0,8,1417
down_proj,154,0,8,6641
final_layernorm,154,0,8,30576
lm_head,154,0,8,48633
embedding,155,0,8,7188
input_layernorm,155,0,8,29757
q_proj,155,0,8,3441
k_proj,155,0,8,4636
v_proj,155,0,8,4679
rope,155,0,8,14380
attn,155,0,8,4801
o_proj,155,0,8,2679
post_layernorm,155,0,8,29483
gate_proj,155,0,8,7051
up_proj,155,0,8,6349
act_fn,155,0,8,1417
down_proj,155,0,8,6650
final_layernorm,155,0,8,30565
lm_head,155,0,8,48663
embedding,156,0,8,7268
input_layernorm,156,0,8,29879
q_proj,156,0,8,3449
k_proj,156,0,8,4638
v_proj,156,0,8,4668
rope,156,0,8,14461
attn,156,0,8,4787
o_proj,156,0,8,2683
post_layernorm,156,0,8,29480
gate_proj,156,0,8,7006
up_proj,156,0,8,6319
act_fn,156,0,8,1424
down_proj,156,0,8,6599
final_layernorm,156,0,8,30601
lm_head,156,0,8,48736
embedding,157,0,8,7327
input_layernorm,157,0,8,29850
q_proj,157,0,8,3424
k_proj,157,0,8,4658
v_proj,157,0,8,4707
rope,157,0,8,14417
attn,157,0,8,4816
o_proj,157,0,8,2725
post_layernorm,157,0,8,29455
gate_proj,157,0,8,7027
up_proj,157,0,8,6316
act_fn,157,0,8,1431
down_proj,157,0,8,6705
final_layernorm,157,0,8,30659
lm_head,157,0,8,48741
embedding,158,0,8,7321
input_layernorm,158,0,8,29879
q_proj,158,0,8,3435
k_proj,158,0,8,4645
v_proj,158,0,8,4684
rope,158,0,8,14366
attn,158,0,8,4784
o_proj,158,0,8,2635
post_layernorm,158,0,8,29531
gate_proj,158,0,8,7044
up_proj,158,0,8,6355
act_fn,158,0,8,1429
down_proj,158,0,8,6596
final_layernorm,158,0,8,30679
lm_head,158,0,8,48739
embedding,159,0,8,7325
input_layernorm,159,0,8,29883
q_proj,159,0,8,3443
k_proj,159,0,8,4661
v_proj,159,0,8,4682
rope,159,0,8,14389
attn,159,0,8,4789
o_proj,159,0,8,2654
post_layernorm,159,0,8,29692
gate_proj,159,0,8,7071
up_proj,159,0,8,6333
act_fn,159,0,8,1434
down_proj,159,0,8,6782
final_layernorm,159,0,8,30581
lm_head,159,0,8,48726
embedding,160,0,8,7407
input_layernorm,160,0,8,29804
q_proj,160,0,8,4060
k_proj,160,0,8,4762
v_proj,160,0,8,4692
rope,160,0,8,14524
attn,160,0,8,4821
o_proj,160,0,8,2637
post_layernorm,160,0,8,29442
gate_proj,160,0,8,7062
up_proj,160,0,8,6375
act_fn,160,0,8,1431
down_proj,160,0,8,7944
final_layernorm,160,0,8,30111
lm_head,160,0,8,49230
embedding,161,0,8,7441
input_layernorm,161,0,8,30109
q_proj,161,0,8,3227
k_proj,161,0,8,4389
v_proj,161,0,8,4531
rope,161,0,8,14396
attn,161,0,8,4869
o_proj,161,0,8,2806
post_layernorm,161,0,8,29588
gate_proj,161,0,8,7153
up_proj,161,0,8,6460
act_fn,161,0,8,1441
down_proj,161,0,8,7547
final_layernorm,161,0,8,30609
lm_head,161,0,8,47519
embedding,162,0,8,7426
input_layernorm,162,0,8,30151
q_proj,162,0,8,3218
k_proj,162,0,8,4358
v_proj,162,0,8,4501
rope,162,0,8,14386
attn,162,0,8,4858
o_proj,162,0,8,2926
post_layernorm,162,0,8,29700
gate_proj,162,0,8,7160
up_proj,162,0,8,6438
act_fn,162,0,8,1444
down_proj,162,0,8,7311
final_layernorm,162,0,8,30822
lm_head,162,0,8,47519
embedding,163,0,8,7415
input_layernorm,163,0,8,30180
q_proj,163,0,8,3224
k_proj,163,0,8,4376
v_proj,163,0,8,4508
rope,163,0,8,14395
attn,163,0,8,4877
o_proj,163,0,8,2911
post_layernorm,163,0,8,29759
gate_proj,163,0,8,7174
up_proj,163,0,8,6462
act_fn,163,0,8,1445
down_proj,163,0,8,7437
final_layernorm,163,0,8,30941
lm_head,163,0,8,47574
embedding,164,0,8,7479
input_layernorm,164,0,8,30152
q_proj,164,0,8,3227
k_proj,164,0,8,4362
v_proj,164,0,8,4508
rope,164,0,8,14523
attn,164,0,8,4851
o_proj,164,0,8,2785
post_layernorm,164,0,8,29768
gate_proj,164,0,8,7199
up_proj,164,0,8,6403
act_fn,164,0,8,1442
down_proj,164,0,8,7493
final_layernorm,164,0,8,30857
lm_head,164,0,8,47589
embedding,165,0,8,7483
input_layernorm,165,0,8,30086
q_proj,165,0,8,3235
k_proj,165,0,8,4329
v_proj,165,0,8,4478
rope,165,0,8,14418
attn,165,0,8,4858
o_proj,165,0,8,2833
post_layernorm,165,0,8,29795
gate_proj,165,0,8,7170
up_proj,165,0,8,6444
act_fn,165,0,8,1444
down_proj,165,0,8,7469
final_layernorm,165,0,8,30819
lm_head,165,0,8,47675
embedding,166,0,8,7481
input_layernorm,166,0,8,30139
q_proj,166,0,8,3236
k_proj,166,0,8,4353
v_proj,166,0,8,4485
rope,166,0,8,14414
attn,166,0,8,4869
o_proj,166,0,8,2908
post_layernorm,166,0,8,29803
gate_proj,166,0,8,7185
up_proj,166,0,8,6426
act_fn,166,0,8,1446
down_proj,166,0,8,6997
final_layernorm,166,0,8,30811
lm_head,166,0,8,47643
embedding,167,0,8,7550
input_layernorm,167,0,8,30257
q_proj,167,0,8,3241
k_proj,167,0,8,4396
v_proj,167,0,8,4519
rope,167,0,8,14412
attn,167,0,8,4891
o_proj,167,0,8,2828
post_layernorm,167,0,8,29758
gate_proj,167,0,8,7178
up_proj,167,0,8,6413
act_fn,167,0,8,1451
down_proj,167,0,8,6992
final_layernorm,167,0,8,30834
lm_head,167,0,8,47662
embedding,168,0,8,7577
input_layernorm,168,0,8,30556
q_proj,168,0,8,3261
k_proj,168,0,8,4380
v_proj,168,0,8,4561
rope,168,0,8,14499
attn,168,0,8,4871
o_proj,168,0,8,2794
post_layernorm,168,0,8,29908
gate_proj,168,0,8,7209
up_proj,168,0,8,6435
act_fn,168,0,8,1459
down_proj,168,0,8,6943
final_layernorm,168,0,8,30722
lm_head,168,0,8,47678
embedding,169,0,8,7674
input_layernorm,169,0,8,30261
q_proj,169,0,8,4667
k_proj,169,0,8,4407
v_proj,169,0,8,4345
rope,169,0,8,14513
attn,169,0,8,4781
o_proj,169,0,8,2823
post_layernorm,169,0,8,29755
gate_proj,169,0,8,7218
up_proj,169,0,8,6491
act_fn,169,0,8,1473
down_proj,169,0,8,6836
final_layernorm,169,0,8,30914
lm_head,169,0,8,47919
embedding,170,0,8,7623
input_layernorm,170,0,8,30337
q_proj,170,0,8,4672
k_proj,170,0,8,4396
v_proj,170,0,8,4343
rope,170,0,8,14500
attn,170,0,8,4800
o_proj,170,0,8,2753
post_layernorm,170,0,8,29940
gate_proj,170,0,8,7196
up_proj,170,0,8,6470
act_fn,170,0,8,1464
down_proj,170,0,8,6800
final_layernorm,170,0,8,31107
lm_head,170,0,8,47868
embedding,171,0,8,7624
input_layernorm,171,0,8,30346
q_proj,171,0,8,4571
k_proj,171,0,8,4392
v_proj,171,0,8,4377
rope,171,0,8,14526
attn,171,0,8,4842
o_proj,171,0,8,2813
post_layernorm,171,0,8,30025
gate_proj,171,0,8,7267
up_proj,171,0,8,6452
act_fn,171,0,8,1561
down_proj,171,0,8,6830
final_layernorm,171,0,8,31028
lm_head,171,0,8,47980
embedding,172,0,8,7704
input_layernorm,172,0,8,30448
q_proj,172,0,8,4755
k_proj,172,0,8,4395
v_proj,172,0,8,4397
rope,172,0,8,14649
attn,172,0,8,4830
o_proj,172,0,8,2807
post_layernorm,172,0,8,30096
gate_proj,172,0,8,7258
up_proj,172,0,8,6490
act_fn,172,0,8,1476
down_proj,172,0,8,6731
final_layernorm,172,0,8,31217
lm_head,172,0,8,47992
embedding,173,0,8,7785
input_layernorm,173,0,8,30440
q_proj,173,0,8,4798
k_proj,173,0,8,4395
v_proj,173,0,8,4354
rope,173,0,8,14518
attn,173,0,8,4810
o_proj,173,0,8,2808
post_layernorm,173,0,8,30098
gate_proj,173,0,8,7279
up_proj,173,0,8,6466
act_fn,173,0,8,1479
down_proj,173,0,8,6704
final_layernorm,173,0,8,31123
lm_head,173,0,8,48067
embedding,174,0,8,7646
input_layernorm,174,0,8,30435
q_proj,174,0,8,4614
k_proj,174,0,8,4402
v_proj,174,0,8,4376
rope,174,0,8,14558
attn,174,0,8,4821
o_proj,174,0,8,2707
post_layernorm,174,0,8,30187
gate_proj,174,0,8,7271
up_proj,174,0,8,6465
act_fn,174,0,8,1475
down_proj,174,0,8,6764
final_layernorm,174,0,8,31187
lm_head,174,0,8,48011
embedding,175,0,8,7588
input_layernorm,175,0,8,30437
q_proj,175,0,8,4552
k_proj,175,0,8,4415
v_proj,175,0,8,4368
rope,175,0,8,14568
attn,175,0,8,4823
o_proj,175,0,8,2668
post_layernorm,175,0,8,30050
gate_proj,175,0,8,7289
up_proj,175,0,8,6452
act_fn,175,0,8,1488
down_proj,175,0,8,6751
final_layernorm,175,0,8,31030
lm_head,175,0,8,48031
embedding,176,0,8,7761
input_layernorm,176,0,8,30514
q_proj,176,0,8,3958
k_proj,176,0,8,4375
v_proj,176,0,8,4395
rope,176,0,8,14658
attn,176,0,8,4851
o_proj,176,0,8,2686
post_layernorm,176,0,8,30148
gate_proj,176,0,8,7272
up_proj,176,0,8,6471
act_fn,176,0,8,1483
down_proj,176,0,8,7676
final_layernorm,176,0,8,30847
lm_head,176,0,8,47968
embedding,177,0,8,7745
input_layernorm,177,0,8,30504
q_proj,177,0,8,4375
k_proj,177,0,8,4351
v_proj,177,0,8,4505
rope,177,0,8,14603
attn,177,0,8,4836
o_proj,177,0,8,3034
post_layernorm,177,0,8,30032
gate_proj,177,0,8,7370
up_proj,177,0,8,6435
act_fn,177,0,8,1498
down_proj,177,0,8,7558
final_layernorm,177,0,8,31145
lm_head,177,0,8,48035
embedding,178,0,8,7799
input_layernorm,178,0,8,30514
q_proj,178,0,8,4342
k_proj,178,0,8,4378
v_proj,178,0,8,4551
rope,178,0,8,14655
attn,178,0,8,4888
o_proj,178,0,8,2980
post_layernorm,178,0,8,30250
gate_proj,178,0,8,7423
up_proj,178,0,8,6479
act_fn,178,0,8,1502
down_proj,178,0,8,7797
final_layernorm,178,0,8,31408
lm_head,178,0,8,48099
embedding,179,0,8,7783
input_layernorm,179,0,8,30679
q_proj,179,0,8,4381
k_proj,179,0,8,4387
v_proj,179,0,8,4553
rope,179,0,8,14672
attn,179,0,8,4898
o_proj,179,0,8,3036
post_layernorm,179,0,8,30385
gate_proj,179,0,8,7402
up_proj,179,0,8,6502
act_fn,179,0,8,1510
down_proj,179,0,8,7406
final_layernorm,179,0,8,31514
lm_head,179,0,8,48139
embedding,180,0,8,7815
input_layernorm,180,0,8,30696
q_proj,180,0,8,4662
k_proj,180,0,8,4383
v_proj,180,0,8,4541
rope,180,0,8,14743
attn,180,0,8,4877
o_proj,180,0,8,3051
post_layernorm,180,0,8,30363
gate_proj,180,0,8,7313
up_proj,180,0,8,6460
act_fn,180,0,8,1513
down_proj,180,0,8,7781
final_layernorm,180,0,8,31532
lm_head,180,0,8,48058
embedding,181,0,8,7822
input_layernorm,181,0,8,30627
q_proj,181,0,8,4704
k_proj,181,0,8,4369
v_proj,181,0,8,4527
rope,181,0,8,14637
attn,181,0,8,4884
o_proj,181,0,8,3031
post_layernorm,181,0,8,30380
gate_proj,181,0,8,7354
up_proj,181,0,8,6519
act_fn,181,0,8,1520
down_proj,181,0,8,7143
final_layernorm,181,0,8,31427
lm_head,181,0,8,48115
embedding,182,0,8,7909
input_layernorm,182,0,8,30641
q_proj,182,0,8,4547
k_proj,182,0,8,4327
v_proj,182,0,8,4505
rope,182,0,8,14628
attn,182,0,8,4856
o_proj,182,0,8,3007
post_layernorm,182,0,8,30184
gate_proj,182,0,8,7317
up_proj,182,0,8,6456
act_fn,182,0,8,1511
down_proj,182,0,8,7360
final_layernorm,182,0,8,31199
lm_head,182,0,8,48143
embedding,183,0,8,7870
input_layernorm,183,0,8,30701
q_proj,183,0,8,4533
k_proj,183,0,8,4352
v_proj,183,0,8,4520
rope,183,0,8,14588
attn,183,0,8,4883
o_proj,183,0,8,2980
post_layernorm,183,0,8,30238
gate_proj,183,0,8,7348
up_proj,183,0,8,6445
act_fn,183,0,8,1510
down_proj,183,0,8,7279
final_layernorm,183,0,8,31307
lm_head,183,0,8,48086
embedding,184,0,8,7918
input_layernorm,184,0,8,30667
q_proj,184,0,8,3666
k_proj,184,0,8,4365
v_proj,184,0,8,4479
rope,184,0,8,14703
attn,184,0,8,4889
o_proj,184,0,8,2808
post_layernorm,184,0,8,30217
gate_proj,184,0,8,7356
up_proj,184,0,8,6446
act_fn,184,0,8,1511
down_proj,184,0,8,7102
final_layernorm,184,0,8,30932
lm_head,184,0,8,48131
embedding,185,0,8,7867
input_layernorm,185,0,8,30702
q_proj,185,0,8,4167
k_proj,185,0,8,4392
v_proj,185,0,8,4506
rope,185,0,8,14655
attn,185,0,8,4885
o_proj,185,0,8,2804
post_layernorm,185,0,8,30282
gate_proj,185,0,8,7318
up_proj,185,0,8,6466
act_fn,185,0,8,1525
down_proj,185,0,8,6928
final_layernorm,185,0,8,31422
lm_head,185,0,8,49486
embedding,186,0,8,8072
input_layernorm,186,0,8,30637
q_proj,186,0,8,4084
k_proj,186,0,8,4343
v_proj,186,0,8,4507
rope,186,0,8,14628
attn,186,0,8,4869
o_proj,186,0,8,2825
post_layernorm,186,0,8,30280
gate_proj,186,0,8,7414
up_proj,186,0,8,6430
act_fn,186,0,8,1526
down_proj,186,0,8,7167
final_layernorm,186,0,8,31506
lm_head,186,0,8,49419
embedding,187,0,8,7917
input_layernorm,187,0,8,30891
q_proj,187,0,8,4128
k_proj,187,0,8,4367
v_proj,187,0,8,4526
rope,187,0,8,14644
attn,187,0,8,4891
o_proj,187,0,8,2892
post_layernorm,187,0,8,30468
gate_proj,187,0,8,7443
up_proj,187,0,8,6454
act_fn,187,0,8,1522
down_proj,187,0,8,6982
final_layernorm,187,0,8,31678
lm_head,187,0,8,49550
embedding,188,0,8,7935
input_layernorm,188,0,8,30895
q_proj,188,0,8,4157
k_proj,188,0,8,4404
v_proj,188,0,8,4553
rope,188,0,8,14785
attn,188,0,8,4881
o_proj,188,0,8,2902
post_layernorm,188,0,8,30497
gate_proj,188,0,8,7376
up_proj,188,0,8,6445
act_fn,188,0,8,1526
down_proj,188,0,8,7009
final_layernorm,188,0,8,31609
lm_head,188,0,8,49544
embedding,189,0,8,7988
input_layernorm,189,0,8,30899
q_proj,189,0,8,4125
k_proj,189,0,8,4367
v_proj,189,0,8,4532
rope,189,0,8,14636
attn,189,0,8,4918
o_proj,189,0,8,2832
post_layernorm,189,0,8,30563
gate_proj,189,0,8,7353
up_proj,189,0,8,6455
act_fn,189,0,8,1541
down_proj,189,0,8,7068
final_layernorm,189,0,8,31601
lm_head,189,0,8,49573
embedding,190,0,8,8029
input_layernorm,190,0,8,30860
q_proj,190,0,8,4390
k_proj,190,0,8,4362
v_proj,190,0,8,4529
rope,190,0,8,14619
attn,190,0,8,4881
o_proj,190,0,8,2872
post_layernorm,190,0,8,30621
gate_proj,190,0,8,7325
up_proj,190,0,8,6477
act_fn,190,0,8,1640
down_proj,190,0,8,6914
final_layernorm,190,0,8,31724
lm_head,190,0,8,49575
embedding,191,0,8,8169
input_layernorm,191,0,8,30952
q_proj,191,0,8,4356
k_proj,191,0,8,4403
v_proj,191,0,8,4561
rope,191,0,8,14639
attn,191,0,8,4920
o_proj,191,0,8,2743
post_layernorm,191,0,8,30679
gate_proj,191,0,8,7352
up_proj,191,0,8,6497
act_fn,191,0,8,1546
down_proj,191,0,8,6955
final_layernorm,191,0,8,31708
lm_head,191,0,8,49620
embedding,192,0,8,8102
input_layernorm,192,0,8,30826
q_proj,192,0,8,4219
k_proj,192,0,8,4442
v_proj,192,0,8,4702
rope,192,0,8,14744
attn,192,0,8,4909
o_proj,192,0,8,2723
post_layernorm,192,0,8,30500
gate_proj,192,0,8,7379
up_proj,192,0,8,6487
act_fn,192,0,8,1543
down_proj,192,0,8,7006
final_layernorm,192,0,8,31293
lm_head,192,0,8,49597
embedding,193,0,8,8139
input_layernorm,193,0,8,30905
q_proj,193,0,8,4284
k_proj,193,0,8,4879
v_proj,193,0,8,4820
rope,193,0,8,14698
attn,193,0,8,5065
o_proj,193,0,8,3146
post_layernorm,193,0,8,30421
gate_proj,193,0,8,7341
up_proj,193,0,8,6564
act_fn,193,0,8,1534
down_proj,193,0,8,7697
final_layernorm,193,0,8,31410
lm_head,193,0,8,48865
embedding,194,0,8,8237
input_layernorm,194,0,8,31028
q_proj,194,0,8,4243
k_proj,194,0,8,4851
v_proj,194,0,8,4850
rope,194,0,8,14724
attn,194,0,8,5087
o_proj,194,0,8,3152
post_layernorm,194,0,8,30502
gate_proj,194,0,8,7324
up_proj,194,0,8,6625
act_fn,194,0,8,1549
down_proj,194,0,8,8028
final_layernorm,194,0,8,31519
lm_head,194,0,8,48855
embedding,195,0,8,8327
input_layernorm,195,0,8,31151
q_proj,195,0,8,4239
k_proj,195,0,8,4851
v_proj,195,0,8,4847
rope,195,0,8,14758
attn,195,0,8,5097
o_proj,195,0,8,3133
post_layernorm,195,0,8,30557
gate_proj,195,0,8,7342
up_proj,195,0,8,6592
act_fn,195,0,8,1566
down_proj,195,0,8,7787
final_layernorm,195,0,8,31701
lm_head,195,0,8,48915
embedding,196,0,8,8313
input_layernorm,196,0,8,31227
q_proj,196,0,8,4305
k_proj,196,0,8,4834
v_proj,196,0,8,4788
rope,196,0,8,14774
attn,196,0,8,5063
o_proj,196,0,8,3139
post_layernorm,196,0,8,30899
gate_proj,196,0,8,7368
up_proj,196,0,8,6576
act_fn,196,0,8,1555
down_proj,196,0,8,7904
final_layernorm,196,0,8,31809
lm_head,196,0,8,48912
embedding,197,0,8,8271
input_layernorm,197,0,8,31365
q_proj,197,0,8,4247
k_proj,197,0,8,4860
v_proj,197,0,8,4824
rope,197,0,8,14732
attn,197,0,8,5110
o_proj,197,0,8,3162
post_layernorm,197,0,8,31052
gate_proj,197,0,8,7339
up_proj,197,0,8,6668
act_fn,197,0,8,1563
down_proj,197,0,8,7499
final_layernorm,197,0,8,31920
lm_head,197,0,8,48953
embedding,198,0,8,8321
input_layernorm,198,0,8,31346
q_proj,198,0,8,4291
k_proj,198,0,8,4845
v_proj,198,0,8,4834
rope,198,0,8,14732
attn,198,0,8,5136
o_proj,198,0,8,3068
post_layernorm,198,0,8,31171
gate_proj,198,0,8,7340
up_proj,198,0,8,6605
act_fn,198,0,8,1567
down_proj,198,0,8,7618
final_layernorm,198,0,8,31872
lm_head,198,0,8,49017
embedding,199,0,8,8371
input_layernorm,199,0,8,31252
q_proj,199,0,8,4265
k_proj,199,0,8,4892
v_proj,199,0,8,4815
rope,199,0,8,14767
attn,199,0,8,5105
o_proj,199,0,8,3076
post_layernorm,199,0,8,31034
gate_proj,199,0,8,7325
up_proj,199,0,8,6636
act_fn,199,0,8,1569
down_proj,199,0,8,7593
final_layernorm,199,0,8,31761
lm_head,199,0,8,49052
embedding,200,0,8,8446
input_layernorm,200,0,8,31165
q_proj,200,0,8,3499
k_proj,200,0,8,4842
v_proj,200,0,8,4828
rope,200,0,8,14750
attn,200,0,8,5091
o_proj,200,0,8,2984
post_layernorm,200,0,8,30760
gate_proj,200,0,8,7388
up_proj,200,0,8,6613
act_fn,200,0,8,1570
down_proj,200,0,8,7473
final_layernorm,200,0,8,31439
lm_head,200,0,8,49057
embedding,201,0,8,8336
input_layernorm,201,0,8,31367
q_proj,201,0,8,3525
k_proj,201,0,8,4558
v_proj,201,0,8,4585
rope,201,0,8,14652
attn,201,0,8,5085
o_proj,201,0,8,2981
post_layernorm,201,0,8,30958
gate_proj,201,0,8,7330
up_proj,201,0,8,6626
act_fn,201,0,8,1566
down_proj,201,0,8,7325
final_layernorm,201,0,8,31797
lm_head,201,0,8,49333
embedding,202,0,8,8473
input_layernorm,202,0,8,31078
q_proj,202,0,8,3510
k_proj,202,0,8,4531
v_proj,202,0,8,4537
rope,202,0,8,14650
attn,202,0,8,5121
o_proj,202,0,8,2954
post_layernorm,202,0,8,31020
gate_proj,202,0,8,7336
up_proj,202,0,8,6618
act_fn,202,0,8,1572
down_proj,202,0,8,7368
final_layernorm,202,0,8,31782
lm_head,202,0,8,49330
embedding,203,0,8,8351
input_layernorm,203,0,8,31523
q_proj,203,0,8,3500
k_proj,203,0,8,4530
v_proj,203,0,8,4541
rope,203,0,8,14744
attn,203,0,8,5120
o_proj,203,0,8,2975
post_layernorm,203,0,8,30816
gate_proj,203,0,8,7328
up_proj,203,0,8,6611
act_fn,203,0,8,1578
down_proj,203,0,8,7399
final_layernorm,203,0,8,31836
lm_head,203,0,8,49334
embedding,204,0,8,8358
input_layernorm,204,0,8,31223
q_proj,204,0,8,3494
k_proj,204,0,8,4549
v_proj,204,0,8,4524
rope,204,0,8,14826
attn,204,0,8,5121
o_proj,204,0,8,3008
post_layernorm,204,0,8,30815
gate_proj,204,0,8,7367
up_proj,204,0,8,6629
act_fn,204,0,8,1593
down_proj,204,0,8,7273
final_layernorm,204,0,8,31984
lm_head,204,0,8,49396
embedding,205,0,8,8513
input_layernorm,205,0,8,31213
q_proj,205,0,8,3498
k_proj,205,0,8,4601
v_proj,205,0,8,4549
rope,205,0,8,14769
attn,205,0,8,5135
o_proj,205,0,8,3016
post_layernorm,205,0,8,31215
gate_proj,205,0,8,7346
up_proj,205,0,8,6656
act_fn,205,0,8,1587
down_proj,205,0,8,7161
final_layernorm,205,0,8,32034
lm_head,205,0,8,49388
embedding,206,0,8,8476
input_layernorm,206,0,8,31250
q_proj,206,0,8,3504
k_proj,206,0,8,4568
v_proj,206,0,8,4507
rope,206,0,8,14771
attn,206,0,8,5115
o_proj,206,0,8,2967
post_layernorm,206,0,8,31251
gate_proj,206,0,8,7347
up_proj,206,0,8,6620
act_fn,206,0,8,1581
down_proj,206,0,8,7126
final_layernorm,206,0,8,32013
lm_head,206,0,8,49410
embedding,207,0,8,8469
input_layernorm,207,0,8,31553
q_proj,207,0,8,3485
k_proj,207,0,8,4549
v_proj,207,0,8,4504
rope,207,0,8,14769
attn,207,0,8,5138
o_proj,207,0,8,2849
post_layernorm,207,0,8,30914
gate_proj,207,0,8,7322
up_proj,207,0,8,6610
act_fn,207,0,8,1585
down_proj,207,0,8,7137
final_layernorm,207,0,8,31919
lm_head,207,0,8,49393
embedding,208,0,8,8458
input_layernorm,208,0,8,31416
q_proj,208,0,8,4172
k_proj,208,0,8,4500
v_proj,208,0,8,4455
rope,208,0,8,14958
attn,208,0,8,5154
o_proj,208,0,8,2823
post_layernorm,208,0,8,30985
gate_proj,208,0,8,7326
up_proj,208,0,8,6634
act_fn,208,0,8,1594
down_proj,208,0,8,8239
final_layernorm,208,0,8,31787
lm_head,208,0,8,49417
embedding,209,0,8,8443
input_layernorm,209,0,8,31839
q_proj,209,0,8,4185
k_proj,209,0,8,4569
v_proj,209,0,8,4685
rope,209,0,8,14850
attn,209,0,8,5146
o_proj,209,0,8,3203
post_layernorm,209,0,8,30977
gate_proj,209,0,8,8493
up_proj,209,0,8,8657
act_fn,209,0,8,1678
down_proj,209,0,8,8259
final_layernorm,209,0,8,32121
lm_head,209,0,8,50546
embedding,210,0,8,8573
input_layernorm,210,0,8,31340
q_proj,210,0,8,4123
k_proj,210,0,8,4525
v_proj,210,0,8,4691
rope,210,0,8,14778
attn,210,0,8,5127
o_proj,210,0,8,3236
post_layernorm,210,0,8,31306
gate_proj,210,0,8,8143
up_proj,210,0,8,8093
act_fn,210,0,8,1601
down_proj,210,0,8,8006
final_layernorm,210,0,8,31969
lm_head,210,0,8,50497
embedding,211,0,8,8601
input_layernorm,211,0,8,31982
q_proj,211,0,8,4032
k_proj,211,0,8,4563
v_proj,211,0,8,4618
rope,211,0,8,14846
attn,211,0,8,5155
o_proj,211,0,8,3256
post_layernorm,211,0,8,31413
gate_proj,211,0,8,8297
up_proj,211,0,8,8133
act_fn,211,0,8,1613
down_proj,211,0,8,8383
final_layernorm,211,0,8,32274
lm_head,211,0,8,50583
embedding,212,0,8,8680
input_layernorm,212,0,8,31973
q_proj,212,0,8,4081
k_proj,212,0,8,4589
v_proj,212,0,8,4664
rope,212,0,8,14974
attn,212,0,8,5162
o_proj,212,0,8,3301
post_layernorm,212,0,8,31252
gate_proj,212,0,8,8464
up_proj,212,0,8,8976
act_fn,212,0,8,1625
down_proj,212,0,8,8171
final_layernorm,212,0,8,32356
lm_head,212,0,8,50517
embedding,213,0,8,8558
input_layernorm,213,0,8,31650
q_proj,213,0,8,4116
k_proj,213,0,8,4568
v_proj,213,0,8,4642
rope,213,0,8,14872
attn,213,0,8,5155
o_proj,213,0,8,3266
post_layernorm,213,0,8,31339
gate_proj,213,0,8,8330
up_proj,213,0,8,8535
act_fn,213,0,8,1624
down_proj,213,0,8,7907
final_layernorm,213,0,8,32145
lm_head,213,0,8,50687
embedding,214,0,8,8616
input_layernorm,214,0,8,31467
q_proj,214,0,8,4027
k_proj,214,0,8,4617
v_proj,214,0,8,4707
rope,214,0,8,14885
attn,214,0,8,5146
o_proj,214,0,8,3116
post_layernorm,214,0,8,31453
gate_proj,214,0,8,8205
up_proj,214,0,8,8167
act_fn,214,0,8,1626
down_proj,214,0,8,7848
final_layernorm,214,0,8,32406
lm_head,214,0,8,50668
embedding,215,0,8,8553
input_layernorm,215,0,8,31665
q_proj,215,0,8,3931
k_proj,215,0,8,4629
v_proj,215,0,8,4630
rope,215,0,8,14872
attn,215,0,8,5188
o_proj,215,0,8,3075
post_layernorm,215,0,8,31174
gate_proj,215,0,8,8334
up_proj,215,0,8,8317
act_fn,215,0,8,1629
down_proj,215,0,8,7983
final_layernorm,215,0,8,32269
lm_head,215,0,8,50705
embedding,216,0,8,8551
input_layernorm,216,0,8,31591
q_proj,216,0,8,3599
k_proj,216,0,8,4565
v_proj,216,0,8,4520
rope,216,0,8,14885
attn,216,0,8,5159
o_proj,216,0,8,3013
post_layernorm,216,0,8,31113
gate_proj,216,0,8,7465
up_proj,216,0,8,6682
act_fn,216,0,8,1626
down_proj,216,0,8,7665
final_layernorm,216,0,8,31905
lm_head,216,0,8,50673
embedding,217,0,8,8586
input_layernorm,217,0,8,31770
q_proj,217,0,8,3840
k_proj,217,0,8,4735
v_proj,217,0,8,4877
rope,217,0,8,14835
attn,217,0,8,5182
o_proj,217,0,8,2959
post_layernorm,217,0,8,31101
gate_proj,217,0,8,7425
up_proj,217,0,8,6721
act_fn,217,0,8,1621
down_proj,217,0,8,7493
final_layernorm,217,0,8,32249
lm_head,217,0,8,50870
embedding,218,0,8,8779
input_layernorm,218,0,8,31774
q_proj,218,0,8,3866
k_proj,218,0,8,4724
v_proj,218,0,8,4871
rope,218,0,8,14838
attn,218,0,8,5166
o_proj,218,0,8,3029
post_layernorm,218,0,8,31137
gate_proj,218,0,8,7419
up_proj,218,0,8,6690
act_fn,218,0,8,1621
down_proj,218,0,8,7380
final_layernorm,218,0,8,32225
lm_head,218,0,8,50923
embedding,219,0,8,8825
input_layernorm,219,0,8,31971
q_proj,219,0,8,3901
k_proj,219,0,8,4752
v_proj,219,0,8,4904
rope,219,0,8,14864
attn,219,0,8,5207
o_proj,219,0,8,3046
post_layernorm,219,0,8,31430
gate_proj,219,0,8,7402
up_proj,219,0,8,6711
act_fn,219,0,8,1638
down_proj,219,0,8,7531
final_layernorm,219,0,8,32534
lm_head,219,0,8,50922
embedding,220,0,8,8739
input_layernorm,220,0,8,32038
q_proj,220,0,8,3793
k_proj,220,0,8,4796
v_proj,220,0,8,4902
rope,220,0,8,14951
attn,220,0,8,5222
o_proj,220,0,8,2991
post_layernorm,220,0,8,31281
gate_proj,220,0,8,7389
up_proj,220,0,8,6683
act_fn,220,0,8,1642
down_proj,220,0,8,7462
final_layernorm,220,0,8,32385
lm_head,220,0,8,50594
embedding,221,0,8,8798
input_layernorm,221,0,8,32083
q_proj,221,0,8,3777
k_proj,221,0,8,4783
v_proj,221,0,8,4948
rope,221,0,8,14915
attn,221,0,8,5214
o_proj,221,0,8,3037
post_layernorm,221,0,8,31286
gate_proj,221,0,8,7387
up_proj,221,0,8,6713
act_fn,221,0,8,1643
down_proj,221,0,8,7377
final_layernorm,221,0,8,32472
lm_head,221,0,8,50531
embedding,222,0,8,8802
input_layernorm,222,0,8,32146
q_proj,222,0,8,3774
k_proj,222,0,8,4788
v_proj,222,0,8,4907
rope,222,0,8,14966
attn,222,0,8,5209
o_proj,222,0,8,3015
post_layernorm,222,0,8,31436
gate_proj,222,0,8,7386
up_proj,222,0,8,6761
act_fn,222,0,8,1641
down_proj,222,0,8,7466
final_layernorm,222,0,8,32599
lm_head,222,0,8,50650
embedding,223,0,8,8975
input_layernorm,223,0,8,31955
q_proj,223,0,8,3790
k_proj,223,0,8,4799
v_proj,223,0,8,4919
rope,223,0,8,14907
attn,223,0,8,5231
o_proj,223,0,8,2904
post_layernorm,223,0,8,31283
gate_proj,223,0,8,7348
up_proj,223,0,8,6690
act_fn,223,0,8,1649
down_proj,223,0,8,7409
final_layernorm,223,0,8,32429
lm_head,223,0,8,50650
embedding,224,0,8,9017
input_layernorm,224,0,8,31833
q_proj,224,0,8,4808
k_proj,224,0,8,4960
v_proj,224,0,8,4804
rope,224,0,8,15020
attn,224,0,8,5221
o_proj,224,0,8,2889
post_layernorm,224,0,8,31207
gate_proj,224,0,8,7353
up_proj,224,0,8,6713
act_fn,224,0,8,1650
down_proj,224,0,8,9554
final_layernorm,224,0,8,32166
lm_head,224,0,8,50646
embedding,225,0,8,8954
input_layernorm,225,0,8,31982
q_proj,225,0,8,4751
k_proj,225,0,8,4582
v_proj,225,0,8,4624
rope,225,0,8,14917
attn,225,0,8,5238
o_proj,225,0,8,3344
post_layernorm,225,0,8,31218
gate_proj,225,0,8,7879
up_proj,225,0,8,7583
act_fn,225,0,8,1657
down_proj,225,0,8,8328
final_layernorm,225,0,8,32435
lm_head,225,0,8,51007
embedding,226,0,8,9104
input_layernorm,226,0,8,31914
q_proj,226,0,8,4716
k_proj,226,0,8,4540
v_proj,226,0,8,4543
rope,226,0,8,14905
attn,226,0,8,5217
o_proj,226,0,8,3154
post_layernorm,226,0,8,31234
gate_proj,226,0,8,7834
up_proj,226,0,8,7581
act_fn,226,0,8,1642
down_proj,226,0,8,8287
final_layernorm,226,0,8,32457
lm_head,226,0,8,50919
embedding,227,0,8,8929
input_layernorm,227,0,8,32194
q_proj,227,0,8,4728
k_proj,227,0,8,4550
v_proj,227,0,8,4587
rope,227,0,8,14907
attn,227,0,8,5233
o_proj,227,0,8,3309
post_layernorm,227,0,8,31750
gate_proj,227,0,8,7822
up_proj,227,0,8,7716
act_fn,227,0,8,1645
down_proj,227,0,8,8391
final_layernorm,227,0,8,32654
lm_head,227,0,8,50997
embedding,228,0,8,8983
input_layernorm,228,0,8,32221
q_proj,228,0,8,4545
k_proj,228,0,8,4562
v_proj,228,0,8,4551
rope,228,0,8,14986
attn,228,0,8,5228
o_proj,228,0,8,3329
post_layernorm,228,0,8,31736
gate_proj,228,0,8,7696
up_proj,228,0,8,7669
act_fn,228,0,8,1717
down_proj,228,0,8,8187
final_layernorm,228,0,8,32627
lm_head,228,0,8,51036
embedding,229,0,8,9018
input_layernorm,229,0,8,32212
q_proj,229,0,8,4624
k_proj,229,0,8,4564
v_proj,229,0,8,4577
rope,229,0,8,14910
attn,229,0,8,5280
o_proj,229,0,8,3324
post_layernorm,229,0,8,31863
gate_proj,229,0,8,7639
up_proj,229,0,8,7447
act_fn,229,0,8,1660
down_proj,229,0,8,8413
final_layernorm,229,0,8,32641
lm_head,229,0,8,50917
embedding,230,0,8,9039
input_layernorm,230,0,8,32161
q_proj,230,0,8,4584
k_proj,230,0,8,4534
v_proj,230,0,8,4587
rope,230,0,8,14960
attn,230,0,8,5250
o_proj,230,0,8,3335
post_layernorm,230,0,8,31756
gate_proj,230,0,8,7589
up_proj,230,0,8,7395
act_fn,230,0,8,1664
down_proj,230,0,8,8183
final_layernorm,230,0,8,32699
lm_head,230,0,8,50953
embedding,231,0,8,9167
input_layernorm,231,0,8,32142
q_proj,231,0,8,4694
k_proj,231,0,8,4609
v_proj,231,0,8,4650
rope,231,0,8,14956
attn,231,0,8,5270
o_proj,231,0,8,3194
post_layernorm,231,0,8,31732
gate_proj,231,0,8,7589
up_proj,231,0,8,7266
act_fn,231,0,8,1692
down_proj,231,0,8,8299
final_layernorm,231,0,8,32602
lm_head,231,0,8,51075
embedding,232,0,8,9202
input_layernorm,232,0,8,31875
q_proj,232,0,8,3791
k_proj,232,0,8,4579
v_proj,232,0,8,4543
rope,232,0,8,14983
attn,232,0,8,5248
o_proj,232,0,8,3052
post_layernorm,232,0,8,31326
gate_proj,232,0,8,7462
up_proj,232,0,8,7191
act_fn,232,0,8,1683
down_proj,232,0,8,8095
final_layernorm,232,0,8,32193
lm_head,232,0,8,50949
embedding,233,0,8,9289
input_layernorm,233,0,8,32004
q_proj,233,0,8,4404
k_proj,233,0,8,4603
v_proj,233,0,8,4585
rope,233,0,8,14955
attn,233,0,8,5257
o_proj,233,0,8,3177
post_layernorm,233,0,8,31667
gate_proj,233,0,8,7408
up_proj,233,0,8,7259
act_fn,233,0,8,1700
down_proj,233,0,8,7991
final_layernorm,233,0,8,32893
lm_head,233,0,8,51267
embedding,234,0,8,9181
input_layernorm,234,0,8,32378
q_proj,234,0,8,4416
k_proj,234,0,8,4543
v_proj,234,0,8,4646
rope,234,0,8,15038
attn,234,0,8,5295
o_proj,234,0,8,3172
post_layernorm,234,0,8,31741
gate_proj,234,0,8,7560
up_proj,234,0,8,7265
act_fn,234,0,8,1703
down_proj,234,0,8,7808
final_layernorm,234,0,8,32855
lm_head,234,0,8,51321
embedding,235,0,8,9372
input_layernorm,235,0,8,31996
q_proj,235,0,8,4466
k_proj,235,0,8,4562
v_proj,235,0,8,4567
rope,235,0,8,14916
attn,235,0,8,5260
o_proj,235,0,8,3171
post_layernorm,235,0,8,31789
gate_proj,235,0,8,7432
up_proj,235,0,8,7231
act_fn,235,0,8,1690
down_proj,235,0,8,8033
final_layernorm,235,0,8,32848
lm_head,235,0,8,51251
embedding,236,0,8,9199
input_layernorm,236,0,8,32315
q_proj,236,0,8,4330
k_proj,236,0,8,4630
v_proj,236,0,8,4627
rope,236,0,8,15076
attn,236,0,8,5274
o_proj,236,0,8,3152
post_layernorm,236,0,8,31614
gate_proj,236,0,8,7456
up_proj,236,0,8,7137
act_fn,236,0,8,1707
down_proj,236,0,8,7961
final_layernorm,236,0,8,32780
lm_head,236,0,8,51355
embedding,237,0,8,9209
input_layernorm,237,0,8,32622
q_proj,237,0,8,4323
k_proj,237,0,8,4591
v_proj,237,0,8,4557
rope,237,0,8,14975
attn,237,0,8,5264
o_proj,237,0,8,3155
post_layernorm,237,0,8,32066
gate_proj,237,0,8,7334
up_proj,237,0,8,7120
act_fn,237,0,8,1709
down_proj,237,0,8,7651
final_layernorm,237,0,8,32873
lm_head,237,0,8,51250
embedding,238,0,8,9305
input_layernorm,238,0,8,32191
q_proj,238,0,8,4202
k_proj,238,0,8,4628
v_proj,238,0,8,4593
rope,238,0,8,15002
attn,238,0,8,5273
o_proj,238,0,8,3170
post_layernorm,238,0,8,31671
gate_proj,238,0,8,7320
up_proj,238,0,8,7197
act_fn,238,0,8,1712
down_proj,238,0,8,7894
final_layernorm,238,0,8,32796
lm_head,238,0,8,51347
embedding,239,0,8,9329
input_layernorm,239,0,8,32330
q_proj,239,0,8,4337
k_proj,239,0,8,4559
v_proj,239,0,8,4583
rope,239,0,8,14983
attn,239,0,8,5313
o_proj,239,0,8,3066
post_layernorm,239,0,8,31885
gate_proj,239,0,8,7346
up_proj,239,0,8,7081
act_fn,239,0,8,1712
down_proj,239,0,8,7674
final_layernorm,239,0,8,32923
lm_head,239,0,8,51414
embedding,240,0,8,9281
input_layernorm,240,0,8,32348
q_proj,240,0,8,3805
k_proj,240,0,8,5059
v_proj,240,0,8,4916
rope,240,0,8,15055
attn,240,0,8,5305
o_proj,240,0,8,3061
post_layernorm,240,0,8,31792
gate_proj,240,0,8,7270
up_proj,240,0,8,6795
act_fn,240,0,8,1716
down_proj,240,0,8,8849
final_layernorm,240,0,8,32688
lm_head,240,0,8,51391
embedding,241,0,8,9257
input_layernorm,241,0,8,32513
q_proj,241,0,8,4104
k_proj,241,0,8,4667
v_proj,241,0,8,4603
rope,241,0,8,14988
attn,241,0,8,5319
o_proj,241,0,8,3372
post_layernorm,241,0,8,31871
gate_proj,241,0,8,7285
up_proj,241,0,8,6812
act_fn,241,0,8,1722
down_proj,241,0,8,8667
final_layernorm,241,0,8,32949
lm_head,241,0,8,51723
embedding,242,0,8,9258
input_layernorm,242,0,8,32451
q_proj,242,0,8,4105
k_proj,242,0,8,4567
v_proj,242,0,8,4507
rope,242,0,8,15029
attn,242,0,8,5294
o_proj,242,0,8,3316
post_layernorm,242,0,8,31917
gate_proj,242,0,8,7297
up_proj,242,0,8,6785
act_fn,242,0,8,1717
down_proj,242,0,8,8401
final_layernorm,242,0,8,32929
lm_head,242,0,8,51624
embedding,243,0,8,9395
input_layernorm,243,0,8,32511
q_proj,243,0,8,4128
k_proj,243,0,8,4567
v_proj,243,0,8,4488
rope,243,0,8,15000
attn,243,0,8,5298
o_proj,243,0,8,3382
post_layernorm,243,0,8,31956
gate_proj,243,0,8,7285
up_proj,243,0,8,6890
act_fn,243,0,8,1727
down_proj,243,0,8,8863
final_layernorm,243,0,8,32980
lm_head,243,0,8,51741
embedding,244,0,8,9278
input_layernorm,244,0,8,32815
q_proj,244,0,8,4023
k_proj,244,0,8,4461
v_proj,244,0,8,4374
rope,244,0,8,15101
attn,244,0,8,5301
o_proj,244,0,8,3256
post_layernorm,244,0,8,32139
gate_proj,244,0,8,7263
up_proj,244,0,8,6819
act_fn,244,0,8,1732
down_proj,244,0,8,8560
final_layernorm,244,0,8,33186
lm_head,244,0,8,51668
embedding,245,0,8,9271
input_layernorm,245,0,8,32802
q_proj,245,0,8,4034
k_proj,245,0,8,4623
v_proj,245,0,8,4522
rope,245,0,8,15004
attn,245,0,8,5307
o_proj,245,0,8,3320
post_layernorm,245,0,8,32135
gate_proj,245,0,8,7284
up_proj,245,0,8,6825
act_fn,245,0,8,1721
down_proj,245,0,8,8393
final_layernorm,245,0,8,33141
lm_head,245,0,8,51701
embedding,246,0,8,9337
input_layernorm,246,0,8,32837
q_proj,246,0,8,4017
k_proj,246,0,8,4398
v_proj,246,0,8,4372
rope,246,0,8,15037
attn,246,0,8,5326
o_proj,246,0,8,3377
post_layernorm,246,0,8,32124
gate_proj,246,0,8,7290
up_proj,246,0,8,6767
act_fn,246,0,8,1749
down_proj,246,0,8,8337
final_layernorm,246,0,8,33223
lm_head,246,0,8,51896
embedding,247,0,8,9369
input_layernorm,247,0,8,32838
q_proj,247,0,8,3982
k_proj,247,0,8,4385
v_proj,247,0,8,4356
rope,247,0,8,15012
attn,247,0,8,5324
o_proj,247,0,8,3288
post_layernorm,247,0,8,32136
gate_proj,247,0,8,7267
up_proj,247,0,8,6752
act_fn,247,0,8,1790
down_proj,247,0,8,8575
final_layernorm,247,0,8,33209
lm_head,247,0,8,51804
embedding,248,0,8,9424
input_layernorm,248,0,8,32587
q_proj,248,0,8,3880
k_proj,248,0,8,4845
v_proj,248,0,8,4914
rope,248,0,8,15168
attn,248,0,8,5354
o_proj,248,0,8,3225
post_layernorm,248,0,8,32048
gate_proj,248,0,8,7269
up_proj,248,0,8,6724
act_fn,248,0,8,1739
down_proj,248,0,8,8057
final_layernorm,248,0,8,32783
lm_head,248,0,8,51951
embedding,249,0,8,9320
input_layernorm,249,0,8,32728
q_proj,249,0,8,3912
k_proj,249,0,8,4333
v_proj,249,0,8,4345
rope,249,0,8,15088
attn,249,0,8,5338
o_proj,249,0,8,3167
post_layernorm,249,0,8,32012
gate_proj,249,0,8,7295
up_proj,249,0,8,6741
act_fn,249,0,8,1743
down_proj,249,0,8,8070
final_layernorm,249,0,8,33070
lm_head,249,0,8,52328
embedding,250,0,8,9414
input_layernorm,250,0,8,32734
q_proj,250,0,8,3977
k_proj,250,0,8,4351
v_proj,250,0,8,4328
rope,250,0,8,15072
attn,250,0,8,5314
o_proj,250,0,8,3163
post_layernorm,250,0,8,32158
gate_proj,250,0,8,7276
up_proj,250,0,8,6754
act_fn,250,0,8,1754
down_proj,250,0,8,7931
final_layernorm,250,0,8,33102
lm_head,250,0,8,52327
embedding,251,0,8,9690
input_layernorm,251,0,8,32865
q_proj,251,0,8,3872
k_proj,251,0,8,4335
v_proj,251,0,8,4341
rope,251,0,8,15039
attn,251,0,8,5294
o_proj,251,0,8,3220
post_layernorm,251,0,8,32412
gate_proj,251,0,8,7308
up_proj,251,0,8,6768
act_fn,251,0,8,1769
down_proj,251,0,8,8048
final_layernorm,251,0,8,33186
lm_head,251,0,8,52370
embedding,252,0,8,9582
input_layernorm,252,0,8,32942
q_proj,252,0,8,3924
k_proj,252,0,8,4319
v_proj,252,0,8,4315
rope,252,0,8,15136
attn,252,0,8,5285
o_proj,252,0,8,3156
post_layernorm,252,0,8,32624
gate_proj,252,0,8,7264
up_proj,252,0,8,6725
act_fn,252,0,8,1754
down_proj,252,0,8,7939
final_layernorm,252,0,8,33283
lm_head,252,0,8,52297
embedding,253,0,8,9620
input_layernorm,253,0,8,33025
q_proj,253,0,8,3901
k_proj,253,0,8,4321
v_proj,253,0,8,4332
rope,253,0,8,15081
attn,253,0,8,5311
o_proj,253,0,8,3201
post_layernorm,253,0,8,32659
gate_proj,253,0,8,7296
up_proj,253,0,8,6747
act_fn,253,0,8,1767
down_proj,253,0,8,8022
final_layernorm,253,0,8,33378
lm_head,253,0,8,52484
embedding,254,0,8,9771
input_layernorm,254,0,8,33048
q_proj,254,0,8,3945
k_proj,254,0,8,4349
v_proj,254,0,8,4369
rope,254,0,8,15136
attn,254,0,8,5340
o_proj,254,0,8,3144
post_layernorm,254,0,8,32766
gate_proj,254,0,8,7276
up_proj,254,0,8,6784
act_fn,254,0,8,1769
down_proj,254,0,8,7988
final_layernorm,254,0,8,33474
lm_head,254,0,8,52552
embedding,255,0,8,9756
input_layernorm,255,0,8,33071
q_proj,255,0,8,3930
k_proj,255,0,8,4303
v_proj,255,0,8,4307
rope,255,0,8,15025
attn,255,0,8,5300
o_proj,255,0,8,3179
post_layernorm,255,0,8,32664
gate_proj,255,0,8,7307
up_proj,255,0,8,6766
act_fn,255,0,8,1763
down_proj,255,0,8,7917
final_layernorm,255,0,8,33338
lm_head,255,0,8,52359
embedding,256,0,8,9684
input_layernorm,256,0,8,32800
q_proj,256,0,8,3934
k_proj,256,0,8,4844
v_proj,256,0,8,4865
rope,256,0,8,15148
attn,256,0,8,4530
o_proj,256,0,8,3045
post_layernorm,256,0,8,32203
gate_proj,256,0,8,7304
up_proj,256,0,8,6773
act_fn,256,0,8,1774
down_proj,256,0,8,7945
final_layernorm,256,0,8,32891
lm_head,256,0,8,52470
embedding,257,0,8,9898
input_layernorm,257,0,8,32750
q_proj,257,0,8,3912
k_proj,257,0,8,4625
v_proj,257,0,8,4635
rope,257,0,8,14957
attn,257,0,8,5590
o_proj,257,0,8,3426
post_layernorm,257,0,8,32253
gate_proj,257,0,8,8621
up_proj,257,0,8,8391
act_fn,257,0,8,1785
down_proj,257,0,8,9249
final_layernorm,257,0,8,33332
lm_head,257,0,8,53625
embedding,258,0,8,9963
input_layernorm,258,0,8,32895
q_proj,258,0,8,3902
k_proj,258,0,8,4668
v_proj,258,0,8,4645
rope,258,0,8,15074
attn,258,0,8,5658
o_proj,258,0,8,3495
post_layernorm,258,0,8,32419
gate_proj,258,0,8,8499
up_proj,258,0,8,8561
act_fn,258,0,8,1787
down_proj,258,0,8,8739
final_layernorm,258,0,8,33657
lm_head,258,0,8,53719
embedding,259,0,8,9944
input_layernorm,259,0,8,33353
q_proj,259,0,8,3904
k_proj,259,0,8,4682
v_proj,259,0,8,4674
rope,259,0,8,15033
attn,259,0,8,5690
o_proj,259,0,8,3456
post_layernorm,259,0,8,32715
gate_proj,259,0,8,8597
up_proj,259,0,8,8705
act_fn,259,0,8,1788
down_proj,259,0,8,9098
final_layernorm,259,0,8,33573
lm_head,259,0,8,53788
embedding,260,0,8,10067
input_layernorm,260,0,8,32975
q_proj,260,0,8,3931
k_proj,260,0,8,4639
v_proj,260,0,8,4643
rope,260,0,8,15126
attn,260,0,8,5669
o_proj,260,0,8,3495
post_layernorm,260,0,8,32798
gate_proj,260,0,8,8402
up_proj,260,0,8,8184
act_fn,260,0,8,1788
down_proj,260,0,8,8847
final_layernorm,260,0,8,33393
lm_head,260,0,8,53622
embedding,261,0,8,9918
input_layernorm,261,0,8,33125
q_proj,261,0,8,3976
k_proj,261,0,8,4699
v_proj,261,0,8,4716
rope,261,0,8,15048
attn,261,0,8,5705
o_proj,261,0,8,3516
post_layernorm,261,0,8,33053
gate_proj,261,0,8,8575
up_proj,261,0,8,8487
act_fn,261,0,8,1799
down_proj,261,0,8,8572
final_layernorm,261,0,8,33699
lm_head,261,0,8,53883
embedding,262,0,8,9966
input_layernorm,262,0,8,32994
q_proj,262,0,8,3907
k_proj,262,0,8,4607
v_proj,262,0,8,4644
rope,262,0,8,15020
attn,262,0,8,5662
o_proj,262,0,8,3509
post_layernorm,262,0,8,33018
gate_proj,262,0,8,8578
up_proj,262,0,8,8972
act_fn,262,0,8,1787
down_proj,262,0,8,8383
final_layernorm,262,0,8,33593
lm_head,262,0,8,53657
embedding,263,0,8,9937
input_layernorm,263,0,8,33061
q_proj,263,0,8,3927
k_proj,263,0,8,4714
v_proj,263,0,8,4689
rope,263,0,8,15059
attn,263,0,8,5715
o_proj,263,0,8,3364
post_layernorm,263,0,8,32629
gate_proj,263,0,8,8516
up_proj,263,0,8,8607
act_fn,263,0,8,1797
down_proj,263,0,8,8615
final_layernorm,263,0,8,33427
lm_head,263,0,8,53882
embedding,264,0,8,9965
input_layernorm,264,0,8,33042
q_proj,264,0,8,3907
k_proj,264,0,8,4655
v_proj,264,0,8,4696
rope,264,0,8,15129
attn,264,0,8,5723
o_proj,264,0,8,3350
post_layernorm,264,0,8,32723
gate_proj,264,0,8,8466
up_proj,264,0,8,8723
act_fn,264,0,8,1793
down_proj,264,0,8,8616
final_layernorm,264,0,8,33308
lm_head,264,0,8,53789
embedding,265,0,8,9920
input_layernorm,265,0,8,33189
q_proj,265,0,8,4414
k_proj,265,0,8,4654
v_proj,265,0,8,4681
rope,265,0,8,15113
attn,265,0,8,5723
o_proj,265,0,8,3320
post_layernorm,265,0,8,32927
gate_proj,265,0,8,7914
up_proj,265,0,8,7219
act_fn,265,0,8,1794
down_proj,265,0,8,8396
final_layernorm,265,0,8,33644
lm_head,265,0,8,53820
embedding,266,0,8,10013
input_layernorm,266,0,8,33364
q_proj,266,0,8,4368
k_proj,266,0,8,4722
v_proj,266,0,8,4756
rope,266,0,8,15237
attn,266,0,8,5742
o_proj,266,0,8,3393
post_layernorm,266,0,8,33136
gate_proj,266,0,8,7942
up_proj,266,0,8,7262
act_fn,266,0,8,1819
down_proj,266,0,8,8294
final_layernorm,266,0,8,33904
lm_head,266,0,8,53837
embedding,267,0,8,10009
input_layernorm,267,0,8,33787
q_proj,267,0,8,4383
k_proj,267,0,8,4739
v_proj,267,0,8,4746
rope,267,0,8,15162
attn,267,0,8,5767
o_proj,267,0,8,3336
post_layernorm,267,0,8,33349
gate_proj,267,0,8,7886
up_proj,267,0,8,7246
act_fn,267,0,8,1792
down_proj,267,0,8,8351
final_layernorm,267,0,8,34262
lm_head,267,0,8,53833
embedding,268,0,8,10059
input_layernorm,268,0,8,33623
q_proj,268,0,8,4337
k_proj,268,0,8,4799
v_proj,268,0,8,4829
rope,268,0,8,15346
attn,268,0,8,5779
o_proj,268,0,8,3360
post_layernorm,268,0,8,33575
gate_proj,268,0,8,7984
up_proj,268,0,8,7281
act_fn,268,0,8,1811
down_proj,268,0,8,8621
final_layernorm,268,0,8,34284
lm_head,268,0,8,53969
embedding,269,0,8,9972
input_layernorm,269,0,8,33602
q_proj,269,0,8,4196
k_proj,269,0,8,4624
v_proj,269,0,8,4662
rope,269,0,8,15106
attn,269,0,8,5699
o_proj,269,0,8,3372
post_layernorm,269,0,8,33471
gate_proj,269,0,8,7955
up_proj,269,0,8,7238
act_fn,269,0,8,1817
down_proj,269,0,8,8195
final_layernorm,269,0,8,34129
lm_head,269,0,8,53833
embedding,270,0,8,9981
input_layernorm,270,0,8,33604
q_proj,270,0,8,4189
k_proj,270,0,8,4681
v_proj,270,0,8,4700
rope,270,0,8,15308
attn,270,0,8,5769
o_proj,270,0,8,3381
post_layernorm,270,0,8,33554
gate_proj,270,0,8,7943
up_proj,270,0,8,7291
act_fn,270,0,8,1811
down_proj,270,0,8,8251
final_layernorm,270,0,8,34073
lm_head,270,0,8,53970
embedding,271,0,8,9997
input_layernorm,271,0,8,33647
q_proj,271,0,8,4341
k_proj,271,0,8,4637
v_proj,271,0,8,4638
rope,271,0,8,15250
attn,271,0,8,5724
o_proj,271,0,8,3394
post_layernorm,271,0,8,33355
gate_proj,271,0,8,7935
up_proj,271,0,8,7296
act_fn,271,0,8,1809
down_proj,271,0,8,8182
final_layernorm,271,0,8,34138
lm_head,271,0,8,53905
embedding,272,0,8,10134
input_layernorm,272,0,8,33653
q_proj,272,0,8,4001
k_proj,272,0,8,4660
v_proj,272,0,8,4671
rope,272,0,8,15391
attn,272,0,8,5712
o_proj,272,0,8,3273
post_layernorm,272,0,8,33387
gate_proj,272,0,8,7946
up_proj,272,0,8,7273
act_fn,272,0,8,1828
down_proj,272,0,8,9378
final_layernorm,272,0,8,33870
lm_head,272,0,8,55131
embedding,273,0,8,10067
input_layernorm,273,0,8,33779
q_proj,273,0,8,4044
k_proj,273,0,8,4641
v_proj,273,0,8,4633
rope,273,0,8,15264
attn,273,0,8,5738
o_proj,273,0,8,3460
post_layernorm,273,0,8,33803
gate_proj,273,0,8,8003
up_proj,273,0,8,7383
act_fn,273,0,8,1816
down_proj,273,0,8,8770
final_layernorm,273,0,8,34130
lm_head,273,0,8,55113
embedding,274,0,8,10201
input_layernorm,274,0,8,33930
q_proj,274,0,8,4043
k_proj,274,0,8,4677
v_proj,274,0,8,4700
rope,274,0,8,15276
attn,274,0,8,5696
o_proj,274,0,8,3452
post_layernorm,274,0,8,34004
gate_proj,274,0,8,7935
up_proj,274,0,8,7376
act_fn,274,0,8,1844
down_proj,274,0,8,8560
final_layernorm,274,0,8,34489
lm_head,274,0,8,55143
embedding,275,0,8,10070
input_layernorm,275,0,8,33979
q_proj,275,0,8,4082
k_proj,275,0,8,4682
v_proj,275,0,8,4684
rope,275,0,8,15300
attn,275,0,8,5805
o_proj,275,0,8,3504
post_layernorm,275,0,8,33937
gate_proj,275,0,8,7977
up_proj,275,0,8,7441
act_fn,275,0,8,1841
down_proj,275,0,8,8711
final_layernorm,275,0,8,34470
lm_head,275,0,8,55286
embedding,276,0,8,10101
input_layernorm,276,0,8,33888
q_proj,276,0,8,3945
k_proj,276,0,8,4669
v_proj,276,0,8,4650
rope,276,0,8,15355
attn,276,0,8,5823
o_proj,276,0,8,3458
post_layernorm,276,0,8,33920
gate_proj,276,0,8,7939
up_proj,276,0,8,7378
act_fn,276,0,8,1831
down_proj,276,0,8,8736
final_layernorm,276,0,8,34404
lm_head,276,0,8,55160
embedding,277,0,8,10175
input_layernorm,277,0,8,33888
q_proj,277,0,8,4039
k_proj,277,0,8,4692
v_proj,277,0,8,4719
rope,277,0,8,15280
attn,277,0,8,5760
o_proj,277,0,8,3470
post_layernorm,277,0,8,33939
gate_proj,277,0,8,7987
up_proj,277,0,8,7439
act_fn,277,0,8,1848
down_proj,277,0,8,8579
final_layernorm,277,0,8,34466
lm_head,277,0,8,55314
embedding,278,0,8,10151
input_layernorm,278,0,8,33971
q_proj,278,0,8,3887
k_proj,278,0,8,4730
v_proj,278,0,8,4703
rope,278,0,8,15398
attn,278,0,8,5793
o_proj,278,0,8,3437
post_layernorm,278,0,8,33899
gate_proj,278,0,8,7972
up_proj,278,0,8,7428
act_fn,278,0,8,1853
down_proj,278,0,8,8461
final_layernorm,278,0,8,34513
lm_head,278,0,8,55381
embedding,279,0,8,10261
input_layernorm,279,0,8,34053
q_proj,279,0,8,3792
k_proj,279,0,8,4664
v_proj,279,0,8,4697
rope,279,0,8,15326
attn,279,0,8,5798
o_proj,279,0,8,3456
post_layernorm,279,0,8,33747
gate_proj,279,0,8,8031
up_proj,279,0,8,7415
act_fn,279,0,8,1852
down_proj,279,0,8,8664
final_layernorm,279,0,8,34475
lm_head,279,0,8,55380
embedding,280,0,8,10246
input_layernorm,280,0,8,34124
q_proj,280,0,8,3737
k_proj,280,0,8,4649
v_proj,280,0,8,4689
rope,280,0,8,15442
attn,280,0,8,5802
o_proj,280,0,8,3453
post_layernorm,280,0,8,33607
gate_proj,280,0,8,7936
up_proj,280,0,8,7394
act_fn,280,0,8,1857
down_proj,280,0,8,8485
final_layernorm,280,0,8,34360
lm_head,280,0,8,55312
embedding,281,0,8,10265
input_layernorm,281,0,8,34205
q_proj,281,0,8,3709
k_proj,281,0,8,4737
v_proj,281,0,8,4707
rope,281,0,8,15403
attn,281,0,8,5813
o_proj,281,0,8,3489
post_layernorm,281,0,8,33902
gate_proj,281,0,8,7927
up_proj,281,0,8,7461
act_fn,281,0,8,1856
down_proj,281,0,8,8557
final_layernorm,281,0,8,34757
lm_head,281,0,8,55531
embedding,282,0,8,10301
input_layernorm,282,0,8,34145
q_proj,282,0,8,3682
k_proj,282,0,8,4673
v_proj,282,0,8,4682
rope,282,0,8,15437
attn,282,0,8,5824
o_proj,282,0,8,3452
post_layernorm,282,0,8,33823
gate_proj,282,0,8,7895
up_proj,282,0,8,7422
act_fn,282,0,8,1864
down_proj,282,0,8,8529
final_layernorm,282,0,8,34607
lm_head,282,0,8,55383
embedding,283,0,8,10280
input_layernorm,283,0,8,34098
q_proj,283,0,8,3699
k_proj,283,0,8,4667
v_proj,283,0,8,4662
rope,283,0,8,15500
attn,283,0,8,5750
o_proj,283,0,8,3506
post_layernorm,283,0,8,34022
gate_proj,283,0,8,7909
up_proj,283,0,8,7395
act_fn,283,0,8,1866
down_proj,283,0,8,8541
final_layernorm,283,0,8,34738
lm_head,283,0,8,55376
embedding,284,0,8,10296
input_layernorm,284,0,8,34305
q_proj,284,0,8,3714
k_proj,284,0,8,4669
v_proj,284,0,8,4668
rope,284,0,8,15548
attn,284,0,8,5730
o_proj,284,0,8,3504
post_layernorm,284,0,8,33876
gate_proj,284,0,8,7906
up_proj,284,0,8,7416
act_fn,284,0,8,1853
down_proj,284,0,8,8581
final_layernorm,284,0,8,34538
lm_head,284,0,8,55381
embedding,285,0,8,10435
input_layernorm,285,0,8,34387
q_proj,285,0,8,3720
k_proj,285,0,8,4657
v_proj,285,0,8,4674
rope,285,0,8,15478
attn,285,0,8,5846
o_proj,285,0,8,3522
post_layernorm,285,0,8,34006
gate_proj,285,0,8,7930
up_proj,285,0,8,7426
act_fn,285,0,8,1862
down_proj,285,0,8,8577
final_layernorm,285,0,8,34698
lm_head,285,0,8,55391
embedding,286,0,8,10431
input_layernorm,286,0,8,34474
q_proj,286,0,8,3780
k_proj,286,0,8,4692
v_proj,286,0,8,4686
rope,286,0,8,15525
attn,286,0,8,5924
o_proj,286,0,8,3542
post_layernorm,286,0,8,34237
gate_proj,286,0,8,7932
up_proj,286,0,8,7428
act_fn,286,0,8,1861
down_proj,286,0,8,8435
final_layernorm,286,0,8,34842
lm_head,286,0,8,55514
embedding,287,0,8,10487
input_layernorm,287,0,8,34409
q_proj,287,0,8,3690
k_proj,287,0,8,4719
v_proj,287,0,8,4709
rope,287,0,8,15518
attn,287,0,8,5891
o_proj,287,0,8,3478
post_layernorm,287,0,8,33979
gate_proj,287,0,8,7930
up_proj,287,0,8,7449
act_fn,287,0,8,1864
down_proj,287,0,8,8544
final_layernorm,287,0,8,34764
lm_head,287,0,8,55572
embedding,288,0,8,10593
input_layernorm,288,0,8,34165
q_proj,288,0,8,4179
k_proj,288,0,8,4673
v_proj,288,0,8,4665
rope,288,0,8,15521
attn,288,0,8,5753
o_proj,288,0,8,3371
post_layernorm,288,0,8,33497
gate_proj,288,0,8,7938
up_proj,288,0,8,7420
act_fn,288,0,8,1873
down_proj,288,0,8,9961
final_layernorm,288,0,8,34361
lm_head,288,0,8,60497
embedding,289,0,8,10533
input_layernorm,289,0,8,34583
q_proj,289,0,8,4703
k_proj,289,0,8,4572
v_proj,289,0,8,4597
rope,289,0,8,15490
attn,289,0,8,5813
o_proj,289,0,8,3685
post_layernorm,289,0,8,33862
gate_proj,289,0,8,7995
up_proj,289,0,8,7602
act_fn,289,0,8,1883
down_proj,289,0,8,9506
final_layernorm,289,0,8,34927
lm_head,289,0,8,57044
embedding,290,0,8,10617
input_layernorm,290,0,8,34544
q_proj,290,0,8,4730
k_proj,290,0,8,4530
v_proj,290,0,8,4574
rope,290,0,8,15474
attn,290,0,8,5790
o_proj,290,0,8,3628
post_layernorm,290,0,8,34072
gate_proj,290,0,8,7964
up_proj,290,0,8,7620
act_fn,290,0,8,1883
down_proj,290,0,8,9297
final_layernorm,290,0,8,34761
lm_head,290,0,8,56966
embedding,291,0,8,10741
input_layernorm,291,0,8,34644
q_proj,291,0,8,4734
k_proj,291,0,8,4689
v_proj,291,0,8,4591
rope,291,0,8,15606
attn,291,0,8,5843
o_proj,291,0,8,3577
post_layernorm,291,0,8,34211
gate_proj,291,0,8,8020
up_proj,291,0,8,7682
act_fn,291,0,8,1898
down_proj,291,0,8,9149
final_layernorm,291,0,8,34963
lm_head,291,0,8,57288
embedding,292,0,8,10664
input_layernorm,292,0,8,34504
q_proj,292,0,8,4584
k_proj,292,0,8,4603
v_proj,292,0,8,4603
rope,292,0,8,15666
attn,292,0,8,5846
o_proj,292,0,8,3696
post_layernorm,292,0,8,33797
gate_proj,292,0,8,8029
up_proj,292,0,8,7637
act_fn,292,0,8,1908
down_proj,292,0,8,9495
final_layernorm,292,0,8,34837
lm_head,292,0,8,57120
embedding,293,0,8,10711
input_layernorm,293,0,8,34630
q_proj,293,0,8,4621
k_proj,293,0,8,4516
v_proj,293,0,8,4549
rope,293,0,8,15510
attn,293,0,8,5839
o_proj,293,0,8,3624
post_layernorm,293,0,8,33725
gate_proj,293,0,8,7998
up_proj,293,0,8,7592
act_fn,293,0,8,1906
down_proj,293,0,8,9542
final_layernorm,293,0,8,34772
lm_head,293,0,8,57096
embedding,294,0,8,10790
input_layernorm,294,0,8,34550
q_proj,294,0,8,4623
k_proj,294,0,8,4557
v_proj,294,0,8,4618
rope,294,0,8,15591
attn,294,0,8,5832
o_proj,294,0,8,3718
post_layernorm,294,0,8,33991
gate_proj,294,0,8,7982
up_proj,294,0,8,7674
act_fn,294,0,8,1897
down_proj,294,0,8,9385
final_layernorm,294,0,8,34892
lm_head,294,0,8,57332
embedding,295,0,8,10874
input_layernorm,295,0,8,34717
q_proj,295,0,8,4656
k_proj,295,0,8,4534
v_proj,295,0,8,4589
rope,295,0,8,15541
attn,295,0,8,5824
o_proj,295,0,8,3606
post_layernorm,295,0,8,34156
gate_proj,295,0,8,8045
up_proj,295,0,8,7625
act_fn,295,0,8,1906
down_proj,295,0,8,8750
final_layernorm,295,0,8,34939
lm_head,295,0,8,57272
embedding,296,0,8,10989
input_layernorm,296,0,8,34542
q_proj,296,0,8,4572
k_proj,296,0,8,4541
v_proj,296,0,8,4605
rope,296,0,8,15706
attn,296,0,8,5822
o_proj,296,0,8,3472
post_layernorm,296,0,8,33977
gate_proj,296,0,8,8042
up_proj,296,0,8,7604
act_fn,296,0,8,1912
down_proj,296,0,8,9704
final_layernorm,296,0,8,34804
lm_head,296,0,8,57278
embedding,297,0,8,10984
input_layernorm,297,0,8,34632
q_proj,297,0,8,4582
k_proj,297,0,8,4537
v_proj,297,0,8,4573
rope,297,0,8,15528
attn,297,0,8,5819
o_proj,297,0,8,3569
post_layernorm,297,0,8,34059
gate_proj,297,0,8,8013
up_proj,297,0,8,7647
act_fn,297,0,8,1898
down_proj,297,0,8,8941
final_layernorm,297,0,8,34836
lm_head,297,0,8,57250
embedding,298,0,8,10846
input_layernorm,298,0,8,34698
q_proj,298,0,8,4570
k_proj,298,0,8,4555
v_proj,298,0,8,4587
rope,298,0,8,15666
attn,298,0,8,5822
o_proj,298,0,8,3537
post_layernorm,298,0,8,34062
gate_proj,298,0,8,8073
up_proj,298,0,8,7658
act_fn,298,0,8,1917
down_proj,298,0,8,8774
final_layernorm,298,0,8,35043
lm_head,298,0,8,57336
embedding,299,0,8,10863
input_layernorm,299,0,8,34587
q_proj,299,0,8,4577
k_proj,299,0,8,4581
v_proj,299,0,8,4581
rope,299,0,8,15531
attn,299,0,8,5826
o_proj,299,0,8,3558
post_layernorm,299,0,8,33825
gate_proj,299,0,8,7984
up_proj,299,0,8,7612
act_fn,299,0,8,1911
down_proj,299,0,8,9056
final_layernorm,299,0,8,34838
lm_head,299,0,8,57203
embedding,300,0,8,10892
input_layernorm,300,0,8,35133
q_proj,300,0,8,4498
k_proj,300,0,8,4570
v_proj,300,0,8,4568
rope,300,0,8,15749
attn,300,0,8,5945
o_proj,300,0,8,3467
post_layernorm,300,0,8,34135
gate_proj,300,0,8,8064
up_proj,300,0,8,7636
act_fn,300,0,8,1927
down_proj,300,0,8,8783
final_layernorm,300,0,8,35124
lm_head,300,0,8,57320
embedding,301,0,8,10927
input_layernorm,301,0,8,34889
q_proj,301,0,8,4462
k_proj,301,0,8,4567
v_proj,301,0,8,4606
rope,301,0,8,15605
attn,301,0,8,5848
o_proj,301,0,8,3529
post_layernorm,301,0,8,34218
gate_proj,301,0,8,8049
up_proj,301,0,8,7689
act_fn,301,0,8,1916
down_proj,301,0,8,8775
final_layernorm,301,0,8,35077
lm_head,301,0,8,57344
embedding,302,0,8,11034
input_layernorm,302,0,8,34854
q_proj,302,0,8,4443
k_proj,302,0,8,4579
v_proj,302,0,8,4618
rope,302,0,8,15742
attn,302,0,8,5906
o_proj,302,0,8,3599
post_layernorm,302,0,8,34285
gate_proj,302,0,8,8054
up_proj,302,0,8,7682
act_fn,302,0,8,2075
down_proj,302,0,8,8812
final_layernorm,302,0,8,35161
lm_head,302,0,8,57534
embedding,303,0,8,10971
input_layernorm,303,0,8,35070
q_proj,303,0,8,4470
k_proj,303,0,8,4566
v_proj,303,0,8,4608
rope,303,0,8,15652
attn,303,0,8,5892
o_proj,303,0,8,3498
post_layernorm,303,0,8,34496
gate_proj,303,0,8,8044
up_proj,303,0,8,7654
act_fn,303,0,8,2082
down_proj,303,0,8,8831
final_layernorm,303,0,8,35290
lm_head,303,0,8,57481
embedding,304,0,8,10899
input_layernorm,304,0,8,34761
q_proj,304,0,8,4256
k_proj,304,0,8,4556
v_proj,304,0,8,4591
rope,304,0,8,15729
attn,304,0,8,5858
o_proj,304,0,8,3464
post_layernorm,304,0,8,34123
gate_proj,304,0,8,8017
up_proj,304,0,8,7678
act_fn,304,0,8,2083
down_proj,304,0,8,9055
final_layernorm,304,0,8,34869
lm_head,304,0,8,59027
embedding,305,0,8,10873
input_layernorm,305,0,8,34979
q_proj,305,0,8,4281
k_proj,305,0,8,4559
v_proj,305,0,8,4574
rope,305,0,8,15691
attn,305,0,8,5889
o_proj,305,0,8,3594
post_layernorm,305,0,8,34837
gate_proj,305,0,8,9016
up_proj,305,0,8,8317
act_fn,305,0,8,2090
down_proj,305,0,8,9145
final_layernorm,305,0,8,35327
lm_head,305,0,8,59076
embedding,306,0,8,10997
input_layernorm,306,0,8,34970
q_proj,306,0,8,4222
k_proj,306,0,8,4547
v_proj,306,0,8,4593
rope,306,0,8,15707
attn,306,0,8,5905
o_proj,306,0,8,3561
post_layernorm,306,0,8,34677
gate_proj,306,0,8,8996
up_proj,306,0,8,8437
act_fn,306,0,8,2076
down_proj,306,0,8,8903
final_layernorm,306,0,8,35375
lm_head,306,0,8,59140
embedding,307,0,8,10928
input_layernorm,307,0,8,34998
q_proj,307,0,8,4304
k_proj,307,0,8,4596
v_proj,307,0,8,4604
rope,307,0,8,15710
attn,307,0,8,5923
o_proj,307,0,8,3568
post_layernorm,307,0,8,34800
gate_proj,307,0,8,8994
up_proj,307,0,8,8396
act_fn,307,0,8,2072
down_proj,307,0,8,9035
final_layernorm,307,0,8,35299
lm_head,307,0,8,59186
embedding,308,0,8,11028
input_layernorm,308,0,8,35189
q_proj,308,0,8,4128
k_proj,308,0,8,4630
v_proj,308,0,8,4598
rope,308,0,8,15807
attn,308,0,8,5886
o_proj,308,0,8,3479
post_layernorm,308,0,8,34896
gate_proj,308,0,8,8942
up_proj,308,0,8,8495
act_fn,308,0,8,2076
down_proj,308,0,8,9136
final_layernorm,308,0,8,35430
lm_head,308,0,8,58968
embedding,309,0,8,11013
input_layernorm,309,0,8,35360
q_proj,309,0,8,4195
k_proj,309,0,8,4616
v_proj,309,0,8,4591
rope,309,0,8,15685
attn,309,0,8,5922
o_proj,309,0,8,3484
post_layernorm,309,0,8,34976
gate_proj,309,0,8,8980
up_proj,309,0,8,8398
act_fn,309,0,8,2076
down_proj,309,0,8,9031
final_layernorm,309,0,8,35462
lm_head,309,0,8,58931
embedding,310,0,8,10999
input_layernorm,310,0,8,35278
q_proj,310,0,8,4095
k_proj,310,0,8,4634
v_proj,310,0,8,4617
rope,310,0,8,15764
attn,310,0,8,5911
o_proj,310,0,8,3485
post_layernorm,310,0,8,35161
gate_proj,310,0,8,9066
up_proj,310,0,8,8409
act_fn,310,0,8,2072
down_proj,310,0,8,9014
final_layernorm,310,0,8,35391
lm_head,310,0,8,59121
embedding,311,0,8,10976
input_layernorm,311,0,8,35448
q_proj,311,0,8,4142
k_proj,311,0,8,4605
v_proj,311,0,8,4593
rope,311,0,8,15724
attn,311,0,8,5969
o_proj,311,0,8,3466
post_layernorm,311,0,8,35138
gate_proj,311,0,8,9009
up_proj,311,0,8,8347
act_fn,311,0,8,2101
down_proj,311,0,8,9097
final_layernorm,311,0,8,35547
lm_head,311,0,8,58998
embedding,312,0,8,11018
input_layernorm,312,0,8,35101
q_proj,312,0,8,3999
k_proj,312,0,8,4625
v_proj,312,0,8,4613
rope,312,0,8,15826
attn,312,0,8,5952
o_proj,312,0,8,3453
post_layernorm,312,0,8,34698
gate_proj,312,0,8,8982
up_proj,312,0,8,8326
act_fn,312,0,8,2112
down_proj,312,0,8,8760
final_layernorm,312,0,8,35086
lm_head,312,0,8,59194
embedding,313,0,8,11067
input_layernorm,313,0,8,35325
q_proj,313,0,8,3977
k_proj,313,0,8,4661
v_proj,313,0,8,4638
rope,313,0,8,15707
attn,313,0,8,5949
o_proj,313,0,8,3464
post_layernorm,313,0,8,35071
gate_proj,313,0,8,8814
up_proj,313,0,8,8249
act_fn,313,0,8,2087
down_proj,313,0,8,8781
final_layernorm,313,0,8,35456
lm_head,313,0,8,59204
embedding,314,0,8,11095
input_layernorm,314,0,8,35323
q_proj,314,0,8,3959
k_proj,314,0,8,4659
v_proj,314,0,8,4617
rope,314,0,8,15844
attn,314,0,8,5982
o_proj,314,0,8,3474
post_layernorm,314,0,8,35045
gate_proj,314,0,8,8820
up_proj,314,0,8,8237
act_fn,314,0,8,2099
down_proj,314,0,8,8866
final_layernorm,314,0,8,35452
lm_head,314,0,8,59285
embedding,315,0,8,11309
input_layernorm,315,0,8,35690
q_proj,315,0,8,3946
k_proj,315,0,8,4692
v_proj,315,0,8,4650
rope,315,0,8,15854
attn,315,0,8,6038
o_proj,315,0,8,3486
post_layernorm,315,0,8,35236
gate_proj,315,0,8,8841
up_proj,315,0,8,8238
act_fn,315,0,8,2109
down_proj,315,0,8,8811
final_layernorm,315,0,8,35771
lm_head,315,0,8,59409
embedding,316,0,8,11161
input_layernorm,316,0,8,35592
q_proj,316,0,8,3967
k_proj,316,0,8,4657
v_proj,316,0,8,4618
rope,316,0,8,15884
attn,316,0,8,5976
o_proj,316,0,8,3473
post_layernorm,316,0,8,35323
gate_proj,316,0,8,8798
up_proj,316,0,8,8239
act_fn,316,0,8,2087
down_proj,316,0,8,8786
final_layernorm,316,0,8,35633
lm_head,316,0,8,59240
embedding,317,0,8,11176
input_layernorm,317,0,8,35650
q_proj,317,0,8,3984
k_proj,317,0,8,4647
v_proj,317,0,8,4648
rope,317,0,8,15830
attn,317,0,8,5958
o_proj,317,0,8,3458
post_layernorm,317,0,8,35258
gate_proj,317,0,8,8791
up_proj,317,0,8,8273
act_fn,317,0,8,2091
down_proj,317,0,8,8810
final_layernorm,317,0,8,35811
lm_head,317,0,8,59308
embedding,318,0,8,11138
input_layernorm,318,0,8,35554
q_proj,318,0,8,3972
k_proj,318,0,8,4635
v_proj,318,0,8,4596
rope,318,0,8,15786
attn,318,0,8,5987
o_proj,318,0,8,3467
post_layernorm,318,0,8,35133
gate_proj,318,0,8,8771
up_proj,318,0,8,8247
act_fn,318,0,8,2106
down_proj,318,0,8,8840
final_layernorm,318,0,8,35576
lm_head,318,0,8,59140
embedding,319,0,8,11594
input_layernorm,319,0,8,35635
q_proj,319,0,8,4022
k_proj,319,0,8,4682
v_proj,319,0,8,4654
rope,319,0,8,15856
attn,319,0,8,6038
o_proj,319,0,8,3503
post_layernorm,319,0,8,35446
gate_proj,319,0,8,8794
up_proj,319,0,8,8289
act_fn,319,0,8,2115
down_proj,319,0,8,8776
final_layernorm,319,0,8,35615
lm_head,319,0,8,59526
embedding,320,0,8,11264
input_layernorm,320,0,8,35183
q_proj,320,0,8,4924
k_proj,320,0,8,4586
v_proj,320,0,8,4578
rope,320,0,8,15917
attn,320,0,8,5945
o_proj,320,0,8,3464
post_layernorm,320,0,8,34701
gate_proj,320,0,8,8808
up_proj,320,0,8,8293
act_fn,320,0,8,2097
down_proj,320,0,8,8801
final_layernorm,320,0,8,35196
lm_head,320,0,8,61074
embedding,321,0,8,11357
input_layernorm,321,0,8,35748
q_proj,321,0,8,4515
k_proj,321,0,8,4752
v_proj,321,0,8,4751
rope,321,0,8,15783
attn,321,0,8,7265
o_proj,321,0,8,3757
post_layernorm,321,0,8,35112
gate_proj,321,0,8,9137
up_proj,321,0,8,8630
act_fn,321,0,8,2118
down_proj,321,0,8,10157
final_layernorm,321,0,8,35908
lm_head,321,0,8,64881
embedding,322,0,8,11606
input_layernorm,322,0,8,35803
q_proj,322,0,8,4532
k_proj,322,0,8,4750
v_proj,322,0,8,4776
rope,322,0,8,15872
attn,322,0,8,7273
o_proj,322,0,8,3771
post_layernorm,322,0,8,35061
gate_proj,322,0,8,9137
up_proj,322,0,8,8678
act_fn,322,0,8,2116
down_proj,322,0,8,10080
final_layernorm,322,0,8,36052
lm_head,322,0,8,65276
embedding,323,0,8,11370
input_layernorm,323,0,8,35725
q_proj,323,0,8,4487
k_proj,323,0,8,4724
v_proj,323,0,8,4710
rope,323,0,8,15746
attn,323,0,8,7184
o_proj,323,0,8,3726
post_layernorm,323,0,8,35034
gate_proj,323,0,8,9125
up_proj,323,0,8,8614
act_fn,323,0,8,2104
down_proj,323,0,8,10263
final_layernorm,323,0,8,35792
lm_head,323,0,8,65208
embedding,324,0,8,11573
input_layernorm,324,0,8,35564
q_proj,324,0,8,4527
k_proj,324,0,8,4721
v_proj,324,0,8,4719
rope,324,0,8,15892
attn,324,0,8,7214
o_proj,324,0,8,3769
post_layernorm,324,0,8,34974
gate_proj,324,0,8,9120
up_proj,324,0,8,8660
act_fn,324,0,8,2115
down_proj,324,0,8,10358
final_layernorm,324,0,8,35600
lm_head,324,0,8,64883
embedding,325,0,8,11536
input_layernorm,325,0,8,35423
q_proj,325,0,8,4521
k_proj,325,0,8,4729
v_proj,325,0,8,4696
rope,325,0,8,15731
attn,325,0,8,7195
o_proj,325,0,8,3790
post_layernorm,325,0,8,34741
gate_proj,325,0,8,9094
up_proj,325,0,8,8624
act_fn,325,0,8,2106
down_proj,325,0,8,10081
final_layernorm,325,0,8,35697
lm_head,325,0,8,64838
embedding,326,0,8,11757
input_layernorm,326,0,8,35661
q_proj,326,0,8,4532
k_proj,326,0,8,4743
v_proj,326,0,8,4710
rope,326,0,8,15808
attn,326,0,8,7228
o_proj,326,0,8,3794
post_layernorm,326,0,8,34731
gate_proj,326,0,8,9101
up_proj,326,0,8,8637
act_fn,326,0,8,2111
down_proj,326,0,8,9843
final_layernorm,326,0,8,35953
lm_head,326,0,8,64925
embedding,327,0,8,11663
input_layernorm,327,0,8,36062
q_proj,327,0,8,4526
k_proj,327,0,8,4747
v_proj,327,0,8,4740
rope,327,0,8,15774
attn,327,0,8,7253
o_proj,327,0,8,3789
post_layernorm,327,0,8,35178
gate_proj,327,0,8,9133
up_proj,327,0,8,8642
act_fn,327,0,8,2129
down_proj,327,0,8,9975
final_layernorm,327,0,8,36133
lm_head,327,0,8,64972
embedding,328,0,8,11668
input_layernorm,328,0,8,35773
q_proj,328,0,8,4569
k_proj,328,0,8,4771
v_proj,328,0,8,4738
rope,328,0,8,15899
attn,328,0,8,7242
o_proj,328,0,8,3627
post_layernorm,328,0,8,34855
gate_proj,328,0,8,8941
up_proj,328,0,8,8499
act_fn,328,0,8,2133
down_proj,328,0,8,9855
final_layernorm,328,0,8,35735
lm_head,328,0,8,65129
embedding,329,0,8,11637
input_layernorm,329,0,8,35592
q_proj,329,0,8,4562
k_proj,329,0,8,4706
v_proj,329,0,8,4693
rope,329,0,8,15733
attn,329,0,8,7210
o_proj,329,0,8,3636
post_layernorm,329,0,8,34969
gate_proj,329,0,8,9117
up_proj,329,0,8,8639
act_fn,329,0,8,2133
down_proj,329,0,8,10001
final_layernorm,329,0,8,35886
lm_head,329,0,8,64884
embedding,330,0,8,11770
input_layernorm,330,0,8,35921
q_proj,330,0,8,4559
k_proj,330,0,8,4728
v_proj,330,0,8,4691
rope,330,0,8,15806
attn,330,0,8,7221
o_proj,330,0,8,3627
post_layernorm,330,0,8,34907
gate_proj,330,0,8,9148
up_proj,330,0,8,8635
act_fn,330,0,8,2120
down_proj,330,0,8,9723
final_layernorm,330,0,8,36133
lm_head,330,0,8,65140
embedding,331,0,8,11721
input_layernorm,331,0,8,35792
q_proj,331,0,8,4564
k_proj,331,0,8,4800
v_proj,331,0,8,4761
rope,331,0,8,15880
attn,331,0,8,7294
o_proj,331,0,8,3635
post_layernorm,331,0,8,35189
gate_proj,331,0,8,9183
up_proj,331,0,8,8688
act_fn,331,0,8,2138
down_proj,331,0,8,9563
final_layernorm,331,0,8,36165
lm_head,331,0,8,65292
embedding,332,0,8,11793
input_layernorm,332,0,8,35751
q_proj,332,0,8,4521
k_proj,332,0,8,4772
v_proj,332,0,8,4742
rope,332,0,8,15944
attn,332,0,8,7273
o_proj,332,0,8,3625
post_layernorm,332,0,8,35051
gate_proj,332,0,8,9141
up_proj,332,0,8,8627
act_fn,332,0,8,2136
down_proj,332,0,8,9781
final_layernorm,332,0,8,36164
lm_head,332,0,8,65064
embedding,333,0,8,11675
input_layernorm,333,0,8,36208
q_proj,333,0,8,4555
k_proj,333,0,8,4730
v_proj,333,0,8,4707
rope,333,0,8,15814
attn,333,0,8,7250
o_proj,333,0,8,3613
post_layernorm,333,0,8,35342
gate_proj,333,0,8,9120
up_proj,333,0,8,8637
act_fn,333,0,8,2131
down_proj,333,0,8,9616
final_layernorm,333,0,8,36471
lm_head,333,0,8,65234
embedding,334,0,8,11786
input_layernorm,334,0,8,35830
q_proj,334,0,8,4534
k_proj,334,0,8,4788
v_proj,334,0,8,4751
rope,334,0,8,15922
attn,334,0,8,7289
o_proj,334,0,8,3617
post_layernorm,334,0,8,35294
gate_proj,334,0,8,9163
up_proj,334,0,8,8638
act_fn,334,0,8,2146
down_proj,334,0,8,9446
final_layernorm,334,0,8,36353
lm_head,334,0,8,65323
embedding,335,0,8,11774
input_layernorm,335,0,8,35953
q_proj,335,0,8,4534
k_proj,335,0,8,4785
v_proj,335,0,8,4747
rope,335,0,8,15968
attn,335,0,8,7319
o_proj,335,0,8,3640
post_layernorm,335,0,8,35294
gate_proj,335,0,8,9134
up_proj,335,0,8,8640
act_fn,335,0,8,2129
down_proj,335,0,8,9478
final_layernorm,335,0,8,36195
lm_head,335,0,8,65420
embedding,336,0,8,11933
input_layernorm,336,0,8,36118
q_proj,336,0,8,4411
k_proj,336,0,8,4798
v_proj,336,0,8,4757
rope,336,0,8,16256
attn,336,0,8,7310
o_proj,336,0,8,3616
post_layernorm,336,0,8,35290
gate_proj,336,0,8,9217
up_proj,336,0,8,8706
act_fn,336,0,8,2171
down_proj,336,0,8,10224
final_layernorm,336,0,8,36119
lm_head,336,0,8,65489
embedding,337,0,8,11835
input_layernorm,337,0,8,35963
q_proj,337,0,8,4417
k_proj,337,0,8,4717
v_proj,337,0,8,4676
rope,337,0,8,16044
attn,337,0,8,7217
o_proj,337,0,8,3520
post_layernorm,337,0,8,35627
gate_proj,337,0,8,9085
up_proj,337,0,8,8712
act_fn,337,0,8,2112
down_proj,337,0,8,9265
final_layernorm,337,0,8,36385
lm_head,337,0,8,67107
embedding,338,0,8,11804
input_layernorm,338,0,8,36112
q_proj,338,0,8,4401
k_proj,338,0,8,4749
v_proj,338,0,8,4721
rope,338,0,8,16140
attn,338,0,8,7265
o_proj,338,0,8,3505
post_layernorm,338,0,8,35530
gate_proj,338,0,8,9051
up_proj,338,0,8,8865
act_fn,338,0,8,2131
down_proj,338,0,8,9316
final_layernorm,338,0,8,36537
lm_head,338,0,8,67400
embedding,339,0,8,11832
input_layernorm,339,0,8,35952
q_proj,339,0,8,4476
k_proj,339,0,8,4716
v_proj,339,0,8,4635
rope,339,0,8,16085
attn,339,0,8,7185
o_proj,339,0,8,3506
post_layernorm,339,0,8,35569
gate_proj,339,0,8,9124
up_proj,339,0,8,8719
act_fn,339,0,8,2121
down_proj,339,0,8,9332
final_layernorm,339,0,8,36525
lm_head,339,0,8,67078
embedding,340,0,8,11824
input_layernorm,340,0,8,36006
q_proj,340,0,8,4488
k_proj,340,0,8,4718
v_proj,340,0,8,4695
rope,340,0,8,16174
attn,340,0,8,7245
o_proj,340,0,8,3505
post_layernorm,340,0,8,35372
gate_proj,340,0,8,9052
up_proj,340,0,8,8780
act_fn,340,0,8,2113
down_proj,340,0,8,9239
final_layernorm,340,0,8,36633
lm_head,340,0,8,67122
embedding,341,0,8,11815
input_layernorm,341,0,8,36218
q_proj,341,0,8,4397
k_proj,341,0,8,4731
v_proj,341,0,8,4713
rope,341,0,8,16092
attn,341,0,8,7244
o_proj,341,0,8,3520
post_layernorm,341,0,8,35524
gate_proj,341,0,8,9117
up_proj,341,0,8,8742
act_fn,341,0,8,2131
down_proj,341,0,8,9277
final_layernorm,341,0,8,36326
lm_head,341,0,8,67281
embedding,342,0,8,11677
input_layernorm,342,0,8,36147
q_proj,342,0,8,4405
k_proj,342,0,8,4726
v_proj,342,0,8,4668
rope,342,0,8,16128
attn,342,0,8,7214
o_proj,342,0,8,3517
post_layernorm,342,0,8,35575
gate_proj,342,0,8,9026
up_proj,342,0,8,8776
act_fn,342,0,8,2149
down_proj,342,0,8,9269
final_layernorm,342,0,8,36603
lm_head,342,0,8,67105
embedding,343,0,8,11916
input_layernorm,343,0,8,36345
q_proj,343,0,8,4380
k_proj,343,0,8,4775
v_proj,343,0,8,4764
rope,343,0,8,16198
attn,343,0,8,7316
o_proj,343,0,8,3512
post_layernorm,343,0,8,35596
gate_proj,343,0,8,9094
up_proj,343,0,8,8785
act_fn,343,0,8,2162
down_proj,343,0,8,9221
final_layernorm,343,0,8,36609
lm_head,343,0,8,67617
embedding,344,0,8,11829
input_layernorm,344,0,8,36466
q_proj,344,0,8,4111
k_proj,344,0,8,4786
v_proj,344,0,8,4748
rope,344,0,8,16288
attn,344,0,8,7300
o_proj,344,0,8,3522
post_layernorm,344,0,8,35634
gate_proj,344,0,8,9060
up_proj,344,0,8,8806
act_fn,344,0,8,2178
down_proj,344,0,8,9169
final_layernorm,344,0,8,36516
lm_head,344,0,8,67510
embedding,345,0,8,11942
input_layernorm,345,0,8,36341
q_proj,345,0,8,4145
k_proj,345,0,8,4732
v_proj,345,0,8,4685
rope,345,0,8,16135
attn,345,0,8,7234
o_proj,345,0,8,3523
post_layernorm,345,0,8,35966
gate_proj,345,0,8,9027
up_proj,345,0,8,8602
act_fn,345,0,8,2170
down_proj,345,0,8,9246
final_layernorm,345,0,8,36641
lm_head,345,0,8,67151
embedding,346,0,8,11889
input_layernorm,346,0,8,36474
q_proj,346,0,8,4177
k_proj,346,0,8,4763
v_proj,346,0,8,4734
rope,346,0,8,16251
attn,346,0,8,7263
o_proj,346,0,8,3523
post_layernorm,346,0,8,35843
gate_proj,346,0,8,9051
up_proj,346,0,8,8767
act_fn,346,0,8,2159
down_proj,346,0,8,9237
final_layernorm,346,0,8,36796
lm_head,346,0,8,67463
embedding,347,0,8,11957
input_layernorm,347,0,8,36377
q_proj,347,0,8,4089
k_proj,347,0,8,4755
v_proj,347,0,8,4691
rope,347,0,8,16146
attn,347,0,8,7221
o_proj,347,0,8,3529
post_layernorm,347,0,8,35883
gate_proj,347,0,8,9035
up_proj,347,0,8,8764
act_fn,347,0,8,2173
down_proj,347,0,8,9226
final_layernorm,347,0,8,36789
lm_head,347,0,8,67140
embedding,348,0,8,11943
input_layernorm,348,0,8,36337
q_proj,348,0,8,4157
k_proj,348,0,8,4776
v_proj,348,0,8,4695
rope,348,0,8,16277
attn,348,0,8,7239
o_proj,348,0,8,3526
post_layernorm,348,0,8,35777
gate_proj,348,0,8,9037
up_proj,348,0,8,8809
act_fn,348,0,8,2168
down_proj,348,0,8,9304
final_layernorm,348,0,8,36811
lm_head,348,0,8,67583
embedding,349,0,8,12078
input_layernorm,349,0,8,36555
q_proj,349,0,8,4048
k_proj,349,0,8,4764
v_proj,349,0,8,4705
rope,349,0,8,16186
attn,349,0,8,7213
o_proj,349,0,8,3511
post_layernorm,349,0,8,35886
gate_proj,349,0,8,9030
up_proj,349,0,8,8779
act_fn,349,0,8,2169
down_proj,349,0,8,9195
final_layernorm,349,0,8,36747
lm_head,349,0,8,67531
embedding,350,0,8,12015
input_layernorm,350,0,8,36632
q_proj,350,0,8,4143
k_proj,350,0,8,4760
v_proj,350,0,8,4716
rope,350,0,8,16236
attn,350,0,8,7275
o_proj,350,0,8,3528
post_layernorm,350,0,8,35837
gate_proj,350,0,8,9074
up_proj,350,0,8,8766
act_fn,350,0,8,2177
down_proj,350,0,8,9217
final_layernorm,350,0,8,36885
lm_head,350,0,8,67388
embedding,351,0,8,12230
input_layernorm,351,0,8,36642
q_proj,351,0,8,4140
k_proj,351,0,8,4794
v_proj,351,0,8,4737
rope,351,0,8,16264
attn,351,0,8,7313
o_proj,351,0,8,3517
post_layernorm,351,0,8,35882
gate_proj,351,0,8,9107
up_proj,351,0,8,8801
act_fn,351,0,8,2183
down_proj,351,0,8,9211
final_layernorm,351,0,8,36687
lm_head,351,0,8,67583
embedding,352,0,8,12173
input_layernorm,352,0,8,36661
q_proj,352,0,8,4950
k_proj,352,0,8,4752
v_proj,352,0,8,4748
rope,352,0,8,16415
attn,352,0,8,7308
o_proj,352,0,8,3694
post_layernorm,352,0,8,35861
gate_proj,352,0,8,9141
up_proj,352,0,8,8785
act_fn,352,0,8,2178
down_proj,352,0,8,10749
final_layernorm,352,0,8,36664
lm_head,352,0,8,69997
embedding,353,0,8,12304
input_layernorm,353,0,8,36603
q_proj,353,0,8,5662
k_proj,353,0,8,4853
v_proj,353,0,8,4938
rope,353,0,8,16256
attn,353,0,8,7230
o_proj,353,0,8,4728
post_layernorm,353,0,8,36096
gate_proj,353,0,8,9070
up_proj,353,0,8,8561
act_fn,353,0,8,2183
down_proj,353,0,8,11704
final_layernorm,353,0,8,37091
lm_head,353,0,8,67426
embedding,354,0,8,12308
input_layernorm,354,0,8,36648
q_proj,354,0,8,5652
k_proj,354,0,8,4885
v_proj,354,0,8,4933
rope,354,0,8,16318
attn,354,0,8,7271
o_proj,354,0,8,4366
post_layernorm,354,0,8,36477
gate_proj,354,0,8,9086
up_proj,354,0,8,8846
act_fn,354,0,8,2188
down_proj,354,0,8,11620
final_layernorm,354,0,8,37197
lm_head,354,0,8,67667
embedding,355,0,8,12376
input_layernorm,355,0,8,36672
q_proj,355,0,8,5623
k_proj,355,0,8,4914
v_proj,355,0,8,4917
rope,355,0,8,16296
attn,355,0,8,7223
o_proj,355,0,8,4303
post_layernorm,355,0,8,36291
gate_proj,355,0,8,9108
up_proj,355,0,8,8803
act_fn,355,0,8,2181
down_proj,355,0,8,12360
final_layernorm,355,0,8,37188
lm_head,355,0,8,67541
embedding,356,0,8,12241
input_layernorm,356,0,8,36631
q_proj,356,0,8,5623
k_proj,356,0,8,4891
v_proj,356,0,8,4907
rope,356,0,8,16387
attn,356,0,8,7276
o_proj,356,0,8,4309
post_layernorm,356,0,8,36430
gate_proj,356,0,8,9123
up_proj,356,0,8,8816
act_fn,356,0,8,2187
down_proj,356,0,8,12053
final_layernorm,356,0,8,37272
lm_head,356,0,8,67749
embedding,357,0,8,12380
input_layernorm,357,0,8,36769
q_proj,357,0,8,5419
k_proj,357,0,8,4952
v_proj,357,0,8,4935
rope,357,0,8,16325
attn,357,0,8,7295
o_proj,357,0,8,4330
post_layernorm,357,0,8,36415
gate_proj,357,0,8,9121
up_proj,357,0,8,8838
act_fn,357,0,8,2200
down_proj,357,0,8,11475
final_layernorm,357,0,8,37067
lm_head,357,0,8,67704
embedding,358,0,8,12461
input_layernorm,358,0,8,37044
q_proj,358,0,8,5552
k_proj,358,0,8,4922
v_proj,358,0,8,4953
rope,358,0,8,16433
attn,358,0,8,7344
o_proj,358,0,8,4359
post_layernorm,358,0,8,36549
gate_proj,358,0,8,9161
up_proj,358,0,8,8823
act_fn,358,0,8,2206
down_proj,358,0,8,12069
final_layernorm,358,0,8,37605
lm_head,358,0,8,67959
embedding,359,0,8,12698
input_layernorm,359,0,8,36831
q_proj,359,0,8,5574
k_proj,359,0,8,4839
v_proj,359,0,8,4912
rope,359,0,8,16272
attn,359,0,8,7290
o_proj,359,0,8,4332
post_layernorm,359,0,8,36124
gate_proj,359,0,8,9215
up_proj,359,0,8,8816
act_fn,359,0,8,2185
down_proj,359,0,8,12221
final_layernorm,359,0,8,37109
lm_head,359,0,8,67871
embedding,360,0,8,12522
input_layernorm,360,0,8,36835
q_proj,360,0,8,4609
k_proj,360,0,8,4916
v_proj,360,0,8,4967
rope,360,0,8,16263
attn,360,0,8,7328
o_proj,360,0,8,3887
post_layernorm,360,0,8,36252
gate_proj,360,0,8,9244
up_proj,360,0,8,8814
act_fn,360,0,8,2184
down_proj,360,0,8,11137
final_layernorm,360,0,8,37029
lm_head,360,0,8,67858
embedding,361,0,8,12485
input_layernorm,361,0,8,36883
q_proj,361,0,8,4803
k_proj,361,0,8,4777
v_proj,361,0,8,4726
rope,361,0,8,16348
attn,361,0,8,7330
o_proj,361,0,8,4563
post_layernorm,361,0,8,36522
gate_proj,361,0,8,9233
up_proj,361,0,8,8836
act_fn,361,0,8,2203
down_proj,361,0,8,12334
final_layernorm,361,0,8,37404
lm_head,361,0,8,68368
embedding,362,0,8,12588
input_layernorm,362,0,8,36861
q_proj,362,0,8,4747
k_proj,362,0,8,4760
v_proj,362,0,8,4726
rope,362,0,8,16301
attn,362,0,8,7287
o_proj,362,0,8,4625
post_layernorm,362,0,8,36242
gate_proj,362,0,8,9214
up_proj,362,0,8,8825
act_fn,362,0,8,2183
down_proj,362,0,8,10959
final_layernorm,362,0,8,37579
lm_head,362,0,8,68277
embedding,363,0,8,12669
input_layernorm,363,0,8,36878
q_proj,363,0,8,4719
k_proj,363,0,8,4731
v_proj,363,0,8,4676
rope,363,0,8,16259
attn,363,0,8,7254
o_proj,363,0,8,4192
post_layernorm,363,0,8,36537
gate_proj,363,0,8,9210
up_proj,363,0,8,8803
act_fn,363,0,8,2186
down_proj,363,0,8,11194
final_layernorm,363,0,8,37453
lm_head,363,0,8,68247
embedding,364,0,8,12615
input_layernorm,364,0,8,36753
q_proj,364,0,8,4674
k_proj,364,0,8,4703
v_proj,364,0,8,4714
rope,364,0,8,16332
attn,364,0,8,7242
o_proj,364,0,8,4173
post_layernorm,364,0,8,36229
gate_proj,364,0,8,9191
up_proj,364,0,8,8848
act_fn,364,0,8,2193
down_proj,364,0,8,12025
final_layernorm,364,0,8,37574
lm_head,364,0,8,68212
embedding,365,0,8,12688
input_layernorm,365,0,8,36872
q_proj,365,0,8,4645
k_proj,365,0,8,4769
v_proj,365,0,8,4729
rope,365,0,8,16279
attn,365,0,8,7286
o_proj,365,0,8,4319
post_layernorm,365,0,8,36356
gate_proj,365,0,8,9251
up_proj,365,0,8,8779
act_fn,365,0,8,2191
down_proj,365,0,8,11567
final_layernorm,365,0,8,37277
lm_head,365,0,8,68391
embedding,366,0,8,12706
input_layernorm,366,0,8,37431
q_proj,366,0,8,4686
k_proj,366,0,8,4751
v_proj,366,0,8,4716
rope,366,0,8,16342
attn,366,0,8,7287
o_proj,366,0,8,4302
post_layernorm,366,0,8,37390
gate_proj,366,0,8,9240
up_proj,366,0,8,8814
act_fn,366,0,8,2198
down_proj,366,0,8,11117
final_layernorm,366,0,8,38268
lm_head,366,0,8,68355
embedding,367,0,8,12680
input_layernorm,367,0,8,37156
q_proj,367,0,8,4592
k_proj,367,0,8,4795
v_proj,367,0,8,4710
rope,367,0,8,16379
attn,367,0,8,7313
o_proj,367,0,8,4076
post_layernorm,367,0,8,36305
gate_proj,367,0,8,9282
up_proj,367,0,8,8847
act_fn,367,0,8,2186
down_proj,367,0,8,10794
final_layernorm,367,0,8,37506
lm_head,367,0,8,68529
embedding,368,0,8,12607
input_layernorm,368,0,8,37091
q_proj,368,0,8,4367
k_proj,368,0,8,4663
v_proj,368,0,8,4611
rope,368,0,8,16428
attn,368,0,8,7235
o_proj,368,0,8,3660
post_layernorm,368,0,8,36421
gate_proj,368,0,8,9234
up_proj,368,0,8,8826
act_fn,368,0,8,2213
down_proj,368,0,8,9819
final_layernorm,368,0,8,37152
lm_head,368,0,8,70470
embedding,369,0,8,12603
input_layernorm,369,0,8,37202
q_proj,369,0,8,4431
k_proj,369,0,8,4745
v_proj,369,0,8,4697
rope,369,0,8,16330
attn,369,0,8,7253
o_proj,369,0,8,4060
post_layernorm,369,0,8,36566
gate_proj,369,0,8,9240
up_proj,369,0,8,8853
act_fn,369,0,8,2192
down_proj,369,0,8,10886
final_layernorm,369,0,8,37815
lm_head,369,0,8,70508
embedding,370,0,8,12668
input_layernorm,370,0,8,37216
q_proj,370,0,8,4494
k_proj,370,0,8,4768
v_proj,370,0,8,4740
rope,370,0,8,16375
attn,370,0,8,7293
o_proj,370,0,8,4081
post_layernorm,370,0,8,36878
gate_proj,370,0,8,9225
up_proj,370,0,8,8818
act_fn,370,0,8,2203
down_proj,370,0,8,11324
final_layernorm,370,0,8,37649
lm_head,370,0,8,70708
embedding,371,0,8,12608
input_layernorm,371,0,8,37307
q_proj,371,0,8,4445
k_proj,371,0,8,4747
v_proj,371,0,8,4685
rope,371,0,8,16307
attn,371,0,8,7241
o_proj,371,0,8,4467
post_layernorm,371,0,8,36957
gate_proj,371,0,8,9231
up_proj,371,0,8,8827
act_fn,371,0,8,2198
down_proj,371,0,8,10672
final_layernorm,371,0,8,37710
lm_head,371,0,8,70580
embedding,372,0,8,12679
input_layernorm,372,0,8,37448
q_proj,372,0,8,4304
k_proj,372,0,8,4745
v_proj,372,0,8,4684
rope,372,0,8,16436
attn,372,0,8,7261
o_proj,372,0,8,4544
post_layernorm,372,0,8,36993
gate_proj,372,0,8,9246
up_proj,372,0,8,8830
act_fn,372,0,8,2183
down_proj,372,0,8,10543
final_layernorm,372,0,8,37731
lm_head,372,0,8,70624
embedding,373,0,8,12625
input_layernorm,373,0,8,37579
q_proj,373,0,8,4357
k_proj,373,0,8,4780
v_proj,373,0,8,4707
rope,373,0,8,16393
attn,373,0,8,7295
o_proj,373,0,8,4127
post_layernorm,373,0,8,36864
gate_proj,373,0,8,9257
up_proj,373,0,8,8887
act_fn,373,0,8,2207
down_proj,373,0,8,11639
final_layernorm,373,0,8,37799
lm_head,373,0,8,70737
embedding,374,0,8,12744
input_layernorm,374,0,8,37380
q_proj,374,0,8,4244
k_proj,374,0,8,4750
v_proj,374,0,8,4698
rope,374,0,8,16374
attn,374,0,8,7237
o_proj,374,0,8,4106
post_layernorm,374,0,8,36905
gate_proj,374,0,8,9240
up_proj,374,0,8,8860
act_fn,374,0,8,2195
down_proj,374,0,8,10494
final_layernorm,374,0,8,37689
lm_head,374,0,8,70619
embedding,375,0,8,12614
input_layernorm,375,0,8,37589
q_proj,375,0,8,4208
k_proj,375,0,8,4759
v_proj,375,0,8,4732
rope,375,0,8,16379
attn,375,0,8,7288
o_proj,375,0,8,4119
post_layernorm,375,0,8,36784
gate_proj,375,0,8,9257
up_proj,375,0,8,8904
act_fn,375,0,8,2207
down_proj,375,0,8,10877
final_layernorm,375,0,8,37918
lm_head,375,0,8,70707
embedding,376,0,8,12730
input_layernorm,376,0,8,37629
q_proj,376,0,8,4176
k_proj,376,0,8,4684
v_proj,376,0,8,4619
rope,376,0,8,16508
attn,376,0,8,7287
o_proj,376,0,8,3632
post_layernorm,376,0,8,37064
gate_proj,376,0,8,9268
up_proj,376,0,8,8818
act_fn,376,0,8,2220
down_proj,376,0,8,9458
final_layernorm,376,0,8,37572
lm_head,376,0,8,70742
embedding,377,0,8,12654
input_layernorm,377,0,8,37528
q_proj,377,0,8,4200
k_proj,377,0,8,4755
v_proj,377,0,8,4719
rope,377,0,8,16391
attn,377,0,8,7292
o_proj,377,0,8,4308
post_layernorm,377,0,8,37100
gate_proj,377,0,8,9293
up_proj,377,0,8,8841
act_fn,377,0,8,2213
down_proj,377,0,8,10567
final_layernorm,377,0,8,37914
lm_head,377,0,8,70739
embedding,378,0,8,12666
input_layernorm,378,0,8,37778
q_proj,378,0,8,4256
k_proj,378,0,8,4766
v_proj,378,0,8,4707
rope,378,0,8,16410
attn,378,0,8,7265
o_proj,378,0,8,4363
post_layernorm,378,0,8,37234
gate_proj,378,0,8,9289
up_proj,378,0,8,8883
act_fn,378,0,8,2220
down_proj,378,0,8,10455
final_layernorm,378,0,8,37909
lm_head,378,0,8,70835
embedding,379,0,8,12677
input_layernorm,379,0,8,37735
q_proj,379,0,8,4147
k_proj,379,0,8,4770
v_proj,379,0,8,4710
rope,379,0,8,16426
attn,379,0,8,7306
o_proj,379,0,8,4194
post_layernorm,379,0,8,37410
gate_proj,379,0,8,9285
up_proj,379,0,8,8904
act_fn,379,0,8,2207
down_proj,379,0,8,10768
final_layernorm,379,0,8,38173
lm_head,379,0,8,70917
embedding,380,0,8,12642
input_layernorm,380,0,8,37615
q_proj,380,0,8,4204
k_proj,380,0,8,4775
v_proj,380,0,8,4727
rope,380,0,8,16468
attn,380,0,8,7284
o_proj,380,0,8,4194
post_layernorm,380,0,8,37301
gate_proj,380,0,8,9274
up_proj,380,0,8,8878
act_fn,380,0,8,2225
down_proj,380,0,8,10318
final_layernorm,380,0,8,37906
lm_head,380,0,8,70936
embedding,381,0,8,12842
input_layernorm,381,0,8,37767
q_proj,381,0,8,4183
k_proj,381,0,8,4761
v_proj,381,0,8,4712
rope,381,0,8,16425
attn,381,0,8,7262
o_proj,381,0,8,4153
post_layernorm,381,0,8,37369
gate_proj,381,0,8,9289
up_proj,381,0,8,8896
act_fn,381,0,8,2231
down_proj,381,0,8,10365
final_layernorm,381,0,8,38009
lm_head,381,0,8,70910
embedding,382,0,8,12913
input_layernorm,382,0,8,37984
q_proj,382,0,8,4354
k_proj,382,0,8,4758
v_proj,382,0,8,4712
rope,382,0,8,16440
attn,382,0,8,7288
o_proj,382,0,8,4139
post_layernorm,382,0,8,37430
gate_proj,382,0,8,9282
up_proj,382,0,8,8875
act_fn,382,0,8,2227
down_proj,382,0,8,10654
final_layernorm,382,0,8,38050
lm_head,382,0,8,70969
embedding,383,0,8,12817
input_layernorm,383,0,8,37967
q_proj,383,0,8,4139
k_proj,383,0,8,4748
v_proj,383,0,8,4709
rope,383,0,8,16389
attn,383,0,8,7264
o_proj,383,0,8,4183
post_layernorm,383,0,8,37256
gate_proj,383,0,8,9286
up_proj,383,0,8,8868
act_fn,383,0,8,2244
down_proj,383,0,8,10535
final_layernorm,383,0,8,37988
lm_head,383,0,8,70877
embedding,384,0,8,13113
input_layernorm,384,0,8,37903
q_proj,384,0,8,4150
k_proj,384,0,8,4686
v_proj,384,0,8,4663
rope,384,0,8,16572
attn,384,0,8,7037
o_proj,384,0,8,3660
post_layernorm,384,0,8,36957
gate_proj,384,0,8,9127
up_proj,384,0,8,8900
act_fn,384,0,8,2231
down_proj,384,0,8,10693
final_layernorm,384,0,8,37621
lm_head,384,0,8,70883
embedding,385,0,8,13017
input_layernorm,385,0,8,37973
q_proj,385,0,8,5189
k_proj,385,0,8,4934
v_proj,385,0,8,4964
rope,385,0,8,16453
attn,385,0,8,7401
o_proj,385,0,8,4255
post_layernorm,385,0,8,37800
gate_proj,385,0,8,9617
up_proj,385,0,8,9617
act_fn,385,0,8,2240
down_proj,385,0,8,11494
final_layernorm,385,0,8,38501
lm_head,385,0,8,73872
embedding,386,0,8,13136
input_layernorm,386,0,8,38714
q_proj,386,0,8,5142
k_proj,386,0,8,4987
v_proj,386,0,8,4997
rope,386,0,8,16574
attn,386,0,8,7480
o_proj,386,0,8,4275
post_layernorm,386,0,8,37884
gate_proj,386,0,8,9702
up_proj,386,0,8,9731
act_fn,386,0,8,2243
down_proj,386,0,8,11011
final_layernorm,386,0,8,38691
lm_head,386,0,8,74166
embedding,387,0,8,12909
input_layernorm,387,0,8,38571
q_proj,387,0,8,5203
k_proj,387,0,8,4987
v_proj,387,0,8,5001
rope,387,0,8,16462
attn,387,0,8,7363
o_proj,387,0,8,4168
post_layernorm,387,0,8,37757
gate_proj,387,0,8,9628
up_proj,387,0,8,9635
act_fn,387,0,8,2233
down_proj,387,0,8,11254
final_layernorm,387,0,8,38386
lm_head,387,0,8,73706
embedding,388,0,8,13354
input_layernorm,388,0,8,38576
q_proj,388,0,8,5161
k_proj,388,0,8,4948
v_proj,388,0,8,4987
rope,388,0,8,16554
attn,388,0,8,7407
o_proj,388,0,8,4185
post_layernorm,388,0,8,37824
gate_proj,388,0,8,9669
up_proj,388,0,8,9618
act_fn,388,0,8,2234
down_proj,388,0,8,11046
final_layernorm,388,0,8,38492
lm_head,388,0,8,73961
embedding,389,0,8,13213
input_layernorm,389,0,8,38694
q_proj,389,0,8,5109
k_proj,389,0,8,4944
v_proj,389,0,8,4964
rope,389,0,8,16516
attn,389,0,8,7422
o_proj,389,0,8,4244
post_layernorm,389,0,8,37935
gate_proj,389,0,8,9658
up_proj,389,0,8,9677
act_fn,389,0,8,2239
down_proj,389,0,8,11165
final_layernorm,389,0,8,38561
lm_head,389,0,8,74071
embedding,390,0,8,13225
input_layernorm,390,0,8,38549
q_proj,390,0,8,5132
k_proj,390,0,8,4942
v_proj,390,0,8,4967
rope,390,0,8,16499
attn,390,0,8,7401
o_proj,390,0,8,4119
post_layernorm,390,0,8,37718
gate_proj,390,0,8,9689
up_proj,390,0,8,9638
act_fn,390,0,8,2243
down_proj,390,0,8,10733
final_layernorm,390,0,8,38499
lm_head,390,0,8,73996
embedding,391,0,8,13259
input_layernorm,391,0,8,38770
q_proj,391,0,8,5171
k_proj,391,0,8,4907
v_proj,391,0,8,4953
rope,391,0,8,16446
attn,391,0,8,7360
o_proj,391,0,8,4105
post_layernorm,391,0,8,37878
gate_proj,391,0,8,9619
up_proj,391,0,8,9601
act_fn,391,0,8,2250
down_proj,391,0,8,10827
final_layernorm,391,0,8,38633
lm_head,391,0,8,73698
embedding,392,0,8,13293
input_layernorm,392,0,8,38613
q_proj,392,0,8,5110
k_proj,392,0,8,4943
v_proj,392,0,8,4960
rope,392,0,8,16587
attn,392,0,8,7403
o_proj,392,0,8,4026
post_layernorm,392,0,8,37775
gate_proj,392,0,8,9654
up_proj,392,0,8,9610
act_fn,392,0,8,2238
down_proj,392,0,8,10785
final_layernorm,392,0,8,38455
lm_head,392,0,8,74063
embedding,393,0,8,13482
input_layernorm,393,0,8,38607
q_proj,393,0,8,5093
k_proj,393,0,8,4969
v_proj,393,0,8,4989
rope,393,0,8,16542
attn,393,0,8,7423
o_proj,393,0,8,4009
post_layernorm,393,0,8,37954
gate_proj,393,0,8,9691
up_proj,393,0,8,9642
act_fn,393,0,8,2263
down_proj,393,0,8,10385
final_layernorm,393,0,8,38537
lm_head,393,0,8,74187
embedding,394,0,8,13426
input_layernorm,394,0,8,38862
q_proj,394,0,8,5017
k_proj,394,0,8,4931
v_proj,394,0,8,4912
rope,394,0,8,16554
attn,394,0,8,7410
o_proj,394,0,8,4038
post_layernorm,394,0,8,37866
gate_proj,394,0,8,9694
up_proj,394,0,8,9622
act_fn,394,0,8,2270
down_proj,394,0,8,10255
final_layernorm,394,0,8,38499
lm_head,394,0,8,74283
embedding,395,0,8,13456
input_layernorm,395,0,8,38864
q_proj,395,0,8,5000
k_proj,395,0,8,4988
v_proj,395,0,8,5017
rope,395,0,8,16457
attn,395,0,8,7385
o_proj,395,0,8,3989
post_layernorm,395,0,8,37925
gate_proj,395,0,8,9622
up_proj,395,0,8,9619
act_fn,395,0,8,2262
down_proj,395,0,8,10539
final_layernorm,395,0,8,38550
lm_head,395,0,8,74074
embedding,396,0,8,13364
input_layernorm,396,0,8,38861
q_proj,396,0,8,5029
k_proj,396,0,8,4997
v_proj,396,0,8,5005
rope,396,0,8,16550
attn,396,0,8,7395
o_proj,396,0,8,3983
post_layernorm,396,0,8,38068
gate_proj,396,0,8,9652
up_proj,396,0,8,9616
act_fn,396,0,8,2251
down_proj,396,0,8,10531
final_layernorm,396,0,8,38625
lm_head,396,0,8,74139
embedding,397,0,8,13509
input_layernorm,397,0,8,40421
q_proj,397,0,8,4958
k_proj,397,0,8,4899
v_proj,397,0,8,4916
rope,397,0,8,16500
attn,397,0,8,7365
o_proj,397,0,8,3945
post_layernorm,397,0,8,40739
gate_proj,397,0,8,9633
up_proj,397,0,8,9564
act_fn,397,0,8,2262
down_proj,397,0,8,10385
final_layernorm,397,0,8,41331
lm_head,397,0,8,73998
embedding,398,0,8,13542
input_layernorm,398,0,8,40998
q_proj,398,0,8,4966
k_proj,398,0,8,4964
v_proj,398,0,8,5001
rope,398,0,8,16599
attn,398,0,8,7422
o_proj,398,0,8,3966
post_layernorm,398,0,8,40923
gate_proj,398,0,8,9661
up_proj,398,0,8,9651
act_fn,398,0,8,2275
down_proj,398,0,8,10064
final_layernorm,398,0,8,41627
lm_head,398,0,8,74204
embedding,399,0,8,13557
input_layernorm,399,0,8,41216
q_proj,399,0,8,5027
k_proj,399,0,8,5028
v_proj,399,0,8,5075
rope,399,0,8,16641
attn,399,0,8,7417
o_proj,399,0,8,3899
post_layernorm,399,0,8,41292
gate_proj,399,0,8,9746
up_proj,399,0,8,9722
act_fn,399,0,8,2264
down_proj,399,0,8,10091
final_layernorm,399,0,8,41825
lm_head,399,0,8,74546
embedding,400,0,8,13544
input_layernorm,400,0,8,40672
q_proj,400,0,8,4922
k_proj,400,0,8,4771
v_proj,400,0,8,4730
rope,400,0,8,16645
attn,400,0,8,7360
o_proj,400,0,8,3883
post_layernorm,400,0,8,41052
gate_proj,400,0,8,9881
up_proj,400,0,8,9913
act_fn,400,0,8,2268
down_proj,400,0,8,11652
final_layernorm,400,0,8,41581
lm_head,400,0,8,74926
embedding,401,0,8,13529
input_layernorm,401,0,8,41089
q_proj,401,0,8,4843
k_proj,401,0,8,4720
v_proj,401,0,8,4686
rope,401,0,8,16575
attn,401,0,8,7351
o_proj,401,0,8,3941
post_layernorm,401,0,8,41238
gate_proj,401,0,8,9857
up_proj,401,0,8,9869
act_fn,401,0,8,2274
down_proj,401,0,8,10071
final_layernorm,401,0,8,41910
lm_head,401,0,8,74167
embedding,402,0,8,13467
input_layernorm,402,0,8,41301
q_proj,402,0,8,4855
k_proj,402,0,8,4797
v_proj,402,0,8,4713
rope,402,0,8,16678
attn,402,0,8,7349
o_proj,402,0,8,3859
post_layernorm,402,0,8,41470
gate_proj,402,0,8,9875
up_proj,402,0,8,9950
act_fn,402,0,8,2280
down_proj,402,0,8,10361
final_layernorm,402,0,8,42105
lm_head,402,0,8,74429
embedding,403,0,8,13359
input_layernorm,403,0,8,41239
q_proj,403,0,8,4755
k_proj,403,0,8,4708
v_proj,403,0,8,4687
rope,403,0,8,16697
attn,403,0,8,7335
o_proj,403,0,8,3852
post_layernorm,403,0,8,41439
gate_proj,403,0,8,9821
up_proj,403,0,8,9917
act_fn,403,0,8,2282
down_proj,403,0,8,10163
final_layernorm,403,0,8,42088
lm_head,403,0,8,74198
embedding,404,0,8,13579
input_layernorm,404,0,8,41413
q_proj,404,0,8,4799
k_proj,404,0,8,4755
v_proj,404,0,8,4690
rope,404,0,8,16764
attn,404,0,8,7358
o_proj,404,0,8,3864
post_layernorm,404,0,8,41722
gate_proj,404,0,8,9875
up_proj,404,0,8,9938
act_fn,404,0,8,2283
down_proj,404,0,8,10128
final_layernorm,404,0,8,42263
lm_head,404,0,8,74509
embedding,405,0,8,13466
input_layernorm,405,0,8,41344
q_proj,405,0,8,4776
k_proj,405,0,8,4777
v_proj,405,0,8,4739
rope,405,0,8,16861
attn,405,0,8,7454
o_proj,405,0,8,3932
post_layernorm,405,0,8,41796
gate_proj,405,0,8,9953
up_proj,405,0,8,10051
act_fn,405,0,8,2290
down_proj,405,0,8,9961
final_layernorm,405,0,8,42350
lm_head,405,0,8,74702
embedding,406,0,8,13515
input_layernorm,406,0,8,41022
q_proj,406,0,8,4772
k_proj,406,0,8,4788
v_proj,406,0,8,4700
rope,406,0,8,16746
attn,406,0,8,7394
o_proj,406,0,8,3992
post_layernorm,406,0,8,41457
gate_proj,406,0,8,9926
up_proj,406,0,8,10012
act_fn,406,0,8,2274
down_proj,406,0,8,9934
final_layernorm,406,0,8,42346
lm_head,406,0,8,74466
embedding,407,0,8,13566
input_layernorm,407,0,8,41127
q_proj,407,0,8,4610
k_proj,407,0,8,4721
v_proj,407,0,8,4678
rope,407,0,8,16725
attn,407,0,8,7410
o_proj,407,0,8,3907
post_layernorm,407,0,8,41587
gate_proj,407,0,8,9884
up_proj,407,0,8,9937
act_fn,407,0,8,2288
down_proj,407,0,8,9951
final_layernorm,407,0,8,42130
lm_head,407,0,8,74460
embedding,408,0,8,13541
input_layernorm,408,0,8,41283
q_proj,408,0,8,4686
k_proj,408,0,8,4768
v_proj,408,0,8,4718
rope,408,0,8,16841
attn,408,0,8,7409
o_proj,408,0,8,3901
post_layernorm,408,0,8,41489
gate_proj,408,0,8,9904
up_proj,408,0,8,9977
act_fn,408,0,8,2314
down_proj,408,0,8,10053
final_layernorm,408,0,8,42074
lm_head,408,0,8,74587
embedding,409,0,8,13554
input_layernorm,409,0,8,41096
q_proj,409,0,8,4729
k_proj,409,0,8,4718
v_proj,409,0,8,4656
rope,409,0,8,16791
attn,409,0,8,7355
o_proj,409,0,8,3856
post_layernorm,409,0,8,41680
gate_proj,409,0,8,9889
up_proj,409,0,8,9902
act_fn,409,0,8,2291
down_proj,409,0,8,10007
final_layernorm,409,0,8,42104
lm_head,409,0,8,74970
embedding,410,0,8,13707
input_layernorm,410,0,8,41022
q_proj,410,0,8,4738
k_proj,410,0,8,4806
v_proj,410,0,8,4710
rope,410,0,8,16863
attn,410,0,8,7431
o_proj,410,0,8,3881
post_layernorm,410,0,8,41918
gate_proj,410,0,8,9955
up_proj,410,0,8,10042
act_fn,410,0,8,2300
down_proj,410,0,8,9939
final_layernorm,410,0,8,42483
lm_head,410,0,8,75294
embedding,411,0,8,13632
input_layernorm,411,0,8,41293
q_proj,411,0,8,4685
k_proj,411,0,8,4811
v_proj,411,0,8,4731
rope,411,0,8,16860
attn,411,0,8,7475
o_proj,411,0,8,3868
post_layernorm,411,0,8,42099
gate_proj,411,0,8,9960
up_proj,411,0,8,10034
act_fn,411,0,8,2328
down_proj,411,0,8,9936
final_layernorm,411,0,8,42463
lm_head,411,0,8,75365
embedding,412,0,8,13642
input_layernorm,412,0,8,41647
q_proj,412,0,8,4585
k_proj,412,0,8,4772
v_proj,412,0,8,4689
rope,412,0,8,16869
attn,412,0,8,7404
o_proj,412,0,8,3859
post_layernorm,412,0,8,42048
gate_proj,412,0,8,9925
up_proj,412,0,8,10007
act_fn,412,0,8,2310
down_proj,412,0,8,9848
final_layernorm,412,0,8,42550
lm_head,412,0,8,75203
embedding,413,0,8,13537
input_layernorm,413,0,8,41615
q_proj,413,0,8,4582
k_proj,413,0,8,4753
v_proj,413,0,8,4663
rope,413,0,8,16795
attn,413,0,8,7347
o_proj,413,0,8,3867
post_layernorm,413,0,8,42015
gate_proj,413,0,8,9940
up_proj,413,0,8,9948
act_fn,413,0,8,2335
down_proj,413,0,8,9931
final_layernorm,413,0,8,42404
lm_head,413,0,8,75060
embedding,414,0,8,13744
input_layernorm,414,0,8,41371
q_proj,414,0,8,4374
k_proj,414,0,8,4796
v_proj,414,0,8,4717
rope,414,0,8,16992
attn,414,0,8,7434
o_proj,414,0,8,3921
post_layernorm,414,0,8,42113
gate_proj,414,0,8,9959
up_proj,414,0,8,9997
act_fn,414,0,8,2332
down_proj,414,0,8,9911
final_layernorm,414,0,8,42685
lm_head,414,0,8,75394
embedding,415,0,8,13668
input_layernorm,415,0,8,41649
q_proj,415,0,8,4354
k_proj,415,0,8,4825
v_proj,415,0,8,4725
rope,415,0,8,16906
attn,415,0,8,7426
o_proj,415,0,8,3880
post_layernorm,415,0,8,41984
gate_proj,415,0,8,9963
up_proj,415,0,8,10025
act_fn,415,0,8,2323
down_proj,415,0,8,9917
final_layernorm,415,0,8,42496
lm_head,415,0,8,75417
embedding,416,0,8,13874
input_layernorm,416,0,8,41365
q_proj,416,0,8,5360
k_proj,416,0,8,4762
v_proj,416,0,8,4691
rope,416,0,8,16901
attn,416,0,8,7446
o_proj,416,0,8,4081
post_layernorm,416,0,8,41600
gate_proj,416,0,8,10889
up_proj,416,0,8,10652
act_fn,416,0,8,2322
down_proj,416,0,8,12967
final_layernorm,416,0,8,42206
lm_head,416,0,8,79936
embedding,417,0,8,13975
input_layernorm,417,0,8,41686
q_proj,417,0,8,5400
k_proj,417,0,8,5280
v_proj,417,0,8,5303
rope,417,0,8,16999
attn,417,0,8,7475
o_proj,417,0,8,4250
post_layernorm,417,0,8,42084
gate_proj,417,0,8,10423
up_proj,417,0,8,10537
act_fn,417,0,8,2340
down_proj,417,0,8,11902
final_layernorm,417,0,8,42764
lm_head,417,0,8,77600
embedding,418,0,8,13861
input_layernorm,418,0,8,41340
q_proj,418,0,8,5351
k_proj,418,0,8,5247
v_proj,418,0,8,5259
rope,418,0,8,16905
attn,418,0,8,7416
o_proj,418,0,8,4225
post_layernorm,418,0,8,42091
gate_proj,418,0,8,10390
up_proj,418,0,8,10493
act_fn,418,0,8,2337
down_proj,418,0,8,11513
final_layernorm,418,0,8,42720
lm_head,418,0,8,77393
embedding,419,0,8,13836
input_layernorm,419,0,8,41723
q_proj,419,0,8,5395
k_proj,419,0,8,5417
v_proj,419,0,8,5474
rope,419,0,8,17003
attn,419,0,8,7469
o_proj,419,0,8,4404
post_layernorm,419,0,8,42228
gate_proj,419,0,8,10436
up_proj,419,0,8,10492
act_fn,419,0,8,2337
down_proj,419,0,8,11783
final_layernorm,419,0,8,42878
lm_head,419,0,8,77762
embedding,420,0,8,14149
input_layernorm,420,0,8,41840
q_proj,420,0,8,5385
k_proj,420,0,8,5184
v_proj,420,0,8,5232
rope,420,0,8,17047
attn,420,0,8,7474
o_proj,420,0,8,4398
post_layernorm,420,0,8,42283
gate_proj,420,0,8,10425
up_proj,420,0,8,10566
act_fn,420,0,8,2355
down_proj,420,0,8,11556
final_layernorm,420,0,8,42741
lm_head,420,0,8,77631
embedding,421,0,8,13981
input_layernorm,421,0,8,41790
q_proj,421,0,8,5337
k_proj,421,0,8,5244
v_proj,421,0,8,5295
rope,421,0,8,16772
attn,421,0,8,7387
o_proj,421,0,8,4135
post_layernorm,421,0,8,41967
gate_proj,421,0,8,10384
up_proj,421,0,8,10458
act_fn,421,0,8,2340
down_proj,421,0,8,11958
final_layernorm,421,0,8,42607
lm_head,421,0,8,77236
embedding,422,0,8,14100
input_layernorm,422,0,8,41603
q_proj,422,0,8,5415
k_proj,422,0,8,5171
v_proj,422,0,8,5214
rope,422,0,8,17055
attn,422,0,8,7454
o_proj,422,0,8,4240
post_layernorm,422,0,8,42335
gate_proj,422,0,8,10398
up_proj,422,0,8,10555
act_fn,422,0,8,2353
down_proj,422,0,8,11569
final_layernorm,422,0,8,43042
lm_head,422,0,8,77701
embedding,423,0,8,14010
input_layernorm,423,0,8,41587
q_proj,423,0,8,5400
k_proj,423,0,8,5277
v_proj,423,0,8,5315
rope,423,0,8,17046
attn,423,0,8,7449
o_proj,423,0,8,4171
post_layernorm,423,0,8,42287
gate_proj,423,0,8,10404
up_proj,423,0,8,10500
act_fn,423,0,8,2361
down_proj,423,0,8,11080
final_layernorm,423,0,8,42695
lm_head,423,0,8,77729
embedding,424,0,8,14207
input_layernorm,424,0,8,41656
q_proj,424,0,8,5405
k_proj,424,0,8,5391
v_proj,424,0,8,5432
rope,424,0,8,17179
attn,424,0,8,7524
o_proj,424,0,8,4032
post_layernorm,424,0,8,42039
gate_proj,424,0,8,10447
up_proj,424,0,8,10644
act_fn,424,0,8,2371
down_proj,424,0,8,11124
final_layernorm,424,0,8,42560
lm_head,424,0,8,77995
embedding,425,0,8,14109
input_layernorm,425,0,8,41627
q_proj,425,0,8,5419
k_proj,425,0,8,5351
v_proj,425,0,8,5417
rope,425,0,8,16856
attn,425,0,8,7414
o_proj,425,0,8,4129
post_layernorm,425,0,8,42243
gate_proj,425,0,8,10400
up_proj,425,0,8,10518
act_fn,425,0,8,2362
down_proj,425,0,8,11075
final_layernorm,425,0,8,42845
lm_head,425,0,8,77487
embedding,426,0,8,14088
input_layernorm,426,0,8,41585
q_proj,426,0,8,5382
k_proj,426,0,8,5363
v_proj,426,0,8,5429
rope,426,0,8,16951
attn,426,0,8,7415
o_proj,426,0,8,4078
post_layernorm,426,0,8,42358
gate_proj,426,0,8,10412
up_proj,426,0,8,10530
act_fn,426,0,8,2363
down_proj,426,0,8,10806
final_layernorm,426,0,8,43054
lm_head,426,0,8,77597
embedding,427,0,8,14195
input_layernorm,427,0,8,42150
q_proj,427,0,8,5393
k_proj,427,0,8,5154
v_proj,427,0,8,5190
rope,427,0,8,16907
attn,427,0,8,7435
o_proj,427,0,8,4165
post_layernorm,427,0,8,42369
gate_proj,427,0,8,10419
up_proj,427,0,8,10539
act_fn,427,0,8,2366
down_proj,427,0,8,10928
final_layernorm,427,0,8,42940
lm_head,427,0,8,77735
embedding,428,0,8,14314
input_layernorm,428,0,8,42060
q_proj,428,0,8,5392
k_proj,428,0,8,5430
v_proj,428,0,8,5474
rope,428,0,8,16950
attn,428,0,8,7441
o_proj,428,0,8,4150
post_layernorm,428,0,8,42306
gate_proj,428,0,8,10425
up_proj,428,0,8,10559
act_fn,428,0,8,2369
down_proj,428,0,8,10947
final_layernorm,428,0,8,42995
lm_head,428,0,8,77673
embedding,429,0,8,14437
input_layernorm,429,0,8,42283
q_proj,429,0,8,5371
k_proj,429,0,8,5415
v_proj,429,0,8,5468
rope,429,0,8,16928
attn,429,0,8,7477
o_proj,429,0,8,4007
post_layernorm,429,0,8,42578
gate_proj,429,0,8,10441
up_proj,429,0,8,10610
act_fn,429,0,8,2381
down_proj,429,0,8,10991
final_layernorm,429,0,8,43200
lm_head,429,0,8,77956
embedding,430,0,8,14271
input_layernorm,430,0,8,41930
q_proj,430,0,8,5383
k_proj,430,0,8,5288
v_proj,430,0,8,5346
rope,430,0,8,16831
attn,430,0,8,7422
o_proj,430,0,8,4096
post_layernorm,430,0,8,42368
gate_proj,430,0,8,10418
up_proj,430,0,8,10548
act_fn,430,0,8,2393
down_proj,430,0,8,10578
final_layernorm,430,0,8,42857
lm_head,430,0,8,77616
embedding,431,0,8,14283
input_layernorm,431,0,8,42185
q_proj,431,0,8,5432
k_proj,431,0,8,5436
v_proj,431,0,8,5476
rope,431,0,8,16876
attn,431,0,8,7472
o_proj,431,0,8,4075
post_layernorm,431,0,8,42467
gate_proj,431,0,8,10455
up_proj,431,0,8,10596
act_fn,431,0,8,2393
down_proj,431,0,8,10560
final_layernorm,431,0,8,43014
lm_head,431,0,8,78016
embedding,432,0,8,14375
input_layernorm,432,0,8,41889
q_proj,432,0,8,4825
k_proj,432,0,8,5253
v_proj,432,0,8,5298
rope,432,0,8,16955
attn,432,0,8,7455
o_proj,432,0,8,3987
post_layernorm,432,0,8,42105
gate_proj,432,0,8,10443
up_proj,432,0,8,10568
act_fn,432,0,8,2398
down_proj,432,0,8,10297
final_layernorm,432,0,8,42611
lm_head,432,0,8,77850
embedding,433,0,8,14262
input_layernorm,433,0,8,42267
q_proj,433,0,8,4961
k_proj,433,0,8,4875
v_proj,433,0,8,4853
rope,433,0,8,16869
attn,433,0,8,7476
o_proj,433,0,8,4036
post_layernorm,433,0,8,42462
gate_proj,433,0,8,10928
up_proj,433,0,8,10726
act_fn,433,0,8,2394
down_proj,433,0,8,10423
final_layernorm,433,0,8,43035
lm_head,433,0,8,80662
embedding,434,0,8,14395
input_layernorm,434,0,8,42303
q_proj,434,0,8,4921
k_proj,434,0,8,4910
v_proj,434,0,8,4903
rope,434,0,8,16954
attn,434,0,8,7495
o_proj,434,0,8,3976
post_layernorm,434,0,8,42581
gate_proj,434,0,8,10969
up_proj,434,0,8,10746
act_fn,434,0,8,2392
down_proj,434,0,8,10436
final_layernorm,434,0,8,43090
lm_head,434,0,8,80724
embedding,435,0,8,14538
input_layernorm,435,0,8,42583
q_proj,435,0,8,4973
k_proj,435,0,8,4956
v_proj,435,0,8,4940
rope,435,0,8,17118
attn,435,0,8,7589
o_proj,435,0,8,3987
post_layernorm,435,0,8,42935
gate_proj,435,0,8,11043
up_proj,435,0,8,10822
act_fn,435,0,8,2418
down_proj,435,0,8,10517
final_layernorm,435,0,8,43484
lm_head,435,0,8,81029
embedding,436,0,8,14529
input_layernorm,436,0,8,42133
q_proj,436,0,8,4887
k_proj,436,0,8,4930
v_proj,436,0,8,4908
rope,436,0,8,17263
attn,436,0,8,7534
o_proj,436,0,8,3982
post_layernorm,436,0,8,42828
gate_proj,436,0,8,10979
up_proj,436,0,8,10786
act_fn,436,0,8,2422
down_proj,436,0,8,10341
final_layernorm,436,0,8,43377
lm_head,436,0,8,80931
embedding,437,0,8,14434
input_layernorm,437,0,8,42169
q_proj,437,0,8,4863
k_proj,437,0,8,4843
v_proj,437,0,8,4828
rope,437,0,8,17053
attn,437,0,8,7442
o_proj,437,0,8,4000
post_layernorm,437,0,8,42460
gate_proj,437,0,8,10911
up_proj,437,0,8,10601
act_fn,437,0,8,2395
down_proj,437,0,8,10298
final_layernorm,437,0,8,43020
lm_head,437,0,8,80430
embedding,438,0,8,14438
input_layernorm,438,0,8,42228
q_proj,438,0,8,4875
k_proj,438,0,8,4924
v_proj,438,0,8,4924
rope,438,0,8,17031
attn,438,0,8,7530
o_proj,438,0,8,3982
post_layernorm,438,0,8,42645
gate_proj,438,0,8,10973
up_proj,438,0,8,10779
act_fn,438,0,8,2421
down_proj,438,0,8,10351
final_layernorm,438,0,8,43363
lm_head,438,0,8,81018
embedding,439,0,8,14307
input_layernorm,439,0,8,42516
q_proj,439,0,8,4939
k_proj,439,0,8,4919
v_proj,439,0,8,4870
rope,439,0,8,17175
attn,439,0,8,7516
o_proj,439,0,8,3990
post_layernorm,439,0,8,42824
gate_proj,439,0,8,10898
up_proj,439,0,8,10697
act_fn,439,0,8,2416
down_proj,439,0,8,10351
final_layernorm,439,0,8,43615
lm_head,439,0,8,80777
embedding,440,0,8,14520
input_layernorm,440,0,8,42291
q_proj,440,0,8,4696
k_proj,440,0,8,4968
v_proj,440,0,8,4929
rope,440,0,8,17179
attn,440,0,8,7567
o_proj,440,0,8,3943
post_layernorm,440,0,8,42514
gate_proj,440,0,8,10959
up_proj,440,0,8,10817
act_fn,440,0,8,2418
down_proj,440,0,8,10198
final_layernorm,440,0,8,43237
lm_head,440,0,8,81020
embedding,441,0,8,14291
input_layernorm,441,0,8,42402
q_proj,441,0,8,4611
k_proj,441,0,8,4814
v_proj,441,0,8,4896
rope,441,0,8,17164
attn,441,0,8,7460
o_proj,441,0,8,3957
post_layernorm,441,0,8,42755
gate_proj,441,0,8,10835
up_proj,441,0,8,10663
act_fn,441,0,8,2401
down_proj,441,0,8,10230
final_layernorm,441,0,8,43470
lm_head,441,0,8,80569
embedding,442,0,8,14489
input_layernorm,442,0,8,42271
q_proj,442,0,8,4671
k_proj,442,0,8,4871
v_proj,442,0,8,4953
rope,442,0,8,17141
attn,442,0,8,7490
o_proj,442,0,8,3950
post_layernorm,442,0,8,42776
gate_proj,442,0,8,10907
up_proj,442,0,8,10788
act_fn,442,0,8,2433
down_proj,442,0,8,10159
final_layernorm,442,0,8,43388
lm_head,442,0,8,80965
embedding,443,0,8,14540
input_layernorm,443,0,8,42508
q_proj,443,0,8,4527
k_proj,443,0,8,4883
v_proj,443,0,8,4988
rope,443,0,8,17291
attn,443,0,8,7548
o_proj,443,0,8,3965
post_layernorm,443,0,8,42859
gate_proj,443,0,8,10938
up_proj,443,0,8,10804
act_fn,443,0,8,2428
down_proj,443,0,8,10154
final_layernorm,443,0,8,43486
lm_head,443,0,8,81015
embedding,444,0,8,14391
input_layernorm,444,0,8,42507
q_proj,444,0,8,4525
k_proj,444,0,8,4864
v_proj,444,0,8,4956
rope,444,0,8,17120
attn,444,0,8,7516
o_proj,444,0,8,3937
post_layernorm,444,0,8,42774
gate_proj,444,0,8,10897
up_proj,444,0,8,10732
act_fn,444,0,8,2412
down_proj,444,0,8,10271
final_layernorm,444,0,8,43660
lm_head,444,0,8,80890
embedding,445,0,8,14270
input_layernorm,445,0,8,42411
q_proj,445,0,8,4674
k_proj,445,0,8,4800
v_proj,445,0,8,4903
rope,445,0,8,17246
attn,445,0,8,7448
o_proj,445,0,8,3960
post_layernorm,445,0,8,42916
gate_proj,445,0,8,10868
up_proj,445,0,8,10647
act_fn,445,0,8,2424
down_proj,445,0,8,10230
final_layernorm,445,0,8,43572
lm_head,445,0,8,80732
embedding,446,0,8,14551
input_layernorm,446,0,8,42403
q_proj,446,0,8,4664
k_proj,446,0,8,4855
v_proj,446,0,8,4971
rope,446,0,8,17083
attn,446,0,8,7497
o_proj,446,0,8,3932
post_layernorm,446,0,8,42815
gate_proj,446,0,8,10927
up_proj,446,0,8,10742
act_fn,446,0,8,2435
down_proj,446,0,8,10148
final_layernorm,446,0,8,43524
lm_head,446,0,8,81057
embedding,447,0,8,14447
input_layernorm,447,0,8,42451
q_proj,447,0,8,4540
k_proj,447,0,8,4819
v_proj,447,0,8,4943
rope,447,0,8,17201
attn,447,0,8,7475
o_proj,447,0,8,3941
post_layernorm,447,0,8,42768
gate_proj,447,0,8,10859
up_proj,447,0,8,10716
act_fn,447,0,8,2425
down_proj,447,0,8,10233
final_layernorm,447,0,8,43407
lm_head,447,0,8,80850
embedding,448,0,8,14732
input_layernorm,448,0,8,42288
q_proj,448,0,8,5303
k_proj,448,0,8,4681
v_proj,448,0,8,4560
rope,448,0,8,17309
attn,448,0,8,7517
o_proj,448,0,8,4121
post_layernorm,448,0,8,42457
gate_proj,448,0,8,13958
up_proj,448,0,8,12643
act_fn,448,0,8,2603
down_proj,448,0,8,13202
final_layernorm,448,0,8,43350
lm_head,448,0,8,150906
embedding,449,0,8,14822
input_layernorm,449,0,8,42623
q_proj,449,0,8,5601
k_proj,449,0,8,4810
v_proj,449,0,8,4891
rope,449,0,8,17571
attn,449,0,8,7533
o_proj,449,0,8,4201
post_layernorm,449,0,8,43303
gate_proj,449,0,8,11107
up_proj,449,0,8,11101
act_fn,449,0,8,2447
down_proj,449,0,8,11364
final_layernorm,449,0,8,43785
lm_head,449,0,8,81139
embedding,450,0,8,14651
input_layernorm,450,0,8,42394
q_proj,450,0,8,5616
k_proj,450,0,8,4796
v_proj,450,0,8,4701
rope,450,0,8,17623
attn,450,0,8,7512
o_proj,450,0,8,4173
post_layernorm,450,0,8,43136
gate_proj,450,0,8,11100
up_proj,450,0,8,11114
act_fn,450,0,8,2452
down_proj,450,0,8,11337
final_layernorm,450,0,8,43581
lm_head,450,0,8,81174
embedding,451,0,8,14719
input_layernorm,451,0,8,42087
q_proj,451,0,8,5526
k_proj,451,0,8,4790
v_proj,451,0,8,4719
rope,451,0,8,17557
attn,451,0,8,7474
o_proj,451,0,8,4172
post_layernorm,451,0,8,43260
gate_proj,451,0,8,11083
up_proj,451,0,8,11059
act_fn,451,0,8,2448
down_proj,451,0,8,11293
final_layernorm,451,0,8,43669
lm_head,451,0,8,81032
embedding,452,0,8,14811
input_layernorm,452,0,8,42298
q_proj,452,0,8,5627
k_proj,452,0,8,4778
v_proj,452,0,8,4681
rope,452,0,8,17653
attn,452,0,8,7494
o_proj,452,0,8,4203
post_layernorm,452,0,8,43204
gate_proj,452,0,8,11094
up_proj,452,0,8,11059
act_fn,452,0,8,2458
down_proj,452,0,8,11436
final_layernorm,452,0,8,43749
lm_head,452,0,8,81044
embedding,453,0,8,14870
input_layernorm,453,0,8,42450
q_proj,453,0,8,5508
k_proj,453,0,8,4790
v_proj,453,0,8,4723
rope,453,0,8,17532
attn,453,0,8,7475
o_proj,453,0,8,4204
post_layernorm,453,0,8,43133
gate_proj,453,0,8,11099
up_proj,453,0,8,11022
act_fn,453,0,8,2453
down_proj,453,0,8,11222
final_layernorm,453,0,8,43622
lm_head,453,0,8,80978
embedding,454,0,8,14843
input_layernorm,454,0,8,42434
q_proj,454,0,8,5515
k_proj,454,0,8,4787
v_proj,454,0,8,4671
rope,454,0,8,17520
attn,454,0,8,7496
o_proj,454,0,8,4059
post_layernorm,454,0,8,43273
gate_proj,454,0,8,11083
up_proj,454,0,8,11045
act_fn,454,0,8,2453
down_proj,454,0,8,11292
final_layernorm,454,0,8,43841
lm_head,454,0,8,81056
embedding,455,0,8,15047
input_layernorm,455,0,8,42680
q_proj,455,0,8,5502
k_proj,455,0,8,4812
v_proj,455,0,8,4679
rope,455,0,8,17556
attn,455,0,8,7495
o_proj,455,0,8,4071
post_layernorm,455,0,8,43459
gate_proj,455,0,8,11064
up_proj,455,0,8,11088
act_fn,455,0,8,2461
down_proj,455,0,8,11168
final_layernorm,455,0,8,43820
lm_head,455,0,8,81205
embedding,456,0,8,14990
input_layernorm,456,0,8,42337
q_proj,456,0,8,5441
k_proj,456,0,8,4814
v_proj,456,0,8,4689
rope,456,0,8,17655
attn,456,0,8,7546
o_proj,456,0,8,4085
post_layernorm,456,0,8,42942
gate_proj,456,0,8,11131
up_proj,456,0,8,11162
act_fn,456,0,8,2463
down_proj,456,0,8,11011
final_layernorm,456,0,8,43483
lm_head,456,0,8,81353
embedding,457,0,8,14905
input_layernorm,457,0,8,42443
q_proj,457,0,8,5471
k_proj,457,0,8,4776
v_proj,457,0,8,4696
rope,457,0,8,17521
attn,457,0,8,7447
o_proj,457,0,8,4074
post_layernorm,457,0,8,43182
gate_proj,457,0,8,11063
up_proj,457,0,8,11020
act_fn,457,0,8,2468
down_proj,457,0,8,10854
final_layernorm,457,0,8,43625
lm_head,457,0,8,83930
embedding,458,0,8,15105
input_layernorm,458,0,8,42657
q_proj,458,0,8,5471
k_proj,458,0,8,4796
v_proj,458,0,8,4672
rope,458,0,8,17607
attn,458,0,8,7512
o_proj,458,0,8,4113
post_layernorm,458,0,8,43410
gate_proj,458,0,8,11119
up_proj,458,0,8,11106
act_fn,458,0,8,2463
down_proj,458,0,8,10923
final_layernorm,458,0,8,43950
lm_head,458,0,8,84223
embedding,459,0,8,15094
input_layernorm,459,0,8,42678
q_proj,459,0,8,5405
k_proj,459,0,8,4804
v_proj,459,0,8,4676
rope,459,0,8,17622
attn,459,0,8,7553
o_proj,459,0,8,4100
post_layernorm,459,0,8,43394
gate_proj,459,0,8,11135
up_proj,459,0,8,11124
act_fn,459,0,8,2471
down_proj,459,0,8,10950
final_layernorm,459,0,8,43851
lm_head,459,0,8,84253
embedding,460,0,8,15102
input_layernorm,460,0,8,42734
q_proj,460,0,8,5476
k_proj,460,0,8,4800
v_proj,460,0,8,4694
rope,460,0,8,17613
attn,460,0,8,7511
o_proj,460,0,8,4121
post_layernorm,460,0,8,43468
gate_proj,460,0,8,11087
up_proj,460,0,8,11089
act_fn,460,0,8,2471
down_proj,460,0,8,10920
final_layernorm,460,0,8,44014
lm_head,460,0,8,84143
embedding,461,0,8,15192
input_layernorm,461,0,8,42758
q_proj,461,0,8,5416
k_proj,461,0,8,4766
v_proj,461,0,8,4658
rope,461,0,8,17546
attn,461,0,8,7503
o_proj,461,0,8,4095
post_layernorm,461,0,8,43579
gate_proj,461,0,8,11087
up_proj,461,0,8,11061
act_fn,461,0,8,2472
down_proj,461,0,8,10824
final_layernorm,461,0,8,44047
lm_head,461,0,8,84185
embedding,462,0,8,15100
input_layernorm,462,0,8,42695
q_proj,462,0,8,5370
k_proj,462,0,8,4795
v_proj,462,0,8,4713
rope,462,0,8,17531
attn,462,0,8,7499
o_proj,462,0,8,4097
post_layernorm,462,0,8,43405
gate_proj,462,0,8,11122
up_proj,462,0,8,11120
act_fn,462,0,8,2480
down_proj,462,0,8,10926
final_layernorm,462,0,8,43817
lm_head,462,0,8,84276
embedding,463,0,8,15126
input_layernorm,463,0,8,42546
q_proj,463,0,8,5359
k_proj,463,0,8,4768
v_proj,463,0,8,4641
rope,463,0,8,17538
attn,463,0,8,7493
o_proj,463,0,8,4078
post_layernorm,463,0,8,43317
gate_proj,463,0,8,11103
up_proj,463,0,8,11080
act_fn,463,0,8,2489
down_proj,463,0,8,10785
final_layernorm,463,0,8,43809
lm_head,463,0,8,84255
embedding,464,0,8,15339
input_layernorm,464,0,8,42715
q_proj,464,0,8,5298
k_proj,464,0,8,5095
v_proj,464,0,8,5093
rope,464,0,8,17593
attn,464,0,8,7572
o_proj,464,0,8,4165
post_layernorm,464,0,8,43186
gate_proj,464,0,8,11623
up_proj,464,0,8,11609
act_fn,464,0,8,2499
down_proj,464,0,8,12692
final_layernorm,464,0,8,43761
lm_head,464,0,8,84510
embedding,465,0,8,15252
input_layernorm,465,0,8,43062
q_proj,465,0,8,5242
k_proj,465,0,8,5121
v_proj,465,0,8,5124
rope,465,0,8,17650
attn,465,0,8,7605
o_proj,465,0,8,4097
post_layernorm,465,0,8,43794
gate_proj,465,0,8,11641
up_proj,465,0,8,11622
act_fn,465,0,8,2518
down_proj,465,0,8,10825
final_layernorm,465,0,8,44260
lm_head,465,0,8,84596
embedding,466,0,8,15311
input_layernorm,466,0,8,42765
q_proj,466,0,8,5184
k_proj,466,0,8,5068
v_proj,466,0,8,5072
rope,466,0,8,17512
attn,466,0,8,7533
o_proj,466,0,8,4142
post_layernorm,466,0,8,43452
gate_proj,466,0,8,11592
up_proj,466,0,8,11540
act_fn,466,0,8,2511
down_proj,466,0,8,10744
final_layernorm,466,0,8,43854
lm_head,466,0,8,84328
embedding,467,0,8,15172
input_layernorm,467,0,8,42769
q_proj,467,0,8,5258
k_proj,467,0,8,5059
v_proj,467,0,8,5083
rope,467,0,8,17625
attn,467,0,8,7560
o_proj,467,0,8,4146
post_layernorm,467,0,8,43459
gate_proj,467,0,8,11575
up_proj,467,0,8,11531
act_fn,467,0,8,2511
down_proj,467,0,8,10828
final_layernorm,467,0,8,43948
lm_head,467,0,8,84374
embedding,468,0,8,15183
input_layernorm,468,0,8,43114
q_proj,468,0,8,5175
k_proj,468,0,8,5095
v_proj,468,0,8,5113
rope,468,0,8,17652
attn,468,0,8,7517
o_proj,468,0,8,4110
post_layernorm,468,0,8,43874
gate_proj,468,0,8,11616
up_proj,468,0,8,11555
act_fn,468,0,8,2509
down_proj,468,0,8,10749
final_layernorm,468,0,8,44015
lm_head,468,0,8,84277
embedding,469,0,8,15255
input_layernorm,469,0,8,43278
q_proj,469,0,8,5149
k_proj,469,0,8,5149
v_proj,469,0,8,5109
rope,469,0,8,17732
attn,469,0,8,7588
o_proj,469,0,8,4170
post_layernorm,469,0,8,43937
gate_proj,469,0,8,11726
up_proj,469,0,8,11657
act_fn,469,0,8,2524
down_proj,469,0,8,10694
final_layernorm,469,0,8,44401
lm_head,469,0,8,84827
embedding,470,0,8,15371
input_layernorm,470,0,8,42926
q_proj,470,0,8,5137
k_proj,470,0,8,5108
v_proj,470,0,8,5124
rope,470,0,8,17638
attn,470,0,8,7574
o_proj,470,0,8,4179
post_layernorm,470,0,8,43512
gate_proj,470,0,8,11685
up_proj,470,0,8,11610
act_fn,470,0,8,2525
down_proj,470,0,8,10660
final_layernorm,470,0,8,44167
lm_head,470,0,8,84594
embedding,471,0,8,15137
input_layernorm,471,0,8,42820
q_proj,471,0,8,5071
k_proj,471,0,8,5139
v_proj,471,0,8,5106
rope,471,0,8,17593
attn,471,0,8,7488
o_proj,471,0,8,4142
post_layernorm,471,0,8,43608
gate_proj,471,0,8,11630
up_proj,471,0,8,11471
act_fn,471,0,8,2500
down_proj,471,0,8,10654
final_layernorm,471,0,8,44085
lm_head,471,0,8,84357
embedding,472,0,8,15304
input_layernorm,472,0,8,42959
q_proj,472,0,8,5061
k_proj,472,0,8,5230
v_proj,472,0,8,5221
rope,472,0,8,17759
attn,472,0,8,7583
o_proj,472,0,8,4189
post_layernorm,472,0,8,43539
gate_proj,472,0,8,11673
up_proj,472,0,8,11629
act_fn,472,0,8,2525
down_proj,472,0,8,10656
final_layernorm,472,0,8,43998
lm_head,472,0,8,84686
embedding,473,0,8,15280
input_layernorm,473,0,8,43179
q_proj,473,0,8,5049
k_proj,473,0,8,5121
v_proj,473,0,8,5131
rope,473,0,8,17645
attn,473,0,8,7539
o_proj,473,0,8,4147
post_layernorm,473,0,8,43856
gate_proj,473,0,8,11690
up_proj,473,0,8,11560
act_fn,473,0,8,2499
down_proj,473,0,8,10674
final_layernorm,473,0,8,44326
lm_head,473,0,8,84608
embedding,474,0,8,15123
input_layernorm,474,0,8,42946
q_proj,474,0,8,4996
k_proj,474,0,8,5116
v_proj,474,0,8,5110
rope,474,0,8,17677
attn,474,0,8,7561
o_proj,474,0,8,4181
post_layernorm,474,0,8,43786
gate_proj,474,0,8,11687
up_proj,474,0,8,11566
act_fn,474,0,8,2534
down_proj,474,0,8,10766
final_layernorm,474,0,8,44245
lm_head,474,0,8,84720
embedding,475,0,8,15378
input_layernorm,475,0,8,42827
q_proj,475,0,8,4996
k_proj,475,0,8,5117
v_proj,475,0,8,5085
rope,475,0,8,17702
attn,475,0,8,7554
o_proj,475,0,8,4181
post_layernorm,475,0,8,43920
gate_proj,475,0,8,11637
up_proj,475,0,8,11586
act_fn,475,0,8,2527
down_proj,475,0,8,10691
final_layernorm,475,0,8,44159
lm_head,475,0,8,84565
embedding,476,0,8,15447
input_layernorm,476,0,8,42926
q_proj,476,0,8,5007
k_proj,476,0,8,5091
v_proj,476,0,8,5105
rope,476,0,8,17723
attn,476,0,8,7532
o_proj,476,0,8,4179
post_layernorm,476,0,8,43866
gate_proj,476,0,8,11690
up_proj,476,0,8,11564
act_fn,476,0,8,2536
down_proj,476,0,8,10763
final_layernorm,476,0,8,44255
lm_head,476,0,8,84599
embedding,477,0,8,15330
input_layernorm,477,0,8,43110
q_proj,477,0,8,4982
k_proj,477,0,8,5068
v_proj,477,0,8,5060
rope,477,0,8,17675
attn,477,0,8,7560
o_proj,477,0,8,4161
post_layernorm,477,0,8,43802
gate_proj,477,0,8,11698
up_proj,477,0,8,11616
act_fn,477,0,8,2531
down_proj,477,0,8,10671
final_layernorm,477,0,8,44399
lm_head,477,0,8,84703
embedding,478,0,8,15339
input_layernorm,478,0,8,43089
q_proj,478,0,8,4849
k_proj,478,0,8,5124
v_proj,478,0,8,5111
rope,478,0,8,17733
attn,478,0,8,7575
o_proj,478,0,8,4201
post_layernorm,478,0,8,43988
gate_proj,478,0,8,11721
up_proj,478,0,8,11625
act_fn,478,0,8,2545
down_proj,478,0,8,10738
final_layernorm,478,0,8,44552
lm_head,478,0,8,84919
embedding,479,0,8,15394
input_layernorm,479,0,8,43251
q_proj,479,0,8,4806
k_proj,479,0,8,5162
v_proj,479,0,8,5116
rope,479,0,8,17763
attn,479,0,8,7612
o_proj,479,0,8,4178
post_layernorm,479,0,8,44073
gate_proj,479,0,8,11692
up_proj,479,0,8,11560
act_fn,479,0,8,2549
down_proj,479,0,8,10758
final_layernorm,479,0,8,44501
lm_head,479,0,8,84889
embedding,480,0,8,15465
input_layernorm,480,0,8,43044
q_proj,480,0,8,5635
k_proj,480,0,8,4762
v_proj,480,0,8,4667
rope,480,0,8,17791
attn,480,0,8,7550
o_proj,480,0,8,4614
post_layernorm,480,0,8,43603
gate_proj,480,0,8,11728
up_proj,480,0,8,11651
act_fn,480,0,8,2539
down_proj,480,0,8,11977
final_layernorm,480,0,8,44085
lm_head,480,0,8,84796
embedding,481,0,8,15434
input_layernorm,481,0,8,43054
q_proj,481,0,8,5708
k_proj,481,0,8,5922
v_proj,481,0,8,6014
rope,481,0,8,17627
attn,481,0,8,7498
o_proj,481,0,8,4281
post_layernorm,481,0,8,44003
gate_proj,481,0,8,11436
up_proj,481,0,8,11675
act_fn,481,0,8,2537
down_proj,481,0,8,11772
final_layernorm,481,0,8,44673
lm_head,481,0,8,86985
embedding,482,0,8,15431
input_layernorm,482,0,8,43278
q_proj,482,0,8,5581
k_proj,482,0,8,6090
v_proj,482,0,8,6083
rope,482,0,8,17781
attn,482,0,8,7555
o_proj,482,0,8,4297
post_layernorm,482,0,8,44090
gate_proj,482,0,8,11510
up_proj,482,0,8,11859
act_fn,482,0,8,2531
down_proj,482,0,8,11768
final_layernorm,482,0,8,44692
lm_head,482,0,8,87475
embedding,483,0,8,15539
input_layernorm,483,0,8,43218
q_proj,483,0,8,5648
k_proj,483,0,8,6088
v_proj,483,0,8,6123
rope,483,0,8,17797
attn,483,0,8,7579
o_proj,483,0,8,4285
post_layernorm,483,0,8,44128
gate_proj,483,0,8,11544
up_proj,483,0,8,11850
act_fn,483,0,8,2544
down_proj,483,0,8,11701
final_layernorm,483,0,8,44789
lm_head,483,0,8,87461
embedding,484,0,8,15721
input_layernorm,484,0,8,43345
q_proj,484,0,8,5568
k_proj,484,0,8,6110
v_proj,484,0,8,6065
rope,484,0,8,17834
attn,484,0,8,7600
o_proj,484,0,8,4313
post_layernorm,484,0,8,44146
gate_proj,484,0,8,11595
up_proj,484,0,8,11917
act_fn,484,0,8,2569
down_proj,484,0,8,11598
final_layernorm,484,0,8,44805
lm_head,484,0,8,87645
embedding,485,0,8,15468
input_layernorm,485,0,8,43250
q_proj,485,0,8,5681
k_proj,485,0,8,6223
v_proj,485,0,8,6198
rope,485,0,8,17722
attn,485,0,8,7540
o_proj,485,0,8,4244
post_layernorm,485,0,8,44005
gate_proj,485,0,8,11521
up_proj,485,0,8,11686
act_fn,485,0,8,2552
down_proj,485,0,8,11457
final_layernorm,485,0,8,44419
lm_head,485,0,8,87398
embedding,486,0,8,15607
input_layernorm,486,0,8,43309
q_proj,486,0,8,5624
k_proj,486,0,8,5934
v_proj,486,0,8,5908
rope,486,0,8,17796
attn,486,0,8,7587
o_proj,486,0,8,4312
post_layernorm,486,0,8,44286
gate_proj,486,0,8,11540
up_proj,486,0,8,11797
act_fn,486,0,8,2552
down_proj,486,0,8,11592
final_layernorm,486,0,8,44784
lm_head,486,0,8,87600
embedding,487,0,8,15835
input_layernorm,487,0,8,43511
q_proj,487,0,8,5728
k_proj,487,0,8,5979
v_proj,487,0,8,5959
rope,487,0,8,17870
attn,487,0,8,7605
o_proj,487,0,8,4278
post_layernorm,487,0,8,44287
gate_proj,487,0,8,11585
up_proj,487,0,8,11822
act_fn,487,0,8,2575
down_proj,487,0,8,11534
final_layernorm,487,0,8,45024
lm_head,487,0,8,87871
embedding,488,0,8,15565
input_layernorm,488,0,8,43310
q_proj,488,0,8,5533
k_proj,488,0,8,5994
v_proj,488,0,8,6028
rope,488,0,8,17858
attn,488,0,8,7548
o_proj,488,0,8,4290
post_layernorm,488,0,8,43960
gate_proj,488,0,8,11524
up_proj,488,0,8,11799
act_fn,488,0,8,2558
down_proj,488,0,8,11246
final_layernorm,488,0,8,44591
lm_head,488,0,8,87487
embedding,489,0,8,15765
input_layernorm,489,0,8,43390
q_proj,489,0,8,5557
k_proj,489,0,8,5946
v_proj,489,0,8,5951
rope,489,0,8,17786
attn,489,0,8,7581
o_proj,489,0,8,4279
post_layernorm,489,0,8,44273
gate_proj,489,0,8,11547
up_proj,489,0,8,11813
act_fn,489,0,8,2563
down_proj,489,0,8,11168
final_layernorm,489,0,8,45035
lm_head,489,0,8,87684
embedding,490,0,8,15861
input_layernorm,490,0,8,43383
q_proj,490,0,8,5414
k_proj,490,0,8,6062
v_proj,490,0,8,6095
rope,490,0,8,17833
attn,490,0,8,7549
o_proj,490,0,8,4298
post_layernorm,490,0,8,44290
gate_proj,490,0,8,11539
up_proj,490,0,8,11754
act_fn,490,0,8,2568
down_proj,490,0,8,11257
final_layernorm,490,0,8,44842
lm_head,490,0,8,87439
embedding,491,0,8,15897
input_layernorm,491,0,8,43508
q_proj,491,0,8,5439
k_proj,491,0,8,5909
v_proj,491,0,8,5959
rope,491,0,8,17923
attn,491,0,8,7629
o_proj,491,0,8,4289
post_layernorm,491,0,8,44429
gate_proj,491,0,8,11598
up_proj,491,0,8,11888
act_fn,491,0,8,2572
down_proj,491,0,8,11318
final_layernorm,491,0,8,44993
lm_head,491,0,8,87910
embedding,492,0,8,16028
input_layernorm,492,0,8,43349
q_proj,492,0,8,5381
k_proj,492,0,8,6013
v_proj,492,0,8,6049
rope,492,0,8,17898
attn,492,0,8,7557
o_proj,492,0,8,4294
post_layernorm,492,0,8,44295
gate_proj,492,0,8,11567
up_proj,492,0,8,11761
act_fn,492,0,8,2586
down_proj,492,0,8,11268
final_layernorm,492,0,8,44724
lm_head,492,0,8,87512
embedding,493,0,8,15913
input_layernorm,493,0,8,43428
q_proj,493,0,8,5507
k_proj,493,0,8,5932
v_proj,493,0,8,5939
rope,493,0,8,17864
attn,493,0,8,7558
o_proj,493,0,8,4284
post_layernorm,493,0,8,44332
gate_proj,493,0,8,11556
up_proj,493,0,8,11752
act_fn,493,0,8,2582
down_proj,493,0,8,11168
final_layernorm,493,0,8,44928
lm_head,493,0,8,87580
embedding,494,0,8,16171
input_layernorm,494,0,8,43610
q_proj,494,0,8,5368
k_proj,494,0,8,6026
v_proj,494,0,8,5991
rope,494,0,8,17945
attn,494,0,8,7611
o_proj,494,0,8,4318
post_layernorm,494,0,8,44419
gate_proj,494,0,8,11587
up_proj,494,0,8,11869
act_fn,494,0,8,2600
down_proj,494,0,8,11261
final_layernorm,494,0,8,44997
lm_head,494,0,8,87891
embedding,495,0,8,16064
input_layernorm,495,0,8,43652
q_proj,495,0,8,5360
k_proj,495,0,8,6026
v_proj,495,0,8,6018
rope,495,0,8,17901
attn,495,0,8,7614
o_proj,495,0,8,4283
post_layernorm,495,0,8,44538
gate_proj,495,0,8,11554
up_proj,495,0,8,11826
act_fn,495,0,8,2584
down_proj,495,0,8,11204
final_layernorm,495,0,8,44996
lm_head,495,0,8,87783
embedding,496,0,8,16249
input_layernorm,496,0,8,43610
q_proj,496,0,8,5227
k_proj,496,0,8,4712
v_proj,496,0,8,4782
rope,496,0,8,17883
attn,496,0,8,7614
o_proj,496,0,8,4323
post_layernorm,496,0,8,44174
gate_proj,496,0,8,11872
up_proj,496,0,8,11641
act_fn,496,0,8,2746
down_proj,496,0,8,10808
final_layernorm,496,0,8,44751
lm_head,496,0,8,90521
embedding,497,0,8,16173
input_layernorm,497,0,8,43622
q_proj,497,0,8,5257
k_proj,497,0,8,5882
v_proj,497,0,8,5904
rope,497,0,8,17920
attn,497,0,8,7631
o_proj,497,0,8,4324
post_layernorm,497,0,8,44508
gate_proj,497,0,8,11808
up_proj,497,0,8,11429
act_fn,497,0,8,2743
down_proj,497,0,8,10811
final_layernorm,497,0,8,45021
lm_head,497,0,8,90449
embedding,498,0,8,16205
input_layernorm,498,0,8,43701
q_proj,498,0,8,5209
k_proj,498,0,8,6082
v_proj,498,0,8,6146
rope,498,0,8,17913
attn,498,0,8,7577
o_proj,498,0,8,4262
post_layernorm,498,0,8,44569
gate_proj,498,0,8,11798
up_proj,498,0,8,11527
act_fn,498,0,8,2760
down_proj,498,0,8,10766
final_layernorm,498,0,8,45048
lm_head,498,0,8,90417
embedding,499,0,8,16088
input_layernorm,499,0,8,43817
q_proj,499,0,8,5295
k_proj,499,0,8,5978
v_proj,499,0,8,6090
rope,499,0,8,17956
attn,499,0,8,7623
o_proj,499,0,8,4328
post_layernorm,499,0,8,44665
gate_proj,499,0,8,11787
up_proj,499,0,8,11365
act_fn,499,0,8,2760
down_proj,499,0,8,10757
final_layernorm,499,0,8,45008
lm_head,499,0,8,90542
embedding,500,0,8,16156
input_layernorm,500,0,8,43673
q_proj,500,0,8,5205
k_proj,500,0,8,6084
v_proj,500,0,8,6087
rope,500,0,8,18048
attn,500,0,8,7584
o_proj,500,0,8,4318
post_layernorm,500,0,8,44670
gate_proj,500,0,8,11779
up_proj,500,0,8,11494
act_fn,500,0,8,2755
down_proj,500,0,8,10802
final_layernorm,500,0,8,45215
lm_head,500,0,8,90434
embedding,501,0,8,16170
input_layernorm,501,0,8,43799
q_proj,501,0,8,5280
k_proj,501,0,8,5953
v_proj,501,0,8,5912
rope,501,0,8,17986
attn,501,0,8,7631
o_proj,501,0,8,4325
post_layernorm,501,0,8,44740
gate_proj,501,0,8,11753
up_proj,501,0,8,11538
act_fn,501,0,8,2753
down_proj,501,0,8,10789
final_layernorm,501,0,8,45202
lm_head,501,0,8,90630
embedding,502,0,8,16217
input_layernorm,502,0,8,43721
q_proj,502,0,8,5180
k_proj,502,0,8,6041
v_proj,502,0,8,6067
rope,502,0,8,18027
attn,502,0,8,7589
o_proj,502,0,8,4351
post_layernorm,502,0,8,44718
gate_proj,502,0,8,11692
up_proj,502,0,8,11391
act_fn,502,0,8,2759
down_proj,502,0,8,10789
final_layernorm,502,0,8,45083
lm_head,502,0,8,90541
embedding,503,0,8,16187
input_layernorm,503,0,8,43822
q_proj,503,0,8,5242
k_proj,503,0,8,6107
v_proj,503,0,8,6155
rope,503,0,8,18029
attn,503,0,8,7646
o_proj,503,0,8,4359
post_layernorm,503,0,8,44892
gate_proj,503,0,8,11760
up_proj,503,0,8,11532
act_fn,503,0,8,2766
down_proj,503,0,8,10773
final_layernorm,503,0,8,45260
lm_head,503,0,8,90692
embedding,504,0,8,16166
input_layernorm,504,0,8,43797
q_proj,504,0,8,4980
k_proj,504,0,8,6058
v_proj,504,0,8,6130
rope,504,0,8,18087
attn,504,0,8,7572
o_proj,504,0,8,4348
post_layernorm,504,0,8,44552
gate_proj,504,0,8,11612
up_proj,504,0,8,11329
act_fn,504,0,8,2773
down_proj,504,0,8,10784
final_layernorm,504,0,8,44963
lm_head,504,0,8,90442
embedding,505,0,8,16061
input_layernorm,505,0,8,43876
q_proj,505,0,8,4945
k_proj,505,0,8,4673
v_proj,505,0,8,4641
rope,505,0,8,17778
attn,505,0,8,7610
o_proj,505,0,8,4353
post_layernorm,505,0,8,44708
gate_proj,505,0,8,11552
up_proj,505,0,8,11473
act_fn,505,0,8,2764
down_proj,505,0,8,10754
final_layernorm,505,0,8,45172
lm_head,505,0,8,90651
embedding,506,0,8,16181
input_layernorm,506,0,8,43896
q_proj,506,0,8,4861
k_proj,506,0,8,4705
v_proj,506,0,8,4636
rope,506,0,8,17910
attn,506,0,8,7610
o_proj,506,0,8,4362
post_layernorm,506,0,8,44852
gate_proj,506,0,8,11550
up_proj,506,0,8,11471
act_fn,506,0,8,2776
down_proj,506,0,8,10796
final_layernorm,506,0,8,45347
lm_head,506,0,8,90762
embedding,507,0,8,16239
input_layernorm,507,0,8,44108
q_proj,507,0,8,4998
k_proj,507,0,8,4676
v_proj,507,0,8,4657
rope,507,0,8,17787
attn,507,0,8,7631
o_proj,507,0,8,4356
post_layernorm,507,0,8,44936
gate_proj,507,0,8,11638
up_proj,507,0,8,11390
act_fn,507,0,8,2771
down_proj,507,0,8,10778
final_layernorm,507,0,8,45345
lm_head,507,0,8,90602
embedding,508,0,8,16236
input_layernorm,508,0,8,44036
q_proj,508,0,8,4819
k_proj,508,0,8,4674
v_proj,508,0,8,4648
rope,508,0,8,17896
attn,508,0,8,7618
o_proj,508,0,8,4342
post_layernorm,508,0,8,44909
gate_proj,508,0,8,11380
up_proj,508,0,8,11347
act_fn,508,0,8,2789
down_proj,508,0,8,10794
final_layernorm,508,0,8,45471
lm_head,508,0,8,90666
embedding,509,0,8,16133
input_layernorm,509,0,8,43981
q_proj,509,0,8,5013
k_proj,509,0,8,4668
v_proj,509,0,8,4644
rope,509,0,8,17771
attn,509,0,8,7597
o_proj,509,0,8,4337
post_layernorm,509,0,8,44934
gate_proj,509,0,8,11635
up_proj,509,0,8,11395
act_fn,509,0,8,2794
down_proj,509,0,8,10769
final_layernorm,509,0,8,45371
lm_head,509,0,8,90552
embedding,510,0,8,16209
input_layernorm,510,0,8,44066
q_proj,510,0,8,4788
k_proj,510,0,8,4690
v_proj,510,0,8,4631
rope,510,0,8,17815
attn,510,0,8,7632
o_proj,510,0,8,4365
post_layernorm,510,0,8,45027
gate_proj,510,0,8,11478
up_proj,510,0,8,11436
act_fn,510,0,8,2784
down_proj,510,0,8,10802
final_layernorm,510,0,8,45336
lm_head,510,0,8,90786
embedding,511,0,8,16115
input_layernorm,511,0,8,44057
q_proj,511,0,8,5003
k_proj,511,0,8,4636
v_proj,511,0,8,4658
rope,511,0,8,17770
attn,511,0,8,7601
o_proj,511,0,8,4379
post_layernorm,511,0,8,45027
gate_proj,511,0,8,11486
up_proj,511,0,8,11329
act_fn,511,0,8,2784
down_proj,511,0,8,10790
final_layernorm,511,0,8,45446
lm_head,511,0,8,90604
embedding,512,0,8,16278
input_layernorm,512,0,8,44076
q_proj,512,0,8,4670
k_proj,512,0,8,4723
v_proj,512,0,8,4634
rope,512,0,8,17868
attn,512,0,8,7362
o_proj,512,0,8,4373
post_layernorm,512,0,8,44736
gate_proj,512,0,8,11473
up_proj,512,0,8,11430
act_fn,512,0,8,2800
down_proj,512,0,8,10823
final_layernorm,512,0,8,45277
lm_head,512,0,8,90820
embedding,513,0,8,16265
input_layernorm,513,0,8,44534
q_proj,513,0,8,5843
k_proj,513,0,8,5017
v_proj,513,0,8,4999
rope,513,0,8,18133
attn,513,0,8,8912
o_proj,513,0,8,4313
post_layernorm,513,0,8,45199
gate_proj,513,0,8,12426
up_proj,513,0,8,12640
act_fn,513,0,8,2643
down_proj,513,0,8,11105
final_layernorm,513,0,8,46013
lm_head,513,0,8,93433
embedding,514,0,8,16300
input_layernorm,514,0,8,44515
q_proj,514,0,8,5864
k_proj,514,0,8,4996
v_proj,514,0,8,4999
rope,514,0,8,18133
attn,514,0,8,8841
o_proj,514,0,8,4291
post_layernorm,514,0,8,45218
gate_proj,514,0,8,12370
up_proj,514,0,8,12717
act_fn,514,0,8,2659
down_proj,514,0,8,11097
final_layernorm,514,0,8,46103
lm_head,514,0,8,93533
embedding,515,0,8,16374
input_layernorm,515,0,8,44570
q_proj,515,0,8,5863
k_proj,515,0,8,5000
v_proj,515,0,8,4967
rope,515,0,8,18159
attn,515,0,8,8902
o_proj,515,0,8,4310
post_layernorm,515,0,8,45441
gate_proj,515,0,8,12397
up_proj,515,0,8,12735
act_fn,515,0,8,2649
down_proj,515,0,8,11105
final_layernorm,515,0,8,46043
lm_head,515,0,8,93428
embedding,516,0,8,16183
input_layernorm,516,0,8,44604
q_proj,516,0,8,5793
k_proj,516,0,8,4984
v_proj,516,0,8,5005
rope,516,0,8,18241
attn,516,0,8,8864
o_proj,516,0,8,4320
post_layernorm,516,0,8,45412
gate_proj,516,0,8,12370
up_proj,516,0,8,12690
act_fn,516,0,8,2649
down_proj,516,0,8,11138
final_layernorm,516,0,8,46103
lm_head,516,0,8,93443
embedding,517,0,8,16439
input_layernorm,517,0,8,44710
q_proj,517,0,8,5847
k_proj,517,0,8,5023
v_proj,517,0,8,5028
rope,517,0,8,18186
attn,517,0,8,8857
o_proj,517,0,8,4335
post_layernorm,517,0,8,45520
gate_proj,517,0,8,12427
up_proj,517,0,8,12834
act_fn,517,0,8,2660
down_proj,517,0,8,11116
final_layernorm,517,0,8,46339
lm_head,517,0,8,93737
embedding,518,0,8,16251
input_layernorm,518,0,8,44709
q_proj,518,0,8,5844
k_proj,518,0,8,5011
v_proj,518,0,8,4990
rope,518,0,8,18172
attn,518,0,8,8876
o_proj,518,0,8,4306
post_layernorm,518,0,8,45357
gate_proj,518,0,8,12440
up_proj,518,0,8,12785
act_fn,518,0,8,2670
down_proj,518,0,8,11102
final_layernorm,518,0,8,46195
lm_head,518,0,8,93670
embedding,519,0,8,16461
input_layernorm,519,0,8,44594
q_proj,519,0,8,5852
k_proj,519,0,8,5025
v_proj,519,0,8,4979
rope,519,0,8,18173
attn,519,0,8,8850
o_proj,519,0,8,4295
post_layernorm,519,0,8,45433
gate_proj,519,0,8,12417
up_proj,519,0,8,12805
act_fn,519,0,8,2685
down_proj,519,0,8,11142
final_layernorm,519,0,8,46038
lm_head,519,0,8,93670
embedding,520,0,8,16583
input_layernorm,520,0,8,44669
q_proj,520,0,8,5703
k_proj,520,0,8,5038
v_proj,520,0,8,4984
rope,520,0,8,18230
attn,520,0,8,8933
o_proj,520,0,8,4318
post_layernorm,520,0,8,45218
gate_proj,520,0,8,12441
up_proj,520,0,8,12714
act_fn,520,0,8,2673
down_proj,520,0,8,11150
final_layernorm,520,0,8,46034
lm_head,520,0,8,93675
embedding,521,0,8,16554
input_layernorm,521,0,8,44710
q_proj,521,0,8,5686
k_proj,521,0,8,5002
v_proj,521,0,8,4968
rope,521,0,8,18110
attn,521,0,8,8827
o_proj,521,0,8,4306
post_layernorm,521,0,8,45372
gate_proj,521,0,8,12392
up_proj,521,0,8,12678
act_fn,521,0,8,2663
down_proj,521,0,8,11103
final_layernorm,521,0,8,45934
lm_head,521,0,8,93569
embedding,522,0,8,16677
input_layernorm,522,0,8,44818
q_proj,522,0,8,5683
k_proj,522,0,8,5018
v_proj,522,0,8,4990
rope,522,0,8,18185
attn,522,0,8,8899
o_proj,522,0,8,4310
post_layernorm,522,0,8,45473
gate_proj,522,0,8,12418
up_proj,522,0,8,12753
act_fn,522,0,8,2687
down_proj,522,0,8,11151
final_layernorm,522,0,8,46364
lm_head,522,0,8,93689
embedding,523,0,8,16733
input_layernorm,523,0,8,44828
q_proj,523,0,8,5667
k_proj,523,0,8,5020
v_proj,523,0,8,5016
rope,523,0,8,18180
attn,523,0,8,8881
o_proj,523,0,8,4326
post_layernorm,523,0,8,45652
gate_proj,523,0,8,12410
up_proj,523,0,8,12759
act_fn,523,0,8,2690
down_proj,523,0,8,11153
final_layernorm,523,0,8,46348
lm_head,523,0,8,93805
embedding,524,0,8,16591
input_layernorm,524,0,8,44756
q_proj,524,0,8,5628
k_proj,524,0,8,4983
v_proj,524,0,8,4949
rope,524,0,8,18187
attn,524,0,8,8798
o_proj,524,0,8,4300
post_layernorm,524,0,8,45533
gate_proj,524,0,8,12331
up_proj,524,0,8,12635
act_fn,524,0,8,2689
down_proj,524,0,8,11158
final_layernorm,524,0,8,46273
lm_head,524,0,8,93496
embedding,525,0,8,16815
input_layernorm,525,0,8,44760
q_proj,525,0,8,5602
k_proj,525,0,8,4984
v_proj,525,0,8,4992
rope,525,0,8,18084
attn,525,0,8,8841
o_proj,525,0,8,4315
post_layernorm,525,0,8,45438
gate_proj,525,0,8,12342
up_proj,525,0,8,12664
act_fn,525,0,8,2691
down_proj,525,0,8,11178
final_layernorm,525,0,8,46198
lm_head,525,0,8,93563
embedding,526,0,8,16769
input_layernorm,526,0,8,45006
q_proj,526,0,8,5720
k_proj,526,0,8,5006
v_proj,526,0,8,4995
rope,526,0,8,18172
attn,526,0,8,8904
o_proj,526,0,8,4309
post_layernorm,526,0,8,45606
gate_proj,526,0,8,12343
up_proj,526,0,8,12713
act_fn,526,0,8,2703
down_proj,526,0,8,11159
final_layernorm,526,0,8,46352
lm_head,526,0,8,93643
embedding,527,0,8,17140
input_layernorm,527,0,8,45009
q_proj,527,0,8,5636
k_proj,527,0,8,5042
v_proj,527,0,8,5044
rope,527,0,8,18187
attn,527,0,8,8897
o_proj,527,0,8,4338
post_layernorm,527,0,8,45827
gate_proj,527,0,8,12370
up_proj,527,0,8,12818
act_fn,527,0,8,2689
down_proj,527,0,8,11190
final_layernorm,527,0,8,46505
lm_head,527,0,8,93849
embedding,528,0,8,16947
input_layernorm,528,0,8,45059
q_proj,528,0,8,5541
k_proj,528,0,8,5038
v_proj,528,0,8,5022
rope,528,0,8,18367
attn,528,0,8,8924
o_proj,528,0,8,4328
post_layernorm,528,0,8,45486
gate_proj,528,0,8,12369
up_proj,528,0,8,12816
act_fn,528,0,8,2706
down_proj,528,0,8,11450
final_layernorm,528,0,8,46273
lm_head,528,0,8,93889
embedding,529,0,8,16930
input_layernorm,529,0,8,45108
q_proj,529,0,8,5504
k_proj,529,0,8,5054
v_proj,529,0,8,5050
rope,529,0,8,18381
attn,529,0,8,8961
o_proj,529,0,8,4337
post_layernorm,529,0,8,45965
gate_proj,529,0,8,12307
up_proj,529,0,8,13037
act_fn,529,0,8,2695
down_proj,529,0,8,11216
final_layernorm,529,0,8,46788
lm_head,529,0,8,95795
embedding,530,0,8,17038
input_layernorm,530,0,8,45219
q_proj,530,0,8,5463
k_proj,530,0,8,5058
v_proj,530,0,8,5018
rope,530,0,8,18419
attn,530,0,8,9045
o_proj,530,0,8,4336
post_layernorm,530,0,8,45962
gate_proj,530,0,8,12349
up_proj,530,0,8,13046
act_fn,530,0,8,2713
down_proj,530,0,8,11185
final_layernorm,530,0,8,46855
lm_head,530,0,8,95812
embedding,531,0,8,16959
input_layernorm,531,0,8,45042
q_proj,531,0,8,5443
k_proj,531,0,8,4994
v_proj,531,0,8,4975
rope,531,0,8,18392
attn,531,0,8,8976
o_proj,531,0,8,4309
post_layernorm,531,0,8,45868
gate_proj,531,0,8,12277
up_proj,531,0,8,12875
act_fn,531,0,8,2717
down_proj,531,0,8,11155
final_layernorm,531,0,8,46601
lm_head,531,0,8,95577
embedding,532,0,8,16908
input_layernorm,532,0,8,45237
q_proj,532,0,8,5528
k_proj,532,0,8,5024
v_proj,532,0,8,4993
rope,532,0,8,18518
attn,532,0,8,9008
o_proj,532,0,8,4323
post_layernorm,532,0,8,46051
gate_proj,532,0,8,12304
up_proj,532,0,8,12919
act_fn,532,0,8,2716
down_proj,532,0,8,11189
final_layernorm,532,0,8,46919
lm_head,532,0,8,95773
embedding,533,0,8,16941
input_layernorm,533,0,8,45399
q_proj,533,0,8,5438
k_proj,533,0,8,5043
v_proj,533,0,8,5043
rope,533,0,8,18515
attn,533,0,8,9023
o_proj,533,0,8,4337
post_layernorm,533,0,8,46097
gate_proj,533,0,8,12364
up_proj,533,0,8,13075
act_fn,533,0,8,2726
down_proj,533,0,8,11215
final_layernorm,533,0,8,46927
lm_head,533,0,8,95978
embedding,534,0,8,16820
input_layernorm,534,0,8,45400
q_proj,534,0,8,5304
k_proj,534,0,8,5010
v_proj,534,0,8,4975
rope,534,0,8,18521
attn,534,0,8,9043
o_proj,534,0,8,4287
post_layernorm,534,0,8,46121
gate_proj,534,0,8,12291
up_proj,534,0,8,12836
act_fn,534,0,8,2728
down_proj,534,0,8,11166
final_layernorm,534,0,8,47029
lm_head,534,0,8,95656
embedding,535,0,8,16987
input_layernorm,535,0,8,45526
q_proj,535,0,8,5265
k_proj,535,0,8,5050
v_proj,535,0,8,5036
rope,535,0,8,18612
attn,535,0,8,9101
o_proj,535,0,8,4320
post_layernorm,535,0,8,46422
gate_proj,535,0,8,12343
up_proj,535,0,8,12964
act_fn,535,0,8,2732
down_proj,535,0,8,11247
final_layernorm,535,0,8,47189
lm_head,535,0,8,96047
embedding,536,0,8,17006
input_layernorm,536,0,8,45470
q_proj,536,0,8,5214
k_proj,536,0,8,5040
v_proj,536,0,8,5008
rope,536,0,8,18652
attn,536,0,8,9025
o_proj,536,0,8,4309
post_layernorm,536,0,8,45996
gate_proj,536,0,8,12319
up_proj,536,0,8,12934
act_fn,536,0,8,2718
down_proj,536,0,8,11223
final_layernorm,536,0,8,46804
lm_head,536,0,8,95848
embedding,537,0,8,16944
input_layernorm,537,0,8,45568
q_proj,537,0,8,5336
k_proj,537,0,8,5077
v_proj,537,0,8,5024
rope,537,0,8,18591
attn,537,0,8,9069
o_proj,537,0,8,4342
post_layernorm,537,0,8,46405
gate_proj,537,0,8,12372
up_proj,537,0,8,12969
act_fn,537,0,8,2730
down_proj,537,0,8,11212
final_layernorm,537,0,8,47261
lm_head,537,0,8,96127
embedding,538,0,8,17095
input_layernorm,538,0,8,45517
q_proj,538,0,8,5108
k_proj,538,0,8,5055
v_proj,538,0,8,5013
rope,538,0,8,18642
attn,538,0,8,9097
o_proj,538,0,8,4309
post_layernorm,538,0,8,46402
gate_proj,538,0,8,12357
up_proj,538,0,8,12989
act_fn,538,0,8,2721
down_proj,538,0,8,11224
final_layernorm,538,0,8,47132
lm_head,538,0,8,96016
embedding,539,0,8,17088
input_layernorm,539,0,8,45583
q_proj,539,0,8,5202
k_proj,539,0,8,5035
v_proj,539,0,8,5019
rope,539,0,8,18599
attn,539,0,8,9092
o_proj,539,0,8,4325
post_layernorm,539,0,8,46331
gate_proj,539,0,8,12343
up_proj,539,0,8,12962
act_fn,539,0,8,2728
down_proj,539,0,8,11189
final_layernorm,539,0,8,47094
lm_head,539,0,8,96065
embedding,540,0,8,17007
input_layernorm,540,0,8,45679
q_proj,540,0,8,5112
k_proj,540,0,8,5072
v_proj,540,0,8,5019
rope,540,0,8,18816
attn,540,0,8,9096
o_proj,540,0,8,4316
post_layernorm,540,0,8,46480
gate_proj,540,0,8,12361
up_proj,540,0,8,13030
act_fn,540,0,8,2742
down_proj,540,0,8,11218
final_layernorm,540,0,8,47280
lm_head,540,0,8,96076
embedding,541,0,8,16922
input_layernorm,541,0,8,45667
q_proj,541,0,8,5215
k_proj,541,0,8,5040
v_proj,541,0,8,5013
rope,541,0,8,18597
attn,541,0,8,9113
o_proj,541,0,8,4314
post_layernorm,541,0,8,46388
gate_proj,541,0,8,12332
up_proj,541,0,8,12892
act_fn,541,0,8,2749
down_proj,541,0,8,11229
final_layernorm,541,0,8,47298
lm_head,541,0,8,96018
embedding,542,0,8,17011
input_layernorm,542,0,8,45718
q_proj,542,0,8,5026
k_proj,542,0,8,5065
v_proj,542,0,8,5031
rope,542,0,8,18804
attn,542,0,8,9136
o_proj,542,0,8,4331
post_layernorm,542,0,8,46493
gate_proj,542,0,8,12404
up_proj,542,0,8,13087
act_fn,542,0,8,2748
down_proj,542,0,8,11245
final_layernorm,542,0,8,47331
lm_head,542,0,8,96281
embedding,543,0,8,16953
input_layernorm,543,0,8,45634
q_proj,543,0,8,5085
k_proj,543,0,8,5021
v_proj,543,0,8,4991
rope,543,0,8,18642
attn,543,0,8,9092
o_proj,543,0,8,4316
post_layernorm,543,0,8,46416
gate_proj,543,0,8,12311
up_proj,543,0,8,12835
act_fn,543,0,8,2757
down_proj,543,0,8,11214
final_layernorm,543,0,8,47299
lm_head,543,0,8,95957
embedding,544,0,8,16970
input_layernorm,544,0,8,45645
q_proj,544,0,8,6055
k_proj,544,0,8,5069
v_proj,544,0,8,5062
rope,544,0,8,18848
attn,544,0,8,9106
o_proj,544,0,8,4427
post_layernorm,544,0,8,46264
gate_proj,544,0,8,13063
up_proj,544,0,8,13776
act_fn,544,0,8,2746
down_proj,544,0,8,14278
final_layernorm,544,0,8,47383
lm_head,544,0,8,100610
embedding,545,0,8,17143
input_layernorm,545,0,8,45757
q_proj,545,0,8,6413
k_proj,545,0,8,4995
v_proj,545,0,8,4975
rope,545,0,8,18786
attn,545,0,8,9159
o_proj,545,0,8,4442
post_layernorm,545,0,8,46615
gate_proj,545,0,8,13088
up_proj,545,0,8,13845
act_fn,545,0,8,2742
down_proj,545,0,8,11539
final_layernorm,545,0,8,47300
lm_head,545,0,8,100770
embedding,546,0,8,17065
input_layernorm,546,0,8,45849
q_proj,546,0,8,6418
k_proj,546,0,8,5018
v_proj,546,0,8,5004
rope,546,0,8,18943
attn,546,0,8,9126
o_proj,546,0,8,4433
post_layernorm,546,0,8,46642
gate_proj,546,0,8,13089
up_proj,546,0,8,13776
act_fn,546,0,8,2766
down_proj,546,0,8,11564
final_layernorm,546,0,8,47469
lm_head,546,0,8,100823
embedding,547,0,8,17128
input_layernorm,547,0,8,45847
q_proj,547,0,8,6448
k_proj,547,0,8,4992
v_proj,547,0,8,4940
rope,547,0,8,18777
attn,547,0,8,9190
o_proj,547,0,8,4428
post_layernorm,547,0,8,46646
gate_proj,547,0,8,13074
up_proj,547,0,8,13814
act_fn,547,0,8,2753
down_proj,547,0,8,11531
final_layernorm,547,0,8,47431
lm_head,547,0,8,100674
embedding,548,0,8,17086
input_layernorm,548,0,8,45956
q_proj,548,0,8,6404
k_proj,548,0,8,4988
v_proj,548,0,8,4965
rope,548,0,8,18941
attn,548,0,8,9189
o_proj,548,0,8,4450
post_layernorm,548,0,8,46624
gate_proj,548,0,8,13056
up_proj,548,0,8,13778
act_fn,548,0,8,2750
down_proj,548,0,8,11547
final_layernorm,548,0,8,47409
lm_head,548,0,8,100812
embedding,549,0,8,17158
input_layernorm,549,0,8,45851
q_proj,549,0,8,6361
k_proj,549,0,8,4991
v_proj,549,0,8,4959
rope,549,0,8,18800
attn,549,0,8,9126
o_proj,549,0,8,4439
post_layernorm,549,0,8,46692
gate_proj,549,0,8,13063
up_proj,549,0,8,13777
act_fn,549,0,8,2764
down_proj,549,0,8,11570
final_layernorm,549,0,8,47268
lm_head,549,0,8,100770
embedding,550,0,8,17207
input_layernorm,550,0,8,46014
q_proj,550,0,8,6276
k_proj,550,0,8,5024
v_proj,550,0,8,4995
rope,550,0,8,18955
attn,550,0,8,9187
o_proj,550,0,8,4437
post_layernorm,550,0,8,46717
gate_proj,550,0,8,13143
up_proj,550,0,8,13832
act_fn,550,0,8,2771
down_proj,550,0,8,11582
final_layernorm,550,0,8,47521
lm_head,550,0,8,100903
embedding,551,0,8,17264
input_layernorm,551,0,8,45957
q_proj,551,0,8,6430
k_proj,551,0,8,4987
v_proj,551,0,8,4954
rope,551,0,8,18833
attn,551,0,8,9135
o_proj,551,0,8,4444
post_layernorm,551,0,8,46863
gate_proj,551,0,8,13048
up_proj,551,0,8,13773
act_fn,551,0,8,2776
down_proj,551,0,8,11576
final_layernorm,551,0,8,47529
lm_head,551,0,8,100841
embedding,552,0,8,17351
input_layernorm,552,0,8,45990
q_proj,552,0,8,6130
k_proj,552,0,8,5021
v_proj,552,0,8,4994
rope,552,0,8,18994
attn,552,0,8,9282
o_proj,552,0,8,4438
post_layernorm,552,0,8,46558
gate_proj,552,0,8,13079
up_proj,552,0,8,13869
act_fn,552,0,8,2768
down_proj,552,0,8,11575
final_layernorm,552,0,8,47299
lm_head,552,0,8,100955
embedding,553,0,8,17491
input_layernorm,553,0,8,46061
q_proj,553,0,8,6146
k_proj,553,0,8,5006
v_proj,553,0,8,4968
rope,553,0,8,18866
attn,553,0,8,9164
o_proj,553,0,8,4443
post_layernorm,553,0,8,46797
gate_proj,553,0,8,13085
up_proj,553,0,8,13832
act_fn,553,0,8,2784
down_proj,553,0,8,11588
final_layernorm,553,0,8,47520
lm_head,553,0,8,100919
embedding,554,0,8,17274
input_layernorm,554,0,8,46059
q_proj,554,0,8,6112
k_proj,554,0,8,4993
v_proj,554,0,8,4987
rope,554,0,8,18978
attn,554,0,8,9162
o_proj,554,0,8,4441
post_layernorm,554,0,8,46851
gate_proj,554,0,8,13126
up_proj,554,0,8,13818
act_fn,554,0,8,2776
down_proj,554,0,8,11593
final_layernorm,554,0,8,47608
lm_head,554,0,8,100954
embedding,555,0,8,17445
input_layernorm,555,0,8,46066
q_proj,555,0,8,6048
k_proj,555,0,8,4980
v_proj,555,0,8,4948
rope,555,0,8,18807
attn,555,0,8,9167
o_proj,555,0,8,4441
post_layernorm,555,0,8,46921
gate_proj,555,0,8,13065
up_proj,555,0,8,13817
act_fn,555,0,8,2784
down_proj,555,0,8,11565
final_layernorm,555,0,8,47585
lm_head,555,0,8,100872
embedding,556,0,8,17547
input_layernorm,556,0,8,46242
q_proj,556,0,8,6024
k_proj,556,0,8,5043
v_proj,556,0,8,5005
rope,556,0,8,19105
attn,556,0,8,9267
o_proj,556,0,8,4452
post_layernorm,556,0,8,47093
gate_proj,556,0,8,13115
up_proj,556,0,8,13812
act_fn,556,0,8,2811
down_proj,556,0,8,11633
final_layernorm,556,0,8,47740
lm_head,556,0,8,101079
embedding,557,0,8,17555
input_layernorm,557,0,8,46215
q_proj,557,0,8,6028
k_proj,557,0,8,4997
v_proj,557,0,8,4933
rope,557,0,8,18822
attn,557,0,8,9158
o_proj,557,0,8,4435
post_layernorm,557,0,8,47074
gate_proj,557,0,8,13041
up_proj,557,0,8,13706
act_fn,557,0,8,2787
down_proj,557,0,8,11594
final_layernorm,557,0,8,47724
lm_head,557,0,8,100738
embedding,558,0,8,17527
input_layernorm,558,0,8,46258
q_proj,558,0,8,6060
k_proj,558,0,8,5027
v_proj,558,0,8,4985
rope,558,0,8,19006
attn,558,0,8,9251
o_proj,558,0,8,4442
post_layernorm,558,0,8,47078
gate_proj,558,0,8,13133
up_proj,558,0,8,13889
act_fn,558,0,8,2794
down_proj,558,0,8,11604
final_layernorm,558,0,8,47731
lm_head,558,0,8,101126
embedding,559,0,8,17881
input_layernorm,559,0,8,46338
q_proj,559,0,8,5923
k_proj,559,0,8,5032
v_proj,559,0,8,5004
rope,559,0,8,18971
attn,559,0,8,9193
o_proj,559,0,8,4460
post_layernorm,559,0,8,47102
gate_proj,559,0,8,13130
up_proj,559,0,8,13906
act_fn,559,0,8,2794
down_proj,559,0,8,11638
final_layernorm,559,0,8,47633
lm_head,559,0,8,101251
embedding,560,0,8,17738
input_layernorm,560,0,8,46321
q_proj,560,0,8,5872
k_proj,560,0,8,5034
v_proj,560,0,8,5075
rope,560,0,8,19130
attn,560,0,8,9211
o_proj,560,0,8,4441
post_layernorm,560,0,8,46717
gate_proj,560,0,8,13118
up_proj,560,0,8,13866
act_fn,560,0,8,2821
down_proj,560,0,8,11615
final_layernorm,560,0,8,47146
lm_head,560,0,8,101157
embedding,561,0,8,17759
input_layernorm,561,0,8,46207
q_proj,561,0,8,5901
k_proj,561,0,8,5018
v_proj,561,0,8,5042
rope,561,0,8,18837
attn,561,0,8,9149
o_proj,561,0,8,4425
post_layernorm,561,0,8,46936
gate_proj,561,0,8,13063
up_proj,561,0,8,13668
act_fn,561,0,8,2800
down_proj,561,0,8,11609
final_layernorm,561,0,8,47485
lm_head,561,0,8,100819
embedding,562,0,8,17972
input_layernorm,562,0,8,46431
q_proj,562,0,8,5840
k_proj,562,0,8,5049
v_proj,562,0,8,5092
rope,562,0,8,19069
attn,562,0,8,9222
o_proj,562,0,8,4447
post_layernorm,562,0,8,47164
gate_proj,562,0,8,13102
up_proj,562,0,8,13893
act_fn,562,0,8,2797
down_proj,562,0,8,11649
final_layernorm,562,0,8,47574
lm_head,562,0,8,101243
embedding,563,0,8,18014
input_layernorm,563,0,8,46449
q_proj,563,0,8,5798
k_proj,563,0,8,5054
v_proj,563,0,8,5128
rope,563,0,8,18971
attn,563,0,8,9291
o_proj,563,0,8,4467
post_layernorm,563,0,8,47378
gate_proj,563,0,8,13126
up_proj,563,0,8,13841
act_fn,563,0,8,2800
down_proj,563,0,8,11648
final_layernorm,563,0,8,47750
lm_head,563,0,8,101190
embedding,564,0,8,17785
input_layernorm,564,0,8,46412
q_proj,564,0,8,5793
k_proj,564,0,8,5045
v_proj,564,0,8,5089
rope,564,0,8,19102
attn,564,0,8,9283
o_proj,564,0,8,4457
post_layernorm,564,0,8,47266
gate_proj,564,0,8,13112
up_proj,564,0,8,13794
act_fn,564,0,8,2807
down_proj,564,0,8,11633
final_layernorm,564,0,8,47726
lm_head,564,0,8,101215
embedding,565,0,8,17759
input_layernorm,565,0,8,46400
q_proj,565,0,8,5812
k_proj,565,0,8,4995
v_proj,565,0,8,5038
rope,565,0,8,18867
attn,565,0,8,9253
o_proj,565,0,8,4433
post_layernorm,565,0,8,47100
gate_proj,565,0,8,13065
up_proj,565,0,8,13742
act_fn,565,0,8,2807
down_proj,565,0,8,11629
final_layernorm,565,0,8,47514
lm_head,565,0,8,100956
embedding,566,0,8,17767
input_layernorm,566,0,8,46505
q_proj,566,0,8,5895
k_proj,566,0,8,5048
v_proj,566,0,8,5078
rope,566,0,8,19073
attn,566,0,8,9233
o_proj,566,0,8,4451
post_layernorm,566,0,8,47239
gate_proj,566,0,8,13093
up_proj,566,0,8,13811
act_fn,566,0,8,2812
down_proj,566,0,8,11632
final_layernorm,566,0,8,47779
lm_head,566,0,8,101275
embedding,567,0,8,18118
input_layernorm,567,0,8,46662
q_proj,567,0,8,5796
k_proj,567,0,8,5053
v_proj,567,0,8,5087
rope,567,0,8,19014
attn,567,0,8,9308
o_proj,567,0,8,4478
post_layernorm,567,0,8,47447
gate_proj,567,0,8,13113
up_proj,567,0,8,13866
act_fn,567,0,8,2836
down_proj,567,0,8,11650
final_layernorm,567,0,8,47872
lm_head,567,0,8,101286
embedding,568,0,8,17900
input_layernorm,568,0,8,46696
q_proj,568,0,8,5657
k_proj,568,0,8,5088
v_proj,568,0,8,5128
rope,568,0,8,19230
attn,568,0,8,9270
o_proj,568,0,8,4477
post_layernorm,568,0,8,47219
gate_proj,568,0,8,13164
up_proj,568,0,8,13972
act_fn,568,0,8,2849
down_proj,568,0,8,11712
final_layernorm,568,0,8,47750
lm_head,568,0,8,101584
embedding,569,0,8,17994
input_layernorm,569,0,8,46543
q_proj,569,0,8,5608
k_proj,569,0,8,5016
v_proj,569,0,8,5071
rope,569,0,8,18999
attn,569,0,8,9295
o_proj,569,0,8,4469
post_layernorm,569,0,8,47326
gate_proj,569,0,8,13138
up_proj,569,0,8,13862
act_fn,569,0,8,2850
down_proj,569,0,8,11644
final_layernorm,569,0,8,47756
lm_head,569,0,8,101254
embedding,570,0,8,17844
input_layernorm,570,0,8,46619
q_proj,570,0,8,5597
k_proj,570,0,8,5065
v_proj,570,0,8,5092
rope,570,0,8,19204
attn,570,0,8,9358
o_proj,570,0,8,4475
post_layernorm,570,0,8,47487
gate_proj,570,0,8,13158
up_proj,570,0,8,13981
act_fn,570,0,8,2854
down_proj,570,0,8,11667
final_layernorm,570,0,8,47968
lm_head,570,0,8,101532
embedding,571,0,8,17944
input_layernorm,571,0,8,46784
q_proj,571,0,8,5615
k_proj,571,0,8,5074
v_proj,571,0,8,5103
rope,571,0,8,19082
attn,571,0,8,9301
o_proj,571,0,8,4472
post_layernorm,571,0,8,47622
gate_proj,571,0,8,13123
up_proj,571,0,8,13836
act_fn,571,0,8,2851
down_proj,571,0,8,11653
final_layernorm,571,0,8,48105
lm_head,571,0,8,101438
embedding,572,0,8,17827
input_layernorm,572,0,8,46720
q_proj,572,0,8,5622
k_proj,572,0,8,5023
v_proj,572,0,8,5061
rope,572,0,8,19211
attn,572,0,8,9313
o_proj,572,0,8,4454
post_layernorm,572,0,8,47591
gate_proj,572,0,8,13125
up_proj,572,0,8,13858
act_fn,572,0,8,2844
down_proj,572,0,8,11660
final_layernorm,572,0,8,48020
lm_head,572,0,8,101397
embedding,573,0,8,17997
input_layernorm,573,0,8,46936
q_proj,573,0,8,5585
k_proj,573,0,8,5054
v_proj,573,0,8,5117
rope,573,0,8,19138
attn,573,0,8,9323
o_proj,573,0,8,4483
post_layernorm,573,0,8,47581
gate_proj,573,0,8,13167
up_proj,573,0,8,13889
act_fn,573,0,8,2870
down_proj,573,0,8,11679
final_layernorm,573,0,8,48043
lm_head,573,0,8,101583
embedding,574,0,8,17825
input_layernorm,574,0,8,46740
q_proj,574,0,8,5606
k_proj,574,0,8,5043
v_proj,574,0,8,5081
rope,574,0,8,19194
attn,574,0,8,9360
o_proj,574,0,8,4460
post_layernorm,574,0,8,47573
gate_proj,574,0,8,13123
up_proj,574,0,8,13841
act_fn,574,0,8,2852
down_proj,574,0,8,11675
final_layernorm,574,0,8,48031
lm_head,574,0,8,101512
embedding,575,0,8,17727
input_layernorm,575,0,8,47058
q_proj,575,0,8,5625
k_proj,575,0,8,4977
v_proj,575,0,8,5028
rope,575,0,8,19010
attn,575,0,8,9165
o_proj,575,0,8,4423
post_layernorm,575,0,8,47590
gate_proj,575,0,8,13073
up_proj,575,0,8,13744
act_fn,575,0,8,2850
down_proj,575,0,8,11660
final_layernorm,575,0,8,48015
lm_head,575,0,8,101221
embedding,576,0,8,17935
input_layernorm,576,0,8,46921
q_proj,576,0,8,7296
k_proj,576,0,8,5038
v_proj,576,0,8,5116
rope,576,0,8,19336
attn,576,0,8,9377
o_proj,576,0,8,5074
post_layernorm,576,0,8,47265
gate_proj,576,0,8,13181
up_proj,576,0,8,13846
act_fn,576,0,8,2895
down_proj,576,0,8,12565
final_layernorm,576,0,8,47913
lm_head,576,0,8,101598
embedding,577,0,8,17957
input_layernorm,577,0,8,47010
q_proj,577,0,8,6191
k_proj,577,0,8,5044
v_proj,577,0,8,5063
rope,577,0,8,19059
attn,577,0,8,11163
o_proj,577,0,8,4571
post_layernorm,577,0,8,47463
gate_proj,577,0,8,13817
up_proj,577,0,8,14653
act_fn,577,0,8,2873
down_proj,577,0,8,12002
final_layernorm,577,0,8,47804
lm_head,577,0,8,104453
embedding,578,0,8,18041
input_layernorm,578,0,8,46974
q_proj,578,0,8,6221
k_proj,578,0,8,5120
v_proj,578,0,8,5125
rope,578,0,8,19350
attn,578,0,8,11197
o_proj,578,0,8,4626
post_layernorm,578,0,8,47680
gate_proj,578,0,8,13957
up_proj,578,0,8,14893
act_fn,578,0,8,2886
down_proj,578,0,8,12055
final_layernorm,578,0,8,48239
lm_head,578,0,8,104992
embedding,579,0,8,17949
input_layernorm,579,0,8,47163
q_proj,579,0,8,6175
k_proj,579,0,8,5047
v_proj,579,0,8,5022
rope,579,0,8,19104
attn,579,0,8,11036
o_proj,579,0,8,4570
post_layernorm,579,0,8,47639
gate_proj,579,0,8,13815
up_proj,579,0,8,14611
act_fn,579,0,8,2868
down_proj,579,0,8,12018
final_layernorm,579,0,8,48126
lm_head,579,0,8,104616
embedding,580,0,8,17839
input_layernorm,580,0,8,46968
q_proj,580,0,8,6173
k_proj,580,0,8,5091
v_proj,580,0,8,5084
rope,580,0,8,19316
attn,580,0,8,11112
o_proj,580,0,8,4603
post_layernorm,580,0,8,47603
gate_proj,580,0,8,13884
up_proj,580,0,8,14658
act_fn,580,0,8,2905
down_proj,580,0,8,12038
final_layernorm,580,0,8,48052
lm_head,580,0,8,104760
embedding,581,0,8,18055
input_layernorm,581,0,8,47387
q_proj,581,0,8,6089
k_proj,581,0,8,5107
v_proj,581,0,8,5109
rope,581,0,8,19269
attn,581,0,8,11116
o_proj,581,0,8,4621
post_layernorm,581,0,8,47881
gate_proj,581,0,8,13953
up_proj,581,0,8,14805
act_fn,581,0,8,2911
down_proj,581,0,8,12062
final_layernorm,581,0,8,48203
lm_head,581,0,8,105008
embedding,582,0,8,17935
input_layernorm,582,0,8,46863
q_proj,582,0,8,6052
k_proj,582,0,8,5050
v_proj,582,0,8,5049
rope,582,0,8,19218
attn,582,0,8,10958
o_proj,582,0,8,4597
post_layernorm,582,0,8,47663
gate_proj,582,0,8,13839
up_proj,582,0,8,14696
act_fn,582,0,8,2903
down_proj,582,0,8,12026
final_layernorm,582,0,8,48045
lm_head,582,0,8,104693
embedding,583,0,8,17978
input_layernorm,583,0,8,47354
q_proj,583,0,8,6052
k_proj,583,0,8,5062
v_proj,583,0,8,5045
rope,583,0,8,19120
attn,583,0,8,11127
o_proj,583,0,8,4590
post_layernorm,583,0,8,47759
gate_proj,583,0,8,13856
up_proj,583,0,8,14669
act_fn,583,0,8,2891
down_proj,583,0,8,12052
final_layernorm,583,0,8,48162
lm_head,583,0,8,104697
embedding,584,0,8,17942
input_layernorm,584,0,8,46945
q_proj,584,0,8,5996
k_proj,584,0,8,5065
v_proj,584,0,8,5055
rope,584,0,8,19299
attn,584,0,8,11124
o_proj,584,0,8,4585
post_layernorm,584,0,8,47371
gate_proj,584,0,8,13464
up_proj,584,0,8,14353
act_fn,584,0,8,2897
down_proj,584,0,8,12040
final_layernorm,584,0,8,47916
lm_head,584,0,8,104842
embedding,585,0,8,18242
input_layernorm,585,0,8,47503
q_proj,585,0,8,6041
k_proj,585,0,8,5033
v_proj,585,0,8,5029
rope,585,0,8,19096
attn,585,0,8,11070
o_proj,585,0,8,4574
post_layernorm,585,0,8,47745
gate_proj,585,0,8,13808
up_proj,585,0,8,14662
act_fn,585,0,8,2909
down_proj,585,0,8,12014
final_layernorm,585,0,8,48190
lm_head,585,0,8,104711
embedding,586,0,8,18136
input_layernorm,586,0,8,47063
q_proj,586,0,8,5941
k_proj,586,0,8,5067
v_proj,586,0,8,5024
rope,586,0,8,19262
attn,586,0,8,11098
o_proj,586,0,8,4583
post_layernorm,586,0,8,47750
gate_proj,586,0,8,13869
up_proj,586,0,8,14592
act_fn,586,0,8,2917
down_proj,586,0,8,12053
final_layernorm,586,0,8,48138
lm_head,586,0,8,104832
embedding,587,0,8,18274
input_layernorm,587,0,8,47459
q_proj,587,0,8,5944
k_proj,587,0,8,5093
v_proj,587,0,8,5087
rope,587,0,8,19255
attn,587,0,8,11196
o_proj,587,0,8,4617
post_layernorm,587,0,8,47922
gate_proj,587,0,8,13915
up_proj,587,0,8,14792
act_fn,587,0,8,2943
down_proj,587,0,8,12108
final_layernorm,587,0,8,48333
lm_head,587,0,8,105110
embedding,588,0,8,18213
input_layernorm,588,0,8,47256
q_proj,588,0,8,5977
k_proj,588,0,8,5100
v_proj,588,0,8,5082
rope,588,0,8,19403
attn,588,0,8,11107
o_proj,588,0,8,4634
post_layernorm,588,0,8,47880
gate_proj,588,0,8,13950
up_proj,588,0,8,14816
act_fn,588,0,8,2953
down_proj,588,0,8,12102
final_layernorm,588,0,8,48322
lm_head,588,0,8,105100
embedding,589,0,8,18265
input_layernorm,589,0,8,47496
q_proj,589,0,8,5972
k_proj,589,0,8,5046
v_proj,589,0,8,5011
rope,589,0,8,19127
attn,589,0,8,11054
o_proj,589,0,8,4593
post_layernorm,589,0,8,47865
gate_proj,589,0,8,13826
up_proj,589,0,8,14571
act_fn,589,0,8,2935
down_proj,589,0,8,12034
final_layernorm,589,0,8,48339
lm_head,589,0,8,104784
embedding,590,0,8,18278
input_layernorm,590,0,8,47243
q_proj,590,0,8,5854
k_proj,590,0,8,5079
v_proj,590,0,8,5046
rope,590,0,8,19368
attn,590,0,8,11109
o_proj,590,0,8,4616
post_layernorm,590,0,8,47950
gate_proj,590,0,8,13917
up_proj,590,0,8,14820
act_fn,590,0,8,2939
down_proj,590,0,8,12088
final_layernorm,590,0,8,48355
lm_head,590,0,8,105175
embedding,591,0,8,18822
input_layernorm,591,0,8,47878
q_proj,591,0,8,5943
k_proj,591,0,8,5128
v_proj,591,0,8,5144
rope,591,0,8,19428
attn,591,0,8,11250
o_proj,591,0,8,4672
post_layernorm,591,0,8,48245
gate_proj,591,0,8,14043
up_proj,591,0,8,14968
act_fn,591,0,8,2964
down_proj,591,0,8,12164
final_layernorm,591,0,8,48895
lm_head,591,0,8,105594
embedding,592,0,8,18593
input_layernorm,592,0,8,47328
q_proj,592,0,8,5596
k_proj,592,0,8,5133
v_proj,592,0,8,5103
rope,592,0,8,19457
attn,592,0,8,11078
o_proj,592,0,8,4618
post_layernorm,592,0,8,47765
gate_proj,592,0,8,13942
up_proj,592,0,8,14838
act_fn,592,0,8,2958
down_proj,592,0,8,12677
final_layernorm,592,0,8,48362
lm_head,592,0,8,105841
embedding,593,0,8,18869
input_layernorm,593,0,8,47793
q_proj,593,0,8,5689
k_proj,593,0,8,5120
v_proj,593,0,8,5083
rope,593,0,8,19319
attn,593,0,8,11146
o_proj,593,0,8,4623
post_layernorm,593,0,8,48167
gate_proj,593,0,8,13926
up_proj,593,0,8,14758
act_fn,593,0,8,2979
down_proj,593,0,8,12088
final_layernorm,593,0,8,48576
lm_head,593,0,8,105345
embedding,594,0,8,18633
input_layernorm,594,0,8,47432
q_proj,594,0,8,5679
k_proj,594,0,8,5078
v_proj,594,0,8,5046
rope,594,0,8,19357
attn,594,0,8,11100
o_proj,594,0,8,4616
post_layernorm,594,0,8,48060
gate_proj,594,0,8,13911
up_proj,594,0,8,14811
act_fn,594,0,8,2962
down_proj,594,0,8,12095
final_layernorm,594,0,8,48541
lm_head,594,0,8,105267
embedding,595,0,8,18478
input_layernorm,595,0,8,47655
q_proj,595,0,8,5710
k_proj,595,0,8,5051
v_proj,595,0,8,5029
rope,595,0,8,19224
attn,595,0,8,11114
o_proj,595,0,8,4582
post_layernorm,595,0,8,47980
gate_proj,595,0,8,13871
up_proj,595,0,8,14601
act_fn,595,0,8,2939
down_proj,595,0,8,12074
final_layernorm,595,0,8,48438
lm_head,595,0,8,105093
embedding,596,0,8,18645
input_layernorm,596,0,8,47531
q_proj,596,0,8,5605
k_proj,596,0,8,5114
v_proj,596,0,8,5064
rope,596,0,8,19492
attn,596,0,8,11158
o_proj,596,0,8,4630
post_layernorm,596,0,8,48126
gate_proj,596,0,8,13956
up_proj,596,0,8,14827
act_fn,596,0,8,2960
down_proj,596,0,8,12116
final_layernorm,596,0,8,48647
lm_head,596,0,8,105431
embedding,597,0,8,18846
input_layernorm,597,0,8,48026
q_proj,597,0,8,5556
k_proj,597,0,8,5126
v_proj,597,0,8,5085
rope,597,0,8,19443
attn,597,0,8,11161
o_proj,597,0,8,4644
post_layernorm,597,0,8,48372
gate_proj,597,0,8,14001
up_proj,597,0,8,14736
act_fn,597,0,8,2973
down_proj,597,0,8,12158
final_layernorm,597,0,8,48952
lm_head,597,0,8,105581
embedding,598,0,8,18774
input_layernorm,598,0,8,47554
q_proj,598,0,8,5646
k_proj,598,0,8,5115
v_proj,598,0,8,5068
rope,598,0,8,19458
attn,598,0,8,11137
o_proj,598,0,8,4624
post_layernorm,598,0,8,48038
gate_proj,598,0,8,13972
up_proj,598,0,8,14845
act_fn,598,0,8,2992
down_proj,598,0,8,12141
final_layernorm,598,0,8,48818
lm_head,598,0,8,105584
embedding,599,0,8,18764
input_layernorm,599,0,8,47829
q_proj,599,0,8,5589
k_proj,599,0,8,5104
v_proj,599,0,8,5063
rope,599,0,8,19382
attn,599,0,8,11144
o_proj,599,0,8,4625
post_layernorm,599,0,8,48118
gate_proj,599,0,8,13939
up_proj,599,0,8,14682
act_fn,599,0,8,2969
down_proj,599,0,8,12107
final_layernorm,599,0,8,48737
lm_head,599,0,8,105400
embedding,600,0,8,18643
input_layernorm,600,0,8,47599
q_proj,600,0,8,5292
k_proj,600,0,8,5119
v_proj,600,0,8,5083
rope,600,0,8,19556
attn,600,0,8,11236
o_proj,600,0,8,4639
post_layernorm,600,0,8,47834
gate_proj,600,0,8,13583
up_proj,600,0,8,14331
act_fn,600,0,8,2972
down_proj,600,0,8,12145
final_layernorm,600,0,8,48624
lm_head,600,0,8,105608
embedding,601,0,8,18516
input_layernorm,601,0,8,47906
q_proj,601,0,8,5248
k_proj,601,0,8,5166
v_proj,601,0,8,5104
rope,601,0,8,19352
attn,601,0,8,11123
o_proj,601,0,8,4607
post_layernorm,601,0,8,48174
gate_proj,601,0,8,13916
up_proj,601,0,8,14658
act_fn,601,0,8,2973
down_proj,601,0,8,12143
final_layernorm,601,0,8,48883
lm_head,601,0,8,105371
embedding,602,0,8,18656
input_layernorm,602,0,8,47628
q_proj,602,0,8,5249
k_proj,602,0,8,5169
v_proj,602,0,8,5080
rope,602,0,8,19534
attn,602,0,8,11234
o_proj,602,0,8,4639
post_layernorm,602,0,8,48125
gate_proj,602,0,8,13961
up_proj,602,0,8,14851
act_fn,602,0,8,2992
down_proj,602,0,8,12146
final_layernorm,602,0,8,48853
lm_head,602,0,8,105620
embedding,603,0,8,18790
input_layernorm,603,0,8,48180
q_proj,603,0,8,5231
k_proj,603,0,8,5194
v_proj,603,0,8,5103
rope,603,0,8,19509
attn,603,0,8,11236
o_proj,603,0,8,4645
post_layernorm,603,0,8,48443
gate_proj,603,0,8,14019
up_proj,603,0,8,14851
act_fn,603,0,8,3018
down_proj,603,0,8,12165
final_layernorm,603,0,8,49084
lm_head,603,0,8,105736
embedding,604,0,8,18797
input_layernorm,604,0,8,47881
q_proj,604,0,8,5298
k_proj,604,0,8,5220
v_proj,604,0,8,5137
rope,604,0,8,19729
attn,604,0,8,11311
o_proj,604,0,8,4675
post_layernorm,604,0,8,48480
gate_proj,604,0,8,14086
up_proj,604,0,8,15032
act_fn,604,0,8,3011
down_proj,604,0,8,12180
final_layernorm,604,0,8,49249
lm_head,604,0,8,106038
embedding,605,0,8,18662
input_layernorm,605,0,8,47986
q_proj,605,0,8,5155
k_proj,605,0,8,5146
v_proj,605,0,8,5075
rope,605,0,8,19479
attn,605,0,8,11184
o_proj,605,0,8,4619
post_layernorm,605,0,8,48277
gate_proj,605,0,8,13942
up_proj,605,0,8,14741
act_fn,605,0,8,3007
down_proj,605,0,8,12134
final_layernorm,605,0,8,48868
lm_head,605,0,8,105541
embedding,606,0,8,18857
input_layernorm,606,0,8,47819
q_proj,606,0,8,5153
k_proj,606,0,8,5214
v_proj,606,0,8,5144
rope,606,0,8,19642
attn,606,0,8,11165
o_proj,606,0,8,4644
post_layernorm,606,0,8,48452
gate_proj,606,0,8,14037
up_proj,606,0,8,14936
act_fn,606,0,8,3018
down_proj,606,0,8,12173
final_layernorm,606,0,8,49206
lm_head,606,0,8,105859
embedding,607,0,8,18664
input_layernorm,607,0,8,48270
q_proj,607,0,8,5170
k_proj,607,0,8,5129
v_proj,607,0,8,5062
rope,607,0,8,19475
attn,607,0,8,11116
o_proj,607,0,8,4632
post_layernorm,607,0,8,48702
gate_proj,607,0,8,13971
up_proj,607,0,8,14760
act_fn,607,0,8,3022
down_proj,607,0,8,12137
final_layernorm,607,0,8,49252
lm_head,607,0,8,105675
embedding,608,0,8,18646
input_layernorm,608,0,8,47781
q_proj,608,0,8,6521
k_proj,608,0,8,5055
v_proj,608,0,8,5061
rope,608,0,8,19624
attn,608,0,8,11140
o_proj,608,0,8,4830
post_layernorm,608,0,8,48199
gate_proj,608,0,8,14126
up_proj,608,0,8,15037
act_fn,608,0,8,3023
down_proj,608,0,8,12689
final_layernorm,608,0,8,48851
lm_head,608,0,8,110246
embedding,609,0,8,18875
input_layernorm,609,0,8,48087
q_proj,609,0,8,7034
k_proj,609,0,8,5079
v_proj,609,0,8,5031
rope,609,0,8,19580
attn,609,0,8,11217
o_proj,609,0,8,5205
post_layernorm,609,0,8,48556
gate_proj,609,0,8,14000
up_proj,609,0,8,14787
act_fn,609,0,8,3034
down_proj,609,0,8,12708
final_layernorm,609,0,8,49257
lm_head,609,0,8,108114
embedding,610,0,8,18537
input_layernorm,610,0,8,47924
q_proj,610,0,8,7347
k_proj,610,0,8,5079
v_proj,610,0,8,5021
rope,610,0,8,19602
attn,610,0,8,11223
o_proj,610,0,8,5175
post_layernorm,610,0,8,48482
gate_proj,610,0,8,13995
up_proj,610,0,8,14774
act_fn,610,0,8,3029
down_proj,610,0,8,12701
final_layernorm,610,0,8,49268
lm_head,610,0,8,108210
embedding,611,0,8,18685
input_layernorm,611,0,8,48243
q_proj,611,0,8,6986
k_proj,611,0,8,5085
v_proj,611,0,8,5038
rope,611,0,8,19554
attn,611,0,8,11242
o_proj,611,0,8,5181
post_layernorm,611,0,8,48743
gate_proj,611,0,8,14006
up_proj,611,0,8,14842
act_fn,611,0,8,3031
down_proj,611,0,8,12713
final_layernorm,611,0,8,49430
lm_head,611,0,8,108342
embedding,612,0,8,18592
input_layernorm,612,0,8,47780
q_proj,612,0,8,6914
k_proj,612,0,8,5048
v_proj,612,0,8,4976
rope,612,0,8,19578
attn,612,0,8,11194
o_proj,612,0,8,5184
post_layernorm,612,0,8,48438
gate_proj,612,0,8,13952
up_proj,612,0,8,14758
act_fn,612,0,8,3044
down_proj,612,0,8,12701
final_layernorm,612,0,8,49093
lm_head,612,0,8,108082
embedding,613,0,8,18886
input_layernorm,613,0,8,48356
q_proj,613,0,8,6949
k_proj,613,0,8,5108
v_proj,613,0,8,5026
rope,613,0,8,19640
attn,613,0,8,11274
o_proj,613,0,8,5187
post_layernorm,613,0,8,48759
gate_proj,613,0,8,14049
up_proj,613,0,8,14883
act_fn,613,0,8,3059
down_proj,613,0,8,12756
final_layernorm,613,0,8,49457
lm_head,613,0,8,108425
embedding,614,0,8,18766
input_layernorm,614,0,8,47961
q_proj,614,0,8,7256
k_proj,614,0,8,5086
v_proj,614,0,8,5021
rope,614,0,8,19691
attn,614,0,8,11277
o_proj,614,0,8,5197
post_layernorm,614,0,8,48698
gate_proj,614,0,8,14028
up_proj,614,0,8,14935
act_fn,614,0,8,3069
down_proj,614,0,8,12789
final_layernorm,614,0,8,49316
lm_head,614,0,8,108468
embedding,615,0,8,18839
input_layernorm,615,0,8,48028
q_proj,615,0,8,6994
k_proj,615,0,8,5073
v_proj,615,0,8,5050
rope,615,0,8,19691
attn,615,0,8,11275
o_proj,615,0,8,5198
post_layernorm,615,0,8,48653
gate_proj,615,0,8,13997
up_proj,615,0,8,14762
act_fn,615,0,8,3045
down_proj,615,0,8,12741
final_layernorm,615,0,8,49223
lm_head,615,0,8,108326
embedding,616,0,8,18865
input_layernorm,616,0,8,48067
q_proj,616,0,8,6202
k_proj,616,0,8,5109
v_proj,616,0,8,5050
rope,616,0,8,19806
attn,616,0,8,11283
o_proj,616,0,8,5220
post_layernorm,616,0,8,48237
gate_proj,616,0,8,14013
up_proj,616,0,8,14818
act_fn,616,0,8,3038
down_proj,616,0,8,13441
final_layernorm,616,0,8,49443
lm_head,616,0,8,108487
embedding,617,0,8,18986
input_layernorm,617,0,8,48544
q_proj,617,0,8,6844
k_proj,617,0,8,5030
v_proj,617,0,8,5034
rope,617,0,8,19721
attn,617,0,8,11267
o_proj,617,0,8,5211
post_layernorm,617,0,8,48662
gate_proj,617,0,8,14057
up_proj,617,0,8,14841
act_fn,617,0,8,3062
down_proj,617,0,8,12774
final_layernorm,617,0,8,49288
lm_head,617,0,8,108537
embedding,618,0,8,18870
input_layernorm,618,0,8,47938
q_proj,618,0,8,7084
k_proj,618,0,8,4988
v_proj,618,0,8,5002
rope,618,0,8,19689
attn,618,0,8,11181
o_proj,618,0,8,5187
post_layernorm,618,0,8,48517
gate_proj,618,0,8,13962
up_proj,618,0,8,14692
act_fn,618,0,8,3054
down_proj,618,0,8,12737
final_layernorm,618,0,8,49141
lm_head,618,0,8,108290
embedding,619,0,8,19080
input_layernorm,619,0,8,48493
q_proj,619,0,8,6814
k_proj,619,0,8,4995
v_proj,619,0,8,5038
rope,619,0,8,19633
attn,619,0,8,11215
o_proj,619,0,8,5209
post_layernorm,619,0,8,48602
gate_proj,619,0,8,13995
up_proj,619,0,8,14768
act_fn,619,0,8,3059
down_proj,619,0,8,12744
final_layernorm,619,0,8,49240
lm_head,619,0,8,108331
embedding,620,0,8,18930
input_layernorm,620,0,8,48013
q_proj,620,0,8,6668
k_proj,620,0,8,5003
v_proj,620,0,8,5022
rope,620,0,8,19709
attn,620,0,8,11229
o_proj,620,0,8,5189
post_layernorm,620,0,8,48573
gate_proj,620,0,8,13970
up_proj,620,0,8,14738
act_fn,620,0,8,3028
down_proj,620,0,8,12732
final_layernorm,620,0,8,49235
lm_head,620,0,8,108309
embedding,621,0,8,19022
input_layernorm,621,0,8,48672
q_proj,621,0,8,6758
k_proj,621,0,8,5025
v_proj,621,0,8,5036
rope,621,0,8,19771
attn,621,0,8,11176
o_proj,621,0,8,5184
post_layernorm,621,0,8,48916
gate_proj,621,0,8,14037
up_proj,621,0,8,14834
act_fn,621,0,8,3059
down_proj,621,0,8,12772
final_layernorm,621,0,8,49507
lm_head,621,0,8,108627
embedding,622,0,8,19099
input_layernorm,622,0,8,48468
q_proj,622,0,8,7170
k_proj,622,0,8,5107
v_proj,622,0,8,5134
rope,622,0,8,19942
attn,622,0,8,11374
o_proj,622,0,8,5228
post_layernorm,622,0,8,48931
gate_proj,622,0,8,14131
up_proj,622,0,8,15069
act_fn,622,0,8,3088
down_proj,622,0,8,12842
final_layernorm,622,0,8,49892
lm_head,622,0,8,108948
embedding,623,0,8,19444
input_layernorm,623,0,8,48400
q_proj,623,0,8,6748
k_proj,623,0,8,4978
v_proj,623,0,8,5024
rope,623,0,8,19700
attn,623,0,8,11294
o_proj,623,0,8,5200
post_layernorm,623,0,8,48950
gate_proj,623,0,8,13990
up_proj,623,0,8,14783
act_fn,623,0,8,3085
down_proj,623,0,8,12786
final_layernorm,623,0,8,49722
lm_head,623,0,8,108500
embedding,624,0,8,19450
input_layernorm,624,0,8,48295
q_proj,624,0,8,5979
k_proj,624,0,8,5059
v_proj,624,0,8,5085
rope,624,0,8,19904
attn,624,0,8,11325
o_proj,624,0,8,5199
post_layernorm,624,0,8,48705
gate_proj,624,0,8,14054
up_proj,624,0,8,14884
act_fn,624,0,8,3095
down_proj,624,0,8,12775
final_layernorm,624,0,8,49290
lm_head,624,0,8,108655
embedding,625,0,8,19384
input_layernorm,625,0,8,48639
q_proj,625,0,8,6981
k_proj,625,0,8,5026
v_proj,625,0,8,5029
rope,625,0,8,19787
attn,625,0,8,11229
o_proj,625,0,8,4830
post_layernorm,625,0,8,49041
gate_proj,625,0,8,16266
up_proj,625,0,8,16878
act_fn,625,0,8,3140
down_proj,625,0,8,12842
final_layernorm,625,0,8,49425
lm_head,625,0,8,110988
embedding,626,0,8,19513
input_layernorm,626,0,8,48381
q_proj,626,0,8,6584
k_proj,626,0,8,5015
v_proj,626,0,8,5039
rope,626,0,8,19793
attn,626,0,8,11273
o_proj,626,0,8,4829
post_layernorm,626,0,8,48822
gate_proj,626,0,8,16273
up_proj,626,0,8,16849
act_fn,626,0,8,3111
down_proj,626,0,8,12871
final_layernorm,626,0,8,49303
lm_head,626,0,8,110976
embedding,627,0,8,19677
input_layernorm,627,0,8,48816
q_proj,627,0,8,6598
k_proj,627,0,8,5041
v_proj,627,0,8,5037
rope,627,0,8,19770
attn,627,0,8,11237
o_proj,627,0,8,4862
post_layernorm,627,0,8,49109
gate_proj,627,0,8,16330
up_proj,627,0,8,16888
act_fn,627,0,8,3121
down_proj,627,0,8,12888
final_layernorm,627,0,8,49524
lm_head,627,0,8,111116
embedding,628,0,8,19497
input_layernorm,628,0,8,48421
q_proj,628,0,8,6542
k_proj,628,0,8,5017
v_proj,628,0,8,5016
rope,628,0,8,19844
attn,628,0,8,11224
o_proj,628,0,8,4833
post_layernorm,628,0,8,48899
gate_proj,628,0,8,16269
up_proj,628,0,8,16792
act_fn,628,0,8,3124
down_proj,628,0,8,12853
final_layernorm,628,0,8,49311
lm_head,628,0,8,111033
embedding,629,0,8,19697
input_layernorm,629,0,8,48940
q_proj,629,0,8,6898
k_proj,629,0,8,5054
v_proj,629,0,8,5046
rope,629,0,8,19838
attn,629,0,8,11359
o_proj,629,0,8,4859
post_layernorm,629,0,8,49043
gate_proj,629,0,8,16360
up_proj,629,0,8,16868
act_fn,629,0,8,3136
down_proj,629,0,8,12881
final_layernorm,629,0,8,49365
lm_head,629,0,8,111253
embedding,630,0,8,19412
input_layernorm,630,0,8,48468
q_proj,630,0,8,6474
k_proj,630,0,8,5002
v_proj,630,0,8,5022
rope,630,0,8,19798
attn,630,0,8,11261
o_proj,630,0,8,4842
post_layernorm,630,0,8,48957
gate_proj,630,0,8,16216
up_proj,630,0,8,16740
act_fn,630,0,8,3125
down_proj,630,0,8,12866
final_layernorm,630,0,8,49285
lm_head,630,0,8,111010
embedding,631,0,8,19644
input_layernorm,631,0,8,48881
q_proj,631,0,8,6471
k_proj,631,0,8,5042
v_proj,631,0,8,5031
rope,631,0,8,19802
attn,631,0,8,11284
o_proj,631,0,8,4874
post_layernorm,631,0,8,49097
gate_proj,631,0,8,16356
up_proj,631,0,8,16879
act_fn,631,0,8,3131
down_proj,631,0,8,12859
final_layernorm,631,0,8,49502
lm_head,631,0,8,111268
embedding,632,0,8,19692
input_layernorm,632,0,8,48623
q_proj,632,0,8,5765
k_proj,632,0,8,5055
v_proj,632,0,8,5064
rope,632,0,8,19980
attn,632,0,8,11343
o_proj,632,0,8,4861
post_layernorm,632,0,8,48769
gate_proj,632,0,8,16349
up_proj,632,0,8,16926
act_fn,632,0,8,3132
down_proj,632,0,8,12895
final_layernorm,632,0,8,49298
lm_head,632,0,8,111287
embedding,633,0,8,19846
input_layernorm,633,0,8,48842
q_proj,633,0,8,6765
k_proj,633,0,8,5020
v_proj,633,0,8,4988
rope,633,0,8,19812
attn,633,0,8,11321
o_proj,633,0,8,4847
post_layernorm,633,0,8,49153
gate_proj,633,0,8,16290
up_proj,633,0,8,16908
act_fn,633,0,8,3137
down_proj,633,0,8,12899
final_layernorm,633,0,8,49562
lm_head,633,0,8,111199
embedding,634,0,8,19532
input_layernorm,634,0,8,48596
q_proj,634,0,8,6416
k_proj,634,0,8,5007
v_proj,634,0,8,4995
rope,634,0,8,19871
attn,634,0,8,11265
o_proj,634,0,8,4847
post_layernorm,634,0,8,49056
gate_proj,634,0,8,16301
up_proj,634,0,8,16828
act_fn,634,0,8,3147
down_proj,634,0,8,12877
final_layernorm,634,0,8,49649
lm_head,634,0,8,111262
embedding,635,0,8,19622
input_layernorm,635,0,8,48945
q_proj,635,0,8,6455
k_proj,635,0,8,5046
v_proj,635,0,8,4996
rope,635,0,8,19839
attn,635,0,8,11318
o_proj,635,0,8,4859
post_layernorm,635,0,8,49361
gate_proj,635,0,8,16338
up_proj,635,0,8,16855
act_fn,635,0,8,3136
down_proj,635,0,8,12899
final_layernorm,635,0,8,49817
lm_head,635,0,8,111323
embedding,636,0,8,19498
input_layernorm,636,0,8,48541
q_proj,636,0,8,6450
k_proj,636,0,8,4991
v_proj,636,0,8,4949
rope,636,0,8,19864
attn,636,0,8,11202
o_proj,636,0,8,4829
post_layernorm,636,0,8,49127
gate_proj,636,0,8,16238
up_proj,636,0,8,16794
act_fn,636,0,8,3140
down_proj,636,0,8,12861
final_layernorm,636,0,8,49535
lm_head,636,0,8,111147
embedding,637,0,8,19620
input_layernorm,637,0,8,49250
q_proj,637,0,8,6719
k_proj,637,0,8,5034
v_proj,637,0,8,5004
rope,637,0,8,19941
attn,637,0,8,11292
o_proj,637,0,8,4862
post_layernorm,637,0,8,49432
gate_proj,637,0,8,16362
up_proj,637,0,8,16915
act_fn,637,0,8,3158
down_proj,637,0,8,12898
final_layernorm,637,0,8,49999
lm_head,637,0,8,111433
embedding,638,0,8,19684
input_layernorm,638,0,8,48687
q_proj,638,0,8,6456
k_proj,638,0,8,5013
v_proj,638,0,8,5006
rope,638,0,8,19968
attn,638,0,8,11265
o_proj,638,0,8,4859
post_layernorm,638,0,8,49309
gate_proj,638,0,8,16328
up_proj,638,0,8,16885
act_fn,638,0,8,3161
down_proj,638,0,8,12889
final_layernorm,638,0,8,49754
lm_head,638,0,8,111402
embedding,639,0,8,19648
input_layernorm,639,0,8,49286
q_proj,639,0,8,6440
k_proj,639,0,8,5004
v_proj,639,0,8,4971
rope,639,0,8,19854
attn,639,0,8,11279
o_proj,639,0,8,4832
post_layernorm,639,0,8,49357
gate_proj,639,0,8,16292
up_proj,639,0,8,16882
act_fn,639,0,8,3162
down_proj,639,0,8,12892
final_layernorm,639,0,8,49744
lm_head,639,0,8,111359
embedding,640,0,8,19466
input_layernorm,640,0,8,48818
q_proj,640,0,8,5672
k_proj,640,0,8,5053
v_proj,640,0,8,4994
rope,640,0,8,19985
attn,640,0,8,10688
o_proj,640,0,8,4857
post_layernorm,640,0,8,48988
gate_proj,640,0,8,13613
up_proj,640,0,8,14296
act_fn,640,0,8,3288
down_proj,640,0,8,12705
final_layernorm,640,0,8,49769
lm_head,640,0,8,113016
embedding,641,0,8,20171
input_layernorm,641,0,8,49073
q_proj,641,0,8,6583
k_proj,641,0,8,5218
v_proj,641,0,8,5263
rope,641,0,8,19821
attn,641,0,8,12189
o_proj,641,0,8,4932
post_layernorm,641,0,8,49164
gate_proj,641,0,8,22347
up_proj,641,0,8,21072
act_fn,641,0,8,3134
down_proj,641,0,8,13179
final_layernorm,641,0,8,49474
lm_head,641,0,8,113138
embedding,642,0,8,20337
input_layernorm,642,0,8,48870
q_proj,642,0,8,6558
k_proj,642,0,8,5251
v_proj,642,0,8,5331
rope,642,0,8,20051
attn,642,0,8,12314
o_proj,642,0,8,4981
post_layernorm,642,0,8,49476
gate_proj,642,0,8,22591
up_proj,642,0,8,21081
act_fn,642,0,8,3166
down_proj,642,0,8,13232
final_layernorm,642,0,8,49857
lm_head,642,0,8,113504
embedding,643,0,8,20492
input_layernorm,643,0,8,49193
q_proj,643,0,8,6560
k_proj,643,0,8,5287
v_proj,643,0,8,5348
rope,643,0,8,19974
attn,643,0,8,12308
o_proj,643,0,8,4968
post_layernorm,643,0,8,49574
gate_proj,643,0,8,22610
up_proj,643,0,8,21195
act_fn,643,0,8,3156
down_proj,643,0,8,13220
final_layernorm,643,0,8,49849
lm_head,643,0,8,113544
embedding,644,0,8,20271
input_layernorm,644,0,8,49015
q_proj,644,0,8,6538
k_proj,644,0,8,5318
v_proj,644,0,8,5319
rope,644,0,8,20196
attn,644,0,8,12362
o_proj,644,0,8,4983
post_layernorm,644,0,8,49650
gate_proj,644,0,8,22594
up_proj,644,0,8,21133
act_fn,644,0,8,3185
down_proj,644,0,8,13272
final_layernorm,644,0,8,49892
lm_head,644,0,8,113614
embedding,645,0,8,20249
input_layernorm,645,0,8,49288
q_proj,645,0,8,6457
k_proj,645,0,8,5256
v_proj,645,0,8,5284
rope,645,0,8,19959
attn,645,0,8,12334
o_proj,645,0,8,4955
post_layernorm,645,0,8,49511
gate_proj,645,0,8,22500
up_proj,645,0,8,21210
act_fn,645,0,8,3169
down_proj,645,0,8,13199
final_layernorm,645,0,8,49808
lm_head,645,0,8,113351
embedding,646,0,8,20396
input_layernorm,646,0,8,49030
q_proj,646,0,8,6542
k_proj,646,0,8,5264
v_proj,646,0,8,5323
rope,646,0,8,20136
attn,646,0,8,12382
o_proj,646,0,8,4976
post_layernorm,646,0,8,49535
gate_proj,646,0,8,22624
up_proj,646,0,8,21174
act_fn,646,0,8,3178
down_proj,646,0,8,13235
final_layernorm,646,0,8,49840
lm_head,646,0,8,113644
embedding,647,0,8,20457
input_layernorm,647,0,8,49485
q_proj,647,0,8,6449
k_proj,647,0,8,5292
v_proj,647,0,8,5359
rope,647,0,8,20053
attn,647,0,8,12354
o_proj,647,0,8,4987
post_layernorm,647,0,8,49501
gate_proj,647,0,8,22606
up_proj,647,0,8,21141
act_fn,647,0,8,3182
down_proj,647,0,8,13243
final_layernorm,647,0,8,49917
lm_head,647,0,8,113675
embedding,648,0,8,20358
input_layernorm,648,0,8,48996
q_proj,648,0,8,6364
k_proj,648,0,8,5267
v_proj,648,0,8,5310
rope,648,0,8,20217
attn,648,0,8,12321
o_proj,648,0,8,4986
post_layernorm,648,0,8,49352
gate_proj,648,0,8,22583
up_proj,648,0,8,21152
act_fn,648,0,8,3186
down_proj,648,0,8,13278
final_layernorm,648,0,8,49654
lm_head,648,0,8,113668
embedding,649,0,8,19796
input_layernorm,649,0,8,49520
q_proj,649,0,8,6343
k_proj,649,0,8,5611
v_proj,649,0,8,5696
rope,649,0,8,20122
attn,649,0,8,12322
o_proj,649,0,8,4990
post_layernorm,649,0,8,49688
gate_proj,649,0,8,15149
up_proj,649,0,8,15495
act_fn,649,0,8,3372
down_proj,649,0,8,13028
final_layernorm,649,0,8,50276
lm_head,649,0,8,119139
embedding,650,0,8,19933
input_layernorm,650,0,8,49164
q_proj,650,0,8,6356
k_proj,650,0,8,5338
v_proj,650,0,8,5397
rope,650,0,8,20265
attn,650,0,8,12404
o_proj,650,0,8,4987
post_layernorm,650,0,8,49681
gate_proj,650,0,8,15152
up_proj,650,0,8,15565
act_fn,650,0,8,3385
down_proj,650,0,8,13058
final_layernorm,650,0,8,50326
lm_head,650,0,8,119079
embedding,651,0,8,20003
input_layernorm,651,0,8,49470
q_proj,651,0,8,6354
k_proj,651,0,8,5403
v_proj,651,0,8,5475
rope,651,0,8,20104
attn,651,0,8,12344
o_proj,651,0,8,4959
post_layernorm,651,0,8,49825
gate_proj,651,0,8,15154
up_proj,651,0,8,15524
act_fn,651,0,8,3388
down_proj,651,0,8,13040
final_layernorm,651,0,8,50284
lm_head,651,0,8,119038
embedding,652,0,8,19834
input_layernorm,652,0,8,49208
q_proj,652,0,8,6328
k_proj,652,0,8,5324
v_proj,652,0,8,5368
rope,652,0,8,20370
attn,652,0,8,12348
o_proj,652,0,8,5010
post_layernorm,652,0,8,49785
gate_proj,652,0,8,15251
up_proj,652,0,8,15649
act_fn,652,0,8,3411
down_proj,652,0,8,13095
final_layernorm,652,0,8,50571
lm_head,652,0,8,119294
embedding,653,0,8,19823
input_layernorm,653,0,8,49513
q_proj,653,0,8,6303
k_proj,653,0,8,5369
v_proj,653,0,8,5436
rope,653,0,8,20136
attn,653,0,8,12349
o_proj,653,0,8,4973
post_layernorm,653,0,8,49770
gate_proj,653,0,8,15100
up_proj,653,0,8,15480
act_fn,653,0,8,3384
down_proj,653,0,8,13049
final_layernorm,653,0,8,50319
lm_head,653,0,8,119066
embedding,654,0,8,19917
input_layernorm,654,0,8,49350
q_proj,654,0,8,6329
k_proj,654,0,8,5618
v_proj,654,0,8,5730
rope,654,0,8,20254
attn,654,0,8,12338
o_proj,654,0,8,4986
post_layernorm,654,0,8,49834
gate_proj,654,0,8,15185
up_proj,654,0,8,15553
act_fn,654,0,8,3397
down_proj,654,0,8,13052
final_layernorm,654,0,8,50506
lm_head,654,0,8,119223
embedding,655,0,8,20280
input_layernorm,655,0,8,49896
q_proj,655,0,8,6225
k_proj,655,0,8,5335
v_proj,655,0,8,5386
rope,655,0,8,20410
attn,655,0,8,12540
o_proj,655,0,8,5039
post_layernorm,655,0,8,50369
gate_proj,655,0,8,15378
up_proj,655,0,8,15688
act_fn,655,0,8,3431
down_proj,655,0,8,13110
final_layernorm,655,0,8,50867
lm_head,655,0,8,119571
embedding,656,0,8,20290
input_layernorm,656,0,8,49401
q_proj,656,0,8,6860
k_proj,656,0,8,5374
v_proj,656,0,8,5442
rope,656,0,8,20343
attn,656,0,8,12399
o_proj,656,0,8,5285
post_layernorm,656,0,8,49635
gate_proj,656,0,8,22642
up_proj,656,0,8,21291
act_fn,656,0,8,3226
down_proj,656,0,8,13821
final_layernorm,656,0,8,50092
lm_head,656,0,8,136755
embedding,657,0,8,20290
input_layernorm,657,0,8,49764
q_proj,657,0,8,6190
k_proj,657,0,8,5311
v_proj,657,0,8,5364
rope,657,0,8,20302
attn,657,0,8,12420
o_proj,657,0,8,5014
post_layernorm,657,0,8,50227
gate_proj,657,0,8,15233
up_proj,657,0,8,15567
act_fn,657,0,8,3426
down_proj,657,0,8,13094
final_layernorm,657,0,8,50794
lm_head,657,0,8,119487
embedding,658,0,8,20445
input_layernorm,658,0,8,49433
q_proj,658,0,8,6108
k_proj,658,0,8,5428
v_proj,658,0,8,5531
rope,658,0,8,20266
attn,658,0,8,12343
o_proj,658,0,8,4988
post_layernorm,658,0,8,50001
gate_proj,658,0,8,15162
up_proj,658,0,8,15497
act_fn,658,0,8,3415
down_proj,658,0,8,13068
final_layernorm,658,0,8,50547
lm_head,658,0,8,119332
embedding,659,0,8,20625
input_layernorm,659,0,8,49654
q_proj,659,0,8,6164
k_proj,659,0,8,5366
v_proj,659,0,8,5446
rope,659,0,8,20256
attn,659,0,8,12408
o_proj,659,0,8,4991
post_layernorm,659,0,8,50185
gate_proj,659,0,8,15237
up_proj,659,0,8,15552
act_fn,659,0,8,3411
down_proj,659,0,8,13101
final_layernorm,659,0,8,50755
lm_head,659,0,8,119383
embedding,660,0,8,20517
input_layernorm,660,0,8,49441
q_proj,660,0,8,6059
k_proj,660,0,8,5350
v_proj,660,0,8,5405
rope,660,0,8,20366
attn,660,0,8,12329
o_proj,660,0,8,4981
post_layernorm,660,0,8,50108
gate_proj,660,0,8,15148
up_proj,660,0,8,15517
act_fn,660,0,8,3416
down_proj,660,0,8,13083
final_layernorm,660,0,8,50648
lm_head,660,0,8,119371
embedding,661,0,8,20556
input_layernorm,661,0,8,49907
q_proj,661,0,8,6063
k_proj,661,0,8,5304
v_proj,661,0,8,5375
rope,661,0,8,20376
attn,661,0,8,12436
o_proj,661,0,8,5012
post_layernorm,661,0,8,50135
gate_proj,661,0,8,15260
up_proj,661,0,8,15663
act_fn,661,0,8,3440
down_proj,661,0,8,13108
final_layernorm,661,0,8,50663
lm_head,661,0,8,119561
embedding,662,0,8,20369
input_layernorm,662,0,8,49417
q_proj,662,0,8,6044
k_proj,662,0,8,5323
v_proj,662,0,8,5410
rope,662,0,8,20240
attn,662,0,8,12336
o_proj,662,0,8,4973
post_layernorm,662,0,8,50014
gate_proj,662,0,8,15142
up_proj,662,0,8,15491
act_fn,662,0,8,3404
down_proj,662,0,8,13070
final_layernorm,662,0,8,50530
lm_head,662,0,8,119359
embedding,663,0,8,20491
input_layernorm,663,0,8,49987
q_proj,663,0,8,6050
k_proj,663,0,8,5396
v_proj,663,0,8,5532
rope,663,0,8,20299
attn,663,0,8,12372
o_proj,663,0,8,4996
post_layernorm,663,0,8,50246
gate_proj,663,0,8,15161
up_proj,663,0,8,15574
act_fn,663,0,8,3422
down_proj,663,0,8,13097
final_layernorm,663,0,8,50769
lm_head,663,0,8,119512
embedding,664,0,8,20605
input_layernorm,664,0,8,49580
q_proj,664,0,8,5901
k_proj,664,0,8,5411
v_proj,664,0,8,5483
rope,664,0,8,20426
attn,664,0,8,12428
o_proj,664,0,8,5000
post_layernorm,664,0,8,49966
gate_proj,664,0,8,15212
up_proj,664,0,8,15561
act_fn,664,0,8,3433
down_proj,664,0,8,13099
final_layernorm,664,0,8,50595
lm_head,664,0,8,119584
embedding,665,0,8,20529
input_layernorm,665,0,8,50150
q_proj,665,0,8,6031
k_proj,665,0,8,5276
v_proj,665,0,8,5364
rope,665,0,8,20331
attn,665,0,8,12377
o_proj,665,0,8,4997
post_layernorm,665,0,8,50292
gate_proj,665,0,8,15180
up_proj,665,0,8,15578
act_fn,665,0,8,3437
down_proj,665,0,8,13091
final_layernorm,665,0,8,50745
lm_head,665,0,8,119508
embedding,666,0,8,20534
input_layernorm,666,0,8,49783
q_proj,666,0,8,5868
k_proj,666,0,8,5367
v_proj,666,0,8,5413
rope,666,0,8,20383
attn,666,0,8,12451
o_proj,666,0,8,5017
post_layernorm,666,0,8,50361
gate_proj,666,0,8,15261
up_proj,666,0,8,15543
act_fn,666,0,8,3456
down_proj,666,0,8,13115
final_layernorm,666,0,8,51052
lm_head,666,0,8,119687
embedding,667,0,8,20863
input_layernorm,667,0,8,50265
q_proj,667,0,8,5901
k_proj,667,0,8,5336
v_proj,667,0,8,5416
rope,667,0,8,20479
attn,667,0,8,12536
o_proj,667,0,8,5043
post_layernorm,667,0,8,50532
gate_proj,667,0,8,15321
up_proj,667,0,8,15804
act_fn,667,0,8,3469
down_proj,667,0,8,13165
final_layernorm,667,0,8,51140
lm_head,667,0,8,120062
embedding,668,0,8,20766
input_layernorm,668,0,8,50071
q_proj,668,0,8,5899
k_proj,668,0,8,5350
v_proj,668,0,8,5455
rope,668,0,8,20371
attn,668,0,8,12393
o_proj,668,0,8,4995
post_layernorm,668,0,8,50492
gate_proj,668,0,8,15200
up_proj,668,0,8,15577
act_fn,668,0,8,3430
down_proj,668,0,8,13100
final_layernorm,668,0,8,50839
lm_head,668,0,8,119677
embedding,669,0,8,20736
input_layernorm,669,0,8,50407
q_proj,669,0,8,5929
k_proj,669,0,8,5352
v_proj,669,0,8,5398
rope,669,0,8,20461
attn,669,0,8,12414
o_proj,669,0,8,5029
post_layernorm,669,0,8,50781
gate_proj,669,0,8,15247
up_proj,669,0,8,15659
act_fn,669,0,8,3449
down_proj,669,0,8,13139
final_layernorm,669,0,8,51290
lm_head,669,0,8,119921
embedding,670,0,8,20534
input_layernorm,670,0,8,50142
q_proj,670,0,8,5893
k_proj,670,0,8,5358
v_proj,670,0,8,5460
rope,670,0,8,20337
attn,670,0,8,12305
o_proj,670,0,8,4975
post_layernorm,670,0,8,50462
gate_proj,670,0,8,15130
up_proj,670,0,8,15477
act_fn,670,0,8,3423
down_proj,670,0,8,13096
final_layernorm,670,0,8,51092
lm_head,670,0,8,119545
embedding,671,0,8,20794
input_layernorm,671,0,8,50168
q_proj,671,0,8,5961
k_proj,671,0,8,5409
v_proj,671,0,8,5529
rope,671,0,8,20414
attn,671,0,8,12427
o_proj,671,0,8,5000
post_layernorm,671,0,8,50487
gate_proj,671,0,8,15186
up_proj,671,0,8,15554
act_fn,671,0,8,3446
down_proj,671,0,8,13137
final_layernorm,671,0,8,51162
lm_head,671,0,8,119787
embedding,672,0,8,20583
input_layernorm,672,0,8,49840
q_proj,672,0,8,6039
k_proj,672,0,8,5281
v_proj,672,0,8,5473
rope,672,0,8,20543
attn,672,0,8,12427
o_proj,672,0,8,5544
post_layernorm,672,0,8,50087
gate_proj,672,0,8,19240
up_proj,672,0,8,16663
act_fn,672,0,8,3498
down_proj,672,0,8,14907
final_layernorm,672,0,8,50692
lm_head,672,0,8,135544
embedding,673,0,8,20674
input_layernorm,673,0,8,50306
q_proj,673,0,8,6452
k_proj,673,0,8,5153
v_proj,673,0,8,5159
rope,673,0,8,20376
attn,673,0,8,12402
o_proj,673,0,8,5150
post_layernorm,673,0,8,50668
gate_proj,673,0,8,22609
up_proj,673,0,8,21447
act_fn,673,0,8,3286
down_proj,673,0,8,13693
final_layernorm,673,0,8,50898
lm_head,673,0,8,119821
embedding,674,0,8,20791
input_layernorm,674,0,8,50546
q_proj,674,0,8,6588
k_proj,674,0,8,5470
v_proj,674,0,8,5507
rope,674,0,8,20587
attn,674,0,8,12557
o_proj,674,0,8,5200
post_layernorm,674,0,8,50830
gate_proj,674,0,8,22768
up_proj,674,0,8,21401
act_fn,674,0,8,3317
down_proj,674,0,8,13752
final_layernorm,674,0,8,51302
lm_head,674,0,8,120276
embedding,675,0,8,20525
input_layernorm,675,0,8,50373
q_proj,675,0,8,6563
k_proj,675,0,8,5150
v_proj,675,0,8,5145
rope,675,0,8,20488
attn,675,0,8,12458
o_proj,675,0,8,5181
post_layernorm,675,0,8,50855
gate_proj,675,0,8,22646
up_proj,675,0,8,21443
act_fn,675,0,8,3315
down_proj,675,0,8,13717
final_layernorm,675,0,8,51003
lm_head,675,0,8,120017
embedding,676,0,8,20610
input_layernorm,676,0,8,50257
q_proj,676,0,8,6465
k_proj,676,0,8,5139
v_proj,676,0,8,5129
rope,676,0,8,20425
attn,676,0,8,12407
o_proj,676,0,8,5137
post_layernorm,676,0,8,50581
gate_proj,676,0,8,22597
up_proj,676,0,8,21341
act_fn,676,0,8,3313
down_proj,676,0,8,13688
final_layernorm,676,0,8,50829
lm_head,676,0,8,119817
embedding,677,0,8,20641
input_layernorm,677,0,8,50533
q_proj,677,0,8,6450
k_proj,677,0,8,5356
v_proj,677,0,8,5421
rope,677,0,8,20494
attn,677,0,8,12480
o_proj,677,0,8,5178
post_layernorm,677,0,8,50880
gate_proj,677,0,8,22651
up_proj,677,0,8,21506
act_fn,677,0,8,3311
down_proj,677,0,8,13742
final_layernorm,677,0,8,51104
lm_head,677,0,8,120039
embedding,678,0,8,20620
input_layernorm,678,0,8,50345
q_proj,678,0,8,6495
k_proj,678,0,8,5166
v_proj,678,0,8,5129
rope,678,0,8,20356
attn,678,0,8,12338
o_proj,678,0,8,5125
post_layernorm,678,0,8,50537
gate_proj,678,0,8,22618
up_proj,678,0,8,21329
act_fn,678,0,8,3314
down_proj,678,0,8,13682
final_layernorm,678,0,8,50759
lm_head,678,0,8,119739
embedding,679,0,8,20777
input_layernorm,679,0,8,50460
q_proj,679,0,8,6495
k_proj,679,0,8,5152
v_proj,679,0,8,5135
rope,679,0,8,20466
attn,679,0,8,12437
o_proj,679,0,8,5156
post_layernorm,679,0,8,50814
gate_proj,679,0,8,22706
up_proj,679,0,8,21343
act_fn,679,0,8,3310
down_proj,679,0,8,13727
final_layernorm,679,0,8,51128
lm_head,679,0,8,120025
embedding,680,0,8,20637
input_layernorm,680,0,8,50347
q_proj,680,0,8,6158
k_proj,680,0,8,5228
v_proj,680,0,8,5162
rope,680,0,8,20522
attn,680,0,8,12472
o_proj,680,0,8,5165
post_layernorm,680,0,8,50710
gate_proj,680,0,8,22575
up_proj,680,0,8,21486
act_fn,680,0,8,3328
down_proj,680,0,8,13728
final_layernorm,680,0,8,50960
lm_head,680,0,8,120024
embedding,681,0,8,21143
input_layernorm,681,0,8,50508
q_proj,681,0,8,6166
k_proj,681,0,8,5162
v_proj,681,0,8,5124
rope,681,0,8,20325
attn,681,0,8,12340
o_proj,681,0,8,5143
post_layernorm,681,0,8,50852
gate_proj,681,0,8,22556
up_proj,681,0,8,21354
act_fn,681,0,8,3324
down_proj,681,0,8,13698
final_layernorm,681,0,8,51012
lm_head,681,0,8,120596
embedding,682,0,8,21400
input_layernorm,682,0,8,50739
q_proj,682,0,8,6260
k_proj,682,0,8,5303
v_proj,682,0,8,5363
rope,682,0,8,20576
attn,682,0,8,12517
o_proj,682,0,8,5191
post_layernorm,682,0,8,51128
gate_proj,682,0,8,22677
up_proj,682,0,8,21441
act_fn,682,0,8,3335
down_proj,682,0,8,13792
final_layernorm,682,0,8,51347
lm_head,682,0,8,121142
embedding,683,0,8,21245
input_layernorm,683,0,8,50317
q_proj,683,0,8,6069
k_proj,683,0,8,5270
v_proj,683,0,8,5306
rope,683,0,8,20249
attn,683,0,8,12481
o_proj,683,0,8,5167
post_layernorm,683,0,8,50921
gate_proj,683,0,8,22647
up_proj,683,0,8,21486
act_fn,683,0,8,3314
down_proj,683,0,8,13769
final_layernorm,683,0,8,51077
lm_head,683,0,8,120968
embedding,684,0,8,21741
input_layernorm,684,0,8,50692
q_proj,684,0,8,6249
k_proj,684,0,8,5144
v_proj,684,0,8,5152
rope,684,0,8,20329
attn,684,0,8,12427
o_proj,684,0,8,5148
post_layernorm,684,0,8,51126
gate_proj,684,0,8,22667
up_proj,684,0,8,21418
act_fn,684,0,8,3341
down_proj,684,0,8,13777
final_layernorm,684,0,8,51197
lm_head,684,0,8,120956
embedding,685,0,8,21330
input_layernorm,685,0,8,50627
q_proj,685,0,8,6021
k_proj,685,0,8,5191
v_proj,685,0,8,5180
rope,685,0,8,20385
attn,685,0,8,12530
o_proj,685,0,8,5206
post_layernorm,685,0,8,51141
gate_proj,685,0,8,22761
up_proj,685,0,8,21561
act_fn,685,0,8,3337
down_proj,685,0,8,13804
final_layernorm,685,0,8,51230
lm_head,685,0,8,121271
embedding,686,0,8,21331
input_layernorm,686,0,8,50731
q_proj,686,0,8,6196
k_proj,686,0,8,5194
v_proj,686,0,8,5158
rope,686,0,8,20357
attn,686,0,8,12451
o_proj,686,0,8,5171
post_layernorm,686,0,8,51090
gate_proj,686,0,8,22612
up_proj,686,0,8,21448
act_fn,686,0,8,3335
down_proj,686,0,8,13798
final_layernorm,686,0,8,51255
lm_head,686,0,8,121158
embedding,687,0,8,21528
input_layernorm,687,0,8,51027
q_proj,687,0,8,6035
k_proj,687,0,8,5198
v_proj,687,0,8,5181
rope,687,0,8,20432
attn,687,0,8,12523
o_proj,687,0,8,5189
post_layernorm,687,0,8,51347
gate_proj,687,0,8,22660
up_proj,687,0,8,21562
act_fn,687,0,8,3355
down_proj,687,0,8,13803
final_layernorm,687,0,8,51552
lm_head,687,0,8,121294
embedding,688,0,8,21099
input_layernorm,688,0,8,50214
q_proj,688,0,8,5865
k_proj,688,0,8,5225
v_proj,688,0,8,5303
rope,688,0,8,20422
attn,688,0,8,12479
o_proj,688,0,8,5168
post_layernorm,688,0,8,50670
gate_proj,688,0,8,22600
up_proj,688,0,8,21499
act_fn,688,0,8,3334
down_proj,688,0,8,13793
final_layernorm,688,0,8,50960
lm_head,688,0,8,125126
embedding,689,0,8,21551
input_layernorm,689,0,8,50887
q_proj,689,0,8,5918
k_proj,689,0,8,5161
v_proj,689,0,8,5154
rope,689,0,8,20401
attn,689,0,8,12420
o_proj,689,0,8,5166
post_layernorm,689,0,8,51269
gate_proj,689,0,8,22599
up_proj,689,0,8,21498
act_fn,689,0,8,3352
down_proj,689,0,8,13783
final_layernorm,689,0,8,51556
lm_head,689,0,8,121132
embedding,690,0,8,21879
input_layernorm,690,0,8,50795
q_proj,690,0,8,5937
k_proj,690,0,8,5150
v_proj,690,0,8,5161
rope,690,0,8,20391
attn,690,0,8,12408
o_proj,690,0,8,5161
post_layernorm,690,0,8,51180
gate_proj,690,0,8,22686
up_proj,690,0,8,21507
act_fn,690,0,8,3369
down_proj,690,0,8,13781
final_layernorm,690,0,8,51431
lm_head,690,0,8,121162
embedding,691,0,8,21923
input_layernorm,691,0,8,50857
q_proj,691,0,8,5895
k_proj,691,0,8,5214
v_proj,691,0,8,5243
rope,691,0,8,20441
attn,691,0,8,12433
o_proj,691,0,8,5168
post_layernorm,691,0,8,51166
gate_proj,691,0,8,22766
up_proj,691,0,8,21536
act_fn,691,0,8,3363
down_proj,691,0,8,13801
final_layernorm,691,0,8,51418
lm_head,691,0,8,121291
embedding,692,0,8,21912
input_layernorm,692,0,8,50912
q_proj,692,0,8,5867
k_proj,692,0,8,5157
v_proj,692,0,8,5169
rope,692,0,8,20418
attn,692,0,8,12418
o_proj,692,0,8,5135
post_layernorm,692,0,8,51260
gate_proj,692,0,8,22595
up_proj,692,0,8,21415
act_fn,692,0,8,3342
down_proj,692,0,8,13782
final_layernorm,692,0,8,51414
lm_head,692,0,8,121065
embedding,693,0,8,22016
input_layernorm,693,0,8,51122
q_proj,693,0,8,5885
k_proj,693,0,8,5154
v_proj,693,0,8,5161
rope,693,0,8,20570
attn,693,0,8,12500
o_proj,693,0,8,5192
post_layernorm,693,0,8,51464
gate_proj,693,0,8,22718
up_proj,693,0,8,21494
act_fn,693,0,8,3356
down_proj,693,0,8,13822
final_layernorm,693,0,8,51529
lm_head,693,0,8,121453
embedding,694,0,8,22079
input_layernorm,694,0,8,51074
q_proj,694,0,8,5905
k_proj,694,0,8,5138
v_proj,694,0,8,5144
rope,694,0,8,20407
attn,694,0,8,12466
o_proj,694,0,8,5150
post_layernorm,694,0,8,51465
gate_proj,694,0,8,22578
up_proj,694,0,8,21499
act_fn,694,0,8,3354
down_proj,694,0,8,13793
final_layernorm,694,0,8,51529
lm_head,694,0,8,121114
embedding,695,0,8,22053
input_layernorm,695,0,8,51063
q_proj,695,0,8,5877
k_proj,695,0,8,5164
v_proj,695,0,8,5122
rope,695,0,8,20571
attn,695,0,8,12448
o_proj,695,0,8,5171
post_layernorm,695,0,8,51554
gate_proj,695,0,8,22695
up_proj,695,0,8,21429
act_fn,695,0,8,3383
down_proj,695,0,8,13819
final_layernorm,695,0,8,51578
lm_head,695,0,8,121337
embedding,696,0,8,21908
input_layernorm,696,0,8,50790
q_proj,696,0,8,5832
k_proj,696,0,8,5185
v_proj,696,0,8,5211
rope,696,0,8,20615
attn,696,0,8,12505
o_proj,696,0,8,5187
post_layernorm,696,0,8,51203
gate_proj,696,0,8,22647
up_proj,696,0,8,21507
act_fn,696,0,8,3379
down_proj,696,0,8,13819
final_layernorm,696,0,8,51496
lm_head,696,0,8,121415
embedding,697,0,8,21249
input_layernorm,697,0,8,50929
q_proj,697,0,8,5836
k_proj,697,0,8,5148
v_proj,697,0,8,5175
rope,697,0,8,20463
attn,697,0,8,12416
o_proj,697,0,8,5160
post_layernorm,697,0,8,51482
gate_proj,697,0,8,22654
up_proj,697,0,8,21425
act_fn,697,0,8,3377
down_proj,697,0,8,13810
final_layernorm,697,0,8,51431
lm_head,697,0,8,125192
embedding,698,0,8,21816
input_layernorm,698,0,8,51306
q_proj,698,0,8,5841
k_proj,698,0,8,5182
v_proj,698,0,8,5178
rope,698,0,8,20622
attn,698,0,8,12502
o_proj,698,0,8,5195
post_layernorm,698,0,8,51615
gate_proj,698,0,8,22780
up_proj,698,0,8,21529
act_fn,698,0,8,3386
down_proj,698,0,8,13837
final_layernorm,698,0,8,51771
lm_head,698,0,8,125527
embedding,699,0,8,21681
input_layernorm,699,0,8,51275
q_proj,699,0,8,5825
k_proj,699,0,8,5175
v_proj,699,0,8,5191
rope,699,0,8,20545
attn,699,0,8,12462
o_proj,699,0,8,5169
post_layernorm,699,0,8,51727
gate_proj,699,0,8,22646
up_proj,699,0,8,21468
act_fn,699,0,8,3383
down_proj,699,0,8,13816
final_layernorm,699,0,8,51683
lm_head,699,0,8,125373
embedding,700,0,8,21439
input_layernorm,700,0,8,51292
q_proj,700,0,8,5831
k_proj,700,0,8,5145
v_proj,700,0,8,5177
rope,700,0,8,20632
attn,700,0,8,12495
o_proj,700,0,8,5175
post_layernorm,700,0,8,51611
gate_proj,700,0,8,22583
up_proj,700,0,8,21532
act_fn,700,0,8,3393
down_proj,700,0,8,13845
final_layernorm,700,0,8,51693
lm_head,700,0,8,125427
embedding,701,0,8,21368
input_layernorm,701,0,8,51222
q_proj,701,0,8,5845
k_proj,701,0,8,5158
v_proj,701,0,8,5168
rope,701,0,8,20594
attn,701,0,8,12526
o_proj,701,0,8,5187
post_layernorm,701,0,8,51661
gate_proj,701,0,8,22715
up_proj,701,0,8,21511
act_fn,701,0,8,3387
down_proj,701,0,8,13844
final_layernorm,701,0,8,51733
lm_head,701,0,8,125585
embedding,702,0,8,21455
input_layernorm,702,0,8,51307
q_proj,702,0,8,5825
k_proj,702,0,8,5160
v_proj,702,0,8,5166
rope,702,0,8,20614
attn,702,0,8,12504
o_proj,702,0,8,5168
post_layernorm,702,0,8,51656
gate_proj,702,0,8,22698
up_proj,702,0,8,21500
act_fn,702,0,8,3394
down_proj,702,0,8,13851
final_layernorm,702,0,8,51606
lm_head,702,0,8,125531
embedding,703,0,8,21493
input_layernorm,703,0,8,51427
q_proj,703,0,8,5828
k_proj,703,0,8,5187
v_proj,703,0,8,5185
rope,703,0,8,20703
attn,703,0,8,12546
o_proj,703,0,8,5187
post_layernorm,703,0,8,51711
gate_proj,703,0,8,22867
up_proj,703,0,8,21513
act_fn,703,0,8,3396
down_proj,703,0,8,13852
final_layernorm,703,0,8,51868
lm_head,703,0,8,125641
embedding,704,0,8,21849
input_layernorm,704,0,8,50680
q_proj,704,0,8,7933
k_proj,704,0,8,5160
v_proj,704,0,8,5199
rope,704,0,8,20654
attn,704,0,8,12418
o_proj,704,0,8,5500
post_layernorm,704,0,8,51108
gate_proj,704,0,8,17340
up_proj,704,0,8,16110
act_fn,704,0,8,3533
down_proj,704,0,8,15004
final_layernorm,704,0,8,51389
lm_head,704,0,8,133913
embedding,705,0,8,21598
input_layernorm,705,0,8,51691
q_proj,705,0,8,7873
k_proj,705,0,8,5312
v_proj,705,0,8,5298
rope,705,0,8,20833
attn,705,0,8,17086
o_proj,705,0,8,5372
post_layernorm,705,0,8,52003
gate_proj,705,0,8,22640
up_proj,705,0,8,21669
act_fn,705,0,8,3413
down_proj,705,0,8,14240
final_layernorm,705,0,8,52007
lm_head,705,0,8,125798
embedding,706,0,8,21441
input_layernorm,706,0,8,51475
q_proj,706,0,8,7944
k_proj,706,0,8,5272
v_proj,706,0,8,5236
rope,706,0,8,20740
attn,706,0,8,16997
o_proj,706,0,8,5342
post_layernorm,706,0,8,51772
gate_proj,706,0,8,22740
up_proj,706,0,8,21502
act_fn,706,0,8,3402
down_proj,706,0,8,14210
final_layernorm,706,0,8,51828
lm_head,706,0,8,125565
embedding,707,0,8,21598
input_layernorm,707,0,8,51496
q_proj,707,0,8,7707
k_proj,707,0,8,5296
v_proj,707,0,8,5272
rope,707,0,8,20902
attn,707,0,8,17117
o_proj,707,0,8,5378
post_layernorm,707,0,8,52041
gate_proj,707,0,8,22852
up_proj,707,0,8,21688
act_fn,707,0,8,3426
down_proj,707,0,8,14266
final_layernorm,707,0,8,51991
lm_head,707,0,8,125929
embedding,708,0,8,21702
input_layernorm,708,0,8,51455
q_proj,708,0,8,7790
k_proj,708,0,8,5280
v_proj,708,0,8,5234
rope,708,0,8,20892
attn,708,0,8,17151
o_proj,708,0,8,5358
post_layernorm,708,0,8,51863
gate_proj,708,0,8,22701
up_proj,708,0,8,21545
act_fn,708,0,8,3418
down_proj,708,0,8,14240
final_layernorm,708,0,8,51859
lm_head,708,0,8,125729
embedding,709,0,8,21580
input_layernorm,709,0,8,51785
q_proj,709,0,8,7786
k_proj,709,0,8,5341
v_proj,709,0,8,5321
rope,709,0,8,20944
attn,709,0,8,17131
o_proj,709,0,8,5389
post_layernorm,709,0,8,52028
gate_proj,709,0,8,22826
up_proj,709,0,8,21756
act_fn,709,0,8,3444
down_proj,709,0,8,14269
final_layernorm,709,0,8,52129
lm_head,709,0,8,126038
embedding,710,0,8,21454
input_layernorm,710,0,8,51481
q_proj,710,0,8,7744
k_proj,710,0,8,5294
v_proj,710,0,8,5242
rope,710,0,8,20836
attn,710,0,8,17100
o_proj,710,0,8,5357
post_layernorm,710,0,8,51862
gate_proj,710,0,8,22709
up_proj,710,0,8,21566
act_fn,710,0,8,3441
down_proj,710,0,8,14243
final_layernorm,710,0,8,51930
lm_head,710,0,8,125852
embedding,711,0,8,21738
input_layernorm,711,0,8,51740
q_proj,711,0,8,7618
k_proj,711,0,8,5298
v_proj,711,0,8,5282
rope,711,0,8,20910
attn,711,0,8,17134
o_proj,711,0,8,5381
post_layernorm,711,0,8,51986
gate_proj,711,0,8,22812
up_proj,711,0,8,21621
act_fn,711,0,8,3427
down_proj,711,0,8,14269
final_layernorm,711,0,8,52007
lm_head,711,0,8,126038
embedding,712,0,8,21532
input_layernorm,712,0,8,51470
q_proj,712,0,8,7677
k_proj,712,0,8,5263
v_proj,712,0,8,5215
rope,712,0,8,20934
attn,712,0,8,17183
o_proj,712,0,8,5350
post_layernorm,712,0,8,51786
gate_proj,712,0,8,22750
up_proj,712,0,8,21585
act_fn,712,0,8,3440
down_proj,712,0,8,14245
final_layernorm,712,0,8,51879
lm_head,712,0,8,125865
embedding,713,0,8,21661
input_layernorm,713,0,8,51906
q_proj,713,0,8,7640
k_proj,713,0,8,5280
v_proj,713,0,8,5250
rope,713,0,8,20893
attn,713,0,8,17217
o_proj,713,0,8,5373
post_layernorm,713,0,8,52195
gate_proj,713,0,8,22687
up_proj,713,0,8,21652
act_fn,713,0,8,3436
down_proj,713,0,8,14280
final_layernorm,713,0,8,52201
lm_head,713,0,8,126024
embedding,714,0,8,21722
input_layernorm,714,0,8,51694
q_proj,714,0,8,7551
k_proj,714,0,8,5287
v_proj,714,0,8,5197
rope,714,0,8,20892
attn,714,0,8,17254
o_proj,714,0,8,5367
post_layernorm,714,0,8,52179
gate_proj,714,0,8,22776
up_proj,714,0,8,21645
act_fn,714,0,8,3447
down_proj,714,0,8,14255
final_layernorm,714,0,8,52006
lm_head,714,0,8,125969
embedding,715,0,8,21663
input_layernorm,715,0,8,51760
q_proj,715,0,8,7536
k_proj,715,0,8,5278
v_proj,715,0,8,5205
rope,715,0,8,20932
attn,715,0,8,17194
o_proj,715,0,8,5379
post_layernorm,715,0,8,52126
gate_proj,715,0,8,22761
up_proj,715,0,8,21483
act_fn,715,0,8,3462
down_proj,715,0,8,14275
final_layernorm,715,0,8,52149
lm_head,715,0,8,126104
embedding,716,0,8,22038
input_layernorm,716,0,8,51868
q_proj,716,0,8,7619
k_proj,716,0,8,5302
v_proj,716,0,8,5244
rope,716,0,8,20995
attn,716,0,8,17233
o_proj,716,0,8,5372
post_layernorm,716,0,8,52176
gate_proj,716,0,8,22832
up_proj,716,0,8,21634
act_fn,716,0,8,3480
down_proj,716,0,8,14277
final_layernorm,716,0,8,52145
lm_head,716,0,8,126158
embedding,717,0,8,21647
input_layernorm,717,0,8,51867
q_proj,717,0,8,7520
k_proj,717,0,8,5349
v_proj,717,0,8,5233
rope,717,0,8,20951
attn,717,0,8,17319
o_proj,717,0,8,5384
post_layernorm,717,0,8,52297
gate_proj,717,0,8,22762
up_proj,717,0,8,21627
act_fn,717,0,8,3464
down_proj,717,0,8,14300
final_layernorm,717,0,8,52276
lm_head,717,0,8,126232
embedding,718,0,8,21789
input_layernorm,718,0,8,51602
q_proj,718,0,8,7609
k_proj,718,0,8,5272
v_proj,718,0,8,5250
rope,718,0,8,20927
attn,718,0,8,17310
o_proj,718,0,8,5388
post_layernorm,718,0,8,52267
gate_proj,718,0,8,22832
up_proj,718,0,8,21751
act_fn,718,0,8,3478
down_proj,718,0,8,14307
final_layernorm,718,0,8,52247
lm_head,718,0,8,126335
embedding,719,0,8,21788
input_layernorm,719,0,8,52011
q_proj,719,0,8,7483
k_proj,719,0,8,5262
v_proj,719,0,8,5180
rope,719,0,8,20879
attn,719,0,8,17240
o_proj,719,0,8,5357
post_layernorm,719,0,8,52439
gate_proj,719,0,8,22671
up_proj,719,0,8,21598
act_fn,719,0,8,3471
down_proj,719,0,8,14297
final_layernorm,719,0,8,52132
lm_head,719,0,8,126070
embedding,720,0,8,21852
input_layernorm,720,0,8,51788
q_proj,720,0,8,7388
k_proj,720,0,8,5076
v_proj,720,0,8,4894
rope,720,0,8,20987
attn,720,0,8,17304
o_proj,720,0,8,5637
post_layernorm,720,0,8,52069
gate_proj,720,0,8,22743
up_proj,720,0,8,21608
act_fn,720,0,8,3486
down_proj,720,0,8,15029
final_layernorm,720,0,8,52003
lm_head,720,0,8,126165
embedding,721,0,8,21844
input_layernorm,721,0,8,51728
q_proj,721,0,8,7393
k_proj,721,0,8,5214
v_proj,721,0,8,5348
rope,721,0,8,20855
attn,721,0,8,17243
o_proj,721,0,8,5359
post_layernorm,721,0,8,52211
gate_proj,721,0,8,16475
up_proj,721,0,8,16278
act_fn,721,0,8,3610
down_proj,721,0,8,14300
final_layernorm,721,0,8,52445
lm_head,721,0,8,137610
embedding,722,0,8,21916
input_layernorm,722,0,8,51743
q_proj,722,0,8,7318
k_proj,722,0,8,5234
v_proj,722,0,8,5344
rope,722,0,8,20888
attn,722,0,8,17257
o_proj,722,0,8,5361
post_layernorm,722,0,8,52344
gate_proj,722,0,8,16392
up_proj,722,0,8,16391
act_fn,722,0,8,3638
down_proj,722,0,8,14336
final_layernorm,722,0,8,52436
lm_head,722,0,8,138045
embedding,723,0,8,22161
input_layernorm,723,0,8,52054
q_proj,723,0,8,7361
k_proj,723,0,8,5232
v_proj,723,0,8,5366
rope,723,0,8,20909
attn,723,0,8,17330
o_proj,723,0,8,5366
post_layernorm,723,0,8,52323
gate_proj,723,0,8,16254
up_proj,723,0,8,16401
act_fn,723,0,8,3631
down_proj,723,0,8,14311
final_layernorm,723,0,8,52651
lm_head,723,0,8,137659
embedding,724,0,8,22114
input_layernorm,724,0,8,52027
q_proj,724,0,8,7337
k_proj,724,0,8,5266
v_proj,724,0,8,5366
rope,724,0,8,20933
attn,724,0,8,17212
o_proj,724,0,8,5345
post_layernorm,724,0,8,52352
gate_proj,724,0,8,16281
up_proj,724,0,8,16337
act_fn,724,0,8,3647
down_proj,724,0,8,14321
final_layernorm,724,0,8,52366
lm_head,724,0,8,137267
embedding,725,0,8,22148
input_layernorm,725,0,8,52096
q_proj,725,0,8,7397
k_proj,725,0,8,5283
v_proj,725,0,8,5361
rope,725,0,8,20966
attn,725,0,8,17335
o_proj,725,0,8,5378
post_layernorm,725,0,8,52427
gate_proj,725,0,8,16457
up_proj,725,0,8,16471
act_fn,725,0,8,3659
down_proj,725,0,8,14393
final_layernorm,725,0,8,52458
lm_head,725,0,8,137616
embedding,726,0,8,22249
input_layernorm,726,0,8,52197
q_proj,726,0,8,7281
k_proj,726,0,8,5228
v_proj,726,0,8,5340
rope,726,0,8,20874
attn,726,0,8,17330
o_proj,726,0,8,5381
post_layernorm,726,0,8,52471
gate_proj,726,0,8,16208
up_proj,726,0,8,16426
act_fn,726,0,8,3641
down_proj,726,0,8,14350
final_layernorm,726,0,8,52610
lm_head,726,0,8,137274
embedding,727,0,8,22371
input_layernorm,727,0,8,52397
q_proj,727,0,8,7291
k_proj,727,0,8,5270
v_proj,727,0,8,5379
rope,727,0,8,20994
attn,727,0,8,17385
o_proj,727,0,8,5384
post_layernorm,727,0,8,52687
gate_proj,727,0,8,16328
up_proj,727,0,8,16436
act_fn,727,0,8,3624
down_proj,727,0,8,14383
final_layernorm,727,0,8,52759
lm_head,727,0,8,137990
embedding,728,0,8,22472
input_layernorm,728,0,8,51988
q_proj,728,0,8,7068
k_proj,728,0,8,5205
v_proj,728,0,8,5284
rope,728,0,8,21000
attn,728,0,8,17413
o_proj,728,0,8,5380
post_layernorm,728,0,8,52346
gate_proj,728,0,8,16140
up_proj,728,0,8,16487
act_fn,728,0,8,3653
down_proj,728,0,8,14376
final_layernorm,728,0,8,52452
lm_head,728,0,8,138110
embedding,729,0,8,22351
input_layernorm,729,0,8,52326
q_proj,729,0,8,7213
k_proj,729,0,8,7704
v_proj,729,0,8,6641
rope,729,0,8,20953
attn,729,0,8,17413
o_proj,729,0,8,5364
post_layernorm,729,0,8,52647
gate_proj,729,0,8,16277
up_proj,729,0,8,16358
act_fn,729,0,8,3632
down_proj,729,0,8,14370
final_layernorm,729,0,8,52657
lm_head,729,0,8,131172
embedding,730,0,8,22475
input_layernorm,730,0,8,52336
q_proj,730,0,8,7224
k_proj,730,0,8,7362
v_proj,730,0,8,6574
rope,730,0,8,21106
attn,730,0,8,17512
o_proj,730,0,8,5414
post_layernorm,730,0,8,52730
gate_proj,730,0,8,16320
up_proj,730,0,8,16472
act_fn,730,0,8,3663
down_proj,730,0,8,14417
final_layernorm,730,0,8,52887
lm_head,730,0,8,131450
embedding,731,0,8,22556
input_layernorm,731,0,8,52394
q_proj,731,0,8,7160
k_proj,731,0,8,7088
v_proj,731,0,8,6609
rope,731,0,8,21082
attn,731,0,8,17476
o_proj,731,0,8,5403
post_layernorm,731,0,8,52782
gate_proj,731,0,8,16258
up_proj,731,0,8,16443
act_fn,731,0,8,3675
down_proj,731,0,8,14399
final_layernorm,731,0,8,52855
lm_head,731,0,8,131325
embedding,732,0,8,22441
input_layernorm,732,0,8,52597
q_proj,732,0,8,7181
k_proj,732,0,8,7100
v_proj,732,0,8,6982
rope,732,0,8,21224
attn,732,0,8,17478
o_proj,732,0,8,5409
post_layernorm,732,0,8,52890
gate_proj,732,0,8,16168
up_proj,732,0,8,16511
act_fn,732,0,8,3676
down_proj,732,0,8,14403
final_layernorm,732,0,8,52987
lm_head,732,0,8,131475
embedding,733,0,8,22619
input_layernorm,733,0,8,52212
q_proj,733,0,8,7166
k_proj,733,0,8,7019
v_proj,733,0,8,6548
rope,733,0,8,21050
attn,733,0,8,17400
o_proj,733,0,8,5359
post_layernorm,733,0,8,52657
gate_proj,733,0,8,16169
up_proj,733,0,8,16387
act_fn,733,0,8,3665
down_proj,733,0,8,14374
final_layernorm,733,0,8,52693
lm_head,733,0,8,131227
embedding,734,0,8,22246
input_layernorm,734,0,8,52262
q_proj,734,0,8,7173
k_proj,734,0,8,7682
v_proj,734,0,8,6629
rope,734,0,8,21032
attn,734,0,8,17466
o_proj,734,0,8,5381
post_layernorm,734,0,8,52707
gate_proj,734,0,8,16281
up_proj,734,0,8,16491
act_fn,734,0,8,3690
down_proj,734,0,8,14380
final_layernorm,734,0,8,52948
lm_head,734,0,8,131437
embedding,735,0,8,22250
input_layernorm,735,0,8,52429
q_proj,735,0,8,7062
k_proj,735,0,8,7161
v_proj,735,0,8,6955
rope,735,0,8,21089
attn,735,0,8,17479
o_proj,735,0,8,5388
post_layernorm,735,0,8,52809
gate_proj,735,0,8,16259
up_proj,735,0,8,16429
act_fn,735,0,8,3697
down_proj,735,0,8,14392
final_layernorm,735,0,8,52877
lm_head,735,0,8,131443
embedding,736,0,8,22800
input_layernorm,736,0,8,51988
q_proj,736,0,8,7025
k_proj,736,0,8,6594
v_proj,736,0,8,6547
rope,736,0,8,21150
attn,736,0,8,17504
o_proj,736,0,8,5676
post_layernorm,736,0,8,52390
gate_proj,736,0,8,16259
up_proj,736,0,8,16440
act_fn,736,0,8,3670
down_proj,736,0,8,15096
final_layernorm,736,0,8,52768
lm_head,736,0,8,135324
embedding,737,0,8,22461
input_layernorm,737,0,8,52725
q_proj,737,0,8,7048
k_proj,737,0,8,6416
v_proj,737,0,8,6514
rope,737,0,8,21184
attn,737,0,8,17563
o_proj,737,0,8,5687
post_layernorm,737,0,8,53000
gate_proj,737,0,8,16239
up_proj,737,0,8,16465
act_fn,737,0,8,3699
down_proj,737,0,8,15144
final_layernorm,737,0,8,53328
lm_head,737,0,8,131617
embedding,738,0,8,22249
input_layernorm,738,0,8,52546
q_proj,738,0,8,7076
k_proj,738,0,8,6398
v_proj,738,0,8,6478
rope,738,0,8,21072
attn,738,0,8,17569
o_proj,738,0,8,5660
post_layernorm,738,0,8,52904
gate_proj,738,0,8,16185
up_proj,738,0,8,16426
act_fn,738,0,8,3706
down_proj,738,0,8,15104
final_layernorm,738,0,8,53117
lm_head,738,0,8,131452
embedding,739,0,8,22616
input_layernorm,739,0,8,52644
q_proj,739,0,8,7092
k_proj,739,0,8,6523
v_proj,739,0,8,6415
rope,739,0,8,21167
attn,739,0,8,17610
o_proj,739,0,8,5673
post_layernorm,739,0,8,52949
gate_proj,739,0,8,16195
up_proj,739,0,8,16476
act_fn,739,0,8,3706
down_proj,739,0,8,15151
final_layernorm,739,0,8,53147
lm_head,739,0,8,131547
embedding,740,0,8,22341
input_layernorm,740,0,8,52519
q_proj,740,0,8,6986
k_proj,740,0,8,6340
v_proj,740,0,8,6165
rope,740,0,8,21222
attn,740,0,8,17648
o_proj,740,0,8,5675
post_layernorm,740,0,8,52815
gate_proj,740,0,8,16180
up_proj,740,0,8,16473
act_fn,740,0,8,3699
down_proj,740,0,8,15125
final_layernorm,740,0,8,53391
lm_head,740,0,8,131529
embedding,741,0,8,22419
input_layernorm,741,0,8,52486
q_proj,741,0,8,6982
k_proj,741,0,8,6370
v_proj,741,0,8,6504
rope,741,0,8,21189
attn,741,0,8,17667
o_proj,741,0,8,5673
post_layernorm,741,0,8,52897
gate_proj,741,0,8,16204
up_proj,741,0,8,16567
act_fn,741,0,8,3722
down_proj,741,0,8,15156
final_layernorm,741,0,8,53104
lm_head,741,0,8,131668
embedding,742,0,8,22454
input_layernorm,742,0,8,52668
q_proj,742,0,8,6896
k_proj,742,0,8,6360
v_proj,742,0,8,6350
rope,742,0,8,21227
attn,742,0,8,17813
o_proj,742,0,8,5698
post_layernorm,742,0,8,53202
gate_proj,742,0,8,16214
up_proj,742,0,8,16611
act_fn,742,0,8,3714
down_proj,742,0,8,15156
final_layernorm,742,0,8,53381
lm_head,742,0,8,131779
embedding,743,0,8,22426
input_layernorm,743,0,8,52682
q_proj,743,0,8,6981
k_proj,743,0,8,6392
v_proj,743,0,8,6212
rope,743,0,8,21187
attn,743,0,8,17712
o_proj,743,0,8,5668
post_layernorm,743,0,8,53131
gate_proj,743,0,8,16214
up_proj,743,0,8,16506
act_fn,743,0,8,3713
down_proj,743,0,8,15165
final_layernorm,743,0,8,53305
lm_head,743,0,8,131745
embedding,744,0,8,22299
input_layernorm,744,0,8,52499
q_proj,744,0,8,6773
k_proj,744,0,8,6324
v_proj,744,0,8,6212
rope,744,0,8,21268
attn,744,0,8,17784
o_proj,744,0,8,5674
post_layernorm,744,0,8,52802
gate_proj,744,0,8,16149
up_proj,744,0,8,16504
act_fn,744,0,8,3736
down_proj,744,0,8,15163
final_layernorm,744,0,8,53033
lm_head,744,0,8,131779
embedding,745,0,8,22566
input_layernorm,745,0,8,52722
q_proj,745,0,8,6789
k_proj,745,0,8,6277
v_proj,745,0,8,6448
rope,745,0,8,21274
attn,745,0,8,17784
o_proj,745,0,8,5689
post_layernorm,745,0,8,53115
gate_proj,745,0,8,16174
up_proj,745,0,8,16566
act_fn,745,0,8,3733
down_proj,745,0,8,15178
final_layernorm,745,0,8,53630
lm_head,745,0,8,131947
embedding,746,0,8,22349
input_layernorm,746,0,8,52682
q_proj,746,0,8,6794
k_proj,746,0,8,6182
v_proj,746,0,8,6319
rope,746,0,8,21076
attn,746,0,8,17604
o_proj,746,0,8,5661
post_layernorm,746,0,8,52990
gate_proj,746,0,8,16045
up_proj,746,0,8,16402
act_fn,746,0,8,3723
down_proj,746,0,8,15130
final_layernorm,746,0,8,53656
lm_head,746,0,8,131716
embedding,747,0,8,22619
input_layernorm,747,0,8,52873
q_proj,747,0,8,6799
k_proj,747,0,8,6321
v_proj,747,0,8,6246
rope,747,0,8,21299
attn,747,0,8,17846
o_proj,747,0,8,5712
post_layernorm,747,0,8,53359
gate_proj,747,0,8,16192
up_proj,747,0,8,16602
act_fn,747,0,8,3747
down_proj,747,0,8,15207
final_layernorm,747,0,8,53665
lm_head,747,0,8,132027
embedding,748,0,8,22603
input_layernorm,748,0,8,52674
q_proj,748,0,8,6612
k_proj,748,0,8,6087
v_proj,748,0,8,5912
rope,748,0,8,21304
attn,748,0,8,17794
o_proj,748,0,8,5679
post_layernorm,748,0,8,53225
gate_proj,748,0,8,16149
up_proj,748,0,8,16577
act_fn,748,0,8,3744
down_proj,748,0,8,15168
final_layernorm,748,0,8,53519
lm_head,748,0,8,131886
embedding,749,0,8,22291
input_layernorm,749,0,8,52881
q_proj,749,0,8,6540
k_proj,749,0,8,6086
v_proj,749,0,8,6223
rope,749,0,8,21265
attn,749,0,8,17863
o_proj,749,0,8,5686
post_layernorm,749,0,8,53365
gate_proj,749,0,8,16172
up_proj,749,0,8,16586
act_fn,749,0,8,3762
down_proj,749,0,8,15185
final_layernorm,749,0,8,53624
lm_head,749,0,8,132001
embedding,750,0,8,22582
input_layernorm,750,0,8,52986
q_proj,750,0,8,6497
k_proj,750,0,8,6028
v_proj,750,0,8,6074
rope,750,0,8,21340
attn,750,0,8,17974
o_proj,750,0,8,5714
post_layernorm,750,0,8,53306
gate_proj,750,0,8,16188
up_proj,750,0,8,16639
act_fn,750,0,8,3761
down_proj,750,0,8,15200
final_layernorm,750,0,8,53774
lm_head,750,0,8,132218
embedding,751,0,8,22694
input_layernorm,751,0,8,52881
q_proj,751,0,8,6667
k_proj,751,0,8,6138
v_proj,751,0,8,5900
rope,751,0,8,21160
attn,751,0,8,17918
o_proj,751,0,8,5665
post_layernorm,751,0,8,53408
gate_proj,751,0,8,16130
up_proj,751,0,8,16544
act_fn,751,0,8,3747
down_proj,751,0,8,15154
final_layernorm,751,0,8,53739
lm_head,751,0,8,131884
embedding,752,0,8,23241
input_layernorm,752,0,8,52791
q_proj,752,0,8,6362
k_proj,752,0,8,5873
v_proj,752,0,8,5771
rope,752,0,8,21311
attn,752,0,8,18030
o_proj,752,0,8,5671
post_layernorm,752,0,8,53025
gate_proj,752,0,8,16141
up_proj,752,0,8,16520
act_fn,752,0,8,3764
down_proj,752,0,8,15181
final_layernorm,752,0,8,53262
lm_head,752,0,8,133308
embedding,753,0,8,22778
input_layernorm,753,0,8,53191
q_proj,753,0,8,6171
k_proj,753,0,8,6001
v_proj,753,0,8,6079
rope,753,0,8,21252
attn,753,0,8,17947
o_proj,753,0,8,5685
post_layernorm,753,0,8,53461
gate_proj,753,0,8,16108
up_proj,753,0,8,16456
act_fn,753,0,8,3742
down_proj,753,0,8,15156
final_layernorm,753,0,8,53985
lm_head,753,0,8,132051
embedding,754,0,8,22682
input_layernorm,754,0,8,53309
q_proj,754,0,8,6278
k_proj,754,0,8,5991
v_proj,754,0,8,6006
rope,754,0,8,21307
attn,754,0,8,18051
o_proj,754,0,8,5704
post_layernorm,754,0,8,53556
gate_proj,754,0,8,16208
up_proj,754,0,8,16628
act_fn,754,0,8,3774
down_proj,754,0,8,15226
final_layernorm,754,0,8,53993
lm_head,754,0,8,132180
embedding,755,0,8,22863
input_layernorm,755,0,8,53203
q_proj,755,0,8,6188
k_proj,755,0,8,6206
v_proj,755,0,8,6002
rope,755,0,8,21283
attn,755,0,8,18006
o_proj,755,0,8,5697
post_layernorm,755,0,8,53603
gate_proj,755,0,8,16152
up_proj,755,0,8,16600
act_fn,755,0,8,3795
down_proj,755,0,8,15206
final_layernorm,755,0,8,53912
lm_head,755,0,8,132211
embedding,756,0,8,22941
input_layernorm,756,0,8,53162
q_proj,756,0,8,6288
k_proj,756,0,8,5793
v_proj,756,0,8,5676
rope,756,0,8,21337
attn,756,0,8,18077
o_proj,756,0,8,5681
post_layernorm,756,0,8,53528
gate_proj,756,0,8,16182
up_proj,756,0,8,16584
act_fn,756,0,8,3781
down_proj,756,0,8,15222
final_layernorm,756,0,8,53915
lm_head,756,0,8,132046
embedding,757,0,8,23091
input_layernorm,757,0,8,53417
q_proj,757,0,8,6247
k_proj,757,0,8,5859
v_proj,757,0,8,5928
rope,757,0,8,21282
attn,757,0,8,18123
o_proj,757,0,8,5697
post_layernorm,757,0,8,53708
gate_proj,757,0,8,16176
up_proj,757,0,8,16621
act_fn,757,0,8,3795
down_proj,757,0,8,15219
final_layernorm,757,0,8,54057
lm_head,757,0,8,132114
embedding,758,0,8,23103
input_layernorm,758,0,8,53104
q_proj,758,0,8,6246
k_proj,758,0,8,5870
v_proj,758,0,8,5830
rope,758,0,8,21276
attn,758,0,8,18116
o_proj,758,0,8,5677
post_layernorm,758,0,8,53486
gate_proj,758,0,8,16129
up_proj,758,0,8,16606
act_fn,758,0,8,3789
down_proj,758,0,8,15226
final_layernorm,758,0,8,53939
lm_head,758,0,8,132125
embedding,759,0,8,23220
input_layernorm,759,0,8,53309
q_proj,759,0,8,6060
k_proj,759,0,8,5687
v_proj,759,0,8,5677
rope,759,0,8,21352
attn,759,0,8,18126
o_proj,759,0,8,5697
post_layernorm,759,0,8,53770
gate_proj,759,0,8,16207
up_proj,759,0,8,16570
act_fn,759,0,8,3791
down_proj,759,0,8,15230
final_layernorm,759,0,8,54117
lm_head,759,0,8,132318
embedding,760,0,8,23345
input_layernorm,760,0,8,53146
q_proj,760,0,8,6039
k_proj,760,0,8,5665
v_proj,760,0,8,5582
rope,760,0,8,21437
attn,760,0,8,18172
o_proj,760,0,8,5710
post_layernorm,760,0,8,53403
gate_proj,760,0,8,16258
up_proj,760,0,8,16644
act_fn,760,0,8,3796
down_proj,760,0,8,15288
final_layernorm,760,0,8,53684
lm_head,760,0,8,132414
embedding,761,0,8,23761
input_layernorm,761,0,8,53441
q_proj,761,0,8,6041
k_proj,761,0,8,5587
v_proj,761,0,8,5656
rope,761,0,8,21346
attn,761,0,8,18189
o_proj,761,0,8,5698
post_layernorm,761,0,8,53754
gate_proj,761,0,8,16209
up_proj,761,0,8,16633
act_fn,761,0,8,3798
down_proj,761,0,8,15267
final_layernorm,761,0,8,54096
lm_head,761,0,8,133805
embedding,762,0,8,23721
input_layernorm,762,0,8,53474
q_proj,762,0,8,6021
k_proj,762,0,8,5575
v_proj,762,0,8,5583
rope,762,0,8,21268
attn,762,0,8,18121
o_proj,762,0,8,5686
post_layernorm,762,0,8,53822
gate_proj,762,0,8,16167
up_proj,762,0,8,16606
act_fn,762,0,8,3796
down_proj,762,0,8,15230
final_layernorm,762,0,8,54286
lm_head,762,0,8,133788
embedding,763,0,8,24042
input_layernorm,763,0,8,53744
q_proj,763,0,8,6021
k_proj,763,0,8,5686
v_proj,763,0,8,5596
rope,763,0,8,21353
attn,763,0,8,18251
o_proj,763,0,8,5709
post_layernorm,763,0,8,54033
gate_proj,763,0,8,16267
up_proj,763,0,8,16624
act_fn,763,0,8,3798
down_proj,763,0,8,15275
final_layernorm,763,0,8,54529
lm_head,763,0,8,133874
embedding,764,0,8,23618
input_layernorm,764,0,8,53385
q_proj,764,0,8,6031
k_proj,764,0,8,5588
v_proj,764,0,8,5574
rope,764,0,8,21266
attn,764,0,8,18119
o_proj,764,0,8,5661
post_layernorm,764,0,8,53724
gate_proj,764,0,8,16136
up_proj,764,0,8,16541
act_fn,764,0,8,3806
down_proj,764,0,8,15201
final_layernorm,764,0,8,54133
lm_head,764,0,8,133664
embedding,765,0,8,23801
input_layernorm,765,0,8,53590
q_proj,765,0,8,6048
k_proj,765,0,8,5552
v_proj,765,0,8,5602
rope,765,0,8,21356
attn,765,0,8,18315
o_proj,765,0,8,5706
post_layernorm,765,0,8,53845
gate_proj,765,0,8,16224
up_proj,765,0,8,16547
act_fn,765,0,8,3817
down_proj,765,0,8,15232
final_layernorm,765,0,8,54280
lm_head,765,0,8,133946
embedding,766,0,8,24153
input_layernorm,766,0,8,53598
q_proj,766,0,8,6008
k_proj,766,0,8,5624
v_proj,766,0,8,5611
rope,766,0,8,21292
attn,766,0,8,18286
o_proj,766,0,8,5686
post_layernorm,766,0,8,53879
gate_proj,766,0,8,16106
up_proj,766,0,8,16632
act_fn,766,0,8,3829
down_proj,766,0,8,15254
final_layernorm,766,0,8,54152
lm_head,766,0,8,133853
embedding,767,0,8,24034
input_layernorm,767,0,8,53639
q_proj,767,0,8,6026
k_proj,767,0,8,5580
v_proj,767,0,8,5532
rope,767,0,8,21291
attn,767,0,8,18305
o_proj,767,0,8,5668
post_layernorm,767,0,8,53851
gate_proj,767,0,8,16162
up_proj,767,0,8,16642
act_fn,767,0,8,3834
down_proj,767,0,8,15279
final_layernorm,767,0,8,54183
lm_head,767,0,8,133789
embedding,768,0,8,23628
input_layernorm,768,0,8,53162
q_proj,768,0,8,5999
k_proj,768,0,8,5101
v_proj,768,0,8,5047
rope,768,0,8,21352
attn,768,0,8,17584
o_proj,768,0,8,5683
post_layernorm,768,0,8,53457
gate_proj,768,0,8,16148
up_proj,768,0,8,16622
act_fn,768,0,8,3816
down_proj,768,0,8,15243
final_layernorm,768,0,8,53908
lm_head,768,0,8,136197
embedding,769,0,8,23149
input_layernorm,769,0,8,53533
q_proj,769,0,8,7282
k_proj,769,0,8,5591
v_proj,769,0,8,5621
rope,769,0,8,21177
attn,769,0,8,19509
o_proj,769,0,8,5552
post_layernorm,769,0,8,54079
gate_proj,769,0,8,19501
up_proj,769,0,8,17991
act_fn,769,0,8,3871
down_proj,769,0,8,15373
final_layernorm,769,0,8,54391
lm_head,769,0,8,137428
embedding,770,0,8,23250
input_layernorm,770,0,8,53621
q_proj,770,0,8,7194
k_proj,770,0,8,5666
v_proj,770,0,8,5697
rope,770,0,8,21166
attn,770,0,8,19575
o_proj,770,0,8,5567
post_layernorm,770,0,8,54254
gate_proj,770,0,8,19510
up_proj,770,0,8,18006
act_fn,770,0,8,3889
down_proj,770,0,8,15379
final_layernorm,770,0,8,54507
lm_head,770,0,8,137506
embedding,771,0,8,23344
input_layernorm,771,0,8,53632
q_proj,771,0,8,7201
k_proj,771,0,8,5578
v_proj,771,0,8,5544
rope,771,0,8,21259
attn,771,0,8,19771
o_proj,771,0,8,5594
post_layernorm,771,0,8,54187
gate_proj,771,0,8,19575
up_proj,771,0,8,18021
act_fn,771,0,8,3894
down_proj,771,0,8,15413
final_layernorm,771,0,8,54525
lm_head,771,0,8,137719
embedding,772,0,8,23208
input_layernorm,772,0,8,53861
q_proj,772,0,8,7128
k_proj,772,0,8,5512
v_proj,772,0,8,5532
rope,772,0,8,21255
attn,772,0,8,19531
o_proj,772,0,8,5564
post_layernorm,772,0,8,54327
gate_proj,772,0,8,19531
up_proj,772,0,8,18010
act_fn,772,0,8,3890
down_proj,772,0,8,15379
final_layernorm,772,0,8,54523
lm_head,772,0,8,137497
embedding,773,0,8,23468
input_layernorm,773,0,8,53795
q_proj,773,0,8,7220
k_proj,773,0,8,5634
v_proj,773,0,8,5728
rope,773,0,8,21226
attn,773,0,8,19701
o_proj,773,0,8,5584
post_layernorm,773,0,8,54396
gate_proj,773,0,8,19593
up_proj,773,0,8,18032
act_fn,773,0,8,3895
down_proj,773,0,8,15387
final_layernorm,773,0,8,54801
lm_head,773,0,8,137676
embedding,774,0,8,23201
input_layernorm,774,0,8,53743
q_proj,774,0,8,7187
k_proj,774,0,8,5535
v_proj,774,0,8,5527
rope,774,0,8,21190
attn,774,0,8,19564
o_proj,774,0,8,5571
post_layernorm,774,0,8,54310
gate_proj,774,0,8,19583
up_proj,774,0,8,17997
act_fn,774,0,8,3887
down_proj,774,0,8,15418
final_layernorm,774,0,8,54477
lm_head,774,0,8,137658
embedding,775,0,8,23178
input_layernorm,775,0,8,53897
q_proj,775,0,8,7184
k_proj,775,0,8,5535
v_proj,775,0,8,5539
rope,775,0,8,21200
attn,775,0,8,19628
o_proj,775,0,8,5562
post_layernorm,775,0,8,54384
gate_proj,775,0,8,19558
up_proj,775,0,8,17986
act_fn,775,0,8,3920
down_proj,775,0,8,15385
final_layernorm,775,0,8,54791
lm_head,775,0,8,137668
embedding,776,0,8,23279
input_layernorm,776,0,8,53458
q_proj,776,0,8,7066
k_proj,776,0,8,5415
v_proj,776,0,8,5442
rope,776,0,8,21326
attn,776,0,8,19537
o_proj,776,0,8,5562
post_layernorm,776,0,8,53863
gate_proj,776,0,8,19522
up_proj,776,0,8,17962
act_fn,776,0,8,3922
down_proj,776,0,8,15395
final_layernorm,776,0,8,54194
lm_head,776,0,8,137693
embedding,777,0,8,23455
input_layernorm,777,0,8,53836
q_proj,777,0,8,7053
k_proj,777,0,8,5540
v_proj,777,0,8,5531
rope,777,0,8,21206
attn,777,0,8,19547
o_proj,777,0,8,5579
post_layernorm,777,0,8,54411
gate_proj,777,0,8,19537
up_proj,777,0,8,18043
act_fn,777,0,8,3908
down_proj,777,0,8,15419
final_layernorm,777,0,8,54694
lm_head,777,0,8,137777
embedding,778,0,8,23544
input_layernorm,778,0,8,54189
q_proj,778,0,8,7029
k_proj,778,0,8,5629
v_proj,778,0,8,5754
rope,778,0,8,21244
attn,778,0,8,19675
o_proj,778,0,8,5589
post_layernorm,778,0,8,54672
gate_proj,778,0,8,19609
up_proj,778,0,8,18024
act_fn,778,0,8,3918
down_proj,778,0,8,15430
final_layernorm,778,0,8,54827
lm_head,778,0,8,137859
embedding,779,0,8,23224
input_layernorm,779,0,8,53859
q_proj,779,0,8,7037
k_proj,779,0,8,5531
v_proj,779,0,8,5525
rope,779,0,8,21097
attn,779,0,8,19551
o_proj,779,0,8,5555
post_layernorm,779,0,8,54407
gate_proj,779,0,8,19563
up_proj,779,0,8,18001
act_fn,779,0,8,3911
down_proj,779,0,8,15419
final_layernorm,779,0,8,54797
lm_head,779,0,8,137805
embedding,780,0,8,23316
input_layernorm,780,0,8,54172
q_proj,780,0,8,6988
k_proj,780,0,8,5558
v_proj,780,0,8,5570
rope,780,0,8,21335
attn,780,0,8,19681
o_proj,780,0,8,5591
post_layernorm,780,0,8,54664
gate_proj,780,0,8,19557
up_proj,780,0,8,18043
act_fn,780,0,8,3918
down_proj,780,0,8,15424
final_layernorm,780,0,8,55021
lm_head,780,0,8,137902
embedding,781,0,8,23342
input_layernorm,781,0,8,54225
q_proj,781,0,8,7001
k_proj,781,0,8,5598
v_proj,781,0,8,5652
rope,781,0,8,21270
attn,781,0,8,19812
o_proj,781,0,8,5612
post_layernorm,781,0,8,54823
gate_proj,781,0,8,19567
up_proj,781,0,8,18102
act_fn,781,0,8,3952
down_proj,781,0,8,15455
final_layernorm,781,0,8,55075
lm_head,781,0,8,138092
embedding,782,0,8,23179
input_layernorm,782,0,8,53965
q_proj,782,0,8,7049
k_proj,782,0,8,5542
v_proj,782,0,8,5576
rope,782,0,8,21131
attn,782,0,8,19594
o_proj,782,0,8,5572
post_layernorm,782,0,8,54757
gate_proj,782,0,8,19576
up_proj,782,0,8,17971
act_fn,782,0,8,3941
down_proj,782,0,8,15427
final_layernorm,782,0,8,55011
lm_head,782,0,8,137929
embedding,783,0,8,23399
input_layernorm,783,0,8,54269
q_proj,783,0,8,6927
k_proj,783,0,8,5523
v_proj,783,0,8,5533
rope,783,0,8,21139
attn,783,0,8,19632
o_proj,783,0,8,5575
post_layernorm,783,0,8,54724
gate_proj,783,0,8,19567
up_proj,783,0,8,18015
act_fn,783,0,8,3932
down_proj,783,0,8,15446
final_layernorm,783,0,8,54965
lm_head,783,0,8,137914
embedding,784,0,8,23361
input_layernorm,784,0,8,54048
q_proj,784,0,8,7689
k_proj,784,0,8,5508
v_proj,784,0,8,5458
rope,784,0,8,21323
attn,784,0,8,19673
o_proj,784,0,8,5727
post_layernorm,784,0,8,54564
gate_proj,784,0,8,19053
up_proj,784,0,8,18749
act_fn,784,0,8,3841
down_proj,784,0,8,15690
final_layernorm,784,0,8,54952
lm_head,784,0,8,138030
embedding,785,0,8,23731
input_layernorm,785,0,8,54336
q_proj,785,0,8,6879
k_proj,785,0,8,5587
v_proj,785,0,8,5596
rope,785,0,8,21198
attn,785,0,8,19659
o_proj,785,0,8,5580
post_layernorm,785,0,8,54973
gate_proj,785,0,8,19520
up_proj,785,0,8,17971
act_fn,785,0,8,3949
down_proj,785,0,8,15440
final_layernorm,785,0,8,55057
lm_head,785,0,8,137879
embedding,786,0,8,23569
input_layernorm,786,0,8,54304
q_proj,786,0,8,6777
k_proj,786,0,8,5542
v_proj,786,0,8,5595
rope,786,0,8,21220
attn,786,0,8,19622
o_proj,786,0,8,5573
post_layernorm,786,0,8,54939
gate_proj,786,0,8,19581
up_proj,786,0,8,18022
act_fn,786,0,8,3972
down_proj,786,0,8,15463
final_layernorm,786,0,8,55151
lm_head,786,0,8,138065
embedding,787,0,8,23525
input_layernorm,787,0,8,54592
q_proj,787,0,8,6920
k_proj,787,0,8,5547
v_proj,787,0,8,5622
rope,787,0,8,21234
attn,787,0,8,19733
o_proj,787,0,8,5585
post_layernorm,787,0,8,55096
gate_proj,787,0,8,19553
up_proj,787,0,8,18045
act_fn,787,0,8,3953
down_proj,787,0,8,15478
final_layernorm,787,0,8,55338
lm_head,787,0,8,138159
embedding,788,0,8,23413
input_layernorm,788,0,8,54400
q_proj,788,0,8,6778
k_proj,788,0,8,5512
v_proj,788,0,8,5537
rope,788,0,8,21296
attn,788,0,8,19655
o_proj,788,0,8,5574
post_layernorm,788,0,8,55207
gate_proj,788,0,8,19515
up_proj,788,0,8,18031
act_fn,788,0,8,3961
down_proj,788,0,8,15486
final_layernorm,788,0,8,55192
lm_head,788,0,8,138091
embedding,789,0,8,23746
input_layernorm,789,0,8,54562
q_proj,789,0,8,6773
k_proj,789,0,8,5607
v_proj,789,0,8,5592
rope,789,0,8,21285
attn,789,0,8,19742
o_proj,789,0,8,5595
post_layernorm,789,0,8,55082
gate_proj,789,0,8,19515
up_proj,789,0,8,18083
act_fn,789,0,8,3960
down_proj,789,0,8,15475
final_layernorm,789,0,8,55379
lm_head,789,0,8,138163
embedding,790,0,8,24188
input_layernorm,790,0,8,54812
q_proj,790,0,8,6766
k_proj,790,0,8,5567
v_proj,790,0,8,5604
rope,790,0,8,21342
attn,790,0,8,19788
o_proj,790,0,8,5627
post_layernorm,790,0,8,55331
gate_proj,790,0,8,19566
up_proj,790,0,8,18059
act_fn,790,0,8,3988
down_proj,790,0,8,15503
final_layernorm,790,0,8,55847
lm_head,790,0,8,138409
embedding,791,0,8,24048
input_layernorm,791,0,8,54691
q_proj,791,0,8,6780
k_proj,791,0,8,5581
v_proj,791,0,8,5618
rope,791,0,8,21318
attn,791,0,8,19761
o_proj,791,0,8,5604
post_layernorm,791,0,8,55362
gate_proj,791,0,8,19565
up_proj,791,0,8,18071
act_fn,791,0,8,3997
down_proj,791,0,8,15511
final_layernorm,791,0,8,55679
lm_head,791,0,8,138349
embedding,792,0,8,24204
input_layernorm,792,0,8,54547
q_proj,792,0,8,6662
k_proj,792,0,8,5436
v_proj,792,0,8,5467
rope,792,0,8,21395
attn,792,0,8,19739
o_proj,792,0,8,5587
post_layernorm,792,0,8,55084
gate_proj,792,0,8,19550
up_proj,792,0,8,18057
act_fn,792,0,8,3969
down_proj,792,0,8,15488
final_layernorm,792,0,8,55329
lm_head,792,0,8,138360
embedding,793,0,8,24147
input_layernorm,793,0,8,55273
q_proj,793,0,8,7535
k_proj,793,0,8,5535
v_proj,793,0,8,5417
rope,793,0,8,21344
attn,793,0,8,19810
o_proj,793,0,8,5616
post_layernorm,793,0,8,55841
gate_proj,793,0,8,18516
up_proj,793,0,8,18369
act_fn,793,0,8,3919
down_proj,793,0,8,15380
final_layernorm,793,0,8,56492
lm_head,793,0,8,138530
embedding,794,0,8,24185
input_layernorm,794,0,8,55577
q_proj,794,0,8,7652
k_proj,794,0,8,5504
v_proj,794,0,8,5375
rope,794,0,8,21318
attn,794,0,8,19645
o_proj,794,0,8,5593
post_layernorm,794,0,8,56041
gate_proj,794,0,8,18344
up_proj,794,0,8,18247
act_fn,794,0,8,3894
down_proj,794,0,8,15357
final_layernorm,794,0,8,56471
lm_head,794,0,8,138307
embedding,795,0,8,24163
input_layernorm,795,0,8,55766
q_proj,795,0,8,7534
k_proj,795,0,8,5506
v_proj,795,0,8,5419
rope,795,0,8,21375
attn,795,0,8,19836
o_proj,795,0,8,5609
post_layernorm,795,0,8,56145
gate_proj,795,0,8,18468
up_proj,795,0,8,18329
act_fn,795,0,8,3900
down_proj,795,0,8,15390
final_layernorm,795,0,8,56670
lm_head,795,0,8,138474
embedding,796,0,8,23977
input_layernorm,796,0,8,55602
q_proj,796,0,8,7508
k_proj,796,0,8,5464
v_proj,796,0,8,5364
rope,796,0,8,21370
attn,796,0,8,19598
o_proj,796,0,8,5561
post_layernorm,796,0,8,56244
gate_proj,796,0,8,18227
up_proj,796,0,8,18204
act_fn,796,0,8,3910
down_proj,796,0,8,15377
final_layernorm,796,0,8,56505
lm_head,796,0,8,138130
embedding,797,0,8,24380
input_layernorm,797,0,8,55741
q_proj,797,0,8,7570
k_proj,797,0,8,5475
v_proj,797,0,8,5381
rope,797,0,8,21495
attn,797,0,8,19798
o_proj,797,0,8,5611
post_layernorm,797,0,8,56403
gate_proj,797,0,8,18470
up_proj,797,0,8,18315
act_fn,797,0,8,3925
down_proj,797,0,8,15385
final_layernorm,797,0,8,56785
lm_head,797,0,8,138412
embedding,798,0,8,24273
input_layernorm,798,0,8,55982
q_proj,798,0,8,7524
k_proj,798,0,8,5490
v_proj,798,0,8,5365
rope,798,0,8,21415
attn,798,0,8,19632
o_proj,798,0,8,5581
post_layernorm,798,0,8,56336
gate_proj,798,0,8,18352
up_proj,798,0,8,18268
act_fn,798,0,8,3901
down_proj,798,0,8,15383
final_layernorm,798,0,8,56774
lm_head,798,0,8,138405
embedding,799,0,8,24071
input_layernorm,799,0,8,55886
q_proj,799,0,8,7518
k_proj,799,0,8,5513
v_proj,799,0,8,5369
rope,799,0,8,21503
attn,799,0,8,19714
o_proj,799,0,8,5600
post_layernorm,799,0,8,56223
gate_proj,799,0,8,18418
up_proj,799,0,8,18304
act_fn,799,0,8,3920
down_proj,799,0,8,15383
final_layernorm,799,0,8,56759
lm_head,799,0,8,138476
embedding,800,0,8,23992
input_layernorm,800,0,8,55555
q_proj,800,0,8,9348
k_proj,800,0,8,5597
v_proj,800,0,8,5738
rope,800,0,8,21608
attn,800,0,8,19637
o_proj,800,0,8,6023
post_layernorm,800,0,8,56060
gate_proj,800,0,8,20380
up_proj,800,0,8,18883
act_fn,800,0,8,3970
down_proj,800,0,8,16686
final_layernorm,800,0,8,56278
lm_head,800,0,8,138372
embedding,801,0,8,24868
input_layernorm,801,0,8,55830
q_proj,801,0,8,7396
k_proj,801,0,8,5530
v_proj,801,0,8,5588
rope,801,0,8,21480
attn,801,0,8,19719
o_proj,801,0,8,5744
post_layernorm,801,0,8,56583
gate_proj,801,0,8,19119
up_proj,801,0,8,18792
act_fn,801,0,8,3915
down_proj,801,0,8,15796
final_layernorm,801,0,8,56942
lm_head,801,0,8,141958
embedding,802,0,8,24827
input_layernorm,802,0,8,55931
q_proj,802,0,8,7264
k_proj,802,0,8,5376
v_proj,802,0,8,5490
rope,802,0,8,21482
attn,802,0,8,19736
o_proj,802,0,8,5748
post_layernorm,802,0,8,56572
gate_proj,802,0,8,19111
up_proj,802,0,8,18767
act_fn,802,0,8,3916
down_proj,802,0,8,15808
final_layernorm,802,0,8,56939
lm_head,802,0,8,141919
embedding,803,0,8,24751
input_layernorm,803,0,8,55940
q_proj,803,0,8,7442
k_proj,803,0,8,5412
v_proj,803,0,8,5530
rope,803,0,8,21516
attn,803,0,8,19629
o_proj,803,0,8,5740
post_layernorm,803,0,8,56462
gate_proj,803,0,8,19120
up_proj,803,0,8,18791
act_fn,803,0,8,3921
down_proj,803,0,8,15809
final_layernorm,803,0,8,56731
lm_head,803,0,8,141939
embedding,804,0,8,24614
input_layernorm,804,0,8,56128
q_proj,804,0,8,7309
k_proj,804,0,8,5460
v_proj,804,0,8,5520
rope,804,0,8,21612
attn,804,0,8,19719
o_proj,804,0,8,5739
post_layernorm,804,0,8,56599
gate_proj,804,0,8,19084
up_proj,804,0,8,18773
act_fn,804,0,8,3932
down_proj,804,0,8,15813
final_layernorm,804,0,8,56751
lm_head,804,0,8,142026
embedding,805,0,8,24808
input_layernorm,805,0,8,56084
q_proj,805,0,8,7235
k_proj,805,0,8,5507
v_proj,805,0,8,5475
rope,805,0,8,21606
attn,805,0,8,19772
o_proj,805,0,8,5761
post_layernorm,805,0,8,56693
gate_proj,805,0,8,19170
up_proj,805,0,8,18830
act_fn,805,0,8,3955
down_proj,805,0,8,15811
final_layernorm,805,0,8,57018
lm_head,805,0,8,142099
embedding,806,0,8,24949
input_layernorm,806,0,8,55832
q_proj,806,0,8,7184
k_proj,806,0,8,5483
v_proj,806,0,8,5564
rope,806,0,8,21522
attn,806,0,8,19822
o_proj,806,0,8,5771
post_layernorm,806,0,8,56827
gate_proj,806,0,8,19180
up_proj,806,0,8,18831
act_fn,806,0,8,3935
down_proj,806,0,8,15824
final_layernorm,806,0,8,57194
lm_head,806,0,8,142151
embedding,807,0,8,24676
input_layernorm,807,0,8,56143
q_proj,807,0,8,7181
k_proj,807,0,8,5354
v_proj,807,0,8,5391
rope,807,0,8,21222
attn,807,0,8,19648
o_proj,807,0,8,5721
post_layernorm,807,0,8,56584
gate_proj,807,0,8,18986
up_proj,807,0,8,18723
act_fn,807,0,8,3944
down_proj,807,0,8,15798
final_layernorm,807,0,8,56820
lm_head,807,0,8,141935
embedding,808,0,8,24598
input_layernorm,808,0,8,55906
q_proj,808,0,8,6961
k_proj,808,0,8,5411
v_proj,808,0,8,5506
rope,808,0,8,21475
attn,808,0,8,19851
o_proj,808,0,8,5779
post_layernorm,808,0,8,56409
gate_proj,808,0,8,19250
up_proj,808,0,8,18879
act_fn,808,0,8,3958
down_proj,808,0,8,15834
final_layernorm,808,0,8,56810
lm_head,808,0,8,141372
embedding,809,0,8,24886
input_layernorm,809,0,8,56100
q_proj,809,0,8,7146
k_proj,809,0,8,5452
v_proj,809,0,8,5519
rope,809,0,8,21506
attn,809,0,8,19710
o_proj,809,0,8,5739
post_layernorm,809,0,8,56580
gate_proj,809,0,8,19063
up_proj,809,0,8,18817
act_fn,809,0,8,3956
down_proj,809,0,8,15823
final_layernorm,809,0,8,57039
lm_head,809,0,8,142063
embedding,810,0,8,24529
input_layernorm,810,0,8,56340
q_proj,810,0,8,7106
k_proj,810,0,8,5336
v_proj,810,0,8,5405
rope,810,0,8,21287
attn,810,0,8,19715
o_proj,810,0,8,5730
post_layernorm,810,0,8,56721
gate_proj,810,0,8,19105
up_proj,810,0,8,18805
act_fn,810,0,8,3960
down_proj,810,0,8,15820
final_layernorm,810,0,8,57044
lm_head,810,0,8,142205
embedding,811,0,8,24751
input_layernorm,811,0,8,56450
q_proj,811,0,8,7077
k_proj,811,0,8,5435
v_proj,811,0,8,5562
rope,811,0,8,21684
attn,811,0,8,19876
o_proj,811,0,8,5777
post_layernorm,811,0,8,56904
gate_proj,811,0,8,19210
up_proj,811,0,8,18858
act_fn,811,0,8,3974
down_proj,811,0,8,15852
final_layernorm,811,0,8,57215
lm_head,811,0,8,142334
embedding,812,0,8,24644
input_layernorm,812,0,8,56379
q_proj,812,0,8,7082
k_proj,812,0,8,5370
v_proj,812,0,8,5426
rope,812,0,8,21503
attn,812,0,8,19769
o_proj,812,0,8,5764
post_layernorm,812,0,8,56764
gate_proj,812,0,8,19127
up_proj,812,0,8,18801
act_fn,812,0,8,3929
down_proj,812,0,8,15853
final_layernorm,812,0,8,57147
lm_head,812,0,8,142195
embedding,813,0,8,24669
input_layernorm,813,0,8,56434
q_proj,813,0,8,7039
k_proj,813,0,8,5397
v_proj,813,0,8,5515
rope,813,0,8,21454
attn,813,0,8,19686
o_proj,813,0,8,5750
post_layernorm,813,0,8,56786
gate_proj,813,0,8,19109
up_proj,813,0,8,18782
act_fn,813,0,8,3970
down_proj,813,0,8,15842
final_layernorm,813,0,8,57244
lm_head,813,0,8,142238
embedding,814,0,8,24755
input_layernorm,814,0,8,56353
q_proj,814,0,8,7055
k_proj,814,0,8,5442
v_proj,814,0,8,5584
rope,814,0,8,21873
attn,814,0,8,19747
o_proj,814,0,8,5760
post_layernorm,814,0,8,56897
gate_proj,814,0,8,19168
up_proj,814,0,8,18836
act_fn,814,0,8,3973
down_proj,814,0,8,15864
final_layernorm,814,0,8,57316
lm_head,814,0,8,142345
embedding,815,0,8,24998
input_layernorm,815,0,8,56290
q_proj,815,0,8,6872
k_proj,815,0,8,5396
v_proj,815,0,8,5480
rope,815,0,8,21832
attn,815,0,8,19752
o_proj,815,0,8,5762
post_layernorm,815,0,8,56752
gate_proj,815,0,8,19137
up_proj,815,0,8,18810
act_fn,815,0,8,3987
down_proj,815,0,8,15862
final_layernorm,815,0,8,57219
lm_head,815,0,8,142248
embedding,816,0,8,24942
input_layernorm,816,0,8,56038
q_proj,816,0,8,6825
k_proj,816,0,8,5358
v_proj,816,0,8,5495
rope,816,0,8,21640
attn,816,0,8,19689
o_proj,816,0,8,5753
post_layernorm,816,0,8,56510
gate_proj,816,0,8,19047
up_proj,816,0,8,18793
act_fn,816,0,8,3960
down_proj,816,0,8,15869
final_layernorm,816,0,8,56716
lm_head,816,0,8,140978
embedding,817,0,8,24934
input_layernorm,817,0,8,56816
q_proj,817,0,8,6686
k_proj,817,0,8,5341
v_proj,817,0,8,4992
rope,817,0,8,21905
attn,817,0,8,19894
o_proj,817,0,8,5791
post_layernorm,817,0,8,57258
gate_proj,817,0,8,19299
up_proj,817,0,8,18924
act_fn,817,0,8,3989
down_proj,817,0,8,15889
final_layernorm,817,0,8,57577
lm_head,817,0,8,145314
embedding,818,0,8,25372
input_layernorm,818,0,8,56555
q_proj,818,0,8,6634
k_proj,818,0,8,5265
v_proj,818,0,8,4949
rope,818,0,8,21950
attn,818,0,8,19722
o_proj,818,0,8,5757
post_layernorm,818,0,8,56978
gate_proj,818,0,8,19105
up_proj,818,0,8,18818
act_fn,818,0,8,3967
down_proj,818,0,8,15867
final_layernorm,818,0,8,57569
lm_head,818,0,8,145141
embedding,819,0,8,24913
input_layernorm,819,0,8,56373
q_proj,819,0,8,6735
k_proj,819,0,8,5267
v_proj,819,0,8,4969
rope,819,0,8,21683
attn,819,0,8,19698
o_proj,819,0,8,5759
post_layernorm,819,0,8,57017
gate_proj,819,0,8,19081
up_proj,819,0,8,18803
act_fn,819,0,8,4005
down_proj,819,0,8,15867
final_layernorm,819,0,8,57612
lm_head,819,0,8,145048
embedding,820,0,8,25163
input_layernorm,820,0,8,56682
q_proj,820,0,8,6657
k_proj,820,0,8,5278
v_proj,820,0,8,4984
rope,820,0,8,21909
attn,820,0,8,19845
o_proj,820,0,8,5792
post_layernorm,820,0,8,57237
gate_proj,820,0,8,19252
up_proj,820,0,8,18886
act_fn,820,0,8,3997
down_proj,820,0,8,15905
final_layernorm,820,0,8,57571
lm_head,820,0,8,145326
embedding,821,0,8,25019
input_layernorm,821,0,8,56534
q_proj,821,0,8,6626
k_proj,821,0,8,5283
v_proj,821,0,8,4926
rope,821,0,8,21829
attn,821,0,8,19621
o_proj,821,0,8,5744
post_layernorm,821,0,8,56978
gate_proj,821,0,8,19005
up_proj,821,0,8,18749
act_fn,821,0,8,4018
down_proj,821,0,8,15888
final_layernorm,821,0,8,57319
lm_head,821,0,8,145007
embedding,822,0,8,25321
input_layernorm,822,0,8,56678
q_proj,822,0,8,6641
k_proj,822,0,8,5321
v_proj,822,0,8,4965
rope,822,0,8,21953
attn,822,0,8,19751
o_proj,822,0,8,5759
post_layernorm,822,0,8,57028
gate_proj,822,0,8,19128
up_proj,822,0,8,18815
act_fn,822,0,8,4004
down_proj,822,0,8,15886
final_layernorm,822,0,8,57244
lm_head,822,0,8,145272
embedding,823,0,8,25377
input_layernorm,823,0,8,56787
q_proj,823,0,8,6687
k_proj,823,0,8,5299
v_proj,823,0,8,4979
rope,823,0,8,21726
attn,823,0,8,19841
o_proj,823,0,8,5766
post_layernorm,823,0,8,57233
gate_proj,823,0,8,19107
up_proj,823,0,8,18809
act_fn,823,0,8,4025
down_proj,823,0,8,15899
final_layernorm,823,0,8,57669
lm_head,823,0,8,145237
embedding,824,0,8,25208
input_layernorm,824,0,8,56322
q_proj,824,0,8,6450
k_proj,824,0,8,5310
v_proj,824,0,8,4979
rope,824,0,8,22069
attn,824,0,8,19783
o_proj,824,0,8,5756
post_layernorm,824,0,8,56699
gate_proj,824,0,8,19115
up_proj,824,0,8,18853
act_fn,824,0,8,4016
down_proj,824,0,8,15900
final_layernorm,824,0,8,57183
lm_head,824,0,8,145375
embedding,825,0,8,25480
input_layernorm,825,0,8,56935
q_proj,825,0,8,6451
k_proj,825,0,8,5347
v_proj,825,0,8,4990
rope,825,0,8,22024
attn,825,0,8,19869
o_proj,825,0,8,5789
post_layernorm,825,0,8,57493
gate_proj,825,0,8,19245
up_proj,825,0,8,18902
act_fn,825,0,8,4006
down_proj,825,0,8,15923
final_layernorm,825,0,8,57854
lm_head,825,0,8,145475
embedding,826,0,8,25786
input_layernorm,826,0,8,56848
q_proj,826,0,8,6430
k_proj,826,0,8,5304
v_proj,826,0,8,4987
rope,826,0,8,22087
attn,826,0,8,19848
o_proj,826,0,8,5778
post_layernorm,826,0,8,57552
gate_proj,826,0,8,19192
up_proj,826,0,8,18875
act_fn,826,0,8,4032
down_proj,826,0,8,15929
final_layernorm,826,0,8,57856
lm_head,826,0,8,145471
embedding,827,0,8,25676
input_layernorm,827,0,8,56925
q_proj,827,0,8,6478
k_proj,827,0,8,5308
v_proj,827,0,8,4943
rope,827,0,8,21759
attn,827,0,8,19745
o_proj,827,0,8,5753
post_layernorm,827,0,8,57304
gate_proj,827,0,8,19152
up_proj,827,0,8,18847
act_fn,827,0,8,4023
down_proj,827,0,8,15931
final_layernorm,827,0,8,57703
lm_head,827,0,8,145431
embedding,828,0,8,25726
input_layernorm,828,0,8,56868
q_proj,828,0,8,6369
k_proj,828,0,8,5358
v_proj,828,0,8,4961
rope,828,0,8,22117
attn,828,0,8,19781
o_proj,828,0,8,5784
post_layernorm,828,0,8,57247
gate_proj,828,0,8,19193
up_proj,828,0,8,18878
act_fn,828,0,8,4045
down_proj,828,0,8,15918
final_layernorm,828,0,8,57882
lm_head,828,0,8,145473
embedding,829,0,8,25447
input_layernorm,829,0,8,56904
q_proj,829,0,8,6393
k_proj,829,0,8,5300
v_proj,829,0,8,4951
rope,829,0,8,22015
attn,829,0,8,19760
o_proj,829,0,8,5778
post_layernorm,829,0,8,57252
gate_proj,829,0,8,19145
up_proj,829,0,8,18851
act_fn,829,0,8,4043
down_proj,829,0,8,15915
final_layernorm,829,0,8,57765
lm_head,829,0,8,145556
embedding,830,0,8,25385
input_layernorm,830,0,8,57009
q_proj,830,0,8,6396
k_proj,830,0,8,5244
v_proj,830,0,8,4927
rope,830,0,8,22037
attn,830,0,8,19704
o_proj,830,0,8,5775
post_layernorm,830,0,8,57305
gate_proj,830,0,8,19114
up_proj,830,0,8,18833
act_fn,830,0,8,4029
down_proj,830,0,8,15933
final_layernorm,830,0,8,57527
lm_head,830,0,8,145530
embedding,831,0,8,25471
input_layernorm,831,0,8,56826
q_proj,831,0,8,6383
k_proj,831,0,8,5321
v_proj,831,0,8,4944
rope,831,0,8,21775
attn,831,0,8,19691
o_proj,831,0,8,5760
post_layernorm,831,0,8,57380
gate_proj,831,0,8,19123
up_proj,831,0,8,18830
act_fn,831,0,8,4049
down_proj,831,0,8,15919
final_layernorm,831,0,8,57882
lm_head,831,0,8,145595
embedding,832,0,8,24784
input_layernorm,832,0,8,56614
q_proj,832,0,8,8365
k_proj,832,0,8,5333
v_proj,832,0,8,5415
rope,832,0,8,22075
attn,832,0,8,19716
o_proj,832,0,8,9056
post_layernorm,832,0,8,57037
gate_proj,832,0,8,20395
up_proj,832,0,8,18994
act_fn,832,0,8,4122
down_proj,832,0,8,18659
final_layernorm,832,0,8,57505
lm_head,832,0,8,164955
embedding,833,0,8,24768
input_layernorm,833,0,8,57033
q_proj,833,0,8,7622
k_proj,833,0,8,5187
v_proj,833,0,8,4968
rope,833,0,8,22033
attn,833,0,8,20507
o_proj,833,0,8,5938
post_layernorm,833,0,8,57509
gate_proj,833,0,8,20459
up_proj,833,0,8,19003
act_fn,833,0,8,4122
down_proj,833,0,8,16525
final_layernorm,833,0,8,57829
lm_head,833,0,8,148436
embedding,834,0,8,24918
input_layernorm,834,0,8,57145
q_proj,834,0,8,7755
k_proj,834,0,8,5210
v_proj,834,0,8,4978
rope,834,0,8,22124
attn,834,0,8,20568
o_proj,834,0,8,5956
post_layernorm,834,0,8,57718
gate_proj,834,0,8,20428
up_proj,834,0,8,19025
act_fn,834,0,8,4140
down_proj,834,0,8,16551
final_layernorm,834,0,8,57981
lm_head,834,0,8,148610
embedding,835,0,8,25032
input_layernorm,835,0,8,57138
q_proj,835,0,8,7622
k_proj,835,0,8,5201
v_proj,835,0,8,4940
rope,835,0,8,21797
attn,835,0,8,20430
o_proj,835,0,8,5923
post_layernorm,835,0,8,57755
gate_proj,835,0,8,20352
up_proj,835,0,8,18976
act_fn,835,0,8,4145
down_proj,835,0,8,16538
final_layernorm,835,0,8,57895
lm_head,835,0,8,148490
embedding,836,0,8,24667
input_layernorm,836,0,8,57077
q_proj,836,0,8,7678
k_proj,836,0,8,5162
v_proj,836,0,8,4946
rope,836,0,8,22126
attn,836,0,8,20405
o_proj,836,0,8,5918
post_layernorm,836,0,8,57595
gate_proj,836,0,8,20390
up_proj,836,0,8,18995
act_fn,836,0,8,4152
down_proj,836,0,8,16543
final_layernorm,836,0,8,57697
lm_head,836,0,8,148503
embedding,837,0,8,24984
input_layernorm,837,0,8,57229
q_proj,837,0,8,7660
k_proj,837,0,8,5180
v_proj,837,0,8,4959
rope,837,0,8,21993
attn,837,0,8,20495
o_proj,837,0,8,5933
post_layernorm,837,0,8,57798
gate_proj,837,0,8,20410
up_proj,837,0,8,18970
act_fn,837,0,8,4163
down_proj,837,0,8,16547
final_layernorm,837,0,8,57938
lm_head,837,0,8,148533
embedding,838,0,8,25135
input_layernorm,838,0,8,57116
q_proj,838,0,8,7679
k_proj,838,0,8,5165
v_proj,838,0,8,4976
rope,838,0,8,22067
attn,838,0,8,20417
o_proj,838,0,8,5921
post_layernorm,838,0,8,57847
gate_proj,838,0,8,20367
up_proj,838,0,8,18971
act_fn,838,0,8,4155
down_proj,838,0,8,16528
final_layernorm,838,0,8,57940
lm_head,838,0,8,148536
embedding,839,0,8,25164
input_layernorm,839,0,8,57298
q_proj,839,0,8,7542
k_proj,839,0,8,5191
v_proj,839,0,8,4980
rope,839,0,8,21971
attn,839,0,8,20576
o_proj,839,0,8,5954
post_layernorm,839,0,8,57838
gate_proj,839,0,8,20444
up_proj,839,0,8,19050
act_fn,839,0,8,4151
down_proj,839,0,8,16570
final_layernorm,839,0,8,58057
lm_head,839,0,8,148818
embedding,840,0,8,25754
input_layernorm,840,0,8,57069
q_proj,840,0,8,6815
k_proj,840,0,8,5235
v_proj,840,0,8,4959
rope,840,0,8,22270
attn,840,0,8,20510
o_proj,840,0,8,5951
post_layernorm,840,0,8,57723
gate_proj,840,0,8,20390
up_proj,840,0,8,19039
act_fn,840,0,8,4166
down_proj,840,0,8,16562
final_layernorm,840,0,8,57763
lm_head,840,0,8,147824
embedding,841,0,8,25063
input_layernorm,841,0,8,57314
q_proj,841,0,8,8197
k_proj,841,0,8,5328
v_proj,841,0,8,5303
rope,841,0,8,22090
attn,841,0,8,20488
o_proj,841,0,8,5940
post_layernorm,841,0,8,57891
gate_proj,841,0,8,20410
up_proj,841,0,8,19015
act_fn,841,0,8,4174
down_proj,841,0,8,16567
final_layernorm,841,0,8,57910
lm_head,841,0,8,148712
embedding,842,0,8,24830
input_layernorm,842,0,8,57607
q_proj,842,0,8,8373
k_proj,842,0,8,5325
v_proj,842,0,8,5328
rope,842,0,8,22210
attn,842,0,8,20540
o_proj,842,0,8,5959
post_layernorm,842,0,8,58086
gate_proj,842,0,8,20436
up_proj,842,0,8,19071
act_fn,842,0,8,4180
down_proj,842,0,8,16598
final_layernorm,842,0,8,58132
lm_head,842,0,8,148765
embedding,843,0,8,24901
input_layernorm,843,0,8,57441
q_proj,843,0,8,8587
k_proj,843,0,8,5336
v_proj,843,0,8,5315
rope,843,0,8,21906
attn,843,0,8,20529
o_proj,843,0,8,5942
post_layernorm,843,0,8,58132
gate_proj,843,0,8,20403
up_proj,843,0,8,19043
act_fn,843,0,8,4183
down_proj,843,0,8,16571
final_layernorm,843,0,8,58232
lm_head,843,0,8,148863
embedding,844,0,8,24938
input_layernorm,844,0,8,57322
q_proj,844,0,8,8289
k_proj,844,0,8,5324
v_proj,844,0,8,5324
rope,844,0,8,22183
attn,844,0,8,20489
o_proj,844,0,8,5932
post_layernorm,844,0,8,58020
gate_proj,844,0,8,20442
up_proj,844,0,8,19037
act_fn,844,0,8,4185
down_proj,844,0,8,16559
final_layernorm,844,0,8,58203
lm_head,844,0,8,148771
embedding,845,0,8,25270
input_layernorm,845,0,8,57851
q_proj,845,0,8,8484
k_proj,845,0,8,5412
v_proj,845,0,8,5394
rope,845,0,8,22373
attn,845,0,8,20727
o_proj,845,0,8,6014
post_layernorm,845,0,8,58506
gate_proj,845,0,8,20547
up_proj,845,0,8,19140
act_fn,845,0,8,4183
down_proj,845,0,8,16627
final_layernorm,845,0,8,58687
lm_head,845,0,8,149279
embedding,846,0,8,25235
input_layernorm,846,0,8,57542
q_proj,846,0,8,8292
k_proj,846,0,8,5313
v_proj,846,0,8,5304
rope,846,0,8,22162
attn,846,0,8,20408
o_proj,846,0,8,5942
post_layernorm,846,0,8,58136
gate_proj,846,0,8,20402
up_proj,846,0,8,18999
act_fn,846,0,8,4189
down_proj,846,0,8,16604
final_layernorm,846,0,8,58272
lm_head,846,0,8,148906
embedding,847,0,8,24890
input_layernorm,847,0,8,57598
q_proj,847,0,8,8515
k_proj,847,0,8,5319
v_proj,847,0,8,5314
rope,847,0,8,21816
attn,847,0,8,20509
o_proj,847,0,8,5948
post_layernorm,847,0,8,58022
gate_proj,847,0,8,20426
up_proj,847,0,8,19057
act_fn,847,0,8,4205
down_proj,847,0,8,16601
final_layernorm,847,0,8,58104
lm_head,847,0,8,148932
embedding,848,0,8,25498
input_layernorm,848,0,8,57267
q_proj,848,0,8,8067
k_proj,848,0,8,5220
v_proj,848,0,8,5272
rope,848,0,8,22253
attn,848,0,8,20432
o_proj,848,0,8,6057
post_layernorm,848,0,8,57969
gate_proj,848,0,8,20419
up_proj,848,0,8,19019
act_fn,848,0,8,4212
down_proj,848,0,8,16984
final_layernorm,848,0,8,58116
lm_head,848,0,8,148177
embedding,849,0,8,25134
input_layernorm,849,0,8,57739
q_proj,849,0,8,8377
k_proj,849,0,8,5351
v_proj,849,0,8,5347
rope,849,0,8,22259
attn,849,0,8,20610
o_proj,849,0,8,5986
post_layernorm,849,0,8,58354
gate_proj,849,0,8,20498
up_proj,849,0,8,19093
act_fn,849,0,8,4225
down_proj,849,0,8,16628
final_layernorm,849,0,8,58355
lm_head,849,0,8,149254
embedding,850,0,8,25120
input_layernorm,850,0,8,57657
q_proj,850,0,8,8207
k_proj,850,0,8,5310
v_proj,850,0,8,5326
rope,850,0,8,22135
attn,850,0,8,20445
o_proj,850,0,8,5931
post_layernorm,850,0,8,58216
gate_proj,850,0,8,20440
up_proj,850,0,8,19025
act_fn,850,0,8,4202
down_proj,850,0,8,16602
final_layernorm,850,0,8,58312
lm_head,850,0,8,148948
embedding,851,0,8,24990
input_layernorm,851,0,8,57571
q_proj,851,0,8,8381
k_proj,851,0,8,5307
v_proj,851,0,8,5285
rope,851,0,8,21815
attn,851,0,8,20462
o_proj,851,0,8,5937
post_layernorm,851,0,8,58348
gate_proj,851,0,8,20411
up_proj,851,0,8,18998
act_fn,851,0,8,4212
down_proj,851,0,8,16598
final_layernorm,851,0,8,58343
lm_head,851,0,8,148952
embedding,852,0,8,25251
input_layernorm,852,0,8,57838
q_proj,852,0,8,8459
k_proj,852,0,8,5362
v_proj,852,0,8,5333
rope,852,0,8,22340
attn,852,0,8,20624
o_proj,852,0,8,5979
post_layernorm,852,0,8,58455
gate_proj,852,0,8,20475
up_proj,852,0,8,19074
act_fn,852,0,8,4242
down_proj,852,0,8,16647
final_layernorm,852,0,8,58662
lm_head,852,0,8,149321
embedding,853,0,8,25388
input_layernorm,853,0,8,58122
q_proj,853,0,8,8382
k_proj,853,0,8,5411
v_proj,853,0,8,5413
rope,853,0,8,22411
attn,853,0,8,20852
o_proj,853,0,8,6013
post_layernorm,853,0,8,58742
gate_proj,853,0,8,20551
up_proj,853,0,8,19182
act_fn,853,0,8,4228
down_proj,853,0,8,16677
final_layernorm,853,0,8,58791
lm_head,853,0,8,149582
embedding,854,0,8,25310
input_layernorm,854,0,8,57555
q_proj,854,0,8,8321
k_proj,854,0,8,5319
v_proj,854,0,8,5294
rope,854,0,8,22157
attn,854,0,8,20508
o_proj,854,0,8,5946
post_layernorm,854,0,8,58423
gate_proj,854,0,8,20460
up_proj,854,0,8,19037
act_fn,854,0,8,4212
down_proj,854,0,8,16617
final_layernorm,854,0,8,58410
lm_head,854,0,8,149035
embedding,855,0,8,25375
input_layernorm,855,0,8,57756
q_proj,855,0,8,8327
k_proj,855,0,8,5326
v_proj,855,0,8,5251
rope,855,0,8,21921
attn,855,0,8,20519
o_proj,855,0,8,5948
post_layernorm,855,0,8,58438
gate_proj,855,0,8,20429
up_proj,855,0,8,19055
act_fn,855,0,8,4228
down_proj,855,0,8,16647
final_layernorm,855,0,8,58616
lm_head,855,0,8,149228
embedding,856,0,8,26193
input_layernorm,856,0,8,57630
q_proj,856,0,8,8587
k_proj,856,0,8,5321
v_proj,856,0,8,5310
rope,856,0,8,22271
attn,856,0,8,20512
o_proj,856,0,8,5956
post_layernorm,856,0,8,58361
gate_proj,856,0,8,20467
up_proj,856,0,8,19071
act_fn,856,0,8,4241
down_proj,856,0,8,16638
final_layernorm,856,0,8,58353
lm_head,856,0,8,148667
embedding,857,0,8,25530
input_layernorm,857,0,8,57886
q_proj,857,0,8,8343
k_proj,857,0,8,5296
v_proj,857,0,8,5300
rope,857,0,8,22244
attn,857,0,8,20534
o_proj,857,0,8,5961
post_layernorm,857,0,8,58502
gate_proj,857,0,8,20408
up_proj,857,0,8,19074
act_fn,857,0,8,4240
down_proj,857,0,8,16647
final_layernorm,857,0,8,58501
lm_head,857,0,8,149246
embedding,858,0,8,25666
input_layernorm,858,0,8,57942
q_proj,858,0,8,8339
k_proj,858,0,8,5337
v_proj,858,0,8,5301
rope,858,0,8,22267
attn,858,0,8,20558
o_proj,858,0,8,5968
post_layernorm,858,0,8,58549
gate_proj,858,0,8,20429
up_proj,858,0,8,19078
act_fn,858,0,8,4257
down_proj,858,0,8,16668
final_layernorm,858,0,8,58484
lm_head,858,0,8,149317
embedding,859,0,8,25697
input_layernorm,859,0,8,57744
q_proj,859,0,8,8457
k_proj,859,0,8,5318
v_proj,859,0,8,5254
rope,859,0,8,21926
attn,859,0,8,20539
o_proj,859,0,8,5959
post_layernorm,859,0,8,58605
gate_proj,859,0,8,20461
up_proj,859,0,8,19064
act_fn,859,0,8,4249
down_proj,859,0,8,16672
final_layernorm,859,0,8,58422
lm_head,859,0,8,149234
embedding,860,0,8,26075
input_layernorm,860,0,8,58170
q_proj,860,0,8,8401
k_proj,860,0,8,5357
v_proj,860,0,8,5332
rope,860,0,8,22388
attn,860,0,8,20712
o_proj,860,0,8,5989
post_layernorm,860,0,8,58861
gate_proj,860,0,8,20475
up_proj,860,0,8,19156
act_fn,860,0,8,4241
down_proj,860,0,8,16668
final_layernorm,860,0,8,58860
lm_head,860,0,8,149664
embedding,861,0,8,25668
input_layernorm,861,0,8,58014
q_proj,861,0,8,8380
k_proj,861,0,8,5324
v_proj,861,0,8,5300
rope,861,0,8,22285
attn,861,0,8,20625
o_proj,861,0,8,5967
post_layernorm,861,0,8,58795
gate_proj,861,0,8,20451
up_proj,861,0,8,19075
act_fn,861,0,8,4265
down_proj,861,0,8,16689
final_layernorm,861,0,8,58665
lm_head,861,0,8,149308
embedding,862,0,8,25655
input_layernorm,862,0,8,58004
q_proj,862,0,8,8467
k_proj,862,0,8,5302
v_proj,862,0,8,5278
rope,862,0,8,22218
attn,862,0,8,20591
o_proj,862,0,8,5957
post_layernorm,862,0,8,58829
gate_proj,862,0,8,20418
up_proj,862,0,8,19042
act_fn,862,0,8,4270
down_proj,862,0,8,16685
final_layernorm,862,0,8,58727
lm_head,862,0,8,149331
embedding,863,0,8,25725
input_layernorm,863,0,8,58009
q_proj,863,0,8,8417
k_proj,863,0,8,5327
v_proj,863,0,8,5268
rope,863,0,8,22037
attn,863,0,8,20570
o_proj,863,0,8,5966
post_layernorm,863,0,8,58826
gate_proj,863,0,8,20436
up_proj,863,0,8,19114
act_fn,863,0,8,4266
down_proj,863,0,8,16670
final_layernorm,863,0,8,58707
lm_head,863,0,8,149580
embedding,864,0,8,26380
input_layernorm,864,0,8,57721
q_proj,864,0,8,7634
k_proj,864,0,8,5215
v_proj,864,0,8,5197
rope,864,0,8,22375
attn,864,0,8,20566
o_proj,864,0,8,6105
post_layernorm,864,0,8,58334
gate_proj,864,0,8,20450
up_proj,864,0,8,19060
act_fn,864,0,8,4265
down_proj,864,0,8,17055
final_layernorm,864,0,8,58541
lm_head,864,0,8,148598
embedding,865,0,8,25906
input_layernorm,865,0,8,58244
q_proj,865,0,8,7753
k_proj,865,0,8,5613
v_proj,865,0,8,5580
rope,865,0,8,22340
attn,865,0,8,20546
o_proj,865,0,8,6113
post_layernorm,865,0,8,58918
gate_proj,865,0,8,19683
up_proj,865,0,8,19070
act_fn,865,0,8,4307
down_proj,865,0,8,17079
final_layernorm,865,0,8,58946
lm_head,865,0,8,149557
embedding,866,0,8,25489
input_layernorm,866,0,8,58072
q_proj,866,0,8,7694
k_proj,866,0,8,5587
v_proj,866,0,8,5580
rope,866,0,8,22295
attn,866,0,8,20579
o_proj,866,0,8,6099
post_layernorm,866,0,8,58686
gate_proj,866,0,8,19716
up_proj,866,0,8,19115
act_fn,866,0,8,4298
down_proj,866,0,8,17086
final_layernorm,866,0,8,58752
lm_head,866,0,8,149539
embedding,867,0,8,25872
input_layernorm,867,0,8,58289
q_proj,867,0,8,7818
k_proj,867,0,8,5582
v_proj,867,0,8,5560
rope,867,0,8,22091
attn,867,0,8,20577
o_proj,867,0,8,6115
post_layernorm,867,0,8,59076
gate_proj,867,0,8,19898
up_proj,867,0,8,19033
act_fn,867,0,8,4312
down_proj,867,0,8,17098
final_layernorm,867,0,8,59115
lm_head,867,0,8,149686
embedding,868,0,8,25614
input_layernorm,868,0,8,58187
q_proj,868,0,8,7584
k_proj,868,0,8,5598
v_proj,868,0,8,5578
rope,868,0,8,22357
attn,868,0,8,20569
o_proj,868,0,8,6096
post_layernorm,868,0,8,58852
gate_proj,868,0,8,19172
up_proj,868,0,8,18945
act_fn,868,0,8,4295
down_proj,868,0,8,17094
final_layernorm,868,0,8,58944
lm_head,868,0,8,149471
embedding,869,0,8,25721
input_layernorm,869,0,8,58284
q_proj,869,0,8,7633
k_proj,869,0,8,5612
v_proj,869,0,8,5607
rope,869,0,8,22352
attn,869,0,8,20585
o_proj,869,0,8,6123
post_layernorm,869,0,8,58923
gate_proj,869,0,8,19657
up_proj,869,0,8,18913
act_fn,869,0,8,4289
down_proj,869,0,8,17145
final_layernorm,869,0,8,59220
lm_head,869,0,8,149718
embedding,870,0,8,25748
input_layernorm,870,0,8,58276
q_proj,870,0,8,7617
k_proj,870,0,8,5571
v_proj,870,0,8,5549
rope,870,0,8,22335
attn,870,0,8,20543
o_proj,870,0,8,6098
post_layernorm,870,0,8,58808
gate_proj,870,0,8,19447
up_proj,870,0,8,19036
act_fn,870,0,8,4281
down_proj,870,0,8,17105
final_layernorm,870,0,8,59001
lm_head,870,0,8,149593
embedding,871,0,8,25822
input_layernorm,871,0,8,58204
q_proj,871,0,8,7457
k_proj,871,0,8,5618
v_proj,871,0,8,5621
rope,871,0,8,22139
attn,871,0,8,20627
o_proj,871,0,8,6108
post_layernorm,871,0,8,58889
gate_proj,871,0,8,19689
up_proj,871,0,8,19126
act_fn,871,0,8,4330
down_proj,871,0,8,17137
final_layernorm,871,0,8,58837
lm_head,871,0,8,149714
embedding,872,0,8,25813
input_layernorm,872,0,8,58110
q_proj,872,0,8,7319
k_proj,872,0,8,5590
v_proj,872,0,8,5618
rope,872,0,8,22419
attn,872,0,8,20605
o_proj,872,0,8,6123
post_layernorm,872,0,8,58898
gate_proj,872,0,8,18888
up_proj,872,0,8,19165
act_fn,872,0,8,4292
down_proj,872,0,8,17121
final_layernorm,872,0,8,58885
lm_head,872,0,8,149656
embedding,873,0,8,25715
input_layernorm,873,0,8,58282
q_proj,873,0,8,7314
k_proj,873,0,8,5589
v_proj,873,0,8,5578
rope,873,0,8,22311
attn,873,0,8,20655
o_proj,873,0,8,6116
post_layernorm,873,0,8,59034
gate_proj,873,0,8,18627
up_proj,873,0,8,18964
act_fn,873,0,8,4298
down_proj,873,0,8,17152
final_layernorm,873,0,8,59103
lm_head,873,0,8,149857
embedding,874,0,8,25867
input_layernorm,874,0,8,58426
q_proj,874,0,8,7380
k_proj,874,0,8,5584
v_proj,874,0,8,5550
rope,874,0,8,22395
attn,874,0,8,20608
o_proj,874,0,8,6112
post_layernorm,874,0,8,59158
gate_proj,874,0,8,18942
up_proj,874,0,8,19061
act_fn,874,0,8,4318
down_proj,874,0,8,17132
final_layernorm,874,0,8,59244
lm_head,874,0,8,149801
embedding,875,0,8,25728
input_layernorm,875,0,8,58611
q_proj,875,0,8,7319
k_proj,875,0,8,5606
v_proj,875,0,8,5620
rope,875,0,8,22294
attn,875,0,8,20577
o_proj,875,0,8,6114
post_layernorm,875,0,8,59187
gate_proj,875,0,8,18803
up_proj,875,0,8,19000
act_fn,875,0,8,4335
down_proj,875,0,8,17145
final_layernorm,875,0,8,59464
lm_head,875,0,8,149841
embedding,876,0,8,25784
input_layernorm,876,0,8,58564
q_proj,876,0,8,7391
k_proj,876,0,8,5618
v_proj,876,0,8,5605
rope,876,0,8,22487
attn,876,0,8,20619
o_proj,876,0,8,6123
post_layernorm,876,0,8,59060
gate_proj,876,0,8,19351
up_proj,876,0,8,18952
act_fn,876,0,8,4342
down_proj,876,0,8,17170
final_layernorm,876,0,8,59399
lm_head,876,0,8,149831
embedding,877,0,8,25996
input_layernorm,877,0,8,58664
q_proj,877,0,8,7323
k_proj,877,0,8,5626
v_proj,877,0,8,5626
rope,877,0,8,22437
attn,877,0,8,20678
o_proj,877,0,8,6141
post_layernorm,877,0,8,59352
gate_proj,877,0,8,18752
up_proj,877,0,8,19033
act_fn,877,0,8,4327
down_proj,877,0,8,17192
final_layernorm,877,0,8,59572
lm_head,877,0,8,150098
embedding,878,0,8,25837
input_layernorm,878,0,8,58516
q_proj,878,0,8,7242
k_proj,878,0,8,5604
v_proj,878,0,8,5601
rope,878,0,8,22504
attn,878,0,8,20709
o_proj,878,0,8,6162
post_layernorm,878,0,8,59046
gate_proj,878,0,8,18866
up_proj,878,0,8,18941
act_fn,878,0,8,4345
down_proj,878,0,8,17186
final_layernorm,878,0,8,59793
lm_head,878,0,8,150044
embedding,879,0,8,25739
input_layernorm,879,0,8,58471
q_proj,879,0,8,7204
k_proj,879,0,8,5573
v_proj,879,0,8,5570
rope,879,0,8,22215
attn,879,0,8,20667
o_proj,879,0,8,6138
post_layernorm,879,0,8,59059
gate_proj,879,0,8,18521
up_proj,879,0,8,18926
act_fn,879,0,8,4341
down_proj,879,0,8,17205
final_layernorm,879,0,8,59518
lm_head,879,0,8,149807
embedding,880,0,8,25713
input_layernorm,880,0,8,58358
q_proj,880,0,8,7082
k_proj,880,0,8,5615
v_proj,880,0,8,5585
rope,880,0,8,22553
attn,880,0,8,20688
o_proj,880,0,8,6158
post_layernorm,880,0,8,58734
gate_proj,880,0,8,18416
up_proj,880,0,8,19009
act_fn,880,0,8,4333
down_proj,880,0,8,17210
final_layernorm,880,0,8,59407
lm_head,880,0,8,150053
embedding,881,0,8,25914
input_layernorm,881,0,8,58604
q_proj,881,0,8,6888
k_proj,881,0,8,6002
v_proj,881,0,8,5993
rope,881,0,8,22450
attn,881,0,8,20604
o_proj,881,0,8,6156
post_layernorm,881,0,8,59066
gate_proj,881,0,8,18561
up_proj,881,0,8,18900
act_fn,881,0,8,4353
down_proj,881,0,8,17228
final_layernorm,881,0,8,59501
lm_head,881,0,8,166214
embedding,882,0,8,25964
input_layernorm,882,0,8,58920
q_proj,882,0,8,7013
k_proj,882,0,8,6187
v_proj,882,0,8,6120
rope,882,0,8,22467
attn,882,0,8,20620
o_proj,882,0,8,6145
post_layernorm,882,0,8,59077
gate_proj,882,0,8,18492
up_proj,882,0,8,18957
act_fn,882,0,8,4345
down_proj,882,0,8,17215
final_layernorm,882,0,8,59659
lm_head,882,0,8,166061
embedding,883,0,8,26015
input_layernorm,883,0,8,58678
q_proj,883,0,8,6991
k_proj,883,0,8,6015
v_proj,883,0,8,6060
rope,883,0,8,22074
attn,883,0,8,20641
o_proj,883,0,8,6148
post_layernorm,883,0,8,59119
gate_proj,883,0,8,18498
up_proj,883,0,8,19054
act_fn,883,0,8,4336
down_proj,883,0,8,17185
final_layernorm,883,0,8,59682
lm_head,883,0,8,165969
embedding,884,0,8,25786
input_layernorm,884,0,8,58746
q_proj,884,0,8,6904
k_proj,884,0,8,6159
v_proj,884,0,8,6105
rope,884,0,8,22432
attn,884,0,8,20598
o_proj,884,0,8,6134
post_layernorm,884,0,8,58965
gate_proj,884,0,8,18308
up_proj,884,0,8,18894
act_fn,884,0,8,4341
down_proj,884,0,8,17179
final_layernorm,884,0,8,59742
lm_head,884,0,8,165714
embedding,885,0,8,25889
input_layernorm,885,0,8,59010
q_proj,885,0,8,6882
k_proj,885,0,8,5990
v_proj,885,0,8,5930
rope,885,0,8,22461
attn,885,0,8,20708
o_proj,885,0,8,6166
post_layernorm,885,0,8,59386
gate_proj,885,0,8,18595
up_proj,885,0,8,18959
act_fn,885,0,8,4365
down_proj,885,0,8,17208
final_layernorm,885,0,8,60050
lm_head,885,0,8,166006
embedding,886,0,8,25939
input_layernorm,886,0,8,58790
q_proj,886,0,8,6713
k_proj,886,0,8,6189
v_proj,886,0,8,6088
rope,886,0,8,22509
attn,886,0,8,20663
o_proj,886,0,8,6166
post_layernorm,886,0,8,59210
gate_proj,886,0,8,18445
up_proj,886,0,8,18852
act_fn,886,0,8,4378
down_proj,886,0,8,17235
final_layernorm,886,0,8,59982
lm_head,886,0,8,165962
embedding,887,0,8,26150
input_layernorm,887,0,8,58896
q_proj,887,0,8,6710
k_proj,887,0,8,6085
v_proj,887,0,8,5973
rope,887,0,8,22459
attn,887,0,8,20705
o_proj,887,0,8,6160
post_layernorm,887,0,8,59371
gate_proj,887,0,8,18338
up_proj,887,0,8,18947
act_fn,887,0,8,4363
down_proj,887,0,8,17231
final_layernorm,887,0,8,60059
lm_head,887,0,8,166312
embedding,888,0,8,26176
input_layernorm,888,0,8,58442
q_proj,888,0,8,6682
k_proj,888,0,8,5878
v_proj,888,0,8,5826
rope,888,0,8,22565
attn,888,0,8,20588
o_proj,888,0,8,6159
post_layernorm,888,0,8,58909
gate_proj,888,0,8,18407
up_proj,888,0,8,18890
act_fn,888,0,8,4378
down_proj,888,0,8,17227
final_layernorm,888,0,8,59524
lm_head,888,0,8,166110
embedding,889,0,8,26320
input_layernorm,889,0,8,59126
q_proj,889,0,8,6835
k_proj,889,0,8,5737
v_proj,889,0,8,5759
rope,889,0,8,22452
attn,889,0,8,20627
o_proj,889,0,8,6154
post_layernorm,889,0,8,59290
gate_proj,889,0,8,18336
up_proj,889,0,8,18900
act_fn,889,0,8,4360
down_proj,889,0,8,17238
final_layernorm,889,0,8,59761
lm_head,889,0,8,166159
embedding,890,0,8,26196
input_layernorm,890,0,8,58901
q_proj,890,0,8,6707
k_proj,890,0,8,5854
v_proj,890,0,8,5751
rope,890,0,8,22305
attn,890,0,8,20660
o_proj,890,0,8,6145
post_layernorm,890,0,8,59354
gate_proj,890,0,8,18404
up_proj,890,0,8,18823
act_fn,890,0,8,4362
down_proj,890,0,8,17251
final_layernorm,890,0,8,59782
lm_head,890,0,8,166104
embedding,891,0,8,26410
input_layernorm,891,0,8,59094
q_proj,891,0,8,6688
k_proj,891,0,8,5664
v_proj,891,0,8,5721
rope,891,0,8,22300
attn,891,0,8,20634
o_proj,891,0,8,6166
post_layernorm,891,0,8,59516
gate_proj,891,0,8,18365
up_proj,891,0,8,18767
act_fn,891,0,8,4365
down_proj,891,0,8,17269
final_layernorm,891,0,8,60005
lm_head,891,0,8,166119
embedding,892,0,8,26559
input_layernorm,892,0,8,59066
q_proj,892,0,8,6691
k_proj,892,0,8,5718
v_proj,892,0,8,5668
rope,892,0,8,22500
attn,892,0,8,20685
o_proj,892,0,8,6169
post_layernorm,892,0,8,59372
gate_proj,892,0,8,18427
up_proj,892,0,8,18747
act_fn,892,0,8,4385
down_proj,892,0,8,17257
final_layernorm,892,0,8,60067
lm_head,892,0,8,166274
embedding,893,0,8,26813
input_layernorm,893,0,8,58965
q_proj,893,0,8,6703
k_proj,893,0,8,5755
v_proj,893,0,8,5734
rope,893,0,8,22572
attn,893,0,8,20686
o_proj,893,0,8,6158
post_layernorm,893,0,8,59456
gate_proj,893,0,8,18292
up_proj,893,0,8,18850
act_fn,893,0,8,4366
down_proj,893,0,8,17263
final_layernorm,893,0,8,60028
lm_head,893,0,8,166101
embedding,894,0,8,26361
input_layernorm,894,0,8,59101
q_proj,894,0,8,6605
k_proj,894,0,8,5700
v_proj,894,0,8,5678
rope,894,0,8,22576
attn,894,0,8,20720
o_proj,894,0,8,6159
post_layernorm,894,0,8,59581
gate_proj,894,0,8,18334
up_proj,894,0,8,18780
act_fn,894,0,8,4420
down_proj,894,0,8,17278
final_layernorm,894,0,8,60117
lm_head,894,0,8,166086
embedding,895,0,8,26622
input_layernorm,895,0,8,59031
q_proj,895,0,8,6800
k_proj,895,0,8,5682
v_proj,895,0,8,5736
rope,895,0,8,22423
attn,895,0,8,20692
o_proj,895,0,8,6157
post_layernorm,895,0,8,59593
gate_proj,895,0,8,18358
up_proj,895,0,8,18898
act_fn,895,0,8,4382
down_proj,895,0,8,17253
final_layernorm,895,0,8,60141
lm_head,895,0,8,166274
embedding,896,0,8,26667
input_layernorm,896,0,8,58935
q_proj,896,0,8,6716
k_proj,896,0,8,5251
v_proj,896,0,8,5110
rope,896,0,8,22530
attn,896,0,8,14669
o_proj,896,0,8,7384
post_layernorm,896,0,8,59495
gate_proj,896,0,8,18331
up_proj,896,0,8,18856
act_fn,896,0,8,4388
down_proj,896,0,8,19048
final_layernorm,896,0,8,60182
lm_head,896,0,8,166452
embedding,897,0,8,27406
input_layernorm,897,0,8,60057
q_proj,897,0,8,7892
k_proj,897,0,8,5559
v_proj,897,0,8,5156
rope,897,0,8,22897
attn,897,0,8,21591
o_proj,897,0,8,6414
post_layernorm,897,0,8,60541
gate_proj,897,0,8,21518
up_proj,897,0,8,20027
act_fn,897,0,8,4402
down_proj,897,0,8,17675
final_layernorm,897,0,8,60878
lm_head,897,0,8,157350
embedding,898,0,8,27292
input_layernorm,898,0,8,59638
q_proj,898,0,8,7675
k_proj,898,0,8,5423
v_proj,898,0,8,5142
rope,898,0,8,22447
attn,898,0,8,21281
o_proj,898,0,8,6354
post_layernorm,898,0,8,60298
gate_proj,898,0,8,21340
up_proj,898,0,8,19912
act_fn,898,0,8,4410
down_proj,898,0,8,17645
final_layernorm,898,0,8,60619
lm_head,898,0,8,157033
embedding,899,0,8,27250
input_layernorm,899,0,8,59728
q_proj,899,0,8,7844
k_proj,899,0,8,5491
v_proj,899,0,8,5265
rope,899,0,8,22624
attn,899,0,8,21275
o_proj,899,0,8,6338
post_layernorm,899,0,8,60071
gate_proj,899,0,8,21339
up_proj,899,0,8,19925
act_fn,899,0,8,4398
down_proj,899,0,8,17651
final_layernorm,899,0,8,60580
lm_head,899,0,8,157041
embedding,900,0,8,27065
input_layernorm,900,0,8,59811
q_proj,900,0,8,7699
k_proj,900,0,8,5568
v_proj,900,0,8,5158
rope,900,0,8,22575
attn,900,0,8,21458
o_proj,900,0,8,6373
post_layernorm,900,0,8,60406
gate_proj,900,0,8,21450
up_proj,900,0,8,19926
act_fn,900,0,8,4414
down_proj,900,0,8,17673
final_layernorm,900,0,8,60759
lm_head,900,0,8,157115
embedding,901,0,8,27358
input_layernorm,901,0,8,59801
q_proj,901,0,8,7821
k_proj,901,0,8,5530
v_proj,901,0,8,5171
rope,901,0,8,22619
attn,901,0,8,21382
o_proj,901,0,8,6361
post_layernorm,901,0,8,60199
gate_proj,901,0,8,21381
up_proj,901,0,8,19939
act_fn,901,0,8,4412
down_proj,901,0,8,17658
final_layernorm,901,0,8,60690
lm_head,901,0,8,157151
embedding,902,0,8,27029
input_layernorm,902,0,8,59915
q_proj,902,0,8,7746
k_proj,902,0,8,5438
v_proj,902,0,8,5170
rope,902,0,8,22405
attn,902,0,8,21245
o_proj,902,0,8,6347
post_layernorm,902,0,8,60366
gate_proj,902,0,8,21259
up_proj,902,0,8,19921
act_fn,902,0,8,4427
down_proj,902,0,8,17647
final_layernorm,902,0,8,60610
lm_head,902,0,8,157107
embedding,903,0,8,27487
input_layernorm,903,0,8,60147
q_proj,903,0,8,7579
k_proj,903,0,8,5487
v_proj,903,0,8,5136
rope,903,0,8,22712
attn,903,0,8,21363
o_proj,903,0,8,6366
post_layernorm,903,0,8,60469
gate_proj,903,0,8,21378
up_proj,903,0,8,19991
act_fn,903,0,8,4427
down_proj,903,0,8,17681
final_layernorm,903,0,8,61017
lm_head,903,0,8,157233
embedding,904,0,8,27051
input_layernorm,904,0,8,59714
q_proj,904,0,8,7422
k_proj,904,0,8,5503
v_proj,904,0,8,5328
rope,904,0,8,22568
attn,904,0,8,21355
o_proj,904,0,8,6364
post_layernorm,904,0,8,60206
gate_proj,904,0,8,21388
up_proj,904,0,8,19972
act_fn,904,0,8,4438
down_proj,904,0,8,17680
final_layernorm,904,0,8,60543
lm_head,904,0,8,156243
embedding,905,0,8,27278
input_layernorm,905,0,8,59891
q_proj,905,0,8,7483
k_proj,905,0,8,5451
v_proj,905,0,8,5136
rope,905,0,8,22567
attn,905,0,8,21320
o_proj,905,0,8,6340
post_layernorm,905,0,8,60768
gate_proj,905,0,8,21354
up_proj,905,0,8,19903
act_fn,905,0,8,4433
down_proj,905,0,8,17671
final_layernorm,905,0,8,61045
lm_head,905,0,8,157196
embedding,906,0,8,27405
input_layernorm,906,0,8,60183
q_proj,906,0,8,7310
k_proj,906,0,8,5456
v_proj,906,0,8,5183
rope,906,0,8,22678
attn,906,0,8,21386
o_proj,906,0,8,6364
post_layernorm,906,0,8,60699
gate_proj,906,0,8,21360
up_proj,906,0,8,19927
act_fn,906,0,8,4448
down_proj,906,0,8,17685
final_layernorm,906,0,8,61084
lm_head,906,0,8,157269
embedding,907,0,8,27491
input_layernorm,907,0,8,60194
q_proj,907,0,8,7322
k_proj,907,0,8,5475
v_proj,907,0,8,5193
rope,907,0,8,22737
attn,907,0,8,21455
o_proj,907,0,8,6392
post_layernorm,907,0,8,60454
gate_proj,907,0,8,21346
up_proj,907,0,8,19995
act_fn,907,0,8,4449
down_proj,907,0,8,17699
final_layernorm,907,0,8,60981
lm_head,907,0,8,157450
embedding,908,0,8,27246
input_layernorm,908,0,8,60172
q_proj,908,0,8,7397
k_proj,908,0,8,5429
v_proj,908,0,8,5149
rope,908,0,8,22793
attn,908,0,8,21299
o_proj,908,0,8,6352
post_layernorm,908,0,8,60522
gate_proj,908,0,8,21361
up_proj,908,0,8,19971
act_fn,908,0,8,4453
down_proj,908,0,8,17711
final_layernorm,908,0,8,60922
lm_head,908,0,8,157276
embedding,909,0,8,27533
input_layernorm,909,0,8,60702
q_proj,909,0,8,7384
k_proj,909,0,8,5546
v_proj,909,0,8,5210
rope,909,0,8,22888
attn,909,0,8,21701
o_proj,909,0,8,6429
post_layernorm,909,0,8,60898
gate_proj,909,0,8,21556
up_proj,909,0,8,20084
act_fn,909,0,8,4455
down_proj,909,0,8,17753
final_layernorm,909,0,8,61317
lm_head,909,0,8,157785
embedding,910,0,8,27273
input_layernorm,910,0,8,60284
q_proj,910,0,8,7349
k_proj,910,0,8,5537
v_proj,910,0,8,5179
rope,910,0,8,22748
attn,910,0,8,21500
o_proj,910,0,8,6386
post_layernorm,910,0,8,60565
gate_proj,910,0,8,21429
up_proj,910,0,8,20035
act_fn,910,0,8,4451
down_proj,910,0,8,17744
final_layernorm,910,0,8,61032
lm_head,910,0,8,157487
embedding,911,0,8,27197
input_layernorm,911,0,8,60406
q_proj,911,0,8,7330
k_proj,911,0,8,5422
v_proj,911,0,8,5176
rope,911,0,8,22630
attn,911,0,8,21354
o_proj,911,0,8,6369
post_layernorm,911,0,8,60664
gate_proj,911,0,8,21324
up_proj,911,0,8,19952
act_fn,911,0,8,4470
down_proj,911,0,8,17711
final_layernorm,911,0,8,61134
lm_head,911,0,8,157314
embedding,912,0,8,27363
input_layernorm,912,0,8,60110
q_proj,912,0,8,7204
k_proj,912,0,8,5448
v_proj,912,0,8,5201
rope,912,0,8,22801
attn,912,0,8,21399
o_proj,912,0,8,6627
post_layernorm,912,0,8,60335
gate_proj,912,0,8,22456
up_proj,912,0,8,20791
act_fn,912,0,8,4429
down_proj,912,0,8,18476
final_layernorm,912,0,8,60768
lm_head,912,0,8,156733
embedding,913,0,8,26600
input_layernorm,913,0,8,60706
q_proj,913,0,8,7183
k_proj,913,0,8,5393
v_proj,913,0,8,5105
rope,913,0,8,22676
attn,913,0,8,21403
o_proj,913,0,8,6392
post_layernorm,913,0,8,60770
gate_proj,913,0,8,21388
up_proj,913,0,8,19977
act_fn,913,0,8,4485
down_proj,913,0,8,17721
final_layernorm,913,0,8,61080
lm_head,913,0,8,161740
embedding,914,0,8,26688
input_layernorm,914,0,8,60861
q_proj,914,0,8,7207
k_proj,914,0,8,5404
v_proj,914,0,8,5085
rope,914,0,8,22643
attn,914,0,8,21375
o_proj,914,0,8,6371
post_layernorm,914,0,8,60737
gate_proj,914,0,8,21334
up_proj,914,0,8,19950
act_fn,914,0,8,4473
down_proj,914,0,8,17738
final_layernorm,914,0,8,60980
lm_head,914,0,8,161529
embedding,915,0,8,26905
input_layernorm,915,0,8,60635
q_proj,915,0,8,7060
k_proj,915,0,8,5459
v_proj,915,0,8,5157
rope,915,0,8,22709
attn,915,0,8,21457
o_proj,915,0,8,6384
post_layernorm,915,0,8,60762
gate_proj,915,0,8,21347
up_proj,915,0,8,19951
act_fn,915,0,8,4505
down_proj,915,0,8,17743
final_layernorm,915,0,8,61176
lm_head,915,0,8,161848
embedding,916,0,8,26762
input_layernorm,916,0,8,60615
q_proj,916,0,8,7094
k_proj,916,0,8,5427
v_proj,916,0,8,5078
rope,916,0,8,22764
attn,916,0,8,21304
o_proj,916,0,8,6384
post_layernorm,916,0,8,60778
gate_proj,916,0,8,21375
up_proj,916,0,8,19970
act_fn,916,0,8,4490
down_proj,916,0,8,17749
final_layernorm,916,0,8,61077
lm_head,916,0,8,161831
embedding,917,0,8,26731
input_layernorm,917,0,8,60601
q_proj,917,0,8,7152
k_proj,917,0,8,5411
v_proj,917,0,8,5078
rope,917,0,8,22652
attn,917,0,8,21392
o_proj,917,0,8,6372
post_layernorm,917,0,8,60730
gate_proj,917,0,8,21333
up_proj,917,0,8,19955
act_fn,917,0,8,4513
down_proj,917,0,8,17743
final_layernorm,917,0,8,60950
lm_head,917,0,8,161731
embedding,918,0,8,27257
input_layernorm,918,0,8,60980
q_proj,918,0,8,7146
k_proj,918,0,8,5500
v_proj,918,0,8,5167
rope,918,0,8,22967
attn,918,0,8,21671
o_proj,918,0,8,6460
post_layernorm,918,0,8,61160
gate_proj,918,0,8,21594
up_proj,918,0,8,20088
act_fn,918,0,8,4538
down_proj,918,0,8,17796
final_layernorm,918,0,8,61506
lm_head,918,0,8,162377
embedding,919,0,8,26911
input_layernorm,919,0,8,60682
q_proj,919,0,8,6963
k_proj,919,0,8,5403
v_proj,919,0,8,5094
rope,919,0,8,22718
attn,919,0,8,21425
o_proj,919,0,8,6389
post_layernorm,919,0,8,60797
gate_proj,919,0,8,21356
up_proj,919,0,8,20011
act_fn,919,0,8,4523
down_proj,919,0,8,17761
final_layernorm,919,0,8,61077
lm_head,919,0,8,161898
embedding,920,0,8,27041
input_layernorm,920,0,8,60545
q_proj,920,0,8,7063
k_proj,920,0,8,5436
v_proj,920,0,8,5172
rope,920,0,8,22909
attn,920,0,8,21564
o_proj,920,0,8,6417
post_layernorm,920,0,8,60629
gate_proj,920,0,8,21447
up_proj,920,0,8,20011
act_fn,920,0,8,4526
down_proj,920,0,8,17768
final_layernorm,920,0,8,60927
lm_head,920,0,8,162157
embedding,921,0,8,27068
input_layernorm,921,0,8,60883
q_proj,921,0,8,7012
k_proj,921,0,8,5445
v_proj,921,0,8,5126
rope,921,0,8,22738
attn,921,0,8,21420
o_proj,921,0,8,6393
post_layernorm,921,0,8,61030
gate_proj,921,0,8,21328
up_proj,921,0,8,20033
act_fn,921,0,8,4514
down_proj,921,0,8,17765
final_layernorm,921,0,8,61273
lm_head,921,0,8,162006
embedding,922,0,8,27192
input_layernorm,922,0,8,61113
q_proj,922,0,8,6925
k_proj,922,0,8,5417
v_proj,922,0,8,5092
rope,922,0,8,22862
attn,922,0,8,21575
o_proj,922,0,8,6418
post_layernorm,922,0,8,61226
gate_proj,922,0,8,21417
up_proj,922,0,8,20003
act_fn,922,0,8,4535
down_proj,922,0,8,17818
final_layernorm,922,0,8,61536
lm_head,922,0,8,162150
embedding,923,0,8,27331
input_layernorm,923,0,8,60993
q_proj,923,0,8,7085
k_proj,923,0,8,5504
v_proj,923,0,8,5136
rope,923,0,8,22843
attn,923,0,8,21527
o_proj,923,0,8,6423
post_layernorm,923,0,8,60981
gate_proj,923,0,8,21449
up_proj,923,0,8,20045
act_fn,923,0,8,4542
down_proj,923,0,8,17785
final_layernorm,923,0,8,61367
lm_head,923,0,8,162281
embedding,924,0,8,27378
input_layernorm,924,0,8,60667
q_proj,924,0,8,6918
k_proj,924,0,8,5412
v_proj,924,0,8,5105
rope,924,0,8,22737
attn,924,0,8,21242
o_proj,924,0,8,6376
post_layernorm,924,0,8,60851
gate_proj,924,0,8,21272
up_proj,924,0,8,19985
act_fn,924,0,8,4540
down_proj,924,0,8,17779
final_layernorm,924,0,8,61005
lm_head,924,0,8,161861
embedding,925,0,8,27479
input_layernorm,925,0,8,61055
q_proj,925,0,8,6927
k_proj,925,0,8,5435
v_proj,925,0,8,5130
rope,925,0,8,22763
attn,925,0,8,21464
o_proj,925,0,8,6404
post_layernorm,925,0,8,61129
gate_proj,925,0,8,21396
up_proj,925,0,8,20008
act_fn,925,0,8,4547
down_proj,925,0,8,17810
final_layernorm,925,0,8,61551
lm_head,925,0,8,162218
embedding,926,0,8,27253
input_layernorm,926,0,8,60734
q_proj,926,0,8,6927
k_proj,926,0,8,5389
v_proj,926,0,8,5070
rope,926,0,8,22709
attn,926,0,8,21317
o_proj,926,0,8,6387
post_layernorm,926,0,8,60768
gate_proj,926,0,8,21337
up_proj,926,0,8,19970
act_fn,926,0,8,4531
down_proj,926,0,8,17793
final_layernorm,926,0,8,61218
lm_head,926,0,8,162023
embedding,927,0,8,27295
input_layernorm,927,0,8,60770
q_proj,927,0,8,6927
k_proj,927,0,8,5344
v_proj,927,0,8,5078
rope,927,0,8,22762
attn,927,0,8,21421
o_proj,927,0,8,6391
post_layernorm,927,0,8,61048
gate_proj,927,0,8,21421
up_proj,927,0,8,19999
act_fn,927,0,8,4551
down_proj,927,0,8,17796
final_layernorm,927,0,8,61378
lm_head,927,0,8,162099
embedding,928,0,8,27039
input_layernorm,928,0,8,60647
q_proj,928,0,8,9205
k_proj,928,0,8,5417
v_proj,928,0,8,5093
rope,928,0,8,22773
attn,928,0,8,21386
o_proj,928,0,8,6627
post_layernorm,928,0,8,60730
gate_proj,928,0,8,22127
up_proj,928,0,8,21201
act_fn,928,0,8,4442
down_proj,928,0,8,18594
final_layernorm,928,0,8,61246
lm_head,928,0,8,161886
embedding,929,0,8,27626
input_layernorm,929,0,8,61131
q_proj,929,0,8,6986
k_proj,929,0,8,5448
v_proj,929,0,8,5067
rope,929,0,8,22898
attn,929,0,8,21560
o_proj,929,0,8,6681
post_layernorm,929,0,8,61251
gate_proj,929,0,8,21486
up_proj,929,0,8,20071
act_fn,929,0,8,4576
down_proj,929,0,8,18628
final_layernorm,929,0,8,61844
lm_head,929,0,8,162328
embedding,930,0,8,27496
input_layernorm,930,0,8,61037
q_proj,930,0,8,6901
k_proj,930,0,8,5363
v_proj,930,0,8,5036
rope,930,0,8,22855
attn,930,0,8,21510
o_proj,930,0,8,6656
post_layernorm,930,0,8,61107
gate_proj,930,0,8,21405
up_proj,930,0,8,20036
act_fn,930,0,8,4575
down_proj,930,0,8,18657
final_layernorm,930,0,8,61908
lm_head,930,0,8,162240
embedding,931,0,8,27406
input_layernorm,931,0,8,61005
q_proj,931,0,8,6916
k_proj,931,0,8,5408
v_proj,931,0,8,5026
rope,931,0,8,22840
attn,931,0,8,21394
o_proj,931,0,8,6635
post_layernorm,931,0,8,61050
gate_proj,931,0,8,21324
up_proj,931,0,8,19955
act_fn,931,0,8,4571
down_proj,931,0,8,18617
final_layernorm,931,0,8,61062
lm_head,931,0,8,162102
embedding,932,0,8,27637
input_layernorm,932,0,8,61344
q_proj,932,0,8,6934
k_proj,932,0,8,5407
v_proj,932,0,8,5037
rope,932,0,8,22968
attn,932,0,8,21533
o_proj,932,0,8,6675
post_layernorm,932,0,8,61621
gate_proj,932,0,8,21443
up_proj,932,0,8,20085
act_fn,932,0,8,4591
down_proj,932,0,8,18630
final_layernorm,932,0,8,61545
lm_head,932,0,8,162484
embedding,933,0,8,27549
input_layernorm,933,0,8,61023
q_proj,933,0,8,6930
k_proj,933,0,8,5360
v_proj,933,0,8,4998
rope,933,0,8,22881
attn,933,0,8,21333
o_proj,933,0,8,6632
post_layernorm,933,0,8,61130
gate_proj,933,0,8,21356
up_proj,933,0,8,20002
act_fn,933,0,8,4580
down_proj,933,0,8,18628
final_layernorm,933,0,8,61095
lm_head,933,0,8,162206
embedding,934,0,8,27377
input_layernorm,934,0,8,61437
q_proj,934,0,8,6880
k_proj,934,0,8,5388
v_proj,934,0,8,5066
rope,934,0,8,22858
attn,934,0,8,21361
o_proj,934,0,8,6639
post_layernorm,934,0,8,61223
gate_proj,934,0,8,21380
up_proj,934,0,8,20029
act_fn,934,0,8,4602
down_proj,934,0,8,18661
final_layernorm,934,0,8,61547
lm_head,934,0,8,162437
embedding,935,0,8,27404
input_layernorm,935,0,8,60829
q_proj,935,0,8,6920
k_proj,935,0,8,5340
v_proj,935,0,8,5019
rope,935,0,8,22832
attn,935,0,8,21298
o_proj,935,0,8,6645
post_layernorm,935,0,8,61095
gate_proj,935,0,8,21337
up_proj,935,0,8,20012
act_fn,935,0,8,4585
down_proj,935,0,8,18636
final_layernorm,935,0,8,61154
lm_head,935,0,8,162279
embedding,936,0,8,27407
input_layernorm,936,0,8,60776
q_proj,936,0,8,6866
k_proj,936,0,8,5388
v_proj,936,0,8,5023
rope,936,0,8,23001
attn,936,0,8,21363
o_proj,936,0,8,6637
post_layernorm,936,0,8,61053
gate_proj,936,0,8,21377
up_proj,936,0,8,20035
act_fn,936,0,8,4591
down_proj,936,0,8,18654
final_layernorm,936,0,8,61078
lm_head,936,0,8,162426
embedding,937,0,8,27414
input_layernorm,937,0,8,61362
q_proj,937,0,8,6860
k_proj,937,0,8,5404
v_proj,937,0,8,5055
rope,937,0,8,22940
attn,937,0,8,21402
o_proj,937,0,8,6647
post_layernorm,937,0,8,61232
gate_proj,937,0,8,22016
up_proj,937,0,8,21214
act_fn,937,0,8,4490
down_proj,937,0,8,18583
final_layernorm,937,0,8,61431
lm_head,937,0,8,162419
embedding,938,0,8,27564
input_layernorm,938,0,8,60949
q_proj,938,0,8,6880
k_proj,938,0,8,5375
v_proj,938,0,8,5030
rope,938,0,8,22889
attn,938,0,8,21372
o_proj,938,0,8,6647
post_layernorm,938,0,8,61319
gate_proj,938,0,8,22003
up_proj,938,0,8,21197
act_fn,938,0,8,4508
down_proj,938,0,8,18583
final_layernorm,938,0,8,61385
lm_head,938,0,8,162332
embedding,939,0,8,27588
input_layernorm,939,0,8,61188
q_proj,939,0,8,6865
k_proj,939,0,8,5345
v_proj,939,0,8,5013
rope,939,0,8,22995
attn,939,0,8,21421
o_proj,939,0,8,6661
post_layernorm,939,0,8,61485
gate_proj,939,0,8,22151
up_proj,939,0,8,21293
act_fn,939,0,8,4516
down_proj,939,0,8,18615
final_layernorm,939,0,8,61741
lm_head,939,0,8,162694
embedding,940,0,8,27933
input_layernorm,940,0,8,61228
q_proj,940,0,8,6907
k_proj,940,0,8,5423
v_proj,940,0,8,5039
rope,940,0,8,23147
attn,940,0,8,21577
o_proj,940,0,8,6685
post_layernorm,940,0,8,61578
gate_proj,940,0,8,22179
up_proj,940,0,8,21322
act_fn,940,0,8,4492
down_proj,940,0,8,18643
final_layernorm,940,0,8,61800
lm_head,940,0,8,162705
embedding,941,0,8,27388
input_layernorm,941,0,8,61283
q_proj,941,0,8,6875
k_proj,941,0,8,5340
v_proj,941,0,8,5029
rope,941,0,8,23040
attn,941,0,8,21396
o_proj,941,0,8,6677
post_layernorm,941,0,8,61383
gate_proj,941,0,8,22112
up_proj,941,0,8,21288
act_fn,941,0,8,4526
down_proj,941,0,8,18630
final_layernorm,941,0,8,61843
lm_head,941,0,8,162640
embedding,942,0,8,27636
input_layernorm,942,0,8,61511
q_proj,942,0,8,6904
k_proj,942,0,8,5405
v_proj,942,0,8,5070
rope,942,0,8,23097
attn,942,0,8,21548
o_proj,942,0,8,6694
post_layernorm,942,0,8,61750
gate_proj,942,0,8,22191
up_proj,942,0,8,21365
act_fn,942,0,8,4536
down_proj,942,0,8,18656
final_layernorm,942,0,8,62020
lm_head,942,0,8,162765
embedding,943,0,8,27209
input_layernorm,943,0,8,61107
q_proj,943,0,8,6881
k_proj,943,0,8,5411
v_proj,943,0,8,5010
rope,943,0,8,22974
attn,943,0,8,21422
o_proj,943,0,8,6656
post_layernorm,943,0,8,61305
gate_proj,943,0,8,22002
up_proj,943,0,8,21218
act_fn,943,0,8,4541
down_proj,943,0,8,18614
final_layernorm,943,0,8,61716
lm_head,943,0,8,162479
embedding,944,0,8,27439
input_layernorm,944,0,8,60811
q_proj,944,0,8,6867
k_proj,944,0,8,5316
v_proj,944,0,8,4987
rope,944,0,8,23010
attn,944,0,8,21276
o_proj,944,0,8,6640
post_layernorm,944,0,8,61189
gate_proj,944,0,8,22349
up_proj,944,0,8,20807
act_fn,944,0,8,4619
down_proj,944,0,8,18643
final_layernorm,944,0,8,61342
lm_head,944,0,8,162449
embedding,945,0,8,27751
input_layernorm,945,0,8,61492
q_proj,945,0,8,6923
k_proj,945,0,8,5401
v_proj,945,0,8,5041
rope,945,0,8,23229
attn,945,0,8,21676
o_proj,945,0,8,6701
post_layernorm,945,0,8,61722
gate_proj,945,0,8,22321
up_proj,945,0,8,21414
act_fn,945,0,8,4561
down_proj,945,0,8,18683
final_layernorm,945,0,8,61980
lm_head,945,0,8,163031
embedding,946,0,8,27498
input_layernorm,946,0,8,61200
q_proj,946,0,8,6861
k_proj,946,0,8,5368
v_proj,946,0,8,5007
rope,946,0,8,23050
attn,946,0,8,21408
o_proj,946,0,8,6668
post_layernorm,946,0,8,61567
gate_proj,946,0,8,22060
up_proj,946,0,8,21252
act_fn,946,0,8,4545
down_proj,946,0,8,18629
final_layernorm,946,0,8,61721
lm_head,946,0,8,162751
embedding,947,0,8,27737
input_layernorm,947,0,8,61298
q_proj,947,0,8,6884
k_proj,947,0,8,5299
v_proj,947,0,8,5015
rope,947,0,8,23088
attn,947,0,8,21439
o_proj,947,0,8,6685
post_layernorm,947,0,8,61684
gate_proj,947,0,8,22163
up_proj,947,0,8,21329
act_fn,947,0,8,4532
down_proj,947,0,8,18650
final_layernorm,947,0,8,61851
lm_head,947,0,8,162867
embedding,948,0,8,27758
input_layernorm,948,0,8,61244
q_proj,948,0,8,6902
k_proj,948,0,8,5294
v_proj,948,0,8,5018
rope,948,0,8,23193
attn,948,0,8,21488
o_proj,948,0,8,6684
post_layernorm,948,0,8,61836
gate_proj,948,0,8,22137
up_proj,948,0,8,21319
act_fn,948,0,8,4546
down_proj,948,0,8,18669
final_layernorm,948,0,8,61913
lm_head,948,0,8,162868
embedding,949,0,8,27806
input_layernorm,949,0,8,61542
q_proj,949,0,8,6880
k_proj,949,0,8,5305
v_proj,949,0,8,5007
rope,949,0,8,23061
attn,949,0,8,21390
o_proj,949,0,8,6658
post_layernorm,949,0,8,61798
gate_proj,949,0,8,22044
up_proj,949,0,8,21239
act_fn,949,0,8,4555
down_proj,949,0,8,18646
final_layernorm,949,0,8,61830
lm_head,949,0,8,162736
embedding,950,0,8,27887
input_layernorm,950,0,8,61429
q_proj,950,0,8,6875
k_proj,950,0,8,5312
v_proj,950,0,8,5011
rope,950,0,8,23059
attn,950,0,8,21432
o_proj,950,0,8,6672
post_layernorm,950,0,8,61808
gate_proj,950,0,8,22074
up_proj,950,0,8,21266
act_fn,950,0,8,4563
down_proj,950,0,8,18672
final_layernorm,950,0,8,61857
lm_head,950,0,8,162810
embedding,951,0,8,27860
input_layernorm,951,0,8,61500
q_proj,951,0,8,6875
k_proj,951,0,8,5294
v_proj,951,0,8,5010
rope,951,0,8,23099
attn,951,0,8,21387
o_proj,951,0,8,6664
post_layernorm,951,0,8,61754
gate_proj,951,0,8,22058
up_proj,951,0,8,21258
act_fn,951,0,8,4572
down_proj,951,0,8,18675
final_layernorm,951,0,8,61922
lm_head,951,0,8,162755
embedding,952,0,8,27666
input_layernorm,952,0,8,61264
q_proj,952,0,8,6894
k_proj,952,0,8,5359
v_proj,952,0,8,5024
rope,952,0,8,23258
attn,952,0,8,21527
o_proj,952,0,8,6705
post_layernorm,952,0,8,61674
gate_proj,952,0,8,22244
up_proj,952,0,8,21371
act_fn,952,0,8,4561
down_proj,952,0,8,18708
final_layernorm,952,0,8,61928
lm_head,952,0,8,163119
embedding,953,0,8,27689
input_layernorm,953,0,8,61467
q_proj,953,0,8,6876
k_proj,953,0,8,5310
v_proj,953,0,8,4998
rope,953,0,8,23034
attn,953,0,8,21445
o_proj,953,0,8,6680
post_layernorm,953,0,8,61611
gate_proj,953,0,8,22040
up_proj,953,0,8,21221
act_fn,953,0,8,4611
down_proj,953,0,8,18661
final_layernorm,953,0,8,61969
lm_head,953,0,8,162848
embedding,954,0,8,28051
input_layernorm,954,0,8,61508
q_proj,954,0,8,6904
k_proj,954,0,8,5345
v_proj,954,0,8,5046
rope,954,0,8,23223
attn,954,0,8,21596
o_proj,954,0,8,6718
post_layernorm,954,0,8,61887
gate_proj,954,0,8,22238
up_proj,954,0,8,21385
act_fn,954,0,8,4581
down_proj,954,0,8,18706
final_layernorm,954,0,8,62078
lm_head,954,0,8,163287
embedding,955,0,8,28460
input_layernorm,955,0,8,61913
q_proj,955,0,8,6917
k_proj,955,0,8,5365
v_proj,955,0,8,5031
rope,955,0,8,23251
attn,955,0,8,21653
o_proj,955,0,8,6708
post_layernorm,955,0,8,62210
gate_proj,955,0,8,22250
up_proj,955,0,8,21373
act_fn,955,0,8,4573
down_proj,955,0,8,18716
final_layernorm,955,0,8,62573
lm_head,955,0,8,163224
embedding,956,0,8,28129
input_layernorm,956,0,8,61607
q_proj,956,0,8,6890
k_proj,956,0,8,5384
v_proj,956,0,8,5000
rope,956,0,8,23171
attn,956,0,8,21325
o_proj,956,0,8,6678
post_layernorm,956,0,8,61875
gate_proj,956,0,8,22106
up_proj,956,0,8,21297
act_fn,956,0,8,4599
down_proj,956,0,8,18691
final_layernorm,956,0,8,62225
lm_head,956,0,8,162991
embedding,957,0,8,28364
input_layernorm,957,0,8,61589
q_proj,957,0,8,6875
k_proj,957,0,8,5390
v_proj,957,0,8,5006
rope,957,0,8,23161
attn,957,0,8,21519
o_proj,957,0,8,6684
post_layernorm,957,0,8,61843
gate_proj,957,0,8,22131
up_proj,957,0,8,21313
act_fn,957,0,8,4599
down_proj,957,0,8,18688
final_layernorm,957,0,8,62188
lm_head,957,0,8,162975
embedding,958,0,8,28217
input_layernorm,958,0,8,61946
q_proj,958,0,8,6913
k_proj,958,0,8,5385
v_proj,958,0,8,5030
rope,958,0,8,23121
attn,958,0,8,21494
o_proj,958,0,8,6716
post_layernorm,958,0,8,62089
gate_proj,958,0,8,22235
up_proj,958,0,8,21382
act_fn,958,0,8,4617
down_proj,958,0,8,18734
final_layernorm,958,0,8,62425
lm_head,958,0,8,163303
embedding,959,0,8,28220
input_layernorm,959,0,8,61818
q_proj,959,0,8,6898
k_proj,959,0,8,5348
v_proj,959,0,8,4998
rope,959,0,8,23069
attn,959,0,8,21487
o_proj,959,0,8,6708
post_layernorm,959,0,8,62054
gate_proj,959,0,8,22178
up_proj,959,0,8,21355
act_fn,959,0,8,4622
down_proj,959,0,8,18727
final_layernorm,959,0,8,62247
lm_head,959,0,8,163201
embedding,960,0,8,28201
input_layernorm,960,0,8,61622
q_proj,960,0,8,7975
k_proj,960,0,8,5393
v_proj,960,0,8,5032
rope,960,0,8,23328
attn,960,0,8,21606
o_proj,960,0,8,6980
post_layernorm,960,0,8,61825
gate_proj,960,0,8,22371
up_proj,960,0,8,21394
act_fn,960,0,8,4704
down_proj,960,0,8,19275
final_layernorm,960,0,8,62068
lm_head,960,0,8,163358
embedding,961,0,8,28122
input_layernorm,961,0,8,61733
q_proj,961,0,8,8040
k_proj,961,0,8,5819
v_proj,961,0,8,5804
rope,961,0,8,23099
attn,961,0,8,22140
o_proj,961,0,8,6741
post_layernorm,961,0,8,61930
gate_proj,961,0,8,22441
up_proj,961,0,8,20864
act_fn,961,0,8,4684
down_proj,961,0,8,18735
final_layernorm,961,0,8,62185
lm_head,961,0,8,172279
embedding,962,0,8,28359
input_layernorm,962,0,8,61968
q_proj,962,0,8,7903
k_proj,962,0,8,5813
v_proj,962,0,8,5784
rope,962,0,8,23092
attn,962,0,8,22196
o_proj,962,0,8,6728
post_layernorm,962,0,8,62011
gate_proj,962,0,8,22433
up_proj,962,0,8,20871
act_fn,962,0,8,4715
down_proj,962,0,8,18753
final_layernorm,962,0,8,62040
lm_head,962,0,8,172247
embedding,963,0,8,28363
input_layernorm,963,0,8,62645
q_proj,963,0,8,8044
k_proj,963,0,8,5821
v_proj,963,0,8,5791
rope,963,0,8,23127
attn,963,0,8,22301
o_proj,963,0,8,6747
post_layernorm,963,0,8,62074
gate_proj,963,0,8,22509
up_proj,963,0,8,20888
act_fn,963,0,8,4720
down_proj,963,0,8,18753
final_layernorm,963,0,8,62298
lm_head,963,0,8,172499
embedding,964,0,8,28627
input_layernorm,964,0,8,62367
q_proj,964,0,8,7848
k_proj,964,0,8,5826
v_proj,964,0,8,5783
rope,964,0,8,23188
attn,964,0,8,22124
o_proj,964,0,8,6734
post_layernorm,964,0,8,62079
gate_proj,964,0,8,22432
up_proj,964,0,8,20875
act_fn,964,0,8,4705
down_proj,964,0,8,18763
final_layernorm,964,0,8,62249
lm_head,964,0,8,172422
embedding,965,0,8,28459
input_layernorm,965,0,8,62427
q_proj,965,0,8,8040
k_proj,965,0,8,5810
v_proj,965,0,8,5793
rope,965,0,8,23123
attn,965,0,8,22205
o_proj,965,0,8,6727
post_layernorm,965,0,8,62124
gate_proj,965,0,8,22393
up_proj,965,0,8,20865
act_fn,965,0,8,4737
down_proj,965,0,8,18759
final_layernorm,965,0,8,62238
lm_head,965,0,8,172365
embedding,966,0,8,28521
input_layernorm,966,0,8,62683
q_proj,966,0,8,7699
k_proj,966,0,8,5815
v_proj,966,0,8,5788
rope,966,0,8,23168
attn,966,0,8,22277
o_proj,966,0,8,6742
post_layernorm,966,0,8,62178
gate_proj,966,0,8,22432
up_proj,966,0,8,20878
act_fn,966,0,8,4751
down_proj,966,0,8,18745
final_layernorm,966,0,8,62385
lm_head,966,0,8,172466
embedding,967,0,8,28581
input_layernorm,967,0,8,62634
q_proj,967,0,8,7766
k_proj,967,0,8,5824
v_proj,967,0,8,5802
rope,967,0,8,23165
attn,967,0,8,22244
o_proj,967,0,8,6755
post_layernorm,967,0,8,62086
gate_proj,967,0,8,22499
up_proj,967,0,8,20901
act_fn,967,0,8,4741
down_proj,967,0,8,18789
final_layernorm,967,0,8,62404
lm_head,967,0,8,172621
embedding,968,0,8,28530
input_layernorm,968,0,8,62591
q_proj,968,0,8,7562
k_proj,968,0,8,5844
v_proj,968,0,8,5827
rope,968,0,8,23363
attn,968,0,8,22399
o_proj,968,0,8,6773
post_layernorm,968,0,8,62092
gate_proj,968,0,8,22550
up_proj,968,0,8,20899
act_fn,968,0,8,4750
down_proj,968,0,8,18789
final_layernorm,968,0,8,62333
lm_head,968,0,8,172740
embedding,969,0,8,28261
input_layernorm,969,0,8,62567
q_proj,969,0,8,7672
k_proj,969,0,8,7466
v_proj,969,0,8,7568
rope,969,0,8,23139
attn,969,0,8,22181
o_proj,969,0,8,6739
post_layernorm,969,0,8,62199
gate_proj,969,0,8,22419
up_proj,969,0,8,20889
act_fn,969,0,8,4756
down_proj,969,0,8,18782
final_layernorm,969,0,8,62273
lm_head,969,0,8,172410
embedding,970,0,8,28673
input_layernorm,970,0,8,62888
q_proj,970,0,8,7385
k_proj,970,0,8,7493
v_proj,970,0,8,7711
rope,970,0,8,23460
attn,970,0,8,22510
o_proj,970,0,8,6818
post_layernorm,970,0,8,62639
gate_proj,970,0,8,22778
up_proj,970,0,8,21044
act_fn,970,0,8,4756
down_proj,970,0,8,18840
final_layernorm,970,0,8,62649
lm_head,970,0,8,173083
embedding,971,0,8,28460
input_layernorm,971,0,8,62986
q_proj,971,0,8,7609
k_proj,971,0,8,7480
v_proj,971,0,8,7437
rope,971,0,8,23330
attn,971,0,8,22465
o_proj,971,0,8,6795
post_layernorm,971,0,8,62508
gate_proj,971,0,8,22595
up_proj,971,0,8,20994
act_fn,971,0,8,4790
down_proj,971,0,8,18827
final_layernorm,971,0,8,62661
lm_head,971,0,8,173022
embedding,972,0,8,28619
input_layernorm,972,0,8,63059
q_proj,972,0,8,7393
k_proj,972,0,8,7387
v_proj,972,0,8,7460
rope,972,0,8,23433
attn,972,0,8,22376
o_proj,972,0,8,6773
post_layernorm,972,0,8,62655
gate_proj,972,0,8,22584
up_proj,972,0,8,20961
act_fn,972,0,8,4761
down_proj,972,0,8,18830
final_layernorm,972,0,8,62798
lm_head,972,0,8,172984
embedding,973,0,8,28995
input_layernorm,973,0,8,62774
q_proj,973,0,8,7487
k_proj,973,0,8,7303
v_proj,973,0,8,7489
rope,973,0,8,23309
attn,973,0,8,22333
o_proj,973,0,8,6784
post_layernorm,973,0,8,62596
gate_proj,973,0,8,22561
up_proj,973,0,8,20957
act_fn,973,0,8,4777
down_proj,973,0,8,18831
final_layernorm,973,0,8,62627
lm_head,973,0,8,172942
embedding,974,0,8,28490
input_layernorm,974,0,8,62891
q_proj,974,0,8,7312
k_proj,974,0,8,7368
v_proj,974,0,8,7573
rope,974,0,8,23221
attn,974,0,8,22147
o_proj,974,0,8,6727
post_layernorm,974,0,8,62403
gate_proj,974,0,8,22384
up_proj,974,0,8,20899
act_fn,974,0,8,4793
down_proj,974,0,8,18811
final_layernorm,974,0,8,62580
lm_head,974,0,8,172732
embedding,975,0,8,28691
input_layernorm,975,0,8,62323
q_proj,975,0,8,7530
k_proj,975,0,8,7278
v_proj,975,0,8,7348
rope,975,0,8,23278
attn,975,0,8,22299
o_proj,975,0,8,6765
post_layernorm,975,0,8,62452
gate_proj,975,0,8,22552
up_proj,975,0,8,20933
act_fn,975,0,8,4803
down_proj,975,0,8,18822
final_layernorm,975,0,8,62592
lm_head,975,0,8,172926
embedding,976,0,8,28650
input_layernorm,976,0,8,62267
q_proj,976,0,8,7255
k_proj,976,0,8,7205
v_proj,976,0,8,7266
rope,976,0,8,23413
attn,976,0,8,22325
o_proj,976,0,8,6987
post_layernorm,976,0,8,62263
gate_proj,976,0,8,22547
up_proj,976,0,8,20931
act_fn,976,0,8,4814
down_proj,976,0,8,19336
final_layernorm,976,0,8,62484
lm_head,976,0,8,172977
embedding,977,0,8,28415
input_layernorm,977,0,8,62964
q_proj,977,0,8,7443
k_proj,977,0,8,7226
v_proj,977,0,8,7370
rope,977,0,8,23297
attn,977,0,8,22424
o_proj,977,0,8,6762
post_layernorm,977,0,8,62331
gate_proj,977,0,8,22529
up_proj,977,0,8,20954
act_fn,977,0,8,4798
down_proj,977,0,8,18852
final_layernorm,977,0,8,62679
lm_head,977,0,8,172923
embedding,978,0,8,28635
input_layernorm,978,0,8,62388
q_proj,978,0,8,7255
k_proj,978,0,8,7386
v_proj,978,0,8,7510
rope,978,0,8,23291
attn,978,0,8,22226
o_proj,978,0,8,6735
post_layernorm,978,0,8,62197
gate_proj,978,0,8,22447
up_proj,978,0,8,20913
act_fn,978,0,8,4805
down_proj,978,0,8,18843
final_layernorm,978,0,8,62644
lm_head,978,0,8,172852
embedding,979,0,8,28482
input_layernorm,979,0,8,62780
q_proj,979,0,8,7349
k_proj,979,0,8,7294
v_proj,979,0,8,7183
rope,979,0,8,23402
attn,979,0,8,22416
o_proj,979,0,8,6775
post_layernorm,979,0,8,62607
gate_proj,979,0,8,22609
up_proj,979,0,8,20996
act_fn,979,0,8,4823
down_proj,979,0,8,18882
final_layernorm,979,0,8,63148
lm_head,979,0,8,173104
embedding,980,0,8,28525
input_layernorm,980,0,8,62461
q_proj,980,0,8,7198
k_proj,980,0,8,7218
v_proj,980,0,8,7181
rope,980,0,8,23405
attn,980,0,8,22251
o_proj,980,0,8,6747
post_layernorm,980,0,8,62480
gate_proj,980,0,8,22472
up_proj,980,0,8,20923
act_fn,980,0,8,4841
down_proj,980,0,8,18835
final_layernorm,980,0,8,62966
lm_head,980,0,8,173041
embedding,981,0,8,28702
input_layernorm,981,0,8,62700
q_proj,981,0,8,7361
k_proj,981,0,8,7164
v_proj,981,0,8,7201
rope,981,0,8,23355
attn,981,0,8,22248
o_proj,981,0,8,6747
post_layernorm,981,0,8,62731
gate_proj,981,0,8,22490
up_proj,981,0,8,20890
act_fn,981,0,8,4795
down_proj,981,0,8,18875
final_layernorm,981,0,8,63128
lm_head,981,0,8,173026
embedding,982,0,8,28541
input_layernorm,982,0,8,62685
q_proj,982,0,8,7257
k_proj,982,0,8,7141
v_proj,982,0,8,7292
rope,982,0,8,23361
attn,982,0,8,22237
o_proj,982,0,8,6758
post_layernorm,982,0,8,62611
gate_proj,982,0,8,22453
up_proj,982,0,8,20953
act_fn,982,0,8,4824
down_proj,982,0,8,18865
final_layernorm,982,0,8,63049
lm_head,982,0,8,173067
embedding,983,0,8,28384
input_layernorm,983,0,8,62531
q_proj,983,0,8,7286
k_proj,983,0,8,7143
v_proj,983,0,8,7139
rope,983,0,8,23339
attn,983,0,8,22320
o_proj,983,0,8,6749
post_layernorm,983,0,8,62750
gate_proj,983,0,8,22513
up_proj,983,0,8,20964
act_fn,983,0,8,4827
down_proj,983,0,8,18882
final_layernorm,983,0,8,63014
lm_head,983,0,8,173211
embedding,984,0,8,28568
input_layernorm,984,0,8,62340
q_proj,984,0,8,7161
k_proj,984,0,8,7212
v_proj,984,0,8,7047
rope,984,0,8,23469
attn,984,0,8,22241
o_proj,984,0,8,6764
post_layernorm,984,0,8,62253
gate_proj,984,0,8,22446
up_proj,984,0,8,20944
act_fn,984,0,8,4827
down_proj,984,0,8,18878
final_layernorm,984,0,8,62836
lm_head,984,0,8,173115
embedding,985,0,8,28629
input_layernorm,985,0,8,62848
q_proj,985,0,8,7192
k_proj,985,0,8,7059
v_proj,985,0,8,7196
rope,985,0,8,23418
attn,985,0,8,22327
o_proj,985,0,8,6771
post_layernorm,985,0,8,62644
gate_proj,985,0,8,22507
up_proj,985,0,8,20945
act_fn,985,0,8,4861
down_proj,985,0,8,18890
final_layernorm,985,0,8,63197
lm_head,985,0,8,173322
embedding,986,0,8,28994
input_layernorm,986,0,8,63274
q_proj,986,0,8,7278
k_proj,986,0,8,7145
v_proj,986,0,8,7229
rope,986,0,8,23715
attn,986,0,8,22546
o_proj,986,0,8,6833
post_layernorm,986,0,8,63505
gate_proj,986,0,8,22823
up_proj,986,0,8,21077
act_fn,986,0,8,4855
down_proj,986,0,8,18943
final_layernorm,986,0,8,63680
lm_head,986,0,8,173670
embedding,987,0,8,28776
input_layernorm,987,0,8,62653
q_proj,987,0,8,7184
k_proj,987,0,8,7087
v_proj,987,0,8,6915
rope,987,0,8,23258
attn,987,0,8,22218
o_proj,987,0,8,6761
post_layernorm,987,0,8,62924
gate_proj,987,0,8,22427
up_proj,987,0,8,20940
act_fn,987,0,8,4862
down_proj,987,0,8,18887
final_layernorm,987,0,8,63085
lm_head,987,0,8,173289
embedding,988,0,8,28939
input_layernorm,988,0,8,62816
q_proj,988,0,8,7224
k_proj,988,0,8,6997
v_proj,988,0,8,6921
rope,988,0,8,23402
attn,988,0,8,22294
o_proj,988,0,8,6770
post_layernorm,988,0,8,62947
gate_proj,988,0,8,22417
up_proj,988,0,8,20952
act_fn,988,0,8,4880
down_proj,988,0,8,18893
final_layernorm,988,0,8,63381
lm_head,988,0,8,173188
embedding,989,0,8,29176
input_layernorm,989,0,8,63068
q_proj,989,0,8,7176
k_proj,989,0,8,6963
v_proj,989,0,8,7085
rope,989,0,8,23459
attn,989,0,8,22377
o_proj,989,0,8,6762
post_layernorm,989,0,8,63000
gate_proj,989,0,8,22467
up_proj,989,0,8,20962
act_fn,989,0,8,4878
down_proj,989,0,8,18915
final_layernorm,989,0,8,63418
lm_head,989,0,8,173323
embedding,990,0,8,29120
input_layernorm,990,0,8,63181
q_proj,990,0,8,7318
k_proj,990,0,8,6926
v_proj,990,0,8,6990
rope,990,0,8,23391
attn,990,0,8,22273
o_proj,990,0,8,6762
post_layernorm,990,0,8,63033
gate_proj,990,0,8,22443
up_proj,990,0,8,20975
act_fn,990,0,8,4866
down_proj,990,0,8,18889
final_layernorm,990,0,8,63144
lm_head,990,0,8,173308
embedding,991,0,8,29433
input_layernorm,991,0,8,64266
q_proj,991,0,8,7193
k_proj,991,0,8,6847
v_proj,991,0,8,6847
rope,991,0,8,23541
attn,991,0,8,22561
o_proj,991,0,8,6817
post_layernorm,991,0,8,63492
gate_proj,991,0,8,22609
up_proj,991,0,8,21014
act_fn,991,0,8,4893
down_proj,991,0,8,18922
final_layernorm,991,0,8,63759
lm_head,991,0,8,173575
embedding,992,0,8,29921
input_layernorm,992,0,8,63092
q_proj,992,0,8,7154
k_proj,992,0,8,6927
v_proj,992,0,8,6793
rope,992,0,8,23429
attn,992,0,8,22255
o_proj,992,0,8,6960
post_layernorm,992,0,8,62616
gate_proj,992,0,8,23496
up_proj,992,0,8,22511
act_fn,992,0,8,4802
down_proj,992,0,8,19268
final_layernorm,992,0,8,62843
lm_head,992,0,8,181760
embedding,993,0,8,29642
input_layernorm,993,0,8,64195
q_proj,993,0,8,7231
k_proj,993,0,8,6915
v_proj,993,0,8,6987
rope,993,0,8,23734
attn,993,0,8,22700
o_proj,993,0,8,7062
post_layernorm,993,0,8,63876
gate_proj,993,0,8,22838
up_proj,993,0,8,21101
act_fn,993,0,8,4904
down_proj,993,0,8,19478
final_layernorm,993,0,8,63962
lm_head,993,0,8,173941
embedding,994,0,8,29597
input_layernorm,994,0,8,64375
q_proj,994,0,8,7255
k_proj,994,0,8,6787
v_proj,994,0,8,6848
rope,994,0,8,23767
attn,994,0,8,22630
o_proj,994,0,8,7060
post_layernorm,994,0,8,63835
gate_proj,994,0,8,22810
up_proj,994,0,8,21099
act_fn,994,0,8,4900
down_proj,994,0,8,19472
final_layernorm,994,0,8,64098
lm_head,994,0,8,173869
embedding,995,0,8,29338
input_layernorm,995,0,8,64021
q_proj,995,0,8,7194
k_proj,995,0,8,6695
v_proj,995,0,8,6857
rope,995,0,8,23464
attn,995,0,8,22334
o_proj,995,0,8,6998
post_layernorm,995,0,8,63456
gate_proj,995,0,8,22568
up_proj,995,0,8,20982
act_fn,995,0,8,4928
down_proj,995,0,8,19434
final_layernorm,995,0,8,63779
lm_head,995,0,8,173530
embedding,996,0,8,29290
input_layernorm,996,0,8,63772
q_proj,996,0,8,7233
k_proj,996,0,8,6664
v_proj,996,0,8,6934
rope,996,0,8,23630
attn,996,0,8,22353
o_proj,996,0,8,7000
post_layernorm,996,0,8,63614
gate_proj,996,0,8,22526
up_proj,996,0,8,20991
act_fn,996,0,8,4933
down_proj,996,0,8,19434
final_layernorm,996,0,8,63644
lm_head,996,0,8,173672
embedding,997,0,8,29141
input_layernorm,997,0,8,63411
q_proj,997,0,8,7164
k_proj,997,0,8,6762
v_proj,997,0,8,6768
rope,997,0,8,23592
attn,997,0,8,22329
o_proj,997,0,8,6985
post_layernorm,997,0,8,63621
gate_proj,997,0,8,22425
up_proj,997,0,8,20979
act_fn,997,0,8,4945
down_proj,997,0,8,19440
final_layernorm,997,0,8,63617
lm_head,997,0,8,173509
embedding,998,0,8,29379
input_layernorm,998,0,8,64312
q_proj,998,0,8,7218
k_proj,998,0,8,6699
v_proj,998,0,8,6741
rope,998,0,8,23626
attn,998,0,8,22390
o_proj,998,0,8,6997
post_layernorm,998,0,8,63515
gate_proj,998,0,8,22540
up_proj,998,0,8,20987
act_fn,998,0,8,4927
down_proj,998,0,8,19461
final_layernorm,998,0,8,63787
lm_head,998,0,8,173583
embedding,999,0,8,29139
input_layernorm,999,0,8,63699
q_proj,999,0,8,7166
k_proj,999,0,8,6521
v_proj,999,0,8,6833
rope,999,0,8,23558
attn,999,0,8,22258
o_proj,999,0,8,6991
post_layernorm,999,0,8,63768
gate_proj,999,0,8,22488
up_proj,999,0,8,20975
act_fn,999,0,8,4949
down_proj,999,0,8,19434
final_layernorm,999,0,8,63988
lm_head,999,0,8,173630
embedding,1000,0,8,29107
input_layernorm,1000,0,8,64173
q_proj,1000,0,8,7228
k_proj,1000,0,8,6365
v_proj,1000,0,8,6608
rope,1000,0,8,23761
attn,1000,0,8,22552
o_proj,1000,0,8,7026
post_layernorm,1000,0,8,63662
gate_proj,1000,0,8,22640
up_proj,1000,0,8,21019
act_fn,1000,0,8,4953
down_proj,1000,0,8,19485
final_layernorm,1000,0,8,64025
lm_head,1000,0,8,173823
embedding,1001,0,8,29091
input_layernorm,1001,0,8,63630
q_proj,1001,0,8,7179
k_proj,1001,0,8,6458
v_proj,1001,0,8,6481
rope,1001,0,8,23536
attn,1001,0,8,22309
o_proj,1001,0,8,6996
post_layernorm,1001,0,8,63875
gate_proj,1001,0,8,22474
up_proj,1001,0,8,20977
act_fn,1001,0,8,4957
down_proj,1001,0,8,19468
final_layernorm,1001,0,8,64079
lm_head,1001,0,8,173793
embedding,1002,0,8,29341
input_layernorm,1002,0,8,64206
q_proj,1002,0,8,7208
k_proj,1002,0,8,6700
v_proj,1002,0,8,6656
rope,1002,0,8,23725
attn,1002,0,8,22417
o_proj,1002,0,8,7021
post_layernorm,1002,0,8,64105
gate_proj,1002,0,8,22621
up_proj,1002,0,8,20997
act_fn,1002,0,8,4971
down_proj,1002,0,8,19480
final_layernorm,1002,0,8,64191
lm_head,1002,0,8,173918
embedding,1003,0,8,29406
input_layernorm,1003,0,8,63728
q_proj,1003,0,8,7198
k_proj,1003,0,8,6282
v_proj,1003,0,8,6476
rope,1003,0,8,23684
attn,1003,0,8,22559
o_proj,1003,0,8,7014
post_layernorm,1003,0,8,63928
gate_proj,1003,0,8,22560
up_proj,1003,0,8,21036
act_fn,1003,0,8,4954
down_proj,1003,0,8,19509
final_layernorm,1003,0,8,64295
lm_head,1003,0,8,174042
embedding,1004,0,8,29365
input_layernorm,1004,0,8,64391
q_proj,1004,0,8,7181
k_proj,1004,0,8,6334
v_proj,1004,0,8,6613
rope,1004,0,8,23718
attn,1004,0,8,22333
o_proj,1004,0,8,6988
post_layernorm,1004,0,8,64069
gate_proj,1004,0,8,22490
up_proj,1004,0,8,20978
act_fn,1004,0,8,4968
down_proj,1004,0,8,19466
final_layernorm,1004,0,8,64101
lm_head,1004,0,8,173778
embedding,1005,0,8,29153
input_layernorm,1005,0,8,63804
q_proj,1005,0,8,7173
k_proj,1005,0,8,6475
v_proj,1005,0,8,6458
rope,1005,0,8,23570
attn,1005,0,8,22270
o_proj,1005,0,8,6998
post_layernorm,1005,0,8,63968
gate_proj,1005,0,8,22476
up_proj,1005,0,8,21014
act_fn,1005,0,8,4984
down_proj,1005,0,8,19476
final_layernorm,1005,0,8,64015
lm_head,1005,0,8,173842
embedding,1006,0,8,29328
input_layernorm,1006,0,8,64583
q_proj,1006,0,8,7208
k_proj,1006,0,8,6447
v_proj,1006,0,8,6453
rope,1006,0,8,23731
attn,1006,0,8,22375
o_proj,1006,0,8,7018
post_layernorm,1006,0,8,64121
gate_proj,1006,0,8,22555
up_proj,1006,0,8,21018
act_fn,1006,0,8,4988
down_proj,1006,0,8,19481
final_layernorm,1006,0,8,64199
lm_head,1006,0,8,174036
embedding,1007,0,8,29132
input_layernorm,1007,0,8,63907
q_proj,1007,0,8,7167
k_proj,1007,0,8,6219
v_proj,1007,0,8,6488
rope,1007,0,8,23505
attn,1007,0,8,22343
o_proj,1007,0,8,6973
post_layernorm,1007,0,8,64283
gate_proj,1007,0,8,22395
up_proj,1007,0,8,20981
act_fn,1007,0,8,4977
down_proj,1007,0,8,19486
final_layernorm,1007,0,8,64203
lm_head,1007,0,8,173826
embedding,1008,0,8,29245
input_layernorm,1008,0,8,63430
q_proj,1008,0,8,7188
k_proj,1008,0,8,6080
v_proj,1008,0,8,6393
rope,1008,0,8,23827
attn,1008,0,8,22324
o_proj,1008,0,8,7012
post_layernorm,1008,0,8,63795
gate_proj,1008,0,8,22561
up_proj,1008,0,8,21033
act_fn,1008,0,8,4985
down_proj,1008,0,8,19498
final_layernorm,1008,0,8,63963
lm_head,1008,0,8,174071
embedding,1009,0,8,29195
input_layernorm,1009,0,8,63766
q_proj,1009,0,8,7184
k_proj,1009,0,8,6269
v_proj,1009,0,8,6210
rope,1009,0,8,23699
attn,1009,0,8,22393
o_proj,1009,0,8,7007
post_layernorm,1009,0,8,64396
gate_proj,1009,0,8,23647
up_proj,1009,0,8,22625
act_fn,1009,0,8,4869
down_proj,1009,0,8,19335
final_layernorm,1009,0,8,64296
lm_head,1009,0,8,174059
embedding,1010,0,8,29352
input_layernorm,1010,0,8,64175
q_proj,1010,0,8,7213
k_proj,1010,0,8,6263
v_proj,1010,0,8,6218
rope,1010,0,8,23745
attn,1010,0,8,22500
o_proj,1010,0,8,7047
post_layernorm,1010,0,8,64530
gate_proj,1010,0,8,23770
up_proj,1010,0,8,22717
act_fn,1010,0,8,4889
down_proj,1010,0,8,19391
final_layernorm,1010,0,8,64482
lm_head,1010,0,8,174261
embedding,1011,0,8,29157
input_layernorm,1011,0,8,64081
q_proj,1011,0,8,7237
k_proj,1011,0,8,6064
v_proj,1011,0,8,6129
rope,1011,0,8,23996
attn,1011,0,8,22480
o_proj,1011,0,8,7019
post_layernorm,1011,0,8,64586
gate_proj,1011,0,8,23716
up_proj,1011,0,8,22678
act_fn,1011,0,8,4873
down_proj,1011,0,8,19378
final_layernorm,1011,0,8,64565
lm_head,1011,0,8,174203
embedding,1012,0,8,29211
input_layernorm,1012,0,8,64495
q_proj,1012,0,8,7184
k_proj,1012,0,8,6228
v_proj,1012,0,8,6218
rope,1012,0,8,23794
attn,1012,0,8,22306
o_proj,1012,0,8,6996
post_layernorm,1012,0,8,64347
gate_proj,1012,0,8,23649
up_proj,1012,0,8,22606
act_fn,1012,0,8,4913
down_proj,1012,0,8,19358
final_layernorm,1012,0,8,64385
lm_head,1012,0,8,173988
embedding,1013,0,8,29324
input_layernorm,1013,0,8,64340
q_proj,1013,0,8,7223
k_proj,1013,0,8,6161
v_proj,1013,0,8,6112
rope,1013,0,8,23763
attn,1013,0,8,22567
o_proj,1013,0,8,7037
post_layernorm,1013,0,8,64764
gate_proj,1013,0,8,23807
up_proj,1013,0,8,22741
act_fn,1013,0,8,4932
down_proj,1013,0,8,19440
final_layernorm,1013,0,8,64915
lm_head,1013,0,8,174368
embedding,1014,0,8,29476
input_layernorm,1014,0,8,64362
q_proj,1014,0,8,7202
k_proj,1014,0,8,6168
v_proj,1014,0,8,6094
rope,1014,0,8,23828
attn,1014,0,8,22461
o_proj,1014,0,8,7036
post_layernorm,1014,0,8,64579
gate_proj,1014,0,8,23710
up_proj,1014,0,8,22670
act_fn,1014,0,8,4901
down_proj,1014,0,8,19404
final_layernorm,1014,0,8,64747
lm_head,1014,0,8,174347
embedding,1015,0,8,29253
input_layernorm,1015,0,8,65063
q_proj,1015,0,8,7199
k_proj,1015,0,8,6118
v_proj,1015,0,8,6125
rope,1015,0,8,23693
attn,1015,0,8,22491
o_proj,1015,0,8,7011
post_layernorm,1015,0,8,64629
gate_proj,1015,0,8,23725
up_proj,1015,0,8,22664
act_fn,1015,0,8,4925
down_proj,1015,0,8,19406
final_layernorm,1015,0,8,64691
lm_head,1015,0,8,174278
embedding,1016,0,8,29221
input_layernorm,1016,0,8,63949
q_proj,1016,0,8,7214
k_proj,1016,0,8,5940
v_proj,1016,0,8,6007
rope,1016,0,8,23967
attn,1016,0,8,22325
o_proj,1016,0,8,7003
post_layernorm,1016,0,8,64323
gate_proj,1016,0,8,22968
up_proj,1016,0,8,21918
act_fn,1016,0,8,5020
down_proj,1016,0,8,19509
final_layernorm,1016,0,8,64266
lm_head,1016,0,8,174344
embedding,1017,0,8,29359
input_layernorm,1017,0,8,64568
q_proj,1017,0,8,7229
k_proj,1017,0,8,6032
v_proj,1017,0,8,5999
rope,1017,0,8,24059
attn,1017,0,8,22495
o_proj,1017,0,8,7024
post_layernorm,1017,0,8,64975
gate_proj,1017,0,8,23822
up_proj,1017,0,8,22769
act_fn,1017,0,8,4920
down_proj,1017,0,8,19439
final_layernorm,1017,0,8,64958
lm_head,1017,0,8,174439
embedding,1018,0,8,29605
input_layernorm,1018,0,8,64449
q_proj,1018,0,8,7191
k_proj,1018,0,8,5964
v_proj,1018,0,8,5943
rope,1018,0,8,23929
attn,1018,0,8,22459
o_proj,1018,0,8,7005
post_layernorm,1018,0,8,64733
gate_proj,1018,0,8,23674
up_proj,1018,0,8,22636
act_fn,1018,0,8,4922
down_proj,1018,0,8,19383
final_layernorm,1018,0,8,64707
lm_head,1018,0,8,174317
embedding,1019,0,8,29660
input_layernorm,1019,0,8,64374
q_proj,1019,0,8,7194
k_proj,1019,0,8,5773
v_proj,1019,0,8,5872
rope,1019,0,8,23999
attn,1019,0,8,22409
o_proj,1019,0,8,7008
post_layernorm,1019,0,8,64668
gate_proj,1019,0,8,23714
up_proj,1019,0,8,22691
act_fn,1019,0,8,4942
down_proj,1019,0,8,19404
final_layernorm,1019,0,8,65058
lm_head,1019,0,8,174533
embedding,1020,0,8,29712
input_layernorm,1020,0,8,64675
q_proj,1020,0,8,7224
k_proj,1020,0,8,5945
v_proj,1020,0,8,5947
rope,1020,0,8,24103
attn,1020,0,8,22506
o_proj,1020,0,8,7042
post_layernorm,1020,0,8,65122
gate_proj,1020,0,8,23798
up_proj,1020,0,8,22754
act_fn,1020,0,8,4946
down_proj,1020,0,8,19437
final_layernorm,1020,0,8,65068
lm_head,1020,0,8,174593
embedding,1021,0,8,29656
input_layernorm,1021,0,8,64777
q_proj,1021,0,8,7205
k_proj,1021,0,8,5961
v_proj,1021,0,8,5964
rope,1021,0,8,23971
attn,1021,0,8,22333
o_proj,1021,0,8,7012
post_layernorm,1021,0,8,64960
gate_proj,1021,0,8,23713
up_proj,1021,0,8,22686
act_fn,1021,0,8,4976
down_proj,1021,0,8,19410
final_layernorm,1021,0,8,64898
lm_head,1021,0,8,174537
embedding,1022,0,8,29851
input_layernorm,1022,0,8,64400
q_proj,1022,0,8,7195
k_proj,1022,0,8,5949
v_proj,1022,0,8,5903
rope,1022,0,8,23940
attn,1022,0,8,22394
o_proj,1022,0,8,7018
post_layernorm,1022,0,8,64938
gate_proj,1022,0,8,23658
up_proj,1022,0,8,22648
act_fn,1022,0,8,4951
down_proj,1022,0,8,19413
final_layernorm,1022,0,8,64748
lm_head,1022,0,8,174486
embedding,1023,0,8,30106
input_layernorm,1023,0,8,64551
q_proj,1023,0,8,7204
k_proj,1023,0,8,5805
v_proj,1023,0,8,5868
rope,1023,0,8,24006
attn,1023,0,8,22348
o_proj,1023,0,8,7001
post_layernorm,1023,0,8,65133
gate_proj,1023,0,8,23660
up_proj,1023,0,8,22672
act_fn,1023,0,8,4961
down_proj,1023,0,8,19417
final_layernorm,1023,0,8,64740
lm_head,1023,0,8,174461
embedding,1024,0,8,30749
input_layernorm,1024,0,8,63668
q_proj,1024,0,8,7216
k_proj,1024,0,8,5859
v_proj,1024,0,8,5920
rope,1024,0,8,24042
attn,1024,0,8,16296
o_proj,1024,0,8,7011
post_layernorm,1024,0,8,64276
gate_proj,1024,0,8,23681
up_proj,1024,0,8,22681
act_fn,1024,0,8,4975
down_proj,1024,0,8,19420
final_layernorm,1024,0,8,64057
lm_head,1024,0,8,183131
embedding,1025,0,8,30056
input_layernorm,1025,0,8,65113
q_proj,1025,0,8,8083
k_proj,1025,0,8,6189
v_proj,1025,0,8,6014
rope,1025,0,8,23772
attn,1025,0,8,28618
o_proj,1025,0,8,7257
post_layernorm,1025,0,8,64178
gate_proj,1025,0,8,22883
up_proj,1025,0,8,21915
act_fn,1025,0,8,5062
down_proj,1025,0,8,20317
final_layernorm,1025,0,8,65073
lm_head,1025,0,8,174485
embedding,1026,0,8,30259
input_layernorm,1026,0,8,64822
q_proj,1026,0,8,8111
k_proj,1026,0,8,6225
v_proj,1026,0,8,6053
rope,1026,0,8,23949
attn,1026,0,8,28614
o_proj,1026,0,8,7265
post_layernorm,1026,0,8,64100
gate_proj,1026,0,8,23019
up_proj,1026,0,8,21977
act_fn,1026,0,8,5086
down_proj,1026,0,8,20354
final_layernorm,1026,0,8,65215
lm_head,1026,0,8,174703
embedding,1027,0,8,30222
input_layernorm,1027,0,8,64848
q_proj,1027,0,8,8090
k_proj,1027,0,8,6169
v_proj,1027,0,8,6025
rope,1027,0,8,23831
attn,1027,0,8,28459
o_proj,1027,0,8,7254
post_layernorm,1027,0,8,64079
gate_proj,1027,0,8,22971
up_proj,1027,0,8,21922
act_fn,1027,0,8,5092
down_proj,1027,0,8,20337
final_layernorm,1027,0,8,65285
lm_head,1027,0,8,174749
embedding,1028,0,8,30254
input_layernorm,1028,0,8,65294
q_proj,1028,0,8,8123
k_proj,1028,0,8,6250
v_proj,1028,0,8,6059
rope,1028,0,8,24061
attn,1028,0,8,28970
o_proj,1028,0,8,7301
post_layernorm,1028,0,8,64392
gate_proj,1028,0,8,23114
up_proj,1028,0,8,22022
act_fn,1028,0,8,5100
down_proj,1028,0,8,20355
final_layernorm,1028,0,8,65660
lm_head,1028,0,8,174897
embedding,1029,0,8,30151
input_layernorm,1029,0,8,65379
q_proj,1029,0,8,8076
k_proj,1029,0,8,6131
v_proj,1029,0,8,5998
rope,1029,0,8,23827
attn,1029,0,8,28053
o_proj,1029,0,8,7249
post_layernorm,1029,0,8,63996
gate_proj,1029,0,8,22799
up_proj,1029,0,8,21922
act_fn,1029,0,8,5096
down_proj,1029,0,8,20352
final_layernorm,1029,0,8,65367
lm_head,1029,0,8,174634
embedding,1030,0,8,30243
input_layernorm,1030,0,8,65699
q_proj,1030,0,8,8105
k_proj,1030,0,8,6181
v_proj,1030,0,8,6045
rope,1030,0,8,23939
attn,1030,0,8,28776
o_proj,1030,0,8,7271
post_layernorm,1030,0,8,64341
gate_proj,1030,0,8,22962
up_proj,1030,0,8,21984
act_fn,1030,0,8,5114
down_proj,1030,0,8,20351
final_layernorm,1030,0,8,65948
lm_head,1030,0,8,174818
embedding,1031,0,8,30204
input_layernorm,1031,0,8,66194
q_proj,1031,0,8,8156
k_proj,1031,0,8,6254
v_proj,1031,0,8,6088
rope,1031,0,8,24095
attn,1031,0,8,28404
o_proj,1031,0,8,7306
post_layernorm,1031,0,8,64457
gate_proj,1031,0,8,23176
up_proj,1031,0,8,22051
act_fn,1031,0,8,5133
down_proj,1031,0,8,20392
final_layernorm,1031,0,8,66669
lm_head,1031,0,8,175123
embedding,1032,0,8,29933
input_layernorm,1032,0,8,65867
q_proj,1032,0,8,8107
k_proj,1032,0,8,5854
v_proj,1032,0,8,5824
rope,1032,0,8,23933
attn,1032,0,8,28506
o_proj,1032,0,8,7274
post_layernorm,1032,0,8,64042
gate_proj,1032,0,8,22997
up_proj,1032,0,8,21985
act_fn,1032,0,8,5119
down_proj,1032,0,8,20391
final_layernorm,1032,0,8,66288
lm_head,1032,0,8,174803
embedding,1033,0,8,30031
input_layernorm,1033,0,8,66559
q_proj,1033,0,8,8133
k_proj,1033,0,8,6083
v_proj,1033,0,8,5919
rope,1033,0,8,24002
attn,1033,0,8,29322
o_proj,1033,0,8,7308
post_layernorm,1033,0,8,64674
gate_proj,1033,0,8,23086
up_proj,1033,0,8,22023
act_fn,1033,0,8,5125
down_proj,1033,0,8,20386
final_layernorm,1033,0,8,66692
lm_head,1033,0,8,175126
embedding,1034,0,8,29941
input_layernorm,1034,0,8,66392
q_proj,1034,0,8,8100
k_proj,1034,0,8,6036
v_proj,1034,0,8,5903
rope,1034,0,8,23881
attn,1034,0,8,29263
o_proj,1034,0,8,7284
post_layernorm,1034,0,8,64455
gate_proj,1034,0,8,22959
up_proj,1034,0,8,22000
act_fn,1034,0,8,5136
down_proj,1034,0,8,20387
final_layernorm,1034,0,8,66433
lm_head,1034,0,8,174905
embedding,1035,0,8,30191
input_layernorm,1035,0,8,66555
q_proj,1035,0,8,8124
k_proj,1035,0,8,6092
v_proj,1035,0,8,5966
rope,1035,0,8,24069
attn,1035,0,8,28258
o_proj,1035,0,8,7298
post_layernorm,1035,0,8,64704
gate_proj,1035,0,8,23060
up_proj,1035,0,8,22010
act_fn,1035,0,8,5155
down_proj,1035,0,8,20391
final_layernorm,1035,0,8,66695
lm_head,1035,0,8,175101
embedding,1036,0,8,30021
input_layernorm,1036,0,8,65994
q_proj,1036,0,8,8071
k_proj,1036,0,8,6013
v_proj,1036,0,8,5879
rope,1036,0,8,24032
attn,1036,0,8,28377
o_proj,1036,0,8,7261
post_layernorm,1036,0,8,64578
gate_proj,1036,0,8,22808
up_proj,1036,0,8,21925
act_fn,1036,0,8,5132
down_proj,1036,0,8,20372
final_layernorm,1036,0,8,66312
lm_head,1036,0,8,174729
embedding,1037,0,8,30317
input_layernorm,1037,0,8,66195
q_proj,1037,0,8,8076
k_proj,1037,0,8,5996
v_proj,1037,0,8,5877
rope,1037,0,8,24012
attn,1037,0,8,28293
o_proj,1037,0,8,7268
post_layernorm,1037,0,8,64539
gate_proj,1037,0,8,22894
up_proj,1037,0,8,21943
act_fn,1037,0,8,5145
down_proj,1037,0,8,20386
final_layernorm,1037,0,8,66481
lm_head,1037,0,8,174857
embedding,1038,0,8,30089
input_layernorm,1038,0,8,66453
q_proj,1038,0,8,8117
k_proj,1038,0,8,6076
v_proj,1038,0,8,5911
rope,1038,0,8,24129
attn,1038,0,8,28786
o_proj,1038,0,8,7287
post_layernorm,1038,0,8,64824
gate_proj,1038,0,8,22912
up_proj,1038,0,8,22015
act_fn,1038,0,8,5156
down_proj,1038,0,8,20401
final_layernorm,1038,0,8,66823
lm_head,1038,0,8,175069
embedding,1039,0,8,30010
input_layernorm,1039,0,8,66587
q_proj,1039,0,8,8119
k_proj,1039,0,8,6097
v_proj,1039,0,8,5953
rope,1039,0,8,24257
attn,1039,0,8,28486
o_proj,1039,0,8,7309
post_layernorm,1039,0,8,65080
gate_proj,1039,0,8,23095
up_proj,1039,0,8,22027
act_fn,1039,0,8,5171
down_proj,1039,0,8,20422
final_layernorm,1039,0,8,67126
lm_head,1039,0,8,175279
embedding,1040,0,8,30036
input_layernorm,1040,0,8,66164
q_proj,1040,0,8,7520
k_proj,1040,0,8,5873
v_proj,1040,0,8,5982
rope,1040,0,8,24161
attn,1040,0,8,28210
o_proj,1040,0,8,7274
post_layernorm,1040,0,8,64587
gate_proj,1040,0,8,26457
up_proj,1040,0,8,24993
act_fn,1040,0,8,5167
down_proj,1040,0,8,20385
final_layernorm,1040,0,8,66204
lm_head,1040,0,8,174999
embedding,1041,0,8,30244
input_layernorm,1041,0,8,66618
q_proj,1041,0,8,7560
k_proj,1041,0,8,6019
v_proj,1041,0,8,5950
rope,1041,0,8,24264
attn,1041,0,8,28786
o_proj,1041,0,8,7315
post_layernorm,1041,0,8,65154
gate_proj,1041,0,8,23081
up_proj,1041,0,8,22013
act_fn,1041,0,8,5183
down_proj,1041,0,8,20406
final_layernorm,1041,0,8,67123
lm_head,1041,0,8,199130
embedding,1042,0,8,29820
input_layernorm,1042,0,8,66478
q_proj,1042,0,8,7497
k_proj,1042,0,8,5936
v_proj,1042,0,8,5873
rope,1042,0,8,24015
attn,1042,0,8,29182
o_proj,1042,0,8,7264
post_layernorm,1042,0,8,64920
gate_proj,1042,0,8,22797
up_proj,1042,0,8,21974
act_fn,1042,0,8,5191
down_proj,1042,0,8,20414
final_layernorm,1042,0,8,66648
lm_head,1042,0,8,197560
embedding,1043,0,8,30267
input_layernorm,1043,0,8,66805
q_proj,1043,0,8,7572
k_proj,1043,0,8,6022
v_proj,1043,0,8,5984
rope,1043,0,8,24338
attn,1043,0,8,28390
o_proj,1043,0,8,7326
post_layernorm,1043,0,8,65454
gate_proj,1043,0,8,23063
up_proj,1043,0,8,22043
act_fn,1043,0,8,5184
down_proj,1043,0,8,20452
final_layernorm,1043,0,8,67493
lm_head,1043,0,8,198863
embedding,1044,0,8,30250
input_layernorm,1044,0,8,67080
q_proj,1044,0,8,7570
k_proj,1044,0,8,6010
v_proj,1044,0,8,5941
rope,1044,0,8,24354
attn,1044,0,8,29191
o_proj,1044,0,8,7317
post_layernorm,1044,0,8,65366
gate_proj,1044,0,8,23136
up_proj,1044,0,8,22048
act_fn,1044,0,8,5182
down_proj,1044,0,8,20449
final_layernorm,1044,0,8,67410
lm_head,1044,0,8,197729
embedding,1045,0,8,30208
input_layernorm,1045,0,8,66901
q_proj,1045,0,8,7551
k_proj,1045,0,8,6008
v_proj,1045,0,8,5958
rope,1045,0,8,24297
attn,1045,0,8,29195
o_proj,1045,0,8,7318
post_layernorm,1045,0,8,65319
gate_proj,1045,0,8,23114
up_proj,1045,0,8,22074
act_fn,1045,0,8,5204
down_proj,1045,0,8,20446
final_layernorm,1045,0,8,67324
lm_head,1045,0,8,198673
embedding,1046,0,8,30069
input_layernorm,1046,0,8,66817
q_proj,1046,0,8,7534
k_proj,1046,0,8,5976
v_proj,1046,0,8,5903
rope,1046,0,8,24167
attn,1046,0,8,28529
o_proj,1046,0,8,7291
post_layernorm,1046,0,8,65280
gate_proj,1046,0,8,22938
up_proj,1046,0,8,22026
act_fn,1046,0,8,5183
down_proj,1046,0,8,20441
final_layernorm,1046,0,8,66905
lm_head,1046,0,8,198676
embedding,1047,0,8,30061
input_layernorm,1047,0,8,67142
q_proj,1047,0,8,7529
k_proj,1047,0,8,5957
v_proj,1047,0,8,5924
rope,1047,0,8,24266
attn,1047,0,8,28512
o_proj,1047,0,8,7288
post_layernorm,1047,0,8,65395
gate_proj,1047,0,8,22999
up_proj,1047,0,8,21999
act_fn,1047,0,8,5168
down_proj,1047,0,8,20460
final_layernorm,1047,0,8,67309
lm_head,1047,0,8,198091
embedding,1048,0,8,30099
input_layernorm,1048,0,8,66758
q_proj,1048,0,8,7514
k_proj,1048,0,8,5962
v_proj,1048,0,8,5901
rope,1048,0,8,24198
attn,1048,0,8,28858
o_proj,1048,0,8,7283
post_layernorm,1048,0,8,64920
gate_proj,1048,0,8,22899
up_proj,1048,0,8,21966
act_fn,1048,0,8,5197
down_proj,1048,0,8,20444
final_layernorm,1048,0,8,66804
lm_head,1048,0,8,197990
embedding,1049,0,8,30362
input_layernorm,1049,0,8,67201
q_proj,1049,0,8,7560
k_proj,1049,0,8,5969
v_proj,1049,0,8,5948
rope,1049,0,8,24277
attn,1049,0,8,28837
o_proj,1049,0,8,7300
post_layernorm,1049,0,8,65497
gate_proj,1049,0,8,23016
up_proj,1049,0,8,22047
act_fn,1049,0,8,5218
down_proj,1049,0,8,20455
final_layernorm,1049,0,8,67357
lm_head,1049,0,8,198812
embedding,1050,0,8,30284
input_layernorm,1050,0,8,67284
q_proj,1050,0,8,7550
k_proj,1050,0,8,5975
v_proj,1050,0,8,5928
rope,1050,0,8,24266
attn,1050,0,8,28784
o_proj,1050,0,8,7303
post_layernorm,1050,0,8,65731
gate_proj,1050,0,8,23008
up_proj,1050,0,8,22019
act_fn,1050,0,8,5229
down_proj,1050,0,8,20471
final_layernorm,1050,0,8,67669
lm_head,1050,0,8,198294
embedding,1051,0,8,30348
input_layernorm,1051,0,8,67473
q_proj,1051,0,8,7581
k_proj,1051,0,8,6044
v_proj,1051,0,8,6000
rope,1051,0,8,24449
attn,1051,0,8,29009
o_proj,1051,0,8,7345
post_layernorm,1051,0,8,65785
gate_proj,1051,0,8,23195
up_proj,1051,0,8,22133
act_fn,1051,0,8,5236
down_proj,1051,0,8,20481
final_layernorm,1051,0,8,67804
lm_head,1051,0,8,198817
embedding,1052,0,8,30492
input_layernorm,1052,0,8,67313
q_proj,1052,0,8,7535
k_proj,1052,0,8,5964
v_proj,1052,0,8,5924
rope,1052,0,8,24340
attn,1052,0,8,28939
o_proj,1052,0,8,7292
post_layernorm,1052,0,8,65796
gate_proj,1052,0,8,22986
up_proj,1052,0,8,22048
act_fn,1052,0,8,5227
down_proj,1052,0,8,20455
final_layernorm,1052,0,8,67674
lm_head,1052,0,8,198158
embedding,1053,0,8,30641
input_layernorm,1053,0,8,67650
q_proj,1053,0,8,7589
k_proj,1053,0,8,6028
v_proj,1053,0,8,5983
rope,1053,0,8,24410
attn,1053,0,8,28832
o_proj,1053,0,8,7338
post_layernorm,1053,0,8,66012
gate_proj,1053,0,8,23173
up_proj,1053,0,8,22105
act_fn,1053,0,8,5246
down_proj,1053,0,8,20480
final_layernorm,1053,0,8,67911
lm_head,1053,0,8,198139
embedding,1054,0,8,30684
input_layernorm,1054,0,8,67302
q_proj,1054,0,8,7529
k_proj,1054,0,8,5975
v_proj,1054,0,8,5905
rope,1054,0,8,24214
attn,1054,0,8,28353
o_proj,1054,0,8,7283
post_layernorm,1054,0,8,65521
gate_proj,1054,0,8,22940
up_proj,1054,0,8,22009
act_fn,1054,0,8,5242
down_proj,1054,0,8,20476
final_layernorm,1054,0,8,67510
lm_head,1054,0,8,198504
embedding,1055,0,8,30886
input_layernorm,1055,0,8,67320
q_proj,1055,0,8,7563
k_proj,1055,0,8,5995
v_proj,1055,0,8,5933
rope,1055,0,8,24324
attn,1055,0,8,28417
o_proj,1055,0,8,7310
post_layernorm,1055,0,8,66035
gate_proj,1055,0,8,23041
up_proj,1055,0,8,22040
act_fn,1055,0,8,5274
down_proj,1055,0,8,20490
final_layernorm,1055,0,8,67705
lm_head,1055,0,8,198843
embedding,1056,0,8,31596
input_layernorm,1056,0,8,67142
q_proj,1056,0,8,7844
k_proj,1056,0,8,5980
v_proj,1056,0,8,5919
rope,1056,0,8,24376
attn,1056,0,8,29032
o_proj,1056,0,8,7727
post_layernorm,1056,0,8,65775
gate_proj,1056,0,8,26579
up_proj,1056,0,8,25031
act_fn,1056,0,8,5291
down_proj,1056,0,8,21718
final_layernorm,1056,0,8,67281
lm_head,1056,0,8,217255
embedding,1057,0,8,30831
input_layernorm,1057,0,8,67346
q_proj,1057,0,8,7582
k_proj,1057,0,8,5566
v_proj,1057,0,8,5260
rope,1057,0,8,24460
attn,1057,0,8,29334
o_proj,1057,0,8,7413
post_layernorm,1057,0,8,66297
gate_proj,1057,0,8,23141
up_proj,1057,0,8,22075
act_fn,1057,0,8,5287
down_proj,1057,0,8,20729
final_layernorm,1057,0,8,68084
lm_head,1057,0,8,199086
embedding,1058,0,8,30959
input_layernorm,1058,0,8,67553
q_proj,1058,0,8,7544
k_proj,1058,0,8,5506
v_proj,1058,0,8,5201
rope,1058,0,8,24331
attn,1058,0,8,28277
o_proj,1058,0,8,7366
post_layernorm,1058,0,8,65894
gate_proj,1058,0,8,22936
up_proj,1058,0,8,22027
act_fn,1058,0,8,5302
down_proj,1058,0,8,20686
final_layernorm,1058,0,8,67862
lm_head,1058,0,8,198421
embedding,1059,0,8,31004
input_layernorm,1059,0,8,67570
q_proj,1059,0,8,7574
k_proj,1059,0,8,5582
v_proj,1059,0,8,5307
rope,1059,0,8,24438
attn,1059,0,8,29029
o_proj,1059,0,8,7388
post_layernorm,1059,0,8,66213
gate_proj,1059,0,8,23107
up_proj,1059,0,8,22088
act_fn,1059,0,8,5285
down_proj,1059,0,8,20746
final_layernorm,1059,0,8,67655
lm_head,1059,0,8,198225
embedding,1060,0,8,30721
input_layernorm,1060,0,8,67375
q_proj,1060,0,8,7552
k_proj,1060,0,8,5520
v_proj,1060,0,8,5216
rope,1060,0,8,24471
attn,1060,0,8,28350
o_proj,1060,0,8,7370
post_layernorm,1060,0,8,66262
gate_proj,1060,0,8,22993
up_proj,1060,0,8,22015
act_fn,1060,0,8,5301
down_proj,1060,0,8,20713
final_layernorm,1060,0,8,67708
lm_head,1060,0,8,198438
embedding,1061,0,8,30969
input_layernorm,1061,0,8,67394
q_proj,1061,0,8,7538
k_proj,1061,0,8,5529
v_proj,1061,0,8,5172
rope,1061,0,8,24366
attn,1061,0,8,28924
o_proj,1061,0,8,7363
post_layernorm,1061,0,8,66255
gate_proj,1061,0,8,22866
up_proj,1061,0,8,22012
act_fn,1061,0,8,5281
down_proj,1061,0,8,20706
final_layernorm,1061,0,8,67818
lm_head,1061,0,8,198810
embedding,1062,0,8,30768
input_layernorm,1062,0,8,67379
q_proj,1062,0,8,7539
k_proj,1062,0,8,5500
v_proj,1062,0,8,5208
rope,1062,0,8,24399
attn,1062,0,8,29046
o_proj,1062,0,8,7360
post_layernorm,1062,0,8,66319
gate_proj,1062,0,8,22879
up_proj,1062,0,8,22020
act_fn,1062,0,8,5302
down_proj,1062,0,8,20697
final_layernorm,1062,0,8,67833
lm_head,1062,0,8,198086
embedding,1063,0,8,30757
input_layernorm,1063,0,8,67798
q_proj,1063,0,8,7587
k_proj,1063,0,8,5573
v_proj,1063,0,8,5258
rope,1063,0,8,24609
attn,1063,0,8,29250
o_proj,1063,0,8,7414
post_layernorm,1063,0,8,66825
gate_proj,1063,0,8,23133
up_proj,1063,0,8,22112
act_fn,1063,0,8,5318
down_proj,1063,0,8,20756
final_layernorm,1063,0,8,68159
lm_head,1063,0,8,198606
embedding,1064,0,8,30940
input_layernorm,1064,0,8,67420
q_proj,1064,0,8,7548
k_proj,1064,0,8,5520
v_proj,1064,0,8,5176
rope,1064,0,8,24594
attn,1064,0,8,28942
o_proj,1064,0,8,7368
post_layernorm,1064,0,8,66329
gate_proj,1064,0,8,22933
up_proj,1064,0,8,22047
act_fn,1064,0,8,5329
down_proj,1064,0,8,20719
final_layernorm,1064,0,8,68048
lm_head,1064,0,8,198282
embedding,1065,0,8,31159
input_layernorm,1065,0,8,67206
q_proj,1065,0,8,7529
k_proj,1065,0,8,5520
v_proj,1065,0,8,5158
rope,1065,0,8,24420
attn,1065,0,8,29582
o_proj,1065,0,8,7338
post_layernorm,1065,0,8,66172
gate_proj,1065,0,8,22825
up_proj,1065,0,8,22006
act_fn,1065,0,8,5321
down_proj,1065,0,8,20703
final_layernorm,1065,0,8,67992
lm_head,1065,0,8,193647
embedding,1066,0,8,31088
input_layernorm,1066,0,8,67838
q_proj,1066,0,8,7554
k_proj,1066,0,8,5506
v_proj,1066,0,8,5159
rope,1066,0,8,24464
attn,1066,0,8,30057
o_proj,1066,0,8,7359
post_layernorm,1066,0,8,66719
gate_proj,1066,0,8,22948
up_proj,1066,0,8,22046
act_fn,1066,0,8,5316
down_proj,1066,0,8,20729
final_layernorm,1066,0,8,68074
lm_head,1066,0,8,193870
embedding,1067,0,8,31366
input_layernorm,1067,0,8,67479
q_proj,1067,0,8,7550
k_proj,1067,0,8,5574
v_proj,1067,0,8,5200
rope,1067,0,8,24491
attn,1067,0,8,30144
o_proj,1067,0,8,7359
post_layernorm,1067,0,8,66987
gate_proj,1067,0,8,22928
up_proj,1067,0,8,22064
act_fn,1067,0,8,5329
down_proj,1067,0,8,20748
final_layernorm,1067,0,8,67935
lm_head,1067,0,8,193694
embedding,1068,0,8,31362
input_layernorm,1068,0,8,67745
q_proj,1068,0,8,7549
k_proj,1068,0,8,5445
v_proj,1068,0,8,5159
rope,1068,0,8,24645
attn,1068,0,8,30137
o_proj,1068,0,8,7382
post_layernorm,1068,0,8,66664
gate_proj,1068,0,8,22936
up_proj,1068,0,8,22078
act_fn,1068,0,8,5367
down_proj,1068,0,8,20766
final_layernorm,1068,0,8,68348
lm_head,1068,0,8,193890
embedding,1069,0,8,31187
input_layernorm,1069,0,8,67599
q_proj,1069,0,8,7547
k_proj,1069,0,8,5503
v_proj,1069,0,8,5187
rope,1069,0,8,24518
attn,1069,0,8,28117
o_proj,1069,0,8,7365
post_layernorm,1069,0,8,66662
gate_proj,1069,0,8,22877
up_proj,1069,0,8,22041
act_fn,1069,0,8,5347
down_proj,1069,0,8,20751
final_layernorm,1069,0,8,67914
lm_head,1069,0,8,193813
embedding,1070,0,8,31570
input_layernorm,1070,0,8,67494
q_proj,1070,0,8,7527
k_proj,1070,0,8,5517
v_proj,1070,0,8,5170
rope,1070,0,8,24493
attn,1070,0,8,28501
o_proj,1070,0,8,7355
post_layernorm,1070,0,8,66749
gate_proj,1070,0,8,22818
up_proj,1070,0,8,22020
act_fn,1070,0,8,5349
down_proj,1070,0,8,20736
final_layernorm,1070,0,8,67945
lm_head,1070,0,8,193771
embedding,1071,0,8,31419
input_layernorm,1071,0,8,68197
q_proj,1071,0,8,7613
k_proj,1071,0,8,5518
v_proj,1071,0,8,5203
rope,1071,0,8,24804
attn,1071,0,8,28693
o_proj,1071,0,8,7433
post_layernorm,1071,0,8,67281
gate_proj,1071,0,8,23155
up_proj,1071,0,8,22138
act_fn,1071,0,8,5371
down_proj,1071,0,8,20791
final_layernorm,1071,0,8,68679
lm_head,1071,0,8,194242
embedding,1072,0,8,30838
input_layernorm,1072,0,8,67499
q_proj,1072,0,8,7565
k_proj,1072,0,8,6356
v_proj,1072,0,8,6247
rope,1072,0,8,24842
attn,1072,0,8,28976
o_proj,1072,0,8,7373
post_layernorm,1072,0,8,66923
gate_proj,1072,0,8,22379
up_proj,1072,0,8,21833
act_fn,1072,0,8,5304
down_proj,1072,0,8,20686
final_layernorm,1072,0,8,67953
lm_head,1072,0,8,205221
embedding,1073,0,8,31293
input_layernorm,1073,0,8,67889
q_proj,1073,0,8,7547
k_proj,1073,0,8,5472
v_proj,1073,0,8,5155
rope,1073,0,8,24606
attn,1073,0,8,29502
o_proj,1073,0,8,7360
post_layernorm,1073,0,8,67045
gate_proj,1073,0,8,22898
up_proj,1073,0,8,22060
act_fn,1073,0,8,5357
down_proj,1073,0,8,20764
final_layernorm,1073,0,8,68393
lm_head,1073,0,8,193786
embedding,1074,0,8,31659
input_layernorm,1074,0,8,67889
q_proj,1074,0,8,7562
k_proj,1074,0,8,5531
v_proj,1074,0,8,5156
rope,1074,0,8,24704
attn,1074,0,8,29786
o_proj,1074,0,8,7382
post_layernorm,1074,0,8,67587
gate_proj,1074,0,8,22993
up_proj,1074,0,8,22104
act_fn,1074,0,8,5382
down_proj,1074,0,8,20788
final_layernorm,1074,0,8,68248
lm_head,1074,0,8,194020
embedding,1075,0,8,31159
input_layernorm,1075,0,8,67850
q_proj,1075,0,8,7556
k_proj,1075,0,8,5449
v_proj,1075,0,8,5177
rope,1075,0,8,24730
attn,1075,0,8,30075
o_proj,1075,0,8,7375
post_layernorm,1075,0,8,67283
gate_proj,1075,0,8,22947
up_proj,1075,0,8,22064
act_fn,1075,0,8,5377
down_proj,1075,0,8,20776
final_layernorm,1075,0,8,68453
lm_head,1075,0,8,193966
embedding,1076,0,8,31320
input_layernorm,1076,0,8,68104
q_proj,1076,0,8,7580
k_proj,1076,0,8,5452
v_proj,1076,0,8,5176
rope,1076,0,8,24880
attn,1076,0,8,30368
o_proj,1076,0,8,7389
post_layernorm,1076,0,8,67546
gate_proj,1076,0,8,23036
up_proj,1076,0,8,22114
act_fn,1076,0,8,5383
down_proj,1076,0,8,20790
final_layernorm,1076,0,8,68746
lm_head,1076,0,8,194043
embedding,1077,0,8,31303
input_layernorm,1077,0,8,68458
q_proj,1077,0,8,7557
k_proj,1077,0,8,5480
v_proj,1077,0,8,5147
rope,1077,0,8,24696
attn,1077,0,8,29997
o_proj,1077,0,8,7374
post_layernorm,1077,0,8,67481
gate_proj,1077,0,8,22909
up_proj,1077,0,8,22089
act_fn,1077,0,8,5401
down_proj,1077,0,8,20788
final_layernorm,1077,0,8,68427
lm_head,1077,0,8,194111
embedding,1078,0,8,31208
input_layernorm,1078,0,8,68422
q_proj,1078,0,8,7563
k_proj,1078,0,8,5478
v_proj,1078,0,8,5138
rope,1078,0,8,24693
attn,1078,0,8,30143
o_proj,1078,0,8,7368
post_layernorm,1078,0,8,67525
gate_proj,1078,0,8,22893
up_proj,1078,0,8,22068
act_fn,1078,0,8,5412
down_proj,1078,0,8,20796
final_layernorm,1078,0,8,68740
lm_head,1078,0,8,194002
embedding,1079,0,8,31306
input_layernorm,1079,0,8,68131
q_proj,1079,0,8,7559
k_proj,1079,0,8,5512
v_proj,1079,0,8,5148
rope,1079,0,8,24690
attn,1079,0,8,30160
o_proj,1079,0,8,7374
post_layernorm,1079,0,8,67534
gate_proj,1079,0,8,22918
up_proj,1079,0,8,22095
act_fn,1079,0,8,5423
down_proj,1079,0,8,20799
final_layernorm,1079,0,8,68516
lm_head,1079,0,8,193992
embedding,1080,0,8,31935
input_layernorm,1080,0,8,68230
q_proj,1080,0,8,7582
k_proj,1080,0,8,5504
v_proj,1080,0,8,5194
rope,1080,0,8,24966
attn,1080,0,8,30227
o_proj,1080,0,8,7404
post_layernorm,1080,0,8,67517
gate_proj,1080,0,8,23046
up_proj,1080,0,8,22116
act_fn,1080,0,8,5418
down_proj,1080,0,8,20824
final_layernorm,1080,0,8,68772
lm_head,1080,0,8,188264
embedding,1081,0,8,31330
input_layernorm,1081,0,8,68462
q_proj,1081,0,8,7568
k_proj,1081,0,8,6358
v_proj,1081,0,8,6246
rope,1081,0,8,24710
attn,1081,0,8,27589
o_proj,1081,0,8,7382
post_layernorm,1081,0,8,67590
gate_proj,1081,0,8,22348
up_proj,1081,0,8,21877
act_fn,1081,0,8,5369
down_proj,1081,0,8,20822
final_layernorm,1081,0,8,68530
lm_head,1081,0,8,194170
embedding,1082,0,8,31063
input_layernorm,1082,0,8,68812
q_proj,1082,0,8,7555
k_proj,1082,0,8,6352
v_proj,1082,0,8,6248
rope,1082,0,8,24820
attn,1082,0,8,28117
o_proj,1082,0,8,7389
post_layernorm,1082,0,8,67936
gate_proj,1082,0,8,22299
up_proj,1082,0,8,21779
act_fn,1082,0,8,5371
down_proj,1082,0,8,20841
final_layernorm,1082,0,8,68616
lm_head,1082,0,8,194489
embedding,1083,0,8,31538
input_layernorm,1083,0,8,68391
q_proj,1083,0,8,7562
k_proj,1083,0,8,6367
v_proj,1083,0,8,6227
rope,1083,0,8,24728
attn,1083,0,8,28079
o_proj,1083,0,8,7388
post_layernorm,1083,0,8,67744
gate_proj,1083,0,8,22303
up_proj,1083,0,8,21773
act_fn,1083,0,8,5387
down_proj,1083,0,8,20845
final_layernorm,1083,0,8,68680
lm_head,1083,0,8,194206
embedding,1084,0,8,31748
input_layernorm,1084,0,8,68765
q_proj,1084,0,8,7592
k_proj,1084,0,8,6417
v_proj,1084,0,8,6264
rope,1084,0,8,24993
attn,1084,0,8,28901
o_proj,1084,0,8,7409
post_layernorm,1084,0,8,68072
gate_proj,1084,0,8,22489
up_proj,1084,0,8,21887
act_fn,1084,0,8,5394
down_proj,1084,0,8,20878
final_layernorm,1084,0,8,68795
lm_head,1084,0,8,194365
embedding,1085,0,8,31468
input_layernorm,1085,0,8,68843
q_proj,1085,0,8,7562
k_proj,1085,0,8,6323
v_proj,1085,0,8,6215
rope,1085,0,8,24762
attn,1085,0,8,28244
o_proj,1085,0,8,7378
post_layernorm,1085,0,8,67906
gate_proj,1085,0,8,22261
up_proj,1085,0,8,21786
act_fn,1085,0,8,5397
down_proj,1085,0,8,20871
final_layernorm,1085,0,8,68724
lm_head,1085,0,8,194293
embedding,1086,0,8,31825
input_layernorm,1086,0,8,69106
q_proj,1086,0,8,7603
k_proj,1086,0,8,6420
v_proj,1086,0,8,6280
rope,1086,0,8,24915
attn,1086,0,8,28997
o_proj,1086,0,8,7412
post_layernorm,1086,0,8,68151
gate_proj,1086,0,8,22472
up_proj,1086,0,8,21851
act_fn,1086,0,8,5412
down_proj,1086,0,8,20861
final_layernorm,1086,0,8,69103
lm_head,1086,0,8,194520
embedding,1087,0,8,31728
input_layernorm,1087,0,8,69053
q_proj,1087,0,8,7563
k_proj,1087,0,8,6358
v_proj,1087,0,8,6231
rope,1087,0,8,24734
attn,1087,0,8,28612
o_proj,1087,0,8,7386
post_layernorm,1087,0,8,68021
gate_proj,1087,0,8,22313
up_proj,1087,0,8,21839
act_fn,1087,0,8,5380
down_proj,1087,0,8,20832
final_layernorm,1087,0,8,68781
lm_head,1087,0,8,194256
embedding,1088,0,8,31953
input_layernorm,1088,0,8,68984
q_proj,1088,0,8,8851
k_proj,1088,0,8,8751
v_proj,1088,0,8,8368
rope,1088,0,8,25179
attn,1088,0,8,29000
o_proj,1088,0,8,7797
post_layernorm,1088,0,8,68237
gate_proj,1088,0,8,22558
up_proj,1088,0,8,21852
act_fn,1088,0,8,5437
down_proj,1088,0,8,21913
final_layernorm,1088,0,8,68986
lm_head,1088,0,8,202323
embedding,1089,0,8,31776
input_layernorm,1089,0,8,69125
q_proj,1089,0,8,7872
k_proj,1089,0,8,6359
v_proj,1089,0,8,6239
rope,1089,0,8,24889
attn,1089,0,8,28813
o_proj,1089,0,8,7753
post_layernorm,1089,0,8,68531
gate_proj,1089,0,8,22358
up_proj,1089,0,8,21805
act_fn,1089,0,8,5402
down_proj,1089,0,8,21873
final_layernorm,1089,0,8,69038
lm_head,1089,0,8,205274
embedding,1090,0,8,31755
input_layernorm,1090,0,8,69301
q_proj,1090,0,8,7847
k_proj,1090,0,8,6367
v_proj,1090,0,8,6232
rope,1090,0,8,24810
attn,1090,0,8,28993
o_proj,1090,0,8,7745
post_layernorm,1090,0,8,68235
gate_proj,1090,0,8,22332
up_proj,1090,0,8,21812
act_fn,1090,0,8,5415
down_proj,1090,0,8,21878
final_layernorm,1090,0,8,68997
lm_head,1090,0,8,205631
embedding,1091,0,8,31723
input_layernorm,1091,0,8,69379
q_proj,1091,0,8,7886
k_proj,1091,0,8,6381
v_proj,1091,0,8,6289
rope,1091,0,8,24981
attn,1091,0,8,29758
o_proj,1091,0,8,7790
post_layernorm,1091,0,8,68420
gate_proj,1091,0,8,22536
up_proj,1091,0,8,21828
act_fn,1091,0,8,5429
down_proj,1091,0,8,21917
final_layernorm,1091,0,8,69317
lm_head,1091,0,8,205969
embedding,1092,0,8,31758
input_layernorm,1092,0,8,69304
q_proj,1092,0,8,7847
k_proj,1092,0,8,6345
v_proj,1092,0,8,6242
rope,1092,0,8,24976
attn,1092,0,8,29120
o_proj,1092,0,8,7764
post_layernorm,1092,0,8,68485
gate_proj,1092,0,8,22350
up_proj,1092,0,8,21804
act_fn,1092,0,8,5409
down_proj,1092,0,8,21859
final_layernorm,1092,0,8,68859
lm_head,1092,0,8,205799
embedding,1093,0,8,31830
input_layernorm,1093,0,8,69438
q_proj,1093,0,8,7920
k_proj,1093,0,8,6433
v_proj,1093,0,8,6313
rope,1093,0,8,25012
attn,1093,0,8,29489
o_proj,1093,0,8,7803
post_layernorm,1093,0,8,68545
gate_proj,1093,0,8,22550
up_proj,1093,0,8,21878
act_fn,1093,0,8,5446
down_proj,1093,0,8,21925
final_layernorm,1093,0,8,69298
lm_head,1093,0,8,205911
embedding,1094,0,8,31542
input_layernorm,1094,0,8,69066
q_proj,1094,0,8,7876
k_proj,1094,0,8,6394
v_proj,1094,0,8,6264
rope,1094,0,8,24805
attn,1094,0,8,29503
o_proj,1094,0,8,7764
post_layernorm,1094,0,8,68675
gate_proj,1094,0,8,22402
up_proj,1094,0,8,21818
act_fn,1094,0,8,5445
down_proj,1094,0,8,21904
final_layernorm,1094,0,8,69094
lm_head,1094,0,8,206765
embedding,1095,0,8,31429
input_layernorm,1095,0,8,69268
q_proj,1095,0,8,7869
k_proj,1095,0,8,6390
v_proj,1095,0,8,6253
rope,1095,0,8,24821
attn,1095,0,8,30310
o_proj,1095,0,8,7759
post_layernorm,1095,0,8,68412
gate_proj,1095,0,8,22395
up_proj,1095,0,8,21893
act_fn,1095,0,8,5448
down_proj,1095,0,8,21910
final_layernorm,1095,0,8,69143
lm_head,1095,0,8,205757
embedding,1096,0,8,31769
input_layernorm,1096,0,8,69546
q_proj,1096,0,8,7925
k_proj,1096,0,8,6463
v_proj,1096,0,8,6333
rope,1096,0,8,25138
attn,1096,0,8,29076
o_proj,1096,0,8,7821
post_layernorm,1096,0,8,68735
gate_proj,1096,0,8,22666
up_proj,1096,0,8,21936
act_fn,1096,0,8,5451
down_proj,1096,0,8,21974
final_layernorm,1096,0,8,69188
lm_head,1096,0,8,205676
embedding,1097,0,8,31697
input_layernorm,1097,0,8,69333
q_proj,1097,0,8,7876
k_proj,1097,0,8,6368
v_proj,1097,0,8,6271
rope,1097,0,8,24890
attn,1097,0,8,29560
o_proj,1097,0,8,7770
post_layernorm,1097,0,8,68712
gate_proj,1097,0,8,22409
up_proj,1097,0,8,21826
act_fn,1097,0,8,5426
down_proj,1097,0,8,21919
final_layernorm,1097,0,8,69447
lm_head,1097,0,8,205433
embedding,1098,0,8,31900
input_layernorm,1098,0,8,69753
q_proj,1098,0,8,7910
k_proj,1098,0,8,6433
v_proj,1098,0,8,6312
rope,1098,0,8,25004
attn,1098,0,8,29911
o_proj,1098,0,8,7805
post_layernorm,1098,0,8,69058
gate_proj,1098,0,8,22595
up_proj,1098,0,8,21944
act_fn,1098,0,8,5458
down_proj,1098,0,8,21952
final_layernorm,1098,0,8,69831
lm_head,1098,0,8,205740
embedding,1099,0,8,31900
input_layernorm,1099,0,8,69531
q_proj,1099,0,8,7870
k_proj,1099,0,8,6371
v_proj,1099,0,8,6246
rope,1099,0,8,24862
attn,1099,0,8,29508
o_proj,1099,0,8,7761
post_layernorm,1099,0,8,68609
gate_proj,1099,0,8,22351
up_proj,1099,0,8,21825
act_fn,1099,0,8,5441
down_proj,1099,0,8,21917
final_layernorm,1099,0,8,69657
lm_head,1099,0,8,205060
embedding,1100,0,8,31864
input_layernorm,1100,0,8,69805
q_proj,1100,0,8,7906
k_proj,1100,0,8,6400
v_proj,1100,0,8,6301
rope,1100,0,8,25091
attn,1100,0,8,29450
o_proj,1100,0,8,7794
post_layernorm,1100,0,8,69013
gate_proj,1100,0,8,22500
up_proj,1100,0,8,21884
act_fn,1100,0,8,5468
down_proj,1100,0,8,21951
final_layernorm,1100,0,8,69746
lm_head,1100,0,8,205773
embedding,1101,0,8,31530
input_layernorm,1101,0,8,69622
q_proj,1101,0,8,7881
k_proj,1101,0,8,6402
v_proj,1101,0,8,6249
rope,1101,0,8,24838
attn,1101,0,8,29021
o_proj,1101,0,8,7771
post_layernorm,1101,0,8,68914
gate_proj,1101,0,8,22447
up_proj,1101,0,8,21874
act_fn,1101,0,8,5487
down_proj,1101,0,8,21943
final_layernorm,1101,0,8,69670
lm_head,1101,0,8,205269
embedding,1102,0,8,31924
input_layernorm,1102,0,8,69860
q_proj,1102,0,8,7916
k_proj,1102,0,8,6423
v_proj,1102,0,8,6287
rope,1102,0,8,24997
attn,1102,0,8,29490
o_proj,1102,0,8,7793
post_layernorm,1102,0,8,69254
gate_proj,1102,0,8,22588
up_proj,1102,0,8,21938
act_fn,1102,0,8,5480
down_proj,1102,0,8,21985
final_layernorm,1102,0,8,69497
lm_head,1102,0,8,205924
embedding,1103,0,8,32070
input_layernorm,1103,0,8,70038
q_proj,1103,0,8,7939
k_proj,1103,0,8,6463
v_proj,1103,0,8,6315
rope,1103,0,8,25060
attn,1103,0,8,29529
o_proj,1103,0,8,7819
post_layernorm,1103,0,8,69302
gate_proj,1103,0,8,22692
up_proj,1103,0,8,21969
act_fn,1103,0,8,5469
down_proj,1103,0,8,21960
final_layernorm,1103,0,8,70023
lm_head,1103,0,8,206228
embedding,1104,0,8,31692
input_layernorm,1104,0,8,69471
q_proj,1104,0,8,7892
k_proj,1104,0,8,6408
v_proj,1104,0,8,6254
rope,1104,0,8,24959
attn,1104,0,8,29483
o_proj,1104,0,8,7782
post_layernorm,1104,0,8,68876
gate_proj,1104,0,8,22404
up_proj,1104,0,8,21939
act_fn,1104,0,8,5496
down_proj,1104,0,8,21942
final_layernorm,1104,0,8,69338
lm_head,1104,0,8,205782
embedding,1105,0,8,31775
input_layernorm,1105,0,8,70110
q_proj,1105,0,8,7909
k_proj,1105,0,8,6363
v_proj,1105,0,8,6254
rope,1105,0,8,24972
attn,1105,0,8,29308
o_proj,1105,0,8,7791
post_layernorm,1105,0,8,69373
gate_proj,1105,0,8,22543
up_proj,1105,0,8,21908
act_fn,1105,0,8,5497
down_proj,1105,0,8,21972
final_layernorm,1105,0,8,70024
lm_head,1105,0,8,205711
embedding,1106,0,8,31714
input_layernorm,1106,0,8,69919
q_proj,1106,0,8,7879
k_proj,1106,0,8,6315
v_proj,1106,0,8,6202
rope,1106,0,8,24946
attn,1106,0,8,29964
o_proj,1106,0,8,7777
post_layernorm,1106,0,8,69054
gate_proj,1106,0,8,22350
up_proj,1106,0,8,21922
act_fn,1106,0,8,5471
down_proj,1106,0,8,21947
final_layernorm,1106,0,8,69961
lm_head,1106,0,8,205396
embedding,1107,0,8,31817
input_layernorm,1107,0,8,70358
q_proj,1107,0,8,7908
k_proj,1107,0,8,6347
v_proj,1107,0,8,6221
rope,1107,0,8,24952
attn,1107,0,8,29672
o_proj,1107,0,8,7799
post_layernorm,1107,0,8,69014
gate_proj,1107,0,8,22502
up_proj,1107,0,8,21933
act_fn,1107,0,8,5497
down_proj,1107,0,8,21979
final_layernorm,1107,0,8,69821
lm_head,1107,0,8,206253
embedding,1108,0,8,31979
input_layernorm,1108,0,8,70105
q_proj,1108,0,8,7896
k_proj,1108,0,8,6319
v_proj,1108,0,8,6206
rope,1108,0,8,25059
attn,1108,0,8,29709
o_proj,1108,0,8,7782
post_layernorm,1108,0,8,69272
gate_proj,1108,0,8,22383
up_proj,1108,0,8,21894
act_fn,1108,0,8,5501
down_proj,1108,0,8,21961
final_layernorm,1108,0,8,70163
lm_head,1108,0,8,205752
embedding,1109,0,8,31604
input_layernorm,1109,0,8,70034
q_proj,1109,0,8,7879
k_proj,1109,0,8,6294
v_proj,1109,0,8,6208
rope,1109,0,8,24891
attn,1109,0,8,29842
o_proj,1109,0,8,7766
post_layernorm,1109,0,8,69436
gate_proj,1109,0,8,22359
up_proj,1109,0,8,21940
act_fn,1109,0,8,5503
down_proj,1109,0,8,21950
final_layernorm,1109,0,8,70087
lm_head,1109,0,8,205731
embedding,1110,0,8,31970
input_layernorm,1110,0,8,70245
q_proj,1110,0,8,7936
k_proj,1110,0,8,6372
v_proj,1110,0,8,6287
rope,1110,0,8,25119
attn,1110,0,8,30453
o_proj,1110,0,8,7821
post_layernorm,1110,0,8,69681
gate_proj,1110,0,8,22602
up_proj,1110,0,8,21939
act_fn,1110,0,8,5532
down_proj,1110,0,8,22036
final_layernorm,1110,0,8,70492
lm_head,1110,0,8,206337
embedding,1111,0,8,31957
input_layernorm,1111,0,8,70306
q_proj,1111,0,8,7895
k_proj,1111,0,8,6330
v_proj,1111,0,8,6202
rope,1111,0,8,24988
attn,1111,0,8,30031
o_proj,1111,0,8,7785
post_layernorm,1111,0,8,69416
gate_proj,1111,0,8,22440
up_proj,1111,0,8,21896
act_fn,1111,0,8,5520
down_proj,1111,0,8,21966
final_layernorm,1111,0,8,70194
lm_head,1111,0,8,205508
embedding,1112,0,8,31895
input_layernorm,1112,0,8,70384
q_proj,1112,0,8,7933
k_proj,1112,0,8,5735
v_proj,1112,0,8,5571
rope,1112,0,8,25204
attn,1112,0,8,29635
o_proj,1112,0,8,7832
post_layernorm,1112,0,8,69391
gate_proj,1112,0,8,22639
up_proj,1112,0,8,21954
act_fn,1112,0,8,5542
down_proj,1112,0,8,22003
final_layernorm,1112,0,8,70259
lm_head,1112,0,8,206064
embedding,1113,0,8,31774
input_layernorm,1113,0,8,70570
q_proj,1113,0,8,7896
k_proj,1113,0,8,6346
v_proj,1113,0,8,6179
rope,1113,0,8,24976
attn,1113,0,8,30165
o_proj,1113,0,8,7791
post_layernorm,1113,0,8,69547
gate_proj,1113,0,8,22444
up_proj,1113,0,8,21925
act_fn,1113,0,8,5527
down_proj,1113,0,8,21978
final_layernorm,1113,0,8,70533
lm_head,1113,0,8,205787
embedding,1114,0,8,31724
input_layernorm,1114,0,8,70781
q_proj,1114,0,8,7899
k_proj,1114,0,8,6311
v_proj,1114,0,8,6180
rope,1114,0,8,24987
attn,1114,0,8,29015
o_proj,1114,0,8,7776
post_layernorm,1114,0,8,69589
gate_proj,1114,0,8,22341
up_proj,1114,0,8,21952
act_fn,1114,0,8,5523
down_proj,1114,0,8,21979
final_layernorm,1114,0,8,70414
lm_head,1114,0,8,205822
embedding,1115,0,8,31870
input_layernorm,1115,0,8,70440
q_proj,1115,0,8,7886
k_proj,1115,0,8,6295
v_proj,1115,0,8,6172
rope,1115,0,8,24905
attn,1115,0,8,29254
o_proj,1115,0,8,7782
post_layernorm,1115,0,8,69466
gate_proj,1115,0,8,22368
up_proj,1115,0,8,21939
act_fn,1115,0,8,5542
down_proj,1115,0,8,21989
final_layernorm,1115,0,8,70544
lm_head,1115,0,8,205913
embedding,1116,0,8,32301
input_layernorm,1116,0,8,71289
q_proj,1116,0,8,7986
k_proj,1116,0,8,6462
v_proj,1116,0,8,6286
rope,1116,0,8,25444
attn,1116,0,8,29784
o_proj,1116,0,8,7863
post_layernorm,1116,0,8,70488
gate_proj,1116,0,8,22856
up_proj,1116,0,8,22024
act_fn,1116,0,8,5606
down_proj,1116,0,8,22058
final_layernorm,1116,0,8,71104
lm_head,1116,0,8,206568
embedding,1117,0,8,32090
input_layernorm,1117,0,8,70539
q_proj,1117,0,8,7891
k_proj,1117,0,8,6326
v_proj,1117,0,8,6169
rope,1117,0,8,24942
attn,1117,0,8,29333
o_proj,1117,0,8,7788
post_layernorm,1117,0,8,69631
gate_proj,1117,0,8,22407
up_proj,1117,0,8,21953
act_fn,1117,0,8,5545
down_proj,1117,0,8,21998
final_layernorm,1117,0,8,70683
lm_head,1117,0,8,206054
embedding,1118,0,8,32046
input_layernorm,1118,0,8,70891
q_proj,1118,0,8,7908
k_proj,1118,0,8,6339
v_proj,1118,0,8,6184
rope,1118,0,8,25022
attn,1118,0,8,28956
o_proj,1118,0,8,7796
post_layernorm,1118,0,8,70153
gate_proj,1118,0,8,22478
up_proj,1118,0,8,21976
act_fn,1118,0,8,5557
down_proj,1118,0,8,22005
final_layernorm,1118,0,8,70716
lm_head,1118,0,8,206032
embedding,1119,0,8,32127
input_layernorm,1119,0,8,70684
q_proj,1119,0,8,7888
k_proj,1119,0,8,6293
v_proj,1119,0,8,6150
rope,1119,0,8,24958
attn,1119,0,8,29490
o_proj,1119,0,8,7767
post_layernorm,1119,0,8,69687
gate_proj,1119,0,8,22356
up_proj,1119,0,8,21970
act_fn,1119,0,8,5584
down_proj,1119,0,8,21979
final_layernorm,1119,0,8,70413
lm_head,1119,0,8,205986
embedding,1120,0,8,32196
input_layernorm,1120,0,8,70560
q_proj,1120,0,8,7891
k_proj,1120,0,8,5652
v_proj,1120,0,8,5492
rope,1120,0,8,25047
attn,1120,0,8,29597
o_proj,1120,0,8,7788
post_layernorm,1120,0,8,69540
gate_proj,1120,0,8,22390
up_proj,1120,0,8,21989
act_fn,1120,0,8,5587
down_proj,1120,0,8,21983
final_layernorm,1120,0,8,70013
lm_head,1120,0,8,206120
embedding,1121,0,8,33120
input_layernorm,1121,0,8,71085
q_proj,1121,0,8,7912
k_proj,1121,0,8,6909
v_proj,1121,0,8,7188
rope,1121,0,8,25045
attn,1121,0,8,29562
o_proj,1121,0,8,7792
post_layernorm,1121,0,8,69913
gate_proj,1121,0,8,24350
up_proj,1121,0,8,23217
act_fn,1121,0,8,5659
down_proj,1121,0,8,21964
final_layernorm,1121,0,8,70640
lm_head,1121,0,8,203941
embedding,1122,0,8,32997
input_layernorm,1122,0,8,70943
q_proj,1122,0,8,7889
k_proj,1122,0,8,6887
v_proj,1122,0,8,7102
rope,1122,0,8,24946
attn,1122,0,8,29034
o_proj,1122,0,8,7770
post_layernorm,1122,0,8,69692
gate_proj,1122,0,8,24203
up_proj,1122,0,8,23206
act_fn,1122,0,8,5687
down_proj,1122,0,8,21965
final_layernorm,1122,0,8,70497
lm_head,1122,0,8,203888
embedding,1123,0,8,32874
input_layernorm,1123,0,8,71144
q_proj,1123,0,8,7950
k_proj,1123,0,8,6924
v_proj,1123,0,8,7217
rope,1123,0,8,25202
attn,1123,0,8,30247
o_proj,1123,0,8,7840
post_layernorm,1123,0,8,70248
gate_proj,1123,0,8,24496
up_proj,1123,0,8,23312
act_fn,1123,0,8,5679
down_proj,1123,0,8,22000
final_layernorm,1123,0,8,71137
lm_head,1123,0,8,204148
embedding,1124,0,8,33115
input_layernorm,1124,0,8,71459
q_proj,1124,0,8,7962
k_proj,1124,0,8,6769
v_proj,1124,0,8,7025
rope,1124,0,8,25351
attn,1124,0,8,29017
o_proj,1124,0,8,7843
post_layernorm,1124,0,8,70468
gate_proj,1124,0,8,24548
up_proj,1124,0,8,23327
act_fn,1124,0,8,5694
down_proj,1124,0,8,22027
final_layernorm,1124,0,8,71481
lm_head,1124,0,8,204389
embedding,1125,0,8,32854
input_layernorm,1125,0,8,70910
q_proj,1125,0,8,7915
k_proj,1125,0,8,6799
v_proj,1125,0,8,7082
rope,1125,0,8,25027
attn,1125,0,8,28726
o_proj,1125,0,8,7786
post_layernorm,1125,0,8,69872
gate_proj,1125,0,8,24260
up_proj,1125,0,8,23199
act_fn,1125,0,8,5688
down_proj,1125,0,8,21975
final_layernorm,1125,0,8,70882
lm_head,1125,0,8,204075
embedding,1126,0,8,33314
input_layernorm,1126,0,8,71486
q_proj,1126,0,8,7956
k_proj,1126,0,8,6930
v_proj,1126,0,8,7167
rope,1126,0,8,25281
attn,1126,0,8,29758
o_proj,1126,0,8,7846
post_layernorm,1126,0,8,70555
gate_proj,1126,0,8,24507
up_proj,1126,0,8,23280
act_fn,1126,0,8,5698
down_proj,1126,0,8,22024
final_layernorm,1126,0,8,71654
lm_head,1126,0,8,204149
embedding,1127,0,8,33162
input_layernorm,1127,0,8,71436
q_proj,1127,0,8,7933
k_proj,1127,0,8,6887
v_proj,1127,0,8,7202
rope,1127,0,8,25129
attn,1127,0,8,29787
o_proj,1127,0,8,7815
post_layernorm,1127,0,8,70358
gate_proj,1127,0,8,24412
up_proj,1127,0,8,23266
act_fn,1127,0,8,5733
down_proj,1127,0,8,21997
final_layernorm,1127,0,8,71231
lm_head,1127,0,8,204044
embedding,1128,0,8,32857
input_layernorm,1128,0,8,71030
q_proj,1128,0,8,7905
k_proj,1128,0,8,6706
v_proj,1128,0,8,7012
rope,1128,0,8,25210
attn,1128,0,8,30035
o_proj,1128,0,8,7802
post_layernorm,1128,0,8,70073
gate_proj,1128,0,8,24259
up_proj,1128,0,8,23226
act_fn,1128,0,8,5724
down_proj,1128,0,8,22003
final_layernorm,1128,0,8,71070
lm_head,1128,0,8,203714
embedding,1129,0,8,32982
input_layernorm,1129,0,8,71593
q_proj,1129,0,8,7959
k_proj,1129,0,8,6740
v_proj,1129,0,8,7035
rope,1129,0,8,25241
attn,1129,0,8,29483
o_proj,1129,0,8,7845
post_layernorm,1129,0,8,70697
gate_proj,1129,0,8,24530
up_proj,1129,0,8,23293
act_fn,1129,0,8,5704
down_proj,1129,0,8,22051
final_layernorm,1129,0,8,71646
lm_head,1129,0,8,204033
embedding,1130,0,8,33082
input_layernorm,1130,0,8,71151
q_proj,1130,0,8,7891
k_proj,1130,0,8,6672
v_proj,1130,0,8,6960
rope,1130,0,8,24968
attn,1130,0,8,29238
o_proj,1130,0,8,7766
post_layernorm,1130,0,8,70105
gate_proj,1130,0,8,24080
up_proj,1130,0,8,23151
act_fn,1130,0,8,5717
down_proj,1130,0,8,21976
final_layernorm,1130,0,8,71168
lm_head,1130,0,8,203854
embedding,1131,0,8,32799
input_layernorm,1131,0,8,71414
q_proj,1131,0,8,7924
k_proj,1131,0,8,6687
v_proj,1131,0,8,6995
rope,1131,0,8,25146
attn,1131,0,8,29874
o_proj,1131,0,8,7813
post_layernorm,1131,0,8,70569
gate_proj,1131,0,8,24337
up_proj,1131,0,8,23241
act_fn,1131,0,8,5782
down_proj,1131,0,8,22002
final_layernorm,1131,0,8,71657
lm_head,1131,0,8,204055
embedding,1132,0,8,32631
input_layernorm,1132,0,8,71442
q_proj,1132,0,8,7895
k_proj,1132,0,8,6700
v_proj,1132,0,8,6963
rope,1132,0,8,25165
attn,1132,0,8,29580
o_proj,1132,0,8,7784
post_layernorm,1132,0,8,70332
gate_proj,1132,0,8,24209
up_proj,1132,0,8,23190
act_fn,1132,0,8,5744
down_proj,1132,0,8,22031
final_layernorm,1132,0,8,71547
lm_head,1132,0,8,204044
embedding,1133,0,8,32864
input_layernorm,1133,0,8,71496
q_proj,1133,0,8,7925
k_proj,1133,0,8,6761
v_proj,1133,0,8,7020
rope,1133,0,8,25151
attn,1133,0,8,29435
o_proj,1133,0,8,7797
post_layernorm,1133,0,8,70510
gate_proj,1133,0,8,24336
up_proj,1133,0,8,23253
act_fn,1133,0,8,5771
down_proj,1133,0,8,22016
final_layernorm,1133,0,8,71590
lm_head,1133,0,8,204096
embedding,1134,0,8,33085
input_layernorm,1134,0,8,71546
q_proj,1134,0,8,7901
k_proj,1134,0,8,6614
v_proj,1134,0,8,7005
rope,1134,0,8,25052
attn,1134,0,8,30167
o_proj,1134,0,8,7783
post_layernorm,1134,0,8,70368
gate_proj,1134,0,8,24174
up_proj,1134,0,8,23188
act_fn,1134,0,8,5758
down_proj,1134,0,8,22018
final_layernorm,1134,0,8,71632
lm_head,1134,0,8,204129
embedding,1135,0,8,33011
input_layernorm,1135,0,8,71560
q_proj,1135,0,8,7899
k_proj,1135,0,8,6669
v_proj,1135,0,8,6956
rope,1135,0,8,25057
attn,1135,0,8,28907
o_proj,1135,0,8,7782
post_layernorm,1135,0,8,70269
gate_proj,1135,0,8,24179
up_proj,1135,0,8,23235
act_fn,1135,0,8,5769
down_proj,1135,0,8,21977
final_layernorm,1135,0,8,71501
lm_head,1135,0,8,203959
embedding,1136,0,8,32996
input_layernorm,1136,0,8,71649
q_proj,1136,0,8,7940
k_proj,1136,0,8,6557
v_proj,1136,0,8,6906
rope,1136,0,8,25391
attn,1136,0,8,29808
o_proj,1136,0,8,7826
post_layernorm,1136,0,8,70438
gate_proj,1136,0,8,24417
up_proj,1136,0,8,23268
act_fn,1136,0,8,5772
down_proj,1136,0,8,22028
final_layernorm,1136,0,8,71879
lm_head,1136,0,8,204045
embedding,1137,0,8,32639
input_layernorm,1137,0,8,71447
q_proj,1137,0,8,7877
k_proj,1137,0,8,6468
v_proj,1137,0,8,6827
rope,1137,0,8,25031
attn,1137,0,8,29647
o_proj,1137,0,8,7776
post_layernorm,1137,0,8,70321
gate_proj,1137,0,8,24065
up_proj,1137,0,8,23217
act_fn,1137,0,8,5782
down_proj,1137,0,8,22003
final_layernorm,1137,0,8,71472
lm_head,1137,0,8,204093
embedding,1138,0,8,33057
input_layernorm,1138,0,8,71882
q_proj,1138,0,8,7936
k_proj,1138,0,8,6493
v_proj,1138,0,8,6833
rope,1138,0,8,25256
attn,1138,0,8,29321
o_proj,1138,0,8,7826
post_layernorm,1138,0,8,70701
gate_proj,1138,0,8,24338
up_proj,1138,0,8,23309
act_fn,1138,0,8,5798
down_proj,1138,0,8,22049
final_layernorm,1138,0,8,72224
lm_head,1138,0,8,204533
embedding,1139,0,8,32926
input_layernorm,1139,0,8,71977
q_proj,1139,0,8,7933
k_proj,1139,0,8,6479
v_proj,1139,0,8,6800
rope,1139,0,8,25163
attn,1139,0,8,29372
o_proj,1139,0,8,7805
post_layernorm,1139,0,8,70475
gate_proj,1139,0,8,24255
up_proj,1139,0,8,23307
act_fn,1139,0,8,5797
down_proj,1139,0,8,22030
final_layernorm,1139,0,8,72246
lm_head,1139,0,8,204415
embedding,1140,0,8,33083
input_layernorm,1140,0,8,72337
q_proj,1140,0,8,7947
k_proj,1140,0,8,6483
v_proj,1140,0,8,6770
rope,1140,0,8,25396
attn,1140,0,8,29250
o_proj,1140,0,8,7828
post_layernorm,1140,0,8,70889
gate_proj,1140,0,8,24411
up_proj,1140,0,8,23301
act_fn,1140,0,8,5817
down_proj,1140,0,8,22062
final_layernorm,1140,0,8,72516
lm_head,1140,0,8,204494
embedding,1141,0,8,33111
input_layernorm,1141,0,8,72049
q_proj,1141,0,8,7967
k_proj,1141,0,8,6400
v_proj,1141,0,8,6788
rope,1141,0,8,25468
attn,1141,0,8,29873
o_proj,1141,0,8,7859
post_layernorm,1141,0,8,71094
gate_proj,1141,0,8,24511
up_proj,1141,0,8,23365
act_fn,1141,0,8,5803
down_proj,1141,0,8,22087
final_layernorm,1141,0,8,72725
lm_head,1141,0,8,204861
embedding,1142,0,8,32879
input_layernorm,1142,0,8,71916
q_proj,1142,0,8,7916
k_proj,1142,0,8,6428
v_proj,1142,0,8,6782
rope,1142,0,8,25285
attn,1142,0,8,28496
o_proj,1142,0,8,7790
post_layernorm,1142,0,8,70514
gate_proj,1142,0,8,24174
up_proj,1142,0,8,23184
act_fn,1142,0,8,5840
down_proj,1142,0,8,22031
final_layernorm,1142,0,8,72080
lm_head,1142,0,8,204502
embedding,1143,0,8,33062
input_layernorm,1143,0,8,72101
q_proj,1143,0,8,7920
k_proj,1143,0,8,6385
v_proj,1143,0,8,6662
rope,1143,0,8,25330
attn,1143,0,8,29304
o_proj,1143,0,8,7808
post_layernorm,1143,0,8,70920
gate_proj,1143,0,8,24293
up_proj,1143,0,8,23281
act_fn,1143,0,8,5845
down_proj,1143,0,8,22054
final_layernorm,1143,0,8,72174
lm_head,1143,0,8,204398
embedding,1144,0,8,33225
input_layernorm,1144,0,8,71929
q_proj,1144,0,8,7920
k_proj,1144,0,8,6309
v_proj,1144,0,8,6631
rope,1144,0,8,25466
attn,1144,0,8,29625
o_proj,1144,0,8,7813
post_layernorm,1144,0,8,70488
gate_proj,1144,0,8,24209
up_proj,1144,0,8,23260
act_fn,1144,0,8,5839
down_proj,1144,0,8,22055
final_layernorm,1144,0,8,71968
lm_head,1144,0,8,204288
embedding,1145,0,8,33061
input_layernorm,1145,0,8,72485
q_proj,1145,0,8,7931
k_proj,1145,0,8,6311
v_proj,1145,0,8,6663
rope,1145,0,8,25360
attn,1145,0,8,28900
o_proj,1145,0,8,7809
post_layernorm,1145,0,8,70915
gate_proj,1145,0,8,24310
up_proj,1145,0,8,23276
act_fn,1145,0,8,5838
down_proj,1145,0,8,22056
final_layernorm,1145,0,8,72536
lm_head,1145,0,8,204668
embedding,1146,0,8,32907
input_layernorm,1146,0,8,72129
q_proj,1146,0,8,7923
k_proj,1146,0,8,6280
v_proj,1146,0,8,6603
rope,1146,0,8,25396
attn,1146,0,8,29927
o_proj,1146,0,8,7810
post_layernorm,1146,0,8,70891
gate_proj,1146,0,8,24253
up_proj,1146,0,8,23275
act_fn,1146,0,8,5850
down_proj,1146,0,8,22059
final_layernorm,1146,0,8,72661
lm_head,1146,0,8,204491
embedding,1147,0,8,33210
input_layernorm,1147,0,8,72753
q_proj,1147,0,8,7983
k_proj,1147,0,8,6311
v_proj,1147,0,8,6648
rope,1147,0,8,25706
attn,1147,0,8,30193
o_proj,1147,0,8,7865
post_layernorm,1147,0,8,71597
gate_proj,1147,0,8,24509
up_proj,1147,0,8,23351
act_fn,1147,0,8,5867
down_proj,1147,0,8,22104
final_layernorm,1147,0,8,72794
lm_head,1147,0,8,204757
embedding,1148,0,8,33400
input_layernorm,1148,0,8,72414
q_proj,1148,0,8,7933
k_proj,1148,0,8,6341
v_proj,1148,0,8,6642
rope,1148,0,8,25568
attn,1148,0,8,29076
o_proj,1148,0,8,7826
post_layernorm,1148,0,8,71241
gate_proj,1148,0,8,24282
up_proj,1148,0,8,23278
act_fn,1148,0,8,5866
down_proj,1148,0,8,22064
final_layernorm,1148,0,8,72623
lm_head,1148,0,8,204472
embedding,1149,0,8,33180
input_layernorm,1149,0,8,72658
q_proj,1149,0,8,7968
k_proj,1149,0,8,6345
v_proj,1149,0,8,6631
rope,1149,0,8,25689
attn,1149,0,8,30207
o_proj,1149,0,8,7871
post_layernorm,1149,0,8,71600
gate_proj,1149,0,8,24519
up_proj,1149,0,8,23373
act_fn,1149,0,8,5870
down_proj,1149,0,8,22114
final_layernorm,1149,0,8,73160
lm_head,1149,0,8,204736
embedding,1150,0,8,33068
input_layernorm,1150,0,8,72828
q_proj,1150,0,8,7967
k_proj,1150,0,8,6317
v_proj,1150,0,8,6601
rope,1150,0,8,25580
attn,1150,0,8,29786
o_proj,1150,0,8,7847
post_layernorm,1150,0,8,71336
gate_proj,1150,0,8,24407
up_proj,1150,0,8,23331
act_fn,1150,0,8,5896
down_proj,1150,0,8,22104
final_layernorm,1150,0,8,73104
lm_head,1150,0,8,204965
embedding,1151,0,8,33125
input_layernorm,1151,0,8,72936
q_proj,1151,0,8,7943
k_proj,1151,0,8,6212
v_proj,1151,0,8,6579
rope,1151,0,8,25561
attn,1151,0,8,29369
o_proj,1151,0,8,7830
post_layernorm,1151,0,8,71518
gate_proj,1151,0,8,24394
up_proj,1151,0,8,23289
act_fn,1151,0,8,5888
down_proj,1151,0,8,22093
final_layernorm,1151,0,8,73158
lm_head,1151,0,8,204952
embedding,1152,0,8,33229
input_layernorm,1152,0,8,72494
q_proj,1152,0,8,8849
k_proj,1152,0,8,7589
v_proj,1152,0,8,7737
rope,1152,0,8,25569
attn,1152,0,8,25726
o_proj,1152,0,8,7836
post_layernorm,1152,0,8,71043
gate_proj,1152,0,8,24360
up_proj,1152,0,8,23289
act_fn,1152,0,8,5893
down_proj,1152,0,8,22110
final_layernorm,1152,0,8,72755
lm_head,1152,0,8,204678
embedding,1153,0,8,33512
input_layernorm,1153,0,8,72150
q_proj,1153,0,8,8232
k_proj,1153,0,8,6567
v_proj,1153,0,8,6449
rope,1153,0,8,25467
attn,1153,0,8,31914
o_proj,1153,0,8,8035
post_layernorm,1153,0,8,71781
gate_proj,1153,0,8,23400
up_proj,1153,0,8,22703
act_fn,1153,0,8,5799
down_proj,1153,0,8,22787
final_layernorm,1153,0,8,76306
lm_head,1153,0,8,197622
embedding,1154,0,8,33949
input_layernorm,1154,0,8,72697
q_proj,1154,0,8,8283
k_proj,1154,0,8,6638
v_proj,1154,0,8,6498
rope,1154,0,8,25790
attn,1154,0,8,32437
o_proj,1154,0,8,8094
post_layernorm,1154,0,8,72293
gate_proj,1154,0,8,23765
up_proj,1154,0,8,22809
act_fn,1154,0,8,5814
down_proj,1154,0,8,22853
final_layernorm,1154,0,8,76836
lm_head,1154,0,8,197993
embedding,1155,0,8,34010
input_layernorm,1155,0,8,72705
q_proj,1155,0,8,8284
k_proj,1155,0,8,6645
v_proj,1155,0,8,6506
rope,1155,0,8,25716
attn,1155,0,8,32279
o_proj,1155,0,8,8094
post_layernorm,1155,0,8,72311
gate_proj,1155,0,8,23718
up_proj,1155,0,8,22759
act_fn,1155,0,8,5834
down_proj,1155,0,8,22847
final_layernorm,1155,0,8,77043
lm_head,1155,0,8,198148
embedding,1156,0,8,33390
input_layernorm,1156,0,8,72422
q_proj,1156,0,8,8221
k_proj,1156,0,8,6537
v_proj,1156,0,8,6385
rope,1156,0,8,25540
attn,1156,0,8,31799
o_proj,1156,0,8,8026
post_layernorm,1156,0,8,71889
gate_proj,1156,0,8,23399
up_proj,1156,0,8,22762
act_fn,1156,0,8,5802
down_proj,1156,0,8,22793
final_layernorm,1156,0,8,76580
lm_head,1156,0,8,197371
embedding,1157,0,8,34157
input_layernorm,1157,0,8,72820
q_proj,1157,0,8,8299
k_proj,1157,0,8,6655
v_proj,1157,0,8,6510
rope,1157,0,8,25847
attn,1157,0,8,32405
o_proj,1157,0,8,8098
post_layernorm,1157,0,8,72714
gate_proj,1157,0,8,23746
up_proj,1157,0,8,22792
act_fn,1157,0,8,5827
down_proj,1157,0,8,22874
final_layernorm,1157,0,8,77136
lm_head,1157,0,8,197894
embedding,1158,0,8,33807
input_layernorm,1158,0,8,72520
q_proj,1158,0,8,8225
k_proj,1158,0,8,6564
v_proj,1158,0,8,6415
rope,1158,0,8,25586
attn,1158,0,8,32068
o_proj,1158,0,8,8030
post_layernorm,1158,0,8,72328
gate_proj,1158,0,8,23425
up_proj,1158,0,8,22703
act_fn,1158,0,8,5784
down_proj,1158,0,8,22822
final_layernorm,1158,0,8,76544
lm_head,1158,0,8,197685
embedding,1159,0,8,33924
input_layernorm,1159,0,8,72663
q_proj,1159,0,8,8261
k_proj,1159,0,8,6603
v_proj,1159,0,8,6468
rope,1159,0,8,25653
attn,1159,0,8,32212
o_proj,1159,0,8,8068
post_layernorm,1159,0,8,72526
gate_proj,1159,0,8,23558
up_proj,1159,0,8,22764
act_fn,1159,0,8,5846
down_proj,1159,0,8,22893
final_layernorm,1159,0,8,76878
lm_head,1159,0,8,197877
embedding,1160,0,8,33810
input_layernorm,1160,0,8,72825
q_proj,1160,0,8,8297
k_proj,1160,0,8,6746
v_proj,1160,0,8,6724
rope,1160,0,8,25948
attn,1160,0,8,32511
o_proj,1160,0,8,8098
post_layernorm,1160,0,8,72815
gate_proj,1160,0,8,23754
up_proj,1160,0,8,22797
act_fn,1160,0,8,5878
down_proj,1160,0,8,22907
final_layernorm,1160,0,8,77012
lm_head,1160,0,8,198227
embedding,1161,0,8,33824
input_layernorm,1161,0,8,73041
q_proj,1161,0,8,8245
k_proj,1161,0,8,5743
v_proj,1161,0,8,5393
rope,1161,0,8,25569
attn,1161,0,8,32204
o_proj,1161,0,8,8054
post_layernorm,1161,0,8,72649
gate_proj,1161,0,8,23516
up_proj,1161,0,8,22777
act_fn,1161,0,8,5826
down_proj,1161,0,8,22864
final_layernorm,1161,0,8,77131
lm_head,1161,0,8,201928
embedding,1162,0,8,33772
input_layernorm,1162,0,8,73056
q_proj,1162,0,8,8250
k_proj,1162,0,8,5818
v_proj,1162,0,8,5393
rope,1162,0,8,25597
attn,1162,0,8,31985
o_proj,1162,0,8,8044
post_layernorm,1162,0,8,72939
gate_proj,1162,0,8,23503
up_proj,1162,0,8,22712
act_fn,1162,0,8,5851
down_proj,1162,0,8,22831
final_layernorm,1162,0,8,77124
lm_head,1162,0,8,202376
embedding,1163,0,8,33860
input_layernorm,1163,0,8,73228
q_proj,1163,0,8,8237
k_proj,1163,0,8,5758
v_proj,1163,0,8,5386
rope,1163,0,8,25588
attn,1163,0,8,32018
o_proj,1163,0,8,8036
post_layernorm,1163,0,8,72811
gate_proj,1163,0,8,23432
up_proj,1163,0,8,22763
act_fn,1163,0,8,5843
down_proj,1163,0,8,22842
final_layernorm,1163,0,8,77133
lm_head,1163,0,8,202099
embedding,1164,0,8,33985
input_layernorm,1164,0,8,73410
q_proj,1164,0,8,8248
k_proj,1164,0,8,5781
v_proj,1164,0,8,5615
rope,1164,0,8,25729
attn,1164,0,8,31975
o_proj,1164,0,8,8049
post_layernorm,1164,0,8,73170
gate_proj,1164,0,8,23469
up_proj,1164,0,8,22781
act_fn,1164,0,8,5851
down_proj,1164,0,8,22864
final_layernorm,1164,0,8,77226
lm_head,1164,0,8,202281
embedding,1165,0,8,33683
input_layernorm,1165,0,8,73271
q_proj,1165,0,8,8244
k_proj,1165,0,8,5793
v_proj,1165,0,8,5384
rope,1165,0,8,25548
attn,1165,0,8,31999
o_proj,1165,0,8,8036
post_layernorm,1165,0,8,72867
gate_proj,1165,0,8,23428
up_proj,1165,0,8,22766
act_fn,1165,0,8,5851
down_proj,1165,0,8,22841
final_layernorm,1165,0,8,77159
lm_head,1165,0,8,201914
embedding,1166,0,8,33829
input_layernorm,1166,0,8,73538
q_proj,1166,0,8,8277
k_proj,1166,0,8,5836
v_proj,1166,0,8,5425
rope,1166,0,8,25758
attn,1166,0,8,32084
o_proj,1166,0,8,8083
post_layernorm,1166,0,8,73339
gate_proj,1166,0,8,23641
up_proj,1166,0,8,22809
act_fn,1166,0,8,5898
down_proj,1166,0,8,22958
final_layernorm,1166,0,8,77221
lm_head,1166,0,8,202487
embedding,1167,0,8,33509
input_layernorm,1167,0,8,73635
q_proj,1167,0,8,8239
k_proj,1167,0,8,5730
v_proj,1167,0,8,5556
rope,1167,0,8,25600
attn,1167,0,8,32058
o_proj,1167,0,8,8047
post_layernorm,1167,0,8,73308
gate_proj,1167,0,8,23445
up_proj,1167,0,8,22803
act_fn,1167,0,8,5895
down_proj,1167,0,8,22875
final_layernorm,1167,0,8,77297
lm_head,1167,0,8,202239
embedding,1168,0,8,33869
input_layernorm,1168,0,8,73355
q_proj,1168,0,8,8282
k_proj,1168,0,8,5788
v_proj,1168,0,8,5426
rope,1168,0,8,25852
attn,1168,0,8,32254
o_proj,1168,0,8,8090
post_layernorm,1168,0,8,73431
gate_proj,1168,0,8,24686
up_proj,1168,0,8,23667
act_fn,1168,0,8,5884
down_proj,1168,0,8,22773
final_layernorm,1168,0,8,77311
lm_head,1168,0,8,202804
embedding,1169,0,8,33977
input_layernorm,1169,0,8,73395
q_proj,1169,0,8,8222
k_proj,1169,0,8,5741
v_proj,1169,0,8,5357
rope,1169,0,8,25578
attn,1169,0,8,32058
o_proj,1169,0,8,8035
post_layernorm,1169,0,8,73244
gate_proj,1169,0,8,23357
up_proj,1169,0,8,22762
act_fn,1169,0,8,5898
down_proj,1169,0,8,22863
final_layernorm,1169,0,8,77378
lm_head,1169,0,8,202389
embedding,1170,0,8,33609
input_layernorm,1170,0,8,73572
q_proj,1170,0,8,8252
k_proj,1170,0,8,5764
v_proj,1170,0,8,5372
rope,1170,0,8,25664
attn,1170,0,8,32126
o_proj,1170,0,8,8054
post_layernorm,1170,0,8,73517
gate_proj,1170,0,8,23526
up_proj,1170,0,8,22780
act_fn,1170,0,8,5891
down_proj,1170,0,8,22906
final_layernorm,1170,0,8,77519
lm_head,1170,0,8,202873
embedding,1171,0,8,33993
input_layernorm,1171,0,8,74179
q_proj,1171,0,8,8267
k_proj,1171,0,8,5828
v_proj,1171,0,8,5408
rope,1171,0,8,25738
attn,1171,0,8,32008
o_proj,1171,0,8,8145
post_layernorm,1171,0,8,73698
gate_proj,1171,0,8,23655
up_proj,1171,0,8,22790
act_fn,1171,0,8,5923
down_proj,1171,0,8,22872
final_layernorm,1171,0,8,74523
lm_head,1171,0,8,203011
embedding,1172,0,8,33977
input_layernorm,1172,0,8,73965
q_proj,1172,0,8,8258
k_proj,1172,0,8,5777
v_proj,1172,0,8,5417
rope,1172,0,8,25791
attn,1172,0,8,32094
o_proj,1172,0,8,8131
post_layernorm,1172,0,8,73676
gate_proj,1172,0,8,23526
up_proj,1172,0,8,22750
act_fn,1172,0,8,5929
down_proj,1172,0,8,22863
final_layernorm,1172,0,8,74442
lm_head,1172,0,8,202811
embedding,1173,0,8,34167
input_layernorm,1173,0,8,74116
q_proj,1173,0,8,8262
k_proj,1173,0,8,5792
v_proj,1173,0,8,5364
rope,1173,0,8,25666
attn,1173,0,8,32143
o_proj,1173,0,8,8130
post_layernorm,1173,0,8,74048
gate_proj,1173,0,8,23479
up_proj,1173,0,8,22788
act_fn,1173,0,8,5928
down_proj,1173,0,8,22878
final_layernorm,1173,0,8,74668
lm_head,1173,0,8,202894
embedding,1174,0,8,33983
input_layernorm,1174,0,8,74337
q_proj,1174,0,8,8275
k_proj,1174,0,8,5791
v_proj,1174,0,8,5367
rope,1174,0,8,25775
attn,1174,0,8,32003
o_proj,1174,0,8,8150
post_layernorm,1174,0,8,74227
gate_proj,1174,0,8,23607
up_proj,1174,0,8,22793
act_fn,1174,0,8,5959
down_proj,1174,0,8,22890
final_layernorm,1174,0,8,74750
lm_head,1174,0,8,202936
embedding,1175,0,8,34212
input_layernorm,1175,0,8,74002
q_proj,1175,0,8,8261
k_proj,1175,0,8,5811
v_proj,1175,0,8,5446
rope,1175,0,8,25702
attn,1175,0,8,32020
o_proj,1175,0,8,8136
post_layernorm,1175,0,8,73924
gate_proj,1175,0,8,23504
up_proj,1175,0,8,22790
act_fn,1175,0,8,5964
down_proj,1175,0,8,22894
final_layernorm,1175,0,8,74738
lm_head,1175,0,8,203165
embedding,1176,0,8,33765
input_layernorm,1176,0,8,74287
q_proj,1176,0,8,8267
k_proj,1176,0,8,5797
v_proj,1176,0,8,5423
rope,1176,0,8,25814
attn,1176,0,8,32123
o_proj,1176,0,8,8130
post_layernorm,1176,0,8,73972
gate_proj,1176,0,8,23556
up_proj,1176,0,8,22830
act_fn,1176,0,8,5945
down_proj,1176,0,8,22925
final_layernorm,1176,0,8,74725
lm_head,1176,0,8,203228
embedding,1177,0,8,33963
input_layernorm,1177,0,8,74369
q_proj,1177,0,8,8271
k_proj,1177,0,8,5804
v_proj,1177,0,8,5458
rope,1177,0,8,25766
attn,1177,0,8,32142
o_proj,1177,0,8,8135
post_layernorm,1177,0,8,74155
gate_proj,1177,0,8,25554
up_proj,1177,0,8,24346
act_fn,1177,0,8,6008
down_proj,1177,0,8,22908
final_layernorm,1177,0,8,74596
lm_head,1177,0,8,203220
embedding,1178,0,8,34035
input_layernorm,1178,0,8,74388
q_proj,1178,0,8,8242
k_proj,1178,0,8,5740
v_proj,1178,0,8,5374
rope,1178,0,8,25711
attn,1178,0,8,32048
o_proj,1178,0,8,8120
post_layernorm,1178,0,8,74365
gate_proj,1178,0,8,25425
up_proj,1178,0,8,24292
act_fn,1178,0,8,6020
down_proj,1178,0,8,22862
final_layernorm,1178,0,8,74823
lm_head,1178,0,8,203124
embedding,1179,0,8,34030
input_layernorm,1179,0,8,74583
q_proj,1179,0,8,8274
k_proj,1179,0,8,5813
v_proj,1179,0,8,5409
rope,1179,0,8,25785
attn,1179,0,8,31987
o_proj,1179,0,8,8148
post_layernorm,1179,0,8,74540
gate_proj,1179,0,8,25593
up_proj,1179,0,8,24361
act_fn,1179,0,8,6038
down_proj,1179,0,8,22913
final_layernorm,1179,0,8,75037
lm_head,1179,0,8,203153
embedding,1180,0,8,33859
input_layernorm,1180,0,8,74499
q_proj,1180,0,8,8290
k_proj,1180,0,8,5809
v_proj,1180,0,8,5436
rope,1180,0,8,25912
attn,1180,0,8,32074
o_proj,1180,0,8,8161
post_layernorm,1180,0,8,74600
gate_proj,1180,0,8,25685
up_proj,1180,0,8,24366
act_fn,1180,0,8,6063
down_proj,1180,0,8,22912
final_layernorm,1180,0,8,75203
lm_head,1180,0,8,203090
embedding,1181,0,8,33867
input_layernorm,1181,0,8,74728
q_proj,1181,0,8,8266
k_proj,1181,0,8,5795
v_proj,1181,0,8,5390
rope,1181,0,8,25755
attn,1181,0,8,32094
o_proj,1181,0,8,8148
post_layernorm,1181,0,8,74891
gate_proj,1181,0,8,25567
up_proj,1181,0,8,24317
act_fn,1181,0,8,6097
down_proj,1181,0,8,22899
final_layernorm,1181,0,8,75038
lm_head,1181,0,8,203107
embedding,1182,0,8,33835
input_layernorm,1182,0,8,74734
q_proj,1182,0,8,8295
k_proj,1182,0,8,5805
v_proj,1182,0,8,5419
rope,1182,0,8,25859
attn,1182,0,8,32254
o_proj,1182,0,8,8170
post_layernorm,1182,0,8,74810
gate_proj,1182,0,8,25655
up_proj,1182,0,8,24381
act_fn,1182,0,8,6059
down_proj,1182,0,8,22944
final_layernorm,1182,0,8,75374
lm_head,1182,0,8,203346
embedding,1183,0,8,34577
input_layernorm,1183,0,8,75005
q_proj,1183,0,8,8324
k_proj,1183,0,8,5832
v_proj,1183,0,8,5400
rope,1183,0,8,26045
attn,1183,0,8,32343
o_proj,1183,0,8,8204
post_layernorm,1183,0,8,74999
gate_proj,1183,0,8,25819
up_proj,1183,0,8,24472
act_fn,1183,0,8,6034
down_proj,1183,0,8,22954
final_layernorm,1183,0,8,75700
lm_head,1183,0,8,204081
embedding,1184,0,8,34026
input_layernorm,1184,0,8,74318
q_proj,1184,0,8,8512
k_proj,1184,0,8,5724
v_proj,1184,0,8,5356
rope,1184,0,8,25778
attn,1184,0,8,32059
o_proj,1184,0,8,8424
post_layernorm,1184,0,8,74371
gate_proj,1184,0,8,29754
up_proj,1184,0,8,29144
act_fn,1184,0,8,5968
down_proj,1184,0,8,23756
final_layernorm,1184,0,8,75034
lm_head,1184,0,8,235701
embedding,1185,0,8,34057
input_layernorm,1185,0,8,75222
q_proj,1185,0,8,8278
k_proj,1185,0,8,5844
v_proj,1185,0,8,5370
rope,1185,0,8,25816
attn,1185,0,8,32175
o_proj,1185,0,8,8143
post_layernorm,1185,0,8,74945
gate_proj,1185,0,8,25559
up_proj,1185,0,8,24360
act_fn,1185,0,8,6082
down_proj,1185,0,8,22951
final_layernorm,1185,0,8,75884
lm_head,1185,0,8,203539
embedding,1186,0,8,34731
input_layernorm,1186,0,8,75497
q_proj,1186,0,8,8329
k_proj,1186,0,8,5806
v_proj,1186,0,8,5396
rope,1186,0,8,26091
attn,1186,0,8,32280
o_proj,1186,0,8,8206
post_layernorm,1186,0,8,75499
gate_proj,1186,0,8,25805
up_proj,1186,0,8,24480
act_fn,1186,0,8,6080
down_proj,1186,0,8,22985
final_layernorm,1186,0,8,76196
lm_head,1186,0,8,203733
embedding,1187,0,8,34865
input_layernorm,1187,0,8,75013
q_proj,1187,0,8,8270
k_proj,1187,0,8,5779
v_proj,1187,0,8,5342
rope,1187,0,8,25845
attn,1187,0,8,32255
o_proj,1187,0,8,8155
post_layernorm,1187,0,8,75041
gate_proj,1187,0,8,25550
up_proj,1187,0,8,24359
act_fn,1187,0,8,6090
down_proj,1187,0,8,22920
final_layernorm,1187,0,8,75775
lm_head,1187,0,8,203489
embedding,1188,0,8,35108
input_layernorm,1188,0,8,75595
q_proj,1188,0,8,8331
k_proj,1188,0,8,5843
v_proj,1188,0,8,5406
rope,1188,0,8,26194
attn,1188,0,8,32623
o_proj,1188,0,8,8201
post_layernorm,1188,0,8,75769
gate_proj,1188,0,8,25852
up_proj,1188,0,8,24473
act_fn,1188,0,8,6072
down_proj,1188,0,8,22984
final_layernorm,1188,0,8,76401
lm_head,1188,0,8,203993
embedding,1189,0,8,34731
input_layernorm,1189,0,8,75182
q_proj,1189,0,8,8269
k_proj,1189,0,8,5828
v_proj,1189,0,8,5343
rope,1189,0,8,25854
attn,1189,0,8,32132
o_proj,1189,0,8,8146
post_layernorm,1189,0,8,75210
gate_proj,1189,0,8,25511
up_proj,1189,0,8,24356
act_fn,1189,0,8,6099
down_proj,1189,0,8,22923
final_layernorm,1189,0,8,75850
lm_head,1189,0,8,203508
embedding,1190,0,8,34790
input_layernorm,1190,0,8,75295
q_proj,1190,0,8,8300
k_proj,1190,0,8,5822
v_proj,1190,0,8,5389
rope,1190,0,8,25965
attn,1190,0,8,32388
o_proj,1190,0,8,8168
post_layernorm,1190,0,8,75328
gate_proj,1190,0,8,25636
up_proj,1190,0,8,24439
act_fn,1190,0,8,6109
down_proj,1190,0,8,22970
final_layernorm,1190,0,8,76061
lm_head,1190,0,8,203766
embedding,1191,0,8,34844
input_layernorm,1191,0,8,75965
q_proj,1191,0,8,8313
k_proj,1191,0,8,5838
v_proj,1191,0,8,5360
rope,1191,0,8,26049
attn,1191,0,8,32334
o_proj,1191,0,8,8182
post_layernorm,1191,0,8,75599
gate_proj,1191,0,8,25796
up_proj,1191,0,8,24459
act_fn,1191,0,8,6117
down_proj,1191,0,8,22952
final_layernorm,1191,0,8,76627
lm_head,1191,0,8,204008
embedding,1192,0,8,34774
input_layernorm,1192,0,8,75467
q_proj,1192,0,8,8318
k_proj,1192,0,8,5855
v_proj,1192,0,8,5382
rope,1192,0,8,26078
attn,1192,0,8,32332
o_proj,1192,0,8,8188
post_layernorm,1192,0,8,75140
gate_proj,1192,0,8,25715
up_proj,1192,0,8,24467
act_fn,1192,0,8,6125
down_proj,1192,0,8,22978
final_layernorm,1192,0,8,76083
lm_head,1192,0,8,204191
embedding,1193,0,8,34837
input_layernorm,1193,0,8,75859
q_proj,1193,0,8,8306
k_proj,1193,0,8,5851
v_proj,1193,0,8,5382
rope,1193,0,8,26067
attn,1193,0,8,32210
o_proj,1193,0,8,8190
post_layernorm,1193,0,8,75771
gate_proj,1193,0,8,25749
up_proj,1193,0,8,24422
act_fn,1193,0,8,6127
down_proj,1193,0,8,22942
final_layernorm,1193,0,8,76673
lm_head,1193,0,8,204365
embedding,1194,0,8,34848
input_layernorm,1194,0,8,76365
q_proj,1194,0,8,8315
k_proj,1194,0,8,5765
v_proj,1194,0,8,5367
rope,1194,0,8,26128
attn,1194,0,8,32255
o_proj,1194,0,8,8190
post_layernorm,1194,0,8,75897
gate_proj,1194,0,8,25774
up_proj,1194,0,8,24462
act_fn,1194,0,8,6131
down_proj,1194,0,8,22961
final_layernorm,1194,0,8,76650
lm_head,1194,0,8,204461
embedding,1195,0,8,35034
input_layernorm,1195,0,8,76558
q_proj,1195,0,8,8316
k_proj,1195,0,8,5773
v_proj,1195,0,8,5358
rope,1195,0,8,26094
attn,1195,0,8,32146
o_proj,1195,0,8,8135
post_layernorm,1195,0,8,75925
gate_proj,1195,0,8,25760
up_proj,1195,0,8,24449
act_fn,1195,0,8,6175
down_proj,1195,0,8,22964
final_layernorm,1195,0,8,77016
lm_head,1195,0,8,204026
embedding,1196,0,8,34601
input_layernorm,1196,0,8,76421
q_proj,1196,0,8,8305
k_proj,1196,0,8,5782
v_proj,1196,0,8,5371
rope,1196,0,8,26176
attn,1196,0,8,32437
o_proj,1196,0,8,8118
post_layernorm,1196,0,8,75729
gate_proj,1196,0,8,25658
up_proj,1196,0,8,24430
act_fn,1196,0,8,6149
down_proj,1196,0,8,22984
final_layernorm,1196,0,8,76810
lm_head,1196,0,8,204202
embedding,1197,0,8,34680
input_layernorm,1197,0,8,76257
q_proj,1197,0,8,8273
k_proj,1197,0,8,5822
v_proj,1197,0,8,5324
rope,1197,0,8,25937
attn,1197,0,8,32233
o_proj,1197,0,8,8089
post_layernorm,1197,0,8,75560
gate_proj,1197,0,8,25464
up_proj,1197,0,8,24342
act_fn,1197,0,8,6153
down_proj,1197,0,8,22957
final_layernorm,1197,0,8,76427
lm_head,1197,0,8,203963
embedding,1198,0,8,34640
input_layernorm,1198,0,8,76340
q_proj,1198,0,8,8303
k_proj,1198,0,8,5813
v_proj,1198,0,8,5346
rope,1198,0,8,26081
attn,1198,0,8,32464
o_proj,1198,0,8,8123
post_layernorm,1198,0,8,75849
gate_proj,1198,0,8,25585
up_proj,1198,0,8,24399
act_fn,1198,0,8,6173
down_proj,1198,0,8,22999
final_layernorm,1198,0,8,76723
lm_head,1198,0,8,203962
embedding,1199,0,8,35096
input_layernorm,1199,0,8,76966
q_proj,1199,0,8,8357
k_proj,1199,0,8,5780
v_proj,1199,0,8,5381
rope,1199,0,8,26348
attn,1199,0,8,32190
o_proj,1199,0,8,8167
post_layernorm,1199,0,8,76284
gate_proj,1199,0,8,25925
up_proj,1199,0,8,24564
act_fn,1199,0,8,6166
down_proj,1199,0,8,23053
final_layernorm,1199,0,8,77228
lm_head,1199,0,8,204326
embedding,1200,0,8,34580
input_layernorm,1200,0,8,76163
q_proj,1200,0,8,8312
k_proj,1200,0,8,5765
v_proj,1200,0,8,5347
rope,1200,0,8,26279
attn,1200,0,8,32388
o_proj,1200,0,8,8125
post_layernorm,1200,0,8,75562
gate_proj,1200,0,8,24644
up_proj,1200,0,8,23613
act_fn,1200,0,8,6108
down_proj,1200,0,8,22901
final_layernorm,1200,0,8,76369
lm_head,1200,0,8,204002
embedding,1201,0,8,35051
input_layernorm,1201,0,8,77110
q_proj,1201,0,8,8350
k_proj,1201,0,8,6282
v_proj,1201,0,8,5965
rope,1201,0,8,26386
attn,1201,0,8,32761
o_proj,1201,0,8,8169
post_layernorm,1201,0,8,76356
gate_proj,1201,0,8,25880
up_proj,1201,0,8,24543
act_fn,1201,0,8,6179
down_proj,1201,0,8,23043
final_layernorm,1201,0,8,77415
lm_head,1201,0,8,206300
embedding,1202,0,8,34473
input_layernorm,1202,0,8,76595
q_proj,1202,0,8,8293
k_proj,1202,0,8,6364
v_proj,1202,0,8,5980
rope,1202,0,8,26174
attn,1202,0,8,32334
o_proj,1202,0,8,8117
post_layernorm,1202,0,8,76169
gate_proj,1202,0,8,25642
up_proj,1202,0,8,24444
act_fn,1202,0,8,6190
down_proj,1202,0,8,23017
final_layernorm,1202,0,8,76919
lm_head,1202,0,8,205947
embedding,1203,0,8,34921
input_layernorm,1203,0,8,77060
q_proj,1203,0,8,8323
k_proj,1203,0,8,6344
v_proj,1203,0,8,5972
rope,1203,0,8,26363
attn,1203,0,8,32198
o_proj,1203,0,8,8142
post_layernorm,1203,0,8,76467
gate_proj,1203,0,8,25826
up_proj,1203,0,8,24474
act_fn,1203,0,8,6213
down_proj,1203,0,8,23025
final_layernorm,1203,0,8,77591
lm_head,1203,0,8,206187
embedding,1204,0,8,34624
input_layernorm,1204,0,8,77084
q_proj,1204,0,8,8292
k_proj,1204,0,8,6398
v_proj,1204,0,8,5939
rope,1204,0,8,26278
attn,1204,0,8,32302
o_proj,1204,0,8,8112
post_layernorm,1204,0,8,76352
gate_proj,1204,0,8,25589
up_proj,1204,0,8,24435
act_fn,1204,0,8,6213
down_proj,1204,0,8,23045
final_layernorm,1204,0,8,77507
lm_head,1204,0,8,205793
embedding,1205,0,8,34551
input_layernorm,1205,0,8,77008
q_proj,1205,0,8,8305
k_proj,1205,0,8,6411
v_proj,1205,0,8,5956
rope,1205,0,8,26297
attn,1205,0,8,32104
o_proj,1205,0,8,8123
post_layernorm,1205,0,8,76492
gate_proj,1205,0,8,25725
up_proj,1205,0,8,24431
act_fn,1205,0,8,6213
down_proj,1205,0,8,23011
final_layernorm,1205,0,8,77586
lm_head,1205,0,8,206105
embedding,1206,0,8,34603
input_layernorm,1206,0,8,77237
q_proj,1206,0,8,8299
k_proj,1206,0,8,6319
v_proj,1206,0,8,5916
rope,1206,0,8,26213
attn,1206,0,8,32101
o_proj,1206,0,8,8107
post_layernorm,1206,0,8,76409
gate_proj,1206,0,8,25545
up_proj,1206,0,8,24366
act_fn,1206,0,8,6217
down_proj,1206,0,8,22996
final_layernorm,1206,0,8,77511
lm_head,1206,0,8,205954
embedding,1207,0,8,34915
input_layernorm,1207,0,8,77621
q_proj,1207,0,8,8309
k_proj,1207,0,8,6347
v_proj,1207,0,8,5928
rope,1207,0,8,26322
attn,1207,0,8,32156
o_proj,1207,0,8,8124
post_layernorm,1207,0,8,76504
gate_proj,1207,0,8,25648
up_proj,1207,0,8,24386
act_fn,1207,0,8,6209
down_proj,1207,0,8,23021
final_layernorm,1207,0,8,77852
lm_head,1207,0,8,205889
embedding,1208,0,8,34741
input_layernorm,1208,0,8,77059
q_proj,1208,0,8,8298
k_proj,1208,0,8,6351
v_proj,1208,0,8,5957
rope,1208,0,8,26360
attn,1208,0,8,32111
o_proj,1208,0,8,8114
post_layernorm,1208,0,8,76331
gate_proj,1208,0,8,25601
up_proj,1208,0,8,24409
act_fn,1208,0,8,6246
down_proj,1208,0,8,23029
final_layernorm,1208,0,8,77242
lm_head,1208,0,8,205949
embedding,1209,0,8,34558
input_layernorm,1209,0,8,77544
q_proj,1209,0,8,8297
k_proj,1209,0,8,6311
v_proj,1209,0,8,5913
rope,1209,0,8,26262
attn,1209,0,8,32100
o_proj,1209,0,8,8109
post_layernorm,1209,0,8,76441
gate_proj,1209,0,8,25524
up_proj,1209,0,8,24387
act_fn,1209,0,8,6230
down_proj,1209,0,8,22990
final_layernorm,1209,0,8,77756
lm_head,1209,0,8,205952
embedding,1210,0,8,34836
input_layernorm,1210,0,8,77406
q_proj,1210,0,8,8311
k_proj,1210,0,8,6312
v_proj,1210,0,8,5939
rope,1210,0,8,26352
attn,1210,0,8,32156
o_proj,1210,0,8,8130
post_layernorm,1210,0,8,76518
gate_proj,1210,0,8,25683
up_proj,1210,0,8,24487
act_fn,1210,0,8,6225
down_proj,1210,0,8,23043
final_layernorm,1210,0,8,77724
lm_head,1210,0,8,206191
embedding,1211,0,8,34588
input_layernorm,1211,0,8,77465
q_proj,1211,0,8,8312
k_proj,1211,0,8,6364
v_proj,1211,0,8,5957
rope,1211,0,8,26327
attn,1211,0,8,32282
o_proj,1211,0,8,8129
post_layernorm,1211,0,8,76580
gate_proj,1211,0,8,25626
up_proj,1211,0,8,24430
act_fn,1211,0,8,6271
down_proj,1211,0,8,23039
final_layernorm,1211,0,8,77448
lm_head,1211,0,8,206255
embedding,1212,0,8,34693
input_layernorm,1212,0,8,77563
q_proj,1212,0,8,8295
k_proj,1212,0,8,6325
v_proj,1212,0,8,5917
rope,1212,0,8,26432
attn,1212,0,8,32124
o_proj,1212,0,8,8110
post_layernorm,1212,0,8,76595
gate_proj,1212,0,8,25594
up_proj,1212,0,8,24380
act_fn,1212,0,8,6250
down_proj,1212,0,8,23001
final_layernorm,1212,0,8,77726
lm_head,1212,0,8,205921
embedding,1213,0,8,34978
input_layernorm,1213,0,8,77608
q_proj,1213,0,8,8314
k_proj,1213,0,8,6316
v_proj,1213,0,8,5941
rope,1213,0,8,26388
attn,1213,0,8,32140
o_proj,1213,0,8,8122
post_layernorm,1213,0,8,76677
gate_proj,1213,0,8,25608
up_proj,1213,0,8,24434
act_fn,1213,0,8,6305
down_proj,1213,0,8,23039
final_layernorm,1213,0,8,77869
lm_head,1213,0,8,206406
embedding,1214,0,8,34809
input_layernorm,1214,0,8,77933
q_proj,1214,0,8,8361
k_proj,1214,0,8,6373
v_proj,1214,0,8,6005
rope,1214,0,8,26639
attn,1214,0,8,32330
o_proj,1214,0,8,8177
post_layernorm,1214,0,8,77381
gate_proj,1214,0,8,25925
up_proj,1214,0,8,24566
act_fn,1214,0,8,6266
down_proj,1214,0,8,23089
final_layernorm,1214,0,8,78316
lm_head,1214,0,8,206786
embedding,1215,0,8,34737
input_layernorm,1215,0,8,77726
q_proj,1215,0,8,8314
k_proj,1215,0,8,6319
v_proj,1215,0,8,5942
rope,1215,0,8,26384
attn,1215,0,8,32230
o_proj,1215,0,8,8127
post_layernorm,1215,0,8,77001
gate_proj,1215,0,8,25600
up_proj,1215,0,8,24475
act_fn,1215,0,8,6283
down_proj,1215,0,8,23066
final_layernorm,1215,0,8,77888
lm_head,1215,0,8,206203
embedding,1216,0,8,35324
input_layernorm,1216,0,8,77706
q_proj,1216,0,8,8612
k_proj,1216,0,8,6175
v_proj,1216,0,8,6338
rope,1216,0,8,26635
attn,1216,0,8,32248
o_proj,1216,0,8,8565
post_layernorm,1216,0,8,76853
gate_proj,1216,0,8,28298
up_proj,1216,0,8,26520
act_fn,1216,0,8,6115
down_proj,1216,0,8,24175
final_layernorm,1216,0,8,77524
lm_head,1216,0,8,224772
embedding,1217,0,8,35078
input_layernorm,1217,0,8,78616
q_proj,1217,0,8,8568
k_proj,1217,0,8,6436
v_proj,1217,0,8,6393
rope,1217,0,8,26320
attn,1217,0,8,32754
o_proj,1217,0,8,8357
post_layernorm,1217,0,8,77269
gate_proj,1217,0,8,25523
up_proj,1217,0,8,24434
act_fn,1217,0,8,6297
down_proj,1217,0,8,23625
final_layernorm,1217,0,8,77927
lm_head,1217,0,8,206189
embedding,1218,0,8,35327
input_layernorm,1218,0,8,78875
q_proj,1218,0,8,8616
k_proj,1218,0,8,6494
v_proj,1218,0,8,6413
rope,1218,0,8,26536
attn,1218,0,8,32999
o_proj,1218,0,8,8400
post_layernorm,1218,0,8,77337
gate_proj,1218,0,8,25747
up_proj,1218,0,8,24536
act_fn,1218,0,8,6307
down_proj,1218,0,8,23692
final_layernorm,1218,0,8,77886
lm_head,1218,0,8,206665
embedding,1219,0,8,35255
input_layernorm,1219,0,8,79188
q_proj,1219,0,8,8607
k_proj,1219,0,8,6471
v_proj,1219,0,8,6403
rope,1219,0,8,26526
attn,1219,0,8,32960
o_proj,1219,0,8,8394
post_layernorm,1219,0,8,77595
gate_proj,1219,0,8,25863
up_proj,1219,0,8,24524
act_fn,1219,0,8,6298
down_proj,1219,0,8,23673
final_layernorm,1219,0,8,78420
lm_head,1219,0,8,206779
embedding,1220,0,8,35481
input_layernorm,1220,0,8,79401
q_proj,1220,0,8,8611
k_proj,1220,0,8,6450
v_proj,1220,0,8,6430
rope,1220,0,8,26639
attn,1220,0,8,33062
o_proj,1220,0,8,8388
post_layernorm,1220,0,8,77677
gate_proj,1220,0,8,25796
up_proj,1220,0,8,24501
act_fn,1220,0,8,6328
down_proj,1220,0,8,23682
final_layernorm,1220,0,8,78389
lm_head,1220,0,8,206648
embedding,1221,0,8,35681
input_layernorm,1221,0,8,79111
q_proj,1221,0,8,8597
k_proj,1221,0,8,6485
v_proj,1221,0,8,6391
rope,1221,0,8,26436
attn,1221,0,8,32859
o_proj,1221,0,8,8383
post_layernorm,1221,0,8,77471
gate_proj,1221,0,8,25697
up_proj,1221,0,8,24516
act_fn,1221,0,8,6313
down_proj,1221,0,8,23698
final_layernorm,1221,0,8,78083
lm_head,1221,0,8,206692
embedding,1222,0,8,35729
input_layernorm,1222,0,8,79404
q_proj,1222,0,8,8614
k_proj,1222,0,8,6504
v_proj,1222,0,8,6427
rope,1222,0,8,26648
attn,1222,0,8,32887
o_proj,1222,0,8,8402
post_layernorm,1222,0,8,77669
gate_proj,1222,0,8,25807
up_proj,1222,0,8,24500
act_fn,1222,0,8,6299
down_proj,1222,0,8,23695
final_layernorm,1222,0,8,78315
lm_head,1222,0,8,206886
embedding,1223,0,8,35588
input_layernorm,1223,0,8,79500
q_proj,1223,0,8,8597
k_proj,1223,0,8,6455
v_proj,1223,0,8,6393
rope,1223,0,8,26483
attn,1223,0,8,32779
o_proj,1223,0,8,8385
post_layernorm,1223,0,8,77558
gate_proj,1223,0,8,25770
up_proj,1223,0,8,24454
act_fn,1223,0,8,6333
down_proj,1223,0,8,23687
final_layernorm,1223,0,8,78185
lm_head,1223,0,8,206720
embedding,1224,0,8,35658
input_layernorm,1224,0,8,79355
q_proj,1224,0,8,8634
k_proj,1224,0,8,5943
v_proj,1224,0,8,5778
rope,1224,0,8,26740
attn,1224,0,8,32913
o_proj,1224,0,8,8416
post_layernorm,1224,0,8,77198
gate_proj,1224,0,8,25871
up_proj,1224,0,8,24532
act_fn,1224,0,8,6334
down_proj,1224,0,8,23704
final_layernorm,1224,0,8,78219
lm_head,1224,0,8,206810
embedding,1225,0,8,35644
input_layernorm,1225,0,8,79833
q_proj,1225,0,8,8647
k_proj,1225,0,8,6544
v_proj,1225,0,8,6477
rope,1225,0,8,26745
attn,1225,0,8,33277
o_proj,1225,0,8,8445
post_layernorm,1225,0,8,78044
gate_proj,1225,0,8,24941
up_proj,1225,0,8,23746
act_fn,1225,0,8,6287
down_proj,1225,0,8,23758
final_layernorm,1225,0,8,78822
lm_head,1225,0,8,207198
embedding,1226,0,8,35452
input_layernorm,1226,0,8,79821
q_proj,1226,0,8,8608
k_proj,1226,0,8,6455
v_proj,1226,0,8,6404
rope,1226,0,8,26556
attn,1226,0,8,32870
o_proj,1226,0,8,8384
post_layernorm,1226,0,8,77797
gate_proj,1226,0,8,24708
up_proj,1226,0,8,23673
act_fn,1226,0,8,6283
down_proj,1226,0,8,23711
final_layernorm,1226,0,8,78534
lm_head,1226,0,8,206805
embedding,1227,0,8,35299
input_layernorm,1227,0,8,79881
q_proj,1227,0,8,8602
k_proj,1227,0,8,6458
v_proj,1227,0,8,6401
rope,1227,0,8,26450
attn,1227,0,8,32749
o_proj,1227,0,8,8385
post_layernorm,1227,0,8,77688
gate_proj,1227,0,8,24617
up_proj,1227,0,8,23653
act_fn,1227,0,8,6255
down_proj,1227,0,8,23733
final_layernorm,1227,0,8,78378
lm_head,1227,0,8,206767
embedding,1228,0,8,35421
input_layernorm,1228,0,8,79841
q_proj,1228,0,8,8605
k_proj,1228,0,8,6448
v_proj,1228,0,8,6397
rope,1228,0,8,26656
attn,1228,0,8,32636
o_proj,1228,0,8,8390
post_layernorm,1228,0,8,78007
gate_proj,1228,0,8,24719
up_proj,1228,0,8,23633
act_fn,1228,0,8,6266
down_proj,1228,0,8,23729
final_layernorm,1228,0,8,78724
lm_head,1228,0,8,206824
embedding,1229,0,8,35518
input_layernorm,1229,0,8,79973
q_proj,1229,0,8,8614
k_proj,1229,0,8,6479
v_proj,1229,0,8,6402
rope,1229,0,8,26527
attn,1229,0,8,32812
o_proj,1229,0,8,8394
post_layernorm,1229,0,8,78112
gate_proj,1229,0,8,24702
up_proj,1229,0,8,23672
act_fn,1229,0,8,6288
down_proj,1229,0,8,23724
final_layernorm,1229,0,8,78777
lm_head,1229,0,8,206820
embedding,1230,0,8,35386
input_layernorm,1230,0,8,79601
q_proj,1230,0,8,8612
k_proj,1230,0,8,6455
v_proj,1230,0,8,6372
rope,1230,0,8,26498
attn,1230,0,8,32985
o_proj,1230,0,8,8391
post_layernorm,1230,0,8,77738
gate_proj,1230,0,8,24659
up_proj,1230,0,8,23707
act_fn,1230,0,8,6299
down_proj,1230,0,8,23739
final_layernorm,1230,0,8,78659
lm_head,1230,0,8,206833
embedding,1231,0,8,35298
input_layernorm,1231,0,8,79898
q_proj,1231,0,8,8597
k_proj,1231,0,8,6423
v_proj,1231,0,8,6383
rope,1231,0,8,26422
attn,1231,0,8,32741
o_proj,1231,0,8,8368
post_layernorm,1231,0,8,78056
gate_proj,1231,0,8,24534
up_proj,1231,0,8,23664
act_fn,1231,0,8,6275
down_proj,1231,0,8,23737
final_layernorm,1231,0,8,78660
lm_head,1231,0,8,206839
embedding,1232,0,8,35305
input_layernorm,1232,0,8,79640
q_proj,1232,0,8,8618
k_proj,1232,0,8,5881
v_proj,1232,0,8,5718
rope,1232,0,8,26581
attn,1232,0,8,33006
o_proj,1232,0,8,8391
post_layernorm,1232,0,8,77758
gate_proj,1232,0,8,24685
up_proj,1232,0,8,23707
act_fn,1232,0,8,6265
down_proj,1232,0,8,23732
final_layernorm,1232,0,8,78424
lm_head,1232,0,8,206752
embedding,1233,0,8,35332
input_layernorm,1233,0,8,80137
q_proj,1233,0,8,8611
k_proj,1233,0,8,6222
v_proj,1233,0,8,6108
rope,1233,0,8,26411
attn,1233,0,8,32836
o_proj,1233,0,8,8390
post_layernorm,1233,0,8,78225
gate_proj,1233,0,8,26822
up_proj,1233,0,8,25518
act_fn,1233,0,8,6338
down_proj,1233,0,8,23709
final_layernorm,1233,0,8,78952
lm_head,1233,0,8,210027
embedding,1234,0,8,35724
input_layernorm,1234,0,8,79866
q_proj,1234,0,8,8599
k_proj,1234,0,8,6200
v_proj,1234,0,8,6060
rope,1234,0,8,26455
attn,1234,0,8,32852
o_proj,1234,0,8,8369
post_layernorm,1234,0,8,78190
gate_proj,1234,0,8,26753
up_proj,1234,0,8,25439
act_fn,1234,0,8,6350
down_proj,1234,0,8,23712
final_layernorm,1234,0,8,78675
lm_head,1234,0,8,210021
embedding,1235,0,8,35763
input_layernorm,1235,0,8,80105
q_proj,1235,0,8,8593
k_proj,1235,0,8,6221
v_proj,1235,0,8,6080
rope,1235,0,8,26464
attn,1235,0,8,32984
o_proj,1235,0,8,8385
post_layernorm,1235,0,8,78326
gate_proj,1235,0,8,26806
up_proj,1235,0,8,25499
act_fn,1235,0,8,6340
down_proj,1235,0,8,23719
final_layernorm,1235,0,8,79041
lm_head,1235,0,8,209947
embedding,1236,0,8,35672
input_layernorm,1236,0,8,80506
q_proj,1236,0,8,8627
k_proj,1236,0,8,6296
v_proj,1236,0,8,6104
rope,1236,0,8,26713
attn,1236,0,8,32637
o_proj,1236,0,8,8408
post_layernorm,1236,0,8,78636
gate_proj,1236,0,8,27085
up_proj,1236,0,8,25585
act_fn,1236,0,8,6362
down_proj,1236,0,8,23747
final_layernorm,1236,0,8,79322
lm_head,1236,0,8,210238
embedding,1237,0,8,35482
input_layernorm,1237,0,8,80271
q_proj,1237,0,8,8598
k_proj,1237,0,8,6208
v_proj,1237,0,8,6057
rope,1237,0,8,26507
attn,1237,0,8,32933
o_proj,1237,0,8,8389
post_layernorm,1237,0,8,78414
gate_proj,1237,0,8,26841
up_proj,1237,0,8,25455
act_fn,1237,0,8,6363
down_proj,1237,0,8,23747
final_layernorm,1237,0,8,79149
lm_head,1237,0,8,209981
embedding,1238,0,8,35740
input_layernorm,1238,0,8,80142
q_proj,1238,0,8,8602
k_proj,1238,0,8,6208
v_proj,1238,0,8,6073
rope,1238,0,8,26534
attn,1238,0,8,33081
o_proj,1238,0,8,8395
post_layernorm,1238,0,8,78454
gate_proj,1238,0,8,26836
up_proj,1238,0,8,25457
act_fn,1238,0,8,6360
down_proj,1238,0,8,23757
final_layernorm,1238,0,8,79270
lm_head,1238,0,8,210005
embedding,1239,0,8,35816
input_layernorm,1239,0,8,80527
q_proj,1239,0,8,8603
k_proj,1239,0,8,6195
v_proj,1239,0,8,6068
rope,1239,0,8,26537
attn,1239,0,8,32962
o_proj,1239,0,8,8392
post_layernorm,1239,0,8,78494
gate_proj,1239,0,8,26804
up_proj,1239,0,8,25432
act_fn,1239,0,8,6365
down_proj,1239,0,8,23734
final_layernorm,1239,0,8,79276
lm_head,1239,0,8,210199
embedding,1240,0,8,35661
input_layernorm,1240,0,8,80492
q_proj,1240,0,8,9060
k_proj,1240,0,8,6365
v_proj,1240,0,8,6123
rope,1240,0,8,26815
attn,1240,0,8,33006
o_proj,1240,0,8,8426
post_layernorm,1240,0,8,78567
gate_proj,1240,0,8,27059
up_proj,1240,0,8,25589
act_fn,1240,0,8,6371
down_proj,1240,0,8,23777
final_layernorm,1240,0,8,79353
lm_head,1240,0,8,210402
embedding,1241,0,8,36644
input_layernorm,1241,0,8,80782
q_proj,1241,0,8,8616
k_proj,1241,0,8,7200
v_proj,1241,0,8,7561
rope,1241,0,8,26652
attn,1241,0,8,32856
o_proj,1241,0,8,8402
post_layernorm,1241,0,8,78927
gate_proj,1241,0,8,26917
up_proj,1241,0,8,25471
act_fn,1241,0,8,6398
down_proj,1241,0,8,23770
final_layernorm,1241,0,8,79514
lm_head,1241,0,8,212301
embedding,1242,0,8,36532
input_layernorm,1242,0,8,80821
q_proj,1242,0,8,8616
k_proj,1242,0,8,7197
v_proj,1242,0,8,7479
rope,1242,0,8,26686
attn,1242,0,8,32814
o_proj,1242,0,8,8411
post_layernorm,1242,0,8,78937
gate_proj,1242,0,8,26956
up_proj,1242,0,8,25517
act_fn,1242,0,8,6395
down_proj,1242,0,8,23786
final_layernorm,1242,0,8,79578
lm_head,1242,0,8,212329
embedding,1243,0,8,36801
input_layernorm,1243,0,8,81433
q_proj,1243,0,8,8669
k_proj,1243,0,8,7305
v_proj,1243,0,8,7576
rope,1243,0,8,26825
attn,1243,0,8,33128
o_proj,1243,0,8,8447
post_layernorm,1243,0,8,79373
gate_proj,1243,0,8,27169
up_proj,1243,0,8,25662
act_fn,1243,0,8,6423
down_proj,1243,0,8,23826
final_layernorm,1243,0,8,80291
lm_head,1243,0,8,212368
embedding,1244,0,8,36597
input_layernorm,1244,0,8,81050
q_proj,1244,0,8,8606
k_proj,1244,0,8,7208
v_proj,1244,0,8,7387
rope,1244,0,8,26740
attn,1244,0,8,32889
o_proj,1244,0,8,8391
post_layernorm,1244,0,8,78987
gate_proj,1244,0,8,26867
up_proj,1244,0,8,25484
act_fn,1244,0,8,6422
down_proj,1244,0,8,23760
final_layernorm,1244,0,8,79998
lm_head,1244,0,8,212105
embedding,1245,0,8,36368
input_layernorm,1245,0,8,81207
q_proj,1245,0,8,8616
k_proj,1245,0,8,7089
v_proj,1245,0,8,7407
rope,1245,0,8,26630
attn,1245,0,8,32956
o_proj,1245,0,8,8401
post_layernorm,1245,0,8,79242
gate_proj,1245,0,8,26911
up_proj,1245,0,8,25514
act_fn,1245,0,8,6416
down_proj,1245,0,8,23769
final_layernorm,1245,0,8,79755
lm_head,1245,0,8,212177
embedding,1246,0,8,36650
input_layernorm,1246,0,8,80989
q_proj,1246,0,8,8616
k_proj,1246,0,8,7075
v_proj,1246,0,8,7386
rope,1246,0,8,26632
attn,1246,0,8,33009
o_proj,1246,0,8,8409
post_layernorm,1246,0,8,79002
gate_proj,1246,0,8,26853
up_proj,1246,0,8,25548
act_fn,1246,0,8,6444
down_proj,1246,0,8,23787
final_layernorm,1246,0,8,80027
lm_head,1246,0,8,212274
embedding,1247,0,8,36370
input_layernorm,1247,0,8,81545
q_proj,1247,0,8,8645
k_proj,1247,0,8,7096
v_proj,1247,0,8,7411
rope,1247,0,8,26688
attn,1247,0,8,33041
o_proj,1247,0,8,8414
post_layernorm,1247,0,8,79520
gate_proj,1247,0,8,26985
up_proj,1247,0,8,25531
act_fn,1247,0,8,6422
down_proj,1247,0,8,23791
final_layernorm,1247,0,8,80110
lm_head,1247,0,8,212365
embedding,1248,0,8,35785
input_layernorm,1248,0,8,80905
q_proj,1248,0,8,8615
k_proj,1248,0,8,7198
v_proj,1248,0,8,7440
rope,1248,0,8,26668
attn,1248,0,8,32809
o_proj,1248,0,8,8454
post_layernorm,1248,0,8,78880
gate_proj,1248,0,8,28319
up_proj,1248,0,8,26998
act_fn,1248,0,8,6451
down_proj,1248,0,8,24016
final_layernorm,1248,0,8,79810
lm_head,1248,0,8,219180
embedding,1249,0,8,35938
input_layernorm,1249,0,8,81439
q_proj,1249,0,8,8639
k_proj,1249,0,8,7088
v_proj,1249,0,8,7314
rope,1249,0,8,26688
attn,1249,0,8,32962
o_proj,1249,0,8,8474
post_layernorm,1249,0,8,79322
gate_proj,1249,0,8,27027
up_proj,1249,0,8,25583
act_fn,1249,0,8,6445
down_proj,1249,0,8,24025
final_layernorm,1249,0,8,81221
lm_head,1249,0,8,219346
embedding,1250,0,8,35867
input_layernorm,1250,0,8,81079
q_proj,1250,0,8,8610
k_proj,1250,0,8,7035
v_proj,1250,0,8,7290
rope,1250,0,8,26591
attn,1250,0,8,32805
o_proj,1250,0,8,8449
post_layernorm,1250,0,8,79338
gate_proj,1250,0,8,26779
up_proj,1250,0,8,25513
act_fn,1250,0,8,6467
down_proj,1250,0,8,24033
final_layernorm,1250,0,8,81471
lm_head,1250,0,8,219181
embedding,1251,0,8,35910
input_layernorm,1251,0,8,81436
q_proj,1251,0,8,8634
k_proj,1251,0,8,7109
v_proj,1251,0,8,7355
rope,1251,0,8,26591
attn,1251,0,8,32998
o_proj,1251,0,8,8466
post_layernorm,1251,0,8,79464
gate_proj,1251,0,8,26959
up_proj,1251,0,8,25608
act_fn,1251,0,8,6480
down_proj,1251,0,8,24071
final_layernorm,1251,0,8,81623
lm_head,1251,0,8,219353
embedding,1252,0,8,36307
input_layernorm,1252,0,8,81307
q_proj,1252,0,8,8614
k_proj,1252,0,8,7089
v_proj,1252,0,8,7390
rope,1252,0,8,26694
attn,1252,0,8,32977
o_proj,1252,0,8,8461
post_layernorm,1252,0,8,79639
gate_proj,1252,0,8,26852
up_proj,1252,0,8,25546
act_fn,1252,0,8,6472
down_proj,1252,0,8,24059
final_layernorm,1252,0,8,81922
lm_head,1252,0,8,219462
embedding,1253,0,8,36653
input_layernorm,1253,0,8,82234
q_proj,1253,0,8,8664
k_proj,1253,0,8,7075
v_proj,1253,0,8,7356
rope,1253,0,8,26767
attn,1253,0,8,33264
o_proj,1253,0,8,8503
post_layernorm,1253,0,8,80288
gate_proj,1253,0,8,27132
up_proj,1253,0,8,25646
act_fn,1253,0,8,6494
down_proj,1253,0,8,24087
final_layernorm,1253,0,8,82848
lm_head,1253,0,8,219730
embedding,1254,0,8,36441
input_layernorm,1254,0,8,81834
q_proj,1254,0,8,8622
k_proj,1254,0,8,7038
v_proj,1254,0,8,7270
rope,1254,0,8,26604
attn,1254,0,8,32621
o_proj,1254,0,8,8460
post_layernorm,1254,0,8,79943
gate_proj,1254,0,8,26876
up_proj,1254,0,8,25490
act_fn,1254,0,8,6478
down_proj,1254,0,8,24036
final_layernorm,1254,0,8,82405
lm_head,1254,0,8,219428
embedding,1255,0,8,36425
input_layernorm,1255,0,8,81926
q_proj,1255,0,8,8618
k_proj,1255,0,8,7025
v_proj,1255,0,8,7312
rope,1255,0,8,26588
attn,1255,0,8,32935
o_proj,1255,0,8,8466
post_layernorm,1255,0,8,79865
gate_proj,1255,0,8,26828
up_proj,1255,0,8,25499
act_fn,1255,0,8,6500
down_proj,1255,0,8,24041
final_layernorm,1255,0,8,82584
lm_head,1255,0,8,219429
embedding,1256,0,8,36692
input_layernorm,1256,0,8,82043
q_proj,1256,0,8,8643
k_proj,1256,0,8,6934
v_proj,1256,0,8,7157
rope,1256,0,8,26831
attn,1256,0,8,32790
o_proj,1256,0,8,8485
post_layernorm,1256,0,8,79948
gate_proj,1256,0,8,27049
up_proj,1256,0,8,25633
act_fn,1256,0,8,6527
down_proj,1256,0,8,24096
final_layernorm,1256,0,8,82458
lm_head,1256,0,8,218356
embedding,1257,0,8,36433
input_layernorm,1257,0,8,82008
q_proj,1257,0,8,8627
k_proj,1257,0,8,7017
v_proj,1257,0,8,7289
rope,1257,0,8,26576
attn,1257,0,8,33063
o_proj,1257,0,8,8466
post_layernorm,1257,0,8,79944
gate_proj,1257,0,8,26832
up_proj,1257,0,8,25508
act_fn,1257,0,8,6514
down_proj,1257,0,8,24102
final_layernorm,1257,0,8,82586
lm_head,1257,0,8,219560
embedding,1258,0,8,36625
input_layernorm,1258,0,8,82298
q_proj,1258,0,8,8640
k_proj,1258,0,8,6850
v_proj,1258,0,8,7140
rope,1258,0,8,26684
attn,1258,0,8,32785
o_proj,1258,0,8,8478
post_layernorm,1258,0,8,80406
gate_proj,1258,0,8,26947
up_proj,1258,0,8,25525
act_fn,1258,0,8,6534
down_proj,1258,0,8,24069
final_layernorm,1258,0,8,83017
lm_head,1258,0,8,219746
embedding,1259,0,8,36574
input_layernorm,1259,0,8,82243
q_proj,1259,0,8,8630
k_proj,1259,0,8,6920
v_proj,1259,0,8,7121
rope,1259,0,8,26640
attn,1259,0,8,32940
o_proj,1259,0,8,8474
post_layernorm,1259,0,8,80454
gate_proj,1259,0,8,26874
up_proj,1259,0,8,25565
act_fn,1259,0,8,6520
down_proj,1259,0,8,24079
final_layernorm,1259,0,8,83043
lm_head,1259,0,8,219985
embedding,1260,0,8,36800
input_layernorm,1260,0,8,82582
q_proj,1260,0,8,8628
k_proj,1260,0,8,6979
v_proj,1260,0,8,7223
rope,1260,0,8,26849
attn,1260,0,8,32880
o_proj,1260,0,8,8478
post_layernorm,1260,0,8,80704
gate_proj,1260,0,8,26929
up_proj,1260,0,8,25510
act_fn,1260,0,8,6551
down_proj,1260,0,8,24071
final_layernorm,1260,0,8,83445
lm_head,1260,0,8,219803
embedding,1261,0,8,36330
input_layernorm,1261,0,8,82667
q_proj,1261,0,8,8617
k_proj,1261,0,8,6836
v_proj,1261,0,8,7110
rope,1261,0,8,26579
attn,1261,0,8,32882
o_proj,1261,0,8,8523
post_layernorm,1261,0,8,80795
gate_proj,1261,0,8,26809
up_proj,1261,0,8,25526
act_fn,1261,0,8,6539
down_proj,1261,0,8,24075
final_layernorm,1261,0,8,83731
lm_head,1261,0,8,219591
embedding,1262,0,8,36663
input_layernorm,1262,0,8,82676
q_proj,1262,0,8,8643
k_proj,1262,0,8,6868
v_proj,1262,0,8,7110
rope,1262,0,8,26639
attn,1262,0,8,33033
o_proj,1262,0,8,8540
post_layernorm,1262,0,8,81054
gate_proj,1262,0,8,26946
up_proj,1262,0,8,25628
act_fn,1262,0,8,6549
down_proj,1262,0,8,24126
final_layernorm,1262,0,8,83551
lm_head,1262,0,8,219867
embedding,1263,0,8,36322
input_layernorm,1263,0,8,83102
q_proj,1263,0,8,8640
k_proj,1263,0,8,6891
v_proj,1263,0,8,7088
rope,1263,0,8,26670
attn,1263,0,8,33081
o_proj,1263,0,8,8542
post_layernorm,1263,0,8,81264
gate_proj,1263,0,8,26883
up_proj,1263,0,8,25580
act_fn,1263,0,8,6535
down_proj,1263,0,8,24114
final_layernorm,1263,0,8,84001
lm_head,1263,0,8,219832
embedding,1264,0,8,36712
input_layernorm,1264,0,8,83459
q_proj,1264,0,8,8690
k_proj,1264,0,8,6717
v_proj,1264,0,8,6960
rope,1264,0,8,26967
attn,1264,0,8,33071
o_proj,1264,0,8,8584
post_layernorm,1264,0,8,81390
gate_proj,1264,0,8,27133
up_proj,1264,0,8,25665
act_fn,1264,0,8,6545
down_proj,1264,0,8,24147
final_layernorm,1264,0,8,84319
lm_head,1264,0,8,220221
embedding,1265,0,8,36735
input_layernorm,1265,0,8,84114
q_proj,1265,0,8,8687
k_proj,1265,0,8,6661
v_proj,1265,0,8,6965
rope,1265,0,8,26887
attn,1265,0,8,33226
o_proj,1265,0,8,8585
post_layernorm,1265,0,8,82203
gate_proj,1265,0,8,27150
up_proj,1265,0,8,25686
act_fn,1265,0,8,6580
down_proj,1265,0,8,24141
final_layernorm,1265,0,8,84997
lm_head,1265,0,8,220140
embedding,1266,0,8,36521
input_layernorm,1266,0,8,83703
q_proj,1266,0,8,8639
k_proj,1266,0,8,6698
v_proj,1266,0,8,7049
rope,1266,0,8,26686
attn,1266,0,8,32978
o_proj,1266,0,8,8545
post_layernorm,1266,0,8,81617
gate_proj,1266,0,8,26819
up_proj,1266,0,8,25627
act_fn,1266,0,8,6580
down_proj,1266,0,8,24143
final_layernorm,1266,0,8,84497
lm_head,1266,0,8,220096
embedding,1267,0,8,36508
input_layernorm,1267,0,8,83952
q_proj,1267,0,8,8680
k_proj,1267,0,8,6634
v_proj,1267,0,8,6938
rope,1267,0,8,26911
attn,1267,0,8,33208
o_proj,1267,0,8,8602
post_layernorm,1267,0,8,82316
gate_proj,1267,0,8,27151
up_proj,1267,0,8,25699
act_fn,1267,0,8,6574
down_proj,1267,0,8,24151
final_layernorm,1267,0,8,85152
lm_head,1267,0,8,220723
embedding,1268,0,8,36629
input_layernorm,1268,0,8,83930
q_proj,1268,0,8,8633
k_proj,1268,0,8,6605
v_proj,1268,0,8,6943
rope,1268,0,8,26769
attn,1268,0,8,33043
o_proj,1268,0,8,8543
post_layernorm,1268,0,8,82215
gate_proj,1268,0,8,26857
up_proj,1268,0,8,25553
act_fn,1268,0,8,6592
down_proj,1268,0,8,24119
final_layernorm,1268,0,8,84471
lm_head,1268,0,8,219936
embedding,1269,0,8,36614
input_layernorm,1269,0,8,83903
q_proj,1269,0,8,8669
k_proj,1269,0,8,6652
v_proj,1269,0,8,6909
rope,1269,0,8,26799
attn,1269,0,8,32844
o_proj,1269,0,8,8569
post_layernorm,1269,0,8,82278
gate_proj,1269,0,8,27042
up_proj,1269,0,8,25608
act_fn,1269,0,8,6580
down_proj,1269,0,8,24135
final_layernorm,1269,0,8,84944
lm_head,1269,0,8,220139
embedding,1270,0,8,36717
input_layernorm,1270,0,8,83596
q_proj,1270,0,8,8646
k_proj,1270,0,8,6611
v_proj,1270,0,8,6867
rope,1270,0,8,26702
attn,1270,0,8,33007
o_proj,1270,0,8,8540
post_layernorm,1270,0,8,82319
gate_proj,1270,0,8,26852
up_proj,1270,0,8,25566
act_fn,1270,0,8,6603
down_proj,1270,0,8,24135
final_layernorm,1270,0,8,84689
lm_head,1270,0,8,220072
embedding,1271,0,8,36464
input_layernorm,1271,0,8,83703
q_proj,1271,0,8,8638
k_proj,1271,0,8,6658
v_proj,1271,0,8,6937
rope,1271,0,8,26681
attn,1271,0,8,33057
o_proj,1271,0,8,8528
post_layernorm,1271,0,8,82496
gate_proj,1271,0,8,26818
up_proj,1271,0,8,25574
act_fn,1271,0,8,6624
down_proj,1271,0,8,24120
final_layernorm,1271,0,8,85038
lm_head,1271,0,8,220191
embedding,1272,0,8,36950
input_layernorm,1272,0,8,84070
q_proj,1272,0,8,8664
k_proj,1272,0,8,6591
v_proj,1272,0,8,6818
rope,1272,0,8,26929
attn,1272,0,8,33127
o_proj,1272,0,8,8574
post_layernorm,1272,0,8,82578
gate_proj,1272,0,8,26985
up_proj,1272,0,8,25654
act_fn,1272,0,8,6600
down_proj,1272,0,8,24181
final_layernorm,1272,0,8,85021
lm_head,1272,0,8,218745
embedding,1273,0,8,36710
input_layernorm,1273,0,8,84699
q_proj,1273,0,8,8691
k_proj,1273,0,8,6613
v_proj,1273,0,8,6803
rope,1273,0,8,26952
attn,1273,0,8,33358
o_proj,1273,0,8,8602
post_layernorm,1273,0,8,83357
gate_proj,1273,0,8,27165
up_proj,1273,0,8,25723
act_fn,1273,0,8,6602
down_proj,1273,0,8,24196
final_layernorm,1273,0,8,85582
lm_head,1273,0,8,220756
embedding,1274,0,8,36897
input_layernorm,1274,0,8,84233
q_proj,1274,0,8,8667
k_proj,1274,0,8,6534
v_proj,1274,0,8,6769
rope,1274,0,8,26808
attn,1274,0,8,33144
o_proj,1274,0,8,8572
post_layernorm,1274,0,8,83248
gate_proj,1274,0,8,26955
up_proj,1274,0,8,25668
act_fn,1274,0,8,6642
down_proj,1274,0,8,24202
final_layernorm,1274,0,8,85326
lm_head,1274,0,8,220658
embedding,1275,0,8,36686
input_layernorm,1275,0,8,84340
q_proj,1275,0,8,8650
k_proj,1275,0,8,6554
v_proj,1275,0,8,6828
rope,1275,0,8,26739
attn,1275,0,8,33130
o_proj,1275,0,8,8564
post_layernorm,1275,0,8,83448
gate_proj,1275,0,8,26887
up_proj,1275,0,8,25591
act_fn,1275,0,8,6638
down_proj,1275,0,8,24161
final_layernorm,1275,0,8,85329
lm_head,1275,0,8,220161
embedding,1276,0,8,36844
input_layernorm,1276,0,8,84664
q_proj,1276,0,8,8658
k_proj,1276,0,8,6520
v_proj,1276,0,8,6784
rope,1276,0,8,26806
attn,1276,0,8,33068
o_proj,1276,0,8,8554
post_layernorm,1276,0,8,83334
gate_proj,1276,0,8,26930
up_proj,1276,0,8,25688
act_fn,1276,0,8,6633
down_proj,1276,0,8,24165
final_layernorm,1276,0,8,85453
lm_head,1276,0,8,220429
embedding,1277,0,8,37029
input_layernorm,1277,0,8,85097
q_proj,1277,0,8,8715
k_proj,1277,0,8,6580
v_proj,1277,0,8,6721
rope,1277,0,8,27024
attn,1277,0,8,33393
o_proj,1277,0,8,8617
post_layernorm,1277,0,8,84005
gate_proj,1277,0,8,27287
up_proj,1277,0,8,25787
act_fn,1277,0,8,6662
down_proj,1277,0,8,24242
final_layernorm,1277,0,8,86042
lm_head,1277,0,8,220663
embedding,1278,0,8,36735
input_layernorm,1278,0,8,84473
q_proj,1278,0,8,8676
k_proj,1278,0,8,6577
v_proj,1278,0,8,6819
rope,1278,0,8,26813
attn,1278,0,8,33108
o_proj,1278,0,8,8574
post_layernorm,1278,0,8,83642
gate_proj,1278,0,8,27021
up_proj,1278,0,8,25723
act_fn,1278,0,8,6676
down_proj,1278,0,8,24191
final_layernorm,1278,0,8,85740
lm_head,1278,0,8,220528
embedding,1279,0,8,36587
input_layernorm,1279,0,8,84875
q_proj,1279,0,8,8680
k_proj,1279,0,8,6543
v_proj,1279,0,8,6702
rope,1279,0,8,26839
attn,1279,0,8,33155
o_proj,1279,0,8,8586
post_layernorm,1279,0,8,83689
gate_proj,1279,0,8,27013
up_proj,1279,0,8,25695
act_fn,1279,0,8,6662
down_proj,1279,0,8,24211
final_layernorm,1279,0,8,85897
lm_head,1279,0,8,220287
embedding,1280,0,8,36663
input_layernorm,1280,0,8,84348
q_proj,1280,0,8,8670
k_proj,1280,0,8,6072
v_proj,1280,0,8,5915
rope,1280,0,8,26735
attn,1280,0,8,29212
o_proj,1280,0,8,8635
post_layernorm,1280,0,8,83187
gate_proj,1280,0,8,28090
up_proj,1280,0,8,26407
act_fn,1280,0,8,6537
down_proj,1280,0,8,24400
final_layernorm,1280,0,8,85271
lm_head,1280,0,8,220256
embedding,1281,0,8,36672
input_layernorm,1281,0,8,86033
q_proj,1281,0,8,8973
k_proj,1281,0,8,6730
v_proj,1281,0,8,6554
rope,1281,0,8,26827
attn,1281,0,8,35000
o_proj,1281,0,8,8597
post_layernorm,1281,0,8,85372
gate_proj,1281,0,8,27075
up_proj,1281,0,8,25660
act_fn,1281,0,8,6678
down_proj,1281,0,8,25107
final_layernorm,1281,0,8,85589
lm_head,1281,0,8,223261
embedding,1282,0,8,36448
input_layernorm,1282,0,8,86342
q_proj,1282,0,8,8971
k_proj,1282,0,8,6670
v_proj,1282,0,8,6502
rope,1282,0,8,26735
attn,1282,0,8,35046
o_proj,1282,0,8,8580
post_layernorm,1282,0,8,85180
gate_proj,1282,0,8,26931
up_proj,1282,0,8,25596
act_fn,1282,0,8,6689
down_proj,1282,0,8,25071
final_layernorm,1282,0,8,85537
lm_head,1282,0,8,223166
embedding,1283,0,8,36496
input_layernorm,1283,0,8,86535
q_proj,1283,0,8,8974
k_proj,1283,0,8,6709
v_proj,1283,0,8,6510
rope,1283,0,8,26708
attn,1283,0,8,35195
o_proj,1283,0,8,8595
post_layernorm,1283,0,8,85226
gate_proj,1283,0,8,26913
up_proj,1283,0,8,25649
act_fn,1283,0,8,6718
down_proj,1283,0,8,25083
final_layernorm,1283,0,8,85579
lm_head,1283,0,8,223294
embedding,1284,0,8,36754
input_layernorm,1284,0,8,86411
q_proj,1284,0,8,8961
k_proj,1284,0,8,6696
v_proj,1284,0,8,6505
rope,1284,0,8,26860
attn,1284,0,8,35077
o_proj,1284,0,8,8585
post_layernorm,1284,0,8,85479
gate_proj,1284,0,8,26881
up_proj,1284,0,8,25586
act_fn,1284,0,8,6704
down_proj,1284,0,8,25065
final_layernorm,1284,0,8,85396
lm_head,1284,0,8,223174
embedding,1285,0,8,36797
input_layernorm,1285,0,8,86535
q_proj,1285,0,8,8982
k_proj,1285,0,8,6691
v_proj,1285,0,8,6527
rope,1285,0,8,26779
attn,1285,0,8,35301
o_proj,1285,0,8,8592
post_layernorm,1285,0,8,85522
gate_proj,1285,0,8,26914
up_proj,1285,0,8,25664
act_fn,1285,0,8,6724
down_proj,1285,0,8,25110
final_layernorm,1285,0,8,85825
lm_head,1285,0,8,223437
embedding,1286,0,8,36636
input_layernorm,1286,0,8,86555
q_proj,1286,0,8,8969
k_proj,1286,0,8,6707
v_proj,1286,0,8,6510
rope,1286,0,8,26720
attn,1286,0,8,35079
o_proj,1286,0,8,8588
post_layernorm,1286,0,8,85608
gate_proj,1286,0,8,26891
up_proj,1286,0,8,25643
act_fn,1286,0,8,6716
down_proj,1286,0,8,25092
final_layernorm,1286,0,8,86072
lm_head,1286,0,8,223062
embedding,1287,0,8,37252
input_layernorm,1287,0,8,87055
q_proj,1287,0,8,9037
k_proj,1287,0,8,6831
v_proj,1287,0,8,6603
rope,1287,0,8,27027
attn,1287,0,8,35429
o_proj,1287,0,8,8648
post_layernorm,1287,0,8,86246
gate_proj,1287,0,8,27307
up_proj,1287,0,8,25777
act_fn,1287,0,8,6723
down_proj,1287,0,8,25273
final_layernorm,1287,0,8,86368
lm_head,1287,0,8,223701
embedding,1288,0,8,37258
input_layernorm,1288,0,8,86628
q_proj,1288,0,8,8983
k_proj,1288,0,8,6723
v_proj,1288,0,8,6535
rope,1288,0,8,26886
attn,1288,0,8,35058
o_proj,1288,0,8,8597
post_layernorm,1288,0,8,85466
gate_proj,1288,0,8,26989
up_proj,1288,0,8,25718
act_fn,1288,0,8,6737
down_proj,1288,0,8,25156
final_layernorm,1288,0,8,85870
lm_head,1288,0,8,223285
embedding,1289,0,8,37485
input_layernorm,1289,0,8,87102
q_proj,1289,0,8,8994
k_proj,1289,0,8,6776
v_proj,1289,0,8,6680
rope,1289,0,8,26894
attn,1289,0,8,35228
o_proj,1289,0,8,8605
post_layernorm,1289,0,8,85981
gate_proj,1289,0,8,27081
up_proj,1289,0,8,25686
act_fn,1289,0,8,6760
down_proj,1289,0,8,25134
final_layernorm,1289,0,8,86516
lm_head,1289,0,8,223771
embedding,1290,0,8,37489
input_layernorm,1290,0,8,86824
q_proj,1290,0,8,9001
k_proj,1290,0,8,6764
v_proj,1290,0,8,6663
rope,1290,0,8,26880
attn,1290,0,8,35047
o_proj,1290,0,8,8613
post_layernorm,1290,0,8,85735
gate_proj,1290,0,8,27091
up_proj,1290,0,8,25662
act_fn,1290,0,8,6743
down_proj,1290,0,8,25141
final_layernorm,1290,0,8,86172
lm_head,1290,0,8,223690
embedding,1291,0,8,37133
input_layernorm,1291,0,8,86936
q_proj,1291,0,8,8973
k_proj,1291,0,8,6731
v_proj,1291,0,8,6590
rope,1291,0,8,26801
attn,1291,0,8,34976
o_proj,1291,0,8,8592
post_layernorm,1291,0,8,85881
gate_proj,1291,0,8,26980
up_proj,1291,0,8,25589
act_fn,1291,0,8,6748
down_proj,1291,0,8,25064
final_layernorm,1291,0,8,86135
lm_head,1291,0,8,223374
embedding,1292,0,8,37128
input_layernorm,1292,0,8,86887
q_proj,1292,0,8,8975
k_proj,1292,0,8,6702
v_proj,1292,0,8,6555
rope,1292,0,8,26875
attn,1292,0,8,34997
o_proj,1292,0,8,8588
post_layernorm,1292,0,8,85936
gate_proj,1292,0,8,26902
up_proj,1292,0,8,25673
act_fn,1292,0,8,6757
down_proj,1292,0,8,25089
final_layernorm,1292,0,8,86314
lm_head,1292,0,8,223521
embedding,1293,0,8,37141
input_layernorm,1293,0,8,86989
q_proj,1293,0,8,8965
k_proj,1293,0,8,6685
v_proj,1293,0,8,6556
rope,1293,0,8,26757
attn,1293,0,8,35139
o_proj,1293,0,8,8590
post_layernorm,1293,0,8,86044
gate_proj,1293,0,8,26819
up_proj,1293,0,8,25597
act_fn,1293,0,8,6754
down_proj,1293,0,8,25090
final_layernorm,1293,0,8,86622
lm_head,1293,0,8,223420
embedding,1294,0,8,37356
input_layernorm,1294,0,8,87455
q_proj,1294,0,8,9049
k_proj,1294,0,8,6819
v_proj,1294,0,8,6714
rope,1294,0,8,27153
attn,1294,0,8,35606
o_proj,1294,0,8,8679
post_layernorm,1294,0,8,86740
gate_proj,1294,0,8,27302
up_proj,1294,0,8,25817
act_fn,1294,0,8,6772
down_proj,1294,0,8,25305
final_layernorm,1294,0,8,86863
lm_head,1294,0,8,224212
embedding,1295,0,8,37719
input_layernorm,1295,0,8,87212
q_proj,1295,0,8,8993
k_proj,1295,0,8,6737
v_proj,1295,0,8,6612
rope,1295,0,8,26818
attn,1295,0,8,35035
o_proj,1295,0,8,8607
post_layernorm,1295,0,8,86176
gate_proj,1295,0,8,27051
up_proj,1295,0,8,25623
act_fn,1295,0,8,6801
down_proj,1295,0,8,25113
final_layernorm,1295,0,8,86715
lm_head,1295,0,8,223708
embedding,1296,0,8,37139
input_layernorm,1296,0,8,86987
q_proj,1296,0,8,9325
k_proj,1296,0,8,6223
v_proj,1296,0,8,5954
rope,1296,0,8,26965
attn,1296,0,8,35025
o_proj,1296,0,8,8728
post_layernorm,1296,0,8,86074
gate_proj,1296,0,8,27109
up_proj,1296,0,8,25635
act_fn,1296,0,8,6816
down_proj,1296,0,8,25443
final_layernorm,1296,0,8,86396
lm_head,1296,0,8,223757
embedding,1297,0,8,37461
input_layernorm,1297,0,8,87691
q_proj,1297,0,8,9028
k_proj,1297,0,8,6090
v_proj,1297,0,8,5713
rope,1297,0,8,26879
attn,1297,0,8,35285
o_proj,1297,0,8,8648
post_layernorm,1297,0,8,86711
gate_proj,1297,0,8,28316
up_proj,1297,0,8,26798
act_fn,1297,0,8,6758
down_proj,1297,0,8,25268
final_layernorm,1297,0,8,86985
lm_head,1297,0,8,223781
embedding,1298,0,8,37410
input_layernorm,1298,0,8,87224
q_proj,1298,0,8,8988
k_proj,1298,0,8,6061
v_proj,1298,0,8,5638
rope,1298,0,8,26799
attn,1298,0,8,34982
o_proj,1298,0,8,8605
post_layernorm,1298,0,8,86397
gate_proj,1298,0,8,28174
up_proj,1298,0,8,26679
act_fn,1298,0,8,6758
down_proj,1298,0,8,25123
final_layernorm,1298,0,8,86871
lm_head,1298,0,8,223681
embedding,1299,0,8,37163
input_layernorm,1299,0,8,87354
q_proj,1299,0,8,8987
k_proj,1299,0,8,6019
v_proj,1299,0,8,5588
rope,1299,0,8,26762
attn,1299,0,8,35219
o_proj,1299,0,8,8624
post_layernorm,1299,0,8,86649
gate_proj,1299,0,8,28196
up_proj,1299,0,8,26716
act_fn,1299,0,8,6756
down_proj,1299,0,8,25202
final_layernorm,1299,0,8,87192
lm_head,1299,0,8,223732
embedding,1300,0,8,37009
input_layernorm,1300,0,8,87630
q_proj,1300,0,8,8994
k_proj,1300,0,8,6069
v_proj,1300,0,8,5579
rope,1300,0,8,26967
attn,1300,0,8,35084
o_proj,1300,0,8,8637
post_layernorm,1300,0,8,86873
gate_proj,1300,0,8,28271
up_proj,1300,0,8,26735
act_fn,1300,0,8,6779
down_proj,1300,0,8,25144
final_layernorm,1300,0,8,87517
lm_head,1300,0,8,223894
embedding,1301,0,8,37280
input_layernorm,1301,0,8,87479
q_proj,1301,0,8,8999
k_proj,1301,0,8,6009
v_proj,1301,0,8,5600
rope,1301,0,8,26824
attn,1301,0,8,35297
o_proj,1301,0,8,8640
post_layernorm,1301,0,8,86885
gate_proj,1301,0,8,28178
up_proj,1301,0,8,26718
act_fn,1301,0,8,6782
down_proj,1301,0,8,25182
final_layernorm,1301,0,8,87356
lm_head,1301,0,8,223641
embedding,1302,0,8,37164
input_layernorm,1302,0,8,87841
q_proj,1302,0,8,9009
k_proj,1302,0,8,6056
v_proj,1302,0,8,5585
rope,1302,0,8,26966
attn,1302,0,8,35052
o_proj,1302,0,8,8621
post_layernorm,1302,0,8,86984
gate_proj,1302,0,8,28242
up_proj,1302,0,8,26699
act_fn,1302,0,8,6770
down_proj,1302,0,8,25135
final_layernorm,1302,0,8,87677
lm_head,1302,0,8,224039
embedding,1303,0,8,37184
input_layernorm,1303,0,8,87991
q_proj,1303,0,8,8999
k_proj,1303,0,8,6018
v_proj,1303,0,8,5574
rope,1303,0,8,26956
attn,1303,0,8,35254
o_proj,1303,0,8,8611
post_layernorm,1303,0,8,87083
gate_proj,1303,0,8,28193
up_proj,1303,0,8,26726
act_fn,1303,0,8,6807
down_proj,1303,0,8,25200
final_layernorm,1303,0,8,87660
lm_head,1303,0,8,223753
embedding,1304,0,8,36988
input_layernorm,1304,0,8,87798
q_proj,1304,0,8,9008
k_proj,1304,0,8,6066
v_proj,1304,0,8,5567
rope,1304,0,8,27061
attn,1304,0,8,35159
o_proj,1304,0,8,8613
post_layernorm,1304,0,8,86036
gate_proj,1304,0,8,28260
up_proj,1304,0,8,26715
act_fn,1304,0,8,6801
down_proj,1304,0,8,25141
final_layernorm,1304,0,8,87672
lm_head,1304,0,8,223802
embedding,1305,0,8,37303
input_layernorm,1305,0,8,88379
q_proj,1305,0,8,9027
k_proj,1305,0,8,6101
v_proj,1305,0,8,5577
rope,1305,0,8,27025
attn,1305,0,8,35128
o_proj,1305,0,8,8623
post_layernorm,1305,0,8,86545
gate_proj,1305,0,8,28257
up_proj,1305,0,8,26727
act_fn,1305,0,8,6797
down_proj,1305,0,8,25188
final_layernorm,1305,0,8,88046
lm_head,1305,0,8,224006
embedding,1306,0,8,37113
input_layernorm,1306,0,8,88339
q_proj,1306,0,8,9031
k_proj,1306,0,8,6143
v_proj,1306,0,8,5580
rope,1306,0,8,27107
attn,1306,0,8,35292
o_proj,1306,0,8,8633
post_layernorm,1306,0,8,87072
gate_proj,1306,0,8,28320
up_proj,1306,0,8,26814
act_fn,1306,0,8,6803
down_proj,1306,0,8,25275
final_layernorm,1306,0,8,88000
lm_head,1306,0,8,224163
embedding,1307,0,8,37485
input_layernorm,1307,0,8,88288
q_proj,1307,0,8,8995
k_proj,1307,0,8,6047
v_proj,1307,0,8,5556
rope,1307,0,8,27002
attn,1307,0,8,35113
o_proj,1307,0,8,8600
post_layernorm,1307,0,8,86786
gate_proj,1307,0,8,28118
up_proj,1307,0,8,26681
act_fn,1307,0,8,6823
down_proj,1307,0,8,25171
final_layernorm,1307,0,8,88097
lm_head,1307,0,8,223799
embedding,1308,0,8,37475
input_layernorm,1308,0,8,88832
q_proj,1308,0,8,9071
k_proj,1308,0,8,6098
v_proj,1308,0,8,5627
rope,1308,0,8,27436
attn,1308,0,8,35607
o_proj,1308,0,8,8683
post_layernorm,1308,0,8,87499
gate_proj,1308,0,8,28523
up_proj,1308,0,8,26908
act_fn,1308,0,8,6783
down_proj,1308,0,8,25335
final_layernorm,1308,0,8,88417
lm_head,1308,0,8,224257
embedding,1309,0,8,37451
input_layernorm,1309,0,8,88426
q_proj,1309,0,8,9003
k_proj,1309,0,8,6114
v_proj,1309,0,8,5556
rope,1309,0,8,27002
attn,1309,0,8,35233
o_proj,1309,0,8,8614
post_layernorm,1309,0,8,87012
gate_proj,1309,0,8,28194
up_proj,1309,0,8,26766
act_fn,1309,0,8,6860
down_proj,1309,0,8,25238
final_layernorm,1309,0,8,88041
lm_head,1309,0,8,223965
embedding,1310,0,8,37889
input_layernorm,1310,0,8,88966
q_proj,1310,0,8,9070
k_proj,1310,0,8,6141
v_proj,1310,0,8,5599
rope,1310,0,8,27316
attn,1310,0,8,35517
o_proj,1310,0,8,8688
post_layernorm,1310,0,8,87686
gate_proj,1310,0,8,28512
up_proj,1310,0,8,26913
act_fn,1310,0,8,6802
down_proj,1310,0,8,25323
final_layernorm,1310,0,8,88661
lm_head,1310,0,8,224308
embedding,1311,0,8,37288
input_layernorm,1311,0,8,88549
q_proj,1311,0,8,9028
k_proj,1311,0,8,6090
v_proj,1311,0,8,5582
rope,1311,0,8,27161
attn,1311,0,8,35464
o_proj,1311,0,8,8634
post_layernorm,1311,0,8,87405
gate_proj,1311,0,8,28287
up_proj,1311,0,8,26806
act_fn,1311,0,8,6850
down_proj,1311,0,8,25295
final_layernorm,1311,0,8,88446
lm_head,1311,0,8,224140
embedding,1312,0,8,37353
input_layernorm,1312,0,8,88328
q_proj,1312,0,8,10392
k_proj,1312,0,8,6175
v_proj,1312,0,8,5880
rope,1312,0,8,27367
attn,1312,0,8,35087
o_proj,1312,0,8,9206
post_layernorm,1312,0,8,86932
gate_proj,1312,0,8,27944
up_proj,1312,0,8,26466
act_fn,1312,0,8,6769
down_proj,1312,0,8,30345
final_layernorm,1312,0,8,87876
lm_head,1312,0,8,223931
embedding,1313,0,8,37386
input_layernorm,1313,0,8,88733
q_proj,1313,0,8,9000
k_proj,1313,0,8,6102
v_proj,1313,0,8,5549
rope,1313,0,8,27003
attn,1313,0,8,35103
o_proj,1313,0,8,8616
post_layernorm,1313,0,8,87224
gate_proj,1313,0,8,28143
up_proj,1313,0,8,26678
act_fn,1313,0,8,6892
down_proj,1313,0,8,25166
final_layernorm,1313,0,8,88527
lm_head,1313,0,8,223935
embedding,1314,0,8,37658
input_layernorm,1314,0,8,89002
q_proj,1314,0,8,9033
k_proj,1314,0,8,6096
v_proj,1314,0,8,5590
rope,1314,0,8,27240
attn,1314,0,8,35211
o_proj,1314,0,8,8648
post_layernorm,1314,0,8,87682
gate_proj,1314,0,8,28333
up_proj,1314,0,8,26806
act_fn,1314,0,8,6830
down_proj,1314,0,8,25248
final_layernorm,1314,0,8,89122
lm_head,1314,0,8,224265
embedding,1315,0,8,37651
input_layernorm,1315,0,8,88908
q_proj,1315,0,8,9021
k_proj,1315,0,8,6169
v_proj,1315,0,8,5550
rope,1315,0,8,27085
attn,1315,0,8,35310
o_proj,1315,0,8,8616
post_layernorm,1315,0,8,87628
gate_proj,1315,0,8,28236
up_proj,1315,0,8,26797
act_fn,1315,0,8,6879
down_proj,1315,0,8,25275
final_layernorm,1315,0,8,88733
lm_head,1315,0,8,224297
embedding,1316,0,8,37577
input_layernorm,1316,0,8,89150
q_proj,1316,0,8,9056
k_proj,1316,0,8,6214
v_proj,1316,0,8,5601
rope,1316,0,8,27405
attn,1316,0,8,35396
o_proj,1316,0,8,8662
post_layernorm,1316,0,8,87887
gate_proj,1316,0,8,28441
up_proj,1316,0,8,26865
act_fn,1316,0,8,6867
down_proj,1316,0,8,25325
final_layernorm,1316,0,8,89069
lm_head,1316,0,8,224584
embedding,1317,0,8,37348
input_layernorm,1317,0,8,89209
q_proj,1317,0,8,9056
k_proj,1317,0,8,6094
v_proj,1317,0,8,5583
rope,1317,0,8,27227
attn,1317,0,8,35232
o_proj,1317,0,8,8658
post_layernorm,1317,0,8,87698
gate_proj,1317,0,8,28323
up_proj,1317,0,8,26838
act_fn,1317,0,8,6877
down_proj,1317,0,8,25328
final_layernorm,1317,0,8,88865
lm_head,1317,0,8,224464
embedding,1318,0,8,37897
input_layernorm,1318,0,8,89467
q_proj,1318,0,8,9066
k_proj,1318,0,8,6154
v_proj,1318,0,8,5611
rope,1318,0,8,27379
attn,1318,0,8,35399
o_proj,1318,0,8,8693
post_layernorm,1318,0,8,88119
gate_proj,1318,0,8,28468
up_proj,1318,0,8,26858
act_fn,1318,0,8,6894
down_proj,1318,0,8,25312
final_layernorm,1318,0,8,89274
lm_head,1318,0,8,224695
embedding,1319,0,8,37944
input_layernorm,1319,0,8,89258
q_proj,1319,0,8,9040
k_proj,1319,0,8,6119
v_proj,1319,0,8,5594
rope,1319,0,8,27192
attn,1319,0,8,35358
o_proj,1319,0,8,8640
post_layernorm,1319,0,8,88060
gate_proj,1319,0,8,28295
up_proj,1319,0,8,26825
act_fn,1319,0,8,6937
down_proj,1319,0,8,25308
final_layernorm,1319,0,8,89012
lm_head,1319,0,8,224699
embedding,1320,0,8,38218
input_layernorm,1320,0,8,88874
q_proj,1320,0,8,9028
k_proj,1320,0,8,6149
v_proj,1320,0,8,5570
rope,1320,0,8,27287
attn,1320,0,8,35151
o_proj,1320,0,8,8642
post_layernorm,1320,0,8,87867
gate_proj,1320,0,8,28305
up_proj,1320,0,8,26756
act_fn,1320,0,8,6907
down_proj,1320,0,8,25232
final_layernorm,1320,0,8,88777
lm_head,1320,0,8,224666
embedding,1321,0,8,38320
input_layernorm,1321,0,8,89119
q_proj,1321,0,8,9033
k_proj,1321,0,8,6529
v_proj,1321,0,8,6284
rope,1321,0,8,27236
attn,1321,0,8,35316
o_proj,1321,0,8,8642
post_layernorm,1321,0,8,88014
gate_proj,1321,0,8,28223
up_proj,1321,0,8,26753
act_fn,1321,0,8,6915
down_proj,1321,0,8,25281
final_layernorm,1321,0,8,89076
lm_head,1321,0,8,224360
embedding,1322,0,8,38190
input_layernorm,1322,0,8,89685
q_proj,1322,0,8,9063
k_proj,1322,0,8,6548
v_proj,1322,0,8,6335
rope,1322,0,8,27435
attn,1322,0,8,35303
o_proj,1322,0,8,8681
post_layernorm,1322,0,8,88532
gate_proj,1322,0,8,28417
up_proj,1322,0,8,26878
act_fn,1322,0,8,6947
down_proj,1322,0,8,25286
final_layernorm,1322,0,8,89427
lm_head,1322,0,8,224664
embedding,1323,0,8,38144
input_layernorm,1323,0,8,89855
q_proj,1323,0,8,9069
k_proj,1323,0,8,6581
v_proj,1323,0,8,6321
rope,1323,0,8,27475
attn,1323,0,8,35720
o_proj,1323,0,8,8686
post_layernorm,1323,0,8,88757
gate_proj,1323,0,8,28448
up_proj,1323,0,8,26884
act_fn,1323,0,8,6930
down_proj,1323,0,8,25322
final_layernorm,1323,0,8,89719
lm_head,1323,0,8,224667
embedding,1324,0,8,38236
input_layernorm,1324,0,8,89533
q_proj,1324,0,8,9053
k_proj,1324,0,8,6591
v_proj,1324,0,8,6309
rope,1324,0,8,27427
attn,1324,0,8,35317
o_proj,1324,0,8,8662
post_layernorm,1324,0,8,88536
gate_proj,1324,0,8,28376
up_proj,1324,0,8,26903
act_fn,1324,0,8,6937
down_proj,1324,0,8,25398
final_layernorm,1324,0,8,89455
lm_head,1324,0,8,224587
embedding,1325,0,8,38469
input_layernorm,1325,0,8,89715
q_proj,1325,0,8,9089
k_proj,1325,0,8,6593
v_proj,1325,0,8,6369
rope,1325,0,8,27559
attn,1325,0,8,35564
o_proj,1325,0,8,8702
post_layernorm,1325,0,8,88705
gate_proj,1325,0,8,28560
up_proj,1325,0,8,26936
act_fn,1325,0,8,6948
down_proj,1325,0,8,25392
final_layernorm,1325,0,8,89847
lm_head,1325,0,8,224786
embedding,1326,0,8,38118
input_layernorm,1326,0,8,89943
q_proj,1326,0,8,9080
k_proj,1326,0,8,6560
v_proj,1326,0,8,6342
rope,1326,0,8,27481
attn,1326,0,8,35582
o_proj,1326,0,8,8681
post_layernorm,1326,0,8,88848
gate_proj,1326,0,8,28485
up_proj,1326,0,8,26890
act_fn,1326,0,8,6958
down_proj,1326,0,8,25358
final_layernorm,1326,0,8,89741
lm_head,1326,0,8,224742
embedding,1327,0,8,37944
input_layernorm,1327,0,8,89265
q_proj,1327,0,8,9025
k_proj,1327,0,8,6501
v_proj,1327,0,8,6283
rope,1327,0,8,27272
attn,1327,0,8,35177
o_proj,1327,0,8,8661
post_layernorm,1327,0,8,88378
gate_proj,1327,0,8,28208
up_proj,1327,0,8,26802
act_fn,1327,0,8,6978
down_proj,1327,0,8,25278
final_layernorm,1327,0,8,89479
lm_head,1327,0,8,224620
embedding,1328,0,8,38150
input_layernorm,1328,0,8,89668
q_proj,1328,0,8,9483
k_proj,1328,0,8,6238
v_proj,1328,0,8,5917
rope,1328,0,8,27698
attn,1328,0,8,35368
o_proj,1328,0,8,8786
post_layernorm,1328,0,8,88582
gate_proj,1328,0,8,28190
up_proj,1328,0,8,26573
act_fn,1328,0,8,6883
down_proj,1328,0,8,25722
final_layernorm,1328,0,8,89655
lm_head,1328,0,8,224780
embedding,1329,0,8,38150
input_layernorm,1329,0,8,89980
q_proj,1329,0,8,9050
k_proj,1329,0,8,6549
v_proj,1329,0,8,6321
rope,1329,0,8,27418
attn,1329,0,8,34974
o_proj,1329,0,8,8671
post_layernorm,1329,0,8,88783
gate_proj,1329,0,8,28341
up_proj,1329,0,8,26810
act_fn,1329,0,8,6985
down_proj,1329,0,8,25268
final_layernorm,1329,0,8,89748
lm_head,1329,0,8,224845
embedding,1330,0,8,38107
input_layernorm,1330,0,8,89928
q_proj,1330,0,8,9074
k_proj,1330,0,8,6577
v_proj,1330,0,8,6338
rope,1330,0,8,27507
attn,1330,0,8,35043
o_proj,1330,0,8,8717
post_layernorm,1330,0,8,88872
gate_proj,1330,0,8,28365
up_proj,1330,0,8,26909
act_fn,1330,0,8,6983
down_proj,1330,0,8,25435
final_layernorm,1330,0,8,89799
lm_head,1330,0,8,224694
embedding,1331,0,8,38527
input_layernorm,1331,0,8,90296
q_proj,1331,0,8,9104
k_proj,1331,0,8,6616
v_proj,1331,0,8,6391
rope,1331,0,8,27732
attn,1331,0,8,35426
o_proj,1331,0,8,8731
post_layernorm,1331,0,8,89620
gate_proj,1331,0,8,28644
up_proj,1331,0,8,27008
act_fn,1331,0,8,7000
down_proj,1331,0,8,25489
final_layernorm,1331,0,8,90364
lm_head,1331,0,8,225123
embedding,1332,0,8,37919
input_layernorm,1332,0,8,89995
q_proj,1332,0,8,9037
k_proj,1332,0,8,6533
v_proj,1332,0,8,6278
rope,1332,0,8,27473
attn,1332,0,8,34889
o_proj,1332,0,8,8657
post_layernorm,1332,0,8,88935
gate_proj,1332,0,8,28233
up_proj,1332,0,8,26790
act_fn,1332,0,8,7015
down_proj,1332,0,8,25301
final_layernorm,1332,0,8,89919
lm_head,1332,0,8,224634
embedding,1333,0,8,38387
input_layernorm,1333,0,8,90459
q_proj,1333,0,8,9070
k_proj,1333,0,8,6542
v_proj,1333,0,8,6309
rope,1333,0,8,27545
attn,1333,0,8,35034
o_proj,1333,0,8,8665
post_layernorm,1333,0,8,89458
gate_proj,1333,0,8,28417
up_proj,1333,0,8,26854
act_fn,1333,0,8,7011
down_proj,1333,0,8,25301
final_layernorm,1333,0,8,90494
lm_head,1333,0,8,224863
embedding,1334,0,8,37850
input_layernorm,1334,0,8,90102
q_proj,1334,0,8,9032
k_proj,1334,0,8,6545
v_proj,1334,0,8,6296
rope,1334,0,8,27439
attn,1334,0,8,35259
o_proj,1334,0,8,8659
post_layernorm,1334,0,8,89067
gate_proj,1334,0,8,28244
up_proj,1334,0,8,26800
act_fn,1334,0,8,7009
down_proj,1334,0,8,25323
final_layernorm,1334,0,8,90082
lm_head,1334,0,8,224749
embedding,1335,0,8,38388
input_layernorm,1335,0,8,90277
q_proj,1335,0,8,9053
k_proj,1335,0,8,6528
v_proj,1335,0,8,6291
rope,1335,0,8,27587
attn,1335,0,8,35214
o_proj,1335,0,8,8676
post_layernorm,1335,0,8,89368
gate_proj,1335,0,8,28376
up_proj,1335,0,8,26857
act_fn,1335,0,8,7046
down_proj,1335,0,8,25298
final_layernorm,1335,0,8,90552
lm_head,1335,0,8,225128
embedding,1336,0,8,38128
input_layernorm,1336,0,8,90115
q_proj,1336,0,8,9043
k_proj,1336,0,8,6146
v_proj,1336,0,8,5858
rope,1336,0,8,27583
attn,1336,0,8,35100
o_proj,1336,0,8,8648
post_layernorm,1336,0,8,88933
gate_proj,1336,0,8,28234
up_proj,1336,0,8,26739
act_fn,1336,0,8,7042
down_proj,1336,0,8,25269
final_layernorm,1336,0,8,90047
lm_head,1336,0,8,224919
embedding,1337,0,8,38436
input_layernorm,1337,0,8,90612
q_proj,1337,0,8,9090
k_proj,1337,0,8,6584
v_proj,1337,0,8,6341
rope,1337,0,8,27703
attn,1337,0,8,35233
o_proj,1337,0,8,8711
post_layernorm,1337,0,8,89529
gate_proj,1337,0,8,28489
up_proj,1337,0,8,26933
act_fn,1337,0,8,7058
down_proj,1337,0,8,25390
final_layernorm,1337,0,8,90763
lm_head,1337,0,8,225241
embedding,1338,0,8,38240
input_layernorm,1338,0,8,90180
q_proj,1338,0,8,9064
k_proj,1338,0,8,6536
v_proj,1338,0,8,6296
rope,1338,0,8,27493
attn,1338,0,8,34968
o_proj,1338,0,8,8673
post_layernorm,1338,0,8,89292
gate_proj,1338,0,8,28241
up_proj,1338,0,8,26775
act_fn,1338,0,8,7060
down_proj,1338,0,8,25298
final_layernorm,1338,0,8,90252
lm_head,1338,0,8,224919
embedding,1339,0,8,38273
input_layernorm,1339,0,8,90676
q_proj,1339,0,8,9060
k_proj,1339,0,8,6566
v_proj,1339,0,8,6321
rope,1339,0,8,27688
attn,1339,0,8,34975
o_proj,1339,0,8,8709
post_layernorm,1339,0,8,89442
gate_proj,1339,0,8,28414
up_proj,1339,0,8,26847
act_fn,1339,0,8,7017
down_proj,1339,0,8,25323
final_layernorm,1339,0,8,90933
lm_head,1339,0,8,224962
embedding,1340,0,8,38026
input_layernorm,1340,0,8,90349
q_proj,1340,0,8,9057
k_proj,1340,0,8,6578
v_proj,1340,0,8,6288
rope,1340,0,8,27720
attn,1340,0,8,34907
o_proj,1340,0,8,8699
post_layernorm,1340,0,8,89333
gate_proj,1340,0,8,28284
up_proj,1340,0,8,26849
act_fn,1340,0,8,7045
down_proj,1340,0,8,25354
final_layernorm,1340,0,8,90575
lm_head,1340,0,8,224963
embedding,1341,0,8,38287
input_layernorm,1341,0,8,90749
q_proj,1341,0,8,9078
k_proj,1341,0,8,6565
v_proj,1341,0,8,6316
rope,1341,0,8,27743
attn,1341,0,8,34918
o_proj,1341,0,8,8696
post_layernorm,1341,0,8,89815
gate_proj,1341,0,8,28422
up_proj,1341,0,8,26893
act_fn,1341,0,8,7053
down_proj,1341,0,8,25394
final_layernorm,1341,0,8,90863
lm_head,1341,0,8,225058
embedding,1342,0,8,37781
input_layernorm,1342,0,8,90455
q_proj,1342,0,8,9045
k_proj,1342,0,8,6531
v_proj,1342,0,8,6249
rope,1342,0,8,27610
attn,1342,0,8,34906
o_proj,1342,0,8,8661
post_layernorm,1342,0,8,89467
gate_proj,1342,0,8,28211
up_proj,1342,0,8,26791
act_fn,1342,0,8,7051
down_proj,1342,0,8,25307
final_layernorm,1342,0,8,90592
lm_head,1342,0,8,225144
embedding,1343,0,8,38215
input_layernorm,1343,0,8,91544
q_proj,1343,0,8,9136
k_proj,1343,0,8,6659
v_proj,1343,0,8,6428
rope,1343,0,8,28052
attn,1343,0,8,35502
o_proj,1343,0,8,8749
post_layernorm,1343,0,8,90553
gate_proj,1343,0,8,28697
up_proj,1343,0,8,27053
act_fn,1343,0,8,7082
down_proj,1343,0,8,25539
final_layernorm,1343,0,8,91409
lm_head,1343,0,8,225375
embedding,1344,0,8,38412
input_layernorm,1344,0,8,90572
q_proj,1344,0,8,10010
k_proj,1344,0,8,6200
v_proj,1344,0,8,5857
rope,1344,0,8,27869
attn,1344,0,8,34944
o_proj,1344,0,8,9126
post_layernorm,1344,0,8,89417
gate_proj,1344,0,8,28079
up_proj,1344,0,8,26622
act_fn,1344,0,8,6994
down_proj,1344,0,8,29993
final_layernorm,1344,0,8,90238
lm_head,1344,0,8,225084
embedding,1345,0,8,38482
input_layernorm,1345,0,8,90714
q_proj,1345,0,8,9343
k_proj,1345,0,8,6573
v_proj,1345,0,8,6694
rope,1345,0,8,27561
attn,1345,0,8,35517
o_proj,1345,0,8,8914
post_layernorm,1345,0,8,89723
gate_proj,1345,0,8,28185
up_proj,1345,0,8,26824
act_fn,1345,0,8,7106
down_proj,1345,0,8,26216
final_layernorm,1345,0,8,90907
lm_head,1345,0,8,230097
embedding,1346,0,8,38425
input_layernorm,1346,0,8,91018
q_proj,1346,0,8,9352
k_proj,1346,0,8,6666
v_proj,1346,0,8,6721
rope,1346,0,8,27809
attn,1346,0,8,35382
o_proj,1346,0,8,8931
post_layernorm,1346,0,8,90086
gate_proj,1346,0,8,28357
up_proj,1346,0,8,26815
act_fn,1346,0,8,7099
down_proj,1346,0,8,26243
final_layernorm,1346,0,8,91072
lm_head,1346,0,8,230051
embedding,1347,0,8,38301
input_layernorm,1347,0,8,90931
q_proj,1347,0,8,9356
k_proj,1347,0,8,6706
v_proj,1347,0,8,6719
rope,1347,0,8,27639
attn,1347,0,8,36050
o_proj,1347,0,8,8909
post_layernorm,1347,0,8,89762
gate_proj,1347,0,8,28238
up_proj,1347,0,8,26897
act_fn,1347,0,8,7101
down_proj,1347,0,8,26293
final_layernorm,1347,0,8,90922
lm_head,1347,0,8,230078
embedding,1348,0,8,38509
input_layernorm,1348,0,8,90842
q_proj,1348,0,8,9323
k_proj,1348,0,8,6705
v_proj,1348,0,8,6760
rope,1348,0,8,27701
attn,1348,0,8,36058
o_proj,1348,0,8,8902
post_layernorm,1348,0,8,89864
gate_proj,1348,0,8,28148
up_proj,1348,0,8,26824
act_fn,1348,0,8,7093
down_proj,1348,0,8,26188
final_layernorm,1348,0,8,90999
lm_head,1348,0,8,230119
embedding,1349,0,8,38799
input_layernorm,1349,0,8,91533
q_proj,1349,0,8,9411
k_proj,1349,0,8,6776
v_proj,1349,0,8,6738
rope,1349,0,8,28014
attn,1349,0,8,36507
o_proj,1349,0,8,8982
post_layernorm,1349,0,8,90390
gate_proj,1349,0,8,28666
up_proj,1349,0,8,27058
act_fn,1349,0,8,7151
down_proj,1349,0,8,26479
final_layernorm,1349,0,8,91473
lm_head,1349,0,8,230733
embedding,1350,0,8,38753
input_layernorm,1350,0,8,91083
q_proj,1350,0,8,9360
k_proj,1350,0,8,6625
v_proj,1350,0,8,6665
rope,1350,0,8,27799
attn,1350,0,8,36165
o_proj,1350,0,8,8947
post_layernorm,1350,0,8,90235
gate_proj,1350,0,8,28337
up_proj,1350,0,8,26841
act_fn,1350,0,8,7166
down_proj,1350,0,8,26253
final_layernorm,1350,0,8,91075
lm_head,1350,0,8,230437
embedding,1351,0,8,39364
input_layernorm,1351,0,8,91764
q_proj,1351,0,8,9427
k_proj,1351,0,8,6724
v_proj,1351,0,8,6767
rope,1351,0,8,28026
attn,1351,0,8,36579
o_proj,1351,0,8,9001
post_layernorm,1351,0,8,90758
gate_proj,1351,0,8,28637
up_proj,1351,0,8,27038
act_fn,1351,0,8,7133
down_proj,1351,0,8,26459
final_layernorm,1351,0,8,91690
lm_head,1351,0,8,230700
embedding,1352,0,8,39075
input_layernorm,1352,0,8,91005
q_proj,1352,0,8,9345
k_proj,1352,0,8,6627
v_proj,1352,0,8,6750
rope,1352,0,8,27706
attn,1352,0,8,36127
o_proj,1352,0,8,8927
post_layernorm,1352,0,8,89844
gate_proj,1352,0,8,28231
up_proj,1352,0,8,26879
act_fn,1352,0,8,7116
down_proj,1352,0,8,26260
final_layernorm,1352,0,8,90826
lm_head,1352,0,8,230277
embedding,1353,0,8,39247
input_layernorm,1353,0,8,91780
q_proj,1353,0,8,9398
k_proj,1353,0,8,9556
v_proj,1353,0,8,11100
rope,1353,0,8,27945
attn,1353,0,8,36260
o_proj,1353,0,8,8966
post_layernorm,1353,0,8,90718
gate_proj,1353,0,8,28567
up_proj,1353,0,8,26973
act_fn,1353,0,8,7168
down_proj,1353,0,8,26400
final_layernorm,1353,0,8,91757
lm_head,1353,0,8,230722
embedding,1354,0,8,38713
input_layernorm,1354,0,8,91460
q_proj,1354,0,8,9332
k_proj,1354,0,8,9428
v_proj,1354,0,8,9130
rope,1354,0,8,27714
attn,1354,0,8,35781
o_proj,1354,0,8,8920
post_layernorm,1354,0,8,90439
gate_proj,1354,0,8,28211
up_proj,1354,0,8,26828
act_fn,1354,0,8,7176
down_proj,1354,0,8,26201
final_layernorm,1354,0,8,91490
lm_head,1354,0,8,230367
embedding,1355,0,8,39231
input_layernorm,1355,0,8,91892
q_proj,1355,0,8,9394
k_proj,1355,0,8,9442
v_proj,1355,0,8,9180
rope,1355,0,8,27973
attn,1355,0,8,36288
o_proj,1355,0,8,8978
post_layernorm,1355,0,8,91046
gate_proj,1355,0,8,28515
up_proj,1355,0,8,26953
act_fn,1355,0,8,7173
down_proj,1355,0,8,26389
final_layernorm,1355,0,8,91758
lm_head,1355,0,8,230673
embedding,1356,0,8,38785
input_layernorm,1356,0,8,91364
q_proj,1356,0,8,9351
k_proj,1356,0,8,10438
v_proj,1356,0,8,9397
rope,1356,0,8,27780
attn,1356,0,8,36076
o_proj,1356,0,8,8928
post_layernorm,1356,0,8,90466
gate_proj,1356,0,8,28192
up_proj,1356,0,8,26830
act_fn,1356,0,8,7181
down_proj,1356,0,8,26266
final_layernorm,1356,0,8,91301
lm_head,1356,0,8,230363
embedding,1357,0,8,39537
input_layernorm,1357,0,8,91928
q_proj,1357,0,8,9423
k_proj,1357,0,8,9379
v_proj,1357,0,8,9207
rope,1357,0,8,28067
attn,1357,0,8,36422
o_proj,1357,0,8,9001
post_layernorm,1357,0,8,91253
gate_proj,1357,0,8,28627
up_proj,1357,0,8,27019
act_fn,1357,0,8,7178
down_proj,1357,0,8,26413
final_layernorm,1357,0,8,92092
lm_head,1357,0,8,230605
embedding,1358,0,8,39297
input_layernorm,1358,0,8,91623
q_proj,1358,0,8,9364
k_proj,1358,0,8,9463
v_proj,1358,0,8,10928
rope,1358,0,8,27808
attn,1358,0,8,35820
o_proj,1358,0,8,8935
post_layernorm,1358,0,8,90451
gate_proj,1358,0,8,28244
up_proj,1358,0,8,26844
act_fn,1358,0,8,7173
down_proj,1358,0,8,26317
final_layernorm,1358,0,8,91494
lm_head,1358,0,8,230312
embedding,1359,0,8,39249
input_layernorm,1359,0,8,91710
q_proj,1359,0,8,9372
k_proj,1359,0,8,10365
v_proj,1359,0,8,9453
rope,1359,0,8,27857
attn,1359,0,8,36192
o_proj,1359,0,8,8959
post_layernorm,1359,0,8,90900
gate_proj,1359,0,8,28391
up_proj,1359,0,8,26852
act_fn,1359,0,8,7234
down_proj,1359,0,8,26261
final_layernorm,1359,0,8,92035
lm_head,1359,0,8,230573
embedding,1360,0,8,38997
input_layernorm,1360,0,8,91327
q_proj,1360,0,8,9359
k_proj,1360,0,8,8180
v_proj,1360,0,8,8444
rope,1360,0,8,27776
attn,1360,0,8,35903
o_proj,1360,0,8,8942
post_layernorm,1360,0,8,90248
gate_proj,1360,0,8,29423
up_proj,1360,0,8,27907
act_fn,1360,0,8,7127
down_proj,1360,0,8,26284
final_layernorm,1360,0,8,91344
lm_head,1360,0,8,230253
embedding,1361,0,8,39633
input_layernorm,1361,0,8,91687
q_proj,1361,0,8,9364
k_proj,1361,0,8,9533
v_proj,1361,0,8,10778
rope,1361,0,8,27761
attn,1361,0,8,36322
o_proj,1361,0,8,8960
post_layernorm,1361,0,8,90829
gate_proj,1361,0,8,28299
up_proj,1361,0,8,26895
act_fn,1361,0,8,7210
down_proj,1361,0,8,26270
final_layernorm,1361,0,8,91849
lm_head,1361,0,8,237717
embedding,1362,0,8,39836
input_layernorm,1362,0,8,92102
q_proj,1362,0,8,9407
k_proj,1362,0,8,9431
v_proj,1362,0,8,9096
rope,1362,0,8,28027
attn,1362,0,8,36200
o_proj,1362,0,8,8988
post_layernorm,1362,0,8,91453
gate_proj,1362,0,8,28543
up_proj,1362,0,8,26980
act_fn,1362,0,8,7217
down_proj,1362,0,8,26376
final_layernorm,1362,0,8,92175
lm_head,1362,0,8,238029
embedding,1363,0,8,39824
input_layernorm,1363,0,8,92208
q_proj,1363,0,8,9386
k_proj,1363,0,8,9340
v_proj,1363,0,8,9049
rope,1363,0,8,27961
attn,1363,0,8,36121
o_proj,1363,0,8,8961
post_layernorm,1363,0,8,91078
gate_proj,1363,0,8,28439
up_proj,1363,0,8,26909
act_fn,1363,0,8,7222
down_proj,1363,0,8,26340
final_layernorm,1363,0,8,92188
lm_head,1363,0,8,238111
embedding,1364,0,8,39993
input_layernorm,1364,0,8,92183
q_proj,1364,0,8,9373
k_proj,1364,0,8,10356
v_proj,1364,0,8,9254
rope,1364,0,8,27991
attn,1364,0,8,35959
o_proj,1364,0,8,8958
post_layernorm,1364,0,8,91135
gate_proj,1364,0,8,28371
up_proj,1364,0,8,26852
act_fn,1364,0,8,7212
down_proj,1364,0,8,26283
final_layernorm,1364,0,8,92194
lm_head,1364,0,8,237854
embedding,1365,0,8,39780
input_layernorm,1365,0,8,91593
q_proj,1365,0,8,9332
k_proj,1365,0,8,9532
v_proj,1365,0,8,9140
rope,1365,0,8,27683
attn,1365,0,8,36173
o_proj,1365,0,8,8911
post_layernorm,1365,0,8,90798
gate_proj,1365,0,8,28065
up_proj,1365,0,8,26787
act_fn,1365,0,8,7255
down_proj,1365,0,8,26180
final_layernorm,1365,0,8,92144
lm_head,1365,0,8,237577
embedding,1366,0,8,39472
input_layernorm,1366,0,8,92051
q_proj,1366,0,8,9377
k_proj,1366,0,8,9477
v_proj,1366,0,8,10590
rope,1366,0,8,27864
attn,1366,0,8,35903
o_proj,1366,0,8,8903
post_layernorm,1366,0,8,91305
gate_proj,1366,0,8,28399
up_proj,1366,0,8,26862
act_fn,1366,0,8,7241
down_proj,1366,0,8,26297
final_layernorm,1366,0,8,92419
lm_head,1366,0,8,237834
embedding,1367,0,8,39940
input_layernorm,1367,0,8,92098
q_proj,1367,0,8,9372
k_proj,1367,0,8,10278
v_proj,1367,0,8,9285
rope,1367,0,8,27764
attn,1367,0,8,36219
o_proj,1367,0,8,8902
post_layernorm,1367,0,8,91576
gate_proj,1367,0,8,28269
up_proj,1367,0,8,26899
act_fn,1367,0,8,7261
down_proj,1367,0,8,26334
final_layernorm,1367,0,8,92214
lm_head,1367,0,8,237831
embedding,1368,0,8,39392
input_layernorm,1368,0,8,91895
q_proj,1368,0,8,9383
k_proj,1368,0,8,7157
v_proj,1368,0,8,7481
rope,1368,0,8,27819
attn,1368,0,8,36034
o_proj,1368,0,8,8889
post_layernorm,1368,0,8,91197
gate_proj,1368,0,8,28282
up_proj,1368,0,8,26888
act_fn,1368,0,8,7257
down_proj,1368,0,8,26330
final_layernorm,1368,0,8,92368
lm_head,1368,0,8,237769
embedding,1369,0,8,38652
input_layernorm,1369,0,8,91985
q_proj,1369,0,8,9365
k_proj,1369,0,8,6959
v_proj,1369,0,8,6752
rope,1369,0,8,27811
attn,1369,0,8,36053
o_proj,1369,0,8,8880
post_layernorm,1369,0,8,91386
gate_proj,1369,0,8,28236
up_proj,1369,0,8,26760
act_fn,1369,0,8,7106
down_proj,1369,0,8,26247
final_layernorm,1369,0,8,92688
lm_head,1369,0,8,267090
embedding,1370,0,8,38483
input_layernorm,1370,0,8,91952
q_proj,1370,0,8,9375
k_proj,1370,0,8,6975
v_proj,1370,0,8,6743
rope,1370,0,8,27875
attn,1370,0,8,36156
o_proj,1370,0,8,8886
post_layernorm,1370,0,8,91404
gate_proj,1370,0,8,28271
up_proj,1370,0,8,26796
act_fn,1370,0,8,7127
down_proj,1370,0,8,26293
final_layernorm,1370,0,8,92615
lm_head,1370,0,8,267285
embedding,1371,0,8,38539
input_layernorm,1371,0,8,92351
q_proj,1371,0,8,9380
k_proj,1371,0,8,6969
v_proj,1371,0,8,6769
rope,1371,0,8,27839
attn,1371,0,8,36014
o_proj,1371,0,8,8900
post_layernorm,1371,0,8,91390
gate_proj,1371,0,8,28329
up_proj,1371,0,8,26846
act_fn,1371,0,8,7120
down_proj,1371,0,8,26320
final_layernorm,1371,0,8,92492
lm_head,1371,0,8,267628
embedding,1372,0,8,38719
input_layernorm,1372,0,8,92232
q_proj,1372,0,8,9363
k_proj,1372,0,8,6966
v_proj,1372,0,8,6730
rope,1372,0,8,27878
attn,1372,0,8,35942
o_proj,1372,0,8,8892
post_layernorm,1372,0,8,91472
gate_proj,1372,0,8,28235
up_proj,1372,0,8,26803
act_fn,1372,0,8,7132
down_proj,1372,0,8,26270
final_layernorm,1372,0,8,92754
lm_head,1372,0,8,267336
embedding,1373,0,8,38786
input_layernorm,1373,0,8,92343
q_proj,1373,0,8,9380
k_proj,1373,0,8,6975
v_proj,1373,0,8,6746
rope,1373,0,8,27845
attn,1373,0,8,36132
o_proj,1373,0,8,8904
post_layernorm,1373,0,8,91569
gate_proj,1373,0,8,28354
up_proj,1373,0,8,26892
act_fn,1373,0,8,7107
down_proj,1373,0,8,26392
final_layernorm,1373,0,8,92733
lm_head,1373,0,8,267837
embedding,1374,0,8,38898
input_layernorm,1374,0,8,91967
q_proj,1374,0,8,9363
k_proj,1374,0,8,6993
v_proj,1374,0,8,6730
rope,1374,0,8,27819
attn,1374,0,8,36077
o_proj,1374,0,8,8896
post_layernorm,1374,0,8,91605
gate_proj,1374,0,8,28272
up_proj,1374,0,8,26818
act_fn,1374,0,8,7153
down_proj,1374,0,8,26343
final_layernorm,1374,0,8,92450
lm_head,1374,0,8,267331
embedding,1375,0,8,39300
input_layernorm,1375,0,8,92899
q_proj,1375,0,8,9464
k_proj,1375,0,8,7099
v_proj,1375,0,8,6896
rope,1375,0,8,28275
attn,1375,0,8,36639
o_proj,1375,0,8,8978
post_layernorm,1375,0,8,92613
gate_proj,1375,0,8,28709
up_proj,1375,0,8,26967
act_fn,1375,0,8,7172
down_proj,1375,0,8,26556
final_layernorm,1375,0,8,93669
lm_head,1375,0,8,268049
embedding,1376,0,8,39083
input_layernorm,1376,0,8,92449
q_proj,1376,0,8,9730
k_proj,1376,0,8,6446
v_proj,1376,0,8,5859
rope,1376,0,8,28189
attn,1376,0,8,36325
o_proj,1376,0,8,9163
post_layernorm,1376,0,8,91772
gate_proj,1376,0,8,29595
up_proj,1376,0,8,27982
act_fn,1376,0,8,7250
down_proj,1376,0,8,29150
final_layernorm,1376,0,8,92898
lm_head,1376,0,8,267654
embedding,1377,0,8,38769
input_layernorm,1377,0,8,92808
q_proj,1377,0,8,9414
k_proj,1377,0,8,7863
v_proj,1377,0,8,8164
rope,1377,0,8,27995
attn,1377,0,8,35847
o_proj,1377,0,8,8921
post_layernorm,1377,0,8,92141
gate_proj,1377,0,8,28419
up_proj,1377,0,8,26842
act_fn,1377,0,8,7187
down_proj,1377,0,8,26342
final_layernorm,1377,0,8,93586
lm_head,1377,0,8,267659
embedding,1378,0,8,38550
input_layernorm,1378,0,8,92517
q_proj,1378,0,8,9374
k_proj,1378,0,8,7728
v_proj,1378,0,8,8035
rope,1378,0,8,27925
attn,1378,0,8,35956
o_proj,1378,0,8,8897
post_layernorm,1378,0,8,91772
gate_proj,1378,0,8,28229
up_proj,1378,0,8,26825
act_fn,1378,0,8,7165
down_proj,1378,0,8,26320
final_layernorm,1378,0,8,93012
lm_head,1378,0,8,267581
embedding,1379,0,8,38747
input_layernorm,1379,0,8,92697
q_proj,1379,0,8,9385
k_proj,1379,0,8,7627
v_proj,1379,0,8,7838
rope,1379,0,8,27889
attn,1379,0,8,36016
o_proj,1379,0,8,8892
post_layernorm,1379,0,8,91932
gate_proj,1379,0,8,28296
up_proj,1379,0,8,26813
act_fn,1379,0,8,7192
down_proj,1379,0,8,26304
final_layernorm,1379,0,8,93050
lm_head,1379,0,8,267790
embedding,1380,0,8,38882
input_layernorm,1380,0,8,92693
q_proj,1380,0,8,9389
k_proj,1380,0,8,7675
v_proj,1380,0,8,7899
rope,1380,0,8,27999
attn,1380,0,8,36116
o_proj,1380,0,8,8903
post_layernorm,1380,0,8,92002
gate_proj,1380,0,8,28365
up_proj,1380,0,8,26886
act_fn,1380,0,8,7192
down_proj,1380,0,8,26391
final_layernorm,1380,0,8,93061
lm_head,1380,0,8,267973
embedding,1381,0,8,38897
input_layernorm,1381,0,8,92916
q_proj,1381,0,8,9405
k_proj,1381,0,8,7848
v_proj,1381,0,8,8060
rope,1381,0,8,27950
attn,1381,0,8,36135
o_proj,1381,0,8,8923
post_layernorm,1381,0,8,91932
gate_proj,1381,0,8,28380
up_proj,1381,0,8,26913
act_fn,1381,0,8,7199
down_proj,1381,0,8,26394
final_layernorm,1381,0,8,93215
lm_head,1381,0,8,267773
embedding,1382,0,8,39184
input_layernorm,1382,0,8,93000
q_proj,1382,0,8,9384
k_proj,1382,0,8,7750
v_proj,1382,0,8,8002
rope,1382,0,8,27822
attn,1382,0,8,36099
o_proj,1382,0,8,8899
post_layernorm,1382,0,8,92305
gate_proj,1382,0,8,28251
up_proj,1382,0,8,26866
act_fn,1382,0,8,7211
down_proj,1382,0,8,26367
final_layernorm,1382,0,8,93346
lm_head,1382,0,8,267726
embedding,1383,0,8,39594
input_layernorm,1383,0,8,93786
q_proj,1383,0,8,9473
k_proj,1383,0,8,7674
v_proj,1383,0,8,7925
rope,1383,0,8,28402
attn,1383,0,8,36668
o_proj,1383,0,8,8986
post_layernorm,1383,0,8,93121
gate_proj,1383,0,8,28748
up_proj,1383,0,8,27015
act_fn,1383,0,8,7186
down_proj,1383,0,8,26541
final_layernorm,1383,0,8,94268
lm_head,1383,0,8,268417
embedding,1384,0,8,39196
input_layernorm,1384,0,8,92865
q_proj,1384,0,8,9416
k_proj,1384,0,8,7509
v_proj,1384,0,8,7765
rope,1384,0,8,28190
attn,1384,0,8,36023
o_proj,1384,0,8,8932
post_layernorm,1384,0,8,92222
gate_proj,1384,0,8,29612
up_proj,1384,0,8,27994
act_fn,1384,0,8,7271
down_proj,1384,0,8,26376
final_layernorm,1384,0,8,93686
lm_head,1384,0,8,267893
embedding,1385,0,8,39524
input_layernorm,1385,0,8,92955
q_proj,1385,0,8,9387
k_proj,1385,0,8,7620
v_proj,1385,0,8,7869
rope,1385,0,8,28043
attn,1385,0,8,36108
o_proj,1385,0,8,8911
post_layernorm,1385,0,8,92357
gate_proj,1385,0,8,28270
up_proj,1385,0,8,26800
act_fn,1385,0,8,7233
down_proj,1385,0,8,26324
final_layernorm,1385,0,8,93565
lm_head,1385,0,8,267665
embedding,1386,0,8,39537
input_layernorm,1386,0,8,93485
q_proj,1386,0,8,9437
k_proj,1386,0,8,7616
v_proj,1386,0,8,7892
rope,1386,0,8,28254
attn,1386,0,8,36148
o_proj,1386,0,8,8945
post_layernorm,1386,0,8,92908
gate_proj,1386,0,8,28547
up_proj,1386,0,8,26905
act_fn,1386,0,8,7244
down_proj,1386,0,8,26432
final_layernorm,1386,0,8,94107
lm_head,1386,0,8,267944
embedding,1387,0,8,39295
input_layernorm,1387,0,8,92634
q_proj,1387,0,8,9355
k_proj,1387,0,8,7371
v_proj,1387,0,8,7607
rope,1387,0,8,27773
attn,1387,0,8,35807
o_proj,1387,0,8,8900
post_layernorm,1387,0,8,92005
gate_proj,1387,0,8,28151
up_proj,1387,0,8,26830
act_fn,1387,0,8,7232
down_proj,1387,0,8,26326
final_layernorm,1387,0,8,93270
lm_head,1387,0,8,267522
embedding,1388,0,8,40031
input_layernorm,1388,0,8,93706
q_proj,1388,0,8,9475
k_proj,1388,0,8,7497
v_proj,1388,0,8,7793
rope,1388,0,8,28515
attn,1388,0,8,36740
o_proj,1388,0,8,8991
post_layernorm,1388,0,8,93224
gate_proj,1388,0,8,28784
up_proj,1388,0,8,27066
act_fn,1388,0,8,7239
down_proj,1388,0,8,26590
final_layernorm,1388,0,8,94153
lm_head,1388,0,8,268061
embedding,1389,0,8,40167
input_layernorm,1389,0,8,94111
q_proj,1389,0,8,9526
k_proj,1389,0,8,7557
v_proj,1389,0,8,7790
rope,1389,0,8,28662
attn,1389,0,8,37018
o_proj,1389,0,8,9024
post_layernorm,1389,0,8,93539
gate_proj,1389,0,8,28970
up_proj,1389,0,8,27162
act_fn,1389,0,8,7264
down_proj,1389,0,8,26742
final_layernorm,1389,0,8,94448
lm_head,1389,0,8,268600
embedding,1390,0,8,39691
input_layernorm,1390,0,8,93621
q_proj,1390,0,8,9434
k_proj,1390,0,8,7521
v_proj,1390,0,8,7709
rope,1390,0,8,28215
attn,1390,0,8,36131
o_proj,1390,0,8,8954
post_layernorm,1390,0,8,93026
gate_proj,1390,0,8,28461
up_proj,1390,0,8,26895
act_fn,1390,0,8,7252
down_proj,1390,0,8,26391
final_layernorm,1390,0,8,94149
lm_head,1390,0,8,268037
embedding,1391,0,8,40098
input_layernorm,1391,0,8,93929
q_proj,1391,0,8,9470
k_proj,1391,0,8,7369
v_proj,1391,0,8,7709
rope,1391,0,8,28389
attn,1391,0,8,36362
o_proj,1391,0,8,8969
post_layernorm,1391,0,8,93212
gate_proj,1391,0,8,28631
up_proj,1391,0,8,26946
act_fn,1391,0,8,7264
down_proj,1391,0,8,26489
final_layernorm,1391,0,8,94366
lm_head,1391,0,8,268128
embedding,1392,0,8,39546
input_layernorm,1392,0,8,93262
q_proj,1392,0,8,9416
k_proj,1392,0,8,7271
v_proj,1392,0,8,7507
rope,1392,0,8,28346
attn,1392,0,8,36185
o_proj,1392,0,8,8929
post_layernorm,1392,0,8,92695
gate_proj,1392,0,8,29596
up_proj,1392,0,8,27974
act_fn,1392,0,8,7378
down_proj,1392,0,8,26346
final_layernorm,1392,0,8,93938
lm_head,1392,0,8,267506
embedding,1393,0,8,40094
input_layernorm,1393,0,8,94252
q_proj,1393,0,8,9492
k_proj,1393,0,8,7282
v_proj,1393,0,8,7606
rope,1393,0,8,28639
attn,1393,0,8,36726
o_proj,1393,0,8,9011
post_layernorm,1393,0,8,93766
gate_proj,1393,0,8,28832
up_proj,1393,0,8,27062
act_fn,1393,0,8,7262
down_proj,1393,0,8,26600
final_layernorm,1393,0,8,94802
lm_head,1393,0,8,268469
embedding,1394,0,8,39680
input_layernorm,1394,0,8,93773
q_proj,1394,0,8,9426
k_proj,1394,0,8,7289
v_proj,1394,0,8,7564
rope,1394,0,8,28325
attn,1394,0,8,35913
o_proj,1394,0,8,8945
post_layernorm,1394,0,8,93193
gate_proj,1394,0,8,28448
up_proj,1394,0,8,26864
act_fn,1394,0,8,7243
down_proj,1394,0,8,26383
final_layernorm,1394,0,8,94470
lm_head,1394,0,8,267974
embedding,1395,0,8,40042
input_layernorm,1395,0,8,94133
q_proj,1395,0,8,9466
k_proj,1395,0,8,7238
v_proj,1395,0,8,7490
rope,1395,0,8,28489
attn,1395,0,8,36539
o_proj,1395,0,8,8977
post_layernorm,1395,0,8,93695
gate_proj,1395,0,8,28685
up_proj,1395,0,8,26975
act_fn,1395,0,8,7288
down_proj,1395,0,8,26494
final_layernorm,1395,0,8,94774
lm_head,1395,0,8,268232
embedding,1396,0,8,39941
input_layernorm,1396,0,8,94147
q_proj,1396,0,8,9439
k_proj,1396,0,8,7207
v_proj,1396,0,8,7469
rope,1396,0,8,28435
attn,1396,0,8,35777
o_proj,1396,0,8,8970
post_layernorm,1396,0,8,93340
gate_proj,1396,0,8,28534
up_proj,1396,0,8,26883
act_fn,1396,0,8,7283
down_proj,1396,0,8,26432
final_layernorm,1396,0,8,94673
lm_head,1396,0,8,268113
embedding,1397,0,8,40377
input_layernorm,1397,0,8,94327
q_proj,1397,0,8,9512
k_proj,1397,0,8,7259
v_proj,1397,0,8,7580
rope,1397,0,8,28587
attn,1397,0,8,36643
o_proj,1397,0,8,9004
post_layernorm,1397,0,8,93896
gate_proj,1397,0,8,28745
up_proj,1397,0,8,27018
act_fn,1397,0,8,7326
down_proj,1397,0,8,26575
final_layernorm,1397,0,8,95196
lm_head,1397,0,8,268620
embedding,1398,0,8,39603
input_layernorm,1398,0,8,93953
q_proj,1398,0,8,9396
k_proj,1398,0,8,7189
v_proj,1398,0,8,7398
rope,1398,0,8,28171
attn,1398,0,8,36058
o_proj,1398,0,8,8923
post_layernorm,1398,0,8,93152
gate_proj,1398,0,8,28279
up_proj,1398,0,8,26896
act_fn,1398,0,8,7330
down_proj,1398,0,8,26389
final_layernorm,1398,0,8,94360
lm_head,1398,0,8,267728
embedding,1399,0,8,39583
input_layernorm,1399,0,8,93766
q_proj,1399,0,8,9408
k_proj,1399,0,8,7150
v_proj,1399,0,8,7421
rope,1399,0,8,28223
attn,1399,0,8,36034
o_proj,1399,0,8,8932
post_layernorm,1399,0,8,93167
gate_proj,1399,0,8,28320
up_proj,1399,0,8,26932
act_fn,1399,0,8,7322
down_proj,1399,0,8,26451
final_layernorm,1399,0,8,94625
lm_head,1399,0,8,267998
embedding,1400,0,8,39350
input_layernorm,1400,0,8,93711
q_proj,1400,0,8,9412
k_proj,1400,0,8,7062
v_proj,1400,0,8,7231
rope,1400,0,8,28269
attn,1400,0,8,36172
o_proj,1400,0,8,8924
post_layernorm,1400,0,8,92939
gate_proj,1400,0,8,29437
up_proj,1400,0,8,28029
act_fn,1400,0,8,7406
down_proj,1400,0,8,26463
final_layernorm,1400,0,8,93957
lm_head,1400,0,8,267864
embedding,1401,0,8,39700
input_layernorm,1401,0,8,94000
q_proj,1401,0,8,9433
k_proj,1401,0,8,7081
v_proj,1401,0,8,7306
rope,1401,0,8,28210
attn,1401,0,8,36188
o_proj,1401,0,8,8927
post_layernorm,1401,0,8,93447
gate_proj,1401,0,8,29487
up_proj,1401,0,8,27998
act_fn,1401,0,8,7429
down_proj,1401,0,8,26436
final_layernorm,1401,0,8,94532
lm_head,1401,0,8,268031
embedding,1402,0,8,39666
input_layernorm,1402,0,8,93961
q_proj,1402,0,8,9410
k_proj,1402,0,8,6987
v_proj,1402,0,8,7265
rope,1402,0,8,28266
attn,1402,0,8,36192
o_proj,1402,0,8,8921
post_layernorm,1402,0,8,93498
gate_proj,1402,0,8,29396
up_proj,1402,0,8,27963
act_fn,1402,0,8,7429
down_proj,1402,0,8,26395
final_layernorm,1402,0,8,94472
lm_head,1402,0,8,267710
embedding,1403,0,8,39418
input_layernorm,1403,0,8,94011
q_proj,1403,0,8,9414
k_proj,1403,0,8,7014
v_proj,1403,0,8,7270
rope,1403,0,8,28197
attn,1403,0,8,36053
o_proj,1403,0,8,8927
post_layernorm,1403,0,8,93358
gate_proj,1403,0,8,29481
up_proj,1403,0,8,28039
act_fn,1403,0,8,7427
down_proj,1403,0,8,26461
final_layernorm,1403,0,8,94840
lm_head,1403,0,8,268147
embedding,1404,0,8,40054
input_layernorm,1404,0,8,94472
q_proj,1404,0,8,9453
k_proj,1404,0,8,7073
v_proj,1404,0,8,7296
rope,1404,0,8,28526
attn,1404,0,8,36214
o_proj,1404,0,8,8961
post_layernorm,1404,0,8,93634
gate_proj,1404,0,8,29612
up_proj,1404,0,8,28140
act_fn,1404,0,8,7469
down_proj,1404,0,8,26543
final_layernorm,1404,0,8,95114
lm_head,1404,0,8,268082
embedding,1405,0,8,39899
input_layernorm,1405,0,8,94165
q_proj,1405,0,8,9422
k_proj,1405,0,8,7011
v_proj,1405,0,8,7214
rope,1405,0,8,28290
attn,1405,0,8,36438
o_proj,1405,0,8,8942
post_layernorm,1405,0,8,93662
gate_proj,1405,0,8,29507
up_proj,1405,0,8,28049
act_fn,1405,0,8,7451
down_proj,1405,0,8,26464
final_layernorm,1405,0,8,94875
lm_head,1405,0,8,267825
embedding,1406,0,8,39860
input_layernorm,1406,0,8,95048
q_proj,1406,0,8,9514
k_proj,1406,0,8,6913
v_proj,1406,0,8,7092
rope,1406,0,8,28714
attn,1406,0,8,36704
o_proj,1406,0,8,9011
post_layernorm,1406,0,8,94351
gate_proj,1406,0,8,29898
up_proj,1406,0,8,28218
act_fn,1406,0,8,7467
down_proj,1406,0,8,26610
final_layernorm,1406,0,8,95776
lm_head,1406,0,8,268435
embedding,1407,0,8,40075
input_layernorm,1407,0,8,94623
q_proj,1407,0,8,9450
k_proj,1407,0,8,6967
v_proj,1407,0,8,7150
rope,1407,0,8,28322
attn,1407,0,8,36438
o_proj,1407,0,8,8943
post_layernorm,1407,0,8,93759
gate_proj,1407,0,8,29576
up_proj,1407,0,8,28093
act_fn,1407,0,8,7486
down_proj,1407,0,8,26501
final_layernorm,1407,0,8,95103
lm_head,1407,0,8,268162
embedding,1408,0,8,39945
input_layernorm,1408,0,8,94570
q_proj,1408,0,8,9744
k_proj,1408,0,8,6451
v_proj,1408,0,8,5743
rope,1408,0,8,28784
attn,1408,0,8,32756
o_proj,1408,0,8,9264
post_layernorm,1408,0,8,94011
gate_proj,1408,0,8,30928
up_proj,1408,0,8,29184
act_fn,1408,0,8,7631
down_proj,1408,0,8,29405
final_layernorm,1408,0,8,94749
lm_head,1408,0,8,268355
embedding,1409,0,8,39823
input_layernorm,1409,0,8,94933
q_proj,1409,0,8,9690
k_proj,1409,0,8,6525
v_proj,1409,0,8,5801
rope,1409,0,8,28503
attn,1409,0,8,36309
o_proj,1409,0,8,9507
post_layernorm,1409,0,8,94124
gate_proj,1409,0,8,29687
up_proj,1409,0,8,28138
act_fn,1409,0,8,7512
down_proj,1409,0,8,27707
final_layernorm,1409,0,8,95736
lm_head,1409,0,8,240268
embedding,1410,0,8,40020
input_layernorm,1410,0,8,94739
q_proj,1410,0,8,9662
k_proj,1410,0,8,6509
v_proj,1410,0,8,5770
rope,1410,0,8,28367
attn,1410,0,8,36048
o_proj,1410,0,8,9476
post_layernorm,1410,0,8,94090
gate_proj,1410,0,8,29560
up_proj,1410,0,8,28082
act_fn,1410,0,8,7494
down_proj,1410,0,8,27626
final_layernorm,1410,0,8,95618
lm_head,1410,0,8,240189
embedding,1411,0,8,39840
input_layernorm,1411,0,8,94763
q_proj,1411,0,8,9680
k_proj,1411,0,8,6512
v_proj,1411,0,8,5795
rope,1411,0,8,28533
attn,1411,0,8,36305
o_proj,1411,0,8,9494
post_layernorm,1411,0,8,94363
gate_proj,1411,0,8,29644
up_proj,1411,0,8,28181
act_fn,1411,0,8,7494
down_proj,1411,0,8,27680
final_layernorm,1411,0,8,95867
lm_head,1411,0,8,240311
embedding,1412,0,8,40646
input_layernorm,1412,0,8,95664
q_proj,1412,0,8,9747
k_proj,1412,0,8,6566
v_proj,1412,0,8,5839
rope,1412,0,8,28997
attn,1412,0,8,36830
o_proj,1412,0,8,9567
post_layernorm,1412,0,8,94841
gate_proj,1412,0,8,30023
up_proj,1412,0,8,28296
act_fn,1412,0,8,7480
down_proj,1412,0,8,27922
final_layernorm,1412,0,8,96254
lm_head,1412,0,8,240702
embedding,1413,0,8,39595
input_layernorm,1413,0,8,95007
q_proj,1413,0,8,9670
k_proj,1413,0,8,6579
v_proj,1413,0,8,5737
rope,1413,0,8,28432
attn,1413,0,8,35982
o_proj,1413,0,8,9483
post_layernorm,1413,0,8,93880
gate_proj,1413,0,8,29603
up_proj,1413,0,8,28119
act_fn,1413,0,8,7519
down_proj,1413,0,8,27641
final_layernorm,1413,0,8,95803
lm_head,1413,0,8,240274
embedding,1414,0,8,40346
input_layernorm,1414,0,8,95605
q_proj,1414,0,8,9735
k_proj,1414,0,8,6525
v_proj,1414,0,8,5822
rope,1414,0,8,28850
attn,1414,0,8,36522
o_proj,1414,0,8,9551
post_layernorm,1414,0,8,94540
gate_proj,1414,0,8,29934
up_proj,1414,0,8,28249
act_fn,1414,0,8,7520
down_proj,1414,0,8,27832
final_layernorm,1414,0,8,96306
lm_head,1414,0,8,240587
embedding,1415,0,8,39902
input_layernorm,1415,0,8,95119
q_proj,1415,0,8,9675
k_proj,1415,0,8,6493
v_proj,1415,0,8,5771
rope,1415,0,8,28455
attn,1415,0,8,36325
o_proj,1415,0,8,9495
post_layernorm,1415,0,8,94220
gate_proj,1415,0,8,29569
up_proj,1415,0,8,28095
act_fn,1415,0,8,7505
down_proj,1415,0,8,27634
final_layernorm,1415,0,8,95913
lm_head,1415,0,8,240356
embedding,1416,0,8,40596
input_layernorm,1416,0,8,94902
q_proj,1416,0,8,9698
k_proj,1416,0,8,6556
v_proj,1416,0,8,5779
rope,1416,0,8,28732
attn,1416,0,8,36332
o_proj,1416,0,8,9510
post_layernorm,1416,0,8,94128
gate_proj,1416,0,8,29755
up_proj,1416,0,8,28203
act_fn,1416,0,8,7541
down_proj,1416,0,8,27766
final_layernorm,1416,0,8,95854
lm_head,1416,0,8,240456
embedding,1417,0,8,40160
input_layernorm,1417,0,8,95177
q_proj,1417,0,8,9672
k_proj,1417,0,8,6535
v_proj,1417,0,8,5734
rope,1417,0,8,28504
attn,1417,0,8,36009
o_proj,1417,0,8,9474
post_layernorm,1417,0,8,94399
gate_proj,1417,0,8,29629
up_proj,1417,0,8,28062
act_fn,1417,0,8,7537
down_proj,1417,0,8,27601
final_layernorm,1417,0,8,95931
lm_head,1417,0,8,240429
embedding,1418,0,8,40462
input_layernorm,1418,0,8,95239
q_proj,1418,0,8,9690
k_proj,1418,0,8,6511
v_proj,1418,0,8,5771
rope,1418,0,8,28599
attn,1418,0,8,36298
o_proj,1418,0,8,9528
post_layernorm,1418,0,8,94563
gate_proj,1418,0,8,29696
up_proj,1418,0,8,28179
act_fn,1418,0,8,7546
down_proj,1418,0,8,27736
final_layernorm,1418,0,8,96009
lm_head,1418,0,8,240544
embedding,1419,0,8,40623
input_layernorm,1419,0,8,95533
q_proj,1419,0,8,9716
k_proj,1419,0,8,6503
v_proj,1419,0,8,5768
rope,1419,0,8,28689
attn,1419,0,8,36008
o_proj,1419,0,8,9513
post_layernorm,1419,0,8,94666
gate_proj,1419,0,8,29813
up_proj,1419,0,8,28163
act_fn,1419,0,8,7538
down_proj,1419,0,8,27747
final_layernorm,1419,0,8,96438
lm_head,1419,0,8,240581
embedding,1420,0,8,41092
input_layernorm,1420,0,8,95941
q_proj,1420,0,8,9756
k_proj,1420,0,8,6518
v_proj,1420,0,8,5820
rope,1420,0,8,29022
attn,1420,0,8,36629
o_proj,1420,0,8,9572
post_layernorm,1420,0,8,95190
gate_proj,1420,0,8,29983
up_proj,1420,0,8,28300
act_fn,1420,0,8,7556
down_proj,1420,0,8,27887
final_layernorm,1420,0,8,96660
lm_head,1420,0,8,240821
embedding,1421,0,8,40807
input_layernorm,1421,0,8,96005
q_proj,1421,0,8,9754
k_proj,1421,0,8,6548
v_proj,1421,0,8,5804
rope,1421,0,8,28924
attn,1421,0,8,36638
o_proj,1421,0,8,9564
post_layernorm,1421,0,8,95279
gate_proj,1421,0,8,30029
up_proj,1421,0,8,28291
act_fn,1421,0,8,7564
down_proj,1421,0,8,27882
final_layernorm,1421,0,8,96952
lm_head,1421,0,8,240952
embedding,1422,0,8,40640
input_layernorm,1422,0,8,95295
q_proj,1422,0,8,9671
k_proj,1422,0,8,6521
v_proj,1422,0,8,5742
rope,1422,0,8,28566
attn,1422,0,8,36331
o_proj,1422,0,8,9497
post_layernorm,1422,0,8,94597
gate_proj,1422,0,8,29633
up_proj,1422,0,8,28169
act_fn,1422,0,8,7592
down_proj,1422,0,8,27659
final_layernorm,1422,0,8,96359
lm_head,1422,0,8,240514
embedding,1423,0,8,40770
input_layernorm,1423,0,8,95962
q_proj,1423,0,8,9738
k_proj,1423,0,8,6548
v_proj,1423,0,8,5844
rope,1423,0,8,28946
attn,1423,0,8,36534
o_proj,1423,0,8,9559
post_layernorm,1423,0,8,95124
gate_proj,1423,0,8,29931
up_proj,1423,0,8,28238
act_fn,1423,0,8,7583
down_proj,1423,0,8,27804
final_layernorm,1423,0,8,96817
lm_head,1423,0,8,240840
embedding,1424,0,8,40777
input_layernorm,1424,0,8,95106
q_proj,1424,0,8,10237
k_proj,1424,0,8,6518
v_proj,1424,0,8,5749
rope,1424,0,8,28733
attn,1424,0,8,36521
o_proj,1424,0,8,10041
post_layernorm,1424,0,8,94570
gate_proj,1424,0,8,29641
up_proj,1424,0,8,28136
act_fn,1424,0,8,7605
down_proj,1424,0,8,29276
final_layernorm,1424,0,8,96218
lm_head,1424,0,8,240561
embedding,1425,0,8,40658
input_layernorm,1425,0,8,95737
q_proj,1425,0,8,9693
k_proj,1425,0,8,6479
v_proj,1425,0,8,5760
rope,1425,0,8,28671
attn,1425,0,8,36073
o_proj,1425,0,8,9498
post_layernorm,1425,0,8,94983
gate_proj,1425,0,8,29683
up_proj,1425,0,8,28091
act_fn,1425,0,8,7563
down_proj,1425,0,8,27650
final_layernorm,1425,0,8,96584
lm_head,1425,0,8,240763
embedding,1426,0,8,40841
input_layernorm,1426,0,8,95599
q_proj,1426,0,8,9673
k_proj,1426,0,8,6507
v_proj,1426,0,8,5740
rope,1426,0,8,28646
attn,1426,0,8,36155
o_proj,1426,0,8,9497
post_layernorm,1426,0,8,94763
gate_proj,1426,0,8,29627
up_proj,1426,0,8,28087
act_fn,1426,0,8,7573
down_proj,1426,0,8,27639
final_layernorm,1426,0,8,96549
lm_head,1426,0,8,240707
embedding,1427,0,8,40389
input_layernorm,1427,0,8,95752
q_proj,1427,0,8,9682
k_proj,1427,0,8,6497
v_proj,1427,0,8,5751
rope,1427,0,8,28581
attn,1427,0,8,36219
o_proj,1427,0,8,9482
post_layernorm,1427,0,8,94566
gate_proj,1427,0,8,29533
up_proj,1427,0,8,28081
act_fn,1427,0,8,7602
down_proj,1427,0,8,27603
final_layernorm,1427,0,8,96477
lm_head,1427,0,8,240667
embedding,1428,0,8,40970
input_layernorm,1428,0,8,96415
q_proj,1428,0,8,9759
k_proj,1428,0,8,6540
v_proj,1428,0,8,5805
rope,1428,0,8,29101
attn,1428,0,8,36957
o_proj,1428,0,8,9581
post_layernorm,1428,0,8,95685
gate_proj,1428,0,8,30014
up_proj,1428,0,8,28297
act_fn,1428,0,8,7650
down_proj,1428,0,8,27913
final_layernorm,1428,0,8,97229
lm_head,1428,0,8,240977
embedding,1429,0,8,40954
input_layernorm,1429,0,8,96358
q_proj,1429,0,8,9727
k_proj,1429,0,8,6543
v_proj,1429,0,8,5769
rope,1429,0,8,28843
attn,1429,0,8,36700
o_proj,1429,0,8,9541
post_layernorm,1429,0,8,95321
gate_proj,1429,0,8,29879
up_proj,1429,0,8,28226
act_fn,1429,0,8,7619
down_proj,1429,0,8,27813
final_layernorm,1429,0,8,97139
lm_head,1429,0,8,240998
embedding,1430,0,8,40779
input_layernorm,1430,0,8,95862
q_proj,1430,0,8,9675
k_proj,1430,0,8,6499
v_proj,1430,0,8,5728
rope,1430,0,8,28667
attn,1430,0,8,36025
o_proj,1430,0,8,9488
post_layernorm,1430,0,8,94854
gate_proj,1430,0,8,29503
up_proj,1430,0,8,28088
act_fn,1430,0,8,7641
down_proj,1430,0,8,27617
final_layernorm,1430,0,8,97038
lm_head,1430,0,8,240555
embedding,1431,0,8,40432
input_layernorm,1431,0,8,95885
q_proj,1431,0,8,9681
k_proj,1431,0,8,6455
v_proj,1431,0,8,5743
rope,1431,0,8,28582
attn,1431,0,8,36478
o_proj,1431,0,8,9480
post_layernorm,1431,0,8,94971
gate_proj,1431,0,8,29568
up_proj,1431,0,8,28101
act_fn,1431,0,8,7642
down_proj,1431,0,8,27642
final_layernorm,1431,0,8,96658
lm_head,1431,0,8,240777
embedding,1432,0,8,40751
input_layernorm,1432,0,8,95692
q_proj,1432,0,8,9695
k_proj,1432,0,8,6492
v_proj,1432,0,8,5746
rope,1432,0,8,28807
attn,1432,0,8,36567
o_proj,1432,0,8,9507
post_layernorm,1432,0,8,94689
gate_proj,1432,0,8,29641
up_proj,1432,0,8,28155
act_fn,1432,0,8,7650
down_proj,1432,0,8,27679
final_layernorm,1432,0,8,96682
lm_head,1432,0,8,240892
embedding,1433,0,8,40311
input_layernorm,1433,0,8,96096
q_proj,1433,0,8,9682
k_proj,1433,0,8,6455
v_proj,1433,0,8,5732
rope,1433,0,8,28645
attn,1433,0,8,36011
o_proj,1433,0,8,9489
post_layernorm,1433,0,8,95099
gate_proj,1433,0,8,29610
up_proj,1433,0,8,28081
act_fn,1433,0,8,7645
down_proj,1433,0,8,27637
final_layernorm,1433,0,8,97055
lm_head,1433,0,8,240807
embedding,1434,0,8,41105
input_layernorm,1434,0,8,96477
q_proj,1434,0,8,9764
k_proj,1434,0,8,6536
v_proj,1434,0,8,5791
rope,1434,0,8,29112
attn,1434,0,8,36797
o_proj,1434,0,8,9590
post_layernorm,1434,0,8,95689
gate_proj,1434,0,8,29906
up_proj,1434,0,8,28294
act_fn,1434,0,8,7637
down_proj,1434,0,8,27922
final_layernorm,1434,0,8,97399
lm_head,1434,0,8,241161
embedding,1435,0,8,40643
input_layernorm,1435,0,8,96302
q_proj,1435,0,8,9712
k_proj,1435,0,8,6508
v_proj,1435,0,8,5770
rope,1435,0,8,28907
attn,1435,0,8,36637
o_proj,1435,0,8,9547
post_layernorm,1435,0,8,95359
gate_proj,1435,0,8,29704
up_proj,1435,0,8,28225
act_fn,1435,0,8,7702
down_proj,1435,0,8,27807
final_layernorm,1435,0,8,97192
lm_head,1435,0,8,241093
embedding,1436,0,8,41079
input_layernorm,1436,0,8,96603
q_proj,1436,0,8,9731
k_proj,1436,0,8,6518
v_proj,1436,0,8,5776
rope,1436,0,8,29062
attn,1436,0,8,36661
o_proj,1436,0,8,9564
post_layernorm,1436,0,8,95557
gate_proj,1436,0,8,29788
up_proj,1436,0,8,28279
act_fn,1436,0,8,7676
down_proj,1436,0,8,27855
final_layernorm,1436,0,8,97411
lm_head,1436,0,8,241024
embedding,1437,0,8,40451
input_layernorm,1437,0,8,96319
q_proj,1437,0,8,9684
k_proj,1437,0,8,6481
v_proj,1437,0,8,5743
rope,1437,0,8,28792
attn,1437,0,8,36252
o_proj,1437,0,8,9516
post_layernorm,1437,0,8,95327
gate_proj,1437,0,8,29532
up_proj,1437,0,8,28101
act_fn,1437,0,8,7694
down_proj,1437,0,8,27711
final_layernorm,1437,0,8,97308
lm_head,1437,0,8,240904
embedding,1438,0,8,40807
input_layernorm,1438,0,8,96344
q_proj,1438,0,8,9695
k_proj,1438,0,8,6434
v_proj,1438,0,8,5751
rope,1438,0,8,28821
attn,1438,0,8,36280
o_proj,1438,0,8,9513
post_layernorm,1438,0,8,95309
gate_proj,1438,0,8,29674
up_proj,1438,0,8,28127
act_fn,1438,0,8,7681
down_proj,1438,0,8,27653
final_layernorm,1438,0,8,97073
lm_head,1438,0,8,241115
embedding,1439,0,8,40822
input_layernorm,1439,0,8,96711
q_proj,1439,0,8,9738
k_proj,1439,0,8,6477
v_proj,1439,0,8,5777
rope,1439,0,8,29027
attn,1439,0,8,36406
o_proj,1439,0,8,9564
post_layernorm,1439,0,8,95738
gate_proj,1439,0,8,29897
up_proj,1439,0,8,28222
act_fn,1439,0,8,7678
down_proj,1439,0,8,27843
final_layernorm,1439,0,8,97578
lm_head,1439,0,8,241473
embedding,1440,0,8,41343
input_layernorm,1440,0,8,96410
q_proj,1440,0,8,10269
k_proj,1440,0,8,6517
v_proj,1440,0,8,5742
rope,1440,0,8,29067
attn,1440,0,8,36331
o_proj,1440,0,8,10086
post_layernorm,1440,0,8,95458
gate_proj,1440,0,8,29810
up_proj,1440,0,8,28173
act_fn,1440,0,8,7735
down_proj,1440,0,8,29345
final_layernorm,1440,0,8,97379
lm_head,1440,0,8,242771
embedding,1441,0,8,40947
input_layernorm,1441,0,8,97128
q_proj,1441,0,8,9757
k_proj,1441,0,8,7110
v_proj,1441,0,8,6852
rope,1441,0,8,29121
attn,1441,0,8,36637
o_proj,1441,0,8,9586
post_layernorm,1441,0,8,96039
gate_proj,1441,0,8,29659
up_proj,1441,0,8,27884
act_fn,1441,0,8,7556
down_proj,1441,0,8,27856
final_layernorm,1441,0,8,97958
lm_head,1441,0,8,241651
embedding,1442,0,8,40988
input_layernorm,1442,0,8,96813
q_proj,1442,0,8,9723
k_proj,1442,0,8,7048
v_proj,1442,0,8,6796
rope,1442,0,8,28976
attn,1442,0,8,36220
o_proj,1442,0,8,9547
post_layernorm,1442,0,8,95616
gate_proj,1442,0,8,29530
up_proj,1442,0,8,27826
act_fn,1442,0,8,7593
down_proj,1442,0,8,27742
final_layernorm,1442,0,8,97761
lm_head,1442,0,8,241451
embedding,1443,0,8,40510
input_layernorm,1443,0,8,96662
q_proj,1443,0,8,9707
k_proj,1443,0,8,7045
v_proj,1443,0,8,6766
rope,1443,0,8,28851
attn,1443,0,8,36105
o_proj,1443,0,8,9527
post_layernorm,1443,0,8,95672
gate_proj,1443,0,8,29314
up_proj,1443,0,8,27739
act_fn,1443,0,8,7593
down_proj,1443,0,8,27667
final_layernorm,1443,0,8,97666
lm_head,1443,0,8,241254
embedding,1444,0,8,40899
input_layernorm,1444,0,8,96751
q_proj,1444,0,8,9695
k_proj,1444,0,8,7062
v_proj,1444,0,8,6773
rope,1444,0,8,28904
attn,1444,0,8,36349
o_proj,1444,0,8,9525
post_layernorm,1444,0,8,95775
gate_proj,1444,0,8,29324
up_proj,1444,0,8,27752
act_fn,1444,0,8,7568
down_proj,1444,0,8,27655
final_layernorm,1444,0,8,97458
lm_head,1444,0,8,241369
embedding,1445,0,8,41220
input_layernorm,1445,0,8,97422
q_proj,1445,0,8,9786
k_proj,1445,0,8,7198
v_proj,1445,0,8,6931
rope,1445,0,8,29249
attn,1445,0,8,36694
o_proj,1445,0,8,9622
post_layernorm,1445,0,8,96601
gate_proj,1445,0,8,29794
up_proj,1445,0,8,27965
act_fn,1445,0,8,7567
down_proj,1445,0,8,27931
final_layernorm,1445,0,8,98132
lm_head,1445,0,8,241849
embedding,1446,0,8,41294
input_layernorm,1446,0,8,97318
q_proj,1446,0,8,9759
k_proj,1446,0,8,7157
v_proj,1446,0,8,6831
rope,1446,0,8,29087
attn,1446,0,8,36684
o_proj,1446,0,8,9582
post_layernorm,1446,0,8,96665
gate_proj,1446,0,8,29612
up_proj,1446,0,8,27864
act_fn,1446,0,8,7582
down_proj,1446,0,8,27839
final_layernorm,1446,0,8,98148
lm_head,1446,0,8,241755
embedding,1447,0,8,40683
input_layernorm,1447,0,8,97031
q_proj,1447,0,8,9730
k_proj,1447,0,8,7084
v_proj,1447,0,8,6796
rope,1447,0,8,28890
attn,1447,0,8,36771
o_proj,1447,0,8,9566
post_layernorm,1447,0,8,96146
gate_proj,1447,0,8,29417
up_proj,1447,0,8,27869
act_fn,1447,0,8,7608
down_proj,1447,0,8,27770
final_layernorm,1447,0,8,97868
lm_head,1447,0,8,241571
embedding,1448,0,8,41424
input_layernorm,1448,0,8,97377
q_proj,1448,0,8,9773
k_proj,1448,0,8,6881
v_proj,1448,0,8,6835
rope,1448,0,8,29332
attn,1448,0,8,36902
o_proj,1448,0,8,9599
post_layernorm,1448,0,8,96366
gate_proj,1448,0,8,29711
up_proj,1448,0,8,27943
act_fn,1448,0,8,7614
down_proj,1448,0,8,27913
final_layernorm,1448,0,8,98137
lm_head,1448,0,8,241881
embedding,1449,0,8,40805
input_layernorm,1449,0,8,96882
q_proj,1449,0,8,9714
k_proj,1449,0,8,7058
v_proj,1449,0,8,6762
rope,1449,0,8,28863
attn,1449,0,8,36306
o_proj,1449,0,8,9541
post_layernorm,1449,0,8,95932
gate_proj,1449,0,8,29354
up_proj,1449,0,8,27829
act_fn,1449,0,8,7618
down_proj,1449,0,8,27744
final_layernorm,1449,0,8,97675
lm_head,1449,0,8,241517
embedding,1450,0,8,41102
input_layernorm,1450,0,8,97209
q_proj,1450,0,8,9737
k_proj,1450,0,8,7092
v_proj,1450,0,8,6792
rope,1450,0,8,28893
attn,1450,0,8,36138
o_proj,1450,0,8,9547
post_layernorm,1450,0,8,96030
gate_proj,1450,0,8,29465
up_proj,1450,0,8,27876
act_fn,1450,0,8,7613
down_proj,1450,0,8,27815
final_layernorm,1450,0,8,97835
lm_head,1450,0,8,241731
embedding,1451,0,8,40827
input_layernorm,1451,0,8,97125
q_proj,1451,0,8,9705
k_proj,1451,0,8,7052
v_proj,1451,0,8,6791
rope,1451,0,8,28868
attn,1451,0,8,36256
o_proj,1451,0,8,9526
post_layernorm,1451,0,8,96072
gate_proj,1451,0,8,29365
up_proj,1451,0,8,27799
act_fn,1451,0,8,7632
down_proj,1451,0,8,27715
final_layernorm,1451,0,8,97801
lm_head,1451,0,8,241558
embedding,1452,0,8,41562
input_layernorm,1452,0,8,97408
q_proj,1452,0,8,9756
k_proj,1452,0,8,7147
v_proj,1452,0,8,6804
rope,1452,0,8,29064
attn,1452,0,8,36378
o_proj,1452,0,8,9565
post_layernorm,1452,0,8,96340
gate_proj,1452,0,8,29523
up_proj,1452,0,8,27939
act_fn,1452,0,8,7639
down_proj,1452,0,8,27847
final_layernorm,1452,0,8,98214
lm_head,1452,0,8,241597
embedding,1453,0,8,41901
input_layernorm,1453,0,8,97909
q_proj,1453,0,8,9766
k_proj,1453,0,8,7150
v_proj,1453,0,8,6843
rope,1453,0,8,29140
attn,1453,0,8,36512
o_proj,1453,0,8,9582
post_layernorm,1453,0,8,96646
gate_proj,1453,0,8,29597
up_proj,1453,0,8,27861
act_fn,1453,0,8,7661
down_proj,1453,0,8,27827
final_layernorm,1453,0,8,98488
lm_head,1453,0,8,241884
embedding,1454,0,8,41616
input_layernorm,1454,0,8,97233
q_proj,1454,0,8,9712
k_proj,1454,0,8,7048
v_proj,1454,0,8,6774
rope,1454,0,8,28887
attn,1454,0,8,35995
o_proj,1454,0,8,9545
post_layernorm,1454,0,8,96102
gate_proj,1454,0,8,29357
up_proj,1454,0,8,27813
act_fn,1454,0,8,7654
down_proj,1454,0,8,27731
final_layernorm,1454,0,8,98255
lm_head,1454,0,8,241621
embedding,1455,0,8,41670
input_layernorm,1455,0,8,98028
q_proj,1455,0,8,9786
k_proj,1455,0,8,7174
v_proj,1455,0,8,6908
rope,1455,0,8,29298
attn,1455,0,8,36781
o_proj,1455,0,8,9614
post_layernorm,1455,0,8,96911
gate_proj,1455,0,8,29715
up_proj,1455,0,8,27942
act_fn,1455,0,8,7683
down_proj,1455,0,8,27895
final_layernorm,1455,0,8,98810
lm_head,1455,0,8,242003
embedding,1456,0,8,41291
input_layernorm,1456,0,8,96913
q_proj,1456,0,8,10248
k_proj,1456,0,8,6828
v_proj,1456,0,8,6814
rope,1456,0,8,29015
attn,1456,0,8,36163
o_proj,1456,0,8,10075
post_layernorm,1456,0,8,96083
gate_proj,1456,0,8,29337
up_proj,1456,0,8,27769
act_fn,1456,0,8,7654
down_proj,1456,0,8,29194
final_layernorm,1456,0,8,97914
lm_head,1456,0,8,241635
embedding,1457,0,8,41546
input_layernorm,1457,0,8,97841
q_proj,1457,0,8,9729
k_proj,1457,0,8,7075
v_proj,1457,0,8,6799
rope,1457,0,8,29087
attn,1457,0,8,36487
o_proj,1457,0,8,9556
post_layernorm,1457,0,8,96518
gate_proj,1457,0,8,30351
up_proj,1457,0,8,28651
act_fn,1457,0,8,7678
down_proj,1457,0,8,27778
final_layernorm,1457,0,8,98569
lm_head,1457,0,8,253590
embedding,1458,0,8,41505
input_layernorm,1458,0,8,97621
q_proj,1458,0,8,9691
k_proj,1458,0,8,7002
v_proj,1458,0,8,6680
rope,1458,0,8,28745
attn,1458,0,8,35990
o_proj,1458,0,8,9516
post_layernorm,1458,0,8,96160
gate_proj,1458,0,8,30053
up_proj,1458,0,8,28587
act_fn,1458,0,8,7664
down_proj,1458,0,8,27711
final_layernorm,1458,0,8,98173
lm_head,1458,0,8,253264
embedding,1459,0,8,41254
input_layernorm,1459,0,8,97577
q_proj,1459,0,8,9691
k_proj,1459,0,8,6982
v_proj,1459,0,8,6712
rope,1459,0,8,28775
attn,1459,0,8,36029
o_proj,1459,0,8,9526
post_layernorm,1459,0,8,96429
gate_proj,1459,0,8,30069
up_proj,1459,0,8,28624
act_fn,1459,0,8,7665
down_proj,1459,0,8,27713
final_layernorm,1459,0,8,98354
lm_head,1459,0,8,253242
embedding,1460,0,8,41649
input_layernorm,1460,0,8,97563
q_proj,1460,0,8,9695
k_proj,1460,0,8,7017
v_proj,1460,0,8,6715
rope,1460,0,8,28999
attn,1460,0,8,35896
o_proj,1460,0,8,9508
post_layernorm,1460,0,8,96409
gate_proj,1460,0,8,30098
up_proj,1460,0,8,28540
act_fn,1460,0,8,7671
down_proj,1460,0,8,27665
final_layernorm,1460,0,8,98467
lm_head,1460,0,8,253327
embedding,1461,0,8,41655
input_layernorm,1461,0,8,97808
q_proj,1461,0,8,9721
k_proj,1461,0,8,7048
v_proj,1461,0,8,6771
rope,1461,0,8,29039
attn,1461,0,8,37616
o_proj,1461,0,8,9539
post_layernorm,1461,0,8,96582
gate_proj,1461,0,8,30231
up_proj,1461,0,8,28578
act_fn,1461,0,8,7720
down_proj,1461,0,8,27711
final_layernorm,1461,0,8,98745
lm_head,1461,0,8,253586
embedding,1462,0,8,41806
input_layernorm,1462,0,8,97478
q_proj,1462,0,8,9698
k_proj,1462,0,8,7020
v_proj,1462,0,8,6708
rope,1462,0,8,28850
attn,1462,0,8,35726
o_proj,1462,0,8,9522
post_layernorm,1462,0,8,96545
gate_proj,1462,0,8,30084
up_proj,1462,0,8,28634
act_fn,1462,0,8,7686
down_proj,1462,0,8,27719
final_layernorm,1462,0,8,98407
lm_head,1462,0,8,253500
embedding,1463,0,8,41286
input_layernorm,1463,0,8,97584
q_proj,1463,0,8,9704
k_proj,1463,0,8,7020
v_proj,1463,0,8,6712
rope,1463,0,8,28903
attn,1463,0,8,35676
o_proj,1463,0,8,9520
post_layernorm,1463,0,8,96666
gate_proj,1463,0,8,30136
up_proj,1463,0,8,28614
act_fn,1463,0,8,7740
down_proj,1463,0,8,27720
final_layernorm,1463,0,8,98488
lm_head,1463,0,8,253468
embedding,1464,0,8,41761
input_layernorm,1464,0,8,98069
q_proj,1464,0,8,9750
k_proj,1464,0,8,7083
v_proj,1464,0,8,6782
rope,1464,0,8,29317
attn,1464,0,8,35947
o_proj,1464,0,8,9557
post_layernorm,1464,0,8,96881
gate_proj,1464,0,8,30377
up_proj,1464,0,8,28682
act_fn,1464,0,8,7772
down_proj,1464,0,8,27804
final_layernorm,1464,0,8,98943
lm_head,1464,0,8,253820
embedding,1465,0,8,41457
input_layernorm,1465,0,8,98229
q_proj,1465,0,8,9738
k_proj,1465,0,8,7049
v_proj,1465,0,8,6779
rope,1465,0,8,29138
attn,1465,0,8,35764
o_proj,1465,0,8,9563
post_layernorm,1465,0,8,96865
gate_proj,1465,0,8,30331
up_proj,1465,0,8,28632
act_fn,1465,0,8,7742
down_proj,1465,0,8,27742
final_layernorm,1465,0,8,98849
lm_head,1465,0,8,253664
embedding,1466,0,8,42225
input_layernorm,1466,0,8,98388
q_proj,1466,0,8,9776
k_proj,1466,0,8,7139
v_proj,1466,0,8,6827
rope,1466,0,8,29299
attn,1466,0,8,36658
o_proj,1466,0,8,9599
post_layernorm,1466,0,8,97604
gate_proj,1466,0,8,30500
up_proj,1466,0,8,28747
act_fn,1466,0,8,7763
down_proj,1466,0,8,27821
final_layernorm,1466,0,8,99256
lm_head,1466,0,8,253998
embedding,1467,0,8,41516
input_layernorm,1467,0,8,97862
q_proj,1467,0,8,9693
k_proj,1467,0,8,6992
v_proj,1467,0,8,6689
rope,1467,0,8,28830
attn,1467,0,8,36091
o_proj,1467,0,8,9514
post_layernorm,1467,0,8,96476
gate_proj,1467,0,8,30034
up_proj,1467,0,8,28628
act_fn,1467,0,8,7772
down_proj,1467,0,8,27697
final_layernorm,1467,0,8,98580
lm_head,1467,0,8,253684
embedding,1468,0,8,42003
input_layernorm,1468,0,8,98511
q_proj,1468,0,8,9751
k_proj,1468,0,8,7087
v_proj,1468,0,8,6787
rope,1468,0,8,29265
attn,1468,0,8,36087
o_proj,1468,0,8,9574
post_layernorm,1468,0,8,97258
gate_proj,1468,0,8,30329
up_proj,1468,0,8,28743
act_fn,1468,0,8,7759
down_proj,1468,0,8,27820
final_layernorm,1468,0,8,98921
lm_head,1468,0,8,254062
embedding,1469,0,8,41765
input_layernorm,1469,0,8,98789
q_proj,1469,0,8,9763
k_proj,1469,0,8,7087
v_proj,1469,0,8,6827
rope,1469,0,8,29388
attn,1469,0,8,36438
o_proj,1469,0,8,9595
post_layernorm,1469,0,8,97710
gate_proj,1469,0,8,30465
up_proj,1469,0,8,28740
act_fn,1469,0,8,7783
down_proj,1469,0,8,27815
final_layernorm,1469,0,8,99454
lm_head,1469,0,8,254093
embedding,1470,0,8,42171
input_layernorm,1470,0,8,99151
q_proj,1470,0,8,9791
k_proj,1470,0,8,7161
v_proj,1470,0,8,6846
rope,1470,0,8,29456
attn,1470,0,8,36347
o_proj,1470,0,8,9610
post_layernorm,1470,0,8,97714
gate_proj,1470,0,8,30502
up_proj,1470,0,8,28809
act_fn,1470,0,8,7784
down_proj,1470,0,8,27924
final_layernorm,1470,0,8,99420
lm_head,1470,0,8,254120
embedding,1471,0,8,41280
input_layernorm,1471,0,8,98172
q_proj,1471,0,8,9702
k_proj,1471,0,8,6990
v_proj,1471,0,8,6719
rope,1471,0,8,28949
attn,1471,0,8,35929
o_proj,1471,0,8,9532
post_layernorm,1471,0,8,96944
gate_proj,1471,0,8,30086
up_proj,1471,0,8,28580
act_fn,1471,0,8,7781
down_proj,1471,0,8,27691
final_layernorm,1471,0,8,98917
lm_head,1471,0,8,253877
embedding,1472,0,8,42490
input_layernorm,1472,0,8,97822
q_proj,1472,0,8,10256
k_proj,1472,0,8,8418
v_proj,1472,0,8,8607
rope,1472,0,8,29177
attn,1472,0,8,36166
o_proj,1472,0,8,10070
post_layernorm,1472,0,8,96691
gate_proj,1472,0,8,31822
up_proj,1472,0,8,31020
act_fn,1472,0,8,7758
down_proj,1472,0,8,29273
final_layernorm,1472,0,8,98689
lm_head,1472,0,8,259131
embedding,1473,0,8,41921
input_layernorm,1473,0,8,99187
q_proj,1473,0,8,10309
k_proj,1473,0,8,8842
v_proj,1473,0,8,9152
rope,1473,0,8,29393
attn,1473,0,8,36829
o_proj,1473,0,8,10133
post_layernorm,1473,0,8,98048
gate_proj,1473,0,8,30484
up_proj,1473,0,8,28715
act_fn,1473,0,8,7808
down_proj,1473,0,8,29369
final_layernorm,1473,0,8,99605
lm_head,1473,0,8,254344
embedding,1474,0,8,42105
input_layernorm,1474,0,8,99198
q_proj,1474,0,8,10318
k_proj,1474,0,8,8835
v_proj,1474,0,8,9197
rope,1474,0,8,29503
attn,1474,0,8,37029
o_proj,1474,0,8,10155
post_layernorm,1474,0,8,98236
gate_proj,1474,0,8,30538
up_proj,1474,0,8,28760
act_fn,1474,0,8,7803
down_proj,1474,0,8,29450
final_layernorm,1474,0,8,99586
lm_head,1474,0,8,254384
embedding,1475,0,8,41740
input_layernorm,1475,0,8,98378
q_proj,1475,0,8,10242
k_proj,1475,0,8,9192
v_proj,1475,0,8,9549
rope,1475,0,8,28923
attn,1475,0,8,36410
o_proj,1475,0,8,10063
post_layernorm,1475,0,8,97334
gate_proj,1475,0,8,30084
up_proj,1475,0,8,28627
act_fn,1475,0,8,7820
down_proj,1475,0,8,29250
final_layernorm,1475,0,8,99004
lm_head,1475,0,8,254074
embedding,1476,0,8,41168
input_layernorm,1476,0,8,98607
q_proj,1476,0,8,10239
k_proj,1476,0,8,8874
v_proj,1476,0,8,9234
rope,1476,0,8,29076
attn,1476,0,8,36643
o_proj,1476,0,8,10085
post_layernorm,1476,0,8,97564
gate_proj,1476,0,8,30088
up_proj,1476,0,8,28676
act_fn,1476,0,8,7848
down_proj,1476,0,8,29273
final_layernorm,1476,0,8,99163
lm_head,1476,0,8,254058
embedding,1477,0,8,42154
input_layernorm,1477,0,8,99445
q_proj,1477,0,8,10344
k_proj,1477,0,8,8848
v_proj,1477,0,8,9237
rope,1477,0,8,29521
attn,1477,0,8,36866
o_proj,1477,0,8,10165
post_layernorm,1477,0,8,98203
gate_proj,1477,0,8,30589
up_proj,1477,0,8,28798
act_fn,1477,0,8,7845
down_proj,1477,0,8,29463
final_layernorm,1477,0,8,99846
lm_head,1477,0,8,254418
embedding,1478,0,8,41750
input_layernorm,1478,0,8,99089
q_proj,1478,0,8,10263
k_proj,1478,0,8,8853
v_proj,1478,0,8,9232
rope,1478,0,8,29171
attn,1478,0,8,36724
o_proj,1478,0,8,10102
post_layernorm,1478,0,8,97817
gate_proj,1478,0,8,30193
up_proj,1478,0,8,28621
act_fn,1478,0,8,7869
down_proj,1478,0,8,29268
final_layernorm,1478,0,8,99463
lm_head,1478,0,8,254062
embedding,1479,0,8,41758
input_layernorm,1479,0,8,98894
q_proj,1479,0,8,10283
k_proj,1479,0,8,8884
v_proj,1479,0,8,9233
rope,1479,0,8,29159
attn,1479,0,8,36805
o_proj,1479,0,8,10104
post_layernorm,1479,0,8,97922
gate_proj,1479,0,8,30295
up_proj,1479,0,8,28675
act_fn,1479,0,8,7805
down_proj,1479,0,8,29324
final_layernorm,1479,0,8,99547
lm_head,1479,0,8,254183
embedding,1480,0,8,41834
input_layernorm,1480,0,8,98852
q_proj,1480,0,8,10302
k_proj,1480,0,8,9048
v_proj,1480,0,8,9509
rope,1480,0,8,29506
attn,1480,0,8,36865
o_proj,1480,0,8,10132
post_layernorm,1480,0,8,98157
gate_proj,1480,0,8,30459
up_proj,1480,0,8,28732
act_fn,1480,0,8,7813
down_proj,1480,0,8,29374
final_layernorm,1480,0,8,99663
lm_head,1480,0,8,254472
embedding,1481,0,8,41953
input_layernorm,1481,0,8,99064
q_proj,1481,0,8,10270
k_proj,1481,0,8,8896
v_proj,1481,0,8,9234
rope,1481,0,8,29180
attn,1481,0,8,36946
o_proj,1481,0,8,10117
post_layernorm,1481,0,8,98080
gate_proj,1481,0,8,30236
up_proj,1481,0,8,28711
act_fn,1481,0,8,7843
down_proj,1481,0,8,29357
final_layernorm,1481,0,8,99527
lm_head,1481,0,8,254134
embedding,1482,0,8,42354
input_layernorm,1482,0,8,99669
q_proj,1482,0,8,10315
k_proj,1482,0,8,8911
v_proj,1482,0,8,9279
rope,1482,0,8,29493
attn,1482,0,8,36802
o_proj,1482,0,8,10135
post_layernorm,1482,0,8,98660
gate_proj,1482,0,8,30414
up_proj,1482,0,8,28711
act_fn,1482,0,8,7874
down_proj,1482,0,8,29388
final_layernorm,1482,0,8,100398
lm_head,1482,0,8,254506
embedding,1483,0,8,42509
input_layernorm,1483,0,8,99516
q_proj,1483,0,8,10299
k_proj,1483,0,8,9042
v_proj,1483,0,8,9417
rope,1483,0,8,29366
attn,1483,0,8,36723
o_proj,1483,0,8,10129
post_layernorm,1483,0,8,98465
gate_proj,1483,0,8,30385
up_proj,1483,0,8,28697
act_fn,1483,0,8,7858
down_proj,1483,0,8,29370
final_layernorm,1483,0,8,100035
lm_head,1483,0,8,254649
embedding,1484,0,8,42211
input_layernorm,1484,0,8,99156
q_proj,1484,0,8,10268
k_proj,1484,0,8,8923
v_proj,1484,0,8,9303
rope,1484,0,8,29235
attn,1484,0,8,36721
o_proj,1484,0,8,10096
post_layernorm,1484,0,8,98219
gate_proj,1484,0,8,30157
up_proj,1484,0,8,28710
act_fn,1484,0,8,7845
down_proj,1484,0,8,29347
final_layernorm,1484,0,8,99855
lm_head,1484,0,8,254190
embedding,1485,0,8,42718
input_layernorm,1485,0,8,99429
q_proj,1485,0,8,10277
k_proj,1485,0,8,8907
v_proj,1485,0,8,9288
rope,1485,0,8,29225
attn,1485,0,8,36540
o_proj,1485,0,8,10108
post_layernorm,1485,0,8,98382
gate_proj,1485,0,8,30245
up_proj,1485,0,8,28719
act_fn,1485,0,8,7860
down_proj,1485,0,8,29349
final_layernorm,1485,0,8,99902
lm_head,1485,0,8,254619
embedding,1486,0,8,42056
input_layernorm,1486,0,8,99361
q_proj,1486,0,8,10255
k_proj,1486,0,8,8931
v_proj,1486,0,8,9315
rope,1486,0,8,29174
attn,1486,0,8,36638
o_proj,1486,0,8,10087
post_layernorm,1486,0,8,98421
gate_proj,1486,0,8,30164
up_proj,1486,0,8,28667
act_fn,1486,0,8,7857
down_proj,1486,0,8,29273
final_layernorm,1486,0,8,99649
lm_head,1486,0,8,254556
embedding,1487,0,8,42418
input_layernorm,1487,0,8,99220
q_proj,1487,0,8,10258
k_proj,1487,0,8,8896
v_proj,1487,0,8,9299
rope,1487,0,8,29106
attn,1487,0,8,36542
o_proj,1487,0,8,10095
post_layernorm,1487,0,8,98512
gate_proj,1487,0,8,30150
up_proj,1487,0,8,28680
act_fn,1487,0,8,7874
down_proj,1487,0,8,29290
final_layernorm,1487,0,8,99806
lm_head,1487,0,8,254462
embedding,1488,0,8,42711
input_layernorm,1488,0,8,99613
q_proj,1488,0,8,10313
k_proj,1488,0,8,8395
v_proj,1488,0,8,8630
rope,1488,0,8,29622
attn,1488,0,8,36833
o_proj,1488,0,8,10125
post_layernorm,1488,0,8,98649
gate_proj,1488,0,8,31206
up_proj,1488,0,8,29520
act_fn,1488,0,8,7902
down_proj,1488,0,8,29372
final_layernorm,1488,0,8,99960
lm_head,1488,0,8,254169
embedding,1489,0,8,42794
input_layernorm,1489,0,8,99927
q_proj,1489,0,8,10311
k_proj,1489,0,8,7415
v_proj,1489,0,8,7116
rope,1489,0,8,29456
attn,1489,0,8,36926
o_proj,1489,0,8,10141
post_layernorm,1489,0,8,99158
gate_proj,1489,0,8,30383
up_proj,1489,0,8,28707
act_fn,1489,0,8,7906
down_proj,1489,0,8,29383
final_layernorm,1489,0,8,100504
lm_head,1489,0,8,254753
embedding,1490,0,8,41860
input_layernorm,1490,0,8,99597
q_proj,1490,0,8,10268
k_proj,1490,0,8,7327
v_proj,1490,0,8,7002
rope,1490,0,8,29072
attn,1490,0,8,36649
o_proj,1490,0,8,10133
post_layernorm,1490,0,8,98599
gate_proj,1490,0,8,30153
up_proj,1490,0,8,28710
act_fn,1490,0,8,7874
down_proj,1490,0,8,29321
final_layernorm,1490,0,8,100294
lm_head,1490,0,8,254617
embedding,1491,0,8,42365
input_layernorm,1491,0,8,99729
q_proj,1491,0,8,10253
k_proj,1491,0,8,7323
v_proj,1491,0,8,6987
rope,1491,0,8,29002
attn,1491,0,8,36525
o_proj,1491,0,8,10097
post_layernorm,1491,0,8,98877
gate_proj,1491,0,8,30080
up_proj,1491,0,8,28682
act_fn,1491,0,8,7888
down_proj,1491,0,8,29294
final_layernorm,1491,0,8,100381
lm_head,1491,0,8,254748
embedding,1492,0,8,42099
input_layernorm,1492,0,8,99882
q_proj,1492,0,8,10254
k_proj,1492,0,8,7326
v_proj,1492,0,8,6988
rope,1492,0,8,29103
attn,1492,0,8,36874
o_proj,1492,0,8,10116
post_layernorm,1492,0,8,98997
gate_proj,1492,0,8,30127
up_proj,1492,0,8,28666
act_fn,1492,0,8,7903
down_proj,1492,0,8,29286
final_layernorm,1492,0,8,100067
lm_head,1492,0,8,254577
embedding,1493,0,8,43034
input_layernorm,1493,0,8,99855
q_proj,1493,0,8,10269
k_proj,1493,0,8,7375
v_proj,1493,0,8,7025
rope,1493,0,8,29172
attn,1493,0,8,36786
o_proj,1493,0,8,10130
post_layernorm,1493,0,8,98970
gate_proj,1493,0,8,30173
up_proj,1493,0,8,28703
act_fn,1493,0,8,7883
down_proj,1493,0,8,29383
final_layernorm,1493,0,8,100232
lm_head,1493,0,8,254658
embedding,1494,0,8,42412
input_layernorm,1494,0,8,100437
q_proj,1494,0,8,10330
k_proj,1494,0,8,7469
v_proj,1494,0,8,7115
rope,1494,0,8,29521
attn,1494,0,8,36954
o_proj,1494,0,8,10188
post_layernorm,1494,0,8,99882
gate_proj,1494,0,8,30478
up_proj,1494,0,8,28817
act_fn,1494,0,8,7918
down_proj,1494,0,8,29470
final_layernorm,1494,0,8,100962
lm_head,1494,0,8,255060
embedding,1495,0,8,42680
input_layernorm,1495,0,8,100166
q_proj,1495,0,8,10283
k_proj,1495,0,8,7377
v_proj,1495,0,8,7046
rope,1495,0,8,29269
attn,1495,0,8,36600
o_proj,1495,0,8,10144
post_layernorm,1495,0,8,99228
gate_proj,1495,0,8,30224
up_proj,1495,0,8,28792
act_fn,1495,0,8,7909
down_proj,1495,0,8,29402
final_layernorm,1495,0,8,100494
lm_head,1495,0,8,254816
embedding,1496,0,8,42278
input_layernorm,1496,0,8,99804
q_proj,1496,0,8,10277
k_proj,1496,0,8,7337
v_proj,1496,0,8,7021
rope,1496,0,8,29262
attn,1496,0,8,36964
o_proj,1496,0,8,10138
post_layernorm,1496,0,8,99177
gate_proj,1496,0,8,30183
up_proj,1496,0,8,28729
act_fn,1496,0,8,7927
down_proj,1496,0,8,29380
final_layernorm,1496,0,8,100312
lm_head,1496,0,8,254784
embedding,1497,0,8,43041
input_layernorm,1497,0,8,100680
q_proj,1497,0,8,10330
k_proj,1497,0,8,10848
v_proj,1497,0,8,10482
rope,1497,0,8,29588
attn,1497,0,8,36885
o_proj,1497,0,8,10182
post_layernorm,1497,0,8,99602
gate_proj,1497,0,8,30485
up_proj,1497,0,8,28790
act_fn,1497,0,8,7949
down_proj,1497,0,8,29458
final_layernorm,1497,0,8,101035
lm_head,1497,0,8,254677
embedding,1498,0,8,42541
input_layernorm,1498,0,8,100548
q_proj,1498,0,8,10321
k_proj,1498,0,8,11406
v_proj,1498,0,8,10632
rope,1498,0,8,29444
attn,1498,0,8,36888
o_proj,1498,0,8,10179
post_layernorm,1498,0,8,99609
gate_proj,1498,0,8,30424
up_proj,1498,0,8,28845
act_fn,1498,0,8,7940
down_proj,1498,0,8,29508
final_layernorm,1498,0,8,100888
lm_head,1498,0,8,254621
embedding,1499,0,8,42527
input_layernorm,1499,0,8,100427
q_proj,1499,0,8,10293
k_proj,1499,0,8,10921
v_proj,1499,0,8,11052
rope,1499,0,8,29291
attn,1499,0,8,36538
o_proj,1499,0,8,10144
post_layernorm,1499,0,8,99519
gate_proj,1499,0,8,30216
up_proj,1499,0,8,28732
act_fn,1499,0,8,7891
down_proj,1499,0,8,29374
final_layernorm,1499,0,8,100834
lm_head,1499,0,8,254567
embedding,1500,0,8,42429
input_layernorm,1500,0,8,100395
q_proj,1500,0,8,10283
k_proj,1500,0,8,10918
v_proj,1500,0,8,10752
rope,1500,0,8,29450
attn,1500,0,8,36534
o_proj,1500,0,8,10142
post_layernorm,1500,0,8,99785
gate_proj,1500,0,8,30269
up_proj,1500,0,8,28719
act_fn,1500,0,8,7930
down_proj,1500,0,8,29365
final_layernorm,1500,0,8,100966
lm_head,1500,0,8,254505
embedding,1501,0,8,42869
input_layernorm,1501,0,8,100426
q_proj,1501,0,8,10290
k_proj,1501,0,8,11229
v_proj,1501,0,8,10514
rope,1501,0,8,29330
attn,1501,0,8,36698
o_proj,1501,0,8,10145
post_layernorm,1501,0,8,99622
gate_proj,1501,0,8,30264
up_proj,1501,0,8,28752
act_fn,1501,0,8,7929
down_proj,1501,0,8,29419
final_layernorm,1501,0,8,100753
lm_head,1501,0,8,254531
embedding,1502,0,8,42477
input_layernorm,1502,0,8,100734
q_proj,1502,0,8,10274
k_proj,1502,0,8,10830
v_proj,1502,0,8,10558
rope,1502,0,8,29342
attn,1502,0,8,36523
o_proj,1502,0,8,10135
post_layernorm,1502,0,8,99762
gate_proj,1502,0,8,30266
up_proj,1502,0,8,28796
act_fn,1502,0,8,7942
down_proj,1502,0,8,29389
final_layernorm,1502,0,8,100906
lm_head,1502,0,8,254440
embedding,1503,0,8,43349
input_layernorm,1503,0,8,101445
q_proj,1503,0,8,10339
k_proj,1503,0,8,10882
v_proj,1503,0,8,10741
rope,1503,0,8,29722
attn,1503,0,8,37016
o_proj,1503,0,8,10185
post_layernorm,1503,0,8,100629
gate_proj,1503,0,8,30517
up_proj,1503,0,8,28834
act_fn,1503,0,8,7948
down_proj,1503,0,8,29465
final_layernorm,1503,0,8,101872
lm_head,1503,0,8,254805
embedding,1504,0,8,43092
input_layernorm,1504,0,8,100845
q_proj,1504,0,8,10334
k_proj,1504,0,8,7927
v_proj,1504,0,8,8158
rope,1504,0,8,29725
attn,1504,0,8,36803
o_proj,1504,0,8,10191
post_layernorm,1504,0,8,100122
gate_proj,1504,0,8,31293
up_proj,1504,0,8,29621
act_fn,1504,0,8,7935
down_proj,1504,0,8,29451
final_layernorm,1504,0,8,101185
lm_head,1504,0,8,260571
embedding,1505,0,8,43540
input_layernorm,1505,0,8,101873
q_proj,1505,0,8,10387
k_proj,1505,0,8,10404
v_proj,1505,0,8,10909
rope,1505,0,8,29914
attn,1505,0,8,37464
o_proj,1505,0,8,10248
post_layernorm,1505,0,8,101167
gate_proj,1505,0,8,30764
up_proj,1505,0,8,28963
act_fn,1505,0,8,7972
down_proj,1505,0,8,29627
final_layernorm,1505,0,8,102111
lm_head,1505,0,8,255292
embedding,1506,0,8,42552
input_layernorm,1506,0,8,101075
q_proj,1506,0,8,10318
k_proj,1506,0,8,10539
v_proj,1506,0,8,10547
rope,1506,0,8,29481
attn,1506,0,8,37196
o_proj,1506,0,8,10168
post_layernorm,1506,0,8,100024
gate_proj,1506,0,8,30390
up_proj,1506,0,8,28801
act_fn,1506,0,8,7968
down_proj,1506,0,8,29445
final_layernorm,1506,0,8,101365
lm_head,1506,0,8,255021
embedding,1507,0,8,43565
input_layernorm,1507,0,8,101892
q_proj,1507,0,8,10397
k_proj,1507,0,8,10492
v_proj,1507,0,8,10457
rope,1507,0,8,29912
attn,1507,0,8,37292
o_proj,1507,0,8,10258
post_layernorm,1507,0,8,101166
gate_proj,1507,0,8,30787
up_proj,1507,0,8,28943
act_fn,1507,0,8,7983
down_proj,1507,0,8,29671
final_layernorm,1507,0,8,102088
lm_head,1507,0,8,255447
embedding,1508,0,8,43030
input_layernorm,1508,0,8,101940
q_proj,1508,0,8,10364
k_proj,1508,0,8,10910
v_proj,1508,0,8,10350
rope,1508,0,8,29919
attn,1508,0,8,37232
o_proj,1508,0,8,10222
post_layernorm,1508,0,8,100880
gate_proj,1508,0,8,30676
up_proj,1508,0,8,28895
act_fn,1508,0,8,7971
down_proj,1508,0,8,29573
final_layernorm,1508,0,8,102428
lm_head,1508,0,8,255344
embedding,1509,0,8,43215
input_layernorm,1509,0,8,101693
q_proj,1509,0,8,10343
k_proj,1509,0,8,10270
v_proj,1509,0,8,10289
rope,1509,0,8,29710
attn,1509,0,8,36859
o_proj,1509,0,8,10206
post_layernorm,1509,0,8,100645
gate_proj,1509,0,8,30505
up_proj,1509,0,8,28814
act_fn,1509,0,8,7960
down_proj,1509,0,8,29536
final_layernorm,1509,0,8,102139
lm_head,1509,0,8,255190
embedding,1510,0,8,42566
input_layernorm,1510,0,8,100994
q_proj,1510,0,8,10308
k_proj,1510,0,8,10393
v_proj,1510,0,8,10897
rope,1510,0,8,29444
attn,1510,0,8,36935
o_proj,1510,0,8,10157
post_layernorm,1510,0,8,100405
gate_proj,1510,0,8,30328
up_proj,1510,0,8,28848
act_fn,1510,0,8,7983
down_proj,1510,0,8,29494
final_layernorm,1510,0,8,101566
lm_head,1510,0,8,255092
embedding,1511,0,8,43030
input_layernorm,1511,0,8,101422
q_proj,1511,0,8,10339
k_proj,1511,0,8,10712
v_proj,1511,0,8,10275
rope,1511,0,8,29580
attn,1511,0,8,36892
o_proj,1511,0,8,10195
post_layernorm,1511,0,8,100708
gate_proj,1511,0,8,30486
up_proj,1511,0,8,28895
act_fn,1511,0,8,7978
down_proj,1511,0,8,29534
final_layernorm,1511,0,8,102241
lm_head,1511,0,8,255119
embedding,1512,0,8,42540
input_layernorm,1512,0,8,101043
q_proj,1512,0,8,10322
k_proj,1512,0,8,6886
v_proj,1512,0,8,6581
rope,1512,0,8,29551
attn,1512,0,8,36872
o_proj,1512,0,8,10164
post_layernorm,1512,0,8,100168
gate_proj,1512,0,8,30350
up_proj,1512,0,8,28814
act_fn,1512,0,8,8000
down_proj,1512,0,8,29450
final_layernorm,1512,0,8,101680
lm_head,1512,0,8,255084
embedding,1513,0,8,43110
input_layernorm,1513,0,8,102049
q_proj,1513,0,8,10371
k_proj,1513,0,8,7630
v_proj,1513,0,8,7932
rope,1513,0,8,29729
attn,1513,0,8,37076
o_proj,1513,0,8,10212
post_layernorm,1513,0,8,100895
gate_proj,1513,0,8,31426
up_proj,1513,0,8,29711
act_fn,1513,0,8,7960
down_proj,1513,0,8,29607
final_layernorm,1513,0,8,102383
lm_head,1513,0,8,255505
embedding,1514,0,8,42778
input_layernorm,1514,0,8,101966
q_proj,1514,0,8,10362
k_proj,1514,0,8,7693
v_proj,1514,0,8,7946
rope,1514,0,8,29746
attn,1514,0,8,36936
o_proj,1514,0,8,10212
post_layernorm,1514,0,8,101313
gate_proj,1514,0,8,31440
up_proj,1514,0,8,29690
act_fn,1514,0,8,8018
down_proj,1514,0,8,29574
final_layernorm,1514,0,8,102442
lm_head,1514,0,8,255479
embedding,1515,0,8,43312
input_layernorm,1515,0,8,101784
q_proj,1515,0,8,10323
k_proj,1515,0,8,7702
v_proj,1515,0,8,7998
rope,1515,0,8,29537
attn,1515,0,8,36871
o_proj,1515,0,8,10174
post_layernorm,1515,0,8,100778
gate_proj,1515,0,8,31208
up_proj,1515,0,8,29532
act_fn,1515,0,8,8002
down_proj,1515,0,8,29456
final_layernorm,1515,0,8,102347
lm_head,1515,0,8,255302
embedding,1516,0,8,43856
input_layernorm,1516,0,8,102866
q_proj,1516,0,8,10441
k_proj,1516,0,8,7550
v_proj,1516,0,8,7732
rope,1516,0,8,30291
attn,1516,0,8,37658
o_proj,1516,0,8,10301
post_layernorm,1516,0,8,102102
gate_proj,1516,0,8,31828
up_proj,1516,0,8,29922
act_fn,1516,0,8,8007
down_proj,1516,0,8,29844
final_layernorm,1516,0,8,103447
lm_head,1516,0,8,255863
embedding,1517,0,8,43948
input_layernorm,1517,0,8,102145
q_proj,1517,0,8,10365
k_proj,1517,0,8,7604
v_proj,1517,0,8,7921
rope,1517,0,8,29804
attn,1517,0,8,37127
o_proj,1517,0,8,10219
post_layernorm,1517,0,8,101384
gate_proj,1517,0,8,31445
up_proj,1517,0,8,29675
act_fn,1517,0,8,7996
down_proj,1517,0,8,29541
final_layernorm,1517,0,8,103046
lm_head,1517,0,8,255538
embedding,1518,0,8,43503
input_layernorm,1518,0,8,101992
q_proj,1518,0,8,10347
k_proj,1518,0,8,7632
v_proj,1518,0,8,7902
rope,1518,0,8,29695
attn,1518,0,8,37003
o_proj,1518,0,8,10198
post_layernorm,1518,0,8,101394
gate_proj,1518,0,8,31294
up_proj,1518,0,8,29611
act_fn,1518,0,8,8004
down_proj,1518,0,8,29517
final_layernorm,1518,0,8,102739
lm_head,1518,0,8,255378
embedding,1519,0,8,43601
input_layernorm,1519,0,8,102019
q_proj,1519,0,8,10335
k_proj,1519,0,8,7561
v_proj,1519,0,8,7775
rope,1519,0,8,29558
attn,1519,0,8,37067
o_proj,1519,0,8,10197
post_layernorm,1519,0,8,101111
gate_proj,1519,0,8,31305
up_proj,1519,0,8,29688
act_fn,1519,0,8,7994
down_proj,1519,0,8,29583
final_layernorm,1519,0,8,102768
lm_head,1519,0,8,255422
embedding,1520,0,8,43482
input_layernorm,1520,0,8,101873
q_proj,1520,0,8,10328
k_proj,1520,0,8,7545
v_proj,1520,0,8,7775
rope,1520,0,8,29641
attn,1520,0,8,36781
o_proj,1520,0,8,10179
post_layernorm,1520,0,8,100839
gate_proj,1520,0,8,31178
up_proj,1520,0,8,29538
act_fn,1520,0,8,8018
down_proj,1520,0,8,29474
final_layernorm,1520,0,8,102663
lm_head,1520,0,8,255314
embedding,1521,0,8,44412
input_layernorm,1521,0,8,102504
q_proj,1521,0,8,10347
k_proj,1521,0,8,7493
v_proj,1521,0,8,7766
rope,1521,0,8,29701
attn,1521,0,8,36901
o_proj,1521,0,8,10210
post_layernorm,1521,0,8,101536
gate_proj,1521,0,8,31326
up_proj,1521,0,8,29628
act_fn,1521,0,8,8029
down_proj,1521,0,8,29507
final_layernorm,1521,0,8,103167
lm_head,1521,0,8,261285
embedding,1522,0,8,44364
input_layernorm,1522,0,8,102575
q_proj,1522,0,8,10373
k_proj,1522,0,8,7535
v_proj,1522,0,8,7723
rope,1522,0,8,29852
attn,1522,0,8,37055
o_proj,1522,0,8,10226
post_layernorm,1522,0,8,101893
gate_proj,1522,0,8,31490
up_proj,1522,0,8,29697
act_fn,1522,0,8,8019
down_proj,1522,0,8,29581
final_layernorm,1522,0,8,103049
lm_head,1522,0,8,261503
embedding,1523,0,8,43887
input_layernorm,1523,0,8,102250
q_proj,1523,0,8,10321
k_proj,1523,0,8,7578
v_proj,1523,0,8,7723
rope,1523,0,8,29546
attn,1523,0,8,37020
o_proj,1523,0,8,10176
post_layernorm,1523,0,8,101301
gate_proj,1523,0,8,31142
up_proj,1523,0,8,29616
act_fn,1523,0,8,8017
down_proj,1523,0,8,29495
final_layernorm,1523,0,8,103034
lm_head,1523,0,8,261227
embedding,1524,0,8,43802
input_layernorm,1524,0,8,102233
q_proj,1524,0,8,10333
k_proj,1524,0,8,7360
v_proj,1524,0,8,7638
rope,1524,0,8,29634
attn,1524,0,8,36917
o_proj,1524,0,8,10179
post_layernorm,1524,0,8,101509
gate_proj,1524,0,8,31203
up_proj,1524,0,8,29623
act_fn,1524,0,8,8002
down_proj,1524,0,8,29514
final_layernorm,1524,0,8,102975
lm_head,1524,0,8,261284
embedding,1525,0,8,44555
input_layernorm,1525,0,8,102616
q_proj,1525,0,8,10394
k_proj,1525,0,8,7383
v_proj,1525,0,8,7718
rope,1525,0,8,29969
attn,1525,0,8,37287
o_proj,1525,0,8,10242
post_layernorm,1525,0,8,102283
gate_proj,1525,0,8,31569
up_proj,1525,0,8,29789
act_fn,1525,0,8,8028
down_proj,1525,0,8,29669
final_layernorm,1525,0,8,103702
lm_head,1525,0,8,261610
embedding,1526,0,8,44302
input_layernorm,1526,0,8,103420
q_proj,1526,0,8,10426
k_proj,1526,0,8,7341
v_proj,1526,0,8,7617
rope,1526,0,8,30171
attn,1526,0,8,37613
o_proj,1526,0,8,10294
post_layernorm,1526,0,8,102599
gate_proj,1526,0,8,31715
up_proj,1526,0,8,29867
act_fn,1526,0,8,8077
down_proj,1526,0,8,29755
final_layernorm,1526,0,8,104029
lm_head,1526,0,8,261896
embedding,1527,0,8,44245
input_layernorm,1527,0,8,102622
q_proj,1527,0,8,10333
k_proj,1527,0,8,7309
v_proj,1527,0,8,7520
rope,1527,0,8,29664
attn,1527,0,8,36886
o_proj,1527,0,8,10188
post_layernorm,1527,0,8,101807
gate_proj,1527,0,8,31248
up_proj,1527,0,8,29633
act_fn,1527,0,8,8026
down_proj,1527,0,8,29539
final_layernorm,1527,0,8,103304
lm_head,1527,0,8,261516
embedding,1528,0,8,43643
input_layernorm,1528,0,8,102300
q_proj,1528,0,8,10343
k_proj,1528,0,8,7291
v_proj,1528,0,8,7388
rope,1528,0,8,29760
attn,1528,0,8,36892
o_proj,1528,0,8,10197
post_layernorm,1528,0,8,101533
gate_proj,1528,0,8,31287
up_proj,1528,0,8,29648
act_fn,1528,0,8,8061
down_proj,1528,0,8,29542
final_layernorm,1528,0,8,102897
lm_head,1528,0,8,261463
embedding,1529,0,8,44499
input_layernorm,1529,0,8,103063
q_proj,1529,0,8,10391
k_proj,1529,0,8,7278
v_proj,1529,0,8,7497
rope,1529,0,8,29874
attn,1529,0,8,37575
o_proj,1529,0,8,10238
post_layernorm,1529,0,8,102357
gate_proj,1529,0,8,31505
up_proj,1529,0,8,29780
act_fn,1529,0,8,8070
down_proj,1529,0,8,29638
final_layernorm,1529,0,8,103766
lm_head,1529,0,8,261746
embedding,1530,0,8,43911
input_layernorm,1530,0,8,103373
q_proj,1530,0,8,10387
k_proj,1530,0,8,7251
v_proj,1530,0,8,7495
rope,1530,0,8,30048
attn,1530,0,8,37173
o_proj,1530,0,8,10246
post_layernorm,1530,0,8,102556
gate_proj,1530,0,8,31503
up_proj,1530,0,8,29760
act_fn,1530,0,8,8070
down_proj,1530,0,8,29634
final_layernorm,1530,0,8,104090
lm_head,1530,0,8,261882
embedding,1531,0,8,44690
input_layernorm,1531,0,8,103706
q_proj,1531,0,8,10415
k_proj,1531,0,8,7343
v_proj,1531,0,8,7501
rope,1531,0,8,30165
attn,1531,0,8,37341
o_proj,1531,0,8,10274
post_layernorm,1531,0,8,102708
gate_proj,1531,0,8,31651
up_proj,1531,0,8,29817
act_fn,1531,0,8,8143
down_proj,1531,0,8,29701
final_layernorm,1531,0,8,104265
lm_head,1531,0,8,261911
embedding,1532,0,8,43292
input_layernorm,1532,0,8,102889
q_proj,1532,0,8,10325
k_proj,1532,0,8,7257
v_proj,1532,0,8,7355
rope,1532,0,8,29652
attn,1532,0,8,36731
o_proj,1532,0,8,10181
post_layernorm,1532,0,8,101885
gate_proj,1532,0,8,31116
up_proj,1532,0,8,29558
act_fn,1532,0,8,8094
down_proj,1532,0,8,29476
final_layernorm,1532,0,8,103319
lm_head,1532,0,8,261430
embedding,1533,0,8,43620
input_layernorm,1533,0,8,102673
q_proj,1533,0,8,10318
k_proj,1533,0,8,7185
v_proj,1533,0,8,7450
rope,1533,0,8,29536
attn,1533,0,8,36818
o_proj,1533,0,8,10163
post_layernorm,1533,0,8,101820
gate_proj,1533,0,8,31073
up_proj,1533,0,8,29607
act_fn,1533,0,8,8088
down_proj,1533,0,8,29488
final_layernorm,1533,0,8,103410
lm_head,1533,0,8,261470
embedding,1534,0,8,43500
input_layernorm,1534,0,8,102648
q_proj,1534,0,8,10302
k_proj,1534,0,8,7292
v_proj,1534,0,8,7406
rope,1534,0,8,29504
attn,1534,0,8,36678
o_proj,1534,0,8,10160
post_layernorm,1534,0,8,101746
gate_proj,1534,0,8,31031
up_proj,1534,0,8,29598
act_fn,1534,0,8,8087
down_proj,1534,0,8,29478
final_layernorm,1534,0,8,103395
lm_head,1534,0,8,261457
embedding,1535,0,8,44157
input_layernorm,1535,0,8,102599
q_proj,1535,0,8,10304
k_proj,1535,0,8,7119
v_proj,1535,0,8,7364
rope,1535,0,8,29492
attn,1535,0,8,36839
o_proj,1535,0,8,10167
post_layernorm,1535,0,8,101925
gate_proj,1535,0,8,31030
up_proj,1535,0,8,29581
act_fn,1535,0,8,8076
down_proj,1535,0,8,29473
final_layernorm,1535,0,8,103453
lm_head,1535,0,8,261407
embedding,1536,0,8,43899
input_layernorm,1536,0,8,102887
q_proj,1536,0,8,10364
k_proj,1536,0,8,7214
v_proj,1536,0,8,7293
rope,1536,0,8,29902
attn,1536,0,8,33031
o_proj,1536,0,8,10213
post_layernorm,1536,0,8,102394
gate_proj,1536,0,8,31935
up_proj,1536,0,8,30140
act_fn,1536,0,8,8031
down_proj,1536,0,8,29629
final_layernorm,1536,0,8,103706
lm_head,1536,0,8,261575
embedding,1537,0,8,44077
input_layernorm,1537,0,8,104128
q_proj,1537,0,8,10471
k_proj,1537,0,8,6773
v_proj,1537,0,8,6120
rope,1537,0,8,30314
attn,1537,0,8,40544
o_proj,1537,0,8,10326
post_layernorm,1537,0,8,103053
gate_proj,1537,0,8,31630
up_proj,1537,0,8,29876
act_fn,1537,0,8,8123
down_proj,1537,0,8,30166
final_layernorm,1537,0,8,104307
lm_head,1537,0,8,266517
embedding,1538,0,8,43351
input_layernorm,1538,0,8,103651
q_proj,1538,0,8,10391
k_proj,1538,0,8,6738
v_proj,1538,0,8,6049
rope,1538,0,8,29926
attn,1538,0,8,40031
o_proj,1538,0,8,10234
post_layernorm,1538,0,8,102570
gate_proj,1538,0,8,31201
up_proj,1538,0,8,29663
act_fn,1538,0,8,8097
down_proj,1538,0,8,29806
final_layernorm,1538,0,8,103911
lm_head,1538,0,8,266001
embedding,1539,0,8,43073
input_layernorm,1539,0,8,103711
q_proj,1539,0,8,10402
k_proj,1539,0,8,6753
v_proj,1539,0,8,6073
rope,1539,0,8,29979
attn,1539,0,8,39952
o_proj,1539,0,8,10249
post_layernorm,1539,0,8,102722
gate_proj,1539,0,8,31341
up_proj,1539,0,8,29660
act_fn,1539,0,8,8111
down_proj,1539,0,8,29876
final_layernorm,1539,0,8,104219
lm_head,1539,0,8,266020
embedding,1540,0,8,43935
input_layernorm,1540,0,8,103955
q_proj,1540,0,8,10420
k_proj,1540,0,8,6732
v_proj,1540,0,8,6057
rope,1540,0,8,30286
attn,1540,0,8,40061
o_proj,1540,0,8,10258
post_layernorm,1540,0,8,103061
gate_proj,1540,0,8,31404
up_proj,1540,0,8,29651
act_fn,1540,0,8,8112
down_proj,1540,0,8,29889
final_layernorm,1540,0,8,104410
lm_head,1540,0,8,266321
embedding,1541,0,8,43363
input_layernorm,1541,0,8,104058
q_proj,1541,0,8,10406
k_proj,1541,0,8,6655
v_proj,1541,0,8,6080
rope,1541,0,8,30092
attn,1541,0,8,39921
o_proj,1541,0,8,10237
post_layernorm,1541,0,8,102910
gate_proj,1541,0,8,31315
up_proj,1541,0,8,29701
act_fn,1541,0,8,8157
down_proj,1541,0,8,29904
final_layernorm,1541,0,8,104375
lm_head,1541,0,8,266178
embedding,1542,0,8,44466
input_layernorm,1542,0,8,104775
q_proj,1542,0,8,10474
k_proj,1542,0,8,6790
v_proj,1542,0,8,6131
rope,1542,0,8,30412
attn,1542,0,8,40646
o_proj,1542,0,8,10317
post_layernorm,1542,0,8,103602
gate_proj,1542,0,8,31632
up_proj,1542,0,8,29820
act_fn,1542,0,8,8131
down_proj,1542,0,8,30082
final_layernorm,1542,0,8,104743
lm_head,1542,0,8,266649
embedding,1543,0,8,43385
input_layernorm,1543,0,8,104372
q_proj,1543,0,8,10427
k_proj,1543,0,8,6733
v_proj,1543,0,8,6081
rope,1543,0,8,30183
attn,1543,0,8,40323
o_proj,1543,0,8,10286
post_layernorm,1543,0,8,103159
gate_proj,1543,0,8,31377
up_proj,1543,0,8,29754
act_fn,1543,0,8,8160
down_proj,1543,0,8,29986
final_layernorm,1543,0,8,104650
lm_head,1543,0,8,266550
embedding,1544,0,8,43531
input_layernorm,1544,0,8,104059
q_proj,1544,0,8,10406
k_proj,1544,0,8,6734
v_proj,1544,0,8,6033
rope,1544,0,8,30121
attn,1544,0,8,39880
o_proj,1544,0,8,10260
post_layernorm,1544,0,8,102816
gate_proj,1544,0,8,31279
up_proj,1544,0,8,29749
act_fn,1544,0,8,8138
down_proj,1544,0,8,29911
final_layernorm,1544,0,8,104004
lm_head,1544,0,8,266261
embedding,1545,0,8,43032
input_layernorm,1545,0,8,103798
q_proj,1545,0,8,10375
k_proj,1545,0,8,6780
v_proj,1545,0,8,6027
rope,1545,0,8,29856
attn,1545,0,8,39948
o_proj,1545,0,8,10219
post_layernorm,1545,0,8,102919
gate_proj,1545,0,8,31142
up_proj,1545,0,8,29656
act_fn,1545,0,8,8179
down_proj,1545,0,8,29773
final_layernorm,1545,0,8,104268
lm_head,1545,0,8,266305
embedding,1546,0,8,43811
input_layernorm,1546,0,8,104142
q_proj,1546,0,8,10401
k_proj,1546,0,8,6715
v_proj,1546,0,8,6031
rope,1546,0,8,30030
attn,1546,0,8,40010
o_proj,1546,0,8,10271
post_layernorm,1546,0,8,103191
gate_proj,1546,0,8,31237
up_proj,1546,0,8,29712
act_fn,1546,0,8,8163
down_proj,1546,0,8,29908
final_layernorm,1546,0,8,104458
lm_head,1546,0,8,266431
embedding,1547,0,8,43930
input_layernorm,1547,0,8,104817
q_proj,1547,0,8,10465
k_proj,1547,0,8,6717
v_proj,1547,0,8,6081
rope,1547,0,8,30366
attn,1547,0,8,40314
o_proj,1547,0,8,10305
post_layernorm,1547,0,8,103629
gate_proj,1547,0,8,31549
up_proj,1547,0,8,29781
act_fn,1547,0,8,8154
down_proj,1547,0,8,30082
final_layernorm,1547,0,8,105078
lm_head,1547,0,8,266796
embedding,1548,0,8,44369
input_layernorm,1548,0,8,104915
q_proj,1548,0,8,10438
k_proj,1548,0,8,6795
v_proj,1548,0,8,6073
rope,1548,0,8,30500
attn,1548,0,8,40119
o_proj,1548,0,8,10280
post_layernorm,1548,0,8,103779
gate_proj,1548,0,8,31467
up_proj,1548,0,8,29728
act_fn,1548,0,8,8149
down_proj,1548,0,8,29945
final_layernorm,1548,0,8,105298
lm_head,1548,0,8,266564
embedding,1549,0,8,44221
input_layernorm,1549,0,8,105283
q_proj,1549,0,8,10465
k_proj,1549,0,8,6812
v_proj,1549,0,8,6122
rope,1549,0,8,30369
attn,1549,0,8,40479
o_proj,1549,0,8,10300
post_layernorm,1549,0,8,103929
gate_proj,1549,0,8,31553
up_proj,1549,0,8,29783
act_fn,1549,0,8,8205
down_proj,1549,0,8,30047
final_layernorm,1549,0,8,105276
lm_head,1549,0,8,266825
embedding,1550,0,8,43946
input_layernorm,1550,0,8,104365
q_proj,1550,0,8,10400
k_proj,1550,0,8,6775
v_proj,1550,0,8,6034
rope,1550,0,8,29955
attn,1550,0,8,39880
o_proj,1550,0,8,10254
post_layernorm,1550,0,8,103167
gate_proj,1550,0,8,31217
up_proj,1550,0,8,29676
act_fn,1550,0,8,8177
down_proj,1550,0,8,29844
final_layernorm,1550,0,8,104573
lm_head,1550,0,8,266381
embedding,1551,0,8,44126
input_layernorm,1551,0,8,104822
q_proj,1551,0,8,10441
k_proj,1551,0,8,6723
v_proj,1551,0,8,6063
rope,1551,0,8,30258
attn,1551,0,8,40219
o_proj,1551,0,8,10281
post_layernorm,1551,0,8,103920
gate_proj,1551,0,8,31441
up_proj,1551,0,8,29725
act_fn,1551,0,8,8173
down_proj,1551,0,8,29982
final_layernorm,1551,0,8,105175
lm_head,1551,0,8,266851
embedding,1552,0,8,44625
input_layernorm,1552,0,8,104469
q_proj,1552,0,8,10707
k_proj,1552,0,8,6838
v_proj,1552,0,8,6351
rope,1552,0,8,30206
attn,1552,0,8,40200
o_proj,1552,0,8,10520
post_layernorm,1552,0,8,103313
gate_proj,1552,0,8,31319
up_proj,1552,0,8,29680
act_fn,1552,0,8,8192
down_proj,1552,0,8,30830
final_layernorm,1552,0,8,104343
lm_head,1552,0,8,266729
embedding,1553,0,8,44236
input_layernorm,1553,0,8,104980
q_proj,1553,0,8,10419
k_proj,1553,0,8,6734
v_proj,1553,0,8,6052
rope,1553,0,8,30082
attn,1553,0,8,40070
o_proj,1553,0,8,10272
post_layernorm,1553,0,8,103620
gate_proj,1553,0,8,31343
up_proj,1553,0,8,29760
act_fn,1553,0,8,8194
down_proj,1553,0,8,29953
final_layernorm,1553,0,8,105091
lm_head,1553,0,8,266878
embedding,1554,0,8,44568
input_layernorm,1554,0,8,104995
q_proj,1554,0,8,10416
k_proj,1554,0,8,6806
v_proj,1554,0,8,6043
rope,1554,0,8,30118
attn,1554,0,8,40252
o_proj,1554,0,8,10267
post_layernorm,1554,0,8,103988
gate_proj,1554,0,8,31316
up_proj,1554,0,8,29766
act_fn,1554,0,8,8203
down_proj,1554,0,8,29964
final_layernorm,1554,0,8,105326
lm_head,1554,0,8,266751
embedding,1555,0,8,44622
input_layernorm,1555,0,8,105629
q_proj,1555,0,8,10495
k_proj,1555,0,8,6757
v_proj,1555,0,8,6121
rope,1555,0,8,30525
attn,1555,0,8,40543
o_proj,1555,0,8,10327
post_layernorm,1555,0,8,104571
gate_proj,1555,0,8,31719
up_proj,1555,0,8,29869
act_fn,1555,0,8,8203
down_proj,1555,0,8,30186
final_layernorm,1555,0,8,105802
lm_head,1555,0,8,267090
embedding,1556,0,8,44996
input_layernorm,1556,0,8,105871
q_proj,1556,0,8,10480
k_proj,1556,0,8,6793
v_proj,1556,0,8,6105
rope,1556,0,8,30646
attn,1556,0,8,40655
o_proj,1556,0,8,10334
post_layernorm,1556,0,8,104634
gate_proj,1556,0,8,31644
up_proj,1556,0,8,29865
act_fn,1556,0,8,8248
down_proj,1556,0,8,30105
final_layernorm,1556,0,8,105881
lm_head,1556,0,8,267163
embedding,1557,0,8,44532
input_layernorm,1557,0,8,106141
q_proj,1557,0,8,10502
k_proj,1557,0,8,6770
v_proj,1557,0,8,6138
rope,1557,0,8,30598
attn,1557,0,8,40697
o_proj,1557,0,8,10352
post_layernorm,1557,0,8,105014
gate_proj,1557,0,8,31705
up_proj,1557,0,8,29866
act_fn,1557,0,8,8250
down_proj,1557,0,8,30175
final_layernorm,1557,0,8,106137
lm_head,1557,0,8,267193
embedding,1558,0,8,45133
input_layernorm,1558,0,8,105786
q_proj,1558,0,8,10456
k_proj,1558,0,8,6734
v_proj,1558,0,8,6085
rope,1558,0,8,30416
attn,1558,0,8,40061
o_proj,1558,0,8,10305
post_layernorm,1558,0,8,104531
gate_proj,1558,0,8,31518
up_proj,1558,0,8,29798
act_fn,1558,0,8,8221
down_proj,1558,0,8,30052
final_layernorm,1558,0,8,105695
lm_head,1558,0,8,266984
embedding,1559,0,8,44018
input_layernorm,1559,0,8,105586
q_proj,1559,0,8,10409
k_proj,1559,0,8,6789
v_proj,1559,0,8,6028
rope,1559,0,8,30190
attn,1559,0,8,40105
o_proj,1559,0,8,10274
post_layernorm,1559,0,8,104231
gate_proj,1559,0,8,31282
up_proj,1559,0,8,29747
act_fn,1559,0,8,8232
down_proj,1559,0,8,29915
final_layernorm,1559,0,8,105502
lm_head,1559,0,8,266921
embedding,1560,0,8,44341
input_layernorm,1560,0,8,105328
q_proj,1560,0,8,10403
k_proj,1560,0,8,6739
v_proj,1560,0,8,6047
rope,1560,0,8,30335
attn,1560,0,8,40041
o_proj,1560,0,8,10253
post_layernorm,1560,0,8,103959
gate_proj,1560,0,8,31239
up_proj,1560,0,8,29707
act_fn,1560,0,8,8211
down_proj,1560,0,8,29889
final_layernorm,1560,0,8,105586
lm_head,1560,0,8,266914
embedding,1561,0,8,44629
input_layernorm,1561,0,8,105702
q_proj,1561,0,8,10447
k_proj,1561,0,8,8212
v_proj,1561,0,8,8681
rope,1561,0,8,30437
attn,1561,0,8,40208
o_proj,1561,0,8,10297
post_layernorm,1561,0,8,104647
gate_proj,1561,0,8,31449
up_proj,1561,0,8,29746
act_fn,1561,0,8,8249
down_proj,1561,0,8,29985
final_layernorm,1561,0,8,105981
lm_head,1561,0,8,267142
embedding,1562,0,8,44662
input_layernorm,1562,0,8,105583
q_proj,1562,0,8,10432
k_proj,1562,0,8,8103
v_proj,1562,0,8,8546
rope,1562,0,8,30288
attn,1562,0,8,40103
o_proj,1562,0,8,10273
post_layernorm,1562,0,8,104330
gate_proj,1562,0,8,31338
up_proj,1562,0,8,29809
act_fn,1562,0,8,8208
down_proj,1562,0,8,29951
final_layernorm,1562,0,8,105905
lm_head,1562,0,8,266840
embedding,1563,0,8,43743
input_layernorm,1563,0,8,105478
q_proj,1563,0,8,10393
k_proj,1563,0,8,8328
v_proj,1563,0,8,8699
rope,1563,0,8,30048
attn,1563,0,8,39909
o_proj,1563,0,8,10239
post_layernorm,1563,0,8,104154
gate_proj,1563,0,8,31129
up_proj,1563,0,8,29738
act_fn,1563,0,8,8226
down_proj,1563,0,8,29881
final_layernorm,1563,0,8,105597
lm_head,1563,0,8,266920
embedding,1564,0,8,44732
input_layernorm,1564,0,8,106281
q_proj,1564,0,8,10457
k_proj,1564,0,8,8130
v_proj,1564,0,8,8701
rope,1564,0,8,30599
attn,1564,0,8,40044
o_proj,1564,0,8,10297
post_layernorm,1564,0,8,104787
gate_proj,1564,0,8,31454
up_proj,1564,0,8,29752
act_fn,1564,0,8,8272
down_proj,1564,0,8,29948
final_layernorm,1564,0,8,106397
lm_head,1564,0,8,267190
embedding,1565,0,8,44149
input_layernorm,1565,0,8,106265
q_proj,1565,0,8,10454
k_proj,1565,0,8,8024
v_proj,1565,0,8,8471
rope,1565,0,8,30415
attn,1565,0,8,40030
o_proj,1565,0,8,10293
post_layernorm,1565,0,8,104826
gate_proj,1565,0,8,31403
up_proj,1565,0,8,29753
act_fn,1565,0,8,8236
down_proj,1565,0,8,29978
final_layernorm,1565,0,8,106282
lm_head,1565,0,8,267277
embedding,1566,0,8,44365
input_layernorm,1566,0,8,105831
q_proj,1566,0,8,10410
k_proj,1566,0,8,8039
v_proj,1566,0,8,8480
rope,1566,0,8,30154
attn,1566,0,8,39894
o_proj,1566,0,8,10252
post_layernorm,1566,0,8,104206
gate_proj,1566,0,8,31172
up_proj,1566,0,8,29744
act_fn,1566,0,8,8270
down_proj,1566,0,8,29908
final_layernorm,1566,0,8,105968
lm_head,1566,0,8,266987
embedding,1567,0,8,43782
input_layernorm,1567,0,8,105955
q_proj,1567,0,8,10411
k_proj,1567,0,8,8065
v_proj,1567,0,8,8653
rope,1567,0,8,30204
attn,1567,0,8,39814
o_proj,1567,0,8,10257
post_layernorm,1567,0,8,104674
gate_proj,1567,0,8,31222
up_proj,1567,0,8,29749
act_fn,1567,0,8,8284
down_proj,1567,0,8,29901
final_layernorm,1567,0,8,106069
lm_head,1567,0,8,266984
embedding,1568,0,8,45623
input_layernorm,1568,0,8,106892
q_proj,1568,0,8,11379
k_proj,1568,0,8,6974
v_proj,1568,0,8,6460
rope,1568,0,8,30994
attn,1568,0,8,40841
o_proj,1568,0,8,11257
post_layernorm,1568,0,8,105455
gate_proj,1568,0,8,31825
up_proj,1568,0,8,29969
act_fn,1568,0,8,8256
down_proj,1568,0,8,33072
final_layernorm,1568,0,8,106411
lm_head,1568,0,8,274385
embedding,1569,0,8,44688
input_layernorm,1569,0,8,106807
q_proj,1569,0,8,10475
k_proj,1569,0,8,8217
v_proj,1569,0,8,8636
rope,1569,0,8,30630
attn,1569,0,8,40199
o_proj,1569,0,8,10321
post_layernorm,1569,0,8,105371
gate_proj,1569,0,8,32440
up_proj,1569,0,8,30667
act_fn,1569,0,8,8255
down_proj,1569,0,8,30055
final_layernorm,1569,0,8,107182
lm_head,1569,0,8,267565
embedding,1570,0,8,44889
input_layernorm,1570,0,8,107026
q_proj,1570,0,8,10508
k_proj,1570,0,8,8077
v_proj,1570,0,8,8552
rope,1570,0,8,30700
attn,1570,0,8,40446
o_proj,1570,0,8,10347
post_layernorm,1570,0,8,105536
gate_proj,1570,0,8,32600
up_proj,1570,0,8,30743
act_fn,1570,0,8,8292
down_proj,1570,0,8,30159
final_layernorm,1570,0,8,107213
lm_head,1570,0,8,267505
embedding,1571,0,8,44482
input_layernorm,1571,0,8,106447
q_proj,1571,0,8,10441
k_proj,1571,0,8,8159
v_proj,1571,0,8,8565
rope,1571,0,8,30378
attn,1571,0,8,40195
o_proj,1571,0,8,10285
post_layernorm,1571,0,8,105110
gate_proj,1571,0,8,32195
up_proj,1571,0,8,30613
act_fn,1571,0,8,8266
down_proj,1571,0,8,29986
final_layernorm,1571,0,8,106308
lm_head,1571,0,8,267337
embedding,1572,0,8,45355
input_layernorm,1572,0,8,107299
q_proj,1572,0,8,10503
k_proj,1572,0,8,7895
v_proj,1572,0,8,8038
rope,1572,0,8,30865
attn,1572,0,8,40367
o_proj,1572,0,8,10349
post_layernorm,1572,0,8,105868
gate_proj,1572,0,8,32541
up_proj,1572,0,8,30732
act_fn,1572,0,8,8292
down_proj,1572,0,8,30100
final_layernorm,1572,0,8,107346
lm_head,1572,0,8,267636
embedding,1573,0,8,44625
input_layernorm,1573,0,8,107002
q_proj,1573,0,8,10510
k_proj,1573,0,8,8026
v_proj,1573,0,8,8496
rope,1573,0,8,30790
attn,1573,0,8,40708
o_proj,1573,0,8,10367
post_layernorm,1573,0,8,105944
gate_proj,1573,0,8,32618
up_proj,1573,0,8,30803
act_fn,1573,0,8,8273
down_proj,1573,0,8,30207
final_layernorm,1573,0,8,107252
lm_head,1573,0,8,267957
embedding,1574,0,8,45323
input_layernorm,1574,0,8,107546
q_proj,1574,0,8,10539
k_proj,1574,0,8,7963
v_proj,1574,0,8,8508
rope,1574,0,8,30927
attn,1574,0,8,40814
o_proj,1574,0,8,10386
post_layernorm,1574,0,8,106284
gate_proj,1574,0,8,32714
up_proj,1574,0,8,30827
act_fn,1574,0,8,8307
down_proj,1574,0,8,30269
final_layernorm,1574,0,8,107753
lm_head,1574,0,8,268032
embedding,1575,0,8,44508
input_layernorm,1575,0,8,106543
q_proj,1575,0,8,10444
k_proj,1575,0,8,7872
v_proj,1575,0,8,8159
rope,1575,0,8,30336
attn,1575,0,8,40131
o_proj,1575,0,8,10297
post_layernorm,1575,0,8,105616
gate_proj,1575,0,8,32261
up_proj,1575,0,8,30619
act_fn,1575,0,8,8318
down_proj,1575,0,8,29987
final_layernorm,1575,0,8,106844
lm_head,1575,0,8,267595
embedding,1576,0,8,44785
input_layernorm,1576,0,8,106250
q_proj,1576,0,8,10446
k_proj,1576,0,8,7883
v_proj,1576,0,8,7940
rope,1576,0,8,30512
attn,1576,0,8,40259
o_proj,1576,0,8,10297
post_layernorm,1576,0,8,105202
gate_proj,1576,0,8,32275
up_proj,1576,0,8,30625
act_fn,1576,0,8,8294
down_proj,1576,0,8,29998
final_layernorm,1576,0,8,106773
lm_head,1576,0,8,267665
embedding,1577,0,8,43999
input_layernorm,1577,0,8,106386
q_proj,1577,0,8,10424
k_proj,1577,0,8,7915
v_proj,1577,0,8,8195
rope,1577,0,8,30296
attn,1577,0,8,39985
o_proj,1577,0,8,10270
post_layernorm,1577,0,8,105148
gate_proj,1577,0,8,32170
up_proj,1577,0,8,30528
act_fn,1577,0,8,8317
down_proj,1577,0,8,29903
final_layernorm,1577,0,8,106942
lm_head,1577,0,8,267567
embedding,1578,0,8,44388
input_layernorm,1578,0,8,106573
q_proj,1578,0,8,10428
k_proj,1578,0,8,7884
v_proj,1578,0,8,8415
rope,1578,0,8,30317
attn,1578,0,8,39902
o_proj,1578,0,8,10274
post_layernorm,1578,0,8,105307
gate_proj,1578,0,8,32191
up_proj,1578,0,8,30526
act_fn,1578,0,8,8326
down_proj,1578,0,8,29912
final_layernorm,1578,0,8,106945
lm_head,1578,0,8,267684
embedding,1579,0,8,44896
input_layernorm,1579,0,8,107584
q_proj,1579,0,8,10543
k_proj,1579,0,8,7899
v_proj,1579,0,8,7907
rope,1579,0,8,30922
attn,1579,0,8,40586
o_proj,1579,0,8,10386
post_layernorm,1579,0,8,106985
gate_proj,1579,0,8,32687
up_proj,1579,0,8,30818
act_fn,1579,0,8,8353
down_proj,1579,0,8,30229
final_layernorm,1579,0,8,108209
lm_head,1579,0,8,268093
embedding,1580,0,8,45614
input_layernorm,1580,0,8,107862
q_proj,1580,0,8,10491
k_proj,1580,0,8,7931
v_proj,1580,0,8,7884
rope,1580,0,8,30920
attn,1580,0,8,40596
o_proj,1580,0,8,10339
post_layernorm,1580,0,8,106560
gate_proj,1580,0,8,32453
up_proj,1580,0,8,30672
act_fn,1580,0,8,8351
down_proj,1580,0,8,30059
final_layernorm,1580,0,8,108100
lm_head,1580,0,8,267985
embedding,1581,0,8,44370
input_layernorm,1581,0,8,106919
q_proj,1581,0,8,10423
k_proj,1581,0,8,7883
v_proj,1581,0,8,8002
rope,1581,0,8,30316
attn,1581,0,8,39979
o_proj,1581,0,8,10282
post_layernorm,1581,0,8,105839
gate_proj,1581,0,8,32156
up_proj,1581,0,8,30577
act_fn,1581,0,8,8348
down_proj,1581,0,8,29910
final_layernorm,1581,0,8,107306
lm_head,1581,0,8,267374
embedding,1582,0,8,45028
input_layernorm,1582,0,8,107056
q_proj,1582,0,8,10425
k_proj,1582,0,8,7925
v_proj,1582,0,8,8342
rope,1582,0,8,30321
attn,1582,0,8,40022
o_proj,1582,0,8,10283
post_layernorm,1582,0,8,105820
gate_proj,1582,0,8,32148
up_proj,1582,0,8,30590
act_fn,1582,0,8,8346
down_proj,1582,0,8,29961
final_layernorm,1582,0,8,107491
lm_head,1582,0,8,267864
embedding,1583,0,8,44692
input_layernorm,1583,0,8,106961
q_proj,1583,0,8,10431
k_proj,1583,0,8,7925
v_proj,1583,0,8,8029
rope,1583,0,8,30312
attn,1583,0,8,40032
o_proj,1583,0,8,10274
post_layernorm,1583,0,8,105705
gate_proj,1583,0,8,32160
up_proj,1583,0,8,30562
act_fn,1583,0,8,8335
down_proj,1583,0,8,29922
final_layernorm,1583,0,8,107563
lm_head,1583,0,8,267715
embedding,1584,0,8,45991
input_layernorm,1584,0,8,107776
q_proj,1584,0,8,10832
k_proj,1584,0,8,7823
v_proj,1584,0,8,7792
rope,1584,0,8,31037
attn,1584,0,8,40600
o_proj,1584,0,8,10657
post_layernorm,1584,0,8,106600
gate_proj,1584,0,8,34006
up_proj,1584,0,8,31961
act_fn,1584,0,8,8275
down_proj,1584,0,8,31246
final_layernorm,1584,0,8,107853
lm_head,1584,0,8,268032
embedding,1585,0,8,45291
input_layernorm,1585,0,8,107336
q_proj,1585,0,8,10444
k_proj,1585,0,8,7352
v_proj,1585,0,8,7402
rope,1585,0,8,30340
attn,1585,0,8,39943
o_proj,1585,0,8,10290
post_layernorm,1585,0,8,106268
gate_proj,1585,0,8,32210
up_proj,1585,0,8,30575
act_fn,1585,0,8,8354
down_proj,1585,0,8,29928
final_layernorm,1585,0,8,108039
lm_head,1585,0,8,274347
embedding,1586,0,8,45415
input_layernorm,1586,0,8,107341
q_proj,1586,0,8,10429
k_proj,1586,0,8,7349
v_proj,1586,0,8,7354
rope,1586,0,8,30315
attn,1586,0,8,40013
o_proj,1586,0,8,10278
post_layernorm,1586,0,8,106060
gate_proj,1586,0,8,32129
up_proj,1586,0,8,30596
act_fn,1586,0,8,8355
down_proj,1586,0,8,29950
final_layernorm,1586,0,8,108071
lm_head,1586,0,8,274241
embedding,1587,0,8,45354
input_layernorm,1587,0,8,107600
q_proj,1587,0,8,10449
k_proj,1587,0,8,7338
v_proj,1587,0,8,7379
rope,1587,0,8,30458
attn,1587,0,8,40032
o_proj,1587,0,8,10299
post_layernorm,1587,0,8,106325
gate_proj,1587,0,8,32184
up_proj,1587,0,8,30587
act_fn,1587,0,8,8370
down_proj,1587,0,8,29955
final_layernorm,1587,0,8,108500
lm_head,1587,0,8,274370
embedding,1588,0,8,45748
input_layernorm,1588,0,8,108460
q_proj,1588,0,8,10547
k_proj,1588,0,8,7464
v_proj,1588,0,8,7432
rope,1588,0,8,31159
attn,1588,0,8,40630
o_proj,1588,0,8,10379
post_layernorm,1588,0,8,107587
gate_proj,1588,0,8,32631
up_proj,1588,0,8,30808
act_fn,1588,0,8,8373
down_proj,1588,0,8,30204
final_layernorm,1588,0,8,109301
lm_head,1588,0,8,274959
embedding,1589,0,8,44853
input_layernorm,1589,0,8,107643
q_proj,1589,0,8,10446
k_proj,1589,0,8,7345
v_proj,1589,0,8,7324
rope,1589,0,8,30380
attn,1589,0,8,39890
o_proj,1589,0,8,10290
post_layernorm,1589,0,8,106320
gate_proj,1589,0,8,32158
up_proj,1589,0,8,30609
act_fn,1589,0,8,8371
down_proj,1589,0,8,29974
final_layernorm,1589,0,8,108451
lm_head,1589,0,8,274396
embedding,1590,0,8,45889
input_layernorm,1590,0,8,108066
q_proj,1590,0,8,10499
k_proj,1590,0,8,7409
v_proj,1590,0,8,7339
rope,1590,0,8,30871
attn,1590,0,8,40107
o_proj,1590,0,8,10347
post_layernorm,1590,0,8,107170
gate_proj,1590,0,8,32460
up_proj,1590,0,8,30685
act_fn,1590,0,8,8404
down_proj,1590,0,8,30091
final_layernorm,1590,0,8,108962
lm_head,1590,0,8,274656
embedding,1591,0,8,45323
input_layernorm,1591,0,8,108294
q_proj,1591,0,8,10501
k_proj,1591,0,8,7401
v_proj,1591,0,8,7476
rope,1591,0,8,30818
attn,1591,0,8,40113
o_proj,1591,0,8,10344
post_layernorm,1591,0,8,107112
gate_proj,1591,0,8,32518
up_proj,1591,0,8,30702
act_fn,1591,0,8,8432
down_proj,1591,0,8,30119
final_layernorm,1591,0,8,109096
lm_head,1591,0,8,274886
embedding,1592,0,8,46381
input_layernorm,1592,0,8,108341
q_proj,1592,0,8,10529
k_proj,1592,0,8,7431
v_proj,1592,0,8,7556
rope,1592,0,8,31179
attn,1592,0,8,40539
o_proj,1592,0,8,10369
post_layernorm,1592,0,8,107230
gate_proj,1592,0,8,32564
up_proj,1592,0,8,30736
act_fn,1592,0,8,8409
down_proj,1592,0,8,30128
final_layernorm,1592,0,8,109091
lm_head,1592,0,8,274953
embedding,1593,0,8,45013
input_layernorm,1593,0,8,107948
q_proj,1593,0,8,10439
k_proj,1593,0,8,7345
v_proj,1593,0,8,7316
rope,1593,0,8,30605
attn,1593,0,8,39594
o_proj,1593,0,8,10285
post_layernorm,1593,0,8,106706
gate_proj,1593,0,8,32143
up_proj,1593,0,8,30623
act_fn,1593,0,8,8393
down_proj,1593,0,8,29987
final_layernorm,1593,0,8,108526
lm_head,1593,0,8,274756
embedding,1594,0,8,45329
input_layernorm,1594,0,8,108388
q_proj,1594,0,8,10468
k_proj,1594,0,8,7400
v_proj,1594,0,8,7306
rope,1594,0,8,30734
attn,1594,0,8,39845
o_proj,1594,0,8,10319
post_layernorm,1594,0,8,107114
gate_proj,1594,0,8,32320
up_proj,1594,0,8,30697
act_fn,1594,0,8,8372
down_proj,1594,0,8,30092
final_layernorm,1594,0,8,108659
lm_head,1594,0,8,274853
embedding,1595,0,8,45016
input_layernorm,1595,0,8,108375
q_proj,1595,0,8,10461
k_proj,1595,0,8,7394
v_proj,1595,0,8,7426
rope,1595,0,8,30726
attn,1595,0,8,39949
o_proj,1595,0,8,10310
post_layernorm,1595,0,8,107214
gate_proj,1595,0,8,32307
up_proj,1595,0,8,30695
act_fn,1595,0,8,8412
down_proj,1595,0,8,30089
final_layernorm,1595,0,8,108511
lm_head,1595,0,8,274731
embedding,1596,0,8,45449
input_layernorm,1596,0,8,108679
q_proj,1596,0,8,10478
k_proj,1596,0,8,7395
v_proj,1596,0,8,7531
rope,1596,0,8,31014
attn,1596,0,8,39906
o_proj,1596,0,8,10304
post_layernorm,1596,0,8,107363
gate_proj,1596,0,8,32336
up_proj,1596,0,8,30693
act_fn,1596,0,8,8390
down_proj,1596,0,8,30043
final_layernorm,1596,0,8,108876
lm_head,1596,0,8,274707
embedding,1597,0,8,45543
input_layernorm,1597,0,8,109269
q_proj,1597,0,8,10522
k_proj,1597,0,8,7425
v_proj,1597,0,8,7472
rope,1597,0,8,31084
attn,1597,0,8,40091
o_proj,1597,0,8,10370
post_layernorm,1597,0,8,107821
gate_proj,1597,0,8,32619
up_proj,1597,0,8,30807
act_fn,1597,0,8,8407
down_proj,1597,0,8,30173
final_layernorm,1597,0,8,109221
lm_head,1597,0,8,275269
embedding,1598,0,8,45353
input_layernorm,1598,0,8,108541
q_proj,1598,0,8,10447
k_proj,1598,0,8,7328
v_proj,1598,0,8,7328
rope,1598,0,8,30588
attn,1598,0,8,39975
o_proj,1598,0,8,10292
post_layernorm,1598,0,8,107242
gate_proj,1598,0,8,32173
up_proj,1598,0,8,30677
act_fn,1598,0,8,8404
down_proj,1598,0,8,29993
final_layernorm,1598,0,8,108685
lm_head,1598,0,8,274876
embedding,1599,0,8,44948
input_layernorm,1599,0,8,108466
q_proj,1599,0,8,10437
k_proj,1599,0,8,7405
v_proj,1599,0,8,7430
rope,1599,0,8,30662
attn,1599,0,8,40252
o_proj,1599,0,8,10290
post_layernorm,1599,0,8,107368
gate_proj,1599,0,8,32103
up_proj,1599,0,8,30655
act_fn,1599,0,8,8436
down_proj,1599,0,8,30013
final_layernorm,1599,0,8,108842
lm_head,1599,0,8,274829
embedding,1600,0,8,45273
input_layernorm,1600,0,8,108093
q_proj,1600,0,8,12489
k_proj,1600,0,8,7430
v_proj,1600,0,8,7520
rope,1600,0,8,30760
attn,1600,0,8,39874
o_proj,1600,0,8,11879
post_layernorm,1600,0,8,106801
gate_proj,1600,0,8,35558
up_proj,1600,0,8,33706
act_fn,1600,0,8,8267
down_proj,1600,0,8,41377
final_layernorm,1600,0,8,107950
lm_head,1600,0,8,274786
embedding,1601,0,8,45576
input_layernorm,1601,0,8,110052
q_proj,1601,0,8,10881
k_proj,1601,0,8,7431
v_proj,1601,0,8,7377
rope,1601,0,8,31374
attn,1601,0,8,40972
o_proj,1601,0,8,10688
post_layernorm,1601,0,8,108754
gate_proj,1601,0,8,32816
up_proj,1601,0,8,30922
act_fn,1601,0,8,8458
down_proj,1601,0,8,31339
final_layernorm,1601,0,8,109933
lm_head,1601,0,8,269980
embedding,1602,0,8,45519
input_layernorm,1602,0,8,110156
q_proj,1602,0,8,10863
k_proj,1602,0,8,7406
v_proj,1602,0,8,7411
rope,1602,0,8,31378
attn,1602,0,8,40912
o_proj,1602,0,8,10684
post_layernorm,1602,0,8,108388
gate_proj,1602,0,8,32765
up_proj,1602,0,8,30886
act_fn,1602,0,8,8469
down_proj,1602,0,8,31312
final_layernorm,1602,0,8,110038
lm_head,1602,0,8,269780
embedding,1603,0,8,45521
input_layernorm,1603,0,8,109384
q_proj,1603,0,8,10770
k_proj,1603,0,8,7359
v_proj,1603,0,8,7395
rope,1603,0,8,30949
attn,1603,0,8,40157
o_proj,1603,0,8,10580
post_layernorm,1603,0,8,107827
gate_proj,1603,0,8,32312
up_proj,1603,0,8,30675
act_fn,1603,0,8,8473
down_proj,1603,0,8,30913
final_layernorm,1603,0,8,109586
lm_head,1603,0,8,269521
embedding,1604,0,8,44694
input_layernorm,1604,0,8,109296
q_proj,1604,0,8,10786
k_proj,1604,0,8,7313
v_proj,1604,0,8,7307
rope,1604,0,8,31143
attn,1604,0,8,40246
o_proj,1604,0,8,10597
post_layernorm,1604,0,8,108238
gate_proj,1604,0,8,32409
up_proj,1604,0,8,30735
act_fn,1604,0,8,8454
down_proj,1604,0,8,31003
final_layernorm,1604,0,8,109504
lm_head,1604,0,8,269621
embedding,1605,0,8,45572
input_layernorm,1605,0,8,109388
q_proj,1605,0,8,10804
k_proj,1605,0,8,7366
v_proj,1605,0,8,7350
rope,1605,0,8,31013
attn,1605,0,8,40376
o_proj,1605,0,8,10616
post_layernorm,1605,0,8,107928
gate_proj,1605,0,8,32463
up_proj,1605,0,8,30796
act_fn,1605,0,8,8450
down_proj,1605,0,8,31105
final_layernorm,1605,0,8,109626
lm_head,1605,0,8,269601
embedding,1606,0,8,44868
input_layernorm,1606,0,8,109370
q_proj,1606,0,8,10815
k_proj,1606,0,8,7396
v_proj,1606,0,8,7341
rope,1606,0,8,31059
attn,1606,0,8,40285
o_proj,1606,0,8,10622
post_layernorm,1606,0,8,108237
gate_proj,1606,0,8,32503
up_proj,1606,0,8,30834
act_fn,1606,0,8,8461
down_proj,1606,0,8,31103
final_layernorm,1606,0,8,109514
lm_head,1606,0,8,269751
embedding,1607,0,8,45778
input_layernorm,1607,0,8,109760
q_proj,1607,0,8,10828
k_proj,1607,0,8,7409
v_proj,1607,0,8,7316
rope,1607,0,8,31212
attn,1607,0,8,40302
o_proj,1607,0,8,10643
post_layernorm,1607,0,8,108603
gate_proj,1607,0,8,32598
up_proj,1607,0,8,30821
act_fn,1607,0,8,8487
down_proj,1607,0,8,31157
final_layernorm,1607,0,8,110053
lm_head,1607,0,8,270016
embedding,1608,0,8,44562
input_layernorm,1608,0,8,108574
q_proj,1608,0,8,10744
k_proj,1608,0,8,7335
v_proj,1608,0,8,7421
rope,1608,0,8,30945
attn,1608,0,8,40096
o_proj,1608,0,8,10538
post_layernorm,1608,0,8,106934
gate_proj,1608,0,8,32199
up_proj,1608,0,8,30664
act_fn,1608,0,8,8502
down_proj,1608,0,8,30848
final_layernorm,1608,0,8,109037
lm_head,1608,0,8,269607
embedding,1609,0,8,45178
input_layernorm,1609,0,8,109463
q_proj,1609,0,8,10779
k_proj,1609,0,8,7371
v_proj,1609,0,8,7403
rope,1609,0,8,30955
attn,1609,0,8,40015
o_proj,1609,0,8,10591
post_layernorm,1609,0,8,108189
gate_proj,1609,0,8,32329
up_proj,1609,0,8,30712
act_fn,1609,0,8,8490
down_proj,1609,0,8,30966
final_layernorm,1609,0,8,109724
lm_head,1609,0,8,269847
embedding,1610,0,8,45027
input_layernorm,1610,0,8,109660
q_proj,1610,0,8,10821
k_proj,1610,0,8,7384
v_proj,1610,0,8,7348
rope,1610,0,8,31131
attn,1610,0,8,40383
o_proj,1610,0,8,10645
post_layernorm,1610,0,8,108529
gate_proj,1610,0,8,32494
up_proj,1610,0,8,30869
act_fn,1610,0,8,8616
down_proj,1610,0,8,31211
final_layernorm,1610,0,8,109804
lm_head,1610,0,8,270074
embedding,1611,0,8,44982
input_layernorm,1611,0,8,109968
q_proj,1611,0,8,10816
k_proj,1611,0,8,7351
v_proj,1611,0,8,7284
rope,1611,0,8,31186
attn,1611,0,8,41458
o_proj,1611,0,8,10637
post_layernorm,1611,0,8,108572
gate_proj,1611,0,8,32508
up_proj,1611,0,8,30782
act_fn,1611,0,8,8588
down_proj,1611,0,8,31178
final_layernorm,1611,0,8,110166
lm_head,1611,0,8,270114
embedding,1612,0,8,45091
input_layernorm,1612,0,8,109897
q_proj,1612,0,8,10798
k_proj,1612,0,8,7344
v_proj,1612,0,8,7275
rope,1612,0,8,31241
attn,1612,0,8,40908
o_proj,1612,0,8,10614
post_layernorm,1612,0,8,108826
gate_proj,1612,0,8,32430
up_proj,1612,0,8,30767
act_fn,1612,0,8,8614
down_proj,1612,0,8,31079
final_layernorm,1612,0,8,110404
lm_head,1612,0,8,269954
embedding,1613,0,8,45573
input_layernorm,1613,0,8,109785
q_proj,1613,0,8,10799
k_proj,1613,0,8,7346
v_proj,1613,0,8,7284
rope,1613,0,8,31062
attn,1613,0,8,41036
o_proj,1613,0,8,10611
post_layernorm,1613,0,8,108474
gate_proj,1613,0,8,32460
up_proj,1613,0,8,30781
act_fn,1613,0,8,8615
down_proj,1613,0,8,31093
final_layernorm,1613,0,8,109913
lm_head,1613,0,8,269989
embedding,1614,0,8,45958
input_layernorm,1614,0,8,110798
q_proj,1614,0,8,10894
k_proj,1614,0,8,7461
v_proj,1614,0,8,7348
rope,1614,0,8,31533
attn,1614,0,8,41504
o_proj,1614,0,8,10718
post_layernorm,1614,0,8,109594
gate_proj,1614,0,8,32901
up_proj,1614,0,8,30966
act_fn,1614,0,8,8650
down_proj,1614,0,8,31440
final_layernorm,1614,0,8,110744
lm_head,1614,0,8,270586
embedding,1615,0,8,45733
input_layernorm,1615,0,8,110650
q_proj,1615,0,8,10821
k_proj,1615,0,8,7358
v_proj,1615,0,8,7305
rope,1615,0,8,31309
attn,1615,0,8,41090
o_proj,1615,0,8,10644
post_layernorm,1615,0,8,109033
gate_proj,1615,0,8,32536
up_proj,1615,0,8,30790
act_fn,1615,0,8,8632
down_proj,1615,0,8,31145
final_layernorm,1615,0,8,110590
lm_head,1615,0,8,270181
embedding,1616,0,8,45662
input_layernorm,1616,0,8,109236
q_proj,1616,0,8,10762
k_proj,1616,0,8,9005
v_proj,1616,0,8,9184
rope,1616,0,8,31086
attn,1616,0,8,40921
o_proj,1616,0,8,10578
post_layernorm,1616,0,8,108130
gate_proj,1616,0,8,33034
up_proj,1616,0,8,31433
act_fn,1616,0,8,8631
down_proj,1616,0,8,30954
final_layernorm,1616,0,8,109694
lm_head,1616,0,8,269176
embedding,1617,0,8,45655
input_layernorm,1617,0,8,110061
q_proj,1617,0,8,10785
k_proj,1617,0,8,7325
v_proj,1617,0,8,7325
rope,1617,0,8,30956
attn,1617,0,8,40746
o_proj,1617,0,8,10599
post_layernorm,1617,0,8,108799
gate_proj,1617,0,8,32302
up_proj,1617,0,8,30761
act_fn,1617,0,8,8642
down_proj,1617,0,8,30981
final_layernorm,1617,0,8,110225
lm_head,1617,0,8,270122
embedding,1618,0,8,45725
input_layernorm,1618,0,8,110084
q_proj,1618,0,8,10799
k_proj,1618,0,8,7347
v_proj,1618,0,8,7286
rope,1618,0,8,31033
attn,1618,0,8,40711
o_proj,1618,0,8,10605
post_layernorm,1618,0,8,108501
gate_proj,1618,0,8,32340
up_proj,1618,0,8,30746
act_fn,1618,0,8,8648
down_proj,1618,0,8,31054
final_layernorm,1618,0,8,110336
lm_head,1618,0,8,270208
embedding,1619,0,8,46047
input_layernorm,1619,0,8,110279
q_proj,1619,0,8,10815
k_proj,1619,0,8,7381
v_proj,1619,0,8,7370
rope,1619,0,8,31121
attn,1619,0,8,41102
o_proj,1619,0,8,10615
post_layernorm,1619,0,8,108733
gate_proj,1619,0,8,32428
up_proj,1619,0,8,30777
act_fn,1619,0,8,8678
down_proj,1619,0,8,31105
final_layernorm,1619,0,8,110414
lm_head,1619,0,8,270300
embedding,1620,0,8,45503
input_layernorm,1620,0,8,110007
q_proj,1620,0,8,10770
k_proj,1620,0,8,7344
v_proj,1620,0,8,7349
rope,1620,0,8,31049
attn,1620,0,8,40620
o_proj,1620,0,8,10582
post_layernorm,1620,0,8,108575
gate_proj,1620,0,8,32274
up_proj,1620,0,8,30737
act_fn,1620,0,8,8661
down_proj,1620,0,8,30978
final_layernorm,1620,0,8,110274
lm_head,1620,0,8,269995
embedding,1621,0,8,46536
input_layernorm,1621,0,8,111225
q_proj,1621,0,8,10888
k_proj,1621,0,8,7382
v_proj,1621,0,8,7313
rope,1621,0,8,31584
attn,1621,0,8,41207
o_proj,1621,0,8,10717
post_layernorm,1621,0,8,109969
gate_proj,1621,0,8,32759
up_proj,1621,0,8,30935
act_fn,1621,0,8,8731
down_proj,1621,0,8,31359
final_layernorm,1621,0,8,111533
lm_head,1621,0,8,270722
embedding,1622,0,8,45501
input_layernorm,1622,0,8,110255
q_proj,1622,0,8,10780
k_proj,1622,0,8,7319
v_proj,1622,0,8,7315
rope,1622,0,8,30928
attn,1622,0,8,40888
o_proj,1622,0,8,10597
post_layernorm,1622,0,8,108692
gate_proj,1622,0,8,32284
up_proj,1622,0,8,30775
act_fn,1622,0,8,8674
down_proj,1622,0,8,31054
final_layernorm,1622,0,8,110275
lm_head,1622,0,8,270103
embedding,1623,0,8,46597
input_layernorm,1623,0,8,111224
q_proj,1623,0,8,10851
k_proj,1623,0,8,7373
v_proj,1623,0,8,7372
rope,1623,0,8,31377
attn,1623,0,8,40852
o_proj,1623,0,8,10676
post_layernorm,1623,0,8,109616
gate_proj,1623,0,8,32698
up_proj,1623,0,8,30882
act_fn,1623,0,8,8686
down_proj,1623,0,8,31256
final_layernorm,1623,0,8,111423
lm_head,1623,0,8,270760
embedding,1624,0,8,45328
input_layernorm,1624,0,8,110232
q_proj,1624,0,8,10780
k_proj,1624,0,8,7289
v_proj,1624,0,8,7283
rope,1624,0,8,31082
attn,1624,0,8,40302
o_proj,1624,0,8,10607
post_layernorm,1624,0,8,108926
gate_proj,1624,0,8,32250
up_proj,1624,0,8,30751
act_fn,1624,0,8,8690
down_proj,1624,0,8,31022
final_layernorm,1624,0,8,110510
lm_head,1624,0,8,270257
embedding,1625,0,8,46019
input_layernorm,1625,0,8,110515
q_proj,1625,0,8,10804
k_proj,1625,0,8,7653
v_proj,1625,0,8,7389
rope,1625,0,8,31096
attn,1625,0,8,40759
o_proj,1625,0,8,10617
post_layernorm,1625,0,8,109341
gate_proj,1625,0,8,33139
up_proj,1625,0,8,31499
act_fn,1625,0,8,8675
down_proj,1625,0,8,31030
final_layernorm,1625,0,8,110882
lm_head,1625,0,8,270375
embedding,1626,0,8,45674
input_layernorm,1626,0,8,110690
q_proj,1626,0,8,10804
k_proj,1626,0,8,7693
v_proj,1626,0,8,7396
rope,1626,0,8,31130
attn,1626,0,8,40666
o_proj,1626,0,8,10617
post_layernorm,1626,0,8,109424
gate_proj,1626,0,8,33151
up_proj,1626,0,8,31501
act_fn,1626,0,8,8698
down_proj,1626,0,8,31073
final_layernorm,1626,0,8,110879
lm_head,1626,0,8,270450
embedding,1627,0,8,46112
input_layernorm,1627,0,8,110478
q_proj,1627,0,8,10789
k_proj,1627,0,8,7663
v_proj,1627,0,8,7354
rope,1627,0,8,30966
attn,1627,0,8,40342
o_proj,1627,0,8,10596
post_layernorm,1627,0,8,109245
gate_proj,1627,0,8,33106
up_proj,1627,0,8,31545
act_fn,1627,0,8,8681
down_proj,1627,0,8,31082
final_layernorm,1627,0,8,110664
lm_head,1627,0,8,270350
embedding,1628,0,8,46046
input_layernorm,1628,0,8,111142
q_proj,1628,0,8,10840
k_proj,1628,0,8,7732
v_proj,1628,0,8,7432
rope,1628,0,8,31426
attn,1628,0,8,41084
o_proj,1628,0,8,10654
post_layernorm,1628,0,8,109745
gate_proj,1628,0,8,33355
up_proj,1628,0,8,31683
act_fn,1628,0,8,8697
down_proj,1628,0,8,31256
final_layernorm,1628,0,8,111305
lm_head,1628,0,8,270497
embedding,1629,0,8,46669
input_layernorm,1629,0,8,111526
q_proj,1629,0,8,10837
k_proj,1629,0,8,7764
v_proj,1629,0,8,7438
rope,1629,0,8,31400
attn,1629,0,8,40635
o_proj,1629,0,8,10659
post_layernorm,1629,0,8,109935
gate_proj,1629,0,8,33363
up_proj,1629,0,8,31589
act_fn,1629,0,8,8715
down_proj,1629,0,8,31180
final_layernorm,1629,0,8,111825
lm_head,1629,0,8,270670
embedding,1630,0,8,45799
input_layernorm,1630,0,8,111447
q_proj,1630,0,8,10846
k_proj,1630,0,8,7736
v_proj,1630,0,8,7465
rope,1630,0,8,31360
attn,1630,0,8,40714
o_proj,1630,0,8,10664
post_layernorm,1630,0,8,110088
gate_proj,1630,0,8,33428
up_proj,1630,0,8,31632
act_fn,1630,0,8,8720
down_proj,1630,0,8,31214
final_layernorm,1630,0,8,111662
lm_head,1630,0,8,270620
embedding,1631,0,8,46081
input_layernorm,1631,0,8,110759
q_proj,1631,0,8,10784
k_proj,1631,0,8,7666
v_proj,1631,0,8,7338
rope,1631,0,8,31050
attn,1631,0,8,40134
o_proj,1631,0,8,10593
post_layernorm,1631,0,8,109096
gate_proj,1631,0,8,33089
up_proj,1631,0,8,31523
act_fn,1631,0,8,8743
down_proj,1631,0,8,31044
final_layernorm,1631,0,8,111112
lm_head,1631,0,8,270402
embedding,1632,0,8,45914
input_layernorm,1632,0,8,110465
q_proj,1632,0,8,11383
k_proj,1632,0,8,7313
v_proj,1632,0,8,7155
rope,1632,0,8,31289
attn,1632,0,8,40803
o_proj,1632,0,8,11172
post_layernorm,1632,0,8,109490
gate_proj,1632,0,8,39107
up_proj,1632,0,8,38313
act_fn,1632,0,8,8681
down_proj,1632,0,8,32996
final_layernorm,1632,0,8,110730
lm_head,1632,0,8,294400
embedding,1633,0,8,47344
input_layernorm,1633,0,8,111972
q_proj,1633,0,8,10893
k_proj,1633,0,8,8418
v_proj,1633,0,8,8680
rope,1633,0,8,31715
attn,1633,0,8,41401
o_proj,1633,0,8,10726
post_layernorm,1633,0,8,110850
gate_proj,1633,0,8,33644
up_proj,1633,0,8,31760
act_fn,1633,0,8,8713
down_proj,1633,0,8,31387
final_layernorm,1633,0,8,112123
lm_head,1633,0,8,280257
embedding,1634,0,8,45905
input_layernorm,1634,0,8,110956
q_proj,1634,0,8,10796
k_proj,1634,0,8,8443
v_proj,1634,0,8,8783
rope,1634,0,8,31007
attn,1634,0,8,40714
o_proj,1634,0,8,10603
post_layernorm,1634,0,8,109463
gate_proj,1634,0,8,33072
up_proj,1634,0,8,31538
act_fn,1634,0,8,8823
down_proj,1634,0,8,31069
final_layernorm,1634,0,8,111373
lm_head,1634,0,8,279805
embedding,1635,0,8,46222
input_layernorm,1635,0,8,111142
q_proj,1635,0,8,10823
k_proj,1635,0,8,8455
v_proj,1635,0,8,8621
rope,1635,0,8,31284
attn,1635,0,8,40669
o_proj,1635,0,8,10635
post_layernorm,1635,0,8,109788
gate_proj,1635,0,8,33253
up_proj,1635,0,8,31594
act_fn,1635,0,8,8739
down_proj,1635,0,8,31174
final_layernorm,1635,0,8,111362
lm_head,1635,0,8,279968
embedding,1636,0,8,46508
input_layernorm,1636,0,8,112154
q_proj,1636,0,8,10904
k_proj,1636,0,8,8506
v_proj,1636,0,8,8740
rope,1636,0,8,31936
attn,1636,0,8,41366
o_proj,1636,0,8,10731
post_layernorm,1636,0,8,110963
gate_proj,1636,0,8,33607
up_proj,1636,0,8,31773
act_fn,1636,0,8,8754
down_proj,1636,0,8,31391
final_layernorm,1636,0,8,112368
lm_head,1636,0,8,280378
embedding,1637,0,8,46638
input_layernorm,1637,0,8,111374
q_proj,1637,0,8,10842
k_proj,1637,0,8,8316
v_proj,1637,0,8,8642
rope,1637,0,8,31381
attn,1637,0,8,40967
o_proj,1637,0,8,10644
post_layernorm,1637,0,8,109860
gate_proj,1637,0,8,33279
up_proj,1637,0,8,31572
act_fn,1637,0,8,8774
down_proj,1637,0,8,31141
final_layernorm,1637,0,8,111755
lm_head,1637,0,8,280025
embedding,1638,0,8,46405
input_layernorm,1638,0,8,111418
q_proj,1638,0,8,10842
k_proj,1638,0,8,8306
v_proj,1638,0,8,8643
rope,1638,0,8,31346
attn,1638,0,8,40682
o_proj,1638,0,8,10640
post_layernorm,1638,0,8,109969
gate_proj,1638,0,8,33281
up_proj,1638,0,8,31585
act_fn,1638,0,8,8840
down_proj,1638,0,8,31138
final_layernorm,1638,0,8,111866
lm_head,1638,0,8,280078
embedding,1639,0,8,46145
input_layernorm,1639,0,8,111228
q_proj,1639,0,8,10815
k_proj,1639,0,8,8325
v_proj,1639,0,8,8537
rope,1639,0,8,31121
attn,1639,0,8,40855
o_proj,1639,0,8,10631
post_layernorm,1639,0,8,110071
gate_proj,1639,0,8,33123
up_proj,1639,0,8,31538
act_fn,1639,0,8,8801
down_proj,1639,0,8,31058
final_layernorm,1639,0,8,111770
lm_head,1639,0,8,279995
embedding,1640,0,8,46192
input_layernorm,1640,0,8,110788
q_proj,1640,0,8,10812
k_proj,1640,0,8,8278
v_proj,1640,0,8,8429
rope,1640,0,8,31152
attn,1640,0,8,40695
o_proj,1640,0,8,10638
post_layernorm,1640,0,8,110215
gate_proj,1640,0,8,33205
up_proj,1640,0,8,31624
act_fn,1640,0,8,8733
down_proj,1640,0,8,31142
final_layernorm,1640,0,8,111338
lm_head,1640,0,8,279926
embedding,1641,0,8,46048
input_layernorm,1641,0,8,111335
q_proj,1641,0,8,10809
k_proj,1641,0,8,8214
v_proj,1641,0,8,8509
rope,1641,0,8,31089
attn,1641,0,8,40915
o_proj,1641,0,8,10638
post_layernorm,1641,0,8,110123
gate_proj,1641,0,8,33095
up_proj,1641,0,8,31601
act_fn,1641,0,8,8765
down_proj,1641,0,8,31117
final_layernorm,1641,0,8,111727
lm_head,1641,0,8,280017
embedding,1642,0,8,47006
input_layernorm,1642,0,8,112457
q_proj,1642,0,8,10913
k_proj,1642,0,8,8154
v_proj,1642,0,8,8466
rope,1642,0,8,31712
attn,1642,0,8,41696
o_proj,1642,0,8,10734
post_layernorm,1642,0,8,111457
gate_proj,1642,0,8,33647
up_proj,1642,0,8,31782
act_fn,1642,0,8,8807
down_proj,1642,0,8,31440
final_layernorm,1642,0,8,112863
lm_head,1642,0,8,280694
embedding,1643,0,8,46380
input_layernorm,1643,0,8,111686
q_proj,1643,0,8,10858
k_proj,1643,0,8,8265
v_proj,1643,0,8,8413
rope,1643,0,8,31443
attn,1643,0,8,40960
o_proj,1643,0,8,10681
post_layernorm,1643,0,8,110818
gate_proj,1643,0,8,33354
up_proj,1643,0,8,31636
act_fn,1643,0,8,8787
down_proj,1643,0,8,31211
final_layernorm,1643,0,8,112619
lm_head,1643,0,8,280556
embedding,1644,0,8,45821
input_layernorm,1644,0,8,111322
q_proj,1644,0,8,10824
k_proj,1644,0,8,8247
v_proj,1644,0,8,8387
rope,1644,0,8,31203
attn,1644,0,8,40459
o_proj,1644,0,8,10645
post_layernorm,1644,0,8,110288
gate_proj,1644,0,8,33189
up_proj,1644,0,8,31583
act_fn,1644,0,8,8837
down_proj,1644,0,8,31094
final_layernorm,1644,0,8,111998
lm_head,1644,0,8,280252
embedding,1645,0,8,46233
input_layernorm,1645,0,8,111504
q_proj,1645,0,8,10810
k_proj,1645,0,8,8158
v_proj,1645,0,8,8596
rope,1645,0,8,31103
attn,1645,0,8,40800
o_proj,1645,0,8,10644
post_layernorm,1645,0,8,110568
gate_proj,1645,0,8,33102
up_proj,1645,0,8,31574
act_fn,1645,0,8,8834
down_proj,1645,0,8,31109
final_layernorm,1645,0,8,112155
lm_head,1645,0,8,280266
embedding,1646,0,8,45984
input_layernorm,1646,0,8,111642
q_proj,1646,0,8,10816
k_proj,1646,0,8,8272
v_proj,1646,0,8,8582
rope,1646,0,8,31133
attn,1646,0,8,40528
o_proj,1646,0,8,10630
post_layernorm,1646,0,8,110438
gate_proj,1646,0,8,33157
up_proj,1646,0,8,31586
act_fn,1646,0,8,8840
down_proj,1646,0,8,31107
final_layernorm,1646,0,8,112249
lm_head,1646,0,8,280311
embedding,1647,0,8,46567
input_layernorm,1647,0,8,111702
q_proj,1647,0,8,10841
k_proj,1647,0,8,8119
v_proj,1647,0,8,8358
rope,1647,0,8,31286
attn,1647,0,8,40539
o_proj,1647,0,8,10658
post_layernorm,1647,0,8,110664
gate_proj,1647,0,8,33266
up_proj,1647,0,8,31678
act_fn,1647,0,8,8816
down_proj,1647,0,8,31244
final_layernorm,1647,0,8,112288
lm_head,1647,0,8,280422
embedding,1648,0,8,46806
input_layernorm,1648,0,8,111697
q_proj,1648,0,8,10827
k_proj,1648,0,8,7996
v_proj,1648,0,8,8173
rope,1648,0,8,31290
attn,1648,0,8,40828
o_proj,1648,0,8,10642
post_layernorm,1648,0,8,110793
gate_proj,1648,0,8,33200
up_proj,1648,0,8,31639
act_fn,1648,0,8,8824
down_proj,1648,0,8,31179
final_layernorm,1648,0,8,112089
lm_head,1648,0,8,278316
embedding,1649,0,8,47582
input_layernorm,1649,0,8,112269
q_proj,1649,0,8,10881
k_proj,1649,0,8,8008
v_proj,1649,0,8,8135
rope,1649,0,8,31536
attn,1649,0,8,40893
o_proj,1649,0,8,10703
post_layernorm,1649,0,8,111414
gate_proj,1649,0,8,33453
up_proj,1649,0,8,31694
act_fn,1649,0,8,8921
down_proj,1649,0,8,31346
final_layernorm,1649,0,8,113168
lm_head,1649,0,8,280763
embedding,1650,0,8,46518
input_layernorm,1650,0,8,111876
q_proj,1650,0,8,10804
k_proj,1650,0,8,7931
v_proj,1650,0,8,8055
rope,1650,0,8,31107
attn,1650,0,8,40885
o_proj,1650,0,8,10624
post_layernorm,1650,0,8,110505
gate_proj,1650,0,8,33093
up_proj,1650,0,8,31611
act_fn,1650,0,8,8861
down_proj,1650,0,8,31128
final_layernorm,1650,0,8,112377
lm_head,1650,0,8,280465
embedding,1651,0,8,47467
input_layernorm,1651,0,8,113121
q_proj,1651,0,8,10915
k_proj,1651,0,8,8021
v_proj,1651,0,8,8168
rope,1651,0,8,31766
attn,1651,0,8,41666
o_proj,1651,0,8,10730
post_layernorm,1651,0,8,111976
gate_proj,1651,0,8,33647
up_proj,1651,0,8,31783
act_fn,1651,0,8,8825
down_proj,1651,0,8,31398
final_layernorm,1651,0,8,113692
lm_head,1651,0,8,280946
embedding,1652,0,8,46815
input_layernorm,1652,0,8,112094
q_proj,1652,0,8,10809
k_proj,1652,0,8,7972
v_proj,1652,0,8,8117
rope,1652,0,8,31317
attn,1652,0,8,40650
o_proj,1652,0,8,10638
post_layernorm,1652,0,8,110766
gate_proj,1652,0,8,33134
up_proj,1652,0,8,31603
act_fn,1652,0,8,8872
down_proj,1652,0,8,31131
final_layernorm,1652,0,8,112660
lm_head,1652,0,8,280481
embedding,1653,0,8,48050
input_layernorm,1653,0,8,113401
q_proj,1653,0,8,10982
k_proj,1653,0,8,7999
v_proj,1653,0,8,8105
rope,1653,0,8,32074
attn,1653,0,8,42400
o_proj,1653,0,8,10805
post_layernorm,1653,0,8,112599
gate_proj,1653,0,8,33877
up_proj,1653,0,8,31929
act_fn,1653,0,8,8881
down_proj,1653,0,8,31616
final_layernorm,1653,0,8,113707
lm_head,1653,0,8,281281
embedding,1654,0,8,47620
input_layernorm,1654,0,8,113298
q_proj,1654,0,8,10957
k_proj,1654,0,8,7920
v_proj,1654,0,8,8040
rope,1654,0,8,31933
attn,1654,0,8,41820
o_proj,1654,0,8,10779
post_layernorm,1654,0,8,112561
gate_proj,1654,0,8,33720
up_proj,1654,0,8,31842
act_fn,1654,0,8,8916
down_proj,1654,0,8,31497
final_layernorm,1654,0,8,113885
lm_head,1654,0,8,281231
embedding,1655,0,8,47124
input_layernorm,1655,0,8,112020
q_proj,1655,0,8,10830
k_proj,1655,0,8,7810
v_proj,1655,0,8,7923
rope,1655,0,8,31273
attn,1655,0,8,40998
o_proj,1655,0,8,10659
post_layernorm,1655,0,8,111054
gate_proj,1655,0,8,33251
up_proj,1655,0,8,31626
act_fn,1655,0,8,8905
down_proj,1655,0,8,31155
final_layernorm,1655,0,8,112832
lm_head,1655,0,8,280772
embedding,1656,0,8,46738
input_layernorm,1656,0,8,112492
q_proj,1656,0,8,10853
k_proj,1656,0,8,7714
v_proj,1656,0,8,7864
rope,1656,0,8,31607
attn,1656,0,8,40740
o_proj,1656,0,8,10685
post_layernorm,1656,0,8,111341
gate_proj,1656,0,8,33299
up_proj,1656,0,8,31648
act_fn,1656,0,8,8886
down_proj,1656,0,8,31221
final_layernorm,1656,0,8,112958
lm_head,1656,0,8,280811
embedding,1657,0,8,46873
input_layernorm,1657,0,8,112218
q_proj,1657,0,8,10816
k_proj,1657,0,8,7742
v_proj,1657,0,8,7834
rope,1657,0,8,31268
attn,1657,0,8,40632
o_proj,1657,0,8,10644
post_layernorm,1657,0,8,111095
gate_proj,1657,0,8,33123
up_proj,1657,0,8,31633
act_fn,1657,0,8,8879
down_proj,1657,0,8,31165
final_layernorm,1657,0,8,113005
lm_head,1657,0,8,280744
embedding,1658,0,8,46871
input_layernorm,1658,0,8,112680
q_proj,1658,0,8,10884
k_proj,1658,0,8,7703
v_proj,1658,0,8,7934
rope,1658,0,8,31525
attn,1658,0,8,40735
o_proj,1658,0,8,10702
post_layernorm,1658,0,8,111416
gate_proj,1658,0,8,33351
up_proj,1658,0,8,31753
act_fn,1658,0,8,8908
down_proj,1658,0,8,31309
final_layernorm,1658,0,8,113211
lm_head,1658,0,8,280974
embedding,1659,0,8,47875
input_layernorm,1659,0,8,112959
q_proj,1659,0,8,10879
k_proj,1659,0,8,7737
v_proj,1659,0,8,7918
rope,1659,0,8,31552
attn,1659,0,8,40926
o_proj,1659,0,8,10699
post_layernorm,1659,0,8,111763
gate_proj,1659,0,8,33377
up_proj,1659,0,8,31761
act_fn,1659,0,8,8931
down_proj,1659,0,8,31321
final_layernorm,1659,0,8,113585
lm_head,1659,0,8,281073
embedding,1660,0,8,46566
input_layernorm,1660,0,8,112562
q_proj,1660,0,8,10815
k_proj,1660,0,8,7713
v_proj,1660,0,8,7897
rope,1660,0,8,31351
attn,1660,0,8,40858
o_proj,1660,0,8,10653
post_layernorm,1660,0,8,111351
gate_proj,1660,0,8,33096
up_proj,1660,0,8,31650
act_fn,1660,0,8,8885
down_proj,1660,0,8,31154
final_layernorm,1660,0,8,113046
lm_head,1660,0,8,280902
embedding,1661,0,8,47189
input_layernorm,1661,0,8,112741
q_proj,1661,0,8,10832
k_proj,1661,0,8,7745
v_proj,1661,0,8,7894
rope,1661,0,8,31342
attn,1661,0,8,40881
o_proj,1661,0,8,10671
post_layernorm,1661,0,8,111516
gate_proj,1661,0,8,33158
up_proj,1661,0,8,31672
act_fn,1661,0,8,8919
down_proj,1661,0,8,31163
final_layernorm,1661,0,8,113411
lm_head,1661,0,8,280941
embedding,1662,0,8,47116
input_layernorm,1662,0,8,113379
q_proj,1662,0,8,10895
k_proj,1662,0,8,7728
v_proj,1662,0,8,7923
rope,1662,0,8,31735
attn,1662,0,8,40952
o_proj,1662,0,8,10711
post_layernorm,1662,0,8,112310
gate_proj,1662,0,8,33504
up_proj,1662,0,8,31781
act_fn,1662,0,8,8929
down_proj,1662,0,8,31348
final_layernorm,1662,0,8,114016
lm_head,1662,0,8,281336
embedding,1663,0,8,47154
input_layernorm,1663,0,8,112791
q_proj,1663,0,8,10846
k_proj,1663,0,8,7719
v_proj,1663,0,8,7926
rope,1663,0,8,31427
attn,1663,0,8,40574
o_proj,1663,0,8,10644
post_layernorm,1663,0,8,111700
gate_proj,1663,0,8,33211
up_proj,1663,0,8,31643
act_fn,1663,0,8,8912
down_proj,1663,0,8,31189
final_layernorm,1663,0,8,113373
lm_head,1663,0,8,280926
embedding,1664,0,8,46464
input_layernorm,1664,0,8,112660
q_proj,1664,0,8,12660
k_proj,1664,0,8,7367
v_proj,1664,0,8,6969
rope,1664,0,8,31467
attn,1664,0,8,36966
o_proj,1664,0,8,11335
post_layernorm,1664,0,8,111303
gate_proj,1664,0,8,35714
up_proj,1664,0,8,33925
act_fn,1664,0,8,8829
down_proj,1664,0,8,41272
final_layernorm,1664,0,8,112666
lm_head,1664,0,8,295798
embedding,1665,0,8,47428
input_layernorm,1665,0,8,114614
q_proj,1665,0,8,11203
k_proj,1665,0,8,7168
v_proj,1665,0,8,6346
rope,1665,0,8,31817
attn,1665,0,8,43302
o_proj,1665,0,8,11017
post_layernorm,1665,0,8,113706
gate_proj,1665,0,8,33577
up_proj,1665,0,8,31785
act_fn,1665,0,8,8949
down_proj,1665,0,8,32310
final_layernorm,1665,0,8,114746
lm_head,1665,0,8,281511
embedding,1666,0,8,47027
input_layernorm,1666,0,8,113851
q_proj,1666,0,8,11145
k_proj,1666,0,8,7153
v_proj,1666,0,8,6293
rope,1666,0,8,31434
attn,1666,0,8,43058
o_proj,1666,0,8,10943
post_layernorm,1666,0,8,112646
gate_proj,1666,0,8,33254
up_proj,1666,0,8,31681
act_fn,1666,0,8,8948
down_proj,1666,0,8,32059
final_layernorm,1666,0,8,113765
lm_head,1666,0,8,281241
embedding,1667,0,8,46738
input_layernorm,1667,0,8,113322
q_proj,1667,0,8,11131
k_proj,1667,0,8,7139
v_proj,1667,0,8,6286
rope,1667,0,8,31322
attn,1667,0,8,43128
o_proj,1667,0,8,10937
post_layernorm,1667,0,8,112154
gate_proj,1667,0,8,33193
up_proj,1667,0,8,31678
act_fn,1667,0,8,8963
down_proj,1667,0,8,32029
final_layernorm,1667,0,8,113713
lm_head,1667,0,8,281235
embedding,1668,0,8,47617
input_layernorm,1668,0,8,115120
q_proj,1668,0,8,11241
k_proj,1668,0,8,7179
v_proj,1668,0,8,6403
rope,1668,0,8,32097
attn,1668,0,8,43700
o_proj,1668,0,8,11042
post_layernorm,1668,0,8,114018
gate_proj,1668,0,8,33693
up_proj,1668,0,8,31856
act_fn,1668,0,8,8944
down_proj,1668,0,8,32421
final_layernorm,1668,0,8,114942
lm_head,1668,0,8,281718
embedding,1669,0,8,46824
input_layernorm,1669,0,8,113596
q_proj,1669,0,8,11118
k_proj,1669,0,8,7071
v_proj,1669,0,8,6296
rope,1669,0,8,31256
attn,1669,0,8,43006
o_proj,1669,0,8,10934
post_layernorm,1669,0,8,112287
gate_proj,1669,0,8,33122
up_proj,1669,0,8,31681
act_fn,1669,0,8,8925
down_proj,1669,0,8,32031
final_layernorm,1669,0,8,113915
lm_head,1669,0,8,281355
embedding,1670,0,8,47161
input_layernorm,1670,0,8,114064
q_proj,1670,0,8,11161
k_proj,1670,0,8,7193
v_proj,1670,0,8,6303
rope,1670,0,8,31486
attn,1670,0,8,43079
o_proj,1670,0,8,10965
post_layernorm,1670,0,8,113149
gate_proj,1670,0,8,33281
up_proj,1670,0,8,31687
act_fn,1670,0,8,8975
down_proj,1670,0,8,32094
final_layernorm,1670,0,8,114107
lm_head,1670,0,8,281367
embedding,1671,0,8,47604
input_layernorm,1671,0,8,114749
q_proj,1671,0,8,11209
k_proj,1671,0,8,7160
v_proj,1671,0,8,6386
rope,1671,0,8,31941
attn,1671,0,8,43375
o_proj,1671,0,8,11024
post_layernorm,1671,0,8,113839
gate_proj,1671,0,8,33590
up_proj,1671,0,8,31803
act_fn,1671,0,8,8985
down_proj,1671,0,8,32332
final_layernorm,1671,0,8,115099
lm_head,1671,0,8,281758
embedding,1672,0,8,47432
input_layernorm,1672,0,8,114588
q_proj,1672,0,8,11216
k_proj,1672,0,8,7155
v_proj,1672,0,8,6363
rope,1672,0,8,31956
attn,1672,0,8,43389
o_proj,1672,0,8,11031
post_layernorm,1672,0,8,113458
gate_proj,1672,0,8,33522
up_proj,1672,0,8,31774
act_fn,1672,0,8,9025
down_proj,1672,0,8,32281
final_layernorm,1672,0,8,114589
lm_head,1672,0,8,281796
embedding,1673,0,8,46687
input_layernorm,1673,0,8,114383
q_proj,1673,0,8,11155
k_proj,1673,0,8,7149
v_proj,1673,0,8,6317
rope,1673,0,8,31598
attn,1673,0,8,43300
o_proj,1673,0,8,10983
post_layernorm,1673,0,8,113405
gate_proj,1673,0,8,33377
up_proj,1673,0,8,31738
act_fn,1673,0,8,9020
down_proj,1673,0,8,32163
final_layernorm,1673,0,8,114478
lm_head,1673,0,8,300946
embedding,1674,0,8,47406
input_layernorm,1674,0,8,115577
q_proj,1674,0,8,11264
k_proj,1674,0,8,7264
v_proj,1674,0,8,6415
rope,1674,0,8,32169
attn,1674,0,8,43906
o_proj,1674,0,8,11082
post_layernorm,1674,0,8,114358
gate_proj,1674,0,8,33815
up_proj,1674,0,8,31899
act_fn,1674,0,8,8993
down_proj,1674,0,8,32484
final_layernorm,1674,0,8,115434
lm_head,1674,0,8,301146
embedding,1675,0,8,46264
input_layernorm,1675,0,8,114439
q_proj,1675,0,8,11162
k_proj,1675,0,8,7121
v_proj,1675,0,8,6312
rope,1675,0,8,31560
attn,1675,0,8,43146
o_proj,1675,0,8,10976
post_layernorm,1675,0,8,113376
gate_proj,1675,0,8,33298
up_proj,1675,0,8,31766
act_fn,1675,0,8,8991
down_proj,1675,0,8,32198
final_layernorm,1675,0,8,114757
lm_head,1675,0,8,300976
embedding,1676,0,8,46420
input_layernorm,1676,0,8,114386
q_proj,1676,0,8,11134
k_proj,1676,0,8,7154
v_proj,1676,0,8,6281
rope,1676,0,8,31584
attn,1676,0,8,42978
o_proj,1676,0,8,10957
post_layernorm,1676,0,8,113293
gate_proj,1676,0,8,33202
up_proj,1676,0,8,31697
act_fn,1676,0,8,8969
down_proj,1676,0,8,32052
final_layernorm,1676,0,8,114587
lm_head,1676,0,8,300429
embedding,1677,0,8,46656
input_layernorm,1677,0,8,114530
q_proj,1677,0,8,11174
k_proj,1677,0,8,7128
v_proj,1677,0,8,6321
rope,1677,0,8,31546
attn,1677,0,8,43019
o_proj,1677,0,8,10978
post_layernorm,1677,0,8,113574
gate_proj,1677,0,8,33305
up_proj,1677,0,8,31744
act_fn,1677,0,8,9026
down_proj,1677,0,8,32140
final_layernorm,1677,0,8,114845
lm_head,1677,0,8,300426
embedding,1678,0,8,46645
input_layernorm,1678,0,8,115048
q_proj,1678,0,8,11199
k_proj,1678,0,8,7147
v_proj,1678,0,8,6344
rope,1678,0,8,31876
attn,1678,0,8,43290
o_proj,1678,0,8,11009
post_layernorm,1678,0,8,114017
gate_proj,1678,0,8,33527
up_proj,1678,0,8,31760
act_fn,1678,0,8,9061
down_proj,1678,0,8,32270
final_layernorm,1678,0,8,115290
lm_head,1678,0,8,300950
embedding,1679,0,8,46380
input_layernorm,1679,0,8,114461
q_proj,1679,0,8,11157
k_proj,1679,0,8,7136
v_proj,1679,0,8,6301
rope,1679,0,8,31518
attn,1679,0,8,43152
o_proj,1679,0,8,10973
post_layernorm,1679,0,8,113406
gate_proj,1679,0,8,33311
up_proj,1679,0,8,31780
act_fn,1679,0,8,9013
down_proj,1679,0,8,32180
final_layernorm,1679,0,8,114864
lm_head,1679,0,8,300483
embedding,1680,0,8,47138
input_layernorm,1680,0,8,114585
q_proj,1680,0,8,11487
k_proj,1680,0,8,7131
v_proj,1680,0,8,6315
rope,1680,0,8,31845
attn,1680,0,8,43179
o_proj,1680,0,8,11199
post_layernorm,1680,0,8,113732
gate_proj,1680,0,8,33443
up_proj,1680,0,8,31759
act_fn,1680,0,8,9073
down_proj,1680,0,8,32931
final_layernorm,1680,0,8,115181
lm_head,1680,0,8,300901
embedding,1681,0,8,46714
input_layernorm,1681,0,8,114929
q_proj,1681,0,8,11178
k_proj,1681,0,8,7326
v_proj,1681,0,8,6863
rope,1681,0,8,31644
attn,1681,0,8,43172
o_proj,1681,0,8,10983
post_layernorm,1681,0,8,113698
gate_proj,1681,0,8,34101
up_proj,1681,0,8,32448
act_fn,1681,0,8,9077
down_proj,1681,0,8,32133
final_layernorm,1681,0,8,115006
lm_head,1681,0,8,301261
embedding,1682,0,8,47776
input_layernorm,1682,0,8,115314
q_proj,1682,0,8,11217
k_proj,1682,0,8,7409
v_proj,1682,0,8,6871
rope,1682,0,8,32007
attn,1682,0,8,43454
o_proj,1682,0,8,11038
post_layernorm,1682,0,8,114241
gate_proj,1682,0,8,34334
up_proj,1682,0,8,32576
act_fn,1682,0,8,9019
down_proj,1682,0,8,32302
final_layernorm,1682,0,8,115799
lm_head,1682,0,8,300922
embedding,1683,0,8,47140
input_layernorm,1683,0,8,114796
q_proj,1683,0,8,11136
k_proj,1683,0,8,7302
v_proj,1683,0,8,6788
rope,1683,0,8,31484
attn,1683,0,8,43094
o_proj,1683,0,8,10956
post_layernorm,1683,0,8,113621
gate_proj,1683,0,8,33966
up_proj,1683,0,8,32464
act_fn,1683,0,8,9022
down_proj,1683,0,8,32116
final_layernorm,1683,0,8,114991
lm_head,1683,0,8,301054
embedding,1684,0,8,48324
input_layernorm,1684,0,8,116108
q_proj,1684,0,8,11267
k_proj,1684,0,8,7455
v_proj,1684,0,8,6934
rope,1684,0,8,32368
attn,1684,0,8,43880
o_proj,1684,0,8,11090
post_layernorm,1684,0,8,115281
gate_proj,1684,0,8,34601
up_proj,1684,0,8,32728
act_fn,1684,0,8,9011
down_proj,1684,0,8,32558
final_layernorm,1684,0,8,116298
lm_head,1684,0,8,301193
embedding,1685,0,8,46989
input_layernorm,1685,0,8,115118
q_proj,1685,0,8,11170
k_proj,1685,0,8,7366
v_proj,1685,0,8,6821
rope,1685,0,8,31626
attn,1685,0,8,43144
o_proj,1685,0,8,10984
post_layernorm,1685,0,8,114024
gate_proj,1685,0,8,34098
up_proj,1685,0,8,32532
act_fn,1685,0,8,9033
down_proj,1685,0,8,32229
final_layernorm,1685,0,8,115473
lm_head,1685,0,8,300876
embedding,1686,0,8,48019
input_layernorm,1686,0,8,116524
q_proj,1686,0,8,11287
k_proj,1686,0,8,7481
v_proj,1686,0,8,6959
rope,1686,0,8,32372
attn,1686,0,8,44071
o_proj,1686,0,8,11098
post_layernorm,1686,0,8,115440
gate_proj,1686,0,8,34670
up_proj,1686,0,8,32756
act_fn,1686,0,8,9064
down_proj,1686,0,8,32560
final_layernorm,1686,0,8,116535
lm_head,1686,0,8,301370
embedding,1687,0,8,47272
input_layernorm,1687,0,8,115663
q_proj,1687,0,8,11189
k_proj,1687,0,8,7337
v_proj,1687,0,8,6819
rope,1687,0,8,31732
attn,1687,0,8,43156
o_proj,1687,0,8,11002
post_layernorm,1687,0,8,114552
gate_proj,1687,0,8,34173
up_proj,1687,0,8,32517
act_fn,1687,0,8,9071
down_proj,1687,0,8,32210
final_layernorm,1687,0,8,115868
lm_head,1687,0,8,300927
embedding,1688,0,8,47222
input_layernorm,1688,0,8,115252
q_proj,1688,0,8,11177
k_proj,1688,0,8,7351
v_proj,1688,0,8,6803
rope,1688,0,8,31701
attn,1688,0,8,43173
o_proj,1688,0,8,10989
post_layernorm,1688,0,8,114052
gate_proj,1688,0,8,34097
up_proj,1688,0,8,32514
act_fn,1688,0,8,9044
down_proj,1688,0,8,32186
final_layernorm,1688,0,8,115342
lm_head,1688,0,8,300889
embedding,1689,0,8,47188
input_layernorm,1689,0,8,115729
q_proj,1689,0,8,11197
k_proj,1689,0,8,7364
v_proj,1689,0,8,6824
rope,1689,0,8,31777
attn,1689,0,8,43317
o_proj,1689,0,8,11009
post_layernorm,1689,0,8,114623
gate_proj,1689,0,8,34222
up_proj,1689,0,8,32512
act_fn,1689,0,8,9061
down_proj,1689,0,8,32217
final_layernorm,1689,0,8,115890
lm_head,1689,0,8,301050
embedding,1690,0,8,47380
input_layernorm,1690,0,8,115841
q_proj,1690,0,8,11185
k_proj,1690,0,8,7341
v_proj,1690,0,8,6807
rope,1690,0,8,31720
attn,1690,0,8,43402
o_proj,1690,0,8,11005
post_layernorm,1690,0,8,114491
gate_proj,1690,0,8,34193
up_proj,1690,0,8,32558
act_fn,1690,0,8,9037
down_proj,1690,0,8,32207
final_layernorm,1690,0,8,115784
lm_head,1690,0,8,300685
embedding,1691,0,8,47563
input_layernorm,1691,0,8,115732
q_proj,1691,0,8,11179
k_proj,1691,0,8,7318
v_proj,1691,0,8,6820
rope,1691,0,8,31782
attn,1691,0,8,43210
o_proj,1691,0,8,10999
post_layernorm,1691,0,8,114551
gate_proj,1691,0,8,34158
up_proj,1691,0,8,32520
act_fn,1691,0,8,9112
down_proj,1691,0,8,32198
final_layernorm,1691,0,8,116154
lm_head,1691,0,8,300811
embedding,1692,0,8,47344
input_layernorm,1692,0,8,115941
q_proj,1692,0,8,11192
k_proj,1692,0,8,7349
v_proj,1692,0,8,6835
rope,1692,0,8,31943
attn,1692,0,8,43486
o_proj,1692,0,8,11025
post_layernorm,1692,0,8,114770
gate_proj,1692,0,8,34207
up_proj,1692,0,8,32606
act_fn,1692,0,8,9067
down_proj,1692,0,8,32305
final_layernorm,1692,0,8,116139
lm_head,1692,0,8,300846
embedding,1693,0,8,47315
input_layernorm,1693,0,8,116162
q_proj,1693,0,8,11203
k_proj,1693,0,8,7334
v_proj,1693,0,8,6851
rope,1693,0,8,31875
attn,1693,0,8,43354
o_proj,1693,0,8,11018
post_layernorm,1693,0,8,114887
gate_proj,1693,0,8,34251
up_proj,1693,0,8,32623
act_fn,1693,0,8,9067
down_proj,1693,0,8,32313
final_layernorm,1693,0,8,116188
lm_head,1693,0,8,300971
embedding,1694,0,8,47616
input_layernorm,1694,0,8,116440
q_proj,1694,0,8,11244
k_proj,1694,0,8,7363
v_proj,1694,0,8,6873
rope,1694,0,8,32071
attn,1694,0,8,43453
o_proj,1694,0,8,11056
post_layernorm,1694,0,8,115374
gate_proj,1694,0,8,34437
up_proj,1694,0,8,32671
act_fn,1694,0,8,9091
down_proj,1694,0,8,32402
final_layernorm,1694,0,8,116393
lm_head,1694,0,8,301369
embedding,1695,0,8,47286
input_layernorm,1695,0,8,116049
q_proj,1695,0,8,11167
k_proj,1695,0,8,7344
v_proj,1695,0,8,6815
rope,1695,0,8,31650
attn,1695,0,8,43164
o_proj,1695,0,8,10996
post_layernorm,1695,0,8,114438
gate_proj,1695,0,8,34062
up_proj,1695,0,8,32574
act_fn,1695,0,8,9057
down_proj,1695,0,8,32214
final_layernorm,1695,0,8,115707
lm_head,1695,0,8,300731
embedding,1696,0,8,48349
input_layernorm,1696,0,8,116766
q_proj,1696,0,8,11533
k_proj,1696,0,8,7435
v_proj,1696,0,8,6885
rope,1696,0,8,32384
attn,1696,0,8,43843
o_proj,1696,0,8,11336
post_layernorm,1696,0,8,115301
gate_proj,1696,0,8,35707
up_proj,1696,0,8,33788
act_fn,1696,0,8,9135
down_proj,1696,0,8,33420
final_layernorm,1696,0,8,116530
lm_head,1696,0,8,301295
embedding,1697,0,8,47204
input_layernorm,1697,0,8,116212
q_proj,1697,0,8,11207
k_proj,1697,0,8,7348
v_proj,1697,0,8,6813
rope,1697,0,8,31871
attn,1697,0,8,43268
o_proj,1697,0,8,11010
post_layernorm,1697,0,8,115261
gate_proj,1697,0,8,34184
up_proj,1697,0,8,32540
act_fn,1697,0,8,9113
down_proj,1697,0,8,32248
final_layernorm,1697,0,8,116536
lm_head,1697,0,8,301406
embedding,1698,0,8,47129
input_layernorm,1698,0,8,116188
q_proj,1698,0,8,11176
k_proj,1698,0,8,7364
v_proj,1698,0,8,6786
rope,1698,0,8,31665
attn,1698,0,8,43029
o_proj,1698,0,8,10984
post_layernorm,1698,0,8,114660
gate_proj,1698,0,8,34063
up_proj,1698,0,8,32559
act_fn,1698,0,8,9160
down_proj,1698,0,8,32209
final_layernorm,1698,0,8,116293
lm_head,1698,0,8,300770
embedding,1699,0,8,47549
input_layernorm,1699,0,8,116834
q_proj,1699,0,8,11244
k_proj,1699,0,8,7365
v_proj,1699,0,8,6889
rope,1699,0,8,32153
attn,1699,0,8,43698
o_proj,1699,0,8,11067
post_layernorm,1699,0,8,115463
gate_proj,1699,0,8,34447
up_proj,1699,0,8,32698
act_fn,1699,0,8,9161
down_proj,1699,0,8,32417
final_layernorm,1699,0,8,117179
lm_head,1699,0,8,301086
embedding,1700,0,8,47511
input_layernorm,1700,0,8,116689
q_proj,1700,0,8,11193
k_proj,1700,0,8,7327
v_proj,1700,0,8,6799
rope,1700,0,8,31845
attn,1700,0,8,43262
o_proj,1700,0,8,11014
post_layernorm,1700,0,8,114999
gate_proj,1700,0,8,34145
up_proj,1700,0,8,32544
act_fn,1700,0,8,9118
down_proj,1700,0,8,32208
final_layernorm,1700,0,8,116677
lm_head,1700,0,8,300643
embedding,1701,0,8,46784
input_layernorm,1701,0,8,115939
q_proj,1701,0,8,11159
k_proj,1701,0,8,7294
v_proj,1701,0,8,6755
rope,1701,0,8,31568
attn,1701,0,8,43095
o_proj,1701,0,8,10989
post_layernorm,1701,0,8,114862
gate_proj,1701,0,8,34000
up_proj,1701,0,8,32513
act_fn,1701,0,8,9128
down_proj,1701,0,8,32160
final_layernorm,1701,0,8,116530
lm_head,1701,0,8,301023
embedding,1702,0,8,47271
input_layernorm,1702,0,8,116330
q_proj,1702,0,8,11196
k_proj,1702,0,8,7385
v_proj,1702,0,8,6809
rope,1702,0,8,31784
attn,1702,0,8,43206
o_proj,1702,0,8,11010
post_layernorm,1702,0,8,115248
gate_proj,1702,0,8,34172
up_proj,1702,0,8,32552
act_fn,1702,0,8,9161
down_proj,1702,0,8,32222
final_layernorm,1702,0,8,116995
lm_head,1702,0,8,301197
embedding,1703,0,8,47254
input_layernorm,1703,0,8,116845
q_proj,1703,0,8,11212
k_proj,1703,0,8,7372
v_proj,1703,0,8,6835
rope,1703,0,8,31979
attn,1703,0,8,43217
o_proj,1703,0,8,11055
post_layernorm,1703,0,8,115530
gate_proj,1703,0,8,34318
up_proj,1703,0,8,32643
act_fn,1703,0,8,9149
down_proj,1703,0,8,32371
final_layernorm,1703,0,8,117223
lm_head,1703,0,8,301132
embedding,1704,0,8,47391
input_layernorm,1704,0,8,116559
q_proj,1704,0,8,11192
k_proj,1704,0,8,7350
v_proj,1704,0,8,6805
rope,1704,0,8,31882
attn,1704,0,8,43111
o_proj,1704,0,8,11002
post_layernorm,1704,0,8,114888
gate_proj,1704,0,8,34141
up_proj,1704,0,8,32604
act_fn,1704,0,8,9166
down_proj,1704,0,8,32289
final_layernorm,1704,0,8,116717
lm_head,1704,0,8,300819
embedding,1705,0,8,48265
input_layernorm,1705,0,8,117852
q_proj,1705,0,8,11302
k_proj,1705,0,8,7463
v_proj,1705,0,8,6919
rope,1705,0,8,32365
attn,1705,0,8,44013
o_proj,1705,0,8,11114
post_layernorm,1705,0,8,116530
gate_proj,1705,0,8,34648
up_proj,1705,0,8,32744
act_fn,1705,0,8,9146
down_proj,1705,0,8,32551
final_layernorm,1705,0,8,118075
lm_head,1705,0,8,301466
embedding,1706,0,8,47663
input_layernorm,1706,0,8,117030
q_proj,1706,0,8,11200
k_proj,1706,0,8,7316
v_proj,1706,0,8,6800
rope,1706,0,8,31914
attn,1706,0,8,43180
o_proj,1706,0,8,11019
post_layernorm,1706,0,8,115699
gate_proj,1706,0,8,34180
up_proj,1706,0,8,32564
act_fn,1706,0,8,9162
down_proj,1706,0,8,32226
final_layernorm,1706,0,8,117739
lm_head,1706,0,8,301009
embedding,1707,0,8,47406
input_layernorm,1707,0,8,117218
q_proj,1707,0,8,11222
k_proj,1707,0,8,7360
v_proj,1707,0,8,6834
rope,1707,0,8,31891
attn,1707,0,8,43309
o_proj,1707,0,8,11032
post_layernorm,1707,0,8,115938
gate_proj,1707,0,8,34309
up_proj,1707,0,8,32604
act_fn,1707,0,8,9167
down_proj,1707,0,8,32301
final_layernorm,1707,0,8,117696
lm_head,1707,0,8,301067
embedding,1708,0,8,48022
input_layernorm,1708,0,8,117832
q_proj,1708,0,8,11260
k_proj,1708,0,8,7430
v_proj,1708,0,8,6907
rope,1708,0,8,32377
attn,1708,0,8,43556
o_proj,1708,0,8,11080
post_layernorm,1708,0,8,116692
gate_proj,1708,0,8,34573
up_proj,1708,0,8,32749
act_fn,1708,0,8,9187
down_proj,1708,0,8,32500
final_layernorm,1708,0,8,118314
lm_head,1708,0,8,301581
embedding,1709,0,8,47353
input_layernorm,1709,0,8,117124
q_proj,1709,0,8,11199
k_proj,1709,0,8,7350
v_proj,1709,0,8,6804
rope,1709,0,8,31764
attn,1709,0,8,43329
o_proj,1709,0,8,11017
post_layernorm,1709,0,8,115329
gate_proj,1709,0,8,34122
up_proj,1709,0,8,32593
act_fn,1709,0,8,9201
down_proj,1709,0,8,32225
final_layernorm,1709,0,8,117537
lm_head,1709,0,8,301071
embedding,1710,0,8,47640
input_layernorm,1710,0,8,116903
q_proj,1710,0,8,11184
k_proj,1710,0,8,7344
v_proj,1710,0,8,6778
rope,1710,0,8,31736
attn,1710,0,8,43283
o_proj,1710,0,8,11007
post_layernorm,1710,0,8,115631
gate_proj,1710,0,8,34137
up_proj,1710,0,8,32589
act_fn,1710,0,8,9198
down_proj,1710,0,8,32217
final_layernorm,1710,0,8,117418
lm_head,1710,0,8,300977
embedding,1711,0,8,47530
input_layernorm,1711,0,8,117392
q_proj,1711,0,8,11243
k_proj,1711,0,8,7448
v_proj,1711,0,8,6859
rope,1711,0,8,32039
attn,1711,0,8,43460
o_proj,1711,0,8,11061
post_layernorm,1711,0,8,116220
gate_proj,1711,0,8,34409
up_proj,1711,0,8,32696
act_fn,1711,0,8,9212
down_proj,1711,0,8,32409
final_layernorm,1711,0,8,118139
lm_head,1711,0,8,301390
embedding,1712,0,8,47744
input_layernorm,1712,0,8,117103
q_proj,1712,0,8,11499
k_proj,1712,0,8,7429
v_proj,1712,0,8,6807
rope,1712,0,8,32035
attn,1712,0,8,43478
o_proj,1712,0,8,11228
post_layernorm,1712,0,8,115568
gate_proj,1712,0,8,35382
up_proj,1712,0,8,33738
act_fn,1712,0,8,9193
down_proj,1712,0,8,33032
final_layernorm,1712,0,8,117754
lm_head,1712,0,8,300880
embedding,1713,0,8,47887
input_layernorm,1713,0,8,117346
q_proj,1713,0,8,11237
k_proj,1713,0,8,7408
v_proj,1713,0,8,6817
rope,1713,0,8,31898
attn,1713,0,8,43417
o_proj,1713,0,8,11035
post_layernorm,1713,0,8,116164
gate_proj,1713,0,8,34275
up_proj,1713,0,8,32664
act_fn,1713,0,8,9228
down_proj,1713,0,8,32361
final_layernorm,1713,0,8,118029
lm_head,1713,0,8,301071
embedding,1714,0,8,48099
input_layernorm,1714,0,8,117684
q_proj,1714,0,8,11251
k_proj,1714,0,8,7355
v_proj,1714,0,8,6856
rope,1714,0,8,32056
attn,1714,0,8,43592
o_proj,1714,0,8,11067
post_layernorm,1714,0,8,116545
gate_proj,1714,0,8,34365
up_proj,1714,0,8,32735
act_fn,1714,0,8,9217
down_proj,1714,0,8,32459
final_layernorm,1714,0,8,118178
lm_head,1714,0,8,301141
embedding,1715,0,8,49185
input_layernorm,1715,0,8,118612
q_proj,1715,0,8,11339
k_proj,1715,0,8,7480
v_proj,1715,0,8,6968
rope,1715,0,8,32663
attn,1715,0,8,44171
o_proj,1715,0,8,11152
post_layernorm,1715,0,8,117621
gate_proj,1715,0,8,34878
up_proj,1715,0,8,32871
act_fn,1715,0,8,9216
down_proj,1715,0,8,32755
final_layernorm,1715,0,8,118822
lm_head,1715,0,8,301687
embedding,1716,0,8,48127
input_layernorm,1716,0,8,117630
q_proj,1716,0,8,11244
k_proj,1716,0,8,7383
v_proj,1716,0,8,6828
rope,1716,0,8,32128
attn,1716,0,8,43428
o_proj,1716,0,8,11056
post_layernorm,1716,0,8,116492
gate_proj,1716,0,8,34294
up_proj,1716,0,8,32643
act_fn,1716,0,8,9256
down_proj,1716,0,8,32332
final_layernorm,1716,0,8,118476
lm_head,1716,0,8,300961
embedding,1717,0,8,48540
input_layernorm,1717,0,8,117842
q_proj,1717,0,8,11239
k_proj,1717,0,8,7357
v_proj,1717,0,8,6826
rope,1717,0,8,31985
attn,1717,0,8,43351
o_proj,1717,0,8,11047
post_layernorm,1717,0,8,116557
gate_proj,1717,0,8,34267
up_proj,1717,0,8,32639
act_fn,1717,0,8,9233
down_proj,1717,0,8,32304
final_layernorm,1717,0,8,118458
lm_head,1717,0,8,301036
embedding,1718,0,8,49206
input_layernorm,1718,0,8,118738
q_proj,1718,0,8,11277
k_proj,1718,0,8,7434
v_proj,1718,0,8,6896
rope,1718,0,8,32439
attn,1718,0,8,43672
o_proj,1718,0,8,11107
post_layernorm,1718,0,8,117629
gate_proj,1718,0,8,34532
up_proj,1718,0,8,32729
act_fn,1718,0,8,9214
down_proj,1718,0,8,32470
final_layernorm,1718,0,8,119166
lm_head,1718,0,8,301563
embedding,1719,0,8,48157
input_layernorm,1719,0,8,117966
q_proj,1719,0,8,11244
k_proj,1719,0,8,7399
v_proj,1719,0,8,6824
rope,1719,0,8,32055
attn,1719,0,8,43389
o_proj,1719,0,8,11058
post_layernorm,1719,0,8,116971
gate_proj,1719,0,8,34331
up_proj,1719,0,8,32653
act_fn,1719,0,8,9239
down_proj,1719,0,8,32354
final_layernorm,1719,0,8,118702
lm_head,1719,0,8,301193
embedding,1720,0,8,48843
input_layernorm,1720,0,8,118219
q_proj,1720,0,8,11253
k_proj,1720,0,8,7378
v_proj,1720,0,8,6856
rope,1720,0,8,32228
attn,1720,0,8,43767
o_proj,1720,0,8,11076
post_layernorm,1720,0,8,117027
gate_proj,1720,0,8,34358
up_proj,1720,0,8,32738
act_fn,1720,0,8,9257
down_proj,1720,0,8,32441
final_layernorm,1720,0,8,118903
lm_head,1720,0,8,301126
embedding,1721,0,8,48252
input_layernorm,1721,0,8,117995
q_proj,1721,0,8,11234
k_proj,1721,0,8,7386
v_proj,1721,0,8,6819
rope,1721,0,8,31958
attn,1721,0,8,43392
o_proj,1721,0,8,11049
post_layernorm,1721,0,8,116780
gate_proj,1721,0,8,34255
up_proj,1721,0,8,32691
act_fn,1721,0,8,9244
down_proj,1721,0,8,32339
final_layernorm,1721,0,8,118501
lm_head,1721,0,8,301099
embedding,1722,0,8,49170
input_layernorm,1722,0,8,119146
q_proj,1722,0,8,11336
k_proj,1722,0,8,7473
v_proj,1722,0,8,6931
rope,1722,0,8,32545
attn,1722,0,8,43881
o_proj,1722,0,8,11129
post_layernorm,1722,0,8,118020
gate_proj,1722,0,8,34706
up_proj,1722,0,8,32805
act_fn,1722,0,8,9268
down_proj,1722,0,8,32620
final_layernorm,1722,0,8,119502
lm_head,1722,0,8,301760
embedding,1723,0,8,48116
input_layernorm,1723,0,8,118330
q_proj,1723,0,8,11236
k_proj,1723,0,8,7422
v_proj,1723,0,8,6844
rope,1723,0,8,32149
attn,1723,0,8,43278
o_proj,1723,0,8,11073
post_layernorm,1723,0,8,117002
gate_proj,1723,0,8,34346
up_proj,1723,0,8,32727
act_fn,1723,0,8,9265
down_proj,1723,0,8,32463
final_layernorm,1723,0,8,118514
lm_head,1723,0,8,301418
embedding,1724,0,8,48561
input_layernorm,1724,0,8,118778
q_proj,1724,0,8,11262
k_proj,1724,0,8,7410
v_proj,1724,0,8,6851
rope,1724,0,8,32389
attn,1724,0,8,43385
o_proj,1724,0,8,11074
post_layernorm,1724,0,8,117143
gate_proj,1724,0,8,34415
up_proj,1724,0,8,32687
act_fn,1724,0,8,9256
down_proj,1724,0,8,32408
final_layernorm,1724,0,8,118893
lm_head,1724,0,8,301447
embedding,1725,0,8,48655
input_layernorm,1725,0,8,119227
q_proj,1725,0,8,11319
k_proj,1725,0,8,7491
v_proj,1725,0,8,6945
rope,1725,0,8,32687
attn,1725,0,8,43970
o_proj,1725,0,8,11150
post_layernorm,1725,0,8,118253
gate_proj,1725,0,8,34686
up_proj,1725,0,8,32814
act_fn,1725,0,8,9290
down_proj,1725,0,8,32631
final_layernorm,1725,0,8,119955
lm_head,1725,0,8,301762
embedding,1726,0,8,48941
input_layernorm,1726,0,8,119513
q_proj,1726,0,8,11308
k_proj,1726,0,8,7448
v_proj,1726,0,8,6892
rope,1726,0,8,32630
attn,1726,0,8,44073
o_proj,1726,0,8,11120
post_layernorm,1726,0,8,118086
gate_proj,1726,0,8,34623
up_proj,1726,0,8,32788
act_fn,1726,0,8,9297
down_proj,1726,0,8,32542
final_layernorm,1726,0,8,119629
lm_head,1726,0,8,301699
embedding,1727,0,8,48819
input_layernorm,1727,0,8,119411
q_proj,1727,0,8,11294
k_proj,1727,0,8,7435
v_proj,1727,0,8,6876
rope,1727,0,8,32531
attn,1727,0,8,43775
o_proj,1727,0,8,11104
post_layernorm,1727,0,8,118154
gate_proj,1727,0,8,34549
up_proj,1727,0,8,32742
act_fn,1727,0,8,9284
down_proj,1727,0,8,32515
final_layernorm,1727,0,8,119560
lm_head,1727,0,8,301525
embedding,1728,0,8,48557
input_layernorm,1728,0,8,118092
q_proj,1728,0,8,12671
k_proj,1728,0,8,7438
v_proj,1728,0,8,6820
rope,1728,0,8,32189
attn,1728,0,8,43187
o_proj,1728,0,8,12567
post_layernorm,1728,0,8,116974
gate_proj,1728,0,8,35328
up_proj,1728,0,8,33807
act_fn,1728,0,8,9260
down_proj,1728,0,8,36960
final_layernorm,1728,0,8,118133
lm_head,1728,0,8,301285
embedding,1729,0,8,49009
input_layernorm,1729,0,8,118693
q_proj,1729,0,8,11510
k_proj,1729,0,8,9285
v_proj,1729,0,8,9970
rope,1729,0,8,32043
attn,1729,0,8,44374
o_proj,1729,0,8,11317
post_layernorm,1729,0,8,117415
gate_proj,1729,0,8,34224
up_proj,1729,0,8,32670
act_fn,1729,0,8,9296
down_proj,1729,0,8,33163
final_layernorm,1729,0,8,119026
lm_head,1729,0,8,293135
embedding,1730,0,8,48454
input_layernorm,1730,0,8,119003
q_proj,1730,0,8,11515
k_proj,1730,0,8,9251
v_proj,1730,0,8,9916
rope,1730,0,8,32171
attn,1730,0,8,44274
o_proj,1730,0,8,11305
post_layernorm,1730,0,8,117874
gate_proj,1730,0,8,34237
up_proj,1730,0,8,32682
act_fn,1730,0,8,9278
down_proj,1730,0,8,33237
final_layernorm,1730,0,8,119509
lm_head,1730,0,8,293294
embedding,1731,0,8,48679
input_layernorm,1731,0,8,118817
q_proj,1731,0,8,11499
k_proj,1731,0,8,9276
v_proj,1731,0,8,9935
rope,1731,0,8,32066
attn,1731,0,8,43976
o_proj,1731,0,8,11300
post_layernorm,1731,0,8,117650
gate_proj,1731,0,8,34148
up_proj,1731,0,8,32697
act_fn,1731,0,8,9275
down_proj,1731,0,8,33204
final_layernorm,1731,0,8,119097
lm_head,1731,0,8,293172
embedding,1732,0,8,49086
input_layernorm,1732,0,8,119831
q_proj,1732,0,8,11569
k_proj,1732,0,8,9446
v_proj,1732,0,8,10141
rope,1732,0,8,32636
attn,1732,0,8,44257
o_proj,1732,0,8,11382
post_layernorm,1732,0,8,118609
gate_proj,1732,0,8,34509
up_proj,1732,0,8,32777
act_fn,1732,0,8,9329
down_proj,1732,0,8,33454
final_layernorm,1732,0,8,120063
lm_head,1732,0,8,293546
embedding,1733,0,8,49446
input_layernorm,1733,0,8,119750
q_proj,1733,0,8,11578
k_proj,1733,0,8,9296
v_proj,1733,0,8,10009
rope,1733,0,8,32565
attn,1733,0,8,44391
o_proj,1733,0,8,11381
post_layernorm,1733,0,8,118730
gate_proj,1733,0,8,34542
up_proj,1733,0,8,32763
act_fn,1733,0,8,9334
down_proj,1733,0,8,33446
final_layernorm,1733,0,8,120093
lm_head,1733,0,8,293670
embedding,1734,0,8,49703
input_layernorm,1734,0,8,119231
q_proj,1734,0,8,11530
k_proj,1734,0,8,9270
v_proj,1734,0,8,9999
rope,1734,0,8,32322
attn,1734,0,8,44193
o_proj,1734,0,8,11352
post_layernorm,1734,0,8,118620
gate_proj,1734,0,8,34366
up_proj,1734,0,8,32765
act_fn,1734,0,8,9310
down_proj,1734,0,8,33360
final_layernorm,1734,0,8,119644
lm_head,1734,0,8,293618
embedding,1735,0,8,48926
input_layernorm,1735,0,8,119009
q_proj,1735,0,8,11506
k_proj,1735,0,8,9384
v_proj,1735,0,8,10078
rope,1735,0,8,32091
attn,1735,0,8,44279
o_proj,1735,0,8,11304
post_layernorm,1735,0,8,118038
gate_proj,1735,0,8,34186
up_proj,1735,0,8,32675
act_fn,1735,0,8,9292
down_proj,1735,0,8,33185
final_layernorm,1735,0,8,119359
lm_head,1735,0,8,293341
embedding,1736,0,8,48770
input_layernorm,1736,0,8,118596
q_proj,1736,0,8,11487
k_proj,1736,0,8,9359
v_proj,1736,0,8,10017
rope,1736,0,8,32099
attn,1736,0,8,44128
o_proj,1736,0,8,11301
post_layernorm,1736,0,8,117887
gate_proj,1736,0,8,34106
up_proj,1736,0,8,32682
act_fn,1736,0,8,9325
down_proj,1736,0,8,33168
final_layernorm,1736,0,8,119264
lm_head,1736,0,8,293456
embedding,1737,0,8,49309
input_layernorm,1737,0,8,119937
q_proj,1737,0,8,11585
k_proj,1737,0,8,7697
v_proj,1737,0,8,7379
rope,1737,0,8,32655
attn,1737,0,8,44469
o_proj,1737,0,8,11400
post_layernorm,1737,0,8,118956
gate_proj,1737,0,8,35697
up_proj,1737,0,8,33895
act_fn,1737,0,8,9369
down_proj,1737,0,8,33456
final_layernorm,1737,0,8,120202
lm_head,1737,0,8,293831
embedding,1738,0,8,49152
input_layernorm,1738,0,8,119805
q_proj,1738,0,8,11556
k_proj,1738,0,8,7656
v_proj,1738,0,8,7384
rope,1738,0,8,32472
attn,1738,0,8,44202
o_proj,1738,0,8,11359
post_layernorm,1738,0,8,119041
gate_proj,1738,0,8,35507
up_proj,1738,0,8,33854
act_fn,1738,0,8,9377
down_proj,1738,0,8,33335
final_layernorm,1738,0,8,119989
lm_head,1738,0,8,293640
embedding,1739,0,8,49555
input_layernorm,1739,0,8,120345
q_proj,1739,0,8,11610
k_proj,1739,0,8,7755
v_proj,1739,0,8,7359
rope,1739,0,8,32839
attn,1739,0,8,44695
o_proj,1739,0,8,11411
post_layernorm,1739,0,8,119530
gate_proj,1739,0,8,35772
up_proj,1739,0,8,33933
act_fn,1739,0,8,9354
down_proj,1739,0,8,33588
final_layernorm,1739,0,8,120501
lm_head,1739,0,8,294141
embedding,1740,0,8,48826
input_layernorm,1740,0,8,119416
q_proj,1740,0,8,11514
k_proj,1740,0,8,7647
v_proj,1740,0,8,7376
rope,1740,0,8,32309
attn,1740,0,8,44074
o_proj,1740,0,8,11312
post_layernorm,1740,0,8,118664
gate_proj,1740,0,8,35329
up_proj,1740,0,8,33855
act_fn,1740,0,8,9338
down_proj,1740,0,8,33262
final_layernorm,1740,0,8,119875
lm_head,1740,0,8,293694
embedding,1741,0,8,49412
input_layernorm,1741,0,8,119266
q_proj,1741,0,8,11502
k_proj,1741,0,8,7607
v_proj,1741,0,8,7350
rope,1741,0,8,32152
attn,1741,0,8,43998
o_proj,1741,0,8,11312
post_layernorm,1741,0,8,118413
gate_proj,1741,0,8,35215
up_proj,1741,0,8,33829
act_fn,1741,0,8,9366
down_proj,1741,0,8,33207
final_layernorm,1741,0,8,119707
lm_head,1741,0,8,293606
embedding,1742,0,8,49281
input_layernorm,1742,0,8,120423
q_proj,1742,0,8,11579
k_proj,1742,0,8,7748
v_proj,1742,0,8,7403
rope,1742,0,8,32707
attn,1742,0,8,44596
o_proj,1742,0,8,11391
post_layernorm,1742,0,8,119694
gate_proj,1742,0,8,35634
up_proj,1742,0,8,33902
act_fn,1742,0,8,9371
down_proj,1742,0,8,33459
final_layernorm,1742,0,8,120696
lm_head,1742,0,8,294080
embedding,1743,0,8,48818
input_layernorm,1743,0,8,119694
q_proj,1743,0,8,11527
k_proj,1743,0,8,7660
v_proj,1743,0,8,7449
rope,1743,0,8,32324
attn,1743,0,8,44334
o_proj,1743,0,8,11343
post_layernorm,1743,0,8,118963
gate_proj,1743,0,8,35420
up_proj,1743,0,8,33859
act_fn,1743,0,8,9396
down_proj,1743,0,8,33328
final_layernorm,1743,0,8,120017
lm_head,1743,0,8,293737
embedding,1744,0,8,49730
input_layernorm,1744,0,8,120180
q_proj,1744,0,8,11621
k_proj,1744,0,8,8937
v_proj,1744,0,8,9066
rope,1744,0,8,32929
attn,1744,0,8,44647
o_proj,1744,0,8,11428
post_layernorm,1744,0,8,119707
gate_proj,1744,0,8,35831
up_proj,1744,0,8,33949
act_fn,1744,0,8,9384
down_proj,1744,0,8,33573
final_layernorm,1744,0,8,120432
lm_head,1744,0,8,294261
embedding,1745,0,8,49244
input_layernorm,1745,0,8,119984
q_proj,1745,0,8,11571
k_proj,1745,0,8,7711
v_proj,1745,0,8,7445
rope,1745,0,8,32441
attn,1745,0,8,44229
o_proj,1745,0,8,11369
post_layernorm,1745,0,8,119442
gate_proj,1745,0,8,35486
up_proj,1745,0,8,33859
act_fn,1745,0,8,9404
down_proj,1745,0,8,33346
final_layernorm,1745,0,8,120404
lm_head,1745,0,8,293878
embedding,1746,0,8,49239
input_layernorm,1746,0,8,120347
q_proj,1746,0,8,11578
k_proj,1746,0,8,7691
v_proj,1746,0,8,7446
rope,1746,0,8,32595
attn,1746,0,8,44375
o_proj,1746,0,8,11380
post_layernorm,1746,0,8,119847
gate_proj,1746,0,8,35583
up_proj,1746,0,8,33892
act_fn,1746,0,8,9385
down_proj,1746,0,8,33392
final_layernorm,1746,0,8,120768
lm_head,1746,0,8,294159
embedding,1747,0,8,49661
input_layernorm,1747,0,8,120240
q_proj,1747,0,8,11552
k_proj,1747,0,8,7667
v_proj,1747,0,8,7436
rope,1747,0,8,32403
attn,1747,0,8,44246
o_proj,1747,0,8,11364
post_layernorm,1747,0,8,119521
gate_proj,1747,0,8,35441
up_proj,1747,0,8,33855
act_fn,1747,0,8,9438
down_proj,1747,0,8,33347
final_layernorm,1747,0,8,120550
lm_head,1747,0,8,294106
embedding,1748,0,8,49258
input_layernorm,1748,0,8,120216
q_proj,1748,0,8,11521
k_proj,1748,0,8,7673
v_proj,1748,0,8,7663
rope,1748,0,8,32347
attn,1748,0,8,43877
o_proj,1748,0,8,11326
post_layernorm,1748,0,8,119316
gate_proj,1748,0,8,35331
up_proj,1748,0,8,33873
act_fn,1748,0,8,9440
down_proj,1748,0,8,33265
final_layernorm,1748,0,8,120371
lm_head,1748,0,8,293831
embedding,1749,0,8,49334
input_layernorm,1749,0,8,120015
q_proj,1749,0,8,11521
k_proj,1749,0,8,7665
v_proj,1749,0,8,7474
rope,1749,0,8,32202
attn,1749,0,8,44016
o_proj,1749,0,8,11324
post_layernorm,1749,0,8,119176
gate_proj,1749,0,8,35337
up_proj,1749,0,8,33862
act_fn,1749,0,8,9423
down_proj,1749,0,8,33296
final_layernorm,1749,0,8,120454
lm_head,1749,0,8,294031
embedding,1750,0,8,50238
input_layernorm,1750,0,8,121389
q_proj,1750,0,8,11609
k_proj,1750,0,8,7730
v_proj,1750,0,8,7449
rope,1750,0,8,32894
attn,1750,0,8,44385
o_proj,1750,0,8,11414
post_layernorm,1750,0,8,120494
gate_proj,1750,0,8,35749
up_proj,1750,0,8,33946
act_fn,1750,0,8,9430
down_proj,1750,0,8,33525
final_layernorm,1750,0,8,121367
lm_head,1750,0,8,294443
embedding,1751,0,8,50359
input_layernorm,1751,0,8,121123
q_proj,1751,0,8,11628
k_proj,1751,0,8,7783
v_proj,1751,0,8,7643
rope,1751,0,8,32930
attn,1751,0,8,44476
o_proj,1751,0,8,11433
post_layernorm,1751,0,8,120459
gate_proj,1751,0,8,35819
up_proj,1751,0,8,34001
act_fn,1751,0,8,9468
down_proj,1751,0,8,33584
final_layernorm,1751,0,8,121732
lm_head,1751,0,8,294600
embedding,1752,0,8,49525
input_layernorm,1752,0,8,120578
q_proj,1752,0,8,11554
k_proj,1752,0,8,7671
v_proj,1752,0,8,7491
rope,1752,0,8,32614
attn,1752,0,8,44042
o_proj,1752,0,8,11366
post_layernorm,1752,0,8,119822
gate_proj,1752,0,8,35495
up_proj,1752,0,8,33888
act_fn,1752,0,8,9457
down_proj,1752,0,8,33356
final_layernorm,1752,0,8,120785
lm_head,1752,0,8,294109
embedding,1753,0,8,49432
input_layernorm,1753,0,8,120421
q_proj,1753,0,8,11541
k_proj,1753,0,8,7634
v_proj,1753,0,8,7454
rope,1753,0,8,32367
attn,1753,0,8,44208
o_proj,1753,0,8,11348
post_layernorm,1753,0,8,119698
gate_proj,1753,0,8,35385
up_proj,1753,0,8,33870
act_fn,1753,0,8,9454
down_proj,1753,0,8,33270
final_layernorm,1753,0,8,120943
lm_head,1753,0,8,293970
embedding,1754,0,8,49692
input_layernorm,1754,0,8,120599
q_proj,1754,0,8,11565
k_proj,1754,0,8,7701
v_proj,1754,0,8,7465
rope,1754,0,8,32508
attn,1754,0,8,44421
o_proj,1754,0,8,11379
post_layernorm,1754,0,8,120088
gate_proj,1754,0,8,35506
up_proj,1754,0,8,33882
act_fn,1754,0,8,9508
down_proj,1754,0,8,33366
final_layernorm,1754,0,8,120895
lm_head,1754,0,8,294273
embedding,1755,0,8,49733
input_layernorm,1755,0,8,120926
q_proj,1755,0,8,11590
k_proj,1755,0,8,7741
v_proj,1755,0,8,7422
rope,1755,0,8,32694
attn,1755,0,8,44376
o_proj,1755,0,8,11399
post_layernorm,1755,0,8,120492
gate_proj,1755,0,8,35599
up_proj,1755,0,8,33923
act_fn,1755,0,8,9489
down_proj,1755,0,8,33415
final_layernorm,1755,0,8,121509
lm_head,1755,0,8,294454
embedding,1756,0,8,50325
input_layernorm,1756,0,8,121546
q_proj,1756,0,8,11601
k_proj,1756,0,8,7720
v_proj,1756,0,8,7605
rope,1756,0,8,32924
attn,1756,0,8,44404
o_proj,1756,0,8,11407
post_layernorm,1756,0,8,121017
gate_proj,1756,0,8,35660
up_proj,1756,0,8,33960
act_fn,1756,0,8,9547
down_proj,1756,0,8,33494
final_layernorm,1756,0,8,121926
lm_head,1756,0,8,294554
embedding,1757,0,8,49470
input_layernorm,1757,0,8,120417
q_proj,1757,0,8,11517
k_proj,1757,0,8,7646
v_proj,1757,0,8,7425
rope,1757,0,8,32254
attn,1757,0,8,43909
o_proj,1757,0,8,11328
post_layernorm,1757,0,8,119586
gate_proj,1757,0,8,35258
up_proj,1757,0,8,33866
act_fn,1757,0,8,9593
down_proj,1757,0,8,33234
final_layernorm,1757,0,8,120746
lm_head,1757,0,8,294143
embedding,1758,0,8,49662
input_layernorm,1758,0,8,120948
q_proj,1758,0,8,11550
k_proj,1758,0,8,7662
v_proj,1758,0,8,7473
rope,1758,0,8,32454
attn,1758,0,8,44144
o_proj,1758,0,8,11369
post_layernorm,1758,0,8,119969
gate_proj,1758,0,8,35406
up_proj,1758,0,8,33909
act_fn,1758,0,8,9580
down_proj,1758,0,8,33361
final_layernorm,1758,0,8,121175
lm_head,1758,0,8,294307
embedding,1759,0,8,49553
input_layernorm,1759,0,8,121191
q_proj,1759,0,8,11560
k_proj,1759,0,8,7694
v_proj,1759,0,8,7553
rope,1759,0,8,32551
attn,1759,0,8,44310
o_proj,1759,0,8,11381
post_layernorm,1759,0,8,120509
gate_proj,1759,0,8,35460
up_proj,1759,0,8,33931
act_fn,1759,0,8,9576
down_proj,1759,0,8,33407
final_layernorm,1759,0,8,121207
lm_head,1759,0,8,294349
embedding,1760,0,8,49618
input_layernorm,1760,0,8,120618
q_proj,1760,0,8,11527
k_proj,1760,0,8,8654
v_proj,1760,0,8,8813
rope,1760,0,8,32539
attn,1760,0,8,44210
o_proj,1760,0,8,11347
post_layernorm,1760,0,8,119721
gate_proj,1760,0,8,35342
up_proj,1760,0,8,33902
act_fn,1760,0,8,9603
down_proj,1760,0,8,33315
final_layernorm,1760,0,8,120863
lm_head,1760,0,8,294200
embedding,1761,0,8,49452
input_layernorm,1761,0,8,121496
q_proj,1761,0,8,11590
k_proj,1761,0,8,8657
v_proj,1761,0,8,8921
rope,1761,0,8,32813
attn,1761,0,8,44434
o_proj,1761,0,8,11402
post_layernorm,1761,0,8,121047
gate_proj,1761,0,8,35578
up_proj,1761,0,8,33934
act_fn,1761,0,8,9618
down_proj,1761,0,8,33436
final_layernorm,1761,0,8,121880
lm_head,1761,0,8,320241
embedding,1762,0,8,48768
input_layernorm,1762,0,8,121530
q_proj,1762,0,8,11567
k_proj,1762,0,8,8644
v_proj,1762,0,8,8856
rope,1762,0,8,32657
attn,1762,0,8,44039
o_proj,1762,0,8,11386
post_layernorm,1762,0,8,120669
gate_proj,1762,0,8,35487
up_proj,1762,0,8,33957
act_fn,1762,0,8,9583
down_proj,1762,0,8,33472
final_layernorm,1762,0,8,121714
lm_head,1762,0,8,320152
embedding,1763,0,8,49196
input_layernorm,1763,0,8,122032
q_proj,1763,0,8,11618
k_proj,1763,0,8,8723
v_proj,1763,0,8,8993
rope,1763,0,8,32993
attn,1763,0,8,44619
o_proj,1763,0,8,11429
post_layernorm,1763,0,8,121380
gate_proj,1763,0,8,35670
up_proj,1763,0,8,33952
act_fn,1763,0,8,9614
down_proj,1763,0,8,33465
final_layernorm,1763,0,8,122391
lm_head,1763,0,8,320375
embedding,1764,0,8,48935
input_layernorm,1764,0,8,121711
q_proj,1764,0,8,11591
k_proj,1764,0,8,8515
v_proj,1764,0,8,8736
rope,1764,0,8,32881
attn,1764,0,8,44478
o_proj,1764,0,8,11422
post_layernorm,1764,0,8,121123
gate_proj,1764,0,8,35653
up_proj,1764,0,8,34013
act_fn,1764,0,8,9578
down_proj,1764,0,8,33540
final_layernorm,1764,0,8,121698
lm_head,1764,0,8,320160
embedding,1765,0,8,49631
input_layernorm,1765,0,8,122187
q_proj,1765,0,8,11627
k_proj,1765,0,8,8581
v_proj,1765,0,8,8843
rope,1765,0,8,33037
attn,1765,0,8,44718
o_proj,1765,0,8,11429
post_layernorm,1765,0,8,121655
gate_proj,1765,0,8,35745
up_proj,1765,0,8,33996
act_fn,1765,0,8,9568
down_proj,1765,0,8,33570
final_layernorm,1765,0,8,122519
lm_head,1765,0,8,320274
embedding,1766,0,8,48874
input_layernorm,1766,0,8,121632
q_proj,1766,0,8,11578
k_proj,1766,0,8,8550
v_proj,1766,0,8,8795
rope,1766,0,8,32713
attn,1766,0,8,44588
o_proj,1766,0,8,11395
post_layernorm,1766,0,8,120971
gate_proj,1766,0,8,35589
up_proj,1766,0,8,33984
act_fn,1766,0,8,9641
down_proj,1766,0,8,33475
final_layernorm,1766,0,8,121862
lm_head,1766,0,8,319955
embedding,1767,0,8,49135
input_layernorm,1767,0,8,121336
q_proj,1767,0,8,11554
k_proj,1767,0,8,8500
v_proj,1767,0,8,8686
rope,1767,0,8,32475
attn,1767,0,8,43929
o_proj,1767,0,8,11367
post_layernorm,1767,0,8,120659
gate_proj,1767,0,8,35330
up_proj,1767,0,8,33928
act_fn,1767,0,8,9591
down_proj,1767,0,8,33349
final_layernorm,1767,0,8,121646
lm_head,1767,0,8,319736
embedding,1768,0,8,49587
input_layernorm,1768,0,8,121812
q_proj,1768,0,8,11574
k_proj,1768,0,8,8556
v_proj,1768,0,8,8721
rope,1768,0,8,32849
attn,1768,0,8,44317
o_proj,1768,0,8,11391
post_layernorm,1768,0,8,121151
gate_proj,1768,0,8,35472
up_proj,1768,0,8,33954
act_fn,1768,0,8,9620
down_proj,1768,0,8,33379
final_layernorm,1768,0,8,122004
lm_head,1768,0,8,319960
embedding,1769,0,8,49653
input_layernorm,1769,0,8,121903
q_proj,1769,0,8,11604
k_proj,1769,0,8,8448
v_proj,1769,0,8,8717
rope,1769,0,8,32825
attn,1769,0,8,44412
o_proj,1769,0,8,11419
post_layernorm,1769,0,8,121328
gate_proj,1769,0,8,35562
up_proj,1769,0,8,33961
act_fn,1769,0,8,9637
down_proj,1769,0,8,33468
final_layernorm,1769,0,8,122299
lm_head,1769,0,8,297667
embedding,1770,0,8,49594
input_layernorm,1770,0,8,121730
q_proj,1770,0,8,11546
k_proj,1770,0,8,8476
v_proj,1770,0,8,8750
rope,1770,0,8,32635
attn,1770,0,8,44047
o_proj,1770,0,8,11380
post_layernorm,1770,0,8,120818
gate_proj,1770,0,8,35317
up_proj,1770,0,8,33953
act_fn,1770,0,8,9617
down_proj,1770,0,8,33359
final_layernorm,1770,0,8,122069
lm_head,1770,0,8,297509
embedding,1771,0,8,49524
input_layernorm,1771,0,8,122125
q_proj,1771,0,8,11579
k_proj,1771,0,8,8554
v_proj,1771,0,8,8721
rope,1771,0,8,32811
attn,1771,0,8,44420
o_proj,1771,0,8,11402
post_layernorm,1771,0,8,121391
gate_proj,1771,0,8,35519
up_proj,1771,0,8,33971
act_fn,1771,0,8,9651
down_proj,1771,0,8,33449
final_layernorm,1771,0,8,122123
lm_head,1771,0,8,297638
embedding,1772,0,8,50496
input_layernorm,1772,0,8,122889
q_proj,1772,0,8,11620
k_proj,1772,0,8,8280
v_proj,1772,0,8,8503
rope,1772,0,8,33209
attn,1772,0,8,44716
o_proj,1772,0,8,11444
post_layernorm,1772,0,8,122026
gate_proj,1772,0,8,35645
up_proj,1772,0,8,33993
act_fn,1772,0,8,9642
down_proj,1772,0,8,33513
final_layernorm,1772,0,8,123122
lm_head,1772,0,8,297793
embedding,1773,0,8,49892
input_layernorm,1773,0,8,122871
q_proj,1773,0,8,11633
k_proj,1773,0,8,8391
v_proj,1773,0,8,8639
rope,1773,0,8,33147
attn,1773,0,8,44808
o_proj,1773,0,8,11443
post_layernorm,1773,0,8,122024
gate_proj,1773,0,8,35713
up_proj,1773,0,8,34021
act_fn,1773,0,8,9672
down_proj,1773,0,8,33580
final_layernorm,1773,0,8,123109
lm_head,1773,0,8,297968
embedding,1774,0,8,49539
input_layernorm,1774,0,8,122094
q_proj,1774,0,8,11577
k_proj,1774,0,8,8407
v_proj,1774,0,8,8636
rope,1774,0,8,32714
attn,1774,0,8,44099
o_proj,1774,0,8,11384
post_layernorm,1774,0,8,121366
gate_proj,1774,0,8,35450
up_proj,1774,0,8,33955
act_fn,1774,0,8,9667
down_proj,1774,0,8,33379
final_layernorm,1774,0,8,122280
lm_head,1774,0,8,297555
embedding,1775,0,8,49520
input_layernorm,1775,0,8,122245
q_proj,1775,0,8,11567
k_proj,1775,0,8,8299
v_proj,1775,0,8,8443
rope,1775,0,8,32643
attn,1775,0,8,44057
o_proj,1775,0,8,11384
post_layernorm,1775,0,8,121283
gate_proj,1775,0,8,35435
up_proj,1775,0,8,33975
act_fn,1775,0,8,9634
down_proj,1775,0,8,33416
final_layernorm,1775,0,8,122335
lm_head,1775,0,8,297803
embedding,1776,0,8,51068
input_layernorm,1776,0,8,123250
q_proj,1776,0,8,11713
k_proj,1776,0,8,8225
v_proj,1776,0,8,8466
rope,1776,0,8,33598
attn,1776,0,8,45285
o_proj,1776,0,8,11531
post_layernorm,1776,0,8,122561
gate_proj,1776,0,8,36101
up_proj,1776,0,8,34140
act_fn,1776,0,8,9751
down_proj,1776,0,8,33838
final_layernorm,1776,0,8,123250
lm_head,1776,0,8,311779
embedding,1777,0,8,49451
input_layernorm,1777,0,8,122819
q_proj,1777,0,8,11626
k_proj,1777,0,8,8181
v_proj,1777,0,8,8433
rope,1777,0,8,32925
attn,1777,0,8,44701
o_proj,1777,0,8,11444
post_layernorm,1777,0,8,121990
gate_proj,1777,0,8,35645
up_proj,1777,0,8,34023
act_fn,1777,0,8,9711
down_proj,1777,0,8,33549
final_layernorm,1777,0,8,122667
lm_head,1777,0,8,297918
embedding,1778,0,8,50399
input_layernorm,1778,0,8,123190
q_proj,1778,0,8,11631
k_proj,1778,0,8,8187
v_proj,1778,0,8,8442
rope,1778,0,8,33072
attn,1778,0,8,44640
o_proj,1778,0,8,11443
post_layernorm,1778,0,8,122536
gate_proj,1778,0,8,35670
up_proj,1778,0,8,34007
act_fn,1778,0,8,9699
down_proj,1778,0,8,33563
final_layernorm,1778,0,8,123520
lm_head,1778,0,8,298139
embedding,1779,0,8,50226
input_layernorm,1779,0,8,123182
q_proj,1779,0,8,11634
k_proj,1779,0,8,8235
v_proj,1779,0,8,8293
rope,1779,0,8,32988
attn,1779,0,8,44519
o_proj,1779,0,8,11442
post_layernorm,1779,0,8,122490
gate_proj,1779,0,8,35703
up_proj,1779,0,8,34022
act_fn,1779,0,8,9688
down_proj,1779,0,8,33578
final_layernorm,1779,0,8,123050
lm_head,1779,0,8,298185
embedding,1780,0,8,50325
input_layernorm,1780,0,8,123366
q_proj,1780,0,8,11631
k_proj,1780,0,8,8162
v_proj,1780,0,8,8165
rope,1780,0,8,33150
attn,1780,0,8,44253
o_proj,1780,0,8,11435
post_layernorm,1780,0,8,122649
gate_proj,1780,0,8,35652
up_proj,1780,0,8,34028
act_fn,1780,0,8,9729
down_proj,1780,0,8,33539
final_layernorm,1780,0,8,123431
lm_head,1780,0,8,298217
embedding,1781,0,8,49858
input_layernorm,1781,0,8,122839
q_proj,1781,0,8,11577
k_proj,1781,0,8,8150
v_proj,1781,0,8,8419
rope,1781,0,8,32707
attn,1781,0,8,44290
o_proj,1781,0,8,11393
post_layernorm,1781,0,8,121742
gate_proj,1781,0,8,35424
up_proj,1781,0,8,33970
act_fn,1781,0,8,9733
down_proj,1781,0,8,33384
final_layernorm,1781,0,8,122719
lm_head,1781,0,8,297981
embedding,1782,0,8,50161
input_layernorm,1782,0,8,123051
q_proj,1782,0,8,11611
k_proj,1782,0,8,8129
v_proj,1782,0,8,8304
rope,1782,0,8,32789
attn,1782,0,8,44334
o_proj,1782,0,8,11408
post_layernorm,1782,0,8,121932
gate_proj,1782,0,8,35514
up_proj,1782,0,8,33987
act_fn,1782,0,8,9747
down_proj,1782,0,8,33433
final_layernorm,1782,0,8,123088
lm_head,1782,0,8,298166
embedding,1783,0,8,50682
input_layernorm,1783,0,8,123593
q_proj,1783,0,8,11659
k_proj,1783,0,8,8157
v_proj,1783,0,8,8244
rope,1783,0,8,33076
attn,1783,0,8,44744
o_proj,1783,0,8,11455
post_layernorm,1783,0,8,122893
gate_proj,1783,0,8,35802
up_proj,1783,0,8,34059
act_fn,1783,0,8,9725
down_proj,1783,0,8,33655
final_layernorm,1783,0,8,123672
lm_head,1783,0,8,298257
embedding,1784,0,8,50513
input_layernorm,1784,0,8,122884
q_proj,1784,0,8,11594
k_proj,1784,0,8,8098
v_proj,1784,0,8,8187
rope,1784,0,8,32881
attn,1784,0,8,44238
o_proj,1784,0,8,11403
post_layernorm,1784,0,8,122122
gate_proj,1784,0,8,35493
up_proj,1784,0,8,34025
act_fn,1784,0,8,9721
down_proj,1784,0,8,33532
final_layernorm,1784,0,8,122909
lm_head,1784,0,8,298101
embedding,1785,0,8,50624
input_layernorm,1785,0,8,123513
q_proj,1785,0,8,11676
k_proj,1785,0,8,8088
v_proj,1785,0,8,8238
rope,1785,0,8,33133
attn,1785,0,8,44853
o_proj,1785,0,8,11483
post_layernorm,1785,0,8,123156
gate_proj,1785,0,8,35861
up_proj,1785,0,8,34098
act_fn,1785,0,8,9754
down_proj,1785,0,8,33698
final_layernorm,1785,0,8,123679
lm_head,1785,0,8,298467
embedding,1786,0,8,50514
input_layernorm,1786,0,8,123415
q_proj,1786,0,8,11592
k_proj,1786,0,8,8065
v_proj,1786,0,8,8252
rope,1786,0,8,32833
attn,1786,0,8,44231
o_proj,1786,0,8,11408
post_layernorm,1786,0,8,122469
gate_proj,1786,0,8,35481
up_proj,1786,0,8,34032
act_fn,1786,0,8,9741
down_proj,1786,0,8,33500
final_layernorm,1786,0,8,123434
lm_head,1786,0,8,298279
embedding,1787,0,8,50384
input_layernorm,1787,0,8,123238
q_proj,1787,0,8,11610
k_proj,1787,0,8,8085
v_proj,1787,0,8,8218
rope,1787,0,8,32935
attn,1787,0,8,44304
o_proj,1787,0,8,11403
post_layernorm,1787,0,8,122649
gate_proj,1787,0,8,35471
up_proj,1787,0,8,33992
act_fn,1787,0,8,9745
down_proj,1787,0,8,33430
final_layernorm,1787,0,8,123257
lm_head,1787,0,8,298475
embedding,1788,0,8,50525
input_layernorm,1788,0,8,123697
q_proj,1788,0,8,11635
k_proj,1788,0,8,8085
v_proj,1788,0,8,8224
rope,1788,0,8,33143
attn,1788,0,8,44665
o_proj,1788,0,8,11417
post_layernorm,1788,0,8,122974
gate_proj,1788,0,8,35619
up_proj,1788,0,8,34037
act_fn,1788,0,8,9778
down_proj,1788,0,8,33530
final_layernorm,1788,0,8,123882
lm_head,1788,0,8,298477
embedding,1789,0,8,50220
input_layernorm,1789,0,8,123382
q_proj,1789,0,8,11620
k_proj,1789,0,8,8085
v_proj,1789,0,8,8258
rope,1789,0,8,32943
attn,1789,0,8,44426
o_proj,1789,0,8,11423
post_layernorm,1789,0,8,122690
gate_proj,1789,0,8,35606
up_proj,1789,0,8,34028
act_fn,1789,0,8,9788
down_proj,1789,0,8,33532
final_layernorm,1789,0,8,123424
lm_head,1789,0,8,298452
embedding,1790,0,8,50088
input_layernorm,1790,0,8,123251
q_proj,1790,0,8,11599
k_proj,1790,0,8,8074
v_proj,1790,0,8,8198
rope,1790,0,8,32876
attn,1790,0,8,44388
o_proj,1790,0,8,11414
post_layernorm,1790,0,8,122822
gate_proj,1790,0,8,35480
up_proj,1790,0,8,34024
act_fn,1790,0,8,9751
down_proj,1790,0,8,33500
final_layernorm,1790,0,8,123464
lm_head,1790,0,8,298367
embedding,1791,0,8,50348
input_layernorm,1791,0,8,123841
q_proj,1791,0,8,11620
k_proj,1791,0,8,8058
v_proj,1791,0,8,8316
rope,1791,0,8,32973
attn,1791,0,8,44257
o_proj,1791,0,8,11412
post_layernorm,1791,0,8,122930
gate_proj,1791,0,8,35540
up_proj,1791,0,8,34025
act_fn,1791,0,8,9784
down_proj,1791,0,8,33486
final_layernorm,1791,0,8,123777
lm_head,1791,0,8,298642
embedding,1792,0,8,50860
input_layernorm,1792,0,8,123125
q_proj,1792,0,8,12746
k_proj,1792,0,8,7517
v_proj,1792,0,8,6780
rope,1792,0,8,32924
attn,1792,0,8,40863
o_proj,1792,0,8,12577
post_layernorm,1792,0,8,122453
gate_proj,1792,0,8,35505
up_proj,1792,0,8,34016
act_fn,1792,0,8,9753
down_proj,1792,0,8,37186
final_layernorm,1792,0,8,122951
lm_head,1792,0,8,311645
embedding,1793,0,8,50374
input_layernorm,1793,0,8,124296
q_proj,1793,0,8,11905
k_proj,1793,0,8,7275
v_proj,1793,0,8,6675
rope,1793,0,8,32876
attn,1793,0,8,45834
o_proj,1793,0,8,11722
post_layernorm,1793,0,8,122542
gate_proj,1793,0,8,37261
up_proj,1793,0,8,35611
act_fn,1793,0,8,9808
down_proj,1793,0,8,34437
final_layernorm,1793,0,8,123199
lm_head,1793,0,8,298605
embedding,1794,0,8,50362
input_layernorm,1794,0,8,124143
q_proj,1794,0,8,11885
k_proj,1794,0,8,7238
v_proj,1794,0,8,6653
rope,1794,0,8,32835
attn,1794,0,8,45612
o_proj,1794,0,8,11705
post_layernorm,1794,0,8,122400
gate_proj,1794,0,8,37213
up_proj,1794,0,8,35611
act_fn,1794,0,8,9825
down_proj,1794,0,8,34416
final_layernorm,1794,0,8,123072
lm_head,1794,0,8,298578
embedding,1795,0,8,50189
input_layernorm,1795,0,8,124338
q_proj,1795,0,8,11898
k_proj,1795,0,8,7254
v_proj,1795,0,8,6661
rope,1795,0,8,32905
attn,1795,0,8,45801
o_proj,1795,0,8,11712
post_layernorm,1795,0,8,122780
gate_proj,1795,0,8,37214
up_proj,1795,0,8,35635
act_fn,1795,0,8,9809
down_proj,1795,0,8,34445
final_layernorm,1795,0,8,123224
lm_head,1795,0,8,298676
embedding,1796,0,8,51084
input_layernorm,1796,0,8,125151
q_proj,1796,0,8,11970
k_proj,1796,0,8,7348
v_proj,1796,0,8,6716
rope,1796,0,8,33441
attn,1796,0,8,46384
o_proj,1796,0,8,11782
post_layernorm,1796,0,8,123677
gate_proj,1796,0,8,37633
up_proj,1796,0,8,35758
act_fn,1796,0,8,9818
down_proj,1796,0,8,34669
final_layernorm,1796,0,8,123848
lm_head,1796,0,8,299037
embedding,1797,0,8,50632
input_layernorm,1797,0,8,124678
q_proj,1797,0,8,11922
k_proj,1797,0,8,7289
v_proj,1797,0,8,6649
rope,1797,0,8,33048
attn,1797,0,8,46042
o_proj,1797,0,8,11732
post_layernorm,1797,0,8,123177
gate_proj,1797,0,8,37289
up_proj,1797,0,8,35656
act_fn,1797,0,8,9855
down_proj,1797,0,8,34484
final_layernorm,1797,0,8,123333
lm_head,1797,0,8,298861
embedding,1798,0,8,50950
input_layernorm,1798,0,8,125434
q_proj,1798,0,8,11995
k_proj,1798,0,8,7379
v_proj,1798,0,8,6765
rope,1798,0,8,33405
attn,1798,0,8,46495
o_proj,1798,0,8,11813
post_layernorm,1798,0,8,123939
gate_proj,1798,0,8,37771
up_proj,1798,0,8,35830
act_fn,1798,0,8,9820
down_proj,1798,0,8,34748
final_layernorm,1798,0,8,124163
lm_head,1798,0,8,299253
embedding,1799,0,8,50816
input_layernorm,1799,0,8,124886
q_proj,1799,0,8,11944
k_proj,1799,0,8,7315
v_proj,1799,0,8,6695
rope,1799,0,8,33137
attn,1799,0,8,46208
o_proj,1799,0,8,11772
post_layernorm,1799,0,8,123550
gate_proj,1799,0,8,37474
up_proj,1799,0,8,35743
act_fn,1799,0,8,9844
down_proj,1799,0,8,34560
final_layernorm,1799,0,8,123749
lm_head,1799,0,8,298938
embedding,1800,0,8,50911
input_layernorm,1800,0,8,125223
q_proj,1800,0,8,11972
k_proj,1800,0,8,7327
v_proj,1800,0,8,6697
rope,1800,0,8,33429
attn,1800,0,8,46303
o_proj,1800,0,8,11785
post_layernorm,1800,0,8,123650
gate_proj,1800,0,8,37624
up_proj,1800,0,8,35761
act_fn,1800,0,8,9833
down_proj,1800,0,8,34686
final_layernorm,1800,0,8,123966
lm_head,1800,0,8,299239
embedding,1801,0,8,50880
input_layernorm,1801,0,8,125780
q_proj,1801,0,8,11983
k_proj,1801,0,8,7826
v_proj,1801,0,8,7554
rope,1801,0,8,33397
attn,1801,0,8,46551
o_proj,1801,0,8,11807
post_layernorm,1801,0,8,124212
gate_proj,1801,0,8,37674
up_proj,1801,0,8,35799
act_fn,1801,0,8,9842
down_proj,1801,0,8,34752
final_layernorm,1801,0,8,124487
lm_head,1801,0,8,299271
embedding,1802,0,8,50201
input_layernorm,1802,0,8,124692
q_proj,1802,0,8,11921
k_proj,1802,0,8,7731
v_proj,1802,0,8,7463
rope,1802,0,8,32923
attn,1802,0,8,45955
o_proj,1802,0,8,11725
post_layernorm,1802,0,8,123428
gate_proj,1802,0,8,37258
up_proj,1802,0,8,35674
act_fn,1802,0,8,9935
down_proj,1802,0,8,34463
final_layernorm,1802,0,8,123796
lm_head,1802,0,8,299003
embedding,1803,0,8,50206
input_layernorm,1803,0,8,124855
q_proj,1803,0,8,11914
k_proj,1803,0,8,7689
v_proj,1803,0,8,7410
rope,1803,0,8,32911
attn,1803,0,8,45858
o_proj,1803,0,8,11706
post_layernorm,1803,0,8,123408
gate_proj,1803,0,8,37206
up_proj,1803,0,8,35625
act_fn,1803,0,8,9848
down_proj,1803,0,8,34403
final_layernorm,1803,0,8,123728
lm_head,1803,0,8,299057
embedding,1804,0,8,50112
input_layernorm,1804,0,8,124550
q_proj,1804,0,8,11882
k_proj,1804,0,8,7687
v_proj,1804,0,8,7519
rope,1804,0,8,32866
attn,1804,0,8,45466
o_proj,1804,0,8,11707
post_layernorm,1804,0,8,123119
gate_proj,1804,0,8,37148
up_proj,1804,0,8,35613
act_fn,1804,0,8,9872
down_proj,1804,0,8,34387
final_layernorm,1804,0,8,123684
lm_head,1804,0,8,299113
embedding,1805,0,8,50244
input_layernorm,1805,0,8,124828
q_proj,1805,0,8,11890
k_proj,1805,0,8,7674
v_proj,1805,0,8,7522
rope,1805,0,8,32715
attn,1805,0,8,45683
o_proj,1805,0,8,11702
post_layernorm,1805,0,8,123126
gate_proj,1805,0,8,37094
up_proj,1805,0,8,35618
act_fn,1805,0,8,9865
down_proj,1805,0,8,34368
final_layernorm,1805,0,8,123715
lm_head,1805,0,8,299078
embedding,1806,0,8,50785
input_layernorm,1806,0,8,125397
q_proj,1806,0,8,11926
k_proj,1806,0,8,7726
v_proj,1806,0,8,7555
rope,1806,0,8,33020
attn,1806,0,8,46114
o_proj,1806,0,8,11734
post_layernorm,1806,0,8,123867
gate_proj,1806,0,8,37300
up_proj,1806,0,8,35674
act_fn,1806,0,8,9895
down_proj,1806,0,8,34490
final_layernorm,1806,0,8,124106
lm_head,1806,0,8,299335
embedding,1807,0,8,51515
input_layernorm,1807,0,8,126405
q_proj,1807,0,8,12016
k_proj,1807,0,8,7798
v_proj,1807,0,8,7455
rope,1807,0,8,33553
attn,1807,0,8,46679
o_proj,1807,0,8,11828
post_layernorm,1807,0,8,124697
gate_proj,1807,0,8,37778
up_proj,1807,0,8,35864
act_fn,1807,0,8,9881
down_proj,1807,0,8,34817
final_layernorm,1807,0,8,125045
lm_head,1807,0,8,299784
embedding,1808,0,8,51415
input_layernorm,1808,0,8,126096
q_proj,1808,0,8,12584
k_proj,1808,0,8,7799
v_proj,1808,0,8,7378
rope,1808,0,8,33659
attn,1808,0,8,46584
o_proj,1808,0,8,12290
post_layernorm,1808,0,8,124482
gate_proj,1808,0,8,37615
up_proj,1808,0,8,35702
act_fn,1808,0,8,9869
down_proj,1808,0,8,36349
final_layernorm,1808,0,8,124894
lm_head,1808,0,8,300155
embedding,1809,0,8,50607
input_layernorm,1809,0,8,125689
q_proj,1809,0,8,11945
k_proj,1809,0,8,7686
v_proj,1809,0,8,7419
rope,1809,0,8,33018
attn,1809,0,8,46064
o_proj,1809,0,8,11738
post_layernorm,1809,0,8,124012
gate_proj,1809,0,8,37320
up_proj,1809,0,8,35716
act_fn,1809,0,8,9919
down_proj,1809,0,8,34510
final_layernorm,1809,0,8,124676
lm_head,1809,0,8,299373
embedding,1810,0,8,50444
input_layernorm,1810,0,8,125795
q_proj,1810,0,8,11941
k_proj,1810,0,8,7718
v_proj,1810,0,8,7461
rope,1810,0,8,33088
attn,1810,0,8,45998
o_proj,1810,0,8,11762
post_layernorm,1810,0,8,124117
gate_proj,1810,0,8,37435
up_proj,1810,0,8,35756
act_fn,1810,0,8,9894
down_proj,1810,0,8,34574
final_layernorm,1810,0,8,124511
lm_head,1810,0,8,299530
embedding,1811,0,8,51730
input_layernorm,1811,0,8,126718
q_proj,1811,0,8,12055
k_proj,1811,0,8,7863
v_proj,1811,0,8,7446
rope,1811,0,8,33765
attn,1811,0,8,46872
o_proj,1811,0,8,11879
post_layernorm,1811,0,8,125420
gate_proj,1811,0,8,37936
up_proj,1811,0,8,35981
act_fn,1811,0,8,9943
down_proj,1811,0,8,34894
final_layernorm,1811,0,8,125514
lm_head,1811,0,8,300019
embedding,1812,0,8,51249
input_layernorm,1812,0,8,126114
q_proj,1812,0,8,11990
k_proj,1812,0,8,7752
v_proj,1812,0,8,7454
rope,1812,0,8,33486
attn,1812,0,8,46606
o_proj,1812,0,8,11814
post_layernorm,1812,0,8,124829
gate_proj,1812,0,8,37689
up_proj,1812,0,8,35870
act_fn,1812,0,8,9959
down_proj,1812,0,8,34754
final_layernorm,1812,0,8,124898
lm_head,1812,0,8,299753
embedding,1813,0,8,51378
input_layernorm,1813,0,8,126230
q_proj,1813,0,8,11982
k_proj,1813,0,8,7741
v_proj,1813,0,8,7418
rope,1813,0,8,33379
attn,1813,0,8,46304
o_proj,1813,0,8,11804
post_layernorm,1813,0,8,124845
gate_proj,1813,0,8,37612
up_proj,1813,0,8,35802
act_fn,1813,0,8,9926
down_proj,1813,0,8,34682
final_layernorm,1813,0,8,125214
lm_head,1813,0,8,299857
embedding,1814,0,8,51037
input_layernorm,1814,0,8,126128
q_proj,1814,0,8,11926
k_proj,1814,0,8,7746
v_proj,1814,0,8,7445
rope,1814,0,8,33089
attn,1814,0,8,45805
o_proj,1814,0,8,11752
post_layernorm,1814,0,8,124277
gate_proj,1814,0,8,37290
up_proj,1814,0,8,35687
act_fn,1814,0,8,9938
down_proj,1814,0,8,34510
final_layernorm,1814,0,8,124774
lm_head,1814,0,8,299581
embedding,1815,0,8,51498
input_layernorm,1815,0,8,126188
q_proj,1815,0,8,11958
k_proj,1815,0,8,7712
v_proj,1815,0,8,7419
rope,1815,0,8,33143
attn,1815,0,8,46056
o_proj,1815,0,8,11765
post_layernorm,1815,0,8,124573
gate_proj,1815,0,8,37393
up_proj,1815,0,8,35715
act_fn,1815,0,8,9927
down_proj,1815,0,8,34588
final_layernorm,1815,0,8,124908
lm_head,1815,0,8,299834
embedding,1816,0,8,51300
input_layernorm,1816,0,8,125669
q_proj,1816,0,8,11949
k_proj,1816,0,8,7712
v_proj,1816,0,8,7391
rope,1816,0,8,33157
attn,1816,0,8,46021
o_proj,1816,0,8,11764
post_layernorm,1816,0,8,124110
gate_proj,1816,0,8,37336
up_proj,1816,0,8,35732
act_fn,1816,0,8,9958
down_proj,1816,0,8,34515
final_layernorm,1816,0,8,124651
lm_head,1816,0,8,299829
embedding,1817,0,8,51492
input_layernorm,1817,0,8,126353
q_proj,1817,0,8,11980
k_proj,1817,0,8,7768
v_proj,1817,0,8,7469
rope,1817,0,8,33249
attn,1817,0,8,46424
o_proj,1817,0,8,11799
post_layernorm,1817,0,8,124877
gate_proj,1817,0,8,37573
up_proj,1817,0,8,35827
act_fn,1817,0,8,9935
down_proj,1817,0,8,34674
final_layernorm,1817,0,8,125269
lm_head,1817,0,8,299921
embedding,1818,0,8,51214
input_layernorm,1818,0,8,126189
q_proj,1818,0,8,11941
k_proj,1818,0,8,7688
v_proj,1818,0,8,7402
rope,1818,0,8,33097
attn,1818,0,8,46151
o_proj,1818,0,8,11768
post_layernorm,1818,0,8,124450
gate_proj,1818,0,8,37346
up_proj,1818,0,8,35716
act_fn,1818,0,8,9959
down_proj,1818,0,8,34522
final_layernorm,1818,0,8,124949
lm_head,1818,0,8,299687
embedding,1819,0,8,51614
input_layernorm,1819,0,8,126486
q_proj,1819,0,8,11982
k_proj,1819,0,8,7736
v_proj,1819,0,8,7432
rope,1819,0,8,33365
attn,1819,0,8,46132
o_proj,1819,0,8,11803
post_layernorm,1819,0,8,125062
gate_proj,1819,0,8,37570
up_proj,1819,0,8,35761
act_fn,1819,0,8,9962
down_proj,1819,0,8,34648
final_layernorm,1819,0,8,125521
lm_head,1819,0,8,299868
embedding,1820,0,8,50876
input_layernorm,1820,0,8,126100
q_proj,1820,0,8,11932
k_proj,1820,0,8,7708
v_proj,1820,0,8,7455
rope,1820,0,8,33123
attn,1820,0,8,46149
o_proj,1820,0,8,11766
post_layernorm,1820,0,8,124603
gate_proj,1820,0,8,37300
up_proj,1820,0,8,35704
act_fn,1820,0,8,9992
down_proj,1820,0,8,34496
final_layernorm,1820,0,8,125068
lm_head,1820,0,8,299660
embedding,1821,0,8,50960
input_layernorm,1821,0,8,126070
q_proj,1821,0,8,11917
k_proj,1821,0,8,7667
v_proj,1821,0,8,7391
rope,1821,0,8,32879
attn,1821,0,8,45910
o_proj,1821,0,8,11695
post_layernorm,1821,0,8,123794
gate_proj,1821,0,8,37172
up_proj,1821,0,8,35684
act_fn,1821,0,8,9946
down_proj,1821,0,8,34450
final_layernorm,1821,0,8,124559
lm_head,1821,0,8,299713
embedding,1822,0,8,50804
input_layernorm,1822,0,8,126296
q_proj,1822,0,8,11934
k_proj,1822,0,8,7711
v_proj,1822,0,8,7461
rope,1822,0,8,33081
attn,1822,0,8,45970
o_proj,1822,0,8,11739
post_layernorm,1822,0,8,123993
gate_proj,1822,0,8,37332
up_proj,1822,0,8,35717
act_fn,1822,0,8,9974
down_proj,1822,0,8,34571
final_layernorm,1822,0,8,124933
lm_head,1822,0,8,299830
embedding,1823,0,8,51654
input_layernorm,1823,0,8,126695
q_proj,1823,0,8,11985
k_proj,1823,0,8,7724
v_proj,1823,0,8,7471
rope,1823,0,8,33416
attn,1823,0,8,46102
o_proj,1823,0,8,11782
post_layernorm,1823,0,8,124973
gate_proj,1823,0,8,37548
up_proj,1823,0,8,35781
act_fn,1823,0,8,10022
down_proj,1823,0,8,34655
final_layernorm,1823,0,8,125522
lm_head,1823,0,8,300193
embedding,1824,0,8,51597
input_layernorm,1824,0,8,126686
q_proj,1824,0,8,12558
k_proj,1824,0,8,7719
v_proj,1824,0,8,7291
rope,1824,0,8,33543
attn,1824,0,8,46207
o_proj,1824,0,8,12213
post_layernorm,1824,0,8,124749
gate_proj,1824,0,8,39460
up_proj,1824,0,8,37476
act_fn,1824,0,8,9894
down_proj,1824,0,8,36172
final_layernorm,1824,0,8,125517
lm_head,1824,0,8,314720
embedding,1825,0,8,51577
input_layernorm,1825,0,8,127533
q_proj,1825,0,8,12027
k_proj,1825,0,8,8743
v_proj,1825,0,8,9283
rope,1825,0,8,33762
attn,1825,0,8,46435
o_proj,1825,0,8,11814
post_layernorm,1825,0,8,125458
gate_proj,1825,0,8,37805
up_proj,1825,0,8,35893
act_fn,1825,0,8,10003
down_proj,1825,0,8,34824
final_layernorm,1825,0,8,126258
lm_head,1825,0,8,320828
embedding,1826,0,8,50873
input_layernorm,1826,0,8,126598
q_proj,1826,0,8,11950
k_proj,1826,0,8,8833
v_proj,1826,0,8,9122
rope,1826,0,8,33245
attn,1826,0,8,45821
o_proj,1826,0,8,11733
post_layernorm,1826,0,8,124692
gate_proj,1826,0,8,37360
up_proj,1826,0,8,35763
act_fn,1826,0,8,10025
down_proj,1826,0,8,34547
final_layernorm,1826,0,8,125556
lm_head,1826,0,8,320742
embedding,1827,0,8,51353
input_layernorm,1827,0,8,126397
q_proj,1827,0,8,11917
k_proj,1827,0,8,9079
v_proj,1827,0,8,9323
rope,1827,0,8,33099
attn,1827,0,8,45933
o_proj,1827,0,8,11722
post_layernorm,1827,0,8,124319
gate_proj,1827,0,8,37223
up_proj,1827,0,8,35690
act_fn,1827,0,8,10016
down_proj,1827,0,8,34450
final_layernorm,1827,0,8,125409
lm_head,1827,0,8,320190
embedding,1828,0,8,50844
input_layernorm,1828,0,8,126972
q_proj,1828,0,8,11966
k_proj,1828,0,8,8810
v_proj,1828,0,8,9222
rope,1828,0,8,33399
attn,1828,0,8,45824
o_proj,1828,0,8,11756
post_layernorm,1828,0,8,125058
gate_proj,1828,0,8,37460
up_proj,1828,0,8,35804
act_fn,1828,0,8,10003
down_proj,1828,0,8,34651
final_layernorm,1828,0,8,125940
lm_head,1828,0,8,320592
embedding,1829,0,8,50838
input_layernorm,1829,0,8,126611
q_proj,1829,0,8,11935
k_proj,1829,0,8,8884
v_proj,1829,0,8,9270
rope,1829,0,8,33125
attn,1829,0,8,45885
o_proj,1829,0,8,11739
post_layernorm,1829,0,8,124680
gate_proj,1829,0,8,37308
up_proj,1829,0,8,35738
act_fn,1829,0,8,10025
down_proj,1829,0,8,34550
final_layernorm,1829,0,8,125638
lm_head,1829,0,8,320549
embedding,1830,0,8,50812
input_layernorm,1830,0,8,127411
q_proj,1830,0,8,11981
k_proj,1830,0,8,8881
v_proj,1830,0,8,9105
rope,1830,0,8,33381
attn,1830,0,8,45987
o_proj,1830,0,8,11774
post_layernorm,1830,0,8,125299
gate_proj,1830,0,8,37460
up_proj,1830,0,8,35803
act_fn,1830,0,8,10027
down_proj,1830,0,8,34600
final_layernorm,1830,0,8,126082
lm_head,1830,0,8,320439
embedding,1831,0,8,50819
input_layernorm,1831,0,8,127289
q_proj,1831,0,8,11964
k_proj,1831,0,8,8754
v_proj,1831,0,8,9175
rope,1831,0,8,33361
attn,1831,0,8,46023
o_proj,1831,0,8,11750
post_layernorm,1831,0,8,125199
gate_proj,1831,0,8,37388
up_proj,1831,0,8,35793
act_fn,1831,0,8,10055
down_proj,1831,0,8,34599
final_layernorm,1831,0,8,126429
lm_head,1831,0,8,320554
embedding,1832,0,8,51888
input_layernorm,1832,0,8,127648
q_proj,1832,0,8,12022
k_proj,1832,0,8,8679
v_proj,1832,0,8,9033
rope,1832,0,8,33884
attn,1832,0,8,46316
o_proj,1832,0,8,11819
post_layernorm,1832,0,8,125859
gate_proj,1832,0,8,37762
up_proj,1832,0,8,35876
act_fn,1832,0,8,10054
down_proj,1832,0,8,34820
final_layernorm,1832,0,8,126411
lm_head,1832,0,8,320659
embedding,1833,0,8,51016
input_layernorm,1833,0,8,126898
q_proj,1833,0,8,11965
k_proj,1833,0,8,8663
v_proj,1833,0,8,9138
rope,1833,0,8,33297
attn,1833,0,8,46019
o_proj,1833,0,8,11757
post_layernorm,1833,0,8,124977
gate_proj,1833,0,8,37407
up_proj,1833,0,8,35783
act_fn,1833,0,8,10026
down_proj,1833,0,8,34572
final_layernorm,1833,0,8,126022
lm_head,1833,0,8,320462
embedding,1834,0,8,50901
input_layernorm,1834,0,8,127142
q_proj,1834,0,8,11956
k_proj,1834,0,8,8751
v_proj,1834,0,8,8946
rope,1834,0,8,33255
attn,1834,0,8,45983
o_proj,1834,0,8,11739
post_layernorm,1834,0,8,125167
gate_proj,1834,0,8,37334
up_proj,1834,0,8,35774
act_fn,1834,0,8,10075
down_proj,1834,0,8,34554
final_layernorm,1834,0,8,126024
lm_head,1834,0,8,320380
embedding,1835,0,8,50992
input_layernorm,1835,0,8,126874
q_proj,1835,0,8,11940
k_proj,1835,0,8,8791
v_proj,1835,0,8,8943
rope,1835,0,8,33147
attn,1835,0,8,45855
o_proj,1835,0,8,11716
post_layernorm,1835,0,8,124694
gate_proj,1835,0,8,37233
up_proj,1835,0,8,35739
act_fn,1835,0,8,10014
down_proj,1835,0,8,34541
final_layernorm,1835,0,8,126163
lm_head,1835,0,8,319760
embedding,1836,0,8,50966
input_layernorm,1836,0,8,127125
q_proj,1836,0,8,11932
k_proj,1836,0,8,8710
v_proj,1836,0,8,8909
rope,1836,0,8,33318
attn,1836,0,8,45767
o_proj,1836,0,8,11732
post_layernorm,1836,0,8,125010
gate_proj,1836,0,8,37212
up_proj,1836,0,8,35731
act_fn,1836,0,8,10117
down_proj,1836,0,8,34558
final_layernorm,1836,0,8,125968
lm_head,1836,0,8,319985
embedding,1837,0,8,51385
input_layernorm,1837,0,8,127677
q_proj,1837,0,8,11982
k_proj,1837,0,8,8583
v_proj,1837,0,8,9026
rope,1837,0,8,33468
attn,1837,0,8,46024
o_proj,1837,0,8,11765
post_layernorm,1837,0,8,125702
gate_proj,1837,0,8,37433
up_proj,1837,0,8,35815
act_fn,1837,0,8,10080
down_proj,1837,0,8,34635
final_layernorm,1837,0,8,126606
lm_head,1837,0,8,320683
embedding,1838,0,8,51520
input_layernorm,1838,0,8,128225
q_proj,1838,0,8,12059
k_proj,1838,0,8,8653
v_proj,1838,0,8,8762
rope,1838,0,8,33952
attn,1838,0,8,47038
o_proj,1838,0,8,11860
post_layernorm,1838,0,8,126476
gate_proj,1838,0,8,37898
up_proj,1838,0,8,35974
act_fn,1838,0,8,10081
down_proj,1838,0,8,34917
final_layernorm,1838,0,8,127556
lm_head,1838,0,8,320689
embedding,1839,0,8,51779
input_layernorm,1839,0,8,128154
q_proj,1839,0,8,12044
k_proj,1839,0,8,8475
v_proj,1839,0,8,8693
rope,1839,0,8,33848
attn,1839,0,8,46197
o_proj,1839,0,8,11834
post_layernorm,1839,0,8,126432
gate_proj,1839,0,8,37789
up_proj,1839,0,8,35946
act_fn,1839,0,8,10135
down_proj,1839,0,8,34873
final_layernorm,1839,0,8,127270
lm_head,1839,0,8,320874
embedding,1840,0,8,51692
input_layernorm,1840,0,8,128236
q_proj,1840,0,8,12641
k_proj,1840,0,8,8901
v_proj,1840,0,8,8804
rope,1840,0,8,34019
attn,1840,0,8,46452
o_proj,1840,0,8,12312
post_layernorm,1840,0,8,126512
gate_proj,1840,0,8,37714
up_proj,1840,0,8,35819
act_fn,1840,0,8,10118
down_proj,1840,0,8,36450
final_layernorm,1840,0,8,127337
lm_head,1840,0,8,320786
embedding,1841,0,8,51254
input_layernorm,1841,0,8,128161
q_proj,1841,0,8,11979
k_proj,1841,0,8,8543
v_proj,1841,0,8,8271
rope,1841,0,8,33456
attn,1841,0,8,45795
o_proj,1841,0,8,11763
post_layernorm,1841,0,8,126049
gate_proj,1841,0,8,37393
up_proj,1841,0,8,35834
act_fn,1841,0,8,10128
down_proj,1841,0,8,34624
final_layernorm,1841,0,8,127121
lm_head,1841,0,8,320334
embedding,1842,0,8,51404
input_layernorm,1842,0,8,128639
q_proj,1842,0,8,12032
k_proj,1842,0,8,8440
v_proj,1842,0,8,8480
rope,1842,0,8,33699
attn,1842,0,8,46133
o_proj,1842,0,8,11821
post_layernorm,1842,0,8,126636
gate_proj,1842,0,8,37708
up_proj,1842,0,8,35895
act_fn,1842,0,8,10128
down_proj,1842,0,8,34837
final_layernorm,1842,0,8,127349
lm_head,1842,0,8,320562
embedding,1843,0,8,50661
input_layernorm,1843,0,8,127608
q_proj,1843,0,8,11962
k_proj,1843,0,8,8570
v_proj,1843,0,8,8580
rope,1843,0,8,33290
attn,1843,0,8,45933
o_proj,1843,0,8,11761
post_layernorm,1843,0,8,125788
gate_proj,1843,0,8,37381
up_proj,1843,0,8,35807
act_fn,1843,0,8,10157
down_proj,1843,0,8,34615
final_layernorm,1843,0,8,126975
lm_head,1843,0,8,320198
embedding,1844,0,8,50802
input_layernorm,1844,0,8,127639
q_proj,1844,0,8,11962
k_proj,1844,0,8,8480
v_proj,1844,0,8,8716
rope,1844,0,8,33380
attn,1844,0,8,45944
o_proj,1844,0,8,11768
post_layernorm,1844,0,8,125608
gate_proj,1844,0,8,37312
up_proj,1844,0,8,35810
act_fn,1844,0,8,10159
down_proj,1844,0,8,34570
final_layernorm,1844,0,8,126874
lm_head,1844,0,8,320314
embedding,1845,0,8,51280
input_layernorm,1845,0,8,128198
q_proj,1845,0,8,11996
k_proj,1845,0,8,8381
v_proj,1845,0,8,8315
rope,1845,0,8,33475
attn,1845,0,8,45817
o_proj,1845,0,8,11786
post_layernorm,1845,0,8,126116
gate_proj,1845,0,8,37447
up_proj,1845,0,8,35840
act_fn,1845,0,8,10141
down_proj,1845,0,8,34671
final_layernorm,1845,0,8,127235
lm_head,1845,0,8,320699
embedding,1846,0,8,51308
input_layernorm,1846,0,8,127825
q_proj,1846,0,8,11963
k_proj,1846,0,8,8542
v_proj,1846,0,8,8636
rope,1846,0,8,33264
attn,1846,0,8,45812
o_proj,1846,0,8,11757
post_layernorm,1846,0,8,125967
gate_proj,1846,0,8,37349
up_proj,1846,0,8,35785
act_fn,1846,0,8,10185
down_proj,1846,0,8,34636
final_layernorm,1846,0,8,127094
lm_head,1846,0,8,320541
embedding,1847,0,8,51882
input_layernorm,1847,0,8,127838
q_proj,1847,0,8,11963
k_proj,1847,0,8,8473
v_proj,1847,0,8,8265
rope,1847,0,8,33244
attn,1847,0,8,45816
o_proj,1847,0,8,11752
post_layernorm,1847,0,8,125942
gate_proj,1847,0,8,37305
up_proj,1847,0,8,35790
act_fn,1847,0,8,10132
down_proj,1847,0,8,34600
final_layernorm,1847,0,8,127283
lm_head,1847,0,8,320409
embedding,1848,0,8,52217
input_layernorm,1848,0,8,128950
q_proj,1848,0,8,12047
k_proj,1848,0,8,8483
v_proj,1848,0,8,8147
rope,1848,0,8,34031
attn,1848,0,8,46428
o_proj,1848,0,8,11839
post_layernorm,1848,0,8,126780
gate_proj,1848,0,8,37773
up_proj,1848,0,8,35939
act_fn,1848,0,8,10169
down_proj,1848,0,8,34844
final_layernorm,1848,0,8,127907
lm_head,1848,0,8,320982
embedding,1849,0,8,51554
input_layernorm,1849,0,8,128246
q_proj,1849,0,8,12010
k_proj,1849,0,8,7739
v_proj,1849,0,8,7330
rope,1849,0,8,33444
attn,1849,0,8,45965
o_proj,1849,0,8,11796
post_layernorm,1849,0,8,126436
gate_proj,1849,0,8,37456
up_proj,1849,0,8,35851
act_fn,1849,0,8,10206
down_proj,1849,0,8,34673
final_layernorm,1849,0,8,127502
lm_head,1849,0,8,320472
embedding,1850,0,8,51716
input_layernorm,1850,0,8,128547
q_proj,1850,0,8,12007
k_proj,1850,0,8,7717
v_proj,1850,0,8,7353
rope,1850,0,8,33487
attn,1850,0,8,46135
o_proj,1850,0,8,11790
post_layernorm,1850,0,8,126700
gate_proj,1850,0,8,37508
up_proj,1850,0,8,35874
act_fn,1850,0,8,10181
down_proj,1850,0,8,34705
final_layernorm,1850,0,8,127816
lm_head,1850,0,8,320509
embedding,1851,0,8,52080
input_layernorm,1851,0,8,128994
q_proj,1851,0,8,12028
k_proj,1851,0,8,7724
v_proj,1851,0,8,7389
rope,1851,0,8,33789
attn,1851,0,8,46263
o_proj,1851,0,8,11814
post_layernorm,1851,0,8,127083
gate_proj,1851,0,8,37611
up_proj,1851,0,8,35907
act_fn,1851,0,8,10240
down_proj,1851,0,8,34782
final_layernorm,1851,0,8,128019
lm_head,1851,0,8,321072
embedding,1852,0,8,52055
input_layernorm,1852,0,8,128887
q_proj,1852,0,8,12020
k_proj,1852,0,8,7773
v_proj,1852,0,8,7389
rope,1852,0,8,33831
attn,1852,0,8,46191
o_proj,1852,0,8,11805
post_layernorm,1852,0,8,127020
gate_proj,1852,0,8,37553
up_proj,1852,0,8,35912
act_fn,1852,0,8,10198
down_proj,1852,0,8,34756
final_layernorm,1852,0,8,127870
lm_head,1852,0,8,320602
embedding,1853,0,8,52153
input_layernorm,1853,0,8,129207
q_proj,1853,0,8,12025
k_proj,1853,0,8,7741
v_proj,1853,0,8,7355
rope,1853,0,8,33695
attn,1853,0,8,46138
o_proj,1853,0,8,11812
post_layernorm,1853,0,8,126851
gate_proj,1853,0,8,37565
up_proj,1853,0,8,35878
act_fn,1853,0,8,10214
down_proj,1853,0,8,34744
final_layernorm,1853,0,8,128125
lm_head,1853,0,8,320667
embedding,1854,0,8,51490
input_layernorm,1854,0,8,128282
q_proj,1854,0,8,11962
k_proj,1854,0,8,7690
v_proj,1854,0,8,7346
rope,1854,0,8,33267
attn,1854,0,8,46241
o_proj,1854,0,8,11746
post_layernorm,1854,0,8,126094
gate_proj,1854,0,8,37270
up_proj,1854,0,8,35802
act_fn,1854,0,8,10278
down_proj,1854,0,8,34597
final_layernorm,1854,0,8,127379
lm_head,1854,0,8,320181
embedding,1855,0,8,51717
input_layernorm,1855,0,8,128191
q_proj,1855,0,8,11982
k_proj,1855,0,8,7700
v_proj,1855,0,8,7380
rope,1855,0,8,33454
attn,1855,0,8,45830
o_proj,1855,0,8,11772
post_layernorm,1855,0,8,126534
gate_proj,1855,0,8,37369
up_proj,1855,0,8,35836
act_fn,1855,0,8,10245
down_proj,1855,0,8,34622
final_layernorm,1855,0,8,127809
lm_head,1855,0,8,320386
embedding,1856,0,8,52901
input_layernorm,1856,0,8,129386
q_proj,1856,0,8,13090
k_proj,1856,0,8,7822
v_proj,1856,0,8,7390
rope,1856,0,8,34269
attn,1856,0,8,46394
o_proj,1856,0,8,12858
post_layernorm,1856,0,8,127940
gate_proj,1856,0,8,39774
up_proj,1856,0,8,37716
act_fn,1856,0,8,10184
down_proj,1856,0,8,38381
final_layernorm,1856,0,8,128433
lm_head,1856,0,8,319401
embedding,1857,0,8,51962
input_layernorm,1857,0,8,129084
q_proj,1857,0,8,12580
k_proj,1857,0,8,7760
v_proj,1857,0,8,7268
rope,1857,0,8,33681
attn,1857,0,8,47815
o_proj,1857,0,8,12057
post_layernorm,1857,0,8,127522
gate_proj,1857,0,8,37525
up_proj,1857,0,8,35895
act_fn,1857,0,8,10264
down_proj,1857,0,8,35611
final_layernorm,1857,0,8,128299
lm_head,1857,0,8,320685
embedding,1858,0,8,51579
input_layernorm,1858,0,8,128786
q_proj,1858,0,8,12562
k_proj,1858,0,8,7711
v_proj,1858,0,8,7242
rope,1858,0,8,33511
attn,1858,0,8,47696
o_proj,1858,0,8,12040
post_layernorm,1858,0,8,127076
gate_proj,1858,0,8,37435
up_proj,1858,0,8,35867
act_fn,1858,0,8,10270
down_proj,1858,0,8,35611
final_layernorm,1858,0,8,128349
lm_head,1858,0,8,320490
embedding,1859,0,8,51862
input_layernorm,1859,0,8,128607
q_proj,1859,0,8,12553
k_proj,1859,0,8,7676
v_proj,1859,0,8,7235
rope,1859,0,8,33373
attn,1859,0,8,46155
o_proj,1859,0,8,12026
post_layernorm,1859,0,8,126754
gate_proj,1859,0,8,37363
up_proj,1859,0,8,35867
act_fn,1859,0,8,10292
down_proj,1859,0,8,35532
final_layernorm,1859,0,8,128099
lm_head,1859,0,8,320232
embedding,1860,0,8,51357
input_layernorm,1860,0,8,128721
q_proj,1860,0,8,12537
k_proj,1860,0,8,7672
v_proj,1860,0,8,7242
rope,1860,0,8,33529
attn,1860,0,8,45017
o_proj,1860,0,8,12019
post_layernorm,1860,0,8,126616
gate_proj,1860,0,8,37326
up_proj,1860,0,8,35827
act_fn,1860,0,8,10310
down_proj,1860,0,8,35490
final_layernorm,1860,0,8,127916
lm_head,1860,0,8,320324
embedding,1861,0,8,52485
input_layernorm,1861,0,8,129897
q_proj,1861,0,8,12647
k_proj,1861,0,8,7783
v_proj,1861,0,8,7316
rope,1861,0,8,34017
attn,1861,0,8,47341
o_proj,1861,0,8,12127
post_layernorm,1861,0,8,128134
gate_proj,1861,0,8,37873
up_proj,1861,0,8,36031
act_fn,1861,0,8,10311
down_proj,1861,0,8,35852
final_layernorm,1861,0,8,129090
lm_head,1861,0,8,320931
embedding,1862,0,8,52316
input_layernorm,1862,0,8,129517
q_proj,1862,0,8,12579
k_proj,1862,0,8,7654
v_proj,1862,0,8,7251
rope,1862,0,8,33683
attn,1862,0,8,47191
o_proj,1862,0,8,12067
post_layernorm,1862,0,8,127642
gate_proj,1862,0,8,37440
up_proj,1862,0,8,35884
act_fn,1862,0,8,10320
down_proj,1862,0,8,35577
final_layernorm,1862,0,8,128903
lm_head,1862,0,8,320628
embedding,1863,0,8,51891
input_layernorm,1863,0,8,129264
q_proj,1863,0,8,12582
k_proj,1863,0,8,7712
v_proj,1863,0,8,7254
rope,1863,0,8,33536
attn,1863,0,8,46966
o_proj,1863,0,8,12055
post_layernorm,1863,0,8,127260
gate_proj,1863,0,8,37443
up_proj,1863,0,8,35913
act_fn,1863,0,8,10319
down_proj,1863,0,8,35624
final_layernorm,1863,0,8,128719
lm_head,1863,0,8,320449
embedding,1864,0,8,52267
input_layernorm,1864,0,8,129540
q_proj,1864,0,8,12620
k_proj,1864,0,8,7747
v_proj,1864,0,8,7272
rope,1864,0,8,33983
attn,1864,0,8,47037
o_proj,1864,0,8,12110
post_layernorm,1864,0,8,127774
gate_proj,1864,0,8,37623
up_proj,1864,0,8,35943
act_fn,1864,0,8,10337
down_proj,1864,0,8,35717
final_layernorm,1864,0,8,128854
lm_head,1864,0,8,320798
embedding,1865,0,8,51939
input_layernorm,1865,0,8,129457
q_proj,1865,0,8,12586
k_proj,1865,0,8,7766
v_proj,1865,0,8,7266
rope,1865,0,8,33672
attn,1865,0,8,47885
o_proj,1865,0,8,12069
post_layernorm,1865,0,8,127469
gate_proj,1865,0,8,37510
up_proj,1865,0,8,35928
act_fn,1865,0,8,10353
down_proj,1865,0,8,35603
final_layernorm,1865,0,8,128826
lm_head,1865,0,8,320602
embedding,1866,0,8,51544
input_layernorm,1866,0,8,129611
q_proj,1866,0,8,12585
k_proj,1866,0,8,7734
v_proj,1866,0,8,7279
rope,1866,0,8,33742
attn,1866,0,8,47861
o_proj,1866,0,8,12070
post_layernorm,1866,0,8,127575
gate_proj,1866,0,8,37524
up_proj,1866,0,8,35939
act_fn,1866,0,8,10327
down_proj,1866,0,8,35601
final_layernorm,1866,0,8,128733
lm_head,1866,0,8,320611
embedding,1867,0,8,51718
input_layernorm,1867,0,8,129342
q_proj,1867,0,8,12565
k_proj,1867,0,8,7707
v_proj,1867,0,8,7274
rope,1867,0,8,33654
attn,1867,0,8,47665
o_proj,1867,0,8,12058
post_layernorm,1867,0,8,127554
gate_proj,1867,0,8,37490
up_proj,1867,0,8,35932
act_fn,1867,0,8,10355
down_proj,1867,0,8,35615
final_layernorm,1867,0,8,128754
lm_head,1867,0,8,320484
embedding,1868,0,8,52261
input_layernorm,1868,0,8,130018
q_proj,1868,0,8,12627
k_proj,1868,0,8,7752
v_proj,1868,0,8,7299
rope,1868,0,8,34063
attn,1868,0,8,48034
o_proj,1868,0,8,12122
post_layernorm,1868,0,8,128442
gate_proj,1868,0,8,37685
up_proj,1868,0,8,35989
act_fn,1868,0,8,10359
down_proj,1868,0,8,35781
final_layernorm,1868,0,8,129629
lm_head,1868,0,8,320890
embedding,1869,0,8,52433
input_layernorm,1869,0,8,130057
q_proj,1869,0,8,12616
k_proj,1869,0,8,7792
v_proj,1869,0,8,7297
rope,1869,0,8,33995
attn,1869,0,8,46580
o_proj,1869,0,8,12098
post_layernorm,1869,0,8,128125
gate_proj,1869,0,8,37647
up_proj,1869,0,8,35979
act_fn,1869,0,8,10386
down_proj,1869,0,8,35707
final_layernorm,1869,0,8,129546
lm_head,1869,0,8,320868
embedding,1870,0,8,52591
input_layernorm,1870,0,8,130601
q_proj,1870,0,8,12682
k_proj,1870,0,8,7848
v_proj,1870,0,8,7307
rope,1870,0,8,34370
attn,1870,0,8,47044
o_proj,1870,0,8,12154
post_layernorm,1870,0,8,128905
gate_proj,1870,0,8,37908
up_proj,1870,0,8,36088
act_fn,1870,0,8,10394
down_proj,1870,0,8,35910
final_layernorm,1870,0,8,129940
lm_head,1870,0,8,321037
embedding,1871,0,8,51628
input_layernorm,1871,0,8,129766
q_proj,1871,0,8,12574
k_proj,1871,0,8,7713
v_proj,1871,0,8,7277
rope,1871,0,8,33733
attn,1871,0,8,45627
o_proj,1871,0,8,12065
post_layernorm,1871,0,8,127720
gate_proj,1871,0,8,37464
up_proj,1871,0,8,35938
act_fn,1871,0,8,10388
down_proj,1871,0,8,35600
final_layernorm,1871,0,8,129337
lm_head,1871,0,8,320546
embedding,1872,0,8,51684
input_layernorm,1872,0,8,129546
q_proj,1872,0,8,12577
k_proj,1872,0,8,9093
v_proj,1872,0,8,9120
rope,1872,0,8,33874
attn,1872,0,8,45868
o_proj,1872,0,8,12266
post_layernorm,1872,0,8,127893
gate_proj,1872,0,8,37193
up_proj,1872,0,8,35744
act_fn,1872,0,8,10340
down_proj,1872,0,8,36184
final_layernorm,1872,0,8,129503
lm_head,1872,0,8,320592
embedding,1873,0,8,52702
input_layernorm,1873,0,8,130702
q_proj,1873,0,8,12659
k_proj,1873,0,8,9211
v_proj,1873,0,8,9064
rope,1873,0,8,34283
attn,1873,0,8,47622
o_proj,1873,0,8,12315
post_layernorm,1873,0,8,129213
gate_proj,1873,0,8,37775
up_proj,1873,0,8,36033
act_fn,1873,0,8,10419
down_proj,1873,0,8,36422
final_layernorm,1873,0,8,130355
lm_head,1873,0,8,316907
embedding,1874,0,8,52166
input_layernorm,1874,0,8,130164
q_proj,1874,0,8,12606
k_proj,1874,0,8,9185
v_proj,1874,0,8,9064
rope,1874,0,8,33776
attn,1874,0,8,47171
o_proj,1874,0,8,12262
post_layernorm,1874,0,8,128357
gate_proj,1874,0,8,37481
up_proj,1874,0,8,35945
act_fn,1874,0,8,10421
down_proj,1874,0,8,36266
final_layernorm,1874,0,8,129671
lm_head,1874,0,8,316628
embedding,1875,0,8,51692
input_layernorm,1875,0,8,130249
q_proj,1875,0,8,12574
k_proj,1875,0,8,9101
v_proj,1875,0,8,8942
rope,1875,0,8,33648
attn,1875,0,8,46825
o_proj,1875,0,8,12258
post_layernorm,1875,0,8,128028
gate_proj,1875,0,8,37337
up_proj,1875,0,8,35906
act_fn,1875,0,8,10421
down_proj,1875,0,8,36192
final_layernorm,1875,0,8,129416
lm_head,1875,0,8,316403
embedding,1876,0,8,51840
input_layernorm,1876,0,8,130160
q_proj,1876,0,8,12594
k_proj,1876,0,8,9235
v_proj,1876,0,8,9125
rope,1876,0,8,33909
attn,1876,0,8,47080
o_proj,1876,0,8,12266
post_layernorm,1876,0,8,128675
gate_proj,1876,0,8,37452
up_proj,1876,0,8,35948
act_fn,1876,0,8,10429
down_proj,1876,0,8,36227
final_layernorm,1876,0,8,129847
lm_head,1876,0,8,316629
embedding,1877,0,8,52893
input_layernorm,1877,0,8,131013
q_proj,1877,0,8,12655
k_proj,1877,0,8,9162
v_proj,1877,0,8,9009
rope,1877,0,8,34265
attn,1877,0,8,47470
o_proj,1877,0,8,12311
post_layernorm,1877,0,8,129207
gate_proj,1877,0,8,37676
up_proj,1877,0,8,36017
act_fn,1877,0,8,10464
down_proj,1877,0,8,36396
final_layernorm,1877,0,8,130551
lm_head,1877,0,8,316861
embedding,1878,0,8,53425
input_layernorm,1878,0,8,131551
q_proj,1878,0,8,12686
k_proj,1878,0,8,9106
v_proj,1878,0,8,9074
rope,1878,0,8,34478
attn,1878,0,8,47766
o_proj,1878,0,8,12332
post_layernorm,1878,0,8,129939
gate_proj,1878,0,8,37791
up_proj,1878,0,8,36064
act_fn,1878,0,8,10469
down_proj,1878,0,8,36467
final_layernorm,1878,0,8,130964
lm_head,1878,0,8,317029
embedding,1879,0,8,53185
input_layernorm,1879,0,8,131653
q_proj,1879,0,8,12696
k_proj,1879,0,8,9207
v_proj,1879,0,8,9019
rope,1879,0,8,34515
attn,1879,0,8,47845
o_proj,1879,0,8,12365
post_layernorm,1879,0,8,129970
gate_proj,1879,0,8,37912
up_proj,1879,0,8,36105
act_fn,1879,0,8,10412
down_proj,1879,0,8,36531
final_layernorm,1879,0,8,131265
lm_head,1879,0,8,317304
embedding,1880,0,8,52536
input_layernorm,1880,0,8,130471
q_proj,1880,0,8,12590
k_proj,1880,0,8,9074
v_proj,1880,0,8,9009
rope,1880,0,8,33921
attn,1880,0,8,46919
o_proj,1880,0,8,12281
post_layernorm,1880,0,8,128434
gate_proj,1880,0,8,37488
up_proj,1880,0,8,36000
act_fn,1880,0,8,10476
down_proj,1880,0,8,36311
final_layernorm,1880,0,8,129807
lm_head,1880,0,8,316745
embedding,1881,0,8,52589
input_layernorm,1881,0,8,130583
q_proj,1881,0,8,12606
k_proj,1881,0,8,9119
v_proj,1881,0,8,9032
rope,1881,0,8,33939
attn,1881,0,8,46804
o_proj,1881,0,8,12289
post_layernorm,1881,0,8,128823
gate_proj,1881,0,8,37510
up_proj,1881,0,8,35990
act_fn,1881,0,8,10489
down_proj,1881,0,8,36347
final_layernorm,1881,0,8,130306
lm_head,1881,0,8,316882
embedding,1882,0,8,53523
input_layernorm,1882,0,8,131592
q_proj,1882,0,8,12697
k_proj,1882,0,8,9138
v_proj,1882,0,8,9017
rope,1882,0,8,34544
attn,1882,0,8,47672
o_proj,1882,0,8,12352
post_layernorm,1882,0,8,129916
gate_proj,1882,0,8,37892
up_proj,1882,0,8,36112
act_fn,1882,0,8,10486
down_proj,1882,0,8,36519
final_layernorm,1882,0,8,131417
lm_head,1882,0,8,317442
embedding,1883,0,8,53492
input_layernorm,1883,0,8,131860
q_proj,1883,0,8,12674
k_proj,1883,0,8,9071
v_proj,1883,0,8,9016
rope,1883,0,8,34445
attn,1883,0,8,47776
o_proj,1883,0,8,12353
post_layernorm,1883,0,8,129944
gate_proj,1883,0,8,37847
up_proj,1883,0,8,36104
act_fn,1883,0,8,10479
down_proj,1883,0,8,36509
final_layernorm,1883,0,8,131134
lm_head,1883,0,8,317412
embedding,1884,0,8,52857
input_layernorm,1884,0,8,131097
q_proj,1884,0,8,12599
k_proj,1884,0,8,9138
v_proj,1884,0,8,9016
rope,1884,0,8,34026
attn,1884,0,8,46870
o_proj,1884,0,8,12291
post_layernorm,1884,0,8,129005
gate_proj,1884,0,8,37557
up_proj,1884,0,8,36016
act_fn,1884,0,8,10495
down_proj,1884,0,8,36369
final_layernorm,1884,0,8,130309
lm_head,1884,0,8,317033
embedding,1885,0,8,52487
input_layernorm,1885,0,8,131101
q_proj,1885,0,8,12640
k_proj,1885,0,8,9086
v_proj,1885,0,8,9005
rope,1885,0,8,34077
attn,1885,0,8,47117
o_proj,1885,0,8,12295
post_layernorm,1885,0,8,129343
gate_proj,1885,0,8,37586
up_proj,1885,0,8,36021
act_fn,1885,0,8,10490
down_proj,1885,0,8,36303
final_layernorm,1885,0,8,130834
lm_head,1885,0,8,317144
embedding,1886,0,8,53788
input_layernorm,1886,0,8,132168
q_proj,1886,0,8,12710
k_proj,1886,0,8,9063
v_proj,1886,0,8,8995
rope,1886,0,8,34564
attn,1886,0,8,47992
o_proj,1886,0,8,12371
post_layernorm,1886,0,8,130730
gate_proj,1886,0,8,37951
up_proj,1886,0,8,36149
act_fn,1886,0,8,10520
down_proj,1886,0,8,36578
final_layernorm,1886,0,8,131956
lm_head,1886,0,8,317582
embedding,1887,0,8,52819
input_layernorm,1887,0,8,130722
q_proj,1887,0,8,12588
k_proj,1887,0,8,9138
v_proj,1887,0,8,9081
rope,1887,0,8,33750
attn,1887,0,8,47151
o_proj,1887,0,8,12265
post_layernorm,1887,0,8,128930
gate_proj,1887,0,8,37415
up_proj,1887,0,8,35958
act_fn,1887,0,8,10520
down_proj,1887,0,8,36266
final_layernorm,1887,0,8,130663
lm_head,1887,0,8,316936
embedding,1888,0,8,52491
input_layernorm,1888,0,8,130539
q_proj,1888,0,8,12592
k_proj,1888,0,8,7642
v_proj,1888,0,8,6928
rope,1888,0,8,33999
attn,1888,0,8,47298
o_proj,1888,0,8,12287
post_layernorm,1888,0,8,128978
gate_proj,1888,0,8,39324
up_proj,1888,0,8,37579
act_fn,1888,0,8,10454
down_proj,1888,0,8,36310
final_layernorm,1888,0,8,130467
lm_head,1888,0,8,316953
embedding,1889,0,8,52884
input_layernorm,1889,0,8,131360
q_proj,1889,0,8,12604
k_proj,1889,0,8,8804
v_proj,1889,0,8,8823
rope,1889,0,8,33949
attn,1889,0,8,47101
o_proj,1889,0,8,12290
post_layernorm,1889,0,8,129350
gate_proj,1889,0,8,37531
up_proj,1889,0,8,36004
act_fn,1889,0,8,10532
down_proj,1889,0,8,36322
final_layernorm,1889,0,8,130957
lm_head,1889,0,8,317080
embedding,1890,0,8,53118
input_layernorm,1890,0,8,131338
q_proj,1890,0,8,12608
k_proj,1890,0,8,8880
v_proj,1890,0,8,8808
rope,1890,0,8,34060
attn,1890,0,8,47540
o_proj,1890,0,8,12278
post_layernorm,1890,0,8,129552
gate_proj,1890,0,8,37572
up_proj,1890,0,8,36035
act_fn,1890,0,8,10543
down_proj,1890,0,8,36324
final_layernorm,1890,0,8,131287
lm_head,1890,0,8,317223
embedding,1891,0,8,52551
input_layernorm,1891,0,8,131697
q_proj,1891,0,8,12634
k_proj,1891,0,8,8979
v_proj,1891,0,8,8852
rope,1891,0,8,34080
attn,1891,0,8,47173
o_proj,1891,0,8,12308
post_layernorm,1891,0,8,129652
gate_proj,1891,0,8,37574
up_proj,1891,0,8,36034
act_fn,1891,0,8,10538
down_proj,1891,0,8,36384
final_layernorm,1891,0,8,131230
lm_head,1891,0,8,317343
embedding,1892,0,8,52852
input_layernorm,1892,0,8,131723
q_proj,1892,0,8,12591
k_proj,1892,0,8,8897
v_proj,1892,0,8,8761
rope,1892,0,8,33997
attn,1892,0,8,46439
o_proj,1892,0,8,12274
post_layernorm,1892,0,8,129465
gate_proj,1892,0,8,37421
up_proj,1892,0,8,35978
act_fn,1892,0,8,10536
down_proj,1892,0,8,36294
final_layernorm,1892,0,8,130862
lm_head,1892,0,8,317108
embedding,1893,0,8,52746
input_layernorm,1893,0,8,131494
q_proj,1893,0,8,12605
k_proj,1893,0,8,8695
v_proj,1893,0,8,8768
rope,1893,0,8,33980
attn,1893,0,8,46762
o_proj,1893,0,8,12290
post_layernorm,1893,0,8,129629
gate_proj,1893,0,8,37505
up_proj,1893,0,8,36015
act_fn,1893,0,8,10574
down_proj,1893,0,8,36345
final_layernorm,1893,0,8,131046
lm_head,1893,0,8,317397
embedding,1894,0,8,53034
input_layernorm,1894,0,8,131680
q_proj,1894,0,8,12610
k_proj,1894,0,8,8814
v_proj,1894,0,8,8749
rope,1894,0,8,33950
attn,1894,0,8,46893
o_proj,1894,0,8,12276
post_layernorm,1894,0,8,129571
gate_proj,1894,0,8,37437
up_proj,1894,0,8,35995
act_fn,1894,0,8,10544
down_proj,1894,0,8,36290
final_layernorm,1894,0,8,131213
lm_head,1894,0,8,317189
embedding,1895,0,8,52659
input_layernorm,1895,0,8,131501
q_proj,1895,0,8,12609
k_proj,1895,0,8,8822
v_proj,1895,0,8,8724
rope,1895,0,8,33973
attn,1895,0,8,46714
o_proj,1895,0,8,12299
post_layernorm,1895,0,8,129664
gate_proj,1895,0,8,37526
up_proj,1895,0,8,36030
act_fn,1895,0,8,10576
down_proj,1895,0,8,36391
final_layernorm,1895,0,8,131192
lm_head,1895,0,8,317321
embedding,1896,0,8,53002
input_layernorm,1896,0,8,131661
q_proj,1896,0,8,12640
k_proj,1896,0,8,8855
v_proj,1896,0,8,8730
rope,1896,0,8,34244
attn,1896,0,8,47397
o_proj,1896,0,8,12326
post_layernorm,1896,0,8,129757
gate_proj,1896,0,8,37645
up_proj,1896,0,8,36068
act_fn,1896,0,8,10613
down_proj,1896,0,8,36401
final_layernorm,1896,0,8,131442
lm_head,1896,0,8,317489
embedding,1897,0,8,52910
input_layernorm,1897,0,8,132378
q_proj,1897,0,8,12668
k_proj,1897,0,8,8661
v_proj,1897,0,8,8631
rope,1897,0,8,34351
attn,1897,0,8,47358
o_proj,1897,0,8,12352
post_layernorm,1897,0,8,130639
gate_proj,1897,0,8,37798
up_proj,1897,0,8,36102
act_fn,1897,0,8,10603
down_proj,1897,0,8,36521
final_layernorm,1897,0,8,131991
lm_head,1897,0,8,317757
embedding,1898,0,8,53327
input_layernorm,1898,0,8,132845
q_proj,1898,0,8,12688
k_proj,1898,0,8,8683
v_proj,1898,0,8,8682
rope,1898,0,8,34496
attn,1898,0,8,47359
o_proj,1898,0,8,12350
post_layernorm,1898,0,8,130847
gate_proj,1898,0,8,37764
up_proj,1898,0,8,36112
act_fn,1898,0,8,10556
down_proj,1898,0,8,36484
final_layernorm,1898,0,8,132166
lm_head,1898,0,8,317792
embedding,1899,0,8,53051
input_layernorm,1899,0,8,131812
q_proj,1899,0,8,12642
k_proj,1899,0,8,8787
v_proj,1899,0,8,8656
rope,1899,0,8,34183
attn,1899,0,8,46848
o_proj,1899,0,8,12308
post_layernorm,1899,0,8,130195
gate_proj,1899,0,8,37553
up_proj,1899,0,8,36057
act_fn,1899,0,8,10603
down_proj,1899,0,8,36340
final_layernorm,1899,0,8,131691
lm_head,1899,0,8,317677
embedding,1900,0,8,53290
input_layernorm,1900,0,8,132401
q_proj,1900,0,8,12652
k_proj,1900,0,8,8664
v_proj,1900,0,8,8595
rope,1900,0,8,34355
attn,1900,0,8,47038
o_proj,1900,0,8,12331
post_layernorm,1900,0,8,130641
gate_proj,1900,0,8,37657
up_proj,1900,0,8,36092
act_fn,1900,0,8,10614
down_proj,1900,0,8,36479
final_layernorm,1900,0,8,131989
lm_head,1900,0,8,317706
embedding,1901,0,8,54112
input_layernorm,1901,0,8,133114
q_proj,1901,0,8,12719
k_proj,1901,0,8,8536
v_proj,1901,0,8,8588
rope,1901,0,8,34695
attn,1901,0,8,47382
o_proj,1901,0,8,12390
post_layernorm,1901,0,8,131564
gate_proj,1901,0,8,37936
up_proj,1901,0,8,36153
act_fn,1901,0,8,10624
down_proj,1901,0,8,36598
final_layernorm,1901,0,8,132694
lm_head,1901,0,8,317987
embedding,1902,0,8,53637
input_layernorm,1902,0,8,132969
q_proj,1902,0,8,12693
k_proj,1902,0,8,8543
v_proj,1902,0,8,8555
rope,1902,0,8,34628
attn,1902,0,8,47625
o_proj,1902,0,8,12362
post_layernorm,1902,0,8,131386
gate_proj,1902,0,8,37776
up_proj,1902,0,8,36163
act_fn,1902,0,8,10603
down_proj,1902,0,8,36508
final_layernorm,1902,0,8,132734
lm_head,1902,0,8,317972
embedding,1903,0,8,53137
input_layernorm,1903,0,8,132738
q_proj,1903,0,8,12656
k_proj,1903,0,8,8625
v_proj,1903,0,8,8521
rope,1903,0,8,34387
attn,1903,0,8,47221
o_proj,1903,0,8,12348
post_layernorm,1903,0,8,131033
gate_proj,1903,0,8,37661
up_proj,1903,0,8,36101
act_fn,1903,0,8,10597
down_proj,1903,0,8,36519
final_layernorm,1903,0,8,132336
lm_head,1903,0,8,317859
embedding,1904,0,8,53193
input_layernorm,1904,0,8,132269
q_proj,1904,0,8,12655
k_proj,1904,0,8,8597
v_proj,1904,0,8,8508
rope,1904,0,8,34422
attn,1904,0,8,46611
o_proj,1904,0,8,12327
post_layernorm,1904,0,8,130553
gate_proj,1904,0,8,37304
up_proj,1904,0,8,35881
act_fn,1904,0,8,10547
down_proj,1904,0,8,36408
final_layernorm,1904,0,8,132045
lm_head,1904,0,8,317814
embedding,1905,0,8,53199
input_layernorm,1905,0,8,132929
q_proj,1905,0,8,12672
k_proj,1905,0,8,8573
v_proj,1905,0,8,8501
rope,1905,0,8,34253
attn,1905,0,8,47294
o_proj,1905,0,8,12351
post_layernorm,1905,0,8,131186
gate_proj,1905,0,8,39561
up_proj,1905,0,8,37713
act_fn,1905,0,8,10491
down_proj,1905,0,8,36540
final_layernorm,1905,0,8,132318
lm_head,1905,0,8,318044
embedding,1906,0,8,53122
input_layernorm,1906,0,8,133366
q_proj,1906,0,8,12676
k_proj,1906,0,8,8525
v_proj,1906,0,8,8508
rope,1906,0,8,34463
attn,1906,0,8,47295
o_proj,1906,0,8,12348
post_layernorm,1906,0,8,131525
gate_proj,1906,0,8,39535
up_proj,1906,0,8,37646
act_fn,1906,0,8,10524
down_proj,1906,0,8,36481
final_layernorm,1906,0,8,132775
lm_head,1906,0,8,317982
embedding,1907,0,8,53746
input_layernorm,1907,0,8,133755
q_proj,1907,0,8,12744
k_proj,1907,0,8,8495
v_proj,1907,0,8,8490
rope,1907,0,8,34799
attn,1907,0,8,47669
o_proj,1907,0,8,12410
post_layernorm,1907,0,8,131927
gate_proj,1907,0,8,39932
up_proj,1907,0,8,37857
act_fn,1907,0,8,10494
down_proj,1907,0,8,36704
final_layernorm,1907,0,8,133460
lm_head,1907,0,8,318419
embedding,1908,0,8,53613
input_layernorm,1908,0,8,133168
q_proj,1908,0,8,12679
k_proj,1908,0,8,8418
v_proj,1908,0,8,8343
rope,1908,0,8,34452
attn,1908,0,8,47104
o_proj,1908,0,8,12335
post_layernorm,1908,0,8,131386
gate_proj,1908,0,8,39579
up_proj,1908,0,8,37619
act_fn,1908,0,8,10523
down_proj,1908,0,8,36479
final_layernorm,1908,0,8,132632
lm_head,1908,0,8,318172
embedding,1909,0,8,53443
input_layernorm,1909,0,8,133400
q_proj,1909,0,8,12690
k_proj,1909,0,8,8463
v_proj,1909,0,8,8444
rope,1909,0,8,34561
attn,1909,0,8,47653
o_proj,1909,0,8,12360
post_layernorm,1909,0,8,131521
gate_proj,1909,0,8,39650
up_proj,1909,0,8,37714
act_fn,1909,0,8,10525
down_proj,1909,0,8,36558
final_layernorm,1909,0,8,133103
lm_head,1909,0,8,318180
embedding,1910,0,8,53238
input_layernorm,1910,0,8,133484
q_proj,1910,0,8,12699
k_proj,1910,0,8,8382
v_proj,1910,0,8,8455
rope,1910,0,8,34472
attn,1910,0,8,47323
o_proj,1910,0,8,12383
post_layernorm,1910,0,8,131466
gate_proj,1910,0,8,39734
up_proj,1910,0,8,37779
act_fn,1910,0,8,10510
down_proj,1910,0,8,36631
final_layernorm,1910,0,8,132932
lm_head,1910,0,8,318299
embedding,1911,0,8,53326
input_layernorm,1911,0,8,133145
q_proj,1911,0,8,12675
k_proj,1911,0,8,8297
v_proj,1911,0,8,8260
rope,1911,0,8,34381
attn,1911,0,8,47500
o_proj,1911,0,8,12343
post_layernorm,1911,0,8,131353
gate_proj,1911,0,8,39584
up_proj,1911,0,8,37650
act_fn,1911,0,8,10522
down_proj,1911,0,8,36504
final_layernorm,1911,0,8,132887
lm_head,1911,0,8,318181
embedding,1912,0,8,54227
input_layernorm,1912,0,8,133829
q_proj,1912,0,8,12709
k_proj,1912,0,8,8265
v_proj,1912,0,8,8170
rope,1912,0,8,34825
attn,1912,0,8,47292
o_proj,1912,0,8,12382
post_layernorm,1912,0,8,131731
gate_proj,1912,0,8,39788
up_proj,1912,0,8,37776
act_fn,1912,0,8,10560
down_proj,1912,0,8,36614
final_layernorm,1912,0,8,133560
lm_head,1912,0,8,318359
embedding,1913,0,8,54460
input_layernorm,1913,0,8,134404
q_proj,1913,0,8,12778
k_proj,1913,0,8,8256
v_proj,1913,0,8,8192
rope,1913,0,8,34950
attn,1913,0,8,48027
o_proj,1913,0,8,12452
post_layernorm,1913,0,8,132472
gate_proj,1913,0,8,40102
up_proj,1913,0,8,37917
act_fn,1913,0,8,10541
down_proj,1913,0,8,36839
final_layernorm,1913,0,8,133812
lm_head,1913,0,8,318757
embedding,1914,0,8,54422
input_layernorm,1914,0,8,133955
q_proj,1914,0,8,12706
k_proj,1914,0,8,8272
v_proj,1914,0,8,8219
rope,1914,0,8,34670
attn,1914,0,8,47245
o_proj,1914,0,8,12375
post_layernorm,1914,0,8,132078
gate_proj,1914,0,8,39710
up_proj,1914,0,8,37691
act_fn,1914,0,8,10573
down_proj,1914,0,8,36534
final_layernorm,1914,0,8,133788
lm_head,1914,0,8,318351
embedding,1915,0,8,53869
input_layernorm,1915,0,8,133906
q_proj,1915,0,8,12704
k_proj,1915,0,8,8275
v_proj,1915,0,8,8173
rope,1915,0,8,34672
attn,1915,0,8,47267
o_proj,1915,0,8,12364
post_layernorm,1915,0,8,132116
gate_proj,1915,0,8,39758
up_proj,1915,0,8,37747
act_fn,1915,0,8,10561
down_proj,1915,0,8,36589
final_layernorm,1915,0,8,133547
lm_head,1915,0,8,318515
embedding,1916,0,8,54031
input_layernorm,1916,0,8,134002
q_proj,1916,0,8,12714
k_proj,1916,0,8,8219
v_proj,1916,0,8,8108
rope,1916,0,8,34810
attn,1916,0,8,47444
o_proj,1916,0,8,12387
post_layernorm,1916,0,8,132347
gate_proj,1916,0,8,39767
up_proj,1916,0,8,37760
act_fn,1916,0,8,10590
down_proj,1916,0,8,36578
final_layernorm,1916,0,8,133584
lm_head,1916,0,8,318467
embedding,1917,0,8,53608
input_layernorm,1917,0,8,133197
q_proj,1917,0,8,12623
k_proj,1917,0,8,8181
v_proj,1917,0,8,8087
rope,1917,0,8,34110
attn,1917,0,8,47425
o_proj,1917,0,8,12296
post_layernorm,1917,0,8,131078
gate_proj,1917,0,8,39352
up_proj,1917,0,8,37620
act_fn,1917,0,8,10569
down_proj,1917,0,8,36422
final_layernorm,1917,0,8,132856
lm_head,1917,0,8,318097
embedding,1918,0,8,53611
input_layernorm,1918,0,8,133250
q_proj,1918,0,8,12625
k_proj,1918,0,8,8156
v_proj,1918,0,8,8105
rope,1918,0,8,34125
attn,1918,0,8,47117
o_proj,1918,0,8,12297
post_layernorm,1918,0,8,131368
gate_proj,1918,0,8,39308
up_proj,1918,0,8,37597
act_fn,1918,0,8,10606
down_proj,1918,0,8,36390
final_layernorm,1918,0,8,132918
lm_head,1918,0,8,317963
embedding,1919,0,8,54594
input_layernorm,1919,0,8,134900
q_proj,1919,0,8,12759
k_proj,1919,0,8,8181
v_proj,1919,0,8,8044
rope,1919,0,8,35110
attn,1919,0,8,47640
o_proj,1919,0,8,12442
post_layernorm,1919,0,8,133259
gate_proj,1919,0,8,40033
up_proj,1919,0,8,37882
act_fn,1919,0,8,10629
down_proj,1919,0,8,36791
final_layernorm,1919,0,8,134350
lm_head,1919,0,8,318820
embedding,1920,0,8,53801
input_layernorm,1920,0,8,133352
q_proj,1920,0,8,13075
k_proj,1920,0,8,7712
v_proj,1920,0,8,6948
rope,1920,0,8,34579
attn,1920,0,8,44135
o_proj,1920,0,8,12845
post_layernorm,1920,0,8,131678
gate_proj,1920,0,8,39609
up_proj,1920,0,8,37742
act_fn,1920,0,8,10621
down_proj,1920,0,8,38227
final_layernorm,1920,0,8,133025
lm_head,1920,0,8,320823
embedding,1921,0,8,54194
input_layernorm,1921,0,8,134302
q_proj,1921,0,8,12714
k_proj,1921,0,8,9794
v_proj,1921,0,8,10000
rope,1921,0,8,34950
attn,1921,0,8,49546
o_proj,1921,0,8,12478
post_layernorm,1921,0,8,133081
gate_proj,1921,0,8,39516
up_proj,1921,0,8,37745
act_fn,1921,0,8,10702
down_proj,1921,0,8,36969
final_layernorm,1921,0,8,133985
lm_head,1921,0,8,326323
embedding,1922,0,8,53854
input_layernorm,1922,0,8,133288
q_proj,1922,0,8,12661
k_proj,1922,0,8,10738
v_proj,1922,0,8,11036
rope,1922,0,8,34454
attn,1922,0,8,48874
o_proj,1922,0,8,12443
post_layernorm,1922,0,8,131986
gate_proj,1922,0,8,39240
up_proj,1922,0,8,37621
act_fn,1922,0,8,10728
down_proj,1922,0,8,36767
final_layernorm,1922,0,8,133294
lm_head,1922,0,8,326147
embedding,1923,0,8,53176
input_layernorm,1923,0,8,133252
q_proj,1923,0,8,12614
k_proj,1923,0,8,9622
v_proj,1923,0,8,9942
rope,1923,0,8,34157
attn,1923,0,8,48808
o_proj,1923,0,8,12380
post_layernorm,1923,0,8,131745
gate_proj,1923,0,8,39013
up_proj,1923,0,8,37579
act_fn,1923,0,8,10712
down_proj,1923,0,8,36590
final_layernorm,1923,0,8,132957
lm_head,1923,0,8,326017
embedding,1924,0,8,53809
input_layernorm,1924,0,8,133734
q_proj,1924,0,8,12683
k_proj,1924,0,8,9576
v_proj,1924,0,8,9925
rope,1924,0,8,34644
attn,1924,0,8,48928
o_proj,1924,0,8,12438
post_layernorm,1924,0,8,132328
gate_proj,1924,0,8,39277
up_proj,1924,0,8,37661
act_fn,1924,0,8,10733
down_proj,1924,0,8,36796
final_layernorm,1924,0,8,133476
lm_head,1924,0,8,326447
embedding,1925,0,8,53169
input_layernorm,1925,0,8,133321
q_proj,1925,0,8,12630
k_proj,1925,0,8,10719
v_proj,1925,0,8,10993
rope,1925,0,8,34222
attn,1925,0,8,48834
o_proj,1925,0,8,12403
post_layernorm,1925,0,8,132034
gate_proj,1925,0,8,39095
up_proj,1925,0,8,37596
act_fn,1925,0,8,10752
down_proj,1925,0,8,36642
final_layernorm,1925,0,8,133297
lm_head,1925,0,8,326343
embedding,1926,0,8,54190
input_layernorm,1926,0,8,134448
q_proj,1926,0,8,12725
k_proj,1926,0,8,9537
v_proj,1926,0,8,9824
rope,1926,0,8,34952
attn,1926,0,8,49250
o_proj,1926,0,8,12495
post_layernorm,1926,0,8,133346
gate_proj,1926,0,8,39522
up_proj,1926,0,8,37739
act_fn,1926,0,8,10732
down_proj,1926,0,8,36941
final_layernorm,1926,0,8,134147
lm_head,1926,0,8,326646
embedding,1927,0,8,54690
input_layernorm,1927,0,8,134275
q_proj,1927,0,8,12724
k_proj,1927,0,8,9585
v_proj,1927,0,8,9882
rope,1927,0,8,34878
attn,1927,0,8,49356
o_proj,1927,0,8,12492
post_layernorm,1927,0,8,133258
gate_proj,1927,0,8,39561
up_proj,1927,0,8,37760
act_fn,1927,0,8,10759
down_proj,1927,0,8,37007
final_layernorm,1927,0,8,134404
lm_head,1927,0,8,326730
embedding,1928,0,8,54294
input_layernorm,1928,0,8,134312
q_proj,1928,0,8,12743
k_proj,1928,0,8,9311
v_proj,1928,0,8,9668
rope,1928,0,8,35076
attn,1928,0,8,49457
o_proj,1928,0,8,12505
post_layernorm,1928,0,8,133112
gate_proj,1928,0,8,39543
up_proj,1928,0,8,37742
act_fn,1928,0,8,10744
down_proj,1928,0,8,37002
final_layernorm,1928,0,8,133968
lm_head,1928,0,8,326701
embedding,1929,0,8,53785
input_layernorm,1929,0,8,133980
q_proj,1929,0,8,12693
k_proj,1929,0,8,9477
v_proj,1929,0,8,9757
rope,1929,0,8,34560
attn,1929,0,8,49268
o_proj,1929,0,8,12470
post_layernorm,1929,0,8,132746
gate_proj,1929,0,8,39387
up_proj,1929,0,8,37739
act_fn,1929,0,8,10764
down_proj,1929,0,8,36841
final_layernorm,1929,0,8,133938
lm_head,1929,0,8,326643
embedding,1930,0,8,53536
input_layernorm,1930,0,8,133848
q_proj,1930,0,8,12673
k_proj,1930,0,8,10644
v_proj,1930,0,8,10892
rope,1930,0,8,34466
attn,1930,0,8,48895
o_proj,1930,0,8,12427
post_layernorm,1930,0,8,132476
gate_proj,1930,0,8,39195
up_proj,1930,0,8,37637
act_fn,1930,0,8,10780
down_proj,1930,0,8,36709
final_layernorm,1930,0,8,133771
lm_head,1930,0,8,326680
embedding,1931,0,8,53286
input_layernorm,1931,0,8,134078
q_proj,1931,0,8,12645
k_proj,1931,0,8,9366
v_proj,1931,0,8,9673
rope,1931,0,8,34328
attn,1931,0,8,48683
o_proj,1931,0,8,12406
post_layernorm,1931,0,8,132593
gate_proj,1931,0,8,39101
up_proj,1931,0,8,37629
act_fn,1931,0,8,10779
down_proj,1931,0,8,36671
final_layernorm,1931,0,8,133734
lm_head,1931,0,8,326491
embedding,1932,0,8,54687
input_layernorm,1932,0,8,135262
q_proj,1932,0,8,12812
k_proj,1932,0,8,9278
v_proj,1932,0,8,9686
rope,1932,0,8,35418
attn,1932,0,8,50145
o_proj,1932,0,8,12578
post_layernorm,1932,0,8,134239
gate_proj,1932,0,8,39856
up_proj,1932,0,8,37943
act_fn,1932,0,8,10784
down_proj,1932,0,8,37198
final_layernorm,1932,0,8,135139
lm_head,1932,0,8,327141
embedding,1933,0,8,54802
input_layernorm,1933,0,8,135462
q_proj,1933,0,8,12786
k_proj,1933,0,8,10569
v_proj,1933,0,8,10896
rope,1933,0,8,35288
attn,1933,0,8,49867
o_proj,1933,0,8,12562
post_layernorm,1933,0,8,134336
gate_proj,1933,0,8,39742
up_proj,1933,0,8,37849
act_fn,1933,0,8,10816
down_proj,1933,0,8,37127
final_layernorm,1933,0,8,135169
lm_head,1933,0,8,327126
embedding,1934,0,8,54130
input_layernorm,1934,0,8,135113
q_proj,1934,0,8,12722
k_proj,1934,0,8,9311
v_proj,1934,0,8,9680
rope,1934,0,8,35001
attn,1934,0,8,49303
o_proj,1934,0,8,12497
post_layernorm,1934,0,8,133702
gate_proj,1934,0,8,39507
up_proj,1934,0,8,37759
act_fn,1934,0,8,10798
down_proj,1934,0,8,36990
final_layernorm,1934,0,8,134998
lm_head,1934,0,8,327082
embedding,1935,0,8,54301
input_layernorm,1935,0,8,135016
q_proj,1935,0,8,12734
k_proj,1935,0,8,9311
v_proj,1935,0,8,9656
rope,1935,0,8,34976
attn,1935,0,8,49370
o_proj,1935,0,8,12498
post_layernorm,1935,0,8,133814
gate_proj,1935,0,8,39465
up_proj,1935,0,8,37739
act_fn,1935,0,8,10828
down_proj,1935,0,8,36918
final_layernorm,1935,0,8,134910
lm_head,1935,0,8,327018
embedding,1936,0,8,54172
input_layernorm,1936,0,8,135473
q_proj,1936,0,8,13225
k_proj,1936,0,8,9208
v_proj,1936,0,8,9572
rope,1936,0,8,35416
attn,1936,0,8,49872
o_proj,1936,0,8,13008
post_layernorm,1936,0,8,134272
gate_proj,1936,0,8,39783
up_proj,1936,0,8,37895
act_fn,1936,0,8,10804
down_proj,1936,0,8,38326
final_layernorm,1936,0,8,135058
lm_head,1936,0,8,327197
embedding,1937,0,8,53942
input_layernorm,1937,0,8,134831
q_proj,1937,0,8,12724
k_proj,1937,0,8,9122
v_proj,1937,0,8,9639
rope,1937,0,8,34888
attn,1937,0,8,49170
o_proj,1937,0,8,12487
post_layernorm,1937,0,8,133670
gate_proj,1937,0,8,39421
up_proj,1937,0,8,37743
act_fn,1937,0,8,10815
down_proj,1937,0,8,36928
final_layernorm,1937,0,8,134897
lm_head,1937,0,8,348725
embedding,1938,0,8,53950
input_layernorm,1938,0,8,134946
q_proj,1938,0,8,12713
k_proj,1938,0,8,10263
v_proj,1938,0,8,10603
rope,1938,0,8,34798
attn,1938,0,8,49172
o_proj,1938,0,8,12491
post_layernorm,1938,0,8,133511
gate_proj,1938,0,8,39385
up_proj,1938,0,8,37749
act_fn,1938,0,8,10866
down_proj,1938,0,8,36886
final_layernorm,1938,0,8,134874
lm_head,1938,0,8,348834
embedding,1939,0,8,53882
input_layernorm,1939,0,8,135488
q_proj,1939,0,8,12750
k_proj,1939,0,8,9165
v_proj,1939,0,8,9600
rope,1939,0,8,35120
attn,1939,0,8,49445
o_proj,1939,0,8,12507
post_layernorm,1939,0,8,134441
gate_proj,1939,0,8,39489
up_proj,1939,0,8,37787
act_fn,1939,0,8,10805
down_proj,1939,0,8,36999
final_layernorm,1939,0,8,135547
lm_head,1939,0,8,349084
embedding,1940,0,8,53732
input_layernorm,1940,0,8,135144
q_proj,1940,0,8,12726
k_proj,1940,0,8,9191
v_proj,1940,0,8,9573
rope,1940,0,8,35038
attn,1940,0,8,49181
o_proj,1940,0,8,12490
post_layernorm,1940,0,8,134018
gate_proj,1940,0,8,39440
up_proj,1940,0,8,37745
act_fn,1940,0,8,10840
down_proj,1940,0,8,36913
final_layernorm,1940,0,8,135180
lm_head,1940,0,8,348897
embedding,1941,0,8,52997
input_layernorm,1941,0,8,134804
q_proj,1941,0,8,12695
k_proj,1941,0,8,10239
v_proj,1941,0,8,10652
rope,1941,0,8,34750
attn,1941,0,8,49049
o_proj,1941,0,8,12453
post_layernorm,1941,0,8,133800
gate_proj,1941,0,8,39262
up_proj,1941,0,8,37698
act_fn,1941,0,8,10828
down_proj,1941,0,8,36827
final_layernorm,1941,0,8,134807
lm_head,1941,0,8,348937
embedding,1942,0,8,53042
input_layernorm,1942,0,8,134916
q_proj,1942,0,8,12703
k_proj,1942,0,8,9194
v_proj,1942,0,8,9653
rope,1942,0,8,34657
attn,1942,0,8,48992
o_proj,1942,0,8,12473
post_layernorm,1942,0,8,133636
gate_proj,1942,0,8,39280
up_proj,1942,0,8,37711
act_fn,1942,0,8,10858
down_proj,1942,0,8,36836
final_layernorm,1942,0,8,134790
lm_head,1942,0,8,348670
embedding,1943,0,8,53889
input_layernorm,1943,0,8,135672
q_proj,1943,0,8,12746
k_proj,1943,0,8,9126
v_proj,1943,0,8,9582
rope,1943,0,8,35112
attn,1943,0,8,49349
o_proj,1943,0,8,12514
post_layernorm,1943,0,8,134619
gate_proj,1943,0,8,39528
up_proj,1943,0,8,37786
act_fn,1943,0,8,10892
down_proj,1943,0,8,37012
final_layernorm,1943,0,8,135686
lm_head,1943,0,8,349498
embedding,1944,0,8,54934
input_layernorm,1944,0,8,135658
q_proj,1944,0,8,12799
k_proj,1944,0,8,9133
v_proj,1944,0,8,9607
rope,1944,0,8,35478
attn,1944,0,8,49844
o_proj,1944,0,8,12557
post_layernorm,1944,0,8,134743
gate_proj,1944,0,8,39794
up_proj,1944,0,8,37886
act_fn,1944,0,8,10842
down_proj,1944,0,8,37182
final_layernorm,1944,0,8,135589
lm_head,1944,0,8,349183
embedding,1945,0,8,54512
input_layernorm,1945,0,8,135703
q_proj,1945,0,8,12747
k_proj,1945,0,8,9197
v_proj,1945,0,8,9600
rope,1945,0,8,35156
attn,1945,0,8,49396
o_proj,1945,0,8,12513
post_layernorm,1945,0,8,134759
gate_proj,1945,0,8,39501
up_proj,1945,0,8,37812
act_fn,1945,0,8,10900
down_proj,1945,0,8,36983
final_layernorm,1945,0,8,135814
lm_head,1945,0,8,349278
embedding,1946,0,8,54787
input_layernorm,1946,0,8,136056
q_proj,1946,0,8,12757
k_proj,1946,0,8,10126
v_proj,1946,0,8,10586
rope,1946,0,8,35190
attn,1946,0,8,49407
o_proj,1946,0,8,12530
post_layernorm,1946,0,8,135137
gate_proj,1946,0,8,39600
up_proj,1946,0,8,37827
act_fn,1946,0,8,10875
down_proj,1946,0,8,37066
final_layernorm,1946,0,8,135925
lm_head,1946,0,8,348997
embedding,1947,0,8,54064
input_layernorm,1947,0,8,135501
q_proj,1947,0,8,12709
k_proj,1947,0,8,9205
v_proj,1947,0,8,9603
rope,1947,0,8,34866
attn,1947,0,8,49160
o_proj,1947,0,8,12483
post_layernorm,1947,0,8,134600
gate_proj,1947,0,8,39317
up_proj,1947,0,8,37719
act_fn,1947,0,8,10925
down_proj,1947,0,8,36854
final_layernorm,1947,0,8,135799
lm_head,1947,0,8,348758
embedding,1948,0,8,53927
input_layernorm,1948,0,8,134913
q_proj,1948,0,8,12670
k_proj,1948,0,8,9183
v_proj,1948,0,8,9567
rope,1948,0,8,34650
attn,1948,0,8,48909
o_proj,1948,0,8,12438
post_layernorm,1948,0,8,133814
gate_proj,1948,0,8,39144
up_proj,1948,0,8,37689
act_fn,1948,0,8,10949
down_proj,1948,0,8,36720
final_layernorm,1948,0,8,135150
lm_head,1948,0,8,348377
embedding,1949,0,8,54340
input_layernorm,1949,0,8,135722
q_proj,1949,0,8,12730
k_proj,1949,0,8,10133
v_proj,1949,0,8,10527
rope,1949,0,8,34910
attn,1949,0,8,49179
o_proj,1949,0,8,12480
post_layernorm,1949,0,8,134516
gate_proj,1949,0,8,39397
up_proj,1949,0,8,37764
act_fn,1949,0,8,10919
down_proj,1949,0,8,36898
final_layernorm,1949,0,8,135790
lm_head,1949,0,8,348762
embedding,1950,0,8,54056
input_layernorm,1950,0,8,134996
q_proj,1950,0,8,12684
k_proj,1950,0,8,9204
v_proj,1950,0,8,9663
rope,1950,0,8,34556
attn,1950,0,8,48859
o_proj,1950,0,8,12434
post_layernorm,1950,0,8,133900
gate_proj,1950,0,8,39096
up_proj,1950,0,8,37678
act_fn,1950,0,8,10936
down_proj,1950,0,8,36764
final_layernorm,1950,0,8,135442
lm_head,1950,0,8,348499
embedding,1951,0,8,54236
input_layernorm,1951,0,8,135525
q_proj,1951,0,8,12702
k_proj,1951,0,8,9204
v_proj,1951,0,8,9587
rope,1951,0,8,34841
attn,1951,0,8,49061
o_proj,1951,0,8,12463
post_layernorm,1951,0,8,134714
gate_proj,1951,0,8,39281
up_proj,1951,0,8,37744
act_fn,1951,0,8,10953
down_proj,1951,0,8,36839
final_layernorm,1951,0,8,135785
lm_head,1951,0,8,348858
embedding,1952,0,8,54511
input_layernorm,1952,0,8,134812
q_proj,1952,0,8,13099
k_proj,1952,0,8,9202
v_proj,1952,0,8,9639
rope,1952,0,8,34624
attn,1952,0,8,48776
o_proj,1952,0,8,12847
post_layernorm,1952,0,8,133797
gate_proj,1952,0,8,38964
up_proj,1952,0,8,37558
act_fn,1952,0,8,10910
down_proj,1952,0,8,37834
final_layernorm,1952,0,8,135426
lm_head,1952,0,8,330456
embedding,1953,0,8,54309
input_layernorm,1953,0,8,136056
q_proj,1953,0,8,12727
k_proj,1953,0,8,9217
v_proj,1953,0,8,9642
rope,1953,0,8,34963
attn,1953,0,8,49149
o_proj,1953,0,8,12497
post_layernorm,1953,0,8,135079
gate_proj,1953,0,8,39412
up_proj,1953,0,8,37801
act_fn,1953,0,8,10888
down_proj,1953,0,8,36964
final_layernorm,1953,0,8,136095
lm_head,1953,0,8,348951
embedding,1954,0,8,53635
input_layernorm,1954,0,8,135448
q_proj,1954,0,8,12665
k_proj,1954,0,8,9318
v_proj,1954,0,8,9674
rope,1954,0,8,34553
attn,1954,0,8,48801
o_proj,1954,0,8,12424
post_layernorm,1954,0,8,134103
gate_proj,1954,0,8,39079
up_proj,1954,0,8,37675
act_fn,1954,0,8,10918
down_proj,1954,0,8,36730
final_layernorm,1954,0,8,135665
lm_head,1954,0,8,348602
embedding,1955,0,8,55082
input_layernorm,1955,0,8,136192
q_proj,1955,0,8,12750
k_proj,1955,0,8,9320
v_proj,1955,0,8,9621
rope,1955,0,8,35099
attn,1955,0,8,49270
o_proj,1955,0,8,12500
post_layernorm,1955,0,8,135202
gate_proj,1955,0,8,39465
up_proj,1955,0,8,37815
act_fn,1955,0,8,10906
down_proj,1955,0,8,36982
final_layernorm,1955,0,8,136423
lm_head,1955,0,8,348815
embedding,1956,0,8,54325
input_layernorm,1956,0,8,135622
q_proj,1956,0,8,12707
k_proj,1956,0,8,10117
v_proj,1956,0,8,10444
rope,1956,0,8,34907
attn,1956,0,8,48919
o_proj,1956,0,8,12456
post_layernorm,1956,0,8,134915
gate_proj,1956,0,8,39207
up_proj,1956,0,8,37729
act_fn,1956,0,8,10967
down_proj,1956,0,8,36815
final_layernorm,1956,0,8,136121
lm_head,1956,0,8,348794
embedding,1957,0,8,54479
input_layernorm,1957,0,8,136689
q_proj,1957,0,8,12770
k_proj,1957,0,8,9300
v_proj,1957,0,8,9678
rope,1957,0,8,35251
attn,1957,0,8,49294
o_proj,1957,0,8,12525
post_layernorm,1957,0,8,135960
gate_proj,1957,0,8,39529
up_proj,1957,0,8,37831
act_fn,1957,0,8,10976
down_proj,1957,0,8,37064
final_layernorm,1957,0,8,137084
lm_head,1957,0,8,349120
embedding,1958,0,8,53801
input_layernorm,1958,0,8,135825
q_proj,1958,0,8,12722
k_proj,1958,0,8,9348
v_proj,1958,0,8,9698
rope,1958,0,8,34860
attn,1958,0,8,49006
o_proj,1958,0,8,12479
post_layernorm,1958,0,8,135044
gate_proj,1958,0,8,39290
up_proj,1958,0,8,37770
act_fn,1958,0,8,10965
down_proj,1958,0,8,36867
final_layernorm,1958,0,8,136457
lm_head,1958,0,8,348832
embedding,1959,0,8,54347
input_layernorm,1959,0,8,136598
q_proj,1959,0,8,12761
k_proj,1959,0,8,9947
v_proj,1959,0,8,10361
rope,1959,0,8,35192
attn,1959,0,8,49408
o_proj,1959,0,8,12527
post_layernorm,1959,0,8,135813
gate_proj,1959,0,8,39484
up_proj,1959,0,8,37824
act_fn,1959,0,8,10948
down_proj,1959,0,8,37025
final_layernorm,1959,0,8,137014
lm_head,1959,0,8,349031
embedding,1960,0,8,54089
input_layernorm,1960,0,8,135832
q_proj,1960,0,8,12710
k_proj,1960,0,8,9437
v_proj,1960,0,8,9784
rope,1960,0,8,34927
attn,1960,0,8,49078
o_proj,1960,0,8,12452
post_layernorm,1960,0,8,134827
gate_proj,1960,0,8,39235
up_proj,1960,0,8,37734
act_fn,1960,0,8,10981
down_proj,1960,0,8,36803
final_layernorm,1960,0,8,136188
lm_head,1960,0,8,348468
embedding,1961,0,8,54215
input_layernorm,1961,0,8,136292
q_proj,1961,0,8,12731
k_proj,1961,0,8,9382
v_proj,1961,0,8,9751
rope,1961,0,8,34906
attn,1961,0,8,49117
o_proj,1961,0,8,12492
post_layernorm,1961,0,8,135540
gate_proj,1961,0,8,39283
up_proj,1961,0,8,37788
act_fn,1961,0,8,10979
down_proj,1961,0,8,36878
final_layernorm,1961,0,8,136956
lm_head,1961,0,8,348960
embedding,1962,0,8,54358
input_layernorm,1962,0,8,136225
q_proj,1962,0,8,12715
k_proj,1962,0,8,9433
v_proj,1962,0,8,9737
rope,1962,0,8,34863
attn,1962,0,8,49045
o_proj,1962,0,8,12473
post_layernorm,1962,0,8,135166
gate_proj,1962,0,8,39271
up_proj,1962,0,8,37753
act_fn,1962,0,8,11004
down_proj,1962,0,8,36861
final_layernorm,1962,0,8,136819
lm_head,1962,0,8,348665
embedding,1963,0,8,55174
input_layernorm,1963,0,8,137745
q_proj,1963,0,8,12825
k_proj,1963,0,8,9334
v_proj,1963,0,8,9743
rope,1963,0,8,35573
attn,1963,0,8,50018
o_proj,1963,0,8,12594
post_layernorm,1963,0,8,136712
gate_proj,1963,0,8,39798
up_proj,1963,0,8,37952
act_fn,1963,0,8,11028
down_proj,1963,0,8,37259
final_layernorm,1963,0,8,138023
lm_head,1963,0,8,349624
embedding,1964,0,8,53923
input_layernorm,1964,0,8,136522
q_proj,1964,0,8,12725
k_proj,1964,0,8,9902
v_proj,1964,0,8,10318
rope,1964,0,8,34952
attn,1964,0,8,48767
o_proj,1964,0,8,12477
post_layernorm,1964,0,8,135402
gate_proj,1964,0,8,39278
up_proj,1964,0,8,37769
act_fn,1964,0,8,11009
down_proj,1964,0,8,36859
final_layernorm,1964,0,8,136864
lm_head,1964,0,8,349042
embedding,1965,0,8,54013
input_layernorm,1965,0,8,136881
q_proj,1965,0,8,12751
k_proj,1965,0,8,9378
v_proj,1965,0,8,9782
rope,1965,0,8,35066
attn,1965,0,8,49308
o_proj,1965,0,8,12525
post_layernorm,1965,0,8,136049
gate_proj,1965,0,8,39465
up_proj,1965,0,8,37858
act_fn,1965,0,8,11000
down_proj,1965,0,8,37003
final_layernorm,1965,0,8,137581
lm_head,1965,0,8,349422
embedding,1966,0,8,54809
input_layernorm,1966,0,8,137344
q_proj,1966,0,8,12783
k_proj,1966,0,8,9376
v_proj,1966,0,8,9792
rope,1966,0,8,35406
attn,1966,0,8,49516
o_proj,1966,0,8,12552
post_layernorm,1966,0,8,136335
gate_proj,1966,0,8,39585
up_proj,1966,0,8,37872
act_fn,1966,0,8,11022
down_proj,1966,0,8,37061
final_layernorm,1966,0,8,137780
lm_head,1966,0,8,349420
embedding,1967,0,8,54488
input_layernorm,1967,0,8,137584
q_proj,1967,0,8,12782
k_proj,1967,0,8,9785
v_proj,1967,0,8,10207
rope,1967,0,8,35292
attn,1967,0,8,49656
o_proj,1967,0,8,12538
post_layernorm,1967,0,8,136680
gate_proj,1967,0,8,39505
up_proj,1967,0,8,37881
act_fn,1967,0,8,11074
down_proj,1967,0,8,37062
final_layernorm,1967,0,8,138001
lm_head,1967,0,8,349418
embedding,1968,0,8,54556
input_layernorm,1968,0,8,136422
q_proj,1968,0,8,13146
k_proj,1968,0,8,9428
v_proj,1968,0,8,9824
rope,1968,0,8,35053
attn,1968,0,8,49045
o_proj,1968,0,8,12912
post_layernorm,1968,0,8,136116
gate_proj,1968,0,8,39318
up_proj,1968,0,8,37805
act_fn,1968,0,8,11046
down_proj,1968,0,8,37984
final_layernorm,1968,0,8,136923
lm_head,1968,0,8,336031
embedding,1969,0,8,54216
input_layernorm,1969,0,8,137351
q_proj,1969,0,8,12743
k_proj,1969,0,8,9405
v_proj,1969,0,8,9776
rope,1969,0,8,34960
attn,1969,0,8,48824
o_proj,1969,0,8,12503
post_layernorm,1969,0,8,136273
gate_proj,1969,0,8,39362
up_proj,1969,0,8,37820
act_fn,1969,0,8,11064
down_proj,1969,0,8,36903
final_layernorm,1969,0,8,137619
lm_head,1969,0,8,349125
embedding,1970,0,8,54920
input_layernorm,1970,0,8,138110
q_proj,1970,0,8,12794
k_proj,1970,0,8,9304
v_proj,1970,0,8,9753
rope,1970,0,8,35399
attn,1970,0,8,49497
o_proj,1970,0,8,12549
post_layernorm,1970,0,8,137251
gate_proj,1970,0,8,39491
up_proj,1970,0,8,37928
act_fn,1970,0,8,11074
down_proj,1970,0,8,37079
final_layernorm,1970,0,8,138223
lm_head,1970,0,8,349573
embedding,1971,0,8,54868
input_layernorm,1971,0,8,138354
q_proj,1971,0,8,12781
k_proj,1971,0,8,9349
v_proj,1971,0,8,9761
rope,1971,0,8,35287
attn,1971,0,8,49221
o_proj,1971,0,8,12529
post_layernorm,1971,0,8,137091
gate_proj,1971,0,8,39458
up_proj,1971,0,8,37887
act_fn,1971,0,8,11043
down_proj,1971,0,8,37042
final_layernorm,1971,0,8,138212
lm_head,1971,0,8,349343
embedding,1972,0,8,54380
input_layernorm,1972,0,8,137409
q_proj,1972,0,8,12725
k_proj,1972,0,8,9657
v_proj,1972,0,8,10023
rope,1972,0,8,34984
attn,1972,0,8,49013
o_proj,1972,0,8,12484
post_layernorm,1972,0,8,136682
gate_proj,1972,0,8,39261
up_proj,1972,0,8,37809
act_fn,1972,0,8,11044
down_proj,1972,0,8,36922
final_layernorm,1972,0,8,137880
lm_head,1972,0,8,349257
embedding,1973,0,8,54751
input_layernorm,1973,0,8,138071
q_proj,1973,0,8,12762
k_proj,1973,0,8,9387
v_proj,1973,0,8,9763
rope,1973,0,8,35247
attn,1973,0,8,49218
o_proj,1973,0,8,12551
post_layernorm,1973,0,8,137253
gate_proj,1973,0,8,39469
up_proj,1973,0,8,37908
act_fn,1973,0,8,11110
down_proj,1973,0,8,37058
final_layernorm,1973,0,8,138119
lm_head,1973,0,8,349604
embedding,1974,0,8,54127
input_layernorm,1974,0,8,137660
q_proj,1974,0,8,12695
k_proj,1974,0,8,9405
v_proj,1974,0,8,9852
rope,1974,0,8,34811
attn,1974,0,8,49005
o_proj,1974,0,8,12453
post_layernorm,1974,0,8,136576
gate_proj,1974,0,8,39113
up_proj,1974,0,8,37785
act_fn,1974,0,8,11072
down_proj,1974,0,8,36847
final_layernorm,1974,0,8,137776
lm_head,1974,0,8,349122
embedding,1975,0,8,54520
input_layernorm,1975,0,8,138451
q_proj,1975,0,8,12762
k_proj,1975,0,8,9687
v_proj,1975,0,8,10044
rope,1975,0,8,35224
attn,1975,0,8,49182
o_proj,1975,0,8,12510
post_layernorm,1975,0,8,137570
gate_proj,1975,0,8,39378
up_proj,1975,0,8,37867
act_fn,1975,0,8,11106
down_proj,1975,0,8,36988
final_layernorm,1975,0,8,138624
lm_head,1975,0,8,349182
embedding,1976,0,8,55208
input_layernorm,1976,0,8,138696
q_proj,1976,0,8,12814
k_proj,1976,0,8,9444
v_proj,1976,0,8,9821
rope,1976,0,8,35705
attn,1976,0,8,49677
o_proj,1976,0,8,12576
post_layernorm,1976,0,8,138076
gate_proj,1976,0,8,39557
up_proj,1976,0,8,37941
act_fn,1976,0,8,11119
down_proj,1976,0,8,37163
final_layernorm,1976,0,8,138601
lm_head,1976,0,8,349752
embedding,1977,0,8,55650
input_layernorm,1977,0,8,138871
q_proj,1977,0,8,12805
k_proj,1977,0,8,9371
v_proj,1977,0,8,9840
rope,1977,0,8,35480
attn,1977,0,8,49295
o_proj,1977,0,8,12561
post_layernorm,1977,0,8,138159
gate_proj,1977,0,8,39607
up_proj,1977,0,8,37936
act_fn,1977,0,8,11083
down_proj,1977,0,8,37088
final_layernorm,1977,0,8,138966
lm_head,1977,0,8,336841
embedding,1978,0,8,55033
input_layernorm,1978,0,8,138052
q_proj,1978,0,8,12739
k_proj,1978,0,8,9430
v_proj,1978,0,8,9841
rope,1978,0,8,35018
attn,1978,0,8,49213
o_proj,1978,0,8,12485
post_layernorm,1978,0,8,137273
gate_proj,1978,0,8,39309
up_proj,1978,0,8,37830
act_fn,1978,0,8,11109
down_proj,1978,0,8,36896
final_layernorm,1978,0,8,138366
lm_head,1978,0,8,336670
embedding,1979,0,8,55975
input_layernorm,1979,0,8,139662
q_proj,1979,0,8,12851
k_proj,1979,0,8,9384
v_proj,1979,0,8,9850
rope,1979,0,8,35827
attn,1979,0,8,50057
o_proj,1979,0,8,12616
post_layernorm,1979,0,8,138877
gate_proj,1979,0,8,39884
up_proj,1979,0,8,38043
act_fn,1979,0,8,11122
down_proj,1979,0,8,37279
final_layernorm,1979,0,8,139682
lm_head,1979,0,8,337218
embedding,1980,0,8,56196
input_layernorm,1980,0,8,138223
q_proj,1980,0,8,12741
k_proj,1980,0,8,9603
v_proj,1980,0,8,9963
rope,1980,0,8,35115
attn,1980,0,8,49059
o_proj,1980,0,8,12506
post_layernorm,1980,0,8,137261
gate_proj,1980,0,8,39327
up_proj,1980,0,8,37849
act_fn,1980,0,8,11111
down_proj,1980,0,8,36934
final_layernorm,1980,0,8,138333
lm_head,1980,0,8,336702
embedding,1981,0,8,55621
input_layernorm,1981,0,8,139121
q_proj,1981,0,8,12803
k_proj,1981,0,8,9408
v_proj,1981,0,8,9798
rope,1981,0,8,35417
attn,1981,0,8,49402
o_proj,1981,0,8,12560
post_layernorm,1981,0,8,138322
gate_proj,1981,0,8,39559
up_proj,1981,0,8,37940
act_fn,1981,0,8,11147
down_proj,1981,0,8,37097
final_layernorm,1981,0,8,139010
lm_head,1981,0,8,337044
embedding,1982,0,8,55041
input_layernorm,1982,0,8,138059
q_proj,1982,0,8,12727
k_proj,1982,0,8,9451
v_proj,1982,0,8,9808
rope,1982,0,8,34918
attn,1982,0,8,48846
o_proj,1982,0,8,12476
post_layernorm,1982,0,8,137208
gate_proj,1982,0,8,39233
up_proj,1982,0,8,37832
act_fn,1982,0,8,11124
down_proj,1982,0,8,36866
final_layernorm,1982,0,8,138514
lm_head,1982,0,8,336619
embedding,1983,0,8,55328
input_layernorm,1983,0,8,138621
q_proj,1983,0,8,12728
k_proj,1983,0,8,9569
v_proj,1983,0,8,9958
rope,1983,0,8,34905
attn,1983,0,8,48914
o_proj,1983,0,8,12477
post_layernorm,1983,0,8,137489
gate_proj,1983,0,8,39249
up_proj,1983,0,8,37836
act_fn,1983,0,8,11133
down_proj,1983,0,8,36912
final_layernorm,1983,0,8,138700
lm_head,1983,0,8,336683
embedding,1984,0,8,55313
input_layernorm,1984,0,8,138002
q_proj,1984,0,8,13114
k_proj,1984,0,8,9427
v_proj,1984,0,8,9840
rope,1984,0,8,34918
attn,1984,0,8,48668
o_proj,1984,0,8,12875
post_layernorm,1984,0,8,137367
gate_proj,1984,0,8,39823
up_proj,1984,0,8,38769
act_fn,1984,0,8,11016
down_proj,1984,0,8,38039
final_layernorm,1984,0,8,138011
lm_head,1984,0,8,351890
embedding,1985,0,8,54942
input_layernorm,1985,0,8,138560
q_proj,1985,0,8,13130
k_proj,1985,0,8,9840
v_proj,1985,0,8,10432
rope,1985,0,8,34941
attn,1985,0,8,49969
o_proj,1985,0,8,12882
post_layernorm,1985,0,8,137972
gate_proj,1985,0,8,39193
up_proj,1985,0,8,37860
act_fn,1985,0,8,11138
down_proj,1985,0,8,37957
final_layernorm,1985,0,8,138707
lm_head,1985,0,8,336852
embedding,1986,0,8,54985
input_layernorm,1986,0,8,138622
q_proj,1986,0,8,13131
k_proj,1986,0,8,9794
v_proj,1986,0,8,10517
rope,1986,0,8,35102
attn,1986,0,8,50057
o_proj,1986,0,8,12888
post_layernorm,1986,0,8,138059
gate_proj,1986,0,8,39213
up_proj,1986,0,8,37852
act_fn,1986,0,8,11149
down_proj,1986,0,8,37985
final_layernorm,1986,0,8,139048
lm_head,1986,0,8,336758
embedding,1987,0,8,55834
input_layernorm,1987,0,8,138837
q_proj,1987,0,8,13144
k_proj,1987,0,8,9847
v_proj,1987,0,8,10299
rope,1987,0,8,35035
attn,1987,0,8,49842
o_proj,1987,0,8,12904
post_layernorm,1987,0,8,137983
gate_proj,1987,0,8,39200
up_proj,1987,0,8,37859
act_fn,1987,0,8,11173
down_proj,1987,0,8,37992
final_layernorm,1987,0,8,138813
lm_head,1987,0,8,336898
embedding,1988,0,8,55112
input_layernorm,1988,0,8,138839
q_proj,1988,0,8,13160
k_proj,1988,0,8,9771
v_proj,1988,0,8,10218
rope,1988,0,8,35242
attn,1988,0,8,50215
o_proj,1988,0,8,12910
post_layernorm,1988,0,8,138712
gate_proj,1988,0,8,39279
up_proj,1988,0,8,37875
act_fn,1988,0,8,11203
down_proj,1988,0,8,38000
final_layernorm,1988,0,8,139352
lm_head,1988,0,8,336908
embedding,1989,0,8,55220
input_layernorm,1989,0,8,138929
q_proj,1989,0,8,13141
k_proj,1989,0,8,9681
v_proj,1989,0,8,10257
rope,1989,0,8,35026
attn,1989,0,8,50516
o_proj,1989,0,8,12900
post_layernorm,1989,0,8,138444
gate_proj,1989,0,8,39210
up_proj,1989,0,8,37880
act_fn,1989,0,8,11202
down_proj,1989,0,8,37997
final_layernorm,1989,0,8,139174
lm_head,1989,0,8,336777
embedding,1990,0,8,55252
input_layernorm,1990,0,8,138964
q_proj,1990,0,8,13180
k_proj,1990,0,8,9695
v_proj,1990,0,8,10392
rope,1990,0,8,35244
attn,1990,0,8,50616
o_proj,1990,0,8,12931
post_layernorm,1990,0,8,138924
gate_proj,1990,0,8,39313
up_proj,1990,0,8,37916
act_fn,1990,0,8,11226
down_proj,1990,0,8,38056
final_layernorm,1990,0,8,139623
lm_head,1990,0,8,337220
embedding,1991,0,8,54846
input_layernorm,1991,0,8,138930
q_proj,1991,0,8,13136
k_proj,1991,0,8,9670
v_proj,1991,0,8,10149
rope,1991,0,8,35017
attn,1991,0,8,49516
o_proj,1991,0,8,12872
post_layernorm,1991,0,8,138193
gate_proj,1991,0,8,39154
up_proj,1991,0,8,37844
act_fn,1991,0,8,11165
down_proj,1991,0,8,37963
final_layernorm,1991,0,8,139172
lm_head,1991,0,8,337054
embedding,1992,0,8,55181
input_layernorm,1992,0,8,138827
q_proj,1992,0,8,13153
k_proj,1992,0,8,9711
v_proj,1992,0,8,10094
rope,1992,0,8,35246
attn,1992,0,8,50174
o_proj,1992,0,8,12900
post_layernorm,1992,0,8,138594
gate_proj,1992,0,8,39205
up_proj,1992,0,8,37889
act_fn,1992,0,8,11181
down_proj,1992,0,8,38053
final_layernorm,1992,0,8,139363
lm_head,1992,0,8,337086
embedding,1993,0,8,55499
input_layernorm,1993,0,8,139528
q_proj,1993,0,8,13167
k_proj,1993,0,8,9439
v_proj,1993,0,8,10209
rope,1993,0,8,35218
attn,1993,0,8,49919
o_proj,1993,0,8,12908
post_layernorm,1993,0,8,138935
gate_proj,1993,0,8,39277
up_proj,1993,0,8,37896
act_fn,1993,0,8,11222
down_proj,1993,0,8,38030
final_layernorm,1993,0,8,139941
lm_head,1993,0,8,337220
embedding,1994,0,8,55457
input_layernorm,1994,0,8,139751
q_proj,1994,0,8,13206
k_proj,1994,0,8,9544
v_proj,1994,0,8,10282
rope,1994,0,8,35426
attn,1994,0,8,50299
o_proj,1994,0,8,12946
post_layernorm,1994,0,8,139716
gate_proj,1994,0,8,39391
up_proj,1994,0,8,37950
act_fn,1994,0,8,11267
down_proj,1994,0,8,38123
final_layernorm,1994,0,8,140120
lm_head,1994,0,8,337587
embedding,1995,0,8,55485
input_layernorm,1995,0,8,139449
q_proj,1995,0,8,13165
k_proj,1995,0,8,9626
v_proj,1995,0,8,10087
rope,1995,0,8,35249
attn,1995,0,8,50382
o_proj,1995,0,8,12912
post_layernorm,1995,0,8,139205
gate_proj,1995,0,8,39316
up_proj,1995,0,8,37913
act_fn,1995,0,8,11246
down_proj,1995,0,8,38063
final_layernorm,1995,0,8,139780
lm_head,1995,0,8,337358
embedding,1996,0,8,56865
input_layernorm,1996,0,8,141091
q_proj,1996,0,8,13292
k_proj,1996,0,8,9438
v_proj,1996,0,8,10056
rope,1996,0,8,36207
attn,1996,0,8,51151
o_proj,1996,0,8,13054
post_layernorm,1996,0,8,141135
gate_proj,1996,0,8,39839
up_proj,1996,0,8,38105
act_fn,1996,0,8,11245
down_proj,1996,0,8,38472
final_layernorm,1996,0,8,141191
lm_head,1996,0,8,338011
embedding,1997,0,8,55197
input_layernorm,1997,0,8,139846
q_proj,1997,0,8,13165
k_proj,1997,0,8,9397
v_proj,1997,0,8,10094
rope,1997,0,8,35242
attn,1997,0,8,50089
o_proj,1997,0,8,12919
post_layernorm,1997,0,8,139279
gate_proj,1997,0,8,39307
up_proj,1997,0,8,37914
act_fn,1997,0,8,11260
down_proj,1997,0,8,38054
final_layernorm,1997,0,8,139993
lm_head,1997,0,8,337501
embedding,1998,0,8,55329
input_layernorm,1998,0,8,139627
q_proj,1998,0,8,13162
k_proj,1998,0,8,9494
v_proj,1998,0,8,10193
rope,1998,0,8,35252
attn,1998,0,8,50021
o_proj,1998,0,8,12925
post_layernorm,1998,0,8,139399
gate_proj,1998,0,8,39291
up_proj,1998,0,8,37948
act_fn,1998,0,8,11249
down_proj,1998,0,8,38084
final_layernorm,1998,0,8,140008
lm_head,1998,0,8,337566
embedding,1999,0,8,56496
input_layernorm,1999,0,8,140713
q_proj,1999,0,8,13218
k_proj,1999,0,8,9369
v_proj,1999,0,8,9979
rope,1999,0,8,35612
attn,1999,0,8,50473
o_proj,1999,0,8,12982
post_layernorm,1999,0,8,140509
gate_proj,1999,0,8,39469
up_proj,1999,0,8,38019
act_fn,1999,0,8,11292
down_proj,1999,0,8,38204
final_layernorm,1999,0,8,140992
lm_head,1999,0,8,337744
embedding,2000,0,8,55916
input_layernorm,2000,0,8,140302
q_proj,2000,0,8,13234
k_proj,2000,0,8,9379
v_proj,2000,0,8,9927
rope,2000,0,8,35914
attn,2000,0,8,50434
o_proj,2000,0,8,12984
post_layernorm,2000,0,8,140334
gate_proj,2000,0,8,39593
up_proj,2000,0,8,38011
act_fn,2000,0,8,11306
down_proj,2000,0,8,38274
final_layernorm,2000,0,8,140658
lm_head,2000,0,8,337892
embedding,2001,0,8,56596
input_layernorm,2001,0,8,141432
q_proj,2001,0,8,13293
k_proj,2001,0,8,9255
v_proj,2001,0,8,9815
rope,2001,0,8,36126
attn,2001,0,8,51168
o_proj,2001,0,8,13060
post_layernorm,2001,0,8,141290
gate_proj,2001,0,8,39804
up_proj,2001,0,8,38107
act_fn,2001,0,8,11322
down_proj,2001,0,8,38447
final_layernorm,2001,0,8,141725
lm_head,2001,0,8,338214
embedding,2002,0,8,56045
input_layernorm,2002,0,8,140856
q_proj,2002,0,8,13236
k_proj,2002,0,8,9270
v_proj,2002,0,8,9824
rope,2002,0,8,35845
attn,2002,0,8,50572
o_proj,2002,0,8,13000
post_layernorm,2002,0,8,140658
gate_proj,2002,0,8,39572
up_proj,2002,0,8,38040
act_fn,2002,0,8,11293
down_proj,2002,0,8,38245
final_layernorm,2002,0,8,141318
lm_head,2002,0,8,338033
embedding,2003,0,8,56448
input_layernorm,2003,0,8,141544
q_proj,2003,0,8,13286
k_proj,2003,0,8,9392
v_proj,2003,0,8,9807
rope,2003,0,8,36054
attn,2003,0,8,51069
o_proj,2003,0,8,13040
post_layernorm,2003,0,8,141252
gate_proj,2003,0,8,39700
up_proj,2003,0,8,38092
act_fn,2003,0,8,11321
down_proj,2003,0,8,38417
final_layernorm,2003,0,8,141790
lm_head,2003,0,8,338181
embedding,2004,0,8,55759
input_layernorm,2004,0,8,140742
q_proj,2004,0,8,13187
k_proj,2004,0,8,9280
v_proj,2004,0,8,9743
rope,2004,0,8,35645
attn,2004,0,8,50294
o_proj,2004,0,8,12949
post_layernorm,2004,0,8,140436
gate_proj,2004,0,8,39317
up_proj,2004,0,8,37972
act_fn,2004,0,8,11269
down_proj,2004,0,8,38105
final_layernorm,2004,0,8,140819
lm_head,2004,0,8,337802
embedding,2005,0,8,55109
input_layernorm,2005,0,8,139968
q_proj,2005,0,8,13157
k_proj,2005,0,8,9073
v_proj,2005,0,8,9810
rope,2005,0,8,35170
attn,2005,0,8,50145
o_proj,2005,0,8,12924
post_layernorm,2005,0,8,139991
gate_proj,2005,0,8,39170
up_proj,2005,0,8,37922
act_fn,2005,0,8,11315
down_proj,2005,0,8,38014
final_layernorm,2005,0,8,140506
lm_head,2005,0,8,337732
embedding,2006,0,8,55846
input_layernorm,2006,0,8,141059
q_proj,2006,0,8,13252
k_proj,2006,0,8,9229
v_proj,2006,0,8,9759
rope,2006,0,8,35826
attn,2006,0,8,50532
o_proj,2006,0,8,13000
post_layernorm,2006,0,8,141226
gate_proj,2006,0,8,39517
up_proj,2006,0,8,38054
act_fn,2006,0,8,11310
down_proj,2006,0,8,38243
final_layernorm,2006,0,8,141347
lm_head,2006,0,8,338267
embedding,2007,0,8,55311
input_layernorm,2007,0,8,140655
q_proj,2007,0,8,13201
k_proj,2007,0,8,9171
v_proj,2007,0,8,9659
rope,2007,0,8,35473
attn,2007,0,8,50217
o_proj,2007,0,8,12960
post_layernorm,2007,0,8,140627
gate_proj,2007,0,8,39399
up_proj,2007,0,8,37997
act_fn,2007,0,8,11337
down_proj,2007,0,8,38178
final_layernorm,2007,0,8,141194
lm_head,2007,0,8,338048
embedding,2008,0,8,56378
input_layernorm,2008,0,8,141184
q_proj,2008,0,8,13278
k_proj,2008,0,8,9104
v_proj,2008,0,8,9694
rope,2008,0,8,36214
attn,2008,0,8,51020
o_proj,2008,0,8,13034
post_layernorm,2008,0,8,141404
gate_proj,2008,0,8,39682
up_proj,2008,0,8,38119
act_fn,2008,0,8,11328
down_proj,2008,0,8,38402
final_layernorm,2008,0,8,141573
lm_head,2008,0,8,338337
embedding,2009,0,8,55274
input_layernorm,2009,0,8,140660
q_proj,2009,0,8,13177
k_proj,2009,0,8,8953
v_proj,2009,0,8,9664
rope,2009,0,8,35364
attn,2009,0,8,50207
o_proj,2009,0,8,12935
post_layernorm,2009,0,8,140514
gate_proj,2009,0,8,39323
up_proj,2009,0,8,37997
act_fn,2009,0,8,11326
down_proj,2009,0,8,38117
final_layernorm,2009,0,8,140906
lm_head,2009,0,8,337965
embedding,2010,0,8,55808
input_layernorm,2010,0,8,140431
q_proj,2010,0,8,13199
k_proj,2010,0,8,8900
v_proj,2010,0,8,9611
rope,2010,0,8,35574
attn,2010,0,8,50383
o_proj,2010,0,8,12978
post_layernorm,2010,0,8,140804
gate_proj,2010,0,8,39443
up_proj,2010,0,8,38009
act_fn,2010,0,8,11347
down_proj,2010,0,8,38188
final_layernorm,2010,0,8,141139
lm_head,2010,0,8,338038
embedding,2011,0,8,55988
input_layernorm,2011,0,8,141034
q_proj,2011,0,8,13198
k_proj,2011,0,8,9149
v_proj,2011,0,8,9658
rope,2011,0,8,35507
attn,2011,0,8,50188
o_proj,2011,0,8,12956
post_layernorm,2011,0,8,140974
gate_proj,2011,0,8,39366
up_proj,2011,0,8,38008
act_fn,2011,0,8,11367
down_proj,2011,0,8,38156
final_layernorm,2011,0,8,141353
lm_head,2011,0,8,337985
embedding,2012,0,8,55822
input_layernorm,2012,0,8,140731
q_proj,2012,0,8,13181
k_proj,2012,0,8,9047
v_proj,2012,0,8,9622
rope,2012,0,8,35583
attn,2012,0,8,50140
o_proj,2012,0,8,12944
post_layernorm,2012,0,8,140845
gate_proj,2012,0,8,39355
up_proj,2012,0,8,38010
act_fn,2012,0,8,11379
down_proj,2012,0,8,38135
final_layernorm,2012,0,8,141046
lm_head,2012,0,8,338032
embedding,2013,0,8,56438
input_layernorm,2013,0,8,140982
q_proj,2013,0,8,13198
k_proj,2013,0,8,8963
v_proj,2013,0,8,9649
rope,2013,0,8,35514
attn,2013,0,8,50330
o_proj,2013,0,8,12952
post_layernorm,2013,0,8,141162
gate_proj,2013,0,8,39348
up_proj,2013,0,8,38012
act_fn,2013,0,8,11372
down_proj,2013,0,8,38154
final_layernorm,2013,0,8,141672
lm_head,2013,0,8,338134
embedding,2014,0,8,56658
input_layernorm,2014,0,8,141302
q_proj,2014,0,8,13208
k_proj,2014,0,8,8825
v_proj,2014,0,8,9589
rope,2014,0,8,35675
attn,2014,0,8,50348
o_proj,2014,0,8,12956
post_layernorm,2014,0,8,141388
gate_proj,2014,0,8,39435
up_proj,2014,0,8,38025
act_fn,2014,0,8,11403
down_proj,2014,0,8,38176
final_layernorm,2014,0,8,141877
lm_head,2014,0,8,338185
embedding,2015,0,8,56082
input_layernorm,2015,0,8,141308
q_proj,2015,0,8,13181
k_proj,2015,0,8,9028
v_proj,2015,0,8,9570
rope,2015,0,8,35533
attn,2015,0,8,50066
o_proj,2015,0,8,12949
post_layernorm,2015,0,8,141337
gate_proj,2015,0,8,39360
up_proj,2015,0,8,37985
act_fn,2015,0,8,11410
down_proj,2015,0,8,38129
final_layernorm,2015,0,8,141839
lm_head,2015,0,8,338075
embedding,2016,0,8,57044
input_layernorm,2016,0,8,142005
q_proj,2016,0,8,13316
k_proj,2016,0,8,9217
v_proj,2016,0,8,9285
rope,2016,0,8,36445
attn,2016,0,8,51342
o_proj,2016,0,8,13088
post_layernorm,2016,0,8,142479
gate_proj,2016,0,8,39595
up_proj,2016,0,8,38003
act_fn,2016,0,8,11369
down_proj,2016,0,8,38484
final_layernorm,2016,0,8,142555
lm_head,2016,0,8,333834
embedding,2017,0,8,55545
input_layernorm,2017,0,8,141775
q_proj,2017,0,8,13230
k_proj,2017,0,8,9176
v_proj,2017,0,8,9249
rope,2017,0,8,35736
attn,2017,0,8,50485
o_proj,2017,0,8,12988
post_layernorm,2017,0,8,141885
gate_proj,2017,0,8,41008
up_proj,2017,0,8,39540
act_fn,2017,0,8,11383
down_proj,2017,0,8,38214
final_layernorm,2017,0,8,141867
lm_head,2017,0,8,363052
embedding,2018,0,8,55318
input_layernorm,2018,0,8,141350
q_proj,2018,0,8,13181
k_proj,2018,0,8,9143
v_proj,2018,0,8,9157
rope,2018,0,8,35464
attn,2018,0,8,50179
o_proj,2018,0,8,12929
post_layernorm,2018,0,8,141388
gate_proj,2018,0,8,40839
up_proj,2018,0,8,39438
act_fn,2018,0,8,11381
down_proj,2018,0,8,38078
final_layernorm,2018,0,8,141797
lm_head,2018,0,8,362712
embedding,2019,0,8,56572
input_layernorm,2019,0,8,142688
q_proj,2019,0,8,13321
k_proj,2019,0,8,8968
v_proj,2019,0,8,9090
rope,2019,0,8,36289
attn,2019,0,8,51211
o_proj,2019,0,8,13083
post_layernorm,2019,0,8,143143
gate_proj,2019,0,8,41429
up_proj,2019,0,8,39691
act_fn,2019,0,8,11411
down_proj,2019,0,8,38486
final_layernorm,2019,0,8,143254
lm_head,2019,0,8,363637
embedding,2020,0,8,55545
input_layernorm,2020,0,8,141687
q_proj,2020,0,8,13208
k_proj,2020,0,8,9024
v_proj,2020,0,8,9088
rope,2020,0,8,35655
attn,2020,0,8,50345
o_proj,2020,0,8,12954
post_layernorm,2020,0,8,142040
gate_proj,2020,0,8,40915
up_proj,2020,0,8,39496
act_fn,2020,0,8,11399
down_proj,2020,0,8,38132
final_layernorm,2020,0,8,142294
lm_head,2020,0,8,363095
embedding,2021,0,8,55140
input_layernorm,2021,0,8,141541
q_proj,2021,0,8,13196
k_proj,2021,0,8,9190
v_proj,2021,0,8,9176
rope,2021,0,8,35442
attn,2021,0,8,50315
o_proj,2021,0,8,12951
post_layernorm,2021,0,8,141687
gate_proj,2021,0,8,40916
up_proj,2021,0,8,39514
act_fn,2021,0,8,11421
down_proj,2021,0,8,38114
final_layernorm,2021,0,8,142265
lm_head,2021,0,8,362719
embedding,2022,0,8,55445
input_layernorm,2022,0,8,142133
q_proj,2022,0,8,13209
k_proj,2022,0,8,9074
v_proj,2022,0,8,9143
rope,2022,0,8,35669
attn,2022,0,8,50231
o_proj,2022,0,8,12969
post_layernorm,2022,0,8,142271
gate_proj,2022,0,8,40931
up_proj,2022,0,8,39528
act_fn,2022,0,8,11405
down_proj,2022,0,8,38115
final_layernorm,2022,0,8,142295
lm_head,2022,0,8,363256
embedding,2023,0,8,55559
input_layernorm,2023,0,8,142257
q_proj,2023,0,8,13244
k_proj,2023,0,8,8896
v_proj,2023,0,8,9020
rope,2023,0,8,35808
attn,2023,0,8,50560
o_proj,2023,0,8,12995
post_layernorm,2023,0,8,142493
gate_proj,2023,0,8,41025
up_proj,2023,0,8,39533
act_fn,2023,0,8,11424
down_proj,2023,0,8,38235
final_layernorm,2023,0,8,142526
lm_head,2023,0,8,363078
embedding,2024,0,8,56189
input_layernorm,2024,0,8,142472
q_proj,2024,0,8,13277
k_proj,2024,0,8,8851
v_proj,2024,0,8,8876
rope,2024,0,8,36308
attn,2024,0,8,50859
o_proj,2024,0,8,13022
post_layernorm,2024,0,8,142909
gate_proj,2024,0,8,41243
up_proj,2024,0,8,39620
act_fn,2024,0,8,11465
down_proj,2024,0,8,38371
final_layernorm,2024,0,8,143205
lm_head,2024,0,8,363671
embedding,2025,0,8,56888
input_layernorm,2025,0,8,143650
q_proj,2025,0,8,13318
k_proj,2025,0,8,8952
v_proj,2025,0,8,9013
rope,2025,0,8,36366
attn,2025,0,8,51081
o_proj,2025,0,8,13084
post_layernorm,2025,0,8,143781
gate_proj,2025,0,8,41416
up_proj,2025,0,8,39706
act_fn,2025,0,8,11479
down_proj,2025,0,8,38502
final_layernorm,2025,0,8,143685
lm_head,2025,0,8,363719
embedding,2026,0,8,55983
input_layernorm,2026,0,8,142431
q_proj,2026,0,8,13258
k_proj,2026,0,8,8869
v_proj,2026,0,8,8958
rope,2026,0,8,35930
attn,2026,0,8,50735
o_proj,2026,0,8,13024
post_layernorm,2026,0,8,142768
gate_proj,2026,0,8,41198
up_proj,2026,0,8,39595
act_fn,2026,0,8,11441
down_proj,2026,0,8,38342
final_layernorm,2026,0,8,142984
lm_head,2026,0,8,363546
embedding,2027,0,8,55606
input_layernorm,2027,0,8,141845
q_proj,2027,0,8,13187
k_proj,2027,0,8,8787
v_proj,2027,0,8,8880
rope,2027,0,8,35394
attn,2027,0,8,50113
o_proj,2027,0,8,12928
post_layernorm,2027,0,8,141734
gate_proj,2027,0,8,40851
up_proj,2027,0,8,39472
act_fn,2027,0,8,11480
down_proj,2027,0,8,38072
final_layernorm,2027,0,8,142443
lm_head,2027,0,8,362945
embedding,2028,0,8,55805
input_layernorm,2028,0,8,142545
q_proj,2028,0,8,13254
k_proj,2028,0,8,8838
v_proj,2028,0,8,8919
rope,2028,0,8,36082
attn,2028,0,8,50674
o_proj,2028,0,8,13021
post_layernorm,2028,0,8,143045
gate_proj,2028,0,8,41101
up_proj,2028,0,8,39607
act_fn,2028,0,8,11470
down_proj,2028,0,8,38350
final_layernorm,2028,0,8,143225
lm_head,2028,0,8,363109
embedding,2029,0,8,55304
input_layernorm,2029,0,8,142385
q_proj,2029,0,8,13174
k_proj,2029,0,8,8918
v_proj,2029,0,8,8920
rope,2029,0,8,35466
attn,2029,0,8,50054
o_proj,2029,0,8,12941
post_layernorm,2029,0,8,142040
gate_proj,2029,0,8,40794
up_proj,2029,0,8,39468
act_fn,2029,0,8,11460
down_proj,2029,0,8,38100
final_layernorm,2029,0,8,142586
lm_head,2029,0,8,363123
embedding,2030,0,8,56203
input_layernorm,2030,0,8,142833
q_proj,2030,0,8,13267
k_proj,2030,0,8,8979
v_proj,2030,0,8,9022
rope,2030,0,8,36023
attn,2030,0,8,50496
o_proj,2030,0,8,13021
post_layernorm,2030,0,8,142919
gate_proj,2030,0,8,41248
up_proj,2030,0,8,39638
act_fn,2030,0,8,11480
down_proj,2030,0,8,38322
final_layernorm,2030,0,8,143266
lm_head,2030,0,8,363147
embedding,2031,0,8,56113
input_layernorm,2031,0,8,143098
q_proj,2031,0,8,13256
k_proj,2031,0,8,8772
v_proj,2031,0,8,8877
rope,2031,0,8,35937
attn,2031,0,8,50471
o_proj,2031,0,8,13007
post_layernorm,2031,0,8,143135
gate_proj,2031,0,8,41164
up_proj,2031,0,8,39595
act_fn,2031,0,8,11484
down_proj,2031,0,8,38296
final_layernorm,2031,0,8,143427
lm_head,2031,0,8,363166
embedding,2032,0,8,56573
input_layernorm,2032,0,8,142985
q_proj,2032,0,8,13286
k_proj,2032,0,8,8719
v_proj,2032,0,8,8672
rope,2032,0,8,36299
attn,2032,0,8,50854
o_proj,2032,0,8,13041
post_layernorm,2032,0,8,143214
gate_proj,2032,0,8,42424
up_proj,2032,0,8,40596
act_fn,2032,0,8,11405
down_proj,2032,0,8,38357
final_layernorm,2032,0,8,143554
lm_head,2032,0,8,363603
embedding,2033,0,8,55333
input_layernorm,2033,0,8,142707
q_proj,2033,0,8,13190
k_proj,2033,0,8,8636
v_proj,2033,0,8,8650
rope,2033,0,8,35527
attn,2033,0,8,50210
o_proj,2033,0,8,12956
post_layernorm,2033,0,8,142737
gate_proj,2033,0,8,40825
up_proj,2033,0,8,39543
act_fn,2033,0,8,11519
down_proj,2033,0,8,38162
final_layernorm,2033,0,8,143107
lm_head,2033,0,8,362848
embedding,2034,0,8,56545
input_layernorm,2034,0,8,143703
q_proj,2034,0,8,13289
k_proj,2034,0,8,8621
v_proj,2034,0,8,8555
rope,2034,0,8,36309
attn,2034,0,8,50919
o_proj,2034,0,8,13036
post_layernorm,2034,0,8,143836
gate_proj,2034,0,8,41221
up_proj,2034,0,8,39639
act_fn,2034,0,8,11512
down_proj,2034,0,8,38383
final_layernorm,2034,0,8,143910
lm_head,2034,0,8,363334
embedding,2035,0,8,55637
input_layernorm,2035,0,8,143049
q_proj,2035,0,8,13221
k_proj,2035,0,8,8575
v_proj,2035,0,8,8556
rope,2035,0,8,35670
attn,2035,0,8,50393
o_proj,2035,0,8,12975
post_layernorm,2035,0,8,143032
gate_proj,2035,0,8,40928
up_proj,2035,0,8,39567
act_fn,2035,0,8,11502
down_proj,2035,0,8,38203
final_layernorm,2035,0,8,143258
lm_head,2035,0,8,363322
embedding,2036,0,8,56361
input_layernorm,2036,0,8,143697
q_proj,2036,0,8,13296
k_proj,2036,0,8,8555
v_proj,2036,0,8,8477
rope,2036,0,8,36362
attn,2036,0,8,50914
o_proj,2036,0,8,13047
post_layernorm,2036,0,8,144309
gate_proj,2036,0,8,41288
up_proj,2036,0,8,39638
act_fn,2036,0,8,11513
down_proj,2036,0,8,38372
final_layernorm,2036,0,8,144384
lm_head,2036,0,8,363137
embedding,2037,0,8,55723
input_layernorm,2037,0,8,143266
q_proj,2037,0,8,13202
k_proj,2037,0,8,8522
v_proj,2037,0,8,8537
rope,2037,0,8,35656
attn,2037,0,8,50102
o_proj,2037,0,8,12974
post_layernorm,2037,0,8,143141
gate_proj,2037,0,8,40879
up_proj,2037,0,8,39539
act_fn,2037,0,8,11518
down_proj,2037,0,8,38189
final_layernorm,2037,0,8,143506
lm_head,2037,0,8,362827
embedding,2038,0,8,56075
input_layernorm,2038,0,8,143359
q_proj,2038,0,8,13245
k_proj,2038,0,8,8459
v_proj,2038,0,8,8426
rope,2038,0,8,35861
attn,2038,0,8,50524
o_proj,2038,0,8,13001
post_layernorm,2038,0,8,143515
gate_proj,2038,0,8,41015
up_proj,2038,0,8,39595
act_fn,2038,0,8,11551
down_proj,2038,0,8,38262
final_layernorm,2038,0,8,143762
lm_head,2038,0,8,363195
embedding,2039,0,8,56260
input_layernorm,2039,0,8,143601
q_proj,2039,0,8,13261
k_proj,2039,0,8,8519
v_proj,2039,0,8,8462
rope,2039,0,8,35865
attn,2039,0,8,50364
o_proj,2039,0,8,13011
post_layernorm,2039,0,8,143780
gate_proj,2039,0,8,41072
up_proj,2039,0,8,39610
act_fn,2039,0,8,11547
down_proj,2039,0,8,38272
final_layernorm,2039,0,8,143735
lm_head,2039,0,8,363123
embedding,2040,0,8,56432
input_layernorm,2040,0,8,143691
q_proj,2040,0,8,13295
k_proj,2040,0,8,8475
v_proj,2040,0,8,8342
rope,2040,0,8,36364
attn,2040,0,8,50696
o_proj,2040,0,8,13057
post_layernorm,2040,0,8,143932
gate_proj,2040,0,8,41259
up_proj,2040,0,8,39658
act_fn,2040,0,8,11526
down_proj,2040,0,8,38401
final_layernorm,2040,0,8,144125
lm_head,2040,0,8,363605
embedding,2041,0,8,55911
input_layernorm,2041,0,8,143523
q_proj,2041,0,8,13262
k_proj,2041,0,8,8532
v_proj,2041,0,8,8409
rope,2041,0,8,35923
attn,2041,0,8,50562
o_proj,2041,0,8,13011
post_layernorm,2041,0,8,143883
gate_proj,2041,0,8,41070
up_proj,2041,0,8,39598
act_fn,2041,0,8,11566
down_proj,2041,0,8,38290
final_layernorm,2041,0,8,143987
lm_head,2041,0,8,363092
embedding,2042,0,8,57023
input_layernorm,2042,0,8,144736
q_proj,2042,0,8,13346
k_proj,2042,0,8,8498
v_proj,2042,0,8,8308
rope,2042,0,8,36530
attn,2042,0,8,51202
o_proj,2042,0,8,13095
post_layernorm,2042,0,8,145067
gate_proj,2042,0,8,41452
up_proj,2042,0,8,39751
act_fn,2042,0,8,11562
down_proj,2042,0,8,38562
final_layernorm,2042,0,8,145151
lm_head,2042,0,8,363640
embedding,2043,0,8,56019
input_layernorm,2043,0,8,143968
q_proj,2043,0,8,13246
k_proj,2043,0,8,8432
v_proj,2043,0,8,8326
rope,2043,0,8,35794
attn,2043,0,8,50149
o_proj,2043,0,8,12998
post_layernorm,2043,0,8,143609
gate_proj,2043,0,8,41000
up_proj,2043,0,8,39595
act_fn,2043,0,8,11555
down_proj,2043,0,8,38213
final_layernorm,2043,0,8,144050
lm_head,2043,0,8,363174
embedding,2044,0,8,57288
input_layernorm,2044,0,8,144778
q_proj,2044,0,8,13338
k_proj,2044,0,8,8487
v_proj,2044,0,8,8332
rope,2044,0,8,36696
attn,2044,0,8,51071
o_proj,2044,0,8,13095
post_layernorm,2044,0,8,145451
gate_proj,2044,0,8,41428
up_proj,2044,0,8,39741
act_fn,2044,0,8,11616
down_proj,2044,0,8,38520
final_layernorm,2044,0,8,145102
lm_head,2044,0,8,363407
embedding,2045,0,8,57634
input_layernorm,2045,0,8,145307
q_proj,2045,0,8,13359
k_proj,2045,0,8,8474
v_proj,2045,0,8,8345
rope,2045,0,8,36609
attn,2045,0,8,51131
o_proj,2045,0,8,13118
post_layernorm,2045,0,8,145448
gate_proj,2045,0,8,41495
up_proj,2045,0,8,39782
act_fn,2045,0,8,11591
down_proj,2045,0,8,38585
final_layernorm,2045,0,8,145239
lm_head,2045,0,8,363762
embedding,2046,0,8,56664
input_layernorm,2046,0,8,143912
q_proj,2046,0,8,13252
k_proj,2046,0,8,8451
v_proj,2046,0,8,8278
rope,2046,0,8,35877
attn,2046,0,8,50581
o_proj,2046,0,8,13005
post_layernorm,2046,0,8,144091
gate_proj,2046,0,8,40988
up_proj,2046,0,8,39604
act_fn,2046,0,8,11636
down_proj,2046,0,8,38304
final_layernorm,2046,0,8,144256
lm_head,2046,0,8,363158
embedding,2047,0,8,56575
input_layernorm,2047,0,8,144040
q_proj,2047,0,8,13250
k_proj,2047,0,8,8449
v_proj,2047,0,8,8312
rope,2047,0,8,35871
attn,2047,0,8,50367
o_proj,2047,0,8,12996
post_layernorm,2047,0,8,144101
gate_proj,2047,0,8,40978
up_proj,2047,0,8,39607
act_fn,2047,0,8,11612
down_proj,2047,0,8,38202
final_layernorm,2047,0,8,144279
lm_head,2047,0,8,363102
embedding,2048,0,8,58329
input_layernorm,2048,0,8,143929
q_proj,2048,0,8,13313
k_proj,2048,0,8,8426
v_proj,2048,0,8,8228
rope,2048,0,8,36340
attn,2048,0,8,47319
o_proj,2048,0,8,13057
post_layernorm,2048,0,8,143828
gate_proj,2048,0,8,40521
up_proj,2048,0,8,38991
act_fn,2048,0,8,11449
down_proj,2048,0,8,38412
final_layernorm,2048,0,8,144236
lm_head,2048,0,8,355075
