layer_name,input,kv_cache,tp_size,latency(ns)
embedding,1,0,8,2586
input_layernorm,1,0,8,16453
q_proj,1,0,8,7859
k_proj,1,0,8,2817
v_proj,1,0,8,2693
rope,1,0,8,6880
attn,1,0,8,1819
o_proj,1,0,8,6728
post_layernorm,1,0,8,17272
gate_proj,1,0,8,20372
up_proj,1,0,8,20335
act_fn,1,0,8,1044
down_proj,1,0,8,21787
final_layernorm,1,0,8,16699
lm_head,1,0,8,170881
embedding,2,0,8,3134
input_layernorm,2,0,8,18771
q_proj,2,0,8,8712
k_proj,2,0,8,3760
v_proj,2,0,8,3531
rope,2,0,8,7980
attn,2,0,8,1705
o_proj,2,0,8,6604
post_layernorm,2,0,8,19733
gate_proj,2,0,8,21444
up_proj,2,0,8,21172
act_fn,2,0,8,926
down_proj,2,0,8,21877
final_layernorm,2,0,8,19500
lm_head,2,0,8,171449
embedding,3,0,8,3618
input_layernorm,3,0,8,18707
q_proj,3,0,8,8814
k_proj,3,0,8,3744
v_proj,3,0,8,3532
rope,3,0,8,7989
attn,3,0,8,1702
o_proj,3,0,8,6564
post_layernorm,3,0,8,19803
gate_proj,3,0,8,21480
up_proj,3,0,8,21216
act_fn,3,0,8,904
down_proj,3,0,8,22007
final_layernorm,3,0,8,19585
lm_head,3,0,8,171924
embedding,4,0,8,4158
input_layernorm,4,0,8,19430
q_proj,4,0,8,8886
k_proj,4,0,8,3758
v_proj,4,0,8,3535
rope,4,0,8,8219
attn,4,0,8,1702
o_proj,4,0,8,6622
post_layernorm,4,0,8,20383
gate_proj,4,0,8,21490
up_proj,4,0,8,21291
act_fn,4,0,8,914
down_proj,4,0,8,22014
final_layernorm,4,0,8,20226
lm_head,4,0,8,172263
embedding,5,0,8,4803
input_layernorm,5,0,8,19444
q_proj,5,0,8,8973
k_proj,5,0,8,3763
v_proj,5,0,8,3533
rope,5,0,8,8041
attn,5,0,8,1710
o_proj,5,0,8,6601
post_layernorm,5,0,8,20359
gate_proj,5,0,8,21534
up_proj,5,0,8,21306
act_fn,5,0,8,955
down_proj,5,0,8,22076
final_layernorm,5,0,8,20249
lm_head,5,0,8,172567
embedding,6,0,8,5253
input_layernorm,6,0,8,19590
q_proj,6,0,8,9040
k_proj,6,0,8,3766
v_proj,6,0,8,3544
rope,6,0,8,8125
attn,6,0,8,1711
o_proj,6,0,8,6619
post_layernorm,6,0,8,20579
gate_proj,6,0,8,21626
up_proj,6,0,8,21299
act_fn,6,0,8,966
down_proj,6,0,8,22050
final_layernorm,6,0,8,20462
lm_head,6,0,8,172925
embedding,7,0,8,5731
input_layernorm,7,0,8,19639
q_proj,7,0,8,9132
k_proj,7,0,8,3769
v_proj,7,0,8,3546
rope,7,0,8,8062
attn,7,0,8,1711
o_proj,7,0,8,6616
post_layernorm,7,0,8,20594
gate_proj,7,0,8,21618
up_proj,7,0,8,21337
act_fn,7,0,8,988
down_proj,7,0,8,22042
final_layernorm,7,0,8,20485
lm_head,7,0,8,173153
embedding,8,0,8,6313
input_layernorm,8,0,8,21053
q_proj,8,0,8,9174
k_proj,8,0,8,3790
v_proj,8,0,8,3553
rope,8,0,8,8235
attn,8,0,8,1710
o_proj,8,0,8,6645
post_layernorm,8,0,8,21606
gate_proj,8,0,8,21660
up_proj,8,0,8,21390
act_fn,8,0,8,987
down_proj,8,0,8,22163
final_layernorm,8,0,8,21491
lm_head,8,0,8,173542
embedding,9,0,8,6828
input_layernorm,9,0,8,21198
q_proj,9,0,8,9228
k_proj,9,0,8,3789
v_proj,9,0,8,3562
rope,9,0,8,8078
attn,9,0,8,1719
o_proj,9,0,8,6658
post_layernorm,9,0,8,21861
gate_proj,9,0,8,21705
up_proj,9,0,8,21504
act_fn,9,0,8,970
down_proj,9,0,8,22252
final_layernorm,9,0,8,21732
lm_head,9,0,8,174092
embedding,10,0,8,7375
input_layernorm,10,0,8,21270
q_proj,10,0,8,8125
k_proj,10,0,8,3789
v_proj,10,0,8,3563
rope,10,0,8,8120
attn,10,0,8,1715
o_proj,10,0,8,6670
post_layernorm,10,0,8,22104
gate_proj,10,0,8,21719
up_proj,10,0,8,21411
act_fn,10,0,8,1012
down_proj,10,0,8,22140
final_layernorm,10,0,8,21994
lm_head,10,0,8,174341
embedding,11,0,8,7938
input_layernorm,11,0,8,21288
q_proj,11,0,8,8135
k_proj,11,0,8,3816
v_proj,11,0,8,3562
rope,11,0,8,8082
attn,11,0,8,1717
o_proj,11,0,8,6684
post_layernorm,11,0,8,22219
gate_proj,11,0,8,21767
up_proj,11,0,8,21517
act_fn,11,0,8,1024
down_proj,11,0,8,22190
final_layernorm,11,0,8,22086
lm_head,11,0,8,174764
embedding,12,0,8,8431
input_layernorm,12,0,8,21621
q_proj,12,0,8,8146
k_proj,12,0,8,3804
v_proj,12,0,8,3575
rope,12,0,8,8250
attn,12,0,8,1713
o_proj,12,0,8,6724
post_layernorm,12,0,8,22195
gate_proj,12,0,8,21789
up_proj,12,0,8,21493
act_fn,12,0,8,1025
down_proj,12,0,8,22302
final_layernorm,12,0,8,22089
lm_head,12,0,8,175209
embedding,13,0,8,8980
input_layernorm,13,0,8,21420
q_proj,13,0,8,8158
k_proj,13,0,8,3808
v_proj,13,0,8,3579
rope,13,0,8,8115
attn,13,0,8,1726
o_proj,13,0,8,6677
post_layernorm,13,0,8,22311
gate_proj,13,0,8,21904
up_proj,13,0,8,21560
act_fn,13,0,8,1068
down_proj,13,0,8,22419
final_layernorm,13,0,8,22181
lm_head,13,0,8,175562
embedding,14,0,8,9538
input_layernorm,14,0,8,21453
q_proj,14,0,8,8195
k_proj,14,0,8,3812
v_proj,14,0,8,3581
rope,14,0,8,8185
attn,14,0,8,1726
o_proj,14,0,8,6706
post_layernorm,14,0,8,22348
gate_proj,14,0,8,21840
up_proj,14,0,8,21608
act_fn,14,0,8,1058
down_proj,14,0,8,22259
final_layernorm,14,0,8,22188
lm_head,14,0,8,175815
embedding,15,0,8,10033
input_layernorm,15,0,8,21932
q_proj,15,0,8,8204
k_proj,15,0,8,3819
v_proj,15,0,8,3586
rope,15,0,8,8086
attn,15,0,8,1726
o_proj,15,0,8,6755
post_layernorm,15,0,8,22387
gate_proj,15,0,8,21883
up_proj,15,0,8,21644
act_fn,15,0,8,1059
down_proj,15,0,8,22460
final_layernorm,15,0,8,22163
lm_head,15,0,8,176307
embedding,16,0,8,10494
input_layernorm,16,0,8,24180
q_proj,16,0,8,8189
k_proj,16,0,8,3818
v_proj,16,0,8,3596
rope,16,0,8,8247
attn,16,0,8,1725
o_proj,16,0,8,6750
post_layernorm,16,0,8,24730
gate_proj,16,0,8,21897
up_proj,16,0,8,21691
act_fn,16,0,8,1078
down_proj,16,0,8,22525
final_layernorm,16,0,8,24694
lm_head,16,0,8,176705
embedding,17,0,8,3030
input_layernorm,17,0,8,24235
q_proj,17,0,8,8545
k_proj,17,0,8,3586
v_proj,17,0,8,3404
rope,17,0,8,8117
attn,17,0,8,1758
o_proj,17,0,8,6900
post_layernorm,17,0,8,25278
gate_proj,17,0,8,21147
up_proj,17,0,8,20939
act_fn,17,0,8,1165
down_proj,17,0,8,22130
final_layernorm,17,0,8,25099
lm_head,17,0,8,164308
embedding,18,0,8,3101
input_layernorm,18,0,8,24282
q_proj,18,0,8,8571
k_proj,18,0,8,3591
v_proj,18,0,8,3404
rope,18,0,8,8197
attn,18,0,8,1762
o_proj,18,0,8,6899
post_layernorm,18,0,8,25266
gate_proj,18,0,8,21139
up_proj,18,0,8,21005
act_fn,18,0,8,1180
down_proj,18,0,8,22254
final_layernorm,18,0,8,25027
lm_head,18,0,8,164508
embedding,19,0,8,3146
input_layernorm,19,0,8,24763
q_proj,19,0,8,8566
k_proj,19,0,8,3607
v_proj,19,0,8,3415
rope,19,0,8,8139
attn,19,0,8,1770
o_proj,19,0,8,6904
post_layernorm,19,0,8,25467
gate_proj,19,0,8,21138
up_proj,19,0,8,20973
act_fn,19,0,8,1200
down_proj,19,0,8,22118
final_layernorm,19,0,8,25249
lm_head,19,0,8,164851
embedding,20,0,8,3180
input_layernorm,20,0,8,24446
q_proj,20,0,8,8578
k_proj,20,0,8,3605
v_proj,20,0,8,3418
rope,20,0,8,8270
attn,20,0,8,1762
o_proj,20,0,8,6893
post_layernorm,20,0,8,25343
gate_proj,20,0,8,21127
up_proj,20,0,8,20857
act_fn,20,0,8,1208
down_proj,20,0,8,22339
final_layernorm,20,0,8,25099
lm_head,20,0,8,164927
embedding,21,0,8,3211
input_layernorm,21,0,8,24506
q_proj,21,0,8,8634
k_proj,21,0,8,3608
v_proj,21,0,8,3420
rope,21,0,8,8136
attn,21,0,8,1772
o_proj,21,0,8,6849
post_layernorm,21,0,8,25477
gate_proj,21,0,8,21191
up_proj,21,0,8,20923
act_fn,21,0,8,1211
down_proj,21,0,8,22292
final_layernorm,21,0,8,25247
lm_head,21,0,8,164856
embedding,22,0,8,3584
input_layernorm,22,0,8,24448
q_proj,22,0,8,8673
k_proj,22,0,8,3617
v_proj,22,0,8,3432
rope,22,0,8,8192
attn,22,0,8,1774
o_proj,22,0,8,6901
post_layernorm,22,0,8,25534
gate_proj,22,0,8,21177
up_proj,22,0,8,20884
act_fn,22,0,8,1211
down_proj,22,0,8,22360
final_layernorm,22,0,8,25263
lm_head,22,0,8,165093
embedding,23,0,8,3779
input_layernorm,23,0,8,24567
q_proj,23,0,8,8671
k_proj,23,0,8,3611
v_proj,23,0,8,3430
rope,23,0,8,8153
attn,23,0,8,1781
o_proj,23,0,8,6932
post_layernorm,23,0,8,25413
gate_proj,23,0,8,21245
up_proj,23,0,8,20964
act_fn,23,0,8,1218
down_proj,23,0,8,22386
final_layernorm,23,0,8,25283
lm_head,23,0,8,165015
embedding,24,0,8,3610
input_layernorm,24,0,8,24568
q_proj,24,0,8,8669
k_proj,24,0,8,3626
v_proj,24,0,8,3449
rope,24,0,8,8340
attn,24,0,8,1771
o_proj,24,0,8,6925
post_layernorm,24,0,8,25283
gate_proj,24,0,8,21240
up_proj,24,0,8,20957
act_fn,24,0,8,1240
down_proj,24,0,8,22441
final_layernorm,24,0,8,25159
lm_head,24,0,8,165697
embedding,25,0,8,3608
input_layernorm,25,0,8,24878
q_proj,25,0,8,8692
k_proj,25,0,8,3628
v_proj,25,0,8,3440
rope,25,0,8,8179
attn,25,0,8,1797
o_proj,25,0,8,6921
post_layernorm,25,0,8,25524
gate_proj,25,0,8,21294
up_proj,25,0,8,21012
act_fn,25,0,8,1253
down_proj,25,0,8,22453
final_layernorm,25,0,8,25296
lm_head,25,0,8,165455
embedding,26,0,8,3610
input_layernorm,26,0,8,24995
q_proj,26,0,8,8738
k_proj,26,0,8,3628
v_proj,26,0,8,3444
rope,26,0,8,8229
attn,26,0,8,1795
o_proj,26,0,8,6963
post_layernorm,26,0,8,25748
gate_proj,26,0,8,21336
up_proj,26,0,8,21001
act_fn,26,0,8,1253
down_proj,26,0,8,22556
final_layernorm,26,0,8,25556
lm_head,26,0,8,165510
embedding,27,0,8,3674
input_layernorm,27,0,8,24592
q_proj,27,0,8,8749
k_proj,27,0,8,3633
v_proj,27,0,8,3447
rope,27,0,8,8172
attn,27,0,8,1807
o_proj,27,0,8,6946
post_layernorm,27,0,8,25646
gate_proj,27,0,8,21328
up_proj,27,0,8,20988
act_fn,27,0,8,1289
down_proj,27,0,8,22510
final_layernorm,27,0,8,25558
lm_head,27,0,8,166202
embedding,28,0,8,3730
input_layernorm,28,0,8,24716
q_proj,28,0,8,8735
k_proj,28,0,8,3632
v_proj,28,0,8,3526
rope,28,0,8,8338
attn,28,0,8,1785
o_proj,28,0,8,6953
post_layernorm,28,0,8,25778
gate_proj,28,0,8,21462
up_proj,28,0,8,21032
act_fn,28,0,8,1276
down_proj,28,0,8,22518
final_layernorm,28,0,8,25673
lm_head,28,0,8,165843
embedding,29,0,8,3773
input_layernorm,29,0,8,24813
q_proj,29,0,8,8748
k_proj,29,0,8,3631
v_proj,29,0,8,3537
rope,29,0,8,8135
attn,29,0,8,1800
o_proj,29,0,8,6978
post_layernorm,29,0,8,25786
gate_proj,29,0,8,21448
up_proj,29,0,8,21023
act_fn,29,0,8,1279
down_proj,29,0,8,22579
final_layernorm,29,0,8,25666
lm_head,29,0,8,166156
embedding,30,0,8,3784
input_layernorm,30,0,8,25090
q_proj,30,0,8,8754
k_proj,30,0,8,3643
v_proj,30,0,8,3536
rope,30,0,8,8242
attn,30,0,8,1805
o_proj,30,0,8,6977
post_layernorm,30,0,8,25833
gate_proj,30,0,8,21443
up_proj,30,0,8,21001
act_fn,30,0,8,1299
down_proj,30,0,8,22388
final_layernorm,30,0,8,25680
lm_head,30,0,8,166457
embedding,31,0,8,3784
input_layernorm,31,0,8,25006
q_proj,31,0,8,8764
k_proj,31,0,8,3644
v_proj,31,0,8,3549
rope,31,0,8,8155
attn,31,0,8,1806
o_proj,31,0,8,6985
post_layernorm,31,0,8,25866
gate_proj,31,0,8,21316
up_proj,31,0,8,20973
act_fn,31,0,8,1312
down_proj,31,0,8,22476
final_layernorm,31,0,8,25821
lm_head,31,0,8,166780
embedding,32,0,8,3894
input_layernorm,32,0,8,24840
q_proj,32,0,8,8778
k_proj,32,0,8,3650
v_proj,32,0,8,3546
rope,32,0,8,8345
attn,32,0,8,1795
o_proj,32,0,8,7014
post_layernorm,32,0,8,25466
gate_proj,32,0,8,21359
up_proj,32,0,8,21057
act_fn,32,0,8,1313
down_proj,32,0,8,22517
final_layernorm,32,0,8,25485
lm_head,32,0,8,166471
embedding,33,0,8,3832
input_layernorm,33,0,8,24856
q_proj,33,0,8,8934
k_proj,33,0,8,3641
v_proj,33,0,8,3515
rope,33,0,8,8191
attn,33,0,8,1824
o_proj,33,0,8,6955
post_layernorm,33,0,8,25829
gate_proj,33,0,8,21444
up_proj,33,0,8,21071
act_fn,33,0,8,1341
down_proj,33,0,8,22501
final_layernorm,33,0,8,25745
lm_head,33,0,8,166084
embedding,34,0,8,3877
input_layernorm,34,0,8,24923
q_proj,34,0,8,9027
k_proj,34,0,8,3644
v_proj,34,0,8,3517
rope,34,0,8,8272
attn,34,0,8,1816
o_proj,34,0,8,7022
post_layernorm,34,0,8,25808
gate_proj,34,0,8,21432
up_proj,34,0,8,20949
act_fn,34,0,8,1335
down_proj,34,0,8,22540
final_layernorm,34,0,8,25755
lm_head,34,0,8,166399
embedding,35,0,8,3992
input_layernorm,35,0,8,24931
q_proj,35,0,8,8987
k_proj,35,0,8,3670
v_proj,35,0,8,3549
rope,35,0,8,8152
attn,35,0,8,1830
o_proj,35,0,8,7024
post_layernorm,35,0,8,25901
gate_proj,35,0,8,21450
up_proj,35,0,8,21102
act_fn,35,0,8,1327
down_proj,35,0,8,22440
final_layernorm,35,0,8,25702
lm_head,35,0,8,166053
embedding,36,0,8,3971
input_layernorm,36,0,8,25228
q_proj,36,0,8,8973
k_proj,36,0,8,3665
v_proj,36,0,8,3585
rope,36,0,8,8374
attn,36,0,8,1847
o_proj,36,0,8,7190
post_layernorm,36,0,8,25909
gate_proj,36,0,8,21405
up_proj,36,0,8,21071
act_fn,36,0,8,1357
down_proj,36,0,8,22560
final_layernorm,36,0,8,25772
lm_head,36,0,8,166613
embedding,37,0,8,4041
input_layernorm,37,0,8,25076
q_proj,37,0,8,9005
k_proj,37,0,8,3694
v_proj,37,0,8,3551
rope,37,0,8,8126
attn,37,0,8,1849
o_proj,37,0,8,7190
post_layernorm,37,0,8,26072
gate_proj,37,0,8,21535
up_proj,37,0,8,21118
act_fn,37,0,8,1350
down_proj,37,0,8,22618
final_layernorm,37,0,8,25941
lm_head,37,0,8,166875
embedding,38,0,8,4094
input_layernorm,38,0,8,25124
q_proj,38,0,8,9035
k_proj,38,0,8,3694
v_proj,38,0,8,3582
rope,38,0,8,8265
attn,38,0,8,1852
o_proj,38,0,8,7207
post_layernorm,38,0,8,26054
gate_proj,38,0,8,21798
up_proj,38,0,8,21106
act_fn,38,0,8,1370
down_proj,38,0,8,22623
final_layernorm,38,0,8,25955
lm_head,38,0,8,166678
embedding,39,0,8,4089
input_layernorm,39,0,8,25208
q_proj,39,0,8,9077
k_proj,39,0,8,3706
v_proj,39,0,8,3558
rope,39,0,8,8196
attn,39,0,8,1859
o_proj,39,0,8,7196
post_layernorm,39,0,8,26134
gate_proj,39,0,8,21549
up_proj,39,0,8,21037
act_fn,39,0,8,1377
down_proj,39,0,8,22672
final_layernorm,39,0,8,25975
lm_head,39,0,8,166446
embedding,40,0,8,4162
input_layernorm,40,0,8,25265
q_proj,40,0,8,9062
k_proj,40,0,8,3696
v_proj,40,0,8,3572
rope,40,0,8,8377
attn,40,0,8,1847
o_proj,40,0,8,7226
post_layernorm,40,0,8,25898
gate_proj,40,0,8,21834
up_proj,40,0,8,21066
act_fn,40,0,8,1390
down_proj,40,0,8,22645
final_layernorm,40,0,8,25705
lm_head,40,0,8,166688
embedding,41,0,8,4092
input_layernorm,41,0,8,25350
q_proj,41,0,8,9122
k_proj,41,0,8,3735
v_proj,41,0,8,3571
rope,41,0,8,8213
attn,41,0,8,1868
o_proj,41,0,8,7277
post_layernorm,41,0,8,26190
gate_proj,41,0,8,21681
up_proj,41,0,8,21118
act_fn,41,0,8,1392
down_proj,41,0,8,22656
final_layernorm,41,0,8,26037
lm_head,41,0,8,166865
embedding,42,0,8,4106
input_layernorm,42,0,8,25341
q_proj,42,0,8,8985
k_proj,42,0,8,3722
v_proj,42,0,8,3573
rope,42,0,8,8307
attn,42,0,8,1871
o_proj,42,0,8,7283
post_layernorm,42,0,8,26274
gate_proj,42,0,8,21578
up_proj,42,0,8,21177
act_fn,42,0,8,1410
down_proj,42,0,8,22739
final_layernorm,42,0,8,26167
lm_head,42,0,8,167654
embedding,43,0,8,4474
input_layernorm,43,0,8,25800
q_proj,43,0,8,8982
k_proj,43,0,8,3726
v_proj,43,0,8,3577
rope,43,0,8,8245
attn,43,0,8,1885
o_proj,43,0,8,7248
post_layernorm,43,0,8,26398
gate_proj,43,0,8,21652
up_proj,43,0,8,21041
act_fn,43,0,8,1408
down_proj,43,0,8,22746
final_layernorm,43,0,8,26213
lm_head,43,0,8,168290
embedding,44,0,8,4430
input_layernorm,44,0,8,25805
q_proj,44,0,8,9016
k_proj,44,0,8,3737
v_proj,44,0,8,3607
rope,44,0,8,8457
attn,44,0,8,1863
o_proj,44,0,8,7266
post_layernorm,44,0,8,26357
gate_proj,44,0,8,21624
up_proj,44,0,8,21084
act_fn,44,0,8,1416
down_proj,44,0,8,22789
final_layernorm,44,0,8,26232
lm_head,44,0,8,167927
embedding,45,0,8,4516
input_layernorm,45,0,8,25963
q_proj,45,0,8,9061
k_proj,45,0,8,3743
v_proj,45,0,8,3597
rope,45,0,8,8308
attn,45,0,8,1885
o_proj,45,0,8,7254
post_layernorm,45,0,8,26558
gate_proj,45,0,8,21628
up_proj,45,0,8,21092
act_fn,45,0,8,1423
down_proj,45,0,8,22841
final_layernorm,45,0,8,26362
lm_head,45,0,8,167542
embedding,46,0,8,4540
input_layernorm,46,0,8,25595
q_proj,46,0,8,8893
k_proj,46,0,8,3727
v_proj,46,0,8,3428
rope,46,0,8,8387
attn,46,0,8,1891
o_proj,46,0,8,7248
post_layernorm,46,0,8,26467
gate_proj,46,0,8,21601
up_proj,46,0,8,21190
act_fn,46,0,8,1434
down_proj,46,0,8,22836
final_layernorm,46,0,8,26192
lm_head,46,0,8,167326
embedding,47,0,8,4525
input_layernorm,47,0,8,25930
q_proj,47,0,8,8963
k_proj,47,0,8,3746
v_proj,47,0,8,3425
rope,47,0,8,8302
attn,47,0,8,1896
o_proj,47,0,8,7264
post_layernorm,47,0,8,26515
gate_proj,47,0,8,21793
up_proj,47,0,8,21150
act_fn,47,0,8,1435
down_proj,47,0,8,22882
final_layernorm,47,0,8,26419
lm_head,47,0,8,167393
embedding,48,0,8,4585
input_layernorm,48,0,8,25585
q_proj,48,0,8,8941
k_proj,48,0,8,3752
v_proj,48,0,8,3431
rope,48,0,8,8491
attn,48,0,8,1887
o_proj,48,0,8,7215
post_layernorm,48,0,8,26245
gate_proj,48,0,8,21915
up_proj,48,0,8,21121
act_fn,48,0,8,1454
down_proj,48,0,8,22996
final_layernorm,48,0,8,26029
lm_head,48,0,8,167896
embedding,49,0,8,4594
input_layernorm,49,0,8,25863
q_proj,49,0,8,9165
k_proj,49,0,8,3762
v_proj,49,0,8,3419
rope,49,0,8,8568
attn,49,0,8,1901
o_proj,49,0,8,7222
post_layernorm,49,0,8,26790
gate_proj,49,0,8,21686
up_proj,49,0,8,21114
act_fn,49,0,8,1464
down_proj,49,0,8,23046
final_layernorm,49,0,8,26628
lm_head,49,0,8,167375
embedding,50,0,8,4599
input_layernorm,50,0,8,25987
q_proj,50,0,8,9152
k_proj,50,0,8,3760
v_proj,50,0,8,3451
rope,50,0,8,8554
attn,50,0,8,1905
o_proj,50,0,8,7214
post_layernorm,50,0,8,26983
gate_proj,50,0,8,21930
up_proj,50,0,8,21118
act_fn,50,0,8,1478
down_proj,50,0,8,23004
final_layernorm,50,0,8,26767
lm_head,50,0,8,168253
embedding,51,0,8,4673
input_layernorm,51,0,8,25991
q_proj,51,0,8,9185
k_proj,51,0,8,3767
v_proj,51,0,8,3454
rope,51,0,8,8533
attn,51,0,8,1919
o_proj,51,0,8,7194
post_layernorm,51,0,8,26835
gate_proj,51,0,8,21766
up_proj,51,0,8,21164
act_fn,51,0,8,1493
down_proj,51,0,8,23011
final_layernorm,51,0,8,26660
lm_head,51,0,8,168263
embedding,52,0,8,4619
input_layernorm,52,0,8,26179
q_proj,52,0,8,9171
k_proj,52,0,8,3757
v_proj,52,0,8,3458
rope,52,0,8,8659
attn,52,0,8,1908
o_proj,52,0,8,7246
post_layernorm,52,0,8,26992
gate_proj,52,0,8,21923
up_proj,52,0,8,21360
act_fn,52,0,8,1511
down_proj,52,0,8,23041
final_layernorm,52,0,8,26623
lm_head,52,0,8,168196
embedding,53,0,8,4806
input_layernorm,53,0,8,26092
q_proj,53,0,8,9144
k_proj,53,0,8,3767
v_proj,53,0,8,3465
rope,53,0,8,8544
attn,53,0,8,1926
o_proj,53,0,8,7215
post_layernorm,53,0,8,26796
gate_proj,53,0,8,21879
up_proj,53,0,8,21227
act_fn,53,0,8,1503
down_proj,53,0,8,23121
final_layernorm,53,0,8,26776
lm_head,53,0,8,168689
embedding,54,0,8,4690
input_layernorm,54,0,8,26184
q_proj,54,0,8,9182
k_proj,54,0,8,3780
v_proj,54,0,8,3467
rope,54,0,8,8613
attn,54,0,8,1926
o_proj,54,0,8,7228
post_layernorm,54,0,8,27030
gate_proj,54,0,8,21923
up_proj,54,0,8,21280
act_fn,54,0,8,1524
down_proj,54,0,8,23011
final_layernorm,54,0,8,26733
lm_head,54,0,8,168665
embedding,55,0,8,4692
input_layernorm,55,0,8,26244
q_proj,55,0,8,9162
k_proj,55,0,8,3779
v_proj,55,0,8,3481
rope,55,0,8,8574
attn,55,0,8,1940
o_proj,55,0,8,7247
post_layernorm,55,0,8,27161
gate_proj,55,0,8,21956
up_proj,55,0,8,21401
act_fn,55,0,8,1521
down_proj,55,0,8,23270
final_layernorm,55,0,8,26745
lm_head,55,0,8,168479
embedding,56,0,8,4709
input_layernorm,56,0,8,26104
q_proj,56,0,8,9152
k_proj,56,0,8,3780
v_proj,56,0,8,3471
rope,56,0,8,8507
attn,56,0,8,1930
o_proj,56,0,8,7306
post_layernorm,56,0,8,26967
gate_proj,56,0,8,21972
up_proj,56,0,8,21266
act_fn,56,0,8,1533
down_proj,56,0,8,23381
final_layernorm,56,0,8,26502
lm_head,56,0,8,168431
embedding,57,0,8,4792
input_layernorm,57,0,8,26223
q_proj,57,0,8,9190
k_proj,57,0,8,3804
v_proj,57,0,8,3465
rope,57,0,8,8575
attn,57,0,8,1933
o_proj,57,0,8,7400
post_layernorm,57,0,8,27013
gate_proj,57,0,8,21940
up_proj,57,0,8,21371
act_fn,57,0,8,1558
down_proj,57,0,8,23723
final_layernorm,57,0,8,26632
lm_head,57,0,8,168643
embedding,58,0,8,4955
input_layernorm,58,0,8,26174
q_proj,58,0,8,9172
k_proj,58,0,8,3800
v_proj,58,0,8,3455
rope,58,0,8,8636
attn,58,0,8,1936
o_proj,58,0,8,7429
post_layernorm,58,0,8,27172
gate_proj,58,0,8,21991
up_proj,58,0,8,21364
act_fn,58,0,8,1548
down_proj,58,0,8,23796
final_layernorm,58,0,8,26784
lm_head,58,0,8,168544
embedding,59,0,8,4956
input_layernorm,59,0,8,26391
q_proj,59,0,8,9416
k_proj,59,0,8,3836
v_proj,59,0,8,3614
rope,59,0,8,8569
attn,59,0,8,1948
o_proj,59,0,8,7544
post_layernorm,59,0,8,27352
gate_proj,59,0,8,21929
up_proj,59,0,8,21211
act_fn,59,0,8,1562
down_proj,59,0,8,23696
final_layernorm,59,0,8,26865
lm_head,59,0,8,168640
embedding,60,0,8,5004
input_layernorm,60,0,8,26260
q_proj,60,0,8,9402
k_proj,60,0,8,3824
v_proj,60,0,8,3610
rope,60,0,8,8737
attn,60,0,8,1942
o_proj,60,0,8,7438
post_layernorm,60,0,8,27495
gate_proj,60,0,8,22077
up_proj,60,0,8,21339
act_fn,60,0,8,1571
down_proj,60,0,8,23763
final_layernorm,60,0,8,26757
lm_head,60,0,8,169792
embedding,61,0,8,5037
input_layernorm,61,0,8,26380
q_proj,61,0,8,9386
k_proj,61,0,8,3832
v_proj,61,0,8,3639
rope,61,0,8,8581
attn,61,0,8,1963
o_proj,61,0,8,7532
post_layernorm,61,0,8,27229
gate_proj,61,0,8,21957
up_proj,61,0,8,21270
act_fn,61,0,8,1566
down_proj,61,0,8,23714
final_layernorm,61,0,8,26695
lm_head,61,0,8,168776
embedding,62,0,8,5071
input_layernorm,62,0,8,26497
q_proj,62,0,8,9395
k_proj,62,0,8,3849
v_proj,62,0,8,3637
rope,62,0,8,8649
attn,62,0,8,1960
o_proj,62,0,8,7451
post_layernorm,62,0,8,27491
gate_proj,62,0,8,21992
up_proj,62,0,8,21330
act_fn,62,0,8,1602
down_proj,62,0,8,23761
final_layernorm,62,0,8,26796
lm_head,62,0,8,169756
embedding,63,0,8,5055
input_layernorm,63,0,8,26491
q_proj,63,0,8,9408
k_proj,63,0,8,3842
v_proj,63,0,8,3625
rope,63,0,8,8575
attn,63,0,8,1979
o_proj,63,0,8,7490
post_layernorm,63,0,8,27538
gate_proj,63,0,8,21987
up_proj,63,0,8,21389
act_fn,63,0,8,1613
down_proj,63,0,8,23801
final_layernorm,63,0,8,26672
lm_head,63,0,8,169473
embedding,64,0,8,5106
input_layernorm,64,0,8,26290
q_proj,64,0,8,9389
k_proj,64,0,8,3889
v_proj,64,0,8,3729
rope,64,0,8,8872
attn,64,0,8,1768
o_proj,64,0,8,7336
post_layernorm,64,0,8,27257
gate_proj,64,0,8,21940
up_proj,64,0,8,21265
act_fn,64,0,8,1614
down_proj,64,0,8,23919
final_layernorm,64,0,8,27154
lm_head,64,0,8,169013
embedding,65,0,8,5177
input_layernorm,65,0,8,26684
q_proj,65,0,8,9274
k_proj,65,0,8,4323
v_proj,65,0,8,3917
rope,65,0,8,8809
attn,65,0,8,2422
o_proj,65,0,8,7663
post_layernorm,65,0,8,27546
gate_proj,65,0,8,24948
up_proj,65,0,8,24851
act_fn,65,0,8,1542
down_proj,65,0,8,30280
final_layernorm,65,0,8,27543
lm_head,65,0,8,171104
embedding,66,0,8,5298
input_layernorm,66,0,8,26662
q_proj,66,0,8,9299
k_proj,66,0,8,4301
v_proj,66,0,8,3946
rope,66,0,8,8830
attn,66,0,8,2401
o_proj,66,0,8,7681
post_layernorm,66,0,8,27748
gate_proj,66,0,8,24965
up_proj,66,0,8,24852
act_fn,66,0,8,1555
down_proj,66,0,8,30300
final_layernorm,66,0,8,27587
lm_head,66,0,8,171165
embedding,67,0,8,5383
input_layernorm,67,0,8,27250
q_proj,67,0,8,8594
k_proj,67,0,8,4319
v_proj,67,0,8,3977
rope,67,0,8,8798
attn,67,0,8,2410
o_proj,67,0,8,7676
post_layernorm,67,0,8,27848
gate_proj,67,0,8,24974
up_proj,67,0,8,25028
act_fn,67,0,8,1553
down_proj,67,0,8,30323
final_layernorm,67,0,8,27762
lm_head,67,0,8,171214
embedding,68,0,8,5277
input_layernorm,68,0,8,26833
q_proj,68,0,8,8599
k_proj,68,0,8,4307
v_proj,68,0,8,3997
rope,68,0,8,8938
attn,68,0,8,2388
o_proj,68,0,8,7737
post_layernorm,68,0,8,27778
gate_proj,68,0,8,24989
up_proj,68,0,8,25038
act_fn,68,0,8,1562
down_proj,68,0,8,30326
final_layernorm,68,0,8,27694
lm_head,68,0,8,170903
embedding,69,0,8,5431
input_layernorm,69,0,8,27033
q_proj,69,0,8,8575
k_proj,69,0,8,4312
v_proj,69,0,8,3995
rope,69,0,8,8815
attn,69,0,8,2446
o_proj,69,0,8,7747
post_layernorm,69,0,8,27739
gate_proj,69,0,8,25047
up_proj,69,0,8,24992
act_fn,69,0,8,1583
down_proj,69,0,8,30370
final_layernorm,69,0,8,27684
lm_head,69,0,8,171455
embedding,70,0,8,5381
input_layernorm,70,0,8,27239
q_proj,70,0,8,8598
k_proj,70,0,8,4343
v_proj,70,0,8,3993
rope,70,0,8,8848
attn,70,0,8,2439
o_proj,70,0,8,7730
post_layernorm,70,0,8,27828
gate_proj,70,0,8,25035
up_proj,70,0,8,25042
act_fn,70,0,8,1593
down_proj,70,0,8,30364
final_layernorm,70,0,8,27738
lm_head,70,0,8,172103
embedding,71,0,8,5516
input_layernorm,71,0,8,26947
q_proj,71,0,8,10074
k_proj,71,0,8,4379
v_proj,71,0,8,4223
rope,71,0,8,8816
attn,71,0,8,2441
o_proj,71,0,8,7698
post_layernorm,71,0,8,27804
gate_proj,71,0,8,24950
up_proj,71,0,8,25155
act_fn,71,0,8,1608
down_proj,71,0,8,30433
final_layernorm,71,0,8,27695
lm_head,71,0,8,171680
embedding,72,0,8,5400
input_layernorm,72,0,8,26995
q_proj,72,0,8,10075
k_proj,72,0,8,4416
v_proj,72,0,8,4278
rope,72,0,8,8965
attn,72,0,8,2443
o_proj,72,0,8,7746
post_layernorm,72,0,8,27678
gate_proj,72,0,8,24962
up_proj,72,0,8,25126
act_fn,72,0,8,1625
down_proj,72,0,8,30441
final_layernorm,72,0,8,27501
lm_head,72,0,8,171692
embedding,73,0,8,5619
input_layernorm,73,0,8,27062
q_proj,73,0,8,8708
k_proj,73,0,8,4341
v_proj,73,0,8,3975
rope,73,0,8,8835
attn,73,0,8,2453
o_proj,73,0,8,7687
post_layernorm,73,0,8,28134
gate_proj,73,0,8,24935
up_proj,73,0,8,25138
act_fn,73,0,8,1639
down_proj,73,0,8,30430
final_layernorm,73,0,8,27906
lm_head,73,0,8,172063
embedding,74,0,8,5616
input_layernorm,74,0,8,27243
q_proj,74,0,8,8711
k_proj,74,0,8,4377
v_proj,74,0,8,4019
rope,74,0,8,8905
attn,74,0,8,2432
o_proj,74,0,8,7728
post_layernorm,74,0,8,28142
gate_proj,74,0,8,25068
up_proj,74,0,8,25196
act_fn,74,0,8,1642
down_proj,74,0,8,30382
final_layernorm,74,0,8,28022
lm_head,74,0,8,172090
embedding,75,0,8,5750
input_layernorm,75,0,8,27325
q_proj,75,0,8,10133
k_proj,75,0,8,4411
v_proj,75,0,8,4263
rope,75,0,8,8868
attn,75,0,8,2461
o_proj,75,0,8,7779
post_layernorm,75,0,8,28099
gate_proj,75,0,8,24976
up_proj,75,0,8,25247
act_fn,75,0,8,1665
down_proj,75,0,8,30427
final_layernorm,75,0,8,28010
lm_head,75,0,8,171966
embedding,76,0,8,5670
input_layernorm,76,0,8,27484
q_proj,76,0,8,10127
k_proj,76,0,8,4430
v_proj,76,0,8,4285
rope,76,0,8,8974
attn,76,0,8,2456
o_proj,76,0,8,7735
post_layernorm,76,0,8,28223
gate_proj,76,0,8,25074
up_proj,76,0,8,25264
act_fn,76,0,8,1718
down_proj,76,0,8,30462
final_layernorm,76,0,8,28022
lm_head,76,0,8,172747
embedding,77,0,8,5831
input_layernorm,77,0,8,27418
q_proj,77,0,8,10152
k_proj,77,0,8,4427
v_proj,77,0,8,4292
rope,77,0,8,8841
attn,77,0,8,2454
o_proj,77,0,8,7803
post_layernorm,77,0,8,28350
gate_proj,77,0,8,25037
up_proj,77,0,8,25207
act_fn,77,0,8,1739
down_proj,77,0,8,30529
final_layernorm,77,0,8,28075
lm_head,77,0,8,171504
embedding,78,0,8,5718
input_layernorm,78,0,8,27410
q_proj,78,0,8,10148
k_proj,78,0,8,4450
v_proj,78,0,8,4340
rope,78,0,8,8914
attn,78,0,8,2459
o_proj,78,0,8,7800
post_layernorm,78,0,8,28202
gate_proj,78,0,8,25060
up_proj,78,0,8,25256
act_fn,78,0,8,1791
down_proj,78,0,8,30521
final_layernorm,78,0,8,28096
lm_head,78,0,8,171519
embedding,79,0,8,5741
input_layernorm,79,0,8,27485
q_proj,79,0,8,10187
k_proj,79,0,8,4451
v_proj,79,0,8,4338
rope,79,0,8,8877
attn,79,0,8,2465
o_proj,79,0,8,7773
post_layernorm,79,0,8,28419
gate_proj,79,0,8,25073
up_proj,79,0,8,25278
act_fn,79,0,8,1753
down_proj,79,0,8,30590
final_layernorm,79,0,8,28170
lm_head,79,0,8,171587
embedding,80,0,8,5941
input_layernorm,80,0,8,27373
q_proj,80,0,8,10165
k_proj,80,0,8,4467
v_proj,80,0,8,4387
rope,80,0,8,9008
attn,80,0,8,2446
o_proj,80,0,8,7755
post_layernorm,80,0,8,28028
gate_proj,80,0,8,25095
up_proj,80,0,8,25299
act_fn,80,0,8,1818
down_proj,80,0,8,30706
final_layernorm,80,0,8,27876
lm_head,80,0,8,171868
embedding,81,0,8,5921
input_layernorm,81,0,8,28030
q_proj,81,0,8,10192
k_proj,81,0,8,4471
v_proj,81,0,8,4397
rope,81,0,8,8879
attn,81,0,8,2475
o_proj,81,0,8,7817
post_layernorm,81,0,8,28548
gate_proj,81,0,8,25283
up_proj,81,0,8,25540
act_fn,81,0,8,1812
down_proj,81,0,8,30904
final_layernorm,81,0,8,28413
lm_head,81,0,8,172721
embedding,82,0,8,5975
input_layernorm,82,0,8,27615
q_proj,82,0,8,10191
k_proj,82,0,8,4492
v_proj,82,0,8,4432
rope,82,0,8,8946
attn,82,0,8,2465
o_proj,82,0,8,7860
post_layernorm,82,0,8,28642
gate_proj,82,0,8,25349
up_proj,82,0,8,25417
act_fn,82,0,8,1894
down_proj,82,0,8,30894
final_layernorm,82,0,8,28471
lm_head,82,0,8,171871
embedding,83,0,8,5878
input_layernorm,83,0,8,28173
q_proj,83,0,8,10212
k_proj,83,0,8,4504
v_proj,83,0,8,4387
rope,83,0,8,8920
attn,83,0,8,2482
o_proj,83,0,8,7787
post_layernorm,83,0,8,28777
gate_proj,83,0,8,25396
up_proj,83,0,8,24797
act_fn,83,0,8,1784
down_proj,83,0,8,23763
final_layernorm,83,0,8,28588
lm_head,83,0,8,172003
embedding,84,0,8,5966
input_layernorm,84,0,8,27656
q_proj,84,0,8,10198
k_proj,84,0,8,4514
v_proj,84,0,8,4401
rope,84,0,8,9050
attn,84,0,8,2447
o_proj,84,0,8,7806
post_layernorm,84,0,8,28800
gate_proj,84,0,8,25421
up_proj,84,0,8,24815
act_fn,84,0,8,1789
down_proj,84,0,8,23785
final_layernorm,84,0,8,28567
lm_head,84,0,8,172154
embedding,85,0,8,6013
input_layernorm,85,0,8,27995
q_proj,85,0,8,10228
k_proj,85,0,8,4518
v_proj,85,0,8,4384
rope,85,0,8,9042
attn,85,0,8,2479
o_proj,85,0,8,7805
post_layernorm,85,0,8,28792
gate_proj,85,0,8,25438
up_proj,85,0,8,24888
act_fn,85,0,8,1794
down_proj,85,0,8,23758
final_layernorm,85,0,8,28635
lm_head,85,0,8,172146
embedding,86,0,8,6017
input_layernorm,86,0,8,27816
q_proj,86,0,8,10229
k_proj,86,0,8,4525
v_proj,86,0,8,4410
rope,86,0,8,9084
attn,86,0,8,2468
o_proj,86,0,8,7887
post_layernorm,86,0,8,28839
gate_proj,86,0,8,25436
up_proj,86,0,8,25025
act_fn,86,0,8,1789
down_proj,86,0,8,23775
final_layernorm,86,0,8,28661
lm_head,86,0,8,172416
embedding,87,0,8,6266
input_layernorm,87,0,8,28198
q_proj,87,0,8,10227
k_proj,87,0,8,4570
v_proj,87,0,8,4375
rope,87,0,8,9053
attn,87,0,8,2470
o_proj,87,0,8,7859
post_layernorm,87,0,8,28884
gate_proj,87,0,8,25469
up_proj,87,0,8,25031
act_fn,87,0,8,1813
down_proj,87,0,8,23750
final_layernorm,87,0,8,28698
lm_head,87,0,8,172458
embedding,88,0,8,6103
input_layernorm,88,0,8,27826
q_proj,88,0,8,10260
k_proj,88,0,8,4544
v_proj,88,0,8,4431
rope,88,0,8,9212
attn,88,0,8,2471
o_proj,88,0,8,7896
post_layernorm,88,0,8,28582
gate_proj,88,0,8,25438
up_proj,88,0,8,25045
act_fn,88,0,8,1821
down_proj,88,0,8,23773
final_layernorm,88,0,8,28311
lm_head,88,0,8,172456
embedding,89,0,8,6156
input_layernorm,89,0,8,28174
q_proj,89,0,8,10269
k_proj,89,0,8,4571
v_proj,89,0,8,4409
rope,89,0,8,9094
attn,89,0,8,2457
o_proj,89,0,8,7891
post_layernorm,89,0,8,29047
gate_proj,89,0,8,25429
up_proj,89,0,8,25062
act_fn,89,0,8,1834
down_proj,89,0,8,23748
final_layernorm,89,0,8,28826
lm_head,89,0,8,172532
embedding,90,0,8,6415
input_layernorm,90,0,8,27933
q_proj,90,0,8,10248
k_proj,90,0,8,4579
v_proj,90,0,8,4438
rope,90,0,8,9133
attn,90,0,8,2480
o_proj,90,0,8,7877
post_layernorm,90,0,8,29010
gate_proj,90,0,8,25414
up_proj,90,0,8,25139
act_fn,90,0,8,1845
down_proj,90,0,8,23764
final_layernorm,90,0,8,28823
lm_head,90,0,8,172614
embedding,91,0,8,6266
input_layernorm,91,0,8,28115
q_proj,91,0,8,10255
k_proj,91,0,8,4636
v_proj,91,0,8,4495
rope,91,0,8,9074
attn,91,0,8,2489
o_proj,91,0,8,7978
post_layernorm,91,0,8,29046
gate_proj,91,0,8,25439
up_proj,91,0,8,24986
act_fn,91,0,8,1841
down_proj,91,0,8,23791
final_layernorm,91,0,8,28871
lm_head,91,0,8,172964
embedding,92,0,8,6292
input_layernorm,92,0,8,28273
q_proj,92,0,8,10231
k_proj,92,0,8,4609
v_proj,92,0,8,4514
rope,92,0,8,9212
attn,92,0,8,2450
o_proj,92,0,8,7871
post_layernorm,92,0,8,29267
gate_proj,92,0,8,25461
up_proj,92,0,8,25110
act_fn,92,0,8,1855
down_proj,92,0,8,23797
final_layernorm,92,0,8,29078
lm_head,92,0,8,172707
embedding,93,0,8,6531
input_layernorm,93,0,8,28289
q_proj,93,0,8,10235
k_proj,93,0,8,4638
v_proj,93,0,8,4483
rope,93,0,8,9124
attn,93,0,8,2476
o_proj,93,0,8,7900
post_layernorm,93,0,8,29127
gate_proj,93,0,8,25427
up_proj,93,0,8,25136
act_fn,93,0,8,1901
down_proj,93,0,8,23792
final_layernorm,93,0,8,28970
lm_head,93,0,8,172626
embedding,94,0,8,6396
input_layernorm,94,0,8,28322
q_proj,94,0,8,10264
k_proj,94,0,8,4653
v_proj,94,0,8,4539
rope,94,0,8,9175
attn,94,0,8,2488
o_proj,94,0,8,7931
post_layernorm,94,0,8,29187
gate_proj,94,0,8,25436
up_proj,94,0,8,25181
act_fn,94,0,8,1884
down_proj,94,0,8,23801
final_layernorm,94,0,8,29062
lm_head,94,0,8,172815
embedding,95,0,8,6683
input_layernorm,95,0,8,28236
q_proj,95,0,8,10247
k_proj,95,0,8,4698
v_proj,95,0,8,4487
rope,95,0,8,9145
attn,95,0,8,2477
o_proj,95,0,8,7847
post_layernorm,95,0,8,29190
gate_proj,95,0,8,25487
up_proj,95,0,8,25150
act_fn,95,0,8,1914
down_proj,95,0,8,23846
final_layernorm,95,0,8,29000
lm_head,95,0,8,172891
embedding,96,0,8,6574
input_layernorm,96,0,8,28115
q_proj,96,0,8,10256
k_proj,96,0,8,4686
v_proj,96,0,8,4558
rope,96,0,8,9302
attn,96,0,8,2460
o_proj,96,0,8,7891
post_layernorm,96,0,8,28874
gate_proj,96,0,8,25480
up_proj,96,0,8,25232
act_fn,96,0,8,1920
down_proj,96,0,8,23825
final_layernorm,96,0,8,28623
lm_head,96,0,8,172953
embedding,97,0,8,6463
input_layernorm,97,0,8,28252
q_proj,97,0,8,10295
k_proj,97,0,8,4668
v_proj,97,0,8,4502
rope,97,0,8,9213
attn,97,0,8,2488
o_proj,97,0,8,7871
post_layernorm,97,0,8,29245
gate_proj,97,0,8,25464
up_proj,97,0,8,25189
act_fn,97,0,8,1935
down_proj,97,0,8,23864
final_layernorm,97,0,8,29002
lm_head,97,0,8,172927
embedding,98,0,8,6615
input_layernorm,98,0,8,28268
q_proj,98,0,8,10278
k_proj,98,0,8,4705
v_proj,98,0,8,4552
rope,98,0,8,9223
attn,98,0,8,2506
o_proj,98,0,8,7951
post_layernorm,98,0,8,29172
gate_proj,98,0,8,25504
up_proj,98,0,8,25215
act_fn,98,0,8,1936
down_proj,98,0,8,23843
final_layernorm,98,0,8,28910
lm_head,98,0,8,172946
embedding,99,0,8,6553
input_layernorm,99,0,8,28392
q_proj,99,0,8,10285
k_proj,99,0,8,4729
v_proj,99,0,8,4526
rope,99,0,8,9176
attn,99,0,8,2501
o_proj,99,0,8,7957
post_layernorm,99,0,8,29194
gate_proj,99,0,8,25505
up_proj,99,0,8,25230
act_fn,99,0,8,1961
down_proj,99,0,8,23888
final_layernorm,99,0,8,28971
lm_head,99,0,8,173054
embedding,100,0,8,6613
input_layernorm,100,0,8,28388
q_proj,100,0,8,10312
k_proj,100,0,8,4731
v_proj,100,0,8,4559
rope,100,0,8,9319
attn,100,0,8,2499
o_proj,100,0,8,7926
post_layernorm,100,0,8,29411
gate_proj,100,0,8,25511
up_proj,100,0,8,25209
act_fn,100,0,8,1980
down_proj,100,0,8,23868
final_layernorm,100,0,8,29112
lm_head,100,0,8,173103
embedding,101,0,8,6909
input_layernorm,101,0,8,28510
q_proj,101,0,8,10327
k_proj,101,0,8,4708
v_proj,101,0,8,4549
rope,101,0,8,9199
attn,101,0,8,2506
o_proj,101,0,8,7910
post_layernorm,101,0,8,29287
gate_proj,101,0,8,25517
up_proj,101,0,8,25182
act_fn,101,0,8,1995
down_proj,101,0,8,23879
final_layernorm,101,0,8,29076
lm_head,101,0,8,173258
embedding,102,0,8,6879
input_layernorm,102,0,8,28651
q_proj,102,0,8,10331
k_proj,102,0,8,4732
v_proj,102,0,8,4543
rope,102,0,8,9244
attn,102,0,8,2507
o_proj,102,0,8,7895
post_layernorm,102,0,8,29367
gate_proj,102,0,8,25510
up_proj,102,0,8,25198
act_fn,102,0,8,2005
down_proj,102,0,8,23858
final_layernorm,102,0,8,29153
lm_head,102,0,8,173267
embedding,103,0,8,7026
input_layernorm,103,0,8,28592
q_proj,103,0,8,10374
k_proj,103,0,8,4801
v_proj,103,0,8,4533
rope,103,0,8,9233
attn,103,0,8,2512
o_proj,103,0,8,7915
post_layernorm,103,0,8,29326
gate_proj,103,0,8,25579
up_proj,103,0,8,25099
act_fn,103,0,8,1993
down_proj,103,0,8,23886
final_layernorm,103,0,8,29146
lm_head,103,0,8,173463
embedding,104,0,8,6952
input_layernorm,104,0,8,28332
q_proj,104,0,8,10365
k_proj,104,0,8,4763
v_proj,104,0,8,4549
rope,104,0,8,9367
attn,104,0,8,2509
o_proj,104,0,8,7908
post_layernorm,104,0,8,29087
gate_proj,104,0,8,25719
up_proj,104,0,8,25049
act_fn,104,0,8,2001
down_proj,104,0,8,23884
final_layernorm,104,0,8,28883
lm_head,104,0,8,173242
embedding,105,0,8,6762
input_layernorm,105,0,8,28747
q_proj,105,0,8,10313
k_proj,105,0,8,4732
v_proj,105,0,8,4650
rope,105,0,8,9244
attn,105,0,8,2535
o_proj,105,0,8,7940
post_layernorm,105,0,8,29418
gate_proj,105,0,8,25546
up_proj,105,0,8,24929
act_fn,105,0,8,2004
down_proj,105,0,8,23918
final_layernorm,105,0,8,29227
lm_head,105,0,8,173479
embedding,106,0,8,6954
input_layernorm,106,0,8,28758
q_proj,106,0,8,8824
k_proj,106,0,8,4529
v_proj,106,0,8,4262
rope,106,0,8,9279
attn,106,0,8,2515
o_proj,106,0,8,7817
post_layernorm,106,0,8,29468
gate_proj,106,0,8,25597
up_proj,106,0,8,25334
act_fn,106,0,8,2021
down_proj,106,0,8,23950
final_layernorm,106,0,8,29361
lm_head,106,0,8,174347
embedding,107,0,8,6905
input_layernorm,107,0,8,28838
q_proj,107,0,8,8793
k_proj,107,0,8,4566
v_proj,107,0,8,4230
rope,107,0,8,9261
attn,107,0,8,2526
o_proj,107,0,8,7937
post_layernorm,107,0,8,29627
gate_proj,107,0,8,25710
up_proj,107,0,8,25017
act_fn,107,0,8,2033
down_proj,107,0,8,23893
final_layernorm,107,0,8,29455
lm_head,107,0,8,173257
embedding,108,0,8,6973
input_layernorm,108,0,8,28761
q_proj,108,0,8,8791
k_proj,108,0,8,4558
v_proj,108,0,8,4159
rope,108,0,8,9391
attn,108,0,8,2510
o_proj,108,0,8,7929
post_layernorm,108,0,8,29541
gate_proj,108,0,8,25632
up_proj,108,0,8,25115
act_fn,108,0,8,2050
down_proj,108,0,8,23909
final_layernorm,108,0,8,29377
lm_head,108,0,8,173654
embedding,109,0,8,6939
input_layernorm,109,0,8,28694
q_proj,109,0,8,8712
k_proj,109,0,8,4599
v_proj,109,0,8,4230
rope,109,0,8,9338
attn,109,0,8,2527
o_proj,109,0,8,7938
post_layernorm,109,0,8,29492
gate_proj,109,0,8,25650
up_proj,109,0,8,25233
act_fn,109,0,8,2056
down_proj,109,0,8,23890
final_layernorm,109,0,8,29352
lm_head,109,0,8,173936
embedding,110,0,8,7028
input_layernorm,110,0,8,28926
q_proj,110,0,8,8813
k_proj,110,0,8,4574
v_proj,110,0,8,4178
rope,110,0,8,9325
attn,110,0,8,2530
o_proj,110,0,8,7937
post_layernorm,110,0,8,29722
gate_proj,110,0,8,25590
up_proj,110,0,8,25155
act_fn,110,0,8,2116
down_proj,110,0,8,23888
final_layernorm,110,0,8,29547
lm_head,110,0,8,173853
embedding,111,0,8,7169
input_layernorm,111,0,8,28944
q_proj,111,0,8,8705
k_proj,111,0,8,4591
v_proj,111,0,8,4210
rope,111,0,8,9368
attn,111,0,8,2560
o_proj,111,0,8,7936
post_layernorm,111,0,8,29771
gate_proj,111,0,8,25617
up_proj,111,0,8,25175
act_fn,111,0,8,2104
down_proj,111,0,8,23912
final_layernorm,111,0,8,29616
lm_head,111,0,8,174010
embedding,112,0,8,7081
input_layernorm,112,0,8,28840
q_proj,112,0,8,8828
k_proj,112,0,8,4582
v_proj,112,0,8,4206
rope,112,0,8,9419
attn,112,0,8,2534
o_proj,112,0,8,7940
post_layernorm,112,0,8,29515
gate_proj,112,0,8,25638
up_proj,112,0,8,25136
act_fn,112,0,8,2119
down_proj,112,0,8,23901
final_layernorm,112,0,8,29399
lm_head,112,0,8,174069
embedding,113,0,8,7306
input_layernorm,113,0,8,29094
q_proj,113,0,8,8741
k_proj,113,0,8,4610
v_proj,113,0,8,4247
rope,113,0,8,9320
attn,113,0,8,2545
o_proj,113,0,8,7958
post_layernorm,113,0,8,29943
gate_proj,113,0,8,25637
up_proj,113,0,8,25119
act_fn,113,0,8,2123
down_proj,113,0,8,23909
final_layernorm,113,0,8,29826
lm_head,113,0,8,174230
embedding,114,0,8,7283
input_layernorm,114,0,8,29052
q_proj,114,0,8,8823
k_proj,114,0,8,4587
v_proj,114,0,8,4218
rope,114,0,8,9360
attn,114,0,8,2562
o_proj,114,0,8,7890
post_layernorm,114,0,8,29931
gate_proj,114,0,8,25638
up_proj,114,0,8,25149
act_fn,114,0,8,2148
down_proj,114,0,8,23939
final_layernorm,114,0,8,29785
lm_head,114,0,8,174121
embedding,115,0,8,7192
input_layernorm,115,0,8,29140
q_proj,115,0,8,8845
k_proj,115,0,8,4628
v_proj,115,0,8,4267
rope,115,0,8,9319
attn,115,0,8,2569
o_proj,115,0,8,7857
post_layernorm,115,0,8,29982
gate_proj,115,0,8,25713
up_proj,115,0,8,25147
act_fn,115,0,8,2140
down_proj,115,0,8,23980
final_layernorm,115,0,8,29875
lm_head,115,0,8,174137
embedding,116,0,8,7248
input_layernorm,116,0,8,29370
q_proj,116,0,8,8871
k_proj,116,0,8,4592
v_proj,116,0,8,4246
rope,116,0,8,9470
attn,116,0,8,2566
o_proj,116,0,8,7901
post_layernorm,116,0,8,30058
gate_proj,116,0,8,25605
up_proj,116,0,8,25179
act_fn,116,0,8,2163
down_proj,116,0,8,23996
final_layernorm,116,0,8,29902
lm_head,116,0,8,174268
embedding,117,0,8,7266
input_layernorm,117,0,8,29393
q_proj,117,0,8,8921
k_proj,117,0,8,4643
v_proj,117,0,8,4284
rope,117,0,8,9347
attn,117,0,8,2581
o_proj,117,0,8,8004
post_layernorm,117,0,8,30059
gate_proj,117,0,8,25618
up_proj,117,0,8,25083
act_fn,117,0,8,2171
down_proj,117,0,8,23998
final_layernorm,117,0,8,29897
lm_head,117,0,8,174291
embedding,118,0,8,7370
input_layernorm,118,0,8,29352
q_proj,118,0,8,9029
k_proj,118,0,8,4639
v_proj,118,0,8,4245
rope,118,0,8,9419
attn,118,0,8,2584
o_proj,118,0,8,7901
post_layernorm,118,0,8,30059
gate_proj,118,0,8,25685
up_proj,118,0,8,25116
act_fn,118,0,8,2167
down_proj,118,0,8,24016
final_layernorm,118,0,8,29909
lm_head,118,0,8,174428
embedding,119,0,8,7493
input_layernorm,119,0,8,29684
q_proj,119,0,8,9108
k_proj,119,0,8,4653
v_proj,119,0,8,4302
rope,119,0,8,9357
attn,119,0,8,2586
o_proj,119,0,8,7990
post_layernorm,119,0,8,30237
gate_proj,119,0,8,25619
up_proj,119,0,8,25137
act_fn,119,0,8,2190
down_proj,119,0,8,23975
final_layernorm,119,0,8,30029
lm_head,119,0,8,174754
embedding,120,0,8,7422
input_layernorm,120,0,8,29298
q_proj,120,0,8,9032
k_proj,120,0,8,4664
v_proj,120,0,8,4243
rope,120,0,8,9502
attn,120,0,8,2588
o_proj,120,0,8,7894
post_layernorm,120,0,8,29893
gate_proj,120,0,8,25696
up_proj,120,0,8,25138
act_fn,120,0,8,2187
down_proj,120,0,8,24103
final_layernorm,120,0,8,29778
lm_head,120,0,8,174594
embedding,121,0,8,7683
input_layernorm,121,0,8,29713
q_proj,121,0,8,9037
k_proj,121,0,8,4678
v_proj,121,0,8,4318
rope,121,0,8,9367
attn,121,0,8,2594
o_proj,121,0,8,7988
post_layernorm,121,0,8,30229
gate_proj,121,0,8,25668
up_proj,121,0,8,25388
act_fn,121,0,8,2241
down_proj,121,0,8,24070
final_layernorm,121,0,8,30041
lm_head,121,0,8,174357
embedding,122,0,8,8030
input_layernorm,122,0,8,29615
q_proj,122,0,8,9079
k_proj,122,0,8,4670
v_proj,122,0,8,4313
rope,122,0,8,9411
attn,122,0,8,2612
o_proj,122,0,8,8017
post_layernorm,122,0,8,30311
gate_proj,122,0,8,25648
up_proj,122,0,8,25408
act_fn,122,0,8,2178
down_proj,122,0,8,24150
final_layernorm,122,0,8,30129
lm_head,122,0,8,174535
embedding,123,0,8,7658
input_layernorm,123,0,8,29630
q_proj,123,0,8,9075
k_proj,123,0,8,4683
v_proj,123,0,8,4360
rope,123,0,8,9376
attn,123,0,8,2603
o_proj,123,0,8,8017
post_layernorm,123,0,8,30297
gate_proj,123,0,8,25547
up_proj,123,0,8,25333
act_fn,123,0,8,2217
down_proj,123,0,8,24161
final_layernorm,123,0,8,30118
lm_head,123,0,8,174754
embedding,124,0,8,7819
input_layernorm,124,0,8,29702
q_proj,124,0,8,9105
k_proj,124,0,8,4686
v_proj,124,0,8,4333
rope,124,0,8,9469
attn,124,0,8,2600
o_proj,124,0,8,8029
post_layernorm,124,0,8,30330
gate_proj,124,0,8,25620
up_proj,124,0,8,25470
act_fn,124,0,8,2213
down_proj,124,0,8,24184
final_layernorm,124,0,8,30181
lm_head,124,0,8,174635
embedding,125,0,8,7788
input_layernorm,125,0,8,29921
q_proj,125,0,8,9297
k_proj,125,0,8,4660
v_proj,125,0,8,4369
rope,125,0,8,9400
attn,125,0,8,2621
o_proj,125,0,8,8023
post_layernorm,125,0,8,30362
gate_proj,125,0,8,25600
up_proj,125,0,8,25450
act_fn,125,0,8,2230
down_proj,125,0,8,24172
final_layernorm,125,0,8,30203
lm_head,125,0,8,174773
embedding,126,0,8,7817
input_layernorm,126,0,8,30003
q_proj,126,0,8,9294
k_proj,126,0,8,4660
v_proj,126,0,8,4343
rope,126,0,8,9445
attn,126,0,8,2620
o_proj,126,0,8,7987
post_layernorm,126,0,8,30503
gate_proj,126,0,8,25623
up_proj,126,0,8,25324
act_fn,126,0,8,2238
down_proj,126,0,8,24160
final_layernorm,126,0,8,30345
lm_head,126,0,8,175261
embedding,127,0,8,7851
input_layernorm,127,0,8,30462
q_proj,127,0,8,9445
k_proj,127,0,8,4670
v_proj,127,0,8,4354
rope,127,0,8,9420
attn,127,0,8,2626
o_proj,127,0,8,7983
post_layernorm,127,0,8,30971
gate_proj,127,0,8,25631
up_proj,127,0,8,25345
act_fn,127,0,8,2258
down_proj,127,0,8,24159
final_layernorm,127,0,8,30806
lm_head,127,0,8,175877
embedding,128,0,8,8008
input_layernorm,128,0,8,30131
q_proj,128,0,8,9435
k_proj,128,0,8,4666
v_proj,128,0,8,4355
rope,128,0,8,9545
attn,128,0,8,2355
o_proj,128,0,8,7997
post_layernorm,128,0,8,30531
gate_proj,128,0,8,25577
up_proj,128,0,8,25356
act_fn,128,0,8,2248
down_proj,128,0,8,24156
final_layernorm,128,0,8,30392
lm_head,128,0,8,175181
embedding,129,0,8,7988
input_layernorm,129,0,8,30645
q_proj,129,0,8,11543
k_proj,129,0,8,6601
v_proj,129,0,8,6268
rope,129,0,8,9467
attn,129,0,8,4705
o_proj,129,0,8,10851
post_layernorm,129,0,8,31165
gate_proj,129,0,8,30005
up_proj,129,0,8,29770
act_fn,129,0,8,2239
down_proj,129,0,8,41694
final_layernorm,129,0,8,30769
lm_head,129,0,8,180865
embedding,130,0,8,7905
input_layernorm,130,0,8,30631
q_proj,130,0,8,11570
k_proj,130,0,8,6618
v_proj,130,0,8,6237
rope,130,0,8,9553
attn,130,0,8,4676
o_proj,130,0,8,10846
post_layernorm,130,0,8,30983
gate_proj,130,0,8,29974
up_proj,130,0,8,29768
act_fn,130,0,8,2338
down_proj,130,0,8,41598
final_layernorm,130,0,8,30891
lm_head,130,0,8,180742
embedding,131,0,8,8132
input_layernorm,131,0,8,30712
q_proj,131,0,8,11573
k_proj,131,0,8,6621
v_proj,131,0,8,6250
rope,131,0,8,9489
attn,131,0,8,4672
o_proj,131,0,8,10841
post_layernorm,131,0,8,31046
gate_proj,131,0,8,30012
up_proj,131,0,8,29778
act_fn,131,0,8,2312
down_proj,131,0,8,41999
final_layernorm,131,0,8,30921
lm_head,131,0,8,180876
embedding,132,0,8,8114
input_layernorm,132,0,8,30717
q_proj,132,0,8,11576
k_proj,132,0,8,6558
v_proj,132,0,8,6185
rope,132,0,8,9625
attn,132,0,8,4654
o_proj,132,0,8,10846
post_layernorm,132,0,8,31311
gate_proj,132,0,8,30023
up_proj,132,0,8,29766
act_fn,132,0,8,2378
down_proj,132,0,8,42282
final_layernorm,132,0,8,30997
lm_head,132,0,8,180856
embedding,133,0,8,8278
input_layernorm,133,0,8,30647
q_proj,133,0,8,11576
k_proj,133,0,8,6628
v_proj,133,0,8,6205
rope,133,0,8,9514
attn,133,0,8,4729
o_proj,133,0,8,10985
post_layernorm,133,0,8,31412
gate_proj,133,0,8,30073
up_proj,133,0,8,29813
act_fn,133,0,8,2392
down_proj,133,0,8,41911
final_layernorm,133,0,8,31046
lm_head,133,0,8,181023
embedding,134,0,8,8095
input_layernorm,134,0,8,30933
q_proj,134,0,8,11581
k_proj,134,0,8,6577
v_proj,134,0,8,6173
rope,134,0,8,9547
attn,134,0,8,4712
o_proj,134,0,8,10968
post_layernorm,134,0,8,31366
gate_proj,134,0,8,30058
up_proj,134,0,8,29794
act_fn,134,0,8,2460
down_proj,134,0,8,42018
final_layernorm,134,0,8,31114
lm_head,134,0,8,181023
embedding,135,0,8,8270
input_layernorm,135,0,8,30859
q_proj,135,0,8,11573
k_proj,135,0,8,6608
v_proj,135,0,8,6191
rope,135,0,8,9514
attn,135,0,8,4689
o_proj,135,0,8,10963
post_layernorm,135,0,8,31350
gate_proj,135,0,8,30065
up_proj,135,0,8,29809
act_fn,135,0,8,2495
down_proj,135,0,8,41954
final_layernorm,135,0,8,31150
lm_head,135,0,8,181092
embedding,136,0,8,8056
input_layernorm,136,0,8,30590
q_proj,136,0,8,11571
k_proj,136,0,8,6642
v_proj,136,0,8,6238
rope,136,0,8,9646
attn,136,0,8,4702
o_proj,136,0,8,10936
post_layernorm,136,0,8,31003
gate_proj,136,0,8,30071
up_proj,136,0,8,29829
act_fn,136,0,8,2569
down_proj,136,0,8,42072
final_layernorm,136,0,8,30934
lm_head,136,0,8,180960
embedding,137,0,8,8466
input_layernorm,137,0,8,31045
q_proj,137,0,8,11583
k_proj,137,0,8,6701
v_proj,137,0,8,6261
rope,137,0,8,9522
attn,137,0,8,4645
o_proj,137,0,8,10945
post_layernorm,137,0,8,31421
gate_proj,137,0,8,30070
up_proj,137,0,8,29863
act_fn,137,0,8,2547
down_proj,137,0,8,41817
final_layernorm,137,0,8,31306
lm_head,137,0,8,181165
embedding,138,0,8,8230
input_layernorm,138,0,8,31149
q_proj,138,0,8,11576
k_proj,138,0,8,6631
v_proj,138,0,8,6232
rope,138,0,8,9600
attn,138,0,8,4714
o_proj,138,0,8,10952
post_layernorm,138,0,8,31513
gate_proj,138,0,8,30093
up_proj,138,0,8,29882
act_fn,138,0,8,2661
down_proj,138,0,8,42529
final_layernorm,138,0,8,31314
lm_head,138,0,8,181244
embedding,139,0,8,8559
input_layernorm,139,0,8,31291
q_proj,139,0,8,11576
k_proj,139,0,8,6666
v_proj,139,0,8,6261
rope,139,0,8,9557
attn,139,0,8,4712
o_proj,139,0,8,11011
post_layernorm,139,0,8,31603
gate_proj,139,0,8,30072
up_proj,139,0,8,29888
act_fn,139,0,8,2668
down_proj,139,0,8,42583
final_layernorm,139,0,8,31482
lm_head,139,0,8,181441
embedding,140,0,8,8417
input_layernorm,140,0,8,31380
q_proj,140,0,8,11579
k_proj,140,0,8,6684
v_proj,140,0,8,6269
rope,140,0,8,9716
attn,140,0,8,4700
o_proj,140,0,8,10962
post_layernorm,140,0,8,31609
gate_proj,140,0,8,30062
up_proj,140,0,8,29848
act_fn,140,0,8,2759
down_proj,140,0,8,42045
final_layernorm,140,0,8,31718
lm_head,140,0,8,181346
embedding,141,0,8,8648
input_layernorm,141,0,8,31394
q_proj,141,0,8,11581
k_proj,141,0,8,6731
v_proj,141,0,8,6376
rope,141,0,8,9634
attn,141,0,8,4693
o_proj,141,0,8,10976
post_layernorm,141,0,8,32310
gate_proj,141,0,8,30066
up_proj,141,0,8,29874
act_fn,141,0,8,2758
down_proj,141,0,8,42035
final_layernorm,141,0,8,31831
lm_head,141,0,8,181492
embedding,142,0,8,8534
input_layernorm,142,0,8,31331
q_proj,142,0,8,11575
k_proj,142,0,8,6688
v_proj,142,0,8,6395
rope,142,0,8,9721
attn,142,0,8,4719
o_proj,142,0,8,10961
post_layernorm,142,0,8,32348
gate_proj,142,0,8,30046
up_proj,142,0,8,29883
act_fn,142,0,8,2794
down_proj,142,0,8,42260
final_layernorm,142,0,8,31900
lm_head,142,0,8,181583
embedding,143,0,8,8596
input_layernorm,143,0,8,31706
q_proj,143,0,8,11572
k_proj,143,0,8,6755
v_proj,143,0,8,6434
rope,143,0,8,9664
attn,143,0,8,4685
o_proj,143,0,8,10482
post_layernorm,143,0,8,32522
gate_proj,143,0,8,27783
up_proj,143,0,8,27842
act_fn,143,0,8,2797
down_proj,143,0,8,30793
final_layernorm,143,0,8,32119
lm_head,143,0,8,181985
embedding,144,0,8,8683
input_layernorm,144,0,8,31393
q_proj,144,0,8,11553
k_proj,144,0,8,6803
v_proj,144,0,8,6486
rope,144,0,8,9801
attn,144,0,8,4755
o_proj,144,0,8,10418
post_layernorm,144,0,8,32305
gate_proj,144,0,8,27990
up_proj,144,0,8,27875
act_fn,144,0,8,2822
down_proj,144,0,8,30864
final_layernorm,144,0,8,31991
lm_head,144,0,8,182136
embedding,145,0,8,8703
input_layernorm,145,0,8,31945
q_proj,145,0,8,11562
k_proj,145,0,8,6813
v_proj,145,0,8,6494
rope,145,0,8,9690
attn,145,0,8,4713
o_proj,145,0,8,10495
post_layernorm,145,0,8,32616
gate_proj,145,0,8,27906
up_proj,145,0,8,27985
act_fn,145,0,8,2809
down_proj,145,0,8,31144
final_layernorm,145,0,8,32312
lm_head,145,0,8,182241
embedding,146,0,8,8738
input_layernorm,146,0,8,32175
q_proj,146,0,8,11574
k_proj,146,0,8,6767
v_proj,146,0,8,6377
rope,146,0,8,9735
attn,146,0,8,4714
o_proj,146,0,8,10421
post_layernorm,146,0,8,32656
gate_proj,146,0,8,28058
up_proj,146,0,8,27995
act_fn,146,0,8,2843
down_proj,146,0,8,31230
final_layernorm,146,0,8,32341
lm_head,146,0,8,182150
embedding,147,0,8,8800
input_layernorm,147,0,8,32403
q_proj,147,0,8,11586
k_proj,147,0,8,6786
v_proj,147,0,8,6397
rope,147,0,8,9703
attn,147,0,8,4718
o_proj,147,0,8,10378
post_layernorm,147,0,8,32901
gate_proj,147,0,8,28177
up_proj,147,0,8,27956
act_fn,147,0,8,2886
down_proj,147,0,8,30631
final_layernorm,147,0,8,32417
lm_head,147,0,8,182386
embedding,148,0,8,9043
input_layernorm,148,0,8,32359
q_proj,148,0,8,11588
k_proj,148,0,8,6767
v_proj,148,0,8,6367
rope,148,0,8,9832
attn,148,0,8,4788
o_proj,148,0,8,10563
post_layernorm,148,0,8,32855
gate_proj,148,0,8,28058
up_proj,148,0,8,27977
act_fn,148,0,8,2876
down_proj,148,0,8,30954
final_layernorm,148,0,8,32400
lm_head,148,0,8,182626
embedding,149,0,8,8746
input_layernorm,149,0,8,32432
q_proj,149,0,8,11592
k_proj,149,0,8,6840
v_proj,149,0,8,6495
rope,149,0,8,9724
attn,149,0,8,4694
o_proj,149,0,8,10562
post_layernorm,149,0,8,33054
gate_proj,149,0,8,28047
up_proj,149,0,8,28008
act_fn,149,0,8,2893
down_proj,149,0,8,31353
final_layernorm,149,0,8,32697
lm_head,149,0,8,182412
embedding,150,0,8,9025
input_layernorm,150,0,8,32870
q_proj,150,0,8,11580
k_proj,150,0,8,6779
v_proj,150,0,8,6415
rope,150,0,8,9771
attn,150,0,8,4720
o_proj,150,0,8,10560
post_layernorm,150,0,8,33128
gate_proj,150,0,8,28157
up_proj,150,0,8,28069
act_fn,150,0,8,2915
down_proj,150,0,8,31193
final_layernorm,150,0,8,32666
lm_head,150,0,8,182300
embedding,151,0,8,8849
input_layernorm,151,0,8,32723
q_proj,151,0,8,11583
k_proj,151,0,8,6806
v_proj,151,0,8,6438
rope,151,0,8,9733
attn,151,0,8,4732
o_proj,151,0,8,10388
post_layernorm,151,0,8,33315
gate_proj,151,0,8,28151
up_proj,151,0,8,28007
act_fn,151,0,8,2920
down_proj,151,0,8,30821
final_layernorm,151,0,8,32794
lm_head,151,0,8,182298
embedding,152,0,8,9077
input_layernorm,152,0,8,32679
q_proj,152,0,8,11558
k_proj,152,0,8,6793
v_proj,152,0,8,6437
rope,152,0,8,9858
attn,152,0,8,4723
o_proj,152,0,8,10388
post_layernorm,152,0,8,32849
gate_proj,152,0,8,28136
up_proj,152,0,8,28188
act_fn,152,0,8,2939
down_proj,152,0,8,31395
final_layernorm,152,0,8,32679
lm_head,152,0,8,182253
embedding,153,0,8,8948
input_layernorm,153,0,8,33165
q_proj,153,0,8,11570
k_proj,153,0,8,6810
v_proj,153,0,8,6466
rope,153,0,8,9745
attn,153,0,8,4713
o_proj,153,0,8,10674
post_layernorm,153,0,8,33318
gate_proj,153,0,8,28090
up_proj,153,0,8,28179
act_fn,153,0,8,2953
down_proj,153,0,8,31138
final_layernorm,153,0,8,33111
lm_head,153,0,8,182372
embedding,154,0,8,9175
input_layernorm,154,0,8,33238
q_proj,154,0,8,11563
k_proj,154,0,8,6809
v_proj,154,0,8,6455
rope,154,0,8,9798
attn,154,0,8,4758
o_proj,154,0,8,10580
post_layernorm,154,0,8,33326
gate_proj,154,0,8,28325
up_proj,154,0,8,28152
act_fn,154,0,8,3004
down_proj,154,0,8,30742
final_layernorm,154,0,8,33388
lm_head,154,0,8,182275
embedding,155,0,8,8900
input_layernorm,155,0,8,33294
q_proj,155,0,8,11575
k_proj,155,0,8,6824
v_proj,155,0,8,6476
rope,155,0,8,9781
attn,155,0,8,4756
o_proj,155,0,8,10431
post_layernorm,155,0,8,33425
gate_proj,155,0,8,28258
up_proj,155,0,8,28263
act_fn,155,0,8,3005
down_proj,155,0,8,31531
final_layernorm,155,0,8,33178
lm_head,155,0,8,182445
embedding,156,0,8,9216
input_layernorm,156,0,8,33535
q_proj,156,0,8,11597
k_proj,156,0,8,6802
v_proj,156,0,8,6446
rope,156,0,8,9897
attn,156,0,8,4751
o_proj,156,0,8,10756
post_layernorm,156,0,8,33513
gate_proj,156,0,8,28172
up_proj,156,0,8,28158
act_fn,156,0,8,3046
down_proj,156,0,8,31788
final_layernorm,156,0,8,33305
lm_head,156,0,8,182449
embedding,157,0,8,9022
input_layernorm,157,0,8,33472
q_proj,157,0,8,11578
k_proj,157,0,8,6849
v_proj,157,0,8,6489
rope,157,0,8,9779
attn,157,0,8,4770
o_proj,157,0,8,10879
post_layernorm,157,0,8,33751
gate_proj,157,0,8,28229
up_proj,157,0,8,28263
act_fn,157,0,8,3083
down_proj,157,0,8,31393
final_layernorm,157,0,8,33595
lm_head,157,0,8,182741
embedding,158,0,8,9387
input_layernorm,158,0,8,33371
q_proj,158,0,8,11588
k_proj,158,0,8,6809
v_proj,158,0,8,6529
rope,158,0,8,9821
attn,158,0,8,4754
o_proj,158,0,8,10609
post_layernorm,158,0,8,33833
gate_proj,158,0,8,28253
up_proj,158,0,8,28401
act_fn,158,0,8,3119
down_proj,158,0,8,30743
final_layernorm,158,0,8,33605
lm_head,158,0,8,182678
embedding,159,0,8,9144
input_layernorm,159,0,8,33675
q_proj,159,0,8,11601
k_proj,159,0,8,6830
v_proj,159,0,8,6569
rope,159,0,8,9790
attn,159,0,8,4784
o_proj,159,0,8,10427
post_layernorm,159,0,8,33971
gate_proj,159,0,8,28302
up_proj,159,0,8,28385
act_fn,159,0,8,3116
down_proj,159,0,8,31818
final_layernorm,159,0,8,33764
lm_head,159,0,8,182771
embedding,160,0,8,9495
input_layernorm,160,0,8,33377
q_proj,160,0,8,11600
k_proj,160,0,8,6834
v_proj,160,0,8,6566
rope,160,0,8,9923
attn,160,0,8,4732
o_proj,160,0,8,10468
post_layernorm,160,0,8,33692
gate_proj,160,0,8,28344
up_proj,160,0,8,28385
act_fn,160,0,8,3171
down_proj,160,0,8,31772
final_layernorm,160,0,8,33334
lm_head,160,0,8,182796
embedding,161,0,8,9368
input_layernorm,161,0,8,33689
q_proj,161,0,8,11611
k_proj,161,0,8,6306
v_proj,161,0,8,5763
rope,161,0,8,9737
attn,161,0,8,4789
o_proj,161,0,8,10838
post_layernorm,161,0,8,34080
gate_proj,161,0,8,28334
up_proj,161,0,8,28464
act_fn,161,0,8,3190
down_proj,161,0,8,31240
final_layernorm,161,0,8,33768
lm_head,161,0,8,183026
embedding,162,0,8,9577
input_layernorm,162,0,8,33824
q_proj,162,0,8,11620
k_proj,162,0,8,6313
v_proj,162,0,8,5781
rope,162,0,8,9806
attn,162,0,8,4757
o_proj,162,0,8,10799
post_layernorm,162,0,8,34208
gate_proj,162,0,8,28401
up_proj,162,0,8,28431
act_fn,162,0,8,3182
down_proj,162,0,8,31604
final_layernorm,162,0,8,33801
lm_head,162,0,8,182991
embedding,163,0,8,9600
input_layernorm,163,0,8,34058
q_proj,163,0,8,11621
k_proj,163,0,8,6337
v_proj,163,0,8,5574
rope,163,0,8,9746
attn,163,0,8,4774
o_proj,163,0,8,10573
post_layernorm,163,0,8,34493
gate_proj,163,0,8,28397
up_proj,163,0,8,28485
act_fn,163,0,8,3192
down_proj,163,0,8,32285
final_layernorm,163,0,8,33942
lm_head,163,0,8,182943
embedding,164,0,8,9896
input_layernorm,164,0,8,34098
q_proj,164,0,8,11622
k_proj,164,0,8,6047
v_proj,164,0,8,5568
rope,164,0,8,9957
attn,164,0,8,4763
o_proj,164,0,8,10899
post_layernorm,164,0,8,34525
gate_proj,164,0,8,28510
up_proj,164,0,8,28491
act_fn,164,0,8,3206
down_proj,164,0,8,32262
final_layernorm,164,0,8,33860
lm_head,164,0,8,182957
embedding,165,0,8,9479
input_layernorm,165,0,8,34375
q_proj,165,0,8,11620
k_proj,165,0,8,6030
v_proj,165,0,8,5415
rope,165,0,8,9759
attn,165,0,8,4761
o_proj,165,0,8,10935
post_layernorm,165,0,8,34800
gate_proj,165,0,8,28399
up_proj,165,0,8,28467
act_fn,165,0,8,3237
down_proj,165,0,8,31435
final_layernorm,165,0,8,33931
lm_head,165,0,8,183262
embedding,166,0,8,9937
input_layernorm,166,0,8,34517
q_proj,166,0,8,11660
k_proj,166,0,8,5822
v_proj,166,0,8,5612
rope,166,0,8,9832
attn,166,0,8,4796
o_proj,166,0,8,10798
post_layernorm,166,0,8,35115
gate_proj,166,0,8,28509
up_proj,166,0,8,28537
act_fn,166,0,8,3269
down_proj,166,0,8,32088
final_layernorm,166,0,8,34724
lm_head,166,0,8,182482
embedding,167,0,8,9606
input_layernorm,167,0,8,34686
q_proj,167,0,8,11657
k_proj,167,0,8,5926
v_proj,167,0,8,5573
rope,167,0,8,9755
attn,167,0,8,4780
o_proj,167,0,8,10574
post_layernorm,167,0,8,35327
gate_proj,167,0,8,28493
up_proj,167,0,8,28400
act_fn,167,0,8,3292
down_proj,167,0,8,32189
final_layernorm,167,0,8,35271
lm_head,167,0,8,182627
embedding,168,0,8,10002
input_layernorm,168,0,8,34648
q_proj,168,0,8,11666
k_proj,168,0,8,5818
v_proj,168,0,8,5471
rope,168,0,8,9949
attn,168,0,8,4810
o_proj,168,0,8,10596
post_layernorm,168,0,8,34958
gate_proj,168,0,8,28611
up_proj,168,0,8,28452
act_fn,168,0,8,3422
down_proj,168,0,8,31715
final_layernorm,168,0,8,35067
lm_head,168,0,8,182714
embedding,169,0,8,9687
input_layernorm,169,0,8,35053
q_proj,169,0,8,11674
k_proj,169,0,8,5832
v_proj,169,0,8,5491
rope,169,0,8,9944
attn,169,0,8,4780
o_proj,169,0,8,11014
post_layernorm,169,0,8,35351
gate_proj,169,0,8,28746
up_proj,169,0,8,28475
act_fn,169,0,8,3384
down_proj,169,0,8,32568
final_layernorm,169,0,8,35558
lm_head,169,0,8,182874
embedding,170,0,8,10089
input_layernorm,170,0,8,35147
q_proj,170,0,8,11681
k_proj,170,0,8,5862
v_proj,170,0,8,5524
rope,170,0,8,10058
attn,170,0,8,4828
o_proj,170,0,8,10864
post_layernorm,170,0,8,35607
gate_proj,170,0,8,28623
up_proj,170,0,8,28556
act_fn,170,0,8,3416
down_proj,170,0,8,31556
final_layernorm,170,0,8,35604
lm_head,170,0,8,182801
embedding,171,0,8,9685
input_layernorm,171,0,8,35212
q_proj,171,0,8,13488
k_proj,171,0,8,5886
v_proj,171,0,8,5586
rope,171,0,8,9976
attn,171,0,8,4811
o_proj,171,0,8,10635
post_layernorm,171,0,8,35573
gate_proj,171,0,8,28714
up_proj,171,0,8,28571
act_fn,171,0,8,3444
down_proj,171,0,8,31994
final_layernorm,171,0,8,35365
lm_head,171,0,8,182888
embedding,172,0,8,10090
input_layernorm,172,0,8,35308
q_proj,172,0,8,13497
k_proj,172,0,8,5874
v_proj,172,0,8,5593
rope,172,0,8,10193
attn,172,0,8,4835
o_proj,172,0,8,11025
post_layernorm,172,0,8,35684
gate_proj,172,0,8,28676
up_proj,172,0,8,28468
act_fn,172,0,8,3510
down_proj,172,0,8,32061
final_layernorm,172,0,8,35548
lm_head,172,0,8,182868
embedding,173,0,8,9820
input_layernorm,173,0,8,35297
q_proj,173,0,8,13530
k_proj,173,0,8,5834
v_proj,173,0,8,5600
rope,173,0,8,9997
attn,173,0,8,4821
o_proj,173,0,8,10985
post_layernorm,173,0,8,35689
gate_proj,173,0,8,28780
up_proj,173,0,8,28575
act_fn,173,0,8,3483
down_proj,173,0,8,32219
final_layernorm,173,0,8,35672
lm_head,173,0,8,183029
embedding,174,0,8,10166
input_layernorm,174,0,8,35319
q_proj,174,0,8,13498
k_proj,174,0,8,5864
v_proj,174,0,8,5610
rope,174,0,8,10079
attn,174,0,8,4846
o_proj,174,0,8,10869
post_layernorm,174,0,8,35927
gate_proj,174,0,8,28878
up_proj,174,0,8,28579
act_fn,174,0,8,3546
down_proj,174,0,8,32650
final_layernorm,174,0,8,35712
lm_head,174,0,8,182962
embedding,175,0,8,9809
input_layernorm,175,0,8,35494
q_proj,175,0,8,13559
k_proj,175,0,8,5848
v_proj,175,0,8,5603
rope,175,0,8,10015
attn,175,0,8,4815
o_proj,175,0,8,10827
post_layernorm,175,0,8,36095
gate_proj,175,0,8,28819
up_proj,175,0,8,28476
act_fn,175,0,8,3571
down_proj,175,0,8,31918
final_layernorm,175,0,8,35678
lm_head,175,0,8,183081
embedding,176,0,8,10186
input_layernorm,176,0,8,35041
q_proj,176,0,8,13489
k_proj,176,0,8,5878
v_proj,176,0,8,5642
rope,176,0,8,10195
attn,176,0,8,4836
o_proj,176,0,8,10707
post_layernorm,176,0,8,35761
gate_proj,176,0,8,28788
up_proj,176,0,8,28480
act_fn,176,0,8,3615
down_proj,176,0,8,32976
final_layernorm,176,0,8,35495
lm_head,176,0,8,183204
embedding,177,0,8,9828
input_layernorm,177,0,8,35782
q_proj,177,0,8,13535
k_proj,177,0,8,5891
v_proj,177,0,8,5624
rope,177,0,8,10051
attn,177,0,8,4867
o_proj,177,0,8,11030
post_layernorm,177,0,8,36632
gate_proj,177,0,8,28990
up_proj,177,0,8,28733
act_fn,177,0,8,3701
down_proj,177,0,8,32275
final_layernorm,177,0,8,36134
lm_head,177,0,8,183392
embedding,178,0,8,10311
input_layernorm,178,0,8,36160
q_proj,178,0,8,13604
k_proj,178,0,8,5921
v_proj,178,0,8,5665
rope,178,0,8,10098
attn,178,0,8,4857
o_proj,178,0,8,11042
post_layernorm,178,0,8,36885
gate_proj,178,0,8,29113
up_proj,178,0,8,28931
act_fn,178,0,8,3726
down_proj,178,0,8,32806
final_layernorm,178,0,8,36447
lm_head,178,0,8,183477
embedding,179,0,8,10056
input_layernorm,179,0,8,36224
q_proj,179,0,8,13658
k_proj,179,0,8,5921
v_proj,179,0,8,5644
rope,179,0,8,10029
attn,179,0,8,4814
o_proj,179,0,8,11072
post_layernorm,179,0,8,37064
gate_proj,179,0,8,29085
up_proj,179,0,8,28762
act_fn,179,0,8,3788
down_proj,179,0,8,32899
final_layernorm,179,0,8,36740
lm_head,179,0,8,183347
embedding,180,0,8,10388
input_layernorm,180,0,8,36292
q_proj,180,0,8,13636
k_proj,180,0,8,5967
v_proj,180,0,8,5684
rope,180,0,8,10293
attn,180,0,8,4868
o_proj,180,0,8,11073
post_layernorm,180,0,8,37359
gate_proj,180,0,8,29023
up_proj,180,0,8,28823
act_fn,180,0,8,3828
down_proj,180,0,8,33082
final_layernorm,180,0,8,36912
lm_head,180,0,8,183425
embedding,181,0,8,10132
input_layernorm,181,0,8,36379
q_proj,181,0,8,13648
k_proj,181,0,8,5958
v_proj,181,0,8,5677
rope,181,0,8,10086
attn,181,0,8,4863
o_proj,181,0,8,11083
post_layernorm,181,0,8,37339
gate_proj,181,0,8,29013
up_proj,181,0,8,28910
act_fn,181,0,8,3921
down_proj,181,0,8,32698
final_layernorm,181,0,8,36608
lm_head,181,0,8,183747
embedding,182,0,8,10507
input_layernorm,182,0,8,36422
q_proj,182,0,8,13640
k_proj,182,0,8,5984
v_proj,182,0,8,5717
rope,182,0,8,10143
attn,182,0,8,4862
o_proj,182,0,8,11104
post_layernorm,182,0,8,37613
gate_proj,182,0,8,29035
up_proj,182,0,8,28788
act_fn,182,0,8,4009
down_proj,182,0,8,33509
final_layernorm,182,0,8,36865
lm_head,182,0,8,183862
embedding,183,0,8,10260
input_layernorm,183,0,8,36644
q_proj,183,0,8,13669
k_proj,183,0,8,5988
v_proj,183,0,8,5706
rope,183,0,8,10075
attn,183,0,8,4905
o_proj,183,0,8,11135
post_layernorm,183,0,8,37732
gate_proj,183,0,8,29089
up_proj,183,0,8,28971
act_fn,183,0,8,4036
down_proj,183,0,8,33210
final_layernorm,183,0,8,36914
lm_head,183,0,8,183800
embedding,184,0,8,10458
input_layernorm,184,0,8,36597
q_proj,184,0,8,13669
k_proj,184,0,8,6029
v_proj,184,0,8,5781
rope,184,0,8,10304
attn,184,0,8,4863
o_proj,184,0,8,11096
post_layernorm,184,0,8,37591
gate_proj,184,0,8,29002
up_proj,184,0,8,28992
act_fn,184,0,8,3997
down_proj,184,0,8,33022
final_layernorm,184,0,8,36783
lm_head,184,0,8,183806
embedding,185,0,8,10324
input_layernorm,185,0,8,36933
q_proj,185,0,8,13667
k_proj,185,0,8,5988
v_proj,185,0,8,5901
rope,185,0,8,10120
attn,185,0,8,4848
o_proj,185,0,8,11110
post_layernorm,185,0,8,37876
gate_proj,185,0,8,29227
up_proj,185,0,8,28984
act_fn,185,0,8,4043
down_proj,185,0,8,34161
final_layernorm,185,0,8,37069
lm_head,185,0,8,231097
embedding,186,0,8,10391
input_layernorm,186,0,8,37125
q_proj,186,0,8,13682
k_proj,186,0,8,6021
v_proj,186,0,8,5837
rope,186,0,8,10155
attn,186,0,8,4885
o_proj,186,0,8,11112
post_layernorm,186,0,8,38082
gate_proj,186,0,8,29203
up_proj,186,0,8,29019
act_fn,186,0,8,4086
down_proj,186,0,8,33045
final_layernorm,186,0,8,38054
lm_head,186,0,8,231292
embedding,187,0,8,10370
input_layernorm,187,0,8,38367
q_proj,187,0,8,13689
k_proj,187,0,8,6011
v_proj,187,0,8,5899
rope,187,0,8,10141
attn,187,0,8,4888
o_proj,187,0,8,11141
post_layernorm,187,0,8,37874
gate_proj,187,0,8,29282
up_proj,187,0,8,29139
act_fn,187,0,8,4067
down_proj,187,0,8,33337
final_layernorm,187,0,8,38380
lm_head,187,0,8,231937
embedding,188,0,8,10630
input_layernorm,188,0,8,37105
q_proj,188,0,8,13771
k_proj,188,0,8,6029
v_proj,188,0,8,5853
rope,188,0,8,10258
attn,188,0,8,4870
o_proj,188,0,8,11143
post_layernorm,188,0,8,37991
gate_proj,188,0,8,29413
up_proj,188,0,8,29004
act_fn,188,0,8,4083
down_proj,188,0,8,32971
final_layernorm,188,0,8,38177
lm_head,188,0,8,232472
embedding,189,0,8,10694
input_layernorm,189,0,8,37268
q_proj,189,0,8,11714
k_proj,189,0,8,6067
v_proj,189,0,8,5855
rope,189,0,8,10160
attn,189,0,8,4880
o_proj,189,0,8,11200
post_layernorm,189,0,8,37990
gate_proj,189,0,8,29500
up_proj,189,0,8,29159
act_fn,189,0,8,4139
down_proj,189,0,8,33629
final_layernorm,189,0,8,38232
lm_head,189,0,8,232640
embedding,190,0,8,10515
input_layernorm,190,0,8,37284
q_proj,190,0,8,11713
k_proj,190,0,8,6076
v_proj,190,0,8,5813
rope,190,0,8,10203
attn,190,0,8,4920
o_proj,190,0,8,11183
post_layernorm,190,0,8,38068
gate_proj,190,0,8,27656
up_proj,190,0,8,27337
act_fn,190,0,8,4265
down_proj,190,0,8,34178
final_layernorm,190,0,8,38881
lm_head,190,0,8,233034
embedding,191,0,8,10503
input_layernorm,191,0,8,37667
q_proj,191,0,8,11727
k_proj,191,0,8,6071
v_proj,191,0,8,5808
rope,191,0,8,10210
attn,191,0,8,4943
o_proj,191,0,8,11195
post_layernorm,191,0,8,38205
gate_proj,191,0,8,27717
up_proj,191,0,8,27476
act_fn,191,0,8,4264
down_proj,191,0,8,33276
final_layernorm,191,0,8,39163
lm_head,191,0,8,233190
embedding,192,0,8,10445
input_layernorm,192,0,8,37528
q_proj,192,0,8,11728
k_proj,192,0,8,6084
v_proj,192,0,8,5865
rope,192,0,8,10315
attn,192,0,8,4926
o_proj,192,0,8,11183
post_layernorm,192,0,8,38122
gate_proj,192,0,8,27603
up_proj,192,0,8,27334
act_fn,192,0,8,4307
down_proj,192,0,8,34278
final_layernorm,192,0,8,39091
lm_head,192,0,8,233372
embedding,193,0,8,10485
input_layernorm,193,0,8,37987
q_proj,193,0,8,12115
k_proj,193,0,8,7223
v_proj,193,0,8,6958
rope,193,0,8,10241
attn,193,0,8,6469
o_proj,193,0,8,14788
post_layernorm,193,0,8,38599
gate_proj,193,0,8,33569
up_proj,193,0,8,33474
act_fn,193,0,8,3973
down_proj,193,0,8,49384
final_layernorm,193,0,8,37769
lm_head,193,0,8,287236
embedding,194,0,8,10662
input_layernorm,194,0,8,37855
q_proj,194,0,8,12075
k_proj,194,0,8,7230
v_proj,194,0,8,6887
rope,194,0,8,10314
attn,194,0,8,6435
o_proj,194,0,8,14764
post_layernorm,194,0,8,38560
gate_proj,194,0,8,33508
up_proj,194,0,8,33489
act_fn,194,0,8,4079
down_proj,194,0,8,56263
final_layernorm,194,0,8,37495
lm_head,194,0,8,287660
embedding,195,0,8,10449
input_layernorm,195,0,8,38165
q_proj,195,0,8,12082
k_proj,195,0,8,7199
v_proj,195,0,8,6941
rope,195,0,8,10250
attn,195,0,8,6393
o_proj,195,0,8,14801
post_layernorm,195,0,8,38797
gate_proj,195,0,8,33491
up_proj,195,0,8,33609
act_fn,195,0,8,4050
down_proj,195,0,8,49766
final_layernorm,195,0,8,37882
lm_head,195,0,8,287854
embedding,196,0,8,10310
input_layernorm,196,0,8,37755
q_proj,196,0,8,11893
k_proj,196,0,8,7122
v_proj,196,0,8,6787
rope,196,0,8,10232
attn,196,0,8,6286
o_proj,196,0,8,14564
post_layernorm,196,0,8,38357
gate_proj,196,0,8,33353
up_proj,196,0,8,33583
act_fn,196,0,8,4080
down_proj,196,0,8,51422
final_layernorm,196,0,8,37589
lm_head,196,0,8,286598
embedding,197,0,8,10587
input_layernorm,197,0,8,38249
q_proj,197,0,8,12176
k_proj,197,0,8,7276
v_proj,197,0,8,6957
rope,197,0,8,10294
attn,197,0,8,6501
o_proj,197,0,8,14837
post_layernorm,197,0,8,39097
gate_proj,197,0,8,33611
up_proj,197,0,8,33720
act_fn,197,0,8,4061
down_proj,197,0,8,55084
final_layernorm,197,0,8,38262
lm_head,197,0,8,288416
embedding,198,0,8,10783
input_layernorm,198,0,8,38269
q_proj,198,0,8,12163
k_proj,198,0,8,7246
v_proj,198,0,8,6919
rope,198,0,8,10351
attn,198,0,8,6401
o_proj,198,0,8,14803
post_layernorm,198,0,8,39258
gate_proj,198,0,8,33537
up_proj,198,0,8,33575
act_fn,198,0,8,4123
down_proj,198,0,8,48889
final_layernorm,198,0,8,38427
lm_head,198,0,8,288430
embedding,199,0,8,10576
input_layernorm,199,0,8,38564
q_proj,199,0,8,12142
k_proj,199,0,8,7218
v_proj,199,0,8,6959
rope,199,0,8,10265
attn,199,0,8,6517
o_proj,199,0,8,14812
post_layernorm,199,0,8,39544
gate_proj,199,0,8,33550
up_proj,199,0,8,33528
act_fn,199,0,8,4168
down_proj,199,0,8,55400
final_layernorm,199,0,8,38581
lm_head,199,0,8,288650
embedding,200,0,8,10552
input_layernorm,200,0,8,38272
q_proj,200,0,8,12001
k_proj,200,0,8,7146
v_proj,200,0,8,6829
rope,200,0,8,10313
attn,200,0,8,6363
o_proj,200,0,8,14625
post_layernorm,200,0,8,38920
gate_proj,200,0,8,33364
up_proj,200,0,8,33540
act_fn,200,0,8,4222
down_proj,200,0,8,51504
final_layernorm,200,0,8,38283
lm_head,200,0,8,288067
embedding,201,0,8,10727
input_layernorm,201,0,8,38936
q_proj,201,0,8,12168
k_proj,201,0,8,7270
v_proj,201,0,8,6981
rope,201,0,8,10304
attn,201,0,8,6460
o_proj,201,0,8,14927
post_layernorm,201,0,8,40005
gate_proj,201,0,8,33608
up_proj,201,0,8,33612
act_fn,201,0,8,4206
down_proj,201,0,8,54308
final_layernorm,201,0,8,39480
lm_head,201,0,8,289424
embedding,202,0,8,10857
input_layernorm,202,0,8,39478
q_proj,202,0,8,12187
k_proj,202,0,8,7299
v_proj,202,0,8,6955
rope,202,0,8,10374
attn,202,0,8,6439
o_proj,202,0,8,15005
post_layernorm,202,0,8,40384
gate_proj,202,0,8,35195
up_proj,202,0,8,34986
act_fn,202,0,8,4462
down_proj,202,0,8,50523
final_layernorm,202,0,8,39769
lm_head,202,0,8,289666
embedding,203,0,8,10939
input_layernorm,203,0,8,39807
q_proj,203,0,8,12237
k_proj,203,0,8,7302
v_proj,203,0,8,7000
rope,203,0,8,10358
attn,203,0,8,6459
o_proj,203,0,8,14963
post_layernorm,203,0,8,40826
gate_proj,203,0,8,35270
up_proj,203,0,8,35014
act_fn,203,0,8,4492
down_proj,203,0,8,51251
final_layernorm,203,0,8,40210
lm_head,203,0,8,290146
embedding,204,0,8,10882
input_layernorm,204,0,8,39965
q_proj,204,0,8,12212
k_proj,204,0,8,7282
v_proj,204,0,8,7014
rope,204,0,8,10525
attn,204,0,8,6478
o_proj,204,0,8,14983
post_layernorm,204,0,8,40862
gate_proj,204,0,8,35171
up_proj,204,0,8,34859
act_fn,204,0,8,4484
down_proj,204,0,8,51526
final_layernorm,204,0,8,40291
lm_head,204,0,8,291301
embedding,205,0,8,11163
input_layernorm,205,0,8,40122
q_proj,205,0,8,12238
k_proj,205,0,8,7307
v_proj,205,0,8,6993
rope,205,0,8,10347
attn,205,0,8,6498
o_proj,205,0,8,15035
post_layernorm,205,0,8,40898
gate_proj,205,0,8,35295
up_proj,205,0,8,35061
act_fn,205,0,8,4541
down_proj,205,0,8,50063
final_layernorm,205,0,8,40335
lm_head,205,0,8,290660
embedding,206,0,8,11309
input_layernorm,206,0,8,40265
q_proj,206,0,8,12229
k_proj,206,0,8,7309
v_proj,206,0,8,7026
rope,206,0,8,10376
attn,206,0,8,6481
o_proj,206,0,8,15015
post_layernorm,206,0,8,41102
gate_proj,206,0,8,35334
up_proj,206,0,8,35109
act_fn,206,0,8,4554
down_proj,206,0,8,50024
final_layernorm,206,0,8,40443
lm_head,206,0,8,290794
embedding,207,0,8,11583
input_layernorm,207,0,8,40431
q_proj,207,0,8,12282
k_proj,207,0,8,7302
v_proj,207,0,8,7064
rope,207,0,8,10304
attn,207,0,8,6493
o_proj,207,0,8,15092
post_layernorm,207,0,8,41224
gate_proj,207,0,8,35388
up_proj,207,0,8,35172
act_fn,207,0,8,4609
down_proj,207,0,8,49970
final_layernorm,207,0,8,40809
lm_head,207,0,8,291432
embedding,208,0,8,11442
input_layernorm,208,0,8,40517
q_proj,208,0,8,12376
k_proj,208,0,8,7355
v_proj,208,0,8,7139
rope,208,0,8,10597
attn,208,0,8,6600
o_proj,208,0,8,15154
post_layernorm,208,0,8,41293
gate_proj,208,0,8,35329
up_proj,208,0,8,35138
act_fn,208,0,8,4617
down_proj,208,0,8,50504
final_layernorm,208,0,8,40758
lm_head,208,0,8,292431
embedding,209,0,8,11511
input_layernorm,209,0,8,40929
q_proj,209,0,8,12343
k_proj,209,0,8,7402
v_proj,209,0,8,7100
rope,209,0,8,10398
attn,209,0,8,6595
o_proj,209,0,8,15202
post_layernorm,209,0,8,41845
gate_proj,209,0,8,35371
up_proj,209,0,8,35248
act_fn,209,0,8,4662
down_proj,209,0,8,49509
final_layernorm,209,0,8,41300
lm_head,209,0,8,291563
embedding,210,0,8,11419
input_layernorm,210,0,8,40931
q_proj,210,0,8,12193
k_proj,210,0,8,7320
v_proj,210,0,8,7020
rope,210,0,8,10360
attn,210,0,8,6541
o_proj,210,0,8,15061
post_layernorm,210,0,8,41675
gate_proj,210,0,8,35237
up_proj,210,0,8,35188
act_fn,210,0,8,4628
down_proj,210,0,8,49169
final_layernorm,210,0,8,41324
lm_head,210,0,8,291216
embedding,211,0,8,11403
input_layernorm,211,0,8,42768
q_proj,211,0,8,12359
k_proj,211,0,8,7398
v_proj,211,0,8,7157
rope,211,0,8,10463
attn,211,0,8,6614
o_proj,211,0,8,15254
post_layernorm,211,0,8,42291
gate_proj,211,0,8,35482
up_proj,211,0,8,35411
act_fn,211,0,8,4734
down_proj,211,0,8,50292
final_layernorm,211,0,8,41672
lm_head,211,0,8,292274
embedding,212,0,8,11359
input_layernorm,212,0,8,43149
q_proj,212,0,8,12343
k_proj,212,0,8,7371
v_proj,212,0,8,7168
rope,212,0,8,10609
attn,212,0,8,6640
o_proj,212,0,8,15275
post_layernorm,212,0,8,42620
gate_proj,212,0,8,35447
up_proj,212,0,8,35364
act_fn,212,0,8,4673
down_proj,212,0,8,49844
final_layernorm,212,0,8,41629
lm_head,212,0,8,293519
embedding,213,0,8,11421
input_layernorm,213,0,8,42194
q_proj,213,0,8,12333
k_proj,213,0,8,7423
v_proj,213,0,8,7156
rope,213,0,8,10451
attn,213,0,8,6624
o_proj,213,0,8,15219
post_layernorm,213,0,8,42684
gate_proj,213,0,8,35547
up_proj,213,0,8,35475
act_fn,213,0,8,4664
down_proj,213,0,8,50393
final_layernorm,213,0,8,41899
lm_head,213,0,8,293087
embedding,214,0,8,11300
input_layernorm,214,0,8,41870
q_proj,214,0,8,12314
k_proj,214,0,8,7426
v_proj,214,0,8,7091
rope,214,0,8,10506
attn,214,0,8,6579
o_proj,214,0,8,15171
post_layernorm,214,0,8,42671
gate_proj,214,0,8,35515
up_proj,214,0,8,35512
act_fn,214,0,8,4693
down_proj,214,0,8,49616
final_layernorm,214,0,8,42109
lm_head,214,0,8,293179
embedding,215,0,8,11422
input_layernorm,215,0,8,42693
q_proj,215,0,8,12340
k_proj,215,0,8,7454
v_proj,215,0,8,7155
rope,215,0,8,10498
attn,215,0,8,6807
o_proj,215,0,8,15348
post_layernorm,215,0,8,43019
gate_proj,215,0,8,35699
up_proj,215,0,8,35637
act_fn,215,0,8,4748
down_proj,215,0,8,50340
final_layernorm,215,0,8,42308
lm_head,215,0,8,293951
embedding,216,0,8,11511
input_layernorm,216,0,8,42025
q_proj,216,0,8,12415
k_proj,216,0,8,7478
v_proj,216,0,8,7217
rope,216,0,8,10647
attn,216,0,8,6677
o_proj,216,0,8,15325
post_layernorm,216,0,8,42979
gate_proj,216,0,8,35712
up_proj,216,0,8,35620
act_fn,216,0,8,4725
down_proj,216,0,8,49902
final_layernorm,216,0,8,42411
lm_head,216,0,8,295040
embedding,217,0,8,11462
input_layernorm,217,0,8,42663
q_proj,217,0,8,12259
k_proj,217,0,8,7362
v_proj,217,0,8,7133
rope,217,0,8,10398
attn,217,0,8,6659
o_proj,217,0,8,15138
post_layernorm,217,0,8,42970
gate_proj,217,0,8,35634
up_proj,217,0,8,35739
act_fn,217,0,8,4766
down_proj,217,0,8,49717
final_layernorm,217,0,8,42575
lm_head,217,0,8,293193
embedding,218,0,8,11602
input_layernorm,218,0,8,42933
q_proj,218,0,8,12441
k_proj,218,0,8,7475
v_proj,218,0,8,7234
rope,218,0,8,10614
attn,218,0,8,6775
o_proj,218,0,8,15327
post_layernorm,218,0,8,43671
gate_proj,218,0,8,35849
up_proj,218,0,8,36025
act_fn,218,0,8,4791
down_proj,218,0,8,50781
final_layernorm,218,0,8,42977
lm_head,218,0,8,295762
embedding,219,0,8,11732
input_layernorm,219,0,8,43849
q_proj,219,0,8,12280
k_proj,219,0,8,7363
v_proj,219,0,8,7227
rope,219,0,8,10489
attn,219,0,8,6710
o_proj,219,0,8,15266
post_layernorm,219,0,8,43634
gate_proj,219,0,8,35652
up_proj,219,0,8,35817
act_fn,219,0,8,4786
down_proj,219,0,8,54481
final_layernorm,219,0,8,43143
lm_head,219,0,8,228131
embedding,220,0,8,11829
input_layernorm,220,0,8,42951
q_proj,220,0,8,12291
k_proj,220,0,8,7404
v_proj,220,0,8,7181
rope,220,0,8,10561
attn,220,0,8,6826
o_proj,220,0,8,15254
post_layernorm,220,0,8,43830
gate_proj,220,0,8,35576
up_proj,220,0,8,35726
act_fn,220,0,8,4796
down_proj,220,0,8,50375
final_layernorm,220,0,8,43327
lm_head,220,0,8,228022
embedding,221,0,8,11909
input_layernorm,221,0,8,43027
q_proj,221,0,8,12373
k_proj,221,0,8,7414
v_proj,221,0,8,7236
rope,221,0,8,10490
attn,221,0,8,6719
o_proj,221,0,8,15243
post_layernorm,221,0,8,44099
gate_proj,221,0,8,35845
up_proj,221,0,8,35959
act_fn,221,0,8,4845
down_proj,221,0,8,50394
final_layernorm,221,0,8,43614
lm_head,221,0,8,228173
embedding,222,0,8,11913
input_layernorm,222,0,8,43844
q_proj,222,0,8,12424
k_proj,222,0,8,7472
v_proj,222,0,8,7193
rope,222,0,8,10554
attn,222,0,8,6760
o_proj,222,0,8,15525
post_layernorm,222,0,8,44396
gate_proj,222,0,8,35905
up_proj,222,0,8,35911
act_fn,222,0,8,4863
down_proj,222,0,8,51699
final_layernorm,222,0,8,43624
lm_head,222,0,8,228283
embedding,223,0,8,12012
input_layernorm,223,0,8,44754
q_proj,223,0,8,12390
k_proj,223,0,8,7451
v_proj,223,0,8,7227
rope,223,0,8,10478
attn,223,0,8,6779
o_proj,223,0,8,15403
post_layernorm,223,0,8,44363
gate_proj,223,0,8,35873
up_proj,223,0,8,35892
act_fn,223,0,8,4914
down_proj,223,0,8,50375
final_layernorm,223,0,8,44037
lm_head,223,0,8,228248
embedding,224,0,8,12031
input_layernorm,224,0,8,42965
q_proj,224,0,8,12415
k_proj,224,0,8,7524
v_proj,224,0,8,7237
rope,224,0,8,10671
attn,224,0,8,6809
o_proj,224,0,8,15524
post_layernorm,224,0,8,44142
gate_proj,224,0,8,35841
up_proj,224,0,8,35730
act_fn,224,0,8,4916
down_proj,224,0,8,50935
final_layernorm,224,0,8,43823
lm_head,224,0,8,228500
embedding,225,0,8,12068
input_layernorm,225,0,8,43799
q_proj,225,0,8,12459
k_proj,225,0,8,7529
v_proj,225,0,8,7271
rope,225,0,8,10544
attn,225,0,8,6839
o_proj,225,0,8,15436
post_layernorm,225,0,8,44573
gate_proj,225,0,8,36057
up_proj,225,0,8,35918
act_fn,225,0,8,4950
down_proj,225,0,8,52134
final_layernorm,225,0,8,44539
lm_head,225,0,8,228532
embedding,226,0,8,12388
input_layernorm,226,0,8,43925
q_proj,226,0,8,12470
k_proj,226,0,8,7515
v_proj,226,0,8,7239
rope,226,0,8,10637
attn,226,0,8,6912
o_proj,226,0,8,15378
post_layernorm,226,0,8,44629
gate_proj,226,0,8,36221
up_proj,226,0,8,36015
act_fn,226,0,8,4975
down_proj,226,0,8,50931
final_layernorm,226,0,8,44658
lm_head,226,0,8,228647
embedding,227,0,8,12235
input_layernorm,227,0,8,45012
q_proj,227,0,8,12485
k_proj,227,0,8,7525
v_proj,227,0,8,7312
rope,227,0,8,10567
attn,227,0,8,7010
o_proj,227,0,8,15509
post_layernorm,227,0,8,44920
gate_proj,227,0,8,36107
up_proj,227,0,8,35973
act_fn,227,0,8,5014
down_proj,227,0,8,51255
final_layernorm,227,0,8,44951
lm_head,227,0,8,228927
embedding,228,0,8,12521
input_layernorm,228,0,8,44850
q_proj,228,0,8,12460
k_proj,228,0,8,7508
v_proj,228,0,8,7272
rope,228,0,8,10664
attn,228,0,8,6840
o_proj,228,0,8,15507
post_layernorm,228,0,8,44875
gate_proj,228,0,8,35979
up_proj,228,0,8,35819
act_fn,228,0,8,5042
down_proj,228,0,8,51190
final_layernorm,228,0,8,45084
lm_head,228,0,8,228638
embedding,229,0,8,12580
input_layernorm,229,0,8,44191
q_proj,229,0,8,12448
k_proj,229,0,8,7494
v_proj,229,0,8,7337
rope,229,0,8,10549
attn,229,0,8,7017
o_proj,229,0,8,15571
post_layernorm,229,0,8,44921
gate_proj,229,0,8,35931
up_proj,229,0,8,36009
act_fn,229,0,8,5099
down_proj,229,0,8,52722
final_layernorm,229,0,8,45001
lm_head,229,0,8,228866
embedding,230,0,8,12634
input_layernorm,230,0,8,44653
q_proj,230,0,8,12500
k_proj,230,0,8,7570
v_proj,230,0,8,7297
rope,230,0,8,10632
attn,230,0,8,6952
o_proj,230,0,8,15732
post_layernorm,230,0,8,45158
gate_proj,230,0,8,36122
up_proj,230,0,8,36079
act_fn,230,0,8,5152
down_proj,230,0,8,51044
final_layernorm,230,0,8,45303
lm_head,230,0,8,228910
embedding,231,0,8,12525
input_layernorm,231,0,8,46040
q_proj,231,0,8,12570
k_proj,231,0,8,7515
v_proj,231,0,8,7350
rope,231,0,8,10577
attn,231,0,8,6953
o_proj,231,0,8,15602
post_layernorm,231,0,8,45253
gate_proj,231,0,8,36107
up_proj,231,0,8,36236
act_fn,231,0,8,5111
down_proj,231,0,8,54460
final_layernorm,231,0,8,45515
lm_head,231,0,8,229102
embedding,232,0,8,12676
input_layernorm,232,0,8,45009
q_proj,232,0,8,12581
k_proj,232,0,8,7551
v_proj,232,0,8,7316
rope,232,0,8,10739
attn,232,0,8,7023
o_proj,232,0,8,15633
post_layernorm,232,0,8,45215
gate_proj,232,0,8,36043
up_proj,232,0,8,36082
act_fn,232,0,8,5145
down_proj,232,0,8,51414
final_layernorm,232,0,8,45474
lm_head,232,0,8,229100
embedding,233,0,8,12577
input_layernorm,233,0,8,45587
q_proj,233,0,8,12556
k_proj,233,0,8,7574
v_proj,233,0,8,7315
rope,233,0,8,10630
attn,233,0,8,7032
o_proj,233,0,8,15567
post_layernorm,233,0,8,45529
gate_proj,233,0,8,36152
up_proj,233,0,8,36328
act_fn,233,0,8,5167
down_proj,233,0,8,52200
final_layernorm,233,0,8,45761
lm_head,233,0,8,229090
embedding,234,0,8,12636
input_layernorm,234,0,8,46074
q_proj,234,0,8,12569
k_proj,234,0,8,7530
v_proj,234,0,8,7319
rope,234,0,8,10670
attn,234,0,8,7000
o_proj,234,0,8,15814
post_layernorm,234,0,8,45625
gate_proj,234,0,8,36135
up_proj,234,0,8,36313
act_fn,234,0,8,5266
down_proj,234,0,8,52344
final_layernorm,234,0,8,45908
lm_head,234,0,8,229219
embedding,235,0,8,12589
input_layernorm,235,0,8,45370
q_proj,235,0,8,12623
k_proj,235,0,8,7629
v_proj,235,0,8,7364
rope,235,0,8,10735
attn,235,0,8,7160
o_proj,235,0,8,15607
post_layernorm,235,0,8,45899
gate_proj,235,0,8,36195
up_proj,235,0,8,36384
act_fn,235,0,8,5249
down_proj,235,0,8,52546
final_layernorm,235,0,8,46172
lm_head,235,0,8,229390
embedding,236,0,8,12590
input_layernorm,236,0,8,46620
q_proj,236,0,8,12596
k_proj,236,0,8,7641
v_proj,236,0,8,7359
rope,236,0,8,10796
attn,236,0,8,7101
o_proj,236,0,8,15755
post_layernorm,236,0,8,45952
gate_proj,236,0,8,36010
up_proj,236,0,8,36301
act_fn,236,0,8,5222
down_proj,236,0,8,52707
final_layernorm,236,0,8,46169
lm_head,236,0,8,229424
embedding,237,0,8,12824
input_layernorm,237,0,8,46873
q_proj,237,0,8,12577
k_proj,237,0,8,7594
v_proj,237,0,8,7349
rope,237,0,8,10692
attn,237,0,8,7165
o_proj,237,0,8,15732
post_layernorm,237,0,8,45934
gate_proj,237,0,8,36128
up_proj,237,0,8,36258
act_fn,237,0,8,5309
down_proj,237,0,8,51969
final_layernorm,237,0,8,46342
lm_head,237,0,8,229629
embedding,238,0,8,12798
input_layernorm,238,0,8,46786
q_proj,238,0,8,12661
k_proj,238,0,8,7608
v_proj,238,0,8,7380
rope,238,0,8,10744
attn,238,0,8,7155
o_proj,238,0,8,15936
post_layernorm,238,0,8,46341
gate_proj,238,0,8,36394
up_proj,238,0,8,36379
act_fn,238,0,8,5310
down_proj,238,0,8,52643
final_layernorm,238,0,8,46307
lm_head,238,0,8,229753
embedding,239,0,8,12976
input_layernorm,239,0,8,47190
q_proj,239,0,8,12671
k_proj,239,0,8,7620
v_proj,239,0,8,7430
rope,239,0,8,10746
attn,239,0,8,7272
o_proj,239,0,8,15731
post_layernorm,239,0,8,46437
gate_proj,239,0,8,36345
up_proj,239,0,8,36511
act_fn,239,0,8,5345
down_proj,239,0,8,52028
final_layernorm,239,0,8,46484
lm_head,239,0,8,229653
embedding,240,0,8,12598
input_layernorm,240,0,8,45311
q_proj,240,0,8,12630
k_proj,240,0,8,7621
v_proj,240,0,8,7363
rope,240,0,8,10803
attn,240,0,8,7158
o_proj,240,0,8,15941
post_layernorm,240,0,8,46149
gate_proj,240,0,8,36268
up_proj,240,0,8,36284
act_fn,240,0,8,5422
down_proj,240,0,8,52601
final_layernorm,240,0,8,46406
lm_head,240,0,8,229702
embedding,241,0,8,12886
input_layernorm,241,0,8,46667
q_proj,241,0,8,12686
k_proj,241,0,8,7635
v_proj,241,0,8,7503
rope,241,0,8,10731
attn,241,0,8,7223
o_proj,241,0,8,15881
post_layernorm,241,0,8,46713
gate_proj,241,0,8,36343
up_proj,241,0,8,36382
act_fn,241,0,8,5450
down_proj,241,0,8,52775
final_layernorm,241,0,8,46779
lm_head,241,0,8,229825
embedding,242,0,8,12767
input_layernorm,242,0,8,46369
q_proj,242,0,8,12744
k_proj,242,0,8,7657
v_proj,242,0,8,7492
rope,242,0,8,10810
attn,242,0,8,7296
o_proj,242,0,8,15817
post_layernorm,242,0,8,46890
gate_proj,242,0,8,36480
up_proj,242,0,8,36486
act_fn,242,0,8,5473
down_proj,242,0,8,52804
final_layernorm,242,0,8,47019
lm_head,242,0,8,230019
embedding,243,0,8,12897
input_layernorm,243,0,8,46955
q_proj,243,0,8,12736
k_proj,243,0,8,7697
v_proj,243,0,8,7524
rope,243,0,8,10775
attn,243,0,8,7277
o_proj,243,0,8,15974
post_layernorm,243,0,8,47140
gate_proj,243,0,8,36524
up_proj,243,0,8,36554
act_fn,243,0,8,5501
down_proj,243,0,8,53229
final_layernorm,243,0,8,47316
lm_head,243,0,8,230262
embedding,244,0,8,12826
input_layernorm,244,0,8,47431
q_proj,244,0,8,12707
k_proj,244,0,8,7669
v_proj,244,0,8,7501
rope,244,0,8,10842
attn,244,0,8,7263
o_proj,244,0,8,15911
post_layernorm,244,0,8,47121
gate_proj,244,0,8,36495
up_proj,244,0,8,36375
act_fn,244,0,8,5607
down_proj,244,0,8,52498
final_layernorm,244,0,8,47363
lm_head,244,0,8,230116
embedding,245,0,8,13036
input_layernorm,245,0,8,47622
q_proj,245,0,8,12715
k_proj,245,0,8,7738
v_proj,245,0,8,7530
rope,245,0,8,10772
attn,245,0,8,7304
o_proj,245,0,8,15847
post_layernorm,245,0,8,47134
gate_proj,245,0,8,36727
up_proj,245,0,8,36512
act_fn,245,0,8,5602
down_proj,245,0,8,53169
final_layernorm,245,0,8,47623
lm_head,245,0,8,230340
embedding,246,0,8,13203
input_layernorm,246,0,8,47395
q_proj,246,0,8,12772
k_proj,246,0,8,7747
v_proj,246,0,8,7535
rope,246,0,8,10812
attn,246,0,8,7372
o_proj,246,0,8,16182
post_layernorm,246,0,8,47324
gate_proj,246,0,8,36876
up_proj,246,0,8,36509
act_fn,246,0,8,5606
down_proj,246,0,8,52873
final_layernorm,246,0,8,48048
lm_head,246,0,8,229971
embedding,247,0,8,13336
input_layernorm,247,0,8,47476
q_proj,247,0,8,12797
k_proj,247,0,8,7774
v_proj,247,0,8,7608
rope,247,0,8,10826
attn,247,0,8,7387
o_proj,247,0,8,15939
post_layernorm,247,0,8,47587
gate_proj,247,0,8,36655
up_proj,247,0,8,36717
act_fn,247,0,8,5605
down_proj,247,0,8,53812
final_layernorm,247,0,8,48141
lm_head,247,0,8,230604
embedding,248,0,8,13259
input_layernorm,248,0,8,47803
q_proj,248,0,8,12774
k_proj,248,0,8,7739
v_proj,248,0,8,7542
rope,248,0,8,10904
attn,248,0,8,7369
o_proj,248,0,8,16046
post_layernorm,248,0,8,47451
gate_proj,248,0,8,36606
up_proj,248,0,8,36564
act_fn,248,0,8,5652
down_proj,248,0,8,53164
final_layernorm,248,0,8,47883
lm_head,248,0,8,230550
embedding,249,0,8,13505
input_layernorm,249,0,8,48007
q_proj,249,0,8,13153
k_proj,249,0,8,7850
v_proj,249,0,8,7642
rope,249,0,8,10834
attn,249,0,8,7406
o_proj,249,0,8,16075
post_layernorm,249,0,8,47827
gate_proj,249,0,8,36915
up_proj,249,0,8,36911
act_fn,249,0,8,5655
down_proj,249,0,8,53724
final_layernorm,249,0,8,47574
lm_head,249,0,8,230663
embedding,250,0,8,13670
input_layernorm,250,0,8,48511
q_proj,250,0,8,13099
k_proj,250,0,8,7813
v_proj,250,0,8,7672
rope,250,0,8,10889
attn,250,0,8,7379
o_proj,250,0,8,15911
post_layernorm,250,0,8,48040
gate_proj,250,0,8,36572
up_proj,250,0,8,36817
act_fn,250,0,8,5684
down_proj,250,0,8,53939
final_layernorm,250,0,8,47627
lm_head,250,0,8,230777
embedding,251,0,8,13394
input_layernorm,251,0,8,48778
q_proj,251,0,8,13184
k_proj,251,0,8,7762
v_proj,251,0,8,7705
rope,251,0,8,10863
attn,251,0,8,7492
o_proj,251,0,8,16030
post_layernorm,251,0,8,48051
gate_proj,251,0,8,36715
up_proj,251,0,8,37016
act_fn,251,0,8,5720
down_proj,251,0,8,53318
final_layernorm,251,0,8,48147
lm_head,251,0,8,230664
embedding,252,0,8,13213
input_layernorm,252,0,8,48210
q_proj,252,0,8,12968
k_proj,252,0,8,7785
v_proj,252,0,8,7585
rope,252,0,8,10837
attn,252,0,8,7399
o_proj,252,0,8,16176
post_layernorm,252,0,8,48032
gate_proj,252,0,8,36351
up_proj,252,0,8,36770
act_fn,252,0,8,5731
down_proj,252,0,8,52699
final_layernorm,252,0,8,47965
lm_head,252,0,8,230566
embedding,253,0,8,13421
input_layernorm,253,0,8,51223
q_proj,253,0,8,13102
k_proj,253,0,8,7809
v_proj,253,0,8,7613
rope,253,0,8,11594
attn,253,0,8,7661
o_proj,253,0,8,16129
post_layernorm,253,0,8,50161
gate_proj,253,0,8,36563
up_proj,253,0,8,37054
act_fn,253,0,8,5726
down_proj,253,0,8,52728
final_layernorm,253,0,8,50245
lm_head,253,0,8,230768
embedding,254,0,8,13711
input_layernorm,254,0,8,51898
q_proj,254,0,8,13214
k_proj,254,0,8,7804
v_proj,254,0,8,7778
rope,254,0,8,11814
attn,254,0,8,7675
o_proj,254,0,8,16325
post_layernorm,254,0,8,50677
gate_proj,254,0,8,36589
up_proj,254,0,8,37079
act_fn,254,0,8,5829
down_proj,254,0,8,53820
final_layernorm,254,0,8,50609
lm_head,254,0,8,230981
embedding,255,0,8,13464
input_layernorm,255,0,8,52178
q_proj,255,0,8,13203
k_proj,255,0,8,7849
v_proj,255,0,8,7735
rope,255,0,8,11798
attn,255,0,8,7750
o_proj,255,0,8,16258
post_layernorm,255,0,8,51229
gate_proj,255,0,8,36656
up_proj,255,0,8,37173
act_fn,255,0,8,5824
down_proj,255,0,8,53919
final_layernorm,255,0,8,52560
lm_head,255,0,8,231125
embedding,256,0,8,13383
input_layernorm,256,0,8,52201
q_proj,256,0,8,13172
k_proj,256,0,8,7868
v_proj,256,0,8,7730
rope,256,0,8,11831
attn,256,0,8,7065
o_proj,256,0,8,16156
post_layernorm,256,0,8,51107
gate_proj,256,0,8,36537
up_proj,256,0,8,36946
act_fn,256,0,8,5909
down_proj,256,0,8,54438
final_layernorm,256,0,8,51441
lm_head,256,0,8,231109
embedding,257,0,8,13300
input_layernorm,257,0,8,52984
q_proj,257,0,8,16777
k_proj,257,0,8,10626
v_proj,257,0,8,10473
rope,257,0,8,11673
attn,257,0,8,7796
o_proj,257,0,8,15593
post_layernorm,257,0,8,51535
gate_proj,257,0,8,38397
up_proj,257,0,8,38462
act_fn,257,0,8,6212
down_proj,257,0,8,52584
final_layernorm,257,0,8,53756
lm_head,257,0,8,280475
embedding,258,0,8,13451
input_layernorm,258,0,8,52802
q_proj,258,0,8,16576
k_proj,258,0,8,10555
v_proj,258,0,8,10432
rope,258,0,8,11655
attn,258,0,8,7726
o_proj,258,0,8,15433
post_layernorm,258,0,8,51607
gate_proj,258,0,8,38240
up_proj,258,0,8,38343
act_fn,258,0,8,6241
down_proj,258,0,8,52306
final_layernorm,258,0,8,53764
lm_head,258,0,8,280421
embedding,259,0,8,13412
input_layernorm,259,0,8,53363
q_proj,259,0,8,16827
k_proj,259,0,8,10678
v_proj,259,0,8,10501
rope,259,0,8,11758
attn,259,0,8,7909
o_proj,259,0,8,15648
post_layernorm,259,0,8,52687
gate_proj,259,0,8,38489
up_proj,259,0,8,38550
act_fn,259,0,8,6260
down_proj,259,0,8,52666
final_layernorm,259,0,8,54718
lm_head,259,0,8,280798
embedding,260,0,8,13618
input_layernorm,260,0,8,53734
q_proj,260,0,8,16893
k_proj,260,0,8,10684
v_proj,260,0,8,10508
rope,260,0,8,11952
attn,260,0,8,7919
o_proj,260,0,8,15714
post_layernorm,260,0,8,53279
gate_proj,260,0,8,38667
up_proj,260,0,8,38702
act_fn,260,0,8,6334
down_proj,260,0,8,52837
final_layernorm,260,0,8,54936
lm_head,260,0,8,281228
embedding,261,0,8,13625
input_layernorm,261,0,8,53645
q_proj,261,0,8,16603
k_proj,261,0,8,10575
v_proj,261,0,8,10352
rope,261,0,8,11634
attn,261,0,8,7931
o_proj,261,0,8,15435
post_layernorm,261,0,8,53899
gate_proj,261,0,8,38316
up_proj,261,0,8,38385
act_fn,261,0,8,6337
down_proj,261,0,8,52302
final_layernorm,261,0,8,54813
lm_head,261,0,8,280426
embedding,262,0,8,13373
input_layernorm,262,0,8,53925
q_proj,262,0,8,16778
k_proj,262,0,8,10691
v_proj,262,0,8,10486
rope,262,0,8,11802
attn,262,0,8,8010
o_proj,262,0,8,15600
post_layernorm,262,0,8,54486
gate_proj,262,0,8,38418
up_proj,262,0,8,38504
act_fn,262,0,8,6337
down_proj,262,0,8,52622
final_layernorm,262,0,8,55292
lm_head,262,0,8,281326
embedding,263,0,8,13425
input_layernorm,263,0,8,54575
q_proj,263,0,8,16760
k_proj,263,0,8,10660
v_proj,263,0,8,10440
rope,263,0,8,11762
attn,263,0,8,8032
o_proj,263,0,8,15584
post_layernorm,263,0,8,54724
gate_proj,263,0,8,38351
up_proj,263,0,8,38532
act_fn,263,0,8,6371
down_proj,263,0,8,52540
final_layernorm,263,0,8,55575
lm_head,263,0,8,281460
embedding,264,0,8,13344
input_layernorm,264,0,8,54218
q_proj,264,0,8,16691
k_proj,264,0,8,10629
v_proj,264,0,8,10401
rope,264,0,8,11867
attn,264,0,8,7904
o_proj,264,0,8,15523
post_layernorm,264,0,8,54275
gate_proj,264,0,8,38416
up_proj,264,0,8,38465
act_fn,264,0,8,6408
down_proj,264,0,8,52446
final_layernorm,264,0,8,55662
lm_head,264,0,8,280941
embedding,265,0,8,13317
input_layernorm,265,0,8,54554
q_proj,265,0,8,16682
k_proj,265,0,8,10646
v_proj,265,0,8,10440
rope,265,0,8,11713
attn,265,0,8,7960
o_proj,265,0,8,15524
post_layernorm,265,0,8,54667
gate_proj,265,0,8,38430
up_proj,265,0,8,38468
act_fn,265,0,8,6400
down_proj,265,0,8,52577
final_layernorm,265,0,8,55897
lm_head,265,0,8,281399
embedding,266,0,8,13719
input_layernorm,266,0,8,55093
q_proj,266,0,8,16887
k_proj,266,0,8,10788
v_proj,266,0,8,10584
rope,266,0,8,11922
attn,266,0,8,8086
o_proj,266,0,8,15700
post_layernorm,266,0,8,55186
gate_proj,266,0,8,38618
up_proj,266,0,8,38810
act_fn,266,0,8,6422
down_proj,266,0,8,52847
final_layernorm,266,0,8,56641
lm_head,266,0,8,282179
embedding,267,0,8,13474
input_layernorm,267,0,8,55152
q_proj,267,0,8,16681
k_proj,267,0,8,10775
v_proj,267,0,8,10511
rope,267,0,8,11741
attn,267,0,8,8026
o_proj,267,0,8,15503
post_layernorm,267,0,8,55336
gate_proj,267,0,8,38408
up_proj,267,0,8,38459
act_fn,267,0,8,6451
down_proj,267,0,8,52482
final_layernorm,267,0,8,56386
lm_head,267,0,8,281433
embedding,268,0,8,13794
input_layernorm,268,0,8,55184
q_proj,268,0,8,16689
k_proj,268,0,8,10661
v_proj,268,0,8,10431
rope,268,0,8,11900
attn,268,0,8,7989
o_proj,268,0,8,15499
post_layernorm,268,0,8,55607
gate_proj,268,0,8,38382
up_proj,268,0,8,38467
act_fn,268,0,8,6484
down_proj,268,0,8,52517
final_layernorm,268,0,8,56772
lm_head,268,0,8,281801
embedding,269,0,8,14158
input_layernorm,269,0,8,55393
q_proj,269,0,8,16772
k_proj,269,0,8,10736
v_proj,269,0,8,10503
rope,269,0,8,11793
attn,269,0,8,8073
o_proj,269,0,8,15590
post_layernorm,269,0,8,55871
gate_proj,269,0,8,38383
up_proj,269,0,8,38600
act_fn,269,0,8,6522
down_proj,269,0,8,52631
final_layernorm,269,0,8,56697
lm_head,269,0,8,282214
embedding,270,0,8,14012
input_layernorm,270,0,8,55604
q_proj,270,0,8,16610
k_proj,270,0,8,10693
v_proj,270,0,8,10457
rope,270,0,8,11782
attn,270,0,8,7995
o_proj,270,0,8,15443
post_layernorm,270,0,8,55868
gate_proj,270,0,8,38287
up_proj,270,0,8,38364
act_fn,270,0,8,6509
down_proj,270,0,8,52483
final_layernorm,270,0,8,56671
lm_head,270,0,8,281848
embedding,271,0,8,14074
input_layernorm,271,0,8,56103
q_proj,271,0,8,16865
k_proj,271,0,8,10829
v_proj,271,0,8,10569
rope,271,0,8,11889
attn,271,0,8,8142
o_proj,271,0,8,15677
post_layernorm,271,0,8,56535
gate_proj,271,0,8,38578
up_proj,271,0,8,38740
act_fn,271,0,8,6574
down_proj,271,0,8,52795
final_layernorm,271,0,8,57185
lm_head,271,0,8,282742
embedding,272,0,8,14117
input_layernorm,272,0,8,55779
q_proj,272,0,8,16867
k_proj,272,0,8,10885
v_proj,272,0,8,10579
rope,272,0,8,12045
attn,272,0,8,8045
o_proj,272,0,8,15666
post_layernorm,272,0,8,56292
gate_proj,272,0,8,38630
up_proj,272,0,8,38751
act_fn,272,0,8,6550
down_proj,272,0,8,52826
final_layernorm,272,0,8,57145
lm_head,272,0,8,282492
embedding,273,0,8,14203
input_layernorm,273,0,8,56693
q_proj,273,0,8,16844
k_proj,273,0,8,10999
v_proj,273,0,8,10667
rope,273,0,8,11922
attn,273,0,8,8228
o_proj,273,0,8,15666
post_layernorm,273,0,8,56573
gate_proj,273,0,8,38544
up_proj,273,0,8,38760
act_fn,273,0,8,6600
down_proj,273,0,8,52766
final_layernorm,273,0,8,57456
lm_head,273,0,8,282739
embedding,274,0,8,14099
input_layernorm,274,0,8,56573
q_proj,274,0,8,16729
k_proj,274,0,8,11027
v_proj,274,0,8,10668
rope,274,0,8,11959
attn,274,0,8,8111
o_proj,274,0,8,15527
post_layernorm,274,0,8,56644
gate_proj,274,0,8,38420
up_proj,274,0,8,38576
act_fn,274,0,8,6605
down_proj,274,0,8,52638
final_layernorm,274,0,8,57029
lm_head,274,0,8,282655
embedding,275,0,8,14097
input_layernorm,275,0,8,57118
q_proj,275,0,8,16845
k_proj,275,0,8,11027
v_proj,275,0,8,10716
rope,275,0,8,11927
attn,275,0,8,8198
o_proj,275,0,8,15649
post_layernorm,275,0,8,57073
gate_proj,275,0,8,38544
up_proj,275,0,8,38754
act_fn,275,0,8,6634
down_proj,275,0,8,52800
final_layernorm,275,0,8,57522
lm_head,275,0,8,283048
embedding,276,0,8,14232
input_layernorm,276,0,8,56920
q_proj,276,0,8,16636
k_proj,276,0,8,10866
v_proj,276,0,8,10557
rope,276,0,8,12124
attn,276,0,8,8106
o_proj,276,0,8,15451
post_layernorm,276,0,8,56939
gate_proj,276,0,8,38363
up_proj,276,0,8,38485
act_fn,276,0,8,6681
down_proj,276,0,8,52494
final_layernorm,276,0,8,57566
lm_head,276,0,8,282407
embedding,277,0,8,14380
input_layernorm,277,0,8,57400
q_proj,277,0,8,16779
k_proj,277,0,8,10947
v_proj,277,0,8,10661
rope,277,0,8,11884
attn,277,0,8,8186
o_proj,277,0,8,15605
post_layernorm,277,0,8,57237
gate_proj,277,0,8,38497
up_proj,277,0,8,38635
act_fn,277,0,8,6705
down_proj,277,0,8,52769
final_layernorm,277,0,8,58199
lm_head,277,0,8,283235
embedding,278,0,8,14561
input_layernorm,278,0,8,57491
q_proj,278,0,8,16854
k_proj,278,0,8,11081
v_proj,278,0,8,10745
rope,278,0,8,12047
attn,278,0,8,8212
o_proj,278,0,8,15654
post_layernorm,278,0,8,57740
gate_proj,278,0,8,38631
up_proj,278,0,8,38777
act_fn,278,0,8,6730
down_proj,278,0,8,52932
final_layernorm,278,0,8,58648
lm_head,278,0,8,283996
embedding,279,0,8,14329
input_layernorm,279,0,8,57966
q_proj,279,0,8,17047
k_proj,279,0,8,11135
v_proj,279,0,8,10819
rope,279,0,8,12061
attn,279,0,8,8296
o_proj,279,0,8,15826
post_layernorm,279,0,8,58063
gate_proj,279,0,8,38981
up_proj,279,0,8,39144
act_fn,279,0,8,6724
down_proj,279,0,8,53318
final_layernorm,279,0,8,58990
lm_head,279,0,8,284961
embedding,280,0,8,14367
input_layernorm,280,0,8,57558
q_proj,280,0,8,16911
k_proj,280,0,8,11041
v_proj,280,0,8,10782
rope,280,0,8,12208
attn,280,0,8,8212
o_proj,280,0,8,15723
post_layernorm,280,0,8,57509
gate_proj,280,0,8,38790
up_proj,280,0,8,38969
act_fn,280,0,8,6816
down_proj,280,0,8,53041
final_layernorm,280,0,8,58815
lm_head,280,0,8,284345
embedding,281,0,8,14564
input_layernorm,281,0,8,58015
q_proj,281,0,8,16904
k_proj,281,0,8,11129
v_proj,281,0,8,10832
rope,281,0,8,12023
attn,281,0,8,8269
o_proj,281,0,8,15715
post_layernorm,281,0,8,58128
gate_proj,281,0,8,38753
up_proj,281,0,8,38903
act_fn,281,0,8,6779
down_proj,281,0,8,53078
final_layernorm,281,0,8,59222
lm_head,281,0,8,284289
embedding,282,0,8,14411
input_layernorm,282,0,8,58301
q_proj,282,0,8,17004
k_proj,282,0,8,11171
v_proj,282,0,8,10859
rope,282,0,8,12127
attn,282,0,8,8241
o_proj,282,0,8,15816
post_layernorm,282,0,8,58469
gate_proj,282,0,8,38949
up_proj,282,0,8,39128
act_fn,282,0,8,6861
down_proj,282,0,8,53198
final_layernorm,282,0,8,59192
lm_head,282,0,8,285490
embedding,283,0,8,14343
input_layernorm,283,0,8,58368
q_proj,283,0,8,16912
k_proj,283,0,8,11183
v_proj,283,0,8,10871
rope,283,0,8,12034
attn,283,0,8,8297
o_proj,283,0,8,15711
post_layernorm,283,0,8,58471
gate_proj,283,0,8,38736
up_proj,283,0,8,38928
act_fn,283,0,8,6881
down_proj,283,0,8,53080
final_layernorm,283,0,8,59382
lm_head,283,0,8,284770
embedding,284,0,8,14700
input_layernorm,284,0,8,58929
q_proj,284,0,8,16953
k_proj,284,0,8,11132
v_proj,284,0,8,10882
rope,284,0,8,12255
attn,284,0,8,8254
o_proj,284,0,8,15741
post_layernorm,284,0,8,58888
gate_proj,284,0,8,38866
up_proj,284,0,8,38980
act_fn,284,0,8,6873
down_proj,284,0,8,53195
final_layernorm,284,0,8,59865
lm_head,284,0,8,284884
embedding,285,0,8,14554
input_layernorm,285,0,8,59307
q_proj,285,0,8,16976
k_proj,285,0,8,11211
v_proj,285,0,8,11023
rope,285,0,8,12057
attn,285,0,8,8350
o_proj,285,0,8,15786
post_layernorm,285,0,8,58878
gate_proj,285,0,8,38910
up_proj,285,0,8,39115
act_fn,285,0,8,6891
down_proj,285,0,8,53273
final_layernorm,285,0,8,59778
lm_head,285,0,8,285431
embedding,286,0,8,14546
input_layernorm,286,0,8,59751
q_proj,286,0,8,16973
k_proj,286,0,8,11255
v_proj,286,0,8,10981
rope,286,0,8,12179
attn,286,0,8,8390
o_proj,286,0,8,15805
post_layernorm,286,0,8,59417
gate_proj,286,0,8,38987
up_proj,286,0,8,39101
act_fn,286,0,8,6902
down_proj,286,0,8,53377
final_layernorm,286,0,8,60407
lm_head,286,0,8,285395
embedding,287,0,8,14966
input_layernorm,287,0,8,60047
q_proj,287,0,8,16943
k_proj,287,0,8,11262
v_proj,287,0,8,10966
rope,287,0,8,12097
attn,287,0,8,8418
o_proj,287,0,8,15787
post_layernorm,287,0,8,59401
gate_proj,287,0,8,38925
up_proj,287,0,8,39086
act_fn,287,0,8,6959
down_proj,287,0,8,53198
final_layernorm,287,0,8,60874
lm_head,287,0,8,285568
embedding,288,0,8,14824
input_layernorm,288,0,8,60290
q_proj,288,0,8,17060
k_proj,288,0,8,11279
v_proj,288,0,8,11015
rope,288,0,8,12362
attn,288,0,8,8504
o_proj,288,0,8,15831
post_layernorm,288,0,8,59208
gate_proj,288,0,8,38961
up_proj,288,0,8,39280
act_fn,288,0,8,6959
down_proj,288,0,8,53459
final_layernorm,288,0,8,60464
lm_head,288,0,8,286135
embedding,289,0,8,15097
input_layernorm,289,0,8,60510
q_proj,289,0,8,16898
k_proj,289,0,8,8175
v_proj,289,0,8,8007
rope,289,0,8,12149
attn,289,0,8,8372
o_proj,289,0,8,15659
post_layernorm,289,0,8,59528
gate_proj,289,0,8,38669
up_proj,289,0,8,38911
act_fn,289,0,8,6939
down_proj,289,0,8,53006
final_layernorm,289,0,8,60556
lm_head,289,0,8,285229
embedding,290,0,8,15283
input_layernorm,290,0,8,60603
q_proj,290,0,8,17095
k_proj,290,0,8,8272
v_proj,290,0,8,8066
rope,290,0,8,12310
attn,290,0,8,8470
o_proj,290,0,8,15822
post_layernorm,290,0,8,59936
gate_proj,290,0,8,38983
up_proj,290,0,8,39178
act_fn,290,0,8,7047
down_proj,290,0,8,53465
final_layernorm,290,0,8,60894
lm_head,290,0,8,286727
embedding,291,0,8,15012
input_layernorm,291,0,8,60805
q_proj,291,0,8,17074
k_proj,291,0,8,8239
v_proj,291,0,8,8058
rope,291,0,8,12234
attn,291,0,8,8407
o_proj,291,0,8,15816
post_layernorm,291,0,8,60252
gate_proj,291,0,8,38894
up_proj,291,0,8,39324
act_fn,291,0,8,7103
down_proj,291,0,8,53353
final_layernorm,291,0,8,61306
lm_head,291,0,8,286486
embedding,292,0,8,15067
input_layernorm,292,0,8,60860
q_proj,292,0,8,16948
k_proj,292,0,8,8211
v_proj,292,0,8,8040
rope,292,0,8,12354
attn,292,0,8,8432
o_proj,292,0,8,15703
post_layernorm,292,0,8,60239
gate_proj,292,0,8,38751
up_proj,292,0,8,39004
act_fn,292,0,8,7173
down_proj,292,0,8,53197
final_layernorm,292,0,8,61488
lm_head,292,0,8,286117
embedding,293,0,8,15157
input_layernorm,293,0,8,61609
q_proj,293,0,8,16963
k_proj,293,0,8,8248
v_proj,293,0,8,8086
rope,293,0,8,12241
attn,293,0,8,8373
o_proj,293,0,8,15720
post_layernorm,293,0,8,60478
gate_proj,293,0,8,38700
up_proj,293,0,8,39060
act_fn,293,0,8,7191
down_proj,293,0,8,53140
final_layernorm,293,0,8,61651
lm_head,293,0,8,286273
embedding,294,0,8,15371
input_layernorm,294,0,8,61544
q_proj,294,0,8,17266
k_proj,294,0,8,8372
v_proj,294,0,8,8210
rope,294,0,8,12518
attn,294,0,8,8537
o_proj,294,0,8,15986
post_layernorm,294,0,8,61362
gate_proj,294,0,8,39320
up_proj,294,0,8,39453
act_fn,294,0,8,7242
down_proj,294,0,8,53857
final_layernorm,294,0,8,62620
lm_head,294,0,8,287664
embedding,295,0,8,15189
input_layernorm,295,0,8,61745
q_proj,295,0,8,16968
k_proj,295,0,8,8296
v_proj,295,0,8,8101
rope,295,0,8,12387
attn,295,0,8,8458
o_proj,295,0,8,15737
post_layernorm,295,0,8,61262
gate_proj,295,0,8,38811
up_proj,295,0,8,39069
act_fn,295,0,8,7234
down_proj,295,0,8,53212
final_layernorm,295,0,8,62815
lm_head,295,0,8,286575
embedding,296,0,8,15263
input_layernorm,296,0,8,61693
q_proj,296,0,8,17065
k_proj,296,0,8,8350
v_proj,296,0,8,8153
rope,296,0,8,12643
attn,296,0,8,8545
o_proj,296,0,8,15806
post_layernorm,296,0,8,61336
gate_proj,296,0,8,38884
up_proj,296,0,8,39288
act_fn,296,0,8,7256
down_proj,296,0,8,53367
final_layernorm,296,0,8,63041
lm_head,296,0,8,286744
embedding,297,0,8,15449
input_layernorm,297,0,8,63075
q_proj,297,0,8,17128
k_proj,297,0,8,8353
v_proj,297,0,8,8150
rope,297,0,8,12461
attn,297,0,8,8500
o_proj,297,0,8,15889
post_layernorm,297,0,8,61921
gate_proj,297,0,8,39061
up_proj,297,0,8,39387
act_fn,297,0,8,7271
down_proj,297,0,8,53591
final_layernorm,297,0,8,63646
lm_head,297,0,8,287708
embedding,298,0,8,15410
input_layernorm,298,0,8,65268
q_proj,298,0,8,17194
k_proj,298,0,8,8787
v_proj,298,0,8,8670
rope,298,0,8,12508
attn,298,0,8,8715
o_proj,298,0,8,15927
post_layernorm,298,0,8,62360
gate_proj,298,0,8,39135
up_proj,298,0,8,39383
act_fn,298,0,8,7279
down_proj,298,0,8,53609
final_layernorm,298,0,8,64186
lm_head,298,0,8,288037
embedding,299,0,8,15358
input_layernorm,299,0,8,65290
q_proj,299,0,8,17128
k_proj,299,0,8,8803
v_proj,299,0,8,8651
rope,299,0,8,12409
attn,299,0,8,8595
o_proj,299,0,8,15877
post_layernorm,299,0,8,62891
gate_proj,299,0,8,39035
up_proj,299,0,8,39350
act_fn,299,0,8,7355
down_proj,299,0,8,53537
final_layernorm,299,0,8,64072
lm_head,299,0,8,287517
embedding,300,0,8,15449
input_layernorm,300,0,8,65210
q_proj,300,0,8,17012
k_proj,300,0,8,8755
v_proj,300,0,8,8611
rope,300,0,8,12499
attn,300,0,8,8615
o_proj,300,0,8,15772
post_layernorm,300,0,8,63030
gate_proj,300,0,8,38814
up_proj,300,0,8,39214
act_fn,300,0,8,7423
down_proj,300,0,8,53320
final_layernorm,300,0,8,64480
lm_head,300,0,8,287113
embedding,301,0,8,15335
input_layernorm,301,0,8,65927
q_proj,301,0,8,17093
k_proj,301,0,8,8825
v_proj,301,0,8,8677
rope,301,0,8,12431
attn,301,0,8,8664
o_proj,301,0,8,15857
post_layernorm,301,0,8,62974
gate_proj,301,0,8,38959
up_proj,301,0,8,39303
act_fn,301,0,8,7419
down_proj,301,0,8,53470
final_layernorm,301,0,8,65313
lm_head,301,0,8,287459
embedding,302,0,8,15369
input_layernorm,302,0,8,66504
q_proj,302,0,8,17078
k_proj,302,0,8,8823
v_proj,302,0,8,8642
rope,302,0,8,12362
attn,302,0,8,8661
o_proj,302,0,8,15835
post_layernorm,302,0,8,63397
gate_proj,302,0,8,38957
up_proj,302,0,8,39313
act_fn,302,0,8,7521
down_proj,302,0,8,53482
final_layernorm,302,0,8,66717
lm_head,302,0,8,287650
embedding,303,0,8,15456
input_layernorm,303,0,8,66503
q_proj,303,0,8,17110
k_proj,303,0,8,8832
v_proj,303,0,8,8668
rope,303,0,8,12311
attn,303,0,8,8649
o_proj,303,0,8,15877
post_layernorm,303,0,8,63151
gate_proj,303,0,8,39030
up_proj,303,0,8,39390
act_fn,303,0,8,7580
down_proj,303,0,8,53549
final_layernorm,303,0,8,66686
lm_head,303,0,8,288399
embedding,304,0,8,15646
input_layernorm,304,0,8,66733
q_proj,304,0,8,17129
k_proj,304,0,8,8846
v_proj,304,0,8,8642
rope,304,0,8,12492
attn,304,0,8,8627
o_proj,304,0,8,15883
post_layernorm,304,0,8,63866
gate_proj,304,0,8,39018
up_proj,304,0,8,39527
act_fn,304,0,8,7587
down_proj,304,0,8,53619
final_layernorm,304,0,8,66764
lm_head,304,0,8,288405
embedding,305,0,8,15441
input_layernorm,305,0,8,67253
q_proj,305,0,8,17131
k_proj,305,0,8,8887
v_proj,305,0,8,8735
rope,305,0,8,12378
attn,305,0,8,8753
o_proj,305,0,8,15910
post_layernorm,305,0,8,64447
gate_proj,305,0,8,39054
up_proj,305,0,8,39385
act_fn,305,0,8,7644
down_proj,305,0,8,53522
final_layernorm,305,0,8,67519
lm_head,305,0,8,287939
embedding,306,0,8,15397
input_layernorm,306,0,8,66757
q_proj,306,0,8,17046
k_proj,306,0,8,8845
v_proj,306,0,8,8678
rope,306,0,8,12471
attn,306,0,8,8591
o_proj,306,0,8,15811
post_layernorm,306,0,8,65310
gate_proj,306,0,8,38947
up_proj,306,0,8,39200
act_fn,306,0,8,7623
down_proj,306,0,8,53519
final_layernorm,306,0,8,68024
lm_head,306,0,8,288586
embedding,307,0,8,15636
input_layernorm,307,0,8,67065
q_proj,307,0,8,17080
k_proj,307,0,8,8885
v_proj,307,0,8,8706
rope,307,0,8,12452
attn,307,0,8,8699
o_proj,307,0,8,15862
post_layernorm,307,0,8,65221
gate_proj,307,0,8,38925
up_proj,307,0,8,39438
act_fn,307,0,8,7728
down_proj,307,0,8,53520
final_layernorm,307,0,8,65949
lm_head,307,0,8,288261
embedding,308,0,8,15571
input_layernorm,308,0,8,67746
q_proj,308,0,8,17097
k_proj,308,0,8,8892
v_proj,308,0,8,8704
rope,308,0,8,12632
attn,308,0,8,8720
o_proj,308,0,8,15872
post_layernorm,308,0,8,65622
gate_proj,308,0,8,39014
up_proj,308,0,8,39425
act_fn,308,0,8,7714
down_proj,308,0,8,53557
final_layernorm,308,0,8,66778
lm_head,308,0,8,288202
embedding,309,0,8,15706
input_layernorm,309,0,8,68955
q_proj,309,0,8,17287
k_proj,309,0,8,8957
v_proj,309,0,8,8779
rope,309,0,8,12650
attn,309,0,8,8790
o_proj,309,0,8,16067
post_layernorm,309,0,8,65893
gate_proj,309,0,8,39447
up_proj,309,0,8,39754
act_fn,309,0,8,7805
down_proj,309,0,8,54070
final_layernorm,309,0,8,68293
lm_head,309,0,8,289826
embedding,310,0,8,16277
input_layernorm,310,0,8,68888
q_proj,310,0,8,17273
k_proj,310,0,8,8971
v_proj,310,0,8,8809
rope,310,0,8,12738
attn,310,0,8,8859
o_proj,310,0,8,16036
post_layernorm,310,0,8,68100
gate_proj,310,0,8,39374
up_proj,310,0,8,39596
act_fn,310,0,8,7901
down_proj,310,0,8,53956
final_layernorm,310,0,8,69070
lm_head,310,0,8,289803
embedding,311,0,8,16022
input_layernorm,311,0,8,68582
q_proj,311,0,8,17121
k_proj,311,0,8,8924
v_proj,311,0,8,8766
rope,311,0,8,12642
attn,311,0,8,8799
o_proj,311,0,8,15885
post_layernorm,311,0,8,68395
gate_proj,311,0,8,39010
up_proj,311,0,8,39428
act_fn,311,0,8,7891
down_proj,311,0,8,53582
final_layernorm,311,0,8,70066
lm_head,311,0,8,289049
embedding,312,0,8,16092
input_layernorm,312,0,8,68384
q_proj,312,0,8,17261
k_proj,312,0,8,8973
v_proj,312,0,8,8815
rope,312,0,8,12879
attn,312,0,8,8873
o_proj,312,0,8,16042
post_layernorm,312,0,8,68482
gate_proj,312,0,8,39367
up_proj,312,0,8,39750
act_fn,312,0,8,7965
down_proj,312,0,8,53925
final_layernorm,312,0,8,69645
lm_head,312,0,8,290018
embedding,313,0,8,16121
input_layernorm,313,0,8,69221
q_proj,313,0,8,17128
k_proj,313,0,8,8952
v_proj,313,0,8,8779
rope,313,0,8,12696
attn,313,0,8,8994
o_proj,313,0,8,15902
post_layernorm,313,0,8,69538
gate_proj,313,0,8,39079
up_proj,313,0,8,39441
act_fn,313,0,8,7957
down_proj,313,0,8,53552
final_layernorm,313,0,8,69908
lm_head,313,0,8,289283
embedding,314,0,8,16317
input_layernorm,314,0,8,69235
q_proj,314,0,8,17165
k_proj,314,0,8,9028
v_proj,314,0,8,8837
rope,314,0,8,12771
attn,314,0,8,8856
o_proj,314,0,8,15931
post_layernorm,314,0,8,69282
gate_proj,314,0,8,39168
up_proj,314,0,8,39477
act_fn,314,0,8,8017
down_proj,314,0,8,53663
final_layernorm,314,0,8,69840
lm_head,314,0,8,289458
embedding,315,0,8,16218
input_layernorm,315,0,8,69827
q_proj,315,0,8,17196
k_proj,315,0,8,8982
v_proj,315,0,8,8801
rope,315,0,8,12711
attn,315,0,8,8900
o_proj,315,0,8,15968
post_layernorm,315,0,8,70013
gate_proj,315,0,8,39215
up_proj,315,0,8,39673
act_fn,315,0,8,7998
down_proj,315,0,8,53772
final_layernorm,315,0,8,70191
lm_head,315,0,8,290474
embedding,316,0,8,16269
input_layernorm,316,0,8,69971
q_proj,316,0,8,17156
k_proj,316,0,8,9007
v_proj,316,0,8,8807
rope,316,0,8,12889
attn,316,0,8,8962
o_proj,316,0,8,15913
post_layernorm,316,0,8,70908
gate_proj,316,0,8,39118
up_proj,316,0,8,39540
act_fn,316,0,8,8084
down_proj,316,0,8,53667
final_layernorm,316,0,8,71717
lm_head,316,0,8,289767
embedding,317,0,8,16396
input_layernorm,317,0,8,70223
q_proj,317,0,8,17200
k_proj,317,0,8,9073
v_proj,317,0,8,8911
rope,317,0,8,12790
attn,317,0,8,9006
o_proj,317,0,8,15971
post_layernorm,317,0,8,71583
gate_proj,317,0,8,39201
up_proj,317,0,8,39663
act_fn,317,0,8,8095
down_proj,317,0,8,53834
final_layernorm,317,0,8,71953
lm_head,317,0,8,290152
embedding,318,0,8,16443
input_layernorm,318,0,8,70830
q_proj,318,0,8,17144
k_proj,318,0,8,9021
v_proj,318,0,8,8860
rope,318,0,8,12801
attn,318,0,8,8887
o_proj,318,0,8,15917
post_layernorm,318,0,8,71662
gate_proj,318,0,8,39082
up_proj,318,0,8,39572
act_fn,318,0,8,8141
down_proj,318,0,8,53677
final_layernorm,318,0,8,72258
lm_head,318,0,8,290358
embedding,319,0,8,16168
input_layernorm,319,0,8,71446
q_proj,319,0,8,17100
k_proj,319,0,8,9017
v_proj,319,0,8,8856
rope,319,0,8,12750
attn,319,0,8,9004
o_proj,319,0,8,15870
post_layernorm,319,0,8,71912
gate_proj,319,0,8,38965
up_proj,319,0,8,39484
act_fn,319,0,8,8150
down_proj,319,0,8,53562
final_layernorm,319,0,8,72347
lm_head,319,0,8,290239
embedding,320,0,8,16365
input_layernorm,320,0,8,71189
q_proj,320,0,8,17119
k_proj,320,0,8,9008
v_proj,320,0,8,8888
rope,320,0,8,12932
attn,320,0,8,9005
o_proj,320,0,8,15901
post_layernorm,320,0,8,71601
gate_proj,320,0,8,39046
up_proj,320,0,8,39524
act_fn,320,0,8,8182
down_proj,320,0,8,53578
final_layernorm,320,0,8,72092
lm_head,320,0,8,290164
embedding,321,0,8,16399
input_layernorm,321,0,8,72049
q_proj,321,0,8,17378
k_proj,321,0,8,10124
v_proj,321,0,8,10308
rope,321,0,8,12908
attn,321,0,8,12626
o_proj,321,0,8,16130
post_layernorm,321,0,8,72474
gate_proj,321,0,8,39600
up_proj,321,0,8,40086
act_fn,321,0,8,8211
down_proj,321,0,8,54397
final_layernorm,321,0,8,73364
lm_head,321,0,8,416318
embedding,322,0,8,16275
input_layernorm,322,0,8,72615
q_proj,322,0,8,17421
k_proj,322,0,8,10066
v_proj,322,0,8,10347
rope,322,0,8,12997
attn,322,0,8,12520
o_proj,322,0,8,16149
post_layernorm,322,0,8,72663
gate_proj,322,0,8,39673
up_proj,322,0,8,40182
act_fn,322,0,8,8282
down_proj,322,0,8,54464
final_layernorm,322,0,8,73067
lm_head,322,0,8,416758
embedding,323,0,8,16214
input_layernorm,323,0,8,72769
q_proj,323,0,8,17158
k_proj,323,0,8,9996
v_proj,323,0,8,10218
rope,323,0,8,12813
attn,323,0,8,12653
o_proj,323,0,8,15905
post_layernorm,323,0,8,72657
gate_proj,323,0,8,39074
up_proj,323,0,8,39777
act_fn,323,0,8,8312
down_proj,323,0,8,53950
final_layernorm,323,0,8,73720
lm_head,323,0,8,414342
embedding,324,0,8,16204
input_layernorm,324,0,8,73047
q_proj,324,0,8,17244
k_proj,324,0,8,10220
v_proj,324,0,8,10366
rope,324,0,8,13054
attn,324,0,8,12549
o_proj,324,0,8,15971
post_layernorm,324,0,8,72758
gate_proj,324,0,8,39286
up_proj,324,0,8,39872
act_fn,324,0,8,8391
down_proj,324,0,8,54008
final_layernorm,324,0,8,73633
lm_head,324,0,8,414879
embedding,325,0,8,16361
input_layernorm,325,0,8,73569
q_proj,325,0,8,17328
k_proj,325,0,8,10146
v_proj,325,0,8,10360
rope,325,0,8,12915
attn,325,0,8,12890
o_proj,325,0,8,16056
post_layernorm,325,0,8,73279
gate_proj,325,0,8,39454
up_proj,325,0,8,39954
act_fn,325,0,8,8439
down_proj,325,0,8,54119
final_layernorm,325,0,8,74113
lm_head,325,0,8,415621
embedding,326,0,8,16650
input_layernorm,326,0,8,73883
q_proj,326,0,8,17420
k_proj,326,0,8,10172
v_proj,326,0,8,10450
rope,326,0,8,13052
attn,326,0,8,12770
o_proj,326,0,8,16141
post_layernorm,326,0,8,73527
gate_proj,326,0,8,39661
up_proj,326,0,8,40239
act_fn,326,0,8,8436
down_proj,326,0,8,54424
final_layernorm,326,0,8,74223
lm_head,326,0,8,416502
embedding,327,0,8,16376
input_layernorm,327,0,8,73923
q_proj,327,0,8,17372
k_proj,327,0,8,10075
v_proj,327,0,8,10538
rope,327,0,8,12943
attn,327,0,8,12754
o_proj,327,0,8,16102
post_layernorm,327,0,8,73938
gate_proj,327,0,8,39563
up_proj,327,0,8,40196
act_fn,327,0,8,8510
down_proj,327,0,8,54325
final_layernorm,327,0,8,74290
lm_head,327,0,8,416489
embedding,328,0,8,16356
input_layernorm,328,0,8,73806
q_proj,328,0,8,17315
k_proj,328,0,8,10063
v_proj,328,0,8,10504
rope,328,0,8,13104
attn,328,0,8,12820
o_proj,328,0,8,16047
post_layernorm,328,0,8,74066
gate_proj,328,0,8,39443
up_proj,328,0,8,39940
act_fn,328,0,8,8559
down_proj,328,0,8,54138
final_layernorm,328,0,8,74376
lm_head,328,0,8,415636
embedding,329,0,8,16560
input_layernorm,329,0,8,74465
q_proj,329,0,8,17254
k_proj,329,0,8,9973
v_proj,329,0,8,10384
rope,329,0,8,12918
attn,329,0,8,12814
o_proj,329,0,8,15984
post_layernorm,329,0,8,74080
gate_proj,329,0,8,39279
up_proj,329,0,8,39890
act_fn,329,0,8,8608
down_proj,329,0,8,54140
final_layernorm,329,0,8,74768
lm_head,329,0,8,415326
embedding,330,0,8,16729
input_layernorm,330,0,8,74713
q_proj,330,0,8,17481
k_proj,330,0,8,10143
v_proj,330,0,8,10468
rope,330,0,8,13109
attn,330,0,8,12837
o_proj,330,0,8,16183
post_layernorm,330,0,8,74906
gate_proj,330,0,8,39755
up_proj,330,0,8,40253
act_fn,330,0,8,8624
down_proj,330,0,8,54543
final_layernorm,330,0,8,75064
lm_head,330,0,8,417417
embedding,331,0,8,17112
input_layernorm,331,0,8,75127
q_proj,331,0,8,17447
k_proj,331,0,8,10055
v_proj,331,0,8,10442
rope,331,0,8,13054
attn,331,0,8,12862
o_proj,331,0,8,16160
post_layernorm,331,0,8,75014
gate_proj,331,0,8,39724
up_proj,331,0,8,40226
act_fn,331,0,8,8646
down_proj,331,0,8,54490
final_layernorm,331,0,8,75351
lm_head,331,0,8,417517
embedding,332,0,8,17293
input_layernorm,332,0,8,75067
q_proj,332,0,8,17375
k_proj,332,0,8,10064
v_proj,332,0,8,10373
rope,332,0,8,13186
attn,332,0,8,13044
o_proj,332,0,8,16118
post_layernorm,332,0,8,75201
gate_proj,332,0,8,39599
up_proj,332,0,8,40078
act_fn,332,0,8,8704
down_proj,332,0,8,54237
final_layernorm,332,0,8,75651
lm_head,332,0,8,341266
embedding,333,0,8,17304
input_layernorm,333,0,8,75303
q_proj,333,0,8,17335
k_proj,333,0,8,10024
v_proj,333,0,8,10351
rope,333,0,8,13062
attn,333,0,8,12995
o_proj,333,0,8,16074
post_layernorm,333,0,8,75417
gate_proj,333,0,8,39506
up_proj,333,0,8,40031
act_fn,333,0,8,8734
down_proj,333,0,8,54177
final_layernorm,333,0,8,76121
lm_head,333,0,8,340754
embedding,334,0,8,17315
input_layernorm,334,0,8,75510
q_proj,334,0,8,17304
k_proj,334,0,8,10016
v_proj,334,0,8,10314
rope,334,0,8,13070
attn,334,0,8,13121
o_proj,334,0,8,16037
post_layernorm,334,0,8,75659
gate_proj,334,0,8,39424
up_proj,334,0,8,39944
act_fn,334,0,8,8764
down_proj,334,0,8,54180
final_layernorm,334,0,8,76025
lm_head,334,0,8,340975
embedding,335,0,8,17513
input_layernorm,335,0,8,76288
q_proj,335,0,8,17508
k_proj,335,0,8,10100
v_proj,335,0,8,10302
rope,335,0,8,13130
attn,335,0,8,13299
o_proj,335,0,8,16234
post_layernorm,335,0,8,76197
gate_proj,335,0,8,39865
up_proj,335,0,8,40262
act_fn,335,0,8,8779
down_proj,335,0,8,54694
final_layernorm,335,0,8,76609
lm_head,335,0,8,342029
embedding,336,0,8,17452
input_layernorm,336,0,8,76282
q_proj,336,0,8,17527
k_proj,336,0,8,10255
v_proj,336,0,8,10355
rope,336,0,8,13440
attn,336,0,8,13298
o_proj,336,0,8,16247
post_layernorm,336,0,8,76160
gate_proj,336,0,8,39926
up_proj,336,0,8,40172
act_fn,336,0,8,8854
down_proj,336,0,8,54557
final_layernorm,336,0,8,76930
lm_head,336,0,8,341829
embedding,337,0,8,17340
input_layernorm,337,0,8,76716
q_proj,337,0,8,17289
k_proj,337,0,8,10048
v_proj,337,0,8,10252
rope,337,0,8,13375
attn,337,0,8,13247
o_proj,337,0,8,16016
post_layernorm,337,0,8,76496
gate_proj,337,0,8,39399
up_proj,337,0,8,39953
act_fn,337,0,8,8870
down_proj,337,0,8,54133
final_layernorm,337,0,8,77493
lm_head,337,0,8,340773
embedding,338,0,8,17494
input_layernorm,338,0,8,76882
q_proj,338,0,8,17490
k_proj,338,0,8,10101
v_proj,338,0,8,10159
rope,338,0,8,13561
attn,338,0,8,13403
o_proj,338,0,8,16235
post_layernorm,338,0,8,77264
gate_proj,338,0,8,39894
up_proj,338,0,8,40266
act_fn,338,0,8,8925
down_proj,338,0,8,54567
final_layernorm,338,0,8,77929
lm_head,338,0,8,342331
embedding,339,0,8,17308
input_layernorm,339,0,8,77024
q_proj,339,0,8,17269
k_proj,339,0,8,10016
v_proj,339,0,8,10208
rope,339,0,8,13384
attn,339,0,8,13239
o_proj,339,0,8,16006
post_layernorm,339,0,8,77107
gate_proj,339,0,8,39351
up_proj,339,0,8,40057
act_fn,339,0,8,8981
down_proj,339,0,8,54200
final_layernorm,339,0,8,78100
lm_head,339,0,8,341555
embedding,340,0,8,17330
input_layernorm,340,0,8,77403
q_proj,340,0,8,17317
k_proj,340,0,8,10172
v_proj,340,0,8,10211
rope,340,0,8,13644
attn,340,0,8,13385
o_proj,340,0,8,16065
post_layernorm,340,0,8,77570
gate_proj,340,0,8,39474
up_proj,340,0,8,40008
act_fn,340,0,8,9008
down_proj,340,0,8,54246
final_layernorm,340,0,8,78503
lm_head,340,0,8,341576
embedding,341,0,8,17447
input_layernorm,341,0,8,77916
q_proj,341,0,8,17376
k_proj,341,0,8,10144
v_proj,341,0,8,10267
rope,341,0,8,13505
attn,341,0,8,13571
o_proj,341,0,8,16111
post_layernorm,341,0,8,77951
gate_proj,341,0,8,39609
up_proj,341,0,8,40090
act_fn,341,0,8,9069
down_proj,341,0,8,54315
final_layernorm,341,0,8,78600
lm_head,341,0,8,342058
embedding,342,0,8,17520
input_layernorm,342,0,8,78385
q_proj,342,0,8,17554
k_proj,342,0,8,10265
v_proj,342,0,8,10317
rope,342,0,8,13648
attn,342,0,8,13553
o_proj,342,0,8,16282
post_layernorm,342,0,8,78346
gate_proj,342,0,8,40017
up_proj,342,0,8,40355
act_fn,342,0,8,9115
down_proj,342,0,8,54790
final_layernorm,342,0,8,79135
lm_head,342,0,8,343597
embedding,343,0,8,17550
input_layernorm,343,0,8,78389
q_proj,343,0,8,17397
k_proj,343,0,8,10209
v_proj,343,0,8,10386
rope,343,0,8,13530
attn,343,0,8,13562
o_proj,343,0,8,16153
post_layernorm,343,0,8,78341
gate_proj,343,0,8,39695
up_proj,343,0,8,40180
act_fn,343,0,8,9124
down_proj,343,0,8,54430
final_layernorm,343,0,8,79271
lm_head,343,0,8,342295
embedding,344,0,8,17472
input_layernorm,344,0,8,78534
q_proj,344,0,8,17385
k_proj,344,0,8,10115
v_proj,344,0,8,10357
rope,344,0,8,13708
attn,344,0,8,13543
o_proj,344,0,8,16108
post_layernorm,344,0,8,78268
gate_proj,344,0,8,39585
up_proj,344,0,8,40109
act_fn,344,0,8,9238
down_proj,344,0,8,54287
final_layernorm,344,0,8,79141
lm_head,344,0,8,342196
embedding,345,0,8,17387
input_layernorm,345,0,8,79106
q_proj,345,0,8,17345
k_proj,345,0,8,7701
v_proj,345,0,8,7273
rope,345,0,8,13620
attn,345,0,8,13540
o_proj,345,0,8,16066
post_layernorm,345,0,8,78810
gate_proj,345,0,8,39485
up_proj,345,0,8,40096
act_fn,345,0,8,9234
down_proj,345,0,8,54237
final_layernorm,345,0,8,79350
lm_head,345,0,8,341956
embedding,346,0,8,17497
input_layernorm,346,0,8,79245
q_proj,346,0,8,17408
k_proj,346,0,8,7723
v_proj,346,0,8,7289
rope,346,0,8,13668
attn,346,0,8,13567
o_proj,346,0,8,16124
post_layernorm,346,0,8,78995
gate_proj,346,0,8,39672
up_proj,346,0,8,40358
act_fn,346,0,8,9270
down_proj,346,0,8,54411
final_layernorm,346,0,8,79476
lm_head,346,0,8,343271
embedding,347,0,8,17626
input_layernorm,347,0,8,79465
q_proj,347,0,8,17354
k_proj,347,0,8,7723
v_proj,347,0,8,7321
rope,347,0,8,13645
attn,347,0,8,13643
o_proj,347,0,8,16075
post_layernorm,347,0,8,79476
gate_proj,347,0,8,39538
up_proj,347,0,8,40162
act_fn,347,0,8,9311
down_proj,347,0,8,54245
final_layernorm,347,0,8,79640
lm_head,347,0,8,342255
embedding,348,0,8,17563
input_layernorm,348,0,8,79661
q_proj,348,0,8,17381
k_proj,348,0,8,7722
v_proj,348,0,8,7339
rope,348,0,8,13861
attn,348,0,8,13751
o_proj,348,0,8,16105
post_layernorm,348,0,8,79883
gate_proj,348,0,8,39577
up_proj,348,0,8,40174
act_fn,348,0,8,9384
down_proj,348,0,8,54398
final_layernorm,348,0,8,80288
lm_head,348,0,8,342632
embedding,349,0,8,17474
input_layernorm,349,0,8,80124
q_proj,349,0,8,17382
k_proj,349,0,8,7742
v_proj,349,0,8,7343
rope,349,0,8,13716
attn,349,0,8,13804
o_proj,349,0,8,16107
post_layernorm,349,0,8,79878
gate_proj,349,0,8,39617
up_proj,349,0,8,40169
act_fn,349,0,8,9402
down_proj,349,0,8,54291
final_layernorm,349,0,8,80585
lm_head,349,0,8,342866
embedding,350,0,8,17734
input_layernorm,350,0,8,80495
q_proj,350,0,8,17570
k_proj,350,0,8,7796
v_proj,350,0,8,7394
rope,350,0,8,13856
attn,350,0,8,13833
o_proj,350,0,8,16275
post_layernorm,350,0,8,80326
gate_proj,350,0,8,39992
up_proj,350,0,8,40414
act_fn,350,0,8,9413
down_proj,350,0,8,54804
final_layernorm,350,0,8,80889
lm_head,350,0,8,344452
embedding,351,0,8,17650
input_layernorm,351,0,8,80475
q_proj,351,0,8,17363
k_proj,351,0,8,7725
v_proj,351,0,8,7340
rope,351,0,8,13695
attn,351,0,8,13853
o_proj,351,0,8,16087
post_layernorm,351,0,8,80374
gate_proj,351,0,8,39559
up_proj,351,0,8,40154
act_fn,351,0,8,9440
down_proj,351,0,8,54280
final_layernorm,351,0,8,80907
lm_head,351,0,8,343280
embedding,352,0,8,17930
input_layernorm,352,0,8,80292
q_proj,352,0,8,17338
k_proj,352,0,8,7698
v_proj,352,0,8,7270
rope,352,0,8,13955
attn,352,0,8,13902
o_proj,352,0,8,16046
post_layernorm,352,0,8,80101
gate_proj,352,0,8,39448
up_proj,352,0,8,40127
act_fn,352,0,8,9511
down_proj,352,0,8,54259
final_layernorm,352,0,8,80847
lm_head,352,0,8,342649
embedding,353,0,8,18347
input_layernorm,353,0,8,81317
q_proj,353,0,8,17595
k_proj,353,0,8,7810
v_proj,353,0,8,7389
rope,353,0,8,13838
attn,353,0,8,13933
o_proj,353,0,8,16281
post_layernorm,353,0,8,80865
gate_proj,353,0,8,40020
up_proj,353,0,8,40467
act_fn,353,0,8,9557
down_proj,353,0,8,54742
final_layernorm,353,0,8,81428
lm_head,353,0,8,344423
embedding,354,0,8,18230
input_layernorm,354,0,8,81384
q_proj,354,0,8,17601
k_proj,354,0,8,7808
v_proj,354,0,8,7410
rope,354,0,8,13958
attn,354,0,8,13964
o_proj,354,0,8,16294
post_layernorm,354,0,8,81168
gate_proj,354,0,8,40068
up_proj,354,0,8,40553
act_fn,354,0,8,9574
down_proj,354,0,8,54860
final_layernorm,354,0,8,81736
lm_head,354,0,8,344897
embedding,355,0,8,18407
input_layernorm,355,0,8,81947
q_proj,355,0,8,17644
k_proj,355,0,8,7841
v_proj,355,0,8,7435
rope,355,0,8,13925
attn,355,0,8,14069
o_proj,355,0,8,16349
post_layernorm,355,0,8,81257
gate_proj,355,0,8,40205
up_proj,355,0,8,40529
act_fn,355,0,8,9565
down_proj,355,0,8,54888
final_layernorm,355,0,8,82264
lm_head,355,0,8,345142
embedding,356,0,8,18167
input_layernorm,356,0,8,82056
q_proj,356,0,8,17413
k_proj,356,0,8,7749
v_proj,356,0,8,7320
rope,356,0,8,14111
attn,356,0,8,14174
o_proj,356,0,8,16132
post_layernorm,356,0,8,81550
gate_proj,356,0,8,46269
up_proj,356,0,8,46451
act_fn,356,0,8,9577
down_proj,356,0,8,54192
final_layernorm,356,0,8,82330
lm_head,356,0,8,343699
embedding,357,0,8,18236
input_layernorm,357,0,8,82189
q_proj,357,0,8,17354
k_proj,357,0,8,7724
v_proj,357,0,8,7316
rope,357,0,8,13813
attn,357,0,8,14050
o_proj,357,0,8,16072
post_layernorm,357,0,8,81909
gate_proj,357,0,8,46238
up_proj,357,0,8,46512
act_fn,357,0,8,9600
down_proj,357,0,8,54079
final_layernorm,357,0,8,82507
lm_head,357,0,8,344023
embedding,358,0,8,18477
input_layernorm,358,0,8,83011
q_proj,358,0,8,17705
k_proj,358,0,8,7873
v_proj,358,0,8,7455
rope,358,0,8,14087
attn,358,0,8,14304
o_proj,358,0,8,16392
post_layernorm,358,0,8,82396
gate_proj,358,0,8,47120
up_proj,358,0,8,46987
act_fn,358,0,8,9631
down_proj,358,0,8,55057
final_layernorm,358,0,8,83265
lm_head,358,0,8,345755
embedding,359,0,8,18525
input_layernorm,359,0,8,82864
q_proj,359,0,8,17562
k_proj,359,0,8,7801
v_proj,359,0,8,7405
rope,359,0,8,13943
attn,359,0,8,14310
o_proj,359,0,8,16260
post_layernorm,359,0,8,82308
gate_proj,359,0,8,46739
up_proj,359,0,8,46757
act_fn,359,0,8,9658
down_proj,359,0,8,54585
final_layernorm,359,0,8,83111
lm_head,359,0,8,345497
embedding,360,0,8,18345
input_layernorm,360,0,8,83016
q_proj,360,0,8,17516
k_proj,360,0,8,7791
v_proj,360,0,8,7366
rope,360,0,8,14268
attn,360,0,8,14310
o_proj,360,0,8,16210
post_layernorm,360,0,8,82330
gate_proj,360,0,8,46704
up_proj,360,0,8,46760
act_fn,360,0,8,9710
down_proj,360,0,8,54457
final_layernorm,360,0,8,83245
lm_head,360,0,8,344363
embedding,361,0,8,18312
input_layernorm,361,0,8,83488
q_proj,361,0,8,17419
k_proj,361,0,8,7767
v_proj,361,0,8,7378
rope,361,0,8,13878
attn,361,0,8,14259
o_proj,361,0,8,16129
post_layernorm,361,0,8,82694
gate_proj,361,0,8,46493
up_proj,361,0,8,46699
act_fn,361,0,8,9735
down_proj,361,0,8,54204
final_layernorm,361,0,8,83663
lm_head,361,0,8,344743
embedding,362,0,8,18329
input_layernorm,362,0,8,83946
q_proj,362,0,8,17602
k_proj,362,0,8,7820
v_proj,362,0,8,7424
rope,362,0,8,14106
attn,362,0,8,14356
o_proj,362,0,8,16289
post_layernorm,362,0,8,83189
gate_proj,362,0,8,46896
up_proj,362,0,8,47081
act_fn,362,0,8,9812
down_proj,362,0,8,54699
final_layernorm,362,0,8,83991
lm_head,362,0,8,345954
embedding,363,0,8,18470
input_layernorm,363,0,8,83998
q_proj,363,0,8,17618
k_proj,363,0,8,7813
v_proj,363,0,8,7438
rope,363,0,8,14023
attn,363,0,8,14518
o_proj,363,0,8,16293
post_layernorm,363,0,8,83421
gate_proj,363,0,8,46972
up_proj,363,0,8,47006
act_fn,363,0,8,9835
down_proj,363,0,8,54640
final_layernorm,363,0,8,84265
lm_head,363,0,8,346117
embedding,364,0,8,18353
input_layernorm,364,0,8,84312
q_proj,364,0,8,17641
k_proj,364,0,8,7833
v_proj,364,0,8,7410
rope,364,0,8,14428
attn,364,0,8,14502
o_proj,364,0,8,16329
post_layernorm,364,0,8,83631
gate_proj,364,0,8,47089
up_proj,364,0,8,47064
act_fn,364,0,8,9852
down_proj,364,0,8,54751
final_layernorm,364,0,8,84629
lm_head,364,0,8,346401
embedding,365,0,8,18555
input_layernorm,365,0,8,84491
q_proj,365,0,8,17506
k_proj,365,0,8,7779
v_proj,365,0,8,7394
rope,365,0,8,14032
attn,365,0,8,14473
o_proj,365,0,8,16205
post_layernorm,365,0,8,83957
gate_proj,365,0,8,46823
up_proj,365,0,8,46997
act_fn,365,0,8,9874
down_proj,365,0,8,54467
final_layernorm,365,0,8,84935
lm_head,365,0,8,346025
embedding,366,0,8,18451
input_layernorm,366,0,8,84715
q_proj,366,0,8,17514
k_proj,366,0,8,7789
v_proj,366,0,8,7391
rope,366,0,8,14186
attn,366,0,8,14632
o_proj,366,0,8,16225
post_layernorm,366,0,8,84664
gate_proj,366,0,8,46845
up_proj,366,0,8,46891
act_fn,366,0,8,9924
down_proj,366,0,8,54494
final_layernorm,366,0,8,85740
lm_head,366,0,8,345855
embedding,367,0,8,18484
input_layernorm,367,0,8,84892
q_proj,367,0,8,17516
k_proj,367,0,8,7785
v_proj,367,0,8,7385
rope,367,0,8,14072
attn,367,0,8,14626
o_proj,367,0,8,16228
post_layernorm,367,0,8,84530
gate_proj,367,0,8,46902
up_proj,367,0,8,46858
act_fn,367,0,8,9946
down_proj,367,0,8,54520
final_layernorm,367,0,8,85984
lm_head,367,0,8,345913
embedding,368,0,8,18730
input_layernorm,368,0,8,85020
q_proj,368,0,8,17619
k_proj,368,0,8,7826
v_proj,368,0,8,7385
rope,368,0,8,14337
attn,368,0,8,14742
o_proj,368,0,8,16310
post_layernorm,368,0,8,84902
gate_proj,368,0,8,47100
up_proj,368,0,8,47015
act_fn,368,0,8,9999
down_proj,368,0,8,54721
final_layernorm,368,0,8,85726
lm_head,368,0,8,346474
embedding,369,0,8,18647
input_layernorm,369,0,8,85658
q_proj,369,0,8,17598
k_proj,369,0,8,7834
v_proj,369,0,8,7414
rope,369,0,8,14103
attn,369,0,8,14797
o_proj,369,0,8,16290
post_layernorm,369,0,8,85265
gate_proj,369,0,8,47080
up_proj,369,0,8,47086
act_fn,369,0,8,10052
down_proj,369,0,8,54723
final_layernorm,369,0,8,86467
lm_head,369,0,8,347051
embedding,370,0,8,18896
input_layernorm,370,0,8,86166
q_proj,370,0,8,17791
k_proj,370,0,8,7918
v_proj,370,0,8,7473
rope,370,0,8,14304
attn,370,0,8,14877
o_proj,370,0,8,16466
post_layernorm,370,0,8,85983
gate_proj,370,0,8,47581
up_proj,370,0,8,47441
act_fn,370,0,8,10065
down_proj,370,0,8,55226
final_layernorm,370,0,8,86887
lm_head,370,0,8,347942
embedding,371,0,8,18955
input_layernorm,371,0,8,86777
q_proj,371,0,8,17788
k_proj,371,0,8,7886
v_proj,371,0,8,7509
rope,371,0,8,14233
attn,371,0,8,14879
o_proj,371,0,8,16446
post_layernorm,371,0,8,85847
gate_proj,371,0,8,47516
up_proj,371,0,8,47405
act_fn,371,0,8,10096
down_proj,371,0,8,55154
final_layernorm,371,0,8,86885
lm_head,371,0,8,348365
embedding,372,0,8,18702
input_layernorm,372,0,8,86970
q_proj,372,0,8,17724
k_proj,372,0,8,7868
v_proj,372,0,8,7427
rope,372,0,8,14463
attn,372,0,8,15011
o_proj,372,0,8,16406
post_layernorm,372,0,8,86439
gate_proj,372,0,8,47403
up_proj,372,0,8,47328
act_fn,372,0,8,10161
down_proj,372,0,8,54979
final_layernorm,372,0,8,87448
lm_head,372,0,8,348061
embedding,373,0,8,19024
input_layernorm,373,0,8,86832
q_proj,373,0,8,17492
k_proj,373,0,8,7789
v_proj,373,0,8,7395
rope,373,0,8,14134
attn,373,0,8,15088
o_proj,373,0,8,16196
post_layernorm,373,0,8,86300
gate_proj,373,0,8,46952
up_proj,373,0,8,47147
act_fn,373,0,8,10174
down_proj,373,0,8,54368
final_layernorm,373,0,8,87810
lm_head,373,0,8,346767
embedding,374,0,8,19139
input_layernorm,374,0,8,87438
q_proj,374,0,8,17596
k_proj,374,0,8,7850
v_proj,374,0,8,7381
rope,374,0,8,14265
attn,374,0,8,14950
o_proj,374,0,8,16280
post_layernorm,374,0,8,86904
gate_proj,374,0,8,47168
up_proj,374,0,8,47168
act_fn,374,0,8,10245
down_proj,374,0,8,54601
final_layernorm,374,0,8,88371
lm_head,374,0,8,347070
embedding,375,0,8,19331
input_layernorm,375,0,8,87669
q_proj,375,0,8,17755
k_proj,375,0,8,7878
v_proj,375,0,8,7500
rope,375,0,8,14305
attn,375,0,8,15121
o_proj,375,0,8,16434
post_layernorm,375,0,8,87573
gate_proj,375,0,8,47606
up_proj,375,0,8,47487
act_fn,375,0,8,10255
down_proj,375,0,8,55058
final_layernorm,375,0,8,88664
lm_head,375,0,8,348572
embedding,376,0,8,19474
input_layernorm,376,0,8,87736
q_proj,376,0,8,17839
k_proj,376,0,8,7936
v_proj,376,0,8,7520
rope,376,0,8,14620
attn,376,0,8,15194
o_proj,376,0,8,16500
post_layernorm,376,0,8,87233
gate_proj,376,0,8,47789
up_proj,376,0,8,47615
act_fn,376,0,8,10271
down_proj,376,0,8,55264
final_layernorm,376,0,8,89068
lm_head,376,0,8,348973
embedding,377,0,8,19342
input_layernorm,377,0,8,87890
q_proj,377,0,8,17705
k_proj,377,0,8,7905
v_proj,377,0,8,7463
rope,377,0,8,14316
attn,377,0,8,15205
o_proj,377,0,8,16372
post_layernorm,377,0,8,87782
gate_proj,377,0,8,47545
up_proj,377,0,8,47427
act_fn,377,0,8,10316
down_proj,377,0,8,54924
final_layernorm,377,0,8,89796
lm_head,377,0,8,348691
embedding,378,0,8,19491
input_layernorm,378,0,8,88255
q_proj,378,0,8,17749
k_proj,378,0,8,7920
v_proj,378,0,8,7497
rope,378,0,8,14390
attn,378,0,8,15226
o_proj,378,0,8,16432
post_layernorm,378,0,8,88213
gate_proj,378,0,8,47699
up_proj,378,0,8,47537
act_fn,378,0,8,10329
down_proj,378,0,8,55010
final_layernorm,378,0,8,89799
lm_head,378,0,8,348996
embedding,379,0,8,19366
input_layernorm,379,0,8,88432
q_proj,379,0,8,17528
k_proj,379,0,8,7857
v_proj,379,0,8,7402
rope,379,0,8,14264
attn,379,0,8,15203
o_proj,379,0,8,16233
post_layernorm,379,0,8,88334
gate_proj,379,0,8,47269
up_proj,379,0,8,47435
act_fn,379,0,8,10389
down_proj,379,0,8,54513
final_layernorm,379,0,8,89975
lm_head,379,0,8,347839
embedding,380,0,8,19295
input_layernorm,380,0,8,88800
q_proj,380,0,8,17670
k_proj,380,0,8,7892
v_proj,380,0,8,7483
rope,380,0,8,14508
attn,380,0,8,15241
o_proj,380,0,8,16370
post_layernorm,380,0,8,88856
gate_proj,380,0,8,47607
up_proj,380,0,8,47397
act_fn,380,0,8,10403
down_proj,380,0,8,54836
final_layernorm,380,0,8,90381
lm_head,380,0,8,348901
embedding,381,0,8,19558
input_layernorm,381,0,8,89134
q_proj,381,0,8,17719
k_proj,381,0,8,7922
v_proj,381,0,8,7494
rope,381,0,8,14386
attn,381,0,8,15170
o_proj,381,0,8,16395
post_layernorm,381,0,8,88858
gate_proj,381,0,8,47751
up_proj,381,0,8,47562
act_fn,381,0,8,10457
down_proj,381,0,8,54946
final_layernorm,381,0,8,90458
lm_head,381,0,8,348891
embedding,382,0,8,19359
input_layernorm,382,0,8,89355
q_proj,382,0,8,17720
k_proj,382,0,8,7942
v_proj,382,0,8,7499
rope,382,0,8,14401
attn,382,0,8,15272
o_proj,382,0,8,16414
post_layernorm,382,0,8,89366
gate_proj,382,0,8,47815
up_proj,382,0,8,47659
act_fn,382,0,8,10479
down_proj,382,0,8,55015
final_layernorm,382,0,8,90916
lm_head,382,0,8,349855
embedding,383,0,8,19346
input_layernorm,383,0,8,89472
q_proj,383,0,8,17590
k_proj,383,0,8,7885
v_proj,383,0,8,7444
rope,383,0,8,14341
attn,383,0,8,15248
o_proj,383,0,8,16288
post_layernorm,383,0,8,89758
gate_proj,383,0,8,47542
up_proj,383,0,8,47671
act_fn,383,0,8,10509
down_proj,383,0,8,54666
final_layernorm,383,0,8,90944
lm_head,383,0,8,348307
embedding,384,0,8,19371
input_layernorm,384,0,8,89445
q_proj,384,0,8,17669
k_proj,384,0,8,7925
v_proj,384,0,8,7506
rope,384,0,8,14765
attn,384,0,8,14465
o_proj,384,0,8,16347
post_layernorm,384,0,8,89496
gate_proj,384,0,8,47672
up_proj,384,0,8,47641
act_fn,384,0,8,10546
down_proj,384,0,8,54780
final_layernorm,384,0,8,90783
lm_head,384,0,8,348317
embedding,385,0,8,19240
input_layernorm,385,0,8,89782
q_proj,385,0,8,18107
k_proj,385,0,8,9692
v_proj,385,0,8,9277
rope,385,0,8,14201
attn,385,0,8,17878
o_proj,385,0,8,21017
post_layernorm,385,0,8,90080
gate_proj,385,0,8,59570
up_proj,385,0,8,59318
act_fn,385,0,8,10580
down_proj,385,0,8,71495
final_layernorm,385,0,8,91320
lm_head,385,0,8,424649
embedding,386,0,8,19602
input_layernorm,386,0,8,90464
q_proj,386,0,8,18430
k_proj,386,0,8,9817
v_proj,386,0,8,9458
rope,386,0,8,14525
attn,386,0,8,18103
o_proj,386,0,8,21446
post_layernorm,386,0,8,90514
gate_proj,386,0,8,60671
up_proj,386,0,8,60418
act_fn,386,0,8,10602
down_proj,386,0,8,72942
final_layernorm,386,0,8,92036
lm_head,386,0,8,427367
embedding,387,0,8,19649
input_layernorm,387,0,8,90319
q_proj,387,0,8,18242
k_proj,387,0,8,9763
v_proj,387,0,8,9374
rope,387,0,8,14209
attn,387,0,8,18061
o_proj,387,0,8,21120
post_layernorm,387,0,8,90489
gate_proj,387,0,8,59795
up_proj,387,0,8,59638
act_fn,387,0,8,10642
down_proj,387,0,8,71886
final_layernorm,387,0,8,91687
lm_head,387,0,8,425873
embedding,388,0,8,19366
input_layernorm,388,0,8,90659
q_proj,388,0,8,18297
k_proj,388,0,8,9744
v_proj,388,0,8,9339
rope,388,0,8,14671
attn,388,0,8,18122
o_proj,388,0,8,21217
post_layernorm,388,0,8,90967
gate_proj,388,0,8,60053
up_proj,388,0,8,59736
act_fn,388,0,8,10651
down_proj,388,0,8,72147
final_layernorm,388,0,8,92040
lm_head,388,0,8,426319
embedding,389,0,8,19730
input_layernorm,389,0,8,90971
q_proj,389,0,8,18482
k_proj,389,0,8,9805
v_proj,389,0,8,9483
rope,389,0,8,14421
attn,389,0,8,18243
o_proj,389,0,8,21418
post_layernorm,389,0,8,91120
gate_proj,389,0,8,60540
up_proj,389,0,8,60296
act_fn,389,0,8,10683
down_proj,389,0,8,72845
final_layernorm,389,0,8,92709
lm_head,389,0,8,427716
embedding,390,0,8,19556
input_layernorm,390,0,8,91024
q_proj,390,0,8,18398
k_proj,390,0,8,9811
v_proj,390,0,8,9427
rope,390,0,8,14504
attn,390,0,8,18240
o_proj,390,0,8,21293
post_layernorm,390,0,8,91483
gate_proj,390,0,8,60339
up_proj,390,0,8,60010
act_fn,390,0,8,10725
down_proj,390,0,8,72331
final_layernorm,390,0,8,92999
lm_head,390,0,8,426605
embedding,391,0,8,19667
input_layernorm,391,0,8,91549
q_proj,391,0,8,18471
k_proj,391,0,8,9837
v_proj,391,0,8,9446
rope,391,0,8,14413
attn,391,0,8,18273
o_proj,391,0,8,21334
post_layernorm,391,0,8,91911
gate_proj,391,0,8,60500
up_proj,391,0,8,60120
act_fn,391,0,8,10752
down_proj,391,0,8,72558
final_layernorm,391,0,8,93096
lm_head,391,0,8,427261
embedding,392,0,8,19737
input_layernorm,392,0,8,91025
q_proj,392,0,8,18223
k_proj,392,0,8,9785
v_proj,392,0,8,9375
rope,392,0,8,14687
attn,392,0,8,18259
o_proj,392,0,8,21137
post_layernorm,392,0,8,91871
gate_proj,392,0,8,59940
up_proj,392,0,8,59661
act_fn,392,0,8,10801
down_proj,392,0,8,71833
final_layernorm,392,0,8,93164
lm_head,392,0,8,425700
embedding,393,0,8,19549
input_layernorm,393,0,8,91624
q_proj,393,0,8,18296
k_proj,393,0,8,9830
v_proj,393,0,8,9432
rope,393,0,8,14370
attn,393,0,8,18291
o_proj,393,0,8,21121
post_layernorm,393,0,8,92177
gate_proj,393,0,8,59913
up_proj,393,0,8,59747
act_fn,393,0,8,10820
down_proj,393,0,8,71787
final_layernorm,393,0,8,93542
lm_head,393,0,8,426134
embedding,394,0,8,20150
input_layernorm,394,0,8,92317
q_proj,394,0,8,18430
k_proj,394,0,8,9923
v_proj,394,0,8,9460
rope,394,0,8,14648
attn,394,0,8,18270
o_proj,394,0,8,21405
post_layernorm,394,0,8,92405
gate_proj,394,0,8,60676
up_proj,394,0,8,60271
act_fn,394,0,8,10873
down_proj,394,0,8,72758
final_layernorm,394,0,8,94323
lm_head,394,0,8,427801
embedding,395,0,8,20087
input_layernorm,395,0,8,92201
q_proj,395,0,8,18489
k_proj,395,0,8,9952
v_proj,395,0,8,9476
rope,395,0,8,14533
attn,395,0,8,18353
o_proj,395,0,8,21413
post_layernorm,395,0,8,92962
gate_proj,395,0,8,60636
up_proj,395,0,8,60344
act_fn,395,0,8,10918
down_proj,395,0,8,72766
final_layernorm,395,0,8,94367
lm_head,395,0,8,428352
embedding,396,0,8,20242
input_layernorm,396,0,8,92114
q_proj,396,0,8,18275
k_proj,396,0,8,9874
v_proj,396,0,8,9404
rope,396,0,8,14794
attn,396,0,8,18357
o_proj,396,0,8,21172
post_layernorm,396,0,8,92751
gate_proj,396,0,8,59950
up_proj,396,0,8,59682
act_fn,396,0,8,10933
down_proj,396,0,8,71902
final_layernorm,396,0,8,94394
lm_head,396,0,8,426627
embedding,397,0,8,20052
input_layernorm,397,0,8,92690
q_proj,397,0,8,18525
k_proj,397,0,8,10076
v_proj,397,0,8,9548
rope,397,0,8,14544
attn,397,0,8,18459
o_proj,397,0,8,21420
post_layernorm,397,0,8,92969
gate_proj,397,0,8,60678
up_proj,397,0,8,60389
act_fn,397,0,8,10988
down_proj,397,0,8,72863
final_layernorm,397,0,8,94740
lm_head,397,0,8,428365
embedding,398,0,8,20667
input_layernorm,398,0,8,92930
q_proj,398,0,8,18608
k_proj,398,0,8,10145
v_proj,398,0,8,9616
rope,398,0,8,14762
attn,398,0,8,18564
o_proj,398,0,8,21467
post_layernorm,398,0,8,93650
gate_proj,398,0,8,60839
up_proj,398,0,8,60504
act_fn,398,0,8,11002
down_proj,398,0,8,72923
final_layernorm,398,0,8,95040
lm_head,398,0,8,428641
embedding,399,0,8,20157
input_layernorm,399,0,8,93099
q_proj,399,0,8,18622
k_proj,399,0,8,10097
v_proj,399,0,8,9624
rope,399,0,8,14669
attn,399,0,8,18559
o_proj,399,0,8,21470
post_layernorm,399,0,8,93683
gate_proj,399,0,8,60849
up_proj,399,0,8,60582
act_fn,399,0,8,11040
down_proj,399,0,8,72968
final_layernorm,399,0,8,95472
lm_head,399,0,8,428751
embedding,400,0,8,20481
input_layernorm,400,0,8,92912
q_proj,400,0,8,18565
k_proj,400,0,8,10077
v_proj,400,0,8,9588
rope,400,0,8,14957
attn,400,0,8,18608
o_proj,400,0,8,21372
post_layernorm,400,0,8,93771
gate_proj,400,0,8,60574
up_proj,400,0,8,60298
act_fn,400,0,8,11062
down_proj,400,0,8,72595
final_layernorm,400,0,8,95199
lm_head,400,0,8,427887
embedding,401,0,8,20038
input_layernorm,401,0,8,93250
q_proj,401,0,8,18484
k_proj,401,0,8,10013
v_proj,401,0,8,9523
rope,401,0,8,14476
attn,401,0,8,18672
o_proj,401,0,8,21058
post_layernorm,401,0,8,94003
gate_proj,401,0,8,59864
up_proj,401,0,8,59735
act_fn,401,0,8,11077
down_proj,401,0,8,71666
final_layernorm,401,0,8,95730
lm_head,401,0,8,426940
embedding,402,0,8,20489
input_layernorm,402,0,8,94066
q_proj,402,0,8,18710
k_proj,402,0,8,10126
v_proj,402,0,8,9672
rope,402,0,8,14822
attn,402,0,8,18684
o_proj,402,0,8,21433
post_layernorm,402,0,8,94352
gate_proj,402,0,8,60710
up_proj,402,0,8,60528
act_fn,402,0,8,11138
down_proj,402,0,8,72842
final_layernorm,402,0,8,95993
lm_head,402,0,8,428340
embedding,403,0,8,20659
input_layernorm,403,0,8,94042
q_proj,403,0,8,18730
k_proj,403,0,8,10159
v_proj,403,0,8,9692
rope,403,0,8,14713
attn,403,0,8,18740
o_proj,403,0,8,21451
post_layernorm,403,0,8,94782
gate_proj,403,0,8,60778
up_proj,403,0,8,60482
act_fn,403,0,8,11129
down_proj,403,0,8,72913
final_layernorm,403,0,8,96133
lm_head,403,0,8,429223
embedding,404,0,8,20371
input_layernorm,404,0,8,94303
q_proj,404,0,8,18729
k_proj,404,0,8,10125
v_proj,404,0,8,9682
rope,404,0,8,15136
attn,404,0,8,18759
o_proj,404,0,8,21492
post_layernorm,404,0,8,94927
gate_proj,404,0,8,60862
up_proj,404,0,8,60694
act_fn,404,0,8,11175
down_proj,404,0,8,72942
final_layernorm,404,0,8,96569
lm_head,404,0,8,429257
embedding,405,0,8,20312
input_layernorm,405,0,8,94454
q_proj,405,0,8,18826
k_proj,405,0,8,10169
v_proj,405,0,8,9741
rope,405,0,8,14770
attn,405,0,8,18735
o_proj,405,0,8,21505
post_layernorm,405,0,8,94866
gate_proj,405,0,8,61025
up_proj,405,0,8,60685
act_fn,405,0,8,11193
down_proj,405,0,8,73050
final_layernorm,405,0,8,96712
lm_head,405,0,8,429562
embedding,406,0,8,20453
input_layernorm,406,0,8,94840
q_proj,406,0,8,18757
k_proj,406,0,8,10128
v_proj,406,0,8,9696
rope,406,0,8,14896
attn,406,0,8,18876
o_proj,406,0,8,21432
post_layernorm,406,0,8,95412
gate_proj,406,0,8,60822
up_proj,406,0,8,60539
act_fn,406,0,8,11225
down_proj,406,0,8,72847
final_layernorm,406,0,8,97186
lm_head,406,0,8,429011
embedding,407,0,8,20504
input_layernorm,407,0,8,95017
q_proj,407,0,8,18851
k_proj,407,0,8,10171
v_proj,407,0,8,9739
rope,407,0,8,14828
attn,407,0,8,18869
o_proj,407,0,8,21515
post_layernorm,407,0,8,95777
gate_proj,407,0,8,61112
up_proj,407,0,8,60784
act_fn,407,0,8,11261
down_proj,407,0,8,73113
final_layernorm,407,0,8,97455
lm_head,407,0,8,430006
embedding,408,0,8,20637
input_layernorm,408,0,8,94981
q_proj,408,0,8,18649
k_proj,408,0,8,10079
v_proj,408,0,8,9618
rope,408,0,8,15065
attn,408,0,8,18921
o_proj,408,0,8,21393
post_layernorm,408,0,8,95784
gate_proj,408,0,8,60803
up_proj,408,0,8,60454
act_fn,408,0,8,11281
down_proj,408,0,8,72580
final_layernorm,408,0,8,96994
lm_head,408,0,8,429230
embedding,409,0,8,20473
input_layernorm,409,0,8,95369
q_proj,409,0,8,18763
k_proj,409,0,8,10116
v_proj,409,0,8,9681
rope,409,0,8,14764
attn,409,0,8,18973
o_proj,409,0,8,21341
post_layernorm,409,0,8,96413
gate_proj,409,0,8,60593
up_proj,409,0,8,60390
act_fn,409,0,8,11315
down_proj,409,0,8,72525
final_layernorm,409,0,8,97722
lm_head,409,0,8,503832
embedding,410,0,8,20923
input_layernorm,410,0,8,95767
q_proj,410,0,8,18850
k_proj,410,0,8,10144
v_proj,410,0,8,9751
rope,410,0,8,15010
attn,410,0,8,19063
o_proj,410,0,8,21504
post_layernorm,410,0,8,96668
gate_proj,410,0,8,61119
up_proj,410,0,8,60842
act_fn,410,0,8,11335
down_proj,410,0,8,73073
final_layernorm,410,0,8,98248
lm_head,410,0,8,504957
embedding,411,0,8,20489
input_layernorm,411,0,8,96146
q_proj,411,0,8,18992
k_proj,411,0,8,10095
v_proj,411,0,8,9751
rope,411,0,8,14916
attn,411,0,8,19121
o_proj,411,0,8,21480
post_layernorm,411,0,8,96619
gate_proj,411,0,8,61072
up_proj,411,0,8,60803
act_fn,411,0,8,11349
down_proj,411,0,8,72995
final_layernorm,411,0,8,98199
lm_head,411,0,8,505754
embedding,412,0,8,20992
input_layernorm,412,0,8,96359
q_proj,412,0,8,19040
k_proj,412,0,8,10091
v_proj,412,0,8,9757
rope,412,0,8,15288
attn,412,0,8,19158
o_proj,412,0,8,21549
post_layernorm,412,0,8,96944
gate_proj,412,0,8,61185
up_proj,412,0,8,60956
act_fn,412,0,8,11396
down_proj,412,0,8,73233
final_layernorm,412,0,8,98583
lm_head,412,0,8,506191
embedding,413,0,8,20839
input_layernorm,413,0,8,96528
q_proj,413,0,8,19062
k_proj,413,0,8,10103
v_proj,413,0,8,9763
rope,413,0,8,14828
attn,413,0,8,19118
o_proj,413,0,8,21464
post_layernorm,413,0,8,97173
gate_proj,413,0,8,60901
up_proj,413,0,8,60708
act_fn,413,0,8,11413
down_proj,413,0,8,72895
final_layernorm,413,0,8,98828
lm_head,413,0,8,505256
embedding,414,0,8,20911
input_layernorm,414,0,8,96779
q_proj,414,0,8,19107
k_proj,414,0,8,10182
v_proj,414,0,8,9801
rope,414,0,8,15084
attn,414,0,8,19238
o_proj,414,0,8,21555
post_layernorm,414,0,8,97539
gate_proj,414,0,8,61315
up_proj,414,0,8,61094
act_fn,414,0,8,11479
down_proj,414,0,8,73195
final_layernorm,414,0,8,99110
lm_head,414,0,8,506703
embedding,415,0,8,21138
input_layernorm,415,0,8,96786
q_proj,415,0,8,19089
k_proj,415,0,8,10180
v_proj,415,0,8,9756
rope,415,0,8,14835
attn,415,0,8,19169
o_proj,415,0,8,21442
post_layernorm,415,0,8,97669
gate_proj,415,0,8,61017
up_proj,415,0,8,60725
act_fn,415,0,8,11473
down_proj,415,0,8,72920
final_layernorm,415,0,8,98871
lm_head,415,0,8,505515
embedding,416,0,8,21139
input_layernorm,416,0,8,97044
q_proj,416,0,8,18984
k_proj,416,0,8,10217
v_proj,416,0,8,9752
rope,416,0,8,15258
attn,416,0,8,19250
o_proj,416,0,8,21511
post_layernorm,416,0,8,97640
gate_proj,416,0,8,61071
up_proj,416,0,8,60881
act_fn,416,0,8,11526
down_proj,416,0,8,73058
final_layernorm,416,0,8,98876
lm_head,416,0,8,505875
embedding,417,0,8,21297
input_layernorm,417,0,8,97657
q_proj,417,0,8,19091
k_proj,417,0,8,10240
v_proj,417,0,8,9825
rope,417,0,8,15007
attn,417,0,8,19458
o_proj,417,0,8,21621
post_layernorm,417,0,8,98462
gate_proj,417,0,8,61466
up_proj,417,0,8,61307
act_fn,417,0,8,11552
down_proj,417,0,8,73514
final_layernorm,417,0,8,99458
lm_head,417,0,8,507374
embedding,418,0,8,21513
input_layernorm,418,0,8,97632
q_proj,418,0,8,19097
k_proj,418,0,8,10298
v_proj,418,0,8,9825
rope,418,0,8,15163
attn,418,0,8,19370
o_proj,418,0,8,21632
post_layernorm,418,0,8,98881
gate_proj,418,0,8,61497
up_proj,418,0,8,61264
act_fn,418,0,8,11569
down_proj,418,0,8,73487
final_layernorm,418,0,8,99902
lm_head,418,0,8,507783
embedding,419,0,8,21247
input_layernorm,419,0,8,97770
q_proj,419,0,8,19083
k_proj,419,0,8,10263
v_proj,419,0,8,9812
rope,419,0,8,14996
attn,419,0,8,19443
o_proj,419,0,8,21537
post_layernorm,419,0,8,98665
gate_proj,419,0,8,61277
up_proj,419,0,8,61090
act_fn,419,0,8,11571
down_proj,419,0,8,73156
final_layernorm,419,0,8,99765
lm_head,419,0,8,506186
embedding,420,0,8,21317
input_layernorm,420,0,8,98579
q_proj,420,0,8,19193
k_proj,420,0,8,10271
v_proj,420,0,8,9855
rope,420,0,8,15328
attn,420,0,8,19475
o_proj,420,0,8,21622
post_layernorm,420,0,8,99223
gate_proj,420,0,8,61423
up_proj,420,0,8,61365
act_fn,420,0,8,11641
down_proj,420,0,8,73460
final_layernorm,420,0,8,100401
lm_head,420,0,8,507562
embedding,421,0,8,21312
input_layernorm,421,0,8,98605
q_proj,421,0,8,19137
k_proj,421,0,8,10243
v_proj,421,0,8,9897
rope,421,0,8,15178
attn,421,0,8,19463
o_proj,421,0,8,21569
post_layernorm,421,0,8,99311
gate_proj,421,0,8,61369
up_proj,421,0,8,61301
act_fn,421,0,8,11663
down_proj,421,0,8,73253
final_layernorm,421,0,8,100341
lm_head,421,0,8,506967
embedding,422,0,8,21371
input_layernorm,422,0,8,98787
q_proj,422,0,8,19139
k_proj,422,0,8,10263
v_proj,422,0,8,9921
rope,422,0,8,15369
attn,422,0,8,19622
o_proj,422,0,8,21601
post_layernorm,422,0,8,99654
gate_proj,422,0,8,61442
up_proj,422,0,8,61345
act_fn,422,0,8,11692
down_proj,422,0,8,73398
final_layernorm,422,0,8,100901
lm_head,422,0,8,507619
embedding,423,0,8,21557
input_layernorm,423,0,8,98984
q_proj,423,0,8,19246
k_proj,423,0,8,10306
v_proj,423,0,8,9965
rope,423,0,8,15227
attn,423,0,8,19689
o_proj,423,0,8,21511
post_layernorm,423,0,8,99706
gate_proj,423,0,8,61275
up_proj,423,0,8,61246
act_fn,423,0,8,11736
down_proj,423,0,8,73182
final_layernorm,423,0,8,101146
lm_head,423,0,8,507620
embedding,424,0,8,21301
input_layernorm,424,0,8,98947
q_proj,424,0,8,19296
k_proj,424,0,8,10333
v_proj,424,0,8,9988
rope,424,0,8,15620
attn,424,0,8,19762
o_proj,424,0,8,21590
post_layernorm,424,0,8,100112
gate_proj,424,0,8,61428
up_proj,424,0,8,61307
act_fn,424,0,8,11768
down_proj,424,0,8,73299
final_layernorm,424,0,8,101473
lm_head,424,0,8,507596
embedding,425,0,8,21456
input_layernorm,425,0,8,99215
q_proj,425,0,8,19263
k_proj,425,0,8,10343
v_proj,425,0,8,9964
rope,425,0,8,15204
attn,425,0,8,19765
o_proj,425,0,8,21566
post_layernorm,425,0,8,100391
gate_proj,425,0,8,61374
up_proj,425,0,8,61324
act_fn,425,0,8,11778
down_proj,425,0,8,73212
final_layernorm,425,0,8,101943
lm_head,425,0,8,507502
embedding,426,0,8,21398
input_layernorm,426,0,8,99623
q_proj,426,0,8,19226
k_proj,426,0,8,10262
v_proj,426,0,8,9964
rope,426,0,8,15428
attn,426,0,8,19872
o_proj,426,0,8,21578
post_layernorm,426,0,8,100482
gate_proj,426,0,8,61464
up_proj,426,0,8,61351
act_fn,426,0,8,11795
down_proj,426,0,8,73312
final_layernorm,426,0,8,101844
lm_head,426,0,8,507867
embedding,427,0,8,21522
input_layernorm,427,0,8,99958
q_proj,427,0,8,19314
k_proj,427,0,8,9771
v_proj,427,0,8,9625
rope,427,0,8,15328
attn,427,0,8,19856
o_proj,427,0,8,21640
post_layernorm,427,0,8,101234
gate_proj,427,0,8,61522
up_proj,427,0,8,61319
act_fn,427,0,8,11841
down_proj,427,0,8,73521
final_layernorm,427,0,8,102467
lm_head,427,0,8,508256
embedding,428,0,8,21510
input_layernorm,428,0,8,100004
q_proj,428,0,8,19298
k_proj,428,0,8,9753
v_proj,428,0,8,9621
rope,428,0,8,15659
attn,428,0,8,19886
o_proj,428,0,8,21575
post_layernorm,428,0,8,101218
gate_proj,428,0,8,61379
up_proj,428,0,8,61156
act_fn,428,0,8,11844
down_proj,428,0,8,73293
final_layernorm,428,0,8,102452
lm_head,428,0,8,507523
embedding,429,0,8,21704
input_layernorm,429,0,8,100379
q_proj,429,0,8,19316
k_proj,429,0,8,9780
v_proj,429,0,8,9629
rope,429,0,8,15299
attn,429,0,8,20047
o_proj,429,0,8,21594
post_layernorm,429,0,8,101380
gate_proj,429,0,8,61562
up_proj,429,0,8,61286
act_fn,429,0,8,11894
down_proj,429,0,8,73388
final_layernorm,429,0,8,102428
lm_head,429,0,8,508323
embedding,430,0,8,21640
input_layernorm,430,0,8,100530
q_proj,430,0,8,19299
k_proj,430,0,8,9807
v_proj,430,0,8,9641
rope,430,0,8,15418
attn,430,0,8,20069
o_proj,430,0,8,21576
post_layernorm,430,0,8,101900
gate_proj,430,0,8,61570
up_proj,430,0,8,61240
act_fn,430,0,8,11946
down_proj,430,0,8,73330
final_layernorm,430,0,8,102646
lm_head,430,0,8,508145
embedding,431,0,8,21523
input_layernorm,431,0,8,101107
q_proj,431,0,8,19322
k_proj,431,0,8,9822
v_proj,431,0,8,9652
rope,431,0,8,15361
attn,431,0,8,20082
o_proj,431,0,8,21648
post_layernorm,431,0,8,101991
gate_proj,431,0,8,61673
up_proj,431,0,8,61410
act_fn,431,0,8,11944
down_proj,431,0,8,73609
final_layernorm,431,0,8,103040
lm_head,431,0,8,508675
embedding,432,0,8,21748
input_layernorm,432,0,8,100913
q_proj,432,0,8,19360
k_proj,432,0,8,9826
v_proj,432,0,8,9651
rope,432,0,8,15689
attn,432,0,8,20063
o_proj,432,0,8,21601
post_layernorm,432,0,8,102020
gate_proj,432,0,8,61607
up_proj,432,0,8,61364
act_fn,432,0,8,11979
down_proj,432,0,8,73398
final_layernorm,432,0,8,102829
lm_head,432,0,8,508536
embedding,433,0,8,21540
input_layernorm,433,0,8,101309
q_proj,433,0,8,19412
k_proj,433,0,8,9823
v_proj,433,0,8,9625
rope,433,0,8,15385
attn,433,0,8,20170
o_proj,433,0,8,21609
post_layernorm,433,0,8,102522
gate_proj,433,0,8,61627
up_proj,433,0,8,61336
act_fn,433,0,8,11997
down_proj,433,0,8,73403
final_layernorm,433,0,8,103678
lm_head,433,0,8,508679
embedding,434,0,8,21564
input_layernorm,434,0,8,101352
q_proj,434,0,8,19432
k_proj,434,0,8,9850
v_proj,434,0,8,9695
rope,434,0,8,15550
attn,434,0,8,20234
o_proj,434,0,8,21700
post_layernorm,434,0,8,102629
gate_proj,434,0,8,61836
up_proj,434,0,8,61545
act_fn,434,0,8,12036
down_proj,434,0,8,73691
final_layernorm,434,0,8,103632
lm_head,434,0,8,508871
embedding,435,0,8,21802
input_layernorm,435,0,8,101588
q_proj,435,0,8,19424
k_proj,435,0,8,9783
v_proj,435,0,8,9644
rope,435,0,8,15341
attn,435,0,8,20206
o_proj,435,0,8,21479
post_layernorm,435,0,8,102804
gate_proj,435,0,8,61281
up_proj,435,0,8,60948
act_fn,435,0,8,12071
down_proj,435,0,8,72781
final_layernorm,435,0,8,103884
lm_head,435,0,8,506877
embedding,436,0,8,22136
input_layernorm,436,0,8,101968
q_proj,436,0,8,19424
k_proj,436,0,8,9858
v_proj,436,0,8,9707
rope,436,0,8,15840
attn,436,0,8,20272
o_proj,436,0,8,21733
post_layernorm,436,0,8,103289
gate_proj,436,0,8,62002
up_proj,436,0,8,61610
act_fn,436,0,8,12110
down_proj,436,0,8,73684
final_layernorm,436,0,8,104271
lm_head,436,0,8,509752
embedding,437,0,8,22044
input_layernorm,437,0,8,102104
q_proj,437,0,8,19447
k_proj,437,0,8,9809
v_proj,437,0,8,9627
rope,437,0,8,15385
attn,437,0,8,20327
o_proj,437,0,8,21482
post_layernorm,437,0,8,103314
gate_proj,437,0,8,61371
up_proj,437,0,8,61034
act_fn,437,0,8,12120
down_proj,437,0,8,72838
final_layernorm,437,0,8,104252
lm_head,437,0,8,507670
embedding,438,0,8,22308
input_layernorm,438,0,8,102392
q_proj,438,0,8,19507
k_proj,438,0,8,9840
v_proj,438,0,8,9677
rope,438,0,8,15554
attn,438,0,8,20524
o_proj,438,0,8,21509
post_layernorm,438,0,8,103513
gate_proj,438,0,8,61403
up_proj,438,0,8,61123
act_fn,438,0,8,12151
down_proj,438,0,8,72912
final_layernorm,438,0,8,104307
lm_head,438,0,8,507545
embedding,439,0,8,22252
input_layernorm,439,0,8,102763
q_proj,439,0,8,19669
k_proj,439,0,8,9926
v_proj,439,0,8,9785
rope,439,0,8,15638
attn,439,0,8,20597
o_proj,439,0,8,21766
post_layernorm,439,0,8,103893
gate_proj,439,0,8,62140
up_proj,439,0,8,61798
act_fn,439,0,8,12168
down_proj,439,0,8,73892
final_layernorm,439,0,8,104478
lm_head,439,0,8,510107
embedding,440,0,8,22392
input_layernorm,440,0,8,102662
q_proj,440,0,8,19677
k_proj,440,0,8,9977
v_proj,440,0,8,9814
rope,440,0,8,16054
attn,440,0,8,20676
o_proj,440,0,8,21828
post_layernorm,440,0,8,103740
gate_proj,440,0,8,62301
up_proj,440,0,8,61981
act_fn,440,0,8,12177
down_proj,440,0,8,74142
final_layernorm,440,0,8,104642
lm_head,440,0,8,511717
embedding,441,0,8,22612
input_layernorm,441,0,8,103468
q_proj,441,0,8,19684
k_proj,441,0,8,9941
v_proj,441,0,8,9782
rope,441,0,8,15664
attn,441,0,8,20601
o_proj,441,0,8,21759
post_layernorm,441,0,8,104049
gate_proj,441,0,8,62162
up_proj,441,0,8,61799
act_fn,441,0,8,12217
down_proj,441,0,8,73846
final_layernorm,441,0,8,105280
lm_head,441,0,8,510385
embedding,442,0,8,22336
input_layernorm,442,0,8,103378
q_proj,442,0,8,19654
k_proj,442,0,8,9937
v_proj,442,0,8,9802
rope,442,0,8,15763
attn,442,0,8,20716
o_proj,442,0,8,21745
post_layernorm,442,0,8,104598
gate_proj,442,0,8,62183
up_proj,442,0,8,61830
act_fn,442,0,8,12265
down_proj,442,0,8,73881
final_layernorm,442,0,8,105308
lm_head,442,0,8,510212
embedding,443,0,8,22408
input_layernorm,443,0,8,103546
q_proj,443,0,8,19580
k_proj,443,0,8,9888
v_proj,443,0,8,9716
rope,443,0,8,15593
attn,443,0,8,20621
o_proj,443,0,8,21509
post_layernorm,443,0,8,104519
gate_proj,443,0,8,61657
up_proj,443,0,8,61276
act_fn,443,0,8,12275
down_proj,443,0,8,72992
final_layernorm,443,0,8,105578
lm_head,443,0,8,507973
embedding,444,0,8,22394
input_layernorm,444,0,8,103603
q_proj,444,0,8,19642
k_proj,444,0,8,9893
v_proj,444,0,8,9774
rope,444,0,8,15993
attn,444,0,8,20759
o_proj,444,0,8,21678
post_layernorm,444,0,8,104515
gate_proj,444,0,8,62205
up_proj,444,0,8,61768
act_fn,444,0,8,12311
down_proj,444,0,8,73683
final_layernorm,444,0,8,105674
lm_head,444,0,8,510574
embedding,445,0,8,22491
input_layernorm,445,0,8,103950
q_proj,445,0,8,19843
k_proj,445,0,8,9936
v_proj,445,0,8,9794
rope,445,0,8,15673
attn,445,0,8,20774
o_proj,445,0,8,21648
post_layernorm,445,0,8,104799
gate_proj,445,0,8,62049
up_proj,445,0,8,61744
act_fn,445,0,8,12342
down_proj,445,0,8,73581
final_layernorm,445,0,8,105787
lm_head,445,0,8,509930
embedding,446,0,8,22582
input_layernorm,446,0,8,104300
q_proj,446,0,8,19813
k_proj,446,0,8,9946
v_proj,446,0,8,9808
rope,446,0,8,15753
attn,446,0,8,20638
o_proj,446,0,8,21716
post_layernorm,446,0,8,105163
gate_proj,446,0,8,62276
up_proj,446,0,8,61908
act_fn,446,0,8,12378
down_proj,446,0,8,73851
final_layernorm,446,0,8,106261
lm_head,446,0,8,510150
embedding,447,0,8,22432
input_layernorm,447,0,8,104764
q_proj,447,0,8,19919
k_proj,447,0,8,9996
v_proj,447,0,8,9862
rope,447,0,8,15725
attn,447,0,8,20865
o_proj,447,0,8,21786
post_layernorm,447,0,8,105442
gate_proj,447,0,8,62455
up_proj,447,0,8,62105
act_fn,447,0,8,12412
down_proj,447,0,8,74152
final_layernorm,447,0,8,106585
lm_head,447,0,8,511198
embedding,448,0,8,22696
input_layernorm,448,0,8,104470
q_proj,448,0,8,19983
k_proj,448,0,8,10038
v_proj,448,0,8,9914
rope,448,0,8,16058
attn,448,0,8,20817
o_proj,448,0,8,21751
post_layernorm,448,0,8,105155
gate_proj,448,0,8,62333
up_proj,448,0,8,61944
act_fn,448,0,8,12430
down_proj,448,0,8,73829
final_layernorm,448,0,8,106215
lm_head,448,0,8,510694
embedding,449,0,8,22390
input_layernorm,449,0,8,104742
q_proj,449,0,8,19946
k_proj,449,0,8,10612
v_proj,449,0,8,10332
rope,449,0,8,15660
attn,449,0,8,8500
o_proj,449,0,8,21679
post_layernorm,449,0,8,105377
gate_proj,449,0,8,62289
up_proj,449,0,8,61937
act_fn,449,0,8,12435
down_proj,449,0,8,73755
final_layernorm,449,0,8,106396
lm_head,449,0,8,510865
embedding,450,0,8,22721
input_layernorm,450,0,8,105155
q_proj,450,0,8,19969
k_proj,450,0,8,10627
v_proj,450,0,8,10352
rope,450,0,8,15841
attn,450,0,8,8555
o_proj,450,0,8,21733
post_layernorm,450,0,8,105851
gate_proj,450,0,8,62581
up_proj,450,0,8,62103
act_fn,450,0,8,12472
down_proj,450,0,8,74017
final_layernorm,450,0,8,106749
lm_head,450,0,8,511222
embedding,451,0,8,22585
input_layernorm,451,0,8,105636
q_proj,451,0,8,19986
k_proj,451,0,8,10661
v_proj,451,0,8,10349
rope,451,0,8,15740
attn,451,0,8,8555
o_proj,451,0,8,21797
post_layernorm,451,0,8,106495
gate_proj,451,0,8,62747
up_proj,451,0,8,62206
act_fn,451,0,8,12503
down_proj,451,0,8,74134
final_layernorm,451,0,8,106922
lm_head,451,0,8,512996
embedding,452,0,8,22578
input_layernorm,452,0,8,105632
q_proj,452,0,8,19848
k_proj,452,0,8,10636
v_proj,452,0,8,10327
rope,452,0,8,16019
attn,452,0,8,8527
o_proj,452,0,8,21695
post_layernorm,452,0,8,106112
gate_proj,452,0,8,62350
up_proj,452,0,8,61964
act_fn,452,0,8,12499
down_proj,452,0,8,73821
final_layernorm,452,0,8,106908
lm_head,452,0,8,510372
embedding,453,0,8,22673
input_layernorm,453,0,8,106071
q_proj,453,0,8,20014
k_proj,453,0,8,10634
v_proj,453,0,8,10390
rope,453,0,8,15697
attn,453,0,8,8543
o_proj,453,0,8,21719
post_layernorm,453,0,8,106411
gate_proj,453,0,8,62475
up_proj,453,0,8,62038
act_fn,453,0,8,12574
down_proj,453,0,8,73862
final_layernorm,453,0,8,107185
lm_head,453,0,8,511010
embedding,454,0,8,22993
input_layernorm,454,0,8,105878
q_proj,454,0,8,20122
k_proj,454,0,8,10699
v_proj,454,0,8,10414
rope,454,0,8,15831
attn,454,0,8,8575
o_proj,454,0,8,21758
post_layernorm,454,0,8,106650
gate_proj,454,0,8,62631
up_proj,454,0,8,62239
act_fn,454,0,8,12582
down_proj,454,0,8,74058
final_layernorm,454,0,8,107879
lm_head,454,0,8,511584
embedding,455,0,8,22729
input_layernorm,455,0,8,106198
q_proj,455,0,8,19946
k_proj,455,0,8,10605
v_proj,455,0,8,10327
rope,455,0,8,15644
attn,455,0,8,8504
o_proj,455,0,8,21522
post_layernorm,455,0,8,107148
gate_proj,455,0,8,62073
up_proj,455,0,8,61679
act_fn,455,0,8,12604
down_proj,455,0,8,73271
final_layernorm,455,0,8,107637
lm_head,455,0,8,510090
embedding,456,0,8,23001
input_layernorm,456,0,8,106323
q_proj,456,0,8,20045
k_proj,456,0,8,10684
v_proj,456,0,8,10431
rope,456,0,8,16189
attn,456,0,8,8591
o_proj,456,0,8,21887
post_layernorm,456,0,8,107283
gate_proj,456,0,8,62869
up_proj,456,0,8,62511
act_fn,456,0,8,12629
down_proj,456,0,8,74467
final_layernorm,456,0,8,107904
lm_head,456,0,8,513871
embedding,457,0,8,23425
input_layernorm,457,0,8,107008
q_proj,457,0,8,20071
k_proj,457,0,8,10706
v_proj,457,0,8,10439
rope,457,0,8,15829
attn,457,0,8,8597
o_proj,457,0,8,21784
post_layernorm,457,0,8,107565
gate_proj,457,0,8,62809
up_proj,457,0,8,62326
act_fn,457,0,8,12663
down_proj,457,0,8,74205
final_layernorm,457,0,8,108260
lm_head,457,0,8,512467
embedding,458,0,8,23416
input_layernorm,458,0,8,107062
q_proj,458,0,8,20102
k_proj,458,0,8,10706
v_proj,458,0,8,10433
rope,458,0,8,15915
attn,458,0,8,8562
o_proj,458,0,8,21643
post_layernorm,458,0,8,107769
gate_proj,458,0,8,62492
up_proj,458,0,8,61977
act_fn,458,0,8,12693
down_proj,458,0,8,73601
final_layernorm,458,0,8,108612
lm_head,458,0,8,510707
embedding,459,0,8,23360
input_layernorm,459,0,8,107461
q_proj,459,0,8,20084
k_proj,459,0,8,10735
v_proj,459,0,8,10471
rope,459,0,8,15908
attn,459,0,8,8613
o_proj,459,0,8,21846
post_layernorm,459,0,8,108207
gate_proj,459,0,8,62911
up_proj,459,0,8,62474
act_fn,459,0,8,12705
down_proj,459,0,8,74296
final_layernorm,459,0,8,108758
lm_head,459,0,8,513503
embedding,460,0,8,23621
input_layernorm,460,0,8,107594
q_proj,460,0,8,20137
k_proj,460,0,8,10751
v_proj,460,0,8,10488
rope,460,0,8,16224
attn,460,0,8,8615
o_proj,460,0,8,21825
post_layernorm,460,0,8,108260
gate_proj,460,0,8,62890
up_proj,460,0,8,62433
act_fn,460,0,8,12741
down_proj,460,0,8,74258
final_layernorm,460,0,8,108854
lm_head,460,0,8,511962
embedding,461,0,8,23379
input_layernorm,461,0,8,107867
q_proj,461,0,8,20058
k_proj,461,0,8,10689
v_proj,461,0,8,10424
rope,461,0,8,15856
attn,461,0,8,8581
o_proj,461,0,8,21709
post_layernorm,461,0,8,108700
gate_proj,461,0,8,62526
up_proj,461,0,8,62141
act_fn,461,0,8,12783
down_proj,461,0,8,73750
final_layernorm,461,0,8,109016
lm_head,461,0,8,511801
embedding,462,0,8,23445
input_layernorm,462,0,8,108147
q_proj,462,0,8,20306
k_proj,462,0,8,10812
v_proj,462,0,8,10512
rope,462,0,8,16036
attn,462,0,8,8649
o_proj,462,0,8,21871
post_layernorm,462,0,8,108988
gate_proj,462,0,8,63070
up_proj,462,0,8,62637
act_fn,462,0,8,12798
down_proj,462,0,8,74442
final_layernorm,462,0,8,109588
lm_head,462,0,8,513597
embedding,463,0,8,23452
input_layernorm,463,0,8,108594
q_proj,463,0,8,20302
k_proj,463,0,8,10806
v_proj,463,0,8,10539
rope,463,0,8,15981
attn,463,0,8,8656
o_proj,463,0,8,21878
post_layernorm,463,0,8,109309
gate_proj,463,0,8,63074
up_proj,463,0,8,62644
act_fn,463,0,8,12816
down_proj,463,0,8,74372
final_layernorm,463,0,8,109869
lm_head,463,0,8,512877
embedding,464,0,8,23500
input_layernorm,464,0,8,108057
q_proj,464,0,8,20223
k_proj,464,0,8,10761
v_proj,464,0,8,10491
rope,464,0,8,16231
attn,464,0,8,8632
o_proj,464,0,8,21815
post_layernorm,464,0,8,108910
gate_proj,464,0,8,62967
up_proj,464,0,8,62519
act_fn,464,0,8,12812
down_proj,464,0,8,74246
final_layernorm,464,0,8,109669
lm_head,464,0,8,512904
embedding,465,0,8,23514
input_layernorm,465,0,8,109020
q_proj,465,0,8,20381
k_proj,465,0,8,10837
v_proj,465,0,8,10553
rope,465,0,8,16021
attn,465,0,8,8672
o_proj,465,0,8,21907
post_layernorm,465,0,8,109738
gate_proj,465,0,8,63252
up_proj,465,0,8,62744
act_fn,465,0,8,12885
down_proj,465,0,8,74491
final_layernorm,465,0,8,110575
lm_head,465,0,8,513883
embedding,466,0,8,23596
input_layernorm,466,0,8,109420
q_proj,466,0,8,20367
k_proj,466,0,8,10789
v_proj,466,0,8,10542
rope,466,0,8,16170
attn,466,0,8,8672
o_proj,466,0,8,21849
post_layernorm,466,0,8,109821
gate_proj,466,0,8,62930
up_proj,466,0,8,62952
act_fn,466,0,8,12881
down_proj,466,0,8,74412
final_layernorm,466,0,8,110677
lm_head,466,0,8,513650
embedding,467,0,8,23509
input_layernorm,467,0,8,109293
q_proj,467,0,8,20365
k_proj,467,0,8,10797
v_proj,467,0,8,10569
rope,467,0,8,15998
attn,467,0,8,8670
o_proj,467,0,8,21874
post_layernorm,467,0,8,109600
gate_proj,467,0,8,62940
up_proj,467,0,8,62991
act_fn,467,0,8,12940
down_proj,467,0,8,74418
final_layernorm,467,0,8,110956
lm_head,467,0,8,513687
embedding,468,0,8,23619
input_layernorm,468,0,8,109608
q_proj,468,0,8,20360
k_proj,468,0,8,10806
v_proj,468,0,8,10565
rope,468,0,8,16410
attn,468,0,8,8659
o_proj,468,0,8,21806
post_layernorm,468,0,8,110142
gate_proj,468,0,8,62835
up_proj,468,0,8,62815
act_fn,468,0,8,12967
down_proj,468,0,8,74162
final_layernorm,468,0,8,111351
lm_head,468,0,8,512726
embedding,469,0,8,23172
input_layernorm,469,0,8,109794
q_proj,469,0,8,20178
k_proj,469,0,8,10685
v_proj,469,0,8,10466
rope,469,0,8,15864
attn,469,0,8,8552
o_proj,469,0,8,21495
post_layernorm,469,0,8,109788
gate_proj,469,0,8,62061
up_proj,469,0,8,62156
act_fn,469,0,8,12982
down_proj,469,0,8,73208
final_layernorm,469,0,8,111208
lm_head,469,0,8,510718
embedding,470,0,8,23832
input_layernorm,470,0,8,110168
q_proj,470,0,8,20385
k_proj,470,0,8,10830
v_proj,470,0,8,10581
rope,470,0,8,16279
attn,470,0,8,8683
o_proj,470,0,8,21892
post_layernorm,470,0,8,110939
gate_proj,470,0,8,63115
up_proj,470,0,8,63137
act_fn,470,0,8,13001
down_proj,470,0,8,74550
final_layernorm,470,0,8,111902
lm_head,470,0,8,515319
embedding,471,0,8,23479
input_layernorm,471,0,8,110401
q_proj,471,0,8,20328
k_proj,471,0,8,10807
v_proj,471,0,8,10566
rope,471,0,8,16016
attn,471,0,8,8642
o_proj,471,0,8,21771
post_layernorm,471,0,8,110787
gate_proj,471,0,8,62782
up_proj,471,0,8,62776
act_fn,471,0,8,13014
down_proj,471,0,8,74027
final_layernorm,471,0,8,111916
lm_head,471,0,8,513081
embedding,472,0,8,23608
input_layernorm,472,0,8,110466
q_proj,472,0,8,20275
k_proj,472,0,8,10785
v_proj,472,0,8,10534
rope,472,0,8,16445
attn,472,0,8,8603
o_proj,472,0,8,21678
post_layernorm,472,0,8,110815
gate_proj,472,0,8,62575
up_proj,472,0,8,62505
act_fn,472,0,8,13043
down_proj,472,0,8,73677
final_layernorm,472,0,8,111914
lm_head,472,0,8,512440
embedding,473,0,8,23554
input_layernorm,473,0,8,110936
q_proj,473,0,8,20311
k_proj,473,0,8,10822
v_proj,473,0,8,10553
rope,473,0,8,16052
attn,473,0,8,8640
o_proj,473,0,8,21712
post_layernorm,473,0,8,111336
gate_proj,473,0,8,62663
up_proj,473,0,8,62542
act_fn,473,0,8,13112
down_proj,473,0,8,73680
final_layernorm,473,0,8,112359
lm_head,473,0,8,512510
embedding,474,0,8,23915
input_layernorm,474,0,8,111240
q_proj,474,0,8,20388
k_proj,474,0,8,10868
v_proj,474,0,8,10614
rope,474,0,8,16342
attn,474,0,8,8693
o_proj,474,0,8,21867
post_layernorm,474,0,8,111624
gate_proj,474,0,8,63095
up_proj,474,0,8,63025
act_fn,474,0,8,13096
down_proj,474,0,8,74411
final_layernorm,474,0,8,112807
lm_head,474,0,8,513960
embedding,475,0,8,23655
input_layernorm,475,0,8,111710
q_proj,475,0,8,20436
k_proj,475,0,8,10885
v_proj,475,0,8,10642
rope,475,0,8,16177
attn,475,0,8,8681
o_proj,475,0,8,21918
post_layernorm,475,0,8,111809
gate_proj,475,0,8,63225
up_proj,475,0,8,63149
act_fn,475,0,8,13157
down_proj,475,0,8,74542
final_layernorm,475,0,8,112982
lm_head,475,0,8,514527
embedding,476,0,8,23861
input_layernorm,476,0,8,111847
q_proj,476,0,8,20392
k_proj,476,0,8,10868
v_proj,476,0,8,10625
rope,476,0,8,16587
attn,476,0,8,8674
o_proj,476,0,8,21911
post_layernorm,476,0,8,112234
gate_proj,476,0,8,63201
up_proj,476,0,8,63093
act_fn,476,0,8,13156
down_proj,476,0,8,74539
final_layernorm,476,0,8,113181
lm_head,476,0,8,514612
embedding,477,0,8,23901
input_layernorm,477,0,8,112419
q_proj,477,0,8,20489
k_proj,477,0,8,10918
v_proj,477,0,8,10701
rope,477,0,8,16271
attn,477,0,8,8707
o_proj,477,0,8,21964
post_layernorm,477,0,8,112715
gate_proj,477,0,8,63404
up_proj,477,0,8,63225
act_fn,477,0,8,13156
down_proj,477,0,8,74755
final_layernorm,477,0,8,113574
lm_head,477,0,8,516074
embedding,478,0,8,24088
input_layernorm,478,0,8,112351
q_proj,478,0,8,20513
k_proj,478,0,8,10906
v_proj,478,0,8,10720
rope,478,0,8,16393
attn,478,0,8,8712
o_proj,478,0,8,21981
post_layernorm,478,0,8,112610
gate_proj,478,0,8,63446
up_proj,478,0,8,63216
act_fn,478,0,8,13213
down_proj,478,0,8,74689
final_layernorm,478,0,8,113536
lm_head,478,0,8,515426
embedding,479,0,8,24199
input_layernorm,479,0,8,112592
q_proj,479,0,8,20333
k_proj,479,0,8,10873
v_proj,479,0,8,10612
rope,479,0,8,16213
attn,479,0,8,8659
o_proj,479,0,8,21830
post_layernorm,479,0,8,112767
gate_proj,479,0,8,63091
up_proj,479,0,8,62846
act_fn,479,0,8,13225
down_proj,479,0,8,74311
final_layernorm,479,0,8,113428
lm_head,479,0,8,514193
embedding,480,0,8,24301
input_layernorm,480,0,8,112558
q_proj,480,0,8,20537
k_proj,480,0,8,10935
v_proj,480,0,8,10721
rope,480,0,8,16701
attn,480,0,8,8751
o_proj,480,0,8,22037
post_layernorm,480,0,8,112494
gate_proj,480,0,8,63596
up_proj,480,0,8,63322
act_fn,480,0,8,13252
down_proj,480,0,8,74791
final_layernorm,480,0,8,113490
lm_head,480,0,8,515834
embedding,481,0,8,24393
input_layernorm,481,0,8,112989
q_proj,481,0,8,35693
k_proj,481,0,8,10977
v_proj,481,0,8,10628
rope,481,0,8,16301
attn,481,0,8,8714
o_proj,481,0,8,21950
post_layernorm,481,0,8,113232
gate_proj,481,0,8,63420
up_proj,481,0,8,63153
act_fn,481,0,8,13291
down_proj,481,0,8,74596
final_layernorm,481,0,8,113819
lm_head,481,0,8,515371
embedding,482,0,8,24508
input_layernorm,482,0,8,113369
q_proj,482,0,8,35776
k_proj,482,0,8,11035
v_proj,482,0,8,10678
rope,482,0,8,16465
attn,482,0,8,8765
o_proj,482,0,8,21982
post_layernorm,482,0,8,113548
gate_proj,482,0,8,63594
up_proj,482,0,8,63340
act_fn,482,0,8,13318
down_proj,482,0,8,74802
final_layernorm,482,0,8,114279
lm_head,482,0,8,516800
embedding,483,0,8,24626
input_layernorm,483,0,8,113804
q_proj,483,0,8,35819
k_proj,483,0,8,11008
v_proj,483,0,8,10716
rope,483,0,8,16393
attn,483,0,8,8777
o_proj,483,0,8,22047
post_layernorm,483,0,8,113547
gate_proj,483,0,8,63732
up_proj,483,0,8,63467
act_fn,483,0,8,13342
down_proj,483,0,8,74961
final_layernorm,483,0,8,114545
lm_head,483,0,8,517142
embedding,484,0,8,24458
input_layernorm,484,0,8,113629
q_proj,484,0,8,35707
k_proj,484,0,8,10974
v_proj,484,0,8,10666
rope,484,0,8,16726
attn,484,0,8,8710
o_proj,484,0,8,21963
post_layernorm,484,0,8,113770
gate_proj,484,0,8,63491
up_proj,484,0,8,63201
act_fn,484,0,8,13373
down_proj,484,0,8,74641
final_layernorm,484,0,8,114477
lm_head,484,0,8,515901
embedding,485,0,8,24591
input_layernorm,485,0,8,113999
q_proj,485,0,8,35820
k_proj,485,0,8,11019
v_proj,485,0,8,10693
rope,485,0,8,16436
attn,485,0,8,8769
o_proj,485,0,8,21991
post_layernorm,485,0,8,114202
gate_proj,485,0,8,63610
up_proj,485,0,8,63344
act_fn,485,0,8,13399
down_proj,485,0,8,74740
final_layernorm,485,0,8,114782
lm_head,485,0,8,516453
embedding,486,0,8,24503
input_layernorm,486,0,8,114124
q_proj,486,0,8,36000
k_proj,486,0,8,11114
v_proj,486,0,8,10747
rope,486,0,8,16699
attn,486,0,8,8798
o_proj,486,0,8,22097
post_layernorm,486,0,8,114644
gate_proj,486,0,8,63935
up_proj,486,0,8,63689
act_fn,486,0,8,13401
down_proj,486,0,8,75121
final_layernorm,486,0,8,114833
lm_head,486,0,8,517853
embedding,487,0,8,24708
input_layernorm,487,0,8,114549
q_proj,487,0,8,35976
k_proj,487,0,8,11094
v_proj,487,0,8,10752
rope,487,0,8,16536
attn,487,0,8,8795
o_proj,487,0,8,22071
post_layernorm,487,0,8,114669
gate_proj,487,0,8,63899
up_proj,487,0,8,63610
act_fn,487,0,8,13429
down_proj,487,0,8,75049
final_layernorm,487,0,8,115141
lm_head,487,0,8,517473
embedding,488,0,8,24270
input_layernorm,488,0,8,114224
q_proj,488,0,8,35608
k_proj,488,0,8,11039
v_proj,488,0,8,10660
rope,488,0,8,16744
attn,488,0,8,8671
o_proj,488,0,8,21719
post_layernorm,488,0,8,114486
gate_proj,488,0,8,63024
up_proj,488,0,8,62762
act_fn,488,0,8,13488
down_proj,488,0,8,73907
final_layernorm,488,0,8,114979
lm_head,488,0,8,513974
embedding,489,0,8,24715
input_layernorm,489,0,8,114834
q_proj,489,0,8,35981
k_proj,489,0,8,11082
v_proj,489,0,8,10773
rope,489,0,8,16608
attn,489,0,8,8808
o_proj,489,0,8,22079
post_layernorm,489,0,8,115218
gate_proj,489,0,8,63960
up_proj,489,0,8,63669
act_fn,489,0,8,13496
down_proj,489,0,8,74946
final_layernorm,489,0,8,115654
lm_head,489,0,8,518306
embedding,490,0,8,24442
input_layernorm,490,0,8,114973
q_proj,490,0,8,35797
k_proj,490,0,8,11063
v_proj,490,0,8,10716
rope,490,0,8,16605
attn,490,0,8,8742
o_proj,490,0,8,21940
post_layernorm,490,0,8,114866
gate_proj,490,0,8,63628
up_proj,490,0,8,63407
act_fn,490,0,8,13514
down_proj,490,0,8,74634
final_layernorm,490,0,8,115706
lm_head,490,0,8,516354
embedding,491,0,8,24654
input_layernorm,491,0,8,115684
q_proj,491,0,8,35846
k_proj,491,0,8,11057
v_proj,491,0,8,10745
rope,491,0,8,16655
attn,491,0,8,8777
o_proj,491,0,8,21982
post_layernorm,491,0,8,115410
gate_proj,491,0,8,63755
up_proj,491,0,8,63482
act_fn,491,0,8,13518
down_proj,491,0,8,74690
final_layernorm,491,0,8,115495
lm_head,491,0,8,517112
embedding,492,0,8,24655
input_layernorm,492,0,8,115655
q_proj,492,0,8,35814
k_proj,492,0,8,11095
v_proj,492,0,8,10721
rope,492,0,8,16931
attn,492,0,8,8771
o_proj,492,0,8,21939
post_layernorm,492,0,8,115346
gate_proj,492,0,8,63672
up_proj,492,0,8,63334
act_fn,492,0,8,13574
down_proj,492,0,8,74536
final_layernorm,492,0,8,115819
lm_head,492,0,8,515875
embedding,493,0,8,24700
input_layernorm,493,0,8,116091
q_proj,493,0,8,35994
k_proj,493,0,8,11109
v_proj,493,0,8,10814
rope,493,0,8,16694
attn,493,0,8,8811
o_proj,493,0,8,22008
post_layernorm,493,0,8,115928
gate_proj,493,0,8,63910
up_proj,493,0,8,63653
act_fn,493,0,8,13581
down_proj,493,0,8,74899
final_layernorm,493,0,8,116055
lm_head,493,0,8,517649
embedding,494,0,8,24325
input_layernorm,494,0,8,116096
q_proj,494,0,8,35757
k_proj,494,0,8,11065
v_proj,494,0,8,10729
rope,494,0,8,16617
attn,494,0,8,8741
o_proj,494,0,8,21759
post_layernorm,494,0,8,115794
gate_proj,494,0,8,63234
up_proj,494,0,8,62970
act_fn,494,0,8,13578
down_proj,494,0,8,73824
final_layernorm,494,0,8,116260
lm_head,494,0,8,514222
embedding,495,0,8,24926
input_layernorm,495,0,8,116375
q_proj,495,0,8,36210
k_proj,495,0,8,11219
v_proj,495,0,8,10898
rope,495,0,8,16789
attn,495,0,8,8901
o_proj,495,0,8,22170
post_layernorm,495,0,8,116292
gate_proj,495,0,8,64362
up_proj,495,0,8,64081
act_fn,495,0,8,13660
down_proj,495,0,8,75327
final_layernorm,495,0,8,116697
lm_head,495,0,8,519640
embedding,496,0,8,24663
input_layernorm,496,0,8,116240
q_proj,496,0,8,35959
k_proj,496,0,8,11104
v_proj,496,0,8,10824
rope,496,0,8,17045
attn,496,0,8,8847
o_proj,496,0,8,22037
post_layernorm,496,0,8,115937
gate_proj,496,0,8,63997
up_proj,496,0,8,63699
act_fn,496,0,8,13671
down_proj,496,0,8,74891
final_layernorm,496,0,8,116535
lm_head,496,0,8,518492
embedding,497,0,8,24864
input_layernorm,497,0,8,116987
q_proj,497,0,8,35915
k_proj,497,0,8,11357
v_proj,497,0,8,11275
rope,497,0,8,16695
attn,497,0,8,8842
o_proj,497,0,8,21994
post_layernorm,497,0,8,117060
gate_proj,497,0,8,63928
up_proj,497,0,8,63761
act_fn,497,0,8,13679
down_proj,497,0,8,74707
final_layernorm,497,0,8,117284
lm_head,497,0,8,517427
embedding,498,0,8,24877
input_layernorm,498,0,8,117456
q_proj,498,0,8,36052
k_proj,498,0,8,11413
v_proj,498,0,8,11356
rope,498,0,8,16967
attn,498,0,8,8910
o_proj,498,0,8,22146
post_layernorm,498,0,8,117158
gate_proj,498,0,8,64324
up_proj,498,0,8,64173
act_fn,498,0,8,13735
down_proj,498,0,8,75260
final_layernorm,498,0,8,117587
lm_head,498,0,8,519401
embedding,499,0,8,25229
input_layernorm,499,0,8,117455
q_proj,499,0,8,36019
k_proj,499,0,8,11376
v_proj,499,0,8,11329
rope,499,0,8,16855
attn,499,0,8,8881
o_proj,499,0,8,22102
post_layernorm,499,0,8,117458
gate_proj,499,0,8,64234
up_proj,499,0,8,64073
act_fn,499,0,8,13767
down_proj,499,0,8,75073
final_layernorm,499,0,8,117999
lm_head,499,0,8,519654
embedding,500,0,8,25249
input_layernorm,500,0,8,117845
q_proj,500,0,8,35887
k_proj,500,0,8,11271
v_proj,500,0,8,11230
rope,500,0,8,17205
attn,500,0,8,8863
o_proj,500,0,8,22047
post_layernorm,500,0,8,117710
gate_proj,500,0,8,64109
up_proj,500,0,8,63932
act_fn,500,0,8,13752
down_proj,500,0,8,74933
final_layernorm,500,0,8,117959
lm_head,500,0,8,518859
embedding,501,0,8,25427
input_layernorm,501,0,8,118309
q_proj,501,0,8,36061
k_proj,501,0,8,11335
v_proj,501,0,8,11298
rope,501,0,8,16919
attn,501,0,8,8881
o_proj,501,0,8,22134
post_layernorm,501,0,8,118230
gate_proj,501,0,8,64418
up_proj,501,0,8,64241
act_fn,501,0,8,13792
down_proj,501,0,8,75229
final_layernorm,501,0,8,118565
lm_head,501,0,8,520121
embedding,502,0,8,25423
input_layernorm,502,0,8,118373
q_proj,502,0,8,36047
k_proj,502,0,8,11322
v_proj,502,0,8,11261
rope,502,0,8,17158
attn,502,0,8,8884
o_proj,502,0,8,22176
post_layernorm,502,0,8,118305
gate_proj,502,0,8,64547
up_proj,502,0,8,64386
act_fn,502,0,8,13835
down_proj,502,0,8,75343
final_layernorm,502,0,8,118646
lm_head,502,0,8,520146
embedding,503,0,8,25673
input_layernorm,503,0,8,118781
q_proj,503,0,8,36136
k_proj,503,0,8,11331
v_proj,503,0,8,11263
rope,503,0,8,17016
attn,503,0,8,8899
o_proj,503,0,8,22154
post_layernorm,503,0,8,118710
gate_proj,503,0,8,64522
up_proj,503,0,8,64296
act_fn,503,0,8,13841
down_proj,503,0,8,75336
final_layernorm,503,0,8,119188
lm_head,503,0,8,519824
embedding,504,0,8,25524
input_layernorm,504,0,8,118207
q_proj,504,0,8,36030
k_proj,504,0,8,11278
v_proj,504,0,8,11215
rope,504,0,8,17474
attn,504,0,8,8866
o_proj,504,0,8,22084
post_layernorm,504,0,8,118309
gate_proj,504,0,8,64321
up_proj,504,0,8,64096
act_fn,504,0,8,13873
down_proj,504,0,8,75022
final_layernorm,504,0,8,118952
lm_head,504,0,8,519837
embedding,505,0,8,25447
input_layernorm,505,0,8,120335
q_proj,505,0,8,36141
k_proj,505,0,8,11349
v_proj,505,0,8,11250
rope,505,0,8,17503
attn,505,0,8,8904
o_proj,505,0,8,22121
post_layernorm,505,0,8,120253
gate_proj,505,0,8,64438
up_proj,505,0,8,64234
act_fn,505,0,8,13899
down_proj,505,0,8,75142
final_layernorm,505,0,8,121310
lm_head,505,0,8,520311
embedding,506,0,8,25571
input_layernorm,506,0,8,120803
q_proj,506,0,8,36080
k_proj,506,0,8,11385
v_proj,506,0,8,11255
rope,506,0,8,17749
attn,506,0,8,8918
o_proj,506,0,8,22156
post_layernorm,506,0,8,120941
gate_proj,506,0,8,64549
up_proj,506,0,8,64234
act_fn,506,0,8,13924
down_proj,506,0,8,75153
final_layernorm,506,0,8,121422
lm_head,506,0,8,519900
embedding,507,0,8,25541
input_layernorm,507,0,8,120890
q_proj,507,0,8,36008
k_proj,507,0,8,11366
v_proj,507,0,8,11229
rope,507,0,8,17671
attn,507,0,8,8911
o_proj,507,0,8,22085
post_layernorm,507,0,8,121442
gate_proj,507,0,8,64432
up_proj,507,0,8,64185
act_fn,507,0,8,13940
down_proj,507,0,8,75028
final_layernorm,507,0,8,122111
lm_head,507,0,8,519550
embedding,508,0,8,25669
input_layernorm,508,0,8,121523
q_proj,508,0,8,36141
k_proj,508,0,8,11432
v_proj,508,0,8,11336
rope,508,0,8,18028
attn,508,0,8,8933
o_proj,508,0,8,22184
post_layernorm,508,0,8,121616
gate_proj,508,0,8,64598
up_proj,508,0,8,64307
act_fn,508,0,8,13973
down_proj,508,0,8,75239
final_layernorm,508,0,8,122225
lm_head,508,0,8,520565
embedding,509,0,8,25675
input_layernorm,509,0,8,121683
q_proj,509,0,8,36022
k_proj,509,0,8,11360
v_proj,509,0,8,11292
rope,509,0,8,17707
attn,509,0,8,8944
o_proj,509,0,8,22064
post_layernorm,509,0,8,121372
gate_proj,509,0,8,64426
up_proj,509,0,8,64131
act_fn,509,0,8,13972
down_proj,509,0,8,74972
final_layernorm,509,0,8,122333
lm_head,509,0,8,519749
embedding,510,0,8,25623
input_layernorm,510,0,8,122154
q_proj,510,0,8,36079
k_proj,510,0,8,11380
v_proj,510,0,8,11339
rope,510,0,8,17863
attn,510,0,8,8951
o_proj,510,0,8,22156
post_layernorm,510,0,8,122104
gate_proj,510,0,8,64655
up_proj,510,0,8,64337
act_fn,510,0,8,13978
down_proj,510,0,8,75307
final_layernorm,510,0,8,122766
lm_head,510,0,8,520796
embedding,511,0,8,25726
input_layernorm,511,0,8,122323
q_proj,511,0,8,36025
k_proj,511,0,8,11322
v_proj,511,0,8,11320
rope,511,0,8,17768
attn,511,0,8,8932
o_proj,511,0,8,22107
post_layernorm,511,0,8,122296
gate_proj,511,0,8,64504
up_proj,511,0,8,64183
act_fn,511,0,8,14038
down_proj,511,0,8,74970
final_layernorm,511,0,8,122846
lm_head,511,0,8,519913
embedding,512,0,8,25595
input_layernorm,512,0,8,122368
q_proj,512,0,8,36179
k_proj,512,0,8,11310
v_proj,512,0,8,11291
rope,512,0,8,18224
attn,512,0,8,8596
o_proj,512,0,8,22217
post_layernorm,512,0,8,122141
gate_proj,512,0,8,64810
up_proj,512,0,8,64516
act_fn,512,0,8,14065
down_proj,512,0,8,75425
final_layernorm,512,0,8,123013
lm_head,512,0,8,520974
embedding,513,0,8,25963
input_layernorm,513,0,8,122982
q_proj,513,0,8,24422
k_proj,513,0,8,12082
v_proj,513,0,8,11835
rope,513,0,8,17809
attn,513,0,8,10352
o_proj,513,0,8,22492
post_layernorm,513,0,8,123229
gate_proj,513,0,8,79321
up_proj,513,0,8,78507
act_fn,513,0,8,13667
down_proj,513,0,8,87468
final_layernorm,513,0,8,123851
lm_head,513,0,8,524769
embedding,514,0,8,25890
input_layernorm,514,0,8,123095
q_proj,514,0,8,24352
k_proj,514,0,8,12075
v_proj,514,0,8,11867
rope,514,0,8,17866
attn,514,0,8,10322
o_proj,514,0,8,22378
post_layernorm,514,0,8,123298
gate_proj,514,0,8,79152
up_proj,514,0,8,78735
act_fn,514,0,8,13656
down_proj,514,0,8,87434
final_layernorm,514,0,8,124119
lm_head,514,0,8,523610
embedding,515,0,8,25959
input_layernorm,515,0,8,123421
q_proj,515,0,8,24338
k_proj,515,0,8,12031
v_proj,515,0,8,11829
rope,515,0,8,17850
attn,515,0,8,10302
o_proj,515,0,8,22388
post_layernorm,515,0,8,123588
gate_proj,515,0,8,79169
up_proj,515,0,8,78338
act_fn,515,0,8,13688
down_proj,515,0,8,87530
final_layernorm,515,0,8,124381
lm_head,515,0,8,523846
embedding,516,0,8,26077
input_layernorm,516,0,8,124004
q_proj,516,0,8,24338
k_proj,516,0,8,12108
v_proj,516,0,8,11841
rope,516,0,8,18194
attn,516,0,8,10350
o_proj,516,0,8,22373
post_layernorm,516,0,8,124110
gate_proj,516,0,8,79097
up_proj,516,0,8,78341
act_fn,516,0,8,13731
down_proj,516,0,8,87412
final_layernorm,516,0,8,124447
lm_head,516,0,8,523601
embedding,517,0,8,26074
input_layernorm,517,0,8,124080
q_proj,517,0,8,24268
k_proj,517,0,8,12052
v_proj,517,0,8,11877
rope,517,0,8,17852
attn,517,0,8,10316
o_proj,517,0,8,22296
post_layernorm,517,0,8,124172
gate_proj,517,0,8,78988
up_proj,517,0,8,78207
act_fn,517,0,8,13757
down_proj,517,0,8,87322
final_layernorm,517,0,8,124618
lm_head,517,0,8,523289
embedding,518,0,8,25834
input_layernorm,518,0,8,124161
q_proj,518,0,8,24079
k_proj,518,0,8,12057
v_proj,518,0,8,11795
rope,518,0,8,17959
attn,518,0,8,10281
o_proj,518,0,8,22114
post_layernorm,518,0,8,124150
gate_proj,518,0,8,78411
up_proj,518,0,8,77999
act_fn,518,0,8,13794
down_proj,518,0,8,86994
final_layernorm,518,0,8,124356
lm_head,518,0,8,520955
embedding,519,0,8,26367
input_layernorm,519,0,8,125231
q_proj,519,0,8,24585
k_proj,519,0,8,12256
v_proj,519,0,8,12000
rope,519,0,8,18045
attn,519,0,8,10459
o_proj,519,0,8,22641
post_layernorm,519,0,8,124842
gate_proj,519,0,8,79889
up_proj,519,0,8,79233
act_fn,519,0,8,13822
down_proj,519,0,8,88024
final_layernorm,519,0,8,125097
lm_head,519,0,8,527982
embedding,520,0,8,26585
input_layernorm,520,0,8,125126
q_proj,520,0,8,24635
k_proj,520,0,8,12264
v_proj,520,0,8,12031
rope,520,0,8,18494
attn,520,0,8,10465
o_proj,520,0,8,22648
post_layernorm,520,0,8,124639
gate_proj,520,0,8,80041
up_proj,520,0,8,79253
act_fn,520,0,8,13798
down_proj,520,0,8,88231
final_layernorm,520,0,8,125160
lm_head,520,0,8,528879
embedding,521,0,8,26601
input_layernorm,521,0,8,125403
q_proj,521,0,8,24445
k_proj,521,0,8,12275
v_proj,521,0,8,11982
rope,521,0,8,18192
attn,521,0,8,10389
o_proj,521,0,8,22452
post_layernorm,521,0,8,125339
gate_proj,521,0,8,79597
up_proj,521,0,8,78754
act_fn,521,0,8,13840
down_proj,521,0,8,87682
final_layernorm,521,0,8,125625
lm_head,521,0,8,525114
embedding,522,0,8,26602
input_layernorm,522,0,8,125516
q_proj,522,0,8,24356
k_proj,522,0,8,12211
v_proj,522,0,8,11936
rope,522,0,8,18244
attn,522,0,8,10415
o_proj,522,0,8,22407
post_layernorm,522,0,8,125370
gate_proj,522,0,8,79207
up_proj,522,0,8,78826
act_fn,522,0,8,13888
down_proj,522,0,8,87678
final_layernorm,522,0,8,125912
lm_head,522,0,8,524679
embedding,523,0,8,26852
input_layernorm,523,0,8,126028
q_proj,523,0,8,24482
k_proj,523,0,8,12340
v_proj,523,0,8,12013
rope,523,0,8,18272
attn,523,0,8,10450
o_proj,523,0,8,22503
post_layernorm,523,0,8,125814
gate_proj,523,0,8,79705
up_proj,523,0,8,78905
act_fn,523,0,8,13902
down_proj,523,0,8,87895
final_layernorm,523,0,8,126192
lm_head,523,0,8,525957
embedding,524,0,8,26835
input_layernorm,524,0,8,126317
q_proj,524,0,8,24562
k_proj,524,0,8,12387
v_proj,524,0,8,12044
rope,524,0,8,18702
attn,524,0,8,10472
o_proj,524,0,8,22581
post_layernorm,524,0,8,126145
gate_proj,524,0,8,79761
up_proj,524,0,8,78999
act_fn,524,0,8,13930
down_proj,524,0,8,88073
final_layernorm,524,0,8,126706
lm_head,524,0,8,527060
embedding,525,0,8,26757
input_layernorm,525,0,8,126465
q_proj,525,0,8,24453
k_proj,525,0,8,12365
v_proj,525,0,8,12002
rope,525,0,8,18311
attn,525,0,8,10415
o_proj,525,0,8,22484
post_layernorm,525,0,8,126255
gate_proj,525,0,8,79462
up_proj,525,0,8,78720
act_fn,525,0,8,13952
down_proj,525,0,8,87990
final_layernorm,525,0,8,126635
lm_head,525,0,8,525573
embedding,526,0,8,26809
input_layernorm,526,0,8,126422
q_proj,526,0,8,24446
k_proj,526,0,8,12371
v_proj,526,0,8,12027
rope,526,0,8,18382
attn,526,0,8,10433
o_proj,526,0,8,22475
post_layernorm,526,0,8,126764
gate_proj,526,0,8,79615
up_proj,526,0,8,79043
act_fn,526,0,8,13959
down_proj,526,0,8,87923
final_layernorm,526,0,8,127326
lm_head,526,0,8,525654
embedding,527,0,8,26874
input_layernorm,527,0,8,126935
q_proj,527,0,8,24573
k_proj,527,0,8,12430
v_proj,527,0,8,12118
rope,527,0,8,18350
attn,527,0,8,10513
o_proj,527,0,8,22590
post_layernorm,527,0,8,126893
gate_proj,527,0,8,79875
up_proj,527,0,8,79170
act_fn,527,0,8,14006
down_proj,527,0,8,88306
final_layernorm,527,0,8,127699
lm_head,527,0,8,527642
embedding,528,0,8,26957
input_layernorm,528,0,8,126787
q_proj,528,0,8,24506
k_proj,528,0,8,12340
v_proj,528,0,8,12059
rope,528,0,8,18689
attn,528,0,8,10473
o_proj,528,0,8,22540
post_layernorm,528,0,8,126705
gate_proj,528,0,8,79645
up_proj,528,0,8,78894
act_fn,528,0,8,14034
down_proj,528,0,8,88206
final_layernorm,528,0,8,127447
lm_head,528,0,8,526684
embedding,529,0,8,26935
input_layernorm,529,0,8,127463
q_proj,529,0,8,24431
k_proj,529,0,8,12309
v_proj,529,0,8,12072
rope,529,0,8,18285
attn,529,0,8,10444
o_proj,529,0,8,22459
post_layernorm,529,0,8,127312
gate_proj,529,0,8,79436
up_proj,529,0,8,78636
act_fn,529,0,8,14052
down_proj,529,0,8,88087
final_layernorm,529,0,8,128067
lm_head,529,0,8,525368
embedding,530,0,8,27035
input_layernorm,530,0,8,127801
q_proj,530,0,8,24668
k_proj,530,0,8,12439
v_proj,530,0,8,12165
rope,530,0,8,18509
attn,530,0,8,10565
o_proj,530,0,8,22686
post_layernorm,530,0,8,127856
gate_proj,530,0,8,80267
up_proj,530,0,8,79736
act_fn,530,0,8,14111
down_proj,530,0,8,88627
final_layernorm,530,0,8,128488
lm_head,530,0,8,529029
embedding,531,0,8,27123
input_layernorm,531,0,8,128137
q_proj,531,0,8,24572
k_proj,531,0,8,12470
v_proj,531,0,8,12107
rope,531,0,8,18363
attn,531,0,8,10503
o_proj,531,0,8,22590
post_layernorm,531,0,8,127948
gate_proj,531,0,8,79994
up_proj,531,0,8,79133
act_fn,531,0,8,14128
down_proj,531,0,8,88438
final_layernorm,531,0,8,128624
lm_head,531,0,8,528438
embedding,532,0,8,27061
input_layernorm,532,0,8,128230
q_proj,532,0,8,24590
k_proj,532,0,8,12518
v_proj,532,0,8,12101
rope,532,0,8,18652
attn,532,0,8,10518
o_proj,532,0,8,22585
post_layernorm,532,0,8,128367
gate_proj,532,0,8,79848
up_proj,532,0,8,79064
act_fn,532,0,8,14192
down_proj,532,0,8,88387
final_layernorm,532,0,8,129034
lm_head,532,0,8,527824
embedding,533,0,8,27053
input_layernorm,533,0,8,128734
q_proj,533,0,8,24567
k_proj,533,0,8,12537
v_proj,533,0,8,12139
rope,533,0,8,18367
attn,533,0,8,10479
o_proj,533,0,8,22579
post_layernorm,533,0,8,128448
gate_proj,533,0,8,80092
up_proj,533,0,8,79261
act_fn,533,0,8,14186
down_proj,533,0,8,88587
final_layernorm,533,0,8,129112
lm_head,533,0,8,527180
embedding,534,0,8,27000
input_layernorm,534,0,8,128734
q_proj,534,0,8,24604
k_proj,534,0,8,12500
v_proj,534,0,8,12179
rope,534,0,8,18482
attn,534,0,8,10499
o_proj,534,0,8,22662
post_layernorm,534,0,8,128725
gate_proj,534,0,8,80094
up_proj,534,0,8,79604
act_fn,534,0,8,14226
down_proj,534,0,8,88564
final_layernorm,534,0,8,129245
lm_head,534,0,8,528592
embedding,535,0,8,27077
input_layernorm,535,0,8,129159
q_proj,535,0,8,24548
k_proj,535,0,8,12410
v_proj,535,0,8,12148
rope,535,0,8,18361
attn,535,0,8,10513
o_proj,535,0,8,22575
post_layernorm,535,0,8,128814
gate_proj,535,0,8,79948
up_proj,535,0,8,79288
act_fn,535,0,8,14214
down_proj,535,0,8,88535
final_layernorm,535,0,8,129611
lm_head,535,0,8,528048
embedding,536,0,8,27076
input_layernorm,536,0,8,128809
q_proj,536,0,8,24523
k_proj,536,0,8,12463
v_proj,536,0,8,12158
rope,536,0,8,18764
attn,536,0,8,10498
o_proj,536,0,8,22568
post_layernorm,536,0,8,128538
gate_proj,536,0,8,79694
up_proj,536,0,8,78974
act_fn,536,0,8,14291
down_proj,536,0,8,88466
final_layernorm,536,0,8,129451
lm_head,536,0,8,526779
embedding,537,0,8,27158
input_layernorm,537,0,8,129567
q_proj,537,0,8,24620
k_proj,537,0,8,12545
v_proj,537,0,8,12242
rope,537,0,8,18524
attn,537,0,8,10539
o_proj,537,0,8,22628
post_layernorm,537,0,8,129476
gate_proj,537,0,8,80195
up_proj,537,0,8,79391
act_fn,537,0,8,14299
down_proj,537,0,8,89045
final_layernorm,537,0,8,129975
lm_head,537,0,8,528634
embedding,538,0,8,27176
input_layernorm,538,0,8,129390
q_proj,538,0,8,24631
k_proj,538,0,8,12611
v_proj,538,0,8,12260
rope,538,0,8,18659
attn,538,0,8,10560
o_proj,538,0,8,22651
post_layernorm,538,0,8,129924
gate_proj,538,0,8,80106
up_proj,538,0,8,79614
act_fn,538,0,8,14334
down_proj,538,0,8,89114
final_layernorm,538,0,8,130088
lm_head,538,0,8,528905
embedding,539,0,8,27283
input_layernorm,539,0,8,129693
q_proj,539,0,8,24599
k_proj,539,0,8,12644
v_proj,539,0,8,12266
rope,539,0,8,18562
attn,539,0,8,10529
o_proj,539,0,8,22621
post_layernorm,539,0,8,129959
gate_proj,539,0,8,80041
up_proj,539,0,8,79122
act_fn,539,0,8,14342
down_proj,539,0,8,88864
final_layernorm,539,0,8,130283
lm_head,539,0,8,528448
embedding,540,0,8,27258
input_layernorm,540,0,8,130080
q_proj,540,0,8,24565
k_proj,540,0,8,12540
v_proj,540,0,8,12251
rope,540,0,8,19022
attn,540,0,8,10557
o_proj,540,0,8,22570
post_layernorm,540,0,8,130021
gate_proj,540,0,8,79846
up_proj,540,0,8,79127
act_fn,540,0,8,14367
down_proj,540,0,8,88920
final_layernorm,540,0,8,130548
lm_head,540,0,8,527931
embedding,541,0,8,27776
input_layernorm,541,0,8,130571
q_proj,541,0,8,24695
k_proj,541,0,8,12633
v_proj,541,0,8,12318
rope,541,0,8,18710
attn,541,0,8,10593
o_proj,541,0,8,22732
post_layernorm,541,0,8,130422
gate_proj,541,0,8,80480
up_proj,541,0,8,79641
act_fn,541,0,8,14414
down_proj,541,0,8,89243
final_layernorm,541,0,8,130820
lm_head,541,0,8,530155
embedding,542,0,8,27590
input_layernorm,542,0,8,130546
q_proj,542,0,8,24584
k_proj,542,0,8,12633
v_proj,542,0,8,12328
rope,542,0,8,18855
attn,542,0,8,10540
o_proj,542,0,8,22628
post_layernorm,542,0,8,130784
gate_proj,542,0,8,80041
up_proj,542,0,8,79523
act_fn,542,0,8,14423
down_proj,542,0,8,89195
final_layernorm,542,0,8,131032
lm_head,542,0,8,528282
embedding,543,0,8,27856
input_layernorm,543,0,8,130714
q_proj,543,0,8,24624
k_proj,543,0,8,12659
v_proj,543,0,8,12320
rope,543,0,8,18746
attn,543,0,8,10587
o_proj,543,0,8,22637
post_layernorm,543,0,8,130836
gate_proj,543,0,8,80014
up_proj,543,0,8,79235
act_fn,543,0,8,14497
down_proj,543,0,8,89148
final_layernorm,543,0,8,130952
lm_head,543,0,8,528896
embedding,544,0,8,27700
input_layernorm,544,0,8,130317
q_proj,544,0,8,24540
k_proj,544,0,8,12663
v_proj,544,0,8,12298
rope,544,0,8,19113
attn,544,0,8,10539
o_proj,544,0,8,22604
post_layernorm,544,0,8,130459
gate_proj,544,0,8,79702
up_proj,544,0,8,78885
act_fn,544,0,8,14476
down_proj,544,0,8,88982
final_layernorm,544,0,8,130920
lm_head,544,0,8,527951
embedding,545,0,8,27881
input_layernorm,545,0,8,131204
q_proj,545,0,8,24656
k_proj,545,0,8,12701
v_proj,545,0,8,12376
rope,545,0,8,18777
attn,545,0,8,10612
o_proj,545,0,8,22680
post_layernorm,545,0,8,131069
gate_proj,545,0,8,80056
up_proj,545,0,8,79233
act_fn,545,0,8,14501
down_proj,545,0,8,89317
final_layernorm,545,0,8,131275
lm_head,545,0,8,529204
embedding,546,0,8,27914
input_layernorm,546,0,8,131289
q_proj,546,0,8,24717
k_proj,546,0,8,12768
v_proj,546,0,8,12463
rope,546,0,8,18938
attn,546,0,8,10667
o_proj,546,0,8,22752
post_layernorm,546,0,8,131658
gate_proj,546,0,8,80350
up_proj,546,0,8,79868
act_fn,546,0,8,14538
down_proj,546,0,8,89430
final_layernorm,546,0,8,131814
lm_head,546,0,8,530199
embedding,547,0,8,27912
input_layernorm,547,0,8,131262
q_proj,547,0,8,24566
k_proj,547,0,8,12703
v_proj,547,0,8,12364
rope,547,0,8,18724
attn,547,0,8,10561
o_proj,547,0,8,22626
post_layernorm,547,0,8,131709
gate_proj,547,0,8,79848
up_proj,547,0,8,78959
act_fn,547,0,8,14563
down_proj,547,0,8,89119
final_layernorm,547,0,8,131688
lm_head,547,0,8,528279
embedding,548,0,8,27939
input_layernorm,548,0,8,131674
q_proj,548,0,8,24744
k_proj,548,0,8,12820
v_proj,548,0,8,12454
rope,548,0,8,19185
attn,548,0,8,10656
o_proj,548,0,8,22752
post_layernorm,548,0,8,132086
gate_proj,548,0,8,80193
up_proj,548,0,8,79560
act_fn,548,0,8,14593
down_proj,548,0,8,89501
final_layernorm,548,0,8,132250
lm_head,548,0,8,530512
embedding,549,0,8,28138
input_layernorm,549,0,8,132111
q_proj,549,0,8,24795
k_proj,549,0,8,12791
v_proj,549,0,8,12461
rope,549,0,8,18821
attn,549,0,8,10703
o_proj,549,0,8,22758
post_layernorm,549,0,8,132178
gate_proj,549,0,8,80681
up_proj,549,0,8,79877
act_fn,549,0,8,14588
down_proj,549,0,8,89754
final_layernorm,549,0,8,132529
lm_head,549,0,8,531470
embedding,550,0,8,27954
input_layernorm,550,0,8,132277
q_proj,550,0,8,24779
k_proj,550,0,8,12820
v_proj,550,0,8,12519
rope,550,0,8,18989
attn,550,0,8,10649
o_proj,550,0,8,22764
post_layernorm,550,0,8,132422
gate_proj,550,0,8,80521
up_proj,550,0,8,80023
act_fn,550,0,8,14644
down_proj,550,0,8,89641
final_layernorm,550,0,8,132861
lm_head,550,0,8,531009
embedding,551,0,8,28118
input_layernorm,551,0,8,132592
q_proj,551,0,8,24807
k_proj,551,0,8,12759
v_proj,551,0,8,12508
rope,551,0,8,18871
attn,551,0,8,10698
o_proj,551,0,8,22736
post_layernorm,551,0,8,132657
gate_proj,551,0,8,80360
up_proj,551,0,8,79612
act_fn,551,0,8,14647
down_proj,551,0,8,89766
final_layernorm,551,0,8,133083
lm_head,551,0,8,531279
embedding,552,0,8,28065
input_layernorm,552,0,8,132041
q_proj,552,0,8,24740
k_proj,552,0,8,12804
v_proj,552,0,8,12489
rope,552,0,8,19289
attn,552,0,8,10678
o_proj,552,0,8,22702
post_layernorm,552,0,8,132556
gate_proj,552,0,8,80211
up_proj,552,0,8,79390
act_fn,552,0,8,14678
down_proj,552,0,8,89579
final_layernorm,552,0,8,132806
lm_head,552,0,8,530063
embedding,553,0,8,28124
input_layernorm,553,0,8,132971
q_proj,553,0,8,24804
k_proj,553,0,8,12860
v_proj,553,0,8,12509
rope,553,0,8,18966
attn,553,0,8,10702
o_proj,553,0,8,22717
post_layernorm,553,0,8,132756
gate_proj,553,0,8,80627
up_proj,553,0,8,79756
act_fn,553,0,8,14704
down_proj,553,0,8,89761
final_layernorm,553,0,8,133467
lm_head,553,0,8,530845
embedding,554,0,8,28011
input_layernorm,554,0,8,132981
q_proj,554,0,8,24785
k_proj,554,0,8,12895
v_proj,554,0,8,12574
rope,554,0,8,19061
attn,554,0,8,10702
o_proj,554,0,8,22756
post_layernorm,554,0,8,133468
gate_proj,554,0,8,80508
up_proj,554,0,8,80026
act_fn,554,0,8,14764
down_proj,554,0,8,89830
final_layernorm,554,0,8,133788
lm_head,554,0,8,531300
embedding,555,0,8,28205
input_layernorm,555,0,8,133339
q_proj,555,0,8,24785
k_proj,555,0,8,12970
v_proj,555,0,8,12577
rope,555,0,8,18997
attn,555,0,8,10719
o_proj,555,0,8,22751
post_layernorm,555,0,8,133589
gate_proj,555,0,8,80580
up_proj,555,0,8,79790
act_fn,555,0,8,14791
down_proj,555,0,8,89864
final_layernorm,555,0,8,134064
lm_head,555,0,8,531233
embedding,556,0,8,28127
input_layernorm,556,0,8,133380
q_proj,556,0,8,24678
k_proj,556,0,8,12919
v_proj,556,0,8,12510
rope,556,0,8,19254
attn,556,0,8,10661
o_proj,556,0,8,22653
post_layernorm,556,0,8,133723
gate_proj,556,0,8,80059
up_proj,556,0,8,79227
act_fn,556,0,8,14821
down_proj,556,0,8,89759
final_layernorm,556,0,8,134232
lm_head,556,0,8,529733
embedding,557,0,8,28196
input_layernorm,557,0,8,133789
q_proj,557,0,8,24819
k_proj,557,0,8,13006
v_proj,557,0,8,12625
rope,557,0,8,18974
attn,557,0,8,10718
o_proj,557,0,8,22789
post_layernorm,557,0,8,134078
gate_proj,557,0,8,80613
up_proj,557,0,8,79711
act_fn,557,0,8,14822
down_proj,557,0,8,89905
final_layernorm,557,0,8,134272
lm_head,557,0,8,532345
embedding,558,0,8,28262
input_layernorm,558,0,8,133997
q_proj,558,0,8,24880
k_proj,558,0,8,13037
v_proj,558,0,8,12696
rope,558,0,8,19128
attn,558,0,8,10746
o_proj,558,0,8,22845
post_layernorm,558,0,8,134305
gate_proj,558,0,8,80916
up_proj,558,0,8,80338
act_fn,558,0,8,14858
down_proj,558,0,8,89987
final_layernorm,558,0,8,134783
lm_head,558,0,8,533410
embedding,559,0,8,28404
input_layernorm,559,0,8,134309
q_proj,559,0,8,24778
k_proj,559,0,8,12970
v_proj,559,0,8,12581
rope,559,0,8,18970
attn,559,0,8,10729
o_proj,559,0,8,22742
post_layernorm,559,0,8,134472
gate_proj,559,0,8,80493
up_proj,559,0,8,79654
act_fn,559,0,8,14908
down_proj,559,0,8,89892
final_layernorm,559,0,8,134934
lm_head,559,0,8,531812
embedding,560,0,8,28240
input_layernorm,560,0,8,134158
q_proj,560,0,8,24784
k_proj,560,0,8,13072
v_proj,560,0,8,12671
rope,560,0,8,19439
attn,560,0,8,10742
o_proj,560,0,8,22744
post_layernorm,560,0,8,134357
gate_proj,560,0,8,80469
up_proj,560,0,8,79648
act_fn,560,0,8,14972
down_proj,560,0,8,89960
final_layernorm,560,0,8,134735
lm_head,560,0,8,531918
embedding,561,0,8,28364
input_layernorm,561,0,8,134746
q_proj,561,0,8,24817
k_proj,561,0,8,13058
v_proj,561,0,8,12683
rope,561,0,8,19048
attn,561,0,8,10774
o_proj,561,0,8,22805
post_layernorm,561,0,8,134964
gate_proj,561,0,8,80854
up_proj,561,0,8,80103
act_fn,561,0,8,14930
down_proj,561,0,8,90038
final_layernorm,561,0,8,135116
lm_head,561,0,8,532444
embedding,562,0,8,28457
input_layernorm,562,0,8,134617
q_proj,562,0,8,24444
k_proj,562,0,8,12951
v_proj,562,0,8,12575
rope,562,0,8,19011
attn,562,0,8,10667
o_proj,562,0,8,22438
post_layernorm,562,0,8,135042
gate_proj,562,0,8,79493
up_proj,562,0,8,78953
act_fn,562,0,8,14991
down_proj,562,0,8,89366
final_layernorm,562,0,8,135283
lm_head,562,0,8,527243
embedding,563,0,8,28790
input_layernorm,563,0,8,135053
q_proj,563,0,8,24897
k_proj,563,0,8,13053
v_proj,563,0,8,12696
rope,563,0,8,19176
attn,563,0,8,10809
o_proj,563,0,8,22879
post_layernorm,563,0,8,135667
gate_proj,563,0,8,80935
up_proj,563,0,8,80040
act_fn,563,0,8,14999
down_proj,563,0,8,90367
final_layernorm,563,0,8,135722
lm_head,563,0,8,534179
embedding,564,0,8,28715
input_layernorm,564,0,8,135035
q_proj,564,0,8,24731
k_proj,564,0,8,13048
v_proj,564,0,8,12591
rope,564,0,8,19497
attn,564,0,8,10751
o_proj,564,0,8,22725
post_layernorm,564,0,8,135358
gate_proj,564,0,8,80355
up_proj,564,0,8,79546
act_fn,564,0,8,15030
down_proj,564,0,8,89887
final_layernorm,564,0,8,136065
lm_head,564,0,8,531164
embedding,565,0,8,29036
input_layernorm,565,0,8,135582
q_proj,565,0,8,24903
k_proj,565,0,8,13124
v_proj,565,0,8,12689
rope,565,0,8,19233
attn,565,0,8,10798
o_proj,565,0,8,22885
post_layernorm,565,0,8,135706
gate_proj,565,0,8,81093
up_proj,565,0,8,80248
act_fn,565,0,8,15038
down_proj,565,0,8,90187
final_layernorm,565,0,8,136103
lm_head,565,0,8,534052
embedding,566,0,8,29051
input_layernorm,566,0,8,135726
q_proj,566,0,8,24849
k_proj,566,0,8,13013
v_proj,566,0,8,12684
rope,566,0,8,19391
attn,566,0,8,10759
o_proj,566,0,8,22835
post_layernorm,566,0,8,136026
gate_proj,566,0,8,81038
up_proj,566,0,8,80424
act_fn,566,0,8,15080
down_proj,566,0,8,90025
final_layernorm,566,0,8,136549
lm_head,566,0,8,532515
embedding,567,0,8,29111
input_layernorm,567,0,8,135985
q_proj,567,0,8,24862
k_proj,567,0,8,13028
v_proj,567,0,8,12687
rope,567,0,8,19290
attn,567,0,8,10796
o_proj,567,0,8,22846
post_layernorm,567,0,8,136275
gate_proj,567,0,8,80927
up_proj,567,0,8,80097
act_fn,567,0,8,15151
down_proj,567,0,8,90276
final_layernorm,567,0,8,136760
lm_head,567,0,8,532942
embedding,568,0,8,29230
input_layernorm,568,0,8,135867
q_proj,568,0,8,24940
k_proj,568,0,8,13011
v_proj,568,0,8,12752
rope,568,0,8,19716
attn,568,0,8,10809
o_proj,568,0,8,22893
post_layernorm,568,0,8,136253
gate_proj,568,0,8,80941
up_proj,568,0,8,80137
act_fn,568,0,8,15150
down_proj,568,0,8,90431
final_layernorm,568,0,8,136897
lm_head,568,0,8,534871
embedding,569,0,8,29072
input_layernorm,569,0,8,136640
q_proj,569,0,8,24830
k_proj,569,0,8,12989
v_proj,569,0,8,12763
rope,569,0,8,19342
attn,569,0,8,10801
o_proj,569,0,8,22813
post_layernorm,569,0,8,136326
gate_proj,569,0,8,80584
up_proj,569,0,8,79728
act_fn,569,0,8,15171
down_proj,569,0,8,90028
final_layernorm,569,0,8,136756
lm_head,569,0,8,533045
embedding,570,0,8,29143
input_layernorm,570,0,8,136415
q_proj,570,0,8,24913
k_proj,570,0,8,12982
v_proj,570,0,8,12735
rope,570,0,8,19504
attn,570,0,8,10819
o_proj,570,0,8,22891
post_layernorm,570,0,8,136916
gate_proj,570,0,8,80903
up_proj,570,0,8,80143
act_fn,570,0,8,15206
down_proj,570,0,8,90307
final_layernorm,570,0,8,137114
lm_head,570,0,8,534216
embedding,571,0,8,29319
input_layernorm,571,0,8,136798
q_proj,571,0,8,24838
k_proj,571,0,8,13047
v_proj,571,0,8,12735
rope,571,0,8,19312
attn,571,0,8,10804
o_proj,571,0,8,22817
post_layernorm,571,0,8,137135
gate_proj,571,0,8,80772
up_proj,571,0,8,79931
act_fn,571,0,8,15248
down_proj,571,0,8,90120
final_layernorm,571,0,8,136666
lm_head,571,0,8,533280
embedding,572,0,8,29143
input_layernorm,572,0,8,136761
q_proj,572,0,8,24868
k_proj,572,0,8,13058
v_proj,572,0,8,12813
rope,572,0,8,19749
attn,572,0,8,10830
o_proj,572,0,8,22845
post_layernorm,572,0,8,137428
gate_proj,572,0,8,80937
up_proj,572,0,8,79930
act_fn,572,0,8,15212
down_proj,572,0,8,90364
final_layernorm,572,0,8,137556
lm_head,572,0,8,534034
embedding,573,0,8,28865
input_layernorm,573,0,8,137182
q_proj,573,0,8,24537
k_proj,573,0,8,12974
v_proj,573,0,8,12686
rope,573,0,8,19331
attn,573,0,8,10752
o_proj,573,0,8,22535
post_layernorm,573,0,8,137406
gate_proj,573,0,8,79772
up_proj,573,0,8,78954
act_fn,573,0,8,15274
down_proj,573,0,8,89535
final_layernorm,573,0,8,137194
lm_head,573,0,8,529748
embedding,574,0,8,29097
input_layernorm,574,0,8,137328
q_proj,574,0,8,24884
k_proj,574,0,8,13098
v_proj,574,0,8,12826
rope,574,0,8,19611
attn,574,0,8,10885
o_proj,574,0,8,22871
post_layernorm,574,0,8,137940
gate_proj,574,0,8,80861
up_proj,574,0,8,80019
act_fn,574,0,8,15317
down_proj,574,0,8,90464
final_layernorm,574,0,8,137885
lm_head,574,0,8,534515
embedding,575,0,8,28922
input_layernorm,575,0,8,137191
q_proj,575,0,8,24389
k_proj,575,0,8,12973
v_proj,575,0,8,12681
rope,575,0,8,19368
attn,575,0,8,10663
o_proj,575,0,8,22471
post_layernorm,575,0,8,137642
gate_proj,575,0,8,79324
up_proj,575,0,8,78470
act_fn,575,0,8,15370
down_proj,575,0,8,89395
final_layernorm,575,0,8,137373
lm_head,575,0,8,528649
embedding,576,0,8,29306
input_layernorm,576,0,8,137507
q_proj,576,0,8,25030
k_proj,576,0,8,13197
v_proj,576,0,8,12906
rope,576,0,8,20059
attn,576,0,8,10609
o_proj,576,0,8,22993
post_layernorm,576,0,8,137984
gate_proj,576,0,8,81282
up_proj,576,0,8,80529
act_fn,576,0,8,15368
down_proj,576,0,8,90845
final_layernorm,576,0,8,137714
lm_head,576,0,8,537131
embedding,577,0,8,28790
input_layernorm,577,0,8,137506
q_proj,577,0,8,32235
k_proj,577,0,8,13739
v_proj,577,0,8,13184
rope,577,0,8,19379
attn,577,0,8,10968
o_proj,577,0,8,22684
post_layernorm,577,0,8,137832
gate_proj,577,0,8,79962
up_proj,577,0,8,79172
act_fn,577,0,8,15406
down_proj,577,0,8,86039
final_layernorm,577,0,8,137450
lm_head,577,0,8,697546
embedding,578,0,8,28816
input_layernorm,578,0,8,137811
q_proj,578,0,8,32305
k_proj,578,0,8,13743
v_proj,578,0,8,13244
rope,578,0,8,19509
attn,578,0,8,11043
o_proj,578,0,8,22668
post_layernorm,578,0,8,137866
gate_proj,578,0,8,80147
up_proj,578,0,8,79372
act_fn,578,0,8,15427
down_proj,578,0,8,86142
final_layernorm,578,0,8,137730
lm_head,578,0,8,700949
embedding,579,0,8,28708
input_layernorm,579,0,8,137918
q_proj,579,0,8,32211
k_proj,579,0,8,13672
v_proj,579,0,8,13131
rope,579,0,8,19373
attn,579,0,8,11058
o_proj,579,0,8,22661
post_layernorm,579,0,8,138087
gate_proj,579,0,8,79878
up_proj,579,0,8,79129
act_fn,579,0,8,15405
down_proj,579,0,8,86193
final_layernorm,579,0,8,137678
lm_head,579,0,8,698903
embedding,580,0,8,28907
input_layernorm,580,0,8,138224
q_proj,580,0,8,32307
k_proj,580,0,8,13652
v_proj,580,0,8,13193
rope,580,0,8,19709
attn,580,0,8,11068
o_proj,580,0,8,22660
post_layernorm,580,0,8,138487
gate_proj,580,0,8,80117
up_proj,580,0,8,79470
act_fn,580,0,8,15449
down_proj,580,0,8,86146
final_layernorm,580,0,8,138220
lm_head,580,0,8,701104
embedding,581,0,8,28797
input_layernorm,581,0,8,138270
q_proj,581,0,8,32425
k_proj,581,0,8,13741
v_proj,581,0,8,13199
rope,581,0,8,19502
attn,581,0,8,11150
o_proj,581,0,8,22802
post_layernorm,581,0,8,138687
gate_proj,581,0,8,80333
up_proj,581,0,8,79547
act_fn,581,0,8,15504
down_proj,581,0,8,86245
final_layernorm,581,0,8,138147
lm_head,581,0,8,702331
embedding,582,0,8,28682
input_layernorm,582,0,8,138306
q_proj,582,0,8,32016
k_proj,582,0,8,13662
v_proj,582,0,8,13143
rope,582,0,8,19382
attn,582,0,8,10992
o_proj,582,0,8,22318
post_layernorm,582,0,8,138830
gate_proj,582,0,8,79095
up_proj,582,0,8,78227
act_fn,582,0,8,15541
down_proj,582,0,8,85404
final_layernorm,582,0,8,138408
lm_head,582,0,8,690059
embedding,583,0,8,29587
input_layernorm,583,0,8,139072
q_proj,583,0,8,32570
k_proj,583,0,8,13939
v_proj,583,0,8,13412
rope,583,0,8,19595
attn,583,0,8,11171
o_proj,583,0,8,22892
post_layernorm,583,0,8,139476
gate_proj,583,0,8,80619
up_proj,583,0,8,79872
act_fn,583,0,8,15558
down_proj,583,0,8,86529
final_layernorm,583,0,8,138786
lm_head,583,0,8,704751
embedding,584,0,8,29269
input_layernorm,584,0,8,138612
q_proj,584,0,8,32319
k_proj,584,0,8,13776
v_proj,584,0,8,13223
rope,584,0,8,19937
attn,584,0,8,11100
o_proj,584,0,8,22641
post_layernorm,584,0,8,138972
gate_proj,584,0,8,80057
up_proj,584,0,8,79302
act_fn,584,0,8,15565
down_proj,584,0,8,86303
final_layernorm,584,0,8,138846
lm_head,584,0,8,699660
embedding,585,0,8,29299
input_layernorm,585,0,8,139376
q_proj,585,0,8,32358
k_proj,585,0,8,13869
v_proj,585,0,8,13246
rope,585,0,8,19586
attn,585,0,8,11150
o_proj,585,0,8,22743
post_layernorm,585,0,8,139715
gate_proj,585,0,8,80105
up_proj,585,0,8,79360
act_fn,585,0,8,15586
down_proj,585,0,8,86336
final_layernorm,585,0,8,139028
lm_head,585,0,8,701219
embedding,586,0,8,29533
input_layernorm,586,0,8,139891
q_proj,586,0,8,32448
k_proj,586,0,8,13865
v_proj,586,0,8,13262
rope,586,0,8,19667
attn,586,0,8,11183
o_proj,586,0,8,22743
post_layernorm,586,0,8,140158
gate_proj,586,0,8,80386
up_proj,586,0,8,79633
act_fn,586,0,8,15636
down_proj,586,0,8,86612
final_layernorm,586,0,8,139556
lm_head,586,0,8,702936
embedding,587,0,8,29786
input_layernorm,587,0,8,139776
q_proj,587,0,8,32352
k_proj,587,0,8,13880
v_proj,587,0,8,13228
rope,587,0,8,19485
attn,587,0,8,11169
o_proj,587,0,8,22727
post_layernorm,587,0,8,140149
gate_proj,587,0,8,80067
up_proj,587,0,8,79313
act_fn,587,0,8,15655
down_proj,587,0,8,86475
final_layernorm,587,0,8,139393
lm_head,587,0,8,700233
embedding,588,0,8,29513
input_layernorm,588,0,8,139861
q_proj,588,0,8,32368
k_proj,588,0,8,13838
v_proj,588,0,8,13211
rope,588,0,8,19823
attn,588,0,8,11125
o_proj,588,0,8,22651
post_layernorm,588,0,8,140549
gate_proj,588,0,8,80056
up_proj,588,0,8,79360
act_fn,588,0,8,15669
down_proj,588,0,8,86476
final_layernorm,588,0,8,139857
lm_head,588,0,8,700411
embedding,589,0,8,29608
input_layernorm,589,0,8,140399
q_proj,589,0,8,32503
k_proj,589,0,8,13907
v_proj,589,0,8,13304
rope,589,0,8,19715
attn,589,0,8,11208
o_proj,589,0,8,22786
post_layernorm,589,0,8,140726
gate_proj,589,0,8,80416
up_proj,589,0,8,79593
act_fn,589,0,8,15715
down_proj,589,0,8,86494
final_layernorm,589,0,8,140150
lm_head,589,0,8,702424
embedding,590,0,8,29840
input_layernorm,590,0,8,140912
q_proj,590,0,8,32611
k_proj,590,0,8,13928
v_proj,590,0,8,13289
rope,590,0,8,19909
attn,590,0,8,11231
o_proj,590,0,8,22807
post_layernorm,590,0,8,141136
gate_proj,590,0,8,80635
up_proj,590,0,8,79862
act_fn,590,0,8,15740
down_proj,590,0,8,86766
final_layernorm,590,0,8,140576
lm_head,590,0,8,704827
embedding,591,0,8,29934
input_layernorm,591,0,8,141105
q_proj,591,0,8,32721
k_proj,591,0,8,14046
v_proj,591,0,8,13345
rope,591,0,8,19923
attn,591,0,8,11294
o_proj,591,0,8,22863
post_layernorm,591,0,8,141194
gate_proj,591,0,8,80865
up_proj,591,0,8,80065
act_fn,591,0,8,15759
down_proj,591,0,8,86985
final_layernorm,591,0,8,140647
lm_head,591,0,8,706709
embedding,592,0,8,29758
input_layernorm,592,0,8,140729
q_proj,592,0,8,32421
k_proj,592,0,8,13841
v_proj,592,0,8,13329
rope,592,0,8,20150
attn,592,0,8,11186
o_proj,592,0,8,22645
post_layernorm,592,0,8,141140
gate_proj,592,0,8,80130
up_proj,592,0,8,79325
act_fn,592,0,8,15790
down_proj,592,0,8,86483
final_layernorm,592,0,8,140598
lm_head,592,0,8,700236
embedding,593,0,8,29673
input_layernorm,593,0,8,141341
q_proj,593,0,8,32508
k_proj,593,0,8,13945
v_proj,593,0,8,13379
rope,593,0,8,19896
attn,593,0,8,11261
o_proj,593,0,8,22734
post_layernorm,593,0,8,141844
gate_proj,593,0,8,80339
up_proj,593,0,8,79671
act_fn,593,0,8,15807
down_proj,593,0,8,86736
final_layernorm,593,0,8,140707
lm_head,593,0,8,702154
embedding,594,0,8,29478
input_layernorm,594,0,8,141628
q_proj,594,0,8,32205
k_proj,594,0,8,13917
v_proj,594,0,8,13270
rope,594,0,8,19875
attn,594,0,8,11152
o_proj,594,0,8,22495
post_layernorm,594,0,8,141947
gate_proj,594,0,8,79399
up_proj,594,0,8,78607
act_fn,594,0,8,15847
down_proj,594,0,8,85890
final_layernorm,594,0,8,140911
lm_head,594,0,8,692928
embedding,595,0,8,29794
input_layernorm,595,0,8,141864
q_proj,595,0,8,32571
k_proj,595,0,8,13944
v_proj,595,0,8,13386
rope,595,0,8,19966
attn,595,0,8,11254
o_proj,595,0,8,22840
post_layernorm,595,0,8,142181
gate_proj,595,0,8,80464
up_proj,595,0,8,79685
act_fn,595,0,8,15888
down_proj,595,0,8,86761
final_layernorm,595,0,8,141557
lm_head,595,0,8,703547
embedding,596,0,8,29837
input_layernorm,596,0,8,142237
q_proj,596,0,8,32557
k_proj,596,0,8,13993
v_proj,596,0,8,13365
rope,596,0,8,20274
attn,596,0,8,11256
o_proj,596,0,8,22850
post_layernorm,596,0,8,142268
gate_proj,596,0,8,80519
up_proj,596,0,8,79686
act_fn,596,0,8,15916
down_proj,596,0,8,86769
final_layernorm,596,0,8,141773
lm_head,596,0,8,703186
embedding,597,0,8,29697
input_layernorm,597,0,8,142267
q_proj,597,0,8,32504
k_proj,597,0,8,14025
v_proj,597,0,8,13365
rope,597,0,8,20020
attn,597,0,8,11233
o_proj,597,0,8,22773
post_layernorm,597,0,8,142564
gate_proj,597,0,8,80362
up_proj,597,0,8,79499
act_fn,597,0,8,15921
down_proj,597,0,8,86595
final_layernorm,597,0,8,141870
lm_head,597,0,8,701796
embedding,598,0,8,29827
input_layernorm,598,0,8,142611
q_proj,598,0,8,32530
k_proj,598,0,8,13905
v_proj,598,0,8,13404
rope,598,0,8,20232
attn,598,0,8,11236
o_proj,598,0,8,22807
post_layernorm,598,0,8,142913
gate_proj,598,0,8,80531
up_proj,598,0,8,79690
act_fn,598,0,8,15971
down_proj,598,0,8,86770
final_layernorm,598,0,8,142272
lm_head,598,0,8,702780
embedding,599,0,8,30150
input_layernorm,599,0,8,142550
q_proj,599,0,8,32510
k_proj,599,0,8,11363
v_proj,599,0,8,11274
rope,599,0,8,20084
attn,599,0,8,11236
o_proj,599,0,8,22770
post_layernorm,599,0,8,143246
gate_proj,599,0,8,80219
up_proj,599,0,8,79447
act_fn,599,0,8,16006
down_proj,599,0,8,86703
final_layernorm,599,0,8,142403
lm_head,599,0,8,700781
embedding,600,0,8,29915
input_layernorm,600,0,8,142611
q_proj,600,0,8,32594
k_proj,600,0,8,11375
v_proj,600,0,8,11322
rope,600,0,8,20483
attn,600,0,8,11259
o_proj,600,0,8,22814
post_layernorm,600,0,8,142969
gate_proj,600,0,8,80421
up_proj,600,0,8,79667
act_fn,600,0,8,15989
down_proj,600,0,8,86754
final_layernorm,600,0,8,142504
lm_head,600,0,8,703083
embedding,601,0,8,29593
input_layernorm,601,0,8,142794
q_proj,601,0,8,32170
k_proj,601,0,8,11274
v_proj,601,0,8,11307
rope,601,0,8,19961
attn,601,0,8,11148
o_proj,601,0,8,22391
post_layernorm,601,0,8,143139
gate_proj,601,0,8,79101
up_proj,601,0,8,78380
act_fn,601,0,8,16045
down_proj,601,0,8,85844
final_layernorm,601,0,8,142506
lm_head,601,0,8,690508
embedding,602,0,8,30020
input_layernorm,602,0,8,143264
q_proj,602,0,8,32549
k_proj,602,0,8,11398
v_proj,602,0,8,11388
rope,602,0,8,20307
attn,602,0,8,11300
o_proj,602,0,8,22802
post_layernorm,602,0,8,143692
gate_proj,602,0,8,80541
up_proj,602,0,8,79649
act_fn,602,0,8,16018
down_proj,602,0,8,86725
final_layernorm,602,0,8,143068
lm_head,602,0,8,702871
embedding,603,0,8,30066
input_layernorm,603,0,8,143586
q_proj,603,0,8,32534
k_proj,603,0,8,11380
v_proj,603,0,8,11379
rope,603,0,8,20140
attn,603,0,8,11291
o_proj,603,0,8,22782
post_layernorm,603,0,8,143688
gate_proj,603,0,8,80350
up_proj,603,0,8,79553
act_fn,603,0,8,16082
down_proj,603,0,8,86697
final_layernorm,603,0,8,143126
lm_head,603,0,8,701590
embedding,604,0,8,30246
input_layernorm,604,0,8,143925
q_proj,604,0,8,32466
k_proj,604,0,8,11324
v_proj,604,0,8,11471
rope,604,0,8,20456
attn,604,0,8,11265
o_proj,604,0,8,22705
post_layernorm,604,0,8,143840
gate_proj,604,0,8,94480
up_proj,604,0,8,94066
act_fn,604,0,8,16090
down_proj,604,0,8,86660
final_layernorm,604,0,8,143333
lm_head,604,0,8,701075
embedding,605,0,8,30634
input_layernorm,605,0,8,144239
q_proj,605,0,8,32510
k_proj,605,0,8,11376
v_proj,605,0,8,11423
rope,605,0,8,20148
attn,605,0,8,11298
o_proj,605,0,8,22805
post_layernorm,605,0,8,144248
gate_proj,605,0,8,94710
up_proj,605,0,8,94320
act_fn,605,0,8,16142
down_proj,605,0,8,87030
final_layernorm,605,0,8,143756
lm_head,605,0,8,701988
embedding,606,0,8,30256
input_layernorm,606,0,8,144362
q_proj,606,0,8,32512
k_proj,606,0,8,11377
v_proj,606,0,8,11451
rope,606,0,8,20243
attn,606,0,8,11302
o_proj,606,0,8,22762
post_layernorm,606,0,8,144384
gate_proj,606,0,8,94677
up_proj,606,0,8,94315
act_fn,606,0,8,16173
down_proj,606,0,8,86696
final_layernorm,606,0,8,143957
lm_head,606,0,8,702352
embedding,607,0,8,30542
input_layernorm,607,0,8,144720
q_proj,607,0,8,32540
k_proj,607,0,8,11424
v_proj,607,0,8,11486
rope,607,0,8,20167
attn,607,0,8,11295
o_proj,607,0,8,22799
post_layernorm,607,0,8,144779
gate_proj,607,0,8,94649
up_proj,607,0,8,94263
act_fn,607,0,8,16210
down_proj,607,0,8,86750
final_layernorm,607,0,8,143925
lm_head,607,0,8,702270
embedding,608,0,8,30435
input_layernorm,608,0,8,144500
q_proj,608,0,8,32491
k_proj,608,0,8,11384
v_proj,608,0,8,11514
rope,608,0,8,20529
attn,608,0,8,11316
o_proj,608,0,8,22753
post_layernorm,608,0,8,144350
gate_proj,608,0,8,94491
up_proj,608,0,8,94120
act_fn,608,0,8,16211
down_proj,608,0,8,86527
final_layernorm,608,0,8,144037
lm_head,608,0,8,701081
embedding,609,0,8,31014
input_layernorm,609,0,8,144853
q_proj,609,0,8,32590
k_proj,609,0,8,11447
v_proj,609,0,8,11527
rope,609,0,8,20243
attn,609,0,8,11357
o_proj,609,0,8,22819
post_layernorm,609,0,8,144911
gate_proj,609,0,8,94763
up_proj,609,0,8,94357
act_fn,609,0,8,16235
down_proj,609,0,8,87022
final_layernorm,609,0,8,144710
lm_head,609,0,8,701929
embedding,610,0,8,30702
input_layernorm,610,0,8,145249
q_proj,610,0,8,32561
k_proj,610,0,8,11440
v_proj,610,0,8,11536
rope,610,0,8,20406
attn,610,0,8,11348
o_proj,610,0,8,22807
post_layernorm,610,0,8,145235
gate_proj,610,0,8,94724
up_proj,610,0,8,94324
act_fn,610,0,8,16274
down_proj,610,0,8,86906
final_layernorm,610,0,8,144731
lm_head,610,0,8,702281
embedding,611,0,8,30787
input_layernorm,611,0,8,145130
q_proj,611,0,8,32512
k_proj,611,0,8,11409
v_proj,611,0,8,11508
rope,611,0,8,20239
attn,611,0,8,11316
o_proj,611,0,8,22739
post_layernorm,611,0,8,145419
gate_proj,611,0,8,94473
up_proj,611,0,8,94086
act_fn,611,0,8,16271
down_proj,611,0,8,86906
final_layernorm,611,0,8,144920
lm_head,611,0,8,700925
embedding,612,0,8,30688
input_layernorm,612,0,8,145698
q_proj,612,0,8,32542
k_proj,612,0,8,11427
v_proj,612,0,8,11518
rope,612,0,8,20658
attn,612,0,8,11370
o_proj,612,0,8,22754
post_layernorm,612,0,8,145737
gate_proj,612,0,8,94694
up_proj,612,0,8,94328
act_fn,612,0,8,16323
down_proj,612,0,8,86858
final_layernorm,612,0,8,145307
lm_head,612,0,8,702461
embedding,613,0,8,30653
input_layernorm,613,0,8,146096
q_proj,613,0,8,32555
k_proj,613,0,8,11429
v_proj,613,0,8,11538
rope,613,0,8,20332
attn,613,0,8,11335
o_proj,613,0,8,22788
post_layernorm,613,0,8,145817
gate_proj,613,0,8,94621
up_proj,613,0,8,94168
act_fn,613,0,8,16354
down_proj,613,0,8,86897
final_layernorm,613,0,8,145745
lm_head,613,0,8,702229
embedding,614,0,8,30658
input_layernorm,614,0,8,146361
q_proj,614,0,8,32491
k_proj,614,0,8,11415
v_proj,614,0,8,11508
rope,614,0,8,20390
attn,614,0,8,11385
o_proj,614,0,8,22724
post_layernorm,614,0,8,146218
gate_proj,614,0,8,94499
up_proj,614,0,8,94107
act_fn,614,0,8,16392
down_proj,614,0,8,86897
final_layernorm,614,0,8,145759
lm_head,614,0,8,701077
embedding,615,0,8,30888
input_layernorm,615,0,8,146267
q_proj,615,0,8,32605
k_proj,615,0,8,11437
v_proj,615,0,8,11522
rope,615,0,8,20305
attn,615,0,8,11361
o_proj,615,0,8,22798
post_layernorm,615,0,8,146145
gate_proj,615,0,8,94674
up_proj,615,0,8,94282
act_fn,615,0,8,16407
down_proj,615,0,8,86944
final_layernorm,615,0,8,145963
lm_head,615,0,8,700987
embedding,616,0,8,30702
input_layernorm,616,0,8,146420
q_proj,616,0,8,32619
k_proj,616,0,8,11451
v_proj,616,0,8,11507
rope,616,0,8,20665
attn,616,0,8,11419
o_proj,616,0,8,22782
post_layernorm,616,0,8,146276
gate_proj,616,0,8,94783
up_proj,616,0,8,94385
act_fn,616,0,8,16443
down_proj,616,0,8,87069
final_layernorm,616,0,8,145820
lm_head,616,0,8,703198
embedding,617,0,8,30850
input_layernorm,617,0,8,147048
q_proj,617,0,8,32645
k_proj,617,0,8,11509
v_proj,617,0,8,11438
rope,617,0,8,20350
attn,617,0,8,11473
o_proj,617,0,8,22829
post_layernorm,617,0,8,146777
gate_proj,617,0,8,94763
up_proj,617,0,8,94326
act_fn,617,0,8,16485
down_proj,617,0,8,86996
final_layernorm,617,0,8,146142
lm_head,617,0,8,702418
embedding,618,0,8,30763
input_layernorm,618,0,8,147191
q_proj,618,0,8,32609
k_proj,618,0,8,11568
v_proj,618,0,8,11414
rope,618,0,8,20473
attn,618,0,8,11419
o_proj,618,0,8,22761
post_layernorm,618,0,8,147014
gate_proj,618,0,8,94657
up_proj,618,0,8,94276
act_fn,618,0,8,16497
down_proj,618,0,8,86859
final_layernorm,618,0,8,146731
lm_head,618,0,8,702027
embedding,619,0,8,30705
input_layernorm,619,0,8,147746
q_proj,619,0,8,32623
k_proj,619,0,8,11571
v_proj,619,0,8,11427
rope,619,0,8,20339
attn,619,0,8,11478
o_proj,619,0,8,22799
post_layernorm,619,0,8,147373
gate_proj,619,0,8,94647
up_proj,619,0,8,94171
act_fn,619,0,8,16572
down_proj,619,0,8,86814
final_layernorm,619,0,8,147078
lm_head,619,0,8,702114
embedding,620,0,8,30860
input_layernorm,620,0,8,147810
q_proj,620,0,8,32649
k_proj,620,0,8,11624
v_proj,620,0,8,11399
rope,620,0,8,20727
attn,620,0,8,11476
o_proj,620,0,8,22822
post_layernorm,620,0,8,147444
gate_proj,620,0,8,94738
up_proj,620,0,8,94351
act_fn,620,0,8,16564
down_proj,620,0,8,86894
final_layernorm,620,0,8,147371
lm_head,620,0,8,702611
embedding,621,0,8,30954
input_layernorm,621,0,8,147953
q_proj,621,0,8,32669
k_proj,621,0,8,11578
v_proj,621,0,8,11465
rope,621,0,8,20393
attn,621,0,8,11506
o_proj,621,0,8,22812
post_layernorm,621,0,8,147607
gate_proj,621,0,8,94785
up_proj,621,0,8,94394
act_fn,621,0,8,16547
down_proj,621,0,8,87000
final_layernorm,621,0,8,147365
lm_head,621,0,8,702781
embedding,622,0,8,30896
input_layernorm,622,0,8,147954
q_proj,622,0,8,32684
k_proj,622,0,8,11611
v_proj,622,0,8,11521
rope,622,0,8,20530
attn,622,0,8,11533
o_proj,622,0,8,22819
post_layernorm,622,0,8,147739
gate_proj,622,0,8,94840
up_proj,622,0,8,94455
act_fn,622,0,8,16597
down_proj,622,0,8,87120
final_layernorm,622,0,8,147854
lm_head,622,0,8,703294
embedding,623,0,8,30855
input_layernorm,623,0,8,148140
q_proj,623,0,8,32644
k_proj,623,0,8,11588
v_proj,623,0,8,11441
rope,623,0,8,20463
attn,623,0,8,11511
o_proj,623,0,8,22790
post_layernorm,623,0,8,147796
gate_proj,623,0,8,94722
up_proj,623,0,8,94311
act_fn,623,0,8,16607
down_proj,623,0,8,87037
final_layernorm,623,0,8,147750
lm_head,623,0,8,702403
embedding,624,0,8,30925
input_layernorm,624,0,8,148207
q_proj,624,0,8,32688
k_proj,624,0,8,11658
v_proj,624,0,8,11414
rope,624,0,8,20870
attn,624,0,8,11538
o_proj,624,0,8,22833
post_layernorm,624,0,8,148091
gate_proj,624,0,8,94900
up_proj,624,0,8,94514
act_fn,624,0,8,16666
down_proj,624,0,8,87130
final_layernorm,624,0,8,147723
lm_head,624,0,8,703635
embedding,625,0,8,31221
input_layernorm,625,0,8,148800
q_proj,625,0,8,32635
k_proj,625,0,8,11694
v_proj,625,0,8,11400
rope,625,0,8,20531
attn,625,0,8,11532
o_proj,625,0,8,22795
post_layernorm,625,0,8,148350
gate_proj,625,0,8,94758
up_proj,625,0,8,94366
act_fn,625,0,8,16670
down_proj,625,0,8,87176
final_layernorm,625,0,8,148159
lm_head,625,0,8,703369
embedding,626,0,8,31440
input_layernorm,626,0,8,148985
q_proj,626,0,8,32599
k_proj,626,0,8,11737
v_proj,626,0,8,11529
rope,626,0,8,20642
attn,626,0,8,11560
o_proj,626,0,8,22810
post_layernorm,626,0,8,148665
gate_proj,626,0,8,94756
up_proj,626,0,8,94377
act_fn,626,0,8,16692
down_proj,626,0,8,87467
final_layernorm,626,0,8,149170
lm_head,626,0,8,702093
embedding,627,0,8,31229
input_layernorm,627,0,8,149024
q_proj,627,0,8,32500
k_proj,627,0,8,11747
v_proj,627,0,8,11377
rope,627,0,8,20438
attn,627,0,8,11538
o_proj,627,0,8,22668
post_layernorm,627,0,8,148604
gate_proj,627,0,8,94357
up_proj,627,0,8,93915
act_fn,627,0,8,16730
down_proj,627,0,8,97351
final_layernorm,627,0,8,149119
lm_head,627,0,8,699167
embedding,628,0,8,31245
input_layernorm,628,0,8,149095
q_proj,628,0,8,32300
k_proj,628,0,8,11655
v_proj,628,0,8,11325
rope,628,0,8,20701
attn,628,0,8,11476
o_proj,628,0,8,22461
post_layernorm,628,0,8,148786
gate_proj,628,0,8,93534
up_proj,628,0,8,93109
act_fn,628,0,8,16780
down_proj,628,0,8,96674
final_layernorm,628,0,8,149536
lm_head,628,0,8,692783
embedding,629,0,8,31274
input_layernorm,629,0,8,149414
q_proj,629,0,8,32331
k_proj,629,0,8,11688
v_proj,629,0,8,11363
rope,629,0,8,20388
attn,629,0,8,11528
o_proj,629,0,8,22591
post_layernorm,629,0,8,148956
gate_proj,629,0,8,93807
up_proj,629,0,8,93426
act_fn,629,0,8,16785
down_proj,629,0,8,97075
final_layernorm,629,0,8,149659
lm_head,629,0,8,695761
embedding,630,0,8,31483
input_layernorm,630,0,8,149754
q_proj,630,0,8,32492
k_proj,630,0,8,11801
v_proj,630,0,8,11419
rope,630,0,8,20619
attn,630,0,8,11582
o_proj,630,0,8,22721
post_layernorm,630,0,8,149776
gate_proj,630,0,8,94322
up_proj,630,0,8,93933
act_fn,630,0,8,16764
down_proj,630,0,8,97344
final_layernorm,630,0,8,149977
lm_head,630,0,8,699166
embedding,631,0,8,31227
input_layernorm,631,0,8,150020
q_proj,631,0,8,32432
k_proj,631,0,8,11750
v_proj,631,0,8,11407
rope,631,0,8,20497
attn,631,0,8,11565
o_proj,631,0,8,22678
post_layernorm,631,0,8,149704
gate_proj,631,0,8,94213
up_proj,631,0,8,93844
act_fn,631,0,8,16802
down_proj,631,0,8,97193
final_layernorm,631,0,8,150184
lm_head,631,0,8,698212
embedding,632,0,8,31404
input_layernorm,632,0,8,150048
q_proj,632,0,8,32340
k_proj,632,0,8,11732
v_proj,632,0,8,11357
rope,632,0,8,20789
attn,632,0,8,11522
o_proj,632,0,8,22556
post_layernorm,632,0,8,149694
gate_proj,632,0,8,93629
up_proj,632,0,8,93241
act_fn,632,0,8,16838
down_proj,632,0,8,96862
final_layernorm,632,0,8,149968
lm_head,632,0,8,693994
embedding,633,0,8,31525
input_layernorm,633,0,8,150689
q_proj,633,0,8,35756
k_proj,633,0,8,11822
v_proj,633,0,8,11470
rope,633,0,8,20542
attn,633,0,8,11561
o_proj,633,0,8,26350
post_layernorm,633,0,8,150276
gate_proj,633,0,8,93947
up_proj,633,0,8,93553
act_fn,633,0,8,16869
down_proj,633,0,8,83056
final_layernorm,633,0,8,150491
lm_head,633,0,8,696324
embedding,634,0,8,31471
input_layernorm,634,0,8,150582
q_proj,634,0,8,35694
k_proj,634,0,8,11799
v_proj,634,0,8,11382
rope,634,0,8,20637
attn,634,0,8,11545
o_proj,634,0,8,26387
post_layernorm,634,0,8,150773
gate_proj,634,0,8,93868
up_proj,634,0,8,93415
act_fn,634,0,8,16885
down_proj,634,0,8,82964
final_layernorm,634,0,8,150934
lm_head,634,0,8,695337
embedding,635,0,8,31448
input_layernorm,635,0,8,150944
q_proj,635,0,8,35852
k_proj,635,0,8,11907
v_proj,635,0,8,11387
rope,635,0,8,20639
attn,635,0,8,11616
o_proj,635,0,8,26435
post_layernorm,635,0,8,151079
gate_proj,635,0,8,94282
up_proj,635,0,8,93856
act_fn,635,0,8,16935
down_proj,635,0,8,83316
final_layernorm,635,0,8,151285
lm_head,635,0,8,698396
embedding,636,0,8,31522
input_layernorm,636,0,8,151079
q_proj,636,0,8,35566
k_proj,636,0,8,11873
v_proj,636,0,8,11373
rope,636,0,8,20918
attn,636,0,8,11547
o_proj,636,0,8,26305
post_layernorm,636,0,8,151016
gate_proj,636,0,8,93528
up_proj,636,0,8,93150
act_fn,636,0,8,16952
down_proj,636,0,8,82712
final_layernorm,636,0,8,151261
lm_head,636,0,8,692959
embedding,637,0,8,31587
input_layernorm,637,0,8,151310
q_proj,637,0,8,35789
k_proj,637,0,8,11894
v_proj,637,0,8,11525
rope,637,0,8,20656
attn,637,0,8,11626
o_proj,637,0,8,26419
post_layernorm,637,0,8,151408
gate_proj,637,0,8,94114
up_proj,637,0,8,93732
act_fn,637,0,8,16954
down_proj,637,0,8,83173
final_layernorm,637,0,8,151701
lm_head,637,0,8,697354
embedding,638,0,8,31626
input_layernorm,638,0,8,151565
q_proj,638,0,8,35998
k_proj,638,0,8,11878
v_proj,638,0,8,11585
rope,638,0,8,20817
attn,638,0,8,11665
o_proj,638,0,8,26519
post_layernorm,638,0,8,151697
gate_proj,638,0,8,94561
up_proj,638,0,8,94130
act_fn,638,0,8,17018
down_proj,638,0,8,83545
final_layernorm,638,0,8,151880
lm_head,638,0,8,700487
embedding,639,0,8,31779
input_layernorm,639,0,8,151960
q_proj,639,0,8,35853
k_proj,639,0,8,11856
v_proj,639,0,8,11600
rope,639,0,8,20711
attn,639,0,8,11640
o_proj,639,0,8,26456
post_layernorm,639,0,8,151877
gate_proj,639,0,8,94227
up_proj,639,0,8,93816
act_fn,639,0,8,17010
down_proj,639,0,8,83323
final_layernorm,639,0,8,151936
lm_head,639,0,8,698048
embedding,640,0,8,31436
input_layernorm,640,0,8,151574
q_proj,640,0,8,35433
k_proj,640,0,8,11864
v_proj,640,0,8,11520
rope,640,0,8,20993
attn,640,0,8,11265
o_proj,640,0,8,26286
post_layernorm,640,0,8,151912
gate_proj,640,0,8,93217
up_proj,640,0,8,92836
act_fn,640,0,8,17043
down_proj,640,0,8,82523
final_layernorm,640,0,8,151740
lm_head,640,0,8,689948
embedding,641,0,8,31638
input_layernorm,641,0,8,152102
q_proj,641,0,8,35843
k_proj,641,0,8,17753
v_proj,641,0,8,17763
rope,641,0,8,20724
attn,641,0,8,12469
o_proj,641,0,8,31861
post_layernorm,641,0,8,152750
gate_proj,641,0,8,94204
up_proj,641,0,8,93788
act_fn,641,0,8,17089
down_proj,641,0,8,114376
final_layernorm,641,0,8,152401
lm_head,641,0,8,698368
embedding,642,0,8,31760
input_layernorm,642,0,8,152500
q_proj,642,0,8,35954
k_proj,642,0,8,17819
v_proj,642,0,8,17889
rope,642,0,8,20935
attn,642,0,8,12472
o_proj,642,0,8,31881
post_layernorm,642,0,8,153008
gate_proj,642,0,8,94421
up_proj,642,0,8,94021
act_fn,642,0,8,17116
down_proj,642,0,8,114630
final_layernorm,642,0,8,153084
lm_head,642,0,8,700126
embedding,643,0,8,31925
input_layernorm,643,0,8,152677
q_proj,643,0,8,35822
k_proj,643,0,8,17718
v_proj,643,0,8,17847
rope,643,0,8,20828
attn,643,0,8,12472
o_proj,643,0,8,31856
post_layernorm,643,0,8,153036
gate_proj,643,0,8,94052
up_proj,643,0,8,93700
act_fn,643,0,8,17107
down_proj,643,0,8,114246
final_layernorm,643,0,8,152897
lm_head,643,0,8,697466
embedding,644,0,8,31871
input_layernorm,644,0,8,153032
q_proj,644,0,8,36080
k_proj,644,0,8,17838
v_proj,644,0,8,17945
rope,644,0,8,21247
attn,644,0,8,12532
o_proj,644,0,8,31933
post_layernorm,644,0,8,153688
gate_proj,644,0,8,94748
up_proj,644,0,8,94416
act_fn,644,0,8,17153
down_proj,644,0,8,114998
final_layernorm,644,0,8,153246
lm_head,644,0,8,702242
embedding,645,0,8,31898
input_layernorm,645,0,8,153358
q_proj,645,0,8,35945
k_proj,645,0,8,17883
v_proj,645,0,8,17812
rope,645,0,8,20963
attn,645,0,8,12495
o_proj,645,0,8,31962
post_layernorm,645,0,8,153422
gate_proj,645,0,8,94428
up_proj,645,0,8,94048
act_fn,645,0,8,17129
down_proj,645,0,8,114682
final_layernorm,645,0,8,152943
lm_head,645,0,8,699770
embedding,646,0,8,32130
input_layernorm,646,0,8,153556
q_proj,646,0,8,35994
k_proj,646,0,8,17858
v_proj,646,0,8,17883
rope,646,0,8,21112
attn,646,0,8,12510
o_proj,646,0,8,31925
post_layernorm,646,0,8,153714
gate_proj,646,0,8,94464
up_proj,646,0,8,94117
act_fn,646,0,8,17179
down_proj,646,0,8,114711
final_layernorm,646,0,8,153431
lm_head,646,0,8,700817
embedding,647,0,8,32283
input_layernorm,647,0,8,153504
q_proj,647,0,8,36046
k_proj,647,0,8,17894
v_proj,647,0,8,17994
rope,647,0,8,21045
attn,647,0,8,12573
o_proj,647,0,8,32068
post_layernorm,647,0,8,153937
gate_proj,647,0,8,94663
up_proj,647,0,8,94343
act_fn,647,0,8,17234
down_proj,647,0,8,114977
final_layernorm,647,0,8,153533
lm_head,647,0,8,701862
embedding,648,0,8,31987
input_layernorm,648,0,8,153395
q_proj,648,0,8,35673
k_proj,648,0,8,17765
v_proj,648,0,8,17841
rope,648,0,8,21254
attn,648,0,8,12456
o_proj,648,0,8,31714
post_layernorm,648,0,8,153821
gate_proj,648,0,8,93860
up_proj,648,0,8,93473
act_fn,648,0,8,17290
down_proj,648,0,8,114062
final_layernorm,648,0,8,153659
lm_head,648,0,8,696180
embedding,649,0,8,32395
input_layernorm,649,0,8,154262
q_proj,649,0,8,35890
k_proj,649,0,8,17943
v_proj,649,0,8,17938
rope,649,0,8,21019
attn,649,0,8,12561
o_proj,649,0,8,32023
post_layernorm,649,0,8,154302
gate_proj,649,0,8,94302
up_proj,649,0,8,93926
act_fn,649,0,8,17288
down_proj,649,0,8,114603
final_layernorm,649,0,8,154156
lm_head,649,0,8,699053
embedding,650,0,8,32327
input_layernorm,650,0,8,154358
q_proj,650,0,8,35863
k_proj,650,0,8,17888
v_proj,650,0,8,17953
rope,650,0,8,21161
attn,650,0,8,12562
o_proj,650,0,8,31936
post_layernorm,650,0,8,154846
gate_proj,650,0,8,94228
up_proj,650,0,8,93866
act_fn,650,0,8,17324
down_proj,650,0,8,114448
final_layernorm,650,0,8,154362
lm_head,650,0,8,698398
embedding,651,0,8,32280
input_layernorm,651,0,8,154471
q_proj,651,0,8,35641
k_proj,651,0,8,17891
v_proj,651,0,8,17943
rope,651,0,8,20954
attn,651,0,8,12475
o_proj,651,0,8,31847
post_layernorm,651,0,8,154854
gate_proj,651,0,8,93713
up_proj,651,0,8,93377
act_fn,651,0,8,17307
down_proj,651,0,8,113933
final_layernorm,651,0,8,154136
lm_head,651,0,8,695448
embedding,652,0,8,32308
input_layernorm,652,0,8,154700
q_proj,652,0,8,35784
k_proj,652,0,8,18032
v_proj,652,0,8,17904
rope,652,0,8,21370
attn,652,0,8,12517
o_proj,652,0,8,31860
post_layernorm,652,0,8,155306
gate_proj,652,0,8,94001
up_proj,652,0,8,93676
act_fn,652,0,8,17377
down_proj,652,0,8,114254
final_layernorm,652,0,8,154799
lm_head,652,0,8,697828
embedding,653,0,8,32317
input_layernorm,653,0,8,154977
q_proj,653,0,8,35850
k_proj,653,0,8,18110
v_proj,653,0,8,18036
rope,653,0,8,21074
attn,653,0,8,12572
o_proj,653,0,8,32006
post_layernorm,653,0,8,155394
gate_proj,653,0,8,94213
up_proj,653,0,8,93870
act_fn,653,0,8,17375
down_proj,653,0,8,114443
final_layernorm,653,0,8,154881
lm_head,653,0,8,698813
embedding,654,0,8,32413
input_layernorm,654,0,8,154926
q_proj,654,0,8,35795
k_proj,654,0,8,18184
v_proj,654,0,8,17989
rope,654,0,8,21149
attn,654,0,8,12517
o_proj,654,0,8,31914
post_layernorm,654,0,8,155605
gate_proj,654,0,8,94114
up_proj,654,0,8,93760
act_fn,654,0,8,17432
down_proj,654,0,8,114400
final_layernorm,654,0,8,155199
lm_head,654,0,8,697971
embedding,655,0,8,32481
input_layernorm,655,0,8,155553
q_proj,655,0,8,35808
k_proj,655,0,8,18308
v_proj,655,0,8,18000
rope,655,0,8,21100
attn,655,0,8,12537
o_proj,655,0,8,32054
post_layernorm,655,0,8,155703
gate_proj,655,0,8,94144
up_proj,655,0,8,93805
act_fn,655,0,8,17484
down_proj,655,0,8,114458
final_layernorm,655,0,8,155514
lm_head,655,0,8,698093
embedding,656,0,8,32620
input_layernorm,656,0,8,155206
q_proj,656,0,8,35937
k_proj,656,0,8,18382
v_proj,656,0,8,18002
rope,656,0,8,21461
attn,656,0,8,12614
o_proj,656,0,8,32007
post_layernorm,656,0,8,155813
gate_proj,656,0,8,94456
up_proj,656,0,8,94121
act_fn,656,0,8,17510
down_proj,656,0,8,114712
final_layernorm,656,0,8,155525
lm_head,656,0,8,699770
embedding,657,0,8,32463
input_layernorm,657,0,8,155716
q_proj,657,0,8,35865
k_proj,657,0,8,18306
v_proj,657,0,8,17963
rope,657,0,8,21187
attn,657,0,8,12552
o_proj,657,0,8,32077
post_layernorm,657,0,8,156155
gate_proj,657,0,8,94292
up_proj,657,0,8,93995
act_fn,657,0,8,17501
down_proj,657,0,8,114594
final_layernorm,657,0,8,155905
lm_head,657,0,8,699422
embedding,658,0,8,32567
input_layernorm,658,0,8,155703
q_proj,658,0,8,35822
k_proj,658,0,8,18272
v_proj,658,0,8,17962
rope,658,0,8,21312
attn,658,0,8,12554
o_proj,658,0,8,32009
post_layernorm,658,0,8,156558
gate_proj,658,0,8,94226
up_proj,658,0,8,93868
act_fn,658,0,8,17511
down_proj,658,0,8,114488
final_layernorm,658,0,8,156245
lm_head,658,0,8,698630
embedding,659,0,8,32711
input_layernorm,659,0,8,155957
q_proj,659,0,8,35853
k_proj,659,0,8,18201
v_proj,659,0,8,18040
rope,659,0,8,21180
attn,659,0,8,12639
o_proj,659,0,8,32124
post_layernorm,659,0,8,156674
gate_proj,659,0,8,94283
up_proj,659,0,8,93933
act_fn,659,0,8,17552
down_proj,659,0,8,114546
final_layernorm,659,0,8,156699
lm_head,659,0,8,699253
embedding,660,0,8,32657
input_layernorm,660,0,8,156255
q_proj,660,0,8,35776
k_proj,660,0,8,18218
v_proj,660,0,8,17960
rope,660,0,8,21477
attn,660,0,8,12597
o_proj,660,0,8,31937
post_layernorm,660,0,8,156728
gate_proj,660,0,8,94067
up_proj,660,0,8,93761
act_fn,660,0,8,17570
down_proj,660,0,8,114330
final_layernorm,660,0,8,156441
lm_head,660,0,8,697532
embedding,661,0,8,32784
input_layernorm,661,0,8,156667
q_proj,661,0,8,36107
k_proj,661,0,8,18407
v_proj,661,0,8,18112
rope,661,0,8,21340
attn,661,0,8,12701
o_proj,661,0,8,32291
post_layernorm,661,0,8,156873
gate_proj,661,0,8,94870
up_proj,661,0,8,94513
act_fn,661,0,8,17613
down_proj,661,0,8,115199
final_layernorm,661,0,8,156340
lm_head,661,0,8,703143
embedding,662,0,8,32530
input_layernorm,662,0,8,156535
q_proj,662,0,8,35802
k_proj,662,0,8,18378
v_proj,662,0,8,18013
rope,662,0,8,21359
attn,662,0,8,12582
o_proj,662,0,8,32065
post_layernorm,662,0,8,157218
gate_proj,662,0,8,94211
up_proj,662,0,8,93815
act_fn,662,0,8,17605
down_proj,662,0,8,114469
final_layernorm,662,0,8,156732
lm_head,662,0,8,697867
embedding,663,0,8,32722
input_layernorm,663,0,8,156937
q_proj,663,0,8,35937
k_proj,663,0,8,18383
v_proj,663,0,8,18063
rope,663,0,8,21380
attn,663,0,8,12639
o_proj,663,0,8,32202
post_layernorm,663,0,8,157311
gate_proj,663,0,8,94579
up_proj,663,0,8,94172
act_fn,663,0,8,17649
down_proj,663,0,8,114864
final_layernorm,663,0,8,156898
lm_head,663,0,8,700711
embedding,664,0,8,32567
input_layernorm,664,0,8,156559
q_proj,664,0,8,35704
k_proj,664,0,8,12915
v_proj,664,0,8,12425
rope,664,0,8,21953
attn,664,0,8,12556
o_proj,664,0,8,31958
post_layernorm,664,0,8,157062
gate_proj,664,0,8,93872
up_proj,664,0,8,93484
act_fn,664,0,8,17691
down_proj,664,0,8,114033
final_layernorm,664,0,8,156842
lm_head,664,0,8,696501
embedding,665,0,8,32891
input_layernorm,665,0,8,157585
q_proj,665,0,8,36018
k_proj,665,0,8,13046
v_proj,665,0,8,12506
rope,665,0,8,21772
attn,665,0,8,12679
o_proj,665,0,8,32279
post_layernorm,665,0,8,157868
gate_proj,665,0,8,94674
up_proj,665,0,8,94292
act_fn,665,0,8,17687
down_proj,665,0,8,114962
final_layernorm,665,0,8,157654
lm_head,665,0,8,701423
embedding,666,0,8,32836
input_layernorm,666,0,8,157456
q_proj,666,0,8,36121
k_proj,666,0,8,13067
v_proj,666,0,8,12526
rope,666,0,8,21916
attn,666,0,8,12713
o_proj,666,0,8,32203
post_layernorm,666,0,8,157997
gate_proj,666,0,8,94695
up_proj,666,0,8,94372
act_fn,666,0,8,17767
down_proj,666,0,8,115055
final_layernorm,666,0,8,157886
lm_head,666,0,8,702816
embedding,667,0,8,32701
input_layernorm,667,0,8,157926
q_proj,667,0,8,35802
k_proj,667,0,8,12973
v_proj,667,0,8,12436
rope,667,0,8,21729
attn,667,0,8,12558
o_proj,667,0,8,32164
post_layernorm,667,0,8,158066
gate_proj,667,0,8,94189
up_proj,667,0,8,93774
act_fn,667,0,8,17754
down_proj,667,0,8,114279
final_layernorm,667,0,8,157809
lm_head,667,0,8,698499
embedding,668,0,8,33406
input_layernorm,668,0,8,157895
q_proj,668,0,8,36029
k_proj,668,0,8,13031
v_proj,668,0,8,12534
rope,668,0,8,22179
attn,668,0,8,12609
o_proj,668,0,8,32142
post_layernorm,668,0,8,158385
gate_proj,668,0,8,94612
up_proj,668,0,8,94315
act_fn,668,0,8,17830
down_proj,668,0,8,114971
final_layernorm,668,0,8,158106
lm_head,668,0,8,701106
embedding,669,0,8,33307
input_layernorm,669,0,8,158307
q_proj,669,0,8,36062
k_proj,669,0,8,13060
v_proj,669,0,8,12543
rope,669,0,8,21857
attn,669,0,8,12693
o_proj,669,0,8,32341
post_layernorm,669,0,8,158782
gate_proj,669,0,8,94815
up_proj,669,0,8,94403
act_fn,669,0,8,17829
down_proj,669,0,8,115046
final_layernorm,669,0,8,158085
lm_head,669,0,8,702075
embedding,670,0,8,33243
input_layernorm,670,0,8,158504
q_proj,670,0,8,36017
k_proj,670,0,8,13017
v_proj,670,0,8,12478
rope,670,0,8,21882
attn,670,0,8,12654
o_proj,670,0,8,32228
post_layernorm,670,0,8,158893
gate_proj,670,0,8,94639
up_proj,670,0,8,94203
act_fn,670,0,8,17843
down_proj,670,0,8,114852
final_layernorm,670,0,8,158317
lm_head,670,0,8,701620
embedding,671,0,8,33755
input_layernorm,671,0,8,158976
q_proj,671,0,8,36201
k_proj,671,0,8,13119
v_proj,671,0,8,12582
rope,671,0,8,21900
attn,671,0,8,12705
o_proj,671,0,8,32445
post_layernorm,671,0,8,159260
gate_proj,671,0,8,95123
up_proj,671,0,8,94754
act_fn,671,0,8,17906
down_proj,671,0,8,115523
final_layernorm,671,0,8,158728
lm_head,671,0,8,704576
embedding,672,0,8,33482
input_layernorm,672,0,8,158580
q_proj,672,0,8,36007
k_proj,672,0,8,13037
v_proj,672,0,8,12503
rope,672,0,8,22202
attn,672,0,8,12652
o_proj,672,0,8,32206
post_layernorm,672,0,8,159023
gate_proj,672,0,8,94764
up_proj,672,0,8,94338
act_fn,672,0,8,17869
down_proj,672,0,8,115025
final_layernorm,672,0,8,158626
lm_head,672,0,8,701811
embedding,673,0,8,33726
input_layernorm,673,0,8,159152
q_proj,673,0,8,36017
k_proj,673,0,8,13069
v_proj,673,0,8,12542
rope,673,0,8,22007
attn,673,0,8,12679
o_proj,673,0,8,32382
post_layernorm,673,0,8,159372
gate_proj,673,0,8,94812
up_proj,673,0,8,94378
act_fn,673,0,8,17924
down_proj,673,0,8,114956
final_layernorm,673,0,8,159142
lm_head,673,0,8,701655
embedding,674,0,8,33463
input_layernorm,674,0,8,158941
q_proj,674,0,8,35631
k_proj,674,0,8,12963
v_proj,674,0,8,12437
rope,674,0,8,22103
attn,674,0,8,12599
o_proj,674,0,8,32097
post_layernorm,674,0,8,159365
gate_proj,674,0,8,93800
up_proj,674,0,8,93433
act_fn,674,0,8,17949
down_proj,674,0,8,113915
final_layernorm,674,0,8,158946
lm_head,674,0,8,694559
embedding,675,0,8,33707
input_layernorm,675,0,8,159133
q_proj,675,0,8,36048
k_proj,675,0,8,13080
v_proj,675,0,8,12544
rope,675,0,8,22180
attn,675,0,8,12726
o_proj,675,0,8,32418
post_layernorm,675,0,8,159530
gate_proj,675,0,8,94729
up_proj,675,0,8,94402
act_fn,675,0,8,18021
down_proj,675,0,8,115070
final_layernorm,675,0,8,159292
lm_head,675,0,8,701790
embedding,676,0,8,33768
input_layernorm,676,0,8,159472
q_proj,676,0,8,35974
k_proj,676,0,8,13055
v_proj,676,0,8,12485
rope,676,0,8,22561
attn,676,0,8,12693
o_proj,676,0,8,32214
post_layernorm,676,0,8,159806
gate_proj,676,0,8,94657
up_proj,676,0,8,94260
act_fn,676,0,8,18014
down_proj,676,0,8,114915
final_layernorm,676,0,8,159811
lm_head,676,0,8,701640
embedding,677,0,8,33802
input_layernorm,677,0,8,159877
q_proj,677,0,8,36115
k_proj,677,0,8,13108
v_proj,677,0,8,12573
rope,677,0,8,22311
attn,677,0,8,12758
o_proj,677,0,8,32439
post_layernorm,677,0,8,159743
gate_proj,677,0,8,94957
up_proj,677,0,8,94567
act_fn,677,0,8,18056
down_proj,677,0,8,115165
final_layernorm,677,0,8,159678
lm_head,677,0,8,703410
embedding,678,0,8,33236
input_layernorm,678,0,8,159982
q_proj,678,0,8,35710
k_proj,678,0,8,12991
v_proj,678,0,8,12448
rope,678,0,8,22328
attn,678,0,8,12673
o_proj,678,0,8,32164
post_layernorm,678,0,8,160045
gate_proj,678,0,8,93960
up_proj,678,0,8,93591
act_fn,678,0,8,18102
down_proj,678,0,8,114098
final_layernorm,678,0,8,159819
lm_head,678,0,8,695512
embedding,679,0,8,33800
input_layernorm,679,0,8,160306
q_proj,679,0,8,36156
k_proj,679,0,8,13111
v_proj,679,0,8,12572
rope,679,0,8,22373
attn,679,0,8,12777
o_proj,679,0,8,32459
post_layernorm,679,0,8,160357
gate_proj,679,0,8,95059
up_proj,679,0,8,94718
act_fn,679,0,8,18053
down_proj,679,0,8,115408
final_layernorm,679,0,8,160362
lm_head,679,0,8,704718
embedding,680,0,8,33514
input_layernorm,680,0,8,160065
q_proj,680,0,8,35974
k_proj,680,0,8,13047
v_proj,680,0,8,12547
rope,680,0,8,22668
attn,680,0,8,12694
o_proj,680,0,8,32224
post_layernorm,680,0,8,159875
gate_proj,680,0,8,94630
up_proj,680,0,8,94217
act_fn,680,0,8,18133
down_proj,680,0,8,114847
final_layernorm,680,0,8,160328
lm_head,680,0,8,701046
embedding,681,0,8,33584
input_layernorm,681,0,8,160675
q_proj,681,0,8,36171
k_proj,681,0,8,13119
v_proj,681,0,8,12591
rope,681,0,8,22458
attn,681,0,8,12825
o_proj,681,0,8,32481
post_layernorm,681,0,8,160497
gate_proj,681,0,8,95136
up_proj,681,0,8,94728
act_fn,681,0,8,18108
down_proj,681,0,8,115394
final_layernorm,681,0,8,160591
lm_head,681,0,8,704070
embedding,682,0,8,33828
input_layernorm,682,0,8,160565
q_proj,682,0,8,35976
k_proj,682,0,8,13048
v_proj,682,0,8,12516
rope,682,0,8,22476
attn,682,0,8,12736
o_proj,682,0,8,32328
post_layernorm,682,0,8,160782
gate_proj,682,0,8,94720
up_proj,682,0,8,94277
act_fn,682,0,8,18180
down_proj,682,0,8,114847
final_layernorm,682,0,8,160869
lm_head,682,0,8,701789
embedding,683,0,8,33684
input_layernorm,683,0,8,160964
q_proj,683,0,8,36041
k_proj,683,0,8,13083
v_proj,683,0,8,12530
rope,683,0,8,22409
attn,683,0,8,12830
o_proj,683,0,8,32453
post_layernorm,683,0,8,161030
gate_proj,683,0,8,94832
up_proj,683,0,8,94479
act_fn,683,0,8,18202
down_proj,683,0,8,115245
final_layernorm,683,0,8,160998
lm_head,683,0,8,702475
embedding,684,0,8,33723
input_layernorm,684,0,8,161137
q_proj,684,0,8,36120
k_proj,684,0,8,13103
v_proj,684,0,8,12585
rope,684,0,8,22795
attn,684,0,8,12781
o_proj,684,0,8,32363
post_layernorm,684,0,8,161380
gate_proj,684,0,8,95097
up_proj,684,0,8,94657
act_fn,684,0,8,18227
down_proj,684,0,8,115422
final_layernorm,684,0,8,161169
lm_head,684,0,8,703849
embedding,685,0,8,33612
input_layernorm,685,0,8,160996
q_proj,685,0,8,36036
k_proj,685,0,8,13092
v_proj,685,0,8,12574
rope,685,0,8,22496
attn,685,0,8,12797
o_proj,685,0,8,32479
post_layernorm,685,0,8,161716
gate_proj,685,0,8,94853
up_proj,685,0,8,94434
act_fn,685,0,8,18238
down_proj,685,0,8,115206
final_layernorm,685,0,8,161277
lm_head,685,0,8,702051
embedding,686,0,8,34009
input_layernorm,686,0,8,161606
q_proj,686,0,8,36145
k_proj,686,0,8,13123
v_proj,686,0,8,12601
rope,686,0,8,22613
attn,686,0,8,12820
o_proj,686,0,8,32490
post_layernorm,686,0,8,161847
gate_proj,686,0,8,95066
up_proj,686,0,8,94608
act_fn,686,0,8,18268
down_proj,686,0,8,115318
final_layernorm,686,0,8,161650
lm_head,686,0,8,704048
embedding,687,0,8,33794
input_layernorm,687,0,8,161714
q_proj,687,0,8,36028
k_proj,687,0,8,13072
v_proj,687,0,8,12535
rope,687,0,8,22519
attn,687,0,8,12794
o_proj,687,0,8,32480
post_layernorm,687,0,8,161930
gate_proj,687,0,8,94821
up_proj,687,0,8,94445
act_fn,687,0,8,18319
down_proj,687,0,8,115129
final_layernorm,687,0,8,161652
lm_head,687,0,8,702401
embedding,688,0,8,34033
input_layernorm,688,0,8,161459
q_proj,688,0,8,36139
k_proj,688,0,8,13118
v_proj,688,0,8,12583
rope,688,0,8,22864
attn,688,0,8,12822
o_proj,688,0,8,32377
post_layernorm,688,0,8,161567
gate_proj,688,0,8,95141
up_proj,688,0,8,94682
act_fn,688,0,8,18337
down_proj,688,0,8,115419
final_layernorm,688,0,8,161508
lm_head,688,0,8,704650
embedding,689,0,8,34314
input_layernorm,689,0,8,162112
q_proj,689,0,8,36059
k_proj,689,0,8,13108
v_proj,689,0,8,12545
rope,689,0,8,22558
attn,689,0,8,12842
o_proj,689,0,8,32497
post_layernorm,689,0,8,162409
gate_proj,689,0,8,94949
up_proj,689,0,8,94520
act_fn,689,0,8,18366
down_proj,689,0,8,115240
final_layernorm,689,0,8,162214
lm_head,689,0,8,702672
embedding,690,0,8,34370
input_layernorm,690,0,8,162067
q_proj,690,0,8,35851
k_proj,690,0,8,13040
v_proj,690,0,8,12502
rope,690,0,8,22590
attn,690,0,8,12801
o_proj,690,0,8,32323
post_layernorm,690,0,8,162519
gate_proj,690,0,8,94472
up_proj,690,0,8,94055
act_fn,690,0,8,18413
down_proj,690,0,8,114649
final_layernorm,690,0,8,162609
lm_head,690,0,8,698828
embedding,691,0,8,34406
input_layernorm,691,0,8,162235
q_proj,691,0,8,35958
k_proj,691,0,8,13071
v_proj,691,0,8,12534
rope,691,0,8,22523
attn,691,0,8,12826
o_proj,691,0,8,32478
post_layernorm,691,0,8,163036
gate_proj,691,0,8,94731
up_proj,691,0,8,94309
act_fn,691,0,8,18449
down_proj,691,0,8,114943
final_layernorm,691,0,8,162707
lm_head,691,0,8,701384
embedding,692,0,8,34544
input_layernorm,692,0,8,162414
q_proj,692,0,8,36168
k_proj,692,0,8,13134
v_proj,692,0,8,12574
rope,692,0,8,22897
attn,692,0,8,12886
o_proj,692,0,8,32413
post_layernorm,692,0,8,162851
gate_proj,692,0,8,95196
up_proj,692,0,8,94750
act_fn,692,0,8,18466
down_proj,692,0,8,115408
final_layernorm,692,0,8,162799
lm_head,692,0,8,704793
embedding,693,0,8,34460
input_layernorm,693,0,8,162692
q_proj,693,0,8,35925
k_proj,693,0,8,13041
v_proj,693,0,8,12529
rope,693,0,8,22564
attn,693,0,8,12817
o_proj,693,0,8,32435
post_layernorm,693,0,8,163142
gate_proj,693,0,8,94730
up_proj,693,0,8,94293
act_fn,693,0,8,18483
down_proj,693,0,8,115028
final_layernorm,693,0,8,162944
lm_head,693,0,8,701213
embedding,694,0,8,34744
input_layernorm,694,0,8,163140
q_proj,694,0,8,36156
k_proj,694,0,8,13100
v_proj,694,0,8,12597
rope,694,0,8,22722
attn,694,0,8,12891
o_proj,694,0,8,32508
post_layernorm,694,0,8,163484
gate_proj,694,0,8,95272
up_proj,694,0,8,94818
act_fn,694,0,8,18546
down_proj,694,0,8,115555
final_layernorm,694,0,8,163276
lm_head,694,0,8,705493
embedding,695,0,8,34446
input_layernorm,695,0,8,162976
q_proj,695,0,8,35960
k_proj,695,0,8,13040
v_proj,695,0,8,12530
rope,695,0,8,22614
attn,695,0,8,12846
o_proj,695,0,8,32487
post_layernorm,695,0,8,163435
gate_proj,695,0,8,94803
up_proj,695,0,8,94348
act_fn,695,0,8,18526
down_proj,695,0,8,114939
final_layernorm,695,0,8,163229
lm_head,695,0,8,701408
embedding,696,0,8,34539
input_layernorm,696,0,8,162754
q_proj,696,0,8,36074
k_proj,696,0,8,13079
v_proj,696,0,8,12542
rope,696,0,8,22970
attn,696,0,8,12895
o_proj,696,0,8,32421
post_layernorm,696,0,8,163195
gate_proj,696,0,8,95062
up_proj,696,0,8,94645
act_fn,696,0,8,18579
down_proj,696,0,8,115282
final_layernorm,696,0,8,163245
lm_head,696,0,8,703567
embedding,697,0,8,34387
input_layernorm,697,0,8,163129
q_proj,697,0,8,35964
k_proj,697,0,8,13079
v_proj,697,0,8,12537
rope,697,0,8,22672
attn,697,0,8,12890
o_proj,697,0,8,32512
post_layernorm,697,0,8,163710
gate_proj,697,0,8,94734
up_proj,697,0,8,94340
act_fn,697,0,8,18553
down_proj,697,0,8,115033
final_layernorm,697,0,8,163631
lm_head,697,0,8,701528
embedding,698,0,8,34683
input_layernorm,698,0,8,163498
q_proj,698,0,8,36159
k_proj,698,0,8,13146
v_proj,698,0,8,12603
rope,698,0,8,22903
attn,698,0,8,12943
o_proj,698,0,8,32556
post_layernorm,698,0,8,163964
gate_proj,698,0,8,95066
up_proj,698,0,8,94707
act_fn,698,0,8,18552
down_proj,698,0,8,115384
final_layernorm,698,0,8,163832
lm_head,698,0,8,704481
embedding,699,0,8,34559
input_layernorm,699,0,8,163711
q_proj,699,0,8,36048
k_proj,699,0,8,13110
v_proj,699,0,8,12548
rope,699,0,8,22758
attn,699,0,8,12926
o_proj,699,0,8,32591
post_layernorm,699,0,8,164144
gate_proj,699,0,8,95023
up_proj,699,0,8,94601
act_fn,699,0,8,18643
down_proj,699,0,8,115238
final_layernorm,699,0,8,164031
lm_head,699,0,8,703449
embedding,700,0,8,34540
input_layernorm,700,0,8,164033
q_proj,700,0,8,36142
k_proj,700,0,8,13142
v_proj,700,0,8,12572
rope,700,0,8,23103
attn,700,0,8,12955
o_proj,700,0,8,32519
post_layernorm,700,0,8,164522
gate_proj,700,0,8,95147
up_proj,700,0,8,94645
act_fn,700,0,8,18657
down_proj,700,0,8,115304
final_layernorm,700,0,8,164315
lm_head,700,0,8,704085
embedding,701,0,8,34958
input_layernorm,701,0,8,164243
q_proj,701,0,8,36300
k_proj,701,0,8,13189
v_proj,701,0,8,12660
rope,701,0,8,22892
attn,701,0,8,13027
o_proj,701,0,8,32743
post_layernorm,701,0,8,164863
gate_proj,701,0,8,95573
up_proj,701,0,8,95092
act_fn,701,0,8,18689
down_proj,701,0,8,115859
final_layernorm,701,0,8,164337
lm_head,701,0,8,706849
embedding,702,0,8,34353
input_layernorm,702,0,8,164194
q_proj,702,0,8,36139
k_proj,702,0,8,13149
v_proj,702,0,8,12558
rope,702,0,8,22959
attn,702,0,8,13007
o_proj,702,0,8,32583
post_layernorm,702,0,8,164799
gate_proj,702,0,8,95293
up_proj,702,0,8,94810
act_fn,702,0,8,18681
down_proj,702,0,8,115529
final_layernorm,702,0,8,164606
lm_head,702,0,8,705013
embedding,703,0,8,34837
input_layernorm,703,0,8,164383
q_proj,703,0,8,36288
k_proj,703,0,8,13192
v_proj,703,0,8,12622
rope,703,0,8,22923
attn,703,0,8,13109
o_proj,703,0,8,32745
post_layernorm,703,0,8,165140
gate_proj,703,0,8,95600
up_proj,703,0,8,95165
act_fn,703,0,8,18737
down_proj,703,0,8,115979
final_layernorm,703,0,8,164948
lm_head,703,0,8,708111
embedding,704,0,8,34771
input_layernorm,704,0,8,164328
q_proj,704,0,8,36324
k_proj,704,0,8,13214
v_proj,704,0,8,12637
rope,704,0,8,23235
attn,704,0,8,12783
o_proj,704,0,8,32671
post_layernorm,704,0,8,164899
gate_proj,704,0,8,95690
up_proj,704,0,8,95240
act_fn,704,0,8,18752
down_proj,704,0,8,116035
final_layernorm,704,0,8,164553
lm_head,704,0,8,707940
embedding,705,0,8,34377
input_layernorm,705,0,8,164768
q_proj,705,0,8,36018
k_proj,705,0,8,13100
v_proj,705,0,8,12581
rope,705,0,8,22813
attn,705,0,8,15748
o_proj,705,0,8,32518
post_layernorm,705,0,8,165802
gate_proj,705,0,8,94970
up_proj,705,0,8,94487
act_fn,705,0,8,18745
down_proj,705,0,8,115142
final_layernorm,705,0,8,165568
lm_head,705,0,8,703441
embedding,706,0,8,34764
input_layernorm,706,0,8,165115
q_proj,706,0,8,36192
k_proj,706,0,8,13162
v_proj,706,0,8,12635
rope,706,0,8,23016
attn,706,0,8,16001
o_proj,706,0,8,32573
post_layernorm,706,0,8,166119
gate_proj,706,0,8,95401
up_proj,706,0,8,94909
act_fn,706,0,8,18766
down_proj,706,0,8,115638
final_layernorm,706,0,8,165527
lm_head,706,0,8,705997
embedding,707,0,8,35015
input_layernorm,707,0,8,165552
q_proj,707,0,8,36371
k_proj,707,0,8,13227
v_proj,707,0,8,12676
rope,707,0,8,22958
attn,707,0,8,15974
o_proj,707,0,8,32758
post_layernorm,707,0,8,166111
gate_proj,707,0,8,95749
up_proj,707,0,8,95326
act_fn,707,0,8,18820
down_proj,707,0,8,116035
final_layernorm,707,0,8,166028
lm_head,707,0,8,708389
embedding,708,0,8,34712
input_layernorm,708,0,8,165229
q_proj,708,0,8,36099
k_proj,708,0,8,13139
v_proj,708,0,8,12617
rope,708,0,8,23214
attn,708,0,8,15863
o_proj,708,0,8,32542
post_layernorm,708,0,8,166159
gate_proj,708,0,8,95015
up_proj,708,0,8,94595
act_fn,708,0,8,18857
down_proj,708,0,8,115216
final_layernorm,708,0,8,166082
lm_head,708,0,8,704061
embedding,709,0,8,35514
input_layernorm,709,0,8,165543
q_proj,709,0,8,36216
k_proj,709,0,8,13194
v_proj,709,0,8,12640
rope,709,0,8,22949
attn,709,0,8,16013
o_proj,709,0,8,32651
post_layernorm,709,0,8,166268
gate_proj,709,0,8,95386
up_proj,709,0,8,94978
act_fn,709,0,8,18858
down_proj,709,0,8,115657
final_layernorm,709,0,8,166404
lm_head,709,0,8,705756
embedding,710,0,8,35408
input_layernorm,710,0,8,165984
q_proj,710,0,8,36230
k_proj,710,0,8,13192
v_proj,710,0,8,12633
rope,710,0,8,23042
attn,710,0,8,16014
o_proj,710,0,8,32646
post_layernorm,710,0,8,166756
gate_proj,710,0,8,95478
up_proj,710,0,8,95037
act_fn,710,0,8,18888
down_proj,710,0,8,115761
final_layernorm,710,0,8,166894
lm_head,710,0,8,707001
embedding,711,0,8,35543
input_layernorm,711,0,8,166146
q_proj,711,0,8,36540
k_proj,711,0,8,13309
v_proj,711,0,8,12757
rope,711,0,8,23106
attn,711,0,8,16157
o_proj,711,0,8,32903
post_layernorm,711,0,8,166923
gate_proj,711,0,8,96301
up_proj,711,0,8,95844
act_fn,711,0,8,18934
down_proj,711,0,8,116709
final_layernorm,711,0,8,166816
lm_head,711,0,8,712512
embedding,712,0,8,35556
input_layernorm,712,0,8,165894
q_proj,712,0,8,36244
k_proj,712,0,8,13210
v_proj,712,0,8,12640
rope,712,0,8,23281
attn,712,0,8,15965
o_proj,712,0,8,32620
post_layernorm,712,0,8,166702
gate_proj,712,0,8,95486
up_proj,712,0,8,95081
act_fn,712,0,8,18954
down_proj,712,0,8,115839
final_layernorm,712,0,8,166471
lm_head,712,0,8,707085
embedding,713,0,8,35404
input_layernorm,713,0,8,166232
q_proj,713,0,8,36024
k_proj,713,0,8,13138
v_proj,713,0,8,12578
rope,713,0,8,22900
attn,713,0,8,15967
o_proj,713,0,8,33903
post_layernorm,713,0,8,166953
gate_proj,713,0,8,94945
up_proj,713,0,8,94565
act_fn,713,0,8,18979
down_proj,713,0,8,115178
final_layernorm,713,0,8,167212
lm_head,713,0,8,703888
embedding,714,0,8,35463
input_layernorm,714,0,8,166437
q_proj,714,0,8,36074
k_proj,714,0,8,13134
v_proj,714,0,8,12583
rope,714,0,8,23012
attn,714,0,8,15994
o_proj,714,0,8,33891
post_layernorm,714,0,8,167088
gate_proj,714,0,8,94987
up_proj,714,0,8,94598
act_fn,714,0,8,19009
down_proj,714,0,8,115216
final_layernorm,714,0,8,167316
lm_head,714,0,8,703571
embedding,715,0,8,35681
input_layernorm,715,0,8,166886
q_proj,715,0,8,36306
k_proj,715,0,8,13224
v_proj,715,0,8,12662
rope,715,0,8,23043
attn,715,0,8,16053
o_proj,715,0,8,34082
post_layernorm,715,0,8,167680
gate_proj,715,0,8,95578
up_proj,715,0,8,95184
act_fn,715,0,8,19050
down_proj,715,0,8,115804
final_layernorm,715,0,8,167520
lm_head,715,0,8,707430
embedding,716,0,8,35117
input_layernorm,716,0,8,167183
q_proj,716,0,8,36084
k_proj,716,0,8,13156
v_proj,716,0,8,12593
rope,716,0,8,23278
attn,716,0,8,15972
o_proj,716,0,8,33935
post_layernorm,716,0,8,167848
gate_proj,716,0,8,95047
up_proj,716,0,8,94678
act_fn,716,0,8,19084
down_proj,716,0,8,115291
final_layernorm,716,0,8,167659
lm_head,716,0,8,704193
embedding,717,0,8,35674
input_layernorm,717,0,8,167575
q_proj,717,0,8,36295
k_proj,717,0,8,13248
v_proj,717,0,8,12674
rope,717,0,8,23142
attn,717,0,8,16154
o_proj,717,0,8,34146
post_layernorm,717,0,8,168594
gate_proj,717,0,8,95664
up_proj,717,0,8,95303
act_fn,717,0,8,19108
down_proj,717,0,8,115948
final_layernorm,717,0,8,168023
lm_head,717,0,8,707426
embedding,718,0,8,35336
input_layernorm,718,0,8,167256
q_proj,718,0,8,35988
k_proj,718,0,8,13122
v_proj,718,0,8,12572
rope,718,0,8,23072
attn,718,0,8,15975
o_proj,718,0,8,33839
post_layernorm,718,0,8,168363
gate_proj,718,0,8,94782
up_proj,718,0,8,94439
act_fn,718,0,8,19136
down_proj,718,0,8,115003
final_layernorm,718,0,8,167997
lm_head,718,0,8,702508
embedding,719,0,8,35497
input_layernorm,719,0,8,167677
q_proj,719,0,8,36284
k_proj,719,0,8,13224
v_proj,719,0,8,12669
rope,719,0,8,23123
attn,719,0,8,16083
o_proj,719,0,8,34123
post_layernorm,719,0,8,168522
gate_proj,719,0,8,95575
up_proj,719,0,8,95220
act_fn,719,0,8,19148
down_proj,719,0,8,115942
final_layernorm,719,0,8,168296
lm_head,719,0,8,707905
embedding,720,0,8,35435
input_layernorm,720,0,8,167044
q_proj,720,0,8,35985
k_proj,720,0,8,13139
v_proj,720,0,8,12588
rope,720,0,8,23385
attn,720,0,8,15857
o_proj,720,0,8,33888
post_layernorm,720,0,8,168260
gate_proj,720,0,8,94865
up_proj,720,0,8,94530
act_fn,720,0,8,19188
down_proj,720,0,8,115139
final_layernorm,720,0,8,168083
lm_head,720,0,8,703527
embedding,721,0,8,35722
input_layernorm,721,0,8,168068
q_proj,721,0,8,36033
k_proj,721,0,8,13145
v_proj,721,0,8,12578
rope,721,0,8,23090
attn,721,0,8,15989
o_proj,721,0,8,33915
post_layernorm,721,0,8,168812
gate_proj,721,0,8,95006
up_proj,721,0,8,94645
act_fn,721,0,8,19224
down_proj,721,0,8,115239
final_layernorm,721,0,8,168531
lm_head,721,0,8,704337
embedding,722,0,8,35520
input_layernorm,722,0,8,168245
q_proj,722,0,8,36110
k_proj,722,0,8,13167
v_proj,722,0,8,12602
rope,722,0,8,23222
attn,722,0,8,16100
o_proj,722,0,8,33960
post_layernorm,722,0,8,169137
gate_proj,722,0,8,95028
up_proj,722,0,8,94655
act_fn,722,0,8,19209
down_proj,722,0,8,115245
final_layernorm,722,0,8,168675
lm_head,722,0,8,704210
embedding,723,0,8,35673
input_layernorm,723,0,8,168796
q_proj,723,0,8,36459
k_proj,723,0,8,13283
v_proj,723,0,8,12712
rope,723,0,8,23313
attn,723,0,8,16198
o_proj,723,0,8,34286
post_layernorm,723,0,8,169212
gate_proj,723,0,8,96100
up_proj,723,0,8,95761
act_fn,723,0,8,19260
down_proj,723,0,8,116507
final_layernorm,723,0,8,168950
lm_head,723,0,8,711291
embedding,724,0,8,35834
input_layernorm,724,0,8,168889
q_proj,724,0,8,36141
k_proj,724,0,8,13180
v_proj,724,0,8,12619
rope,724,0,8,23498
attn,724,0,8,15918
o_proj,724,0,8,34033
post_layernorm,724,0,8,169121
gate_proj,724,0,8,95254
up_proj,724,0,8,94909
act_fn,724,0,8,19281
down_proj,724,0,8,115634
final_layernorm,724,0,8,169067
lm_head,724,0,8,705830
embedding,725,0,8,35964
input_layernorm,725,0,8,168940
q_proj,725,0,8,36127
k_proj,725,0,8,13173
v_proj,725,0,8,12621
rope,725,0,8,23223
attn,725,0,8,16046
o_proj,725,0,8,34003
post_layernorm,725,0,8,169489
gate_proj,725,0,8,95222
up_proj,725,0,8,94860
act_fn,725,0,8,19309
down_proj,725,0,8,115499
final_layernorm,725,0,8,169485
lm_head,725,0,8,705803
embedding,726,0,8,35616
input_layernorm,726,0,8,169346
q_proj,726,0,8,36006
k_proj,726,0,8,13136
v_proj,726,0,8,12585
rope,726,0,8,23301
attn,726,0,8,15984
o_proj,726,0,8,33909
post_layernorm,726,0,8,169532
gate_proj,726,0,8,94927
up_proj,726,0,8,94552
act_fn,726,0,8,19338
down_proj,726,0,8,115157
final_layernorm,726,0,8,169759
lm_head,726,0,8,704094
embedding,727,0,8,35905
input_layernorm,727,0,8,169691
q_proj,727,0,8,36242
k_proj,727,0,8,13222
v_proj,727,0,8,12658
rope,727,0,8,23313
attn,727,0,8,16035
o_proj,727,0,8,34102
post_layernorm,727,0,8,169620
gate_proj,727,0,8,95435
up_proj,727,0,8,95115
act_fn,727,0,8,19384
down_proj,727,0,8,115752
final_layernorm,727,0,8,169819
lm_head,727,0,8,706641
embedding,728,0,8,35917
input_layernorm,728,0,8,169118
q_proj,728,0,8,36051
k_proj,728,0,8,13163
v_proj,728,0,8,12613
rope,728,0,8,23590
attn,728,0,8,16024
o_proj,728,0,8,33982
post_layernorm,728,0,8,169544
gate_proj,728,0,8,95079
up_proj,728,0,8,94716
act_fn,728,0,8,19375
down_proj,728,0,8,115362
final_layernorm,728,0,8,169808
lm_head,728,0,8,704386
embedding,729,0,8,35646
input_layernorm,729,0,8,169828
q_proj,729,0,8,36092
k_proj,729,0,8,13158
v_proj,729,0,8,12620
rope,729,0,8,23299
attn,729,0,8,16141
o_proj,729,0,8,33973
post_layernorm,729,0,8,170083
gate_proj,729,0,8,95184
up_proj,729,0,8,94876
act_fn,729,0,8,19412
down_proj,729,0,8,115425
final_layernorm,729,0,8,170373
lm_head,729,0,8,705404
embedding,730,0,8,36453
input_layernorm,730,0,8,169940
q_proj,730,0,8,36451
k_proj,730,0,8,13276
v_proj,730,0,8,12740
rope,730,0,8,23614
attn,730,0,8,16208
o_proj,730,0,8,34275
post_layernorm,730,0,8,170446
gate_proj,730,0,8,96018
up_proj,730,0,8,95654
act_fn,730,0,8,19431
down_proj,730,0,8,116450
final_layernorm,730,0,8,170489
lm_head,730,0,8,711205
embedding,731,0,8,36274
input_layernorm,731,0,8,170275
q_proj,731,0,8,36242
k_proj,731,0,8,13223
v_proj,731,0,8,12683
rope,731,0,8,23433
attn,731,0,8,16178
o_proj,731,0,8,34125
post_layernorm,731,0,8,171001
gate_proj,731,0,8,95484
up_proj,731,0,8,95152
act_fn,731,0,8,19481
down_proj,731,0,8,115831
final_layernorm,731,0,8,170612
lm_head,731,0,8,706895
embedding,732,0,8,36106
input_layernorm,732,0,8,170126
q_proj,732,0,8,36219
k_proj,732,0,8,13205
v_proj,732,0,8,12675
rope,732,0,8,23730
attn,732,0,8,15961
o_proj,732,0,8,34055
post_layernorm,732,0,8,171210
gate_proj,732,0,8,95451
up_proj,732,0,8,95084
act_fn,732,0,8,19482
down_proj,732,0,8,115769
final_layernorm,732,0,8,170664
lm_head,732,0,8,706968
embedding,733,0,8,36587
input_layernorm,733,0,8,170656
q_proj,733,0,8,36444
k_proj,733,0,8,13293
v_proj,733,0,8,12782
rope,733,0,8,23575
attn,733,0,8,16248
o_proj,733,0,8,34310
post_layernorm,733,0,8,171411
gate_proj,733,0,8,85659
up_proj,733,0,8,85110
act_fn,733,0,8,19805
down_proj,733,0,8,116580
final_layernorm,733,0,8,171005
lm_head,733,0,8,710835
embedding,734,0,8,36316
input_layernorm,734,0,8,170827
q_proj,734,0,8,36289
k_proj,734,0,8,13229
v_proj,734,0,8,12680
rope,734,0,8,23584
attn,734,0,8,16160
o_proj,734,0,8,34160
post_layernorm,734,0,8,171485
gate_proj,734,0,8,85299
up_proj,734,0,8,84839
act_fn,734,0,8,19805
down_proj,734,0,8,116208
final_layernorm,734,0,8,171116
lm_head,734,0,8,708416
embedding,735,0,8,36842
input_layernorm,735,0,8,171266
q_proj,735,0,8,36321
k_proj,735,0,8,13239
v_proj,735,0,8,12706
rope,735,0,8,23548
attn,735,0,8,16155
o_proj,735,0,8,34180
post_layernorm,735,0,8,171914
gate_proj,735,0,8,85369
up_proj,735,0,8,84886
act_fn,735,0,8,19827
down_proj,735,0,8,116209
final_layernorm,735,0,8,171337
lm_head,735,0,8,709080
embedding,736,0,8,36653
input_layernorm,736,0,8,171000
q_proj,736,0,8,36424
k_proj,736,0,8,13272
v_proj,736,0,8,12731
rope,736,0,8,23923
attn,736,0,8,16072
o_proj,736,0,8,34276
post_layernorm,736,0,8,171607
gate_proj,736,0,8,85541
up_proj,736,0,8,85121
act_fn,736,0,8,19846
down_proj,736,0,8,116417
final_layernorm,736,0,8,171174
lm_head,736,0,8,709977
embedding,737,0,8,36616
input_layernorm,737,0,8,171607
q_proj,737,0,8,36410
k_proj,737,0,8,13286
v_proj,737,0,8,12730
rope,737,0,8,23641
attn,737,0,8,16185
o_proj,737,0,8,34290
post_layernorm,737,0,8,171814
gate_proj,737,0,8,85594
up_proj,737,0,8,85082
act_fn,737,0,8,19889
down_proj,737,0,8,116521
final_layernorm,737,0,8,171870
lm_head,737,0,8,710947
embedding,738,0,8,36559
input_layernorm,738,0,8,171649
q_proj,738,0,8,36402
k_proj,738,0,8,13289
v_proj,738,0,8,12732
rope,738,0,8,23744
attn,738,0,8,16199
o_proj,738,0,8,34282
post_layernorm,738,0,8,172296
gate_proj,738,0,8,85512
up_proj,738,0,8,85036
act_fn,738,0,8,19901
down_proj,738,0,8,116378
final_layernorm,738,0,8,171829
lm_head,738,0,8,709158
embedding,739,0,8,36923
input_layernorm,739,0,8,172077
q_proj,739,0,8,36460
k_proj,739,0,8,13300
v_proj,739,0,8,12743
rope,739,0,8,23706
attn,739,0,8,16316
o_proj,739,0,8,34360
post_layernorm,739,0,8,172210
gate_proj,739,0,8,85689
up_proj,739,0,8,85218
act_fn,739,0,8,19923
down_proj,739,0,8,116618
final_layernorm,739,0,8,172053
lm_head,739,0,8,710761
embedding,740,0,8,36879
input_layernorm,740,0,8,172122
q_proj,740,0,8,36495
k_proj,740,0,8,13291
v_proj,740,0,8,12787
rope,740,0,8,24019
attn,740,0,8,16161
o_proj,740,0,8,34328
post_layernorm,740,0,8,172546
gate_proj,740,0,8,85692
up_proj,740,0,8,85248
act_fn,740,0,8,19969
down_proj,740,0,8,116643
final_layernorm,740,0,8,172262
lm_head,740,0,8,711545
embedding,741,0,8,37022
input_layernorm,741,0,8,172111
q_proj,741,0,8,36337
k_proj,741,0,8,13274
v_proj,741,0,8,12731
rope,741,0,8,23747
attn,741,0,8,16062
o_proj,741,0,8,34341
post_layernorm,741,0,8,172846
gate_proj,741,0,8,85510
up_proj,741,0,8,84970
act_fn,741,0,8,19991
down_proj,741,0,8,116378
final_layernorm,741,0,8,172482
lm_head,741,0,8,708336
embedding,742,0,8,36745
input_layernorm,742,0,8,172724
q_proj,742,0,8,36335
k_proj,742,0,8,13260
v_proj,742,0,8,12703
rope,742,0,8,23807
attn,742,0,8,16182
o_proj,742,0,8,34233
post_layernorm,742,0,8,172968
gate_proj,742,0,8,85380
up_proj,742,0,8,84933
act_fn,742,0,8,19978
down_proj,742,0,8,116238
final_layernorm,742,0,8,172733
lm_head,742,0,8,708631
embedding,743,0,8,36712
input_layernorm,743,0,8,172713
q_proj,743,0,8,36450
k_proj,743,0,8,13315
v_proj,743,0,8,12736
rope,743,0,8,23759
attn,743,0,8,16034
o_proj,743,0,8,34342
post_layernorm,743,0,8,173172
gate_proj,743,0,8,85711
up_proj,743,0,8,85214
act_fn,743,0,8,20038
down_proj,743,0,8,116520
final_layernorm,743,0,8,172948
lm_head,743,0,8,710842
embedding,744,0,8,37072
input_layernorm,744,0,8,172798
q_proj,744,0,8,36622
k_proj,744,0,8,13365
v_proj,744,0,8,12782
rope,744,0,8,24188
attn,744,0,8,16101
o_proj,744,0,8,34482
post_layernorm,744,0,8,173091
gate_proj,744,0,8,86063
up_proj,744,0,8,85621
act_fn,744,0,8,20062
down_proj,744,0,8,117116
final_layernorm,744,0,8,173157
lm_head,744,0,8,714263
embedding,745,0,8,36805
input_layernorm,745,0,8,173168
q_proj,745,0,8,36426
k_proj,745,0,8,13292
v_proj,745,0,8,12724
rope,745,0,8,23809
attn,745,0,8,16349
o_proj,745,0,8,34321
post_layernorm,745,0,8,173469
gate_proj,745,0,8,85651
up_proj,745,0,8,85179
act_fn,745,0,8,20111
down_proj,745,0,8,116572
final_layernorm,745,0,8,173267
lm_head,745,0,8,711195
embedding,746,0,8,37212
input_layernorm,746,0,8,173604
q_proj,746,0,8,36706
k_proj,746,0,8,13413
v_proj,746,0,8,12854
rope,746,0,8,24032
attn,746,0,8,16236
o_proj,746,0,8,34593
post_layernorm,746,0,8,174244
gate_proj,746,0,8,86287
up_proj,746,0,8,85857
act_fn,746,0,8,20118
down_proj,746,0,8,117446
final_layernorm,746,0,8,174184
lm_head,746,0,8,715150
embedding,747,0,8,37003
input_layernorm,747,0,8,173600
q_proj,747,0,8,36519
k_proj,747,0,8,13345
v_proj,747,0,8,12783
rope,747,0,8,23856
attn,747,0,8,16277
o_proj,747,0,8,34410
post_layernorm,747,0,8,173917
gate_proj,747,0,8,85801
up_proj,747,0,8,85371
act_fn,747,0,8,20115
down_proj,747,0,8,116888
final_layernorm,747,0,8,173701
lm_head,747,0,8,712144
embedding,748,0,8,36789
input_layernorm,748,0,8,173901
q_proj,748,0,8,36622
k_proj,748,0,8,13370
v_proj,748,0,8,12807
rope,748,0,8,24224
attn,748,0,8,16191
o_proj,748,0,8,34487
post_layernorm,748,0,8,173990
gate_proj,748,0,8,86064
up_proj,748,0,8,85623
act_fn,748,0,8,20154
down_proj,748,0,8,117135
final_layernorm,748,0,8,173984
lm_head,748,0,8,713748
embedding,749,0,8,37106
input_layernorm,749,0,8,174559
q_proj,749,0,8,36629
k_proj,749,0,8,13398
v_proj,749,0,8,12798
rope,749,0,8,23934
attn,749,0,8,16329
o_proj,749,0,8,34513
post_layernorm,749,0,8,175060
gate_proj,749,0,8,86075
up_proj,749,0,8,85625
act_fn,749,0,8,20188
down_proj,749,0,8,117147
final_layernorm,749,0,8,174706
lm_head,749,0,8,714262
embedding,750,0,8,37197
input_layernorm,750,0,8,174384
q_proj,750,0,8,36691
k_proj,750,0,8,13428
v_proj,750,0,8,12840
rope,750,0,8,24115
attn,750,0,8,16429
o_proj,750,0,8,34584
post_layernorm,750,0,8,175211
gate_proj,750,0,8,86275
up_proj,750,0,8,85850
act_fn,750,0,8,20218
down_proj,750,0,8,117324
final_layernorm,750,0,8,174839
lm_head,750,0,8,714384
embedding,751,0,8,36865
input_layernorm,751,0,8,174633
q_proj,751,0,8,36277
k_proj,751,0,8,13296
v_proj,751,0,8,12715
rope,751,0,8,23923
attn,751,0,8,16192
o_proj,751,0,8,34292
post_layernorm,751,0,8,175061
gate_proj,751,0,8,85416
up_proj,751,0,8,84939
act_fn,751,0,8,20298
down_proj,751,0,8,116328
final_layernorm,751,0,8,174687
lm_head,751,0,8,707670
embedding,752,0,8,37545
input_layernorm,752,0,8,174443
q_proj,752,0,8,36550
k_proj,752,0,8,13361
v_proj,752,0,8,12791
rope,752,0,8,24289
attn,752,0,8,16200
o_proj,752,0,8,34468
post_layernorm,752,0,8,175308
gate_proj,752,0,8,85946
up_proj,752,0,8,85473
act_fn,752,0,8,20287
down_proj,752,0,8,116919
final_layernorm,752,0,8,174818
lm_head,752,0,8,712046
embedding,753,0,8,37480
input_layernorm,753,0,8,174960
q_proj,753,0,8,36562
k_proj,753,0,8,13413
v_proj,753,0,8,12839
rope,753,0,8,24004
attn,753,0,8,16316
o_proj,753,0,8,34472
post_layernorm,753,0,8,175714
gate_proj,753,0,8,85913
up_proj,753,0,8,85492
act_fn,753,0,8,20326
down_proj,753,0,8,116989
final_layernorm,753,0,8,175274
lm_head,753,0,8,712664
embedding,754,0,8,37645
input_layernorm,754,0,8,175023
q_proj,754,0,8,36551
k_proj,754,0,8,13410
v_proj,754,0,8,12849
rope,754,0,8,24124
attn,754,0,8,16286
o_proj,754,0,8,34493
post_layernorm,754,0,8,175556
gate_proj,754,0,8,85993
up_proj,754,0,8,85589
act_fn,754,0,8,20366
down_proj,754,0,8,117045
final_layernorm,754,0,8,175372
lm_head,754,0,8,712618
embedding,755,0,8,37470
input_layernorm,755,0,8,175713
q_proj,755,0,8,36311
k_proj,755,0,8,13350
v_proj,755,0,8,12800
rope,755,0,8,24032
attn,755,0,8,16382
o_proj,755,0,8,34315
post_layernorm,755,0,8,175887
gate_proj,755,0,8,85497
up_proj,755,0,8,85058
act_fn,755,0,8,20337
down_proj,755,0,8,116340
final_layernorm,755,0,8,175786
lm_head,755,0,8,708891
embedding,756,0,8,37902
input_layernorm,756,0,8,175974
q_proj,756,0,8,36667
k_proj,756,0,8,13425
v_proj,756,0,8,12902
rope,756,0,8,24469
attn,756,0,8,16415
o_proj,756,0,8,34606
post_layernorm,756,0,8,176517
gate_proj,756,0,8,86271
up_proj,756,0,8,85857
act_fn,756,0,8,20390
down_proj,756,0,8,117445
final_layernorm,756,0,8,176126
lm_head,756,0,8,715310
embedding,757,0,8,37625
input_layernorm,757,0,8,177834
q_proj,757,0,8,36245
k_proj,757,0,8,13291
v_proj,757,0,8,12737
rope,757,0,8,24257
attn,757,0,8,16404
o_proj,757,0,8,34252
post_layernorm,757,0,8,178313
gate_proj,757,0,8,85370
up_proj,757,0,8,84854
act_fn,757,0,8,20406
down_proj,757,0,8,116261
final_layernorm,757,0,8,177969
lm_head,757,0,8,708536
embedding,758,0,8,37685
input_layernorm,758,0,8,177871
q_proj,758,0,8,36428
k_proj,758,0,8,13366
v_proj,758,0,8,12808
rope,758,0,8,24466
attn,758,0,8,16373
o_proj,758,0,8,34426
post_layernorm,758,0,8,178532
gate_proj,758,0,8,85774
up_proj,758,0,8,85295
act_fn,758,0,8,20412
down_proj,758,0,8,116704
final_layernorm,758,0,8,178228
lm_head,758,0,8,711002
embedding,759,0,8,37887
input_layernorm,759,0,8,178255
q_proj,759,0,8,36631
k_proj,759,0,8,13433
v_proj,759,0,8,12883
rope,759,0,8,24506
attn,759,0,8,16278
o_proj,759,0,8,34566
post_layernorm,759,0,8,178877
gate_proj,759,0,8,86182
up_proj,759,0,8,85779
act_fn,759,0,8,20443
down_proj,759,0,8,117289
final_layernorm,759,0,8,178527
lm_head,759,0,8,714384
embedding,760,0,8,37590
input_layernorm,760,0,8,178346
q_proj,760,0,8,36334
k_proj,760,0,8,13317
v_proj,760,0,8,12773
rope,760,0,8,24770
attn,760,0,8,16119
o_proj,760,0,8,34322
post_layernorm,760,0,8,178535
gate_proj,760,0,8,85523
up_proj,760,0,8,85060
act_fn,760,0,8,20486
down_proj,760,0,8,116401
final_layernorm,760,0,8,178574
lm_head,760,0,8,709379
embedding,761,0,8,37675
input_layernorm,761,0,8,178942
q_proj,761,0,8,36528
k_proj,761,0,8,13390
v_proj,761,0,8,12858
rope,761,0,8,24557
attn,761,0,8,16396
o_proj,761,0,8,34480
post_layernorm,761,0,8,179280
gate_proj,761,0,8,85944
up_proj,761,0,8,85507
act_fn,761,0,8,20502
down_proj,761,0,8,116977
final_layernorm,761,0,8,179059
lm_head,761,0,8,712862
embedding,762,0,8,37970
input_layernorm,762,0,8,179068
q_proj,762,0,8,36716
k_proj,762,0,8,13450
v_proj,762,0,8,12886
rope,762,0,8,24745
attn,762,0,8,16353
o_proj,762,0,8,34632
post_layernorm,762,0,8,179458
gate_proj,762,0,8,86338
up_proj,762,0,8,85951
act_fn,762,0,8,20539
down_proj,762,0,8,117556
final_layernorm,762,0,8,179572
lm_head,762,0,8,715950
embedding,763,0,8,37972
input_layernorm,763,0,8,179089
q_proj,763,0,8,36681
k_proj,763,0,8,13457
v_proj,763,0,8,12894
rope,763,0,8,24715
attn,763,0,8,16390
o_proj,763,0,8,34606
post_layernorm,763,0,8,179761
gate_proj,763,0,8,86293
up_proj,763,0,8,85922
act_fn,763,0,8,20554
down_proj,763,0,8,117460
final_layernorm,763,0,8,179567
lm_head,763,0,8,715806
embedding,764,0,8,38144
input_layernorm,764,0,8,179185
q_proj,764,0,8,36641
k_proj,764,0,8,13425
v_proj,764,0,8,12874
rope,764,0,8,24999
attn,764,0,8,16393
o_proj,764,0,8,34564
post_layernorm,764,0,8,179935
gate_proj,764,0,8,86143
up_proj,764,0,8,85731
act_fn,764,0,8,20598
down_proj,764,0,8,117289
final_layernorm,764,0,8,179590
lm_head,764,0,8,714550
embedding,765,0,8,37900
input_layernorm,765,0,8,179426
q_proj,765,0,8,36564
k_proj,765,0,8,13415
v_proj,765,0,8,12862
rope,765,0,8,24777
attn,765,0,8,16267
o_proj,765,0,8,34509
post_layernorm,765,0,8,179931
gate_proj,765,0,8,86065
up_proj,765,0,8,85615
act_fn,765,0,8,20609
down_proj,765,0,8,117183
final_layernorm,765,0,8,179749
lm_head,765,0,8,714331
embedding,766,0,8,37822
input_layernorm,766,0,8,179594
q_proj,766,0,8,36437
k_proj,766,0,8,13368
v_proj,766,0,8,12832
rope,766,0,8,24788
attn,766,0,8,16243
o_proj,766,0,8,34425
post_layernorm,766,0,8,180269
gate_proj,766,0,8,85807
up_proj,766,0,8,85319
act_fn,766,0,8,20657
down_proj,766,0,8,116821
final_layernorm,766,0,8,180156
lm_head,766,0,8,711842
embedding,767,0,8,38049
input_layernorm,767,0,8,179622
q_proj,767,0,8,36642
k_proj,767,0,8,13442
v_proj,767,0,8,12901
rope,767,0,8,24791
attn,767,0,8,16294
o_proj,767,0,8,34563
post_layernorm,767,0,8,180580
gate_proj,767,0,8,86203
up_proj,767,0,8,85786
act_fn,767,0,8,20677
down_proj,767,0,8,117290
final_layernorm,767,0,8,180316
lm_head,767,0,8,714351
embedding,768,0,8,38490
input_layernorm,768,0,8,179837
q_proj,768,0,8,36754
k_proj,768,0,8,13499
v_proj,768,0,8,12940
rope,768,0,8,25165
attn,768,0,8,15814
o_proj,768,0,8,34687
post_layernorm,768,0,8,180235
gate_proj,768,0,8,86498
up_proj,768,0,8,86077
act_fn,768,0,8,20717
down_proj,768,0,8,117676
final_layernorm,768,0,8,180300
lm_head,768,0,8,716379
embedding,769,0,8,37888
input_layernorm,769,0,8,180283
q_proj,769,0,8,38331
k_proj,769,0,8,13432
v_proj,769,0,8,12891
rope,769,0,8,24826
attn,769,0,8,18193
o_proj,769,0,8,36093
post_layernorm,769,0,8,181160
gate_proj,769,0,8,108057
up_proj,769,0,8,107180
act_fn,769,0,8,19921
down_proj,769,0,8,126857
final_layernorm,769,0,8,180840
lm_head,769,0,8,885528
embedding,770,0,8,37669
input_layernorm,770,0,8,180344
q_proj,770,0,8,38211
k_proj,770,0,8,13393
v_proj,770,0,8,12840
rope,770,0,8,24895
attn,770,0,8,18506
o_proj,770,0,8,36006
post_layernorm,770,0,8,181181
gate_proj,770,0,8,107445
up_proj,770,0,8,106420
act_fn,770,0,8,19937
down_proj,770,0,8,126850
final_layernorm,770,0,8,181012
lm_head,770,0,8,885171
embedding,771,0,8,37730
input_layernorm,771,0,8,180822
q_proj,771,0,8,38307
k_proj,771,0,8,13380
v_proj,771,0,8,12835
rope,771,0,8,24800
attn,771,0,8,18217
o_proj,771,0,8,35996
post_layernorm,771,0,8,181020
gate_proj,771,0,8,107417
up_proj,771,0,8,106579
act_fn,771,0,8,19983
down_proj,771,0,8,126908
final_layernorm,771,0,8,181104
lm_head,771,0,8,884505
embedding,772,0,8,37651
input_layernorm,772,0,8,181047
q_proj,772,0,8,38342
k_proj,772,0,8,13395
v_proj,772,0,8,12858
rope,772,0,8,25119
attn,772,0,8,18479
o_proj,772,0,8,36153
post_layernorm,772,0,8,181681
gate_proj,772,0,8,107593
up_proj,772,0,8,106530
act_fn,772,0,8,19999
down_proj,772,0,8,127227
final_layernorm,772,0,8,181320
lm_head,772,0,8,884452
embedding,773,0,8,38222
input_layernorm,773,0,8,181234
q_proj,773,0,8,38326
k_proj,773,0,8,13421
v_proj,773,0,8,12885
rope,773,0,8,24869
attn,773,0,8,18573
o_proj,773,0,8,36193
post_layernorm,773,0,8,181677
gate_proj,773,0,8,107814
up_proj,773,0,8,107117
act_fn,773,0,8,20014
down_proj,773,0,8,127297
final_layernorm,773,0,8,181547
lm_head,773,0,8,887914
embedding,774,0,8,38048
input_layernorm,774,0,8,181493
q_proj,774,0,8,38312
k_proj,774,0,8,13403
v_proj,774,0,8,12881
rope,774,0,8,24951
attn,774,0,8,18296
o_proj,774,0,8,36115
post_layernorm,774,0,8,181802
gate_proj,774,0,8,107581
up_proj,774,0,8,106530
act_fn,774,0,8,20018
down_proj,774,0,8,127303
final_layernorm,774,0,8,181679
lm_head,774,0,8,887111
embedding,775,0,8,38388
input_layernorm,775,0,8,181408
q_proj,775,0,8,38404
k_proj,775,0,8,13452
v_proj,775,0,8,12896
rope,775,0,8,24943
attn,775,0,8,18189
o_proj,775,0,8,36249
post_layernorm,775,0,8,182165
gate_proj,775,0,8,107883
up_proj,775,0,8,107065
act_fn,775,0,8,20058
down_proj,775,0,8,127390
final_layernorm,775,0,8,181953
lm_head,775,0,8,887995
embedding,776,0,8,38189
input_layernorm,776,0,8,181810
q_proj,776,0,8,38302
k_proj,776,0,8,13424
v_proj,776,0,8,12903
rope,776,0,8,25247
attn,776,0,8,18554
o_proj,776,0,8,36152
post_layernorm,776,0,8,182190
gate_proj,776,0,8,107799
up_proj,776,0,8,106718
act_fn,776,0,8,20102
down_proj,776,0,8,127431
final_layernorm,776,0,8,182001
lm_head,776,0,8,886949
embedding,777,0,8,38480
input_layernorm,777,0,8,181899
q_proj,777,0,8,38283
k_proj,777,0,8,13409
v_proj,777,0,8,12874
rope,777,0,8,24927
attn,777,0,8,18375
o_proj,777,0,8,36214
post_layernorm,777,0,8,182692
gate_proj,777,0,8,107796
up_proj,777,0,8,107029
act_fn,777,0,8,20115
down_proj,777,0,8,127699
final_layernorm,777,0,8,182372
lm_head,777,0,8,886852
embedding,778,0,8,38736
input_layernorm,778,0,8,181818
q_proj,778,0,8,38265
k_proj,778,0,8,13437
v_proj,778,0,8,12894
rope,778,0,8,25056
attn,778,0,8,18746
o_proj,778,0,8,36164
post_layernorm,778,0,8,182560
gate_proj,778,0,8,107780
up_proj,778,0,8,106854
act_fn,778,0,8,20137
down_proj,778,0,8,127367
final_layernorm,778,0,8,182477
lm_head,778,0,8,886562
embedding,779,0,8,38604
input_layernorm,779,0,8,182540
q_proj,779,0,8,38533
k_proj,779,0,8,13487
v_proj,779,0,8,12947
rope,779,0,8,25083
attn,779,0,8,18651
o_proj,779,0,8,36434
post_layernorm,779,0,8,183160
gate_proj,779,0,8,108272
up_proj,779,0,8,107450
act_fn,779,0,8,20179
down_proj,779,0,8,128240
final_layernorm,779,0,8,182960
lm_head,779,0,8,889691
embedding,780,0,8,38315
input_layernorm,780,0,8,182212
q_proj,780,0,8,38253
k_proj,780,0,8,13366
v_proj,780,0,8,12822
rope,780,0,8,25249
attn,780,0,8,18291
o_proj,780,0,8,36210
post_layernorm,780,0,8,183182
gate_proj,780,0,8,107403
up_proj,780,0,8,106400
act_fn,780,0,8,20159
down_proj,780,0,8,127323
final_layernorm,780,0,8,183029
lm_head,780,0,8,884064
embedding,781,0,8,38290
input_layernorm,781,0,8,182341
q_proj,781,0,8,38368
k_proj,781,0,8,13439
v_proj,781,0,8,12892
rope,781,0,8,25054
attn,781,0,8,18677
o_proj,781,0,8,36305
post_layernorm,781,0,8,183295
gate_proj,781,0,8,107926
up_proj,781,0,8,107142
act_fn,781,0,8,20218
down_proj,781,0,8,127933
final_layernorm,781,0,8,183395
lm_head,781,0,8,887706
embedding,782,0,8,38805
input_layernorm,782,0,8,182850
q_proj,782,0,8,38506
k_proj,782,0,8,13465
v_proj,782,0,8,12907
rope,782,0,8,25204
attn,782,0,8,18442
o_proj,782,0,8,36344
post_layernorm,782,0,8,183819
gate_proj,782,0,8,107940
up_proj,782,0,8,106883
act_fn,782,0,8,20269
down_proj,782,0,8,128151
final_layernorm,782,0,8,183941
lm_head,782,0,8,889216
embedding,783,0,8,38616
input_layernorm,783,0,8,183536
q_proj,783,0,8,38481
k_proj,783,0,8,13465
v_proj,783,0,8,12905
rope,783,0,8,25094
attn,783,0,8,18508
o_proj,783,0,8,36368
post_layernorm,783,0,8,183977
gate_proj,783,0,8,107927
up_proj,783,0,8,107110
act_fn,783,0,8,20290
down_proj,783,0,8,128098
final_layernorm,783,0,8,183738
lm_head,783,0,8,887161
embedding,784,0,8,39023
input_layernorm,784,0,8,183307
q_proj,784,0,8,38502
k_proj,784,0,8,13521
v_proj,784,0,8,12958
rope,784,0,8,25498
attn,784,0,8,18636
o_proj,784,0,8,36440
post_layernorm,784,0,8,184085
gate_proj,784,0,8,108171
up_proj,784,0,8,107097
act_fn,784,0,8,20297
down_proj,784,0,8,128401
final_layernorm,784,0,8,183920
lm_head,784,0,8,890706
embedding,785,0,8,38626
input_layernorm,785,0,8,183521
q_proj,785,0,8,38431
k_proj,785,0,8,13442
v_proj,785,0,8,12882
rope,785,0,8,25148
attn,785,0,8,18668
o_proj,785,0,8,36379
post_layernorm,785,0,8,184502
gate_proj,785,0,8,108037
up_proj,785,0,8,107225
act_fn,785,0,8,20334
down_proj,785,0,8,128311
final_layernorm,785,0,8,184528
lm_head,785,0,8,887306
embedding,786,0,8,38720
input_layernorm,786,0,8,183827
q_proj,786,0,8,38496
k_proj,786,0,8,13482
v_proj,786,0,8,12942
rope,786,0,8,25326
attn,786,0,8,18837
o_proj,786,0,8,36424
post_layernorm,786,0,8,184569
gate_proj,786,0,8,108112
up_proj,786,0,8,107073
act_fn,786,0,8,20394
down_proj,786,0,8,128225
final_layernorm,786,0,8,184239
lm_head,786,0,8,890705
embedding,787,0,8,38950
input_layernorm,787,0,8,184103
q_proj,787,0,8,38568
k_proj,787,0,8,13488
v_proj,787,0,8,12926
rope,787,0,8,25241
attn,787,0,8,18742
o_proj,787,0,8,36456
post_layernorm,787,0,8,184873
gate_proj,787,0,8,108103
up_proj,787,0,8,107370
act_fn,787,0,8,20397
down_proj,787,0,8,128263
final_layernorm,787,0,8,184692
lm_head,787,0,8,890593
embedding,788,0,8,38863
input_layernorm,788,0,8,184033
q_proj,788,0,8,38459
k_proj,788,0,8,13461
v_proj,788,0,8,12914
rope,788,0,8,25412
attn,788,0,8,18562
o_proj,788,0,8,36437
post_layernorm,788,0,8,184786
gate_proj,788,0,8,107938
up_proj,788,0,8,106917
act_fn,788,0,8,20403
down_proj,788,0,8,128430
final_layernorm,788,0,8,184877
lm_head,788,0,8,889814
embedding,789,0,8,38889
input_layernorm,789,0,8,184510
q_proj,789,0,8,38617
k_proj,789,0,8,13532
v_proj,789,0,8,12976
rope,789,0,8,25203
attn,789,0,8,18563
o_proj,789,0,8,36570
post_layernorm,789,0,8,184963
gate_proj,789,0,8,108338
up_proj,789,0,8,107543
act_fn,789,0,8,20431
down_proj,789,0,8,128621
final_layernorm,789,0,8,185270
lm_head,789,0,8,891670
embedding,790,0,8,38476
input_layernorm,790,0,8,184407
q_proj,790,0,8,38439
k_proj,790,0,8,13425
v_proj,790,0,8,12876
rope,790,0,8,25249
attn,790,0,8,18618
o_proj,790,0,8,36422
post_layernorm,790,0,8,185479
gate_proj,790,0,8,107779
up_proj,790,0,8,106751
act_fn,790,0,8,20460
down_proj,790,0,8,128381
final_layernorm,790,0,8,185171
lm_head,790,0,8,886897
embedding,791,0,8,38806
input_layernorm,791,0,8,184839
q_proj,791,0,8,38553
k_proj,791,0,8,13482
v_proj,791,0,8,12924
rope,791,0,8,25214
attn,791,0,8,18701
o_proj,791,0,8,36537
post_layernorm,791,0,8,185523
gate_proj,791,0,8,108087
up_proj,791,0,8,107327
act_fn,791,0,8,20486
down_proj,791,0,8,128635
final_layernorm,791,0,8,185773
lm_head,791,0,8,889782
embedding,792,0,8,38985
input_layernorm,792,0,8,184597
q_proj,792,0,8,38703
k_proj,792,0,8,13520
v_proj,792,0,8,12961
rope,792,0,8,25563
attn,792,0,8,18897
o_proj,792,0,8,36645
post_layernorm,792,0,8,185308
gate_proj,792,0,8,108266
up_proj,792,0,8,107224
act_fn,792,0,8,20502
down_proj,792,0,8,129109
final_layernorm,792,0,8,185587
lm_head,792,0,8,891199
embedding,793,0,8,39021
input_layernorm,793,0,8,185160
q_proj,793,0,8,38546
k_proj,793,0,8,13491
v_proj,793,0,8,12934
rope,793,0,8,25244
attn,793,0,8,19029
o_proj,793,0,8,36513
post_layernorm,793,0,8,186177
gate_proj,793,0,8,108292
up_proj,793,0,8,107539
act_fn,793,0,8,20524
down_proj,793,0,8,128944
final_layernorm,793,0,8,186272
lm_head,793,0,8,889416
embedding,794,0,8,38998
input_layernorm,794,0,8,185166
q_proj,794,0,8,38487
k_proj,794,0,8,13462
v_proj,794,0,8,12905
rope,794,0,8,25270
attn,794,0,8,18798
o_proj,794,0,8,36507
post_layernorm,794,0,8,185785
gate_proj,794,0,8,107863
up_proj,794,0,8,106819
act_fn,794,0,8,20574
down_proj,794,0,8,128701
final_layernorm,794,0,8,186299
lm_head,794,0,8,887774
embedding,795,0,8,39317
input_layernorm,795,0,8,185705
q_proj,795,0,8,38463
k_proj,795,0,8,13427
v_proj,795,0,8,12881
rope,795,0,8,25162
attn,795,0,8,18483
o_proj,795,0,8,36464
post_layernorm,795,0,8,186324
gate_proj,795,0,8,107783
up_proj,795,0,8,107024
act_fn,795,0,8,20598
down_proj,795,0,8,128581
final_layernorm,795,0,8,186693
lm_head,795,0,8,886455
embedding,796,0,8,39245
input_layernorm,796,0,8,185599
q_proj,796,0,8,38390
k_proj,796,0,8,13395
v_proj,796,0,8,12856
rope,796,0,8,25431
attn,796,0,8,18888
o_proj,796,0,8,36506
post_layernorm,796,0,8,186348
gate_proj,796,0,8,107458
up_proj,796,0,8,106441
act_fn,796,0,8,20602
down_proj,796,0,8,128616
final_layernorm,796,0,8,186550
lm_head,796,0,8,883895
embedding,797,0,8,39654
input_layernorm,797,0,8,185927
q_proj,797,0,8,38560
k_proj,797,0,8,13472
v_proj,797,0,8,12917
rope,797,0,8,25252
attn,797,0,8,18900
o_proj,797,0,8,36518
post_layernorm,797,0,8,186530
gate_proj,797,0,8,108217
up_proj,797,0,8,107401
act_fn,797,0,8,20644
down_proj,797,0,8,128855
final_layernorm,797,0,8,186680
lm_head,797,0,8,889974
embedding,798,0,8,39407
input_layernorm,798,0,8,186205
q_proj,798,0,8,38587
k_proj,798,0,8,13450
v_proj,798,0,8,12901
rope,798,0,8,25381
attn,798,0,8,18853
o_proj,798,0,8,36647
post_layernorm,798,0,8,186969
gate_proj,798,0,8,107802
up_proj,798,0,8,106784
act_fn,798,0,8,20672
down_proj,798,0,8,128871
final_layernorm,798,0,8,187025
lm_head,798,0,8,887064
embedding,799,0,8,39538
input_layernorm,799,0,8,186330
q_proj,799,0,8,38642
k_proj,799,0,8,13488
v_proj,799,0,8,12925
rope,799,0,8,25322
attn,799,0,8,18502
o_proj,799,0,8,36581
post_layernorm,799,0,8,187077
gate_proj,799,0,8,108129
up_proj,799,0,8,107301
act_fn,799,0,8,20690
down_proj,799,0,8,128902
final_layernorm,799,0,8,187141
lm_head,799,0,8,888800
embedding,800,0,8,39446
input_layernorm,800,0,8,186352
q_proj,800,0,8,38753
k_proj,800,0,8,13525
v_proj,800,0,8,12963
rope,800,0,8,25681
attn,800,0,8,18491
o_proj,800,0,8,36714
post_layernorm,800,0,8,187221
gate_proj,800,0,8,108386
up_proj,800,0,8,107388
act_fn,800,0,8,20727
down_proj,800,0,8,129477
final_layernorm,800,0,8,187247
lm_head,800,0,8,892324
embedding,801,0,8,39954
input_layernorm,801,0,8,187016
q_proj,801,0,8,38902
k_proj,801,0,8,13565
v_proj,801,0,8,13037
rope,801,0,8,25503
attn,801,0,8,18725
o_proj,801,0,8,36833
post_layernorm,801,0,8,187628
gate_proj,801,0,8,108981
up_proj,801,0,8,108534
act_fn,801,0,8,21314
down_proj,801,0,8,129703
final_layernorm,801,0,8,187490
lm_head,801,0,8,894226
embedding,802,0,8,39850
input_layernorm,802,0,8,186937
q_proj,802,0,8,38951
k_proj,802,0,8,13566
v_proj,802,0,8,13019
rope,802,0,8,25629
attn,802,0,8,18672
o_proj,802,0,8,36891
post_layernorm,802,0,8,187807
gate_proj,802,0,8,109005
up_proj,802,0,8,108111
act_fn,802,0,8,21333
down_proj,802,0,8,130144
final_layernorm,802,0,8,187932
lm_head,802,0,8,894496
embedding,803,0,8,39811
input_layernorm,803,0,8,187334
q_proj,803,0,8,38905
k_proj,803,0,8,13580
v_proj,803,0,8,13022
rope,803,0,8,25571
attn,803,0,8,18592
o_proj,803,0,8,36869
post_layernorm,803,0,8,188120
gate_proj,803,0,8,109074
up_proj,803,0,8,108674
act_fn,803,0,8,21373
down_proj,803,0,8,130013
final_layernorm,803,0,8,187905
lm_head,803,0,8,894762
embedding,804,0,8,39788
input_layernorm,804,0,8,187489
q_proj,804,0,8,38878
k_proj,804,0,8,13532
v_proj,804,0,8,13000
rope,804,0,8,25799
attn,804,0,8,19219
o_proj,804,0,8,36882
post_layernorm,804,0,8,188172
gate_proj,804,0,8,108582
up_proj,804,0,8,107743
act_fn,804,0,8,21367
down_proj,804,0,8,129990
final_layernorm,804,0,8,188098
lm_head,804,0,8,891123
embedding,805,0,8,39769
input_layernorm,805,0,8,188218
q_proj,805,0,8,39044
k_proj,805,0,8,13584
v_proj,805,0,8,13049
rope,805,0,8,25609
attn,805,0,8,19169
o_proj,805,0,8,37032
post_layernorm,805,0,8,188777
gate_proj,805,0,8,109198
up_proj,805,0,8,108773
act_fn,805,0,8,21418
down_proj,805,0,8,131738
final_layernorm,805,0,8,188639
lm_head,805,0,8,895905
embedding,806,0,8,39631
input_layernorm,806,0,8,187768
q_proj,806,0,8,38948
k_proj,806,0,8,13575
v_proj,806,0,8,13019
rope,806,0,8,25657
attn,806,0,8,19264
o_proj,806,0,8,36898
post_layernorm,806,0,8,188728
gate_proj,806,0,8,108665
up_proj,806,0,8,108053
act_fn,806,0,8,21446
down_proj,806,0,8,131170
final_layernorm,806,0,8,188705
lm_head,806,0,8,890816
embedding,807,0,8,40100
input_layernorm,807,0,8,188350
q_proj,807,0,8,39029
k_proj,807,0,8,13621
v_proj,807,0,8,13078
rope,807,0,8,25564
attn,807,0,8,18835
o_proj,807,0,8,36953
post_layernorm,807,0,8,188761
gate_proj,807,0,8,109161
up_proj,807,0,8,108728
act_fn,807,0,8,21472
down_proj,807,0,8,131668
final_layernorm,807,0,8,188868
lm_head,807,0,8,895851
embedding,808,0,8,39932
input_layernorm,808,0,8,187886
q_proj,808,0,8,39151
k_proj,808,0,8,13642
v_proj,808,0,8,13096
rope,808,0,8,25988
attn,808,0,8,18897
o_proj,808,0,8,37060
post_layernorm,808,0,8,188598
gate_proj,808,0,8,109607
up_proj,808,0,8,108899
act_fn,808,0,8,21489
down_proj,808,0,8,132230
final_layernorm,808,0,8,188748
lm_head,808,0,8,899490
embedding,809,0,8,39895
input_layernorm,809,0,8,188371
q_proj,809,0,8,39219
k_proj,809,0,8,13644
v_proj,809,0,8,13109
rope,809,0,8,25745
attn,809,0,8,19219
o_proj,809,0,8,37175
post_layernorm,809,0,8,189130
gate_proj,809,0,8,109551
up_proj,809,0,8,109033
act_fn,809,0,8,21565
down_proj,809,0,8,132291
final_layernorm,809,0,8,189286
lm_head,809,0,8,898708
embedding,810,0,8,39772
input_layernorm,810,0,8,188542
q_proj,810,0,8,39098
k_proj,810,0,8,13587
v_proj,810,0,8,13037
rope,810,0,8,25742
attn,810,0,8,18810
o_proj,810,0,8,37047
post_layernorm,810,0,8,189344
gate_proj,810,0,8,109061
up_proj,810,0,8,108154
act_fn,810,0,8,21549
down_proj,810,0,8,131877
final_layernorm,810,0,8,189653
lm_head,810,0,8,894033
embedding,811,0,8,39789
input_layernorm,811,0,8,189094
q_proj,811,0,8,39165
k_proj,811,0,8,13628
v_proj,811,0,8,13086
rope,811,0,8,25714
attn,811,0,8,18959
o_proj,811,0,8,37097
post_layernorm,811,0,8,189731
gate_proj,811,0,8,109361
up_proj,811,0,8,108983
act_fn,811,0,8,21568
down_proj,811,0,8,132166
final_layernorm,811,0,8,189810
lm_head,811,0,8,897847
embedding,812,0,8,40056
input_layernorm,812,0,8,189222
q_proj,812,0,8,39233
k_proj,812,0,8,13669
v_proj,812,0,8,13128
rope,812,0,8,26046
attn,812,0,8,18947
o_proj,812,0,8,37129
post_layernorm,812,0,8,190006
gate_proj,812,0,8,109801
up_proj,812,0,8,108977
act_fn,812,0,8,21605
down_proj,812,0,8,132337
final_layernorm,812,0,8,190045
lm_head,812,0,8,899865
embedding,813,0,8,40104
input_layernorm,813,0,8,189405
q_proj,813,0,8,39281
k_proj,813,0,8,13670
v_proj,813,0,8,13124
rope,813,0,8,25861
attn,813,0,8,19148
o_proj,813,0,8,37179
post_layernorm,813,0,8,190226
gate_proj,813,0,8,109874
up_proj,813,0,8,109364
act_fn,813,0,8,21637
down_proj,813,0,8,132537
final_layernorm,813,0,8,190155
lm_head,813,0,8,900419
embedding,814,0,8,40419
input_layernorm,814,0,8,189319
q_proj,814,0,8,39168
k_proj,814,0,8,13616
v_proj,814,0,8,13078
rope,814,0,8,25934
attn,814,0,8,19001
o_proj,814,0,8,37156
post_layernorm,814,0,8,190234
gate_proj,814,0,8,109199
up_proj,814,0,8,108464
act_fn,814,0,8,21663
down_proj,814,0,8,132469
final_layernorm,814,0,8,190479
lm_head,814,0,8,896776
embedding,815,0,8,40485
input_layernorm,815,0,8,189720
q_proj,815,0,8,39179
k_proj,815,0,8,13616
v_proj,815,0,8,13086
rope,815,0,8,25840
attn,815,0,8,19121
o_proj,815,0,8,37097
post_layernorm,815,0,8,190130
gate_proj,815,0,8,109372
up_proj,815,0,8,108933
act_fn,815,0,8,21682
down_proj,815,0,8,132420
final_layernorm,815,0,8,190391
lm_head,815,0,8,896977
embedding,816,0,8,40747
input_layernorm,816,0,8,189226
q_proj,816,0,8,39294
k_proj,816,0,8,13672
v_proj,816,0,8,13141
rope,816,0,8,26201
attn,816,0,8,19006
o_proj,816,0,8,37215
post_layernorm,816,0,8,190297
gate_proj,816,0,8,109903
up_proj,816,0,8,108998
act_fn,816,0,8,21700
down_proj,816,0,8,132672
final_layernorm,816,0,8,190229
lm_head,816,0,8,901054
embedding,817,0,8,40730
input_layernorm,817,0,8,190179
q_proj,817,0,8,39228
k_proj,817,0,8,13659
v_proj,817,0,8,13126
rope,817,0,8,25955
attn,817,0,8,18929
o_proj,817,0,8,37200
post_layernorm,817,0,8,190932
gate_proj,817,0,8,109825
up_proj,817,0,8,109272
act_fn,817,0,8,21729
down_proj,817,0,8,132662
final_layernorm,817,0,8,190896
lm_head,817,0,8,898486
embedding,818,0,8,40934
input_layernorm,818,0,8,190406
q_proj,818,0,8,39333
k_proj,818,0,8,13658
v_proj,818,0,8,13119
rope,818,0,8,26049
attn,818,0,8,19060
o_proj,818,0,8,37237
post_layernorm,818,0,8,191281
gate_proj,818,0,8,109402
up_proj,818,0,8,108596
act_fn,818,0,8,21770
down_proj,818,0,8,132798
final_layernorm,818,0,8,190991
lm_head,818,0,8,899211
embedding,819,0,8,40907
input_layernorm,819,0,8,190717
q_proj,819,0,8,39216
k_proj,819,0,8,13667
v_proj,819,0,8,13125
rope,819,0,8,25989
attn,819,0,8,18942
o_proj,819,0,8,37188
post_layernorm,819,0,8,191669
gate_proj,819,0,8,109507
up_proj,819,0,8,109088
act_fn,819,0,8,21780
down_proj,819,0,8,132183
final_layernorm,819,0,8,191341
lm_head,819,0,8,898931
embedding,820,0,8,41103
input_layernorm,820,0,8,190709
q_proj,820,0,8,39211
k_proj,820,0,8,13624
v_proj,820,0,8,13092
rope,820,0,8,26224
attn,820,0,8,19098
o_proj,820,0,8,37142
post_layernorm,820,0,8,191614
gate_proj,820,0,8,109287
up_proj,820,0,8,108509
act_fn,820,0,8,21820
down_proj,820,0,8,132162
final_layernorm,820,0,8,191326
lm_head,820,0,8,896883
embedding,821,0,8,40930
input_layernorm,821,0,8,190981
q_proj,821,0,8,39397
k_proj,821,0,8,13653
v_proj,821,0,8,13113
rope,821,0,8,25980
attn,821,0,8,19043
o_proj,821,0,8,37260
post_layernorm,821,0,8,191756
gate_proj,821,0,8,109502
up_proj,821,0,8,109013
act_fn,821,0,8,21847
down_proj,821,0,8,132686
final_layernorm,821,0,8,191693
lm_head,821,0,8,896470
embedding,822,0,8,40808
input_layernorm,822,0,8,190891
q_proj,822,0,8,39238
k_proj,822,0,8,13589
v_proj,822,0,8,13051
rope,822,0,8,26065
attn,822,0,8,18424
o_proj,822,0,8,37116
post_layernorm,822,0,8,191947
gate_proj,822,0,8,108956
up_proj,822,0,8,108177
act_fn,822,0,8,21835
down_proj,822,0,8,132408
final_layernorm,822,0,8,191622
lm_head,822,0,8,893992
embedding,823,0,8,41301
input_layernorm,823,0,8,191247
q_proj,823,0,8,39460
k_proj,823,0,8,13669
v_proj,823,0,8,13137
rope,823,0,8,26089
attn,823,0,8,19007
o_proj,823,0,8,37342
post_layernorm,823,0,8,192171
gate_proj,823,0,8,109644
up_proj,823,0,8,109223
act_fn,823,0,8,21862
down_proj,823,0,8,133148
final_layernorm,823,0,8,192042
lm_head,823,0,8,899275
embedding,824,0,8,40997
input_layernorm,824,0,8,191067
q_proj,824,0,8,39232
k_proj,824,0,8,13621
v_proj,824,0,8,13080
rope,824,0,8,26355
attn,824,0,8,19015
o_proj,824,0,8,37196
post_layernorm,824,0,8,191835
gate_proj,824,0,8,109200
up_proj,824,0,8,108370
act_fn,824,0,8,21904
down_proj,824,0,8,132674
final_layernorm,824,0,8,191838
lm_head,824,0,8,895096
embedding,825,0,8,40897
input_layernorm,825,0,8,191960
q_proj,825,0,8,39351
k_proj,825,0,8,13608
v_proj,825,0,8,13078
rope,825,0,8,26032
attn,825,0,8,18903
o_proj,825,0,8,37310
post_layernorm,825,0,8,192453
gate_proj,825,0,8,109089
up_proj,825,0,8,108595
act_fn,825,0,8,21951
down_proj,825,0,8,132944
final_layernorm,825,0,8,192336
lm_head,825,0,8,896240
embedding,826,0,8,40717
input_layernorm,826,0,8,191686
q_proj,826,0,8,39330
k_proj,826,0,8,13627
v_proj,826,0,8,13096
rope,826,0,8,26191
attn,826,0,8,19134
o_proj,826,0,8,37291
post_layernorm,826,0,8,192534
gate_proj,826,0,8,109306
up_proj,826,0,8,108504
act_fn,826,0,8,21973
down_proj,826,0,8,132849
final_layernorm,826,0,8,192418
lm_head,826,0,8,896650
embedding,827,0,8,41464
input_layernorm,827,0,8,191895
q_proj,827,0,8,39554
k_proj,827,0,8,13708
v_proj,827,0,8,13172
rope,827,0,8,26189
attn,827,0,8,19045
o_proj,827,0,8,37427
post_layernorm,827,0,8,192763
gate_proj,827,0,8,109858
up_proj,827,0,8,109441
act_fn,827,0,8,21989
down_proj,827,0,8,133533
final_layernorm,827,0,8,192529
lm_head,827,0,8,900693
embedding,828,0,8,41137
input_layernorm,828,0,8,192149
q_proj,828,0,8,39605
k_proj,828,0,8,13696
v_proj,828,0,8,13159
rope,828,0,8,26531
attn,828,0,8,18420
o_proj,828,0,8,37477
post_layernorm,828,0,8,193103
gate_proj,828,0,8,109757
up_proj,828,0,8,108883
act_fn,828,0,8,22014
down_proj,828,0,8,133763
final_layernorm,828,0,8,192820
lm_head,828,0,8,901128
embedding,829,0,8,41009
input_layernorm,829,0,8,192386
q_proj,829,0,8,39396
k_proj,829,0,8,13659
v_proj,829,0,8,13133
rope,829,0,8,26163
attn,829,0,8,19307
o_proj,829,0,8,37251
post_layernorm,829,0,8,192979
gate_proj,829,0,8,109524
up_proj,829,0,8,108968
act_fn,829,0,8,22063
down_proj,829,0,8,132947
final_layernorm,829,0,8,192980
lm_head,829,0,8,897207
embedding,830,0,8,41009
input_layernorm,830,0,8,192244
q_proj,830,0,8,39366
k_proj,830,0,8,13602
v_proj,830,0,8,13104
rope,830,0,8,26280
attn,830,0,8,18688
o_proj,830,0,8,37189
post_layernorm,830,0,8,193342
gate_proj,830,0,8,109187
up_proj,830,0,8,108167
act_fn,830,0,8,22077
down_proj,830,0,8,132750
final_layernorm,830,0,8,193229
lm_head,830,0,8,896834
embedding,831,0,8,40942
input_layernorm,831,0,8,192922
q_proj,831,0,8,39656
k_proj,831,0,8,13702
v_proj,831,0,8,13161
rope,831,0,8,26267
attn,831,0,8,19128
o_proj,831,0,8,37452
post_layernorm,831,0,8,193599
gate_proj,831,0,8,109760
up_proj,831,0,8,109267
act_fn,831,0,8,22069
down_proj,831,0,8,133668
final_layernorm,831,0,8,193632
lm_head,831,0,8,901044
embedding,832,0,8,40873
input_layernorm,832,0,8,192286
q_proj,832,0,8,39443
k_proj,832,0,8,13609
v_proj,832,0,8,13073
rope,832,0,8,26510
attn,832,0,8,18469
o_proj,832,0,8,37312
post_layernorm,832,0,8,193163
gate_proj,832,0,8,108905
up_proj,832,0,8,108051
act_fn,832,0,8,22097
down_proj,832,0,8,133208
final_layernorm,832,0,8,193396
lm_head,832,0,8,895521
embedding,833,0,8,41280
input_layernorm,833,0,8,193222
q_proj,833,0,8,39719
k_proj,833,0,8,13718
v_proj,833,0,8,13186
rope,833,0,8,26358
attn,833,0,8,21598
o_proj,833,0,8,37589
post_layernorm,833,0,8,193871
gate_proj,833,0,8,110123
up_proj,833,0,8,109593
act_fn,833,0,8,22159
down_proj,833,0,8,133960
final_layernorm,833,0,8,193906
lm_head,833,0,8,902755
embedding,834,0,8,41241
input_layernorm,834,0,8,193163
q_proj,834,0,8,39482
k_proj,834,0,8,13663
v_proj,834,0,8,13143
rope,834,0,8,26417
attn,834,0,8,21370
o_proj,834,0,8,37400
post_layernorm,834,0,8,193736
gate_proj,834,0,8,109424
up_proj,834,0,8,108578
act_fn,834,0,8,22171
down_proj,834,0,8,133261
final_layernorm,834,0,8,194161
lm_head,834,0,8,898065
embedding,835,0,8,41372
input_layernorm,835,0,8,193551
q_proj,835,0,8,39720
k_proj,835,0,8,13701
v_proj,835,0,8,13167
rope,835,0,8,26363
attn,835,0,8,21725
o_proj,835,0,8,37641
post_layernorm,835,0,8,194184
gate_proj,835,0,8,109683
up_proj,835,0,8,109181
act_fn,835,0,8,22169
down_proj,835,0,8,134161
final_layernorm,835,0,8,194143
lm_head,835,0,8,900759
embedding,836,0,8,41392
input_layernorm,836,0,8,193783
q_proj,836,0,8,39618
k_proj,836,0,8,13694
v_proj,836,0,8,13175
rope,836,0,8,26700
attn,836,0,8,21274
o_proj,836,0,8,37555
post_layernorm,836,0,8,194254
gate_proj,836,0,8,109843
up_proj,836,0,8,108916
act_fn,836,0,8,22235
down_proj,836,0,8,133976
final_layernorm,836,0,8,194665
lm_head,836,0,8,901377
embedding,837,0,8,41505
input_layernorm,837,0,8,194049
q_proj,837,0,8,39724
k_proj,837,0,8,13703
v_proj,837,0,8,13182
rope,837,0,8,26437
attn,837,0,8,21532
o_proj,837,0,8,37623
post_layernorm,837,0,8,194483
gate_proj,837,0,8,109775
up_proj,837,0,8,109241
act_fn,837,0,8,22260
down_proj,837,0,8,133883
final_layernorm,837,0,8,194356
lm_head,837,0,8,900267
embedding,838,0,8,41467
input_layernorm,838,0,8,193794
q_proj,838,0,8,39587
k_proj,838,0,8,13644
v_proj,838,0,8,13145
rope,838,0,8,26494
attn,838,0,8,21364
o_proj,838,0,8,37466
post_layernorm,838,0,8,194531
gate_proj,838,0,8,109287
up_proj,838,0,8,108466
act_fn,838,0,8,22264
down_proj,838,0,8,133598
final_layernorm,838,0,8,194766
lm_head,838,0,8,898016
embedding,839,0,8,41746
input_layernorm,839,0,8,194410
q_proj,839,0,8,39859
k_proj,839,0,8,13746
v_proj,839,0,8,13232
rope,839,0,8,26499
attn,839,0,8,21526
o_proj,839,0,8,37721
post_layernorm,839,0,8,195070
gate_proj,839,0,8,110053
up_proj,839,0,8,109545
act_fn,839,0,8,22292
down_proj,839,0,8,134396
final_layernorm,839,0,8,195475
lm_head,839,0,8,904873
embedding,840,0,8,41405
input_layernorm,840,0,8,193836
q_proj,840,0,8,39679
k_proj,840,0,8,13665
v_proj,840,0,8,13150
rope,840,0,8,26760
attn,840,0,8,21121
o_proj,840,0,8,37517
post_layernorm,840,0,8,195022
gate_proj,840,0,8,109476
up_proj,840,0,8,108685
act_fn,840,0,8,22303
down_proj,840,0,8,134090
final_layernorm,840,0,8,195153
lm_head,840,0,8,898600
embedding,841,0,8,42098
input_layernorm,841,0,8,195138
q_proj,841,0,8,39941
k_proj,841,0,8,13788
v_proj,841,0,8,13274
rope,841,0,8,26792
attn,841,0,8,21707
o_proj,841,0,8,37798
post_layernorm,841,0,8,195684
gate_proj,841,0,8,110350
up_proj,841,0,8,109872
act_fn,841,0,8,22316
down_proj,841,0,8,134756
final_layernorm,841,0,8,195758
lm_head,841,0,8,904462
embedding,842,0,8,41631
input_layernorm,842,0,8,194818
q_proj,842,0,8,39807
k_proj,842,0,8,13733
v_proj,842,0,8,13217
rope,842,0,8,26866
attn,842,0,8,21410
o_proj,842,0,8,37645
post_layernorm,842,0,8,195771
gate_proj,842,0,8,109938
up_proj,842,0,8,109299
act_fn,842,0,8,22383
down_proj,842,0,8,134474
final_layernorm,842,0,8,195892
lm_head,842,0,8,900904
embedding,843,0,8,41682
input_layernorm,843,0,8,195031
q_proj,843,0,8,39826
k_proj,843,0,8,13723
v_proj,843,0,8,13207
rope,843,0,8,26715
attn,843,0,8,21601
o_proj,843,0,8,37607
post_layernorm,843,0,8,195656
gate_proj,843,0,8,109779
up_proj,843,0,8,109236
act_fn,843,0,8,22432
down_proj,843,0,8,134154
final_layernorm,843,0,8,195819
lm_head,843,0,8,900926
embedding,844,0,8,42106
input_layernorm,844,0,8,195125
q_proj,844,0,8,39880
k_proj,844,0,8,13737
v_proj,844,0,8,13215
rope,844,0,8,27047
attn,844,0,8,21420
o_proj,844,0,8,37689
post_layernorm,844,0,8,195989
gate_proj,844,0,8,109963
up_proj,844,0,8,109073
act_fn,844,0,8,22409
down_proj,844,0,8,134502
final_layernorm,844,0,8,196304
lm_head,844,0,8,903344
embedding,845,0,8,41832
input_layernorm,845,0,8,195669
q_proj,845,0,8,39961
k_proj,845,0,8,13760
v_proj,845,0,8,13230
rope,845,0,8,26818
attn,845,0,8,21624
o_proj,845,0,8,37755
post_layernorm,845,0,8,196316
gate_proj,845,0,8,110328
up_proj,845,0,8,109763
act_fn,845,0,8,22439
down_proj,845,0,8,134697
final_layernorm,845,0,8,196422
lm_head,845,0,8,902283
embedding,846,0,8,42030
input_layernorm,846,0,8,195980
q_proj,846,0,8,39986
k_proj,846,0,8,13752
v_proj,846,0,8,13216
rope,846,0,8,26894
attn,846,0,8,21790
o_proj,846,0,8,37815
post_layernorm,846,0,8,196646
gate_proj,846,0,8,109882
up_proj,846,0,8,109217
act_fn,846,0,8,22447
down_proj,846,0,8,135163
final_layernorm,846,0,8,196558
lm_head,846,0,8,903419
embedding,847,0,8,42042
input_layernorm,847,0,8,195974
q_proj,847,0,8,40150
k_proj,847,0,8,13786
v_proj,847,0,8,13277
rope,847,0,8,26878
attn,847,0,8,21594
o_proj,847,0,8,37908
post_layernorm,847,0,8,197023
gate_proj,847,0,8,110437
up_proj,847,0,8,109898
act_fn,847,0,8,22505
down_proj,847,0,8,135754
final_layernorm,847,0,8,197102
lm_head,847,0,8,906968
embedding,848,0,8,41864
input_layernorm,848,0,8,195695
q_proj,848,0,8,39876
k_proj,848,0,8,13719
v_proj,848,0,8,13223
rope,848,0,8,27130
attn,848,0,8,21508
o_proj,848,0,8,37703
post_layernorm,848,0,8,196523
gate_proj,848,0,8,109787
up_proj,848,0,8,109067
act_fn,848,0,8,22521
down_proj,848,0,8,134880
final_layernorm,848,0,8,196706
lm_head,848,0,8,901515
embedding,849,0,8,42408
input_layernorm,849,0,8,197036
q_proj,849,0,8,40214
k_proj,849,0,8,13842
v_proj,849,0,8,13324
rope,849,0,8,27002
attn,849,0,8,21703
o_proj,849,0,8,38002
post_layernorm,849,0,8,197701
gate_proj,849,0,8,110911
up_proj,849,0,8,110373
act_fn,849,0,8,22549
down_proj,849,0,8,135856
final_layernorm,849,0,8,197429
lm_head,849,0,8,907351
embedding,850,0,8,41915
input_layernorm,850,0,8,196446
q_proj,850,0,8,39869
k_proj,850,0,8,13716
v_proj,850,0,8,13222
rope,850,0,8,26938
attn,850,0,8,21801
o_proj,850,0,8,37763
post_layernorm,850,0,8,197463
gate_proj,850,0,8,109846
up_proj,850,0,8,108814
act_fn,850,0,8,22557
down_proj,850,0,8,135071
final_layernorm,850,0,8,197571
lm_head,850,0,8,900415
embedding,851,0,8,42220
input_layernorm,851,0,8,197004
q_proj,851,0,8,40019
k_proj,851,0,8,13775
v_proj,851,0,8,13264
rope,851,0,8,26896
attn,851,0,8,21467
o_proj,851,0,8,37828
post_layernorm,851,0,8,197683
gate_proj,851,0,8,110194
up_proj,851,0,8,109657
act_fn,851,0,8,22600
down_proj,851,0,8,135250
final_layernorm,851,0,8,197779
lm_head,851,0,8,904425
embedding,852,0,8,41978
input_layernorm,852,0,8,196763
q_proj,852,0,8,40016
k_proj,852,0,8,13749
v_proj,852,0,8,13245
rope,852,0,8,27238
attn,852,0,8,21786
o_proj,852,0,8,37817
post_layernorm,852,0,8,197541
gate_proj,852,0,8,110078
up_proj,852,0,8,109116
act_fn,852,0,8,22650
down_proj,852,0,8,135328
final_layernorm,852,0,8,197697
lm_head,852,0,8,902558
embedding,853,0,8,42432
input_layernorm,853,0,8,197686
q_proj,853,0,8,40238
k_proj,853,0,8,13847
v_proj,853,0,8,13323
rope,853,0,8,27043
attn,853,0,8,21895
o_proj,853,0,8,37960
post_layernorm,853,0,8,198128
gate_proj,853,0,8,110722
up_proj,853,0,8,110288
act_fn,853,0,8,22667
down_proj,853,0,8,135991
final_layernorm,853,0,8,198510
lm_head,853,0,8,906769
embedding,854,0,8,42099
input_layernorm,854,0,8,197814
q_proj,854,0,8,40069
k_proj,854,0,8,13768
v_proj,854,0,8,13260
rope,854,0,8,27109
attn,854,0,8,21499
o_proj,854,0,8,37838
post_layernorm,854,0,8,197877
gate_proj,854,0,8,109858
up_proj,854,0,8,109034
act_fn,854,0,8,22716
down_proj,854,0,8,133111
final_layernorm,854,0,8,198135
lm_head,854,0,8,903737
embedding,855,0,8,42136
input_layernorm,855,0,8,197917
q_proj,855,0,8,40199
k_proj,855,0,8,13814
v_proj,855,0,8,13300
rope,855,0,8,27086
attn,855,0,8,21514
o_proj,855,0,8,37964
post_layernorm,855,0,8,198318
gate_proj,855,0,8,110498
up_proj,855,0,8,110068
act_fn,855,0,8,22784
down_proj,855,0,8,133621
final_layernorm,855,0,8,198219
lm_head,855,0,8,907210
embedding,856,0,8,42644
input_layernorm,856,0,8,197657
q_proj,856,0,8,40042
k_proj,856,0,8,13760
v_proj,856,0,8,13245
rope,856,0,8,27314
attn,856,0,8,21524
o_proj,856,0,8,37798
post_layernorm,856,0,8,197807
gate_proj,856,0,8,109997
up_proj,856,0,8,109240
act_fn,856,0,8,22773
down_proj,856,0,8,132849
final_layernorm,856,0,8,197947
lm_head,856,0,8,903856
embedding,857,0,8,42722
input_layernorm,857,0,8,198365
q_proj,857,0,8,40180
k_proj,857,0,8,13795
v_proj,857,0,8,13292
rope,857,0,8,27165
attn,857,0,8,21700
o_proj,857,0,8,37932
post_layernorm,857,0,8,198656
gate_proj,857,0,8,110276
up_proj,857,0,8,109707
act_fn,857,0,8,22786
down_proj,857,0,8,133467
final_layernorm,857,0,8,198731
lm_head,857,0,8,904595
embedding,858,0,8,42709
input_layernorm,858,0,8,198363
q_proj,858,0,8,40258
k_proj,858,0,8,13780
v_proj,858,0,8,13271
rope,858,0,8,27237
attn,858,0,8,21878
o_proj,858,0,8,37989
post_layernorm,858,0,8,198566
gate_proj,858,0,8,109983
up_proj,858,0,8,109225
act_fn,858,0,8,22847
down_proj,858,0,8,133394
final_layernorm,858,0,8,198885
lm_head,858,0,8,903207
embedding,859,0,8,43020
input_layernorm,859,0,8,198533
q_proj,859,0,8,40326
k_proj,859,0,8,13832
v_proj,859,0,8,13309
rope,859,0,8,27212
attn,859,0,8,21486
o_proj,859,0,8,38022
post_layernorm,859,0,8,198775
gate_proj,859,0,8,110531
up_proj,859,0,8,110057
act_fn,859,0,8,22893
down_proj,859,0,8,133747
final_layernorm,859,0,8,199101
lm_head,859,0,8,908252
embedding,860,0,8,43101
input_layernorm,860,0,8,198853
q_proj,860,0,8,40317
k_proj,860,0,8,13821
v_proj,860,0,8,13281
rope,860,0,8,27383
attn,860,0,8,21805
o_proj,860,0,8,38006
post_layernorm,860,0,8,199137
gate_proj,860,0,8,110416
up_proj,860,0,8,109423
act_fn,860,0,8,22907
down_proj,860,0,8,133619
final_layernorm,860,0,8,199366
lm_head,860,0,8,905785
embedding,861,0,8,42993
input_layernorm,861,0,8,199185
q_proj,861,0,8,40258
k_proj,861,0,8,13851
v_proj,861,0,8,13316
rope,861,0,8,27233
attn,861,0,8,22087
o_proj,861,0,8,37989
post_layernorm,861,0,8,199374
gate_proj,861,0,8,110467
up_proj,861,0,8,109897
act_fn,861,0,8,22897
down_proj,861,0,8,133178
final_layernorm,861,0,8,199607
lm_head,861,0,8,904022
embedding,862,0,8,42993
input_layernorm,862,0,8,199283
q_proj,862,0,8,40254
k_proj,862,0,8,13808
v_proj,862,0,8,13267
rope,862,0,8,27228
attn,862,0,8,21566
o_proj,862,0,8,37955
post_layernorm,862,0,8,199727
gate_proj,862,0,8,110170
up_proj,862,0,8,109331
act_fn,862,0,8,22911
down_proj,862,0,8,133320
final_layernorm,862,0,8,199896
lm_head,862,0,8,902939
embedding,863,0,8,43067
input_layernorm,863,0,8,199273
q_proj,863,0,8,40285
k_proj,863,0,8,13777
v_proj,863,0,8,13256
rope,863,0,8,27181
attn,863,0,8,21676
o_proj,863,0,8,37919
post_layernorm,863,0,8,199694
gate_proj,863,0,8,109960
up_proj,863,0,8,109336
act_fn,863,0,8,22926
down_proj,863,0,8,133417
final_layernorm,863,0,8,199769
lm_head,863,0,8,902850
embedding,864,0,8,43268
input_layernorm,864,0,8,199026
q_proj,864,0,8,40401
k_proj,864,0,8,13861
v_proj,864,0,8,13328
rope,864,0,8,27506
attn,864,0,8,22076
o_proj,864,0,8,37992
post_layernorm,864,0,8,199421
gate_proj,864,0,8,110722
up_proj,864,0,8,109897
act_fn,864,0,8,22974
down_proj,864,0,8,133542
final_layernorm,864,0,8,199521
lm_head,864,0,8,906609
embedding,865,0,8,43330
input_layernorm,865,0,8,200280
q_proj,865,0,8,41191
k_proj,865,0,8,13858
v_proj,865,0,8,13312
rope,865,0,8,27278
attn,865,0,8,21701
o_proj,865,0,8,37386
post_layernorm,865,0,8,200343
gate_proj,865,0,8,110384
up_proj,865,0,8,109836
act_fn,865,0,8,23007
down_proj,865,0,8,132081
final_layernorm,865,0,8,200364
lm_head,865,0,8,903334
embedding,866,0,8,43299
input_layernorm,866,0,8,200323
q_proj,866,0,8,41363
k_proj,866,0,8,13951
v_proj,866,0,8,13413
rope,866,0,8,27424
attn,866,0,8,22179
o_proj,866,0,8,37462
post_layernorm,866,0,8,200700
gate_proj,866,0,8,111042
up_proj,866,0,8,110352
act_fn,866,0,8,23056
down_proj,866,0,8,132050
final_layernorm,866,0,8,200828
lm_head,866,0,8,909989
embedding,867,0,8,43252
input_layernorm,867,0,8,200479
q_proj,867,0,8,41390
k_proj,867,0,8,13914
v_proj,867,0,8,13384
rope,867,0,8,27369
attn,867,0,8,21912
o_proj,867,0,8,37556
post_layernorm,867,0,8,201205
gate_proj,867,0,8,110700
up_proj,867,0,8,110193
act_fn,867,0,8,23079
down_proj,867,0,8,132761
final_layernorm,867,0,8,201464
lm_head,867,0,8,909073
embedding,868,0,8,43405
input_layernorm,868,0,8,200604
q_proj,868,0,8,41317
k_proj,868,0,8,13903
v_proj,868,0,8,13363
rope,868,0,8,27576
attn,868,0,8,21746
o_proj,868,0,8,37453
post_layernorm,868,0,8,200851
gate_proj,868,0,8,110877
up_proj,868,0,8,110066
act_fn,868,0,8,23094
down_proj,868,0,8,132197
final_layernorm,868,0,8,200873
lm_head,868,0,8,909532
embedding,869,0,8,43165
input_layernorm,869,0,8,200798
q_proj,869,0,8,41306
k_proj,869,0,8,13885
v_proj,869,0,8,13372
rope,869,0,8,27349
attn,869,0,8,21969
o_proj,869,0,8,37470
post_layernorm,869,0,8,200855
gate_proj,869,0,8,110708
up_proj,869,0,8,110101
act_fn,869,0,8,23121
down_proj,869,0,8,132375
final_layernorm,869,0,8,201225
lm_head,869,0,8,906871
embedding,870,0,8,43419
input_layernorm,870,0,8,201137
q_proj,870,0,8,41539
k_proj,870,0,8,13936
v_proj,870,0,8,13420
rope,870,0,8,27502
attn,870,0,8,22147
o_proj,870,0,8,37664
post_layernorm,870,0,8,201513
gate_proj,870,0,8,110871
up_proj,870,0,8,110165
act_fn,870,0,8,23150
down_proj,870,0,8,133040
final_layernorm,870,0,8,201595
lm_head,870,0,8,910923
embedding,871,0,8,43012
input_layernorm,871,0,8,201108
q_proj,871,0,8,41251
k_proj,871,0,8,13833
v_proj,871,0,8,13320
rope,871,0,8,27322
attn,871,0,8,21881
o_proj,871,0,8,37381
post_layernorm,871,0,8,201306
gate_proj,871,0,8,110108
up_proj,871,0,8,109543
act_fn,871,0,8,23152
down_proj,871,0,8,132044
final_layernorm,871,0,8,201507
lm_head,871,0,8,905209
embedding,872,0,8,43294
input_layernorm,872,0,8,201363
q_proj,872,0,8,41435
k_proj,872,0,8,13917
v_proj,872,0,8,13369
rope,872,0,8,27664
attn,872,0,8,21784
o_proj,872,0,8,37567
post_layernorm,872,0,8,201796
gate_proj,872,0,8,110748
up_proj,872,0,8,110168
act_fn,872,0,8,23177
down_proj,872,0,8,132566
final_layernorm,872,0,8,201777
lm_head,872,0,8,909381
embedding,873,0,8,43153
input_layernorm,873,0,8,201974
q_proj,873,0,8,41342
k_proj,873,0,8,13904
v_proj,873,0,8,13384
rope,873,0,8,27451
attn,873,0,8,21685
o_proj,873,0,8,37478
post_layernorm,873,0,8,202096
gate_proj,873,0,8,110750
up_proj,873,0,8,110253
act_fn,873,0,8,23231
down_proj,873,0,8,132170
final_layernorm,873,0,8,202091
lm_head,873,0,8,909415
embedding,874,0,8,43563
input_layernorm,874,0,8,201976
q_proj,874,0,8,41623
k_proj,874,0,8,14010
v_proj,874,0,8,13467
rope,874,0,8,27625
attn,874,0,8,22048
o_proj,874,0,8,37750
post_layernorm,874,0,8,202270
gate_proj,874,0,8,111447
up_proj,874,0,8,110729
act_fn,874,0,8,23209
down_proj,874,0,8,133077
final_layernorm,874,0,8,202318
lm_head,874,0,8,913617
embedding,875,0,8,43213
input_layernorm,875,0,8,202086
q_proj,875,0,8,41339
k_proj,875,0,8,13884
v_proj,875,0,8,13364
rope,875,0,8,27422
attn,875,0,8,21928
o_proj,875,0,8,37476
post_layernorm,875,0,8,202190
gate_proj,875,0,8,110512
up_proj,875,0,8,110018
act_fn,875,0,8,23319
down_proj,875,0,8,132271
final_layernorm,875,0,8,202299
lm_head,875,0,8,908720
embedding,876,0,8,43555
input_layernorm,876,0,8,202423
q_proj,876,0,8,41694
k_proj,876,0,8,14034
v_proj,876,0,8,13489
rope,876,0,8,27862
attn,876,0,8,21881
o_proj,876,0,8,37787
post_layernorm,876,0,8,202966
gate_proj,876,0,8,111663
up_proj,876,0,8,110689
act_fn,876,0,8,23327
down_proj,876,0,8,133367
final_layernorm,876,0,8,202650
lm_head,876,0,8,914472
embedding,877,0,8,43740
input_layernorm,877,0,8,202621
q_proj,877,0,8,41630
k_proj,877,0,8,13950
v_proj,877,0,8,13427
rope,877,0,8,27511
attn,877,0,8,22155
o_proj,877,0,8,37664
post_layernorm,877,0,8,202791
gate_proj,877,0,8,111064
up_proj,877,0,8,110531
act_fn,877,0,8,23319
down_proj,877,0,8,133007
final_layernorm,877,0,8,202709
lm_head,877,0,8,911957
embedding,878,0,8,43682
input_layernorm,878,0,8,202414
q_proj,878,0,8,41669
k_proj,878,0,8,13947
v_proj,878,0,8,13425
rope,878,0,8,27601
attn,878,0,8,22294
o_proj,878,0,8,37738
post_layernorm,878,0,8,203293
gate_proj,878,0,8,111100
up_proj,878,0,8,110182
act_fn,878,0,8,23344
down_proj,878,0,8,134769
final_layernorm,878,0,8,202868
lm_head,878,0,8,913090
embedding,879,0,8,43778
input_layernorm,879,0,8,202518
q_proj,879,0,8,41559
k_proj,879,0,8,13899
v_proj,879,0,8,13402
rope,879,0,8,27477
attn,879,0,8,21894
o_proj,879,0,8,37587
post_layernorm,879,0,8,203178
gate_proj,879,0,8,110540
up_proj,879,0,8,110049
act_fn,879,0,8,23403
down_proj,879,0,8,134267
final_layernorm,879,0,8,202980
lm_head,879,0,8,908387
embedding,880,0,8,43915
input_layernorm,880,0,8,202996
q_proj,880,0,8,41581
k_proj,880,0,8,14006
v_proj,880,0,8,13481
rope,880,0,8,27880
attn,880,0,8,22116
o_proj,880,0,8,37796
post_layernorm,880,0,8,203952
gate_proj,880,0,8,111483
up_proj,880,0,8,110544
act_fn,880,0,8,23392
down_proj,880,0,8,134978
final_layernorm,880,0,8,203341
lm_head,880,0,8,912551
embedding,881,0,8,43756
input_layernorm,881,0,8,203394
q_proj,881,0,8,41287
k_proj,881,0,8,13897
v_proj,881,0,8,13381
rope,881,0,8,27507
attn,881,0,8,21912
o_proj,881,0,8,37518
post_layernorm,881,0,8,203702
gate_proj,881,0,8,110658
up_proj,881,0,8,110115
act_fn,881,0,8,23419
down_proj,881,0,8,133935
final_layernorm,881,0,8,203597
lm_head,881,0,8,906639
embedding,882,0,8,44447
input_layernorm,882,0,8,203422
q_proj,882,0,8,41692
k_proj,882,0,8,14073
v_proj,882,0,8,13546
rope,882,0,8,27788
attn,882,0,8,22561
o_proj,882,0,8,37921
post_layernorm,882,0,8,203936
gate_proj,882,0,8,111952
up_proj,882,0,8,111091
act_fn,882,0,8,23496
down_proj,882,0,8,135216
final_layernorm,882,0,8,204062
lm_head,882,0,8,916905
embedding,883,0,8,44286
input_layernorm,883,0,8,203901
q_proj,883,0,8,41747
k_proj,883,0,8,14010
v_proj,883,0,8,13505
rope,883,0,8,27692
attn,883,0,8,22257
o_proj,883,0,8,37898
post_layernorm,883,0,8,204341
gate_proj,883,0,8,111350
up_proj,883,0,8,110785
act_fn,883,0,8,23479
down_proj,883,0,8,135113
final_layernorm,883,0,8,204391
lm_head,883,0,8,911993
embedding,884,0,8,44237
input_layernorm,884,0,8,203782
q_proj,884,0,8,41489
k_proj,884,0,8,13997
v_proj,884,0,8,13477
rope,884,0,8,27891
attn,884,0,8,21843
o_proj,884,0,8,37725
post_layernorm,884,0,8,204078
gate_proj,884,0,8,111295
up_proj,884,0,8,110766
act_fn,884,0,8,23501
down_proj,884,0,8,134604
final_layernorm,884,0,8,204373
lm_head,884,0,8,913495
embedding,885,0,8,44280
input_layernorm,885,0,8,204828
q_proj,885,0,8,41616
k_proj,885,0,8,13949
v_proj,885,0,8,13439
rope,885,0,8,27635
attn,885,0,8,21839
o_proj,885,0,8,37738
post_layernorm,885,0,8,205101
gate_proj,885,0,8,110896
up_proj,885,0,8,110330
act_fn,885,0,8,23521
down_proj,885,0,8,134853
final_layernorm,885,0,8,204851
lm_head,885,0,8,911584
embedding,886,0,8,44126
input_layernorm,886,0,8,204438
q_proj,886,0,8,41617
k_proj,886,0,8,14028
v_proj,886,0,8,13490
rope,886,0,8,27793
attn,886,0,8,21856
o_proj,886,0,8,37785
post_layernorm,886,0,8,204795
gate_proj,886,0,8,111448
up_proj,886,0,8,110655
act_fn,886,0,8,23570
down_proj,886,0,8,134719
final_layernorm,886,0,8,204765
lm_head,886,0,8,912782
embedding,887,0,8,44308
input_layernorm,887,0,8,204658
q_proj,887,0,8,41582
k_proj,887,0,8,13948
v_proj,887,0,8,13430
rope,887,0,8,27717
attn,887,0,8,21972
o_proj,887,0,8,37729
post_layernorm,887,0,8,204996
gate_proj,887,0,8,110955
up_proj,887,0,8,110388
act_fn,887,0,8,23559
down_proj,887,0,8,134515
final_layernorm,887,0,8,205070
lm_head,887,0,8,909950
embedding,888,0,8,44324
input_layernorm,888,0,8,204119
q_proj,888,0,8,41554
k_proj,888,0,8,13973
v_proj,888,0,8,13455
rope,888,0,8,27871
attn,888,0,8,21801
o_proj,888,0,8,37770
post_layernorm,888,0,8,204891
gate_proj,888,0,8,111336
up_proj,888,0,8,110290
act_fn,888,0,8,23605
down_proj,888,0,8,134872
final_layernorm,888,0,8,204704
lm_head,888,0,8,911666
embedding,889,0,8,44082
input_layernorm,889,0,8,205198
q_proj,889,0,8,41619
k_proj,889,0,8,13953
v_proj,889,0,8,13452
rope,889,0,8,27731
attn,889,0,8,22204
o_proj,889,0,8,37686
post_layernorm,889,0,8,205324
gate_proj,889,0,8,110944
up_proj,889,0,8,110384
act_fn,889,0,8,23635
down_proj,889,0,8,134566
final_layernorm,889,0,8,205150
lm_head,889,0,8,909527
embedding,890,0,8,44335
input_layernorm,890,0,8,204929
q_proj,890,0,8,41582
k_proj,890,0,8,13988
v_proj,890,0,8,13495
rope,890,0,8,27789
attn,890,0,8,21602
o_proj,890,0,8,37814
post_layernorm,890,0,8,205363
gate_proj,890,0,8,111335
up_proj,890,0,8,110487
act_fn,890,0,8,23689
down_proj,890,0,8,134740
final_layernorm,890,0,8,205552
lm_head,890,0,8,911590
embedding,891,0,8,44150
input_layernorm,891,0,8,205529
q_proj,891,0,8,41713
k_proj,891,0,8,13994
v_proj,891,0,8,13482
rope,891,0,8,27778
attn,891,0,8,21921
o_proj,891,0,8,37785
post_layernorm,891,0,8,205530
gate_proj,891,0,8,111075
up_proj,891,0,8,110596
act_fn,891,0,8,23686
down_proj,891,0,8,134869
final_layernorm,891,0,8,205684
lm_head,891,0,8,911041
embedding,892,0,8,44627
input_layernorm,892,0,8,205507
q_proj,892,0,8,41909
k_proj,892,0,8,14070
v_proj,892,0,8,13541
rope,892,0,8,28092
attn,892,0,8,21932
o_proj,892,0,8,38060
post_layernorm,892,0,8,205522
gate_proj,892,0,8,111925
up_proj,892,0,8,110938
act_fn,892,0,8,23681
down_proj,892,0,8,135444
final_layernorm,892,0,8,205638
lm_head,892,0,8,915262
embedding,893,0,8,44535
input_layernorm,893,0,8,205586
q_proj,893,0,8,42051
k_proj,893,0,8,14077
v_proj,893,0,8,13551
rope,893,0,8,27929
attn,893,0,8,22438
o_proj,893,0,8,38101
post_layernorm,893,0,8,205886
gate_proj,893,0,8,112101
up_proj,893,0,8,111643
act_fn,893,0,8,23732
down_proj,893,0,8,135931
final_layernorm,893,0,8,206027
lm_head,893,0,8,919742
embedding,894,0,8,44212
input_layernorm,894,0,8,205966
q_proj,894,0,8,41703
k_proj,894,0,8,14008
v_proj,894,0,8,13494
rope,894,0,8,27921
attn,894,0,8,21898
o_proj,894,0,8,37925
post_layernorm,894,0,8,206619
gate_proj,894,0,8,111407
up_proj,894,0,8,110498
act_fn,894,0,8,23748
down_proj,894,0,8,135139
final_layernorm,894,0,8,206585
lm_head,894,0,8,913167
embedding,895,0,8,44419
input_layernorm,895,0,8,205850
q_proj,895,0,8,41813
k_proj,895,0,8,14010
v_proj,895,0,8,13505
rope,895,0,8,27839
attn,895,0,8,21669
o_proj,895,0,8,37920
post_layernorm,895,0,8,206129
gate_proj,895,0,8,111191
up_proj,895,0,8,110684
act_fn,895,0,8,23812
down_proj,895,0,8,135248
final_layernorm,895,0,8,206558
lm_head,895,0,8,913334
embedding,896,0,8,44341
input_layernorm,896,0,8,205934
q_proj,896,0,8,41859
k_proj,896,0,8,14018
v_proj,896,0,8,13522
rope,896,0,8,28151
attn,896,0,8,22137
o_proj,896,0,8,37976
post_layernorm,896,0,8,206007
gate_proj,896,0,8,111560
up_proj,896,0,8,110586
act_fn,896,0,8,23846
down_proj,896,0,8,135609
final_layernorm,896,0,8,206264
lm_head,896,0,8,915694
embedding,897,0,8,44212
input_layernorm,897,0,8,205851
q_proj,897,0,8,41477
k_proj,897,0,8,17215
v_proj,897,0,8,16807
rope,897,0,8,27665
attn,897,0,8,22832
o_proj,897,0,8,37602
post_layernorm,897,0,8,206286
gate_proj,897,0,8,129984
up_proj,897,0,8,129531
act_fn,897,0,8,23267
down_proj,897,0,8,149006
final_layernorm,897,0,8,206519
lm_head,897,0,8,905456
embedding,898,0,8,44251
input_layernorm,898,0,8,205820
q_proj,898,0,8,41252
k_proj,898,0,8,19631
v_proj,898,0,8,19160
rope,898,0,8,27795
attn,898,0,8,22774
o_proj,898,0,8,37457
post_layernorm,898,0,8,206402
gate_proj,898,0,8,129533
up_proj,898,0,8,129048
act_fn,898,0,8,23275
down_proj,898,0,8,148565
final_layernorm,898,0,8,206625
lm_head,898,0,8,902945
embedding,899,0,8,44734
input_layernorm,899,0,8,206331
q_proj,899,0,8,41322
k_proj,899,0,8,19638
v_proj,899,0,8,19175
rope,899,0,8,27833
attn,899,0,8,22986
o_proj,899,0,8,37501
post_layernorm,899,0,8,206433
gate_proj,899,0,8,129458
up_proj,899,0,8,128999
act_fn,899,0,8,23327
down_proj,899,0,8,148474
final_layernorm,899,0,8,206775
lm_head,899,0,8,901973
embedding,900,0,8,44409
input_layernorm,900,0,8,206698
q_proj,900,0,8,41463
k_proj,900,0,8,19689
v_proj,900,0,8,19218
rope,900,0,8,28090
attn,900,0,8,22754
o_proj,900,0,8,37666
post_layernorm,900,0,8,207306
gate_proj,900,0,8,129839
up_proj,900,0,8,129345
act_fn,900,0,8,23356
down_proj,900,0,8,148849
final_layernorm,900,0,8,207433
lm_head,900,0,8,906109
embedding,901,0,8,45013
input_layernorm,901,0,8,206938
q_proj,901,0,8,41555
k_proj,901,0,8,19730
v_proj,901,0,8,19259
rope,901,0,8,27980
attn,901,0,8,22362
o_proj,901,0,8,37714
post_layernorm,901,0,8,207180
gate_proj,901,0,8,130101
up_proj,901,0,8,129532
act_fn,901,0,8,23366
down_proj,901,0,8,149115
final_layernorm,901,0,8,207348
lm_head,901,0,8,906277
embedding,902,0,8,44723
input_layernorm,902,0,8,207050
q_proj,902,0,8,41617
k_proj,902,0,8,19699
v_proj,902,0,8,19206
rope,902,0,8,27991
attn,902,0,8,22495
o_proj,902,0,8,37733
post_layernorm,902,0,8,207465
gate_proj,902,0,8,129923
up_proj,902,0,8,129452
act_fn,902,0,8,23385
down_proj,902,0,8,149064
final_layernorm,902,0,8,207612
lm_head,902,0,8,906519
embedding,903,0,8,44882
input_layernorm,903,0,8,207601
q_proj,903,0,8,41529
k_proj,903,0,8,19714
v_proj,903,0,8,19222
rope,903,0,8,27906
attn,903,0,8,22699
o_proj,903,0,8,37593
post_layernorm,903,0,8,207639
gate_proj,903,0,8,129482
up_proj,903,0,8,129066
act_fn,903,0,8,23402
down_proj,903,0,8,148525
final_layernorm,903,0,8,208001
lm_head,903,0,8,900397
embedding,904,0,8,44664
input_layernorm,904,0,8,207252
q_proj,904,0,8,41411
k_proj,904,0,8,19671
v_proj,904,0,8,19187
rope,904,0,8,28146
attn,904,0,8,22630
o_proj,904,0,8,37531
post_layernorm,904,0,8,207703
gate_proj,904,0,8,129487
up_proj,904,0,8,129029
act_fn,904,0,8,23453
down_proj,904,0,8,148471
final_layernorm,904,0,8,207612
lm_head,904,0,8,902015
embedding,905,0,8,44745
input_layernorm,905,0,8,207656
q_proj,905,0,8,41437
k_proj,905,0,8,19645
v_proj,905,0,8,19148
rope,905,0,8,27868
attn,905,0,8,22850
o_proj,905,0,8,37529
post_layernorm,905,0,8,208068
gate_proj,905,0,8,129238
up_proj,905,0,8,128756
act_fn,905,0,8,23482
down_proj,905,0,8,148186
final_layernorm,905,0,8,208005
lm_head,905,0,8,900804
embedding,906,0,8,45202
input_layernorm,906,0,8,207952
q_proj,906,0,8,41488
k_proj,906,0,8,19755
v_proj,906,0,8,19247
rope,906,0,8,28053
attn,906,0,8,22828
o_proj,906,0,8,37666
post_layernorm,906,0,8,208532
gate_proj,906,0,8,130032
up_proj,906,0,8,129552
act_fn,906,0,8,23478
down_proj,906,0,8,149119
final_layernorm,906,0,8,208447
lm_head,906,0,8,905456
embedding,907,0,8,45022
input_layernorm,907,0,8,208163
q_proj,907,0,8,41708
k_proj,907,0,8,19802
v_proj,907,0,8,19258
rope,907,0,8,28069
attn,907,0,8,22949
o_proj,907,0,8,37769
post_layernorm,907,0,8,208641
gate_proj,907,0,8,130191
up_proj,907,0,8,129759
act_fn,907,0,8,23517
down_proj,907,0,8,149310
final_layernorm,907,0,8,208439
lm_head,907,0,8,907474
embedding,908,0,8,45060
input_layernorm,908,0,8,208386
q_proj,908,0,8,41448
k_proj,908,0,8,19726
v_proj,908,0,8,19177
rope,908,0,8,28209
attn,908,0,8,22639
o_proj,908,0,8,37684
post_layernorm,908,0,8,208805
gate_proj,908,0,8,129793
up_proj,908,0,8,129323
act_fn,908,0,8,23578
down_proj,908,0,8,148842
final_layernorm,908,0,8,208623
lm_head,908,0,8,904417
embedding,909,0,8,44797
input_layernorm,909,0,8,208377
q_proj,909,0,8,41498
k_proj,909,0,8,19684
v_proj,909,0,8,19180
rope,909,0,8,27974
attn,909,0,8,22604
o_proj,909,0,8,37645
post_layernorm,909,0,8,208858
gate_proj,909,0,8,129475
up_proj,909,0,8,128992
act_fn,909,0,8,23560
down_proj,909,0,8,148442
final_layernorm,909,0,8,208628
lm_head,909,0,8,902287
embedding,910,0,8,44844
input_layernorm,910,0,8,208756
q_proj,910,0,8,41573
k_proj,910,0,8,19779
v_proj,910,0,8,19251
rope,910,0,8,28141
attn,910,0,8,22685
o_proj,910,0,8,37758
post_layernorm,910,0,8,209425
gate_proj,910,0,8,129999
up_proj,910,0,8,129517
act_fn,910,0,8,23653
down_proj,910,0,8,148986
final_layernorm,910,0,8,208788
lm_head,910,0,8,905181
embedding,911,0,8,44980
input_layernorm,911,0,8,208992
q_proj,911,0,8,41567
k_proj,911,0,8,19765
v_proj,911,0,8,19277
rope,911,0,8,28142
attn,911,0,8,22590
o_proj,911,0,8,37751
post_layernorm,911,0,8,209571
gate_proj,911,0,8,130090
up_proj,911,0,8,129622
act_fn,911,0,8,23590
down_proj,911,0,8,149126
final_layernorm,911,0,8,209504
lm_head,911,0,8,905148
embedding,912,0,8,45342
input_layernorm,912,0,8,208701
q_proj,912,0,8,41666
k_proj,912,0,8,19734
v_proj,912,0,8,19255
rope,912,0,8,28361
attn,912,0,8,22658
o_proj,912,0,8,37772
post_layernorm,912,0,8,209093
gate_proj,912,0,8,129915
up_proj,912,0,8,129434
act_fn,912,0,8,23649
down_proj,912,0,8,148997
final_layernorm,912,0,8,208862
lm_head,912,0,8,906047
embedding,913,0,8,44994
input_layernorm,913,0,8,209132
q_proj,913,0,8,41934
k_proj,913,0,8,19727
v_proj,913,0,8,19221
rope,913,0,8,28172
attn,913,0,8,22877
o_proj,913,0,8,37846
post_layernorm,913,0,8,209565
gate_proj,913,0,8,129642
up_proj,913,0,8,129152
act_fn,913,0,8,23716
down_proj,913,0,8,148755
final_layernorm,913,0,8,209398
lm_head,913,0,8,904111
embedding,914,0,8,45083
input_layernorm,914,0,8,209305
q_proj,914,0,8,41840
k_proj,914,0,8,19742
v_proj,914,0,8,19235
rope,914,0,8,28249
attn,914,0,8,22708
o_proj,914,0,8,37812
post_layernorm,914,0,8,209559
gate_proj,914,0,8,129766
up_proj,914,0,8,129341
act_fn,914,0,8,23692
down_proj,914,0,8,148903
final_layernorm,914,0,8,209568
lm_head,914,0,8,904038
embedding,915,0,8,45003
input_layernorm,915,0,8,209915
q_proj,915,0,8,41648
k_proj,915,0,8,19729
v_proj,915,0,8,19226
rope,915,0,8,28193
attn,915,0,8,23052
o_proj,915,0,8,37708
post_layernorm,915,0,8,210140
gate_proj,915,0,8,129546
up_proj,915,0,8,129083
act_fn,915,0,8,23740
down_proj,915,0,8,148538
final_layernorm,915,0,8,209900
lm_head,915,0,8,901659
embedding,916,0,8,45138
input_layernorm,916,0,8,209689
q_proj,916,0,8,41826
k_proj,916,0,8,19727
v_proj,916,0,8,19223
rope,916,0,8,28459
attn,916,0,8,22399
o_proj,916,0,8,37749
post_layernorm,916,0,8,210121
gate_proj,916,0,8,129652
up_proj,916,0,8,129177
act_fn,916,0,8,23768
down_proj,916,0,8,148664
final_layernorm,916,0,8,210148
lm_head,916,0,8,903698
embedding,917,0,8,45261
input_layernorm,917,0,8,209972
q_proj,917,0,8,42135
k_proj,917,0,8,19823
v_proj,917,0,8,19283
rope,917,0,8,28281
attn,917,0,8,22634
o_proj,917,0,8,37903
post_layernorm,917,0,8,210606
gate_proj,917,0,8,130290
up_proj,917,0,8,129799
act_fn,917,0,8,23806
down_proj,917,0,8,149367
final_layernorm,917,0,8,210506
lm_head,917,0,8,909142
embedding,918,0,8,45260
input_layernorm,918,0,8,209984
q_proj,918,0,8,41960
k_proj,918,0,8,19765
v_proj,918,0,8,19217
rope,918,0,8,28284
attn,918,0,8,22559
o_proj,918,0,8,37836
post_layernorm,918,0,8,210789
gate_proj,918,0,8,129632
up_proj,918,0,8,129185
act_fn,918,0,8,23759
down_proj,918,0,8,148767
final_layernorm,918,0,8,210407
lm_head,918,0,8,904031
embedding,919,0,8,45300
input_layernorm,919,0,8,210610
q_proj,919,0,8,41979
k_proj,919,0,8,19763
v_proj,919,0,8,19234
rope,919,0,8,28228
attn,919,0,8,22344
o_proj,919,0,8,37825
post_layernorm,919,0,8,211315
gate_proj,919,0,8,129858
up_proj,919,0,8,129327
act_fn,919,0,8,23849
down_proj,919,0,8,148793
final_layernorm,919,0,8,210736
lm_head,919,0,8,905075
embedding,920,0,8,45715
input_layernorm,920,0,8,210167
q_proj,920,0,8,42238
k_proj,920,0,8,19856
v_proj,920,0,8,19313
rope,920,0,8,28552
attn,920,0,8,22908
o_proj,920,0,8,38029
post_layernorm,920,0,8,210768
gate_proj,920,0,8,130413
up_proj,920,0,8,129908
act_fn,920,0,8,23844
down_proj,920,0,8,149536
final_layernorm,920,0,8,210617
lm_head,920,0,8,909863
embedding,921,0,8,45666
input_layernorm,921,0,8,210634
q_proj,921,0,8,42060
k_proj,921,0,8,19835
v_proj,921,0,8,19283
rope,921,0,8,28328
attn,921,0,8,22712
o_proj,921,0,8,38056
post_layernorm,921,0,8,211340
gate_proj,921,0,8,130031
up_proj,921,0,8,129567
act_fn,921,0,8,23873
down_proj,921,0,8,149163
final_layernorm,921,0,8,211074
lm_head,921,0,8,907241
embedding,922,0,8,45718
input_layernorm,922,0,8,210898
q_proj,922,0,8,42128
k_proj,922,0,8,19834
v_proj,922,0,8,19263
rope,922,0,8,28411
attn,922,0,8,22746
o_proj,922,0,8,38043
post_layernorm,922,0,8,211317
gate_proj,922,0,8,130365
up_proj,922,0,8,129839
act_fn,922,0,8,23904
down_proj,922,0,8,149485
final_layernorm,922,0,8,211272
lm_head,922,0,8,909107
embedding,923,0,8,45709
input_layernorm,923,0,8,211447
q_proj,923,0,8,41889
k_proj,923,0,8,19810
v_proj,923,0,8,19259
rope,923,0,8,28314
attn,923,0,8,22900
o_proj,923,0,8,37857
post_layernorm,923,0,8,211702
gate_proj,923,0,8,130013
up_proj,923,0,8,129602
act_fn,923,0,8,23965
down_proj,923,0,8,149059
final_layernorm,923,0,8,211410
lm_head,923,0,8,905568
embedding,924,0,8,45840
input_layernorm,924,0,8,211486
q_proj,924,0,8,42224
k_proj,924,0,8,19895
v_proj,924,0,8,19365
rope,924,0,8,28632
attn,924,0,8,23098
o_proj,924,0,8,38135
post_layernorm,924,0,8,211833
gate_proj,924,0,8,130581
up_proj,924,0,8,130150
act_fn,924,0,8,23964
down_proj,924,0,8,149786
final_layernorm,924,0,8,211562
lm_head,924,0,8,909672
embedding,925,0,8,45765
input_layernorm,925,0,8,211365
q_proj,925,0,8,42066
k_proj,925,0,8,19811
v_proj,925,0,8,19268
rope,925,0,8,28550
attn,925,0,8,23052
o_proj,925,0,8,37964
post_layernorm,925,0,8,211951
gate_proj,925,0,8,129903
up_proj,925,0,8,129424
act_fn,925,0,8,24017
down_proj,925,0,8,148868
final_layernorm,925,0,8,211755
lm_head,925,0,8,905015
embedding,926,0,8,45673
input_layernorm,926,0,8,211718
q_proj,926,0,8,42031
k_proj,926,0,8,19793
v_proj,926,0,8,19251
rope,926,0,8,28659
attn,926,0,8,22577
o_proj,926,0,8,37914
post_layernorm,926,0,8,211987
gate_proj,926,0,8,130010
up_proj,926,0,8,129507
act_fn,926,0,8,23993
down_proj,926,0,8,149045
final_layernorm,926,0,8,211933
lm_head,926,0,8,906071
embedding,927,0,8,45902
input_layernorm,927,0,8,211765
q_proj,927,0,8,42196
k_proj,927,0,8,19873
v_proj,927,0,8,19319
rope,927,0,8,28684
attn,927,0,8,22925
o_proj,927,0,8,38066
post_layernorm,927,0,8,212169
gate_proj,927,0,8,130439
up_proj,927,0,8,129962
act_fn,927,0,8,24041
down_proj,927,0,8,149557
final_layernorm,927,0,8,212208
lm_head,927,0,8,907845
embedding,928,0,8,45567
input_layernorm,928,0,8,211594
q_proj,928,0,8,42004
k_proj,928,0,8,19776
v_proj,928,0,8,19258
rope,928,0,8,28815
attn,928,0,8,22369
o_proj,928,0,8,37888
post_layernorm,928,0,8,212167
gate_proj,928,0,8,129791
up_proj,928,0,8,129352
act_fn,928,0,8,24089
down_proj,928,0,8,148863
final_layernorm,928,0,8,212200
lm_head,928,0,8,904393
embedding,929,0,8,46020
input_layernorm,929,0,8,212509
q_proj,929,0,8,42461
k_proj,929,0,8,19915
v_proj,929,0,8,19379
rope,929,0,8,28812
attn,929,0,8,22750
o_proj,929,0,8,38310
post_layernorm,929,0,8,213164
gate_proj,929,0,8,130784
up_proj,929,0,8,130320
act_fn,929,0,8,24083
down_proj,929,0,8,149959
final_layernorm,929,0,8,212846
lm_head,929,0,8,911916
embedding,930,0,8,46188
input_layernorm,930,0,8,212735
q_proj,930,0,8,42492
k_proj,930,0,8,19944
v_proj,930,0,8,19412
rope,930,0,8,28840
attn,930,0,8,22589
o_proj,930,0,8,38272
post_layernorm,930,0,8,213415
gate_proj,930,0,8,130814
up_proj,930,0,8,130332
act_fn,930,0,8,24144
down_proj,930,0,8,149932
final_layernorm,930,0,8,213070
lm_head,930,0,8,911492
embedding,931,0,8,46186
input_layernorm,931,0,8,213184
q_proj,931,0,8,42337
k_proj,931,0,8,19892
v_proj,931,0,8,19360
rope,931,0,8,28885
attn,931,0,8,22992
o_proj,931,0,8,38206
post_layernorm,931,0,8,213424
gate_proj,931,0,8,130573
up_proj,931,0,8,129930
act_fn,931,0,8,24179
down_proj,931,0,8,149661
final_layernorm,931,0,8,213289
lm_head,931,0,8,910067
embedding,932,0,8,46165
input_layernorm,932,0,8,212866
q_proj,932,0,8,42474
k_proj,932,0,8,19951
v_proj,932,0,8,19424
rope,932,0,8,29103
attn,932,0,8,23105
o_proj,932,0,8,38369
post_layernorm,932,0,8,213439
gate_proj,932,0,8,130907
up_proj,932,0,8,130314
act_fn,932,0,8,24191
down_proj,932,0,8,150049
final_layernorm,932,0,8,213478
lm_head,932,0,8,912974
embedding,933,0,8,46113
input_layernorm,933,0,8,213034
q_proj,933,0,8,42272
k_proj,933,0,8,19845
v_proj,933,0,8,19331
rope,933,0,8,28865
attn,933,0,8,22705
o_proj,933,0,8,38165
post_layernorm,933,0,8,213660
gate_proj,933,0,8,130359
up_proj,933,0,8,129763
act_fn,933,0,8,24200
down_proj,933,0,8,149378
final_layernorm,933,0,8,213295
lm_head,933,0,8,908900
embedding,934,0,8,45904
input_layernorm,934,0,8,213328
q_proj,934,0,8,42271
k_proj,934,0,8,19881
v_proj,934,0,8,19327
rope,934,0,8,28945
attn,934,0,8,22971
o_proj,934,0,8,38192
post_layernorm,934,0,8,213664
gate_proj,934,0,8,130155
up_proj,934,0,8,129553
act_fn,934,0,8,24216
down_proj,934,0,8,149075
final_layernorm,934,0,8,213771
lm_head,934,0,8,904323
embedding,935,0,8,45990
input_layernorm,935,0,8,213922
q_proj,935,0,8,42475
k_proj,935,0,8,19912
v_proj,935,0,8,19340
rope,935,0,8,28988
attn,935,0,8,23252
o_proj,935,0,8,38265
post_layernorm,935,0,8,214335
gate_proj,935,0,8,130511
up_proj,935,0,8,129920
act_fn,935,0,8,24257
down_proj,935,0,8,149577
final_layernorm,935,0,8,214464
lm_head,935,0,8,908816
embedding,936,0,8,45938
input_layernorm,936,0,8,213518
q_proj,936,0,8,42300
k_proj,936,0,8,19862
v_proj,936,0,8,19336
rope,936,0,8,29130
attn,936,0,8,23167
o_proj,936,0,8,38140
post_layernorm,936,0,8,213981
gate_proj,936,0,8,130283
up_proj,936,0,8,129683
act_fn,936,0,8,24320
down_proj,936,0,8,149319
final_layernorm,936,0,8,213990
lm_head,936,0,8,907181
embedding,937,0,8,46451
input_layernorm,937,0,8,214168
q_proj,937,0,8,42471
k_proj,937,0,8,19941
v_proj,937,0,8,19381
rope,937,0,8,29063
attn,937,0,8,22947
o_proj,937,0,8,38293
post_layernorm,937,0,8,214407
gate_proj,937,0,8,130741
up_proj,937,0,8,130149
act_fn,937,0,8,24340
down_proj,937,0,8,149879
final_layernorm,937,0,8,214505
lm_head,937,0,8,911021
embedding,938,0,8,46466
input_layernorm,938,0,8,214049
q_proj,938,0,8,42354
k_proj,938,0,8,19889
v_proj,938,0,8,19331
rope,938,0,8,29041
attn,938,0,8,22837
o_proj,938,0,8,38196
post_layernorm,938,0,8,214482
gate_proj,938,0,8,130393
up_proj,938,0,8,129782
act_fn,938,0,8,24353
down_proj,938,0,8,149416
final_layernorm,938,0,8,214471
lm_head,938,0,8,908684
embedding,939,0,8,46315
input_layernorm,939,0,8,214308
q_proj,939,0,8,42516
k_proj,939,0,8,19893
v_proj,939,0,8,19337
rope,939,0,8,29070
attn,939,0,8,22826
o_proj,939,0,8,38248
post_layernorm,939,0,8,215053
gate_proj,939,0,8,130401
up_proj,939,0,8,129833
act_fn,939,0,8,24357
down_proj,939,0,8,149502
final_layernorm,939,0,8,214885
lm_head,939,0,8,908419
embedding,940,0,8,46281
input_layernorm,940,0,8,214460
q_proj,940,0,8,42352
k_proj,940,0,8,19919
v_proj,940,0,8,19372
rope,940,0,8,29258
attn,940,0,8,22845
o_proj,940,0,8,38217
post_layernorm,940,0,8,215259
gate_proj,940,0,8,130507
up_proj,940,0,8,129890
act_fn,940,0,8,24375
down_proj,940,0,8,149531
final_layernorm,940,0,8,215338
lm_head,940,0,8,909178
embedding,941,0,8,46568
input_layernorm,941,0,8,214518
q_proj,941,0,8,42628
k_proj,941,0,8,19927
v_proj,941,0,8,19371
rope,941,0,8,29156
attn,941,0,8,23135
o_proj,941,0,8,38422
post_layernorm,941,0,8,215065
gate_proj,941,0,8,130624
up_proj,941,0,8,130008
act_fn,941,0,8,24409
down_proj,941,0,8,149731
final_layernorm,941,0,8,215261
lm_head,941,0,8,910975
embedding,942,0,8,46707
input_layernorm,942,0,8,214913
q_proj,942,0,8,42361
k_proj,942,0,8,19868
v_proj,942,0,8,19336
rope,942,0,8,29135
attn,942,0,8,22982
o_proj,942,0,8,38157
post_layernorm,942,0,8,215744
gate_proj,942,0,8,130152
up_proj,942,0,8,129527
act_fn,942,0,8,24424
down_proj,942,0,8,149172
final_layernorm,942,0,8,215580
lm_head,942,0,8,905914
embedding,943,0,8,46950
input_layernorm,943,0,8,215025
q_proj,943,0,8,42522
k_proj,943,0,8,19900
v_proj,943,0,8,19377
rope,943,0,8,29204
attn,943,0,8,22740
o_proj,943,0,8,38319
post_layernorm,943,0,8,215265
gate_proj,943,0,8,130419
up_proj,943,0,8,129785
act_fn,943,0,8,24462
down_proj,943,0,8,149419
final_layernorm,943,0,8,215680
lm_head,943,0,8,907869
embedding,944,0,8,46611
input_layernorm,944,0,8,215028
q_proj,944,0,8,42671
k_proj,944,0,8,19927
v_proj,944,0,8,19410
rope,944,0,8,29407
attn,944,0,8,22627
o_proj,944,0,8,38408
post_layernorm,944,0,8,215723
gate_proj,944,0,8,130708
up_proj,944,0,8,130087
act_fn,944,0,8,24482
down_proj,944,0,8,149723
final_layernorm,944,0,8,215532
lm_head,944,0,8,910572
embedding,945,0,8,47161
input_layernorm,945,0,8,215251
q_proj,945,0,8,42558
k_proj,945,0,8,19980
v_proj,945,0,8,19432
rope,945,0,8,29265
attn,945,0,8,23190
o_proj,945,0,8,38398
post_layernorm,945,0,8,216016
gate_proj,945,0,8,130891
up_proj,945,0,8,130251
act_fn,945,0,8,24518
down_proj,945,0,8,149983
final_layernorm,945,0,8,216057
lm_head,945,0,8,912342
embedding,946,0,8,47066
input_layernorm,946,0,8,215695
q_proj,946,0,8,42688
k_proj,946,0,8,19976
v_proj,946,0,8,19427
rope,946,0,8,29319
attn,946,0,8,22769
o_proj,946,0,8,38458
post_layernorm,946,0,8,216149
gate_proj,946,0,8,130888
up_proj,946,0,8,130319
act_fn,946,0,8,24556
down_proj,946,0,8,149970
final_layernorm,946,0,8,216089
lm_head,946,0,8,912531
embedding,947,0,8,46956
input_layernorm,947,0,8,215642
q_proj,947,0,8,42629
k_proj,947,0,8,19899
v_proj,947,0,8,19352
rope,947,0,8,29248
attn,947,0,8,23171
o_proj,947,0,8,38311
post_layernorm,947,0,8,216034
gate_proj,947,0,8,130275
up_proj,947,0,8,129638
act_fn,947,0,8,24599
down_proj,947,0,8,149180
final_layernorm,947,0,8,216225
lm_head,947,0,8,906184
embedding,948,0,8,47109
input_layernorm,948,0,8,216127
q_proj,948,0,8,42862
k_proj,948,0,8,19978
v_proj,948,0,8,19433
rope,948,0,8,29550
attn,948,0,8,23170
o_proj,948,0,8,38517
post_layernorm,948,0,8,216571
gate_proj,948,0,8,131036
up_proj,948,0,8,130394
act_fn,948,0,8,24611
down_proj,948,0,8,150111
final_layernorm,948,0,8,216643
lm_head,948,0,8,912863
embedding,949,0,8,47210
input_layernorm,949,0,8,216334
q_proj,949,0,8,42905
k_proj,949,0,8,20014
v_proj,949,0,8,19461
rope,949,0,8,29388
attn,949,0,8,23384
o_proj,949,0,8,38541
post_layernorm,949,0,8,216528
gate_proj,949,0,8,131053
up_proj,949,0,8,130450
act_fn,949,0,8,24639
down_proj,949,0,8,150139
final_layernorm,949,0,8,216606
lm_head,949,0,8,912486
embedding,950,0,8,47268
input_layernorm,950,0,8,216311
q_proj,950,0,8,42804
k_proj,950,0,8,19981
v_proj,950,0,8,19430
rope,950,0,8,29378
attn,950,0,8,23184
o_proj,950,0,8,38480
post_layernorm,950,0,8,216931
gate_proj,950,0,8,130958
up_proj,950,0,8,130287
act_fn,950,0,8,24639
down_proj,950,0,8,150020
final_layernorm,950,0,8,217193
lm_head,950,0,8,912532
embedding,951,0,8,47271
input_layernorm,951,0,8,216755
q_proj,951,0,8,42928
k_proj,951,0,8,20045
v_proj,951,0,8,19483
rope,951,0,8,29400
attn,951,0,8,23294
o_proj,951,0,8,38479
post_layernorm,951,0,8,217331
gate_proj,951,0,8,131018
up_proj,951,0,8,130607
act_fn,951,0,8,24691
down_proj,951,0,8,150272
final_layernorm,951,0,8,217101
lm_head,951,0,8,913147
embedding,952,0,8,47367
input_layernorm,952,0,8,216700
q_proj,952,0,8,43013
k_proj,952,0,8,19995
v_proj,952,0,8,19459
rope,952,0,8,29598
attn,952,0,8,23180
o_proj,952,0,8,38524
post_layernorm,952,0,8,217427
gate_proj,952,0,8,130776
up_proj,952,0,8,130328
act_fn,952,0,8,24730
down_proj,952,0,8,149989
final_layernorm,952,0,8,217309
lm_head,952,0,8,911695
embedding,953,0,8,47136
input_layernorm,953,0,8,216892
q_proj,953,0,8,42852
k_proj,953,0,8,19967
v_proj,953,0,8,19428
rope,953,0,8,29413
attn,953,0,8,23318
o_proj,953,0,8,38447
post_layernorm,953,0,8,217614
gate_proj,953,0,8,130755
up_proj,953,0,8,130264
act_fn,953,0,8,24715
down_proj,953,0,8,149931
final_layernorm,953,0,8,217437
lm_head,953,0,8,912134
embedding,954,0,8,47011
input_layernorm,954,0,8,217237
q_proj,954,0,8,42808
k_proj,954,0,8,19922
v_proj,954,0,8,19401
rope,954,0,8,29396
attn,954,0,8,22853
o_proj,954,0,8,38379
post_layernorm,954,0,8,217421
gate_proj,954,0,8,130391
up_proj,954,0,8,129923
act_fn,954,0,8,24758
down_proj,954,0,8,149528
final_layernorm,954,0,8,217602
lm_head,954,0,8,909178
embedding,955,0,8,47384
input_layernorm,955,0,8,217439
q_proj,955,0,8,42947
k_proj,955,0,8,20021
v_proj,955,0,8,19504
rope,955,0,8,29505
attn,955,0,8,23544
o_proj,955,0,8,38597
post_layernorm,955,0,8,217836
gate_proj,955,0,8,131102
up_proj,955,0,8,130626
act_fn,955,0,8,24776
down_proj,955,0,8,150424
final_layernorm,955,0,8,218155
lm_head,955,0,8,912899
embedding,956,0,8,47402
input_layernorm,956,0,8,217683
q_proj,956,0,8,43089
k_proj,956,0,8,20058
v_proj,956,0,8,19524
rope,956,0,8,29751
attn,956,0,8,23533
o_proj,956,0,8,38666
post_layernorm,956,0,8,218104
gate_proj,956,0,8,131346
up_proj,956,0,8,130910
act_fn,956,0,8,24827
down_proj,956,0,8,150735
final_layernorm,956,0,8,218225
lm_head,956,0,8,915362
embedding,957,0,8,46934
input_layernorm,957,0,8,217616
q_proj,957,0,8,42817
k_proj,957,0,8,19948
v_proj,957,0,8,19420
rope,957,0,8,29441
attn,957,0,8,23318
o_proj,957,0,8,38425
post_layernorm,957,0,8,218075
gate_proj,957,0,8,130463
up_proj,957,0,8,129983
act_fn,957,0,8,24838
down_proj,957,0,8,149649
final_layernorm,957,0,8,218336
lm_head,957,0,8,909721
embedding,958,0,8,47184
input_layernorm,958,0,8,217808
q_proj,958,0,8,42932
k_proj,958,0,8,19980
v_proj,958,0,8,19478
rope,958,0,8,29454
attn,958,0,8,23032
o_proj,958,0,8,38558
post_layernorm,958,0,8,218238
gate_proj,958,0,8,130819
up_proj,958,0,8,130397
act_fn,958,0,8,24848
down_proj,958,0,8,150104
final_layernorm,958,0,8,218331
lm_head,958,0,8,911509
embedding,959,0,8,47330
input_layernorm,959,0,8,218557
q_proj,959,0,8,43067
k_proj,959,0,8,20043
v_proj,959,0,8,19529
rope,959,0,8,29556
attn,959,0,8,23302
o_proj,959,0,8,38666
post_layernorm,959,0,8,218959
gate_proj,959,0,8,131266
up_proj,959,0,8,130840
act_fn,959,0,8,24906
down_proj,959,0,8,150725
final_layernorm,959,0,8,219204
lm_head,959,0,8,916014
embedding,960,0,8,47030
input_layernorm,960,0,8,217820
q_proj,960,0,8,42874
k_proj,960,0,8,19948
v_proj,960,0,8,19439
rope,960,0,8,29680
attn,960,0,8,23639
o_proj,960,0,8,38529
post_layernorm,960,0,8,218771
gate_proj,960,0,8,130717
up_proj,960,0,8,130295
act_fn,960,0,8,24901
down_proj,960,0,8,150027
final_layernorm,960,0,8,218709
lm_head,960,0,8,911386
embedding,961,0,8,47034
input_layernorm,961,0,8,218555
q_proj,961,0,8,58280
k_proj,961,0,8,19906
v_proj,961,0,8,19376
rope,961,0,8,29902
attn,961,0,8,26914
o_proj,961,0,8,45509
post_layernorm,961,0,8,218542
gate_proj,961,0,8,130111
up_proj,961,0,8,129494
act_fn,961,0,8,25523
down_proj,961,0,8,149033
final_layernorm,961,0,8,218799
lm_head,961,0,8,1080265
embedding,962,0,8,47246
input_layernorm,962,0,8,218598
q_proj,962,0,8,58317
k_proj,962,0,8,19896
v_proj,962,0,8,19376
rope,962,0,8,29923
attn,962,0,8,26826
o_proj,962,0,8,45527
post_layernorm,962,0,8,218874
gate_proj,962,0,8,129810
up_proj,962,0,8,129170
act_fn,962,0,8,25520
down_proj,962,0,8,148783
final_layernorm,962,0,8,219103
lm_head,962,0,8,1079134
embedding,963,0,8,47368
input_layernorm,963,0,8,219267
q_proj,963,0,8,58504
k_proj,963,0,8,19947
v_proj,963,0,8,19405
rope,963,0,8,29929
attn,963,0,8,26823
o_proj,963,0,8,45549
post_layernorm,963,0,8,219280
gate_proj,963,0,8,130502
up_proj,963,0,8,129880
act_fn,963,0,8,25553
down_proj,963,0,8,149501
final_layernorm,963,0,8,220035
lm_head,963,0,8,1084096
embedding,964,0,8,47386
input_layernorm,964,0,8,219095
q_proj,964,0,8,58446
k_proj,964,0,8,19871
v_proj,964,0,8,19335
rope,964,0,8,30118
attn,964,0,8,27067
o_proj,964,0,8,45599
post_layernorm,964,0,8,219700
gate_proj,964,0,8,129652
up_proj,964,0,8,129056
act_fn,964,0,8,25569
down_proj,964,0,8,148745
final_layernorm,964,0,8,219912
lm_head,964,0,8,1078545
embedding,965,0,8,47513
input_layernorm,965,0,8,218957
q_proj,965,0,8,58388
k_proj,965,0,8,19896
v_proj,965,0,8,19353
rope,965,0,8,29934
attn,965,0,8,27292
o_proj,965,0,8,45621
post_layernorm,965,0,8,219366
gate_proj,965,0,8,130225
up_proj,965,0,8,129576
act_fn,965,0,8,25620
down_proj,965,0,8,149117
final_layernorm,965,0,8,219423
lm_head,965,0,8,1081060
embedding,966,0,8,47717
input_layernorm,966,0,8,219663
q_proj,966,0,8,58414
k_proj,966,0,8,19916
v_proj,966,0,8,19391
rope,966,0,8,29966
attn,966,0,8,27162
o_proj,966,0,8,45606
post_layernorm,966,0,8,219951
gate_proj,966,0,8,130121
up_proj,966,0,8,129492
act_fn,966,0,8,25607
down_proj,966,0,8,149066
final_layernorm,966,0,8,220378
lm_head,966,0,8,1081044
embedding,967,0,8,47639
input_layernorm,967,0,8,219192
q_proj,967,0,8,58334
k_proj,967,0,8,19954
v_proj,967,0,8,19362
rope,967,0,8,29986
attn,967,0,8,26893
o_proj,967,0,8,45522
post_layernorm,967,0,8,219851
gate_proj,967,0,8,130072
up_proj,967,0,8,129449
act_fn,967,0,8,25668
down_proj,967,0,8,149108
final_layernorm,967,0,8,220153
lm_head,967,0,8,1081656
embedding,968,0,8,47778
input_layernorm,968,0,8,219664
q_proj,968,0,8,58282
k_proj,968,0,8,19915
v_proj,968,0,8,19339
rope,968,0,8,30136
attn,968,0,8,27010
o_proj,968,0,8,45511
post_layernorm,968,0,8,220018
gate_proj,968,0,8,129953
up_proj,968,0,8,129285
act_fn,968,0,8,25649
down_proj,968,0,8,148791
final_layernorm,968,0,8,220177
lm_head,968,0,8,1079654
embedding,969,0,8,47851
input_layernorm,969,0,8,220184
q_proj,969,0,8,48336
k_proj,969,0,8,19949
v_proj,969,0,8,19420
rope,969,0,8,29936
attn,969,0,8,27301
o_proj,969,0,8,47175
post_layernorm,969,0,8,220300
gate_proj,969,0,8,130674
up_proj,969,0,8,130107
act_fn,969,0,8,25701
down_proj,969,0,8,140947
final_layernorm,969,0,8,220261
lm_head,969,0,8,1085109
embedding,970,0,8,48043
input_layernorm,970,0,8,220611
q_proj,970,0,8,48350
k_proj,970,0,8,19959
v_proj,970,0,8,19406
rope,970,0,8,30017
attn,970,0,8,27163
o_proj,970,0,8,47149
post_layernorm,970,0,8,220871
gate_proj,970,0,8,130493
up_proj,970,0,8,129889
act_fn,970,0,8,25703
down_proj,970,0,8,140754
final_layernorm,970,0,8,221235
lm_head,970,0,8,1083296
embedding,971,0,8,47998
input_layernorm,971,0,8,220620
q_proj,971,0,8,48403
k_proj,971,0,8,19989
v_proj,971,0,8,19443
rope,971,0,8,30078
attn,971,0,8,27367
o_proj,971,0,8,47281
post_layernorm,971,0,8,221479
gate_proj,971,0,8,130804
up_proj,971,0,8,130175
act_fn,971,0,8,25746
down_proj,971,0,8,140802
final_layernorm,971,0,8,220963
lm_head,971,0,8,1085537
embedding,972,0,8,47898
input_layernorm,972,0,8,220608
q_proj,972,0,8,48256
k_proj,972,0,8,19956
v_proj,972,0,8,19419
rope,972,0,8,30269
attn,972,0,8,26972
o_proj,972,0,8,47131
post_layernorm,972,0,8,221513
gate_proj,972,0,8,129999
up_proj,972,0,8,129375
act_fn,972,0,8,25777
down_proj,972,0,8,140408
final_layernorm,972,0,8,221021
lm_head,972,0,8,1079779
embedding,973,0,8,48125
input_layernorm,973,0,8,220794
q_proj,973,0,8,48302
k_proj,973,0,8,19946
v_proj,973,0,8,19392
rope,973,0,8,30102
attn,973,0,8,27096
o_proj,973,0,8,47175
post_layernorm,973,0,8,221909
gate_proj,973,0,8,130540
up_proj,973,0,8,129947
act_fn,973,0,8,25778
down_proj,973,0,8,140822
final_layernorm,973,0,8,221416
lm_head,973,0,8,1084001
embedding,974,0,8,47873
input_layernorm,974,0,8,221221
q_proj,974,0,8,48448
k_proj,974,0,8,19994
v_proj,974,0,8,19423
rope,974,0,8,30150
attn,974,0,8,27388
o_proj,974,0,8,47256
post_layernorm,974,0,8,222010
gate_proj,974,0,8,130878
up_proj,974,0,8,130256
act_fn,974,0,8,25814
down_proj,974,0,8,141086
final_layernorm,974,0,8,221727
lm_head,974,0,8,1086859
embedding,975,0,8,47596
input_layernorm,975,0,8,221660
q_proj,975,0,8,48257
k_proj,975,0,8,19925
v_proj,975,0,8,19384
rope,975,0,8,30079
attn,975,0,8,27027
o_proj,975,0,8,47036
post_layernorm,975,0,8,221941
gate_proj,975,0,8,129862
up_proj,975,0,8,129284
act_fn,975,0,8,25838
down_proj,975,0,8,140493
final_layernorm,975,0,8,221949
lm_head,975,0,8,1080447
embedding,976,0,8,47779
input_layernorm,976,0,8,221366
q_proj,976,0,8,48420
k_proj,976,0,8,19954
v_proj,976,0,8,19413
rope,976,0,8,30334
attn,976,0,8,27213
o_proj,976,0,8,47226
post_layernorm,976,0,8,221715
gate_proj,976,0,8,130760
up_proj,976,0,8,130162
act_fn,976,0,8,25880
down_proj,976,0,8,141110
final_layernorm,976,0,8,221951
lm_head,976,0,8,1086018
embedding,977,0,8,47786
input_layernorm,977,0,8,221828
q_proj,977,0,8,48226
k_proj,977,0,8,19933
v_proj,977,0,8,19393
rope,977,0,8,30173
attn,977,0,8,27161
o_proj,977,0,8,47087
post_layernorm,977,0,8,222107
gate_proj,977,0,8,130106
up_proj,977,0,8,129471
act_fn,977,0,8,25915
down_proj,977,0,8,140229
final_layernorm,977,0,8,222098
lm_head,977,0,8,1080032
embedding,978,0,8,48111
input_layernorm,978,0,8,222030
q_proj,978,0,8,48467
k_proj,978,0,8,19968
v_proj,978,0,8,19412
rope,978,0,8,30248
attn,978,0,8,26860
o_proj,978,0,8,47230
post_layernorm,978,0,8,222624
gate_proj,978,0,8,130692
up_proj,978,0,8,130101
act_fn,978,0,8,25928
down_proj,978,0,8,140900
final_layernorm,978,0,8,222470
lm_head,978,0,8,1085042
embedding,979,0,8,48062
input_layernorm,979,0,8,222131
q_proj,979,0,8,48304
k_proj,979,0,8,19946
v_proj,979,0,8,19397
rope,979,0,8,30250
attn,979,0,8,27105
o_proj,979,0,8,47159
post_layernorm,979,0,8,222630
gate_proj,979,0,8,130196
up_proj,979,0,8,129608
act_fn,979,0,8,25943
down_proj,979,0,8,140692
final_layernorm,979,0,8,222677
lm_head,979,0,8,1083674
embedding,980,0,8,48128
input_layernorm,980,0,8,222375
q_proj,980,0,8,48424
k_proj,980,0,8,19942
v_proj,980,0,8,19393
rope,980,0,8,30340
attn,980,0,8,26966
o_proj,980,0,8,47205
post_layernorm,980,0,8,223004
gate_proj,980,0,8,130442
up_proj,980,0,8,129831
act_fn,980,0,8,25979
down_proj,980,0,8,140879
final_layernorm,980,0,8,222897
lm_head,980,0,8,1083153
embedding,981,0,8,48278
input_layernorm,981,0,8,222452
q_proj,981,0,8,48394
k_proj,981,0,8,19993
v_proj,981,0,8,19456
rope,981,0,8,30297
attn,981,0,8,27319
o_proj,981,0,8,47264
post_layernorm,981,0,8,223082
gate_proj,981,0,8,130463
up_proj,981,0,8,129817
act_fn,981,0,8,26006
down_proj,981,0,8,140957
final_layernorm,981,0,8,223002
lm_head,981,0,8,1084036
embedding,982,0,8,48383
input_layernorm,982,0,8,223042
q_proj,982,0,8,48467
k_proj,982,0,8,20030
v_proj,982,0,8,19488
rope,982,0,8,30385
attn,982,0,8,26912
o_proj,982,0,8,47328
post_layernorm,982,0,8,223640
gate_proj,982,0,8,130791
up_proj,982,0,8,130165
act_fn,982,0,8,26046
down_proj,982,0,8,141201
final_layernorm,982,0,8,223510
lm_head,982,0,8,1086225
embedding,983,0,8,48461
input_layernorm,983,0,8,222577
q_proj,983,0,8,48428
k_proj,983,0,8,19980
v_proj,983,0,8,19447
rope,983,0,8,30319
attn,983,0,8,27083
o_proj,983,0,8,47216
post_layernorm,983,0,8,223163
gate_proj,983,0,8,130378
up_proj,983,0,8,129696
act_fn,983,0,8,26075
down_proj,983,0,8,140798
final_layernorm,983,0,8,223192
lm_head,983,0,8,1083522
embedding,984,0,8,48712
input_layernorm,984,0,8,222709
q_proj,984,0,8,48519
k_proj,984,0,8,20024
v_proj,984,0,8,19489
rope,984,0,8,30613
attn,984,0,8,27304
o_proj,984,0,8,47374
post_layernorm,984,0,8,223300
gate_proj,984,0,8,130964
up_proj,984,0,8,130303
act_fn,984,0,8,26089
down_proj,984,0,8,141401
final_layernorm,984,0,8,222964
lm_head,984,0,8,1087357
embedding,985,0,8,48644
input_layernorm,985,0,8,223169
q_proj,985,0,8,48501
k_proj,985,0,8,20049
v_proj,985,0,8,19496
rope,985,0,8,30462
attn,985,0,8,27351
o_proj,985,0,8,47312
post_layernorm,985,0,8,223963
gate_proj,985,0,8,130567
up_proj,985,0,8,129963
act_fn,985,0,8,26105
down_proj,985,0,8,141045
final_layernorm,985,0,8,223481
lm_head,985,0,8,1085138
embedding,986,0,8,48535
input_layernorm,986,0,8,223341
q_proj,986,0,8,48400
k_proj,986,0,8,20011
v_proj,986,0,8,19462
rope,986,0,8,30448
attn,986,0,8,26970
o_proj,986,0,8,47244
post_layernorm,986,0,8,223845
gate_proj,986,0,8,130292
up_proj,986,0,8,129628
act_fn,986,0,8,26139
down_proj,986,0,8,140915
final_layernorm,986,0,8,223819
lm_head,986,0,8,1083960
embedding,987,0,8,48652
input_layernorm,987,0,8,223361
q_proj,987,0,8,48400
k_proj,987,0,8,20047
v_proj,987,0,8,19468
rope,987,0,8,30478
attn,987,0,8,26884
o_proj,987,0,8,47299
post_layernorm,987,0,8,224011
gate_proj,987,0,8,130342
up_proj,987,0,8,129681
act_fn,987,0,8,26130
down_proj,987,0,8,140959
final_layernorm,987,0,8,223908
lm_head,987,0,8,1083421
embedding,988,0,8,48806
input_layernorm,988,0,8,223641
q_proj,988,0,8,48615
k_proj,988,0,8,20087
v_proj,988,0,8,19520
rope,988,0,8,30735
attn,988,0,8,27335
o_proj,988,0,8,47398
post_layernorm,988,0,8,224405
gate_proj,988,0,8,130953
up_proj,988,0,8,130307
act_fn,988,0,8,26221
down_proj,988,0,8,141468
final_layernorm,988,0,8,224179
lm_head,988,0,8,1087488
embedding,989,0,8,48939
input_layernorm,989,0,8,224178
q_proj,989,0,8,48560
k_proj,989,0,8,20086
v_proj,989,0,8,19542
rope,989,0,8,30594
attn,989,0,8,27297
o_proj,989,0,8,47386
post_layernorm,989,0,8,224448
gate_proj,989,0,8,130616
up_proj,989,0,8,129994
act_fn,989,0,8,26200
down_proj,989,0,8,141081
final_layernorm,989,0,8,224591
lm_head,989,0,8,1085549
embedding,990,0,8,48957
input_layernorm,990,0,8,224296
q_proj,990,0,8,48536
k_proj,990,0,8,20068
v_proj,990,0,8,19518
rope,990,0,8,30635
attn,990,0,8,26881
o_proj,990,0,8,47318
post_layernorm,990,0,8,224582
gate_proj,990,0,8,130607
up_proj,990,0,8,130008
act_fn,990,0,8,26234
down_proj,990,0,8,141259
final_layernorm,990,0,8,224462
lm_head,990,0,8,1085000
embedding,991,0,8,48858
input_layernorm,991,0,8,224437
q_proj,991,0,8,48383
k_proj,991,0,8,20041
v_proj,991,0,8,19487
rope,991,0,8,30564
attn,991,0,8,27199
o_proj,991,0,8,47256
post_layernorm,991,0,8,225022
gate_proj,991,0,8,130303
up_proj,991,0,8,129699
act_fn,991,0,8,26278
down_proj,991,0,8,141022
final_layernorm,991,0,8,224552
lm_head,991,0,8,1083743
embedding,992,0,8,49037
input_layernorm,992,0,8,224369
q_proj,992,0,8,48628
k_proj,992,0,8,20092
v_proj,992,0,8,19538
rope,992,0,8,30810
attn,992,0,8,27157
o_proj,992,0,8,47426
post_layernorm,992,0,8,224832
gate_proj,992,0,8,131071
up_proj,992,0,8,130458
act_fn,992,0,8,26276
down_proj,992,0,8,141530
final_layernorm,992,0,8,224665
lm_head,992,0,8,1087892
embedding,993,0,8,49035
input_layernorm,993,0,8,224908
q_proj,993,0,8,48624
k_proj,993,0,8,20108
v_proj,993,0,8,19536
rope,993,0,8,30644
attn,993,0,8,26852
o_proj,993,0,8,47362
post_layernorm,993,0,8,225695
gate_proj,993,0,8,130670
up_proj,993,0,8,130059
act_fn,993,0,8,26298
down_proj,993,0,8,141323
final_layernorm,993,0,8,225417
lm_head,993,0,8,1086328
embedding,994,0,8,49039
input_layernorm,994,0,8,225279
q_proj,994,0,8,48572
k_proj,994,0,8,20075
v_proj,994,0,8,19532
rope,994,0,8,30627
attn,994,0,8,27226
o_proj,994,0,8,47334
post_layernorm,994,0,8,226026
gate_proj,994,0,8,130575
up_proj,994,0,8,130012
act_fn,994,0,8,26314
down_proj,994,0,8,141296
final_layernorm,994,0,8,225710
lm_head,994,0,8,1084850
embedding,995,0,8,48802
input_layernorm,995,0,8,225759
q_proj,995,0,8,48599
k_proj,995,0,8,20095
v_proj,995,0,8,19532
rope,995,0,8,30674
attn,995,0,8,27212
o_proj,995,0,8,47352
post_layernorm,995,0,8,226188
gate_proj,995,0,8,130539
up_proj,995,0,8,129963
act_fn,995,0,8,26390
down_proj,995,0,8,141202
final_layernorm,995,0,8,225879
lm_head,995,0,8,1087150
embedding,996,0,8,48867
input_layernorm,996,0,8,225766
q_proj,996,0,8,48523
k_proj,996,0,8,20089
v_proj,996,0,8,19499
rope,996,0,8,30906
attn,996,0,8,27089
o_proj,996,0,8,47252
post_layernorm,996,0,8,226725
gate_proj,996,0,8,130485
up_proj,996,0,8,129902
act_fn,996,0,8,26425
down_proj,996,0,8,141392
final_layernorm,996,0,8,226045
lm_head,996,0,8,1086409
embedding,997,0,8,48870
input_layernorm,997,0,8,225526
q_proj,997,0,8,48696
k_proj,997,0,8,20135
v_proj,997,0,8,19551
rope,997,0,8,30812
attn,997,0,8,26895
o_proj,997,0,8,47415
post_layernorm,997,0,8,226417
gate_proj,997,0,8,130821
up_proj,997,0,8,130219
act_fn,997,0,8,26393
down_proj,997,0,8,141626
final_layernorm,997,0,8,226092
lm_head,997,0,8,1086963
embedding,998,0,8,48984
input_layernorm,998,0,8,226544
q_proj,998,0,8,48739
k_proj,998,0,8,20183
v_proj,998,0,8,19600
rope,998,0,8,30844
attn,998,0,8,27194
o_proj,998,0,8,47517
post_layernorm,998,0,8,226848
gate_proj,998,0,8,131124
up_proj,998,0,8,130554
act_fn,998,0,8,26437
down_proj,998,0,8,142016
final_layernorm,998,0,8,226899
lm_head,998,0,8,1089623
embedding,999,0,8,49042
input_layernorm,999,0,8,226229
q_proj,999,0,8,48547
k_proj,999,0,8,20103
v_proj,999,0,8,19509
rope,999,0,8,30805
attn,999,0,8,26881
o_proj,999,0,8,47314
post_layernorm,999,0,8,226941
gate_proj,999,0,8,130503
up_proj,999,0,8,129868
act_fn,999,0,8,26479
down_proj,999,0,8,141095
final_layernorm,999,0,8,226635
lm_head,999,0,8,1084724
embedding,1000,0,8,48897
input_layernorm,1000,0,8,226246
q_proj,1000,0,8,48532
k_proj,1000,0,8,20088
v_proj,1000,0,8,19541
rope,1000,0,8,30992
attn,1000,0,8,27269
o_proj,1000,0,8,47328
post_layernorm,1000,0,8,226724
gate_proj,1000,0,8,130656
up_proj,1000,0,8,130044
act_fn,1000,0,8,26456
down_proj,1000,0,8,141546
final_layernorm,1000,0,8,226398
lm_head,1000,0,8,1086162
embedding,1001,0,8,49191
input_layernorm,1001,0,8,226639
q_proj,1001,0,8,48823
k_proj,1001,0,8,20227
v_proj,1001,0,8,19626
rope,1001,0,8,30968
attn,1001,0,8,27302
o_proj,1001,0,8,47590
post_layernorm,1001,0,8,227381
gate_proj,1001,0,8,131255
up_proj,1001,0,8,130632
act_fn,1001,0,8,26540
down_proj,1001,0,8,142112
final_layernorm,1001,0,8,226979
lm_head,1001,0,8,1089742
embedding,1002,0,8,49014
input_layernorm,1002,0,8,227333
q_proj,1002,0,8,48651
k_proj,1002,0,8,20162
v_proj,1002,0,8,19582
rope,1002,0,8,30887
attn,1002,0,8,26782
o_proj,1002,0,8,47474
post_layernorm,1002,0,8,227704
gate_proj,1002,0,8,130783
up_proj,1002,0,8,130160
act_fn,1002,0,8,26552
down_proj,1002,0,8,141569
final_layernorm,1002,0,8,227507
lm_head,1002,0,8,1087247
embedding,1003,0,8,49320
input_layernorm,1003,0,8,227412
q_proj,1003,0,8,48600
k_proj,1003,0,8,20174
v_proj,1003,0,8,19570
rope,1003,0,8,30905
attn,1003,0,8,27099
o_proj,1003,0,8,47418
post_layernorm,1003,0,8,227777
gate_proj,1003,0,8,130795
up_proj,1003,0,8,130225
act_fn,1003,0,8,26554
down_proj,1003,0,8,141681
final_layernorm,1003,0,8,227383
lm_head,1003,0,8,1087067
embedding,1004,0,8,49165
input_layernorm,1004,0,8,227439
q_proj,1004,0,8,48654
k_proj,1004,0,8,20165
v_proj,1004,0,8,19585
rope,1004,0,8,31133
attn,1004,0,8,26988
o_proj,1004,0,8,47427
post_layernorm,1004,0,8,228324
gate_proj,1004,0,8,130769
up_proj,1004,0,8,130163
act_fn,1004,0,8,26586
down_proj,1004,0,8,141824
final_layernorm,1004,0,8,227911
lm_head,1004,0,8,1088694
embedding,1005,0,8,49423
input_layernorm,1005,0,8,227397
q_proj,1005,0,8,48686
k_proj,1005,0,8,20183
v_proj,1005,0,8,19581
rope,1005,0,8,31036
attn,1005,0,8,27110
o_proj,1005,0,8,47448
post_layernorm,1005,0,8,227768
gate_proj,1005,0,8,130741
up_proj,1005,0,8,130094
act_fn,1005,0,8,26629
down_proj,1005,0,8,141597
final_layernorm,1005,0,8,227795
lm_head,1005,0,8,1086614
embedding,1006,0,8,49433
input_layernorm,1006,0,8,227855
q_proj,1006,0,8,48652
k_proj,1006,0,8,20166
v_proj,1006,0,8,19540
rope,1006,0,8,31030
attn,1006,0,8,27514
o_proj,1006,0,8,47396
post_layernorm,1006,0,8,228676
gate_proj,1006,0,8,130751
up_proj,1006,0,8,130137
act_fn,1006,0,8,26618
down_proj,1006,0,8,141494
final_layernorm,1006,0,8,228350
lm_head,1006,0,8,1087254
embedding,1007,0,8,49712
input_layernorm,1007,0,8,228754
q_proj,1007,0,8,48709
k_proj,1007,0,8,20158
v_proj,1007,0,8,19572
rope,1007,0,8,31097
attn,1007,0,8,27272
o_proj,1007,0,8,47420
post_layernorm,1007,0,8,228508
gate_proj,1007,0,8,130738
up_proj,1007,0,8,130012
act_fn,1007,0,8,26655
down_proj,1007,0,8,141545
final_layernorm,1007,0,8,228250
lm_head,1007,0,8,1086243
embedding,1008,0,8,49526
input_layernorm,1008,0,8,228161
q_proj,1008,0,8,48478
k_proj,1008,0,8,20084
v_proj,1008,0,8,19514
rope,1008,0,8,31198
attn,1008,0,8,26805
o_proj,1008,0,8,47296
post_layernorm,1008,0,8,228433
gate_proj,1008,0,8,130213
up_proj,1008,0,8,129580
act_fn,1008,0,8,26691
down_proj,1008,0,8,141273
final_layernorm,1008,0,8,228553
lm_head,1008,0,8,1082768
embedding,1009,0,8,49544
input_layernorm,1009,0,8,229807
q_proj,1009,0,8,48689
k_proj,1009,0,8,19959
v_proj,1009,0,8,19366
rope,1009,0,8,31644
attn,1009,0,8,27032
o_proj,1009,0,8,47424
post_layernorm,1009,0,8,230506
gate_proj,1009,0,8,130667
up_proj,1009,0,8,130052
act_fn,1009,0,8,26716
down_proj,1009,0,8,141384
final_layernorm,1009,0,8,230407
lm_head,1009,0,8,1085304
embedding,1010,0,8,49882
input_layernorm,1010,0,8,230514
q_proj,1010,0,8,48911
k_proj,1010,0,8,18026
v_proj,1010,0,8,17436
rope,1010,0,8,31962
attn,1010,0,8,27438
o_proj,1010,0,8,47653
post_layernorm,1010,0,8,231170
gate_proj,1010,0,8,131572
up_proj,1010,0,8,130945
act_fn,1010,0,8,26758
down_proj,1010,0,8,142076
final_layernorm,1010,0,8,231014
lm_head,1010,0,8,1093428
embedding,1011,0,8,49754
input_layernorm,1011,0,8,231313
q_proj,1011,0,8,48832
k_proj,1011,0,8,17992
v_proj,1011,0,8,17431
rope,1011,0,8,31898
attn,1011,0,8,27514
o_proj,1011,0,8,47572
post_layernorm,1011,0,8,231804
gate_proj,1011,0,8,131135
up_proj,1011,0,8,130493
act_fn,1011,0,8,26772
down_proj,1011,0,8,141975
final_layernorm,1011,0,8,231466
lm_head,1011,0,8,1090856
embedding,1012,0,8,50099
input_layernorm,1012,0,8,231232
q_proj,1012,0,8,49013
k_proj,1012,0,8,18014
v_proj,1012,0,8,17447
rope,1012,0,8,32240
attn,1012,0,8,27491
o_proj,1012,0,8,47714
post_layernorm,1012,0,8,231952
gate_proj,1012,0,8,131673
up_proj,1012,0,8,131051
act_fn,1012,0,8,26809
down_proj,1012,0,8,142595
final_layernorm,1012,0,8,231518
lm_head,1012,0,8,1094036
embedding,1013,0,8,50092
input_layernorm,1013,0,8,232023
q_proj,1013,0,8,48991
k_proj,1013,0,8,18074
v_proj,1013,0,8,17533
rope,1013,0,8,32127
attn,1013,0,8,27120
o_proj,1013,0,8,47679
post_layernorm,1013,0,8,232082
gate_proj,1013,0,8,131281
up_proj,1013,0,8,130684
act_fn,1013,0,8,26821
down_proj,1013,0,8,142170
final_layernorm,1013,0,8,231636
lm_head,1013,0,8,1091558
embedding,1014,0,8,50299
input_layernorm,1014,0,8,232158
q_proj,1014,0,8,49187
k_proj,1014,0,8,18074
v_proj,1014,0,8,17615
rope,1014,0,8,32312
attn,1014,0,8,27369
o_proj,1014,0,8,47875
post_layernorm,1014,0,8,232817
gate_proj,1014,0,8,132119
up_proj,1014,0,8,131519
act_fn,1014,0,8,26855
down_proj,1014,0,8,142912
final_layernorm,1014,0,8,232413
lm_head,1014,0,8,1097771
embedding,1015,0,8,49924
input_layernorm,1015,0,8,232282
q_proj,1015,0,8,49040
k_proj,1015,0,8,18124
v_proj,1015,0,8,17553
rope,1015,0,8,32131
attn,1015,0,8,27413
o_proj,1015,0,8,47621
post_layernorm,1015,0,8,232144
gate_proj,1015,0,8,131463
up_proj,1015,0,8,130842
act_fn,1015,0,8,26876
down_proj,1015,0,8,142186
final_layernorm,1015,0,8,231968
lm_head,1015,0,8,1093224
embedding,1016,0,8,49805
input_layernorm,1016,0,8,231509
q_proj,1016,0,8,48902
k_proj,1016,0,8,18004
v_proj,1016,0,8,17406
rope,1016,0,8,32353
attn,1016,0,8,27514
o_proj,1016,0,8,47580
post_layernorm,1016,0,8,232304
gate_proj,1016,0,8,131171
up_proj,1016,0,8,130551
act_fn,1016,0,8,26889
down_proj,1016,0,8,142200
final_layernorm,1016,0,8,231930
lm_head,1016,0,8,1089283
embedding,1017,0,8,49778
input_layernorm,1017,0,8,232347
q_proj,1017,0,8,48857
k_proj,1017,0,8,18083
v_proj,1017,0,8,17494
rope,1017,0,8,32133
attn,1017,0,8,27437
o_proj,1017,0,8,47522
post_layernorm,1017,0,8,232865
gate_proj,1017,0,8,130892
up_proj,1017,0,8,130265
act_fn,1017,0,8,26889
down_proj,1017,0,8,141893
final_layernorm,1017,0,8,232508
lm_head,1017,0,8,1087614
embedding,1018,0,8,50136
input_layernorm,1018,0,8,232608
q_proj,1018,0,8,49236
k_proj,1018,0,8,18210
v_proj,1018,0,8,17525
rope,1018,0,8,32401
attn,1018,0,8,27548
o_proj,1018,0,8,47933
post_layernorm,1018,0,8,233069
gate_proj,1018,0,8,132430
up_proj,1018,0,8,131772
act_fn,1018,0,8,26951
down_proj,1018,0,8,143224
final_layernorm,1018,0,8,232737
lm_head,1018,0,8,1099117
embedding,1019,0,8,50119
input_layernorm,1019,0,8,232629
q_proj,1019,0,8,49031
k_proj,1019,0,8,18148
v_proj,1019,0,8,17488
rope,1019,0,8,32234
attn,1019,0,8,27141
o_proj,1019,0,8,47728
post_layernorm,1019,0,8,233549
gate_proj,1019,0,8,131502
up_proj,1019,0,8,130914
act_fn,1019,0,8,26944
down_proj,1019,0,8,142595
final_layernorm,1019,0,8,232876
lm_head,1019,0,8,1093834
embedding,1020,0,8,50131
input_layernorm,1020,0,8,232475
q_proj,1020,0,8,48840
k_proj,1020,0,8,18114
v_proj,1020,0,8,17477
rope,1020,0,8,32439
attn,1020,0,8,27729
o_proj,1020,0,8,47578
post_layernorm,1020,0,8,233162
gate_proj,1020,0,8,131326
up_proj,1020,0,8,130674
act_fn,1020,0,8,27014
down_proj,1020,0,8,142319
final_layernorm,1020,0,8,232761
lm_head,1020,0,8,1090724
embedding,1021,0,8,50057
input_layernorm,1021,0,8,233240
q_proj,1021,0,8,49117
k_proj,1021,0,8,18271
v_proj,1021,0,8,17623
rope,1021,0,8,32353
attn,1021,0,8,27294
o_proj,1021,0,8,47751
post_layernorm,1021,0,8,233596
gate_proj,1021,0,8,131654
up_proj,1021,0,8,131083
act_fn,1021,0,8,27012
down_proj,1021,0,8,142544
final_layernorm,1021,0,8,233292
lm_head,1021,0,8,1094112
embedding,1022,0,8,49995
input_layernorm,1022,0,8,232665
q_proj,1022,0,8,48799
k_proj,1022,0,8,18133
v_proj,1022,0,8,17532
rope,1022,0,8,32274
attn,1022,0,8,27489
o_proj,1022,0,8,47419
post_layernorm,1022,0,8,233996
gate_proj,1022,0,8,130386
up_proj,1022,0,8,129784
act_fn,1022,0,8,27042
down_proj,1022,0,8,141686
final_layernorm,1022,0,8,233148
lm_head,1022,0,8,1086081
embedding,1023,0,8,50026
input_layernorm,1023,0,8,233558
q_proj,1023,0,8,49123
k_proj,1023,0,8,18159
v_proj,1023,0,8,17555
rope,1023,0,8,32330
attn,1023,0,8,27351
o_proj,1023,0,8,47659
post_layernorm,1023,0,8,234185
gate_proj,1023,0,8,131239
up_proj,1023,0,8,130625
act_fn,1023,0,8,27103
down_proj,1023,0,8,142331
final_layernorm,1023,0,8,233683
lm_head,1023,0,8,1091432
embedding,1024,0,8,50488
input_layernorm,1024,0,8,232542
q_proj,1024,0,8,49168
k_proj,1024,0,8,18120
v_proj,1024,0,8,17503
rope,1024,0,8,32643
attn,1024,0,8,27051
o_proj,1024,0,8,47728
post_layernorm,1024,0,8,233288
gate_proj,1024,0,8,131863
up_proj,1024,0,8,131249
act_fn,1024,0,8,27122
down_proj,1024,0,8,142909
final_layernorm,1024,0,8,232973
lm_head,1024,0,8,1096517
embedding,1025,0,8,50331
input_layernorm,1025,0,8,233389
q_proj,1025,0,8,58192
k_proj,1025,0,8,18488
v_proj,1025,0,8,17987
rope,1025,0,8,32359
attn,1025,0,8,29024
o_proj,1025,0,8,48059
post_layernorm,1025,0,8,234015
gate_proj,1025,0,8,137764
up_proj,1025,0,8,136808
act_fn,1025,0,8,26834
down_proj,1025,0,8,167774
final_layernorm,1025,0,8,233581
lm_head,1025,0,8,1091148
embedding,1026,0,8,50435
input_layernorm,1026,0,8,233348
q_proj,1026,0,8,58147
k_proj,1026,0,8,18514
v_proj,1026,0,8,17976
rope,1026,0,8,32477
attn,1026,0,8,28810
o_proj,1026,0,8,48008
post_layernorm,1026,0,8,233995
gate_proj,1026,0,8,137662
up_proj,1026,0,8,136944
act_fn,1026,0,8,26824
down_proj,1026,0,8,167667
final_layernorm,1026,0,8,233678
lm_head,1026,0,8,1088795
embedding,1027,0,8,50712
input_layernorm,1027,0,8,233676
q_proj,1027,0,8,58153
k_proj,1027,0,8,18493
v_proj,1027,0,8,17983
rope,1027,0,8,32435
attn,1027,0,8,28845
o_proj,1027,0,8,47953
post_layernorm,1027,0,8,233893
gate_proj,1027,0,8,137328
up_proj,1027,0,8,136343
act_fn,1027,0,8,26888
down_proj,1027,0,8,167421
final_layernorm,1027,0,8,233935
lm_head,1027,0,8,1088035
embedding,1028,0,8,50623
input_layernorm,1028,0,8,233803
q_proj,1028,0,8,58425
k_proj,1028,0,8,18560
v_proj,1028,0,8,18017
rope,1028,0,8,32770
attn,1028,0,8,29356
o_proj,1028,0,8,48079
post_layernorm,1028,0,8,234526
gate_proj,1028,0,8,137822
up_proj,1028,0,8,136887
act_fn,1028,0,8,26939
down_proj,1028,0,8,168594
final_layernorm,1028,0,8,233937
lm_head,1028,0,8,1093247
embedding,1029,0,8,50968
input_layernorm,1029,0,8,234441
q_proj,1029,0,8,58323
k_proj,1029,0,8,18498
v_proj,1029,0,8,18007
rope,1029,0,8,32555
attn,1029,0,8,29658
o_proj,1029,0,8,48028
post_layernorm,1029,0,8,234502
gate_proj,1029,0,8,137620
up_proj,1029,0,8,136688
act_fn,1029,0,8,26910
down_proj,1029,0,8,167417
final_layernorm,1029,0,8,234395
lm_head,1029,0,8,1088853
embedding,1030,0,8,50938
input_layernorm,1030,0,8,234298
q_proj,1030,0,8,58431
k_proj,1030,0,8,18513
v_proj,1030,0,8,18009
rope,1030,0,8,32651
attn,1030,0,8,29534
o_proj,1030,0,8,48162
post_layernorm,1030,0,8,235029
gate_proj,1030,0,8,137823
up_proj,1030,0,8,137116
act_fn,1030,0,8,26936
down_proj,1030,0,8,168111
final_layernorm,1030,0,8,234730
lm_head,1030,0,8,1092096
embedding,1031,0,8,51109
input_layernorm,1031,0,8,234729
q_proj,1031,0,8,58589
k_proj,1031,0,8,18506
v_proj,1031,0,8,18012
rope,1031,0,8,32633
attn,1031,0,8,29324
o_proj,1031,0,8,48237
post_layernorm,1031,0,8,235111
gate_proj,1031,0,8,138035
up_proj,1031,0,8,137103
act_fn,1031,0,8,26996
down_proj,1031,0,8,168236
final_layernorm,1031,0,8,234629
lm_head,1031,0,8,1092990
embedding,1032,0,8,50927
input_layernorm,1032,0,8,234558
q_proj,1032,0,8,58623
k_proj,1032,0,8,18519
v_proj,1032,0,8,18016
rope,1032,0,8,32913
attn,1032,0,8,29276
o_proj,1032,0,8,48165
post_layernorm,1032,0,8,234823
gate_proj,1032,0,8,138367
up_proj,1032,0,8,137280
act_fn,1032,0,8,27026
down_proj,1032,0,8,169131
final_layernorm,1032,0,8,234863
lm_head,1032,0,8,1094722
embedding,1033,0,8,51135
input_layernorm,1033,0,8,235129
q_proj,1033,0,8,59264
k_proj,1033,0,8,18481
v_proj,1033,0,8,17984
rope,1033,0,8,32645
attn,1033,0,8,29390
o_proj,1033,0,8,46851
post_layernorm,1033,0,8,235596
gate_proj,1033,0,8,137744
up_proj,1033,0,8,136702
act_fn,1033,0,8,27036
down_proj,1033,0,8,178322
final_layernorm,1033,0,8,234959
lm_head,1033,0,8,1089421
embedding,1034,0,8,50835
input_layernorm,1034,0,8,235149
q_proj,1034,0,8,59456
k_proj,1034,0,8,18542
v_proj,1034,0,8,18048
rope,1034,0,8,32799
attn,1034,0,8,29455
o_proj,1034,0,8,47013
post_layernorm,1034,0,8,236050
gate_proj,1034,0,8,137985
up_proj,1034,0,8,137250
act_fn,1034,0,8,27059
down_proj,1034,0,8,178645
final_layernorm,1034,0,8,235581
lm_head,1034,0,8,1092949
embedding,1035,0,8,51019
input_layernorm,1035,0,8,235455
q_proj,1035,0,8,59430
k_proj,1035,0,8,18554
v_proj,1035,0,8,18069
rope,1035,0,8,32733
attn,1035,0,8,29193
o_proj,1035,0,8,46919
post_layernorm,1035,0,8,236022
gate_proj,1035,0,8,137939
up_proj,1035,0,8,136927
act_fn,1035,0,8,27103
down_proj,1035,0,8,178389
final_layernorm,1035,0,8,235331
lm_head,1035,0,8,1090327
embedding,1036,0,8,50959
input_layernorm,1036,0,8,235262
q_proj,1036,0,8,59358
k_proj,1036,0,8,18522
v_proj,1036,0,8,18016
rope,1036,0,8,32953
attn,1036,0,8,28993
o_proj,1036,0,8,46904
post_layernorm,1036,0,8,235934
gate_proj,1036,0,8,137707
up_proj,1036,0,8,136875
act_fn,1036,0,8,27096
down_proj,1036,0,8,178474
final_layernorm,1036,0,8,235654
lm_head,1036,0,8,1091117
embedding,1037,0,8,51206
input_layernorm,1037,0,8,235943
q_proj,1037,0,8,59379
k_proj,1037,0,8,18503
v_proj,1037,0,8,18030
rope,1037,0,8,32741
attn,1037,0,8,29307
o_proj,1037,0,8,46952
post_layernorm,1037,0,8,236421
gate_proj,1037,0,8,137757
up_proj,1037,0,8,136853
act_fn,1037,0,8,27179
down_proj,1037,0,8,178526
final_layernorm,1037,0,8,235742
lm_head,1037,0,8,1091622
embedding,1038,0,8,50740
input_layernorm,1038,0,8,235661
q_proj,1038,0,8,59156
k_proj,1038,0,8,18420
v_proj,1038,0,8,17958
rope,1038,0,8,32724
attn,1038,0,8,29384
o_proj,1038,0,8,46836
post_layernorm,1038,0,8,236224
gate_proj,1038,0,8,137087
up_proj,1038,0,8,136342
act_fn,1038,0,8,27160
down_proj,1038,0,8,177817
final_layernorm,1038,0,8,235783
lm_head,1038,0,8,1086373
embedding,1039,0,8,50992
input_layernorm,1039,0,8,236129
q_proj,1039,0,8,59344
k_proj,1039,0,8,18513
v_proj,1039,0,8,18031
rope,1039,0,8,32723
attn,1039,0,8,29061
o_proj,1039,0,8,47032
post_layernorm,1039,0,8,236503
gate_proj,1039,0,8,137390
up_proj,1039,0,8,136441
act_fn,1039,0,8,27197
down_proj,1039,0,8,177829
final_layernorm,1039,0,8,236238
lm_head,1039,0,8,1087487
embedding,1040,0,8,51070
input_layernorm,1040,0,8,236002
q_proj,1040,0,8,59343
k_proj,1040,0,8,18463
v_proj,1040,0,8,17987
rope,1040,0,8,32905
attn,1040,0,8,29011
o_proj,1040,0,8,46889
post_layernorm,1040,0,8,236858
gate_proj,1040,0,8,137616
up_proj,1040,0,8,136638
act_fn,1040,0,8,27216
down_proj,1040,0,8,178311
final_layernorm,1040,0,8,236044
lm_head,1040,0,8,1089369
embedding,1041,0,8,50927
input_layernorm,1041,0,8,236646
q_proj,1041,0,8,59434
k_proj,1041,0,8,18514
v_proj,1041,0,8,18024
rope,1041,0,8,32740
attn,1041,0,8,29326
o_proj,1041,0,8,47011
post_layernorm,1041,0,8,236885
gate_proj,1041,0,8,137549
up_proj,1041,0,8,136538
act_fn,1041,0,8,27276
down_proj,1041,0,8,178363
final_layernorm,1041,0,8,236918
lm_head,1041,0,8,1090465
embedding,1042,0,8,51115
input_layernorm,1042,0,8,236291
q_proj,1042,0,8,59425
k_proj,1042,0,8,18534
v_proj,1042,0,8,18032
rope,1042,0,8,32861
attn,1042,0,8,29393
o_proj,1042,0,8,47024
post_layernorm,1042,0,8,237207
gate_proj,1042,0,8,137728
up_proj,1042,0,8,136957
act_fn,1042,0,8,27278
down_proj,1042,0,8,178240
final_layernorm,1042,0,8,236996
lm_head,1042,0,8,1090304
embedding,1043,0,8,51122
input_layernorm,1043,0,8,236902
q_proj,1043,0,8,59388
k_proj,1043,0,8,18520
v_proj,1043,0,8,18001
rope,1043,0,8,32823
attn,1043,0,8,29395
o_proj,1043,0,8,46962
post_layernorm,1043,0,8,237487
gate_proj,1043,0,8,137982
up_proj,1043,0,8,136966
act_fn,1043,0,8,27313
down_proj,1043,0,8,178624
final_layernorm,1043,0,8,237059
lm_head,1043,0,8,1091482
embedding,1044,0,8,50680
input_layernorm,1044,0,8,236743
q_proj,1044,0,8,59427
k_proj,1044,0,8,18517
v_proj,1044,0,8,18033
rope,1044,0,8,32948
attn,1044,0,8,29404
o_proj,1044,0,8,46953
post_layernorm,1044,0,8,237253
gate_proj,1044,0,8,137130
up_proj,1044,0,8,136140
act_fn,1044,0,8,27337
down_proj,1044,0,8,177797
final_layernorm,1044,0,8,237120
lm_head,1044,0,8,1087266
embedding,1045,0,8,51464
input_layernorm,1045,0,8,237327
q_proj,1045,0,8,59416
k_proj,1045,0,8,18520
v_proj,1045,0,8,18049
rope,1045,0,8,32825
attn,1045,0,8,29678
o_proj,1045,0,8,47067
post_layernorm,1045,0,8,237713
gate_proj,1045,0,8,137610
up_proj,1045,0,8,136635
act_fn,1045,0,8,27345
down_proj,1045,0,8,178295
final_layernorm,1045,0,8,237641
lm_head,1045,0,8,1089530
embedding,1046,0,8,51329
input_layernorm,1046,0,8,237773
q_proj,1046,0,8,59530
k_proj,1046,0,8,18552
v_proj,1046,0,8,18092
rope,1046,0,8,32872
attn,1046,0,8,29192
o_proj,1046,0,8,47120
post_layernorm,1046,0,8,238165
gate_proj,1046,0,8,137225
up_proj,1046,0,8,136448
act_fn,1046,0,8,27358
down_proj,1046,0,8,177780
final_layernorm,1046,0,8,238125
lm_head,1046,0,8,1086811
embedding,1047,0,8,51740
input_layernorm,1047,0,8,237876
q_proj,1047,0,8,59465
k_proj,1047,0,8,18539
v_proj,1047,0,8,18054
rope,1047,0,8,32798
attn,1047,0,8,29479
o_proj,1047,0,8,47100
post_layernorm,1047,0,8,237972
gate_proj,1047,0,8,137493
up_proj,1047,0,8,136489
act_fn,1047,0,8,27400
down_proj,1047,0,8,177938
final_layernorm,1047,0,8,237887
lm_head,1047,0,8,1086442
embedding,1048,0,8,51508
input_layernorm,1048,0,8,237408
q_proj,1048,0,8,59862
k_proj,1048,0,8,18664
v_proj,1048,0,8,18176
rope,1048,0,8,33081
attn,1048,0,8,29443
o_proj,1048,0,8,47276
post_layernorm,1048,0,8,238150
gate_proj,1048,0,8,137870
up_proj,1048,0,8,136935
act_fn,1048,0,8,27429
down_proj,1048,0,8,178839
final_layernorm,1048,0,8,237974
lm_head,1048,0,8,1094849
embedding,1049,0,8,51959
input_layernorm,1049,0,8,238393
q_proj,1049,0,8,59547
k_proj,1049,0,8,18551
v_proj,1049,0,8,18090
rope,1049,0,8,32938
attn,1049,0,8,29442
o_proj,1049,0,8,47163
post_layernorm,1049,0,8,238675
gate_proj,1049,0,8,137681
up_proj,1049,0,8,136707
act_fn,1049,0,8,27454
down_proj,1049,0,8,178375
final_layernorm,1049,0,8,238500
lm_head,1049,0,8,1089553
embedding,1050,0,8,51829
input_layernorm,1050,0,8,238127
q_proj,1050,0,8,59756
k_proj,1050,0,8,18625
v_proj,1050,0,8,18145
rope,1050,0,8,33015
attn,1050,0,8,29601
o_proj,1050,0,8,47276
post_layernorm,1050,0,8,239072
gate_proj,1050,0,8,138366
up_proj,1050,0,8,137561
act_fn,1050,0,8,27462
down_proj,1050,0,8,178914
final_layernorm,1050,0,8,238806
lm_head,1050,0,8,1094604
embedding,1051,0,8,52035
input_layernorm,1051,0,8,238676
q_proj,1051,0,8,59634
k_proj,1051,0,8,18598
v_proj,1051,0,8,18122
rope,1051,0,8,32935
attn,1051,0,8,29481
o_proj,1051,0,8,47120
post_layernorm,1051,0,8,238815
gate_proj,1051,0,8,137956
up_proj,1051,0,8,136958
act_fn,1051,0,8,27481
down_proj,1051,0,8,178687
final_layernorm,1051,0,8,238868
lm_head,1051,0,8,1092087
embedding,1052,0,8,51720
input_layernorm,1052,0,8,238610
q_proj,1052,0,8,59675
k_proj,1052,0,8,18652
v_proj,1052,0,8,18188
rope,1052,0,8,33131
attn,1052,0,8,29513
o_proj,1052,0,8,47269
post_layernorm,1052,0,8,239230
gate_proj,1052,0,8,137711
up_proj,1052,0,8,136703
act_fn,1052,0,8,27520
down_proj,1052,0,8,178546
final_layernorm,1052,0,8,238961
lm_head,1052,0,8,1091805
embedding,1053,0,8,51857
input_layernorm,1053,0,8,239125
q_proj,1053,0,8,59714
k_proj,1053,0,8,18631
v_proj,1053,0,8,18160
rope,1053,0,8,32989
attn,1053,0,8,29671
o_proj,1053,0,8,47184
post_layernorm,1053,0,8,239444
gate_proj,1053,0,8,137712
up_proj,1053,0,8,136748
act_fn,1053,0,8,27548
down_proj,1053,0,8,178552
final_layernorm,1053,0,8,239296
lm_head,1053,0,8,1092024
embedding,1054,0,8,51891
input_layernorm,1054,0,8,239047
q_proj,1054,0,8,59824
k_proj,1054,0,8,18674
v_proj,1054,0,8,18200
rope,1054,0,8,33138
attn,1054,0,8,29589
o_proj,1054,0,8,47319
post_layernorm,1054,0,8,239781
gate_proj,1054,0,8,138140
up_proj,1054,0,8,137374
act_fn,1054,0,8,27586
down_proj,1054,0,8,178927
final_layernorm,1054,0,8,239662
lm_head,1054,0,8,1094281
embedding,1055,0,8,52133
input_layernorm,1055,0,8,239486
q_proj,1055,0,8,59720
k_proj,1055,0,8,18643
v_proj,1055,0,8,18160
rope,1055,0,8,33075
attn,1055,0,8,29851
o_proj,1055,0,8,47250
post_layernorm,1055,0,8,239677
gate_proj,1055,0,8,138255
up_proj,1055,0,8,137207
act_fn,1055,0,8,27565
down_proj,1055,0,8,178735
final_layernorm,1055,0,8,239610
lm_head,1055,0,8,1093217
embedding,1056,0,8,51751
input_layernorm,1056,0,8,239131
q_proj,1056,0,8,59713
k_proj,1056,0,8,18637
v_proj,1056,0,8,18178
rope,1056,0,8,33199
attn,1056,0,8,29258
o_proj,1056,0,8,47222
post_layernorm,1056,0,8,239790
gate_proj,1056,0,8,137602
up_proj,1056,0,8,136638
act_fn,1056,0,8,27647
down_proj,1056,0,8,178435
final_layernorm,1056,0,8,239463
lm_head,1056,0,8,1092293
embedding,1057,0,8,52168
input_layernorm,1057,0,8,239788
q_proj,1057,0,8,59634
k_proj,1057,0,8,18727
v_proj,1057,0,8,18262
rope,1057,0,8,33166
attn,1057,0,8,29838
o_proj,1057,0,8,46775
post_layernorm,1057,0,8,240168
gate_proj,1057,0,8,138469
up_proj,1057,0,8,137377
act_fn,1057,0,8,27647
down_proj,1057,0,8,179076
final_layernorm,1057,0,8,239912
lm_head,1057,0,8,1095538
embedding,1058,0,8,52123
input_layernorm,1058,0,8,239686
q_proj,1058,0,8,59688
k_proj,1058,0,8,18740
v_proj,1058,0,8,18245
rope,1058,0,8,33228
attn,1058,0,8,30134
o_proj,1058,0,8,46791
post_layernorm,1058,0,8,240594
gate_proj,1058,0,8,138858
up_proj,1058,0,8,138010
act_fn,1058,0,8,27674
down_proj,1058,0,8,179299
final_layernorm,1058,0,8,240370
lm_head,1058,0,8,1096063
embedding,1059,0,8,52170
input_layernorm,1059,0,8,240106
q_proj,1059,0,8,59668
k_proj,1059,0,8,18734
v_proj,1059,0,8,18243
rope,1059,0,8,33179
attn,1059,0,8,29744
o_proj,1059,0,8,46778
post_layernorm,1059,0,8,240742
gate_proj,1059,0,8,138383
up_proj,1059,0,8,137400
act_fn,1059,0,8,27728
down_proj,1059,0,8,179287
final_layernorm,1059,0,8,240480
lm_head,1059,0,8,1096244
embedding,1060,0,8,51981
input_layernorm,1060,0,8,240349
q_proj,1060,0,8,59581
k_proj,1060,0,8,18721
v_proj,1060,0,8,18197
rope,1060,0,8,33348
attn,1060,0,8,29384
o_proj,1060,0,8,46678
post_layernorm,1060,0,8,240854
gate_proj,1060,0,8,137775
up_proj,1060,0,8,136749
act_fn,1060,0,8,27765
down_proj,1060,0,8,178787
final_layernorm,1060,0,8,240914
lm_head,1060,0,8,1091876
embedding,1061,0,8,52305
input_layernorm,1061,0,8,240610
q_proj,1061,0,8,59618
k_proj,1061,0,8,18751
v_proj,1061,0,8,18228
rope,1061,0,8,33185
attn,1061,0,8,29654
o_proj,1061,0,8,46760
post_layernorm,1061,0,8,240851
gate_proj,1061,0,8,138055
up_proj,1061,0,8,137089
act_fn,1061,0,8,27754
down_proj,1061,0,8,178722
final_layernorm,1061,0,8,240751
lm_head,1061,0,8,1092241
embedding,1062,0,8,52051
input_layernorm,1062,0,8,240988
q_proj,1062,0,8,59745
k_proj,1062,0,8,18779
v_proj,1062,0,8,18275
rope,1062,0,8,33307
attn,1062,0,8,29417
o_proj,1062,0,8,46943
post_layernorm,1062,0,8,241337
gate_proj,1062,0,8,138408
up_proj,1062,0,8,137669
act_fn,1062,0,8,27819
down_proj,1062,0,8,179053
final_layernorm,1062,0,8,241548
lm_head,1062,0,8,1094475
embedding,1063,0,8,52067
input_layernorm,1063,0,8,241052
q_proj,1063,0,8,59591
k_proj,1063,0,8,18728
v_proj,1063,0,8,18218
rope,1063,0,8,33228
attn,1063,0,8,29714
o_proj,1063,0,8,46767
post_layernorm,1063,0,8,241401
gate_proj,1063,0,8,138029
up_proj,1063,0,8,136903
act_fn,1063,0,8,27808
down_proj,1063,0,8,178773
final_layernorm,1063,0,8,241168
lm_head,1063,0,8,1090861
embedding,1064,0,8,52274
input_layernorm,1064,0,8,240776
q_proj,1064,0,8,59803
k_proj,1064,0,8,18792
v_proj,1064,0,8,18301
rope,1064,0,8,33498
attn,1064,0,8,29423
o_proj,1064,0,8,46837
post_layernorm,1064,0,8,241729
gate_proj,1064,0,8,138754
up_proj,1064,0,8,137758
act_fn,1064,0,8,27837
down_proj,1064,0,8,179633
final_layernorm,1064,0,8,241324
lm_head,1064,0,8,1100187
embedding,1065,0,8,52314
input_layernorm,1065,0,8,241378
q_proj,1065,0,8,59791
k_proj,1065,0,8,18780
v_proj,1065,0,8,18262
rope,1065,0,8,33313
attn,1065,0,8,29830
o_proj,1065,0,8,46823
post_layernorm,1065,0,8,241679
gate_proj,1065,0,8,138348
up_proj,1065,0,8,137275
act_fn,1065,0,8,27863
down_proj,1065,0,8,179234
final_layernorm,1065,0,8,241753
lm_head,1065,0,8,1094303
embedding,1066,0,8,52714
input_layernorm,1066,0,8,241264
q_proj,1066,0,8,59727
k_proj,1066,0,8,18792
v_proj,1066,0,8,18265
rope,1066,0,8,33354
attn,1066,0,8,29574
o_proj,1066,0,8,46775
post_layernorm,1066,0,8,241880
gate_proj,1066,0,8,138291
up_proj,1066,0,8,137564
act_fn,1066,0,8,27924
down_proj,1066,0,8,178858
final_layernorm,1066,0,8,241808
lm_head,1066,0,8,1095106
embedding,1067,0,8,52716
input_layernorm,1067,0,8,241632
q_proj,1067,0,8,59685
k_proj,1067,0,8,18763
v_proj,1067,0,8,18230
rope,1067,0,8,33331
attn,1067,0,8,29435
o_proj,1067,0,8,46753
post_layernorm,1067,0,8,241767
gate_proj,1067,0,8,138593
up_proj,1067,0,8,137502
act_fn,1067,0,8,27974
down_proj,1067,0,8,179049
final_layernorm,1067,0,8,241967
lm_head,1067,0,8,1094550
embedding,1068,0,8,52641
input_layernorm,1068,0,8,241981
q_proj,1068,0,8,59846
k_proj,1068,0,8,18798
v_proj,1068,0,8,18267
rope,1068,0,8,33592
attn,1068,0,8,29720
o_proj,1068,0,8,46828
post_layernorm,1068,0,8,242394
gate_proj,1068,0,8,138473
up_proj,1068,0,8,137368
act_fn,1068,0,8,27953
down_proj,1068,0,8,179262
final_layernorm,1068,0,8,242331
lm_head,1068,0,8,1096709
embedding,1069,0,8,52958
input_layernorm,1069,0,8,242109
q_proj,1069,0,8,59710
k_proj,1069,0,8,18749
v_proj,1069,0,8,18220
rope,1069,0,8,33380
attn,1069,0,8,29612
o_proj,1069,0,8,46826
post_layernorm,1069,0,8,242325
gate_proj,1069,0,8,138215
up_proj,1069,0,8,137202
act_fn,1069,0,8,27984
down_proj,1069,0,8,179157
final_layernorm,1069,0,8,242178
lm_head,1069,0,8,1095331
embedding,1070,0,8,52972
input_layernorm,1070,0,8,242125
q_proj,1070,0,8,59801
k_proj,1070,0,8,18805
v_proj,1070,0,8,18273
rope,1070,0,8,33434
attn,1070,0,8,29534
o_proj,1070,0,8,46964
post_layernorm,1070,0,8,242934
gate_proj,1070,0,8,138282
up_proj,1070,0,8,137476
act_fn,1070,0,8,27998
down_proj,1070,0,8,179055
final_layernorm,1070,0,8,242738
lm_head,1070,0,8,1095786
embedding,1071,0,8,53046
input_layernorm,1071,0,8,242400
q_proj,1071,0,8,60047
k_proj,1071,0,8,18882
v_proj,1071,0,8,18338
rope,1071,0,8,33448
attn,1071,0,8,29527
o_proj,1071,0,8,47108
post_layernorm,1071,0,8,242653
gate_proj,1071,0,8,138825
up_proj,1071,0,8,137804
act_fn,1071,0,8,28051
down_proj,1071,0,8,179569
final_layernorm,1071,0,8,242782
lm_head,1071,0,8,1097056
embedding,1072,0,8,52759
input_layernorm,1072,0,8,242163
q_proj,1072,0,8,59841
k_proj,1072,0,8,18841
v_proj,1072,0,8,18294
rope,1072,0,8,33539
attn,1072,0,8,29535
o_proj,1072,0,8,46934
post_layernorm,1072,0,8,242596
gate_proj,1072,0,8,137964
up_proj,1072,0,8,136926
act_fn,1072,0,8,28073
down_proj,1072,0,8,178801
final_layernorm,1072,0,8,242471
lm_head,1072,0,8,1093609
embedding,1073,0,8,53240
input_layernorm,1073,0,8,242951
q_proj,1073,0,8,59988
k_proj,1073,0,8,18864
v_proj,1073,0,8,18330
rope,1073,0,8,33483
attn,1073,0,8,29099
o_proj,1073,0,8,47084
post_layernorm,1073,0,8,243355
gate_proj,1073,0,8,138764
up_proj,1073,0,8,137623
act_fn,1073,0,8,28072
down_proj,1073,0,8,179722
final_layernorm,1073,0,8,243239
lm_head,1073,0,8,1098650
embedding,1074,0,8,53189
input_layernorm,1074,0,8,243125
q_proj,1074,0,8,60075
k_proj,1074,0,8,18887
v_proj,1074,0,8,18367
rope,1074,0,8,33538
attn,1074,0,8,29758
o_proj,1074,0,8,47075
post_layernorm,1074,0,8,243854
gate_proj,1074,0,8,139056
up_proj,1074,0,8,138309
act_fn,1074,0,8,28139
down_proj,1074,0,8,179703
final_layernorm,1074,0,8,243446
lm_head,1074,0,8,1099047
embedding,1075,0,8,53096
input_layernorm,1075,0,8,243360
q_proj,1075,0,8,59838
k_proj,1075,0,8,18812
v_proj,1075,0,8,18306
rope,1075,0,8,33429
attn,1075,0,8,29365
o_proj,1075,0,8,46882
post_layernorm,1075,0,8,243668
gate_proj,1075,0,8,138165
up_proj,1075,0,8,137142
act_fn,1075,0,8,28127
down_proj,1075,0,8,178996
final_layernorm,1075,0,8,243517
lm_head,1075,0,8,1095908
embedding,1076,0,8,53065
input_layernorm,1076,0,8,243445
q_proj,1076,0,8,60125
k_proj,1076,0,8,18905
v_proj,1076,0,8,18398
rope,1076,0,8,33704
attn,1076,0,8,29306
o_proj,1076,0,8,47124
post_layernorm,1076,0,8,244497
gate_proj,1076,0,8,138636
up_proj,1076,0,8,137494
act_fn,1076,0,8,28136
down_proj,1076,0,8,179446
final_layernorm,1076,0,8,243953
lm_head,1076,0,8,1096831
embedding,1077,0,8,53327
input_layernorm,1077,0,8,244012
q_proj,1077,0,8,60022
k_proj,1077,0,8,18892
v_proj,1077,0,8,18353
rope,1077,0,8,33556
attn,1077,0,8,29726
o_proj,1077,0,8,47041
post_layernorm,1077,0,8,244178
gate_proj,1077,0,8,138865
up_proj,1077,0,8,137773
act_fn,1077,0,8,28172
down_proj,1077,0,8,179785
final_layernorm,1077,0,8,244156
lm_head,1077,0,8,1100418
embedding,1078,0,8,53182
input_layernorm,1078,0,8,243853
q_proj,1078,0,8,60157
k_proj,1078,0,8,18945
v_proj,1078,0,8,18437
rope,1078,0,8,33699
attn,1078,0,8,29612
o_proj,1078,0,8,47163
post_layernorm,1078,0,8,244275
gate_proj,1078,0,8,138911
up_proj,1078,0,8,138141
act_fn,1078,0,8,28212
down_proj,1078,0,8,179707
final_layernorm,1078,0,8,244129
lm_head,1078,0,8,1099368
embedding,1079,0,8,53300
input_layernorm,1079,0,8,244305
q_proj,1079,0,8,60349
k_proj,1079,0,8,19018
v_proj,1079,0,8,18477
rope,1079,0,8,33767
attn,1079,0,8,29997
o_proj,1079,0,8,47383
post_layernorm,1079,0,8,244652
gate_proj,1079,0,8,139588
up_proj,1079,0,8,138507
act_fn,1079,0,8,28207
down_proj,1079,0,8,180231
final_layernorm,1079,0,8,244393
lm_head,1079,0,8,1102957
embedding,1080,0,8,53082
input_layernorm,1080,0,8,244094
q_proj,1080,0,8,60210
k_proj,1080,0,8,18978
v_proj,1080,0,8,18458
rope,1080,0,8,33863
attn,1080,0,8,29861
o_proj,1080,0,8,47192
post_layernorm,1080,0,8,244440
gate_proj,1080,0,8,138755
up_proj,1080,0,8,137686
act_fn,1080,0,8,28255
down_proj,1080,0,8,179660
final_layernorm,1080,0,8,244468
lm_head,1080,0,8,1098856
embedding,1081,0,8,53263
input_layernorm,1081,0,8,244798
q_proj,1081,0,8,60031
k_proj,1081,0,8,18870
v_proj,1081,0,8,18369
rope,1081,0,8,33691
attn,1081,0,8,29624
o_proj,1081,0,8,47084
post_layernorm,1081,0,8,245066
gate_proj,1081,0,8,138617
up_proj,1081,0,8,137557
act_fn,1081,0,8,28273
down_proj,1081,0,8,179545
final_layernorm,1081,0,8,245004
lm_head,1081,0,8,1096269
embedding,1082,0,8,52974
input_layernorm,1082,0,8,244379
q_proj,1082,0,8,59926
k_proj,1082,0,8,18894
v_proj,1082,0,8,18414
rope,1082,0,8,33682
attn,1082,0,8,29356
o_proj,1082,0,8,47063
post_layernorm,1082,0,8,244981
gate_proj,1082,0,8,138384
up_proj,1082,0,8,137643
act_fn,1082,0,8,28310
down_proj,1082,0,8,178811
final_layernorm,1082,0,8,244959
lm_head,1082,0,8,1094312
embedding,1083,0,8,53396
input_layernorm,1083,0,8,244886
q_proj,1083,0,8,60018
k_proj,1083,0,8,18916
v_proj,1083,0,8,18403
rope,1083,0,8,33734
attn,1083,0,8,29691
o_proj,1083,0,8,47063
post_layernorm,1083,0,8,245219
gate_proj,1083,0,8,138643
up_proj,1083,0,8,137618
act_fn,1083,0,8,28379
down_proj,1083,0,8,179394
final_layernorm,1083,0,8,245018
lm_head,1083,0,8,1095882
embedding,1084,0,8,53117
input_layernorm,1084,0,8,244892
q_proj,1084,0,8,60084
k_proj,1084,0,8,18953
v_proj,1084,0,8,18435
rope,1084,0,8,33925
attn,1084,0,8,29714
o_proj,1084,0,8,47137
post_layernorm,1084,0,8,245540
gate_proj,1084,0,8,138230
up_proj,1084,0,8,137179
act_fn,1084,0,8,28364
down_proj,1084,0,8,179134
final_layernorm,1084,0,8,245301
lm_head,1084,0,8,1094617
embedding,1085,0,8,53394
input_layernorm,1085,0,8,245469
q_proj,1085,0,8,60314
k_proj,1085,0,8,19008
v_proj,1085,0,8,18475
rope,1085,0,8,33853
attn,1085,0,8,29833
o_proj,1085,0,8,47265
post_layernorm,1085,0,8,245909
gate_proj,1085,0,8,138894
up_proj,1085,0,8,137853
act_fn,1085,0,8,28405
down_proj,1085,0,8,180021
final_layernorm,1085,0,8,245533
lm_head,1085,0,8,1100549
embedding,1086,0,8,53140
input_layernorm,1086,0,8,245378
q_proj,1086,0,8,60107
k_proj,1086,0,8,18933
v_proj,1086,0,8,18410
rope,1086,0,8,33861
attn,1086,0,8,30040
o_proj,1086,0,8,47077
post_layernorm,1086,0,8,245920
gate_proj,1086,0,8,138601
up_proj,1086,0,8,137829
act_fn,1086,0,8,28437
down_proj,1086,0,8,179617
final_layernorm,1086,0,8,245750
lm_head,1086,0,8,1098426
embedding,1087,0,8,53645
input_layernorm,1087,0,8,245775
q_proj,1087,0,8,60201
k_proj,1087,0,8,18965
v_proj,1087,0,8,18461
rope,1087,0,8,33864
attn,1087,0,8,29922
o_proj,1087,0,8,47172
post_layernorm,1087,0,8,246142
gate_proj,1087,0,8,138913
up_proj,1087,0,8,137882
act_fn,1087,0,8,28470
down_proj,1087,0,8,179744
final_layernorm,1087,0,8,245792
lm_head,1087,0,8,1099016
embedding,1088,0,8,53740
input_layernorm,1088,0,8,245405
q_proj,1088,0,8,60280
k_proj,1088,0,8,19006
v_proj,1088,0,8,18503
rope,1088,0,8,34061
attn,1088,0,8,28557
o_proj,1088,0,8,47206
post_layernorm,1088,0,8,245896
gate_proj,1088,0,8,138966
up_proj,1088,0,8,137956
act_fn,1088,0,8,28501
down_proj,1088,0,8,179843
final_layernorm,1088,0,8,245754
lm_head,1088,0,8,1101208
embedding,1089,0,8,53859
input_layernorm,1089,0,8,245994
q_proj,1089,0,8,60248
k_proj,1089,0,8,19720
v_proj,1089,0,8,19038
rope,1089,0,8,33887
attn,1089,0,8,32003
o_proj,1089,0,8,47239
post_layernorm,1089,0,8,246320
gate_proj,1089,0,8,138829
up_proj,1089,0,8,137718
act_fn,1089,0,8,28505
down_proj,1089,0,8,179600
final_layernorm,1089,0,8,245950
lm_head,1089,0,8,1097499
embedding,1090,0,8,53919
input_layernorm,1090,0,8,246872
q_proj,1090,0,8,60548
k_proj,1090,0,8,19825
v_proj,1090,0,8,19114
rope,1090,0,8,33986
attn,1090,0,8,32095
o_proj,1090,0,8,47475
post_layernorm,1090,0,8,247257
gate_proj,1090,0,8,139410
up_proj,1090,0,8,138646
act_fn,1090,0,8,28532
down_proj,1090,0,8,179833
final_layernorm,1090,0,8,247050
lm_head,1090,0,8,1100218
embedding,1091,0,8,53793
input_layernorm,1091,0,8,246579
q_proj,1091,0,8,60286
k_proj,1091,0,8,19688
v_proj,1091,0,8,19017
rope,1091,0,8,33929
attn,1091,0,8,32210
o_proj,1091,0,8,47231
post_layernorm,1091,0,8,247007
gate_proj,1091,0,8,138771
up_proj,1091,0,8,137774
act_fn,1091,0,8,28539
down_proj,1091,0,8,179751
final_layernorm,1091,0,8,246433
lm_head,1091,0,8,1099419
embedding,1092,0,8,54207
input_layernorm,1092,0,8,246386
q_proj,1092,0,8,60299
k_proj,1092,0,8,19692
v_proj,1092,0,8,19035
rope,1092,0,8,34122
attn,1092,0,8,32352
o_proj,1092,0,8,47308
post_layernorm,1092,0,8,247019
gate_proj,1092,0,8,138724
up_proj,1092,0,8,137687
act_fn,1092,0,8,28577
down_proj,1092,0,8,179524
final_layernorm,1092,0,8,246866
lm_head,1092,0,8,1099498
embedding,1093,0,8,54195
input_layernorm,1093,0,8,247162
q_proj,1093,0,8,60490
k_proj,1093,0,8,19790
v_proj,1093,0,8,19120
rope,1093,0,8,34118
attn,1093,0,8,31843
o_proj,1093,0,8,47535
post_layernorm,1093,0,8,247472
gate_proj,1093,0,8,139531
up_proj,1093,0,8,138595
act_fn,1093,0,8,28577
down_proj,1093,0,8,180273
final_layernorm,1093,0,8,247152
lm_head,1093,0,8,1102925
embedding,1094,0,8,53916
input_layernorm,1094,0,8,246658
q_proj,1094,0,8,60228
k_proj,1094,0,8,19696
v_proj,1094,0,8,19053
rope,1094,0,8,34061
attn,1094,0,8,32071
o_proj,1094,0,8,47265
post_layernorm,1094,0,8,247323
gate_proj,1094,0,8,138209
up_proj,1094,0,8,137437
act_fn,1094,0,8,28577
down_proj,1094,0,8,179037
final_layernorm,1094,0,8,247141
lm_head,1094,0,8,1095486
embedding,1095,0,8,53999
input_layernorm,1095,0,8,247385
q_proj,1095,0,8,60598
k_proj,1095,0,8,19854
v_proj,1095,0,8,19208
rope,1095,0,8,34125
attn,1095,0,8,31903
o_proj,1095,0,8,47532
post_layernorm,1095,0,8,247888
gate_proj,1095,0,8,139049
up_proj,1095,0,8,137997
act_fn,1095,0,8,28645
down_proj,1095,0,8,180002
final_layernorm,1095,0,8,247467
lm_head,1095,0,8,1100539
embedding,1096,0,8,54204
input_layernorm,1096,0,8,247356
q_proj,1096,0,8,60603
k_proj,1096,0,8,19827
v_proj,1096,0,8,19190
rope,1096,0,8,34342
attn,1096,0,8,32143
o_proj,1096,0,8,47464
post_layernorm,1096,0,8,247930
gate_proj,1096,0,8,139029
up_proj,1096,0,8,137992
act_fn,1096,0,8,28638
down_proj,1096,0,8,179936
final_layernorm,1096,0,8,247673
lm_head,1096,0,8,1101826
embedding,1097,0,8,54153
input_layernorm,1097,0,8,247902
q_proj,1097,0,8,60590
k_proj,1097,0,8,19854
v_proj,1097,0,8,19192
rope,1097,0,8,34216
attn,1097,0,8,32324
o_proj,1097,0,8,47475
post_layernorm,1097,0,8,248390
gate_proj,1097,0,8,139181
up_proj,1097,0,8,138134
act_fn,1097,0,8,28716
down_proj,1097,0,8,180109
final_layernorm,1097,0,8,247951
lm_head,1097,0,8,1101602
embedding,1098,0,8,54233
input_layernorm,1098,0,8,247584
q_proj,1098,0,8,60659
k_proj,1098,0,8,19892
v_proj,1098,0,8,19226
rope,1098,0,8,34218
attn,1098,0,8,32149
o_proj,1098,0,8,47565
post_layernorm,1098,0,8,248521
gate_proj,1098,0,8,139191
up_proj,1098,0,8,138477
act_fn,1098,0,8,28709
down_proj,1098,0,8,179901
final_layernorm,1098,0,8,248302
lm_head,1098,0,8,1101791
embedding,1099,0,8,53958
input_layernorm,1099,0,8,248177
q_proj,1099,0,8,60450
k_proj,1099,0,8,19805
v_proj,1099,0,8,19138
rope,1099,0,8,34135
attn,1099,0,8,31884
o_proj,1099,0,8,47370
post_layernorm,1099,0,8,248609
gate_proj,1099,0,8,139026
up_proj,1099,0,8,137889
act_fn,1099,0,8,28729
down_proj,1099,0,8,179605
final_layernorm,1099,0,8,248517
lm_head,1099,0,8,1098508
embedding,1100,0,8,54303
input_layernorm,1100,0,8,248081
q_proj,1100,0,8,60506
k_proj,1100,0,8,19846
v_proj,1100,0,8,19162
rope,1100,0,8,34356
attn,1100,0,8,32133
o_proj,1100,0,8,47519
post_layernorm,1100,0,8,248676
gate_proj,1100,0,8,138523
up_proj,1100,0,8,137466
act_fn,1100,0,8,28783
down_proj,1100,0,8,179637
final_layernorm,1100,0,8,248771
lm_head,1100,0,8,1098334
embedding,1101,0,8,54195
input_layernorm,1101,0,8,248513
q_proj,1101,0,8,60524
k_proj,1101,0,8,19818
v_proj,1101,0,8,19123
rope,1101,0,8,34186
attn,1101,0,8,31640
o_proj,1101,0,8,47502
post_layernorm,1101,0,8,249386
gate_proj,1101,0,8,139078
up_proj,1101,0,8,138070
act_fn,1101,0,8,28781
down_proj,1101,0,8,180145
final_layernorm,1101,0,8,248818
lm_head,1101,0,8,1101742
embedding,1102,0,8,54244
input_layernorm,1102,0,8,249166
q_proj,1102,0,8,60704
k_proj,1102,0,8,19921
v_proj,1102,0,8,19209
rope,1102,0,8,34265
attn,1102,0,8,31412
o_proj,1102,0,8,47658
post_layernorm,1102,0,8,250075
gate_proj,1102,0,8,138925
up_proj,1102,0,8,138172
act_fn,1102,0,8,28833
down_proj,1102,0,8,179850
final_layernorm,1102,0,8,249576
lm_head,1102,0,8,1099428
embedding,1103,0,8,54371
input_layernorm,1103,0,8,249345
q_proj,1103,0,8,60651
k_proj,1103,0,8,19865
v_proj,1103,0,8,19190
rope,1103,0,8,34240
attn,1103,0,8,32156
o_proj,1103,0,8,47634
post_layernorm,1103,0,8,249427
gate_proj,1103,0,8,139465
up_proj,1103,0,8,138293
act_fn,1103,0,8,28897
down_proj,1103,0,8,180324
final_layernorm,1103,0,8,249268
lm_head,1103,0,8,1102503
embedding,1104,0,8,54472
input_layernorm,1104,0,8,248921
q_proj,1104,0,8,60667
k_proj,1104,0,8,19894
v_proj,1104,0,8,19207
rope,1104,0,8,34462
attn,1104,0,8,32494
o_proj,1104,0,8,47606
post_layernorm,1104,0,8,249697
gate_proj,1104,0,8,138943
up_proj,1104,0,8,137777
act_fn,1104,0,8,28873
down_proj,1104,0,8,179807
final_layernorm,1104,0,8,249396
lm_head,1104,0,8,1100554
embedding,1105,0,8,54276
input_layernorm,1105,0,8,249527
q_proj,1105,0,8,60595
k_proj,1105,0,8,19875
v_proj,1105,0,8,19201
rope,1105,0,8,34246
attn,1105,0,8,32058
o_proj,1105,0,8,47563
post_layernorm,1105,0,8,249825
gate_proj,1105,0,8,139034
up_proj,1105,0,8,137967
act_fn,1105,0,8,28934
down_proj,1105,0,8,179832
final_layernorm,1105,0,8,249614
lm_head,1105,0,8,1100063
embedding,1106,0,8,54424
input_layernorm,1106,0,8,249278
q_proj,1106,0,8,60600
k_proj,1106,0,8,19860
v_proj,1106,0,8,19213
rope,1106,0,8,34373
attn,1106,0,8,32399
o_proj,1106,0,8,47539
post_layernorm,1106,0,8,250316
gate_proj,1106,0,8,139014
up_proj,1106,0,8,138170
act_fn,1106,0,8,28956
down_proj,1106,0,8,179893
final_layernorm,1106,0,8,249798
lm_head,1106,0,8,1100502
embedding,1107,0,8,54248
input_layernorm,1107,0,8,250027
q_proj,1107,0,8,60680
k_proj,1107,0,8,19878
v_proj,1107,0,8,19223
rope,1107,0,8,34316
attn,1107,0,8,32263
o_proj,1107,0,8,47557
post_layernorm,1107,0,8,250327
gate_proj,1107,0,8,138993
up_proj,1107,0,8,137854
act_fn,1107,0,8,28976
down_proj,1107,0,8,179784
final_layernorm,1107,0,8,250313
lm_head,1107,0,8,1099611
embedding,1108,0,8,54970
input_layernorm,1108,0,8,250128
q_proj,1108,0,8,60729
k_proj,1108,0,8,19865
v_proj,1108,0,8,19215
rope,1108,0,8,34560
attn,1108,0,8,32513
o_proj,1108,0,8,47570
post_layernorm,1108,0,8,250619
gate_proj,1108,0,8,139064
up_proj,1108,0,8,137941
act_fn,1108,0,8,29009
down_proj,1108,0,8,180224
final_layernorm,1108,0,8,250459
lm_head,1108,0,8,1102621
embedding,1109,0,8,54730
input_layernorm,1109,0,8,250621
q_proj,1109,0,8,60831
k_proj,1109,0,8,19870
v_proj,1109,0,8,19261
rope,1109,0,8,34393
attn,1109,0,8,31841
o_proj,1109,0,8,47628
post_layernorm,1109,0,8,250709
gate_proj,1109,0,8,139241
up_proj,1109,0,8,138236
act_fn,1109,0,8,29006
down_proj,1109,0,8,180329
final_layernorm,1109,0,8,250717
lm_head,1109,0,8,1103222
embedding,1110,0,8,54934
input_layernorm,1110,0,8,250775
q_proj,1110,0,8,60753
k_proj,1110,0,8,19900
v_proj,1110,0,8,19274
rope,1110,0,8,34456
attn,1110,0,8,32316
o_proj,1110,0,8,47624
post_layernorm,1110,0,8,251952
gate_proj,1110,0,8,139178
up_proj,1110,0,8,138441
act_fn,1110,0,8,29075
down_proj,1110,0,8,179974
final_layernorm,1110,0,8,250971
lm_head,1110,0,8,1101762
embedding,1111,0,8,54910
input_layernorm,1111,0,8,250799
q_proj,1111,0,8,60760
k_proj,1111,0,8,19895
v_proj,1111,0,8,19270
rope,1111,0,8,34431
attn,1111,0,8,32346
o_proj,1111,0,8,47585
post_layernorm,1111,0,8,251686
gate_proj,1111,0,8,139481
up_proj,1111,0,8,138419
act_fn,1111,0,8,29126
down_proj,1111,0,8,180374
final_layernorm,1111,0,8,251150
lm_head,1111,0,8,1102373
embedding,1112,0,8,55239
input_layernorm,1112,0,8,250577
q_proj,1112,0,8,60781
k_proj,1112,0,8,19916
v_proj,1112,0,8,19286
rope,1112,0,8,34587
attn,1112,0,8,32086
o_proj,1112,0,8,47636
post_layernorm,1112,0,8,251279
gate_proj,1112,0,8,138787
up_proj,1112,0,8,137722
act_fn,1112,0,8,29084
down_proj,1112,0,8,179681
final_layernorm,1112,0,8,250743
lm_head,1112,0,8,1100239
embedding,1113,0,8,54924
input_layernorm,1113,0,8,251341
q_proj,1113,0,8,60914
k_proj,1113,0,8,20004
v_proj,1113,0,8,19352
rope,1113,0,8,34425
attn,1113,0,8,32183
o_proj,1113,0,8,47849
post_layernorm,1113,0,8,251808
gate_proj,1113,0,8,139101
up_proj,1113,0,8,138034
act_fn,1113,0,8,29124
down_proj,1113,0,8,179923
final_layernorm,1113,0,8,251925
lm_head,1113,0,8,1100603
embedding,1114,0,8,55216
input_layernorm,1114,0,8,251035
q_proj,1114,0,8,60949
k_proj,1114,0,8,19974
v_proj,1114,0,8,19333
rope,1114,0,8,34550
attn,1114,0,8,32448
o_proj,1114,0,8,47829
post_layernorm,1114,0,8,252055
gate_proj,1114,0,8,139447
up_proj,1114,0,8,138877
act_fn,1114,0,8,29198
down_proj,1114,0,8,180113
final_layernorm,1114,0,8,251691
lm_head,1114,0,8,1101996
embedding,1115,0,8,55268
input_layernorm,1115,0,8,251514
q_proj,1115,0,8,60997
k_proj,1115,0,8,19970
v_proj,1115,0,8,19317
rope,1115,0,8,34561
attn,1115,0,8,32489
o_proj,1115,0,8,47855
post_layernorm,1115,0,8,252264
gate_proj,1115,0,8,140015
up_proj,1115,0,8,138923
act_fn,1115,0,8,29187
down_proj,1115,0,8,180928
final_layernorm,1115,0,8,251949
lm_head,1115,0,8,1107287
embedding,1116,0,8,55430
input_layernorm,1116,0,8,251757
q_proj,1116,0,8,61039
k_proj,1116,0,8,19996
v_proj,1116,0,8,19334
rope,1116,0,8,34768
attn,1116,0,8,32443
o_proj,1116,0,8,47891
post_layernorm,1116,0,8,252913
gate_proj,1116,0,8,139583
up_proj,1116,0,8,138275
act_fn,1116,0,8,29187
down_proj,1116,0,8,180292
final_layernorm,1116,0,8,252243
lm_head,1116,0,8,1103934
embedding,1117,0,8,55067
input_layernorm,1117,0,8,251787
q_proj,1117,0,8,60980
k_proj,1117,0,8,19972
v_proj,1117,0,8,19347
rope,1117,0,8,34546
attn,1117,0,8,32489
o_proj,1117,0,8,47828
post_layernorm,1117,0,8,252442
gate_proj,1117,0,8,139208
up_proj,1117,0,8,138177
act_fn,1117,0,8,29281
down_proj,1117,0,8,180097
final_layernorm,1117,0,8,252188
lm_head,1117,0,8,1102421
embedding,1118,0,8,55672
input_layernorm,1118,0,8,252025
q_proj,1118,0,8,61315
k_proj,1118,0,8,20097
v_proj,1118,0,8,19453
rope,1118,0,8,34786
attn,1118,0,8,32359
o_proj,1118,0,8,48079
post_layernorm,1118,0,8,253063
gate_proj,1118,0,8,140379
up_proj,1118,0,8,139584
act_fn,1118,0,8,29281
down_proj,1118,0,8,181411
final_layernorm,1118,0,8,252575
lm_head,1118,0,8,1109693
embedding,1119,0,8,55125
input_layernorm,1119,0,8,252491
q_proj,1119,0,8,60920
k_proj,1119,0,8,19979
v_proj,1119,0,8,19315
rope,1119,0,8,34576
attn,1119,0,8,32055
o_proj,1119,0,8,47738
post_layernorm,1119,0,8,253172
gate_proj,1119,0,8,139326
up_proj,1119,0,8,138198
act_fn,1119,0,8,29278
down_proj,1119,0,8,179954
final_layernorm,1119,0,8,252610
lm_head,1119,0,8,1101469
embedding,1120,0,8,55518
input_layernorm,1120,0,8,252191
q_proj,1120,0,8,61144
k_proj,1120,0,8,20069
v_proj,1120,0,8,19397
rope,1120,0,8,34899
attn,1120,0,8,32498
o_proj,1120,0,8,47870
post_layernorm,1120,0,8,253002
gate_proj,1120,0,8,139862
up_proj,1120,0,8,138734
act_fn,1120,0,8,29320
down_proj,1120,0,8,180905
final_layernorm,1120,0,8,252779
lm_head,1120,0,8,1107268
embedding,1121,0,8,55488
input_layernorm,1121,0,8,252692
q_proj,1121,0,8,61056
k_proj,1121,0,8,20051
v_proj,1121,0,8,19385
rope,1121,0,8,34676
attn,1121,0,8,32275
o_proj,1121,0,8,47876
post_layernorm,1121,0,8,253246
gate_proj,1121,0,8,165987
up_proj,1121,0,8,164998
act_fn,1121,0,8,28846
down_proj,1121,0,8,180512
final_layernorm,1121,0,8,252739
lm_head,1121,0,8,1105338
embedding,1122,0,8,55204
input_layernorm,1122,0,8,252743
q_proj,1122,0,8,60828
k_proj,1122,0,8,19931
v_proj,1122,0,8,19290
rope,1122,0,8,34689
attn,1122,0,8,32047
o_proj,1122,0,8,47677
post_layernorm,1122,0,8,253686
gate_proj,1122,0,8,165723
up_proj,1122,0,8,164963
act_fn,1122,0,8,28847
down_proj,1122,0,8,180071
final_layernorm,1122,0,8,253348
lm_head,1122,0,8,1102731
embedding,1123,0,8,55096
input_layernorm,1123,0,8,253288
q_proj,1123,0,8,60984
k_proj,1123,0,8,19989
v_proj,1123,0,8,19347
rope,1123,0,8,34696
attn,1123,0,8,32419
o_proj,1123,0,8,47780
post_layernorm,1123,0,8,253691
gate_proj,1123,0,8,165833
up_proj,1123,0,8,164717
act_fn,1123,0,8,28912
down_proj,1123,0,8,180545
final_layernorm,1123,0,8,253347
lm_head,1123,0,8,1104970
embedding,1124,0,8,55221
input_layernorm,1124,0,8,253024
q_proj,1124,0,8,60963
k_proj,1124,0,8,20006
v_proj,1124,0,8,19354
rope,1124,0,8,34870
attn,1124,0,8,32179
o_proj,1124,0,8,47878
post_layernorm,1124,0,8,253896
gate_proj,1124,0,8,165317
up_proj,1124,0,8,164196
act_fn,1124,0,8,28913
down_proj,1124,0,8,180046
final_layernorm,1124,0,8,253487
lm_head,1124,0,8,1102422
embedding,1125,0,8,55443
input_layernorm,1125,0,8,253489
q_proj,1125,0,8,61180
k_proj,1125,0,8,20113
v_proj,1125,0,8,19459
rope,1125,0,8,34746
attn,1125,0,8,32543
o_proj,1125,0,8,48104
post_layernorm,1125,0,8,254398
gate_proj,1125,0,8,165693
up_proj,1125,0,8,164647
act_fn,1125,0,8,28956
down_proj,1125,0,8,180205
final_layernorm,1125,0,8,253911
lm_head,1125,0,8,1102907
embedding,1126,0,8,55531
input_layernorm,1126,0,8,253650
q_proj,1126,0,8,61142
k_proj,1126,0,8,20072
v_proj,1126,0,8,19450
rope,1126,0,8,34827
attn,1126,0,8,32238
o_proj,1126,0,8,48074
post_layernorm,1126,0,8,254494
gate_proj,1126,0,8,165756
up_proj,1126,0,8,164988
act_fn,1126,0,8,29003
down_proj,1126,0,8,180271
final_layernorm,1126,0,8,253941
lm_head,1126,0,8,1103655
embedding,1127,0,8,55158
input_layernorm,1127,0,8,254064
q_proj,1127,0,8,60970
k_proj,1127,0,8,20006
v_proj,1127,0,8,19408
rope,1127,0,8,34721
attn,1127,0,8,32543
o_proj,1127,0,8,47973
post_layernorm,1127,0,8,254330
gate_proj,1127,0,8,165687
up_proj,1127,0,8,164611
act_fn,1127,0,8,29004
down_proj,1127,0,8,180256
final_layernorm,1127,0,8,254230
lm_head,1127,0,8,1103428
embedding,1128,0,8,55515
input_layernorm,1128,0,8,254039
q_proj,1128,0,8,60842
k_proj,1128,0,8,19955
v_proj,1128,0,8,19345
rope,1128,0,8,34917
attn,1128,0,8,32346
o_proj,1128,0,8,47803
post_layernorm,1128,0,8,254599
gate_proj,1128,0,8,165323
up_proj,1128,0,8,164214
act_fn,1128,0,8,29048
down_proj,1128,0,8,180089
final_layernorm,1128,0,8,254036
lm_head,1128,0,8,1102135
embedding,1129,0,8,55733
input_layernorm,1129,0,8,254543
q_proj,1129,0,8,61112
k_proj,1129,0,8,20155
v_proj,1129,0,8,19471
rope,1129,0,8,34794
attn,1129,0,8,32175
o_proj,1129,0,8,48021
post_layernorm,1129,0,8,255049
gate_proj,1129,0,8,165477
up_proj,1129,0,8,164284
act_fn,1129,0,8,29044
down_proj,1129,0,8,180110
final_layernorm,1129,0,8,254441
lm_head,1129,0,8,1102502
embedding,1130,0,8,55773
input_layernorm,1130,0,8,254118
q_proj,1130,0,8,60965
k_proj,1130,0,8,20052
v_proj,1130,0,8,19390
rope,1130,0,8,34861
attn,1130,0,8,32176
o_proj,1130,0,8,47852
post_layernorm,1130,0,8,254975
gate_proj,1130,0,8,165109
up_proj,1130,0,8,164350
act_fn,1130,0,8,29074
down_proj,1130,0,8,179832
final_layernorm,1130,0,8,254491
lm_head,1130,0,8,1100556
embedding,1131,0,8,55713
input_layernorm,1131,0,8,254828
q_proj,1131,0,8,61033
k_proj,1131,0,8,20082
v_proj,1131,0,8,19420
rope,1131,0,8,34888
attn,1131,0,8,32771
o_proj,1131,0,8,47958
post_layernorm,1131,0,8,255169
gate_proj,1131,0,8,165495
up_proj,1131,0,8,164354
act_fn,1131,0,8,29107
down_proj,1131,0,8,179967
final_layernorm,1131,0,8,255056
lm_head,1131,0,8,1101181
embedding,1132,0,8,55935
input_layernorm,1132,0,8,254611
q_proj,1132,0,8,61198
k_proj,1132,0,8,20199
v_proj,1132,0,8,19508
rope,1132,0,8,35052
attn,1132,0,8,32499
o_proj,1132,0,8,48107
post_layernorm,1132,0,8,255465
gate_proj,1132,0,8,165278
up_proj,1132,0,8,164090
act_fn,1132,0,8,29161
down_proj,1132,0,8,179963
final_layernorm,1132,0,8,255036
lm_head,1132,0,8,1101774
embedding,1133,0,8,55850
input_layernorm,1133,0,8,255345
q_proj,1133,0,8,61098
k_proj,1133,0,8,20149
v_proj,1133,0,8,19494
rope,1133,0,8,34886
attn,1133,0,8,32083
o_proj,1133,0,8,48094
post_layernorm,1133,0,8,255948
gate_proj,1133,0,8,165176
up_proj,1133,0,8,164104
act_fn,1133,0,8,29155
down_proj,1133,0,8,179904
final_layernorm,1133,0,8,255339
lm_head,1133,0,8,1100578
embedding,1134,0,8,56146
input_layernorm,1134,0,8,254944
q_proj,1134,0,8,60960
k_proj,1134,0,8,20080
v_proj,1134,0,8,19416
rope,1134,0,8,34920
attn,1134,0,8,32250
o_proj,1134,0,8,47916
post_layernorm,1134,0,8,255913
gate_proj,1134,0,8,164971
up_proj,1134,0,8,164171
act_fn,1134,0,8,29163
down_proj,1134,0,8,179648
final_layernorm,1134,0,8,255583
lm_head,1134,0,8,1099393
embedding,1135,0,8,56049
input_layernorm,1135,0,8,255687
q_proj,1135,0,8,61338
k_proj,1135,0,8,20214
v_proj,1135,0,8,19555
rope,1135,0,8,35009
attn,1135,0,8,32812
o_proj,1135,0,8,48227
post_layernorm,1135,0,8,256154
gate_proj,1135,0,8,166025
up_proj,1135,0,8,164903
act_fn,1135,0,8,29236
down_proj,1135,0,8,180441
final_layernorm,1135,0,8,255794
lm_head,1135,0,8,1104656
embedding,1136,0,8,56217
input_layernorm,1136,0,8,255253
q_proj,1136,0,8,61072
k_proj,1136,0,8,20104
v_proj,1136,0,8,19463
rope,1136,0,8,35096
attn,1136,0,8,32264
o_proj,1136,0,8,48048
post_layernorm,1136,0,8,256328
gate_proj,1136,0,8,165321
up_proj,1136,0,8,164134
act_fn,1136,0,8,29225
down_proj,1136,0,8,179996
final_layernorm,1136,0,8,255876
lm_head,1136,0,8,1102040
embedding,1137,0,8,55929
input_layernorm,1137,0,8,256119
q_proj,1137,0,8,61146
k_proj,1137,0,8,20078
v_proj,1137,0,8,19450
rope,1137,0,8,34943
attn,1137,0,8,32337
o_proj,1137,0,8,48010
post_layernorm,1137,0,8,256757
gate_proj,1137,0,8,165517
up_proj,1137,0,8,164402
act_fn,1137,0,8,29205
down_proj,1137,0,8,180196
final_layernorm,1137,0,8,256278
lm_head,1137,0,8,1102114
embedding,1138,0,8,56074
input_layernorm,1138,0,8,255692
q_proj,1138,0,8,61088
k_proj,1138,0,8,20074
v_proj,1138,0,8,19454
rope,1138,0,8,35010
attn,1138,0,8,32428
o_proj,1138,0,8,47987
post_layernorm,1138,0,8,256544
gate_proj,1138,0,8,165293
up_proj,1138,0,8,164426
act_fn,1138,0,8,29323
down_proj,1138,0,8,179931
final_layernorm,1138,0,8,256235
lm_head,1138,0,8,1101620
embedding,1139,0,8,56015
input_layernorm,1139,0,8,256435
q_proj,1139,0,8,61213
k_proj,1139,0,8,20171
v_proj,1139,0,8,19554
rope,1139,0,8,34982
attn,1139,0,8,32197
o_proj,1139,0,8,48044
post_layernorm,1139,0,8,256925
gate_proj,1139,0,8,164936
up_proj,1139,0,8,163780
act_fn,1139,0,8,29311
down_proj,1139,0,8,179637
final_layernorm,1139,0,8,256607
lm_head,1139,0,8,1098753
embedding,1140,0,8,56378
input_layernorm,1140,0,8,256550
q_proj,1140,0,8,61581
k_proj,1140,0,8,20261
v_proj,1140,0,8,19623
rope,1140,0,8,35272
attn,1140,0,8,32036
o_proj,1140,0,8,48302
post_layernorm,1140,0,8,257130
gate_proj,1140,0,8,166080
up_proj,1140,0,8,164908
act_fn,1140,0,8,29361
down_proj,1140,0,8,180594
final_layernorm,1140,0,8,256935
lm_head,1140,0,8,1106530
embedding,1141,0,8,56016
input_layernorm,1141,0,8,256915
q_proj,1141,0,8,61401
k_proj,1141,0,8,20232
v_proj,1141,0,8,19598
rope,1141,0,8,35024
attn,1141,0,8,32303
o_proj,1141,0,8,48187
post_layernorm,1141,0,8,257321
gate_proj,1141,0,8,165453
up_proj,1141,0,8,164338
act_fn,1141,0,8,29383
down_proj,1141,0,8,180176
final_layernorm,1141,0,8,257119
lm_head,1141,0,8,1102521
embedding,1142,0,8,56485
input_layernorm,1142,0,8,257160
q_proj,1142,0,8,61642
k_proj,1142,0,8,20271
v_proj,1142,0,8,19628
rope,1142,0,8,35248
attn,1142,0,8,32616
o_proj,1142,0,8,48416
post_layernorm,1142,0,8,258257
gate_proj,1142,0,8,166928
up_proj,1142,0,8,166127
act_fn,1142,0,8,29386
down_proj,1142,0,8,181546
final_layernorm,1142,0,8,257572
lm_head,1142,0,8,1111537
embedding,1143,0,8,56109
input_layernorm,1143,0,8,257449
q_proj,1143,0,8,61452
k_proj,1143,0,8,20261
v_proj,1143,0,8,19633
rope,1143,0,8,35067
attn,1143,0,8,32272
o_proj,1143,0,8,48272
post_layernorm,1143,0,8,257751
gate_proj,1143,0,8,165844
up_proj,1143,0,8,164700
act_fn,1143,0,8,29425
down_proj,1143,0,8,180376
final_layernorm,1143,0,8,257555
lm_head,1143,0,8,1104108
embedding,1144,0,8,56345
input_layernorm,1144,0,8,257317
q_proj,1144,0,8,61365
k_proj,1144,0,8,20205
v_proj,1144,0,8,19551
rope,1144,0,8,35514
attn,1144,0,8,32326
o_proj,1144,0,8,48168
post_layernorm,1144,0,8,257646
gate_proj,1144,0,8,165763
up_proj,1144,0,8,164582
act_fn,1144,0,8,29463
down_proj,1144,0,8,180531
final_layernorm,1144,0,8,257509
lm_head,1144,0,8,1105702
embedding,1145,0,8,56353
input_layernorm,1145,0,8,258066
q_proj,1145,0,8,61542
k_proj,1145,0,8,20258
v_proj,1145,0,8,19650
rope,1145,0,8,35381
attn,1145,0,8,32183
o_proj,1145,0,8,48304
post_layernorm,1145,0,8,259111
gate_proj,1145,0,8,166021
up_proj,1145,0,8,164872
act_fn,1145,0,8,29489
down_proj,1145,0,8,180720
final_layernorm,1145,0,8,258310
lm_head,1145,0,8,1107161
embedding,1146,0,8,56341
input_layernorm,1146,0,8,257981
q_proj,1146,0,8,49628
k_proj,1146,0,8,20251
v_proj,1146,0,8,19609
rope,1146,0,8,35419
attn,1146,0,8,32716
o_proj,1146,0,8,48341
post_layernorm,1146,0,8,258974
gate_proj,1146,0,8,165615
up_proj,1146,0,8,164769
act_fn,1146,0,8,29503
down_proj,1146,0,8,180171
final_layernorm,1146,0,8,258135
lm_head,1146,0,8,1101963
embedding,1147,0,8,56191
input_layernorm,1147,0,8,258087
q_proj,1147,0,8,49556
k_proj,1147,0,8,20144
v_proj,1147,0,8,19541
rope,1147,0,8,35365
attn,1147,0,8,32232
o_proj,1147,0,8,48097
post_layernorm,1147,0,8,258794
gate_proj,1147,0,8,165426
up_proj,1147,0,8,164215
act_fn,1147,0,8,29503
down_proj,1147,0,8,179952
final_layernorm,1147,0,8,258130
lm_head,1147,0,8,1101736
embedding,1148,0,8,56251
input_layernorm,1148,0,8,258243
q_proj,1148,0,8,49614
k_proj,1148,0,8,20199
v_proj,1148,0,8,19552
rope,1148,0,8,35654
attn,1148,0,8,32218
o_proj,1148,0,8,48197
post_layernorm,1148,0,8,259000
gate_proj,1148,0,8,165385
up_proj,1148,0,8,164219
act_fn,1148,0,8,29549
down_proj,1148,0,8,180028
final_layernorm,1148,0,8,258397
lm_head,1148,0,8,1102739
embedding,1149,0,8,56115
input_layernorm,1149,0,8,258142
q_proj,1149,0,8,49592
k_proj,1149,0,8,20194
v_proj,1149,0,8,19556
rope,1149,0,8,35437
attn,1149,0,8,32376
o_proj,1149,0,8,48145
post_layernorm,1149,0,8,258606
gate_proj,1149,0,8,165399
up_proj,1149,0,8,164209
act_fn,1149,0,8,29563
down_proj,1149,0,8,180049
final_layernorm,1149,0,8,258360
lm_head,1149,0,8,1101649
embedding,1150,0,8,56975
input_layernorm,1150,0,8,258399
q_proj,1150,0,8,49813
k_proj,1150,0,8,20301
v_proj,1150,0,8,19642
rope,1150,0,8,35598
attn,1150,0,8,32646
o_proj,1150,0,8,48291
post_layernorm,1150,0,8,259153
gate_proj,1150,0,8,166069
up_proj,1150,0,8,165216
act_fn,1150,0,8,29607
down_proj,1150,0,8,180585
final_layernorm,1150,0,8,258647
lm_head,1150,0,8,1106448
embedding,1151,0,8,56723
input_layernorm,1151,0,8,258765
q_proj,1151,0,8,49612
k_proj,1151,0,8,20220
v_proj,1151,0,8,19585
rope,1151,0,8,35492
attn,1151,0,8,32459
o_proj,1151,0,8,48143
post_layernorm,1151,0,8,259767
gate_proj,1151,0,8,165773
up_proj,1151,0,8,164620
act_fn,1151,0,8,29602
down_proj,1151,0,8,180114
final_layernorm,1151,0,8,258997
lm_head,1151,0,8,1102912
embedding,1152,0,8,56958
input_layernorm,1152,0,8,258800
q_proj,1152,0,8,49756
k_proj,1152,0,8,20279
v_proj,1152,0,8,19645
rope,1152,0,8,35752
attn,1152,0,8,31670
o_proj,1152,0,8,48247
post_layernorm,1152,0,8,259487
gate_proj,1152,0,8,165828
up_proj,1152,0,8,164623
act_fn,1152,0,8,29660
down_proj,1152,0,8,180496
final_layernorm,1152,0,8,258928
lm_head,1152,0,8,1105686
embedding,1153,0,8,56685
input_layernorm,1153,0,8,259382
q_proj,1153,0,8,49537
k_proj,1153,0,8,20667
v_proj,1153,0,8,19870
rope,1153,0,8,35502
attn,1153,0,8,34498
o_proj,1153,0,8,48039
post_layernorm,1153,0,8,259960
gate_proj,1153,0,8,165235
up_proj,1153,0,8,163936
act_fn,1153,0,8,29697
down_proj,1153,0,8,179440
final_layernorm,1153,0,8,259606
lm_head,1153,0,8,1275841
embedding,1154,0,8,56527
input_layernorm,1154,0,8,258786
q_proj,1154,0,8,49490
k_proj,1154,0,8,20649
v_proj,1154,0,8,19844
rope,1154,0,8,35601
attn,1154,0,8,34429
o_proj,1154,0,8,48055
post_layernorm,1154,0,8,259213
gate_proj,1154,0,8,165173
up_proj,1154,0,8,164273
act_fn,1154,0,8,29708
down_proj,1154,0,8,179345
final_layernorm,1154,0,8,259196
lm_head,1154,0,8,1274916
embedding,1155,0,8,56955
input_layernorm,1155,0,8,259652
q_proj,1155,0,8,49640
k_proj,1155,0,8,20682
v_proj,1155,0,8,19888
rope,1155,0,8,35597
attn,1155,0,8,34899
o_proj,1155,0,8,48085
post_layernorm,1155,0,8,260679
gate_proj,1155,0,8,165377
up_proj,1155,0,8,164177
act_fn,1155,0,8,29749
down_proj,1155,0,8,179847
final_layernorm,1155,0,8,260074
lm_head,1155,0,8,1279290
embedding,1156,0,8,56842
input_layernorm,1156,0,8,259569
q_proj,1156,0,8,49501
k_proj,1156,0,8,20664
v_proj,1156,0,8,19817
rope,1156,0,8,35723
attn,1156,0,8,34513
o_proj,1156,0,8,48028
post_layernorm,1156,0,8,260833
gate_proj,1156,0,8,164829
up_proj,1156,0,8,163582
act_fn,1156,0,8,29711
down_proj,1156,0,8,179203
final_layernorm,1156,0,8,259964
lm_head,1156,0,8,1274079
embedding,1157,0,8,56965
input_layernorm,1157,0,8,259925
q_proj,1157,0,8,49644
k_proj,1157,0,8,20654
v_proj,1157,0,8,19895
rope,1157,0,8,35595
attn,1157,0,8,34629
o_proj,1157,0,8,48126
post_layernorm,1157,0,8,260922
gate_proj,1157,0,8,165754
up_proj,1157,0,8,164612
act_fn,1157,0,8,29791
down_proj,1157,0,8,179966
final_layernorm,1157,0,8,260353
lm_head,1157,0,8,1279433
embedding,1158,0,8,56988
input_layernorm,1158,0,8,260218
q_proj,1158,0,8,49679
k_proj,1158,0,8,20741
v_proj,1158,0,8,19920
rope,1158,0,8,35654
attn,1158,0,8,35084
o_proj,1158,0,8,48283
post_layernorm,1158,0,8,260975
gate_proj,1158,0,8,165545
up_proj,1158,0,8,164659
act_fn,1158,0,8,29789
down_proj,1158,0,8,179985
final_layernorm,1158,0,8,260471
lm_head,1158,0,8,1280146
embedding,1159,0,8,57184
input_layernorm,1159,0,8,259989
q_proj,1159,0,8,49687
k_proj,1159,0,8,20766
v_proj,1159,0,8,19998
rope,1159,0,8,35660
attn,1159,0,8,34675
o_proj,1159,0,8,48329
post_layernorm,1159,0,8,261040
gate_proj,1159,0,8,165692
up_proj,1159,0,8,164481
act_fn,1159,0,8,29822
down_proj,1159,0,8,180163
final_layernorm,1159,0,8,260426
lm_head,1159,0,8,1281085
embedding,1160,0,8,56575
input_layernorm,1160,0,8,260366
q_proj,1160,0,8,49251
k_proj,1160,0,8,20673
v_proj,1160,0,8,19862
rope,1160,0,8,35719
attn,1160,0,8,34476
o_proj,1160,0,8,47840
post_layernorm,1160,0,8,260815
gate_proj,1160,0,8,164208
up_proj,1160,0,8,162913
act_fn,1160,0,8,29846
down_proj,1160,0,8,178586
final_layernorm,1160,0,8,260326
lm_head,1160,0,8,1270255
embedding,1161,0,8,56844
input_layernorm,1161,0,8,260806
q_proj,1161,0,8,60323
k_proj,1161,0,8,20622
v_proj,1161,0,8,19873
rope,1161,0,8,35602
attn,1161,0,8,34125
o_proj,1161,0,8,47946
post_layernorm,1161,0,8,261819
gate_proj,1161,0,8,164641
up_proj,1161,0,8,163392
act_fn,1161,0,8,29859
down_proj,1161,0,8,198191
final_layernorm,1161,0,8,260765
lm_head,1161,0,8,1273218
embedding,1162,0,8,56765
input_layernorm,1162,0,8,260703
q_proj,1162,0,8,60281
k_proj,1162,0,8,20617
v_proj,1162,0,8,19850
rope,1162,0,8,35660
attn,1162,0,8,34700
o_proj,1162,0,8,47945
post_layernorm,1162,0,8,261846
gate_proj,1162,0,8,164981
up_proj,1162,0,8,163970
act_fn,1162,0,8,29882
down_proj,1162,0,8,198332
final_layernorm,1162,0,8,261176
lm_head,1162,0,8,1273772
embedding,1163,0,8,57139
input_layernorm,1163,0,8,261107
q_proj,1163,0,8,60604
k_proj,1163,0,8,20717
v_proj,1163,0,8,19956
rope,1163,0,8,35729
attn,1163,0,8,34595
o_proj,1163,0,8,48155
post_layernorm,1163,0,8,261564
gate_proj,1163,0,8,165709
up_proj,1163,0,8,164578
act_fn,1163,0,8,29953
down_proj,1163,0,8,199209
final_layernorm,1163,0,8,261196
lm_head,1163,0,8,1279022
embedding,1164,0,8,56728
input_layernorm,1164,0,8,261274
q_proj,1164,0,8,60250
k_proj,1164,0,8,20632
v_proj,1164,0,8,19831
rope,1164,0,8,35815
attn,1164,0,8,34454
o_proj,1164,0,8,47948
post_layernorm,1164,0,8,261703
gate_proj,1164,0,8,164420
up_proj,1164,0,8,163137
act_fn,1164,0,8,29943
down_proj,1164,0,8,198011
final_layernorm,1164,0,8,260957
lm_head,1164,0,8,1270974
embedding,1165,0,8,57011
input_layernorm,1165,0,8,261495
q_proj,1165,0,8,60508
k_proj,1165,0,8,20671
v_proj,1165,0,8,19913
rope,1165,0,8,35748
attn,1165,0,8,34425
o_proj,1165,0,8,48139
post_layernorm,1165,0,8,262030
gate_proj,1165,0,8,165493
up_proj,1165,0,8,164282
act_fn,1165,0,8,29953
down_proj,1165,0,8,199249
final_layernorm,1165,0,8,261525
lm_head,1165,0,8,1277538
embedding,1166,0,8,56862
input_layernorm,1166,0,8,261452
q_proj,1166,0,8,60266
k_proj,1166,0,8,20636
v_proj,1166,0,8,19877
rope,1166,0,8,35722
attn,1166,0,8,34894
o_proj,1166,0,8,48011
post_layernorm,1166,0,8,261785
gate_proj,1166,0,8,164485
up_proj,1166,0,8,163542
act_fn,1166,0,8,30011
down_proj,1166,0,8,198057
final_layernorm,1166,0,8,261158
lm_head,1166,0,8,1271295
embedding,1167,0,8,56787
input_layernorm,1167,0,8,261777
q_proj,1167,0,8,60301
k_proj,1167,0,8,20654
v_proj,1167,0,8,19916
rope,1167,0,8,35672
attn,1167,0,8,34265
o_proj,1167,0,8,48096
post_layernorm,1167,0,8,262424
gate_proj,1167,0,8,164298
up_proj,1167,0,8,163051
act_fn,1167,0,8,30047
down_proj,1167,0,8,197763
final_layernorm,1167,0,8,261933
lm_head,1167,0,8,1268222
embedding,1168,0,8,56910
input_layernorm,1168,0,8,261771
q_proj,1168,0,8,60701
k_proj,1168,0,8,20752
v_proj,1168,0,8,20019
rope,1168,0,8,36055
attn,1168,0,8,34633
o_proj,1168,0,8,48325
post_layernorm,1168,0,8,262200
gate_proj,1168,0,8,165169
up_proj,1168,0,8,163901
act_fn,1168,0,8,30068
down_proj,1168,0,8,198960
final_layernorm,1168,0,8,261899
lm_head,1168,0,8,1277461
embedding,1169,0,8,57038
input_layernorm,1169,0,8,262516
q_proj,1169,0,8,60554
k_proj,1169,0,8,20697
v_proj,1169,0,8,19933
rope,1169,0,8,35866
attn,1169,0,8,34378
o_proj,1169,0,8,48171
post_layernorm,1169,0,8,263534
gate_proj,1169,0,8,164985
up_proj,1169,0,8,163770
act_fn,1169,0,8,30069
down_proj,1169,0,8,198803
final_layernorm,1169,0,8,262540
lm_head,1169,0,8,1274734
embedding,1170,0,8,57192
input_layernorm,1170,0,8,262635
q_proj,1170,0,8,60467
k_proj,1170,0,8,20643
v_proj,1170,0,8,19924
rope,1170,0,8,35915
attn,1170,0,8,34939
o_proj,1170,0,8,48128
post_layernorm,1170,0,8,263188
gate_proj,1170,0,8,165205
up_proj,1170,0,8,164197
act_fn,1170,0,8,30108
down_proj,1170,0,8,198714
final_layernorm,1170,0,8,262704
lm_head,1170,0,8,1275531
embedding,1171,0,8,57615
input_layernorm,1171,0,8,262531
q_proj,1171,0,8,60650
k_proj,1171,0,8,20710
v_proj,1171,0,8,19912
rope,1171,0,8,35974
attn,1171,0,8,34734
o_proj,1171,0,8,48221
post_layernorm,1171,0,8,263084
gate_proj,1171,0,8,165540
up_proj,1171,0,8,164375
act_fn,1171,0,8,30150
down_proj,1171,0,8,199273
final_layernorm,1171,0,8,262378
lm_head,1171,0,8,1279171
embedding,1172,0,8,57314
input_layernorm,1172,0,8,263049
q_proj,1172,0,8,60528
k_proj,1172,0,8,20673
v_proj,1172,0,8,19934
rope,1172,0,8,36143
attn,1172,0,8,34559
o_proj,1172,0,8,48108
post_layernorm,1172,0,8,263679
gate_proj,1172,0,8,165149
up_proj,1172,0,8,163878
act_fn,1172,0,8,30150
down_proj,1172,0,8,198969
final_layernorm,1172,0,8,263061
lm_head,1172,0,8,1277320
embedding,1173,0,8,57451
input_layernorm,1173,0,8,263030
q_proj,1173,0,8,60465
k_proj,1173,0,8,20666
v_proj,1173,0,8,19914
rope,1173,0,8,35928
attn,1173,0,8,34481
o_proj,1173,0,8,48182
post_layernorm,1173,0,8,263997
gate_proj,1173,0,8,164761
up_proj,1173,0,8,163533
act_fn,1173,0,8,30214
down_proj,1173,0,8,198432
final_layernorm,1173,0,8,263211
lm_head,1173,0,8,1274398
embedding,1174,0,8,57745
input_layernorm,1174,0,8,264087
q_proj,1174,0,8,60906
k_proj,1174,0,8,20794
v_proj,1174,0,8,20048
rope,1174,0,8,36125
attn,1174,0,8,35252
o_proj,1174,0,8,48499
post_layernorm,1174,0,8,264534
gate_proj,1174,0,8,166308
up_proj,1174,0,8,165237
act_fn,1174,0,8,30211
down_proj,1174,0,8,199935
final_layernorm,1174,0,8,263923
lm_head,1174,0,8,1284675
embedding,1175,0,8,57753
input_layernorm,1175,0,8,263744
q_proj,1175,0,8,60774
k_proj,1175,0,8,20759
v_proj,1175,0,8,19976
rope,1175,0,8,36051
attn,1175,0,8,34393
o_proj,1175,0,8,48353
post_layernorm,1175,0,8,264527
gate_proj,1175,0,8,165564
up_proj,1175,0,8,164295
act_fn,1175,0,8,30234
down_proj,1175,0,8,199084
final_layernorm,1175,0,8,263569
lm_head,1175,0,8,1278150
embedding,1176,0,8,57864
input_layernorm,1176,0,8,263028
q_proj,1176,0,8,60845
k_proj,1176,0,8,20764
v_proj,1176,0,8,19988
rope,1176,0,8,36325
attn,1176,0,8,35130
o_proj,1176,0,8,48447
post_layernorm,1176,0,8,264047
gate_proj,1176,0,8,165771
up_proj,1176,0,8,164529
act_fn,1176,0,8,30282
down_proj,1176,0,8,199545
final_layernorm,1176,0,8,263467
lm_head,1176,0,8,1283905
embedding,1177,0,8,58261
input_layernorm,1177,0,8,263929
q_proj,1177,0,8,60924
k_proj,1177,0,8,20796
v_proj,1177,0,8,20049
rope,1177,0,8,36309
attn,1177,0,8,35303
o_proj,1177,0,8,48553
post_layernorm,1177,0,8,264771
gate_proj,1177,0,8,166166
up_proj,1177,0,8,164970
act_fn,1177,0,8,30290
down_proj,1177,0,8,199958
final_layernorm,1177,0,8,264270
lm_head,1177,0,8,1285274
embedding,1178,0,8,57812
input_layernorm,1178,0,8,264406
q_proj,1178,0,8,60836
k_proj,1178,0,8,20799
v_proj,1178,0,8,20027
rope,1178,0,8,36378
attn,1178,0,8,34570
o_proj,1178,0,8,48462
post_layernorm,1178,0,8,264991
gate_proj,1178,0,8,166066
up_proj,1178,0,8,165000
act_fn,1178,0,8,30281
down_proj,1178,0,8,199720
final_layernorm,1178,0,8,264599
lm_head,1178,0,8,1284015
embedding,1179,0,8,57938
input_layernorm,1179,0,8,264787
q_proj,1179,0,8,60653
k_proj,1179,0,8,20644
v_proj,1179,0,8,19958
rope,1179,0,8,36298
attn,1179,0,8,34736
o_proj,1179,0,8,48292
post_layernorm,1179,0,8,265749
gate_proj,1179,0,8,165854
up_proj,1179,0,8,164606
act_fn,1179,0,8,30369
down_proj,1179,0,8,199363
final_layernorm,1179,0,8,264844
lm_head,1179,0,8,1280536
embedding,1180,0,8,58186
input_layernorm,1180,0,8,264490
q_proj,1180,0,8,61020
k_proj,1180,0,8,20813
v_proj,1180,0,8,20102
rope,1180,0,8,36549
attn,1180,0,8,34573
o_proj,1180,0,8,48546
post_layernorm,1180,0,8,265915
gate_proj,1180,0,8,166321
up_proj,1180,0,8,165047
act_fn,1180,0,8,30425
down_proj,1180,0,8,200132
final_layernorm,1180,0,8,264933
lm_head,1180,0,8,1287296
embedding,1181,0,8,57982
input_layernorm,1181,0,8,264373
q_proj,1181,0,8,60818
k_proj,1181,0,8,20737
v_proj,1181,0,8,20012
rope,1181,0,8,36268
attn,1181,0,8,34511
o_proj,1181,0,8,48435
post_layernorm,1181,0,8,265429
gate_proj,1181,0,8,165636
up_proj,1181,0,8,164344
act_fn,1181,0,8,30420
down_proj,1181,0,8,199516
final_layernorm,1181,0,8,264684
lm_head,1181,0,8,1281341
embedding,1182,0,8,57876
input_layernorm,1182,0,8,264464
q_proj,1182,0,8,60734
k_proj,1182,0,8,20739
v_proj,1182,0,8,20042
rope,1182,0,8,36347
attn,1182,0,8,35028
o_proj,1182,0,8,48335
post_layernorm,1182,0,8,265162
gate_proj,1182,0,8,165492
up_proj,1182,0,8,164456
act_fn,1182,0,8,30406
down_proj,1182,0,8,199184
final_layernorm,1182,0,8,264957
lm_head,1182,0,8,1280673
embedding,1183,0,8,58086
input_layernorm,1183,0,8,265211
q_proj,1183,0,8,60760
k_proj,1183,0,8,20728
v_proj,1183,0,8,19989
rope,1183,0,8,36365
attn,1183,0,8,34776
o_proj,1183,0,8,48239
post_layernorm,1183,0,8,265937
gate_proj,1183,0,8,165805
up_proj,1183,0,8,164493
act_fn,1183,0,8,30437
down_proj,1183,0,8,199420
final_layernorm,1183,0,8,265294
lm_head,1183,0,8,1280583
embedding,1184,0,8,58068
input_layernorm,1184,0,8,265085
q_proj,1184,0,8,60934
k_proj,1184,0,8,20819
v_proj,1184,0,8,20090
rope,1184,0,8,36576
attn,1184,0,8,34481
o_proj,1184,0,8,48508
post_layernorm,1184,0,8,265639
gate_proj,1184,0,8,166021
up_proj,1184,0,8,164745
act_fn,1184,0,8,30444
down_proj,1184,0,8,199852
final_layernorm,1184,0,8,265213
lm_head,1184,0,8,1284038
embedding,1185,0,8,57948
input_layernorm,1185,0,8,265584
q_proj,1185,0,8,60793
k_proj,1185,0,8,20729
v_proj,1185,0,8,19972
rope,1185,0,8,36358
attn,1185,0,8,34611
o_proj,1185,0,8,48339
post_layernorm,1185,0,8,266246
gate_proj,1185,0,8,165649
up_proj,1185,0,8,164342
act_fn,1185,0,8,30508
down_proj,1185,0,8,199227
final_layernorm,1185,0,8,265798
lm_head,1185,0,8,1279385
embedding,1186,0,8,58096
input_layernorm,1186,0,8,265389
q_proj,1186,0,8,61003
k_proj,1186,0,8,20862
v_proj,1186,0,8,20117
rope,1186,0,8,36493
attn,1186,0,8,35321
o_proj,1186,0,8,48651
post_layernorm,1186,0,8,266132
gate_proj,1186,0,8,166373
up_proj,1186,0,8,165424
act_fn,1186,0,8,30534
down_proj,1186,0,8,199879
final_layernorm,1186,0,8,265845
lm_head,1186,0,8,1283999
embedding,1187,0,8,58107
input_layernorm,1187,0,8,265540
q_proj,1187,0,8,60942
k_proj,1187,0,8,20796
v_proj,1187,0,8,20056
rope,1187,0,8,36474
attn,1187,0,8,34631
o_proj,1187,0,8,48543
post_layernorm,1187,0,8,266264
gate_proj,1187,0,8,165937
up_proj,1187,0,8,164678
act_fn,1187,0,8,30548
down_proj,1187,0,8,199762
final_layernorm,1187,0,8,265708
lm_head,1187,0,8,1283264
embedding,1188,0,8,58155
input_layernorm,1188,0,8,265925
q_proj,1188,0,8,61111
k_proj,1188,0,8,20863
v_proj,1188,0,8,20112
rope,1188,0,8,36713
attn,1188,0,8,35322
o_proj,1188,0,8,48710
post_layernorm,1188,0,8,266576
gate_proj,1188,0,8,166117
up_proj,1188,0,8,164870
act_fn,1188,0,8,30580
down_proj,1188,0,8,199983
final_layernorm,1188,0,8,266167
lm_head,1188,0,8,1285318
embedding,1189,0,8,58219
input_layernorm,1189,0,8,266506
q_proj,1189,0,8,60996
k_proj,1189,0,8,20829
v_proj,1189,0,8,20103
rope,1189,0,8,36486
attn,1189,0,8,35320
o_proj,1189,0,8,48574
post_layernorm,1189,0,8,267193
gate_proj,1189,0,8,165894
up_proj,1189,0,8,164727
act_fn,1189,0,8,30586
down_proj,1189,0,8,199473
final_layernorm,1189,0,8,266629
lm_head,1189,0,8,1281311
embedding,1190,0,8,58069
input_layernorm,1190,0,8,266244
q_proj,1190,0,8,61039
k_proj,1190,0,8,20872
v_proj,1190,0,8,20125
rope,1190,0,8,36528
attn,1190,0,8,34455
o_proj,1190,0,8,48622
post_layernorm,1190,0,8,267027
gate_proj,1190,0,8,166047
up_proj,1190,0,8,165000
act_fn,1190,0,8,30678
down_proj,1190,0,8,199668
final_layernorm,1190,0,8,266504
lm_head,1190,0,8,1283193
embedding,1191,0,8,58174
input_layernorm,1191,0,8,266229
q_proj,1191,0,8,61099
k_proj,1191,0,8,20889
v_proj,1191,0,8,20093
rope,1191,0,8,36582
attn,1191,0,8,35597
o_proj,1191,0,8,48610
post_layernorm,1191,0,8,267189
gate_proj,1191,0,8,166179
up_proj,1191,0,8,164944
act_fn,1191,0,8,30658
down_proj,1191,0,8,199983
final_layernorm,1191,0,8,266663
lm_head,1191,0,8,1284282
embedding,1192,0,8,58358
input_layernorm,1192,0,8,266563
q_proj,1192,0,8,61041
k_proj,1192,0,8,20862
v_proj,1192,0,8,20129
rope,1192,0,8,36670
attn,1192,0,8,34875
o_proj,1192,0,8,48505
post_layernorm,1192,0,8,266953
gate_proj,1192,0,8,165609
up_proj,1192,0,8,164374
act_fn,1192,0,8,30691
down_proj,1192,0,8,199462
final_layernorm,1192,0,8,266794
lm_head,1192,0,8,1280182
embedding,1193,0,8,58838
input_layernorm,1193,0,8,266980
q_proj,1193,0,8,61344
k_proj,1193,0,8,21019
v_proj,1193,0,8,20243
rope,1193,0,8,36611
attn,1193,0,8,35113
o_proj,1193,0,8,48859
post_layernorm,1193,0,8,267641
gate_proj,1193,0,8,166512
up_proj,1193,0,8,165248
act_fn,1193,0,8,30729
down_proj,1193,0,8,200266
final_layernorm,1193,0,8,267150
lm_head,1193,0,8,1287403
embedding,1194,0,8,58686
input_layernorm,1194,0,8,267258
q_proj,1194,0,8,60979
k_proj,1194,0,8,20877
v_proj,1194,0,8,20047
rope,1194,0,8,36531
attn,1194,0,8,34589
o_proj,1194,0,8,48486
post_layernorm,1194,0,8,268437
gate_proj,1194,0,8,165610
up_proj,1194,0,8,164555
act_fn,1194,0,8,30737
down_proj,1194,0,8,199274
final_layernorm,1194,0,8,267368
lm_head,1194,0,8,1279354
embedding,1195,0,8,58855
input_layernorm,1195,0,8,267089
q_proj,1195,0,8,61156
k_proj,1195,0,8,20932
v_proj,1195,0,8,20157
rope,1195,0,8,36624
attn,1195,0,8,34869
o_proj,1195,0,8,48721
post_layernorm,1195,0,8,268103
gate_proj,1195,0,8,166382
up_proj,1195,0,8,165128
act_fn,1195,0,8,30763
down_proj,1195,0,8,200033
final_layernorm,1195,0,8,267666
lm_head,1195,0,8,1287128
embedding,1196,0,8,59010
input_layernorm,1196,0,8,267673
q_proj,1196,0,8,61461
k_proj,1196,0,8,21088
v_proj,1196,0,8,20268
rope,1196,0,8,36867
attn,1196,0,8,35313
o_proj,1196,0,8,48215
post_layernorm,1196,0,8,268527
gate_proj,1196,0,8,166578
up_proj,1196,0,8,165333
act_fn,1196,0,8,30807
down_proj,1196,0,8,200511
final_layernorm,1196,0,8,267923
lm_head,1196,0,8,1289244
embedding,1197,0,8,59404
input_layernorm,1197,0,8,267687
q_proj,1197,0,8,61335
k_proj,1197,0,8,20992
v_proj,1197,0,8,20158
rope,1197,0,8,36727
attn,1197,0,8,35478
o_proj,1197,0,8,48222
post_layernorm,1197,0,8,268564
gate_proj,1197,0,8,166652
up_proj,1197,0,8,165277
act_fn,1197,0,8,30808
down_proj,1197,0,8,200411
final_layernorm,1197,0,8,268032
lm_head,1197,0,8,1288649
embedding,1198,0,8,59169
input_layernorm,1198,0,8,267901
q_proj,1198,0,8,61277
k_proj,1198,0,8,20972
v_proj,1198,0,8,20191
rope,1198,0,8,36729
attn,1198,0,8,35343
o_proj,1198,0,8,48086
post_layernorm,1198,0,8,268666
gate_proj,1198,0,8,166286
up_proj,1198,0,8,165159
act_fn,1198,0,8,30842
down_proj,1198,0,8,200051
final_layernorm,1198,0,8,268334
lm_head,1198,0,8,1284368
embedding,1199,0,8,59189
input_layernorm,1199,0,8,268498
q_proj,1199,0,8,61386
k_proj,1199,0,8,21029
v_proj,1199,0,8,20213
rope,1199,0,8,36764
attn,1199,0,8,34452
o_proj,1199,0,8,48206
post_layernorm,1199,0,8,269466
gate_proj,1199,0,8,166730
up_proj,1199,0,8,165422
act_fn,1199,0,8,30860
down_proj,1199,0,8,200441
final_layernorm,1199,0,8,268796
lm_head,1199,0,8,1288570
embedding,1200,0,8,59037
input_layernorm,1200,0,8,268737
q_proj,1200,0,8,61435
k_proj,1200,0,8,21031
v_proj,1200,0,8,20231
rope,1200,0,8,36872
attn,1200,0,8,35513
o_proj,1200,0,8,48140
post_layernorm,1200,0,8,269451
gate_proj,1200,0,8,166477
up_proj,1200,0,8,165045
act_fn,1200,0,8,30899
down_proj,1200,0,8,200339
final_layernorm,1200,0,8,268711
lm_head,1200,0,8,1287984
embedding,1201,0,8,59153
input_layernorm,1201,0,8,268867
q_proj,1201,0,8,61333
k_proj,1201,0,8,21011
v_proj,1201,0,8,20242
rope,1201,0,8,36740
attn,1201,0,8,34983
o_proj,1201,0,8,48125
post_layernorm,1201,0,8,269699
gate_proj,1201,0,8,166199
up_proj,1201,0,8,164993
act_fn,1201,0,8,30933
down_proj,1201,0,8,200058
final_layernorm,1201,0,8,269370
lm_head,1201,0,8,1285951
embedding,1202,0,8,58907
input_layernorm,1202,0,8,268792
q_proj,1202,0,8,61227
k_proj,1202,0,8,20953
v_proj,1202,0,8,20166
rope,1202,0,8,36754
attn,1202,0,8,35317
o_proj,1202,0,8,48069
post_layernorm,1202,0,8,269264
gate_proj,1202,0,8,166381
up_proj,1202,0,8,165252
act_fn,1202,0,8,30923
down_proj,1202,0,8,200114
final_layernorm,1202,0,8,268958
lm_head,1202,0,8,1286203
embedding,1203,0,8,58985
input_layernorm,1203,0,8,269002
q_proj,1203,0,8,61240
k_proj,1203,0,8,20974
v_proj,1203,0,8,20155
rope,1203,0,8,36723
attn,1203,0,8,34530
o_proj,1203,0,8,47949
post_layernorm,1203,0,8,269712
gate_proj,1203,0,8,166035
up_proj,1203,0,8,164754
act_fn,1203,0,8,30969
down_proj,1203,0,8,199813
final_layernorm,1203,0,8,269285
lm_head,1203,0,8,1284108
embedding,1204,0,8,58990
input_layernorm,1204,0,8,268999
q_proj,1204,0,8,61250
k_proj,1204,0,8,20971
v_proj,1204,0,8,20199
rope,1204,0,8,36908
attn,1204,0,8,35366
o_proj,1204,0,8,48027
post_layernorm,1204,0,8,269966
gate_proj,1204,0,8,166084
up_proj,1204,0,8,164754
act_fn,1204,0,8,30988
down_proj,1204,0,8,200020
final_layernorm,1204,0,8,269502
lm_head,1204,0,8,1286267
embedding,1205,0,8,59203
input_layernorm,1205,0,8,269779
q_proj,1205,0,8,61425
k_proj,1205,0,8,21071
v_proj,1205,0,8,20329
rope,1205,0,8,36741
attn,1205,0,8,35261
o_proj,1205,0,8,48089
post_layernorm,1205,0,8,270533
gate_proj,1205,0,8,166219
up_proj,1205,0,8,164837
act_fn,1205,0,8,31005
down_proj,1205,0,8,200065
final_layernorm,1205,0,8,270056
lm_head,1205,0,8,1285487
embedding,1206,0,8,59133
input_layernorm,1206,0,8,269395
q_proj,1206,0,8,61325
k_proj,1206,0,8,20981
v_proj,1206,0,8,20249
rope,1206,0,8,36787
attn,1206,0,8,35046
o_proj,1206,0,8,48065
post_layernorm,1206,0,8,270296
gate_proj,1206,0,8,166281
up_proj,1206,0,8,165124
act_fn,1206,0,8,31049
down_proj,1206,0,8,199958
final_layernorm,1206,0,8,269763
lm_head,1206,0,8,1284431
embedding,1207,0,8,59117
input_layernorm,1207,0,8,269711
q_proj,1207,0,8,61381
k_proj,1207,0,8,21034
v_proj,1207,0,8,20305
rope,1207,0,8,36788
attn,1207,0,8,34933
o_proj,1207,0,8,48071
post_layernorm,1207,0,8,270634
gate_proj,1207,0,8,166243
up_proj,1207,0,8,165028
act_fn,1207,0,8,31042
down_proj,1207,0,8,199987
final_layernorm,1207,0,8,270154
lm_head,1207,0,8,1285391
embedding,1208,0,8,59247
input_layernorm,1208,0,8,269989
q_proj,1208,0,8,61513
k_proj,1208,0,8,21051
v_proj,1208,0,8,20347
rope,1208,0,8,37000
attn,1208,0,8,35485
o_proj,1208,0,8,48128
post_layernorm,1208,0,8,270412
gate_proj,1208,0,8,166325
up_proj,1208,0,8,164940
act_fn,1208,0,8,31111
down_proj,1208,0,8,200242
final_layernorm,1208,0,8,269741
lm_head,1208,0,8,1285842
embedding,1209,0,8,59272
input_layernorm,1209,0,8,270116
q_proj,1209,0,8,61320
k_proj,1209,0,8,21057
v_proj,1209,0,8,20328
rope,1209,0,8,36766
attn,1209,0,8,35212
o_proj,1209,0,8,48071
post_layernorm,1209,0,8,270988
gate_proj,1209,0,8,166140
up_proj,1209,0,8,164863
act_fn,1209,0,8,31121
down_proj,1209,0,8,199950
final_layernorm,1209,0,8,270368
lm_head,1209,0,8,1284242
embedding,1210,0,8,59000
input_layernorm,1210,0,8,270393
q_proj,1210,0,8,61319
k_proj,1210,0,8,21053
v_proj,1210,0,8,20334
rope,1210,0,8,36804
attn,1210,0,8,35575
o_proj,1210,0,8,47961
post_layernorm,1210,0,8,270896
gate_proj,1210,0,8,166104
up_proj,1210,0,8,164876
act_fn,1210,0,8,31193
down_proj,1210,0,8,199792
final_layernorm,1210,0,8,270543
lm_head,1210,0,8,1282088
embedding,1211,0,8,59207
input_layernorm,1211,0,8,270926
q_proj,1211,0,8,61438
k_proj,1211,0,8,21118
v_proj,1211,0,8,20386
rope,1211,0,8,36805
attn,1211,0,8,35519
o_proj,1211,0,8,48112
post_layernorm,1211,0,8,271705
gate_proj,1211,0,8,166438
up_proj,1211,0,8,165210
act_fn,1211,0,8,31170
down_proj,1211,0,8,200130
final_layernorm,1211,0,8,271136
lm_head,1211,0,8,1284750
embedding,1212,0,8,59431
input_layernorm,1212,0,8,271246
q_proj,1212,0,8,61490
k_proj,1212,0,8,21083
v_proj,1212,0,8,20374
rope,1212,0,8,37001
attn,1212,0,8,35650
o_proj,1212,0,8,48142
post_layernorm,1212,0,8,272053
gate_proj,1212,0,8,166451
up_proj,1212,0,8,165146
act_fn,1212,0,8,31242
down_proj,1212,0,8,200330
final_layernorm,1212,0,8,271591
lm_head,1212,0,8,1288726
embedding,1213,0,8,59802
input_layernorm,1213,0,8,271027
q_proj,1213,0,8,61549
k_proj,1213,0,8,21124
v_proj,1213,0,8,20398
rope,1213,0,8,36942
attn,1213,0,8,35668
o_proj,1213,0,8,48190
post_layernorm,1213,0,8,271762
gate_proj,1213,0,8,166521
up_proj,1213,0,8,165277
act_fn,1213,0,8,31254
down_proj,1213,0,8,200477
final_layernorm,1213,0,8,271262
lm_head,1213,0,8,1287903
embedding,1214,0,8,59800
input_layernorm,1214,0,8,271361
q_proj,1214,0,8,61448
k_proj,1214,0,8,21152
v_proj,1214,0,8,20401
rope,1214,0,8,36924
attn,1214,0,8,35412
o_proj,1214,0,8,48030
post_layernorm,1214,0,8,271664
gate_proj,1214,0,8,166224
up_proj,1214,0,8,165048
act_fn,1214,0,8,31243
down_proj,1214,0,8,199976
final_layernorm,1214,0,8,271742
lm_head,1214,0,8,1286119
embedding,1215,0,8,59922
input_layernorm,1215,0,8,271280
q_proj,1215,0,8,61611
k_proj,1215,0,8,21197
v_proj,1215,0,8,20454
rope,1215,0,8,37047
attn,1215,0,8,35604
o_proj,1215,0,8,48326
post_layernorm,1215,0,8,271956
gate_proj,1215,0,8,167033
up_proj,1215,0,8,165765
act_fn,1215,0,8,31287
down_proj,1215,0,8,200532
final_layernorm,1215,0,8,271962
lm_head,1215,0,8,1289909
embedding,1216,0,8,59649
input_layernorm,1216,0,8,271147
q_proj,1216,0,8,61410
k_proj,1216,0,8,21078
v_proj,1216,0,8,20312
rope,1216,0,8,37194
attn,1216,0,8,34334
o_proj,1216,0,8,48111
post_layernorm,1216,0,8,271566
gate_proj,1216,0,8,166225
up_proj,1216,0,8,164901
act_fn,1216,0,8,31327
down_proj,1216,0,8,200133
final_layernorm,1216,0,8,271334
lm_head,1216,0,8,1285608
embedding,1217,0,8,60011
input_layernorm,1217,0,8,271533
q_proj,1217,0,8,61540
k_proj,1217,0,8,21973
v_proj,1217,0,8,21028
rope,1217,0,8,37032
attn,1217,0,8,36883
o_proj,1217,0,8,48238
post_layernorm,1217,0,8,272558
gate_proj,1217,0,8,166834
up_proj,1217,0,8,165431
act_fn,1217,0,8,31382
down_proj,1217,0,8,200641
final_layernorm,1217,0,8,271943
lm_head,1217,0,8,1289661
embedding,1218,0,8,60038
input_layernorm,1218,0,8,272108
q_proj,1218,0,8,61790
k_proj,1218,0,8,22042
v_proj,1218,0,8,21119
rope,1218,0,8,37133
attn,1218,0,8,37164
o_proj,1218,0,8,48376
post_layernorm,1218,0,8,272708
gate_proj,1218,0,8,167380
up_proj,1218,0,8,166290
act_fn,1218,0,8,31416
down_proj,1218,0,8,201041
final_layernorm,1218,0,8,272568
lm_head,1218,0,8,1292910
embedding,1219,0,8,60141
input_layernorm,1219,0,8,272012
q_proj,1219,0,8,61663
k_proj,1219,0,8,22006
v_proj,1219,0,8,21073
rope,1219,0,8,37079
attn,1219,0,8,36830
o_proj,1219,0,8,48214
post_layernorm,1219,0,8,272764
gate_proj,1219,0,8,166418
up_proj,1219,0,8,165133
act_fn,1219,0,8,31419
down_proj,1219,0,8,200419
final_layernorm,1219,0,8,272550
lm_head,1219,0,8,1286402
embedding,1220,0,8,60268
input_layernorm,1220,0,8,272692
q_proj,1220,0,8,61813
k_proj,1220,0,8,22042
v_proj,1220,0,8,21128
rope,1220,0,8,37319
attn,1220,0,8,36667
o_proj,1220,0,8,48276
post_layernorm,1220,0,8,273286
gate_proj,1220,0,8,166697
up_proj,1220,0,8,165435
act_fn,1220,0,8,31409
down_proj,1220,0,8,200785
final_layernorm,1220,0,8,272664
lm_head,1220,0,8,1290424
embedding,1221,0,8,59962
input_layernorm,1221,0,8,272521
q_proj,1221,0,8,61711
k_proj,1221,0,8,22015
v_proj,1221,0,8,21093
rope,1221,0,8,37133
attn,1221,0,8,36834
o_proj,1221,0,8,48254
post_layernorm,1221,0,8,272819
gate_proj,1221,0,8,166815
up_proj,1221,0,8,165707
act_fn,1221,0,8,31485
down_proj,1221,0,8,200591
final_layernorm,1221,0,8,272877
lm_head,1221,0,8,1287509
embedding,1222,0,8,60254
input_layernorm,1222,0,8,273241
q_proj,1222,0,8,61765
k_proj,1222,0,8,22050
v_proj,1222,0,8,21131
rope,1222,0,8,37186
attn,1222,0,8,36978
o_proj,1222,0,8,48165
post_layernorm,1222,0,8,273812
gate_proj,1222,0,8,166687
up_proj,1222,0,8,165688
act_fn,1222,0,8,31497
down_proj,1222,0,8,200571
final_layernorm,1222,0,8,273657
lm_head,1222,0,8,1288365
embedding,1223,0,8,59960
input_layernorm,1223,0,8,272839
q_proj,1223,0,8,61804
k_proj,1223,0,8,22086
v_proj,1223,0,8,21111
rope,1223,0,8,37150
attn,1223,0,8,37149
o_proj,1223,0,8,48009
post_layernorm,1223,0,8,273469
gate_proj,1223,0,8,166105
up_proj,1223,0,8,164825
act_fn,1223,0,8,31527
down_proj,1223,0,8,200165
final_layernorm,1223,0,8,273584
lm_head,1223,0,8,1283924
embedding,1224,0,8,60254
input_layernorm,1224,0,8,273226
q_proj,1224,0,8,61950
k_proj,1224,0,8,22092
v_proj,1224,0,8,21146
rope,1224,0,8,37395
attn,1224,0,8,37245
o_proj,1224,0,8,48249
post_layernorm,1224,0,8,273718
gate_proj,1224,0,8,166729
up_proj,1224,0,8,165469
act_fn,1224,0,8,31515
down_proj,1224,0,8,200711
final_layernorm,1224,0,8,273530
lm_head,1224,0,8,1289642
embedding,1225,0,8,59969
input_layernorm,1225,0,8,273564
q_proj,1225,0,8,61718
k_proj,1225,0,8,21964
v_proj,1225,0,8,21038
rope,1225,0,8,37186
attn,1225,0,8,36971
o_proj,1225,0,8,48122
post_layernorm,1225,0,8,274216
gate_proj,1225,0,8,166381
up_proj,1225,0,8,165076
act_fn,1225,0,8,31581
down_proj,1225,0,8,200181
final_layernorm,1225,0,8,274174
lm_head,1225,0,8,1285637
embedding,1226,0,8,60257
input_layernorm,1226,0,8,273511
q_proj,1226,0,8,61832
k_proj,1226,0,8,22061
v_proj,1226,0,8,21137
rope,1226,0,8,37294
attn,1226,0,8,36992
o_proj,1226,0,8,48205
post_layernorm,1226,0,8,274339
gate_proj,1226,0,8,166753
up_proj,1226,0,8,165851
act_fn,1226,0,8,31577
down_proj,1226,0,8,200515
final_layernorm,1226,0,8,274170
lm_head,1226,0,8,1288942
embedding,1227,0,8,60245
input_layernorm,1227,0,8,274394
q_proj,1227,0,8,61967
k_proj,1227,0,8,22096
v_proj,1227,0,8,21145
rope,1227,0,8,37315
attn,1227,0,8,37175
o_proj,1227,0,8,48291
post_layernorm,1227,0,8,274988
gate_proj,1227,0,8,167295
up_proj,1227,0,8,165942
act_fn,1227,0,8,31592
down_proj,1227,0,8,200755
final_layernorm,1227,0,8,274647
lm_head,1227,0,8,1292413
embedding,1228,0,8,60270
input_layernorm,1228,0,8,274575
q_proj,1228,0,8,61844
k_proj,1228,0,8,22024
v_proj,1228,0,8,21119
rope,1228,0,8,37516
attn,1228,0,8,36809
o_proj,1228,0,8,48262
post_layernorm,1228,0,8,275518
gate_proj,1228,0,8,166715
up_proj,1228,0,8,165363
act_fn,1228,0,8,31582
down_proj,1228,0,8,200686
final_layernorm,1228,0,8,274987
lm_head,1228,0,8,1290088
embedding,1229,0,8,60416
input_layernorm,1229,0,8,274378
q_proj,1229,0,8,61911
k_proj,1229,0,8,22076
v_proj,1229,0,8,21166
rope,1229,0,8,37361
attn,1229,0,8,37012
o_proj,1229,0,8,48356
post_layernorm,1229,0,8,275427
gate_proj,1229,0,8,167098
up_proj,1229,0,8,165808
act_fn,1229,0,8,31631
down_proj,1229,0,8,200932
final_layernorm,1229,0,8,274984
lm_head,1229,0,8,1292873
embedding,1230,0,8,60515
input_layernorm,1230,0,8,274406
q_proj,1230,0,8,62175
k_proj,1230,0,8,22180
v_proj,1230,0,8,21256
rope,1230,0,8,37508
attn,1230,0,8,37064
o_proj,1230,0,8,48495
post_layernorm,1230,0,8,275129
gate_proj,1230,0,8,167720
up_proj,1230,0,8,166753
act_fn,1230,0,8,31686
down_proj,1230,0,8,161342
final_layernorm,1230,0,8,275109
lm_head,1230,0,8,1296909
embedding,1231,0,8,60278
input_layernorm,1231,0,8,275171
q_proj,1231,0,8,61998
k_proj,1231,0,8,22065
v_proj,1231,0,8,21148
rope,1231,0,8,37394
attn,1231,0,8,37408
o_proj,1231,0,8,48230
post_layernorm,1231,0,8,275685
gate_proj,1231,0,8,166870
up_proj,1231,0,8,165622
act_fn,1231,0,8,31706
down_proj,1231,0,8,160427
final_layernorm,1231,0,8,275140
lm_head,1231,0,8,1289962
embedding,1232,0,8,60361
input_layernorm,1232,0,8,275132
q_proj,1232,0,8,61885
k_proj,1232,0,8,22034
v_proj,1232,0,8,21160
rope,1232,0,8,37599
attn,1232,0,8,37330
o_proj,1232,0,8,48239
post_layernorm,1232,0,8,275374
gate_proj,1232,0,8,166594
up_proj,1232,0,8,165276
act_fn,1232,0,8,31745
down_proj,1232,0,8,160284
final_layernorm,1232,0,8,275154
lm_head,1232,0,8,1288826
embedding,1233,0,8,60276
input_layernorm,1233,0,8,275627
q_proj,1233,0,8,61953
k_proj,1233,0,8,22115
v_proj,1233,0,8,21214
rope,1233,0,8,37476
attn,1233,0,8,36978
o_proj,1233,0,8,48264
post_layernorm,1233,0,8,275610
gate_proj,1233,0,8,166864
up_proj,1233,0,8,165615
act_fn,1233,0,8,31795
down_proj,1233,0,8,160516
final_layernorm,1233,0,8,275321
lm_head,1233,0,8,1291297
embedding,1234,0,8,61071
input_layernorm,1234,0,8,275425
q_proj,1234,0,8,62351
k_proj,1234,0,8,22316
v_proj,1234,0,8,21371
rope,1234,0,8,37750
attn,1234,0,8,37583
o_proj,1234,0,8,48606
post_layernorm,1234,0,8,276147
gate_proj,1234,0,8,168016
up_proj,1234,0,8,167042
act_fn,1234,0,8,31783
down_proj,1234,0,8,161570
final_layernorm,1234,0,8,275687
lm_head,1234,0,8,1298733
embedding,1235,0,8,60883
input_layernorm,1235,0,8,275499
q_proj,1235,0,8,62068
k_proj,1235,0,8,22134
v_proj,1235,0,8,21256
rope,1235,0,8,37604
attn,1235,0,8,37512
o_proj,1235,0,8,48400
post_layernorm,1235,0,8,276179
gate_proj,1235,0,8,167279
up_proj,1235,0,8,166078
act_fn,1235,0,8,31809
down_proj,1235,0,8,160892
final_layernorm,1235,0,8,275864
lm_head,1235,0,8,1294294
embedding,1236,0,8,60876
input_layernorm,1236,0,8,275870
q_proj,1236,0,8,61955
k_proj,1236,0,8,22143
v_proj,1236,0,8,21233
rope,1236,0,8,37750
attn,1236,0,8,37141
o_proj,1236,0,8,48190
post_layernorm,1236,0,8,276318
gate_proj,1236,0,8,166541
up_proj,1236,0,8,165181
act_fn,1236,0,8,31850
down_proj,1236,0,8,160236
final_layernorm,1236,0,8,276261
lm_head,1236,0,8,1288427
embedding,1237,0,8,60783
input_layernorm,1237,0,8,276360
q_proj,1237,0,8,61963
k_proj,1237,0,8,22195
v_proj,1237,0,8,21263
rope,1237,0,8,37547
attn,1237,0,8,37352
o_proj,1237,0,8,48083
post_layernorm,1237,0,8,276369
gate_proj,1237,0,8,166092
up_proj,1237,0,8,164854
act_fn,1237,0,8,31884
down_proj,1237,0,8,159759
final_layernorm,1237,0,8,276901
lm_head,1237,0,8,1285333
embedding,1238,0,8,61201
input_layernorm,1238,0,8,276796
q_proj,1238,0,8,62033
k_proj,1238,0,8,22139
v_proj,1238,0,8,21246
rope,1238,0,8,37699
attn,1238,0,8,37109
o_proj,1238,0,8,48340
post_layernorm,1238,0,8,277411
gate_proj,1238,0,8,167022
up_proj,1238,0,8,166099
act_fn,1238,0,8,31889
down_proj,1238,0,8,160698
final_layernorm,1238,0,8,277374
lm_head,1238,0,8,1291444
embedding,1239,0,8,61113
input_layernorm,1239,0,8,276509
q_proj,1239,0,8,62267
k_proj,1239,0,8,22231
v_proj,1239,0,8,21315
rope,1239,0,8,37747
attn,1239,0,8,36731
o_proj,1239,0,8,48438
post_layernorm,1239,0,8,277017
gate_proj,1239,0,8,167441
up_proj,1239,0,8,166142
act_fn,1239,0,8,31917
down_proj,1239,0,8,160955
final_layernorm,1239,0,8,277099
lm_head,1239,0,8,1293572
embedding,1240,0,8,61292
input_layernorm,1240,0,8,276729
q_proj,1240,0,8,62052
k_proj,1240,0,8,22127
v_proj,1240,0,8,21218
rope,1240,0,8,37907
attn,1240,0,8,36877
o_proj,1240,0,8,48319
post_layernorm,1240,0,8,277403
gate_proj,1240,0,8,166974
up_proj,1240,0,8,165772
act_fn,1240,0,8,31965
down_proj,1240,0,8,160832
final_layernorm,1240,0,8,277441
lm_head,1240,0,8,1292922
embedding,1241,0,8,60946
input_layernorm,1241,0,8,277101
q_proj,1241,0,8,61911
k_proj,1241,0,8,22125
v_proj,1241,0,8,21254
rope,1241,0,8,37665
attn,1241,0,8,36601
o_proj,1241,0,8,48073
post_layernorm,1241,0,8,277495
gate_proj,1241,0,8,166159
up_proj,1241,0,8,164874
act_fn,1241,0,8,31967
down_proj,1241,0,8,159794
final_layernorm,1241,0,8,277374
lm_head,1241,0,8,1285166
embedding,1242,0,8,61474
input_layernorm,1242,0,8,277427
q_proj,1242,0,8,62367
k_proj,1242,0,8,22257
v_proj,1242,0,8,21307
rope,1242,0,8,37989
attn,1242,0,8,37059
o_proj,1242,0,8,48541
post_layernorm,1242,0,8,277757
gate_proj,1242,0,8,167891
up_proj,1242,0,8,166896
act_fn,1242,0,8,31999
down_proj,1242,0,8,161342
final_layernorm,1242,0,8,277832
lm_head,1242,0,8,1297098
embedding,1243,0,8,61219
input_layernorm,1243,0,8,277994
q_proj,1243,0,8,62077
k_proj,1243,0,8,22177
v_proj,1243,0,8,21264
rope,1243,0,8,37943
attn,1243,0,8,37308
o_proj,1243,0,8,48227
post_layernorm,1243,0,8,278267
gate_proj,1243,0,8,166857
up_proj,1243,0,8,165643
act_fn,1243,0,8,32008
down_proj,1243,0,8,160245
final_layernorm,1243,0,8,278172
lm_head,1243,0,8,1290018
embedding,1244,0,8,61475
input_layernorm,1244,0,8,277639
q_proj,1244,0,8,62235
k_proj,1244,0,8,22227
v_proj,1244,0,8,21324
rope,1244,0,8,38203
attn,1244,0,8,37416
o_proj,1244,0,8,48521
post_layernorm,1244,0,8,278214
gate_proj,1244,0,8,167408
up_proj,1244,0,8,166161
act_fn,1244,0,8,32012
down_proj,1244,0,8,161098
final_layernorm,1244,0,8,278321
lm_head,1244,0,8,1293984
embedding,1245,0,8,61057
input_layernorm,1245,0,8,277656
q_proj,1245,0,8,62169
k_proj,1245,0,8,22153
v_proj,1245,0,8,21282
rope,1245,0,8,37989
attn,1245,0,8,37153
o_proj,1245,0,8,48332
post_layernorm,1245,0,8,278293
gate_proj,1245,0,8,166959
up_proj,1245,0,8,165716
act_fn,1245,0,8,32073
down_proj,1245,0,8,160596
final_layernorm,1245,0,8,278387
lm_head,1245,0,8,1292218
embedding,1246,0,8,61667
input_layernorm,1246,0,8,278213
q_proj,1246,0,8,62431
k_proj,1246,0,8,22262
v_proj,1246,0,8,21342
rope,1246,0,8,38204
attn,1246,0,8,37455
o_proj,1246,0,8,48674
post_layernorm,1246,0,8,278367
gate_proj,1246,0,8,168181
up_proj,1246,0,8,167194
act_fn,1246,0,8,32140
down_proj,1246,0,8,161799
final_layernorm,1246,0,8,278582
lm_head,1246,0,8,1299685
embedding,1247,0,8,61395
input_layernorm,1247,0,8,278391
q_proj,1247,0,8,62459
k_proj,1247,0,8,22246
v_proj,1247,0,8,21349
rope,1247,0,8,38154
attn,1247,0,8,37485
o_proj,1247,0,8,48588
post_layernorm,1247,0,8,278950
gate_proj,1247,0,8,168021
up_proj,1247,0,8,166752
act_fn,1247,0,8,32116
down_proj,1247,0,8,161333
final_layernorm,1247,0,8,278744
lm_head,1247,0,8,1297187
embedding,1248,0,8,61494
input_layernorm,1248,0,8,278645
q_proj,1248,0,8,62279
k_proj,1248,0,8,22195
v_proj,1248,0,8,21277
rope,1248,0,8,38248
attn,1248,0,8,36936
o_proj,1248,0,8,48319
post_layernorm,1248,0,8,278743
gate_proj,1248,0,8,166971
up_proj,1248,0,8,165815
act_fn,1248,0,8,32102
down_proj,1248,0,8,160615
final_layernorm,1248,0,8,278592
lm_head,1248,0,8,1292872
embedding,1249,0,8,61369
input_layernorm,1249,0,8,278806
q_proj,1249,0,8,61577
k_proj,1249,0,8,22226
v_proj,1249,0,8,21326
rope,1249,0,8,38186
attn,1249,0,8,36935
o_proj,1249,0,8,48522
post_layernorm,1249,0,8,279142
gate_proj,1249,0,8,167844
up_proj,1249,0,8,166505
act_fn,1249,0,8,32145
down_proj,1249,0,8,161167
final_layernorm,1249,0,8,279160
lm_head,1249,0,8,1296718
embedding,1250,0,8,61836
input_layernorm,1250,0,8,278923
q_proj,1250,0,8,61717
k_proj,1250,0,8,22243
v_proj,1250,0,8,21355
rope,1250,0,8,38302
attn,1250,0,8,37900
o_proj,1250,0,8,48618
post_layernorm,1250,0,8,279157
gate_proj,1250,0,8,168438
up_proj,1250,0,8,167443
act_fn,1250,0,8,32192
down_proj,1250,0,8,161694
final_layernorm,1250,0,8,279429
lm_head,1250,0,8,1300429
embedding,1251,0,8,61559
input_layernorm,1251,0,8,279289
q_proj,1251,0,8,61866
k_proj,1251,0,8,22310
v_proj,1251,0,8,21426
rope,1251,0,8,38229
attn,1251,0,8,37519
o_proj,1251,0,8,48563
post_layernorm,1251,0,8,279874
gate_proj,1251,0,8,167821
up_proj,1251,0,8,166421
act_fn,1251,0,8,32217
down_proj,1251,0,8,161198
final_layernorm,1251,0,8,279766
lm_head,1251,0,8,1299395
embedding,1252,0,8,61484
input_layernorm,1252,0,8,279334
q_proj,1252,0,8,61748
k_proj,1252,0,8,22244
v_proj,1252,0,8,21356
rope,1252,0,8,38490
attn,1252,0,8,37600
o_proj,1252,0,8,48524
post_layernorm,1252,0,8,279804
gate_proj,1252,0,8,167666
up_proj,1252,0,8,166271
act_fn,1252,0,8,32267
down_proj,1252,0,8,161202
final_layernorm,1252,0,8,279838
lm_head,1252,0,8,1295120
embedding,1253,0,8,61908
input_layernorm,1253,0,8,279829
q_proj,1253,0,8,62001
k_proj,1253,0,8,22359
v_proj,1253,0,8,21447
rope,1253,0,8,38441
attn,1253,0,8,37704
o_proj,1253,0,8,48813
post_layernorm,1253,0,8,280390
gate_proj,1253,0,8,168588
up_proj,1253,0,8,167364
act_fn,1253,0,8,32273
down_proj,1253,0,8,162060
final_layernorm,1253,0,8,280433
lm_head,1253,0,8,1303796
embedding,1254,0,8,61624
input_layernorm,1254,0,8,279834
q_proj,1254,0,8,61631
k_proj,1254,0,8,22251
v_proj,1254,0,8,21342
rope,1254,0,8,38395
attn,1254,0,8,37098
o_proj,1254,0,8,48537
post_layernorm,1254,0,8,280030
gate_proj,1254,0,8,167713
up_proj,1254,0,8,166712
act_fn,1254,0,8,32281
down_proj,1254,0,8,161132
final_layernorm,1254,0,8,280350
lm_head,1254,0,8,1296348
embedding,1255,0,8,61688
input_layernorm,1255,0,8,279937
q_proj,1255,0,8,61585
k_proj,1255,0,8,22207
v_proj,1255,0,8,21320
rope,1255,0,8,38296
attn,1255,0,8,36810
o_proj,1255,0,8,48444
post_layernorm,1255,0,8,280280
gate_proj,1255,0,8,167433
up_proj,1255,0,8,166061
act_fn,1255,0,8,32341
down_proj,1255,0,8,160839
final_layernorm,1255,0,8,280656
lm_head,1255,0,8,1294800
embedding,1256,0,8,62250
input_layernorm,1256,0,8,280165
q_proj,1256,0,8,61724
k_proj,1256,0,8,22276
v_proj,1256,0,8,21354
rope,1256,0,8,38538
attn,1256,0,8,37565
o_proj,1256,0,8,48604
post_layernorm,1256,0,8,280508
gate_proj,1256,0,8,167800
up_proj,1256,0,8,166455
act_fn,1256,0,8,32383
down_proj,1256,0,8,161366
final_layernorm,1256,0,8,280747
lm_head,1256,0,8,1297967
embedding,1257,0,8,62189
input_layernorm,1257,0,8,280631
q_proj,1257,0,8,61780
k_proj,1257,0,8,22278
v_proj,1257,0,8,21381
rope,1257,0,8,38385
attn,1257,0,8,37203
o_proj,1257,0,8,48537
post_layernorm,1257,0,8,280769
gate_proj,1257,0,8,167664
up_proj,1257,0,8,166375
act_fn,1257,0,8,32387
down_proj,1257,0,8,161290
final_layernorm,1257,0,8,281490
lm_head,1257,0,8,1297472
embedding,1258,0,8,62298
input_layernorm,1258,0,8,280846
q_proj,1258,0,8,61959
k_proj,1258,0,8,22355
v_proj,1258,0,8,21437
rope,1258,0,8,38503
attn,1258,0,8,37693
o_proj,1258,0,8,48771
post_layernorm,1258,0,8,281354
gate_proj,1258,0,8,168421
up_proj,1258,0,8,167405
act_fn,1258,0,8,32415
down_proj,1258,0,8,161792
final_layernorm,1258,0,8,281597
lm_head,1258,0,8,1301758
embedding,1259,0,8,62116
input_layernorm,1259,0,8,281067
q_proj,1259,0,8,61865
k_proj,1259,0,8,22329
v_proj,1259,0,8,21436
rope,1259,0,8,38464
attn,1259,0,8,37438
o_proj,1259,0,8,48633
post_layernorm,1259,0,8,281644
gate_proj,1259,0,8,168142
up_proj,1259,0,8,166832
act_fn,1259,0,8,32406
down_proj,1259,0,8,161485
final_layernorm,1259,0,8,281337
lm_head,1259,0,8,1297882
embedding,1260,0,8,62606
input_layernorm,1260,0,8,281986
q_proj,1260,0,8,61968
k_proj,1260,0,8,22395
v_proj,1260,0,8,21482
rope,1260,0,8,38676
attn,1260,0,8,37406
o_proj,1260,0,8,48704
post_layernorm,1260,0,8,282484
gate_proj,1260,0,8,168113
up_proj,1260,0,8,166761
act_fn,1260,0,8,32480
down_proj,1260,0,8,161671
final_layernorm,1260,0,8,282333
lm_head,1260,0,8,1301485
embedding,1261,0,8,62315
input_layernorm,1261,0,8,283667
q_proj,1261,0,8,61909
k_proj,1261,0,8,22338
v_proj,1261,0,8,21389
rope,1261,0,8,38597
attn,1261,0,8,37446
o_proj,1261,0,8,48698
post_layernorm,1261,0,8,283507
gate_proj,1261,0,8,168040
up_proj,1261,0,8,166794
act_fn,1261,0,8,32470
down_proj,1261,0,8,161528
final_layernorm,1261,0,8,283162
lm_head,1261,0,8,1298947
embedding,1262,0,8,62485
input_layernorm,1262,0,8,283831
q_proj,1262,0,8,61883
k_proj,1262,0,8,22402
v_proj,1262,0,8,21455
rope,1262,0,8,38636
attn,1262,0,8,37690
o_proj,1262,0,8,48682
post_layernorm,1262,0,8,284112
gate_proj,1262,0,8,167999
up_proj,1262,0,8,166967
act_fn,1262,0,8,32465
down_proj,1262,0,8,161439
final_layernorm,1262,0,8,284054
lm_head,1262,0,8,1298427
embedding,1263,0,8,62105
input_layernorm,1263,0,8,283826
q_proj,1263,0,8,61865
k_proj,1263,0,8,22370
v_proj,1263,0,8,21433
rope,1263,0,8,38585
attn,1263,0,8,37737
o_proj,1263,0,8,48439
post_layernorm,1263,0,8,284200
gate_proj,1263,0,8,167232
up_proj,1263,0,8,166004
act_fn,1263,0,8,32519
down_proj,1263,0,8,160694
final_layernorm,1263,0,8,283698
lm_head,1263,0,8,1292964
embedding,1264,0,8,62236
input_layernorm,1264,0,8,283708
q_proj,1264,0,8,61856
k_proj,1264,0,8,22419
v_proj,1264,0,8,21464
rope,1264,0,8,38800
attn,1264,0,8,37056
o_proj,1264,0,8,48451
post_layernorm,1264,0,8,284375
gate_proj,1264,0,8,167110
up_proj,1264,0,8,165840
act_fn,1264,0,8,32531
down_proj,1264,0,8,160817
final_layernorm,1264,0,8,283735
lm_head,1264,0,8,1292970
embedding,1265,0,8,62236
input_layernorm,1265,0,8,284787
q_proj,1265,0,8,62026
k_proj,1265,0,8,22442
v_proj,1265,0,8,21483
rope,1265,0,8,38721
attn,1265,0,8,37497
o_proj,1265,0,8,48596
post_layernorm,1265,0,8,285041
gate_proj,1265,0,8,167955
up_proj,1265,0,8,166545
act_fn,1265,0,8,32605
down_proj,1265,0,8,161286
final_layernorm,1265,0,8,284406
lm_head,1265,0,8,1298963
embedding,1266,0,8,62562
input_layernorm,1266,0,8,284359
q_proj,1266,0,8,61971
k_proj,1266,0,8,22441
v_proj,1266,0,8,21417
rope,1266,0,8,38824
attn,1266,0,8,37345
o_proj,1266,0,8,48698
post_layernorm,1266,0,8,284955
gate_proj,1266,0,8,168407
up_proj,1266,0,8,167360
act_fn,1266,0,8,32626
down_proj,1266,0,8,161598
final_layernorm,1266,0,8,284602
lm_head,1266,0,8,1300094
embedding,1267,0,8,62755
input_layernorm,1267,0,8,285145
q_proj,1267,0,8,62159
k_proj,1267,0,8,22498
v_proj,1267,0,8,21490
rope,1267,0,8,38844
attn,1267,0,8,37793
o_proj,1267,0,8,48860
post_layernorm,1267,0,8,285871
gate_proj,1267,0,8,168477
up_proj,1267,0,8,167181
act_fn,1267,0,8,32676
down_proj,1267,0,8,161997
final_layernorm,1267,0,8,285623
lm_head,1267,0,8,1301551
embedding,1268,0,8,62710
input_layernorm,1268,0,8,285210
q_proj,1268,0,8,62024
k_proj,1268,0,8,22462
v_proj,1268,0,8,21510
rope,1268,0,8,38968
attn,1268,0,8,37723
o_proj,1268,0,8,48698
post_layernorm,1268,0,8,285439
gate_proj,1268,0,8,168039
up_proj,1268,0,8,166656
act_fn,1268,0,8,32680
down_proj,1268,0,8,161567
final_layernorm,1268,0,8,285623
lm_head,1268,0,8,1299707
embedding,1269,0,8,62492
input_layernorm,1269,0,8,285332
q_proj,1269,0,8,62025
k_proj,1269,0,8,22452
v_proj,1269,0,8,21499
rope,1269,0,8,38797
attn,1269,0,8,37705
o_proj,1269,0,8,48577
post_layernorm,1269,0,8,285617
gate_proj,1269,0,8,167910
up_proj,1269,0,8,166575
act_fn,1269,0,8,32677
down_proj,1269,0,8,161345
final_layernorm,1269,0,8,285629
lm_head,1269,0,8,1299397
embedding,1270,0,8,62812
input_layernorm,1270,0,8,285166
q_proj,1270,0,8,62237
k_proj,1270,0,8,22582
v_proj,1270,0,8,21610
rope,1270,0,8,38865
attn,1270,0,8,38054
o_proj,1270,0,8,48792
post_layernorm,1270,0,8,285901
gate_proj,1270,0,8,168495
up_proj,1270,0,8,167375
act_fn,1270,0,8,32735
down_proj,1270,0,8,161724
final_layernorm,1270,0,8,285631
lm_head,1270,0,8,1301299
embedding,1271,0,8,62659
input_layernorm,1271,0,8,285371
q_proj,1271,0,8,62270
k_proj,1271,0,8,22544
v_proj,1271,0,8,21608
rope,1271,0,8,38893
attn,1271,0,8,37837
o_proj,1271,0,8,48858
post_layernorm,1271,0,8,286113
gate_proj,1271,0,8,168957
up_proj,1271,0,8,167663
act_fn,1271,0,8,32746
down_proj,1271,0,8,162172
final_layernorm,1271,0,8,285702
lm_head,1271,0,8,1304578
embedding,1272,0,8,62586
input_layernorm,1272,0,8,285638
q_proj,1272,0,8,62125
k_proj,1272,0,8,22513
v_proj,1272,0,8,21565
rope,1272,0,8,38995
attn,1272,0,8,38098
o_proj,1272,0,8,48608
post_layernorm,1272,0,8,286149
gate_proj,1272,0,8,167944
up_proj,1272,0,8,166669
act_fn,1272,0,8,32762
down_proj,1272,0,8,161441
final_layernorm,1272,0,8,285814
lm_head,1272,0,8,1300447
embedding,1273,0,8,62529
input_layernorm,1273,0,8,285856
q_proj,1273,0,8,62113
k_proj,1273,0,8,22505
v_proj,1273,0,8,21571
rope,1273,0,8,38896
attn,1273,0,8,38037
o_proj,1273,0,8,48730
post_layernorm,1273,0,8,286319
gate_proj,1273,0,8,168128
up_proj,1273,0,8,166784
act_fn,1273,0,8,32790
down_proj,1273,0,8,161579
final_layernorm,1273,0,8,286218
lm_head,1273,0,8,1299543
embedding,1274,0,8,62420
input_layernorm,1274,0,8,286346
q_proj,1274,0,8,62069
k_proj,1274,0,8,22492
v_proj,1274,0,8,21548
rope,1274,0,8,38916
attn,1274,0,8,38306
o_proj,1274,0,8,48619
post_layernorm,1274,0,8,286898
gate_proj,1274,0,8,168101
up_proj,1274,0,8,167126
act_fn,1274,0,8,32805
down_proj,1274,0,8,161361
final_layernorm,1274,0,8,286697
lm_head,1274,0,8,1299826
embedding,1275,0,8,62638
input_layernorm,1275,0,8,286525
q_proj,1275,0,8,62158
k_proj,1275,0,8,22506
v_proj,1275,0,8,21506
rope,1275,0,8,38913
attn,1275,0,8,37275
o_proj,1275,0,8,48659
post_layernorm,1275,0,8,286798
gate_proj,1275,0,8,168080
up_proj,1275,0,8,166874
act_fn,1275,0,8,32849
down_proj,1275,0,8,161454
final_layernorm,1275,0,8,286475
lm_head,1275,0,8,1298972
embedding,1276,0,8,63003
input_layernorm,1276,0,8,286731
q_proj,1276,0,8,62152
k_proj,1276,0,8,22512
v_proj,1276,0,8,21555
rope,1276,0,8,39092
attn,1276,0,8,37490
o_proj,1276,0,8,48642
post_layernorm,1276,0,8,286992
gate_proj,1276,0,8,168002
up_proj,1276,0,8,166662
act_fn,1276,0,8,32893
down_proj,1276,0,8,161475
final_layernorm,1276,0,8,286493
lm_head,1276,0,8,1300482
embedding,1277,0,8,63001
input_layernorm,1277,0,8,287353
q_proj,1277,0,8,62293
k_proj,1277,0,8,22568
v_proj,1277,0,8,21612
rope,1277,0,8,38924
attn,1277,0,8,37446
o_proj,1277,0,8,48705
post_layernorm,1277,0,8,288012
gate_proj,1277,0,8,168228
up_proj,1277,0,8,166936
act_fn,1277,0,8,32905
down_proj,1277,0,8,161666
final_layernorm,1277,0,8,287580
lm_head,1277,0,8,1301322
embedding,1278,0,8,63440
input_layernorm,1278,0,8,287157
q_proj,1278,0,8,62332
k_proj,1278,0,8,22585
v_proj,1278,0,8,21683
rope,1278,0,8,39040
attn,1278,0,8,37796
o_proj,1278,0,8,48906
post_layernorm,1278,0,8,287951
gate_proj,1278,0,8,168822
up_proj,1278,0,8,167809
act_fn,1278,0,8,32928
down_proj,1278,0,8,162205
final_layernorm,1278,0,8,287480
lm_head,1278,0,8,1304671
embedding,1279,0,8,63173
input_layernorm,1279,0,8,287540
q_proj,1279,0,8,62375
k_proj,1279,0,8,22683
v_proj,1279,0,8,21686
rope,1279,0,8,39048
attn,1279,0,8,37438
o_proj,1279,0,8,48868
post_layernorm,1279,0,8,287505
gate_proj,1279,0,8,168673
up_proj,1279,0,8,167422
act_fn,1279,0,8,32961
down_proj,1279,0,8,161880
final_layernorm,1279,0,8,287126
lm_head,1279,0,8,1302315
embedding,1280,0,8,63072
input_layernorm,1280,0,8,287124
q_proj,1280,0,8,62161
k_proj,1280,0,8,22537
v_proj,1280,0,8,21596
rope,1280,0,8,39128
attn,1280,0,8,36337
o_proj,1280,0,8,48622
post_layernorm,1280,0,8,287334
gate_proj,1280,0,8,167629
up_proj,1280,0,8,166300
act_fn,1280,0,8,32970
down_proj,1280,0,8,161244
final_layernorm,1280,0,8,287126
lm_head,1280,0,8,1295490
embedding,1281,0,8,63416
input_layernorm,1281,0,8,287563
q_proj,1281,0,8,62517
k_proj,1281,0,8,23133
v_proj,1281,0,8,21831
rope,1281,0,8,39063
attn,1281,0,8,40901
o_proj,1281,0,8,57204
post_layernorm,1281,0,8,288181
gate_proj,1281,0,8,168940
up_proj,1281,0,8,167815
act_fn,1281,0,8,33563
down_proj,1281,0,8,202999
final_layernorm,1281,0,8,288002
lm_head,1281,0,8,1303611
embedding,1282,0,8,63448
input_layernorm,1282,0,8,288278
q_proj,1282,0,8,62433
k_proj,1282,0,8,23113
v_proj,1282,0,8,21794
rope,1282,0,8,39084
attn,1282,0,8,41422
o_proj,1282,0,8,57130
post_layernorm,1282,0,8,288816
gate_proj,1282,0,8,169110
up_proj,1282,0,8,167769
act_fn,1282,0,8,33591
down_proj,1282,0,8,202857
final_layernorm,1282,0,8,288440
lm_head,1282,0,8,1301885
embedding,1283,0,8,63595
input_layernorm,1283,0,8,287983
q_proj,1283,0,8,62578
k_proj,1283,0,8,23155
v_proj,1283,0,8,21828
rope,1283,0,8,39084
attn,1283,0,8,40840
o_proj,1283,0,8,57277
post_layernorm,1283,0,8,288204
gate_proj,1283,0,8,168806
up_proj,1283,0,8,167744
act_fn,1283,0,8,33615
down_proj,1283,0,8,202668
final_layernorm,1283,0,8,288199
lm_head,1283,0,8,1301573
embedding,1284,0,8,63499
input_layernorm,1284,0,8,288231
q_proj,1284,0,8,62526
k_proj,1284,0,8,23129
v_proj,1284,0,8,21864
rope,1284,0,8,39308
attn,1284,0,8,40818
o_proj,1284,0,8,57328
post_layernorm,1284,0,8,288441
gate_proj,1284,0,8,168773
up_proj,1284,0,8,167638
act_fn,1284,0,8,33627
down_proj,1284,0,8,202849
final_layernorm,1284,0,8,288260
lm_head,1284,0,8,1303341
embedding,1285,0,8,63394
input_layernorm,1285,0,8,288022
q_proj,1285,0,8,62440
k_proj,1285,0,8,23065
v_proj,1285,0,8,21814
rope,1285,0,8,39040
attn,1285,0,8,40460
o_proj,1285,0,8,57124
post_layernorm,1285,0,8,288376
gate_proj,1285,0,8,168490
up_proj,1285,0,8,167186
act_fn,1285,0,8,33663
down_proj,1285,0,8,202296
final_layernorm,1285,0,8,288333
lm_head,1285,0,8,1299092
embedding,1286,0,8,63873
input_layernorm,1286,0,8,288535
q_proj,1286,0,8,62854
k_proj,1286,0,8,23239
v_proj,1286,0,8,21944
rope,1286,0,8,39164
attn,1286,0,8,41107
o_proj,1286,0,8,57521
post_layernorm,1286,0,8,289125
gate_proj,1286,0,8,169618
up_proj,1286,0,8,168435
act_fn,1286,0,8,33637
down_proj,1286,0,8,203454
final_layernorm,1286,0,8,288884
lm_head,1286,0,8,1308606
embedding,1287,0,8,63542
input_layernorm,1287,0,8,289257
q_proj,1287,0,8,62589
k_proj,1287,0,8,23155
v_proj,1287,0,8,21850
rope,1287,0,8,38978
attn,1287,0,8,40718
o_proj,1287,0,8,57307
post_layernorm,1287,0,8,289937
gate_proj,1287,0,8,168758
up_proj,1287,0,8,167073
act_fn,1287,0,8,33684
down_proj,1287,0,8,202253
final_layernorm,1287,0,8,289528
lm_head,1287,0,8,1300269
embedding,1288,0,8,63872
input_layernorm,1288,0,8,288779
q_proj,1288,0,8,62684
k_proj,1288,0,8,23261
v_proj,1288,0,8,21899
rope,1288,0,8,39251
attn,1288,0,8,41300
o_proj,1288,0,8,57320
post_layernorm,1288,0,8,289499
gate_proj,1288,0,8,168807
up_proj,1288,0,8,167714
act_fn,1288,0,8,33730
down_proj,1288,0,8,202771
final_layernorm,1288,0,8,289312
lm_head,1288,0,8,1302768
embedding,1289,0,8,63925
input_layernorm,1289,0,8,289493
q_proj,1289,0,8,62847
k_proj,1289,0,8,23276
v_proj,1289,0,8,21926
rope,1289,0,8,39118
attn,1289,0,8,40935
o_proj,1289,0,8,57471
post_layernorm,1289,0,8,289567
gate_proj,1289,0,8,169213
up_proj,1289,0,8,167875
act_fn,1289,0,8,33767
down_proj,1289,0,8,203052
final_layernorm,1289,0,8,289413
lm_head,1289,0,8,1305837
embedding,1290,0,8,63781
input_layernorm,1290,0,8,289420
q_proj,1290,0,8,62607
k_proj,1290,0,8,23191
v_proj,1290,0,8,21859
rope,1290,0,8,39155
attn,1290,0,8,41577
o_proj,1290,0,8,57319
post_layernorm,1290,0,8,289584
gate_proj,1290,0,8,168894
up_proj,1290,0,8,167617
act_fn,1290,0,8,33792
down_proj,1290,0,8,202797
final_layernorm,1290,0,8,289565
lm_head,1290,0,8,1303397
embedding,1291,0,8,63996
input_layernorm,1291,0,8,289572
q_proj,1291,0,8,62863
k_proj,1291,0,8,23226
v_proj,1291,0,8,21970
rope,1291,0,8,39168
attn,1291,0,8,40709
o_proj,1291,0,8,57566
post_layernorm,1291,0,8,290180
gate_proj,1291,0,8,169698
up_proj,1291,0,8,168512
act_fn,1291,0,8,33833
down_proj,1291,0,8,203579
final_layernorm,1291,0,8,289712
lm_head,1291,0,8,1308341
embedding,1292,0,8,63669
input_layernorm,1292,0,8,290208
q_proj,1292,0,8,62585
k_proj,1292,0,8,23187
v_proj,1292,0,8,21817
rope,1292,0,8,39499
attn,1292,0,8,41172
o_proj,1292,0,8,57346
post_layernorm,1292,0,8,290723
gate_proj,1292,0,8,168864
up_proj,1292,0,8,167683
act_fn,1292,0,8,33871
down_proj,1292,0,8,202852
final_layernorm,1292,0,8,290209
lm_head,1292,0,8,1303633
embedding,1293,0,8,63976
input_layernorm,1293,0,8,289935
q_proj,1293,0,8,62988
k_proj,1293,0,8,23289
v_proj,1293,0,8,21929
rope,1293,0,8,39414
attn,1293,0,8,40662
o_proj,1293,0,8,57685
post_layernorm,1293,0,8,290738
gate_proj,1293,0,8,169679
up_proj,1293,0,8,168325
act_fn,1293,0,8,33870
down_proj,1293,0,8,203432
final_layernorm,1293,0,8,290218
lm_head,1293,0,8,1309224
embedding,1294,0,8,63727
input_layernorm,1294,0,8,290099
q_proj,1294,0,8,62503
k_proj,1294,0,8,23207
v_proj,1294,0,8,21796
rope,1294,0,8,39359
attn,1294,0,8,40363
o_proj,1294,0,8,57395
post_layernorm,1294,0,8,290663
gate_proj,1294,0,8,168736
up_proj,1294,0,8,167640
act_fn,1294,0,8,33907
down_proj,1294,0,8,202691
final_layernorm,1294,0,8,290258
lm_head,1294,0,8,1302857
embedding,1295,0,8,63546
input_layernorm,1295,0,8,290447
q_proj,1295,0,8,62583
k_proj,1295,0,8,23203
v_proj,1295,0,8,21832
rope,1295,0,8,39355
attn,1295,0,8,40920
o_proj,1295,0,8,57342
post_layernorm,1295,0,8,290988
gate_proj,1295,0,8,168009
up_proj,1295,0,8,166918
act_fn,1295,0,8,33912
down_proj,1295,0,8,201982
final_layernorm,1295,0,8,290567
lm_head,1295,0,8,1297686
embedding,1296,0,8,63836
input_layernorm,1296,0,8,290265
q_proj,1296,0,8,62460
k_proj,1296,0,8,23208
v_proj,1296,0,8,21841
rope,1296,0,8,39637
attn,1296,0,8,40786
o_proj,1296,0,8,57366
post_layernorm,1296,0,8,291086
gate_proj,1296,0,8,169243
up_proj,1296,0,8,167912
act_fn,1296,0,8,33926
down_proj,1296,0,8,202997
final_layernorm,1296,0,8,290795
lm_head,1296,0,8,1305684
embedding,1297,0,8,64204
input_layernorm,1297,0,8,290999
q_proj,1297,0,8,62675
k_proj,1297,0,8,23303
v_proj,1297,0,8,21899
rope,1297,0,8,39488
attn,1297,0,8,40858
o_proj,1297,0,8,57511
post_layernorm,1297,0,8,291366
gate_proj,1297,0,8,168790
up_proj,1297,0,8,167994
act_fn,1297,0,8,33977
down_proj,1297,0,8,202869
final_layernorm,1297,0,8,291200
lm_head,1297,0,8,1304727
embedding,1298,0,8,64376
input_layernorm,1298,0,8,290906
q_proj,1298,0,8,62895
k_proj,1298,0,8,23330
v_proj,1298,0,8,21955
rope,1298,0,8,39602
attn,1298,0,8,40926
o_proj,1298,0,8,57708
post_layernorm,1298,0,8,291563
gate_proj,1298,0,8,169790
up_proj,1298,0,8,168730
act_fn,1298,0,8,33975
down_proj,1298,0,8,203605
final_layernorm,1298,0,8,291249
lm_head,1298,0,8,1310801
embedding,1299,0,8,64416
input_layernorm,1299,0,8,291526
q_proj,1299,0,8,62797
k_proj,1299,0,8,23272
v_proj,1299,0,8,21943
rope,1299,0,8,39610
attn,1299,0,8,40842
o_proj,1299,0,8,57593
post_layernorm,1299,0,8,291794
gate_proj,1299,0,8,169158
up_proj,1299,0,8,167856
act_fn,1299,0,8,34009
down_proj,1299,0,8,203003
final_layernorm,1299,0,8,291262
lm_head,1299,0,8,1305937
embedding,1300,0,8,64281
input_layernorm,1300,0,8,291861
q_proj,1300,0,8,62896
k_proj,1300,0,8,23236
v_proj,1300,0,8,21974
rope,1300,0,8,39764
attn,1300,0,8,41126
o_proj,1300,0,8,57674
post_layernorm,1300,0,8,292398
gate_proj,1300,0,8,169446
up_proj,1300,0,8,168361
act_fn,1300,0,8,34030
down_proj,1300,0,8,203172
final_layernorm,1300,0,8,291677
lm_head,1300,0,8,1307827
embedding,1301,0,8,64564
input_layernorm,1301,0,8,292233
q_proj,1301,0,8,62830
k_proj,1301,0,8,23208
v_proj,1301,0,8,21919
rope,1301,0,8,39619
attn,1301,0,8,41064
o_proj,1301,0,8,57528
post_layernorm,1301,0,8,292624
gate_proj,1301,0,8,169130
up_proj,1301,0,8,168101
act_fn,1301,0,8,34099
down_proj,1301,0,8,203413
final_layernorm,1301,0,8,292330
lm_head,1301,0,8,1307482
embedding,1302,0,8,65095
input_layernorm,1302,0,8,292588
q_proj,1302,0,8,63165
k_proj,1302,0,8,23372
v_proj,1302,0,8,22059
rope,1302,0,8,39744
attn,1302,0,8,41413
o_proj,1302,0,8,57833
post_layernorm,1302,0,8,292948
gate_proj,1302,0,8,170409
up_proj,1302,0,8,168899
act_fn,1302,0,8,34079
down_proj,1302,0,8,204266
final_layernorm,1302,0,8,292985
lm_head,1302,0,8,1313239
embedding,1303,0,8,64963
input_layernorm,1303,0,8,291905
q_proj,1303,0,8,62915
k_proj,1303,0,8,23264
v_proj,1303,0,8,21971
rope,1303,0,8,39642
attn,1303,0,8,40780
o_proj,1303,0,8,57590
post_layernorm,1303,0,8,292505
gate_proj,1303,0,8,169415
up_proj,1303,0,8,168288
act_fn,1303,0,8,34078
down_proj,1303,0,8,203297
final_layernorm,1303,0,8,292101
lm_head,1303,0,8,1306346
embedding,1304,0,8,64651
input_layernorm,1304,0,8,292034
q_proj,1304,0,8,62916
k_proj,1304,0,8,23312
v_proj,1304,0,8,21998
rope,1304,0,8,39840
attn,1304,0,8,40878
o_proj,1304,0,8,57728
post_layernorm,1304,0,8,292726
gate_proj,1304,0,8,169761
up_proj,1304,0,8,168278
act_fn,1304,0,8,34162
down_proj,1304,0,8,203535
final_layernorm,1304,0,8,292174
lm_head,1304,0,8,1308581
embedding,1305,0,8,64976
input_layernorm,1305,0,8,292740
q_proj,1305,0,8,63000
k_proj,1305,0,8,23296
v_proj,1305,0,8,22057
rope,1305,0,8,39734
attn,1305,0,8,41439
o_proj,1305,0,8,57663
post_layernorm,1305,0,8,293153
gate_proj,1305,0,8,170079
up_proj,1305,0,8,168733
act_fn,1305,0,8,34143
down_proj,1305,0,8,203709
final_layernorm,1305,0,8,292739
lm_head,1305,0,8,1308682
embedding,1306,0,8,64915
input_layernorm,1306,0,8,292996
q_proj,1306,0,8,63061
k_proj,1306,0,8,23294
v_proj,1306,0,8,22034
rope,1306,0,8,39821
attn,1306,0,8,41069
o_proj,1306,0,8,57761
post_layernorm,1306,0,8,293662
gate_proj,1306,0,8,170250
up_proj,1306,0,8,169360
act_fn,1306,0,8,34172
down_proj,1306,0,8,204523
final_layernorm,1306,0,8,293067
lm_head,1306,0,8,1313533
embedding,1307,0,8,64863
input_layernorm,1307,0,8,293485
q_proj,1307,0,8,63074
k_proj,1307,0,8,23341
v_proj,1307,0,8,22089
rope,1307,0,8,39720
attn,1307,0,8,41124
o_proj,1307,0,8,57805
post_layernorm,1307,0,8,294026
gate_proj,1307,0,8,169499
up_proj,1307,0,8,168234
act_fn,1307,0,8,34204
down_proj,1307,0,8,203379
final_layernorm,1307,0,8,293522
lm_head,1307,0,8,1308228
embedding,1308,0,8,64651
input_layernorm,1308,0,8,293097
q_proj,1308,0,8,62980
k_proj,1308,0,8,23291
v_proj,1308,0,8,22008
rope,1308,0,8,39931
attn,1308,0,8,41223
o_proj,1308,0,8,57814
post_layernorm,1308,0,8,293634
gate_proj,1308,0,8,169227
up_proj,1308,0,8,168033
act_fn,1308,0,8,34212
down_proj,1308,0,8,203235
final_layernorm,1308,0,8,293500
lm_head,1308,0,8,1307157
embedding,1309,0,8,64875
input_layernorm,1309,0,8,293128
q_proj,1309,0,8,62986
k_proj,1309,0,8,23200
v_proj,1309,0,8,21983
rope,1309,0,8,39745
attn,1309,0,8,40139
o_proj,1309,0,8,57722
post_layernorm,1309,0,8,293865
gate_proj,1309,0,8,169538
up_proj,1309,0,8,168159
act_fn,1309,0,8,34277
down_proj,1309,0,8,203384
final_layernorm,1309,0,8,293381
lm_head,1309,0,8,1308033
embedding,1310,0,8,65143
input_layernorm,1310,0,8,293827
q_proj,1310,0,8,63217
k_proj,1310,0,8,23378
v_proj,1310,0,8,22064
rope,1310,0,8,39905
attn,1310,0,8,40901
o_proj,1310,0,8,57937
post_layernorm,1310,0,8,294081
gate_proj,1310,0,8,170086
up_proj,1310,0,8,169129
act_fn,1310,0,8,34340
down_proj,1310,0,8,204120
final_layernorm,1310,0,8,293449
lm_head,1310,0,8,1310524
embedding,1311,0,8,64802
input_layernorm,1311,0,8,294113
q_proj,1311,0,8,62957
k_proj,1311,0,8,23233
v_proj,1311,0,8,21896
rope,1311,0,8,39810
attn,1311,0,8,41217
o_proj,1311,0,8,57640
post_layernorm,1311,0,8,294666
gate_proj,1311,0,8,169500
up_proj,1311,0,8,168283
act_fn,1311,0,8,34323
down_proj,1311,0,8,203673
final_layernorm,1311,0,8,293901
lm_head,1311,0,8,1308346
embedding,1312,0,8,64906
input_layernorm,1312,0,8,294007
q_proj,1312,0,8,63268
k_proj,1312,0,8,23364
v_proj,1312,0,8,21990
rope,1312,0,8,40159
attn,1312,0,8,41281
o_proj,1312,0,8,58027
post_layernorm,1312,0,8,294696
gate_proj,1312,0,8,170645
up_proj,1312,0,8,169129
act_fn,1312,0,8,34367
down_proj,1312,0,8,204436
final_layernorm,1312,0,8,293984
lm_head,1312,0,8,1315003
embedding,1313,0,8,65027
input_layernorm,1313,0,8,293931
q_proj,1313,0,8,63120
k_proj,1313,0,8,23335
v_proj,1313,0,8,21939
rope,1313,0,8,39874
attn,1313,0,8,40968
o_proj,1313,0,8,57897
post_layernorm,1313,0,8,294530
gate_proj,1313,0,8,169569
up_proj,1313,0,8,168495
act_fn,1313,0,8,34333
down_proj,1313,0,8,203539
final_layernorm,1313,0,8,294089
lm_head,1313,0,8,1309449
embedding,1314,0,8,65074
input_layernorm,1314,0,8,294480
q_proj,1314,0,8,63422
k_proj,1314,0,8,23424
v_proj,1314,0,8,22017
rope,1314,0,8,39968
attn,1314,0,8,40974
o_proj,1314,0,8,58120
post_layernorm,1314,0,8,294818
gate_proj,1314,0,8,170350
up_proj,1314,0,8,169010
act_fn,1314,0,8,34400
down_proj,1314,0,8,204267
final_layernorm,1314,0,8,294451
lm_head,1314,0,8,1314141
embedding,1315,0,8,65212
input_layernorm,1315,0,8,294618
q_proj,1315,0,8,63306
k_proj,1315,0,8,23355
v_proj,1315,0,8,21976
rope,1315,0,8,39988
attn,1315,0,8,41035
o_proj,1315,0,8,57928
post_layernorm,1315,0,8,294967
gate_proj,1315,0,8,170309
up_proj,1315,0,8,169368
act_fn,1315,0,8,34407
down_proj,1315,0,8,204556
final_layernorm,1315,0,8,294923
lm_head,1315,0,8,1316201
embedding,1316,0,8,64767
input_layernorm,1316,0,8,295284
q_proj,1316,0,8,63170
k_proj,1316,0,8,23389
v_proj,1316,0,8,21992
rope,1316,0,8,40095
attn,1316,0,8,40740
o_proj,1316,0,8,57848
post_layernorm,1316,0,8,295292
gate_proj,1316,0,8,169439
up_proj,1316,0,8,168229
act_fn,1316,0,8,34458
down_proj,1316,0,8,203439
final_layernorm,1316,0,8,295145
lm_head,1316,0,8,1308895
embedding,1317,0,8,65158
input_layernorm,1317,0,8,294935
q_proj,1317,0,8,63199
k_proj,1317,0,8,23384
v_proj,1317,0,8,21992
rope,1317,0,8,40037
attn,1317,0,8,41316
o_proj,1317,0,8,57997
post_layernorm,1317,0,8,295428
gate_proj,1317,0,8,170260
up_proj,1317,0,8,168951
act_fn,1317,0,8,34465
down_proj,1317,0,8,204113
final_layernorm,1317,0,8,295201
lm_head,1317,0,8,1311445
embedding,1318,0,8,65045
input_layernorm,1318,0,8,294758
q_proj,1318,0,8,63110
k_proj,1318,0,8,23360
v_proj,1318,0,8,22040
rope,1318,0,8,40019
attn,1318,0,8,41187
o_proj,1318,0,8,57913
post_layernorm,1318,0,8,295210
gate_proj,1318,0,8,169419
up_proj,1318,0,8,168430
act_fn,1318,0,8,34540
down_proj,1318,0,8,203378
final_layernorm,1318,0,8,294866
lm_head,1318,0,8,1307905
embedding,1319,0,8,65616
input_layernorm,1319,0,8,295341
q_proj,1319,0,8,63412
k_proj,1319,0,8,23489
v_proj,1319,0,8,22091
rope,1319,0,8,40105
attn,1319,0,8,41625
o_proj,1319,0,8,58192
post_layernorm,1319,0,8,295821
gate_proj,1319,0,8,170393
up_proj,1319,0,8,169263
act_fn,1319,0,8,34511
down_proj,1319,0,8,204391
final_layernorm,1319,0,8,295631
lm_head,1319,0,8,1315135
embedding,1320,0,8,65614
input_layernorm,1320,0,8,295279
q_proj,1320,0,8,63514
k_proj,1320,0,8,23540
v_proj,1320,0,8,22158
rope,1320,0,8,40261
attn,1320,0,8,41462
o_proj,1320,0,8,58242
post_layernorm,1320,0,8,295406
gate_proj,1320,0,8,170441
up_proj,1320,0,8,169119
act_fn,1320,0,8,34549
down_proj,1320,0,8,204492
final_layernorm,1320,0,8,295322
lm_head,1320,0,8,1313921
embedding,1321,0,8,65580
input_layernorm,1321,0,8,295753
q_proj,1321,0,8,63253
k_proj,1321,0,8,23491
v_proj,1321,0,8,22095
rope,1321,0,8,40054
attn,1321,0,8,41532
o_proj,1321,0,8,58087
post_layernorm,1321,0,8,296325
gate_proj,1321,0,8,169804
up_proj,1321,0,8,168517
act_fn,1321,0,8,34590
down_proj,1321,0,8,203432
final_layernorm,1321,0,8,296170
lm_head,1321,0,8,1308441
embedding,1322,0,8,65508
input_layernorm,1322,0,8,295847
q_proj,1322,0,8,63226
k_proj,1322,0,8,23436
v_proj,1322,0,8,22087
rope,1322,0,8,40168
attn,1322,0,8,41482
o_proj,1322,0,8,58090
post_layernorm,1322,0,8,296447
gate_proj,1322,0,8,170032
up_proj,1322,0,8,168451
act_fn,1322,0,8,34607
down_proj,1322,0,8,203794
final_layernorm,1322,0,8,296104
lm_head,1322,0,8,1310178
embedding,1323,0,8,65946
input_layernorm,1323,0,8,295964
q_proj,1323,0,8,63323
k_proj,1323,0,8,23505
v_proj,1323,0,8,22070
rope,1323,0,8,40183
attn,1323,0,8,41658
o_proj,1323,0,8,58133
post_layernorm,1323,0,8,296229
gate_proj,1323,0,8,170390
up_proj,1323,0,8,169076
act_fn,1323,0,8,34618
down_proj,1323,0,8,204356
final_layernorm,1323,0,8,296320
lm_head,1323,0,8,1314323
embedding,1324,0,8,66266
input_layernorm,1324,0,8,296133
q_proj,1324,0,8,63417
k_proj,1324,0,8,23657
v_proj,1324,0,8,22188
rope,1324,0,8,40482
attn,1324,0,8,41430
o_proj,1324,0,8,58409
post_layernorm,1324,0,8,296756
gate_proj,1324,0,8,170832
up_proj,1324,0,8,169568
act_fn,1324,0,8,34647
down_proj,1324,0,8,204984
final_layernorm,1324,0,8,296483
lm_head,1324,0,8,1318687
embedding,1325,0,8,66028
input_layernorm,1325,0,8,296196
q_proj,1325,0,8,63333
k_proj,1325,0,8,23517
v_proj,1325,0,8,22070
rope,1325,0,8,40250
attn,1325,0,8,41346
o_proj,1325,0,8,58185
post_layernorm,1325,0,8,296854
gate_proj,1325,0,8,170225
up_proj,1325,0,8,168832
act_fn,1325,0,8,34631
down_proj,1325,0,8,204159
final_layernorm,1325,0,8,296577
lm_head,1325,0,8,1313064
embedding,1326,0,8,65817
input_layernorm,1326,0,8,296625
q_proj,1326,0,8,63292
k_proj,1326,0,8,23449
v_proj,1326,0,8,22086
rope,1326,0,8,40221
attn,1326,0,8,41970
o_proj,1326,0,8,58203
post_layernorm,1326,0,8,296945
gate_proj,1326,0,8,170308
up_proj,1326,0,8,169178
act_fn,1326,0,8,34699
down_proj,1326,0,8,204400
final_layernorm,1326,0,8,297046
lm_head,1326,0,8,1314222
embedding,1327,0,8,65856
input_layernorm,1327,0,8,296805
q_proj,1327,0,8,63204
k_proj,1327,0,8,23424
v_proj,1327,0,8,22073
rope,1327,0,8,40136
attn,1327,0,8,41165
o_proj,1327,0,8,58111
post_layernorm,1327,0,8,297169
gate_proj,1327,0,8,169657
up_proj,1327,0,8,168571
act_fn,1327,0,8,34696
down_proj,1327,0,8,203863
final_layernorm,1327,0,8,297011
lm_head,1327,0,8,1310794
embedding,1328,0,8,65972
input_layernorm,1328,0,8,296974
q_proj,1328,0,8,63539
k_proj,1328,0,8,23554
v_proj,1328,0,8,22146
rope,1328,0,8,40435
attn,1328,0,8,41764
o_proj,1328,0,8,58400
post_layernorm,1328,0,8,297237
gate_proj,1328,0,8,170506
up_proj,1328,0,8,169571
act_fn,1328,0,8,34717
down_proj,1328,0,8,204709
final_layernorm,1328,0,8,297150
lm_head,1328,0,8,1315981
embedding,1329,0,8,66058
input_layernorm,1329,0,8,297081
q_proj,1329,0,8,63600
k_proj,1329,0,8,23542
v_proj,1329,0,8,22198
rope,1329,0,8,40340
attn,1329,0,8,41370
o_proj,1329,0,8,58422
post_layernorm,1329,0,8,297569
gate_proj,1329,0,8,170060
up_proj,1329,0,8,169013
act_fn,1329,0,8,34781
down_proj,1329,0,8,204304
final_layernorm,1329,0,8,297488
lm_head,1329,0,8,1314669
embedding,1330,0,8,65983
input_layernorm,1330,0,8,297479
q_proj,1330,0,8,63625
k_proj,1330,0,8,23607
v_proj,1330,0,8,22236
rope,1330,0,8,40410
attn,1330,0,8,41498
o_proj,1330,0,8,58481
post_layernorm,1330,0,8,297866
gate_proj,1330,0,8,170661
up_proj,1330,0,8,169478
act_fn,1330,0,8,34823
down_proj,1330,0,8,204646
final_layernorm,1330,0,8,297687
lm_head,1330,0,8,1316077
embedding,1331,0,8,65767
input_layernorm,1331,0,8,297624
q_proj,1331,0,8,63234
k_proj,1331,0,8,23422
v_proj,1331,0,8,22116
rope,1331,0,8,40273
attn,1331,0,8,40967
o_proj,1331,0,8,58149
post_layernorm,1331,0,8,298197
gate_proj,1331,0,8,169321
up_proj,1331,0,8,168507
act_fn,1331,0,8,34805
down_proj,1331,0,8,203436
final_layernorm,1331,0,8,297929
lm_head,1331,0,8,1307816
embedding,1332,0,8,66016
input_layernorm,1332,0,8,298164
q_proj,1332,0,8,63618
k_proj,1332,0,8,23620
v_proj,1332,0,8,22331
rope,1332,0,8,40561
attn,1332,0,8,42284
o_proj,1332,0,8,58508
post_layernorm,1332,0,8,298443
gate_proj,1332,0,8,170807
up_proj,1332,0,8,169878
act_fn,1332,0,8,34836
down_proj,1332,0,8,204814
final_layernorm,1332,0,8,298741
lm_head,1332,0,8,1316935
embedding,1333,0,8,66056
input_layernorm,1333,0,8,298079
q_proj,1333,0,8,63580
k_proj,1333,0,8,23576
v_proj,1333,0,8,22372
rope,1333,0,8,40437
attn,1333,0,8,42253
o_proj,1333,0,8,58524
post_layernorm,1333,0,8,298203
gate_proj,1333,0,8,170614
up_proj,1333,0,8,169000
act_fn,1333,0,8,34871
down_proj,1333,0,8,204412
final_layernorm,1333,0,8,298251
lm_head,1333,0,8,1314498
embedding,1334,0,8,66232
input_layernorm,1334,0,8,298193
q_proj,1334,0,8,63697
k_proj,1334,0,8,23550
v_proj,1334,0,8,22322
rope,1334,0,8,40493
attn,1334,0,8,42062
o_proj,1334,0,8,58527
post_layernorm,1334,0,8,298479
gate_proj,1334,0,8,170778
up_proj,1334,0,8,169490
act_fn,1334,0,8,34908
down_proj,1334,0,8,204993
final_layernorm,1334,0,8,298717
lm_head,1334,0,8,1318690
embedding,1335,0,8,66273
input_layernorm,1335,0,8,298622
q_proj,1335,0,8,63653
k_proj,1335,0,8,23580
v_proj,1335,0,8,22278
rope,1335,0,8,40459
attn,1335,0,8,41791
o_proj,1335,0,8,58433
post_layernorm,1335,0,8,298915
gate_proj,1335,0,8,170562
up_proj,1335,0,8,169435
act_fn,1335,0,8,34941
down_proj,1335,0,8,204751
final_layernorm,1335,0,8,299011
lm_head,1335,0,8,1315136
embedding,1336,0,8,66016
input_layernorm,1336,0,8,298245
q_proj,1336,0,8,63650
k_proj,1336,0,8,23607
v_proj,1336,0,8,22343
rope,1336,0,8,40646
attn,1336,0,8,41833
o_proj,1336,0,8,58510
post_layernorm,1336,0,8,298642
gate_proj,1336,0,8,170450
up_proj,1336,0,8,169106
act_fn,1336,0,8,34951
down_proj,1336,0,8,204441
final_layernorm,1336,0,8,298727
lm_head,1336,0,8,1314557
embedding,1337,0,8,66270
input_layernorm,1337,0,8,298593
q_proj,1337,0,8,63695
k_proj,1337,0,8,23579
v_proj,1337,0,8,22320
rope,1337,0,8,40546
attn,1337,0,8,41591
o_proj,1337,0,8,58602
post_layernorm,1337,0,8,298851
gate_proj,1337,0,8,170514
up_proj,1337,0,8,169324
act_fn,1337,0,8,35011
down_proj,1337,0,8,204691
final_layernorm,1337,0,8,298893
lm_head,1337,0,8,1317327
embedding,1338,0,8,66140
input_layernorm,1338,0,8,299102
q_proj,1338,0,8,63715
k_proj,1338,0,8,23679
v_proj,1338,0,8,22363
rope,1338,0,8,40571
attn,1338,0,8,41327
o_proj,1338,0,8,58520
post_layernorm,1338,0,8,299322
gate_proj,1338,0,8,168741
up_proj,1338,0,8,167976
act_fn,1338,0,8,34920
down_proj,1338,0,8,205368
final_layernorm,1338,0,8,299327
lm_head,1338,0,8,1316526
embedding,1339,0,8,66066
input_layernorm,1339,0,8,298891
q_proj,1339,0,8,63303
k_proj,1339,0,8,23534
v_proj,1339,0,8,22212
rope,1339,0,8,40463
attn,1339,0,8,41318
o_proj,1339,0,8,58321
post_layernorm,1339,0,8,299405
gate_proj,1339,0,8,167617
up_proj,1339,0,8,166781
act_fn,1339,0,8,34966
down_proj,1339,0,8,203823
final_layernorm,1339,0,8,299151
lm_head,1339,0,8,1306347
embedding,1340,0,8,66583
input_layernorm,1340,0,8,299419
q_proj,1340,0,8,63637
k_proj,1340,0,8,23697
v_proj,1340,0,8,22327
rope,1340,0,8,40824
attn,1340,0,8,41640
o_proj,1340,0,8,58614
post_layernorm,1340,0,8,299888
gate_proj,1340,0,8,168867
up_proj,1340,0,8,167903
act_fn,1340,0,8,35004
down_proj,1340,0,8,205337
final_layernorm,1340,0,8,299772
lm_head,1340,0,8,1316707
embedding,1341,0,8,66621
input_layernorm,1341,0,8,299383
q_proj,1341,0,8,63506
k_proj,1341,0,8,23647
v_proj,1341,0,8,22285
rope,1341,0,8,40579
attn,1341,0,8,41400
o_proj,1341,0,8,58540
post_layernorm,1341,0,8,299998
gate_proj,1341,0,8,168487
up_proj,1341,0,8,167680
act_fn,1341,0,8,34978
down_proj,1341,0,8,205009
final_layernorm,1341,0,8,299832
lm_head,1341,0,8,1313663
embedding,1342,0,8,66488
input_layernorm,1342,0,8,299228
q_proj,1342,0,8,63498
k_proj,1342,0,8,23621
v_proj,1342,0,8,22396
rope,1342,0,8,40640
attn,1342,0,8,41331
o_proj,1342,0,8,58466
post_layernorm,1342,0,8,299914
gate_proj,1342,0,8,168134
up_proj,1342,0,8,167355
act_fn,1342,0,8,35009
down_proj,1342,0,8,204752
final_layernorm,1342,0,8,299854
lm_head,1342,0,8,1312975
embedding,1343,0,8,66720
input_layernorm,1343,0,8,300119
q_proj,1343,0,8,63623
k_proj,1343,0,8,23641
v_proj,1343,0,8,22371
rope,1343,0,8,40681
attn,1343,0,8,41528
o_proj,1343,0,8,58563
post_layernorm,1343,0,8,300534
gate_proj,1343,0,8,168836
up_proj,1343,0,8,167994
act_fn,1343,0,8,35088
down_proj,1343,0,8,205330
final_layernorm,1343,0,8,300353
lm_head,1343,0,8,1315500
embedding,1344,0,8,66859
input_layernorm,1344,0,8,300081
q_proj,1344,0,8,63597
k_proj,1344,0,8,23650
v_proj,1344,0,8,22402
rope,1344,0,8,41041
attn,1344,0,8,40549
o_proj,1344,0,8,58540
post_layernorm,1344,0,8,300523
gate_proj,1344,0,8,168680
up_proj,1344,0,8,167845
act_fn,1344,0,8,35048
down_proj,1344,0,8,205183
final_layernorm,1344,0,8,300437
lm_head,1344,0,8,1315376
embedding,1345,0,8,66391
input_layernorm,1345,0,8,299861
q_proj,1345,0,8,62697
k_proj,1345,0,8,25781
v_proj,1345,0,8,25005
rope,1345,0,8,40703
attn,1345,0,8,43667
o_proj,1345,0,8,57446
post_layernorm,1345,0,8,300051
gate_proj,1345,0,8,199085
up_proj,1345,0,8,198248
act_fn,1345,0,8,34618
down_proj,1345,0,8,203424
final_layernorm,1345,0,8,300230
lm_head,1345,0,8,1482485
embedding,1346,0,8,66496
input_layernorm,1346,0,8,299972
q_proj,1346,0,8,62787
k_proj,1346,0,8,26417
v_proj,1346,0,8,25526
rope,1346,0,8,40795
attn,1346,0,8,43721
o_proj,1346,0,8,57492
post_layernorm,1346,0,8,300151
gate_proj,1346,0,8,198631
up_proj,1346,0,8,197811
act_fn,1346,0,8,34626
down_proj,1346,0,8,202831
final_layernorm,1346,0,8,300265
lm_head,1346,0,8,1479798
embedding,1347,0,8,66238
input_layernorm,1347,0,8,300005
q_proj,1347,0,8,63019
k_proj,1347,0,8,26531
v_proj,1347,0,8,25551
rope,1347,0,8,40848
attn,1347,0,8,43846
o_proj,1347,0,8,57709
post_layernorm,1347,0,8,300351
gate_proj,1347,0,8,199493
up_proj,1347,0,8,198661
act_fn,1347,0,8,34663
down_proj,1347,0,8,203730
final_layernorm,1347,0,8,300666
lm_head,1347,0,8,1483487
embedding,1348,0,8,66225
input_layernorm,1348,0,8,300460
q_proj,1348,0,8,62630
k_proj,1348,0,8,26417
v_proj,1348,0,8,25442
rope,1348,0,8,41055
attn,1348,0,8,44077
o_proj,1348,0,8,57431
post_layernorm,1348,0,8,300652
gate_proj,1348,0,8,198667
up_proj,1348,0,8,197906
act_fn,1348,0,8,34694
down_proj,1348,0,8,203042
final_layernorm,1348,0,8,300654
lm_head,1348,0,8,1478625
embedding,1349,0,8,66270
input_layernorm,1349,0,8,301025
q_proj,1349,0,8,62820
k_proj,1349,0,8,26509
v_proj,1349,0,8,25476
rope,1349,0,8,40926
attn,1349,0,8,43503
o_proj,1349,0,8,57576
post_layernorm,1349,0,8,301475
gate_proj,1349,0,8,198751
up_proj,1349,0,8,197960
act_fn,1349,0,8,34741
down_proj,1349,0,8,202972
final_layernorm,1349,0,8,301577
lm_head,1349,0,8,1480763
embedding,1350,0,8,66476
input_layernorm,1350,0,8,300825
q_proj,1350,0,8,62822
k_proj,1350,0,8,26499
v_proj,1350,0,8,25460
rope,1350,0,8,41025
attn,1350,0,8,43619
o_proj,1350,0,8,57570
post_layernorm,1350,0,8,301302
gate_proj,1350,0,8,199184
up_proj,1350,0,8,198336
act_fn,1350,0,8,34743
down_proj,1350,0,8,203444
final_layernorm,1350,0,8,301381
lm_head,1350,0,8,1485729
embedding,1351,0,8,66434
input_layernorm,1351,0,8,301168
q_proj,1351,0,8,63022
k_proj,1351,0,8,26650
v_proj,1351,0,8,25592
rope,1351,0,8,41013
attn,1351,0,8,43607
o_proj,1351,0,8,57818
post_layernorm,1351,0,8,301431
gate_proj,1351,0,8,199496
up_proj,1351,0,8,198675
act_fn,1351,0,8,34751
down_proj,1351,0,8,203640
final_layernorm,1351,0,8,301744
lm_head,1351,0,8,1484853
embedding,1352,0,8,66720
input_layernorm,1352,0,8,301282
q_proj,1352,0,8,62945
k_proj,1352,0,8,26540
v_proj,1352,0,8,25591
rope,1352,0,8,41213
attn,1352,0,8,43645
o_proj,1352,0,8,57807
post_layernorm,1352,0,8,301394
gate_proj,1352,0,8,199732
up_proj,1352,0,8,198821
act_fn,1352,0,8,34797
down_proj,1352,0,8,204026
final_layernorm,1352,0,8,301805
lm_head,1352,0,8,1488277
embedding,1353,0,8,66297
input_layernorm,1353,0,8,301445
q_proj,1353,0,8,63115
k_proj,1353,0,8,26588
v_proj,1353,0,8,25610
rope,1353,0,8,41008
attn,1353,0,8,43663
o_proj,1353,0,8,57812
post_layernorm,1353,0,8,302022
gate_proj,1353,0,8,199427
up_proj,1353,0,8,198636
act_fn,1353,0,8,34784
down_proj,1353,0,8,203663
final_layernorm,1353,0,8,302067
lm_head,1353,0,8,1485325
embedding,1354,0,8,66778
input_layernorm,1354,0,8,301818
q_proj,1354,0,8,63011
k_proj,1354,0,8,26545
v_proj,1354,0,8,25605
rope,1354,0,8,41064
attn,1354,0,8,44198
o_proj,1354,0,8,57804
post_layernorm,1354,0,8,302604
gate_proj,1354,0,8,199543
up_proj,1354,0,8,198656
act_fn,1354,0,8,34823
down_proj,1354,0,8,203860
final_layernorm,1354,0,8,302230
lm_head,1354,0,8,1485403
embedding,1355,0,8,66265
input_layernorm,1355,0,8,302055
q_proj,1355,0,8,62828
k_proj,1355,0,8,26491
v_proj,1355,0,8,25470
rope,1355,0,8,40935
attn,1355,0,8,43462
o_proj,1355,0,8,57484
post_layernorm,1355,0,8,302502
gate_proj,1355,0,8,198624
up_proj,1355,0,8,197816
act_fn,1355,0,8,34889
down_proj,1355,0,8,203023
final_layernorm,1355,0,8,302171
lm_head,1355,0,8,1479427
embedding,1356,0,8,66404
input_layernorm,1356,0,8,302042
q_proj,1356,0,8,63001
k_proj,1356,0,8,26577
v_proj,1356,0,8,25518
rope,1356,0,8,41146
attn,1356,0,8,43512
o_proj,1356,0,8,57722
post_layernorm,1356,0,8,302743
gate_proj,1356,0,8,199067
up_proj,1356,0,8,198314
act_fn,1356,0,8,34878
down_proj,1356,0,8,203530
final_layernorm,1356,0,8,302340
lm_head,1356,0,8,1482374
embedding,1357,0,8,66595
input_layernorm,1357,0,8,302271
q_proj,1357,0,8,62920
k_proj,1357,0,8,26527
v_proj,1357,0,8,25531
rope,1357,0,8,41033
attn,1357,0,8,43758
o_proj,1357,0,8,57663
post_layernorm,1357,0,8,302891
gate_proj,1357,0,8,199213
up_proj,1357,0,8,198402
act_fn,1357,0,8,34947
down_proj,1357,0,8,203626
final_layernorm,1357,0,8,302589
lm_head,1357,0,8,1484523
embedding,1358,0,8,66692
input_layernorm,1358,0,8,302374
q_proj,1358,0,8,63107
k_proj,1358,0,8,26537
v_proj,1358,0,8,25590
rope,1358,0,8,41033
attn,1358,0,8,43603
o_proj,1358,0,8,57775
post_layernorm,1358,0,8,303049
gate_proj,1358,0,8,198934
up_proj,1358,0,8,198127
act_fn,1358,0,8,34976
down_proj,1358,0,8,203312
final_layernorm,1358,0,8,302687
lm_head,1358,0,8,1483285
embedding,1359,0,8,66511
input_layernorm,1359,0,8,302720
q_proj,1359,0,8,63249
k_proj,1359,0,8,26594
v_proj,1359,0,8,25625
rope,1359,0,8,41077
attn,1359,0,8,43337
o_proj,1359,0,8,57850
post_layernorm,1359,0,8,303361
gate_proj,1359,0,8,199329
up_proj,1359,0,8,198469
act_fn,1359,0,8,34992
down_proj,1359,0,8,203846
final_layernorm,1359,0,8,303239
lm_head,1359,0,8,1485140
embedding,1360,0,8,67099
input_layernorm,1360,0,8,302505
q_proj,1360,0,8,63113
k_proj,1360,0,8,26497
v_proj,1360,0,8,25530
rope,1360,0,8,41215
attn,1360,0,8,43754
o_proj,1360,0,8,57821
post_layernorm,1360,0,8,303227
gate_proj,1360,0,8,199416
up_proj,1360,0,8,198552
act_fn,1360,0,8,35021
down_proj,1360,0,8,203761
final_layernorm,1360,0,8,303099
lm_head,1360,0,8,1487362
embedding,1361,0,8,67037
input_layernorm,1361,0,8,303245
q_proj,1361,0,8,63315
k_proj,1361,0,8,26686
v_proj,1361,0,8,25581
rope,1361,0,8,41071
attn,1361,0,8,44009
o_proj,1361,0,8,57971
post_layernorm,1361,0,8,303552
gate_proj,1361,0,8,199414
up_proj,1361,0,8,198592
act_fn,1361,0,8,35095
down_proj,1361,0,8,203753
final_layernorm,1361,0,8,303463
lm_head,1361,0,8,1487218
embedding,1362,0,8,66988
input_layernorm,1362,0,8,303429
q_proj,1362,0,8,63098
k_proj,1362,0,8,26565
v_proj,1362,0,8,25556
rope,1362,0,8,41016
attn,1362,0,8,43449
o_proj,1362,0,8,57824
post_layernorm,1362,0,8,303872
gate_proj,1362,0,8,199187
up_proj,1362,0,8,198381
act_fn,1362,0,8,35087
down_proj,1362,0,8,203531
final_layernorm,1362,0,8,304001
lm_head,1362,0,8,1482902
embedding,1363,0,8,67278
input_layernorm,1363,0,8,303615
q_proj,1363,0,8,63165
k_proj,1363,0,8,26669
v_proj,1363,0,8,25621
rope,1363,0,8,41075
attn,1363,0,8,44134
o_proj,1363,0,8,57932
post_layernorm,1363,0,8,304503
gate_proj,1363,0,8,199807
up_proj,1363,0,8,198907
act_fn,1363,0,8,35090
down_proj,1363,0,8,204198
final_layernorm,1363,0,8,304155
lm_head,1363,0,8,1487556
embedding,1364,0,8,66946
input_layernorm,1364,0,8,303509
q_proj,1364,0,8,62898
k_proj,1364,0,8,26577
v_proj,1364,0,8,25543
rope,1364,0,8,41186
attn,1364,0,8,43820
o_proj,1364,0,8,57764
post_layernorm,1364,0,8,304456
gate_proj,1364,0,8,198975
up_proj,1364,0,8,198179
act_fn,1364,0,8,35113
down_proj,1364,0,8,203341
final_layernorm,1364,0,8,304501
lm_head,1364,0,8,1480748
embedding,1365,0,8,67275
input_layernorm,1365,0,8,303996
q_proj,1365,0,8,63201
k_proj,1365,0,8,26706
v_proj,1365,0,8,25625
rope,1365,0,8,41074
attn,1365,0,8,44614
o_proj,1365,0,8,57908
post_layernorm,1365,0,8,304580
gate_proj,1365,0,8,199353
up_proj,1365,0,8,198606
act_fn,1365,0,8,35151
down_proj,1365,0,8,203875
final_layernorm,1365,0,8,304458
lm_head,1365,0,8,1484598
embedding,1366,0,8,67515
input_layernorm,1366,0,8,304229
q_proj,1366,0,8,63205
k_proj,1366,0,8,26740
v_proj,1366,0,8,25654
rope,1366,0,8,41148
attn,1366,0,8,43727
o_proj,1366,0,8,58061
post_layernorm,1366,0,8,305062
gate_proj,1366,0,8,199617
up_proj,1366,0,8,198787
act_fn,1366,0,8,35176
down_proj,1366,0,8,204022
final_layernorm,1366,0,8,304876
lm_head,1366,0,8,1487686
embedding,1367,0,8,67051
input_layernorm,1367,0,8,304049
q_proj,1367,0,8,63071
k_proj,1367,0,8,26683
v_proj,1367,0,8,25685
rope,1367,0,8,41088
attn,1367,0,8,43026
o_proj,1367,0,8,57827
post_layernorm,1367,0,8,304980
gate_proj,1367,0,8,199005
up_proj,1367,0,8,198196
act_fn,1367,0,8,35185
down_proj,1367,0,8,203246
final_layernorm,1367,0,8,304041
lm_head,1367,0,8,1482700
embedding,1368,0,8,67484
input_layernorm,1368,0,8,303813
q_proj,1368,0,8,63284
k_proj,1368,0,8,26721
v_proj,1368,0,8,25761
rope,1368,0,8,41353
attn,1368,0,8,43533
o_proj,1368,0,8,58022
post_layernorm,1368,0,8,304956
gate_proj,1368,0,8,199487
up_proj,1368,0,8,198562
act_fn,1368,0,8,35222
down_proj,1368,0,8,203702
final_layernorm,1368,0,8,304365
lm_head,1368,0,8,1483755
embedding,1369,0,8,67218
input_layernorm,1369,0,8,304690
q_proj,1369,0,8,63314
k_proj,1369,0,8,26771
v_proj,1369,0,8,25830
rope,1369,0,8,41169
attn,1369,0,8,43763
o_proj,1369,0,8,58083
post_layernorm,1369,0,8,305708
gate_proj,1369,0,8,199386
up_proj,1369,0,8,198507
act_fn,1369,0,8,35198
down_proj,1369,0,8,203596
final_layernorm,1369,0,8,305022
lm_head,1369,0,8,1484747
embedding,1370,0,8,67292
input_layernorm,1370,0,8,305020
q_proj,1370,0,8,63248
k_proj,1370,0,8,26746
v_proj,1370,0,8,25789
rope,1370,0,8,41205
attn,1370,0,8,43894
o_proj,1370,0,8,57930
post_layernorm,1370,0,8,305768
gate_proj,1370,0,8,198944
up_proj,1370,0,8,198143
act_fn,1370,0,8,35265
down_proj,1370,0,8,203323
final_layernorm,1370,0,8,305500
lm_head,1370,0,8,1483319
embedding,1371,0,8,67407
input_layernorm,1371,0,8,305213
q_proj,1371,0,8,63292
k_proj,1371,0,8,26825
v_proj,1371,0,8,25858
rope,1371,0,8,41314
attn,1371,0,8,43325
o_proj,1371,0,8,58043
post_layernorm,1371,0,8,306314
gate_proj,1371,0,8,199526
up_proj,1371,0,8,198736
act_fn,1371,0,8,35243
down_proj,1371,0,8,203781
final_layernorm,1371,0,8,305451
lm_head,1371,0,8,1485526
embedding,1372,0,8,67569
input_layernorm,1372,0,8,305438
q_proj,1372,0,8,63178
k_proj,1372,0,8,26810
v_proj,1372,0,8,25830
rope,1372,0,8,41518
attn,1372,0,8,43778
o_proj,1372,0,8,57998
post_layernorm,1372,0,8,306277
gate_proj,1372,0,8,199463
up_proj,1372,0,8,198625
act_fn,1372,0,8,35318
down_proj,1372,0,8,203689
final_layernorm,1372,0,8,305874
lm_head,1372,0,8,1484925
embedding,1373,0,8,67373
input_layernorm,1373,0,8,305484
q_proj,1373,0,8,63428
k_proj,1373,0,8,26822
v_proj,1373,0,8,25950
rope,1373,0,8,41311
attn,1373,0,8,44024
o_proj,1373,0,8,58070
post_layernorm,1373,0,8,306784
gate_proj,1373,0,8,199369
up_proj,1373,0,8,198524
act_fn,1373,0,8,35324
down_proj,1373,0,8,203644
final_layernorm,1373,0,8,306201
lm_head,1373,0,8,1484355
embedding,1374,0,8,67518
input_layernorm,1374,0,8,305808
q_proj,1374,0,8,63342
k_proj,1374,0,8,26824
v_proj,1374,0,8,25991
rope,1374,0,8,41430
attn,1374,0,8,44176
o_proj,1374,0,8,58112
post_layernorm,1374,0,8,306939
gate_proj,1374,0,8,199375
up_proj,1374,0,8,198522
act_fn,1374,0,8,35387
down_proj,1374,0,8,203766
final_layernorm,1374,0,8,306110
lm_head,1374,0,8,1485470
embedding,1375,0,8,67506
input_layernorm,1375,0,8,305947
q_proj,1375,0,8,63292
k_proj,1375,0,8,26851
v_proj,1375,0,8,25910
rope,1375,0,8,41388
attn,1375,0,8,43633
o_proj,1375,0,8,58124
post_layernorm,1375,0,8,306432
gate_proj,1375,0,8,199505
up_proj,1375,0,8,198753
act_fn,1375,0,8,35441
down_proj,1375,0,8,203797
final_layernorm,1375,0,8,306641
lm_head,1375,0,8,1486694
embedding,1376,0,8,67546
input_layernorm,1376,0,8,305881
q_proj,1376,0,8,63218
k_proj,1376,0,8,26843
v_proj,1376,0,8,25971
rope,1376,0,8,41636
attn,1376,0,8,44335
o_proj,1376,0,8,58102
post_layernorm,1376,0,8,306560
gate_proj,1376,0,8,199420
up_proj,1376,0,8,198557
act_fn,1376,0,8,35424
down_proj,1376,0,8,203675
final_layernorm,1376,0,8,306604
lm_head,1376,0,8,1484264
embedding,1377,0,8,67513
input_layernorm,1377,0,8,305981
q_proj,1377,0,8,63306
k_proj,1377,0,8,26898
v_proj,1377,0,8,26049
rope,1377,0,8,41461
attn,1377,0,8,44237
o_proj,1377,0,8,58125
post_layernorm,1377,0,8,306833
gate_proj,1377,0,8,199912
up_proj,1377,0,8,199074
act_fn,1377,0,8,35425
down_proj,1377,0,8,204226
final_layernorm,1377,0,8,306217
lm_head,1377,0,8,1490770
embedding,1378,0,8,67456
input_layernorm,1378,0,8,306212
q_proj,1378,0,8,63273
k_proj,1378,0,8,26815
v_proj,1378,0,8,26000
rope,1378,0,8,41469
attn,1378,0,8,43524
o_proj,1378,0,8,58028
post_layernorm,1378,0,8,307008
gate_proj,1378,0,8,199266
up_proj,1378,0,8,198479
act_fn,1378,0,8,35480
down_proj,1378,0,8,203712
final_layernorm,1378,0,8,306553
lm_head,1378,0,8,1486306
embedding,1379,0,8,67517
input_layernorm,1379,0,8,307054
q_proj,1379,0,8,63578
k_proj,1379,0,8,26926
v_proj,1379,0,8,25991
rope,1379,0,8,41466
attn,1379,0,8,44097
o_proj,1379,0,8,58170
post_layernorm,1379,0,8,307978
gate_proj,1379,0,8,199453
up_proj,1379,0,8,198699
act_fn,1379,0,8,35484
down_proj,1379,0,8,203737
final_layernorm,1379,0,8,307542
lm_head,1379,0,8,1485194
embedding,1380,0,8,67404
input_layernorm,1380,0,8,306700
q_proj,1380,0,8,63171
k_proj,1380,0,8,26752
v_proj,1380,0,8,25871
rope,1380,0,8,41639
attn,1380,0,8,44269
o_proj,1380,0,8,57941
post_layernorm,1380,0,8,307747
gate_proj,1380,0,8,199005
up_proj,1380,0,8,198219
act_fn,1380,0,8,35508
down_proj,1380,0,8,203264
final_layernorm,1380,0,8,307399
lm_head,1380,0,8,1481948
embedding,1381,0,8,67844
input_layernorm,1381,0,8,307091
q_proj,1381,0,8,63532
k_proj,1381,0,8,26859
v_proj,1381,0,8,25977
rope,1381,0,8,41532
attn,1381,0,8,43804
o_proj,1381,0,8,58269
post_layernorm,1381,0,8,307899
gate_proj,1381,0,8,199643
up_proj,1381,0,8,198780
act_fn,1381,0,8,35595
down_proj,1381,0,8,203866
final_layernorm,1381,0,8,307501
lm_head,1381,0,8,1489155
embedding,1382,0,8,68131
input_layernorm,1382,0,8,307111
q_proj,1382,0,8,63578
k_proj,1382,0,8,26861
v_proj,1382,0,8,25907
rope,1382,0,8,41588
attn,1382,0,8,43732
o_proj,1382,0,8,58242
post_layernorm,1382,0,8,308133
gate_proj,1382,0,8,199511
up_proj,1382,0,8,198711
act_fn,1382,0,8,35565
down_proj,1382,0,8,203900
final_layernorm,1382,0,8,307664
lm_head,1382,0,8,1485545
embedding,1383,0,8,68047
input_layernorm,1383,0,8,307250
q_proj,1383,0,8,63585
k_proj,1383,0,8,26888
v_proj,1383,0,8,25921
rope,1383,0,8,41550
attn,1383,0,8,44184
o_proj,1383,0,8,58290
post_layernorm,1383,0,8,308136
gate_proj,1383,0,8,199616
up_proj,1383,0,8,198963
act_fn,1383,0,8,35598
down_proj,1383,0,8,204058
final_layernorm,1383,0,8,307562
lm_head,1383,0,8,1487445
embedding,1384,0,8,68444
input_layernorm,1384,0,8,307575
q_proj,1384,0,8,63618
k_proj,1384,0,8,26885
v_proj,1384,0,8,25929
rope,1384,0,8,41818
attn,1384,0,8,44099
o_proj,1384,0,8,58299
post_layernorm,1384,0,8,308197
gate_proj,1384,0,8,200569
up_proj,1384,0,8,199672
act_fn,1384,0,8,35619
down_proj,1384,0,8,204887
final_layernorm,1384,0,8,307693
lm_head,1384,0,8,1494570
embedding,1385,0,8,68295
input_layernorm,1385,0,8,308290
q_proj,1385,0,8,63770
k_proj,1385,0,8,27079
v_proj,1385,0,8,26106
rope,1385,0,8,41662
attn,1385,0,8,43898
o_proj,1385,0,8,58480
post_layernorm,1385,0,8,309063
gate_proj,1385,0,8,200358
up_proj,1385,0,8,199610
act_fn,1385,0,8,35648
down_proj,1385,0,8,204751
final_layernorm,1385,0,8,308600
lm_head,1385,0,8,1493664
embedding,1386,0,8,68275
input_layernorm,1386,0,8,308115
q_proj,1386,0,8,63685
k_proj,1386,0,8,27001
v_proj,1386,0,8,26053
rope,1386,0,8,41612
attn,1386,0,8,43686
o_proj,1386,0,8,58274
post_layernorm,1386,0,8,309142
gate_proj,1386,0,8,199470
up_proj,1386,0,8,198730
act_fn,1386,0,8,35734
down_proj,1386,0,8,203809
final_layernorm,1386,0,8,309086
lm_head,1386,0,8,1486575
embedding,1387,0,8,68592
input_layernorm,1387,0,8,308647
q_proj,1387,0,8,64016
k_proj,1387,0,8,27155
v_proj,1387,0,8,26175
rope,1387,0,8,41827
attn,1387,0,8,44545
o_proj,1387,0,8,58615
post_layernorm,1387,0,8,309367
gate_proj,1387,0,8,200826
up_proj,1387,0,8,199856
act_fn,1387,0,8,35702
down_proj,1387,0,8,205139
final_layernorm,1387,0,8,309285
lm_head,1387,0,8,1496820
embedding,1388,0,8,68418
input_layernorm,1388,0,8,308463
q_proj,1388,0,8,63563
k_proj,1388,0,8,26881
v_proj,1388,0,8,26023
rope,1388,0,8,41847
attn,1388,0,8,43887
o_proj,1388,0,8,58129
post_layernorm,1388,0,8,309284
gate_proj,1388,0,8,199619
up_proj,1388,0,8,198772
act_fn,1388,0,8,35743
down_proj,1388,0,8,203924
final_layernorm,1388,0,8,308947
lm_head,1388,0,8,1486996
embedding,1389,0,8,68145
input_layernorm,1389,0,8,308468
q_proj,1389,0,8,63785
k_proj,1389,0,8,26932
v_proj,1389,0,8,26027
rope,1389,0,8,41647
attn,1389,0,8,43977
o_proj,1389,0,8,58255
post_layernorm,1389,0,8,309291
gate_proj,1389,0,8,199187
up_proj,1389,0,8,198490
act_fn,1389,0,8,35753
down_proj,1389,0,8,203529
final_layernorm,1389,0,8,308865
lm_head,1389,0,8,1483111
embedding,1390,0,8,68576
input_layernorm,1390,0,8,308370
q_proj,1390,0,8,63880
k_proj,1390,0,8,26930
v_proj,1390,0,8,26100
rope,1390,0,8,41792
attn,1390,0,8,44126
o_proj,1390,0,8,58419
post_layernorm,1390,0,8,309752
gate_proj,1390,0,8,200298
up_proj,1390,0,8,199511
act_fn,1390,0,8,35762
down_proj,1390,0,8,204699
final_layernorm,1390,0,8,309221
lm_head,1390,0,8,1492152
embedding,1391,0,8,68441
input_layernorm,1391,0,8,309118
q_proj,1391,0,8,64058
k_proj,1391,0,8,26970
v_proj,1391,0,8,26159
rope,1391,0,8,41767
attn,1391,0,8,44290
o_proj,1391,0,8,58568
post_layernorm,1391,0,8,310265
gate_proj,1391,0,8,200200
up_proj,1391,0,8,199408
act_fn,1391,0,8,35809
down_proj,1391,0,8,204604
final_layernorm,1391,0,8,309268
lm_head,1391,0,8,1493671
embedding,1392,0,8,68722
input_layernorm,1392,0,8,309545
q_proj,1392,0,8,64214
k_proj,1392,0,8,27068
v_proj,1392,0,8,26142
rope,1392,0,8,42022
attn,1392,0,8,44072
o_proj,1392,0,8,58683
post_layernorm,1392,0,8,310541
gate_proj,1392,0,8,200572
up_proj,1392,0,8,199779
act_fn,1392,0,8,35838
down_proj,1392,0,8,205030
final_layernorm,1392,0,8,309930
lm_head,1392,0,8,1496686
embedding,1393,0,8,68805
input_layernorm,1393,0,8,309671
q_proj,1393,0,8,64294
k_proj,1393,0,8,27114
v_proj,1393,0,8,26177
rope,1393,0,8,41969
attn,1393,0,8,44261
o_proj,1393,0,8,58837
post_layernorm,1393,0,8,310710
gate_proj,1393,0,8,201229
up_proj,1393,0,8,200383
act_fn,1393,0,8,35852
down_proj,1393,0,8,205571
final_layernorm,1393,0,8,310240
lm_head,1393,0,8,1500949
embedding,1394,0,8,68549
input_layernorm,1394,0,8,309527
q_proj,1394,0,8,63833
k_proj,1394,0,8,26905
v_proj,1394,0,8,25972
rope,1394,0,8,41841
attn,1394,0,8,44132
o_proj,1394,0,8,58390
post_layernorm,1394,0,8,310344
gate_proj,1394,0,8,199910
up_proj,1394,0,8,199078
act_fn,1394,0,8,35871
down_proj,1394,0,8,204308
final_layernorm,1394,0,8,310131
lm_head,1394,0,8,1489987
embedding,1395,0,8,68235
input_layernorm,1395,0,8,309808
q_proj,1395,0,8,63774
k_proj,1395,0,8,26954
v_proj,1395,0,8,25948
rope,1395,0,8,41778
attn,1395,0,8,43872
o_proj,1395,0,8,58368
post_layernorm,1395,0,8,310954
gate_proj,1395,0,8,199568
up_proj,1395,0,8,198872
act_fn,1395,0,8,35911
down_proj,1395,0,8,204002
final_layernorm,1395,0,8,309992
lm_head,1395,0,8,1487619
embedding,1396,0,8,68580
input_layernorm,1396,0,8,310195
q_proj,1396,0,8,63779
k_proj,1396,0,8,26909
v_proj,1396,0,8,25982
rope,1396,0,8,42017
attn,1396,0,8,44298
o_proj,1396,0,8,58395
post_layernorm,1396,0,8,310855
gate_proj,1396,0,8,200189
up_proj,1396,0,8,199397
act_fn,1396,0,8,35923
down_proj,1396,0,8,204462
final_layernorm,1396,0,8,310439
lm_head,1396,0,8,1492381
embedding,1397,0,8,68442
input_layernorm,1397,0,8,310163
q_proj,1397,0,8,64002
k_proj,1397,0,8,27022
v_proj,1397,0,8,26032
rope,1397,0,8,41915
attn,1397,0,8,43747
o_proj,1397,0,8,58541
post_layernorm,1397,0,8,311079
gate_proj,1397,0,8,199918
up_proj,1397,0,8,199133
act_fn,1397,0,8,35969
down_proj,1397,0,8,204292
final_layernorm,1397,0,8,310654
lm_head,1397,0,8,1489293
embedding,1398,0,8,68764
input_layernorm,1398,0,8,310245
q_proj,1398,0,8,64122
k_proj,1398,0,8,27038
v_proj,1398,0,8,26085
rope,1398,0,8,41971
attn,1398,0,8,44118
o_proj,1398,0,8,58642
post_layernorm,1398,0,8,311332
gate_proj,1398,0,8,200825
up_proj,1398,0,8,199925
act_fn,1398,0,8,36050
down_proj,1398,0,8,205227
final_layernorm,1398,0,8,310803
lm_head,1398,0,8,1496029
embedding,1399,0,8,68690
input_layernorm,1399,0,8,310606
q_proj,1399,0,8,64075
k_proj,1399,0,8,27117
v_proj,1399,0,8,26119
rope,1399,0,8,41926
attn,1399,0,8,43982
o_proj,1399,0,8,58633
post_layernorm,1399,0,8,311528
gate_proj,1399,0,8,200028
up_proj,1399,0,8,199337
act_fn,1399,0,8,36006
down_proj,1399,0,8,204475
final_layernorm,1399,0,8,310747
lm_head,1399,0,8,1489329
embedding,1400,0,8,68945
input_layernorm,1400,0,8,311058
q_proj,1400,0,8,64320
k_proj,1400,0,8,27195
v_proj,1400,0,8,26181
rope,1400,0,8,42263
attn,1400,0,8,44240
o_proj,1400,0,8,58855
post_layernorm,1400,0,8,311800
gate_proj,1400,0,8,201098
up_proj,1400,0,8,200231
act_fn,1400,0,8,36025
down_proj,1400,0,8,205611
final_layernorm,1400,0,8,311510
lm_head,1400,0,8,1499057
embedding,1401,0,8,68636
input_layernorm,1401,0,8,311616
q_proj,1401,0,8,64059
k_proj,1401,0,8,27161
v_proj,1401,0,8,26103
rope,1401,0,8,41934
attn,1401,0,8,44612
o_proj,1401,0,8,58559
post_layernorm,1401,0,8,312173
gate_proj,1401,0,8,199967
up_proj,1401,0,8,199014
act_fn,1401,0,8,36062
down_proj,1401,0,8,204171
final_layernorm,1401,0,8,311956
lm_head,1401,0,8,1488456
embedding,1402,0,8,69013
input_layernorm,1402,0,8,311287
q_proj,1402,0,8,64141
k_proj,1402,0,8,27172
v_proj,1402,0,8,26189
rope,1402,0,8,42003
attn,1402,0,8,43644
o_proj,1402,0,8,58624
post_layernorm,1402,0,8,312360
gate_proj,1402,0,8,199958
up_proj,1402,0,8,199242
act_fn,1402,0,8,36096
down_proj,1402,0,8,204346
final_layernorm,1402,0,8,312213
lm_head,1402,0,8,1489286
embedding,1403,0,8,69411
input_layernorm,1403,0,8,311664
q_proj,1403,0,8,64450
k_proj,1403,0,8,27294
v_proj,1403,0,8,26331
rope,1403,0,8,42143
attn,1403,0,8,44653
o_proj,1403,0,8,58854
post_layernorm,1403,0,8,312627
gate_proj,1403,0,8,201007
up_proj,1403,0,8,200285
act_fn,1403,0,8,36124
down_proj,1403,0,8,205440
final_layernorm,1403,0,8,311939
lm_head,1403,0,8,1497318
embedding,1404,0,8,69291
input_layernorm,1404,0,8,311584
q_proj,1404,0,8,64238
k_proj,1404,0,8,27225
v_proj,1404,0,8,26291
rope,1404,0,8,42265
attn,1404,0,8,44168
o_proj,1404,0,8,58734
post_layernorm,1404,0,8,312533
gate_proj,1404,0,8,200957
up_proj,1404,0,8,200109
act_fn,1404,0,8,36148
down_proj,1404,0,8,205212
final_layernorm,1404,0,8,311691
lm_head,1404,0,8,1497503
embedding,1405,0,8,69126
input_layernorm,1405,0,8,311768
q_proj,1405,0,8,64164
k_proj,1405,0,8,27135
v_proj,1405,0,8,26223
rope,1405,0,8,42027
attn,1405,0,8,44411
o_proj,1405,0,8,58555
post_layernorm,1405,0,8,312570
gate_proj,1405,0,8,200083
up_proj,1405,0,8,199302
act_fn,1405,0,8,36122
down_proj,1405,0,8,204371
final_layernorm,1405,0,8,312225
lm_head,1405,0,8,1491487
embedding,1406,0,8,69579
input_layernorm,1406,0,8,312240
q_proj,1406,0,8,64488
k_proj,1406,0,8,27249
v_proj,1406,0,8,26359
rope,1406,0,8,42154
attn,1406,0,8,43967
o_proj,1406,0,8,58743
post_layernorm,1406,0,8,313100
gate_proj,1406,0,8,200841
up_proj,1406,0,8,200038
act_fn,1406,0,8,36192
down_proj,1406,0,8,205237
final_layernorm,1406,0,8,312503
lm_head,1406,0,8,1496631
embedding,1407,0,8,69623
input_layernorm,1407,0,8,312717
q_proj,1407,0,8,64349
k_proj,1407,0,8,27185
v_proj,1407,0,8,26245
rope,1407,0,8,42123
attn,1407,0,8,43739
o_proj,1407,0,8,58752
post_layernorm,1407,0,8,313705
gate_proj,1407,0,8,200791
up_proj,1407,0,8,200002
act_fn,1407,0,8,36263
down_proj,1407,0,8,205145
final_layernorm,1407,0,8,313078
lm_head,1407,0,8,1497583
embedding,1408,0,8,69483
input_layernorm,1408,0,8,312724
q_proj,1408,0,8,64117
k_proj,1408,0,8,27074
v_proj,1408,0,8,26160
rope,1408,0,8,42244
attn,1408,0,8,43551
o_proj,1408,0,8,58466
post_layernorm,1408,0,8,313643
gate_proj,1408,0,8,200154
up_proj,1408,0,8,199293
act_fn,1408,0,8,36246
down_proj,1408,0,8,204559
final_layernorm,1408,0,8,313023
lm_head,1408,0,8,1493022
embedding,1409,0,8,70117
input_layernorm,1409,0,8,312774
q_proj,1409,0,8,65051
k_proj,1409,0,8,26888
v_proj,1409,0,8,26958
rope,1409,0,8,42248
attn,1409,0,8,47386
o_proj,1409,0,8,61393
post_layernorm,1409,0,8,313630
gate_proj,1409,0,8,170303
up_proj,1409,0,8,169338
act_fn,1409,0,8,36833
down_proj,1409,0,8,204770
final_layernorm,1409,0,8,313438
lm_head,1409,0,8,1499237
embedding,1410,0,8,69681
input_layernorm,1410,0,8,312593
q_proj,1410,0,8,64980
k_proj,1410,0,8,26867
v_proj,1410,0,8,26905
rope,1410,0,8,42295
attn,1410,0,8,46742
o_proj,1410,0,8,61106
post_layernorm,1410,0,8,313565
gate_proj,1410,0,8,170282
up_proj,1410,0,8,168892
act_fn,1410,0,8,36920
down_proj,1410,0,8,204436
final_layernorm,1410,0,8,313255
lm_head,1410,0,8,1495717
embedding,1411,0,8,69676
input_layernorm,1411,0,8,313118
q_proj,1411,0,8,65092
k_proj,1411,0,8,26865
v_proj,1411,0,8,26932
rope,1411,0,8,42228
attn,1411,0,8,47535
o_proj,1411,0,8,61205
post_layernorm,1411,0,8,313793
gate_proj,1411,0,8,170386
up_proj,1411,0,8,169248
act_fn,1411,0,8,36920
down_proj,1411,0,8,204675
final_layernorm,1411,0,8,313747
lm_head,1411,0,8,1498418
embedding,1412,0,8,69863
input_layernorm,1412,0,8,313438
q_proj,1412,0,8,65240
k_proj,1412,0,8,26984
v_proj,1412,0,8,26984
rope,1412,0,8,42546
attn,1412,0,8,47282
o_proj,1412,0,8,61270
post_layernorm,1412,0,8,314372
gate_proj,1412,0,8,170718
up_proj,1412,0,8,169631
act_fn,1412,0,8,36952
down_proj,1412,0,8,205517
final_layernorm,1412,0,8,314303
lm_head,1412,0,8,1503589
embedding,1413,0,8,70037
input_layernorm,1413,0,8,314273
q_proj,1413,0,8,65212
k_proj,1413,0,8,26976
v_proj,1413,0,8,26936
rope,1413,0,8,42347
attn,1413,0,8,47561
o_proj,1413,0,8,61383
post_layernorm,1413,0,8,315034
gate_proj,1413,0,8,170581
up_proj,1413,0,8,169457
act_fn,1413,0,8,36989
down_proj,1413,0,8,205071
final_layernorm,1413,0,8,315013
lm_head,1413,0,8,1501399
embedding,1414,0,8,69774
input_layernorm,1414,0,8,314040
q_proj,1414,0,8,65213
k_proj,1414,0,8,26969
v_proj,1414,0,8,26934
rope,1414,0,8,42344
attn,1414,0,8,47586
o_proj,1414,0,8,61143
post_layernorm,1414,0,8,315089
gate_proj,1414,0,8,170341
up_proj,1414,0,8,169277
act_fn,1414,0,8,36985
down_proj,1414,0,8,204923
final_layernorm,1414,0,8,315175
lm_head,1414,0,8,1501976
embedding,1415,0,8,69760
input_layernorm,1415,0,8,314299
q_proj,1415,0,8,65253
k_proj,1415,0,8,26998
v_proj,1415,0,8,26978
rope,1415,0,8,42340
attn,1415,0,8,46496
o_proj,1415,0,8,61208
post_layernorm,1415,0,8,314511
gate_proj,1415,0,8,170424
up_proj,1415,0,8,169145
act_fn,1415,0,8,36999
down_proj,1415,0,8,204673
final_layernorm,1415,0,8,314628
lm_head,1415,0,8,1496990
embedding,1416,0,8,70229
input_layernorm,1416,0,8,314085
q_proj,1416,0,8,65516
k_proj,1416,0,8,27125
v_proj,1416,0,8,27118
rope,1416,0,8,42689
attn,1416,0,8,47619
o_proj,1416,0,8,61467
post_layernorm,1416,0,8,314674
gate_proj,1416,0,8,171599
up_proj,1416,0,8,170210
act_fn,1416,0,8,37012
down_proj,1416,0,8,205974
final_layernorm,1416,0,8,314584
lm_head,1416,0,8,1508104
embedding,1417,0,8,70083
input_layernorm,1417,0,8,314349
q_proj,1417,0,8,65305
k_proj,1417,0,8,27009
v_proj,1417,0,8,27020
rope,1417,0,8,42415
attn,1417,0,8,46701
o_proj,1417,0,8,61419
post_layernorm,1417,0,8,314951
gate_proj,1417,0,8,170746
up_proj,1417,0,8,169434
act_fn,1417,0,8,37054
down_proj,1417,0,8,205213
final_layernorm,1417,0,8,315012
lm_head,1417,0,8,1501532
embedding,1418,0,8,69965
input_layernorm,1418,0,8,314693
q_proj,1418,0,8,65245
k_proj,1418,0,8,27004
v_proj,1418,0,8,27005
rope,1418,0,8,42453
attn,1418,0,8,47256
o_proj,1418,0,8,61359
post_layernorm,1418,0,8,315513
gate_proj,1418,0,8,170940
up_proj,1418,0,8,169969
act_fn,1418,0,8,37111
down_proj,1418,0,8,205489
final_layernorm,1418,0,8,315182
lm_head,1418,0,8,1504331
embedding,1419,0,8,70029
input_layernorm,1419,0,8,315149
q_proj,1419,0,8,65201
k_proj,1419,0,8,27000
v_proj,1419,0,8,27011
rope,1419,0,8,42416
attn,1419,0,8,46750
o_proj,1419,0,8,61248
post_layernorm,1419,0,8,315847
gate_proj,1419,0,8,170438
up_proj,1419,0,8,169203
act_fn,1419,0,8,37097
down_proj,1419,0,8,204812
final_layernorm,1419,0,8,315708
lm_head,1419,0,8,1498217
embedding,1420,0,8,69919
input_layernorm,1420,0,8,315584
q_proj,1420,0,8,65494
k_proj,1420,0,8,27097
v_proj,1420,0,8,27041
rope,1420,0,8,42652
attn,1420,0,8,47327
o_proj,1420,0,8,61211
post_layernorm,1420,0,8,316676
gate_proj,1420,0,8,170840
up_proj,1420,0,8,169667
act_fn,1420,0,8,37085
down_proj,1420,0,8,205083
final_layernorm,1420,0,8,316176
lm_head,1420,0,8,1498402
embedding,1421,0,8,70177
input_layernorm,1421,0,8,315482
q_proj,1421,0,8,65336
k_proj,1421,0,8,27002
v_proj,1421,0,8,27027
rope,1421,0,8,42474
attn,1421,0,8,47522
o_proj,1421,0,8,61280
post_layernorm,1421,0,8,315985
gate_proj,1421,0,8,170513
up_proj,1421,0,8,169394
act_fn,1421,0,8,37133
down_proj,1421,0,8,204758
final_layernorm,1421,0,8,315999
lm_head,1421,0,8,1499984
embedding,1422,0,8,70281
input_layernorm,1422,0,8,315303
q_proj,1422,0,8,65529
k_proj,1422,0,8,27093
v_proj,1422,0,8,27100
rope,1422,0,8,42618
attn,1422,0,8,47848
o_proj,1422,0,8,61409
post_layernorm,1422,0,8,316304
gate_proj,1422,0,8,171093
up_proj,1422,0,8,170325
act_fn,1422,0,8,37191
down_proj,1422,0,8,205551
final_layernorm,1422,0,8,316044
lm_head,1422,0,8,1504980
embedding,1423,0,8,70531
input_layernorm,1423,0,8,315280
q_proj,1423,0,8,65570
k_proj,1423,0,8,27101
v_proj,1423,0,8,27109
rope,1423,0,8,42617
attn,1423,0,8,46602
o_proj,1423,0,8,61460
post_layernorm,1423,0,8,316331
gate_proj,1423,0,8,171283
up_proj,1423,0,8,169919
act_fn,1423,0,8,37182
down_proj,1423,0,8,205648
final_layernorm,1423,0,8,316212
lm_head,1423,0,8,1504848
embedding,1424,0,8,70590
input_layernorm,1424,0,8,315527
q_proj,1424,0,8,65558
k_proj,1424,0,8,27098
v_proj,1424,0,8,27113
rope,1424,0,8,42796
attn,1424,0,8,47462
o_proj,1424,0,8,61413
post_layernorm,1424,0,8,316390
gate_proj,1424,0,8,171156
up_proj,1424,0,8,169964
act_fn,1424,0,8,37193
down_proj,1424,0,8,205818
final_layernorm,1424,0,8,316587
lm_head,1424,0,8,1507515
embedding,1425,0,8,70268
input_layernorm,1425,0,8,316056
q_proj,1425,0,8,65458
k_proj,1425,0,8,27150
v_proj,1425,0,8,27113
rope,1425,0,8,42557
attn,1425,0,8,46666
o_proj,1425,0,8,61432
post_layernorm,1425,0,8,316797
gate_proj,1425,0,8,170366
up_proj,1425,0,8,169379
act_fn,1425,0,8,37234
down_proj,1425,0,8,204835
final_layernorm,1425,0,8,317003
lm_head,1425,0,8,1501206
embedding,1426,0,8,70412
input_layernorm,1426,0,8,316394
q_proj,1426,0,8,65414
k_proj,1426,0,8,27089
v_proj,1426,0,8,27073
rope,1426,0,8,42605
attn,1426,0,8,46171
o_proj,1426,0,8,61186
post_layernorm,1426,0,8,317061
gate_proj,1426,0,8,170512
up_proj,1426,0,8,169409
act_fn,1426,0,8,37314
down_proj,1426,0,8,204871
final_layernorm,1426,0,8,317167
lm_head,1426,0,8,1498954
embedding,1427,0,8,70674
input_layernorm,1427,0,8,316183
q_proj,1427,0,8,65340
k_proj,1427,0,8,27064
v_proj,1427,0,8,27047
rope,1427,0,8,42536
attn,1427,0,8,47446
o_proj,1427,0,8,61153
post_layernorm,1427,0,8,316651
gate_proj,1427,0,8,169892
up_proj,1427,0,8,168929
act_fn,1427,0,8,37325
down_proj,1427,0,8,204471
final_layernorm,1427,0,8,316688
lm_head,1427,0,8,1499208
embedding,1428,0,8,70775
input_layernorm,1428,0,8,317081
q_proj,1428,0,8,65661
k_proj,1428,0,8,27220
v_proj,1428,0,8,27184
rope,1428,0,8,42914
attn,1428,0,8,47663
o_proj,1428,0,8,61530
post_layernorm,1428,0,8,317514
gate_proj,1428,0,8,171549
up_proj,1428,0,8,170469
act_fn,1428,0,8,37355
down_proj,1428,0,8,206014
final_layernorm,1428,0,8,317504
lm_head,1428,0,8,1506876
embedding,1429,0,8,71104
input_layernorm,1429,0,8,316785
q_proj,1429,0,8,65913
k_proj,1429,0,8,27291
v_proj,1429,0,8,27269
rope,1429,0,8,42905
attn,1429,0,8,47714
o_proj,1429,0,8,61685
post_layernorm,1429,0,8,317367
gate_proj,1429,0,8,171418
up_proj,1429,0,8,170426
act_fn,1429,0,8,37333
down_proj,1429,0,8,205884
final_layernorm,1429,0,8,317356
lm_head,1429,0,8,1503759
embedding,1430,0,8,71014
input_layernorm,1430,0,8,317081
q_proj,1430,0,8,65739
k_proj,1430,0,8,27294
v_proj,1430,0,8,27251
rope,1430,0,8,42958
attn,1430,0,8,47219
o_proj,1430,0,8,61469
post_layernorm,1430,0,8,317848
gate_proj,1430,0,8,171297
up_proj,1430,0,8,170346
act_fn,1430,0,8,37377
down_proj,1430,0,8,205761
final_layernorm,1430,0,8,317427
lm_head,1430,0,8,1506796
embedding,1431,0,8,70861
input_layernorm,1431,0,8,317966
q_proj,1431,0,8,65506
k_proj,1431,0,8,27195
v_proj,1431,0,8,27159
rope,1431,0,8,42872
attn,1431,0,8,46798
o_proj,1431,0,8,61510
post_layernorm,1431,0,8,318085
gate_proj,1431,0,8,170890
up_proj,1431,0,8,169895
act_fn,1431,0,8,37432
down_proj,1431,0,8,205591
final_layernorm,1431,0,8,318562
lm_head,1431,0,8,1505087
embedding,1432,0,8,70867
input_layernorm,1432,0,8,317807
q_proj,1432,0,8,65758
k_proj,1432,0,8,27274
v_proj,1432,0,8,27227
rope,1432,0,8,43135
attn,1432,0,8,47264
o_proj,1432,0,8,61478
post_layernorm,1432,0,8,318464
gate_proj,1432,0,8,171275
up_proj,1432,0,8,170239
act_fn,1432,0,8,37425
down_proj,1432,0,8,205992
final_layernorm,1432,0,8,318534
lm_head,1432,0,8,1506795
embedding,1433,0,8,70916
input_layernorm,1433,0,8,318005
q_proj,1433,0,8,65802
k_proj,1433,0,8,27300
v_proj,1433,0,8,27252
rope,1433,0,8,42969
attn,1433,0,8,46999
o_proj,1433,0,8,61652
post_layernorm,1433,0,8,318420
gate_proj,1433,0,8,171561
up_proj,1433,0,8,170036
act_fn,1433,0,8,37469
down_proj,1433,0,8,205822
final_layernorm,1433,0,8,318424
lm_head,1433,0,8,1507810
embedding,1434,0,8,70968
input_layernorm,1434,0,8,318195
q_proj,1434,0,8,65916
k_proj,1434,0,8,27346
v_proj,1434,0,8,27271
rope,1434,0,8,43030
attn,1434,0,8,47088
o_proj,1434,0,8,61374
post_layernorm,1434,0,8,318575
gate_proj,1434,0,8,170985
up_proj,1434,0,8,170040
act_fn,1434,0,8,37508
down_proj,1434,0,8,205353
final_layernorm,1434,0,8,318647
lm_head,1434,0,8,1504145
embedding,1435,0,8,71078
input_layernorm,1435,0,8,318168
q_proj,1435,0,8,65529
k_proj,1435,0,8,27242
v_proj,1435,0,8,27179
rope,1435,0,8,42975
attn,1435,0,8,47330
o_proj,1435,0,8,61544
post_layernorm,1435,0,8,318368
gate_proj,1435,0,8,170851
up_proj,1435,0,8,170040
act_fn,1435,0,8,37535
down_proj,1435,0,8,205476
final_layernorm,1435,0,8,318938
lm_head,1435,0,8,1505377
embedding,1436,0,8,70913
input_layernorm,1436,0,8,318489
q_proj,1436,0,8,65605
k_proj,1436,0,8,27244
v_proj,1436,0,8,27162
rope,1436,0,8,43198
attn,1436,0,8,47279
o_proj,1436,0,8,61344
post_layernorm,1436,0,8,318428
gate_proj,1436,0,8,170928
up_proj,1436,0,8,169897
act_fn,1436,0,8,37548
down_proj,1436,0,8,205336
final_layernorm,1436,0,8,318889
lm_head,1436,0,8,1503259
embedding,1437,0,8,71332
input_layernorm,1437,0,8,319106
q_proj,1437,0,8,65989
k_proj,1437,0,8,27369
v_proj,1437,0,8,27310
rope,1437,0,8,43177
attn,1437,0,8,47591
o_proj,1437,0,8,61875
post_layernorm,1437,0,8,319449
gate_proj,1437,0,8,171701
up_proj,1437,0,8,170622
act_fn,1437,0,8,37552
down_proj,1437,0,8,206377
final_layernorm,1437,0,8,319754
lm_head,1437,0,8,1511558
embedding,1438,0,8,70753
input_layernorm,1438,0,8,319083
q_proj,1438,0,8,65508
k_proj,1438,0,8,27230
v_proj,1438,0,8,27156
rope,1438,0,8,43060
attn,1438,0,8,47182
o_proj,1438,0,8,61194
post_layernorm,1438,0,8,319457
gate_proj,1438,0,8,170468
up_proj,1438,0,8,169440
act_fn,1438,0,8,37591
down_proj,1438,0,8,204998
final_layernorm,1438,0,8,319529
lm_head,1438,0,8,1500224
embedding,1439,0,8,71116
input_layernorm,1439,0,8,318914
q_proj,1439,0,8,65667
k_proj,1439,0,8,27249
v_proj,1439,0,8,27204
rope,1439,0,8,43109
attn,1439,0,8,47535
o_proj,1439,0,8,61612
post_layernorm,1439,0,8,319406
gate_proj,1439,0,8,171147
up_proj,1439,0,8,169933
act_fn,1439,0,8,37628
down_proj,1439,0,8,205669
final_layernorm,1439,0,8,319324
lm_head,1439,0,8,1507155
embedding,1440,0,8,70977
input_layernorm,1440,0,8,318854
q_proj,1440,0,8,65874
k_proj,1440,0,8,27333
v_proj,1440,0,8,27292
rope,1440,0,8,43299
attn,1440,0,8,47402
o_proj,1440,0,8,61504
post_layernorm,1440,0,8,319132
gate_proj,1440,0,8,171577
up_proj,1440,0,8,170311
act_fn,1440,0,8,37639
down_proj,1440,0,8,205948
final_layernorm,1440,0,8,319309
lm_head,1440,0,8,1504770
embedding,1441,0,8,71060
input_layernorm,1441,0,8,319587
q_proj,1441,0,8,82082
k_proj,1441,0,8,28263
v_proj,1441,0,8,27789
rope,1441,0,8,43125
attn,1441,0,8,47057
o_proj,1441,0,8,61266
post_layernorm,1441,0,8,319676
gate_proj,1441,0,8,197504
up_proj,1441,0,8,196304
act_fn,1441,0,8,37386
down_proj,1441,0,8,205515
final_layernorm,1441,0,8,320084
lm_head,1441,0,8,1506832
embedding,1442,0,8,70860
input_layernorm,1442,0,8,319423
q_proj,1442,0,8,82095
k_proj,1442,0,8,28203
v_proj,1442,0,8,27725
rope,1442,0,8,43120
attn,1442,0,8,47190
o_proj,1442,0,8,61125
post_layernorm,1442,0,8,319669
gate_proj,1442,0,8,197221
up_proj,1442,0,8,196052
act_fn,1442,0,8,37410
down_proj,1442,0,8,205311
final_layernorm,1442,0,8,319957
lm_head,1442,0,8,1501942
embedding,1443,0,8,71015
input_layernorm,1443,0,8,319762
q_proj,1443,0,8,82390
k_proj,1443,0,8,28395
v_proj,1443,0,8,27840
rope,1443,0,8,43142
attn,1443,0,8,47349
o_proj,1443,0,8,61265
post_layernorm,1443,0,8,320375
gate_proj,1443,0,8,197473
up_proj,1443,0,8,196364
act_fn,1443,0,8,37411
down_proj,1443,0,8,205661
final_layernorm,1443,0,8,320732
lm_head,1443,0,8,1503237
embedding,1444,0,8,71300
input_layernorm,1444,0,8,320545
q_proj,1444,0,8,82161
k_proj,1444,0,8,28383
v_proj,1444,0,8,27859
rope,1444,0,8,43347
attn,1444,0,8,47554
o_proj,1444,0,8,61176
post_layernorm,1444,0,8,320863
gate_proj,1444,0,8,197398
up_proj,1444,0,8,196272
act_fn,1444,0,8,37453
down_proj,1444,0,8,205425
final_layernorm,1444,0,8,320867
lm_head,1444,0,8,1504072
embedding,1445,0,8,71615
input_layernorm,1445,0,8,320200
q_proj,1445,0,8,82023
k_proj,1445,0,8,28301
v_proj,1445,0,8,27728
rope,1445,0,8,43120
attn,1445,0,8,47327
o_proj,1445,0,8,61185
post_layernorm,1445,0,8,320909
gate_proj,1445,0,8,197142
up_proj,1445,0,8,195975
act_fn,1445,0,8,37514
down_proj,1445,0,8,205268
final_layernorm,1445,0,8,321155
lm_head,1445,0,8,1500454
embedding,1446,0,8,71374
input_layernorm,1446,0,8,320495
q_proj,1446,0,8,82289
k_proj,1446,0,8,28312
v_proj,1446,0,8,27812
rope,1446,0,8,43219
attn,1446,0,8,47427
o_proj,1446,0,8,61252
post_layernorm,1446,0,8,321077
gate_proj,1446,0,8,197831
up_proj,1446,0,8,196531
act_fn,1446,0,8,37529
down_proj,1446,0,8,205677
final_layernorm,1446,0,8,321237
lm_head,1446,0,8,1506048
embedding,1447,0,8,71791
input_layernorm,1447,0,8,320703
q_proj,1447,0,8,82149
k_proj,1447,0,8,28265
v_proj,1447,0,8,27718
rope,1447,0,8,43163
attn,1447,0,8,46915
o_proj,1447,0,8,61174
post_layernorm,1447,0,8,321190
gate_proj,1447,0,8,197371
up_proj,1447,0,8,196245
act_fn,1447,0,8,37598
down_proj,1447,0,8,205213
final_layernorm,1447,0,8,321109
lm_head,1447,0,8,1502842
embedding,1448,0,8,72066
input_layernorm,1448,0,8,320619
q_proj,1448,0,8,82645
k_proj,1448,0,8,28491
v_proj,1448,0,8,27902
rope,1448,0,8,43473
attn,1448,0,8,47728
o_proj,1448,0,8,61391
post_layernorm,1448,0,8,321049
gate_proj,1448,0,8,198230
up_proj,1448,0,8,197103
act_fn,1448,0,8,37595
down_proj,1448,0,8,206180
final_layernorm,1448,0,8,321266
lm_head,1448,0,8,1507339
embedding,1449,0,8,71612
input_layernorm,1449,0,8,320747
q_proj,1449,0,8,82038
k_proj,1449,0,8,28278
v_proj,1449,0,8,27712
rope,1449,0,8,43151
attn,1449,0,8,47018
o_proj,1449,0,8,60984
post_layernorm,1449,0,8,321243
gate_proj,1449,0,8,196649
up_proj,1449,0,8,195453
act_fn,1449,0,8,37638
down_proj,1449,0,8,204543
final_layernorm,1449,0,8,321290
lm_head,1449,0,8,1498457
embedding,1450,0,8,71593
input_layernorm,1450,0,8,320808
q_proj,1450,0,8,82160
k_proj,1450,0,8,28316
v_proj,1450,0,8,27773
rope,1450,0,8,43236
attn,1450,0,8,47312
o_proj,1450,0,8,61097
post_layernorm,1450,0,8,321674
gate_proj,1450,0,8,197149
up_proj,1450,0,8,195940
act_fn,1450,0,8,37699
down_proj,1450,0,8,205254
final_layernorm,1450,0,8,321761
lm_head,1450,0,8,1500962
embedding,1451,0,8,71999
input_layernorm,1451,0,8,321521
q_proj,1451,0,8,82548
k_proj,1451,0,8,28454
v_proj,1451,0,8,27840
rope,1451,0,8,43345
attn,1451,0,8,46499
o_proj,1451,0,8,61368
post_layernorm,1451,0,8,322164
gate_proj,1451,0,8,197849
up_proj,1451,0,8,196770
act_fn,1451,0,8,37663
down_proj,1451,0,8,205944
final_layernorm,1451,0,8,322070
lm_head,1451,0,8,1506778
embedding,1452,0,8,71957
input_layernorm,1452,0,8,321617
q_proj,1452,0,8,82411
k_proj,1452,0,8,28466
v_proj,1452,0,8,27869
rope,1452,0,8,43503
attn,1452,0,8,47299
o_proj,1452,0,8,61250
post_layernorm,1452,0,8,322133
gate_proj,1452,0,8,197767
up_proj,1452,0,8,196657
act_fn,1452,0,8,37688
down_proj,1452,0,8,205926
final_layernorm,1452,0,8,322570
lm_head,1452,0,8,1506595
embedding,1453,0,8,71830
input_layernorm,1453,0,8,321931
q_proj,1453,0,8,82183
k_proj,1453,0,8,28350
v_proj,1453,0,8,27743
rope,1453,0,8,43278
attn,1453,0,8,47246
o_proj,1453,0,8,61201
post_layernorm,1453,0,8,322250
gate_proj,1453,0,8,197120
up_proj,1453,0,8,196037
act_fn,1453,0,8,37748
down_proj,1453,0,8,205148
final_layernorm,1453,0,8,322695
lm_head,1453,0,8,1501125
embedding,1454,0,8,71933
input_layernorm,1454,0,8,322034
q_proj,1454,0,8,82288
k_proj,1454,0,8,28462
v_proj,1454,0,8,27841
rope,1454,0,8,43368
attn,1454,0,8,47659
o_proj,1454,0,8,66993
post_layernorm,1454,0,8,322638
gate_proj,1454,0,8,197529
up_proj,1454,0,8,196266
act_fn,1454,0,8,37779
down_proj,1454,0,8,205458
final_layernorm,1454,0,8,322444
lm_head,1454,0,8,1503595
embedding,1455,0,8,72292
input_layernorm,1455,0,8,322303
q_proj,1455,0,8,82839
k_proj,1455,0,8,28579
v_proj,1455,0,8,28042
rope,1455,0,8,43520
attn,1455,0,8,47761
o_proj,1455,0,8,67398
post_layernorm,1455,0,8,323156
gate_proj,1455,0,8,199133
up_proj,1455,0,8,198011
act_fn,1455,0,8,37808
down_proj,1455,0,8,207233
final_layernorm,1455,0,8,323001
lm_head,1455,0,8,1515048
embedding,1456,0,8,72085
input_layernorm,1456,0,8,322066
q_proj,1456,0,8,82628
k_proj,1456,0,8,28524
v_proj,1456,0,8,27969
rope,1456,0,8,43668
attn,1456,0,8,46964
o_proj,1456,0,8,67152
post_layernorm,1456,0,8,323008
gate_proj,1456,0,8,198270
up_proj,1456,0,8,197135
act_fn,1456,0,8,37765
down_proj,1456,0,8,206193
final_layernorm,1456,0,8,322709
lm_head,1456,0,8,1510379
embedding,1457,0,8,71987
input_layernorm,1457,0,8,322411
q_proj,1457,0,8,64399
k_proj,1457,0,8,28289
v_proj,1457,0,8,27833
rope,1457,0,8,43364
attn,1457,0,8,47495
o_proj,1457,0,8,67611
post_layernorm,1457,0,8,322941
gate_proj,1457,0,8,197095
up_proj,1457,0,8,195869
act_fn,1457,0,8,37855
down_proj,1457,0,8,212769
final_layernorm,1457,0,8,323216
lm_head,1457,0,8,1495110
embedding,1458,0,8,71951
input_layernorm,1458,0,8,322868
q_proj,1458,0,8,64532
k_proj,1458,0,8,28346
v_proj,1458,0,8,27850
rope,1458,0,8,43460
attn,1458,0,8,46994
o_proj,1458,0,8,67652
post_layernorm,1458,0,8,323876
gate_proj,1458,0,8,197374
up_proj,1458,0,8,196242
act_fn,1458,0,8,37892
down_proj,1458,0,8,212147
final_layernorm,1458,0,8,323941
lm_head,1458,0,8,1496110
embedding,1459,0,8,72060
input_layernorm,1459,0,8,323685
q_proj,1459,0,8,64460
k_proj,1459,0,8,28354
v_proj,1459,0,8,27904
rope,1459,0,8,43413
attn,1459,0,8,47613
o_proj,1459,0,8,67665
post_layernorm,1459,0,8,324196
gate_proj,1459,0,8,197387
up_proj,1459,0,8,196187
act_fn,1459,0,8,37917
down_proj,1459,0,8,213319
final_layernorm,1459,0,8,324414
lm_head,1459,0,8,1498265
embedding,1460,0,8,72268
input_layernorm,1460,0,8,323151
q_proj,1460,0,8,64751
k_proj,1460,0,8,28554
v_proj,1460,0,8,28016
rope,1460,0,8,43725
attn,1460,0,8,46539
o_proj,1460,0,8,67887
post_layernorm,1460,0,8,324233
gate_proj,1460,0,8,197984
up_proj,1460,0,8,196776
act_fn,1460,0,8,37906
down_proj,1460,0,8,212968
final_layernorm,1460,0,8,324078
lm_head,1460,0,8,1500657
embedding,1461,0,8,72201
input_layernorm,1461,0,8,323297
q_proj,1461,0,8,64542
k_proj,1461,0,8,28366
v_proj,1461,0,8,27865
rope,1461,0,8,43491
attn,1461,0,8,46289
o_proj,1461,0,8,67628
post_layernorm,1461,0,8,324220
gate_proj,1461,0,8,197371
up_proj,1461,0,8,196137
act_fn,1461,0,8,37932
down_proj,1461,0,8,213502
final_layernorm,1461,0,8,324374
lm_head,1461,0,8,1498896
embedding,1462,0,8,71870
input_layernorm,1462,0,8,323279
q_proj,1462,0,8,64346
k_proj,1462,0,8,28377
v_proj,1462,0,8,27850
rope,1462,0,8,43477
attn,1462,0,8,46537
o_proj,1462,0,8,67523
post_layernorm,1462,0,8,323931
gate_proj,1462,0,8,196943
up_proj,1462,0,8,195689
act_fn,1462,0,8,37987
down_proj,1462,0,8,211569
final_layernorm,1462,0,8,324177
lm_head,1462,0,8,1492669
embedding,1463,0,8,71837
input_layernorm,1463,0,8,323554
q_proj,1463,0,8,64270
k_proj,1463,0,8,28358
v_proj,1463,0,8,27831
rope,1463,0,8,43401
attn,1463,0,8,46314
o_proj,1463,0,8,67571
post_layernorm,1463,0,8,324470
gate_proj,1463,0,8,196231
up_proj,1463,0,8,195035
act_fn,1463,0,8,37962
down_proj,1463,0,8,211995
final_layernorm,1463,0,8,324022
lm_head,1463,0,8,1488449
embedding,1464,0,8,72001
input_layernorm,1464,0,8,323597
q_proj,1464,0,8,64391
k_proj,1464,0,8,28264
v_proj,1464,0,8,27779
rope,1464,0,8,43709
attn,1464,0,8,47245
o_proj,1464,0,8,67644
post_layernorm,1464,0,8,324752
gate_proj,1464,0,8,196904
up_proj,1464,0,8,195760
act_fn,1464,0,8,37992
down_proj,1464,0,8,211758
final_layernorm,1464,0,8,324517
lm_head,1464,0,8,1492009
embedding,1465,0,8,72303
input_layernorm,1465,0,8,324297
q_proj,1465,0,8,64399
k_proj,1465,0,8,28404
v_proj,1465,0,8,27813
rope,1465,0,8,43506
attn,1465,0,8,46709
o_proj,1465,0,8,67655
post_layernorm,1465,0,8,325163
gate_proj,1465,0,8,196797
up_proj,1465,0,8,195531
act_fn,1465,0,8,37998
down_proj,1465,0,8,212527
final_layernorm,1465,0,8,325236
lm_head,1465,0,8,1492440
embedding,1466,0,8,72333
input_layernorm,1466,0,8,324330
q_proj,1466,0,8,64516
k_proj,1466,0,8,28391
v_proj,1466,0,8,27889
rope,1466,0,8,43616
attn,1466,0,8,46562
o_proj,1466,0,8,67743
post_layernorm,1466,0,8,324945
gate_proj,1466,0,8,197320
up_proj,1466,0,8,196186
act_fn,1466,0,8,38015
down_proj,1466,0,8,212255
final_layernorm,1466,0,8,325141
lm_head,1466,0,8,1495631
embedding,1467,0,8,72602
input_layernorm,1467,0,8,324646
q_proj,1467,0,8,64487
k_proj,1467,0,8,28495
v_proj,1467,0,8,27883
rope,1467,0,8,43601
attn,1467,0,8,46616
o_proj,1467,0,8,67756
post_layernorm,1467,0,8,325160
gate_proj,1467,0,8,197123
up_proj,1467,0,8,195908
act_fn,1467,0,8,38076
down_proj,1467,0,8,212791
final_layernorm,1467,0,8,325143
lm_head,1467,0,8,1495065
embedding,1468,0,8,72654
input_layernorm,1468,0,8,324473
q_proj,1468,0,8,64554
k_proj,1468,0,8,28392
v_proj,1468,0,8,27806
rope,1468,0,8,43839
attn,1468,0,8,47387
o_proj,1468,0,8,67844
post_layernorm,1468,0,8,325213
gate_proj,1468,0,8,197417
up_proj,1468,0,8,196189
act_fn,1468,0,8,38075
down_proj,1468,0,8,212452
final_layernorm,1468,0,8,325447
lm_head,1468,0,8,1497207
embedding,1469,0,8,72865
input_layernorm,1469,0,8,324756
q_proj,1469,0,8,64463
k_proj,1469,0,8,28527
v_proj,1469,0,8,27896
rope,1469,0,8,43642
attn,1469,0,8,47282
o_proj,1469,0,8,67804
post_layernorm,1469,0,8,325639
gate_proj,1469,0,8,197160
up_proj,1469,0,8,195918
act_fn,1469,0,8,38108
down_proj,1469,0,8,213011
final_layernorm,1469,0,8,325628
lm_head,1469,0,8,1497449
embedding,1470,0,8,72510
input_layernorm,1470,0,8,324741
q_proj,1470,0,8,64248
k_proj,1470,0,8,28329
v_proj,1470,0,8,27813
rope,1470,0,8,43595
attn,1470,0,8,46353
o_proj,1470,0,8,67642
post_layernorm,1470,0,8,325716
gate_proj,1470,0,8,196580
up_proj,1470,0,8,195339
act_fn,1470,0,8,38132
down_proj,1470,0,8,211496
final_layernorm,1470,0,8,325940
lm_head,1470,0,8,1489677
embedding,1471,0,8,73036
input_layernorm,1471,0,8,325587
q_proj,1471,0,8,64512
k_proj,1471,0,8,28456
v_proj,1471,0,8,27898
rope,1471,0,8,43616
attn,1471,0,8,46661
o_proj,1471,0,8,67943
post_layernorm,1471,0,8,326268
gate_proj,1471,0,8,197364
up_proj,1471,0,8,196064
act_fn,1471,0,8,38189
down_proj,1471,0,8,213086
final_layernorm,1471,0,8,326438
lm_head,1471,0,8,1495028
embedding,1472,0,8,72603
input_layernorm,1472,0,8,325363
q_proj,1472,0,8,64447
k_proj,1472,0,8,28541
v_proj,1472,0,8,27907
rope,1472,0,8,43819
attn,1472,0,8,47320
o_proj,1472,0,8,67686
post_layernorm,1472,0,8,326480
gate_proj,1472,0,8,197032
up_proj,1472,0,8,195854
act_fn,1472,0,8,38150
down_proj,1472,0,8,211937
final_layernorm,1472,0,8,326422
lm_head,1472,0,8,1495145
embedding,1473,0,8,72870
input_layernorm,1473,0,8,325385
q_proj,1473,0,8,64414
k_proj,1473,0,8,28414
v_proj,1473,0,8,27874
rope,1473,0,8,43657
attn,1473,0,8,50600
o_proj,1473,0,8,67784
post_layernorm,1473,0,8,326106
gate_proj,1473,0,8,196874
up_proj,1473,0,8,195702
act_fn,1473,0,8,38213
down_proj,1473,0,8,213011
final_layernorm,1473,0,8,326463
lm_head,1473,0,8,1495251
embedding,1474,0,8,73305
input_layernorm,1474,0,8,325557
q_proj,1474,0,8,64509
k_proj,1474,0,8,28489
v_proj,1474,0,8,27948
rope,1474,0,8,43729
attn,1474,0,8,50013
o_proj,1474,0,8,67782
post_layernorm,1474,0,8,326309
gate_proj,1474,0,8,197205
up_proj,1474,0,8,195946
act_fn,1474,0,8,38216
down_proj,1474,0,8,212018
final_layernorm,1474,0,8,326352
lm_head,1474,0,8,1496262
embedding,1475,0,8,72930
input_layernorm,1475,0,8,325881
q_proj,1475,0,8,64421
k_proj,1475,0,8,28520
v_proj,1475,0,8,27978
rope,1475,0,8,43641
attn,1475,0,8,49897
o_proj,1475,0,8,67797
post_layernorm,1475,0,8,326777
gate_proj,1475,0,8,197076
up_proj,1475,0,8,195832
act_fn,1475,0,8,38260
down_proj,1475,0,8,212937
final_layernorm,1475,0,8,326766
lm_head,1475,0,8,1496996
embedding,1476,0,8,73151
input_layernorm,1476,0,8,326516
q_proj,1476,0,8,64745
k_proj,1476,0,8,28658
v_proj,1476,0,8,28041
rope,1476,0,8,43939
attn,1476,0,8,49767
o_proj,1476,0,8,67933
post_layernorm,1476,0,8,327526
gate_proj,1476,0,8,197748
up_proj,1476,0,8,196584
act_fn,1476,0,8,38341
down_proj,1476,0,8,212726
final_layernorm,1476,0,8,327644
lm_head,1476,0,8,1499400
embedding,1477,0,8,72834
input_layernorm,1477,0,8,326503
q_proj,1477,0,8,64734
k_proj,1477,0,8,28593
v_proj,1477,0,8,28059
rope,1477,0,8,43866
attn,1477,0,8,50986
o_proj,1477,0,8,68045
post_layernorm,1477,0,8,327381
gate_proj,1477,0,8,197809
up_proj,1477,0,8,196731
act_fn,1477,0,8,38343
down_proj,1477,0,8,214152
final_layernorm,1477,0,8,327613
lm_head,1477,0,8,1503701
embedding,1478,0,8,73239
input_layernorm,1478,0,8,326451
q_proj,1478,0,8,64615
k_proj,1478,0,8,28548
v_proj,1478,0,8,28055
rope,1478,0,8,43897
attn,1478,0,8,50783
o_proj,1478,0,8,67927
post_layernorm,1478,0,8,327457
gate_proj,1478,0,8,197670
up_proj,1478,0,8,196466
act_fn,1478,0,8,38350
down_proj,1478,0,8,212540
final_layernorm,1478,0,8,328020
lm_head,1478,0,8,1499934
embedding,1479,0,8,73137
input_layernorm,1479,0,8,326818
q_proj,1479,0,8,64648
k_proj,1479,0,8,28544
v_proj,1479,0,8,28041
rope,1479,0,8,43846
attn,1479,0,8,50262
o_proj,1479,0,8,68020
post_layernorm,1479,0,8,327743
gate_proj,1479,0,8,197650
up_proj,1479,0,8,196465
act_fn,1479,0,8,38366
down_proj,1479,0,8,213284
final_layernorm,1479,0,8,327692
lm_head,1479,0,8,1497967
embedding,1480,0,8,73140
input_layernorm,1480,0,8,326902
q_proj,1480,0,8,64456
k_proj,1480,0,8,28544
v_proj,1480,0,8,27908
rope,1480,0,8,44092
attn,1480,0,8,50097
o_proj,1480,0,8,67775
post_layernorm,1480,0,8,327768
gate_proj,1480,0,8,197281
up_proj,1480,0,8,195916
act_fn,1480,0,8,38353
down_proj,1480,0,8,212050
final_layernorm,1480,0,8,327698
lm_head,1480,0,8,1493532
embedding,1481,0,8,73099
input_layernorm,1481,0,8,327258
q_proj,1481,0,8,64558
k_proj,1481,0,8,28592
v_proj,1481,0,8,28083
rope,1481,0,8,43970
attn,1481,0,8,50283
o_proj,1481,0,8,67916
post_layernorm,1481,0,8,327929
gate_proj,1481,0,8,197422
up_proj,1481,0,8,196295
act_fn,1481,0,8,38407
down_proj,1481,0,8,213367
final_layernorm,1481,0,8,327746
lm_head,1481,0,8,1500210
embedding,1482,0,8,73289
input_layernorm,1482,0,8,327439
q_proj,1482,0,8,64513
k_proj,1482,0,8,28619
v_proj,1482,0,8,28100
rope,1482,0,8,43922
attn,1482,0,8,51331
o_proj,1482,0,8,67793
post_layernorm,1482,0,8,328606
gate_proj,1482,0,8,197228
up_proj,1482,0,8,195868
act_fn,1482,0,8,38405
down_proj,1482,0,8,211906
final_layernorm,1482,0,8,328324
lm_head,1482,0,8,1496898
embedding,1483,0,8,72722
input_layernorm,1483,0,8,327784
q_proj,1483,0,8,64100
k_proj,1483,0,8,28534
v_proj,1483,0,8,28051
rope,1483,0,8,43744
attn,1483,0,8,49827
o_proj,1483,0,8,67509
post_layernorm,1483,0,8,328563
gate_proj,1483,0,8,196193
up_proj,1483,0,8,194841
act_fn,1483,0,8,38466
down_proj,1483,0,8,212222
final_layernorm,1483,0,8,328688
lm_head,1483,0,8,1490846
embedding,1484,0,8,73284
input_layernorm,1484,0,8,328395
q_proj,1484,0,8,64309
k_proj,1484,0,8,28571
v_proj,1484,0,8,28163
rope,1484,0,8,44009
attn,1484,0,8,50465
o_proj,1484,0,8,67659
post_layernorm,1484,0,8,329245
gate_proj,1484,0,8,196870
up_proj,1484,0,8,195607
act_fn,1484,0,8,38501
down_proj,1484,0,8,211850
final_layernorm,1484,0,8,328925
lm_head,1484,0,8,1494720
embedding,1485,0,8,73130
input_layernorm,1485,0,8,328367
q_proj,1485,0,8,64571
k_proj,1485,0,8,28660
v_proj,1485,0,8,28139
rope,1485,0,8,43949
attn,1485,0,8,51136
o_proj,1485,0,8,68013
post_layernorm,1485,0,8,329079
gate_proj,1485,0,8,197514
up_proj,1485,0,8,196317
act_fn,1485,0,8,38523
down_proj,1485,0,8,213258
final_layernorm,1485,0,8,329165
lm_head,1485,0,8,1501686
embedding,1486,0,8,73538
input_layernorm,1486,0,8,328132
q_proj,1486,0,8,64475
k_proj,1486,0,8,28640
v_proj,1486,0,8,28120
rope,1486,0,8,43978
attn,1486,0,8,50392
o_proj,1486,0,8,67791
post_layernorm,1486,0,8,328905
gate_proj,1486,0,8,197219
up_proj,1486,0,8,195979
act_fn,1486,0,8,38570
down_proj,1486,0,8,212154
final_layernorm,1486,0,8,329039
lm_head,1486,0,8,1497371
embedding,1487,0,8,73268
input_layernorm,1487,0,8,328407
q_proj,1487,0,8,64364
k_proj,1487,0,8,28655
v_proj,1487,0,8,28125
rope,1487,0,8,43893
attn,1487,0,8,50587
o_proj,1487,0,8,67816
post_layernorm,1487,0,8,329192
gate_proj,1487,0,8,196880
up_proj,1487,0,8,195561
act_fn,1487,0,8,38554
down_proj,1487,0,8,212877
final_layernorm,1487,0,8,329131
lm_head,1487,0,8,1496901
embedding,1488,0,8,73799
input_layernorm,1488,0,8,328655
q_proj,1488,0,8,64489
k_proj,1488,0,8,28603
v_proj,1488,0,8,28109
rope,1488,0,8,44162
attn,1488,0,8,49879
o_proj,1488,0,8,67857
post_layernorm,1488,0,8,329297
gate_proj,1488,0,8,197216
up_proj,1488,0,8,195934
act_fn,1488,0,8,38647
down_proj,1488,0,8,212017
final_layernorm,1488,0,8,329134
lm_head,1488,0,8,1497568
embedding,1489,0,8,73253
input_layernorm,1489,0,8,329182
q_proj,1489,0,8,64267
k_proj,1489,0,8,28587
v_proj,1489,0,8,28103
rope,1489,0,8,43973
attn,1489,0,8,50557
o_proj,1489,0,8,67734
post_layernorm,1489,0,8,329964
gate_proj,1489,0,8,196547
up_proj,1489,0,8,195348
act_fn,1489,0,8,38678
down_proj,1489,0,8,212455
final_layernorm,1489,0,8,330176
lm_head,1489,0,8,1492415
embedding,1490,0,8,74032
input_layernorm,1490,0,8,329282
q_proj,1490,0,8,64370
k_proj,1490,0,8,28663
v_proj,1490,0,8,28153
rope,1490,0,8,44045
attn,1490,0,8,49604
o_proj,1490,0,8,67744
post_layernorm,1490,0,8,330225
gate_proj,1490,0,8,196866
up_proj,1490,0,8,195639
act_fn,1490,0,8,38640
down_proj,1490,0,8,212074
final_layernorm,1490,0,8,330301
lm_head,1490,0,8,1497882
embedding,1491,0,8,73844
input_layernorm,1491,0,8,329992
q_proj,1491,0,8,64510
k_proj,1491,0,8,28615
v_proj,1491,0,8,28147
rope,1491,0,8,44067
attn,1491,0,8,50597
o_proj,1491,0,8,67905
post_layernorm,1491,0,8,330305
gate_proj,1491,0,8,196982
up_proj,1491,0,8,195736
act_fn,1491,0,8,38658
down_proj,1491,0,8,211675
final_layernorm,1491,0,8,330188
lm_head,1491,0,8,1495831
embedding,1492,0,8,74086
input_layernorm,1492,0,8,329726
q_proj,1492,0,8,64482
k_proj,1492,0,8,28651
v_proj,1492,0,8,28203
rope,1492,0,8,44271
attn,1492,0,8,50922
o_proj,1492,0,8,67834
post_layernorm,1492,0,8,330300
gate_proj,1492,0,8,197238
up_proj,1492,0,8,195843
act_fn,1492,0,8,38694
down_proj,1492,0,8,211970
final_layernorm,1492,0,8,330387
lm_head,1492,0,8,1499035
embedding,1493,0,8,74147
input_layernorm,1493,0,8,329727
q_proj,1493,0,8,64760
k_proj,1493,0,8,28784
v_proj,1493,0,8,28260
rope,1493,0,8,44244
attn,1493,0,8,50305
o_proj,1493,0,8,68102
post_layernorm,1493,0,8,330525
gate_proj,1493,0,8,197707
up_proj,1493,0,8,196496
act_fn,1493,0,8,38740
down_proj,1493,0,8,212571
final_layernorm,1493,0,8,330249
lm_head,1493,0,8,1503021
embedding,1494,0,8,74289
input_layernorm,1494,0,8,330075
q_proj,1494,0,8,64935
k_proj,1494,0,8,28807
v_proj,1494,0,8,28336
rope,1494,0,8,44347
attn,1494,0,8,50321
o_proj,1494,0,8,68197
post_layernorm,1494,0,8,331212
gate_proj,1494,0,8,198145
up_proj,1494,0,8,196792
act_fn,1494,0,8,38783
down_proj,1494,0,8,212825
final_layernorm,1494,0,8,330794
lm_head,1494,0,8,1503136
embedding,1495,0,8,73638
input_layernorm,1495,0,8,330191
q_proj,1495,0,8,64323
k_proj,1495,0,8,28686
v_proj,1495,0,8,28202
rope,1495,0,8,44160
attn,1495,0,8,50071
o_proj,1495,0,8,67829
post_layernorm,1495,0,8,331639
gate_proj,1495,0,8,196674
up_proj,1495,0,8,195512
act_fn,1495,0,8,38804
down_proj,1495,0,8,211786
final_layernorm,1495,0,8,331081
lm_head,1495,0,8,1494985
embedding,1496,0,8,73993
input_layernorm,1496,0,8,330632
q_proj,1496,0,8,64476
k_proj,1496,0,8,28677
v_proj,1496,0,8,28182
rope,1496,0,8,44398
attn,1496,0,8,50605
o_proj,1496,0,8,67808
post_layernorm,1496,0,8,331297
gate_proj,1496,0,8,197176
up_proj,1496,0,8,195961
act_fn,1496,0,8,38790
down_proj,1496,0,8,211864
final_layernorm,1496,0,8,331253
lm_head,1496,0,8,1495151
embedding,1497,0,8,73922
input_layernorm,1497,0,8,330459
q_proj,1497,0,8,64583
k_proj,1497,0,8,28757
v_proj,1497,0,8,28323
rope,1497,0,8,44339
attn,1497,0,8,50557
o_proj,1497,0,8,68076
post_layernorm,1497,0,8,331707
gate_proj,1497,0,8,197569
up_proj,1497,0,8,196288
act_fn,1497,0,8,38856
down_proj,1497,0,8,212516
final_layernorm,1497,0,8,331707
lm_head,1497,0,8,1499575
embedding,1498,0,8,74105
input_layernorm,1498,0,8,331071
q_proj,1498,0,8,64702
k_proj,1498,0,8,28783
v_proj,1498,0,8,28378
rope,1498,0,8,44412
attn,1498,0,8,50720
o_proj,1498,0,8,68079
post_layernorm,1498,0,8,331698
gate_proj,1498,0,8,197893
up_proj,1498,0,8,196630
act_fn,1498,0,8,38832
down_proj,1498,0,8,212525
final_layernorm,1498,0,8,331705
lm_head,1498,0,8,1503168
embedding,1499,0,8,74080
input_layernorm,1499,0,8,331447
q_proj,1499,0,8,64524
k_proj,1499,0,8,28744
v_proj,1499,0,8,28373
rope,1499,0,8,44382
attn,1499,0,8,50632
o_proj,1499,0,8,68059
post_layernorm,1499,0,8,332137
gate_proj,1499,0,8,197209
up_proj,1499,0,8,195980
act_fn,1499,0,8,38937
down_proj,1499,0,8,212140
final_layernorm,1499,0,8,331756
lm_head,1499,0,8,1497926
embedding,1500,0,8,74242
input_layernorm,1500,0,8,332024
q_proj,1500,0,8,64661
k_proj,1500,0,8,28868
v_proj,1500,0,8,28381
rope,1500,0,8,44577
attn,1500,0,8,50936
o_proj,1500,0,8,67987
post_layernorm,1500,0,8,332585
gate_proj,1500,0,8,197614
up_proj,1500,0,8,196376
act_fn,1500,0,8,38917
down_proj,1500,0,8,212426
final_layernorm,1500,0,8,332641
lm_head,1500,0,8,1500693
embedding,1501,0,8,73922
input_layernorm,1501,0,8,331670
q_proj,1501,0,8,64491
k_proj,1501,0,8,28815
v_proj,1501,0,8,28426
rope,1501,0,8,44412
attn,1501,0,8,50490
o_proj,1501,0,8,68020
post_layernorm,1501,0,8,332288
gate_proj,1501,0,8,197175
up_proj,1501,0,8,195880
act_fn,1501,0,8,38948
down_proj,1501,0,8,212389
final_layernorm,1501,0,8,332446
lm_head,1501,0,8,1498781
embedding,1502,0,8,74717
input_layernorm,1502,0,8,332022
q_proj,1502,0,8,64810
k_proj,1502,0,8,28908
v_proj,1502,0,8,28442
rope,1502,0,8,44521
attn,1502,0,8,51351
o_proj,1502,0,8,68139
post_layernorm,1502,0,8,332595
gate_proj,1502,0,8,198109
up_proj,1502,0,8,196727
act_fn,1502,0,8,38971
down_proj,1502,0,8,212762
final_layernorm,1502,0,8,332657
lm_head,1502,0,8,1502205
embedding,1503,0,8,73968
input_layernorm,1503,0,8,332215
q_proj,1503,0,8,64643
k_proj,1503,0,8,23825
v_proj,1503,0,8,23258
rope,1503,0,8,44551
attn,1503,0,8,50763
o_proj,1503,0,8,68106
post_layernorm,1503,0,8,332822
gate_proj,1503,0,8,197567
up_proj,1503,0,8,196278
act_fn,1503,0,8,38962
down_proj,1503,0,8,212501
final_layernorm,1503,0,8,333119
lm_head,1503,0,8,1500428
embedding,1504,0,8,74572
input_layernorm,1504,0,8,332269
q_proj,1504,0,8,64941
k_proj,1504,0,8,23903
v_proj,1504,0,8,23341
rope,1504,0,8,44840
attn,1504,0,8,51071
o_proj,1504,0,8,68198
post_layernorm,1504,0,8,332713
gate_proj,1504,0,8,198329
up_proj,1504,0,8,197174
act_fn,1504,0,8,39054
down_proj,1504,0,8,213146
final_layernorm,1504,0,8,332971
lm_head,1504,0,8,1504127
embedding,1505,0,8,74313
input_layernorm,1505,0,8,332692
q_proj,1505,0,8,64677
k_proj,1505,0,8,23818
v_proj,1505,0,8,23254
rope,1505,0,8,44721
attn,1505,0,8,50074
o_proj,1505,0,8,68176
post_layernorm,1505,0,8,333342
gate_proj,1505,0,8,197529
up_proj,1505,0,8,196184
act_fn,1505,0,8,39036
down_proj,1505,0,8,212358
final_layernorm,1505,0,8,333337
lm_head,1505,0,8,1501139
embedding,1506,0,8,74218
input_layernorm,1506,0,8,332786
q_proj,1506,0,8,64585
k_proj,1506,0,8,23784
v_proj,1506,0,8,23220
rope,1506,0,8,44771
attn,1506,0,8,50716
o_proj,1506,0,8,68024
post_layernorm,1506,0,8,333713
gate_proj,1506,0,8,197545
up_proj,1506,0,8,196458
act_fn,1506,0,8,39079
down_proj,1506,0,8,212467
final_layernorm,1506,0,8,333737
lm_head,1506,0,8,1499568
embedding,1507,0,8,74820
input_layernorm,1507,0,8,333142
q_proj,1507,0,8,65101
k_proj,1507,0,8,23957
v_proj,1507,0,8,23405
rope,1507,0,8,44969
attn,1507,0,8,50933
o_proj,1507,0,8,68553
post_layernorm,1507,0,8,333993
gate_proj,1507,0,8,198793
up_proj,1507,0,8,197710
act_fn,1507,0,8,39138
down_proj,1507,0,8,213962
final_layernorm,1507,0,8,333881
lm_head,1507,0,8,1509404
embedding,1508,0,8,74367
input_layernorm,1508,0,8,333050
q_proj,1508,0,8,64604
k_proj,1508,0,8,23755
v_proj,1508,0,8,23186
rope,1508,0,8,44960
attn,1508,0,8,50402
o_proj,1508,0,8,67943
post_layernorm,1508,0,8,333732
gate_proj,1508,0,8,197203
up_proj,1508,0,8,196077
act_fn,1508,0,8,39076
down_proj,1508,0,8,212092
final_layernorm,1508,0,8,333841
lm_head,1508,0,8,1498105
embedding,1509,0,8,74947
input_layernorm,1509,0,8,333793
q_proj,1509,0,8,65182
k_proj,1509,0,8,23991
v_proj,1509,0,8,23441
rope,1509,0,8,45065
attn,1509,0,8,51424
o_proj,1509,0,8,68700
post_layernorm,1509,0,8,334155
gate_proj,1509,0,8,198987
up_proj,1509,0,8,197751
act_fn,1509,0,8,39135
down_proj,1509,0,8,214118
final_layernorm,1509,0,8,334472
lm_head,1509,0,8,1511751
embedding,1510,0,8,74642
input_layernorm,1510,0,8,333535
q_proj,1510,0,8,64638
k_proj,1510,0,8,23778
v_proj,1510,0,8,23216
rope,1510,0,8,44918
attn,1510,0,8,50667
o_proj,1510,0,8,68095
post_layernorm,1510,0,8,334548
gate_proj,1510,0,8,197481
up_proj,1510,0,8,196197
act_fn,1510,0,8,39183
down_proj,1510,0,8,212356
final_layernorm,1510,0,8,334361
lm_head,1510,0,8,1500217
embedding,1511,0,8,74786
input_layernorm,1511,0,8,334151
q_proj,1511,0,8,64782
k_proj,1511,0,8,23874
v_proj,1511,0,8,23306
rope,1511,0,8,45039
attn,1511,0,8,50571
o_proj,1511,0,8,68399
post_layernorm,1511,0,8,334968
gate_proj,1511,0,8,198006
up_proj,1511,0,8,196687
act_fn,1511,0,8,39218
down_proj,1511,0,8,212798
final_layernorm,1511,0,8,335152
lm_head,1511,0,8,1502567
embedding,1512,0,8,75313
input_layernorm,1512,0,8,334960
q_proj,1512,0,8,64881
k_proj,1512,0,8,23896
v_proj,1512,0,8,23327
rope,1512,0,8,45246
attn,1512,0,8,51480
o_proj,1512,0,8,68353
post_layernorm,1512,0,8,336044
gate_proj,1512,0,8,198178
up_proj,1512,0,8,196655
act_fn,1512,0,8,39231
down_proj,1512,0,8,213084
final_layernorm,1512,0,8,335724
lm_head,1512,0,8,1505218
embedding,1513,0,8,74580
input_layernorm,1513,0,8,335766
q_proj,1513,0,8,64652
k_proj,1513,0,8,23816
v_proj,1513,0,8,23250
rope,1513,0,8,45184
attn,1513,0,8,50569
o_proj,1513,0,8,68281
post_layernorm,1513,0,8,336526
gate_proj,1513,0,8,197644
up_proj,1513,0,8,196225
act_fn,1513,0,8,39256
down_proj,1513,0,8,212558
final_layernorm,1513,0,8,336817
lm_head,1513,0,8,1499035
embedding,1514,0,8,74811
input_layernorm,1514,0,8,336066
q_proj,1514,0,8,64413
k_proj,1514,0,8,23725
v_proj,1514,0,8,23168
rope,1514,0,8,45112
attn,1514,0,8,50331
o_proj,1514,0,8,67981
post_layernorm,1514,0,8,336475
gate_proj,1514,0,8,196929
up_proj,1514,0,8,195579
act_fn,1514,0,8,39297
down_proj,1514,0,8,211931
final_layernorm,1514,0,8,336680
lm_head,1514,0,8,1495136
embedding,1515,0,8,74605
input_layernorm,1515,0,8,336096
q_proj,1515,0,8,64196
k_proj,1515,0,8,23666
v_proj,1515,0,8,23087
rope,1515,0,8,45083
attn,1515,0,8,50729
o_proj,1515,0,8,67886
post_layernorm,1515,0,8,336697
gate_proj,1515,0,8,196240
up_proj,1515,0,8,195036
act_fn,1515,0,8,39304
down_proj,1515,0,8,211391
final_layernorm,1515,0,8,337166
lm_head,1515,0,8,1490762
embedding,1516,0,8,74820
input_layernorm,1516,0,8,336303
q_proj,1516,0,8,64478
k_proj,1516,0,8,23747
v_proj,1516,0,8,23176
rope,1516,0,8,45330
attn,1516,0,8,50862
o_proj,1516,0,8,68045
post_layernorm,1516,0,8,337513
gate_proj,1516,0,8,197234
up_proj,1516,0,8,195885
act_fn,1516,0,8,39338
down_proj,1516,0,8,212073
final_layernorm,1516,0,8,337459
lm_head,1516,0,8,1500888
embedding,1517,0,8,75124
input_layernorm,1517,0,8,336808
q_proj,1517,0,8,64892
k_proj,1517,0,8,23909
v_proj,1517,0,8,23341
rope,1517,0,8,45344
attn,1517,0,8,51018
o_proj,1517,0,8,68570
post_layernorm,1517,0,8,337593
gate_proj,1517,0,8,182207
up_proj,1517,0,8,181276
act_fn,1517,0,8,39774
down_proj,1517,0,8,213161
final_layernorm,1517,0,8,337739
lm_head,1517,0,8,1504847
embedding,1518,0,8,75214
input_layernorm,1518,0,8,337182
q_proj,1518,0,8,64840
k_proj,1518,0,8,23881
v_proj,1518,0,8,23330
rope,1518,0,8,45370
attn,1518,0,8,50554
o_proj,1518,0,8,68429
post_layernorm,1518,0,8,338060
gate_proj,1518,0,8,182219
up_proj,1518,0,8,181451
act_fn,1518,0,8,39750
down_proj,1518,0,8,213087
final_layernorm,1518,0,8,337958
lm_head,1518,0,8,1503594
embedding,1519,0,8,74808
input_layernorm,1519,0,8,337731
q_proj,1519,0,8,64621
k_proj,1519,0,8,23802
v_proj,1519,0,8,23241
rope,1519,0,8,45267
attn,1519,0,8,50513
o_proj,1519,0,8,68361
post_layernorm,1519,0,8,338585
gate_proj,1519,0,8,181533
up_proj,1519,0,8,180829
act_fn,1519,0,8,39805
down_proj,1519,0,8,212488
final_layernorm,1519,0,8,338804
lm_head,1519,0,8,1498942
embedding,1520,0,8,75403
input_layernorm,1520,0,8,337289
q_proj,1520,0,8,64764
k_proj,1520,0,8,23854
v_proj,1520,0,8,23299
rope,1520,0,8,45483
attn,1520,0,8,51049
o_proj,1520,0,8,68354
post_layernorm,1520,0,8,338546
gate_proj,1520,0,8,181799
up_proj,1520,0,8,181022
act_fn,1520,0,8,39873
down_proj,1520,0,8,212810
final_layernorm,1520,0,8,337797
lm_head,1520,0,8,1501583
embedding,1521,0,8,75007
input_layernorm,1521,0,8,337271
q_proj,1521,0,8,64654
k_proj,1521,0,8,23814
v_proj,1521,0,8,23241
rope,1521,0,8,45191
attn,1521,0,8,50603
o_proj,1521,0,8,68386
post_layernorm,1521,0,8,338664
gate_proj,1521,0,8,181591
up_proj,1521,0,8,180841
act_fn,1521,0,8,39835
down_proj,1521,0,8,212653
final_layernorm,1521,0,8,338610
lm_head,1521,0,8,1501476
embedding,1522,0,8,75033
input_layernorm,1522,0,8,337968
q_proj,1522,0,8,64394
k_proj,1522,0,8,23714
v_proj,1522,0,8,23152
rope,1522,0,8,45155
attn,1522,0,8,50976
o_proj,1522,0,8,68037
post_layernorm,1522,0,8,338597
gate_proj,1522,0,8,180870
up_proj,1522,0,8,180144
act_fn,1522,0,8,39890
down_proj,1522,0,8,211716
final_layernorm,1522,0,8,338556
lm_head,1522,0,8,1494306
embedding,1523,0,8,74656
input_layernorm,1523,0,8,337932
q_proj,1523,0,8,64282
k_proj,1523,0,8,23711
v_proj,1523,0,8,23138
rope,1523,0,8,45150
attn,1523,0,8,50530
o_proj,1523,0,8,68108
post_layernorm,1523,0,8,339084
gate_proj,1523,0,8,180656
up_proj,1523,0,8,179909
act_fn,1523,0,8,39894
down_proj,1523,0,8,211685
final_layernorm,1523,0,8,338614
lm_head,1523,0,8,1493129
embedding,1524,0,8,75156
input_layernorm,1524,0,8,338178
q_proj,1524,0,8,64941
k_proj,1524,0,8,23882
v_proj,1524,0,8,23300
rope,1524,0,8,45503
attn,1524,0,8,50874
o_proj,1524,0,8,68415
post_layernorm,1524,0,8,339164
gate_proj,1524,0,8,181929
up_proj,1524,0,8,181229
act_fn,1524,0,8,39938
down_proj,1524,0,8,212942
final_layernorm,1524,0,8,339185
lm_head,1524,0,8,1504267
embedding,1525,0,8,74988
input_layernorm,1525,0,8,338740
q_proj,1525,0,8,64721
k_proj,1525,0,8,23835
v_proj,1525,0,8,23274
rope,1525,0,8,45330
attn,1525,0,8,51227
o_proj,1525,0,8,68423
post_layernorm,1525,0,8,339482
gate_proj,1525,0,8,181690
up_proj,1525,0,8,180964
act_fn,1525,0,8,39964
down_proj,1525,0,8,212753
final_layernorm,1525,0,8,339507
lm_head,1525,0,8,1501833
embedding,1526,0,8,75287
input_layernorm,1526,0,8,338595
q_proj,1526,0,8,64878
k_proj,1526,0,8,23906
v_proj,1526,0,8,23325
rope,1526,0,8,45469
attn,1526,0,8,50525
o_proj,1526,0,8,68450
post_layernorm,1526,0,8,339728
gate_proj,1526,0,8,182026
up_proj,1526,0,8,181336
act_fn,1526,0,8,39990
down_proj,1526,0,8,213009
final_layernorm,1526,0,8,339384
lm_head,1526,0,8,1504544
embedding,1527,0,8,75028
input_layernorm,1527,0,8,338788
q_proj,1527,0,8,64946
k_proj,1527,0,8,23945
v_proj,1527,0,8,23350
rope,1527,0,8,45471
attn,1527,0,8,50721
o_proj,1527,0,8,68604
post_layernorm,1527,0,8,339749
gate_proj,1527,0,8,182367
up_proj,1527,0,8,181628
act_fn,1527,0,8,40037
down_proj,1527,0,8,213338
final_layernorm,1527,0,8,339460
lm_head,1527,0,8,1508425
embedding,1528,0,8,75468
input_layernorm,1528,0,8,339017
q_proj,1528,0,8,64624
k_proj,1528,0,8,23832
v_proj,1528,0,8,23246
rope,1528,0,8,45533
attn,1528,0,8,50108
o_proj,1528,0,8,68247
post_layernorm,1528,0,8,339783
gate_proj,1528,0,8,181519
up_proj,1528,0,8,180753
act_fn,1528,0,8,40036
down_proj,1528,0,8,212619
final_layernorm,1528,0,8,339564
lm_head,1528,0,8,1500136
embedding,1529,0,8,75669
input_layernorm,1529,0,8,339351
q_proj,1529,0,8,65003
k_proj,1529,0,8,23969
v_proj,1529,0,8,23396
rope,1529,0,8,45587
attn,1529,0,8,50608
o_proj,1529,0,8,68701
post_layernorm,1529,0,8,340265
gate_proj,1529,0,8,182463
up_proj,1529,0,8,181730
act_fn,1529,0,8,40027
down_proj,1529,0,8,213509
final_layernorm,1529,0,8,340054
lm_head,1529,0,8,1506582
embedding,1530,0,8,75887
input_layernorm,1530,0,8,339701
q_proj,1530,0,8,64770
k_proj,1530,0,8,23872
v_proj,1530,0,8,23295
rope,1530,0,8,45507
attn,1530,0,8,50906
o_proj,1530,0,8,68428
post_layernorm,1530,0,8,340350
gate_proj,1530,0,8,181867
up_proj,1530,0,8,181159
act_fn,1530,0,8,40128
down_proj,1530,0,8,212978
final_layernorm,1530,0,8,340504
lm_head,1530,0,8,1506271
embedding,1531,0,8,75322
input_layernorm,1531,0,8,339733
q_proj,1531,0,8,64603
k_proj,1531,0,8,23812
v_proj,1531,0,8,23230
rope,1531,0,8,45445
attn,1531,0,8,50890
o_proj,1531,0,8,68407
post_layernorm,1531,0,8,340823
gate_proj,1531,0,8,181326
up_proj,1531,0,8,180631
act_fn,1531,0,8,40118
down_proj,1531,0,8,212426
final_layernorm,1531,0,8,340917
lm_head,1531,0,8,1495558
embedding,1532,0,8,76087
input_layernorm,1532,0,8,339979
q_proj,1532,0,8,65056
k_proj,1532,0,8,23957
v_proj,1532,0,8,23389
rope,1532,0,8,45780
attn,1532,0,8,50832
o_proj,1532,0,8,68648
post_layernorm,1532,0,8,340685
gate_proj,1532,0,8,182558
up_proj,1532,0,8,181790
act_fn,1532,0,8,40177
down_proj,1532,0,8,213696
final_layernorm,1532,0,8,341228
lm_head,1532,0,8,1508669
embedding,1533,0,8,75842
input_layernorm,1533,0,8,339869
q_proj,1533,0,8,64818
k_proj,1533,0,8,23900
v_proj,1533,0,8,23299
rope,1533,0,8,45564
attn,1533,0,8,50929
o_proj,1533,0,8,68602
post_layernorm,1533,0,8,340759
gate_proj,1533,0,8,182084
up_proj,1533,0,8,181340
act_fn,1533,0,8,40175
down_proj,1533,0,8,213103
final_layernorm,1533,0,8,340733
lm_head,1533,0,8,1504019
embedding,1534,0,8,76413
input_layernorm,1534,0,8,340075
q_proj,1534,0,8,64929
k_proj,1534,0,8,23935
v_proj,1534,0,8,23347
rope,1534,0,8,45668
attn,1534,0,8,51248
o_proj,1534,0,8,68583
post_layernorm,1534,0,8,341116
gate_proj,1534,0,8,182222
up_proj,1534,0,8,181509
act_fn,1534,0,8,40216
down_proj,1534,0,8,213334
final_layernorm,1534,0,8,340955
lm_head,1534,0,8,1505703
embedding,1535,0,8,75874
input_layernorm,1535,0,8,340123
q_proj,1535,0,8,64672
k_proj,1535,0,8,23836
v_proj,1535,0,8,23245
rope,1535,0,8,45540
attn,1535,0,8,51028
o_proj,1535,0,8,68487
post_layernorm,1535,0,8,341235
gate_proj,1535,0,8,181649
up_proj,1535,0,8,180868
act_fn,1535,0,8,40237
down_proj,1535,0,8,212907
final_layernorm,1535,0,8,341057
lm_head,1535,0,8,1504906
embedding,1536,0,8,76188
input_layernorm,1536,0,8,340250
q_proj,1536,0,8,64743
k_proj,1536,0,8,23863
v_proj,1536,0,8,23261
rope,1536,0,8,45738
attn,1536,0,8,50861
o_proj,1536,0,8,68329
post_layernorm,1536,0,8,341271
gate_proj,1536,0,8,181634
up_proj,1536,0,8,180857
act_fn,1536,0,8,40260
down_proj,1536,0,8,212724
final_layernorm,1536,0,8,341070
lm_head,1536,0,8,1503728
embedding,1537,0,8,76394
input_layernorm,1537,0,8,341466
q_proj,1537,0,8,65222
k_proj,1537,0,8,24179
v_proj,1537,0,8,23510
rope,1537,0,8,45778
attn,1537,0,8,54252
o_proj,1537,0,8,68129
post_layernorm,1537,0,8,341945
gate_proj,1537,0,8,199400
up_proj,1537,0,8,198137
act_fn,1537,0,8,39925
down_proj,1537,0,8,213873
final_layernorm,1537,0,8,341975
lm_head,1537,0,8,1632874
embedding,1538,0,8,75902
input_layernorm,1538,0,8,341290
q_proj,1538,0,8,64853
k_proj,1538,0,8,24006
v_proj,1538,0,8,23347
rope,1538,0,8,45715
attn,1538,0,8,54361
o_proj,1538,0,8,67778
post_layernorm,1538,0,8,341859
gate_proj,1538,0,8,198048
up_proj,1538,0,8,196786
act_fn,1538,0,8,39945
down_proj,1538,0,8,212583
final_layernorm,1538,0,8,342061
lm_head,1538,0,8,1620014
embedding,1539,0,8,76097
input_layernorm,1539,0,8,341348
q_proj,1539,0,8,64871
k_proj,1539,0,8,24034
v_proj,1539,0,8,23388
rope,1539,0,8,45629
attn,1539,0,8,53820
o_proj,1539,0,8,67839
post_layernorm,1539,0,8,341773
gate_proj,1539,0,8,198372
up_proj,1539,0,8,197238
act_fn,1539,0,8,40028
down_proj,1539,0,8,212911
final_layernorm,1539,0,8,341952
lm_head,1539,0,8,1626310
embedding,1540,0,8,76097
input_layernorm,1540,0,8,341809
q_proj,1540,0,8,64946
k_proj,1540,0,8,24094
v_proj,1540,0,8,23436
rope,1540,0,8,45921
attn,1540,0,8,54953
o_proj,1540,0,8,67844
post_layernorm,1540,0,8,342143
gate_proj,1540,0,8,198648
up_proj,1540,0,8,197400
act_fn,1540,0,8,40010
down_proj,1540,0,8,213097
final_layernorm,1540,0,8,342283
lm_head,1540,0,8,1623201
embedding,1541,0,8,75947
input_layernorm,1541,0,8,341764
q_proj,1541,0,8,64547
k_proj,1541,0,8,23938
v_proj,1541,0,8,23283
rope,1541,0,8,45625
attn,1541,0,8,53713
o_proj,1541,0,8,67565
post_layernorm,1541,0,8,342235
gate_proj,1541,0,8,197393
up_proj,1541,0,8,196191
act_fn,1541,0,8,40025
down_proj,1541,0,8,211818
final_layernorm,1541,0,8,342311
lm_head,1541,0,8,1616547
embedding,1542,0,8,75958
input_layernorm,1542,0,8,341972
q_proj,1542,0,8,64761
k_proj,1542,0,8,23989
v_proj,1542,0,8,23341
rope,1542,0,8,45771
attn,1542,0,8,53889
o_proj,1542,0,8,67709
post_layernorm,1542,0,8,342735
gate_proj,1542,0,8,198102
up_proj,1542,0,8,196898
act_fn,1542,0,8,40056
down_proj,1542,0,8,212465
final_layernorm,1542,0,8,342888
lm_head,1542,0,8,1621774
embedding,1543,0,8,76140
input_layernorm,1543,0,8,343003
q_proj,1543,0,8,64849
k_proj,1543,0,8,24034
v_proj,1543,0,8,23389
rope,1543,0,8,45748
attn,1543,0,8,52992
o_proj,1543,0,8,67773
post_layernorm,1543,0,8,343643
gate_proj,1543,0,8,198357
up_proj,1543,0,8,196963
act_fn,1543,0,8,40089
down_proj,1543,0,8,212671
final_layernorm,1543,0,8,343304
lm_head,1543,0,8,1627579
embedding,1544,0,8,76331
input_layernorm,1544,0,8,342884
q_proj,1544,0,8,64955
k_proj,1544,0,8,24075
v_proj,1544,0,8,23440
rope,1544,0,8,46012
attn,1544,0,8,54259
o_proj,1544,0,8,67751
post_layernorm,1544,0,8,343211
gate_proj,1544,0,8,198825
up_proj,1544,0,8,197218
act_fn,1544,0,8,40076
down_proj,1544,0,8,212782
final_layernorm,1544,0,8,343247
lm_head,1544,0,8,1625257
embedding,1545,0,8,76304
input_layernorm,1545,0,8,342664
q_proj,1545,0,8,64993
k_proj,1545,0,8,24108
v_proj,1545,0,8,23443
rope,1545,0,8,45924
attn,1545,0,8,53808
o_proj,1545,0,8,67979
post_layernorm,1545,0,8,343264
gate_proj,1545,0,8,198770
up_proj,1545,0,8,197561
act_fn,1545,0,8,40105
down_proj,1545,0,8,213185
final_layernorm,1545,0,8,343260
lm_head,1545,0,8,1628686
embedding,1546,0,8,75826
input_layernorm,1546,0,8,342717
q_proj,1546,0,8,64655
k_proj,1546,0,8,23954
v_proj,1546,0,8,23309
rope,1546,0,8,45879
attn,1546,0,8,53845
o_proj,1546,0,8,67592
post_layernorm,1546,0,8,343358
gate_proj,1546,0,8,197748
up_proj,1546,0,8,196496
act_fn,1546,0,8,40135
down_proj,1546,0,8,212168
final_layernorm,1546,0,8,343394
lm_head,1546,0,8,1622281
embedding,1547,0,8,76523
input_layernorm,1547,0,8,343140
q_proj,1547,0,8,65099
k_proj,1547,0,8,24149
v_proj,1547,0,8,23497
rope,1547,0,8,45939
attn,1547,0,8,53858
o_proj,1547,0,8,68138
post_layernorm,1547,0,8,343693
gate_proj,1547,0,8,199230
up_proj,1547,0,8,197872
act_fn,1547,0,8,40173
down_proj,1547,0,8,213815
final_layernorm,1547,0,8,343654
lm_head,1547,0,8,1630696
embedding,1548,0,8,76081
input_layernorm,1548,0,8,343586
q_proj,1548,0,8,64972
k_proj,1548,0,8,24046
v_proj,1548,0,8,23394
rope,1548,0,8,46054
attn,1548,0,8,54449
o_proj,1548,0,8,67708
post_layernorm,1548,0,8,343849
gate_proj,1548,0,8,198298
up_proj,1548,0,8,197030
act_fn,1548,0,8,40212
down_proj,1548,0,8,212551
final_layernorm,1548,0,8,343620
lm_head,1548,0,8,1623191
embedding,1549,0,8,77221
input_layernorm,1549,0,8,343848
q_proj,1549,0,8,65238
k_proj,1549,0,8,24191
v_proj,1549,0,8,23537
rope,1549,0,8,46127
attn,1549,0,8,53857
o_proj,1549,0,8,68310
post_layernorm,1549,0,8,344459
gate_proj,1549,0,8,199519
up_proj,1549,0,8,198197
act_fn,1549,0,8,40217
down_proj,1549,0,8,214130
final_layernorm,1549,0,8,344123
lm_head,1549,0,8,1631000
embedding,1550,0,8,76426
input_layernorm,1550,0,8,343544
q_proj,1550,0,8,64782
k_proj,1550,0,8,24019
v_proj,1550,0,8,23361
rope,1550,0,8,46007
attn,1550,0,8,53610
o_proj,1550,0,8,67747
post_layernorm,1550,0,8,344275
gate_proj,1550,0,8,198139
up_proj,1550,0,8,197055
act_fn,1550,0,8,40251
down_proj,1550,0,8,212803
final_layernorm,1550,0,8,344373
lm_head,1550,0,8,1621668
embedding,1551,0,8,76985
input_layernorm,1551,0,8,344231
q_proj,1551,0,8,65030
k_proj,1551,0,8,24117
v_proj,1551,0,8,23474
rope,1551,0,8,46071
attn,1551,0,8,54486
o_proj,1551,0,8,68092
post_layernorm,1551,0,8,344636
gate_proj,1551,0,8,198941
up_proj,1551,0,8,197876
act_fn,1551,0,8,40256
down_proj,1551,0,8,213413
final_layernorm,1551,0,8,344541
lm_head,1551,0,8,1627226
embedding,1552,0,8,76591
input_layernorm,1552,0,8,344222
q_proj,1552,0,8,64854
k_proj,1552,0,8,24051
v_proj,1552,0,8,23405
rope,1552,0,8,46196
attn,1552,0,8,53903
o_proj,1552,0,8,67715
post_layernorm,1552,0,8,344786
gate_proj,1552,0,8,198338
up_proj,1552,0,8,197204
act_fn,1552,0,8,40357
down_proj,1552,0,8,212909
final_layernorm,1552,0,8,344388
lm_head,1552,0,8,1624281
embedding,1553,0,8,76965
input_layernorm,1553,0,8,344579
q_proj,1553,0,8,64690
k_proj,1553,0,8,23980
v_proj,1553,0,8,23353
rope,1553,0,8,46019
attn,1553,0,8,53731
o_proj,1553,0,8,67762
post_layernorm,1553,0,8,345151
gate_proj,1553,0,8,197855
up_proj,1553,0,8,196647
act_fn,1553,0,8,40300
down_proj,1553,0,8,212490
final_layernorm,1553,0,8,345158
lm_head,1553,0,8,1623070
embedding,1554,0,8,76682
input_layernorm,1554,0,8,344840
q_proj,1554,0,8,64721
k_proj,1554,0,8,24004
v_proj,1554,0,8,23368
rope,1554,0,8,46104
attn,1554,0,8,53794
o_proj,1554,0,8,67760
post_layernorm,1554,0,8,345460
gate_proj,1554,0,8,198102
up_proj,1554,0,8,196915
act_fn,1554,0,8,40344
down_proj,1554,0,8,212698
final_layernorm,1554,0,8,345504
lm_head,1554,0,8,1622972
embedding,1555,0,8,77086
input_layernorm,1555,0,8,345016
q_proj,1555,0,8,65081
k_proj,1555,0,8,24141
v_proj,1555,0,8,23503
rope,1555,0,8,46170
attn,1555,0,8,53894
o_proj,1555,0,8,68159
post_layernorm,1555,0,8,345534
gate_proj,1555,0,8,199095
up_proj,1555,0,8,197811
act_fn,1555,0,8,40353
down_proj,1555,0,8,213458
final_layernorm,1555,0,8,345339
lm_head,1555,0,8,1626873
embedding,1556,0,8,77200
input_layernorm,1556,0,8,345095
q_proj,1556,0,8,64870
k_proj,1556,0,8,24040
v_proj,1556,0,8,23407
rope,1556,0,8,46320
attn,1556,0,8,53607
o_proj,1556,0,8,67751
post_layernorm,1556,0,8,345562
gate_proj,1556,0,8,198670
up_proj,1556,0,8,197272
act_fn,1556,0,8,40418
down_proj,1556,0,8,212837
final_layernorm,1556,0,8,345704
lm_head,1556,0,8,1627240
embedding,1557,0,8,77119
input_layernorm,1557,0,8,345050
q_proj,1557,0,8,64865
k_proj,1557,0,8,24063
v_proj,1557,0,8,23414
rope,1557,0,8,46155
attn,1557,0,8,54000
o_proj,1557,0,8,67951
post_layernorm,1557,0,8,345520
gate_proj,1557,0,8,198527
up_proj,1557,0,8,197108
act_fn,1557,0,8,40436
down_proj,1557,0,8,212841
final_layernorm,1557,0,8,345491
lm_head,1557,0,8,1623627
embedding,1558,0,8,76904
input_layernorm,1558,0,8,345318
q_proj,1558,0,8,65070
k_proj,1558,0,8,24121
v_proj,1558,0,8,23484
rope,1558,0,8,46271
attn,1558,0,8,54985
o_proj,1558,0,8,68071
post_layernorm,1558,0,8,346007
gate_proj,1558,0,8,198825
up_proj,1558,0,8,197585
act_fn,1558,0,8,40490
down_proj,1558,0,8,213304
final_layernorm,1558,0,8,345644
lm_head,1558,0,8,1627581
embedding,1559,0,8,77320
input_layernorm,1559,0,8,346541
q_proj,1559,0,8,65083
k_proj,1559,0,8,24144
v_proj,1559,0,8,23503
rope,1559,0,8,46137
attn,1559,0,8,53869
o_proj,1559,0,8,68245
post_layernorm,1559,0,8,346556
gate_proj,1559,0,8,199111
up_proj,1559,0,8,197874
act_fn,1559,0,8,40518
down_proj,1559,0,8,213768
final_layernorm,1559,0,8,346324
lm_head,1559,0,8,1627661
embedding,1560,0,8,76989
input_layernorm,1560,0,8,346237
q_proj,1560,0,8,65042
k_proj,1560,0,8,24110
v_proj,1560,0,8,23464
rope,1560,0,8,46312
attn,1560,0,8,54304
o_proj,1560,0,8,67972
post_layernorm,1560,0,8,346566
gate_proj,1560,0,8,198969
up_proj,1560,0,8,197840
act_fn,1560,0,8,40478
down_proj,1560,0,8,213592
final_layernorm,1560,0,8,346313
lm_head,1560,0,8,1627626
embedding,1561,0,8,77267
input_layernorm,1561,0,8,346457
q_proj,1561,0,8,64955
k_proj,1561,0,8,24089
v_proj,1561,0,8,23440
rope,1561,0,8,46304
attn,1561,0,8,54192
o_proj,1561,0,8,68047
post_layernorm,1561,0,8,346850
gate_proj,1561,0,8,198870
up_proj,1561,0,8,197637
act_fn,1561,0,8,40529
down_proj,1561,0,8,213355
final_layernorm,1561,0,8,346632
lm_head,1561,0,8,1625486
embedding,1562,0,8,76943
input_layernorm,1562,0,8,346070
q_proj,1562,0,8,64855
k_proj,1562,0,8,24054
v_proj,1562,0,8,23410
rope,1562,0,8,46345
attn,1562,0,8,54304
o_proj,1562,0,8,67925
post_layernorm,1562,0,8,346416
gate_proj,1562,0,8,198525
up_proj,1562,0,8,197482
act_fn,1562,0,8,40562
down_proj,1562,0,8,213180
final_layernorm,1562,0,8,346163
lm_head,1562,0,8,1627227
embedding,1563,0,8,77093
input_layernorm,1563,0,8,346265
q_proj,1563,0,8,64964
k_proj,1563,0,8,24089
v_proj,1563,0,8,23452
rope,1563,0,8,46317
attn,1563,0,8,53980
o_proj,1563,0,8,68097
post_layernorm,1563,0,8,346743
gate_proj,1563,0,8,198757
up_proj,1563,0,8,197598
act_fn,1563,0,8,40600
down_proj,1563,0,8,213554
final_layernorm,1563,0,8,346509
lm_head,1563,0,8,1626489
embedding,1564,0,8,77106
input_layernorm,1564,0,8,346376
q_proj,1564,0,8,64929
k_proj,1564,0,8,24071
v_proj,1564,0,8,23415
rope,1564,0,8,46464
attn,1564,0,8,53774
o_proj,1564,0,8,67875
post_layernorm,1564,0,8,347039
gate_proj,1564,0,8,198764
up_proj,1564,0,8,197319
act_fn,1564,0,8,40615
down_proj,1564,0,8,213148
final_layernorm,1564,0,8,347080
lm_head,1564,0,8,1627304
embedding,1565,0,8,77295
input_layernorm,1565,0,8,346879
q_proj,1565,0,8,64821
k_proj,1565,0,8,24028
v_proj,1565,0,8,23389
rope,1565,0,8,46289
attn,1565,0,8,54059
o_proj,1565,0,8,67916
post_layernorm,1565,0,8,347619
gate_proj,1565,0,8,198241
up_proj,1565,0,8,196985
act_fn,1565,0,8,40633
down_proj,1565,0,8,212796
final_layernorm,1565,0,8,347220
lm_head,1565,0,8,1627091
embedding,1566,0,8,77294
input_layernorm,1566,0,8,347423
q_proj,1566,0,8,65175
k_proj,1566,0,8,24149
v_proj,1566,0,8,23493
rope,1566,0,8,46462
attn,1566,0,8,54555
o_proj,1566,0,8,68218
post_layernorm,1566,0,8,347786
gate_proj,1566,0,8,199347
up_proj,1566,0,8,198190
act_fn,1566,0,8,40648
down_proj,1566,0,8,213957
final_layernorm,1566,0,8,347744
lm_head,1566,0,8,1631863
embedding,1567,0,8,77516
input_layernorm,1567,0,8,348023
q_proj,1567,0,8,65024
k_proj,1567,0,8,24117
v_proj,1567,0,8,23481
rope,1567,0,8,46407
attn,1567,0,8,54084
o_proj,1567,0,8,68129
post_layernorm,1567,0,8,348579
gate_proj,1567,0,8,198971
up_proj,1567,0,8,197525
act_fn,1567,0,8,40678
down_proj,1567,0,8,213152
final_layernorm,1567,0,8,348186
lm_head,1567,0,8,1627451
embedding,1568,0,8,77232
input_layernorm,1568,0,8,347230
q_proj,1568,0,8,65228
k_proj,1568,0,8,24161
v_proj,1568,0,8,23512
rope,1568,0,8,46731
attn,1568,0,8,54701
o_proj,1568,0,8,68087
post_layernorm,1568,0,8,347909
gate_proj,1568,0,8,199393
up_proj,1568,0,8,198310
act_fn,1568,0,8,40739
down_proj,1568,0,8,214037
final_layernorm,1568,0,8,347374
lm_head,1568,0,8,1635716
embedding,1569,0,8,77408
input_layernorm,1569,0,8,347466
q_proj,1569,0,8,65050
k_proj,1569,0,8,24113
v_proj,1569,0,8,23462
rope,1569,0,8,46645
attn,1569,0,8,54231
o_proj,1569,0,8,68155
post_layernorm,1569,0,8,347753
gate_proj,1569,0,8,198881
up_proj,1569,0,8,197587
act_fn,1569,0,8,40728
down_proj,1569,0,8,213347
final_layernorm,1569,0,8,347586
lm_head,1569,0,8,1628139
embedding,1570,0,8,77618
input_layernorm,1570,0,8,347724
q_proj,1570,0,8,65042
k_proj,1570,0,8,24097
v_proj,1570,0,8,23451
rope,1570,0,8,46662
attn,1570,0,8,53934
o_proj,1570,0,8,68083
post_layernorm,1570,0,8,348152
gate_proj,1570,0,8,199051
up_proj,1570,0,8,197656
act_fn,1570,0,8,40786
down_proj,1570,0,8,213381
final_layernorm,1570,0,8,347910
lm_head,1570,0,8,1629205
embedding,1571,0,8,77941
input_layernorm,1571,0,8,348062
q_proj,1571,0,8,65335
k_proj,1571,0,8,24203
v_proj,1571,0,8,23562
rope,1571,0,8,46666
attn,1571,0,8,54458
o_proj,1571,0,8,68427
post_layernorm,1571,0,8,348896
gate_proj,1571,0,8,199646
up_proj,1571,0,8,198518
act_fn,1571,0,8,40823
down_proj,1571,0,8,214277
final_layernorm,1571,0,8,348229
lm_head,1571,0,8,1634810
embedding,1572,0,8,77265
input_layernorm,1572,0,8,348459
q_proj,1572,0,8,64599
k_proj,1572,0,8,23974
v_proj,1572,0,8,23315
rope,1572,0,8,46661
attn,1572,0,8,54049
o_proj,1572,0,8,67564
post_layernorm,1572,0,8,349196
gate_proj,1572,0,8,197540
up_proj,1572,0,8,196208
act_fn,1572,0,8,40839
down_proj,1572,0,8,211803
final_layernorm,1572,0,8,348781
lm_head,1572,0,8,1618219
embedding,1573,0,8,78036
input_layernorm,1573,0,8,348694
q_proj,1573,0,8,65131
k_proj,1573,0,8,24127
v_proj,1573,0,8,23480
rope,1573,0,8,46649
attn,1573,0,8,54107
o_proj,1573,0,8,68219
post_layernorm,1573,0,8,349169
gate_proj,1573,0,8,199183
up_proj,1573,0,8,198150
act_fn,1573,0,8,40847
down_proj,1573,0,8,213956
final_layernorm,1573,0,8,349021
lm_head,1573,0,8,1631938
embedding,1574,0,8,77582
input_layernorm,1574,0,8,349032
q_proj,1574,0,8,64860
k_proj,1574,0,8,24056
v_proj,1574,0,8,23402
rope,1574,0,8,46662
attn,1574,0,8,53977
o_proj,1574,0,8,68008
post_layernorm,1574,0,8,349448
gate_proj,1574,0,8,198305
up_proj,1574,0,8,197156
act_fn,1574,0,8,40896
down_proj,1574,0,8,212990
final_layernorm,1574,0,8,348859
lm_head,1574,0,8,1625824
embedding,1575,0,8,78303
input_layernorm,1575,0,8,348658
q_proj,1575,0,8,65159
k_proj,1575,0,8,24184
v_proj,1575,0,8,23518
rope,1575,0,8,46784
attn,1575,0,8,54770
o_proj,1575,0,8,68266
post_layernorm,1575,0,8,349210
gate_proj,1575,0,8,199205
up_proj,1575,0,8,197918
act_fn,1575,0,8,40928
down_proj,1575,0,8,213767
final_layernorm,1575,0,8,349003
lm_head,1575,0,8,1630967
embedding,1576,0,8,77682
input_layernorm,1576,0,8,349084
q_proj,1576,0,8,64816
k_proj,1576,0,8,24027
v_proj,1576,0,8,23378
rope,1576,0,8,46875
attn,1576,0,8,54302
o_proj,1576,0,8,67749
post_layernorm,1576,0,8,349241
gate_proj,1576,0,8,198369
up_proj,1576,0,8,197221
act_fn,1576,0,8,40891
down_proj,1576,0,8,212929
final_layernorm,1576,0,8,348763
lm_head,1576,0,8,1625991
embedding,1577,0,8,78030
input_layernorm,1577,0,8,349615
q_proj,1577,0,8,64876
k_proj,1577,0,8,24057
v_proj,1577,0,8,23412
rope,1577,0,8,46750
attn,1577,0,8,54128
o_proj,1577,0,8,67943
post_layernorm,1577,0,8,349894
gate_proj,1577,0,8,198450
up_proj,1577,0,8,197219
act_fn,1577,0,8,40963
down_proj,1577,0,8,213046
final_layernorm,1577,0,8,349552
lm_head,1577,0,8,1626581
embedding,1578,0,8,78145
input_layernorm,1578,0,8,349817
q_proj,1578,0,8,65279
k_proj,1578,0,8,24223
v_proj,1578,0,8,23545
rope,1578,0,8,46903
attn,1578,0,8,55149
o_proj,1578,0,8,68337
post_layernorm,1578,0,8,350346
gate_proj,1578,0,8,199587
up_proj,1578,0,8,198271
act_fn,1578,0,8,40946
down_proj,1578,0,8,214060
final_layernorm,1578,0,8,349820
lm_head,1578,0,8,1635855
embedding,1579,0,8,78657
input_layernorm,1579,0,8,349699
q_proj,1579,0,8,65152
k_proj,1579,0,8,24159
v_proj,1579,0,8,23492
rope,1579,0,8,46873
attn,1579,0,8,53835
o_proj,1579,0,8,68245
post_layernorm,1579,0,8,350047
gate_proj,1579,0,8,203448
up_proj,1579,0,8,202747
act_fn,1579,0,8,41266
down_proj,1579,0,8,213813
final_layernorm,1579,0,8,350005
lm_head,1579,0,8,1632074
embedding,1580,0,8,78323
input_layernorm,1580,0,8,349770
q_proj,1580,0,8,65208
k_proj,1580,0,8,24194
v_proj,1580,0,8,23533
rope,1580,0,8,47046
attn,1580,0,8,54500
o_proj,1580,0,8,68252
post_layernorm,1580,0,8,350333
gate_proj,1580,0,8,203721
up_proj,1580,0,8,203186
act_fn,1580,0,8,41306
down_proj,1580,0,8,214301
final_layernorm,1580,0,8,350197
lm_head,1580,0,8,1631894
embedding,1581,0,8,78572
input_layernorm,1581,0,8,349859
q_proj,1581,0,8,65605
k_proj,1581,0,8,24280
v_proj,1581,0,8,23616
rope,1581,0,8,47042
attn,1581,0,8,55131
o_proj,1581,0,8,68530
post_layernorm,1581,0,8,350811
gate_proj,1581,0,8,204122
up_proj,1581,0,8,203415
act_fn,1581,0,8,41307
down_proj,1581,0,8,214410
final_layernorm,1581,0,8,350293
lm_head,1581,0,8,1642323
embedding,1582,0,8,78177
input_layernorm,1582,0,8,350163
q_proj,1582,0,8,65051
k_proj,1582,0,8,24128
v_proj,1582,0,8,23479
rope,1582,0,8,46939
attn,1582,0,8,54494
o_proj,1582,0,8,68138
post_layernorm,1582,0,8,351058
gate_proj,1582,0,8,202904
up_proj,1582,0,8,202200
act_fn,1582,0,8,41331
down_proj,1582,0,8,213238
final_layernorm,1582,0,8,350367
lm_head,1582,0,8,1631574
embedding,1583,0,8,77958
input_layernorm,1583,0,8,350694
q_proj,1583,0,8,64742
k_proj,1583,0,8,24018
v_proj,1583,0,8,23358
rope,1583,0,8,46778
attn,1583,0,8,54686
o_proj,1583,0,8,67859
post_layernorm,1583,0,8,350985
gate_proj,1583,0,8,202037
up_proj,1583,0,8,201317
act_fn,1583,0,8,41347
down_proj,1583,0,8,212418
final_layernorm,1583,0,8,350556
lm_head,1583,0,8,1623916
embedding,1584,0,8,78207
input_layernorm,1584,0,8,350640
q_proj,1584,0,8,65192
k_proj,1584,0,8,24191
v_proj,1584,0,8,23531
rope,1584,0,8,47139
attn,1584,0,8,55454
o_proj,1584,0,8,68219
post_layernorm,1584,0,8,351770
gate_proj,1584,0,8,203560
up_proj,1584,0,8,202809
act_fn,1584,0,8,41366
down_proj,1584,0,8,213732
final_layernorm,1584,0,8,351108
lm_head,1584,0,8,1633926
embedding,1585,0,8,78457
input_layernorm,1585,0,8,350812
q_proj,1585,0,8,64910
k_proj,1585,0,8,24084
v_proj,1585,0,8,23427
rope,1585,0,8,46925
attn,1585,0,8,54442
o_proj,1585,0,8,68044
post_layernorm,1585,0,8,351260
gate_proj,1585,0,8,202672
up_proj,1585,0,8,202050
act_fn,1585,0,8,41403
down_proj,1585,0,8,213146
final_layernorm,1585,0,8,351061
lm_head,1585,0,8,1628941
embedding,1586,0,8,78486
input_layernorm,1586,0,8,351071
q_proj,1586,0,8,65144
k_proj,1586,0,8,24157
v_proj,1586,0,8,23497
rope,1586,0,8,47017
attn,1586,0,8,54915
o_proj,1586,0,8,68242
post_layernorm,1586,0,8,351672
gate_proj,1586,0,8,203203
up_proj,1586,0,8,202544
act_fn,1586,0,8,41394
down_proj,1586,0,8,213756
final_layernorm,1586,0,8,351450
lm_head,1586,0,8,1635270
embedding,1587,0,8,78311
input_layernorm,1587,0,8,351261
q_proj,1587,0,8,65125
k_proj,1587,0,8,24110
v_proj,1587,0,8,23464
rope,1587,0,8,46977
attn,1587,0,8,54388
o_proj,1587,0,8,68096
post_layernorm,1587,0,8,351477
gate_proj,1587,0,8,202937
up_proj,1587,0,8,202443
act_fn,1587,0,8,41451
down_proj,1587,0,8,213632
final_layernorm,1587,0,8,351472
lm_head,1587,0,8,1627931
embedding,1588,0,8,78287
input_layernorm,1588,0,8,351752
q_proj,1588,0,8,65102
k_proj,1588,0,8,24144
v_proj,1588,0,8,23485
rope,1588,0,8,47175
attn,1588,0,8,54679
o_proj,1588,0,8,68149
post_layernorm,1588,0,8,352092
gate_proj,1588,0,8,203129
up_proj,1588,0,8,202394
act_fn,1588,0,8,41448
down_proj,1588,0,8,213568
final_layernorm,1588,0,8,351720
lm_head,1588,0,8,1633127
embedding,1589,0,8,78536
input_layernorm,1589,0,8,351569
q_proj,1589,0,8,64955
k_proj,1589,0,8,24082
v_proj,1589,0,8,23432
rope,1589,0,8,47005
attn,1589,0,8,54435
o_proj,1589,0,8,68089
post_layernorm,1589,0,8,352139
gate_proj,1589,0,8,202883
up_proj,1589,0,8,202205
act_fn,1589,0,8,41518
down_proj,1589,0,8,213337
final_layernorm,1589,0,8,351547
lm_head,1589,0,8,1629963
embedding,1590,0,8,78552
input_layernorm,1590,0,8,352294
q_proj,1590,0,8,65302
k_proj,1590,0,8,24223
v_proj,1590,0,8,23566
rope,1590,0,8,47163
attn,1590,0,8,54208
o_proj,1590,0,8,68475
post_layernorm,1590,0,8,352932
gate_proj,1590,0,8,203945
up_proj,1590,0,8,203391
act_fn,1590,0,8,41549
down_proj,1590,0,8,214704
final_layernorm,1590,0,8,352699
lm_head,1590,0,8,1636775
embedding,1591,0,8,79172
input_layernorm,1591,0,8,352356
q_proj,1591,0,8,65268
k_proj,1591,0,8,24199
v_proj,1591,0,8,23557
rope,1591,0,8,47147
attn,1591,0,8,54405
o_proj,1591,0,8,68358
post_layernorm,1591,0,8,352725
gate_proj,1591,0,8,203629
up_proj,1591,0,8,202909
act_fn,1591,0,8,41569
down_proj,1591,0,8,214087
final_layernorm,1591,0,8,352522
lm_head,1591,0,8,1638663
embedding,1592,0,8,78681
input_layernorm,1592,0,8,352137
q_proj,1592,0,8,65169
k_proj,1592,0,8,24152
v_proj,1592,0,8,23520
rope,1592,0,8,47254
attn,1592,0,8,54695
o_proj,1592,0,8,68177
post_layernorm,1592,0,8,352387
gate_proj,1592,0,8,203249
up_proj,1592,0,8,202524
act_fn,1592,0,8,41564
down_proj,1592,0,8,213492
final_layernorm,1592,0,8,352121
lm_head,1592,0,8,1639372
embedding,1593,0,8,79092
input_layernorm,1593,0,8,352526
q_proj,1593,0,8,65318
k_proj,1593,0,8,24229
v_proj,1593,0,8,23587
rope,1593,0,8,47250
attn,1593,0,8,54786
o_proj,1593,0,8,68505
post_layernorm,1593,0,8,353025
gate_proj,1593,0,8,203849
up_proj,1593,0,8,203100
act_fn,1593,0,8,41612
down_proj,1593,0,8,214231
final_layernorm,1593,0,8,352981
lm_head,1593,0,8,1637242
embedding,1594,0,8,78697
input_layernorm,1594,0,8,353036
q_proj,1594,0,8,65244
k_proj,1594,0,8,24200
v_proj,1594,0,8,23558
rope,1594,0,8,47265
attn,1594,0,8,54736
o_proj,1594,0,8,68441
post_layernorm,1594,0,8,353428
gate_proj,1594,0,8,203498
up_proj,1594,0,8,202857
act_fn,1594,0,8,41630
down_proj,1594,0,8,214044
final_layernorm,1594,0,8,352792
lm_head,1594,0,8,1637864
embedding,1595,0,8,79141
input_layernorm,1595,0,8,353066
q_proj,1595,0,8,64928
k_proj,1595,0,8,24077
v_proj,1595,0,8,23446
rope,1595,0,8,47169
attn,1595,0,8,54954
o_proj,1595,0,8,68114
post_layernorm,1595,0,8,353367
gate_proj,1595,0,8,202755
up_proj,1595,0,8,202053
act_fn,1595,0,8,41659
down_proj,1595,0,8,213135
final_layernorm,1595,0,8,353116
lm_head,1595,0,8,1629107
embedding,1596,0,8,79267
input_layernorm,1596,0,8,353507
q_proj,1596,0,8,65315
k_proj,1596,0,8,24216
v_proj,1596,0,8,23574
rope,1596,0,8,47513
attn,1596,0,8,54969
o_proj,1596,0,8,68418
post_layernorm,1596,0,8,353804
gate_proj,1596,0,8,203942
up_proj,1596,0,8,203200
act_fn,1596,0,8,41686
down_proj,1596,0,8,214271
final_layernorm,1596,0,8,353539
lm_head,1596,0,8,1637350
embedding,1597,0,8,79301
input_layernorm,1597,0,8,353704
q_proj,1597,0,8,65391
k_proj,1597,0,8,24211
v_proj,1597,0,8,23571
rope,1597,0,8,47429
attn,1597,0,8,54892
o_proj,1597,0,8,68447
post_layernorm,1597,0,8,354218
gate_proj,1597,0,8,203673
up_proj,1597,0,8,202976
act_fn,1597,0,8,41702
down_proj,1597,0,8,214462
final_layernorm,1597,0,8,353772
lm_head,1597,0,8,1637786
embedding,1598,0,8,79231
input_layernorm,1598,0,8,353747
q_proj,1598,0,8,65339
k_proj,1598,0,8,24240
v_proj,1598,0,8,23583
rope,1598,0,8,47528
attn,1598,0,8,53836
o_proj,1598,0,8,68576
post_layernorm,1598,0,8,354150
gate_proj,1598,0,8,203911
up_proj,1598,0,8,203385
act_fn,1598,0,8,41705
down_proj,1598,0,8,214801
final_layernorm,1598,0,8,354115
lm_head,1598,0,8,1638120
embedding,1599,0,8,79257
input_layernorm,1599,0,8,354006
q_proj,1599,0,8,64964
k_proj,1599,0,8,24094
v_proj,1599,0,8,23464
rope,1599,0,8,47427
attn,1599,0,8,53991
o_proj,1599,0,8,68192
post_layernorm,1599,0,8,354088
gate_proj,1599,0,8,202798
up_proj,1599,0,8,202057
act_fn,1599,0,8,41756
down_proj,1599,0,8,213286
final_layernorm,1599,0,8,353799
lm_head,1599,0,8,1629505
embedding,1600,0,8,79152
input_layernorm,1600,0,8,353938
q_proj,1600,0,8,65025
k_proj,1600,0,8,24118
v_proj,1600,0,8,23473
rope,1600,0,8,47612
attn,1600,0,8,53451
o_proj,1600,0,8,68089
post_layernorm,1600,0,8,354224
gate_proj,1600,0,8,202775
up_proj,1600,0,8,202056
act_fn,1600,0,8,41811
down_proj,1600,0,8,213320
final_layernorm,1600,0,8,353824
lm_head,1600,0,8,1631167
embedding,1601,0,8,79351
input_layernorm,1601,0,8,354540
q_proj,1601,0,8,96127
k_proj,1601,0,8,24372
v_proj,1601,0,8,23582
rope,1601,0,8,47572
attn,1601,0,8,57238
o_proj,1601,0,8,68550
post_layernorm,1601,0,8,354728
gate_proj,1601,0,8,203640
up_proj,1601,0,8,202911
act_fn,1601,0,8,41796
down_proj,1601,0,8,214395
final_layernorm,1601,0,8,354623
lm_head,1601,0,8,1637126
embedding,1602,0,8,79159
input_layernorm,1602,0,8,355099
q_proj,1602,0,8,95963
k_proj,1602,0,8,24301
v_proj,1602,0,8,23513
rope,1602,0,8,47582
attn,1602,0,8,57347
o_proj,1602,0,8,68438
post_layernorm,1602,0,8,355313
gate_proj,1602,0,8,203121
up_proj,1602,0,8,202727
act_fn,1602,0,8,41900
down_proj,1602,0,8,214394
final_layernorm,1602,0,8,355076
lm_head,1602,0,8,1633374
embedding,1603,0,8,79083
input_layernorm,1603,0,8,354745
q_proj,1603,0,8,96008
k_proj,1603,0,8,24347
v_proj,1603,0,8,23552
rope,1603,0,8,47628
attn,1603,0,8,57357
o_proj,1603,0,8,68526
post_layernorm,1603,0,8,355056
gate_proj,1603,0,8,203410
up_proj,1603,0,8,202828
act_fn,1603,0,8,41854
down_proj,1603,0,8,214372
final_layernorm,1603,0,8,354627
lm_head,1603,0,8,1631747
embedding,1604,0,8,79733
input_layernorm,1604,0,8,355050
q_proj,1604,0,8,96190
k_proj,1604,0,8,24371
v_proj,1604,0,8,23576
rope,1604,0,8,47849
attn,1604,0,8,57577
o_proj,1604,0,8,68544
post_layernorm,1604,0,8,355520
gate_proj,1604,0,8,203844
up_proj,1604,0,8,203581
act_fn,1604,0,8,41862
down_proj,1604,0,8,214918
final_layernorm,1604,0,8,355156
lm_head,1604,0,8,1636613
embedding,1605,0,8,78941
input_layernorm,1605,0,8,355163
q_proj,1605,0,8,95954
k_proj,1605,0,8,24288
v_proj,1605,0,8,23506
rope,1605,0,8,47694
attn,1605,0,8,56923
o_proj,1605,0,8,68390
post_layernorm,1605,0,8,355328
gate_proj,1605,0,8,203073
up_proj,1605,0,8,202770
act_fn,1605,0,8,41918
down_proj,1605,0,8,214461
final_layernorm,1605,0,8,355409
lm_head,1605,0,8,1632964
embedding,1606,0,8,79417
input_layernorm,1606,0,8,355225
q_proj,1606,0,8,95852
k_proj,1606,0,8,24254
v_proj,1606,0,8,23477
rope,1606,0,8,47684
attn,1606,0,8,57415
o_proj,1606,0,8,68363
post_layernorm,1606,0,8,355715
gate_proj,1606,0,8,202728
up_proj,1606,0,8,202004
act_fn,1606,0,8,41939
down_proj,1606,0,8,213259
final_layernorm,1606,0,8,355213
lm_head,1606,0,8,1635065
embedding,1607,0,8,79111
input_layernorm,1607,0,8,355411
q_proj,1607,0,8,95894
k_proj,1607,0,8,24277
v_proj,1607,0,8,23493
rope,1607,0,8,47699
attn,1607,0,8,56088
o_proj,1607,0,8,68399
post_layernorm,1607,0,8,355900
gate_proj,1607,0,8,203324
up_proj,1607,0,8,203075
act_fn,1607,0,8,41964
down_proj,1607,0,8,214371
final_layernorm,1607,0,8,355634
lm_head,1607,0,8,1630498
embedding,1608,0,8,79744
input_layernorm,1608,0,8,355094
q_proj,1608,0,8,96054
k_proj,1608,0,8,24323
v_proj,1608,0,8,23550
rope,1608,0,8,47854
attn,1608,0,8,57227
o_proj,1608,0,8,68460
post_layernorm,1608,0,8,355694
gate_proj,1608,0,8,203346
up_proj,1608,0,8,202750
act_fn,1608,0,8,41955
down_proj,1608,0,8,214306
final_layernorm,1608,0,8,355198
lm_head,1608,0,8,1633864
embedding,1609,0,8,78928
input_layernorm,1609,0,8,355577
q_proj,1609,0,8,95816
k_proj,1609,0,8,24265
v_proj,1609,0,8,23496
rope,1609,0,8,47667
attn,1609,0,8,57674
o_proj,1609,0,8,68416
post_layernorm,1609,0,8,355923
gate_proj,1609,0,8,203287
up_proj,1609,0,8,202586
act_fn,1609,0,8,41982
down_proj,1609,0,8,213739
final_layernorm,1609,0,8,355640
lm_head,1609,0,8,1624988
embedding,1610,0,8,79401
input_layernorm,1610,0,8,355928
q_proj,1610,0,8,95779
k_proj,1610,0,8,24240
v_proj,1610,0,8,23463
rope,1610,0,8,47699
attn,1610,0,8,57136
o_proj,1610,0,8,68424
post_layernorm,1610,0,8,356490
gate_proj,1610,0,8,203076
up_proj,1610,0,8,202451
act_fn,1610,0,8,42021
down_proj,1610,0,8,213547
final_layernorm,1610,0,8,356081
lm_head,1610,0,8,1625827
embedding,1611,0,8,79631
input_layernorm,1611,0,8,356629
q_proj,1611,0,8,96211
k_proj,1611,0,8,24375
v_proj,1611,0,8,23604
rope,1611,0,8,47767
attn,1611,0,8,57325
o_proj,1611,0,8,68744
post_layernorm,1611,0,8,357046
gate_proj,1611,0,8,204509
up_proj,1611,0,8,203886
act_fn,1611,0,8,42090
down_proj,1611,0,8,215070
final_layernorm,1611,0,8,356756
lm_head,1611,0,8,1635029
embedding,1612,0,8,80094
input_layernorm,1612,0,8,356616
q_proj,1612,0,8,95649
k_proj,1612,0,8,24206
v_proj,1612,0,8,23419
rope,1612,0,8,47840
attn,1612,0,8,57197
o_proj,1612,0,8,68173
post_layernorm,1612,0,8,356643
gate_proj,1612,0,8,202666
up_proj,1612,0,8,202388
act_fn,1612,0,8,42100
down_proj,1612,0,8,213638
final_layernorm,1612,0,8,356487
lm_head,1612,0,8,1628125
embedding,1613,0,8,79676
input_layernorm,1613,0,8,356646
q_proj,1613,0,8,96203
k_proj,1613,0,8,24374
v_proj,1613,0,8,23589
rope,1613,0,8,47830
attn,1613,0,8,58101
o_proj,1613,0,8,68709
post_layernorm,1613,0,8,357068
gate_proj,1613,0,8,203758
up_proj,1613,0,8,203041
act_fn,1613,0,8,42123
down_proj,1613,0,8,214160
final_layernorm,1613,0,8,356747
lm_head,1613,0,8,1630892
embedding,1614,0,8,80047
input_layernorm,1614,0,8,356409
q_proj,1614,0,8,96010
k_proj,1614,0,8,24270
v_proj,1614,0,8,23494
rope,1614,0,8,47794
attn,1614,0,8,57864
o_proj,1614,0,8,68503
post_layernorm,1614,0,8,356442
gate_proj,1614,0,8,203144
up_proj,1614,0,8,202408
act_fn,1614,0,8,42192
down_proj,1614,0,8,213605
final_layernorm,1614,0,8,356849
lm_head,1614,0,8,1639470
embedding,1615,0,8,79839
input_layernorm,1615,0,8,356700
q_proj,1615,0,8,96205
k_proj,1615,0,8,24374
v_proj,1615,0,8,23595
rope,1615,0,8,47847
attn,1615,0,8,57233
o_proj,1615,0,8,68760
post_layernorm,1615,0,8,356777
gate_proj,1615,0,8,203925
up_proj,1615,0,8,203194
act_fn,1615,0,8,42163
down_proj,1615,0,8,214900
final_layernorm,1615,0,8,356889
lm_head,1615,0,8,1639848
embedding,1616,0,8,80105
input_layernorm,1616,0,8,356757
q_proj,1616,0,8,95616
k_proj,1616,0,8,24210
v_proj,1616,0,8,23438
rope,1616,0,8,47872
attn,1616,0,8,57076
o_proj,1616,0,8,68236
post_layernorm,1616,0,8,357061
gate_proj,1616,0,8,202264
up_proj,1616,0,8,201933
act_fn,1616,0,8,42205
down_proj,1616,0,8,213637
final_layernorm,1616,0,8,357184
lm_head,1616,0,8,1627820
embedding,1617,0,8,79991
input_layernorm,1617,0,8,357591
q_proj,1617,0,8,95804
k_proj,1617,0,8,24251
v_proj,1617,0,8,23486
rope,1617,0,8,47812
attn,1617,0,8,57458
o_proj,1617,0,8,68455
post_layernorm,1617,0,8,357979
gate_proj,1617,0,8,203584
up_proj,1617,0,8,202966
act_fn,1617,0,8,42207
down_proj,1617,0,8,214244
final_layernorm,1617,0,8,357894
lm_head,1617,0,8,1628580
embedding,1618,0,8,80402
input_layernorm,1618,0,8,357642
q_proj,1618,0,8,96274
k_proj,1618,0,8,24399
v_proj,1618,0,8,23628
rope,1618,0,8,47991
attn,1618,0,8,57544
o_proj,1618,0,8,68921
post_layernorm,1618,0,8,358311
gate_proj,1618,0,8,204445
up_proj,1618,0,8,203871
act_fn,1618,0,8,42194
down_proj,1618,0,8,215050
final_layernorm,1618,0,8,357845
lm_head,1618,0,8,1634012
embedding,1619,0,8,79834
input_layernorm,1619,0,8,357997
q_proj,1619,0,8,95776
k_proj,1619,0,8,24256
v_proj,1619,0,8,23485
rope,1619,0,8,47841
attn,1619,0,8,58016
o_proj,1619,0,8,68426
post_layernorm,1619,0,8,358282
gate_proj,1619,0,8,202616
up_proj,1619,0,8,202110
act_fn,1619,0,8,42225
down_proj,1619,0,8,213942
final_layernorm,1619,0,8,358295
lm_head,1619,0,8,1630767
embedding,1620,0,8,80374
input_layernorm,1620,0,8,358082
q_proj,1620,0,8,95819
k_proj,1620,0,8,24282
v_proj,1620,0,8,23505
rope,1620,0,8,48038
attn,1620,0,8,56955
o_proj,1620,0,8,68476
post_layernorm,1620,0,8,358169
gate_proj,1620,0,8,203132
up_proj,1620,0,8,202732
act_fn,1620,0,8,42287
down_proj,1620,0,8,214182
final_layernorm,1620,0,8,358112
lm_head,1620,0,8,1629547
embedding,1621,0,8,79988
input_layernorm,1621,0,8,357954
q_proj,1621,0,8,95879
k_proj,1621,0,8,24279
v_proj,1621,0,8,23517
rope,1621,0,8,47848
attn,1621,0,8,57465
o_proj,1621,0,8,68640
post_layernorm,1621,0,8,358199
gate_proj,1621,0,8,203431
up_proj,1621,0,8,202725
act_fn,1621,0,8,42328
down_proj,1621,0,8,213967
final_layernorm,1621,0,8,357875
lm_head,1621,0,8,1627633
embedding,1622,0,8,80181
input_layernorm,1622,0,8,358264
q_proj,1622,0,8,95957
k_proj,1622,0,8,24289
v_proj,1622,0,8,23521
rope,1622,0,8,47913
attn,1622,0,8,57018
o_proj,1622,0,8,68632
post_layernorm,1622,0,8,358319
gate_proj,1622,0,8,203039
up_proj,1622,0,8,202307
act_fn,1622,0,8,42373
down_proj,1622,0,8,214005
final_layernorm,1622,0,8,358553
lm_head,1622,0,8,1637028
embedding,1623,0,8,80377
input_layernorm,1623,0,8,358653
q_proj,1623,0,8,96329
k_proj,1623,0,8,24383
v_proj,1623,0,8,23639
rope,1623,0,8,48019
attn,1623,0,8,58202
o_proj,1623,0,8,68864
post_layernorm,1623,0,8,358962
gate_proj,1623,0,8,203884
up_proj,1623,0,8,203137
act_fn,1623,0,8,42345
down_proj,1623,0,8,214605
final_layernorm,1623,0,8,358756
lm_head,1623,0,8,1642326
embedding,1624,0,8,80531
input_layernorm,1624,0,8,358667
q_proj,1624,0,8,96184
k_proj,1624,0,8,24382
v_proj,1624,0,8,23619
rope,1624,0,8,48209
attn,1624,0,8,57250
o_proj,1624,0,8,68783
post_layernorm,1624,0,8,359277
gate_proj,1624,0,8,204222
up_proj,1624,0,8,203492
act_fn,1624,0,8,42422
down_proj,1624,0,8,214639
final_layernorm,1624,0,8,358534
lm_head,1624,0,8,1633425
embedding,1625,0,8,80074
input_layernorm,1625,0,8,359241
q_proj,1625,0,8,96008
k_proj,1625,0,8,24320
v_proj,1625,0,8,23575
rope,1625,0,8,47966
attn,1625,0,8,57345
o_proj,1625,0,8,68624
post_layernorm,1625,0,8,359213
gate_proj,1625,0,8,203143
up_proj,1625,0,8,202929
act_fn,1625,0,8,42393
down_proj,1625,0,8,214299
final_layernorm,1625,0,8,359303
lm_head,1625,0,8,1634001
embedding,1626,0,8,80534
input_layernorm,1626,0,8,359417
q_proj,1626,0,8,96088
k_proj,1626,0,8,24331
v_proj,1626,0,8,23582
rope,1626,0,8,48028
attn,1626,0,8,57489
o_proj,1626,0,8,68828
post_layernorm,1626,0,8,359556
gate_proj,1626,0,8,203850
up_proj,1626,0,8,203120
act_fn,1626,0,8,42498
down_proj,1626,0,8,214311
final_layernorm,1626,0,8,359217
lm_head,1626,0,8,1631660
embedding,1627,0,8,80140
input_layernorm,1627,0,8,360508
q_proj,1627,0,8,96194
k_proj,1627,0,8,24377
v_proj,1627,0,8,23631
rope,1627,0,8,48089
attn,1627,0,8,57999
o_proj,1627,0,8,68910
post_layernorm,1627,0,8,360370
gate_proj,1627,0,8,204210
up_proj,1627,0,8,203520
act_fn,1627,0,8,42454
down_proj,1627,0,8,214806
final_layernorm,1627,0,8,359875
lm_head,1627,0,8,1632759
embedding,1628,0,8,80551
input_layernorm,1628,0,8,360558
q_proj,1628,0,8,96224
k_proj,1628,0,8,24362
v_proj,1628,0,8,23611
rope,1628,0,8,48288
attn,1628,0,8,57607
o_proj,1628,0,8,68765
post_layernorm,1628,0,8,360441
gate_proj,1628,0,8,204478
up_proj,1628,0,8,203986
act_fn,1628,0,8,42513
down_proj,1628,0,8,215390
final_layernorm,1628,0,8,359982
lm_head,1628,0,8,1638403
embedding,1629,0,8,80135
input_layernorm,1629,0,8,360134
q_proj,1629,0,8,95870
k_proj,1629,0,8,24247
v_proj,1629,0,8,23503
rope,1629,0,8,48043
attn,1629,0,8,57125
o_proj,1629,0,8,68596
post_layernorm,1629,0,8,360052
gate_proj,1629,0,8,202831
up_proj,1629,0,8,202090
act_fn,1629,0,8,42545
down_proj,1629,0,8,213377
final_layernorm,1629,0,8,359981
lm_head,1629,0,8,1628034
embedding,1630,0,8,80653
input_layernorm,1630,0,8,360409
q_proj,1630,0,8,96087
k_proj,1630,0,8,24336
v_proj,1630,0,8,23579
rope,1630,0,8,48116
attn,1630,0,8,57288
o_proj,1630,0,8,68775
post_layernorm,1630,0,8,360407
gate_proj,1630,0,8,203395
up_proj,1630,0,8,203140
act_fn,1630,0,8,42552
down_proj,1630,0,8,214585
final_layernorm,1630,0,8,360449
lm_head,1630,0,8,1635830
embedding,1631,0,8,80205
input_layernorm,1631,0,8,360443
q_proj,1631,0,8,96223
k_proj,1631,0,8,24341
v_proj,1631,0,8,23599
rope,1631,0,8,48128
attn,1631,0,8,57767
o_proj,1631,0,8,68906
post_layernorm,1631,0,8,360544
gate_proj,1631,0,8,204024
up_proj,1631,0,8,203313
act_fn,1631,0,8,42550
down_proj,1631,0,8,214591
final_layernorm,1631,0,8,360167
lm_head,1631,0,8,1633974
embedding,1632,0,8,80860
input_layernorm,1632,0,8,360091
q_proj,1632,0,8,96182
k_proj,1632,0,8,24402
v_proj,1632,0,8,23627
rope,1632,0,8,48319
attn,1632,0,8,57172
o_proj,1632,0,8,68840
post_layernorm,1632,0,8,360718
gate_proj,1632,0,8,203841
up_proj,1632,0,8,203125
act_fn,1632,0,8,42576
down_proj,1632,0,8,214779
final_layernorm,1632,0,8,359988
lm_head,1632,0,8,1638371
embedding,1633,0,8,80466
input_layernorm,1633,0,8,360685
q_proj,1633,0,8,96213
k_proj,1633,0,8,24758
v_proj,1633,0,8,23910
rope,1633,0,8,48214
attn,1633,0,8,57977
o_proj,1633,0,8,68934
post_layernorm,1633,0,8,361085
gate_proj,1633,0,8,204153
up_proj,1633,0,8,203427
act_fn,1633,0,8,42619
down_proj,1633,0,8,214784
final_layernorm,1633,0,8,360825
lm_head,1633,0,8,1634916
embedding,1634,0,8,81261
input_layernorm,1634,0,8,361111
q_proj,1634,0,8,96473
k_proj,1634,0,8,24825
v_proj,1634,0,8,23996
rope,1634,0,8,48257
attn,1634,0,8,57257
o_proj,1634,0,8,69050
post_layernorm,1634,0,8,361269
gate_proj,1634,0,8,204326
up_proj,1634,0,8,203586
act_fn,1634,0,8,42645
down_proj,1634,0,8,215220
final_layernorm,1634,0,8,360731
lm_head,1634,0,8,1644881
embedding,1635,0,8,80956
input_layernorm,1635,0,8,361483
q_proj,1635,0,8,96423
k_proj,1635,0,8,24826
v_proj,1635,0,8,23960
rope,1635,0,8,48292
attn,1635,0,8,57553
o_proj,1635,0,8,69103
post_layernorm,1635,0,8,361666
gate_proj,1635,0,8,204916
up_proj,1635,0,8,204424
act_fn,1635,0,8,42694
down_proj,1635,0,8,215846
final_layernorm,1635,0,8,361455
lm_head,1635,0,8,1641089
embedding,1636,0,8,81053
input_layernorm,1636,0,8,361940
q_proj,1636,0,8,96254
k_proj,1636,0,8,24758
v_proj,1636,0,8,23882
rope,1636,0,8,48375
attn,1636,0,8,57719
o_proj,1636,0,8,68817
post_layernorm,1636,0,8,361909
gate_proj,1636,0,8,204000
up_proj,1636,0,8,203274
act_fn,1636,0,8,42701
down_proj,1636,0,8,214511
final_layernorm,1636,0,8,361391
lm_head,1636,0,8,1632843
embedding,1637,0,8,81030
input_layernorm,1637,0,8,361468
q_proj,1637,0,8,96492
k_proj,1637,0,8,24862
v_proj,1637,0,8,23991
rope,1637,0,8,48324
attn,1637,0,8,57826
o_proj,1637,0,8,69210
post_layernorm,1637,0,8,361626
gate_proj,1637,0,8,204914
up_proj,1637,0,8,204317
act_fn,1637,0,8,42748
down_proj,1637,0,8,215493
final_layernorm,1637,0,8,361374
lm_head,1637,0,8,1637557
embedding,1638,0,8,81346
input_layernorm,1638,0,8,361751
q_proj,1638,0,8,96121
k_proj,1638,0,8,24755
v_proj,1638,0,8,23910
rope,1638,0,8,48253
attn,1638,0,8,57826
o_proj,1638,0,8,68875
post_layernorm,1638,0,8,362184
gate_proj,1638,0,8,203906
up_proj,1638,0,8,203202
act_fn,1638,0,8,42780
down_proj,1638,0,8,214477
final_layernorm,1638,0,8,361489
lm_head,1638,0,8,1632825
embedding,1639,0,8,81013
input_layernorm,1639,0,8,362143
q_proj,1639,0,8,96080
k_proj,1639,0,8,24731
v_proj,1639,0,8,23853
rope,1639,0,8,48165
attn,1639,0,8,57296
o_proj,1639,0,8,68769
post_layernorm,1639,0,8,362478
gate_proj,1639,0,8,203242
up_proj,1639,0,8,202583
act_fn,1639,0,8,42761
down_proj,1639,0,8,213960
final_layernorm,1639,0,8,362091
lm_head,1639,0,8,1630561
embedding,1640,0,8,81691
input_layernorm,1640,0,8,361764
q_proj,1640,0,8,96322
k_proj,1640,0,8,24783
v_proj,1640,0,8,23908
rope,1640,0,8,48418
attn,1640,0,8,57907
o_proj,1640,0,8,68955
post_layernorm,1640,0,8,362517
gate_proj,1640,0,8,204424
up_proj,1640,0,8,203748
act_fn,1640,0,8,42841
down_proj,1640,0,8,215112
final_layernorm,1640,0,8,362215
lm_head,1640,0,8,1635043
embedding,1641,0,8,80962
input_layernorm,1641,0,8,362167
q_proj,1641,0,8,95851
k_proj,1641,0,8,24705
v_proj,1641,0,8,23832
rope,1641,0,8,48180
attn,1641,0,8,57683
o_proj,1641,0,8,71897
post_layernorm,1641,0,8,362785
gate_proj,1641,0,8,202875
up_proj,1641,0,8,202189
act_fn,1641,0,8,42878
down_proj,1641,0,8,230510
final_layernorm,1641,0,8,361951
lm_head,1641,0,8,1628593
embedding,1642,0,8,81188
input_layernorm,1642,0,8,362499
q_proj,1642,0,8,95917
k_proj,1642,0,8,24726
v_proj,1642,0,8,23871
rope,1642,0,8,48207
attn,1642,0,8,57211
o_proj,1642,0,8,71996
post_layernorm,1642,0,8,362745
gate_proj,1642,0,8,203235
up_proj,1642,0,8,202573
act_fn,1642,0,8,42860
down_proj,1642,0,8,230702
final_layernorm,1642,0,8,362217
lm_head,1642,0,8,1627528
embedding,1643,0,8,81261
input_layernorm,1643,0,8,362343
q_proj,1643,0,8,96399
k_proj,1643,0,8,24802
v_proj,1643,0,8,23949
rope,1643,0,8,48421
attn,1643,0,8,57533
o_proj,1643,0,8,72321
post_layernorm,1643,0,8,363271
gate_proj,1643,0,8,204159
up_proj,1643,0,8,203510
act_fn,1643,0,8,42846
down_proj,1643,0,8,232155
final_layernorm,1643,0,8,362521
lm_head,1643,0,8,1642005
embedding,1644,0,8,81634
input_layernorm,1644,0,8,362807
q_proj,1644,0,8,96139
k_proj,1644,0,8,24757
v_proj,1644,0,8,23857
rope,1644,0,8,48521
attn,1644,0,8,57199
o_proj,1644,0,8,72124
post_layernorm,1644,0,8,363449
gate_proj,1644,0,8,203499
up_proj,1644,0,8,202774
act_fn,1644,0,8,42927
down_proj,1644,0,8,231396
final_layernorm,1644,0,8,362722
lm_head,1644,0,8,1638061
embedding,1645,0,8,80864
input_layernorm,1645,0,8,362725
q_proj,1645,0,8,96018
k_proj,1645,0,8,24721
v_proj,1645,0,8,23844
rope,1645,0,8,48317
attn,1645,0,8,57387
o_proj,1645,0,8,72077
post_layernorm,1645,0,8,363264
gate_proj,1645,0,8,203858
up_proj,1645,0,8,203258
act_fn,1645,0,8,42927
down_proj,1645,0,8,231712
final_layernorm,1645,0,8,362709
lm_head,1645,0,8,1633200
embedding,1646,0,8,81450
input_layernorm,1646,0,8,363163
q_proj,1646,0,8,95864
k_proj,1646,0,8,24695
v_proj,1646,0,8,23788
rope,1646,0,8,48397
attn,1646,0,8,57504
o_proj,1646,0,8,71950
post_layernorm,1646,0,8,363509
gate_proj,1646,0,8,203098
up_proj,1646,0,8,202471
act_fn,1646,0,8,42937
down_proj,1646,0,8,230789
final_layernorm,1646,0,8,363038
lm_head,1646,0,8,1625648
embedding,1647,0,8,81163
input_layernorm,1647,0,8,363520
q_proj,1647,0,8,96165
k_proj,1647,0,8,24797
v_proj,1647,0,8,23933
rope,1647,0,8,48427
attn,1647,0,8,57399
o_proj,1647,0,8,72206
post_layernorm,1647,0,8,364193
gate_proj,1647,0,8,204253
up_proj,1647,0,8,203615
act_fn,1647,0,8,43007
down_proj,1647,0,8,232133
final_layernorm,1647,0,8,363743
lm_head,1647,0,8,1636078
embedding,1648,0,8,81294
input_layernorm,1648,0,8,363402
q_proj,1648,0,8,96236
k_proj,1648,0,8,24819
v_proj,1648,0,8,23923
rope,1648,0,8,48570
attn,1648,0,8,58115
o_proj,1648,0,8,72142
post_layernorm,1648,0,8,364057
gate_proj,1648,0,8,203729
up_proj,1648,0,8,203161
act_fn,1648,0,8,43058
down_proj,1648,0,8,231732
final_layernorm,1648,0,8,363434
lm_head,1648,0,8,1636940
embedding,1649,0,8,81313
input_layernorm,1649,0,8,363686
q_proj,1649,0,8,96430
k_proj,1649,0,8,24838
v_proj,1649,0,8,23988
rope,1649,0,8,48528
attn,1649,0,8,57477
o_proj,1649,0,8,72321
post_layernorm,1649,0,8,364445
gate_proj,1649,0,8,204453
up_proj,1649,0,8,204061
act_fn,1649,0,8,43055
down_proj,1649,0,8,232623
final_layernorm,1649,0,8,364104
lm_head,1649,0,8,1642948
embedding,1650,0,8,81209
input_layernorm,1650,0,8,363945
q_proj,1650,0,8,95709
k_proj,1650,0,8,24717
v_proj,1650,0,8,23852
rope,1650,0,8,48385
attn,1650,0,8,57361
o_proj,1650,0,8,71784
post_layernorm,1650,0,8,364074
gate_proj,1650,0,8,202721
up_proj,1650,0,8,202065
act_fn,1650,0,8,43069
down_proj,1650,0,8,230165
final_layernorm,1650,0,8,363547
lm_head,1650,0,8,1622285
embedding,1651,0,8,80944
input_layernorm,1651,0,8,364017
q_proj,1651,0,8,95939
k_proj,1651,0,8,24739
v_proj,1651,0,8,23906
rope,1651,0,8,48441
attn,1651,0,8,57219
o_proj,1651,0,8,71930
post_layernorm,1651,0,8,364617
gate_proj,1651,0,8,203279
up_proj,1651,0,8,202629
act_fn,1651,0,8,43068
down_proj,1651,0,8,231622
final_layernorm,1651,0,8,364042
lm_head,1651,0,8,1634254
embedding,1652,0,8,81459
input_layernorm,1652,0,8,364020
q_proj,1652,0,8,95980
k_proj,1652,0,8,24717
v_proj,1652,0,8,23868
rope,1652,0,8,48570
attn,1652,0,8,56788
o_proj,1652,0,8,71894
post_layernorm,1652,0,8,364434
gate_proj,1652,0,8,202937
up_proj,1652,0,8,202210
act_fn,1652,0,8,43081
down_proj,1652,0,8,230587
final_layernorm,1652,0,8,364258
lm_head,1652,0,8,1631841
embedding,1653,0,8,81481
input_layernorm,1653,0,8,364610
q_proj,1653,0,8,96266
k_proj,1653,0,8,24840
v_proj,1653,0,8,23981
rope,1653,0,8,48497
attn,1653,0,8,57101
o_proj,1653,0,8,72174
post_layernorm,1653,0,8,364950
gate_proj,1653,0,8,204055
up_proj,1653,0,8,203465
act_fn,1653,0,8,43145
down_proj,1653,0,8,232058
final_layernorm,1653,0,8,364899
lm_head,1653,0,8,1639943
embedding,1654,0,8,81655
input_layernorm,1654,0,8,364533
q_proj,1654,0,8,95737
k_proj,1654,0,8,24645
v_proj,1654,0,8,23821
rope,1654,0,8,48406
attn,1654,0,8,57280
o_proj,1654,0,8,71772
post_layernorm,1654,0,8,365232
gate_proj,1654,0,8,202447
up_proj,1654,0,8,201901
act_fn,1654,0,8,43137
down_proj,1654,0,8,230349
final_layernorm,1654,0,8,364748
lm_head,1654,0,8,1634612
embedding,1655,0,8,81647
input_layernorm,1655,0,8,365165
q_proj,1655,0,8,96303
k_proj,1655,0,8,24811
v_proj,1655,0,8,23979
rope,1655,0,8,48533
attn,1655,0,8,57273
o_proj,1655,0,8,72248
post_layernorm,1655,0,8,365840
gate_proj,1655,0,8,204306
up_proj,1655,0,8,203798
act_fn,1655,0,8,43211
down_proj,1655,0,8,232458
final_layernorm,1655,0,8,365216
lm_head,1655,0,8,1641370
embedding,1656,0,8,82593
input_layernorm,1656,0,8,365406
q_proj,1656,0,8,96643
k_proj,1656,0,8,24890
v_proj,1656,0,8,24033
rope,1656,0,8,48738
attn,1656,0,8,58385
o_proj,1656,0,8,72456
post_layernorm,1656,0,8,366037
gate_proj,1656,0,8,204931
up_proj,1656,0,8,204552
act_fn,1656,0,8,43206
down_proj,1656,0,8,232915
final_layernorm,1656,0,8,365486
lm_head,1656,0,8,1643544
embedding,1657,0,8,81782
input_layernorm,1657,0,8,365743
q_proj,1657,0,8,95966
k_proj,1657,0,8,24761
v_proj,1657,0,8,23922
rope,1657,0,8,48487
attn,1657,0,8,57867
o_proj,1657,0,8,72015
post_layernorm,1657,0,8,366277
gate_proj,1657,0,8,203245
up_proj,1657,0,8,202747
act_fn,1657,0,8,43259
down_proj,1657,0,8,231330
final_layernorm,1657,0,8,365995
lm_head,1657,0,8,1632169
embedding,1658,0,8,82552
input_layernorm,1658,0,8,365537
q_proj,1658,0,8,96381
k_proj,1658,0,8,24834
v_proj,1658,0,8,24003
rope,1658,0,8,48645
attn,1658,0,8,57528
o_proj,1658,0,8,72256
post_layernorm,1658,0,8,366137
gate_proj,1658,0,8,204289
up_proj,1658,0,8,203706
act_fn,1658,0,8,43277
down_proj,1658,0,8,232421
final_layernorm,1658,0,8,365766
lm_head,1658,0,8,1642377
embedding,1659,0,8,82045
input_layernorm,1659,0,8,365814
q_proj,1659,0,8,96223
k_proj,1659,0,8,24838
v_proj,1659,0,8,24002
rope,1659,0,8,48613
attn,1659,0,8,57615
o_proj,1659,0,8,72158
post_layernorm,1659,0,8,366012
gate_proj,1659,0,8,203827
up_proj,1659,0,8,203348
act_fn,1659,0,8,43260
down_proj,1659,0,8,232055
final_layernorm,1659,0,8,365964
lm_head,1659,0,8,1638978
embedding,1660,0,8,82314
input_layernorm,1660,0,8,365479
q_proj,1660,0,8,95922
k_proj,1660,0,8,24799
v_proj,1660,0,8,23919
rope,1660,0,8,48713
attn,1660,0,8,58026
o_proj,1660,0,8,71943
post_layernorm,1660,0,8,365991
gate_proj,1660,0,8,203341
up_proj,1660,0,8,202797
act_fn,1660,0,8,43299
down_proj,1660,0,8,231513
final_layernorm,1660,0,8,366026
lm_head,1660,0,8,1633082
embedding,1661,0,8,81983
input_layernorm,1661,0,8,366028
q_proj,1661,0,8,96388
k_proj,1661,0,8,24841
v_proj,1661,0,8,24011
rope,1661,0,8,48737
attn,1661,0,8,58008
o_proj,1661,0,8,72264
post_layernorm,1661,0,8,366266
gate_proj,1661,0,8,204170
up_proj,1661,0,8,203443
act_fn,1661,0,8,43353
down_proj,1661,0,8,231891
final_layernorm,1661,0,8,366016
lm_head,1661,0,8,1638020
embedding,1662,0,8,82745
input_layernorm,1662,0,8,366369
q_proj,1662,0,8,96627
k_proj,1662,0,8,24899
v_proj,1662,0,8,24042
rope,1662,0,8,48821
attn,1662,0,8,58094
o_proj,1662,0,8,72423
post_layernorm,1662,0,8,366608
gate_proj,1662,0,8,204654
up_proj,1662,0,8,204011
act_fn,1662,0,8,43379
down_proj,1662,0,8,232414
final_layernorm,1662,0,8,366054
lm_head,1662,0,8,1643510
embedding,1663,0,8,82310
input_layernorm,1663,0,8,366700
q_proj,1663,0,8,96415
k_proj,1663,0,8,24878
v_proj,1663,0,8,24021
rope,1663,0,8,48796
attn,1663,0,8,57872
o_proj,1663,0,8,72251
post_layernorm,1663,0,8,366997
gate_proj,1663,0,8,204263
up_proj,1663,0,8,203645
act_fn,1663,0,8,43416
down_proj,1663,0,8,232317
final_layernorm,1663,0,8,367000
lm_head,1663,0,8,1641479
embedding,1664,0,8,82463
input_layernorm,1664,0,8,366499
q_proj,1664,0,8,95960
k_proj,1664,0,8,24770
v_proj,1664,0,8,23906
rope,1664,0,8,48845
attn,1664,0,8,58003
o_proj,1664,0,8,71929
post_layernorm,1664,0,8,366969
gate_proj,1664,0,8,203228
up_proj,1664,0,8,202483
act_fn,1664,0,8,43415
down_proj,1664,0,8,230704
final_layernorm,1664,0,8,366558
lm_head,1664,0,8,1629120
embedding,1665,0,8,81534
input_layernorm,1665,0,8,366414
q_proj,1665,0,8,95069
k_proj,1665,0,8,24557
v_proj,1665,0,8,23714
rope,1665,0,8,48477
attn,1665,0,8,61201
o_proj,1665,0,8,70969
post_layernorm,1665,0,8,366987
gate_proj,1665,0,8,223844
up_proj,1665,0,8,222443
act_fn,1665,0,8,42750
down_proj,1665,0,8,250041
final_layernorm,1665,0,8,366605
lm_head,1665,0,8,1733938
embedding,1666,0,8,81462
input_layernorm,1666,0,8,366230
q_proj,1666,0,8,95326
k_proj,1666,0,8,24626
v_proj,1666,0,8,23768
rope,1666,0,8,48574
attn,1666,0,8,61285
o_proj,1666,0,8,70945
post_layernorm,1666,0,8,366887
gate_proj,1666,0,8,224281
up_proj,1666,0,8,222847
act_fn,1666,0,8,42740
down_proj,1666,0,8,250755
final_layernorm,1666,0,8,366651
lm_head,1666,0,8,1739948
embedding,1667,0,8,82020
input_layernorm,1667,0,8,366826
q_proj,1667,0,8,95155
k_proj,1667,0,8,24601
v_proj,1667,0,8,23754
rope,1667,0,8,48542
attn,1667,0,8,61166
o_proj,1667,0,8,70992
post_layernorm,1667,0,8,366987
gate_proj,1667,0,8,223974
up_proj,1667,0,8,222775
act_fn,1667,0,8,42791
down_proj,1667,0,8,249979
final_layernorm,1667,0,8,366931
lm_head,1667,0,8,1735569
embedding,1668,0,8,81692
input_layernorm,1668,0,8,366900
q_proj,1668,0,8,95240
k_proj,1668,0,8,24613
v_proj,1668,0,8,23725
rope,1668,0,8,48752
attn,1668,0,8,60980
o_proj,1668,0,8,70900
post_layernorm,1668,0,8,367508
gate_proj,1668,0,8,224275
up_proj,1668,0,8,222963
act_fn,1668,0,8,42798
down_proj,1668,0,8,250575
final_layernorm,1668,0,8,367309
lm_head,1668,0,8,1739296
embedding,1669,0,8,82099
input_layernorm,1669,0,8,367406
q_proj,1669,0,8,95242
k_proj,1669,0,8,24589
v_proj,1669,0,8,23769
rope,1669,0,8,48615
attn,1669,0,8,61542
o_proj,1669,0,8,71095
post_layernorm,1669,0,8,367943
gate_proj,1669,0,8,224337
up_proj,1669,0,8,222887
act_fn,1669,0,8,42829
down_proj,1669,0,8,250189
final_layernorm,1669,0,8,367695
lm_head,1669,0,8,1737881
embedding,1670,0,8,81819
input_layernorm,1670,0,8,367867
q_proj,1670,0,8,95782
k_proj,1670,0,8,24752
v_proj,1670,0,8,23925
rope,1670,0,8,48777
attn,1670,0,8,61297
o_proj,1670,0,8,71334
post_layernorm,1670,0,8,368816
gate_proj,1670,0,8,225566
up_proj,1670,0,8,224095
act_fn,1670,0,8,42873
down_proj,1670,0,8,251605
final_layernorm,1670,0,8,368042
lm_head,1670,0,8,1746549
embedding,1671,0,8,82046
input_layernorm,1671,0,8,367721
q_proj,1671,0,8,95490
k_proj,1671,0,8,24716
v_proj,1671,0,8,23842
rope,1671,0,8,48720
attn,1671,0,8,61449
o_proj,1671,0,8,71271
post_layernorm,1671,0,8,368482
gate_proj,1671,0,8,224939
up_proj,1671,0,8,223505
act_fn,1671,0,8,42877
down_proj,1671,0,8,251036
final_layernorm,1671,0,8,368238
lm_head,1671,0,8,1743762
embedding,1672,0,8,81376
input_layernorm,1672,0,8,367185
q_proj,1672,0,8,95049
k_proj,1672,0,8,24554
v_proj,1672,0,8,23711
rope,1672,0,8,48746
attn,1672,0,8,61071
o_proj,1672,0,8,70778
post_layernorm,1672,0,8,368161
gate_proj,1672,0,8,223788
up_proj,1672,0,8,222428
act_fn,1672,0,8,42906
down_proj,1672,0,8,249993
final_layernorm,1672,0,8,367819
lm_head,1672,0,8,1734903
embedding,1673,0,8,82090
input_layernorm,1673,0,8,367753
q_proj,1673,0,8,95412
k_proj,1673,0,8,24711
v_proj,1673,0,8,23840
rope,1673,0,8,48703
attn,1673,0,8,61395
o_proj,1673,0,8,71208
post_layernorm,1673,0,8,368546
gate_proj,1673,0,8,224715
up_proj,1673,0,8,223366
act_fn,1673,0,8,42884
down_proj,1673,0,8,250732
final_layernorm,1673,0,8,367988
lm_head,1673,0,8,1739240
embedding,1674,0,8,81904
input_layernorm,1674,0,8,368090
q_proj,1674,0,8,95448
k_proj,1674,0,8,24723
v_proj,1674,0,8,23845
rope,1674,0,8,48750
attn,1674,0,8,61609
o_proj,1674,0,8,71111
post_layernorm,1674,0,8,368454
gate_proj,1674,0,8,224673
up_proj,1674,0,8,223237
act_fn,1674,0,8,42925
down_proj,1674,0,8,250890
final_layernorm,1674,0,8,368345
lm_head,1674,0,8,1741087
embedding,1675,0,8,82423
input_layernorm,1675,0,8,368236
q_proj,1675,0,8,95546
k_proj,1675,0,8,24771
v_proj,1675,0,8,23865
rope,1675,0,8,48783
attn,1675,0,8,61605
o_proj,1675,0,8,71308
post_layernorm,1675,0,8,368613
gate_proj,1675,0,8,225054
up_proj,1675,0,8,223818
act_fn,1675,0,8,42966
down_proj,1675,0,8,251129
final_layernorm,1675,0,8,368371
lm_head,1675,0,8,1743532
embedding,1676,0,8,81940
input_layernorm,1676,0,8,368607
q_proj,1676,0,8,95341
k_proj,1676,0,8,24702
v_proj,1676,0,8,23805
rope,1676,0,8,48890
attn,1676,0,8,61102
o_proj,1676,0,8,71005
post_layernorm,1676,0,8,369326
gate_proj,1676,0,8,224508
up_proj,1676,0,8,223217
act_fn,1676,0,8,43046
down_proj,1676,0,8,250766
final_layernorm,1676,0,8,368810
lm_head,1676,0,8,1740823
embedding,1677,0,8,82803
input_layernorm,1677,0,8,369305
q_proj,1677,0,8,95905
k_proj,1677,0,8,24826
v_proj,1677,0,8,23928
rope,1677,0,8,48889
attn,1677,0,8,60834
o_proj,1677,0,8,71586
post_layernorm,1677,0,8,369867
gate_proj,1677,0,8,225966
up_proj,1677,0,8,224614
act_fn,1677,0,8,43030
down_proj,1677,0,8,246841
final_layernorm,1677,0,8,369367
lm_head,1677,0,8,1751488
embedding,1678,0,8,82200
input_layernorm,1678,0,8,369594
q_proj,1678,0,8,95742
k_proj,1678,0,8,24790
v_proj,1678,0,8,23881
rope,1678,0,8,48889
attn,1678,0,8,61147
o_proj,1678,0,8,71280
post_layernorm,1678,0,8,369967
gate_proj,1678,0,8,225342
up_proj,1678,0,8,224060
act_fn,1678,0,8,43084
down_proj,1678,0,8,246263
final_layernorm,1678,0,8,369754
lm_head,1678,0,8,1743533
embedding,1679,0,8,82566
input_layernorm,1679,0,8,369584
q_proj,1679,0,8,95651
k_proj,1679,0,8,24748
v_proj,1679,0,8,23855
rope,1679,0,8,48858
attn,1679,0,8,61738
o_proj,1679,0,8,71358
post_layernorm,1679,0,8,370040
gate_proj,1679,0,8,225223
up_proj,1679,0,8,223949
act_fn,1679,0,8,43085
down_proj,1679,0,8,246214
final_layernorm,1679,0,8,369605
lm_head,1679,0,8,1744944
embedding,1680,0,8,82703
input_layernorm,1680,0,8,369490
q_proj,1680,0,8,95676
k_proj,1680,0,8,24797
v_proj,1680,0,8,23884
rope,1680,0,8,49094
attn,1680,0,8,61829
o_proj,1680,0,8,71249
post_layernorm,1680,0,8,369891
gate_proj,1680,0,8,225332
up_proj,1680,0,8,224155
act_fn,1680,0,8,43092
down_proj,1680,0,8,233064
final_layernorm,1680,0,8,369615
lm_head,1680,0,8,1747791
embedding,1681,0,8,83033
input_layernorm,1681,0,8,369881
q_proj,1681,0,8,95662
k_proj,1681,0,8,24797
v_proj,1681,0,8,23885
rope,1681,0,8,49110
attn,1681,0,8,61692
o_proj,1681,0,8,71346
post_layernorm,1681,0,8,370295
gate_proj,1681,0,8,225145
up_proj,1681,0,8,223722
act_fn,1681,0,8,43171
down_proj,1681,0,8,232898
final_layernorm,1681,0,8,369766
lm_head,1681,0,8,1745198
embedding,1682,0,8,82899
input_layernorm,1682,0,8,369752
q_proj,1682,0,8,95771
k_proj,1682,0,8,24832
v_proj,1682,0,8,23911
rope,1682,0,8,49347
attn,1682,0,8,61162
o_proj,1682,0,8,71344
post_layernorm,1682,0,8,370252
gate_proj,1682,0,8,225569
up_proj,1682,0,8,224130
act_fn,1682,0,8,43128
down_proj,1682,0,8,233250
final_layernorm,1682,0,8,369614
lm_head,1682,0,8,1747745
embedding,1683,0,8,83155
input_layernorm,1683,0,8,370065
q_proj,1683,0,8,95832
k_proj,1683,0,8,24812
v_proj,1683,0,8,23921
rope,1683,0,8,49365
attn,1683,0,8,61230
o_proj,1683,0,8,71513
post_layernorm,1683,0,8,370603
gate_proj,1683,0,8,225671
up_proj,1683,0,8,224282
act_fn,1683,0,8,43186
down_proj,1683,0,8,233223
final_layernorm,1683,0,8,370382
lm_head,1683,0,8,1749481
embedding,1684,0,8,82517
input_layernorm,1684,0,8,370330
q_proj,1684,0,8,95791
k_proj,1684,0,8,24814
v_proj,1684,0,8,23901
rope,1684,0,8,49577
attn,1684,0,8,61685
o_proj,1684,0,8,71363
post_layernorm,1684,0,8,370813
gate_proj,1684,0,8,225677
up_proj,1684,0,8,224427
act_fn,1684,0,8,43219
down_proj,1684,0,8,233477
final_layernorm,1684,0,8,370549
lm_head,1684,0,8,1747423
embedding,1685,0,8,83164
input_layernorm,1685,0,8,370509
q_proj,1685,0,8,95740
k_proj,1685,0,8,24794
v_proj,1685,0,8,23910
rope,1685,0,8,49419
attn,1685,0,8,61115
o_proj,1685,0,8,71433
post_layernorm,1685,0,8,370810
gate_proj,1685,0,8,225415
up_proj,1685,0,8,224180
act_fn,1685,0,8,43206
down_proj,1685,0,8,233081
final_layernorm,1685,0,8,370679
lm_head,1685,0,8,1745792
embedding,1686,0,8,82739
input_layernorm,1686,0,8,370648
q_proj,1686,0,8,95840
k_proj,1686,0,8,24873
v_proj,1686,0,8,23974
rope,1686,0,8,49496
attn,1686,0,8,61072
o_proj,1686,0,8,71376
post_layernorm,1686,0,8,371145
gate_proj,1686,0,8,225912
up_proj,1686,0,8,224586
act_fn,1686,0,8,43254
down_proj,1686,0,8,233513
final_layernorm,1686,0,8,370933
lm_head,1686,0,8,1749412
embedding,1687,0,8,83036
input_layernorm,1687,0,8,371256
q_proj,1687,0,8,95705
k_proj,1687,0,8,24812
v_proj,1687,0,8,23928
rope,1687,0,8,49481
attn,1687,0,8,61315
o_proj,1687,0,8,71400
post_layernorm,1687,0,8,371823
gate_proj,1687,0,8,225259
up_proj,1687,0,8,224025
act_fn,1687,0,8,43316
down_proj,1687,0,8,232977
final_layernorm,1687,0,8,371392
lm_head,1687,0,8,1745329
embedding,1688,0,8,82734
input_layernorm,1688,0,8,371416
q_proj,1688,0,8,95972
k_proj,1688,0,8,24892
v_proj,1688,0,8,24014
rope,1688,0,8,49704
attn,1688,0,8,61552
o_proj,1688,0,8,71421
post_layernorm,1688,0,8,371524
gate_proj,1688,0,8,225979
up_proj,1688,0,8,224637
act_fn,1688,0,8,43330
down_proj,1688,0,8,233858
final_layernorm,1688,0,8,371672
lm_head,1688,0,8,1751535
embedding,1689,0,8,83107
input_layernorm,1689,0,8,371752
q_proj,1689,0,8,95558
k_proj,1689,0,8,24754
v_proj,1689,0,8,23892
rope,1689,0,8,49460
attn,1689,0,8,61295
o_proj,1689,0,8,71312
post_layernorm,1689,0,8,372167
gate_proj,1689,0,8,225009
up_proj,1689,0,8,223684
act_fn,1689,0,8,43385
down_proj,1689,0,8,232707
final_layernorm,1689,0,8,371768
lm_head,1689,0,8,1742387
embedding,1690,0,8,82958
input_layernorm,1690,0,8,371959
q_proj,1690,0,8,96088
k_proj,1690,0,8,24939
v_proj,1690,0,8,24018
rope,1690,0,8,49693
attn,1690,0,8,61617
o_proj,1690,0,8,71575
post_layernorm,1690,0,8,372507
gate_proj,1690,0,8,226246
up_proj,1690,0,8,225017
act_fn,1690,0,8,43330
down_proj,1690,0,8,233975
final_layernorm,1690,0,8,372198
lm_head,1690,0,8,1750793
embedding,1691,0,8,83347
input_layernorm,1691,0,8,371850
q_proj,1691,0,8,96030
k_proj,1691,0,8,24895
v_proj,1691,0,8,23993
rope,1691,0,8,49623
attn,1691,0,8,62260
o_proj,1691,0,8,71669
post_layernorm,1691,0,8,372521
gate_proj,1691,0,8,226053
up_proj,1691,0,8,224946
act_fn,1691,0,8,43378
down_proj,1691,0,8,233905
final_layernorm,1691,0,8,372271
lm_head,1691,0,8,1750980
embedding,1692,0,8,83030
input_layernorm,1692,0,8,372064
q_proj,1692,0,8,96060
k_proj,1692,0,8,24920
v_proj,1692,0,8,24008
rope,1692,0,8,49796
attn,1692,0,8,62024
o_proj,1692,0,8,71514
post_layernorm,1692,0,8,372433
gate_proj,1692,0,8,226228
up_proj,1692,0,8,225046
act_fn,1692,0,8,43397
down_proj,1692,0,8,234181
final_layernorm,1692,0,8,372353
lm_head,1692,0,8,1754082
embedding,1693,0,8,83253
input_layernorm,1693,0,8,372093
q_proj,1693,0,8,95736
k_proj,1693,0,8,24865
v_proj,1693,0,8,23935
rope,1693,0,8,49554
attn,1693,0,8,61142
o_proj,1693,0,8,71447
post_layernorm,1693,0,8,372488
gate_proj,1693,0,8,225450
up_proj,1693,0,8,224290
act_fn,1693,0,8,43424
down_proj,1693,0,8,233097
final_layernorm,1693,0,8,372482
lm_head,1693,0,8,1745901
embedding,1694,0,8,82278
input_layernorm,1694,0,8,372385
q_proj,1694,0,8,95386
k_proj,1694,0,8,24779
v_proj,1694,0,8,23844
rope,1694,0,8,49519
attn,1694,0,8,60626
o_proj,1694,0,8,71011
post_layernorm,1694,0,8,372561
gate_proj,1694,0,8,224468
up_proj,1694,0,8,223314
act_fn,1694,0,8,43481
down_proj,1694,0,8,232311
final_layernorm,1694,0,8,372242
lm_head,1694,0,8,1738894
embedding,1695,0,8,83530
input_layernorm,1695,0,8,372692
q_proj,1695,0,8,96092
k_proj,1695,0,8,24976
v_proj,1695,0,8,24027
rope,1695,0,8,49692
attn,1695,0,8,61077
o_proj,1695,0,8,71730
post_layernorm,1695,0,8,373119
gate_proj,1695,0,8,226341
up_proj,1695,0,8,225094
act_fn,1695,0,8,43525
down_proj,1695,0,8,234112
final_layernorm,1695,0,8,373077
lm_head,1695,0,8,1751915
embedding,1696,0,8,83243
input_layernorm,1696,0,8,372935
q_proj,1696,0,8,96119
k_proj,1696,0,8,24939
v_proj,1696,0,8,24022
rope,1696,0,8,49866
attn,1696,0,8,61179
o_proj,1696,0,8,71525
post_layernorm,1696,0,8,373424
gate_proj,1696,0,8,226126
up_proj,1696,0,8,224931
act_fn,1696,0,8,43499
down_proj,1696,0,8,233850
final_layernorm,1696,0,8,372761
lm_head,1696,0,8,1752661
embedding,1697,0,8,83813
input_layernorm,1697,0,8,373400
q_proj,1697,0,8,95980
k_proj,1697,0,8,24907
v_proj,1697,0,8,24009
rope,1697,0,8,49643
attn,1697,0,8,61255
o_proj,1697,0,8,71606
post_layernorm,1697,0,8,373823
gate_proj,1697,0,8,226001
up_proj,1697,0,8,224768
act_fn,1697,0,8,43533
down_proj,1697,0,8,233677
final_layernorm,1697,0,8,373467
lm_head,1697,0,8,1749393
embedding,1698,0,8,83164
input_layernorm,1698,0,8,373338
q_proj,1698,0,8,95618
k_proj,1698,0,8,24826
v_proj,1698,0,8,23915
rope,1698,0,8,49553
attn,1698,0,8,61975
o_proj,1698,0,8,71192
post_layernorm,1698,0,8,374136
gate_proj,1698,0,8,224946
up_proj,1698,0,8,223874
act_fn,1698,0,8,43593
down_proj,1698,0,8,232899
final_layernorm,1698,0,8,373816
lm_head,1698,0,8,1744706
embedding,1699,0,8,84054
input_layernorm,1699,0,8,373563
q_proj,1699,0,8,95846
k_proj,1699,0,8,24885
v_proj,1699,0,8,23994
rope,1699,0,8,49686
attn,1699,0,8,61448
o_proj,1699,0,8,71552
post_layernorm,1699,0,8,374245
gate_proj,1699,0,8,225723
up_proj,1699,0,8,224353
act_fn,1699,0,8,43571
down_proj,1699,0,8,233369
final_layernorm,1699,0,8,373873
lm_head,1699,0,8,1749001
embedding,1700,0,8,83346
input_layernorm,1700,0,8,373739
q_proj,1700,0,8,95739
k_proj,1700,0,8,31480
v_proj,1700,0,8,30947
rope,1700,0,8,49798
attn,1700,0,8,61065
o_proj,1700,0,8,71295
post_layernorm,1700,0,8,374216
gate_proj,1700,0,8,225328
up_proj,1700,0,8,224123
act_fn,1700,0,8,43617
down_proj,1700,0,8,233183
final_layernorm,1700,0,8,374077
lm_head,1700,0,8,1745407
embedding,1701,0,8,84020
input_layernorm,1701,0,8,373773
q_proj,1701,0,8,95877
k_proj,1701,0,8,31590
v_proj,1701,0,8,31026
rope,1701,0,8,49687
attn,1701,0,8,61912
o_proj,1701,0,8,71557
post_layernorm,1701,0,8,374191
gate_proj,1701,0,8,225686
up_proj,1701,0,8,224600
act_fn,1701,0,8,43630
down_proj,1701,0,8,233658
final_layernorm,1701,0,8,373741
lm_head,1701,0,8,1746992
embedding,1702,0,8,83533
input_layernorm,1702,0,8,373929
q_proj,1702,0,8,95712
k_proj,1702,0,8,31579
v_proj,1702,0,8,31047
rope,1702,0,8,49677
attn,1702,0,8,61043
o_proj,1702,0,8,71312
post_layernorm,1702,0,8,374536
gate_proj,1702,0,8,225126
up_proj,1702,0,8,224035
act_fn,1702,0,8,43662
down_proj,1702,0,8,233276
final_layernorm,1702,0,8,374282
lm_head,1702,0,8,1746644
embedding,1703,0,8,84479
input_layernorm,1703,0,8,374327
q_proj,1703,0,8,96178
k_proj,1703,0,8,31744
v_proj,1703,0,8,31199
rope,1703,0,8,49816
attn,1703,0,8,61544
o_proj,1703,0,8,71759
post_layernorm,1703,0,8,375084
gate_proj,1703,0,8,226580
up_proj,1703,0,8,225355
act_fn,1703,0,8,43715
down_proj,1703,0,8,234408
final_layernorm,1703,0,8,374877
lm_head,1703,0,8,1754651
embedding,1704,0,8,83536
input_layernorm,1704,0,8,374434
q_proj,1704,0,8,95655
k_proj,1704,0,8,31561
v_proj,1704,0,8,31031
rope,1704,0,8,49919
attn,1704,0,8,61170
o_proj,1704,0,8,71482
post_layernorm,1704,0,8,374999
gate_proj,1704,0,8,225202
up_proj,1704,0,8,223903
act_fn,1704,0,8,43715
down_proj,1704,0,8,244248
final_layernorm,1704,0,8,374963
lm_head,1704,0,8,1743138
embedding,1705,0,8,84063
input_layernorm,1705,0,8,375126
q_proj,1705,0,8,95687
k_proj,1705,0,8,31587
v_proj,1705,0,8,31021
rope,1705,0,8,49751
attn,1705,0,8,61451
o_proj,1705,0,8,71570
post_layernorm,1705,0,8,375516
gate_proj,1705,0,8,225224
up_proj,1705,0,8,223958
act_fn,1705,0,8,43732
down_proj,1705,0,8,244396
final_layernorm,1705,0,8,375464
lm_head,1705,0,8,1744177
embedding,1706,0,8,83444
input_layernorm,1706,0,8,375222
q_proj,1706,0,8,95457
k_proj,1706,0,8,31579
v_proj,1706,0,8,31041
rope,1706,0,8,49754
attn,1706,0,8,61295
o_proj,1706,0,8,71330
post_layernorm,1706,0,8,375508
gate_proj,1706,0,8,224496
up_proj,1706,0,8,223604
act_fn,1706,0,8,43778
down_proj,1706,0,8,243979
final_layernorm,1706,0,8,375357
lm_head,1706,0,8,1742527
embedding,1707,0,8,84045
input_layernorm,1707,0,8,375255
q_proj,1707,0,8,95482
k_proj,1707,0,8,31526
v_proj,1707,0,8,30979
rope,1707,0,8,49796
attn,1707,0,8,61419
o_proj,1707,0,8,71460
post_layernorm,1707,0,8,375794
gate_proj,1707,0,8,224768
up_proj,1707,0,8,223956
act_fn,1707,0,8,43804
down_proj,1707,0,8,244221
final_layernorm,1707,0,8,375102
lm_head,1707,0,8,1741875
embedding,1708,0,8,83614
input_layernorm,1708,0,8,375302
q_proj,1708,0,8,95581
k_proj,1708,0,8,31556
v_proj,1708,0,8,30991
rope,1708,0,8,49921
attn,1708,0,8,61699
o_proj,1708,0,8,71496
post_layernorm,1708,0,8,375868
gate_proj,1708,0,8,224981
up_proj,1708,0,8,223505
act_fn,1708,0,8,43791
down_proj,1708,0,8,244106
final_layernorm,1708,0,8,374784
lm_head,1708,0,8,1743965
embedding,1709,0,8,83878
input_layernorm,1709,0,8,375198
q_proj,1709,0,8,95328
k_proj,1709,0,8,31564
v_proj,1709,0,8,31031
rope,1709,0,8,49828
attn,1709,0,8,60761
o_proj,1709,0,8,71307
post_layernorm,1709,0,8,375698
gate_proj,1709,0,8,224321
up_proj,1709,0,8,222900
act_fn,1709,0,8,43829
down_proj,1709,0,8,243090
final_layernorm,1709,0,8,375089
lm_head,1709,0,8,1737899
embedding,1710,0,8,83631
input_layernorm,1710,0,8,375388
q_proj,1710,0,8,95772
k_proj,1710,0,8,31585
v_proj,1710,0,8,31043
rope,1710,0,8,50023
attn,1710,0,8,61261
o_proj,1710,0,8,82042
post_layernorm,1710,0,8,376066
gate_proj,1710,0,8,225456
up_proj,1710,0,8,224162
act_fn,1710,0,8,43852
down_proj,1710,0,8,244693
final_layernorm,1710,0,8,375200
lm_head,1710,0,8,1744234
embedding,1711,0,8,84371
input_layernorm,1711,0,8,376137
q_proj,1711,0,8,95841
k_proj,1711,0,8,31617
v_proj,1711,0,8,31079
rope,1711,0,8,50054
attn,1711,0,8,61730
o_proj,1711,0,8,82102
post_layernorm,1711,0,8,376370
gate_proj,1711,0,8,225256
up_proj,1711,0,8,224180
act_fn,1711,0,8,43906
down_proj,1711,0,8,244537
final_layernorm,1711,0,8,375570
lm_head,1711,0,8,1746162
embedding,1712,0,8,83419
input_layernorm,1712,0,8,376156
q_proj,1712,0,8,95413
k_proj,1712,0,8,31496
v_proj,1712,0,8,30954
rope,1712,0,8,50033
attn,1712,0,8,61392
o_proj,1712,0,8,81760
post_layernorm,1712,0,8,376215
gate_proj,1712,0,8,224517
up_proj,1712,0,8,223082
act_fn,1712,0,8,43931
down_proj,1712,0,8,243252
final_layernorm,1712,0,8,375963
lm_head,1712,0,8,1739949
embedding,1713,0,8,84370
input_layernorm,1713,0,8,376690
q_proj,1713,0,8,95842
k_proj,1713,0,8,31623
v_proj,1713,0,8,31060
rope,1713,0,8,49998
attn,1713,0,8,61553
o_proj,1713,0,8,82079
post_layernorm,1713,0,8,377289
gate_proj,1713,0,8,225625
up_proj,1713,0,8,224193
act_fn,1713,0,8,43951
down_proj,1713,0,8,244779
final_layernorm,1713,0,8,376353
lm_head,1713,0,8,1747352
embedding,1714,0,8,83437
input_layernorm,1714,0,8,376734
q_proj,1714,0,8,95474
k_proj,1714,0,8,31522
v_proj,1714,0,8,30991
rope,1714,0,8,49975
attn,1714,0,8,60973
o_proj,1714,0,8,81889
post_layernorm,1714,0,8,377351
gate_proj,1714,0,8,224907
up_proj,1714,0,8,223482
act_fn,1714,0,8,43914
down_proj,1714,0,8,243584
final_layernorm,1714,0,8,376516
lm_head,1714,0,8,1740264
embedding,1715,0,8,84427
input_layernorm,1715,0,8,376822
q_proj,1715,0,8,95991
k_proj,1715,0,8,31782
v_proj,1715,0,8,31205
rope,1715,0,8,50075
attn,1715,0,8,61545
o_proj,1715,0,8,82282
post_layernorm,1715,0,8,377089
gate_proj,1715,0,8,225951
up_proj,1715,0,8,224653
act_fn,1715,0,8,43985
down_proj,1715,0,8,244825
final_layernorm,1715,0,8,376643
lm_head,1715,0,8,1748022
embedding,1716,0,8,83966
input_layernorm,1716,0,8,377053
q_proj,1716,0,8,95887
k_proj,1716,0,8,31728
v_proj,1716,0,8,31203
rope,1716,0,8,50191
attn,1716,0,8,61642
o_proj,1716,0,8,82423
post_layernorm,1716,0,8,376998
gate_proj,1716,0,8,225689
up_proj,1716,0,8,224320
act_fn,1716,0,8,43987
down_proj,1716,0,8,244894
final_layernorm,1716,0,8,376442
lm_head,1716,0,8,1748640
embedding,1717,0,8,84439
input_layernorm,1717,0,8,376860
q_proj,1717,0,8,95531
k_proj,1717,0,8,31744
v_proj,1717,0,8,31105
rope,1717,0,8,50026
attn,1717,0,8,61525
o_proj,1717,0,8,82176
post_layernorm,1717,0,8,377255
gate_proj,1717,0,8,224938
up_proj,1717,0,8,223685
act_fn,1717,0,8,43978
down_proj,1717,0,8,243837
final_layernorm,1717,0,8,376466
lm_head,1717,0,8,1741309
embedding,1718,0,8,83886
input_layernorm,1718,0,8,377332
q_proj,1718,0,8,95604
k_proj,1718,0,8,31729
v_proj,1718,0,8,31097
rope,1718,0,8,50057
attn,1718,0,8,61499
o_proj,1718,0,8,82023
post_layernorm,1718,0,8,377580
gate_proj,1718,0,8,224923
up_proj,1718,0,8,223488
act_fn,1718,0,8,44058
down_proj,1718,0,8,244263
final_layernorm,1718,0,8,376851
lm_head,1718,0,8,1742900
embedding,1719,0,8,84887
input_layernorm,1719,0,8,377952
q_proj,1719,0,8,95951
k_proj,1719,0,8,31834
v_proj,1719,0,8,31204
rope,1719,0,8,50207
attn,1719,0,8,61747
o_proj,1719,0,8,82214
post_layernorm,1719,0,8,378590
gate_proj,1719,0,8,226065
up_proj,1719,0,8,224672
act_fn,1719,0,8,44072
down_proj,1719,0,8,244824
final_layernorm,1719,0,8,377447
lm_head,1719,0,8,1747985
embedding,1720,0,8,84428
input_layernorm,1720,0,8,378013
q_proj,1720,0,8,96035
k_proj,1720,0,8,31829
v_proj,1720,0,8,31229
rope,1720,0,8,50285
attn,1720,0,8,61706
o_proj,1720,0,8,71870
post_layernorm,1720,0,8,378312
gate_proj,1720,0,8,226133
up_proj,1720,0,8,225059
act_fn,1720,0,8,44088
down_proj,1720,0,8,234232
final_layernorm,1720,0,8,377782
lm_head,1720,0,8,1750907
embedding,1721,0,8,84874
input_layernorm,1721,0,8,378010
q_proj,1721,0,8,95739
k_proj,1721,0,8,31736
v_proj,1721,0,8,31208
rope,1721,0,8,50099
attn,1721,0,8,61708
o_proj,1721,0,8,71642
post_layernorm,1721,0,8,378538
gate_proj,1721,0,8,225579
up_proj,1721,0,8,224633
act_fn,1721,0,8,44148
down_proj,1721,0,8,233743
final_layernorm,1721,0,8,377767
lm_head,1721,0,8,1746502
embedding,1722,0,8,84556
input_layernorm,1722,0,8,378166
q_proj,1722,0,8,96184
k_proj,1722,0,8,31853
v_proj,1722,0,8,31329
rope,1722,0,8,50226
attn,1722,0,8,61977
o_proj,1722,0,8,71947
post_layernorm,1722,0,8,378696
gate_proj,1722,0,8,226381
up_proj,1722,0,8,225404
act_fn,1722,0,8,44207
down_proj,1722,0,8,234528
final_layernorm,1722,0,8,378141
lm_head,1722,0,8,1754120
embedding,1723,0,8,84914
input_layernorm,1723,0,8,378301
q_proj,1723,0,8,96001
k_proj,1723,0,8,31861
v_proj,1723,0,8,31260
rope,1723,0,8,50114
attn,1723,0,8,61477
o_proj,1723,0,8,71832
post_layernorm,1723,0,8,378857
gate_proj,1723,0,8,225907
up_proj,1723,0,8,224554
act_fn,1723,0,8,44196
down_proj,1723,0,8,233812
final_layernorm,1723,0,8,378174
lm_head,1723,0,8,1748913
embedding,1724,0,8,84496
input_layernorm,1724,0,8,378483
q_proj,1724,0,8,95913
k_proj,1724,0,8,31894
v_proj,1724,0,8,31298
rope,1724,0,8,50280
attn,1724,0,8,61559
o_proj,1724,0,8,71803
post_layernorm,1724,0,8,378954
gate_proj,1724,0,8,225792
up_proj,1724,0,8,224318
act_fn,1724,0,8,44181
down_proj,1724,0,8,233501
final_layernorm,1724,0,8,378431
lm_head,1724,0,8,1748988
embedding,1725,0,8,85491
input_layernorm,1725,0,8,379011
q_proj,1725,0,8,96300
k_proj,1725,0,8,32046
v_proj,1725,0,8,31416
rope,1725,0,8,50257
attn,1725,0,8,62049
o_proj,1725,0,8,72035
post_layernorm,1725,0,8,379487
gate_proj,1725,0,8,226799
up_proj,1725,0,8,225337
act_fn,1725,0,8,44251
down_proj,1725,0,8,234621
final_layernorm,1725,0,8,378640
lm_head,1725,0,8,1757397
embedding,1726,0,8,84185
input_layernorm,1726,0,8,378933
q_proj,1726,0,8,95524
k_proj,1726,0,8,31749
v_proj,1726,0,8,31236
rope,1726,0,8,50079
attn,1726,0,8,62260
o_proj,1726,0,8,72024
post_layernorm,1726,0,8,379326
gate_proj,1726,0,8,224980
up_proj,1726,0,8,223380
act_fn,1726,0,8,44250
down_proj,1726,0,8,251037
final_layernorm,1726,0,8,378572
lm_head,1726,0,8,1744941
embedding,1727,0,8,85068
input_layernorm,1727,0,8,379444
q_proj,1727,0,8,95770
k_proj,1727,0,8,31780
v_proj,1727,0,8,31244
rope,1727,0,8,50151
attn,1727,0,8,61022
o_proj,1727,0,8,72180
post_layernorm,1727,0,8,379971
gate_proj,1727,0,8,225419
up_proj,1727,0,8,223998
act_fn,1727,0,8,44286
down_proj,1727,0,8,251742
final_layernorm,1727,0,8,379293
lm_head,1727,0,8,1745377
embedding,1728,0,8,85419
input_layernorm,1728,0,8,379456
q_proj,1728,0,8,97052
k_proj,1728,0,8,32203
v_proj,1728,0,8,31633
rope,1728,0,8,50607
attn,1728,0,8,62232
o_proj,1728,0,8,74159
post_layernorm,1728,0,8,380101
gate_proj,1728,0,8,228245
up_proj,1728,0,8,226855
act_fn,1728,0,8,44311
down_proj,1728,0,8,265330
final_layernorm,1728,0,8,379542
lm_head,1728,0,8,1766935
embedding,1729,0,8,85363
input_layernorm,1729,0,8,379643
q_proj,1729,0,8,95954
k_proj,1729,0,8,32549
v_proj,1729,0,8,31772
rope,1729,0,8,50206
attn,1729,0,8,63977
o_proj,1729,0,8,76401
post_layernorm,1729,0,8,379975
gate_proj,1729,0,8,225892
up_proj,1729,0,8,224554
act_fn,1729,0,8,44312
down_proj,1729,0,8,256840
final_layernorm,1729,0,8,379257
lm_head,1729,0,8,1750381
embedding,1730,0,8,84699
input_layernorm,1730,0,8,379486
q_proj,1730,0,8,95909
k_proj,1730,0,8,32512
v_proj,1730,0,8,31745
rope,1730,0,8,50262
attn,1730,0,8,64326
o_proj,1730,0,8,76425
post_layernorm,1730,0,8,379959
gate_proj,1730,0,8,225616
up_proj,1730,0,8,224167
act_fn,1730,0,8,44365
down_proj,1730,0,8,256186
final_layernorm,1730,0,8,379396
lm_head,1730,0,8,1747820
embedding,1731,0,8,84225
input_layernorm,1731,0,8,379657
q_proj,1731,0,8,95214
k_proj,1731,0,8,32333
v_proj,1731,0,8,31567
rope,1731,0,8,50104
attn,1731,0,8,64452
o_proj,1731,0,8,76007
post_layernorm,1731,0,8,380257
gate_proj,1731,0,8,224187
up_proj,1731,0,8,222762
act_fn,1731,0,8,44387
down_proj,1731,0,8,254588
final_layernorm,1731,0,8,379527
lm_head,1731,0,8,1733812
embedding,1732,0,8,85296
input_layernorm,1732,0,8,380187
q_proj,1732,0,8,96110
k_proj,1732,0,8,32676
v_proj,1732,0,8,31874
rope,1732,0,8,50511
attn,1732,0,8,64939
o_proj,1732,0,8,76663
post_layernorm,1732,0,8,380654
gate_proj,1732,0,8,226200
up_proj,1732,0,8,224853
act_fn,1732,0,8,44386
down_proj,1732,0,8,256865
final_layernorm,1732,0,8,379973
lm_head,1732,0,8,1752737
embedding,1733,0,8,84747
input_layernorm,1733,0,8,380365
q_proj,1733,0,8,95949
k_proj,1733,0,8,32645
v_proj,1733,0,8,31804
rope,1733,0,8,50330
attn,1733,0,8,64172
o_proj,1733,0,8,76560
post_layernorm,1733,0,8,380846
gate_proj,1733,0,8,225947
up_proj,1733,0,8,224634
act_fn,1733,0,8,44430
down_proj,1733,0,8,256733
final_layernorm,1733,0,8,380535
lm_head,1733,0,8,1748955
embedding,1734,0,8,85496
input_layernorm,1734,0,8,380503
q_proj,1734,0,8,96147
k_proj,1734,0,8,32729
v_proj,1734,0,8,31850
rope,1734,0,8,50461
attn,1734,0,8,64093
o_proj,1734,0,8,76808
post_layernorm,1734,0,8,381086
gate_proj,1734,0,8,226451
up_proj,1734,0,8,225283
act_fn,1734,0,8,44476
down_proj,1734,0,8,257299
final_layernorm,1734,0,8,380680
lm_head,1734,0,8,1752721
embedding,1735,0,8,84644
input_layernorm,1735,0,8,380614
q_proj,1735,0,8,95688
k_proj,1735,0,8,32575
v_proj,1735,0,8,31702
rope,1735,0,8,50365
attn,1735,0,8,63823
o_proj,1735,0,8,76252
post_layernorm,1735,0,8,381330
gate_proj,1735,0,8,225262
up_proj,1735,0,8,223924
act_fn,1735,0,8,44515
down_proj,1735,0,8,255811
final_layernorm,1735,0,8,380843
lm_head,1735,0,8,1742585
embedding,1736,0,8,85148
input_layernorm,1736,0,8,380736
q_proj,1736,0,8,95852
k_proj,1736,0,8,32660
v_proj,1736,0,8,31741
rope,1736,0,8,50528
attn,1736,0,8,64445
o_proj,1736,0,8,76465
post_layernorm,1736,0,8,381256
gate_proj,1736,0,8,225535
up_proj,1736,0,8,224198
act_fn,1736,0,8,44516
down_proj,1736,0,8,256341
final_layernorm,1736,0,8,380938
lm_head,1736,0,8,1745884
embedding,1737,0,8,84798
input_layernorm,1737,0,8,380958
q_proj,1737,0,8,95754
k_proj,1737,0,8,32627
v_proj,1737,0,8,31825
rope,1737,0,8,50425
attn,1737,0,8,64602
o_proj,1737,0,8,76435
post_layernorm,1737,0,8,381803
gate_proj,1737,0,8,225304
up_proj,1737,0,8,224049
act_fn,1737,0,8,44557
down_proj,1737,0,8,256111
final_layernorm,1737,0,8,380848
lm_head,1737,0,8,1744498
embedding,1738,0,8,85477
input_layernorm,1738,0,8,381069
q_proj,1738,0,8,95847
k_proj,1738,0,8,32784
v_proj,1738,0,8,31862
rope,1738,0,8,50457
attn,1738,0,8,64296
o_proj,1738,0,8,76716
post_layernorm,1738,0,8,382008
gate_proj,1738,0,8,225505
up_proj,1738,0,8,224201
act_fn,1738,0,8,44593
down_proj,1738,0,8,256516
final_layernorm,1738,0,8,381069
lm_head,1738,0,8,1747817
embedding,1739,0,8,84942
input_layernorm,1739,0,8,381458
q_proj,1739,0,8,95552
k_proj,1739,0,8,32637
v_proj,1739,0,8,31753
rope,1739,0,8,50407
attn,1739,0,8,63825
o_proj,1739,0,8,76292
post_layernorm,1739,0,8,381846
gate_proj,1739,0,8,225008
up_proj,1739,0,8,223672
act_fn,1739,0,8,44585
down_proj,1739,0,8,255752
final_layernorm,1739,0,8,381256
lm_head,1739,0,8,1741124
embedding,1740,0,8,85759
input_layernorm,1740,0,8,381534
q_proj,1740,0,8,95906
k_proj,1740,0,8,32709
v_proj,1740,0,8,31847
rope,1740,0,8,50666
attn,1740,0,8,64898
o_proj,1740,0,8,76590
post_layernorm,1740,0,8,382483
gate_proj,1740,0,8,225763
up_proj,1740,0,8,224400
act_fn,1740,0,8,44623
down_proj,1740,0,8,256648
final_layernorm,1740,0,8,381698
lm_head,1740,0,8,1749258
embedding,1741,0,8,85365
input_layernorm,1741,0,8,381998
q_proj,1741,0,8,96030
k_proj,1741,0,8,32728
v_proj,1741,0,8,31927
rope,1741,0,8,50609
attn,1741,0,8,64007
o_proj,1741,0,8,76674
post_layernorm,1741,0,8,382878
gate_proj,1741,0,8,225999
up_proj,1741,0,8,224738
act_fn,1741,0,8,44677
down_proj,1741,0,8,256655
final_layernorm,1741,0,8,382176
lm_head,1741,0,8,1749378
embedding,1742,0,8,85935
input_layernorm,1742,0,8,382628
q_proj,1742,0,8,95976
k_proj,1742,0,8,32749
v_proj,1742,0,8,31926
rope,1742,0,8,50609
attn,1742,0,8,64119
o_proj,1742,0,8,76670
post_layernorm,1742,0,8,382809
gate_proj,1742,0,8,225851
up_proj,1742,0,8,224641
act_fn,1742,0,8,44674
down_proj,1742,0,8,256672
final_layernorm,1742,0,8,382166
lm_head,1742,0,8,1749591
embedding,1743,0,8,85687
input_layernorm,1743,0,8,382532
q_proj,1743,0,8,96025
k_proj,1743,0,8,32820
v_proj,1743,0,8,31966
rope,1743,0,8,50706
attn,1743,0,8,64413
o_proj,1743,0,8,76813
post_layernorm,1743,0,8,383234
gate_proj,1743,0,8,226029
up_proj,1743,0,8,224647
act_fn,1743,0,8,44679
down_proj,1743,0,8,256815
final_layernorm,1743,0,8,382541
lm_head,1743,0,8,1749822
embedding,1744,0,8,86242
input_layernorm,1744,0,8,382668
q_proj,1744,0,8,96272
k_proj,1744,0,8,32881
v_proj,1744,0,8,32049
rope,1744,0,8,50917
attn,1744,0,8,64891
o_proj,1744,0,8,76867
post_layernorm,1744,0,8,383441
gate_proj,1744,0,8,226564
up_proj,1744,0,8,225227
act_fn,1744,0,8,44724
down_proj,1744,0,8,257348
final_layernorm,1744,0,8,382371
lm_head,1744,0,8,1753859
embedding,1745,0,8,85713
input_layernorm,1745,0,8,382882
q_proj,1745,0,8,96263
k_proj,1745,0,8,32897
v_proj,1745,0,8,32054
rope,1745,0,8,50814
attn,1745,0,8,65495
o_proj,1745,0,8,76936
post_layernorm,1745,0,8,383319
gate_proj,1745,0,8,235985
up_proj,1745,0,8,235248
act_fn,1745,0,8,45198
down_proj,1745,0,8,258125
final_layernorm,1745,0,8,383082
lm_head,1745,0,8,1752624
embedding,1746,0,8,86113
input_layernorm,1746,0,8,382995
q_proj,1746,0,8,96031
k_proj,1746,0,8,32844
v_proj,1746,0,8,31997
rope,1746,0,8,50795
attn,1746,0,8,64912
o_proj,1746,0,8,76780
post_layernorm,1746,0,8,383816
gate_proj,1746,0,8,235410
up_proj,1746,0,8,234700
act_fn,1746,0,8,45256
down_proj,1746,0,8,257652
final_layernorm,1746,0,8,382770
lm_head,1746,0,8,1749149
embedding,1747,0,8,85762
input_layernorm,1747,0,8,383347
q_proj,1747,0,8,96272
k_proj,1747,0,8,32804
v_proj,1747,0,8,32004
rope,1747,0,8,50858
attn,1747,0,8,65387
o_proj,1747,0,8,76950
post_layernorm,1747,0,8,383819
gate_proj,1747,0,8,236116
up_proj,1747,0,8,235470
act_fn,1747,0,8,45288
down_proj,1747,0,8,258186
final_layernorm,1747,0,8,383449
lm_head,1747,0,8,1753544
embedding,1748,0,8,86599
input_layernorm,1748,0,8,383655
q_proj,1748,0,8,96352
k_proj,1748,0,8,32965
v_proj,1748,0,8,32063
rope,1748,0,8,51065
attn,1748,0,8,64714
o_proj,1748,0,8,77051
post_layernorm,1748,0,8,384102
gate_proj,1748,0,8,236210
up_proj,1748,0,8,235597
act_fn,1748,0,8,45275
down_proj,1748,0,8,258601
final_layernorm,1748,0,8,383886
lm_head,1748,0,8,1755794
embedding,1749,0,8,85976
input_layernorm,1749,0,8,383643
q_proj,1749,0,8,96220
k_proj,1749,0,8,32905
v_proj,1749,0,8,32014
rope,1749,0,8,50927
attn,1749,0,8,64933
o_proj,1749,0,8,76890
post_layernorm,1749,0,8,384191
gate_proj,1749,0,8,235888
up_proj,1749,0,8,235155
act_fn,1749,0,8,45387
down_proj,1749,0,8,258140
final_layernorm,1749,0,8,383448
lm_head,1749,0,8,1752024
embedding,1750,0,8,86260
input_layernorm,1750,0,8,383617
q_proj,1750,0,8,96132
k_proj,1750,0,8,32901
v_proj,1750,0,8,32026
rope,1750,0,8,50947
attn,1750,0,8,64764
o_proj,1750,0,8,76924
post_layernorm,1750,0,8,384550
gate_proj,1750,0,8,235565
up_proj,1750,0,8,234784
act_fn,1750,0,8,45314
down_proj,1750,0,8,257784
final_layernorm,1750,0,8,383562
lm_head,1750,0,8,1749994
embedding,1751,0,8,85569
input_layernorm,1751,0,8,384092
q_proj,1751,0,8,95855
k_proj,1751,0,8,32808
v_proj,1751,0,8,31994
rope,1751,0,8,50920
attn,1751,0,8,63905
o_proj,1751,0,8,76752
post_layernorm,1751,0,8,384731
gate_proj,1751,0,8,235124
up_proj,1751,0,8,234389
act_fn,1751,0,8,45352
down_proj,1751,0,8,257271
final_layernorm,1751,0,8,384174
lm_head,1751,0,8,1747884
embedding,1752,0,8,86337
input_layernorm,1752,0,8,384272
q_proj,1752,0,8,96072
k_proj,1752,0,8,32806
v_proj,1752,0,8,31984
rope,1752,0,8,51123
attn,1752,0,8,64205
o_proj,1752,0,8,76702
post_layernorm,1752,0,8,384805
gate_proj,1752,0,8,235483
up_proj,1752,0,8,234807
act_fn,1752,0,8,45386
down_proj,1752,0,8,257630
final_layernorm,1752,0,8,384398
lm_head,1752,0,8,1750252
embedding,1753,0,8,85911
input_layernorm,1753,0,8,384834
q_proj,1753,0,8,96120
k_proj,1753,0,8,32826
v_proj,1753,0,8,32078
rope,1753,0,8,50991
attn,1753,0,8,64336
o_proj,1753,0,8,76842
post_layernorm,1753,0,8,385536
gate_proj,1753,0,8,235683
up_proj,1753,0,8,235051
act_fn,1753,0,8,45429
down_proj,1753,0,8,257871
final_layernorm,1753,0,8,384868
lm_head,1753,0,8,1751516
embedding,1754,0,8,86177
input_layernorm,1754,0,8,385015
q_proj,1754,0,8,95937
k_proj,1754,0,8,32902
v_proj,1754,0,8,32079
rope,1754,0,8,50997
attn,1754,0,8,65418
o_proj,1754,0,8,76783
post_layernorm,1754,0,8,385791
gate_proj,1754,0,8,235293
up_proj,1754,0,8,234649
act_fn,1754,0,8,45410
down_proj,1754,0,8,257553
final_layernorm,1754,0,8,385074
lm_head,1754,0,8,1749510
embedding,1755,0,8,86236
input_layernorm,1755,0,8,385300
q_proj,1755,0,8,96322
k_proj,1755,0,8,32989
v_proj,1755,0,8,32144
rope,1755,0,8,51094
attn,1755,0,8,64811
o_proj,1755,0,8,77082
post_layernorm,1755,0,8,385892
gate_proj,1755,0,8,236330
up_proj,1755,0,8,235765
act_fn,1755,0,8,45457
down_proj,1755,0,8,258647
final_layernorm,1755,0,8,385333
lm_head,1755,0,8,1757703
embedding,1756,0,8,86190
input_layernorm,1756,0,8,385138
q_proj,1756,0,8,96040
k_proj,1756,0,8,33000
v_proj,1756,0,8,32213
rope,1756,0,8,51140
attn,1756,0,8,64341
o_proj,1756,0,8,77056
post_layernorm,1756,0,8,385908
gate_proj,1756,0,8,235444
up_proj,1756,0,8,234731
act_fn,1756,0,8,45557
down_proj,1756,0,8,257495
final_layernorm,1756,0,8,385843
lm_head,1756,0,8,1750876
embedding,1757,0,8,85943
input_layernorm,1757,0,8,385365
q_proj,1757,0,8,96176
k_proj,1757,0,8,32930
v_proj,1757,0,8,32112
rope,1757,0,8,51033
attn,1757,0,8,64593
o_proj,1757,0,8,77005
post_layernorm,1757,0,8,385699
gate_proj,1757,0,8,235831
up_proj,1757,0,8,235099
act_fn,1757,0,8,45582
down_proj,1757,0,8,257953
final_layernorm,1757,0,8,385879
lm_head,1757,0,8,1750814
embedding,1758,0,8,86792
input_layernorm,1758,0,8,385631
q_proj,1758,0,8,96200
k_proj,1758,0,8,32844
v_proj,1758,0,8,32063
rope,1758,0,8,51063
attn,1758,0,8,64836
o_proj,1758,0,8,76915
post_layernorm,1758,0,8,386139
gate_proj,1758,0,8,235862
up_proj,1758,0,8,235386
act_fn,1758,0,8,45594
down_proj,1758,0,8,258248
final_layernorm,1758,0,8,386648
lm_head,1758,0,8,1754128
embedding,1759,0,8,86278
input_layernorm,1759,0,8,386199
q_proj,1759,0,8,96361
k_proj,1759,0,8,33007
v_proj,1759,0,8,32161
rope,1759,0,8,51116
attn,1759,0,8,65344
o_proj,1759,0,8,77192
post_layernorm,1759,0,8,386876
gate_proj,1759,0,8,236385
up_proj,1759,0,8,235664
act_fn,1759,0,8,45578
down_proj,1759,0,8,258418
final_layernorm,1759,0,8,386947
lm_head,1759,0,8,1752993
embedding,1760,0,8,86490
input_layernorm,1760,0,8,386051
q_proj,1760,0,8,96082
k_proj,1760,0,8,33021
v_proj,1760,0,8,32151
rope,1760,0,8,51220
attn,1760,0,8,63864
o_proj,1760,0,8,77046
post_layernorm,1760,0,8,386902
gate_proj,1760,0,8,235675
up_proj,1760,0,8,235014
act_fn,1760,0,8,45578
down_proj,1760,0,8,257861
final_layernorm,1760,0,8,387354
lm_head,1760,0,8,1752386
embedding,1761,0,8,86486
input_layernorm,1761,0,8,387064
q_proj,1761,0,8,95838
k_proj,1761,0,8,32977
v_proj,1761,0,8,32119
rope,1761,0,8,51083
attn,1761,0,8,64867
o_proj,1761,0,8,77010
post_layernorm,1761,0,8,387679
gate_proj,1761,0,8,235444
up_proj,1761,0,8,234940
act_fn,1761,0,8,45646
down_proj,1761,0,8,257317
final_layernorm,1761,0,8,387961
lm_head,1761,0,8,1752083
embedding,1762,0,8,87084
input_layernorm,1762,0,8,387863
q_proj,1762,0,8,96309
k_proj,1762,0,8,33090
v_proj,1762,0,8,32204
rope,1762,0,8,51290
attn,1762,0,8,65274
o_proj,1762,0,8,77311
post_layernorm,1762,0,8,388227
gate_proj,1762,0,8,236970
up_proj,1762,0,8,236155
act_fn,1762,0,8,45668
down_proj,1762,0,8,258704
final_layernorm,1762,0,8,388522
lm_head,1762,0,8,1758048
embedding,1763,0,8,86869
input_layernorm,1763,0,8,387675
q_proj,1763,0,8,96474
k_proj,1763,0,8,33126
v_proj,1763,0,8,32308
rope,1763,0,8,51355
attn,1763,0,8,65057
o_proj,1763,0,8,77486
post_layernorm,1763,0,8,388530
gate_proj,1763,0,8,237184
up_proj,1763,0,8,236382
act_fn,1763,0,8,45655
down_proj,1763,0,8,259072
final_layernorm,1763,0,8,388795
lm_head,1763,0,8,1761627
embedding,1764,0,8,87601
input_layernorm,1764,0,8,388436
q_proj,1764,0,8,96291
k_proj,1764,0,8,33117
v_proj,1764,0,8,32291
rope,1764,0,8,51481
attn,1764,0,8,65183
o_proj,1764,0,8,77333
post_layernorm,1764,0,8,389125
gate_proj,1764,0,8,236750
up_proj,1764,0,8,236217
act_fn,1764,0,8,45715
down_proj,1764,0,8,258878
final_layernorm,1764,0,8,389067
lm_head,1764,0,8,1761030
embedding,1765,0,8,87009
input_layernorm,1765,0,8,388884
q_proj,1765,0,8,96306
k_proj,1765,0,8,33169
v_proj,1765,0,8,32276
rope,1765,0,8,51491
attn,1765,0,8,64809
o_proj,1765,0,8,77457
post_layernorm,1765,0,8,389543
gate_proj,1765,0,8,236740
up_proj,1765,0,8,236106
act_fn,1765,0,8,45778
down_proj,1765,0,8,258888
final_layernorm,1765,0,8,389095
lm_head,1765,0,8,1759943
embedding,1766,0,8,87303
input_layernorm,1766,0,8,389483
q_proj,1766,0,8,95973
k_proj,1766,0,8,33015
v_proj,1766,0,8,32157
rope,1766,0,8,51437
attn,1766,0,8,64851
o_proj,1766,0,8,77136
post_layernorm,1766,0,8,389918
gate_proj,1766,0,8,236020
up_proj,1766,0,8,235329
act_fn,1766,0,8,45783
down_proj,1766,0,8,257740
final_layernorm,1766,0,8,389384
lm_head,1766,0,8,1754639
embedding,1767,0,8,86914
input_layernorm,1767,0,8,390193
q_proj,1767,0,8,96066
k_proj,1767,0,8,33064
v_proj,1767,0,8,32225
rope,1767,0,8,51517
attn,1767,0,8,64667
o_proj,1767,0,8,77226
post_layernorm,1767,0,8,390735
gate_proj,1767,0,8,236123
up_proj,1767,0,8,235226
act_fn,1767,0,8,45791
down_proj,1767,0,8,257826
final_layernorm,1767,0,8,389962
lm_head,1767,0,8,1754954
embedding,1768,0,8,87333
input_layernorm,1768,0,8,389993
q_proj,1768,0,8,96010
k_proj,1768,0,8,33178
v_proj,1768,0,8,32329
rope,1768,0,8,51677
attn,1768,0,8,65431
o_proj,1768,0,8,77376
post_layernorm,1768,0,8,390499
gate_proj,1768,0,8,236132
up_proj,1768,0,8,235413
act_fn,1768,0,8,45850
down_proj,1768,0,8,257948
final_layernorm,1768,0,8,390251
lm_head,1768,0,8,1753106
embedding,1769,0,8,86702
input_layernorm,1769,0,8,390506
q_proj,1769,0,8,95998
k_proj,1769,0,8,33096
v_proj,1769,0,8,32256
rope,1769,0,8,51538
attn,1769,0,8,64299
o_proj,1769,0,8,77268
post_layernorm,1769,0,8,391182
gate_proj,1769,0,8,236209
up_proj,1769,0,8,235436
act_fn,1769,0,8,45818
down_proj,1769,0,8,257850
final_layernorm,1769,0,8,390518
lm_head,1769,0,8,1753592
embedding,1770,0,8,87319
input_layernorm,1770,0,8,391015
q_proj,1770,0,8,96371
k_proj,1770,0,8,33275
v_proj,1770,0,8,32422
rope,1770,0,8,51682
attn,1770,0,8,64799
o_proj,1770,0,8,77594
post_layernorm,1770,0,8,391397
gate_proj,1770,0,8,237090
up_proj,1770,0,8,236304
act_fn,1770,0,8,45893
down_proj,1770,0,8,258854
final_layernorm,1770,0,8,390803
lm_head,1770,0,8,1758227
embedding,1771,0,8,86933
input_layernorm,1771,0,8,390802
q_proj,1771,0,8,96125
k_proj,1771,0,8,33126
v_proj,1771,0,8,32288
rope,1771,0,8,51652
attn,1771,0,8,64823
o_proj,1771,0,8,77286
post_layernorm,1771,0,8,391449
gate_proj,1771,0,8,236296
up_proj,1771,0,8,235511
act_fn,1771,0,8,45955
down_proj,1771,0,8,258166
final_layernorm,1771,0,8,390631
lm_head,1771,0,8,1756702
embedding,1772,0,8,87400
input_layernorm,1772,0,8,390950
q_proj,1772,0,8,96282
k_proj,1772,0,8,33226
v_proj,1772,0,8,32383
rope,1772,0,8,51824
attn,1772,0,8,65067
o_proj,1772,0,8,77471
post_layernorm,1772,0,8,391473
gate_proj,1772,0,8,236763
up_proj,1772,0,8,235997
act_fn,1772,0,8,45925
down_proj,1772,0,8,258705
final_layernorm,1772,0,8,391148
lm_head,1772,0,8,1760006
embedding,1773,0,8,87092
input_layernorm,1773,0,8,391130
q_proj,1773,0,8,96172
k_proj,1773,0,8,33242
v_proj,1773,0,8,32407
rope,1773,0,8,51662
attn,1773,0,8,64899
o_proj,1773,0,8,77471
post_layernorm,1773,0,8,391472
gate_proj,1773,0,8,236294
up_proj,1773,0,8,235775
act_fn,1773,0,8,46006
down_proj,1773,0,8,258189
final_layernorm,1773,0,8,391068
lm_head,1773,0,8,1756066
embedding,1774,0,8,87467
input_layernorm,1774,0,8,391192
q_proj,1774,0,8,96085
k_proj,1774,0,8,33198
v_proj,1774,0,8,32388
rope,1774,0,8,51610
attn,1774,0,8,65010
o_proj,1774,0,8,77380
post_layernorm,1774,0,8,391766
gate_proj,1774,0,8,236175
up_proj,1774,0,8,235579
act_fn,1774,0,8,46045
down_proj,1774,0,8,258028
final_layernorm,1774,0,8,391237
lm_head,1774,0,8,1755636
embedding,1775,0,8,87158
input_layernorm,1775,0,8,391520
q_proj,1775,0,8,96381
k_proj,1775,0,8,33401
v_proj,1775,0,8,32560
rope,1775,0,8,51776
attn,1775,0,8,64988
o_proj,1775,0,8,77818
post_layernorm,1775,0,8,392100
gate_proj,1775,0,8,237166
up_proj,1775,0,8,236443
act_fn,1775,0,8,46029
down_proj,1775,0,8,259266
final_layernorm,1775,0,8,392029
lm_head,1775,0,8,1762356
embedding,1776,0,8,87671
input_layernorm,1776,0,8,391807
q_proj,1776,0,8,96203
k_proj,1776,0,8,33266
v_proj,1776,0,8,32447
rope,1776,0,8,51873
attn,1776,0,8,65031
o_proj,1776,0,8,77525
post_layernorm,1776,0,8,392140
gate_proj,1776,0,8,236493
up_proj,1776,0,8,235958
act_fn,1776,0,8,46041
down_proj,1776,0,8,258632
final_layernorm,1776,0,8,392053
lm_head,1776,0,8,1757981
embedding,1777,0,8,87395
input_layernorm,1777,0,8,392111
q_proj,1777,0,8,96358
k_proj,1777,0,8,33319
v_proj,1777,0,8,32424
rope,1777,0,8,51791
attn,1777,0,8,64788
o_proj,1777,0,8,77592
post_layernorm,1777,0,8,392544
gate_proj,1777,0,8,236864
up_proj,1777,0,8,236362
act_fn,1777,0,8,46083
down_proj,1777,0,8,259043
final_layernorm,1777,0,8,392232
lm_head,1777,0,8,1761185
embedding,1778,0,8,87523
input_layernorm,1778,0,8,392079
q_proj,1778,0,8,96127
k_proj,1778,0,8,33162
v_proj,1778,0,8,32367
rope,1778,0,8,51722
attn,1778,0,8,64922
o_proj,1778,0,8,77427
post_layernorm,1778,0,8,392866
gate_proj,1778,0,8,236445
up_proj,1778,0,8,235615
act_fn,1778,0,8,46080
down_proj,1778,0,8,258126
final_layernorm,1778,0,8,392166
lm_head,1778,0,8,1757853
embedding,1779,0,8,87198
input_layernorm,1779,0,8,392291
q_proj,1779,0,8,96086
k_proj,1779,0,8,33261
v_proj,1779,0,8,32371
rope,1779,0,8,51779
attn,1779,0,8,64716
o_proj,1779,0,8,77483
post_layernorm,1779,0,8,392763
gate_proj,1779,0,8,236328
up_proj,1779,0,8,235667
act_fn,1779,0,8,46119
down_proj,1779,0,8,258203
final_layernorm,1779,0,8,392125
lm_head,1779,0,8,1755508
embedding,1780,0,8,87936
input_layernorm,1780,0,8,392435
q_proj,1780,0,8,95999
k_proj,1780,0,8,33175
v_proj,1780,0,8,32403
rope,1780,0,8,51921
attn,1780,0,8,64553
o_proj,1780,0,8,77410
post_layernorm,1780,0,8,392988
gate_proj,1780,0,8,236032
up_proj,1780,0,8,235188
act_fn,1780,0,8,46188
down_proj,1780,0,8,257699
final_layernorm,1780,0,8,392303
lm_head,1780,0,8,1753575
embedding,1781,0,8,87321
input_layernorm,1781,0,8,392470
q_proj,1781,0,8,96197
k_proj,1781,0,8,33236
v_proj,1781,0,8,32383
rope,1781,0,8,51838
attn,1781,0,8,64566
o_proj,1781,0,8,77565
post_layernorm,1781,0,8,393042
gate_proj,1781,0,8,236551
up_proj,1781,0,8,235787
act_fn,1781,0,8,46211
down_proj,1781,0,8,258348
final_layernorm,1781,0,8,392495
lm_head,1781,0,8,1758935
embedding,1782,0,8,87925
input_layernorm,1782,0,8,392839
q_proj,1782,0,8,96069
k_proj,1782,0,8,33184
v_proj,1782,0,8,32374
rope,1782,0,8,51807
attn,1782,0,8,64666
o_proj,1782,0,8,77475
post_layernorm,1782,0,8,393203
gate_proj,1782,0,8,236228
up_proj,1782,0,8,235563
act_fn,1782,0,8,46166
down_proj,1782,0,8,257905
final_layernorm,1782,0,8,392850
lm_head,1782,0,8,1756424
embedding,1783,0,8,87838
input_layernorm,1783,0,8,393199
q_proj,1783,0,8,96355
k_proj,1783,0,8,33280
v_proj,1783,0,8,32414
rope,1783,0,8,51931
attn,1783,0,8,65161
o_proj,1783,0,8,77667
post_layernorm,1783,0,8,394039
gate_proj,1783,0,8,236954
up_proj,1783,0,8,236264
act_fn,1783,0,8,46238
down_proj,1783,0,8,258813
final_layernorm,1783,0,8,393476
lm_head,1783,0,8,1759413
embedding,1784,0,8,88080
input_layernorm,1784,0,8,393431
q_proj,1784,0,8,96192
k_proj,1784,0,8,33284
v_proj,1784,0,8,32451
rope,1784,0,8,52065
attn,1784,0,8,64512
o_proj,1784,0,8,77524
post_layernorm,1784,0,8,394202
gate_proj,1784,0,8,236579
up_proj,1784,0,8,235914
act_fn,1784,0,8,46221
down_proj,1784,0,8,258410
final_layernorm,1784,0,8,393685
lm_head,1784,0,8,1757619
embedding,1785,0,8,88204
input_layernorm,1785,0,8,394143
q_proj,1785,0,8,96488
k_proj,1785,0,8,33369
v_proj,1785,0,8,32574
rope,1785,0,8,52000
attn,1785,0,8,65079
o_proj,1785,0,8,77795
post_layernorm,1785,0,8,394260
gate_proj,1785,0,8,237157
up_proj,1785,0,8,236357
act_fn,1785,0,8,46289
down_proj,1785,0,8,259053
final_layernorm,1785,0,8,394114
lm_head,1785,0,8,1759915
embedding,1786,0,8,88391
input_layernorm,1786,0,8,394059
q_proj,1786,0,8,96431
k_proj,1786,0,8,33345
v_proj,1786,0,8,32518
rope,1786,0,8,52033
attn,1786,0,8,65354
o_proj,1786,0,8,77670
post_layernorm,1786,0,8,394505
gate_proj,1786,0,8,237189
up_proj,1786,0,8,236484
act_fn,1786,0,8,46317
down_proj,1786,0,8,259069
final_layernorm,1786,0,8,394332
lm_head,1786,0,8,1762223
embedding,1787,0,8,87815
input_layernorm,1787,0,8,393584
q_proj,1787,0,8,96303
k_proj,1787,0,8,33378
v_proj,1787,0,8,32616
rope,1787,0,8,51991
attn,1787,0,8,65097
o_proj,1787,0,8,77855
post_layernorm,1787,0,8,394176
gate_proj,1787,0,8,236699
up_proj,1787,0,8,236025
act_fn,1787,0,8,46315
down_proj,1787,0,8,258555
final_layernorm,1787,0,8,393736
lm_head,1787,0,8,1760500
embedding,1788,0,8,88210
input_layernorm,1788,0,8,393648
q_proj,1788,0,8,96220
k_proj,1788,0,8,33332
v_proj,1788,0,8,32548
rope,1788,0,8,52150
attn,1788,0,8,64359
o_proj,1788,0,8,77730
post_layernorm,1788,0,8,394315
gate_proj,1788,0,8,236545
up_proj,1788,0,8,236009
act_fn,1788,0,8,46344
down_proj,1788,0,8,258527
final_layernorm,1788,0,8,394060
lm_head,1788,0,8,1759066
embedding,1789,0,8,88037
input_layernorm,1789,0,8,393867
q_proj,1789,0,8,96356
k_proj,1789,0,8,33510
v_proj,1789,0,8,32713
rope,1789,0,8,52060
attn,1789,0,8,64936
o_proj,1789,0,8,77959
post_layernorm,1789,0,8,394581
gate_proj,1789,0,8,236803
up_proj,1789,0,8,236062
act_fn,1789,0,8,46403
down_proj,1789,0,8,258381
final_layernorm,1789,0,8,393928
lm_head,1789,0,8,1757419
embedding,1790,0,8,88605
input_layernorm,1790,0,8,394035
q_proj,1790,0,8,96286
k_proj,1790,0,8,33388
v_proj,1790,0,8,32560
rope,1790,0,8,52020
attn,1790,0,8,65365
o_proj,1790,0,8,77719
post_layernorm,1790,0,8,394720
gate_proj,1790,0,8,236673
up_proj,1790,0,8,235980
act_fn,1790,0,8,46419
down_proj,1790,0,8,258597
final_layernorm,1790,0,8,394386
lm_head,1790,0,8,1758255
embedding,1791,0,8,88121
input_layernorm,1791,0,8,394919
q_proj,1791,0,8,96395
k_proj,1791,0,8,33458
v_proj,1791,0,8,32650
rope,1791,0,8,52093
attn,1791,0,8,65383
o_proj,1791,0,8,77904
post_layernorm,1791,0,8,395486
gate_proj,1791,0,8,237078
up_proj,1791,0,8,236356
act_fn,1791,0,8,46425
down_proj,1791,0,8,258738
final_layernorm,1791,0,8,395047
lm_head,1791,0,8,1758608
embedding,1792,0,8,88785
input_layernorm,1792,0,8,394932
q_proj,1792,0,8,96576
k_proj,1792,0,8,33548
v_proj,1792,0,8,32736
rope,1792,0,8,52324
attn,1792,0,8,65153
o_proj,1792,0,8,78012
post_layernorm,1792,0,8,395654
gate_proj,1792,0,8,237506
up_proj,1792,0,8,236751
act_fn,1792,0,8,46456
down_proj,1792,0,8,259510
final_layernorm,1792,0,8,395544
lm_head,1792,0,8,1763863
embedding,1793,0,8,88124
input_layernorm,1793,0,8,394956
q_proj,1793,0,8,96473
k_proj,1793,0,8,33471
v_proj,1793,0,8,32699
rope,1793,0,8,52126
attn,1793,0,8,68544
o_proj,1793,0,8,77972
post_layernorm,1793,0,8,395507
gate_proj,1793,0,8,237064
up_proj,1793,0,8,236202
act_fn,1793,0,8,46471
down_proj,1793,0,8,258710
final_layernorm,1793,0,8,395015
lm_head,1793,0,8,1878890
embedding,1794,0,8,87989
input_layernorm,1794,0,8,394368
q_proj,1794,0,8,96365
k_proj,1794,0,8,33540
v_proj,1794,0,8,32715
rope,1794,0,8,52112
attn,1794,0,8,68823
o_proj,1794,0,8,77985
post_layernorm,1794,0,8,394828
gate_proj,1794,0,8,236962
up_proj,1794,0,8,236384
act_fn,1794,0,8,46516
down_proj,1794,0,8,258923
final_layernorm,1794,0,8,394708
lm_head,1794,0,8,1878045
embedding,1795,0,8,88331
input_layernorm,1795,0,8,394533
q_proj,1795,0,8,96496
k_proj,1795,0,8,33457
v_proj,1795,0,8,32642
rope,1795,0,8,52159
attn,1795,0,8,69115
o_proj,1795,0,8,77857
post_layernorm,1795,0,8,395375
gate_proj,1795,0,8,237257
up_proj,1795,0,8,236470
act_fn,1795,0,8,46568
down_proj,1795,0,8,259229
final_layernorm,1795,0,8,394912
lm_head,1795,0,8,1881782
embedding,1796,0,8,88098
input_layernorm,1796,0,8,394950
q_proj,1796,0,8,96323
k_proj,1796,0,8,33483
v_proj,1796,0,8,32606
rope,1796,0,8,52234
attn,1796,0,8,69052
o_proj,1796,0,8,77763
post_layernorm,1796,0,8,395565
gate_proj,1796,0,8,236652
up_proj,1796,0,8,235818
act_fn,1796,0,8,46553
down_proj,1796,0,8,258162
final_layernorm,1796,0,8,395142
lm_head,1796,0,8,1872664
embedding,1797,0,8,87962
input_layernorm,1797,0,8,395542
q_proj,1797,0,8,96067
k_proj,1797,0,8,33453
v_proj,1797,0,8,32586
rope,1797,0,8,52083
attn,1797,0,8,68469
o_proj,1797,0,8,77729
post_layernorm,1797,0,8,396026
gate_proj,1797,0,8,236351
up_proj,1797,0,8,235514
act_fn,1797,0,8,46548
down_proj,1797,0,8,257763
final_layernorm,1797,0,8,395934
lm_head,1797,0,8,1869710
embedding,1798,0,8,87865
input_layernorm,1798,0,8,395367
q_proj,1798,0,8,95878
k_proj,1798,0,8,33388
v_proj,1798,0,8,32572
rope,1798,0,8,52028
attn,1798,0,8,68581
o_proj,1798,0,8,77617
post_layernorm,1798,0,8,396564
gate_proj,1798,0,8,235674
up_proj,1798,0,8,235129
act_fn,1798,0,8,46595
down_proj,1798,0,8,257458
final_layernorm,1798,0,8,395815
lm_head,1798,0,8,1866658
embedding,1799,0,8,88383
input_layernorm,1799,0,8,395824
q_proj,1799,0,8,96103
k_proj,1799,0,8,33470
v_proj,1799,0,8,32680
rope,1799,0,8,52147
attn,1799,0,8,68457
o_proj,1799,0,8,77868
post_layernorm,1799,0,8,396257
gate_proj,1799,0,8,236422
up_proj,1799,0,8,235734
act_fn,1799,0,8,46656
down_proj,1799,0,8,258050
final_layernorm,1799,0,8,396194
lm_head,1799,0,8,1873445
embedding,1800,0,8,88363
input_layernorm,1800,0,8,395767
q_proj,1800,0,8,96401
k_proj,1800,0,8,33576
v_proj,1800,0,8,32746
rope,1800,0,8,52357
attn,1800,0,8,68773
o_proj,1800,0,8,78116
post_layernorm,1800,0,8,396208
gate_proj,1800,0,8,237275
up_proj,1800,0,8,236440
act_fn,1800,0,8,46641
down_proj,1800,0,8,258865
final_layernorm,1800,0,8,396173
lm_head,1800,0,8,1876996
embedding,1801,0,8,88642
input_layernorm,1801,0,8,395772
q_proj,1801,0,8,96070
k_proj,1801,0,8,33539
v_proj,1801,0,8,32743
rope,1801,0,8,52160
attn,1801,0,8,68243
o_proj,1801,0,8,77942
post_layernorm,1801,0,8,396244
gate_proj,1801,0,8,236359
up_proj,1801,0,8,235748
act_fn,1801,0,8,46709
down_proj,1801,0,8,257960
final_layernorm,1801,0,8,395891
lm_head,1801,0,8,1870403
embedding,1802,0,8,88556
input_layernorm,1802,0,8,395896
q_proj,1802,0,8,96266
k_proj,1802,0,8,33439
v_proj,1802,0,8,32695
rope,1802,0,8,52161
attn,1802,0,8,68486
o_proj,1802,0,8,77942
post_layernorm,1802,0,8,396634
gate_proj,1802,0,8,236765
up_proj,1802,0,8,235873
act_fn,1802,0,8,46670
down_proj,1802,0,8,258278
final_layernorm,1802,0,8,396124
lm_head,1802,0,8,1875719
embedding,1803,0,8,89065
input_layernorm,1803,0,8,396194
q_proj,1803,0,8,96352
k_proj,1803,0,8,31404
v_proj,1803,0,8,30926
rope,1803,0,8,52186
attn,1803,0,8,68169
o_proj,1803,0,8,78006
post_layernorm,1803,0,8,396771
gate_proj,1803,0,8,237028
up_proj,1803,0,8,236019
act_fn,1803,0,8,46747
down_proj,1803,0,8,258357
final_layernorm,1803,0,8,396755
lm_head,1803,0,8,1875323
embedding,1804,0,8,88674
input_layernorm,1804,0,8,396899
q_proj,1804,0,8,96458
k_proj,1804,0,8,31451
v_proj,1804,0,8,30968
rope,1804,0,8,52379
attn,1804,0,8,68821
o_proj,1804,0,8,78040
post_layernorm,1804,0,8,397480
gate_proj,1804,0,8,237387
up_proj,1804,0,8,236471
act_fn,1804,0,8,46752
down_proj,1804,0,8,258947
final_layernorm,1804,0,8,396756
lm_head,1804,0,8,1882214
embedding,1805,0,8,89239
input_layernorm,1805,0,8,397006
q_proj,1805,0,8,96396
k_proj,1805,0,8,31434
v_proj,1805,0,8,30946
rope,1805,0,8,52279
attn,1805,0,8,69142
o_proj,1805,0,8,78142
post_layernorm,1805,0,8,397531
gate_proj,1805,0,8,237047
up_proj,1805,0,8,236391
act_fn,1805,0,8,46785
down_proj,1805,0,8,258906
final_layernorm,1805,0,8,397655
lm_head,1805,0,8,1878042
embedding,1806,0,8,89049
input_layernorm,1806,0,8,396959
q_proj,1806,0,8,96373
k_proj,1806,0,8,31423
v_proj,1806,0,8,30928
rope,1806,0,8,52265
attn,1806,0,8,68408
o_proj,1806,0,8,78082
post_layernorm,1806,0,8,397646
gate_proj,1806,0,8,236888
up_proj,1806,0,8,236003
act_fn,1806,0,8,46830
down_proj,1806,0,8,258463
final_layernorm,1806,0,8,397409
lm_head,1806,0,8,1873685
embedding,1807,0,8,89090
input_layernorm,1807,0,8,397321
q_proj,1807,0,8,96147
k_proj,1807,0,8,31319
v_proj,1807,0,8,30835
rope,1807,0,8,52253
attn,1807,0,8,68390
o_proj,1807,0,8,78008
post_layernorm,1807,0,8,397899
gate_proj,1807,0,8,236584
up_proj,1807,0,8,235812
act_fn,1807,0,8,46839
down_proj,1807,0,8,258180
final_layernorm,1807,0,8,397527
lm_head,1807,0,8,1873294
embedding,1808,0,8,88691
input_layernorm,1808,0,8,396992
q_proj,1808,0,8,96089
k_proj,1808,0,8,31318
v_proj,1808,0,8,30829
rope,1808,0,8,52384
attn,1808,0,8,68768
o_proj,1808,0,8,77788
post_layernorm,1808,0,8,397778
gate_proj,1808,0,8,236397
up_proj,1808,0,8,235587
act_fn,1808,0,8,46856
down_proj,1808,0,8,257777
final_layernorm,1808,0,8,397288
lm_head,1808,0,8,1871233
embedding,1809,0,8,89167
input_layernorm,1809,0,8,397765
q_proj,1809,0,8,96441
k_proj,1809,0,8,31452
v_proj,1809,0,8,30959
rope,1809,0,8,52388
attn,1809,0,8,69300
o_proj,1809,0,8,78130
post_layernorm,1809,0,8,398047
gate_proj,1809,0,8,236932
up_proj,1809,0,8,236141
act_fn,1809,0,8,46837
down_proj,1809,0,8,258598
final_layernorm,1809,0,8,398030
lm_head,1809,0,8,1877157
embedding,1810,0,8,89237
input_layernorm,1810,0,8,397929
q_proj,1810,0,8,96487
k_proj,1810,0,8,31451
v_proj,1810,0,8,30971
rope,1810,0,8,52422
attn,1810,0,8,69087
o_proj,1810,0,8,78193
post_layernorm,1810,0,8,398525
gate_proj,1810,0,8,237415
up_proj,1810,0,8,236585
act_fn,1810,0,8,46915
down_proj,1810,0,8,259075
final_layernorm,1810,0,8,398264
lm_head,1810,0,8,1880149
embedding,1811,0,8,89212
input_layernorm,1811,0,8,398453
q_proj,1811,0,8,96197
k_proj,1811,0,8,31356
v_proj,1811,0,8,30876
rope,1811,0,8,52383
attn,1811,0,8,68400
o_proj,1811,0,8,78186
post_layernorm,1811,0,8,399071
gate_proj,1811,0,8,236548
up_proj,1811,0,8,236147
act_fn,1811,0,8,46948
down_proj,1811,0,8,258439
final_layernorm,1811,0,8,398829
lm_head,1811,0,8,1875566
embedding,1812,0,8,88955
input_layernorm,1812,0,8,398544
q_proj,1812,0,8,96321
k_proj,1812,0,8,31388
v_proj,1812,0,8,30910
rope,1812,0,8,52554
attn,1812,0,8,69109
o_proj,1812,0,8,78077
post_layernorm,1812,0,8,399015
gate_proj,1812,0,8,236658
up_proj,1812,0,8,235902
act_fn,1812,0,8,46940
down_proj,1812,0,8,258452
final_layernorm,1812,0,8,398627
lm_head,1812,0,8,1875596
embedding,1813,0,8,89485
input_layernorm,1813,0,8,398248
q_proj,1813,0,8,96497
k_proj,1813,0,8,31458
v_proj,1813,0,8,30975
rope,1813,0,8,52466
attn,1813,0,8,68688
o_proj,1813,0,8,78273
post_layernorm,1813,0,8,399132
gate_proj,1813,0,8,237217
up_proj,1813,0,8,236479
act_fn,1813,0,8,46957
down_proj,1813,0,8,258902
final_layernorm,1813,0,8,398768
lm_head,1813,0,8,1878389
embedding,1814,0,8,89052
input_layernorm,1814,0,8,398531
q_proj,1814,0,8,96517
k_proj,1814,0,8,31465
v_proj,1814,0,8,30982
rope,1814,0,8,52459
attn,1814,0,8,69256
o_proj,1814,0,8,78307
post_layernorm,1814,0,8,399241
gate_proj,1814,0,8,237400
up_proj,1814,0,8,236650
act_fn,1814,0,8,47003
down_proj,1814,0,8,259083
final_layernorm,1814,0,8,398668
lm_head,1814,0,8,1879272
embedding,1815,0,8,89598
input_layernorm,1815,0,8,398644
q_proj,1815,0,8,96423
k_proj,1815,0,8,31432
v_proj,1815,0,8,30940
rope,1815,0,8,52438
attn,1815,0,8,69606
o_proj,1815,0,8,78189
post_layernorm,1815,0,8,398896
gate_proj,1815,0,8,236752
up_proj,1815,0,8,235918
act_fn,1815,0,8,47081
down_proj,1815,0,8,258293
final_layernorm,1815,0,8,398918
lm_head,1815,0,8,1877796
embedding,1816,0,8,89082
input_layernorm,1816,0,8,398914
q_proj,1816,0,8,96120
k_proj,1816,0,8,31312
v_proj,1816,0,8,30828
rope,1816,0,8,52514
attn,1816,0,8,68649
o_proj,1816,0,8,77976
post_layernorm,1816,0,8,399318
gate_proj,1816,0,8,236309
up_proj,1816,0,8,235737
act_fn,1816,0,8,47071
down_proj,1816,0,8,258078
final_layernorm,1816,0,8,399005
lm_head,1816,0,8,1873430
embedding,1817,0,8,89515
input_layernorm,1817,0,8,399430
q_proj,1817,0,8,96480
k_proj,1817,0,8,31453
v_proj,1817,0,8,30969
rope,1817,0,8,52502
attn,1817,0,8,69709
o_proj,1817,0,8,78329
post_layernorm,1817,0,8,399969
gate_proj,1817,0,8,237355
up_proj,1817,0,8,236609
act_fn,1817,0,8,47050
down_proj,1817,0,8,258948
final_layernorm,1817,0,8,399364
lm_head,1817,0,8,1880979
embedding,1818,0,8,88935
input_layernorm,1818,0,8,399549
q_proj,1818,0,8,96225
k_proj,1818,0,8,31333
v_proj,1818,0,8,30860
rope,1818,0,8,52446
attn,1818,0,8,69736
o_proj,1818,0,8,78056
post_layernorm,1818,0,8,399827
gate_proj,1818,0,8,236701
up_proj,1818,0,8,236046
act_fn,1818,0,8,47153
down_proj,1818,0,8,258477
final_layernorm,1818,0,8,399511
lm_head,1818,0,8,1875772
embedding,1819,0,8,89478
input_layernorm,1819,0,8,399943
q_proj,1819,0,8,96426
k_proj,1819,0,8,31412
v_proj,1819,0,8,30940
rope,1819,0,8,52514
attn,1819,0,8,68594
o_proj,1819,0,8,78376
post_layernorm,1819,0,8,400721
gate_proj,1819,0,8,237182
up_proj,1819,0,8,236505
act_fn,1819,0,8,47163
down_proj,1819,0,8,258853
final_layernorm,1819,0,8,400361
lm_head,1819,0,8,1878900
embedding,1820,0,8,89066
input_layernorm,1820,0,8,399967
q_proj,1820,0,8,96446
k_proj,1820,0,8,31446
v_proj,1820,0,8,30958
rope,1820,0,8,52690
attn,1820,0,8,68683
o_proj,1820,0,8,78326
post_layernorm,1820,0,8,400469
gate_proj,1820,0,8,236940
up_proj,1820,0,8,236251
act_fn,1820,0,8,47170
down_proj,1820,0,8,258684
final_layernorm,1820,0,8,400320
lm_head,1820,0,8,1877229
embedding,1821,0,8,89995
input_layernorm,1821,0,8,399978
q_proj,1821,0,8,96790
k_proj,1821,0,8,31559
v_proj,1821,0,8,31068
rope,1821,0,8,52653
attn,1821,0,8,69150
o_proj,1821,0,8,78470
post_layernorm,1821,0,8,400527
gate_proj,1821,0,8,238050
up_proj,1821,0,8,237169
act_fn,1821,0,8,47216
down_proj,1821,0,8,259613
final_layernorm,1821,0,8,400399
lm_head,1821,0,8,1886734
embedding,1822,0,8,89493
input_layernorm,1822,0,8,399937
q_proj,1822,0,8,96396
k_proj,1822,0,8,31419
v_proj,1822,0,8,30929
rope,1822,0,8,52654
attn,1822,0,8,69034
o_proj,1822,0,8,78198
post_layernorm,1822,0,8,400478
gate_proj,1822,0,8,236932
up_proj,1822,0,8,236254
act_fn,1822,0,8,47222
down_proj,1822,0,8,258824
final_layernorm,1822,0,8,400198
lm_head,1822,0,8,1877396
embedding,1823,0,8,90026
input_layernorm,1823,0,8,400073
q_proj,1823,0,8,96359
k_proj,1823,0,8,31390
v_proj,1823,0,8,30920
rope,1823,0,8,52629
attn,1823,0,8,68819
o_proj,1823,0,8,78247
post_layernorm,1823,0,8,400694
gate_proj,1823,0,8,236907
up_proj,1823,0,8,236175
act_fn,1823,0,8,47230
down_proj,1823,0,8,258679
final_layernorm,1823,0,8,400352
lm_head,1823,0,8,1878629
embedding,1824,0,8,90063
input_layernorm,1824,0,8,400041
q_proj,1824,0,8,96929
k_proj,1824,0,8,31607
v_proj,1824,0,8,31111
rope,1824,0,8,52927
attn,1824,0,8,68879
o_proj,1824,0,8,78676
post_layernorm,1824,0,8,400803
gate_proj,1824,0,8,238431
up_proj,1824,0,8,237666
act_fn,1824,0,8,47258
down_proj,1824,0,8,260474
final_layernorm,1824,0,8,400481
lm_head,1824,0,8,1890577
embedding,1825,0,8,90195
input_layernorm,1825,0,8,400550
q_proj,1825,0,8,96514
k_proj,1825,0,8,31433
v_proj,1825,0,8,30945
rope,1825,0,8,52673
attn,1825,0,8,69147
o_proj,1825,0,8,77767
post_layernorm,1825,0,8,401061
gate_proj,1825,0,8,237023
up_proj,1825,0,8,236299
act_fn,1825,0,8,47319
down_proj,1825,0,8,258913
final_layernorm,1825,0,8,400866
lm_head,1825,0,8,1879210
embedding,1826,0,8,89972
input_layernorm,1826,0,8,400955
q_proj,1826,0,8,96566
k_proj,1826,0,8,31461
v_proj,1826,0,8,30980
rope,1826,0,8,52735
attn,1826,0,8,69673
o_proj,1826,0,8,77787
post_layernorm,1826,0,8,401574
gate_proj,1826,0,8,237336
up_proj,1826,0,8,236567
act_fn,1826,0,8,47320
down_proj,1826,0,8,259012
final_layernorm,1826,0,8,401205
lm_head,1826,0,8,1880412
embedding,1827,0,8,90245
input_layernorm,1827,0,8,401463
q_proj,1827,0,8,96426
k_proj,1827,0,8,31390
v_proj,1827,0,8,30921
rope,1827,0,8,52735
attn,1827,0,8,69102
o_proj,1827,0,8,77668
post_layernorm,1827,0,8,402237
gate_proj,1827,0,8,237071
up_proj,1827,0,8,236383
act_fn,1827,0,8,47340
down_proj,1827,0,8,258752
final_layernorm,1827,0,8,401656
lm_head,1827,0,8,1880750
embedding,1828,0,8,89960
input_layernorm,1828,0,8,401339
q_proj,1828,0,8,96346
k_proj,1828,0,8,31385
v_proj,1828,0,8,30905
rope,1828,0,8,52882
attn,1828,0,8,69193
o_proj,1828,0,8,77627
post_layernorm,1828,0,8,402049
gate_proj,1828,0,8,236661
up_proj,1828,0,8,235871
act_fn,1828,0,8,47364
down_proj,1828,0,8,258319
final_layernorm,1828,0,8,401503
lm_head,1828,0,8,1875784
embedding,1829,0,8,90041
input_layernorm,1829,0,8,401481
q_proj,1829,0,8,96325
k_proj,1829,0,8,31353
v_proj,1829,0,8,30876
rope,1829,0,8,52762
attn,1829,0,8,68782
o_proj,1829,0,8,77584
post_layernorm,1829,0,8,402003
gate_proj,1829,0,8,236776
up_proj,1829,0,8,236044
act_fn,1829,0,8,47380
down_proj,1829,0,8,258516
final_layernorm,1829,0,8,401404
lm_head,1829,0,8,1879081
embedding,1830,0,8,89964
input_layernorm,1830,0,8,401642
q_proj,1830,0,8,96327
k_proj,1830,0,8,31369
v_proj,1830,0,8,30897
rope,1830,0,8,52828
attn,1830,0,8,69402
o_proj,1830,0,8,77853
post_layernorm,1830,0,8,402220
gate_proj,1830,0,8,236809
up_proj,1830,0,8,236113
act_fn,1830,0,8,47443
down_proj,1830,0,8,258445
final_layernorm,1830,0,8,401901
lm_head,1830,0,8,1874752
embedding,1831,0,8,90192
input_layernorm,1831,0,8,401557
q_proj,1831,0,8,96498
k_proj,1831,0,8,31414
v_proj,1831,0,8,30942
rope,1831,0,8,52877
attn,1831,0,8,69075
o_proj,1831,0,8,77804
post_layernorm,1831,0,8,402653
gate_proj,1831,0,8,237191
up_proj,1831,0,8,236507
act_fn,1831,0,8,47469
down_proj,1831,0,8,258833
final_layernorm,1831,0,8,401802
lm_head,1831,0,8,1880722
embedding,1832,0,8,90163
input_layernorm,1832,0,8,401490
q_proj,1832,0,8,96526
k_proj,1832,0,8,31439
v_proj,1832,0,8,30954
rope,1832,0,8,53004
attn,1832,0,8,69251
o_proj,1832,0,8,77757
post_layernorm,1832,0,8,402399
gate_proj,1832,0,8,237368
up_proj,1832,0,8,236633
act_fn,1832,0,8,47505
down_proj,1832,0,8,259222
final_layernorm,1832,0,8,401892
lm_head,1832,0,8,1881149
embedding,1833,0,8,90560
input_layernorm,1833,0,8,402267
q_proj,1833,0,8,96496
k_proj,1833,0,8,31414
v_proj,1833,0,8,30938
rope,1833,0,8,52819
attn,1833,0,8,68954
o_proj,1833,0,8,77698
post_layernorm,1833,0,8,403057
gate_proj,1833,0,8,237089
up_proj,1833,0,8,236230
act_fn,1833,0,8,47503
down_proj,1833,0,8,258884
final_layernorm,1833,0,8,402510
lm_head,1833,0,8,1881453
embedding,1834,0,8,90223
input_layernorm,1834,0,8,402577
q_proj,1834,0,8,96736
k_proj,1834,0,8,31502
v_proj,1834,0,8,31010
rope,1834,0,8,52932
attn,1834,0,8,69059
o_proj,1834,0,8,78009
post_layernorm,1834,0,8,403438
gate_proj,1834,0,8,237755
up_proj,1834,0,8,237010
act_fn,1834,0,8,47527
down_proj,1834,0,8,259508
final_layernorm,1834,0,8,402572
lm_head,1834,0,8,1884723
embedding,1835,0,8,90156
input_layernorm,1835,0,8,403060
q_proj,1835,0,8,96397
k_proj,1835,0,8,31396
v_proj,1835,0,8,30911
rope,1835,0,8,52898
attn,1835,0,8,69394
o_proj,1835,0,8,77735
post_layernorm,1835,0,8,403752
gate_proj,1835,0,8,237075
up_proj,1835,0,8,236502
act_fn,1835,0,8,47604
down_proj,1835,0,8,259031
final_layernorm,1835,0,8,403294
lm_head,1835,0,8,1879788
embedding,1836,0,8,90417
input_layernorm,1836,0,8,402919
q_proj,1836,0,8,96570
k_proj,1836,0,8,31436
v_proj,1836,0,8,30965
rope,1836,0,8,53041
attn,1836,0,8,69213
o_proj,1836,0,8,77841
post_layernorm,1836,0,8,404053
gate_proj,1836,0,8,237415
up_proj,1836,0,8,236620
act_fn,1836,0,8,47587
down_proj,1836,0,8,259262
final_layernorm,1836,0,8,403204
lm_head,1836,0,8,1882973
embedding,1837,0,8,90489
input_layernorm,1837,0,8,402860
q_proj,1837,0,8,96691
k_proj,1837,0,8,31482
v_proj,1837,0,8,30994
rope,1837,0,8,52976
attn,1837,0,8,69121
o_proj,1837,0,8,77991
post_layernorm,1837,0,8,403406
gate_proj,1837,0,8,237570
up_proj,1837,0,8,236873
act_fn,1837,0,8,47627
down_proj,1837,0,8,259643
final_layernorm,1837,0,8,403297
lm_head,1837,0,8,1886499
embedding,1838,0,8,90104
input_layernorm,1838,0,8,402997
q_proj,1838,0,8,96277
k_proj,1838,0,8,31329
v_proj,1838,0,8,30850
rope,1838,0,8,52907
attn,1838,0,8,69403
o_proj,1838,0,8,77764
post_layernorm,1838,0,8,403917
gate_proj,1838,0,8,236836
up_proj,1838,0,8,236314
act_fn,1838,0,8,47608
down_proj,1838,0,8,258730
final_layernorm,1838,0,8,403273
lm_head,1838,0,8,1877963
embedding,1839,0,8,90650
input_layernorm,1839,0,8,403287
q_proj,1839,0,8,96711
k_proj,1839,0,8,31478
v_proj,1839,0,8,31001
rope,1839,0,8,53043
attn,1839,0,8,68515
o_proj,1839,0,8,77940
post_layernorm,1839,0,8,404111
gate_proj,1839,0,8,237654
up_proj,1839,0,8,236852
act_fn,1839,0,8,47679
down_proj,1839,0,8,259461
final_layernorm,1839,0,8,403758
lm_head,1839,0,8,1885438
embedding,1840,0,8,90180
input_layernorm,1840,0,8,403450
q_proj,1840,0,8,96728
k_proj,1840,0,8,31465
v_proj,1840,0,8,30976
rope,1840,0,8,53179
attn,1840,0,8,69518
o_proj,1840,0,8,78025
post_layernorm,1840,0,8,404247
gate_proj,1840,0,8,237344
up_proj,1840,0,8,236515
act_fn,1840,0,8,47721
down_proj,1840,0,8,259180
final_layernorm,1840,0,8,403702
lm_head,1840,0,8,1883206
embedding,1841,0,8,90790
input_layernorm,1841,0,8,403604
q_proj,1841,0,8,96819
k_proj,1841,0,8,31528
v_proj,1841,0,8,31036
rope,1841,0,8,53114
attn,1841,0,8,69422
o_proj,1841,0,8,78063
post_layernorm,1841,0,8,404283
gate_proj,1841,0,8,237945
up_proj,1841,0,8,237349
act_fn,1841,0,8,47692
down_proj,1841,0,8,259917
final_layernorm,1841,0,8,404150
lm_head,1841,0,8,1884787
embedding,1842,0,8,90550
input_layernorm,1842,0,8,403899
q_proj,1842,0,8,96816
k_proj,1842,0,8,31513
v_proj,1842,0,8,31028
rope,1842,0,8,53145
attn,1842,0,8,69238
o_proj,1842,0,8,78093
post_layernorm,1842,0,8,404636
gate_proj,1842,0,8,237998
up_proj,1842,0,8,237335
act_fn,1842,0,8,47727
down_proj,1842,0,8,259933
final_layernorm,1842,0,8,404252
lm_head,1842,0,8,1884860
embedding,1843,0,8,90640
input_layernorm,1843,0,8,404137
q_proj,1843,0,8,96471
k_proj,1843,0,8,31388
v_proj,1843,0,8,30912
rope,1843,0,8,53100
attn,1843,0,8,69293
o_proj,1843,0,8,77891
post_layernorm,1843,0,8,404707
gate_proj,1843,0,8,237158
up_proj,1843,0,8,236495
act_fn,1843,0,8,47775
down_proj,1843,0,8,258922
final_layernorm,1843,0,8,404570
lm_head,1843,0,8,1881688
embedding,1844,0,8,90732
input_layernorm,1844,0,8,403934
q_proj,1844,0,8,96561
k_proj,1844,0,8,31415
v_proj,1844,0,8,30943
rope,1844,0,8,53226
attn,1844,0,8,68840
o_proj,1844,0,8,77970
post_layernorm,1844,0,8,404994
gate_proj,1844,0,8,237260
up_proj,1844,0,8,236471
act_fn,1844,0,8,47811
down_proj,1844,0,8,259002
final_layernorm,1844,0,8,404382
lm_head,1844,0,8,1883313
embedding,1845,0,8,90759
input_layernorm,1845,0,8,404500
q_proj,1845,0,8,96562
k_proj,1845,0,8,31426
v_proj,1845,0,8,30959
rope,1845,0,8,53167
attn,1845,0,8,69169
o_proj,1845,0,8,78048
post_layernorm,1845,0,8,405458
gate_proj,1845,0,8,237522
up_proj,1845,0,8,236686
act_fn,1845,0,8,47776
down_proj,1845,0,8,259146
final_layernorm,1845,0,8,405066
lm_head,1845,0,8,1882905
embedding,1846,0,8,90637
input_layernorm,1846,0,8,404682
q_proj,1846,0,8,96582
k_proj,1846,0,8,31429
v_proj,1846,0,8,30951
rope,1846,0,8,53172
attn,1846,0,8,69376
o_proj,1846,0,8,78093
post_layernorm,1846,0,8,405542
gate_proj,1846,0,8,237491
up_proj,1846,0,8,236800
act_fn,1846,0,8,47862
down_proj,1846,0,8,259527
final_layernorm,1846,0,8,405115
lm_head,1846,0,8,1882979
embedding,1847,0,8,91344
input_layernorm,1847,0,8,404953
q_proj,1847,0,8,96611
k_proj,1847,0,8,31424
v_proj,1847,0,8,30963
rope,1847,0,8,53170
attn,1847,0,8,69497
o_proj,1847,0,8,78085
post_layernorm,1847,0,8,405811
gate_proj,1847,0,8,237450
up_proj,1847,0,8,236862
act_fn,1847,0,8,47901
down_proj,1847,0,8,259373
final_layernorm,1847,0,8,405326
lm_head,1847,0,8,1883611
embedding,1848,0,8,91470
input_layernorm,1848,0,8,405165
q_proj,1848,0,8,97024
k_proj,1848,0,8,31594
v_proj,1848,0,8,31101
rope,1848,0,8,53438
attn,1848,0,8,69395
o_proj,1848,0,8,78428
post_layernorm,1848,0,8,405741
gate_proj,1848,0,8,238367
up_proj,1848,0,8,237865
act_fn,1848,0,8,47888
down_proj,1848,0,8,260638
final_layernorm,1848,0,8,405556
lm_head,1848,0,8,1889107
embedding,1849,0,8,91184
input_layernorm,1849,0,8,405244
q_proj,1849,0,8,96372
k_proj,1849,0,8,31347
v_proj,1849,0,8,30872
rope,1849,0,8,53243
attn,1849,0,8,68879
o_proj,1849,0,8,77870
post_layernorm,1849,0,8,405963
gate_proj,1849,0,8,236926
up_proj,1849,0,8,236311
act_fn,1849,0,8,47906
down_proj,1849,0,8,258622
final_layernorm,1849,0,8,405431
lm_head,1849,0,8,1878983
embedding,1850,0,8,91290
input_layernorm,1850,0,8,405651
q_proj,1850,0,8,96877
k_proj,1850,0,8,31529
v_proj,1850,0,8,31045
rope,1850,0,8,53411
attn,1850,0,8,69647
o_proj,1850,0,8,78399
post_layernorm,1850,0,8,406526
gate_proj,1850,0,8,238199
up_proj,1850,0,8,237532
act_fn,1850,0,8,47944
down_proj,1850,0,8,260122
final_layernorm,1850,0,8,406003
lm_head,1850,0,8,1888208
embedding,1851,0,8,91211
input_layernorm,1851,0,8,405508
q_proj,1851,0,8,96543
k_proj,1851,0,8,31400
v_proj,1851,0,8,30919
rope,1851,0,8,53348
attn,1851,0,8,69349
o_proj,1851,0,8,78060
post_layernorm,1851,0,8,406359
gate_proj,1851,0,8,237115
up_proj,1851,0,8,236494
act_fn,1851,0,8,48001
down_proj,1851,0,8,259131
final_layernorm,1851,0,8,405870
lm_head,1851,0,8,1882792
embedding,1852,0,8,91078
input_layernorm,1852,0,8,405739
q_proj,1852,0,8,96571
k_proj,1852,0,8,31431
v_proj,1852,0,8,30947
rope,1852,0,8,53484
attn,1852,0,8,69256
o_proj,1852,0,8,78156
post_layernorm,1852,0,8,406358
gate_proj,1852,0,8,237281
up_proj,1852,0,8,236609
act_fn,1852,0,8,47944
down_proj,1852,0,8,259132
final_layernorm,1852,0,8,406539
lm_head,1852,0,8,1883309
embedding,1853,0,8,91228
input_layernorm,1853,0,8,405981
q_proj,1853,0,8,96797
k_proj,1853,0,8,31486
v_proj,1853,0,8,31017
rope,1853,0,8,53449
attn,1853,0,8,68920
o_proj,1853,0,8,78321
post_layernorm,1853,0,8,406829
gate_proj,1853,0,8,237853
up_proj,1853,0,8,237128
act_fn,1853,0,8,48044
down_proj,1853,0,8,259647
final_layernorm,1853,0,8,406265
lm_head,1853,0,8,1886416
embedding,1854,0,8,91581
input_layernorm,1854,0,8,406216
q_proj,1854,0,8,96810
k_proj,1854,0,8,31526
v_proj,1854,0,8,31036
rope,1854,0,8,53527
attn,1854,0,8,69326
o_proj,1854,0,8,78266
post_layernorm,1854,0,8,407133
gate_proj,1854,0,8,237885
up_proj,1854,0,8,237184
act_fn,1854,0,8,48028
down_proj,1854,0,8,259776
final_layernorm,1854,0,8,406576
lm_head,1854,0,8,1887117
embedding,1855,0,8,91306
input_layernorm,1855,0,8,406333
q_proj,1855,0,8,96619
k_proj,1855,0,8,31422
v_proj,1855,0,8,30946
rope,1855,0,8,53474
attn,1855,0,8,69750
o_proj,1855,0,8,78135
post_layernorm,1855,0,8,407000
gate_proj,1855,0,8,237328
up_proj,1855,0,8,236786
act_fn,1855,0,8,48002
down_proj,1855,0,8,259210
final_layernorm,1855,0,8,406952
lm_head,1855,0,8,1882493
embedding,1856,0,8,91286
input_layernorm,1856,0,8,406385
q_proj,1856,0,8,96836
k_proj,1856,0,8,31515
v_proj,1856,0,8,31032
rope,1856,0,8,53672
attn,1856,0,8,68870
o_proj,1856,0,8,78292
post_layernorm,1856,0,8,407249
gate_proj,1856,0,8,237751
up_proj,1856,0,8,237205
act_fn,1856,0,8,48135
down_proj,1856,0,8,259815
final_layernorm,1856,0,8,406841
lm_head,1856,0,8,1884620
embedding,1857,0,8,91320
input_layernorm,1857,0,8,406802
q_proj,1857,0,8,96618
k_proj,1857,0,8,31440
v_proj,1857,0,8,30961
rope,1857,0,8,53472
attn,1857,0,8,72981
o_proj,1857,0,8,78174
post_layernorm,1857,0,8,407680
gate_proj,1857,0,8,237403
up_proj,1857,0,8,236756
act_fn,1857,0,8,48112
down_proj,1857,0,8,259419
final_layernorm,1857,0,8,407289
lm_head,1857,0,8,1882789
embedding,1858,0,8,91458
input_layernorm,1858,0,8,406809
q_proj,1858,0,8,96574
k_proj,1858,0,8,31398
v_proj,1858,0,8,30930
rope,1858,0,8,53523
attn,1858,0,8,72420
o_proj,1858,0,8,78162
post_layernorm,1858,0,8,407838
gate_proj,1858,0,8,237469
up_proj,1858,0,8,236762
act_fn,1858,0,8,48152
down_proj,1858,0,8,259165
final_layernorm,1858,0,8,407597
lm_head,1858,0,8,1884131
embedding,1859,0,8,91718
input_layernorm,1859,0,8,406899
q_proj,1859,0,8,96911
k_proj,1859,0,8,31537
v_proj,1859,0,8,31046
rope,1859,0,8,53611
attn,1859,0,8,73242
o_proj,1859,0,8,78312
post_layernorm,1859,0,8,407820
gate_proj,1859,0,8,238132
up_proj,1859,0,8,237428
act_fn,1859,0,8,48145
down_proj,1859,0,8,259965
final_layernorm,1859,0,8,407551
lm_head,1859,0,8,1888372
embedding,1860,0,8,91288
input_layernorm,1860,0,8,407291
q_proj,1860,0,8,96770
k_proj,1860,0,8,31505
v_proj,1860,0,8,31011
rope,1860,0,8,53750
attn,1860,0,8,72989
o_proj,1860,0,8,78426
post_layernorm,1860,0,8,407991
gate_proj,1860,0,8,238028
up_proj,1860,0,8,237270
act_fn,1860,0,8,48195
down_proj,1860,0,8,259983
final_layernorm,1860,0,8,407721
lm_head,1860,0,8,1885699
embedding,1861,0,8,91002
input_layernorm,1861,0,8,407348
q_proj,1861,0,8,96486
k_proj,1861,0,8,31387
v_proj,1861,0,8,30907
rope,1861,0,8,53555
attn,1861,0,8,72969
o_proj,1861,0,8,78134
post_layernorm,1861,0,8,407889
gate_proj,1861,0,8,237135
up_proj,1861,0,8,236499
act_fn,1861,0,8,48229
down_proj,1861,0,8,258917
final_layernorm,1861,0,8,407958
lm_head,1861,0,8,1879384
embedding,1862,0,8,91319
input_layernorm,1862,0,8,407719
q_proj,1862,0,8,96570
k_proj,1862,0,8,31401
v_proj,1862,0,8,30926
rope,1862,0,8,53590
attn,1862,0,8,72531
o_proj,1862,0,8,78226
post_layernorm,1862,0,8,408450
gate_proj,1862,0,8,237300
up_proj,1862,0,8,236778
act_fn,1862,0,8,48279
down_proj,1862,0,8,259199
final_layernorm,1862,0,8,407841
lm_head,1862,0,8,1884850
embedding,1863,0,8,91265
input_layernorm,1863,0,8,408422
q_proj,1863,0,8,96582
k_proj,1863,0,8,31408
v_proj,1863,0,8,30936
rope,1863,0,8,53601
attn,1863,0,8,72902
o_proj,1863,0,8,78203
post_layernorm,1863,0,8,408962
gate_proj,1863,0,8,237230
up_proj,1863,0,8,236587
act_fn,1863,0,8,48247
down_proj,1863,0,8,258961
final_layernorm,1863,0,8,408528
lm_head,1863,0,8,1882891
embedding,1864,0,8,92062
input_layernorm,1864,0,8,408406
q_proj,1864,0,8,96811
k_proj,1864,0,8,31519
v_proj,1864,0,8,31027
rope,1864,0,8,53862
attn,1864,0,8,72644
o_proj,1864,0,8,78415
post_layernorm,1864,0,8,408889
gate_proj,1864,0,8,237734
up_proj,1864,0,8,237079
act_fn,1864,0,8,48263
down_proj,1864,0,8,259499
final_layernorm,1864,0,8,408359
lm_head,1864,0,8,1883167
embedding,1865,0,8,91717
input_layernorm,1865,0,8,408666
q_proj,1865,0,8,96813
k_proj,1865,0,8,31505
v_proj,1865,0,8,31026
rope,1865,0,8,53764
attn,1865,0,8,73106
o_proj,1865,0,8,78462
post_layernorm,1865,0,8,409328
gate_proj,1865,0,8,237976
up_proj,1865,0,8,237396
act_fn,1865,0,8,48279
down_proj,1865,0,8,259983
final_layernorm,1865,0,8,408983
lm_head,1865,0,8,1887483
embedding,1866,0,8,92273
input_layernorm,1866,0,8,408285
q_proj,1866,0,8,96748
k_proj,1866,0,8,31479
v_proj,1866,0,8,31002
rope,1866,0,8,53741
attn,1866,0,8,72977
o_proj,1866,0,8,78362
post_layernorm,1866,0,8,409344
gate_proj,1866,0,8,237766
up_proj,1866,0,8,237065
act_fn,1866,0,8,48339
down_proj,1866,0,8,259426
final_layernorm,1866,0,8,408901
lm_head,1866,0,8,1885732
embedding,1867,0,8,91703
input_layernorm,1867,0,8,408764
q_proj,1867,0,8,96633
k_proj,1867,0,8,31409
v_proj,1867,0,8,30934
rope,1867,0,8,53775
attn,1867,0,8,72845
o_proj,1867,0,8,78190
post_layernorm,1867,0,8,409290
gate_proj,1867,0,8,237495
up_proj,1867,0,8,236905
act_fn,1867,0,8,48386
down_proj,1867,0,8,259258
final_layernorm,1867,0,8,409179
lm_head,1867,0,8,1884776
embedding,1868,0,8,92133
input_layernorm,1868,0,8,408895
q_proj,1868,0,8,96920
k_proj,1868,0,8,31518
v_proj,1868,0,8,31032
rope,1868,0,8,53981
attn,1868,0,8,73569
o_proj,1868,0,8,78441
post_layernorm,1868,0,8,409527
gate_proj,1868,0,8,237997
up_proj,1868,0,8,237330
act_fn,1868,0,8,48441
down_proj,1868,0,8,259795
final_layernorm,1868,0,8,409042
lm_head,1868,0,8,1887930
embedding,1869,0,8,92070
input_layernorm,1869,0,8,409222
q_proj,1869,0,8,96689
k_proj,1869,0,8,31442
v_proj,1869,0,8,30972
rope,1869,0,8,53854
attn,1869,0,8,72695
o_proj,1869,0,8,78412
post_layernorm,1869,0,8,409931
gate_proj,1869,0,8,237727
up_proj,1869,0,8,236978
act_fn,1869,0,8,48430
down_proj,1869,0,8,259317
final_layernorm,1869,0,8,409078
lm_head,1869,0,8,1883376
embedding,1870,0,8,92177
input_layernorm,1870,0,8,409282
q_proj,1870,0,8,96666
k_proj,1870,0,8,31432
v_proj,1870,0,8,30937
rope,1870,0,8,53827
attn,1870,0,8,72499
o_proj,1870,0,8,78310
post_layernorm,1870,0,8,409793
gate_proj,1870,0,8,237561
up_proj,1870,0,8,237041
act_fn,1870,0,8,48475
down_proj,1870,0,8,259438
final_layernorm,1870,0,8,409519
lm_head,1870,0,8,1883447
embedding,1871,0,8,92176
input_layernorm,1871,0,8,409646
q_proj,1871,0,8,96733
k_proj,1871,0,8,31441
v_proj,1871,0,8,30963
rope,1871,0,8,53848
attn,1871,0,8,73335
o_proj,1871,0,8,78370
post_layernorm,1871,0,8,410240
gate_proj,1871,0,8,237641
up_proj,1871,0,8,237048
act_fn,1871,0,8,48497
down_proj,1871,0,8,259322
final_layernorm,1871,0,8,409872
lm_head,1871,0,8,1884940
embedding,1872,0,8,92425
input_layernorm,1872,0,8,409571
q_proj,1872,0,8,96705
k_proj,1872,0,8,31442
v_proj,1872,0,8,30968
rope,1872,0,8,54015
attn,1872,0,8,72317
o_proj,1872,0,8,78337
post_layernorm,1872,0,8,410026
gate_proj,1872,0,8,237494
up_proj,1872,0,8,236914
act_fn,1872,0,8,48518
down_proj,1872,0,8,259165
final_layernorm,1872,0,8,409971
lm_head,1872,0,8,1886395
embedding,1873,0,8,92496
input_layernorm,1873,0,8,409908
q_proj,1873,0,8,96858
k_proj,1873,0,8,31504
v_proj,1873,0,8,31025
rope,1873,0,8,53938
attn,1873,0,8,73193
o_proj,1873,0,8,78399
post_layernorm,1873,0,8,410617
gate_proj,1873,0,8,238007
up_proj,1873,0,8,237428
act_fn,1873,0,8,48513
down_proj,1873,0,8,259818
final_layernorm,1873,0,8,410251
lm_head,1873,0,8,1887682
embedding,1874,0,8,92225
input_layernorm,1874,0,8,410294
q_proj,1874,0,8,96864
k_proj,1874,0,8,31484
v_proj,1874,0,8,31007
rope,1874,0,8,53947
attn,1874,0,8,73328
o_proj,1874,0,8,78481
post_layernorm,1874,0,8,410952
gate_proj,1874,0,8,237734
up_proj,1874,0,8,237057
act_fn,1874,0,8,48543
down_proj,1874,0,8,259345
final_layernorm,1874,0,8,410411
lm_head,1874,0,8,1885593
embedding,1875,0,8,92362
input_layernorm,1875,0,8,410914
q_proj,1875,0,8,97085
k_proj,1875,0,8,31578
v_proj,1875,0,8,31087
rope,1875,0,8,54012
attn,1875,0,8,73024
o_proj,1875,0,8,78673
post_layernorm,1875,0,8,411524
gate_proj,1875,0,8,238253
up_proj,1875,0,8,237679
act_fn,1875,0,8,48594
down_proj,1875,0,8,260305
final_layernorm,1875,0,8,411179
lm_head,1875,0,8,1891357
embedding,1876,0,8,92778
input_layernorm,1876,0,8,410821
q_proj,1876,0,8,96936
k_proj,1876,0,8,31540
v_proj,1876,0,8,31055
rope,1876,0,8,54207
attn,1876,0,8,73384
o_proj,1876,0,8,78544
post_layernorm,1876,0,8,411462
gate_proj,1876,0,8,238143
up_proj,1876,0,8,237560
act_fn,1876,0,8,48600
down_proj,1876,0,8,260040
final_layernorm,1876,0,8,411426
lm_head,1876,0,8,1887657
embedding,1877,0,8,92008
input_layernorm,1877,0,8,411355
q_proj,1877,0,8,96598
k_proj,1877,0,8,31386
v_proj,1877,0,8,30917
rope,1877,0,8,53953
attn,1877,0,8,72640
o_proj,1877,0,8,78294
post_layernorm,1877,0,8,412056
gate_proj,1877,0,8,237220
up_proj,1877,0,8,236723
act_fn,1877,0,8,48613
down_proj,1877,0,8,259016
final_layernorm,1877,0,8,411420
lm_head,1877,0,8,1884418
embedding,1878,0,8,92519
input_layernorm,1878,0,8,411271
q_proj,1878,0,8,96850
k_proj,1878,0,8,31471
v_proj,1878,0,8,31004
rope,1878,0,8,54051
attn,1878,0,8,73145
o_proj,1878,0,8,78622
post_layernorm,1878,0,8,411921
gate_proj,1878,0,8,238150
up_proj,1878,0,8,237563
act_fn,1878,0,8,48660
down_proj,1878,0,8,259875
final_layernorm,1878,0,8,411434
lm_head,1878,0,8,1888720
embedding,1879,0,8,92622
input_layernorm,1879,0,8,411215
q_proj,1879,0,8,97173
k_proj,1879,0,8,31587
v_proj,1879,0,8,31111
rope,1879,0,8,54133
attn,1879,0,8,73932
o_proj,1879,0,8,78808
post_layernorm,1879,0,8,411736
gate_proj,1879,0,8,238560
up_proj,1879,0,8,238121
act_fn,1879,0,8,48676
down_proj,1879,0,8,260632
final_layernorm,1879,0,8,411855
lm_head,1879,0,8,1893281
embedding,1880,0,8,92779
input_layernorm,1880,0,8,410876
q_proj,1880,0,8,97088
k_proj,1880,0,8,31571
v_proj,1880,0,8,31090
rope,1880,0,8,54252
attn,1880,0,8,73655
o_proj,1880,0,8,78708
post_layernorm,1880,0,8,411654
gate_proj,1880,0,8,238516
up_proj,1880,0,8,237971
act_fn,1880,0,8,48698
down_proj,1880,0,8,260507
final_layernorm,1880,0,8,411745
lm_head,1880,0,8,1891565
embedding,1881,0,8,92232
input_layernorm,1881,0,8,411536
q_proj,1881,0,8,96859
k_proj,1881,0,8,31485
v_proj,1881,0,8,31003
rope,1881,0,8,54092
attn,1881,0,8,73206
o_proj,1881,0,8,78597
post_layernorm,1881,0,8,412296
gate_proj,1881,0,8,237942
up_proj,1881,0,8,237284
act_fn,1881,0,8,48707
down_proj,1881,0,8,259769
final_layernorm,1881,0,8,411971
lm_head,1881,0,8,1887531
embedding,1882,0,8,92771
input_layernorm,1882,0,8,411728
q_proj,1882,0,8,96848
k_proj,1882,0,8,31482
v_proj,1882,0,8,31006
rope,1882,0,8,54114
attn,1882,0,8,73961
o_proj,1882,0,8,78614
post_layernorm,1882,0,8,412471
gate_proj,1882,0,8,237895
up_proj,1882,0,8,237412
act_fn,1882,0,8,48776
down_proj,1882,0,8,259804
final_layernorm,1882,0,8,412056
lm_head,1882,0,8,1885392
embedding,1883,0,8,92327
input_layernorm,1883,0,8,412041
q_proj,1883,0,8,96560
k_proj,1883,0,8,31377
v_proj,1883,0,8,30905
rope,1883,0,8,54071
attn,1883,0,8,72752
o_proj,1883,0,8,78500
post_layernorm,1883,0,8,413006
gate_proj,1883,0,8,237299
up_proj,1883,0,8,236690
act_fn,1883,0,8,48798
down_proj,1883,0,8,258898
final_layernorm,1883,0,8,412558
lm_head,1883,0,8,1882353
embedding,1884,0,8,93034
input_layernorm,1884,0,8,412529
q_proj,1884,0,8,97132
k_proj,1884,0,8,31580
v_proj,1884,0,8,31099
rope,1884,0,8,54359
attn,1884,0,8,73207
o_proj,1884,0,8,78880
post_layernorm,1884,0,8,413286
gate_proj,1884,0,8,238519
up_proj,1884,0,8,238152
act_fn,1884,0,8,48797
down_proj,1884,0,8,260615
final_layernorm,1884,0,8,413145
lm_head,1884,0,8,1892000
embedding,1885,0,8,92694
input_layernorm,1885,0,8,412670
q_proj,1885,0,8,96718
k_proj,1885,0,8,31438
v_proj,1885,0,8,30967
rope,1885,0,8,54122
attn,1885,0,8,73059
o_proj,1885,0,8,78580
post_layernorm,1885,0,8,413423
gate_proj,1885,0,8,237908
up_proj,1885,0,8,237330
act_fn,1885,0,8,48854
down_proj,1885,0,8,259776
final_layernorm,1885,0,8,413325
lm_head,1885,0,8,1886491
embedding,1886,0,8,92715
input_layernorm,1886,0,8,412508
q_proj,1886,0,8,96557
k_proj,1886,0,8,31371
v_proj,1886,0,8,30904
rope,1886,0,8,54073
attn,1886,0,8,72645
o_proj,1886,0,8,78528
post_layernorm,1886,0,8,413038
gate_proj,1886,0,8,237157
up_proj,1886,0,8,236637
act_fn,1886,0,8,48881
down_proj,1886,0,8,258930
final_layernorm,1886,0,8,413244
lm_head,1886,0,8,1884679
embedding,1887,0,8,93280
input_layernorm,1887,0,8,412595
q_proj,1887,0,8,97259
k_proj,1887,0,8,31610
v_proj,1887,0,8,31124
rope,1887,0,8,54289
attn,1887,0,8,72601
o_proj,1887,0,8,79034
post_layernorm,1887,0,8,413530
gate_proj,1887,0,8,238718
up_proj,1887,0,8,238142
act_fn,1887,0,8,48895
down_proj,1887,0,8,260600
final_layernorm,1887,0,8,413176
lm_head,1887,0,8,1890668
embedding,1888,0,8,93194
input_layernorm,1888,0,8,412709
q_proj,1888,0,8,96802
k_proj,1888,0,8,31458
v_proj,1888,0,8,30993
rope,1888,0,8,54279
attn,1888,0,8,73597
o_proj,1888,0,8,78768
post_layernorm,1888,0,8,413475
gate_proj,1888,0,8,237841
up_proj,1888,0,8,237260
act_fn,1888,0,8,48937
down_proj,1888,0,8,259536
final_layernorm,1888,0,8,413062
lm_head,1888,0,8,1887090
embedding,1889,0,8,92969
input_layernorm,1889,0,8,413367
q_proj,1889,0,8,96930
k_proj,1889,0,8,31509
v_proj,1889,0,8,31032
rope,1889,0,8,54240
attn,1889,0,8,73260
o_proj,1889,0,8,78755
post_layernorm,1889,0,8,413708
gate_proj,1889,0,8,238289
up_proj,1889,0,8,237660
act_fn,1889,0,8,48879
down_proj,1889,0,8,260106
final_layernorm,1889,0,8,413113
lm_head,1889,0,8,1890056
embedding,1890,0,8,93309
input_layernorm,1890,0,8,413647
q_proj,1890,0,8,96779
k_proj,1890,0,8,31437
v_proj,1890,0,8,30960
rope,1890,0,8,54201
attn,1890,0,8,73607
o_proj,1890,0,8,78713
post_layernorm,1890,0,8,413883
gate_proj,1890,0,8,237578
up_proj,1890,0,8,236928
act_fn,1890,0,8,48991
down_proj,1890,0,8,259342
final_layernorm,1890,0,8,413546
lm_head,1890,0,8,1885474
embedding,1891,0,8,93461
input_layernorm,1891,0,8,413579
q_proj,1891,0,8,96791
k_proj,1891,0,8,31455
v_proj,1891,0,8,30985
rope,1891,0,8,54377
attn,1891,0,8,73180
o_proj,1891,0,8,78698
post_layernorm,1891,0,8,414341
gate_proj,1891,0,8,237900
up_proj,1891,0,8,237463
act_fn,1891,0,8,48935
down_proj,1891,0,8,259814
final_layernorm,1891,0,8,414189
lm_head,1891,0,8,1890902
embedding,1892,0,8,93583
input_layernorm,1892,0,8,414193
q_proj,1892,0,8,97212
k_proj,1892,0,8,31615
v_proj,1892,0,8,31126
rope,1892,0,8,54618
attn,1892,0,8,73821
o_proj,1892,0,8,79021
post_layernorm,1892,0,8,414804
gate_proj,1892,0,8,238770
up_proj,1892,0,8,238168
act_fn,1892,0,8,49071
down_proj,1892,0,8,260713
final_layernorm,1892,0,8,414597
lm_head,1892,0,8,1893822
embedding,1893,0,8,93540
input_layernorm,1893,0,8,414415
q_proj,1893,0,8,96956
k_proj,1893,0,8,31509
v_proj,1893,0,8,31036
rope,1893,0,8,54504
attn,1893,0,8,73924
o_proj,1893,0,8,78923
post_layernorm,1893,0,8,415050
gate_proj,1893,0,8,238184
up_proj,1893,0,8,237701
act_fn,1893,0,8,49077
down_proj,1893,0,8,260117
final_layernorm,1893,0,8,414860
lm_head,1893,0,8,1890447
embedding,1894,0,8,93293
input_layernorm,1894,0,8,414218
q_proj,1894,0,8,96688
k_proj,1894,0,8,31411
v_proj,1894,0,8,30951
rope,1894,0,8,54411
attn,1894,0,8,73709
o_proj,1894,0,8,78663
post_layernorm,1894,0,8,415052
gate_proj,1894,0,8,237546
up_proj,1894,0,8,237033
act_fn,1894,0,8,49055
down_proj,1894,0,8,259360
final_layernorm,1894,0,8,414603
lm_head,1894,0,8,1885768
embedding,1895,0,8,93127
input_layernorm,1895,0,8,413952
q_proj,1895,0,8,96825
k_proj,1895,0,8,31476
v_proj,1895,0,8,30996
rope,1895,0,8,54483
attn,1895,0,8,73202
o_proj,1895,0,8,78841
post_layernorm,1895,0,8,414773
gate_proj,1895,0,8,237780
up_proj,1895,0,8,237067
act_fn,1895,0,8,49097
down_proj,1895,0,8,259321
final_layernorm,1895,0,8,414642
lm_head,1895,0,8,1885352
embedding,1896,0,8,93592
input_layernorm,1896,0,8,414205
q_proj,1896,0,8,96776
k_proj,1896,0,8,31443
v_proj,1896,0,8,30969
rope,1896,0,8,54617
attn,1896,0,8,72546
o_proj,1896,0,8,78712
post_layernorm,1896,0,8,414790
gate_proj,1896,0,8,237726
up_proj,1896,0,8,237163
act_fn,1896,0,8,49100
down_proj,1896,0,8,259605
final_layernorm,1896,0,8,414478
lm_head,1896,0,8,1889280
embedding,1897,0,8,93728
input_layernorm,1897,0,8,414982
q_proj,1897,0,8,97246
k_proj,1897,0,8,31620
v_proj,1897,0,8,31133
rope,1897,0,8,54597
attn,1897,0,8,73653
o_proj,1897,0,8,79112
post_layernorm,1897,0,8,415372
gate_proj,1897,0,8,238724
up_proj,1897,0,8,238076
act_fn,1897,0,8,49165
down_proj,1897,0,8,260553
final_layernorm,1897,0,8,415034
lm_head,1897,0,8,1892914
embedding,1898,0,8,93959
input_layernorm,1898,0,8,415164
q_proj,1898,0,8,97204
k_proj,1898,0,8,31631
v_proj,1898,0,8,31141
rope,1898,0,8,54594
attn,1898,0,8,74168
o_proj,1898,0,8,79051
post_layernorm,1898,0,8,415788
gate_proj,1898,0,8,238567
up_proj,1898,0,8,238037
act_fn,1898,0,8,49086
down_proj,1898,0,8,260560
final_layernorm,1898,0,8,415265
lm_head,1898,0,8,1895627
embedding,1899,0,8,93628
input_layernorm,1899,0,8,415743
q_proj,1899,0,8,97315
k_proj,1899,0,8,31652
v_proj,1899,0,8,31159
rope,1899,0,8,54617
attn,1899,0,8,74477
o_proj,1899,0,8,79239
post_layernorm,1899,0,8,416148
gate_proj,1899,0,8,239158
up_proj,1899,0,8,238558
act_fn,1899,0,8,49168
down_proj,1899,0,8,261115
final_layernorm,1899,0,8,415953
lm_head,1899,0,8,1896224
embedding,1900,0,8,93792
input_layernorm,1900,0,8,415300
q_proj,1900,0,8,97168
k_proj,1900,0,8,31578
v_proj,1900,0,8,31092
rope,1900,0,8,54693
attn,1900,0,8,73501
o_proj,1900,0,8,79131
post_layernorm,1900,0,8,416114
gate_proj,1900,0,8,238650
up_proj,1900,0,8,238145
act_fn,1900,0,8,49224
down_proj,1900,0,8,260808
final_layernorm,1900,0,8,415966
lm_head,1900,0,8,1894959
embedding,1901,0,8,93625
input_layernorm,1901,0,8,416181
q_proj,1901,0,8,97046
k_proj,1901,0,8,31550
v_proj,1901,0,8,31063
rope,1901,0,8,54603
attn,1901,0,8,73309
o_proj,1901,0,8,79115
post_layernorm,1901,0,8,416538
gate_proj,1901,0,8,238473
up_proj,1901,0,8,237984
act_fn,1901,0,8,49219
down_proj,1901,0,8,260464
final_layernorm,1901,0,8,416682
lm_head,1901,0,8,1892180
embedding,1902,0,8,94107
input_layernorm,1902,0,8,415973
q_proj,1902,0,8,97185
k_proj,1902,0,8,31608
v_proj,1902,0,8,31125
rope,1902,0,8,54639
attn,1902,0,8,73178
o_proj,1902,0,8,79170
post_layernorm,1902,0,8,416334
gate_proj,1902,0,8,239038
up_proj,1902,0,8,238280
act_fn,1902,0,8,49232
down_proj,1902,0,8,260833
final_layernorm,1902,0,8,416272
lm_head,1902,0,8,1895500
embedding,1903,0,8,93646
input_layernorm,1903,0,8,416141
q_proj,1903,0,8,97224
k_proj,1903,0,8,31606
v_proj,1903,0,8,31119
rope,1903,0,8,54670
attn,1903,0,8,73731
o_proj,1903,0,8,79288
post_layernorm,1903,0,8,416662
gate_proj,1903,0,8,238854
up_proj,1903,0,8,238193
act_fn,1903,0,8,49313
down_proj,1903,0,8,260677
final_layernorm,1903,0,8,416483
lm_head,1903,0,8,1892019
embedding,1904,0,8,94035
input_layernorm,1904,0,8,416222
q_proj,1904,0,8,97466
k_proj,1904,0,8,31660
v_proj,1904,0,8,31171
rope,1904,0,8,54814
attn,1904,0,8,73409
o_proj,1904,0,8,79345
post_layernorm,1904,0,8,416938
gate_proj,1904,0,8,239310
up_proj,1904,0,8,238668
act_fn,1904,0,8,49337
down_proj,1904,0,8,261199
final_layernorm,1904,0,8,416704
lm_head,1904,0,8,1896814
embedding,1905,0,8,93815
input_layernorm,1905,0,8,416713
q_proj,1905,0,8,97301
k_proj,1905,0,8,31631
v_proj,1905,0,8,31149
rope,1905,0,8,54667
attn,1905,0,8,74227
o_proj,1905,0,8,79250
post_layernorm,1905,0,8,417356
gate_proj,1905,0,8,239039
up_proj,1905,0,8,238376
act_fn,1905,0,8,49341
down_proj,1905,0,8,260836
final_layernorm,1905,0,8,416996
lm_head,1905,0,8,1895895
embedding,1906,0,8,94413
input_layernorm,1906,0,8,416816
q_proj,1906,0,8,97427
k_proj,1906,0,8,31675
v_proj,1906,0,8,31185
rope,1906,0,8,54693
attn,1906,0,8,73807
o_proj,1906,0,8,79322
post_layernorm,1906,0,8,417224
gate_proj,1906,0,8,239297
up_proj,1906,0,8,238612
act_fn,1906,0,8,49377
down_proj,1906,0,8,261210
final_layernorm,1906,0,8,417097
lm_head,1906,0,8,1899507
embedding,1907,0,8,94342
input_layernorm,1907,0,8,417043
q_proj,1907,0,8,97299
k_proj,1907,0,8,31634
v_proj,1907,0,8,31137
rope,1907,0,8,54695
attn,1907,0,8,73648
o_proj,1907,0,8,79227
post_layernorm,1907,0,8,417596
gate_proj,1907,0,8,238860
up_proj,1907,0,8,238350
act_fn,1907,0,8,49400
down_proj,1907,0,8,260796
final_layernorm,1907,0,8,417509
lm_head,1907,0,8,1896271
embedding,1908,0,8,94273
input_layernorm,1908,0,8,417144
q_proj,1908,0,8,97034
k_proj,1908,0,8,31528
v_proj,1908,0,8,31046
rope,1908,0,8,54709
attn,1908,0,8,73195
o_proj,1908,0,8,79085
post_layernorm,1908,0,8,417518
gate_proj,1908,0,8,238442
up_proj,1908,0,8,238125
act_fn,1908,0,8,49416
down_proj,1908,0,8,260505
final_layernorm,1908,0,8,417554
lm_head,1908,0,8,1891764
embedding,1909,0,8,94343
input_layernorm,1909,0,8,417232
q_proj,1909,0,8,97218
k_proj,1909,0,8,31580
v_proj,1909,0,8,31105
rope,1909,0,8,54745
attn,1909,0,8,73801
o_proj,1909,0,8,79228
post_layernorm,1909,0,8,417860
gate_proj,1909,0,8,238706
up_proj,1909,0,8,238250
act_fn,1909,0,8,49430
down_proj,1909,0,8,260756
final_layernorm,1909,0,8,417741
lm_head,1909,0,8,1895848
embedding,1910,0,8,94659
input_layernorm,1910,0,8,417488
q_proj,1910,0,8,97129
k_proj,1910,0,8,31561
v_proj,1910,0,8,31077
rope,1910,0,8,54733
attn,1910,0,8,73585
o_proj,1910,0,8,79144
post_layernorm,1910,0,8,418048
gate_proj,1910,0,8,238648
up_proj,1910,0,8,238074
act_fn,1910,0,8,49491
down_proj,1910,0,8,260269
final_layernorm,1910,0,8,417928
lm_head,1910,0,8,1892224
embedding,1911,0,8,94324
input_layernorm,1911,0,8,417532
q_proj,1911,0,8,97024
k_proj,1911,0,8,31510
v_proj,1911,0,8,31034
rope,1911,0,8,54732
attn,1911,0,8,73478
o_proj,1911,0,8,79019
post_layernorm,1911,0,8,418420
gate_proj,1911,0,8,238510
up_proj,1911,0,8,237878
act_fn,1911,0,8,49495
down_proj,1911,0,8,260234
final_layernorm,1911,0,8,417954
lm_head,1911,0,8,1890420
embedding,1912,0,8,94975
input_layernorm,1912,0,8,417821
q_proj,1912,0,8,97356
k_proj,1912,0,8,31618
v_proj,1912,0,8,31139
rope,1912,0,8,54926
attn,1912,0,8,73696
o_proj,1912,0,8,79373
post_layernorm,1912,0,8,418542
gate_proj,1912,0,8,239058
up_proj,1912,0,8,238513
act_fn,1912,0,8,49531
down_proj,1912,0,8,260882
final_layernorm,1912,0,8,418097
lm_head,1912,0,8,1894811
embedding,1913,0,8,94495
input_layernorm,1913,0,8,418145
q_proj,1913,0,8,97282
k_proj,1913,0,8,31619
v_proj,1913,0,8,31140
rope,1913,0,8,54810
attn,1913,0,8,73786
o_proj,1913,0,8,79228
post_layernorm,1913,0,8,419018
gate_proj,1913,0,8,238807
up_proj,1913,0,8,238180
act_fn,1913,0,8,49571
down_proj,1913,0,8,260679
final_layernorm,1913,0,8,418413
lm_head,1913,0,8,1894707
embedding,1914,0,8,95131
input_layernorm,1914,0,8,418322
q_proj,1914,0,8,97534
k_proj,1914,0,8,31697
v_proj,1914,0,8,31215
rope,1914,0,8,54885
attn,1914,0,8,73501
o_proj,1914,0,8,79495
post_layernorm,1914,0,8,418954
gate_proj,1914,0,8,239429
up_proj,1914,0,8,238962
act_fn,1914,0,8,49593
down_proj,1914,0,8,261672
final_layernorm,1914,0,8,418866
lm_head,1914,0,8,1900364
embedding,1915,0,8,94235
input_layernorm,1915,0,8,418600
q_proj,1915,0,8,97090
k_proj,1915,0,8,31547
v_proj,1915,0,8,31065
rope,1915,0,8,54813
attn,1915,0,8,73257
o_proj,1915,0,8,79166
post_layernorm,1915,0,8,419017
gate_proj,1915,0,8,238460
up_proj,1915,0,8,237831
act_fn,1915,0,8,49608
down_proj,1915,0,8,260237
final_layernorm,1915,0,8,419020
lm_head,1915,0,8,1889983
embedding,1916,0,8,94927
input_layernorm,1916,0,8,418911
q_proj,1916,0,8,97361
k_proj,1916,0,8,31651
v_proj,1916,0,8,31171
rope,1916,0,8,55043
attn,1916,0,8,73791
o_proj,1916,0,8,79428
post_layernorm,1916,0,8,419163
gate_proj,1916,0,8,239260
up_proj,1916,0,8,238651
act_fn,1916,0,8,49638
down_proj,1916,0,8,261248
final_layernorm,1916,0,8,419086
lm_head,1916,0,8,1896801
embedding,1917,0,8,94724
input_layernorm,1917,0,8,418771
q_proj,1917,0,8,97223
k_proj,1917,0,8,31574
v_proj,1917,0,8,31088
rope,1917,0,8,54970
attn,1917,0,8,73425
o_proj,1917,0,8,79324
post_layernorm,1917,0,8,419869
gate_proj,1917,0,8,238631
up_proj,1917,0,8,238067
act_fn,1917,0,8,49662
down_proj,1917,0,8,260537
final_layernorm,1917,0,8,419330
lm_head,1917,0,8,1893008
embedding,1918,0,8,95078
input_layernorm,1918,0,8,419217
q_proj,1918,0,8,97292
k_proj,1918,0,8,31608
v_proj,1918,0,8,31131
rope,1918,0,8,54934
attn,1918,0,8,73760
o_proj,1918,0,8,79498
post_layernorm,1918,0,8,419842
gate_proj,1918,0,8,239047
up_proj,1918,0,8,238648
act_fn,1918,0,8,49683
down_proj,1918,0,8,261117
final_layernorm,1918,0,8,419477
lm_head,1918,0,8,1896705
embedding,1919,0,8,94727
input_layernorm,1919,0,8,419248
q_proj,1919,0,8,97366
k_proj,1919,0,8,31629
v_proj,1919,0,8,31144
rope,1919,0,8,55009
attn,1919,0,8,73861
o_proj,1919,0,8,79450
post_layernorm,1919,0,8,419810
gate_proj,1919,0,8,239418
up_proj,1919,0,8,238830
act_fn,1919,0,8,49688
down_proj,1919,0,8,261481
final_layernorm,1919,0,8,419757
lm_head,1919,0,8,1896490
embedding,1920,0,8,94809
input_layernorm,1920,0,8,419241
q_proj,1920,0,8,97332
k_proj,1920,0,8,31620
v_proj,1920,0,8,31136
rope,1920,0,8,55145
attn,1920,0,8,73289
o_proj,1920,0,8,79434
post_layernorm,1920,0,8,419743
gate_proj,1920,0,8,239042
up_proj,1920,0,8,238485
act_fn,1920,0,8,49701
down_proj,1920,0,8,260958
final_layernorm,1920,0,8,419414
lm_head,1920,0,8,1895491
embedding,1921,0,8,94781
input_layernorm,1921,0,8,419404
q_proj,1921,0,8,97030
k_proj,1921,0,8,31591
v_proj,1921,0,8,31129
rope,1921,0,8,55063
attn,1921,0,8,77195
o_proj,1921,0,8,77295
post_layernorm,1921,0,8,420201
gate_proj,1921,0,8,257066
up_proj,1921,0,8,255783
act_fn,1921,0,8,49563
down_proj,1921,0,8,260272
final_layernorm,1921,0,8,419701
lm_head,1921,0,8,2012495
embedding,1922,0,8,94301
input_layernorm,1922,0,8,420065
q_proj,1922,0,8,96715
k_proj,1922,0,8,31490
v_proj,1922,0,8,31027
rope,1922,0,8,55030
attn,1922,0,8,76408
o_proj,1922,0,8,77033
post_layernorm,1922,0,8,420416
gate_proj,1922,0,8,256033
up_proj,1922,0,8,254669
act_fn,1922,0,8,49591
down_proj,1922,0,8,259188
final_layernorm,1922,0,8,420158
lm_head,1922,0,8,2005038
embedding,1923,0,8,94540
input_layernorm,1923,0,8,419614
q_proj,1923,0,8,96703
k_proj,1923,0,8,31463
v_proj,1923,0,8,31003
rope,1923,0,8,54949
attn,1923,0,8,76513
o_proj,1923,0,8,76907
post_layernorm,1923,0,8,420469
gate_proj,1923,0,8,255787
up_proj,1923,0,8,254661
act_fn,1923,0,8,49603
down_proj,1923,0,8,259157
final_layernorm,1923,0,8,420279
lm_head,1923,0,8,2004762
embedding,1924,0,8,94961
input_layernorm,1924,0,8,420194
q_proj,1924,0,8,97012
k_proj,1924,0,8,31597
v_proj,1924,0,8,31137
rope,1924,0,8,55254
attn,1924,0,8,77029
o_proj,1924,0,8,77247
post_layernorm,1924,0,8,421044
gate_proj,1924,0,8,256792
up_proj,1924,0,8,255393
act_fn,1924,0,8,49646
down_proj,1924,0,8,259965
final_layernorm,1924,0,8,420554
lm_head,1924,0,8,2007960
embedding,1925,0,8,94594
input_layernorm,1925,0,8,420062
q_proj,1925,0,8,96637
k_proj,1925,0,8,31474
v_proj,1925,0,8,31011
rope,1925,0,8,54998
attn,1925,0,8,75626
o_proj,1925,0,8,76961
post_layernorm,1925,0,8,420610
gate_proj,1925,0,8,255774
up_proj,1925,0,8,254493
act_fn,1925,0,8,49682
down_proj,1925,0,8,259166
final_layernorm,1925,0,8,420533
lm_head,1925,0,8,2002748
embedding,1926,0,8,94798
input_layernorm,1926,0,8,420600
q_proj,1926,0,8,96997
k_proj,1926,0,8,31564
v_proj,1926,0,8,31106
rope,1926,0,8,55115
attn,1926,0,8,78392
o_proj,1926,0,8,77173
post_layernorm,1926,0,8,421325
gate_proj,1926,0,8,256590
up_proj,1926,0,8,255206
act_fn,1926,0,8,49717
down_proj,1926,0,8,259880
final_layernorm,1926,0,8,420808
lm_head,1926,0,8,2010435
embedding,1927,0,8,95187
input_layernorm,1927,0,8,420497
q_proj,1927,0,8,97080
k_proj,1927,0,8,31630
v_proj,1927,0,8,31170
rope,1927,0,8,55172
attn,1927,0,8,76883
o_proj,1927,0,8,77411
post_layernorm,1927,0,8,421428
gate_proj,1927,0,8,257030
up_proj,1927,0,8,255686
act_fn,1927,0,8,49733
down_proj,1927,0,8,260351
final_layernorm,1927,0,8,421148
lm_head,1927,0,8,2012164
embedding,1928,0,8,95074
input_layernorm,1928,0,8,421019
q_proj,1928,0,8,97098
k_proj,1928,0,8,31586
v_proj,1928,0,8,31126
rope,1928,0,8,55280
attn,1928,0,8,77008
o_proj,1928,0,8,77226
post_layernorm,1928,0,8,421593
gate_proj,1928,0,8,256778
up_proj,1928,0,8,255357
act_fn,1928,0,8,49787
down_proj,1928,0,8,259973
final_layernorm,1928,0,8,421127
lm_head,1928,0,8,2008681
embedding,1929,0,8,94808
input_layernorm,1929,0,8,421334
q_proj,1929,0,8,96389
k_proj,1929,0,8,31357
v_proj,1929,0,8,30902
rope,1929,0,8,55029
attn,1929,0,8,76944
o_proj,1929,0,8,89653
post_layernorm,1929,0,8,422076
gate_proj,1929,0,8,255022
up_proj,1929,0,8,253643
act_fn,1929,0,8,49802
down_proj,1929,0,8,307871
final_layernorm,1929,0,8,421776
lm_head,1929,0,8,1998595
embedding,1930,0,8,94625
input_layernorm,1930,0,8,421577
q_proj,1930,0,8,96327
k_proj,1930,0,8,31374
v_proj,1930,0,8,30923
rope,1930,0,8,55077
attn,1930,0,8,77632
o_proj,1930,0,8,89705
post_layernorm,1930,0,8,422134
gate_proj,1930,0,8,255286
up_proj,1930,0,8,253892
act_fn,1930,0,8,49797
down_proj,1930,0,8,307842
final_layernorm,1930,0,8,421938
lm_head,1930,0,8,1998686
embedding,1931,0,8,95053
input_layernorm,1931,0,8,421086
q_proj,1931,0,8,96324
k_proj,1931,0,8,31353
v_proj,1931,0,8,30892
rope,1931,0,8,55101
attn,1931,0,8,76902
o_proj,1931,0,8,89658
post_layernorm,1931,0,8,421909
gate_proj,1931,0,8,254936
up_proj,1931,0,8,253666
act_fn,1931,0,8,49814
down_proj,1931,0,8,307730
final_layernorm,1931,0,8,421806
lm_head,1931,0,8,1995962
embedding,1932,0,8,94871
input_layernorm,1932,0,8,421611
q_proj,1932,0,8,96420
k_proj,1932,0,8,31405
v_proj,1932,0,8,30939
rope,1932,0,8,55317
attn,1932,0,8,76826
o_proj,1932,0,8,89739
post_layernorm,1932,0,8,422304
gate_proj,1932,0,8,255485
up_proj,1932,0,8,254067
act_fn,1932,0,8,49870
down_proj,1932,0,8,308257
final_layernorm,1932,0,8,421784
lm_head,1932,0,8,2001912
embedding,1933,0,8,95347
input_layernorm,1933,0,8,421376
q_proj,1933,0,8,96505
k_proj,1933,0,8,31410
v_proj,1933,0,8,30943
rope,1933,0,8,55367
attn,1933,0,8,76249
o_proj,1933,0,8,89753
post_layernorm,1933,0,8,422146
gate_proj,1933,0,8,255451
up_proj,1933,0,8,254047
act_fn,1933,0,8,49839
down_proj,1933,0,8,308197
final_layernorm,1933,0,8,421820
lm_head,1933,0,8,2000529
embedding,1934,0,8,94818
input_layernorm,1934,0,8,421517
q_proj,1934,0,8,96461
k_proj,1934,0,8,31391
v_proj,1934,0,8,30924
rope,1934,0,8,55378
attn,1934,0,8,77333
o_proj,1934,0,8,89749
post_layernorm,1934,0,8,422179
gate_proj,1934,0,8,255284
up_proj,1934,0,8,253804
act_fn,1934,0,8,49867
down_proj,1934,0,8,307964
final_layernorm,1934,0,8,422117
lm_head,1934,0,8,2001544
embedding,1935,0,8,95197
input_layernorm,1935,0,8,422018
q_proj,1935,0,8,96322
k_proj,1935,0,8,31362
v_proj,1935,0,8,30885
rope,1935,0,8,55394
attn,1935,0,8,76603
o_proj,1935,0,8,89590
post_layernorm,1935,0,8,422380
gate_proj,1935,0,8,255135
up_proj,1935,0,8,253776
act_fn,1935,0,8,49939
down_proj,1935,0,8,307737
final_layernorm,1935,0,8,422144
lm_head,1935,0,8,1996304
embedding,1936,0,8,95149
input_layernorm,1936,0,8,422182
q_proj,1936,0,8,96737
k_proj,1936,0,8,31506
v_proj,1936,0,8,31023
rope,1936,0,8,55715
attn,1936,0,8,77267
o_proj,1936,0,8,89939
post_layernorm,1936,0,8,422749
gate_proj,1936,0,8,256060
up_proj,1936,0,8,254742
act_fn,1936,0,8,49931
down_proj,1936,0,8,308845
final_layernorm,1936,0,8,422594
lm_head,1936,0,8,2005173
embedding,1937,0,8,94813
input_layernorm,1937,0,8,422252
q_proj,1937,0,8,96141
k_proj,1937,0,8,31288
v_proj,1937,0,8,30811
rope,1937,0,8,55456
attn,1937,0,8,75966
o_proj,1937,0,8,89481
post_layernorm,1937,0,8,423058
gate_proj,1937,0,8,254425
up_proj,1937,0,8,253131
act_fn,1937,0,8,49963
down_proj,1937,0,8,307192
final_layernorm,1937,0,8,422955
lm_head,1937,0,8,1992615
embedding,1938,0,8,95348
input_layernorm,1938,0,8,422940
q_proj,1938,0,8,96743
k_proj,1938,0,8,31523
v_proj,1938,0,8,31047
rope,1938,0,8,55628
attn,1938,0,8,77070
o_proj,1938,0,8,89978
post_layernorm,1938,0,8,423449
gate_proj,1938,0,8,256088
up_proj,1938,0,8,254667
act_fn,1938,0,8,49982
down_proj,1938,0,8,308654
final_layernorm,1938,0,8,423248
lm_head,1938,0,8,2005264
embedding,1939,0,8,95308
input_layernorm,1939,0,8,422872
q_proj,1939,0,8,96428
k_proj,1939,0,8,31395
v_proj,1939,0,8,30922
rope,1939,0,8,55565
attn,1939,0,8,76902
o_proj,1939,0,8,89672
post_layernorm,1939,0,8,423625
gate_proj,1939,0,8,255037
up_proj,1939,0,8,253698
act_fn,1939,0,8,50069
down_proj,1939,0,8,307713
final_layernorm,1939,0,8,423264
lm_head,1939,0,8,1997869
embedding,1940,0,8,95077
input_layernorm,1940,0,8,423258
q_proj,1940,0,8,96408
k_proj,1940,0,8,31367
v_proj,1940,0,8,30895
rope,1940,0,8,55705
attn,1940,0,8,76360
o_proj,1940,0,8,89720
post_layernorm,1940,0,8,424519
gate_proj,1940,0,8,255198
up_proj,1940,0,8,253787
act_fn,1940,0,8,50048
down_proj,1940,0,8,307878
final_layernorm,1940,0,8,423914
lm_head,1940,0,8,1999928
embedding,1941,0,8,95445
input_layernorm,1941,0,8,423263
q_proj,1941,0,8,96427
k_proj,1941,0,8,31396
v_proj,1941,0,8,30920
rope,1941,0,8,55577
attn,1941,0,8,76359
o_proj,1941,0,8,89709
post_layernorm,1941,0,8,424102
gate_proj,1941,0,8,255238
up_proj,1941,0,8,253912
act_fn,1941,0,8,50036
down_proj,1941,0,8,308062
final_layernorm,1941,0,8,423856
lm_head,1941,0,8,1999784
embedding,1942,0,8,95290
input_layernorm,1942,0,8,423839
q_proj,1942,0,8,96529
k_proj,1942,0,8,31432
v_proj,1942,0,8,30966
rope,1942,0,8,55612
attn,1942,0,8,76877
o_proj,1942,0,8,89831
post_layernorm,1942,0,8,424035
gate_proj,1942,0,8,255489
up_proj,1942,0,8,254058
act_fn,1942,0,8,50081
down_proj,1942,0,8,308244
final_layernorm,1942,0,8,424028
lm_head,1942,0,8,2000768
embedding,1943,0,8,95671
input_layernorm,1943,0,8,423591
q_proj,1943,0,8,96664
k_proj,1943,0,8,31455
v_proj,1943,0,8,30997
rope,1943,0,8,55647
attn,1943,0,8,76712
o_proj,1943,0,8,89919
post_layernorm,1943,0,8,423761
gate_proj,1943,0,8,255625
up_proj,1943,0,8,254256
act_fn,1943,0,8,50132
down_proj,1943,0,8,308391
final_layernorm,1943,0,8,424068
lm_head,1943,0,8,2004822
embedding,1944,0,8,95210
input_layernorm,1944,0,8,423841
q_proj,1944,0,8,96579
k_proj,1944,0,8,31418
v_proj,1944,0,8,30955
rope,1944,0,8,55758
attn,1944,0,8,77493
o_proj,1944,0,8,89844
post_layernorm,1944,0,8,424574
gate_proj,1944,0,8,255493
up_proj,1944,0,8,254038
act_fn,1944,0,8,50169
down_proj,1944,0,8,308231
final_layernorm,1944,0,8,424103
lm_head,1944,0,8,1998859
embedding,1945,0,8,95619
input_layernorm,1945,0,8,424395
q_proj,1945,0,8,96647
k_proj,1945,0,8,31457
v_proj,1945,0,8,30994
rope,1945,0,8,55651
attn,1945,0,8,76426
o_proj,1945,0,8,89888
post_layernorm,1945,0,8,424948
gate_proj,1945,0,8,255684
up_proj,1945,0,8,254390
act_fn,1945,0,8,50153
down_proj,1945,0,8,308584
final_layernorm,1945,0,8,424860
lm_head,1945,0,8,2003475
embedding,1946,0,8,95282
input_layernorm,1946,0,8,424561
q_proj,1946,0,8,96675
k_proj,1946,0,8,31442
v_proj,1946,0,8,30986
rope,1946,0,8,55660
attn,1946,0,8,76885
o_proj,1946,0,8,89908
post_layernorm,1946,0,8,425261
gate_proj,1946,0,8,255754
up_proj,1946,0,8,254484
act_fn,1946,0,8,50219
down_proj,1946,0,8,308671
final_layernorm,1946,0,8,425075
lm_head,1946,0,8,2003296
embedding,1947,0,8,95550
input_layernorm,1947,0,8,424637
q_proj,1947,0,8,96525
k_proj,1947,0,8,31437
v_proj,1947,0,8,30964
rope,1947,0,8,55626
attn,1947,0,8,77010
o_proj,1947,0,8,89803
post_layernorm,1947,0,8,425318
gate_proj,1947,0,8,255483
up_proj,1947,0,8,254150
act_fn,1947,0,8,50211
down_proj,1947,0,8,308104
final_layernorm,1947,0,8,425414
lm_head,1947,0,8,1998638
embedding,1948,0,8,95618
input_layernorm,1948,0,8,425381
q_proj,1948,0,8,96615
k_proj,1948,0,8,31450
v_proj,1948,0,8,30983
rope,1948,0,8,55794
attn,1948,0,8,76623
o_proj,1948,0,8,89859
post_layernorm,1948,0,8,425954
gate_proj,1948,0,8,255679
up_proj,1948,0,8,254237
act_fn,1948,0,8,50240
down_proj,1948,0,8,308289
final_layernorm,1948,0,8,426028
lm_head,1948,0,8,1999580
embedding,1949,0,8,96285
input_layernorm,1949,0,8,425115
q_proj,1949,0,8,96493
k_proj,1949,0,8,31402
v_proj,1949,0,8,30935
rope,1949,0,8,55646
attn,1949,0,8,77028
o_proj,1949,0,8,89753
post_layernorm,1949,0,8,425810
gate_proj,1949,0,8,255200
up_proj,1949,0,8,253862
act_fn,1949,0,8,50320
down_proj,1949,0,8,308019
final_layernorm,1949,0,8,425587
lm_head,1949,0,8,2000010
embedding,1950,0,8,95727
input_layernorm,1950,0,8,425440
q_proj,1950,0,8,96516
k_proj,1950,0,8,31408
v_proj,1950,0,8,30948
rope,1950,0,8,55640
attn,1950,0,8,77086
o_proj,1950,0,8,89765
post_layernorm,1950,0,8,426063
gate_proj,1950,0,8,255268
up_proj,1950,0,8,253868
act_fn,1950,0,8,50304
down_proj,1950,0,8,308047
final_layernorm,1950,0,8,426154
lm_head,1950,0,8,2000988
embedding,1951,0,8,96126
input_layernorm,1951,0,8,425040
q_proj,1951,0,8,96609
k_proj,1951,0,8,31466
v_proj,1951,0,8,30995
rope,1951,0,8,55689
attn,1951,0,8,77740
o_proj,1951,0,8,89916
post_layernorm,1951,0,8,426017
gate_proj,1951,0,8,255584
up_proj,1951,0,8,254098
act_fn,1951,0,8,50340
down_proj,1951,0,8,308290
final_layernorm,1951,0,8,425584
lm_head,1951,0,8,2002150
embedding,1952,0,8,95779
input_layernorm,1952,0,8,424823
q_proj,1952,0,8,96523
k_proj,1952,0,8,31423
v_proj,1952,0,8,30958
rope,1952,0,8,55838
attn,1952,0,8,76480
o_proj,1952,0,8,89813
post_layernorm,1952,0,8,426093
gate_proj,1952,0,8,255481
up_proj,1952,0,8,254178
act_fn,1952,0,8,50366
down_proj,1952,0,8,308455
final_layernorm,1952,0,8,425880
lm_head,1952,0,8,2000823
embedding,1953,0,8,96345
input_layernorm,1953,0,8,425859
q_proj,1953,0,8,96433
k_proj,1953,0,8,31371
v_proj,1953,0,8,30906
rope,1953,0,8,55667
attn,1953,0,8,76143
o_proj,1953,0,8,89710
post_layernorm,1953,0,8,426475
gate_proj,1953,0,8,255126
up_proj,1953,0,8,253689
act_fn,1953,0,8,50372
down_proj,1953,0,8,307962
final_layernorm,1953,0,8,426555
lm_head,1953,0,8,2000431
embedding,1954,0,8,96267
input_layernorm,1954,0,8,426225
q_proj,1954,0,8,96632
k_proj,1954,0,8,31457
v_proj,1954,0,8,31012
rope,1954,0,8,55785
attn,1954,0,8,77158
o_proj,1954,0,8,89917
post_layernorm,1954,0,8,426778
gate_proj,1954,0,8,255921
up_proj,1954,0,8,254595
act_fn,1954,0,8,50411
down_proj,1954,0,8,308716
final_layernorm,1954,0,8,426526
lm_head,1954,0,8,2004416
embedding,1955,0,8,96384
input_layernorm,1955,0,8,426157
q_proj,1955,0,8,96504
k_proj,1955,0,8,31409
v_proj,1955,0,8,30953
rope,1955,0,8,55798
attn,1955,0,8,76968
o_proj,1955,0,8,89763
post_layernorm,1955,0,8,427144
gate_proj,1955,0,8,255444
up_proj,1955,0,8,254002
act_fn,1955,0,8,50434
down_proj,1955,0,8,308091
final_layernorm,1955,0,8,426877
lm_head,1955,0,8,2001131
embedding,1956,0,8,96200
input_layernorm,1956,0,8,426618
q_proj,1956,0,8,96666
k_proj,1956,0,8,31471
v_proj,1956,0,8,31006
rope,1956,0,8,55946
attn,1956,0,8,77049
o_proj,1956,0,8,89936
post_layernorm,1956,0,8,427167
gate_proj,1956,0,8,255847
up_proj,1956,0,8,254426
act_fn,1956,0,8,50453
down_proj,1956,0,8,308567
final_layernorm,1956,0,8,427491
lm_head,1956,0,8,2005334
embedding,1957,0,8,96297
input_layernorm,1957,0,8,427056
q_proj,1957,0,8,96600
k_proj,1957,0,8,31425
v_proj,1957,0,8,30970
rope,1957,0,8,55852
attn,1957,0,8,77167
o_proj,1957,0,8,89886
post_layernorm,1957,0,8,427483
gate_proj,1957,0,8,255588
up_proj,1957,0,8,254145
act_fn,1957,0,8,50489
down_proj,1957,0,8,308191
final_layernorm,1957,0,8,427564
lm_head,1957,0,8,2004021
embedding,1958,0,8,96250
input_layernorm,1958,0,8,426872
q_proj,1958,0,8,96658
k_proj,1958,0,8,31470
v_proj,1958,0,8,31002
rope,1958,0,8,55854
attn,1958,0,8,77453
o_proj,1958,0,8,89954
post_layernorm,1958,0,8,427662
gate_proj,1958,0,8,255901
up_proj,1958,0,8,254427
act_fn,1958,0,8,50529
down_proj,1958,0,8,308509
final_layernorm,1958,0,8,427490
lm_head,1958,0,8,2002079
embedding,1959,0,8,96674
input_layernorm,1959,0,8,427178
q_proj,1959,0,8,96674
k_proj,1959,0,8,31473
v_proj,1959,0,8,31022
rope,1959,0,8,55906
attn,1959,0,8,76396
o_proj,1959,0,8,90035
post_layernorm,1959,0,8,427674
gate_proj,1959,0,8,256200
up_proj,1959,0,8,254794
act_fn,1959,0,8,50566
down_proj,1959,0,8,309120
final_layernorm,1959,0,8,427453
lm_head,1959,0,8,2008770
embedding,1960,0,8,96200
input_layernorm,1960,0,8,427246
q_proj,1960,0,8,96423
k_proj,1960,0,8,31372
v_proj,1960,0,8,30910
rope,1960,0,8,55969
attn,1960,0,8,77629
o_proj,1960,0,8,89750
post_layernorm,1960,0,8,427723
gate_proj,1960,0,8,255180
up_proj,1960,0,8,253928
act_fn,1960,0,8,50560
down_proj,1960,0,8,307965
final_layernorm,1960,0,8,427618
lm_head,1960,0,8,1999747
embedding,1961,0,8,96332
input_layernorm,1961,0,8,427409
q_proj,1961,0,8,96595
k_proj,1961,0,8,31415
v_proj,1961,0,8,30971
rope,1961,0,8,55892
attn,1961,0,8,76713
o_proj,1961,0,8,89851
post_layernorm,1961,0,8,428303
gate_proj,1961,0,8,255546
up_proj,1961,0,8,254153
act_fn,1961,0,8,50593
down_proj,1961,0,8,308435
final_layernorm,1961,0,8,427942
lm_head,1961,0,8,2003612
embedding,1962,0,8,96360
input_layernorm,1962,0,8,427834
q_proj,1962,0,8,96739
k_proj,1962,0,8,31493
v_proj,1962,0,8,31047
rope,1962,0,8,55984
attn,1962,0,8,77042
o_proj,1962,0,8,89987
post_layernorm,1962,0,8,428410
gate_proj,1962,0,8,256082
up_proj,1962,0,8,254717
act_fn,1962,0,8,50626
down_proj,1962,0,8,308748
final_layernorm,1962,0,8,428247
lm_head,1962,0,8,2007597
embedding,1963,0,8,96622
input_layernorm,1963,0,8,427823
q_proj,1963,0,8,96498
k_proj,1963,0,8,31379
v_proj,1963,0,8,30918
rope,1963,0,8,55949
attn,1963,0,8,76392
o_proj,1963,0,8,89777
post_layernorm,1963,0,8,428322
gate_proj,1963,0,8,255259
up_proj,1963,0,8,253733
act_fn,1963,0,8,50657
down_proj,1963,0,8,308053
final_layernorm,1963,0,8,428193
lm_head,1963,0,8,2000177
embedding,1964,0,8,95940
input_layernorm,1964,0,8,427973
q_proj,1964,0,8,96402
k_proj,1964,0,8,31347
v_proj,1964,0,8,30891
rope,1964,0,8,56024
attn,1964,0,8,77328
o_proj,1964,0,8,89688
post_layernorm,1964,0,8,428747
gate_proj,1964,0,8,255049
up_proj,1964,0,8,253633
act_fn,1964,0,8,50656
down_proj,1964,0,8,307869
final_layernorm,1964,0,8,428427
lm_head,1964,0,8,2001253
embedding,1965,0,8,96657
input_layernorm,1965,0,8,428232
q_proj,1965,0,8,95931
k_proj,1965,0,8,31214
v_proj,1965,0,8,30754
rope,1965,0,8,55851
attn,1965,0,8,76001
o_proj,1965,0,8,89387
post_layernorm,1965,0,8,429093
gate_proj,1965,0,8,269242
up_proj,1965,0,8,268484
act_fn,1965,0,8,50367
down_proj,1965,0,8,306580
final_layernorm,1965,0,8,428434
lm_head,1965,0,8,1994371
embedding,1966,0,8,95876
input_layernorm,1966,0,8,428368
q_proj,1966,0,8,96085
k_proj,1966,0,8,31261
v_proj,1966,0,8,30799
rope,1966,0,8,55901
attn,1966,0,8,76926
o_proj,1966,0,8,89518
post_layernorm,1966,0,8,428871
gate_proj,1966,0,8,269651
up_proj,1966,0,8,268846
act_fn,1966,0,8,50443
down_proj,1966,0,8,307063
final_layernorm,1966,0,8,428376
lm_head,1966,0,8,1997170
embedding,1967,0,8,96317
input_layernorm,1967,0,8,428683
q_proj,1967,0,8,96435
k_proj,1967,0,8,31378
v_proj,1967,0,8,30915
rope,1967,0,8,56116
attn,1967,0,8,76702
o_proj,1967,0,8,89742
post_layernorm,1967,0,8,429337
gate_proj,1967,0,8,270344
up_proj,1967,0,8,269571
act_fn,1967,0,8,50501
down_proj,1967,0,8,307899
final_layernorm,1967,0,8,429168
lm_head,1967,0,8,2001061
embedding,1968,0,8,96130
input_layernorm,1968,0,8,428744
q_proj,1968,0,8,96459
k_proj,1968,0,8,31392
v_proj,1968,0,8,30914
rope,1968,0,8,56260
attn,1968,0,8,76244
o_proj,1968,0,8,89706
post_layernorm,1968,0,8,429252
gate_proj,1968,0,8,270338
up_proj,1968,0,8,269544
act_fn,1968,0,8,50446
down_proj,1968,0,8,307834
final_layernorm,1968,0,8,428670
lm_head,1968,0,8,2000412
embedding,1969,0,8,96415
input_layernorm,1969,0,8,428401
q_proj,1969,0,8,95959
k_proj,1969,0,8,31221
v_proj,1969,0,8,30763
rope,1969,0,8,55997
attn,1969,0,8,76200
o_proj,1969,0,8,89403
post_layernorm,1969,0,8,429308
gate_proj,1969,0,8,269117
up_proj,1969,0,8,268473
act_fn,1969,0,8,50461
down_proj,1969,0,8,306528
final_layernorm,1969,0,8,428879
lm_head,1969,0,8,1992301
embedding,1970,0,8,96448
input_layernorm,1970,0,8,429256
q_proj,1970,0,8,96774
k_proj,1970,0,8,31522
v_proj,1970,0,8,31050
rope,1970,0,8,56185
attn,1970,0,8,77288
o_proj,1970,0,8,90091
post_layernorm,1970,0,8,429556
gate_proj,1970,0,8,271165
up_proj,1970,0,8,270414
act_fn,1970,0,8,50466
down_proj,1970,0,8,308892
final_layernorm,1970,0,8,429162
lm_head,1970,0,8,2007727
embedding,1971,0,8,97236
input_layernorm,1971,0,8,429183
q_proj,1971,0,8,96378
k_proj,1971,0,8,31344
v_proj,1971,0,8,30883
rope,1971,0,8,56174
attn,1971,0,8,76660
o_proj,1971,0,8,89753
post_layernorm,1971,0,8,429663
gate_proj,1971,0,8,270325
up_proj,1971,0,8,269601
act_fn,1971,0,8,50552
down_proj,1971,0,8,307806
final_layernorm,1971,0,8,429307
lm_head,1971,0,8,2000497
embedding,1972,0,8,96534
input_layernorm,1972,0,8,429438
q_proj,1972,0,8,96379
k_proj,1972,0,8,31346
v_proj,1972,0,8,30880
rope,1972,0,8,56305
attn,1972,0,8,76797
o_proj,1972,0,8,89699
post_layernorm,1972,0,8,429761
gate_proj,1972,0,8,270107
up_proj,1972,0,8,269295
act_fn,1972,0,8,50498
down_proj,1972,0,8,307536
final_layernorm,1972,0,8,429624
lm_head,1972,0,8,1998191
embedding,1973,0,8,97159
input_layernorm,1973,0,8,429677
q_proj,1973,0,8,96414
k_proj,1973,0,8,31374
v_proj,1973,0,8,30913
rope,1973,0,8,56198
attn,1973,0,8,76643
o_proj,1973,0,8,89812
post_layernorm,1973,0,8,430167
gate_proj,1973,0,8,270257
up_proj,1973,0,8,269468
act_fn,1973,0,8,50607
down_proj,1973,0,8,307684
final_layernorm,1973,0,8,430058
lm_head,1973,0,8,2000387
embedding,1974,0,8,97421
input_layernorm,1974,0,8,430204
q_proj,1974,0,8,96980
k_proj,1974,0,8,31579
v_proj,1974,0,8,31112
rope,1974,0,8,56362
attn,1974,0,8,76871
o_proj,1974,0,8,90247
post_layernorm,1974,0,8,430554
gate_proj,1974,0,8,271598
up_proj,1974,0,8,270826
act_fn,1974,0,8,50574
down_proj,1974,0,8,309462
final_layernorm,1974,0,8,430211
lm_head,1974,0,8,2010397
embedding,1975,0,8,96952
input_layernorm,1975,0,8,430046
q_proj,1975,0,8,96221
k_proj,1975,0,8,31282
v_proj,1975,0,8,30831
rope,1975,0,8,56175
attn,1975,0,8,76849
o_proj,1975,0,8,89671
post_layernorm,1975,0,8,430683
gate_proj,1975,0,8,269949
up_proj,1975,0,8,269207
act_fn,1975,0,8,50630
down_proj,1975,0,8,307435
final_layernorm,1975,0,8,430135
lm_head,1975,0,8,1999313
embedding,1976,0,8,96918
input_layernorm,1976,0,8,430097
q_proj,1976,0,8,96507
k_proj,1976,0,8,31398
v_proj,1976,0,8,30927
rope,1976,0,8,56388
attn,1976,0,8,76676
o_proj,1976,0,8,89782
post_layernorm,1976,0,8,430349
gate_proj,1976,0,8,270329
up_proj,1976,0,8,269583
act_fn,1976,0,8,50680
down_proj,1976,0,8,307836
final_layernorm,1976,0,8,430244
lm_head,1976,0,8,2001582
embedding,1977,0,8,97174
input_layernorm,1977,0,8,430601
q_proj,1977,0,8,96351
k_proj,1977,0,8,31320
v_proj,1977,0,8,30860
rope,1977,0,8,56271
attn,1977,0,8,77470
o_proj,1977,0,8,89732
post_layernorm,1977,0,8,430883
gate_proj,1977,0,8,270302
up_proj,1977,0,8,269373
act_fn,1977,0,8,50669
down_proj,1977,0,8,307598
final_layernorm,1977,0,8,430681
lm_head,1977,0,8,2002084
embedding,1978,0,8,96859
input_layernorm,1978,0,8,430828
q_proj,1978,0,8,96280
k_proj,1978,0,8,31311
v_proj,1978,0,8,30837
rope,1978,0,8,56240
attn,1978,0,8,76824
o_proj,1978,0,8,89676
post_layernorm,1978,0,8,431187
gate_proj,1978,0,8,270066
up_proj,1978,0,8,269166
act_fn,1978,0,8,50682
down_proj,1978,0,8,307243
final_layernorm,1978,0,8,430672
lm_head,1978,0,8,1997436
embedding,1979,0,8,97257
input_layernorm,1979,0,8,430994
q_proj,1979,0,8,96596
k_proj,1979,0,8,31413
v_proj,1979,0,8,30948
rope,1979,0,8,56374
attn,1979,0,8,76289
o_proj,1979,0,8,89899
post_layernorm,1979,0,8,431528
gate_proj,1979,0,8,270525
up_proj,1979,0,8,269745
act_fn,1979,0,8,50723
down_proj,1979,0,8,308070
final_layernorm,1979,0,8,431203
lm_head,1979,0,8,2003801
embedding,1980,0,8,96755
input_layernorm,1980,0,8,431091
q_proj,1980,0,8,96302
k_proj,1980,0,8,31312
v_proj,1980,0,8,30851
rope,1980,0,8,56386
attn,1980,0,8,76906
o_proj,1980,0,8,89655
post_layernorm,1980,0,8,431647
gate_proj,1980,0,8,270027
up_proj,1980,0,8,269281
act_fn,1980,0,8,50767
down_proj,1980,0,8,307606
final_layernorm,1980,0,8,431159
lm_head,1980,0,8,2002377
embedding,1981,0,8,97572
input_layernorm,1981,0,8,431518
q_proj,1981,0,8,96751
k_proj,1981,0,8,31447
v_proj,1981,0,8,30979
rope,1981,0,8,56477
attn,1981,0,8,76965
o_proj,1981,0,8,90028
post_layernorm,1981,0,8,431763
gate_proj,1981,0,8,271067
up_proj,1981,0,8,270319
act_fn,1981,0,8,50827
down_proj,1981,0,8,308767
final_layernorm,1981,0,8,431645
lm_head,1981,0,8,2009550
embedding,1982,0,8,97174
input_layernorm,1982,0,8,431631
q_proj,1982,0,8,96741
k_proj,1982,0,8,31477
v_proj,1982,0,8,31005
rope,1982,0,8,56493
attn,1982,0,8,77179
o_proj,1982,0,8,90019
post_layernorm,1982,0,8,432227
gate_proj,1982,0,8,270904
up_proj,1982,0,8,270128
act_fn,1982,0,8,50797
down_proj,1982,0,8,308597
final_layernorm,1982,0,8,431954
lm_head,1982,0,8,2005927
embedding,1983,0,8,97173
input_layernorm,1983,0,8,431961
q_proj,1983,0,8,96438
k_proj,1983,0,8,31367
v_proj,1983,0,8,30906
rope,1983,0,8,56366
attn,1983,0,8,76442
o_proj,1983,0,8,89761
post_layernorm,1983,0,8,432249
gate_proj,1983,0,8,270220
up_proj,1983,0,8,269416
act_fn,1983,0,8,50882
down_proj,1983,0,8,307621
final_layernorm,1983,0,8,431838
lm_head,1983,0,8,1999910
embedding,1984,0,8,96739
input_layernorm,1984,0,8,431937
q_proj,1984,0,8,96105
k_proj,1984,0,8,31258
v_proj,1984,0,8,30786
rope,1984,0,8,56443
attn,1984,0,8,75656
o_proj,1984,0,8,89487
post_layernorm,1984,0,8,432198
gate_proj,1984,0,8,269554
up_proj,1984,0,8,268808
act_fn,1984,0,8,50880
down_proj,1984,0,8,306938
final_layernorm,1984,0,8,431699
lm_head,1984,0,8,1992210
embedding,1985,0,8,97501
input_layernorm,1985,0,8,432919
q_proj,1985,0,8,96730
k_proj,1985,0,8,31440
v_proj,1985,0,8,30987
rope,1985,0,8,56505
attn,1985,0,8,80290
o_proj,1985,0,8,90028
post_layernorm,1985,0,8,433185
gate_proj,1985,0,8,271091
up_proj,1985,0,8,270249
act_fn,1985,0,8,50882
down_proj,1985,0,8,308588
final_layernorm,1985,0,8,432875
lm_head,1985,0,8,2004873
embedding,1986,0,8,97164
input_layernorm,1986,0,8,432418
q_proj,1986,0,8,96501
k_proj,1986,0,8,31378
v_proj,1986,0,8,30917
rope,1986,0,8,56514
attn,1986,0,8,80998
o_proj,1986,0,8,89829
post_layernorm,1986,0,8,433006
gate_proj,1986,0,8,270326
up_proj,1986,0,8,269566
act_fn,1986,0,8,50908
down_proj,1986,0,8,307855
final_layernorm,1986,0,8,432640
lm_head,1986,0,8,1999441
embedding,1987,0,8,97107
input_layernorm,1987,0,8,432861
q_proj,1987,0,8,96614
k_proj,1987,0,8,31401
v_proj,1987,0,8,30929
rope,1987,0,8,56547
attn,1987,0,8,80971
o_proj,1987,0,8,89921
post_layernorm,1987,0,8,433309
gate_proj,1987,0,8,270727
up_proj,1987,0,8,269964
act_fn,1987,0,8,50953
down_proj,1987,0,8,308286
final_layernorm,1987,0,8,432944
lm_head,1987,0,8,2003521
embedding,1988,0,8,97626
input_layernorm,1988,0,8,433232
q_proj,1988,0,8,96689
k_proj,1988,0,8,31445
v_proj,1988,0,8,30968
rope,1988,0,8,56712
attn,1988,0,8,81100
o_proj,1988,0,8,90012
post_layernorm,1988,0,8,433863
gate_proj,1988,0,8,270985
up_proj,1988,0,8,270067
act_fn,1988,0,8,50930
down_proj,1988,0,8,308378
final_layernorm,1988,0,8,433156
lm_head,1988,0,8,2005201
embedding,1989,0,8,97105
input_layernorm,1989,0,8,434077
q_proj,1989,0,8,96434
k_proj,1989,0,8,31356
v_proj,1989,0,8,30892
rope,1989,0,8,56555
attn,1989,0,8,80742
o_proj,1989,0,8,89806
post_layernorm,1989,0,8,434239
gate_proj,1989,0,8,270602
up_proj,1989,0,8,269609
act_fn,1989,0,8,50970
down_proj,1989,0,8,307808
final_layernorm,1989,0,8,433867
lm_head,1989,0,8,2000675
embedding,1990,0,8,98000
input_layernorm,1990,0,8,433702
q_proj,1990,0,8,96618
k_proj,1990,0,8,31409
v_proj,1990,0,8,30946
rope,1990,0,8,56618
attn,1990,0,8,80396
o_proj,1990,0,8,89942
post_layernorm,1990,0,8,434406
gate_proj,1990,0,8,270587
up_proj,1990,0,8,269763
act_fn,1990,0,8,51002
down_proj,1990,0,8,308094
final_layernorm,1990,0,8,433691
lm_head,1990,0,8,2003883
embedding,1991,0,8,97145
input_layernorm,1991,0,8,434465
q_proj,1991,0,8,96357
k_proj,1991,0,8,31309
v_proj,1991,0,8,30839
rope,1991,0,8,56625
attn,1991,0,8,80242
o_proj,1991,0,8,89688
post_layernorm,1991,0,8,434654
gate_proj,1991,0,8,269959
up_proj,1991,0,8,269229
act_fn,1991,0,8,51012
down_proj,1991,0,8,307319
final_layernorm,1991,0,8,433963
lm_head,1991,0,8,1998660
embedding,1992,0,8,97825
input_layernorm,1992,0,8,434360
q_proj,1992,0,8,96738
k_proj,1992,0,8,31475
v_proj,1992,0,8,31002
rope,1992,0,8,56858
attn,1992,0,8,81228
o_proj,1992,0,8,90027
post_layernorm,1992,0,8,434549
gate_proj,1992,0,8,270913
up_proj,1992,0,8,270121
act_fn,1992,0,8,51062
down_proj,1992,0,8,308457
final_layernorm,1992,0,8,434528
lm_head,1992,0,8,1997404
embedding,1993,0,8,97890
input_layernorm,1993,0,8,434501
q_proj,1993,0,8,96532
k_proj,1993,0,8,31405
v_proj,1993,0,8,30932
rope,1993,0,8,56760
attn,1993,0,8,80458
o_proj,1993,0,8,89906
post_layernorm,1993,0,8,434831
gate_proj,1993,0,8,270572
up_proj,1993,0,8,269660
act_fn,1993,0,8,51093
down_proj,1993,0,8,308014
final_layernorm,1993,0,8,434284
lm_head,1993,0,8,1997017
embedding,1994,0,8,98037
input_layernorm,1994,0,8,434954
q_proj,1994,0,8,96519
k_proj,1994,0,8,31390
v_proj,1994,0,8,30922
rope,1994,0,8,56734
attn,1994,0,8,80338
o_proj,1994,0,8,89874
post_layernorm,1994,0,8,435846
gate_proj,1994,0,8,270449
up_proj,1994,0,8,269609
act_fn,1994,0,8,51125
down_proj,1994,0,8,307856
final_layernorm,1994,0,8,435083
lm_head,1994,0,8,1997723
embedding,1995,0,8,98295
input_layernorm,1995,0,8,435117
q_proj,1995,0,8,96620
k_proj,1995,0,8,31412
v_proj,1995,0,8,30944
rope,1995,0,8,56905
attn,1995,0,8,80932
o_proj,1995,0,8,89936
post_layernorm,1995,0,8,434822
gate_proj,1995,0,8,270859
up_proj,1995,0,8,270074
act_fn,1995,0,8,51130
down_proj,1995,0,8,308488
final_layernorm,1995,0,8,434548
lm_head,1995,0,8,1999088
embedding,1996,0,8,98368
input_layernorm,1996,0,8,435547
q_proj,1996,0,8,96848
k_proj,1996,0,8,31491
v_proj,1996,0,8,31022
rope,1996,0,8,57042
attn,1996,0,8,81338
o_proj,1996,0,8,90164
post_layernorm,1996,0,8,436395
gate_proj,1996,0,8,271360
up_proj,1996,0,8,270556
act_fn,1996,0,8,51141
down_proj,1996,0,8,309056
final_layernorm,1996,0,8,435644
lm_head,1996,0,8,2002928
embedding,1997,0,8,98016
input_layernorm,1997,0,8,435317
q_proj,1997,0,8,96470
k_proj,1997,0,8,31369
v_proj,1997,0,8,30911
rope,1997,0,8,56863
attn,1997,0,8,80604
o_proj,1997,0,8,89877
post_layernorm,1997,0,8,435205
gate_proj,1997,0,8,270374
up_proj,1997,0,8,269628
act_fn,1997,0,8,51174
down_proj,1997,0,8,307920
final_layernorm,1997,0,8,434926
lm_head,1997,0,8,1996289
embedding,1998,0,8,98345
input_layernorm,1998,0,8,435531
q_proj,1998,0,8,96838
k_proj,1998,0,8,31483
v_proj,1998,0,8,31005
rope,1998,0,8,57004
attn,1998,0,8,80569
o_proj,1998,0,8,90146
post_layernorm,1998,0,8,435977
gate_proj,1998,0,8,271209
up_proj,1998,0,8,270387
act_fn,1998,0,8,51223
down_proj,1998,0,8,308662
final_layernorm,1998,0,8,435633
lm_head,1998,0,8,2004325
embedding,1999,0,8,97638
input_layernorm,1999,0,8,435668
q_proj,1999,0,8,96249
k_proj,1999,0,8,31281
v_proj,1999,0,8,30819
rope,1999,0,8,56929
attn,1999,0,8,80151
o_proj,1999,0,8,89678
post_layernorm,1999,0,8,435790
gate_proj,1999,0,8,269908
up_proj,1999,0,8,269054
act_fn,1999,0,8,51203
down_proj,1999,0,8,307160
final_layernorm,1999,0,8,435568
lm_head,1999,0,8,1992148
embedding,2000,0,8,98177
input_layernorm,2000,0,8,435756
q_proj,2000,0,8,96488
k_proj,2000,0,8,31336
v_proj,2000,0,8,30869
rope,2000,0,8,57120
attn,2000,0,8,80977
o_proj,2000,0,8,89817
post_layernorm,2000,0,8,436044
gate_proj,2000,0,8,270258
up_proj,2000,0,8,269509
act_fn,2000,0,8,51247
down_proj,2000,0,8,307740
final_layernorm,2000,0,8,435521
lm_head,2000,0,8,1994389
embedding,2001,0,8,97988
input_layernorm,2001,0,8,436465
q_proj,2001,0,8,96520
k_proj,2001,0,8,31367
v_proj,2001,0,8,30893
rope,2001,0,8,57036
attn,2001,0,8,81448
o_proj,2001,0,8,89894
post_layernorm,2001,0,8,437218
gate_proj,2001,0,8,270404
up_proj,2001,0,8,269527
act_fn,2001,0,8,51302
down_proj,2001,0,8,307792
final_layernorm,2001,0,8,436293
lm_head,2001,0,8,1996084
embedding,2002,0,8,98092
input_layernorm,2002,0,8,435807
q_proj,2002,0,8,96732
k_proj,2002,0,8,31443
v_proj,2002,0,8,30964
rope,2002,0,8,57128
attn,2002,0,8,81473
o_proj,2002,0,8,90033
post_layernorm,2002,0,8,436059
gate_proj,2002,0,8,270906
up_proj,2002,0,8,270136
act_fn,2002,0,8,51312
down_proj,2002,0,8,308285
final_layernorm,2002,0,8,435731
lm_head,2002,0,8,1999530
embedding,2003,0,8,98242
input_layernorm,2003,0,8,437169
q_proj,2003,0,8,96731
k_proj,2003,0,8,31431
v_proj,2003,0,8,30953
rope,2003,0,8,57176
attn,2003,0,8,80502
o_proj,2003,0,8,90002
post_layernorm,2003,0,8,437491
gate_proj,2003,0,8,270808
up_proj,2003,0,8,270011
act_fn,2003,0,8,51321
down_proj,2003,0,8,308333
final_layernorm,2003,0,8,436824
lm_head,2003,0,8,1998653
embedding,2004,0,8,98147
input_layernorm,2004,0,8,436067
q_proj,2004,0,8,96439
k_proj,2004,0,8,31332
v_proj,2004,0,8,30859
rope,2004,0,8,57226
attn,2004,0,8,80831
o_proj,2004,0,8,89823
post_layernorm,2004,0,8,436998
gate_proj,2004,0,8,270244
up_proj,2004,0,8,269419
act_fn,2004,0,8,51352
down_proj,2004,0,8,307693
final_layernorm,2004,0,8,436540
lm_head,2004,0,8,1992500
embedding,2005,0,8,98400
input_layernorm,2005,0,8,437202
q_proj,2005,0,8,96556
k_proj,2005,0,8,31370
v_proj,2005,0,8,30899
rope,2005,0,8,57236
attn,2005,0,8,80683
o_proj,2005,0,8,89899
post_layernorm,2005,0,8,437404
gate_proj,2005,0,8,270406
up_proj,2005,0,8,269586
act_fn,2005,0,8,51422
down_proj,2005,0,8,307744
final_layernorm,2005,0,8,436799
lm_head,2005,0,8,1994415
embedding,2006,0,8,98237
input_layernorm,2006,0,8,436972
q_proj,2006,0,8,96634
k_proj,2006,0,8,31403
v_proj,2006,0,8,30936
rope,2006,0,8,57174
attn,2006,0,8,80186
o_proj,2006,0,8,89963
post_layernorm,2006,0,8,437652
gate_proj,2006,0,8,270616
up_proj,2006,0,8,269769
act_fn,2006,0,8,51424
down_proj,2006,0,8,307947
final_layernorm,2006,0,8,437240
lm_head,2006,0,8,1998151
embedding,2007,0,8,98241
input_layernorm,2007,0,8,437378
q_proj,2007,0,8,96809
k_proj,2007,0,8,31458
v_proj,2007,0,8,30985
rope,2007,0,8,57363
attn,2007,0,8,80761
o_proj,2007,0,8,90086
post_layernorm,2007,0,8,437839
gate_proj,2007,0,8,271193
up_proj,2007,0,8,270401
act_fn,2007,0,8,51419
down_proj,2007,0,8,308592
final_layernorm,2007,0,8,437233
lm_head,2007,0,8,1999450
embedding,2008,0,8,98383
input_layernorm,2008,0,8,437287
q_proj,2008,0,8,96243
k_proj,2008,0,8,31242
v_proj,2008,0,8,30778
rope,2008,0,8,57303
attn,2008,0,8,80685
o_proj,2008,0,8,89655
post_layernorm,2008,0,8,437688
gate_proj,2008,0,8,269676
up_proj,2008,0,8,268907
act_fn,2008,0,8,51468
down_proj,2008,0,8,307152
final_layernorm,2008,0,8,437683
lm_head,2008,0,8,1992088
embedding,2009,0,8,98196
input_layernorm,2009,0,8,438059
q_proj,2009,0,8,96686
k_proj,2009,0,8,31425
v_proj,2009,0,8,30957
rope,2009,0,8,57342
attn,2009,0,8,81066
o_proj,2009,0,8,89996
post_layernorm,2009,0,8,438084
gate_proj,2009,0,8,270743
up_proj,2009,0,8,269964
act_fn,2009,0,8,51481
down_proj,2009,0,8,308376
final_layernorm,2009,0,8,438205
lm_head,2009,0,8,2000094
embedding,2010,0,8,98517
input_layernorm,2010,0,8,438177
q_proj,2010,0,8,96733
k_proj,2010,0,8,31451
v_proj,2010,0,8,30991
rope,2010,0,8,57337
attn,2010,0,8,81154
o_proj,2010,0,8,90074
post_layernorm,2010,0,8,438728
gate_proj,2010,0,8,270859
up_proj,2010,0,8,270115
act_fn,2010,0,8,51528
down_proj,2010,0,8,308454
final_layernorm,2010,0,8,438936
lm_head,2010,0,8,2001751
embedding,2011,0,8,98535
input_layernorm,2011,0,8,438985
q_proj,2011,0,8,96678
k_proj,2011,0,8,31410
v_proj,2011,0,8,30942
rope,2011,0,8,57410
attn,2011,0,8,80330
o_proj,2011,0,8,90019
post_layernorm,2011,0,8,439117
gate_proj,2011,0,8,270821
up_proj,2011,0,8,269921
act_fn,2011,0,8,51570
down_proj,2011,0,8,308192
final_layernorm,2011,0,8,439299
lm_head,2011,0,8,2001471
embedding,2012,0,8,98841
input_layernorm,2012,0,8,438606
q_proj,2012,0,8,96730
k_proj,2012,0,8,31407
v_proj,2012,0,8,30948
rope,2012,0,8,57523
attn,2012,0,8,80458
o_proj,2012,0,8,90077
post_layernorm,2012,0,8,439067
gate_proj,2012,0,8,271008
up_proj,2012,0,8,270225
act_fn,2012,0,8,51626
down_proj,2012,0,8,308634
final_layernorm,2012,0,8,439291
lm_head,2012,0,8,2000145
embedding,2013,0,8,98852
input_layernorm,2013,0,8,439843
q_proj,2013,0,8,96779
k_proj,2013,0,8,31433
v_proj,2013,0,8,30966
rope,2013,0,8,57528
attn,2013,0,8,81168
o_proj,2013,0,8,90069
post_layernorm,2013,0,8,439932
gate_proj,2013,0,8,270953
up_proj,2013,0,8,270207
act_fn,2013,0,8,51594
down_proj,2013,0,8,308477
final_layernorm,2013,0,8,440383
lm_head,2013,0,8,2001016
embedding,2014,0,8,98710
input_layernorm,2014,0,8,439085
q_proj,2014,0,8,96484
k_proj,2014,0,8,31330
v_proj,2014,0,8,30860
rope,2014,0,8,57380
attn,2014,0,8,80813
o_proj,2014,0,8,89816
post_layernorm,2014,0,8,439715
gate_proj,2014,0,8,270152
up_proj,2014,0,8,269381
act_fn,2014,0,8,51661
down_proj,2014,0,8,307504
final_layernorm,2014,0,8,439819
lm_head,2014,0,8,1994563
embedding,2015,0,8,99141
input_layernorm,2015,0,8,439962
q_proj,2015,0,8,96754
k_proj,2015,0,8,31428
v_proj,2015,0,8,30963
rope,2015,0,8,57595
attn,2015,0,8,80548
o_proj,2015,0,8,90020
post_layernorm,2015,0,8,440262
gate_proj,2015,0,8,270902
up_proj,2015,0,8,270117
act_fn,2015,0,8,51645
down_proj,2015,0,8,308348
final_layernorm,2015,0,8,440126
lm_head,2015,0,8,2001093
embedding,2016,0,8,99408
input_layernorm,2016,0,8,440665
q_proj,2016,0,8,96767
k_proj,2016,0,8,31434
v_proj,2016,0,8,30967
rope,2016,0,8,57719
attn,2016,0,8,80634
o_proj,2016,0,8,90013
post_layernorm,2016,0,8,440847
gate_proj,2016,0,8,270787
up_proj,2016,0,8,270016
act_fn,2016,0,8,51679
down_proj,2016,0,8,308365
final_layernorm,2016,0,8,440448
lm_head,2016,0,8,1997788
embedding,2017,0,8,99029
input_layernorm,2017,0,8,440999
q_proj,2017,0,8,96531
k_proj,2017,0,8,31339
v_proj,2017,0,8,30889
rope,2017,0,8,57797
attn,2017,0,8,81122
o_proj,2017,0,8,89846
post_layernorm,2017,0,8,441112
gate_proj,2017,0,8,270422
up_proj,2017,0,8,269727
act_fn,2017,0,8,51741
down_proj,2017,0,8,307964
final_layernorm,2017,0,8,440780
lm_head,2017,0,8,1994779
embedding,2018,0,8,99502
input_layernorm,2018,0,8,441291
q_proj,2018,0,8,96874
k_proj,2018,0,8,31441
v_proj,2018,0,8,30982
rope,2018,0,8,58206
attn,2018,0,8,80965
o_proj,2018,0,8,90136
post_layernorm,2018,0,8,441772
gate_proj,2018,0,8,271278
up_proj,2018,0,8,270416
act_fn,2018,0,8,51732
down_proj,2018,0,8,308766
final_layernorm,2018,0,8,441245
lm_head,2018,0,8,2003353
embedding,2019,0,8,99140
input_layernorm,2019,0,8,441795
q_proj,2019,0,8,96654
k_proj,2019,0,8,31389
v_proj,2019,0,8,30927
rope,2019,0,8,58226
attn,2019,0,8,80426
o_proj,2019,0,8,89967
post_layernorm,2019,0,8,441991
gate_proj,2019,0,8,270567
up_proj,2019,0,8,269822
act_fn,2019,0,8,51789
down_proj,2019,0,8,308035
final_layernorm,2019,0,8,441313
lm_head,2019,0,8,1999706
embedding,2020,0,8,98985
input_layernorm,2020,0,8,441833
q_proj,2020,0,8,96483
k_proj,2020,0,8,31340
v_proj,2020,0,8,30877
rope,2020,0,8,58313
attn,2020,0,8,80869
o_proj,2020,0,8,89812
post_layernorm,2020,0,8,442439
gate_proj,2020,0,8,270101
up_proj,2020,0,8,269290
act_fn,2020,0,8,51754
down_proj,2020,0,8,307417
final_layernorm,2020,0,8,441551
lm_head,2020,0,8,1994084
embedding,2021,0,8,99303
input_layernorm,2021,0,8,442377
q_proj,2021,0,8,96959
k_proj,2021,0,8,31503
v_proj,2021,0,8,31035
rope,2021,0,8,58430
attn,2021,0,8,81800
o_proj,2021,0,8,90235
post_layernorm,2021,0,8,442773
gate_proj,2021,0,8,271234
up_proj,2021,0,8,270419
act_fn,2021,0,8,51793
down_proj,2021,0,8,308677
final_layernorm,2021,0,8,442036
lm_head,2021,0,8,2002161
embedding,2022,0,8,99102
input_layernorm,2022,0,8,442159
q_proj,2022,0,8,96705
k_proj,2022,0,8,31420
v_proj,2022,0,8,30956
rope,2022,0,8,58320
attn,2022,0,8,80333
o_proj,2022,0,8,90037
post_layernorm,2022,0,8,442924
gate_proj,2022,0,8,270717
up_proj,2022,0,8,269945
act_fn,2022,0,8,51868
down_proj,2022,0,8,308218
final_layernorm,2022,0,8,442346
lm_head,2022,0,8,1996256
embedding,2023,0,8,98829
input_layernorm,2023,0,8,443413
q_proj,2023,0,8,96683
k_proj,2023,0,8,31371
v_proj,2023,0,8,30901
rope,2023,0,8,58486
attn,2023,0,8,80836
o_proj,2023,0,8,89974
post_layernorm,2023,0,8,443329
gate_proj,2023,0,8,270630
up_proj,2023,0,8,269789
act_fn,2023,0,8,51862
down_proj,2023,0,8,307999
final_layernorm,2023,0,8,442732
lm_head,2023,0,8,1997528
embedding,2024,0,8,99226
input_layernorm,2024,0,8,443202
q_proj,2024,0,8,96871
k_proj,2024,0,8,31399
v_proj,2024,0,8,30935
rope,2024,0,8,58610
attn,2024,0,8,81200
o_proj,2024,0,8,90033
post_layernorm,2024,0,8,443346
gate_proj,2024,0,8,270854
up_proj,2024,0,8,270012
act_fn,2024,0,8,51931
down_proj,2024,0,8,308328
final_layernorm,2024,0,8,443023
lm_head,2024,0,8,1999025
embedding,2025,0,8,98678
input_layernorm,2025,0,8,443376
q_proj,2025,0,8,96485
k_proj,2025,0,8,31313
v_proj,2025,0,8,30846
rope,2025,0,8,58443
attn,2025,0,8,80542
o_proj,2025,0,8,89841
post_layernorm,2025,0,8,443480
gate_proj,2025,0,8,270217
up_proj,2025,0,8,269413
act_fn,2025,0,8,51925
down_proj,2025,0,8,307466
final_layernorm,2025,0,8,443137
lm_head,2025,0,8,1994053
embedding,2026,0,8,99317
input_layernorm,2026,0,8,443053
q_proj,2026,0,8,96872
k_proj,2026,0,8,31445
v_proj,2026,0,8,30980
rope,2026,0,8,58464
attn,2026,0,8,80377
o_proj,2026,0,8,90119
post_layernorm,2026,0,8,443766
gate_proj,2026,0,8,271185
up_proj,2026,0,8,270333
act_fn,2026,0,8,51960
down_proj,2026,0,8,308464
final_layernorm,2026,0,8,443082
lm_head,2026,0,8,2002297
embedding,2027,0,8,98905
input_layernorm,2027,0,8,443571
q_proj,2027,0,8,96598
k_proj,2027,0,8,31358
v_proj,2027,0,8,30891
rope,2027,0,8,58551
attn,2027,0,8,80510
o_proj,2027,0,8,89969
post_layernorm,2027,0,8,444153
gate_proj,2027,0,8,270453
up_proj,2027,0,8,269626
act_fn,2027,0,8,51914
down_proj,2027,0,8,307797
final_layernorm,2027,0,8,443631
lm_head,2027,0,8,1994624
embedding,2028,0,8,99635
input_layernorm,2028,0,8,443720
q_proj,2028,0,8,96928
k_proj,2028,0,8,31454
v_proj,2028,0,8,30996
rope,2028,0,8,58702
attn,2028,0,8,81123
o_proj,2028,0,8,90207
post_layernorm,2028,0,8,444239
gate_proj,2028,0,8,271251
up_proj,2028,0,8,270500
act_fn,2028,0,8,52001
down_proj,2028,0,8,308794
final_layernorm,2028,0,8,443739
lm_head,2028,0,8,2006770
embedding,2029,0,8,99090
input_layernorm,2029,0,8,444126
q_proj,2029,0,8,96587
k_proj,2029,0,8,31344
v_proj,2029,0,8,30881
rope,2029,0,8,58648
attn,2029,0,8,81324
o_proj,2029,0,8,89943
post_layernorm,2029,0,8,444456
gate_proj,2029,0,8,270429
up_proj,2029,0,8,269623
act_fn,2029,0,8,52021
down_proj,2029,0,8,307723
final_layernorm,2029,0,8,443996
lm_head,2029,0,8,1997695
embedding,2030,0,8,99382
input_layernorm,2030,0,8,443814
q_proj,2030,0,8,96878
k_proj,2030,0,8,31425
v_proj,2030,0,8,30966
rope,2030,0,8,58627
attn,2030,0,8,81650
o_proj,2030,0,8,90160
post_layernorm,2030,0,8,444078
gate_proj,2030,0,8,271192
up_proj,2030,0,8,270390
act_fn,2030,0,8,52068
down_proj,2030,0,8,308694
final_layernorm,2030,0,8,443885
lm_head,2030,0,8,2005791
embedding,2031,0,8,99585
input_layernorm,2031,0,8,444299
q_proj,2031,0,8,97024
k_proj,2031,0,8,31519
v_proj,2031,0,8,31062
rope,2031,0,8,58762
attn,2031,0,8,81784
o_proj,2031,0,8,90309
post_layernorm,2031,0,8,444906
gate_proj,2031,0,8,271524
up_proj,2031,0,8,270701
act_fn,2031,0,8,52058
down_proj,2031,0,8,309040
final_layernorm,2031,0,8,444105
lm_head,2031,0,8,2005378
embedding,2032,0,8,100069
input_layernorm,2032,0,8,444649
q_proj,2032,0,8,97186
k_proj,2032,0,8,31560
v_proj,2032,0,8,31104
rope,2032,0,8,58871
attn,2032,0,8,81486
o_proj,2032,0,8,90435
post_layernorm,2032,0,8,445046
gate_proj,2032,0,8,271855
up_proj,2032,0,8,271012
act_fn,2032,0,8,52110
down_proj,2032,0,8,309391
final_layernorm,2032,0,8,444250
lm_head,2032,0,8,2011883
embedding,2033,0,8,99620
input_layernorm,2033,0,8,444715
q_proj,2033,0,8,96739
k_proj,2033,0,8,31395
v_proj,2033,0,8,30932
rope,2033,0,8,58725
attn,2033,0,8,80604
o_proj,2033,0,8,90019
post_layernorm,2033,0,8,445246
gate_proj,2033,0,8,270613
up_proj,2033,0,8,269836
act_fn,2033,0,8,52101
down_proj,2033,0,8,307980
final_layernorm,2033,0,8,444208
lm_head,2033,0,8,2000060
embedding,2034,0,8,100071
input_layernorm,2034,0,8,445006
q_proj,2034,0,8,96985
k_proj,2034,0,8,31486
v_proj,2034,0,8,31020
rope,2034,0,8,58690
attn,2034,0,8,81303
o_proj,2034,0,8,90263
post_layernorm,2034,0,8,445174
gate_proj,2034,0,8,271322
up_proj,2034,0,8,270534
act_fn,2034,0,8,52136
down_proj,2034,0,8,308858
final_layernorm,2034,0,8,444394
lm_head,2034,0,8,2006379
embedding,2035,0,8,99657
input_layernorm,2035,0,8,445086
q_proj,2035,0,8,96965
k_proj,2035,0,8,31407
v_proj,2035,0,8,30933
rope,2035,0,8,58710
attn,2035,0,8,81657
o_proj,2035,0,8,90078
post_layernorm,2035,0,8,445494
gate_proj,2035,0,8,270828
up_proj,2035,0,8,269961
act_fn,2035,0,8,52130
down_proj,2035,0,8,308087
final_layernorm,2035,0,8,445029
lm_head,2035,0,8,1999541
embedding,2036,0,8,100306
input_layernorm,2036,0,8,444780
q_proj,2036,0,8,96859
k_proj,2036,0,8,31457
v_proj,2036,0,8,30999
rope,2036,0,8,58764
attn,2036,0,8,81536
o_proj,2036,0,8,90215
post_layernorm,2036,0,8,445652
gate_proj,2036,0,8,271186
up_proj,2036,0,8,270377
act_fn,2036,0,8,52159
down_proj,2036,0,8,308704
final_layernorm,2036,0,8,444996
lm_head,2036,0,8,2003631
embedding,2037,0,8,100158
input_layernorm,2037,0,8,445636
q_proj,2037,0,8,97038
k_proj,2037,0,8,31504
v_proj,2037,0,8,31048
rope,2037,0,8,58802
attn,2037,0,8,80995
o_proj,2037,0,8,90327
post_layernorm,2037,0,8,445898
gate_proj,2037,0,8,271638
up_proj,2037,0,8,270799
act_fn,2037,0,8,52242
down_proj,2037,0,8,309121
final_layernorm,2037,0,8,445370
lm_head,2037,0,8,2006515
embedding,2038,0,8,100202
input_layernorm,2038,0,8,445532
q_proj,2038,0,8,96828
k_proj,2038,0,8,31420
v_proj,2038,0,8,30961
rope,2038,0,8,58672
attn,2038,0,8,81451
o_proj,2038,0,8,90143
post_layernorm,2038,0,8,446253
gate_proj,2038,0,8,271028
up_proj,2038,0,8,270252
act_fn,2038,0,8,52222
down_proj,2038,0,8,308478
final_layernorm,2038,0,8,445713
lm_head,2038,0,8,2002824
embedding,2039,0,8,99984
input_layernorm,2039,0,8,445934
q_proj,2039,0,8,96779
k_proj,2039,0,8,31406
v_proj,2039,0,8,30942
rope,2039,0,8,58783
attn,2039,0,8,82048
o_proj,2039,0,8,90117
post_layernorm,2039,0,8,446346
gate_proj,2039,0,8,270825
up_proj,2039,0,8,270024
act_fn,2039,0,8,52280
down_proj,2039,0,8,308298
final_layernorm,2039,0,8,445835
lm_head,2039,0,8,2002077
embedding,2040,0,8,100240
input_layernorm,2040,0,8,445557
q_proj,2040,0,8,96968
k_proj,2040,0,8,31470
v_proj,2040,0,8,31004
rope,2040,0,8,58911
attn,2040,0,8,80640
o_proj,2040,0,8,90264
post_layernorm,2040,0,8,446564
gate_proj,2040,0,8,271229
up_proj,2040,0,8,270420
act_fn,2040,0,8,52316
down_proj,2040,0,8,308712
final_layernorm,2040,0,8,445621
lm_head,2040,0,8,2006737
embedding,2041,0,8,100392
input_layernorm,2041,0,8,446504
q_proj,2041,0,8,97223
k_proj,2041,0,8,31595
v_proj,2041,0,8,31128
rope,2041,0,8,58945
attn,2041,0,8,81280
o_proj,2041,0,8,90592
post_layernorm,2041,0,8,446523
gate_proj,2041,0,8,272110
up_proj,2041,0,8,271304
act_fn,2041,0,8,52315
down_proj,2041,0,8,309642
final_layernorm,2041,0,8,445988
lm_head,2041,0,8,2010137
embedding,2042,0,8,100174
input_layernorm,2042,0,8,446159
q_proj,2042,0,8,96866
k_proj,2042,0,8,31414
v_proj,2042,0,8,30946
rope,2042,0,8,58723
attn,2042,0,8,81157
o_proj,2042,0,8,90151
post_layernorm,2042,0,8,447028
gate_proj,2042,0,8,271068
up_proj,2042,0,8,270230
act_fn,2042,0,8,52366
down_proj,2042,0,8,308509
final_layernorm,2042,0,8,445931
lm_head,2042,0,8,2003049
embedding,2043,0,8,100036
input_layernorm,2043,0,8,446408
q_proj,2043,0,8,96905
k_proj,2043,0,8,31435
v_proj,2043,0,8,30960
rope,2043,0,8,58813
attn,2043,0,8,81808
o_proj,2043,0,8,90111
post_layernorm,2043,0,8,446867
gate_proj,2043,0,8,270842
up_proj,2043,0,8,270042
act_fn,2043,0,8,52341
down_proj,2043,0,8,308500
final_layernorm,2043,0,8,446266
lm_head,2043,0,8,2005520
embedding,2044,0,8,100540
input_layernorm,2044,0,8,446611
q_proj,2044,0,8,96836
k_proj,2044,0,8,31440
v_proj,2044,0,8,30973
rope,2044,0,8,58951
attn,2044,0,8,80386
o_proj,2044,0,8,90186
post_layernorm,2044,0,8,447160
gate_proj,2044,0,8,271311
up_proj,2044,0,8,270508
act_fn,2044,0,8,52403
down_proj,2044,0,8,308572
final_layernorm,2044,0,8,446549
lm_head,2044,0,8,2004455
embedding,2045,0,8,100000
input_layernorm,2045,0,8,447192
q_proj,2045,0,8,96574
k_proj,2045,0,8,31336
v_proj,2045,0,8,30870
rope,2045,0,8,58806
attn,2045,0,8,79944
o_proj,2045,0,8,89948
post_layernorm,2045,0,8,447496
gate_proj,2045,0,8,270520
up_proj,2045,0,8,269741
act_fn,2045,0,8,52442
down_proj,2045,0,8,307952
final_layernorm,2045,0,8,446719
lm_head,2045,0,8,1998969
embedding,2046,0,8,100494
input_layernorm,2046,0,8,446849
q_proj,2046,0,8,96825
k_proj,2046,0,8,31450
v_proj,2046,0,8,30983
rope,2046,0,8,58870
attn,2046,0,8,81229
o_proj,2046,0,8,90225
post_layernorm,2046,0,8,447778
gate_proj,2046,0,8,271034
up_proj,2046,0,8,270230
act_fn,2046,0,8,52448
down_proj,2046,0,8,308447
final_layernorm,2046,0,8,446774
lm_head,2046,0,8,2004946
embedding,2047,0,8,100058
input_layernorm,2047,0,8,447450
q_proj,2047,0,8,96679
k_proj,2047,0,8,31381
v_proj,2047,0,8,30924
rope,2047,0,8,58876
attn,2047,0,8,81191
o_proj,2047,0,8,90095
post_layernorm,2047,0,8,447764
gate_proj,2047,0,8,270833
up_proj,2047,0,8,270082
act_fn,2047,0,8,52483
down_proj,2047,0,8,308352
final_layernorm,2047,0,8,447047
lm_head,2047,0,8,2001561
embedding,2048,0,8,100484
input_layernorm,2048,0,8,446629
q_proj,2048,0,8,96992
k_proj,2048,0,8,31476
v_proj,2048,0,8,31011
rope,2048,0,8,59029
attn,2048,0,8,79997
o_proj,2048,0,8,90316
post_layernorm,2048,0,8,447153
gate_proj,2048,0,8,271431
up_proj,2048,0,8,270580
act_fn,2048,0,8,52478
down_proj,2048,0,8,308960
final_layernorm,2048,0,8,446561
lm_head,2048,0,8,2008404
